"contract_id","engine_id","row_type","pair_id","view_id","homology_dimension","first_diagram_id","second_diagram_id","first_finite_intervals","second_finite_intervals","squared_distance","distance","active_levels","event_segments","critical_points","exact","all_active_levels","level_cap_applied","status","engine_version","outcome_label_state","biological_outcomes_computed","execution_identity_sha256"
"mv06e_rust_exact_result_v1","rust_scph_landscape_kernel_v1","primary","mv06e_pair_v1:0905252a9f0dcc217b546b7a910c0a09c863dec355a720bb6c54fe908f60aa59","cell_topology_v1","H0","mv06e_diagram_v1:7bcb13b339fc4f309194c9f5904fcafe4c50d2ba553a6dfff0b4b4143078666f","mv06e_diagram_v1:9622964daf402aa589ac37f7f7f904d474b9cd81a5337a734b6de07f7bcdcd22",383,383,695.908009526458,26.3800684139836,383,1532,,TRUE,TRUE,FALSE,0,1,"closed",FALSE,"a0232a6dd2b95e996c0e34eeb5187c04b2d02c6066f89aa0a0ad9c591ed02060"
"mv06e_rust_exact_result_v1","rust_scph_landscape_kernel_v1","primary","mv06e_pair_v1:0cbcabee5d1271c8f89975b0520497c7924821bb881e9164b9278cf88d38d36c","cell_topology_v1","H0","mv06e_diagram_v1:9622964daf402aa589ac37f7f7f904d474b9cd81a5337a734b6de07f7bcdcd22","mv06e_diagram_v1:e69267c6d2508bd1d78278cb7e22433ae939e6e16e2f5424125987cefa4180d3",383,383,709.079495051653,26.628546619214,383,1532,,TRUE,TRUE,FALSE,0,1,"closed",FALSE,"a0232a6dd2b95e996c0e34eeb5187c04b2d02c6066f89aa0a0ad9c591ed02060"
"mv06e_rust_exact_result_v1","rust_scph_landscape_kernel_v1","primary","mv06e_pair_v1:19fe9a985608ef62c2ae5bab6941b6580240f4bcdab999d19bf121aa2d27913e","cell_topology_v1","H0","mv06e_diagram_v1:e827a724e1bd3447756fe6ac4e80aa37ab59537f64ddb480133ddc48978213f0","mv06e_diagram_v1:ffa4ec0f53edc50bbf7fd03bd782575b90dcc09c32f4a8ea6019161062e73de0",383,383,763.489345863704,27.6313109689661,383,1532,,TRUE,TRUE,FALSE,0,1,"closed",FALSE,"a0232a6dd2b95e996c0e34eeb5187c04b2d02c6066f89aa0a0ad9c591ed02060"
"mv06e_rust_exact_result_v1","rust_scph_landscape_kernel_v1","primary","mv06e_pair_v1:1c510f05c794eb035b3426228d98ae1142d80a9dc265d8802fa5d6697b1add9d","cell_topology_v1","H0","mv06e_diagram_v1:5f2f73c392463f65e025587dfea68bbc83d3a7ce7626943157da713a28f06f26","mv06e_diagram_v1:7bcb13b339fc4f309194c9f5904fcafe4c50d2ba553a6dfff0b4b4143078666f",383,383,226.027614595207,15.0342147980933,383,1532,,TRUE,TRUE,FALSE,0,1,"closed",FALSE,"a0232a6dd2b95e996c0e34eeb5187c04b2d02c6066f89aa0a0ad9c591ed02060"
"mv06e_rust_exact_result_v1","rust_scph_landscape_kernel_v1","primary","mv06e_pair_v1:1cbdcfc2de0b59d02bd5753d4687cb4dbf191a6ffbff9e675d9c49f0c06a0ef4","cell_topology_v1","H0","mv06e_diagram_v1:26c3d94b43154cf3df4ab8415f43868a40ec8799f2d0ac9cdfe922773873ed72","mv06e_diagram_v1:ffa4ec0f53edc50bbf7fd03bd782575b90dcc09c32f4a8ea6019161062e73de0",383,383,3988.72154755311,63.1563262670741,383,1532,,TRUE,TRUE,FALSE,0,1,"closed",FALSE,"a0232a6dd2b95e996c0e34eeb5187c04b2d02c6066f89aa0a0ad9c591ed02060"
"mv06e_rust_exact_result_v1","rust_scph_landscape_kernel_v1","primary","mv06e_pair_v1:1d23d0f05729c2ae3d227706021480825def8ca47afba36d86170d2cb443fadd","cell_topology_v1","H0","mv06e_diagram_v1:63568c6593147e5d9c53ff968f56fe0a0d5fd5ea87e0a6c7b10f1975291d6f58","mv06e_diagram_v1:7bcb13b339fc4f309194c9f5904fcafe4c50d2ba553a6dfff0b4b4143078666f",383,383,431.25707081624,20.7667299018464,383,1532,,TRUE,TRUE,FALSE,0,1,"closed",FALSE,"a0232a6dd2b95e996c0e34eeb5187c04b2d02c6066f89aa0a0ad9c591ed02060"
"mv06e_rust_exact_result_v1","rust_scph_landscape_kernel_v1","primary","mv06e_pair_v1:3a4ce84b1150091cf600fd9800c9b93e4f011de61bf76407c0eca67087e302fe","cell_topology_v1","H0","mv06e_diagram_v1:63568c6593147e5d9c53ff968f56fe0a0d5fd5ea87e0a6c7b10f1975291d6f58","mv06e_diagram_v1:d64340b00ac5fac495d2504e7bf9d67a88adce7c8eb019a754f583e2d03e083e",383,383,967.786104688239,31.109260754448,383,1532,,TRUE,TRUE,FALSE,0,1,"closed",FALSE,"a0232a6dd2b95e996c0e34eeb5187c04b2d02c6066f89aa0a0ad9c591ed02060"
"mv06e_rust_exact_result_v1","rust_scph_landscape_kernel_v1","primary","mv06e_pair_v1:42cc6016f29804a8923fc8c8798937d322dfe86454d051b754f1b1d3b8d63d1d","cell_topology_v1","H0","mv06e_diagram_v1:d64340b00ac5fac495d2504e7bf9d67a88adce7c8eb019a754f583e2d03e083e","mv06e_diagram_v1:ffa4ec0f53edc50bbf7fd03bd782575b90dcc09c32f4a8ea6019161062e73de0",383,383,777.280105033046,27.8797436328429,383,1532,,TRUE,TRUE,FALSE,0,1,"closed",FALSE,"a0232a6dd2b95e996c0e34eeb5187c04b2d02c6066f89aa0a0ad9c591ed02060"
"mv06e_rust_exact_result_v1","rust_scph_landscape_kernel_v1","primary","mv06e_pair_v1:4a5f42bbbc5e9c6daf3974d8ce73cd0552b5cf4711a998000931409a5b6b30e6","cell_topology_v1","H0","mv06e_diagram_v1:26c3d94b43154cf3df4ab8415f43868a40ec8799f2d0ac9cdfe922773873ed72","mv06e_diagram_v1:e827a724e1bd3447756fe6ac4e80aa37ab59537f64ddb480133ddc48978213f0",383,383,2588.95875383539,50.8818116210045,383,1532,,TRUE,TRUE,FALSE,0,1,"closed",FALSE,"a0232a6dd2b95e996c0e34eeb5187c04b2d02c6066f89aa0a0ad9c591ed02060"
"mv06e_rust_exact_result_v1","rust_scph_landscape_kernel_v1","primary","mv06e_pair_v1:5383ba996415613798cb00c562ca1fdccf95f63ddcde1e130c7c672907c1b954","cell_topology_v1","H0","mv06e_diagram_v1:5f2f73c392463f65e025587dfea68bbc83d3a7ce7626943157da713a28f06f26","mv06e_diagram_v1:e827a724e1bd3447756fe6ac4e80aa37ab59537f64ddb480133ddc48978213f0",383,383,130.340448696404,11.4166741521515,383,1532,,TRUE,TRUE,FALSE,0,1,"closed",FALSE,"a0232a6dd2b95e996c0e34eeb5187c04b2d02c6066f89aa0a0ad9c591ed02060"
"mv06e_rust_exact_result_v1","rust_scph_landscape_kernel_v1","primary","mv06e_pair_v1:555943338a0c46d132825d3d48829500bd2daeb4449888aaecb202f43db12c2d","cell_topology_v1","H0","mv06e_diagram_v1:5f2f73c392463f65e025587dfea68bbc83d3a7ce7626943157da713a28f06f26","mv06e_diagram_v1:9622964daf402aa589ac37f7f7f904d474b9cd81a5337a734b6de07f7bcdcd22",383,383,1357.64546512216,36.8462408546945,383,1532,,TRUE,TRUE,FALSE,0,1,"closed",FALSE,"a0232a6dd2b95e996c0e34eeb5187c04b2d02c6066f89aa0a0ad9c591ed02060"
"mv06e_rust_exact_result_v1","rust_scph_landscape_kernel_v1","primary","mv06e_pair_v1:5a7c2a1705e411966c20c8bb218a497bfe3fad33dadd504c5e61823d59766822","cell_topology_v1","H0","mv06e_diagram_v1:09b294422e6802a723e1798817f0c2e4f05a584f9df20d588b2ad5e536ca5212","mv06e_diagram_v1:26c3d94b43154cf3df4ab8415f43868a40ec8799f2d0ac9cdfe922773873ed72",383,383,3291.04997487232,57.3676736051961,383,1532,,TRUE,TRUE,FALSE,0,1,"closed",FALSE,"a0232a6dd2b95e996c0e34eeb5187c04b2d02c6066f89aa0a0ad9c591ed02060"
"mv06e_rust_exact_result_v1","rust_scph_landscape_kernel_v1","primary","mv06e_pair_v1:5abee59589a42e944927f7734e99ae12ea16ad385eaf2547774d4cf3f3cb71bb","cell_topology_v1","H0","mv06e_diagram_v1:63568c6593147e5d9c53ff968f56fe0a0d5fd5ea87e0a6c7b10f1975291d6f58","mv06e_diagram_v1:e69267c6d2508bd1d78278cb7e22433ae939e6e16e2f5424125987cefa4180d3",383,383,356.252788628292,18.8746599606004,383,1532,,TRUE,TRUE,FALSE,0,1,"closed",FALSE,"a0232a6dd2b95e996c0e34eeb5187c04b2d02c6066f89aa0a0ad9c591ed02060"
"mv06e_rust_exact_result_v1","rust_scph_landscape_kernel_v1","primary","mv06e_pair_v1:5c7c874840b7badaf403a69f9952598a4c8a59acefb0399217a54b75b251f7e1","cell_topology_v1","H0","mv06e_diagram_v1:09b294422e6802a723e1798817f0c2e4f05a584f9df20d588b2ad5e536ca5212","mv06e_diagram_v1:63568c6593147e5d9c53ff968f56fe0a0d5fd5ea87e0a6c7b10f1975291d6f58",383,383,939.751264995715,30.655362744481,383,1532,,TRUE,TRUE,FALSE,0,1,"closed",FALSE,"a0232a6dd2b95e996c0e34eeb5187c04b2d02c6066f89aa0a0ad9c591ed02060"
"mv06e_rust_exact_result_v1","rust_scph_landscape_kernel_v1","primary","mv06e_pair_v1:5d6c87171f2f415400df7708bc49cf03a7e32f6e538f14db4ce496360cc5ccb7","cell_topology_v1","H0","mv06e_diagram_v1:e69267c6d2508bd1d78278cb7e22433ae939e6e16e2f5424125987cefa4180d3","mv06e_diagram_v1:ffa4ec0f53edc50bbf7fd03bd782575b90dcc09c32f4a8ea6019161062e73de0",383,383,1331.14444806194,36.4848523097181,383,1532,,TRUE,TRUE,FALSE,0,1,"closed",FALSE,"a0232a6dd2b95e996c0e34eeb5187c04b2d02c6066f89aa0a0ad9c591ed02060"
"mv06e_rust_exact_result_v1","rust_scph_landscape_kernel_v1","primary","mv06e_pair_v1:5e56d3b070a6bce97fb4ee8b40def35fb7d760e738b0dc8256063857899892b3","cell_topology_v1","H0","mv06e_diagram_v1:d64340b00ac5fac495d2504e7bf9d67a88adce7c8eb019a754f583e2d03e083e","mv06e_diagram_v1:e69267c6d2508bd1d78278cb7e22433ae939e6e16e2f5424125987cefa4180d3",383,383,540.544667022192,23.2496164919379,383,1532,,TRUE,TRUE,FALSE,0,1,"closed",FALSE,"a0232a6dd2b95e996c0e34eeb5187c04b2d02c6066f89aa0a0ad9c591ed02060"
"mv06e_rust_exact_result_v1","rust_scph_landscape_kernel_v1","primary","mv06e_pair_v1:621dc57011a0277d12b5d189624d1a2d92b4e6a991bc2f6336522d194e515b2a","cell_topology_v1","H0","mv06e_diagram_v1:26c3d94b43154cf3df4ab8415f43868a40ec8799f2d0ac9cdfe922773873ed72","mv06e_diagram_v1:7bcb13b339fc4f309194c9f5904fcafe4c50d2ba553a6dfff0b4b4143078666f",383,383,2138.1775476977,46.2404319583814,383,1532,,TRUE,TRUE,FALSE,0,1,"closed",FALSE,"a0232a6dd2b95e996c0e34eeb5187c04b2d02c6066f89aa0a0ad9c591ed02060"
"mv06e_rust_exact_result_v1","rust_scph_landscape_kernel_v1","primary","mv06e_pair_v1:6b2258fccdd658f41ef6e5f07f3df742b2a671386ac1b5e438b43444e18791d1","cell_topology_v1","H0","mv06e_diagram_v1:09b294422e6802a723e1798817f0c2e4f05a584f9df20d588b2ad5e536ca5212","mv06e_diagram_v1:7bcb13b339fc4f309194c9f5904fcafe4c50d2ba553a6dfff0b4b4143078666f",383,383,554.137305924429,23.5401211960438,383,1532,,TRUE,TRUE,FALSE,0,1,"closed",FALSE,"a0232a6dd2b95e996c0e34eeb5187c04b2d02c6066f89aa0a0ad9c591ed02060"
"mv06e_rust_exact_result_v1","rust_scph_landscape_kernel_v1","primary","mv06e_pair_v1:6bc900316e32e6b8f3bbc1b6f1f631410e02294856f006acf4223e37590a20dd","cell_topology_v1","H0","mv06e_diagram_v1:e69267c6d2508bd1d78278cb7e22433ae939e6e16e2f5424125987cefa4180d3","mv06e_diagram_v1:e827a724e1bd3447756fe6ac4e80aa37ab59537f64ddb480133ddc48978213f0",383,383,659.379606035271,25.6783879173766,383,1532,,TRUE,TRUE,FALSE,0,1,"closed",FALSE,"a0232a6dd2b95e996c0e34eeb5187c04b2d02c6066f89aa0a0ad9c591ed02060"
"mv06e_rust_exact_result_v1","rust_scph_landscape_kernel_v1","primary","mv06e_pair_v1:6e14654b265f4b4b6ec6825ba7d5646fb64e017035a173f138c764893e4bf3d4","cell_topology_v1","H0","mv06e_diagram_v1:9622964daf402aa589ac37f7f7f904d474b9cd81a5337a734b6de07f7bcdcd22","mv06e_diagram_v1:e827a724e1bd3447756fe6ac4e80aa37ab59537f64ddb480133ddc48978213f0",383,383,1139.27302311562,33.7531187168775,383,1532,,TRUE,TRUE,FALSE,0,1,"closed",FALSE,"a0232a6dd2b95e996c0e34eeb5187c04b2d02c6066f89aa0a0ad9c591ed02060"
"mv06e_rust_exact_result_v1","rust_scph_landscape_kernel_v1","primary","mv06e_pair_v1:77d34a3b70681304d1cdc36e294a0c2ff284b31e32c6612e10ea1a96db2d688c","cell_topology_v1","H0","mv06e_diagram_v1:7bcb13b339fc4f309194c9f5904fcafe4c50d2ba553a6dfff0b4b4143078666f","mv06e_diagram_v1:e827a724e1bd3447756fe6ac4e80aa37ab59537f64ddb480133ddc48978213f0",383,383,272.421452680945,16.505194718056,383,1532,,TRUE,TRUE,FALSE,0,1,"closed",FALSE,"a0232a6dd2b95e996c0e34eeb5187c04b2d02c6066f89aa0a0ad9c591ed02060"
"mv06e_rust_exact_result_v1","rust_scph_landscape_kernel_v1","primary","mv06e_pair_v1:79f30e86d5ea5e3398393d5a145aa7f718dd9a4adf6383cb2a906f5bc00b9d7b","cell_topology_v1","H0","mv06e_diagram_v1:9622964daf402aa589ac37f7f7f904d474b9cd81a5337a734b6de07f7bcdcd22","mv06e_diagram_v1:d64340b00ac5fac495d2504e7bf9d67a88adce7c8eb019a754f583e2d03e083e",383,383,1257.00521289772,35.4542693183447,383,1532,,TRUE,TRUE,FALSE,0,1,"closed",FALSE,"a0232a6dd2b95e996c0e34eeb5187c04b2d02c6066f89aa0a0ad9c591ed02060"
"mv06e_rust_exact_result_v1","rust_scph_landscape_kernel_v1","primary","mv06e_pair_v1:7ad4f9b3b4699d67b9bb1706a72e0f2b094dcf63b61b36a6aa9d7bc95df2cccf","cell_topology_v1","H0","mv06e_diagram_v1:63568c6593147e5d9c53ff968f56fe0a0d5fd5ea87e0a6c7b10f1975291d6f58","mv06e_diagram_v1:ffa4ec0f53edc50bbf7fd03bd782575b90dcc09c32f4a8ea6019161062e73de0",383,383,1882.23044022711,43.3846797870759,383,1532,,TRUE,TRUE,FALSE,0,1,"closed",FALSE,"a0232a6dd2b95e996c0e34eeb5187c04b2d02c6066f89aa0a0ad9c591ed02060"
"mv06e_rust_exact_result_v1","rust_scph_landscape_kernel_v1","primary","mv06e_pair_v1:8329ce70316b230f9665f0f1eb8708d48b9d88b4ce6e803ae6e2d71b45aa5df4","cell_topology_v1","H0","mv06e_diagram_v1:09b294422e6802a723e1798817f0c2e4f05a584f9df20d588b2ad5e536ca5212","mv06e_diagram_v1:ffa4ec0f53edc50bbf7fd03bd782575b90dcc09c32f4a8ea6019161062e73de0",383,383,699.607394686999,26.4500925270026,383,1532,,TRUE,TRUE,FALSE,0,1,"closed",FALSE,"a0232a6dd2b95e996c0e34eeb5187c04b2d02c6066f89aa0a0ad9c591ed02060"
"mv06e_rust_exact_result_v1","rust_scph_landscape_kernel_v1","primary","mv06e_pair_v1:83478d4616e87d71e093095db982f4d9115bf5a615b6ea1aa3aaad9c7e10bb2c","cell_topology_v1","H0","mv06e_diagram_v1:09b294422e6802a723e1798817f0c2e4f05a584f9df20d588b2ad5e536ca5212","mv06e_diagram_v1:9622964daf402aa589ac37f7f7f904d474b9cd81a5337a734b6de07f7bcdcd22",383,383,1442.29757593901,37.9775930772214,383,1532,,TRUE,TRUE,FALSE,0,1,"closed",FALSE,"a0232a6dd2b95e996c0e34eeb5187c04b2d02c6066f89aa0a0ad9c591ed02060"
"mv06e_rust_exact_result_v1","rust_scph_landscape_kernel_v1","primary","mv06e_pair_v1:877be7f9f6857ffaa6f48a1ef85eb2e91731846ec3994753a80fd893b7df977c","cell_topology_v1","H0","mv06e_diagram_v1:63568c6593147e5d9c53ff968f56fe0a0d5fd5ea87e0a6c7b10f1975291d6f58","mv06e_diagram_v1:e827a724e1bd3447756fe6ac4e80aa37ab59537f64ddb480133ddc48978213f0",383,383,878.349697918255,29.6369650591665,383,1532,,TRUE,TRUE,FALSE,0,1,"closed",FALSE,"a0232a6dd2b95e996c0e34eeb5187c04b2d02c6066f89aa0a0ad9c591ed02060"
"mv06e_rust_exact_result_v1","rust_scph_landscape_kernel_v1","primary","mv06e_pair_v1:87f70bb64b2b969fee687754df5240b13e3b7b1e09d3faeaa513a3c3e45247d9","cell_topology_v1","H0","mv06e_diagram_v1:26c3d94b43154cf3df4ab8415f43868a40ec8799f2d0ac9cdfe922773873ed72","mv06e_diagram_v1:d64340b00ac5fac495d2504e7bf9d67a88adce7c8eb019a754f583e2d03e083e",383,383,2791.34907490025,52.8332194258522,383,1532,,TRUE,TRUE,FALSE,0,1,"closed",FALSE,"a0232a6dd2b95e996c0e34eeb5187c04b2d02c6066f89aa0a0ad9c591ed02060"
"mv06e_rust_exact_result_v1","rust_scph_landscape_kernel_v1","primary","mv06e_pair_v1:931d3fa39deae150c1f56072eb29668803689b38cf0c00eed833451178c8b2e8","cell_topology_v1","H0","mv06e_diagram_v1:5f2f73c392463f65e025587dfea68bbc83d3a7ce7626943157da713a28f06f26","mv06e_diagram_v1:63568c6593147e5d9c53ff968f56fe0a0d5fd5ea87e0a6c7b10f1975291d6f58",383,383,1016.71873968926,31.8860273425408,383,1532,,TRUE,TRUE,FALSE,0,1,"closed",FALSE,"a0232a6dd2b95e996c0e34eeb5187c04b2d02c6066f89aa0a0ad9c591ed02060"
"mv06e_rust_exact_result_v1","rust_scph_landscape_kernel_v1","primary","mv06e_pair_v1:932bd8b2b602f1e59d48587d8e83524ba704953536a949420f0803a8b4c8946d","cell_topology_v1","H0","mv06e_diagram_v1:26c3d94b43154cf3df4ab8415f43868a40ec8799f2d0ac9cdfe922773873ed72","mv06e_diagram_v1:e69267c6d2508bd1d78278cb7e22433ae939e6e16e2f5424125987cefa4180d3",383,383,2268.14683526118,47.6250651995478,383,1532,,TRUE,TRUE,FALSE,0,1,"closed",FALSE,"a0232a6dd2b95e996c0e34eeb5187c04b2d02c6066f89aa0a0ad9c591ed02060"
"mv06e_rust_exact_result_v1","rust_scph_landscape_kernel_v1","primary","mv06e_pair_v1:9c61d157b54d4e7d7372d58c302c670cbef2a558818b2cd31c6d01f857ebba4e","cell_topology_v1","H0","mv06e_diagram_v1:26c3d94b43154cf3df4ab8415f43868a40ec8799f2d0ac9cdfe922773873ed72","mv06e_diagram_v1:9622964daf402aa589ac37f7f7f904d474b9cd81a5337a734b6de07f7bcdcd22",383,383,610.712663491791,24.712601309692,383,1532,,TRUE,TRUE,FALSE,0,1,"closed",FALSE,"a0232a6dd2b95e996c0e34eeb5187c04b2d02c6066f89aa0a0ad9c591ed02060"
"mv06e_rust_exact_result_v1","rust_scph_landscape_kernel_v1","primary","mv06e_pair_v1:9cc2cf918c1f96ccbd90ead5cdad0697cad467cad9abebd06e1cabc5d8d7b3ff","cell_topology_v1","H0","mv06e_diagram_v1:5f2f73c392463f65e025587dfea68bbc83d3a7ce7626943157da713a28f06f26","mv06e_diagram_v1:e69267c6d2508bd1d78278cb7e22433ae939e6e16e2f5424125987cefa4180d3",383,383,591.21259742055,24.3148637137976,383,1532,,TRUE,TRUE,FALSE,0,1,"closed",FALSE,"a0232a6dd2b95e996c0e34eeb5187c04b2d02c6066f89aa0a0ad9c591ed02060"
"mv06e_rust_exact_result_v1","rust_scph_landscape_kernel_v1","primary","mv06e_pair_v1:9e4756823b397646eb971aaa551f7bf2586bde4c14805ef427e7165c9a31022b","cell_topology_v1","H0","mv06e_diagram_v1:09b294422e6802a723e1798817f0c2e4f05a584f9df20d588b2ad5e536ca5212","mv06e_diagram_v1:d64340b00ac5fac495d2504e7bf9d67a88adce7c8eb019a754f583e2d03e083e",383,383,939.216377995969,30.6466373032339,383,1532,,TRUE,TRUE,FALSE,0,1,"closed",FALSE,"a0232a6dd2b95e996c0e34eeb5187c04b2d02c6066f89aa0a0ad9c591ed02060"
"mv06e_rust_exact_result_v1","rust_scph_landscape_kernel_v1","primary","mv06e_pair_v1:a1c45265321dec7275acbc42292dc8c81400cc9c116637dcc02ff69b71a84f2f","cell_topology_v1","H0","mv06e_diagram_v1:7bcb13b339fc4f309194c9f5904fcafe4c50d2ba553a6dfff0b4b4143078666f","mv06e_diagram_v1:ffa4ec0f53edc50bbf7fd03bd782575b90dcc09c32f4a8ea6019161062e73de0",383,383,900.11515205921,30.0019191396019,383,1532,,TRUE,TRUE,FALSE,0,1,"closed",FALSE,"a0232a6dd2b95e996c0e34eeb5187c04b2d02c6066f89aa0a0ad9c591ed02060"
"mv06e_rust_exact_result_v1","rust_scph_landscape_kernel_v1","primary","mv06e_pair_v1:aabbd3fc5238c4165e8be966e889762803104943669e078c84800afe1839def5","cell_topology_v1","H0","mv06e_diagram_v1:7bcb13b339fc4f309194c9f5904fcafe4c50d2ba553a6dfff0b4b4143078666f","mv06e_diagram_v1:d64340b00ac5fac495d2504e7bf9d67a88adce7c8eb019a754f583e2d03e083e",383,383,282.235827964857,16.7998758318286,383,1532,,TRUE,TRUE,FALSE,0,1,"closed",FALSE,"a0232a6dd2b95e996c0e34eeb5187c04b2d02c6066f89aa0a0ad9c591ed02060"
"mv06e_rust_exact_result_v1","rust_scph_landscape_kernel_v1","primary","mv06e_pair_v1:ace521ae4d230f25f0b240dfab25915d09f35a04c1063fe0cc86942c1516dd7d","cell_topology_v1","H0","mv06e_diagram_v1:26c3d94b43154cf3df4ab8415f43868a40ec8799f2d0ac9cdfe922773873ed72","mv06e_diagram_v1:63568c6593147e5d9c53ff968f56fe0a0d5fd5ea87e0a6c7b10f1975291d6f58",383,383,1088.67057154764,32.9950082822786,383,1532,,TRUE,TRUE,FALSE,0,1,"closed",FALSE,"a0232a6dd2b95e996c0e34eeb5187c04b2d02c6066f89aa0a0ad9c591ed02060"
"mv06e_rust_exact_result_v1","rust_scph_landscape_kernel_v1","primary","mv06e_pair_v1:b1ed6861c484b050fb90d734cdd86411b932569374caaa9064a5faca2d60215e","cell_topology_v1","H0","mv06e_diagram_v1:63568c6593147e5d9c53ff968f56fe0a0d5fd5ea87e0a6c7b10f1975291d6f58","mv06e_diagram_v1:9622964daf402aa589ac37f7f7f904d474b9cd81a5337a734b6de07f7bcdcd22",383,383,95.2164212799258,9.75789020638815,383,1532,,TRUE,TRUE,FALSE,0,1,"closed",FALSE,"a0232a6dd2b95e996c0e34eeb5187c04b2d02c6066f89aa0a0ad9c591ed02060"
"mv06e_rust_exact_result_v1","rust_scph_landscape_kernel_v1","primary","mv06e_pair_v1:b46aa2571ae2efc9f19d2180b39fd92fd8574eafb345a31cdc51a239cfa8a876","cell_topology_v1","H0","mv06e_diagram_v1:7bcb13b339fc4f309194c9f5904fcafe4c50d2ba553a6dfff0b4b4143078666f","mv06e_diagram_v1:e69267c6d2508bd1d78278cb7e22433ae939e6e16e2f5424125987cefa4180d3",383,383,238.325754016453,15.4378027586977,383,1532,,TRUE,TRUE,FALSE,0,1,"closed",FALSE,"a0232a6dd2b95e996c0e34eeb5187c04b2d02c6066f89aa0a0ad9c591ed02060"
"mv06e_rust_exact_result_v1","rust_scph_landscape_kernel_v1","primary","mv06e_pair_v1:b6a62748e24ef71b014940e8c59bb8f4801836a5196219b343c8e148e650462d","cell_topology_v1","H0","mv06e_diagram_v1:09b294422e6802a723e1798817f0c2e4f05a584f9df20d588b2ad5e536ca5212","mv06e_diagram_v1:e827a724e1bd3447756fe6ac4e80aa37ab59537f64ddb480133ddc48978213f0",383,383,854.06880634729,29.2244556210597,383,1532,,TRUE,TRUE,FALSE,0,1,"closed",FALSE,"a0232a6dd2b95e996c0e34eeb5187c04b2d02c6066f89aa0a0ad9c591ed02060"
"mv06e_rust_exact_result_v1","rust_scph_landscape_kernel_v1","primary","mv06e_pair_v1:d9f7d44f57bb2638331772b5211c2415b04facba4f6f3783a4bf78f940ec1178","cell_topology_v1","H0","mv06e_diagram_v1:5f2f73c392463f65e025587dfea68bbc83d3a7ce7626943157da713a28f06f26","mv06e_diagram_v1:d64340b00ac5fac495d2504e7bf9d67a88adce7c8eb019a754f583e2d03e083e",383,383,139.203153635239,11.7984386100551,383,1532,,TRUE,TRUE,FALSE,0,1,"closed",FALSE,"a0232a6dd2b95e996c0e34eeb5187c04b2d02c6066f89aa0a0ad9c591ed02060"
"mv06e_rust_exact_result_v1","rust_scph_landscape_kernel_v1","primary","mv06e_pair_v1:e30fdf0d37172df61cdc54c6e2591cf57c8060ddb3e4dd950e54ce493374e090","cell_topology_v1","H0","mv06e_diagram_v1:5f2f73c392463f65e025587dfea68bbc83d3a7ce7626943157da713a28f06f26","mv06e_diagram_v1:ffa4ec0f53edc50bbf7fd03bd782575b90dcc09c32f4a8ea6019161062e73de0",383,383,430.988989620118,20.7602743146645,383,1532,,TRUE,TRUE,FALSE,0,1,"closed",FALSE,"a0232a6dd2b95e996c0e34eeb5187c04b2d02c6066f89aa0a0ad9c591ed02060"
"mv06e_rust_exact_result_v1","rust_scph_landscape_kernel_v1","primary","mv06e_pair_v1:e3f672e99885198f05513f4aed8faa5e780487d2bb6ab6ecd149fdb865fe9c30","cell_topology_v1","H0","mv06e_diagram_v1:09b294422e6802a723e1798817f0c2e4f05a584f9df20d588b2ad5e536ca5212","mv06e_diagram_v1:e69267c6d2508bd1d78278cb7e22433ae939e6e16e2f5424125987cefa4180d3",383,383,509.814220584746,22.5790659812302,383,1532,,TRUE,TRUE,FALSE,0,1,"closed",FALSE,"a0232a6dd2b95e996c0e34eeb5187c04b2d02c6066f89aa0a0ad9c591ed02060"
"mv06e_rust_exact_result_v1","rust_scph_landscape_kernel_v1","primary","mv06e_pair_v1:e925c3e65b6148591d89b5b09031939f853c7b5b333a7e03dbe56e5e90a6eb9f","cell_topology_v1","H0","mv06e_diagram_v1:9622964daf402aa589ac37f7f7f904d474b9cd81a5337a734b6de07f7bcdcd22","mv06e_diagram_v1:ffa4ec0f53edc50bbf7fd03bd782575b90dcc09c32f4a8ea6019161062e73de0",383,383,2259.38865049583,47.5330269443871,383,1532,,TRUE,TRUE,FALSE,0,1,"closed",FALSE,"a0232a6dd2b95e996c0e34eeb5187c04b2d02c6066f89aa0a0ad9c591ed02060"
"mv06e_rust_exact_result_v1","rust_scph_landscape_kernel_v1","primary","mv06e_pair_v1:f46d9edb0fb92a6b24ee9caa50b6990e8a0e1f68b9df37c5f7aebfa4416c8e76","cell_topology_v1","H0","mv06e_diagram_v1:26c3d94b43154cf3df4ab8415f43868a40ec8799f2d0ac9cdfe922773873ed72","mv06e_diagram_v1:5f2f73c392463f65e025587dfea68bbc83d3a7ce7626943157da713a28f06f26",383,383,2995.3620731316,54.729901088268,383,1532,,TRUE,TRUE,FALSE,0,1,"closed",FALSE,"a0232a6dd2b95e996c0e34eeb5187c04b2d02c6066f89aa0a0ad9c591ed02060"
"mv06e_rust_exact_result_v1","rust_scph_landscape_kernel_v1","primary","mv06e_pair_v1:fb7e4f38fba773888c6a2a040e3e0f4eac0cacc77b9dfb41ce3608f753062dca","cell_topology_v1","H0","mv06e_diagram_v1:d64340b00ac5fac495d2504e7bf9d67a88adce7c8eb019a754f583e2d03e083e","mv06e_diagram_v1:e827a724e1bd3447756fe6ac4e80aa37ab59537f64ddb480133ddc48978213f0",383,383,133.260877091195,11.5438675101196,383,1532,,TRUE,TRUE,FALSE,0,1,"closed",FALSE,"a0232a6dd2b95e996c0e34eeb5187c04b2d02c6066f89aa0a0ad9c591ed02060"
"mv06e_rust_exact_result_v1","rust_scph_landscape_kernel_v1","primary","mv06e_pair_v1:fd649ce60dce13d56bd7e414f2ceb4fe3b2e49b413fe19ff63c6a908becdd917","cell_topology_v1","H0","mv06e_diagram_v1:09b294422e6802a723e1798817f0c2e4f05a584f9df20d588b2ad5e536ca5212","mv06e_diagram_v1:5f2f73c392463f65e025587dfea68bbc83d3a7ce7626943157da713a28f06f26",383,383,575.713553589865,23.9940316243408,383,1532,,TRUE,TRUE,FALSE,0,1,"closed",FALSE,"a0232a6dd2b95e996c0e34eeb5187c04b2d02c6066f89aa0a0ad9c591ed02060"
"mv06e_rust_exact_result_v1","rust_scph_landscape_kernel_v1","primary","mv06e_pair_v1:00d6f41030d5f91964abb7c3c434bb737f032aada8a9138e55841448391af34e","cell_topology_v1","H1","mv06e_diagram_v1:7bcb13b339fc4f309194c9f5904fcafe4c50d2ba553a6dfff0b4b4143078666f","mv06e_diagram_v1:e827a724e1bd3447756fe6ac4e80aa37ab59537f64ddb480133ddc48978213f0",264,231,1.4466346148934,1.20276124600579,30,8495,,TRUE,TRUE,FALSE,0,1,"closed",FALSE,"a0232a6dd2b95e996c0e34eeb5187c04b2d02c6066f89aa0a0ad9c591ed02060"
"mv06e_rust_exact_result_v1","rust_scph_landscape_kernel_v1","primary","mv06e_pair_v1:021ea054ea7e82ac7ba23433425ff7096d9a83fc6352fdf0c1c94be5a2610350","cell_topology_v1","H1","mv06e_diagram_v1:26c3d94b43154cf3df4ab8415f43868a40ec8799f2d0ac9cdfe922773873ed72","mv06e_diagram_v1:9622964daf402aa589ac37f7f7f904d474b9cd81a5337a734b6de07f7bcdcd22",486,365,0.827730164530769,0.909796771004805,98,48245,,TRUE,TRUE,FALSE,0,1,"closed",FALSE,"a0232a6dd2b95e996c0e34eeb5187c04b2d02c6066f89aa0a0ad9c591ed02060"
"mv06e_rust_exact_result_v1","rust_scph_landscape_kernel_v1","primary","mv06e_pair_v1:03f628ddc1cf3b1656a8fa73d02a1fa7e03d7af22e8f233937ffc94513731f62","cell_topology_v1","H1","mv06e_diagram_v1:e827a724e1bd3447756fe6ac4e80aa37ab59537f64ddb480133ddc48978213f0","mv06e_diagram_v1:ffa4ec0f53edc50bbf7fd03bd782575b90dcc09c32f4a8ea6019161062e73de0",231,207,1.22543714098857,1.10699464361331,29,6633,,TRUE,TRUE,FALSE,0,1,"closed",FALSE,"a0232a6dd2b95e996c0e34eeb5187c04b2d02c6066f89aa0a0ad9c591ed02060"
"mv06e_rust_exact_result_v1","rust_scph_landscape_kernel_v1","primary","mv06e_pair_v1:0f36c0b55a002599aa90a9bfe94b19ff7da7e6e8087004000eb47691ab8d4ece","cell_topology_v1","H1","mv06e_diagram_v1:26c3d94b43154cf3df4ab8415f43868a40ec8799f2d0ac9cdfe922773873ed72","mv06e_diagram_v1:7bcb13b339fc4f309194c9f5904fcafe4c50d2ba553a6dfff0b4b4143078666f",486,264,2.91404371193802,1.70705703242101,98,35874,,TRUE,TRUE,FALSE,0,1,"closed",FALSE,"a0232a6dd2b95e996c0e34eeb5187c04b2d02c6066f89aa0a0ad9c591ed02060"
"mv06e_rust_exact_result_v1","rust_scph_landscape_kernel_v1","primary","mv06e_pair_v1:13b0567c81516ea95f310e432a72adcef4e55510e4de13dbfffa235b4e1081f1","cell_topology_v1","H1","mv06e_diagram_v1:7bcb13b339fc4f309194c9f5904fcafe4c50d2ba553a6dfff0b4b4143078666f","mv06e_diagram_v1:d64340b00ac5fac495d2504e7bf9d67a88adce7c8eb019a754f583e2d03e083e",264,196,1.32195957526702,1.1497650087157,30,7756,,TRUE,TRUE,FALSE,0,1,"closed",FALSE,"a0232a6dd2b95e996c0e34eeb5187c04b2d02c6066f89aa0a0ad9c591ed02060"
"mv06e_rust_exact_result_v1","rust_scph_landscape_kernel_v1","primary","mv06e_pair_v1:1e92eff95075e7a2fd3e93f98ec0a08342965a7aa8296cf841def18c8fedeff1","cell_topology_v1","H1","mv06e_diagram_v1:63568c6593147e5d9c53ff968f56fe0a0d5fd5ea87e0a6c7b10f1975291d6f58","mv06e_diagram_v1:e69267c6d2508bd1d78278cb7e22433ae939e6e16e2f5424125987cefa4180d3",345,291,0.764420815293456,0.874311623675138,60,20752,,TRUE,TRUE,FALSE,0,1,"closed",FALSE,"a0232a6dd2b95e996c0e34eeb5187c04b2d02c6066f89aa0a0ad9c591ed02060"
"mv06e_rust_exact_result_v1","rust_scph_landscape_kernel_v1","primary","mv06e_pair_v1:3110e846bd9dc8a32a7acc4167115d4b383a83bf0a1780cc80623a13645559e8","cell_topology_v1","H1","mv06e_diagram_v1:9622964daf402aa589ac37f7f7f904d474b9cd81a5337a734b6de07f7bcdcd22","mv06e_diagram_v1:d64340b00ac5fac495d2504e7bf9d67a88adce7c8eb019a754f583e2d03e083e",365,196,2.25878456087682,1.50292533443176,74,20083,,TRUE,TRUE,FALSE,0,1,"closed",FALSE,"a0232a6dd2b95e996c0e34eeb5187c04b2d02c6066f89aa0a0ad9c591ed02060"
"mv06e_rust_exact_result_v1","rust_scph_landscape_kernel_v1","primary","mv06e_pair_v1:31c6d97a5f83a5072d628dc9e6482f270b9584ef2c08e4a4f08e626c4d7fd249","cell_topology_v1","H1","mv06e_diagram_v1:09b294422e6802a723e1798817f0c2e4f05a584f9df20d588b2ad5e536ca5212","mv06e_diagram_v1:e69267c6d2508bd1d78278cb7e22433ae939e6e16e2f5424125987cefa4180d3",297,291,0.471051807460734,0.686332140774956,61,19847,,TRUE,TRUE,FALSE,0,1,"closed",FALSE,"a0232a6dd2b95e996c0e34eeb5187c04b2d02c6066f89aa0a0ad9c591ed02060"
"mv06e_rust_exact_result_v1","rust_scph_landscape_kernel_v1","primary","mv06e_pair_v1:376e484d1a9264e7693ba2c332a9d3edf39301975b3f0e0cb3332f0196e7c484","cell_topology_v1","H1","mv06e_diagram_v1:26c3d94b43154cf3df4ab8415f43868a40ec8799f2d0ac9cdfe922773873ed72","mv06e_diagram_v1:63568c6593147e5d9c53ff968f56fe0a0d5fd5ea87e0a6c7b10f1975291d6f58",486,345,1.70062729421653,1.3040810152044,98,44609,,TRUE,TRUE,FALSE,0,1,"closed",FALSE,"a0232a6dd2b95e996c0e34eeb5187c04b2d02c6066f89aa0a0ad9c591ed02060"
"mv06e_rust_exact_result_v1","rust_scph_landscape_kernel_v1","primary","mv06e_pair_v1:4224d7cc197bf154b84fb936344666c352abdd52f5c7223d56da90ddede93e9b","cell_topology_v1","H1","mv06e_diagram_v1:d64340b00ac5fac495d2504e7bf9d67a88adce7c8eb019a754f583e2d03e083e","mv06e_diagram_v1:e69267c6d2508bd1d78278cb7e22433ae939e6e16e2f5424125987cefa4180d3",196,291,0.790583445681459,0.889147594992788,44,10067,,TRUE,TRUE,FALSE,0,1,"closed",FALSE,"a0232a6dd2b95e996c0e34eeb5187c04b2d02c6066f89aa0a0ad9c591ed02060"
"mv06e_rust_exact_result_v1","rust_scph_landscape_kernel_v1","primary","mv06e_pair_v1:46b0107d6b54f2d9cf38752eff971f7f280d5d27a9cff9efd5edab93e546fb28","cell_topology_v1","H1","mv06e_diagram_v1:09b294422e6802a723e1798817f0c2e4f05a584f9df20d588b2ad5e536ca5212","mv06e_diagram_v1:e827a724e1bd3447756fe6ac4e80aa37ab59537f64ddb480133ddc48978213f0",297,231,1.52092708938683,1.23325872767511,61,16295,,TRUE,TRUE,FALSE,0,1,"closed",FALSE,"a0232a6dd2b95e996c0e34eeb5187c04b2d02c6066f89aa0a0ad9c591ed02060"
"mv06e_rust_exact_result_v1","rust_scph_landscape_kernel_v1","primary","mv06e_pair_v1:480f6ae5ca53496adb39b98b940f4b7236f4c32965fbb5384bd00514c05ca1ef","cell_topology_v1","H1","mv06e_diagram_v1:5f2f73c392463f65e025587dfea68bbc83d3a7ce7626943157da713a28f06f26","mv06e_diagram_v1:e69267c6d2508bd1d78278cb7e22433ae939e6e16e2f5424125987cefa4180d3",203,291,2.22670103991847,1.49221346995612,44,9820,,TRUE,TRUE,FALSE,0,1,"closed",FALSE,"a0232a6dd2b95e996c0e34eeb5187c04b2d02c6066f89aa0a0ad9c591ed02060"
"mv06e_rust_exact_result_v1","rust_scph_landscape_kernel_v1","primary","mv06e_pair_v1:4fbc904a51dff19686567b67bfaa427bd1cfb8f1bcdde4a2d35de15d1a77eade","cell_topology_v1","H1","mv06e_diagram_v1:9622964daf402aa589ac37f7f7f904d474b9cd81a5337a734b6de07f7bcdcd22","mv06e_diagram_v1:e827a724e1bd3447756fe6ac4e80aa37ab59537f64ddb480133ddc48978213f0",365,231,1.63317169562031,1.27795606169395,74,20822,,TRUE,TRUE,FALSE,0,1,"closed",FALSE,"a0232a6dd2b95e996c0e34eeb5187c04b2d02c6066f89aa0a0ad9c591ed02060"
"mv06e_rust_exact_result_v1","rust_scph_landscape_kernel_v1","primary","mv06e_pair_v1:50b11c5648862f6a387f63e4ca10cfece8ee8a129dd38eb414b12185d96ae5ba","cell_topology_v1","H1","mv06e_diagram_v1:9622964daf402aa589ac37f7f7f904d474b9cd81a5337a734b6de07f7bcdcd22","mv06e_diagram_v1:e69267c6d2508bd1d78278cb7e22433ae939e6e16e2f5424125987cefa4180d3",365,291,1.49207189197763,1.2215039467712,74,24374,,TRUE,TRUE,FALSE,0,1,"closed",FALSE,"a0232a6dd2b95e996c0e34eeb5187c04b2d02c6066f89aa0a0ad9c591ed02060"
"mv06e_rust_exact_result_v1","rust_scph_landscape_kernel_v1","primary","mv06e_pair_v1:5428ecc5096856b7679c4e76595887af3997d8fc37f6ed393055d22eb7a98b28","cell_topology_v1","H1","mv06e_diagram_v1:5f2f73c392463f65e025587dfea68bbc83d3a7ce7626943157da713a28f06f26","mv06e_diagram_v1:63568c6593147e5d9c53ff968f56fe0a0d5fd5ea87e0a6c7b10f1975291d6f58",203,345,2.79756648306271,1.67259274273886,60,16214,,TRUE,TRUE,FALSE,0,1,"closed",FALSE,"a0232a6dd2b95e996c0e34eeb5187c04b2d02c6066f89aa0a0ad9c591ed02060"
"mv06e_rust_exact_result_v1","rust_scph_landscape_kernel_v1","primary","mv06e_pair_v1:588dfd323099048367d1a4de8ab296cba26ce597bd395795dc597d753babf9a9","cell_topology_v1","H1","mv06e_diagram_v1:e69267c6d2508bd1d78278cb7e22433ae939e6e16e2f5424125987cefa4180d3","mv06e_diagram_v1:e827a724e1bd3447756fe6ac4e80aa37ab59537f64ddb480133ddc48978213f0",291,231,0.99264954118975,0.996317992003432,44,10806,,TRUE,TRUE,FALSE,0,1,"closed",FALSE,"a0232a6dd2b95e996c0e34eeb5187c04b2d02c6066f89aa0a0ad9c591ed02060"
"mv06e_rust_exact_result_v1","rust_scph_landscape_kernel_v1","primary","mv06e_pair_v1:60bf95c6bb04c0b1e7b87f805398b4546650f8de73ce6410374f6a61998c67a6","cell_topology_v1","H1","mv06e_diagram_v1:5f2f73c392463f65e025587dfea68bbc83d3a7ce7626943157da713a28f06f26","mv06e_diagram_v1:ffa4ec0f53edc50bbf7fd03bd782575b90dcc09c32f4a8ea6019161062e73de0",203,207,1.81329474239057,1.34658632934936,26,5650,,TRUE,TRUE,FALSE,0,1,"closed",FALSE,"a0232a6dd2b95e996c0e34eeb5187c04b2d02c6066f89aa0a0ad9c591ed02060"
"mv06e_rust_exact_result_v1","rust_scph_landscape_kernel_v1","primary","mv06e_pair_v1:61b4a803dc3f82d8b2a29aadc62419b9220e1adf61c230eba1cb25104b6cc247","cell_topology_v1","H1","mv06e_diagram_v1:09b294422e6802a723e1798817f0c2e4f05a584f9df20d588b2ad5e536ca5212","mv06e_diagram_v1:d64340b00ac5fac495d2504e7bf9d67a88adce7c8eb019a754f583e2d03e083e",297,196,1.10839946021447,1.05280551870441,61,15556,,TRUE,TRUE,FALSE,0,1,"closed",FALSE,"a0232a6dd2b95e996c0e34eeb5187c04b2d02c6066f89aa0a0ad9c591ed02060"
"mv06e_rust_exact_result_v1","rust_scph_landscape_kernel_v1","primary","mv06e_pair_v1:6418d8ff0e498437beee6b6d67ce6847c37101a0781c9fc7be8bbb8b1084073c","cell_topology_v1","H1","mv06e_diagram_v1:63568c6593147e5d9c53ff968f56fe0a0d5fd5ea87e0a6c7b10f1975291d6f58","mv06e_diagram_v1:7bcb13b339fc4f309194c9f5904fcafe4c50d2ba553a6dfff0b4b4143078666f",345,264,2.08554851055637,1.44414282900147,60,18427,,TRUE,TRUE,FALSE,0,1,"closed",FALSE,"a0232a6dd2b95e996c0e34eeb5187c04b2d02c6066f89aa0a0ad9c591ed02060"
"mv06e_rust_exact_result_v1","rust_scph_landscape_kernel_v1","primary","mv06e_pair_v1:6c9fa40f8bf416daaf0164ca5ce10ccfa7fe9dd3cb78630a08acd9bfd19709e6","cell_topology_v1","H1","mv06e_diagram_v1:09b294422e6802a723e1798817f0c2e4f05a584f9df20d588b2ad5e536ca5212","mv06e_diagram_v1:ffa4ec0f53edc50bbf7fd03bd782575b90dcc09c32f4a8ea6019161062e73de0",297,207,1.81272510652827,1.34637480165378,61,15659,,TRUE,TRUE,FALSE,0,1,"closed",FALSE,"a0232a6dd2b95e996c0e34eeb5187c04b2d02c6066f89aa0a0ad9c591ed02060"
"mv06e_rust_exact_result_v1","rust_scph_landscape_kernel_v1","primary","mv06e_pair_v1:70941e0a7bceb903229af99647a56f9159e46a690a08de20be253878f4bf9d74","cell_topology_v1","H1","mv06e_diagram_v1:5f2f73c392463f65e025587dfea68bbc83d3a7ce7626943157da713a28f06f26","mv06e_diagram_v1:9622964daf402aa589ac37f7f7f904d474b9cd81a5337a734b6de07f7bcdcd22",203,365,2.75027030328981,1.65839389268346,74,19836,,TRUE,TRUE,FALSE,0,1,"closed",FALSE,"a0232a6dd2b95e996c0e34eeb5187c04b2d02c6066f89aa0a0ad9c591ed02060"
"mv06e_rust_exact_result_v1","rust_scph_landscape_kernel_v1","primary","mv06e_pair_v1:71864e0232b520e96c90d5efbed5e56b899581a65ced9e31f6083a9f67b9281c","cell_topology_v1","H1","mv06e_diagram_v1:09b294422e6802a723e1798817f0c2e4f05a584f9df20d588b2ad5e536ca5212","mv06e_diagram_v1:9622964daf402aa589ac37f7f7f904d474b9cd81a5337a734b6de07f7bcdcd22",297,365,2.12103172462893,1.45637623045315,74,29880,,TRUE,TRUE,FALSE,0,1,"closed",FALSE,"a0232a6dd2b95e996c0e34eeb5187c04b2d02c6066f89aa0a0ad9c591ed02060"
"mv06e_rust_exact_result_v1","rust_scph_landscape_kernel_v1","primary","mv06e_pair_v1:72b7789e83f01810ddd8996ebea95d01a5f7e60774dd564073977f17907907e8","cell_topology_v1","H1","mv06e_diagram_v1:63568c6593147e5d9c53ff968f56fe0a0d5fd5ea87e0a6c7b10f1975291d6f58","mv06e_diagram_v1:e827a724e1bd3447756fe6ac4e80aa37ab59537f64ddb480133ddc48978213f0",345,231,1.53824684286864,1.24026079631207,60,17200,,TRUE,TRUE,FALSE,0,1,"closed",FALSE,"a0232a6dd2b95e996c0e34eeb5187c04b2d02c6066f89aa0a0ad9c591ed02060"
"mv06e_rust_exact_result_v1","rust_scph_landscape_kernel_v1","primary","mv06e_pair_v1:77df8e929f4193116f6a4a30f484cdf6cc1255042e5fe80506ed6fc3953864da","cell_topology_v1","H1","mv06e_diagram_v1:63568c6593147e5d9c53ff968f56fe0a0d5fd5ea87e0a6c7b10f1975291d6f58","mv06e_diagram_v1:9622964daf402aa589ac37f7f7f904d474b9cd81a5337a734b6de07f7bcdcd22",345,365,0.757466635725151,0.870325591790309,74,30784,,TRUE,TRUE,FALSE,0,1,"closed",FALSE,"a0232a6dd2b95e996c0e34eeb5187c04b2d02c6066f89aa0a0ad9c591ed02060"
"mv06e_rust_exact_result_v1","rust_scph_landscape_kernel_v1","primary","mv06e_pair_v1:7c744aa1def3f494f01df687e3fc4500dd96bd4cc363014e6a8662f41e243e92","cell_topology_v1","H1","mv06e_diagram_v1:26c3d94b43154cf3df4ab8415f43868a40ec8799f2d0ac9cdfe922773873ed72","mv06e_diagram_v1:d64340b00ac5fac495d2504e7bf9d67a88adce7c8eb019a754f583e2d03e083e",486,196,2.3576162890478,1.53545312173567,98,33908,,TRUE,TRUE,FALSE,0,1,"closed",FALSE,"a0232a6dd2b95e996c0e34eeb5187c04b2d02c6066f89aa0a0ad9c591ed02060"
"mv06e_rust_exact_result_v1","rust_scph_landscape_kernel_v1","primary","mv06e_pair_v1:7d8abb7b0cd8a594bce0ce573205732b6391aad31bc6fdb372d81a5e66675378","cell_topology_v1","H1","mv06e_diagram_v1:09b294422e6802a723e1798817f0c2e4f05a584f9df20d588b2ad5e536ca5212","mv06e_diagram_v1:7bcb13b339fc4f309194c9f5904fcafe4c50d2ba553a6dfff0b4b4143078666f",297,264,1.58461988394745,1.25881685877949,61,17522,,TRUE,TRUE,FALSE,0,1,"closed",FALSE,"a0232a6dd2b95e996c0e34eeb5187c04b2d02c6066f89aa0a0ad9c591ed02060"
"mv06e_rust_exact_result_v1","rust_scph_landscape_kernel_v1","primary","mv06e_pair_v1:8f47be710cd67e6ba17c162665abea40c652c4879adde9e64149e492fb6990ef","cell_topology_v1","H1","mv06e_diagram_v1:26c3d94b43154cf3df4ab8415f43868a40ec8799f2d0ac9cdfe922773873ed72","mv06e_diagram_v1:ffa4ec0f53edc50bbf7fd03bd782575b90dcc09c32f4a8ea6019161062e73de0",486,207,2.41091607437045,1.5527124892814,98,34011,,TRUE,TRUE,FALSE,0,1,"closed",FALSE,"a0232a6dd2b95e996c0e34eeb5187c04b2d02c6066f89aa0a0ad9c591ed02060"
"mv06e_rust_exact_result_v1","rust_scph_landscape_kernel_v1","primary","mv06e_pair_v1:923a4713cc97fdd6c36bf17731c9b258b330c7f8aaee5a7bc9ca8a080415449e","cell_topology_v1","H1","mv06e_diagram_v1:5f2f73c392463f65e025587dfea68bbc83d3a7ce7626943157da713a28f06f26","mv06e_diagram_v1:e827a724e1bd3447756fe6ac4e80aa37ab59537f64ddb480133ddc48978213f0",203,231,2.03558039688702,1.42673767626955,29,6283,,TRUE,TRUE,FALSE,0,1,"closed",FALSE,"a0232a6dd2b95e996c0e34eeb5187c04b2d02c6066f89aa0a0ad9c591ed02060"
"mv06e_rust_exact_result_v1","rust_scph_landscape_kernel_v1","primary","mv06e_pair_v1:990dd8f087d7e74b1d33b168abd075437c23bd8d2f461c250856f4cef258c604","cell_topology_v1","H1","mv06e_diagram_v1:26c3d94b43154cf3df4ab8415f43868a40ec8799f2d0ac9cdfe922773873ed72","mv06e_diagram_v1:e69267c6d2508bd1d78278cb7e22433ae939e6e16e2f5424125987cefa4180d3",486,291,1.86254563234141,1.36475112468956,98,38199,,TRUE,TRUE,FALSE,0,1,"closed",FALSE,"a0232a6dd2b95e996c0e34eeb5187c04b2d02c6066f89aa0a0ad9c591ed02060"
"mv06e_rust_exact_result_v1","rust_scph_landscape_kernel_v1","primary","mv06e_pair_v1:9c6feab9244edf960286b379fea1747053f024091a97c7435d3e6451e63b102b","cell_topology_v1","H1","mv06e_diagram_v1:5f2f73c392463f65e025587dfea68bbc83d3a7ce7626943157da713a28f06f26","mv06e_diagram_v1:d64340b00ac5fac495d2504e7bf9d67a88adce7c8eb019a754f583e2d03e083e",203,196,1.84427922238311,1.35804242289522,28,5545,,TRUE,TRUE,FALSE,0,1,"closed",FALSE,"a0232a6dd2b95e996c0e34eeb5187c04b2d02c6066f89aa0a0ad9c591ed02060"
"mv06e_rust_exact_result_v1","rust_scph_landscape_kernel_v1","primary","mv06e_pair_v1:ac632a3bbd8110b3e46c728530ba06163181011c07e9a8a0aa6492109ed9329b","cell_topology_v1","H1","mv06e_diagram_v1:09b294422e6802a723e1798817f0c2e4f05a584f9df20d588b2ad5e536ca5212","mv06e_diagram_v1:26c3d94b43154cf3df4ab8415f43868a40ec8799f2d0ac9cdfe922773873ed72",297,486,2.63273426892359,1.62257026625154,98,43705,,TRUE,TRUE,FALSE,0,1,"closed",FALSE,"a0232a6dd2b95e996c0e34eeb5187c04b2d02c6066f89aa0a0ad9c591ed02060"
"mv06e_rust_exact_result_v1","rust_scph_landscape_kernel_v1","primary","mv06e_pair_v1:ad27d12f162c1a57cbab930e1d545c711d54562564b16ee4cc78a4d231092e86","cell_topology_v1","H1","mv06e_diagram_v1:7bcb13b339fc4f309194c9f5904fcafe4c50d2ba553a6dfff0b4b4143078666f","mv06e_diagram_v1:e69267c6d2508bd1d78278cb7e22433ae939e6e16e2f5424125987cefa4180d3",264,291,1.27505810181011,1.12918470668448,44,12033,,TRUE,TRUE,FALSE,0,1,"closed",FALSE,"a0232a6dd2b95e996c0e34eeb5187c04b2d02c6066f89aa0a0ad9c591ed02060"
"mv06e_rust_exact_result_v1","rust_scph_landscape_kernel_v1","primary","mv06e_pair_v1:af881b1bac13980aeb22ab1171b9c74c2b10305ab951a689bb31492479dc9cd9","cell_topology_v1","H1","mv06e_diagram_v1:5f2f73c392463f65e025587dfea68bbc83d3a7ce7626943157da713a28f06f26","mv06e_diagram_v1:7bcb13b339fc4f309194c9f5904fcafe4c50d2ba553a6dfff0b4b4143078666f",203,264,1.87550759473885,1.36949172861279,30,7509,,TRUE,TRUE,FALSE,0,1,"closed",FALSE,"a0232a6dd2b95e996c0e34eeb5187c04b2d02c6066f89aa0a0ad9c591ed02060"
"mv06e_rust_exact_result_v1","rust_scph_landscape_kernel_v1","primary","mv06e_pair_v1:afbeb785bce761ace12b5f289ad9d8ec42a8f3e0bdff966f5b8436dd820acc25","cell_topology_v1","H1","mv06e_diagram_v1:09b294422e6802a723e1798817f0c2e4f05a584f9df20d588b2ad5e536ca5212","mv06e_diagram_v1:63568c6593147e5d9c53ff968f56fe0a0d5fd5ea87e0a6c7b10f1975291d6f58",297,345,1.13171765480256,1.06382219134711,61,26257,,TRUE,TRUE,FALSE,0,1,"closed",FALSE,"a0232a6dd2b95e996c0e34eeb5187c04b2d02c6066f89aa0a0ad9c591ed02060"
"mv06e_rust_exact_result_v1","rust_scph_landscape_kernel_v1","primary","mv06e_pair_v1:b0e37d719e4e7b67571087597cbaefeec0455f7f4beb32358fe565a33595a259","cell_topology_v1","H1","mv06e_diagram_v1:9622964daf402aa589ac37f7f7f904d474b9cd81a5337a734b6de07f7bcdcd22","mv06e_diagram_v1:ffa4ec0f53edc50bbf7fd03bd782575b90dcc09c32f4a8ea6019161062e73de0",365,207,2.26373950245039,1.50457286378905,74,20186,,TRUE,TRUE,FALSE,0,1,"closed",FALSE,"a0232a6dd2b95e996c0e34eeb5187c04b2d02c6066f89aa0a0ad9c591ed02060"
"mv06e_rust_exact_result_v1","rust_scph_landscape_kernel_v1","primary","mv06e_pair_v1:b45093eae1e5aa1385b847fcbb4380dd2c1892f590945499841ab35eae6ec7cc","cell_topology_v1","H1","mv06e_diagram_v1:63568c6593147e5d9c53ff968f56fe0a0d5fd5ea87e0a6c7b10f1975291d6f58","mv06e_diagram_v1:d64340b00ac5fac495d2504e7bf9d67a88adce7c8eb019a754f583e2d03e083e",345,196,1.48447956203099,1.21839220369756,60,16461,,TRUE,TRUE,FALSE,0,1,"closed",FALSE,"a0232a6dd2b95e996c0e34eeb5187c04b2d02c6066f89aa0a0ad9c591ed02060"
"mv06e_rust_exact_result_v1","rust_scph_landscape_kernel_v1","primary","mv06e_pair_v1:bbcec6e0b123302ffa145e023a7cffd6455f188a23520f35c9bd5f122e073513","cell_topology_v1","H1","mv06e_diagram_v1:7bcb13b339fc4f309194c9f5904fcafe4c50d2ba553a6dfff0b4b4143078666f","mv06e_diagram_v1:9622964daf402aa589ac37f7f7f904d474b9cd81a5337a734b6de07f7bcdcd22",264,365,2.38091186733782,1.54302037165354,74,22049,,TRUE,TRUE,FALSE,0,1,"closed",FALSE,"a0232a6dd2b95e996c0e34eeb5187c04b2d02c6066f89aa0a0ad9c591ed02060"
"mv06e_rust_exact_result_v1","rust_scph_landscape_kernel_v1","primary","mv06e_pair_v1:c0334a3d1f85b02be8f5af18e023aab598a45c18db366fe994d415670b45e222","cell_topology_v1","H1","mv06e_diagram_v1:7bcb13b339fc4f309194c9f5904fcafe4c50d2ba553a6dfff0b4b4143078666f","mv06e_diagram_v1:ffa4ec0f53edc50bbf7fd03bd782575b90dcc09c32f4a8ea6019161062e73de0",264,207,1.38571314618635,1.17716317738296,30,7859,,TRUE,TRUE,FALSE,0,1,"closed",FALSE,"a0232a6dd2b95e996c0e34eeb5187c04b2d02c6066f89aa0a0ad9c591ed02060"
"mv06e_rust_exact_result_v1","rust_scph_landscape_kernel_v1","primary","mv06e_pair_v1:c48c9047e9c344c6bdc6510dfe0ef803c4448e864792843eb6357d1cf5cbe150","cell_topology_v1","H1","mv06e_diagram_v1:d64340b00ac5fac495d2504e7bf9d67a88adce7c8eb019a754f583e2d03e083e","mv06e_diagram_v1:ffa4ec0f53edc50bbf7fd03bd782575b90dcc09c32f4a8ea6019161062e73de0",196,207,1.20859754375753,1.09936233506407,28,5895,,TRUE,TRUE,FALSE,0,1,"closed",FALSE,"a0232a6dd2b95e996c0e34eeb5187c04b2d02c6066f89aa0a0ad9c591ed02060"
"mv06e_rust_exact_result_v1","rust_scph_landscape_kernel_v1","primary","mv06e_pair_v1:ce1acead480878553feeb4cb9b47870743daf9a1b948f65548fdc4d6a374f16d","cell_topology_v1","H1","mv06e_diagram_v1:26c3d94b43154cf3df4ab8415f43868a40ec8799f2d0ac9cdfe922773873ed72","mv06e_diagram_v1:e827a724e1bd3447756fe6ac4e80aa37ab59537f64ddb480133ddc48978213f0",486,231,1.60113952017689,1.26536141879579,98,34647,,TRUE,TRUE,FALSE,0,1,"closed",FALSE,"a0232a6dd2b95e996c0e34eeb5187c04b2d02c6066f89aa0a0ad9c591ed02060"
"mv06e_rust_exact_result_v1","rust_scph_landscape_kernel_v1","primary","mv06e_pair_v1:d304a1be5e0418c0838088728437dbf16e04430dfff14566977752650fe59c59","cell_topology_v1","H1","mv06e_diagram_v1:d64340b00ac5fac495d2504e7bf9d67a88adce7c8eb019a754f583e2d03e083e","mv06e_diagram_v1:e827a724e1bd3447756fe6ac4e80aa37ab59537f64ddb480133ddc48978213f0",196,231,0.656349231627014,0.810153832075745,29,6530,,TRUE,TRUE,FALSE,0,1,"closed",FALSE,"a0232a6dd2b95e996c0e34eeb5187c04b2d02c6066f89aa0a0ad9c591ed02060"
"mv06e_rust_exact_result_v1","rust_scph_landscape_kernel_v1","primary","mv06e_pair_v1:d6abdc53f14aaddb400bfbcd22c9405f8891df3ebd32b908ebbb2c224acf24f2","cell_topology_v1","H1","mv06e_diagram_v1:63568c6593147e5d9c53ff968f56fe0a0d5fd5ea87e0a6c7b10f1975291d6f58","mv06e_diagram_v1:ffa4ec0f53edc50bbf7fd03bd782575b90dcc09c32f4a8ea6019161062e73de0",345,207,2.35790100703666,1.53554583358383,60,16564,,TRUE,TRUE,FALSE,0,1,"closed",FALSE,"a0232a6dd2b95e996c0e34eeb5187c04b2d02c6066f89aa0a0ad9c591ed02060"
"mv06e_rust_exact_result_v1","rust_scph_landscape_kernel_v1","primary","mv06e_pair_v1:e3b9c8cfff07f3e1c407398119832686d547c6d35c0ae8dce92f1c3c2b6dffc6","cell_topology_v1","H1","mv06e_diagram_v1:e69267c6d2508bd1d78278cb7e22433ae939e6e16e2f5424125987cefa4180d3","mv06e_diagram_v1:ffa4ec0f53edc50bbf7fd03bd782575b90dcc09c32f4a8ea6019161062e73de0",291,207,1.65720484331906,1.28732468449846,44,10170,,TRUE,TRUE,FALSE,0,1,"closed",FALSE,"a0232a6dd2b95e996c0e34eeb5187c04b2d02c6066f89aa0a0ad9c591ed02060"
"mv06e_rust_exact_result_v1","rust_scph_landscape_kernel_v1","primary","mv06e_pair_v1:f95f00fd1c597b4d96c2df63fa05cb47cc2870c03c0aebd5d8e659d693a46679","cell_topology_v1","H1","mv06e_diagram_v1:26c3d94b43154cf3df4ab8415f43868a40ec8799f2d0ac9cdfe922773873ed72","mv06e_diagram_v1:5f2f73c392463f65e025587dfea68bbc83d3a7ce7626943157da713a28f06f26",486,203,2.86949985854042,1.69395981609376,98,33661,,TRUE,TRUE,FALSE,0,1,"closed",FALSE,"a0232a6dd2b95e996c0e34eeb5187c04b2d02c6066f89aa0a0ad9c591ed02060"
"mv06e_rust_exact_result_v1","rust_scph_landscape_kernel_v1","primary","mv06e_pair_v1:fc80f50e0f36d44f4f467b6caf388a41c6fc4e33830def675c85306c18c94905","cell_topology_v1","H1","mv06e_diagram_v1:09b294422e6802a723e1798817f0c2e4f05a584f9df20d588b2ad5e536ca5212","mv06e_diagram_v1:5f2f73c392463f65e025587dfea68bbc83d3a7ce7626943157da713a28f06f26",297,203,2.38397651751502,1.54401312090119,61,15309,,TRUE,TRUE,FALSE,0,1,"closed",FALSE,"a0232a6dd2b95e996c0e34eeb5187c04b2d02c6066f89aa0a0ad9c591ed02060"
"mv06e_rust_exact_result_v1","rust_scph_landscape_kernel_v1","primary","mv06e_pair_v1:01347d73fdf119720e432d230e7d21c2782074381d3626dfcc1206f5629f8f0a","gene_topology_v1","H0","mv06e_diagram_v1:0b90fead382638e5a3e1864357b2f63c24f25b74eff449909148c959b349d4ac","mv06e_diagram_v1:fcc482b51bc14569f7cfb9d4bbed945fa721a4129a99f82466e19c2d02ce4247",499,499,0.032862251325432,0.181279484016896,499,1996,,TRUE,TRUE,FALSE,0,1,"closed",FALSE,"a0232a6dd2b95e996c0e34eeb5187c04b2d02c6066f89aa0a0ad9c591ed02060"
"mv06e_rust_exact_result_v1","rust_scph_landscape_kernel_v1","primary","mv06e_pair_v1:04c106f4f38626b8911c4c98a8b1a363be50d6a7b80d076eb7637f220097d108","gene_topology_v1","H0","mv06e_diagram_v1:9d128228c16907b5c17c786cf2d534498b2e15ae679c63fc4b44c77e5b763765","mv06e_diagram_v1:b8e6af78f9c514f00c68c95837404f7f2a5d6a31d82376387f84225491051b79",499,499,8.34479818202981,2.8887364334653,499,1996,,TRUE,TRUE,FALSE,0,1,"closed",FALSE,"a0232a6dd2b95e996c0e34eeb5187c04b2d02c6066f89aa0a0ad9c591ed02060"
"mv06e_rust_exact_result_v1","rust_scph_landscape_kernel_v1","primary","mv06e_pair_v1:0a0609b83812c79c038bedba2ae6684a97474a770408b89c58e2de0e04e6ea26","gene_topology_v1","H0","mv06e_diagram_v1:35415c3b4808383ed6cbbf5e3a3c705a24f3420d64d0a98d468842112d2c73e4","mv06e_diagram_v1:93f0bf8b75b22859bbd2622603f5e01bea73986c432dd95e164c78bb6b91ced9",499,499,11.6178146231493,3.40849154658616,499,1996,,TRUE,TRUE,FALSE,0,1,"closed",FALSE,"a0232a6dd2b95e996c0e34eeb5187c04b2d02c6066f89aa0a0ad9c591ed02060"
"mv06e_rust_exact_result_v1","rust_scph_landscape_kernel_v1","primary","mv06e_pair_v1:1580e308f465e0124be9dff6311754ca986d31200ef9b9baa868594f63aa47c3","gene_topology_v1","H0","mv06e_diagram_v1:0b90fead382638e5a3e1864357b2f63c24f25b74eff449909148c959b349d4ac","mv06e_diagram_v1:9d128228c16907b5c17c786cf2d534498b2e15ae679c63fc4b44c77e5b763765",499,499,24.0611704904081,4.9052186995493,499,1996,,TRUE,TRUE,FALSE,0,1,"closed",FALSE,"a0232a6dd2b95e996c0e34eeb5187c04b2d02c6066f89aa0a0ad9c591ed02060"
"mv06e_rust_exact_result_v1","rust_scph_landscape_kernel_v1","primary","mv06e_pair_v1:1952f4f08d182ad1127782000800db128a67bc5b3ec5a6a75eb2eb5cf8720145","gene_topology_v1","H0","mv06e_diagram_v1:7f3f392651f6f78928508dca569eed23a150aca8c7bdf7c3d7ba754fee48d2a2","mv06e_diagram_v1:9d128228c16907b5c17c786cf2d534498b2e15ae679c63fc4b44c77e5b763765",499,499,4.01489643111005,2.00372064697404,499,1996,,TRUE,TRUE,FALSE,0,1,"closed",FALSE,"a0232a6dd2b95e996c0e34eeb5187c04b2d02c6066f89aa0a0ad9c591ed02060"
"mv06e_rust_exact_result_v1","rust_scph_landscape_kernel_v1","primary","mv06e_pair_v1:2f58cc558d3f41dbab35d691fa4e17f06f7bb389443757185cbfebf6366cbe47","gene_topology_v1","H0","mv06e_diagram_v1:0a945cb301d10f662f4c1cbdaeddd51d470411f000c4f5e8769ec95bbc09089e","mv06e_diagram_v1:6894c3e8ec1fb8f5f12e399580c8ee16dd55c0ad952f6432ebfee091407ad739",499,499,5.32022823020171,2.30656199357436,499,1996,,TRUE,TRUE,FALSE,0,1,"closed",FALSE,"a0232a6dd2b95e996c0e34eeb5187c04b2d02c6066f89aa0a0ad9c591ed02060"
"mv06e_rust_exact_result_v1","rust_scph_landscape_kernel_v1","primary","mv06e_pair_v1:31505ecd00d336da7e33d3a9b00ad9d40e8e0fb17b05db9cb1e96f1caf0d0e29","gene_topology_v1","H0","mv06e_diagram_v1:0a945cb301d10f662f4c1cbdaeddd51d470411f000c4f5e8769ec95bbc09089e","mv06e_diagram_v1:b8e6af78f9c514f00c68c95837404f7f2a5d6a31d82376387f84225491051b79",499,499,0.434658510954102,0.659286364908378,499,1996,,TRUE,TRUE,FALSE,0,1,"closed",FALSE,"a0232a6dd2b95e996c0e34eeb5187c04b2d02c6066f89aa0a0ad9c591ed02060"
"mv06e_rust_exact_result_v1","rust_scph_landscape_kernel_v1","primary","mv06e_pair_v1:4278b0024bbd38dfb283587111fe280721a24f3f7cc1b8c429f4ee69b6197681","gene_topology_v1","H0","mv06e_diagram_v1:0b90fead382638e5a3e1864357b2f63c24f25b74eff449909148c959b349d4ac","mv06e_diagram_v1:7f3f392651f6f78928508dca569eed23a150aca8c7bdf7c3d7ba754fee48d2a2",499,499,10.2226910706913,3.19729433594896,499,1996,,TRUE,TRUE,FALSE,0,1,"closed",FALSE,"a0232a6dd2b95e996c0e34eeb5187c04b2d02c6066f89aa0a0ad9c591ed02060"
"mv06e_rust_exact_result_v1","rust_scph_landscape_kernel_v1","primary","mv06e_pair_v1:4e3566181ba643ca9b6c1b89a1305b5f882f26acb606bf531b36f468e1ff3ff8","gene_topology_v1","H0","mv06e_diagram_v1:9d128228c16907b5c17c786cf2d534498b2e15ae679c63fc4b44c77e5b763765","mv06e_diagram_v1:fcc482b51bc14569f7cfb9d4bbed945fa721a4129a99f82466e19c2d02ce4247",499,499,23.2758870586369,4.82450899663757,499,1996,,TRUE,TRUE,FALSE,0,1,"closed",FALSE,"a0232a6dd2b95e996c0e34eeb5187c04b2d02c6066f89aa0a0ad9c591ed02060"
"mv06e_rust_exact_result_v1","rust_scph_landscape_kernel_v1","primary","mv06e_pair_v1:4f337943c8f8e82c181a9d176c57880f8eb58d8a450717fc48114a5c79b85d4f","gene_topology_v1","H0","mv06e_diagram_v1:93f0bf8b75b22859bbd2622603f5e01bea73986c432dd95e164c78bb6b91ced9","mv06e_diagram_v1:fcc482b51bc14569f7cfb9d4bbed945fa721a4129a99f82466e19c2d02ce4247",499,499,12.1717717454534,3.48880663629462,499,1996,,TRUE,TRUE,FALSE,0,1,"closed",FALSE,"a0232a6dd2b95e996c0e34eeb5187c04b2d02c6066f89aa0a0ad9c591ed02060"
"mv06e_rust_exact_result_v1","rust_scph_landscape_kernel_v1","primary","mv06e_pair_v1:52d972bf3101b009ded2a549ff63430ac561dadc677c06e6f87ff21d99d4a0f8","gene_topology_v1","H0","mv06e_diagram_v1:6894c3e8ec1fb8f5f12e399580c8ee16dd55c0ad952f6432ebfee091407ad739","mv06e_diagram_v1:9d128228c16907b5c17c786cf2d534498b2e15ae679c63fc4b44c77e5b763765",499,499,1.12225609115557,1.05936589106671,499,1996,,TRUE,TRUE,FALSE,0,1,"closed",FALSE,"a0232a6dd2b95e996c0e34eeb5187c04b2d02c6066f89aa0a0ad9c591ed02060"
"mv06e_rust_exact_result_v1","rust_scph_landscape_kernel_v1","primary","mv06e_pair_v1:53db91c9d0c6db4ec43839aebacd0e30ab47467769a69a87b60352d8ef4d2b3d","gene_topology_v1","H0","mv06e_diagram_v1:0b90fead382638e5a3e1864357b2f63c24f25b74eff449909148c959b349d4ac","mv06e_diagram_v1:35415c3b4808383ed6cbbf5e3a3c705a24f3420d64d0a98d468842112d2c73e4",499,499,0.0576564156337914,0.240117503805515,499,1996,,TRUE,TRUE,FALSE,0,1,"closed",FALSE,"a0232a6dd2b95e996c0e34eeb5187c04b2d02c6066f89aa0a0ad9c591ed02060"
"mv06e_rust_exact_result_v1","rust_scph_landscape_kernel_v1","primary","mv06e_pair_v1:54719d44819e8c4ca4beacd8f90acd134ae7c2d3edd560e8b7a16a72779f1fc1","gene_topology_v1","H0","mv06e_diagram_v1:93f0bf8b75b22859bbd2622603f5e01bea73986c432dd95e164c78bb6b91ced9","mv06e_diagram_v1:9c3339fc0d365183b770cbe52f8219b88a49559f2288050f4a7704e0f6fdbe5a",499,499,13.3596141758467,3.65508059772239,499,1996,,TRUE,TRUE,FALSE,0,1,"closed",FALSE,"a0232a6dd2b95e996c0e34eeb5187c04b2d02c6066f89aa0a0ad9c591ed02060"
"mv06e_rust_exact_result_v1","rust_scph_landscape_kernel_v1","primary","mv06e_pair_v1:5e24e1e743ea62a8b25b7d862286756617c1b0918fcedf58ec53fd612f1f45a8","gene_topology_v1","H0","mv06e_diagram_v1:9c3339fc0d365183b770cbe52f8219b88a49559f2288050f4a7704e0f6fdbe5a","mv06e_diagram_v1:b8e6af78f9c514f00c68c95837404f7f2a5d6a31d82376387f84225491051b79",499,499,6.87087873393558,2.62123610801003,499,1996,,TRUE,TRUE,FALSE,0,1,"closed",FALSE,"a0232a6dd2b95e996c0e34eeb5187c04b2d02c6066f89aa0a0ad9c591ed02060"
"mv06e_rust_exact_result_v1","rust_scph_landscape_kernel_v1","primary","mv06e_pair_v1:6240b3e01d3eb70232a2a49b03db5ab4c551987c2d84a4a16504aa99f7e866db","gene_topology_v1","H0","mv06e_diagram_v1:35415c3b4808383ed6cbbf5e3a3c705a24f3420d64d0a98d468842112d2c73e4","mv06e_diagram_v1:b8e6af78f9c514f00c68c95837404f7f2a5d6a31d82376387f84225491051b79",499,499,5.61810553388977,2.37025431839914,499,1996,,TRUE,TRUE,FALSE,0,1,"closed",FALSE,"a0232a6dd2b95e996c0e34eeb5187c04b2d02c6066f89aa0a0ad9c591ed02060"
"mv06e_rust_exact_result_v1","rust_scph_landscape_kernel_v1","primary","mv06e_pair_v1:803d506abec9fcc81c98faab4f9a0c522e622ac1a071616086e0562c4ec648fd","gene_topology_v1","H0","mv06e_diagram_v1:35415c3b4808383ed6cbbf5e3a3c705a24f3420d64d0a98d468842112d2c73e4","mv06e_diagram_v1:7f3f392651f6f78928508dca569eed23a150aca8c7bdf7c3d7ba754fee48d2a2",499,499,9.12378984380478,3.02056118027839,499,1996,,TRUE,TRUE,FALSE,0,1,"closed",FALSE,"a0232a6dd2b95e996c0e34eeb5187c04b2d02c6066f89aa0a0ad9c591ed02060"
"mv06e_rust_exact_result_v1","rust_scph_landscape_kernel_v1","primary","mv06e_pair_v1:83b3703cbd2948c012b36b6639a001a75abeb13d07d51c6ab4f1c64cf61f4f70","gene_topology_v1","H0","mv06e_diagram_v1:9c3339fc0d365183b770cbe52f8219b88a49559f2288050f4a7704e0f6fdbe5a","mv06e_diagram_v1:fcc482b51bc14569f7cfb9d4bbed945fa721a4129a99f82466e19c2d02ce4247",499,499,0.0532477021898123,0.230754636334381,499,1996,,TRUE,TRUE,FALSE,0,1,"closed",FALSE,"a0232a6dd2b95e996c0e34eeb5187c04b2d02c6066f89aa0a0ad9c591ed02060"
"mv06e_rust_exact_result_v1","rust_scph_landscape_kernel_v1","primary","mv06e_pair_v1:8468da6bd0fff013f3f649f4b9b2b5a9f23b0eff3e2ff2c499b245a571c5486d","gene_topology_v1","H0","mv06e_diagram_v1:6894c3e8ec1fb8f5f12e399580c8ee16dd55c0ad952f6432ebfee091407ad739","mv06e_diagram_v1:93f0bf8b75b22859bbd2622603f5e01bea73986c432dd95e164c78bb6b91ced9",499,499,0.714544330086534,0.845307240053304,499,1996,,TRUE,TRUE,FALSE,0,1,"closed",FALSE,"a0232a6dd2b95e996c0e34eeb5187c04b2d02c6066f89aa0a0ad9c591ed02060"
"mv06e_rust_exact_result_v1","rust_scph_landscape_kernel_v1","primary","mv06e_pair_v1:850a7552b7f74a19d5dfb0f5acc8aa70e4c6f9a0b3d9177fac36dff9967b9400","gene_topology_v1","H0","mv06e_diagram_v1:7f3f392651f6f78928508dca569eed23a150aca8c7bdf7c3d7ba754fee48d2a2","mv06e_diagram_v1:93f0bf8b75b22859bbd2622603f5e01bea73986c432dd95e164c78bb6b91ced9",499,499,0.693974764001444,0.833051477401874,499,1996,,TRUE,TRUE,FALSE,0,1,"closed",FALSE,"a0232a6dd2b95e996c0e34eeb5187c04b2d02c6066f89aa0a0ad9c591ed02060"
"mv06e_rust_exact_result_v1","rust_scph_landscape_kernel_v1","primary","mv06e_pair_v1:8520f0defe5fd547a7c068bc339198ee5710876d6ac35702188e6d7390791779","gene_topology_v1","H0","mv06e_diagram_v1:0a945cb301d10f662f4c1cbdaeddd51d470411f000c4f5e8769ec95bbc09089e","mv06e_diagram_v1:35415c3b4808383ed6cbbf5e3a3c705a24f3420d64d0a98d468842112d2c73e4",499,499,3.72127471295957,1.92906057783564,499,1996,,TRUE,TRUE,FALSE,0,1,"closed",FALSE,"a0232a6dd2b95e996c0e34eeb5187c04b2d02c6066f89aa0a0ad9c591ed02060"
"mv06e_rust_exact_result_v1","rust_scph_landscape_kernel_v1","primary","mv06e_pair_v1:85258e2da2b982d2d26cf42807d1f6e4f0886f9c0fca062b1db90ff4d2905ec1","gene_topology_v1","H0","mv06e_diagram_v1:6894c3e8ec1fb8f5f12e399580c8ee16dd55c0ad952f6432ebfee091407ad739","mv06e_diagram_v1:9c3339fc0d365183b770cbe52f8219b88a49559f2288050f4a7704e0f6fdbe5a",499,499,18.0310689673482,4.24630062140544,499,1996,,TRUE,TRUE,FALSE,0,1,"closed",FALSE,"a0232a6dd2b95e996c0e34eeb5187c04b2d02c6066f89aa0a0ad9c591ed02060"
"mv06e_rust_exact_result_v1","rust_scph_landscape_kernel_v1","primary","mv06e_pair_v1:85f5c46c2029cc6035da40e288a5eea2428e30b4adf329579a9342048f833b05","gene_topology_v1","H0","mv06e_diagram_v1:93f0bf8b75b22859bbd2622603f5e01bea73986c432dd95e164c78bb6b91ced9","mv06e_diagram_v1:b8e6af78f9c514f00c68c95837404f7f2a5d6a31d82376387f84225491051b79",499,499,1.55427930942912,1.24670738725217,499,1996,,TRUE,TRUE,FALSE,0,1,"closed",FALSE,"a0232a6dd2b95e996c0e34eeb5187c04b2d02c6066f89aa0a0ad9c591ed02060"
"mv06e_rust_exact_result_v1","rust_scph_landscape_kernel_v1","primary","mv06e_pair_v1:8883031dbeaad232605e9ce22001310d759af978cc19901131dea75607bd1d62","gene_topology_v1","H0","mv06e_diagram_v1:35415c3b4808383ed6cbbf5e3a3c705a24f3420d64d0a98d468842112d2c73e4","mv06e_diagram_v1:9d128228c16907b5c17c786cf2d534498b2e15ae679c63fc4b44c77e5b763765",499,499,22.5542775429471,4.74913439933501,499,1996,,TRUE,TRUE,FALSE,0,1,"closed",FALSE,"a0232a6dd2b95e996c0e34eeb5187c04b2d02c6066f89aa0a0ad9c591ed02060"
"mv06e_rust_exact_result_v1","rust_scph_landscape_kernel_v1","primary","mv06e_pair_v1:899f064b011f9dfe133b1dee846f35eb6957c6e3b4f70dc7ab187cae981d446d","gene_topology_v1","H0","mv06e_diagram_v1:0b90fead382638e5a3e1864357b2f63c24f25b74eff449909148c959b349d4ac","mv06e_diagram_v1:9c3339fc0d365183b770cbe52f8219b88a49559f2288050f4a7704e0f6fdbe5a",499,499,0.0210278699984643,0.145009896208722,499,1996,,TRUE,TRUE,FALSE,0,1,"closed",FALSE,"a0232a6dd2b95e996c0e34eeb5187c04b2d02c6066f89aa0a0ad9c591ed02060"
"mv06e_rust_exact_result_v1","rust_scph_landscape_kernel_v1","primary","mv06e_pair_v1:8cce70b63fcc1f713d21f42c412e901d9d033703dd041b898e8e829a003e6430","gene_topology_v1","H0","mv06e_diagram_v1:0b90fead382638e5a3e1864357b2f63c24f25b74eff449909148c959b349d4ac","mv06e_diagram_v1:6894c3e8ec1fb8f5f12e399580c8ee16dd55c0ad952f6432ebfee091407ad739",499,499,17.4204098357129,4.17377644774045,499,1996,,TRUE,TRUE,FALSE,0,1,"closed",FALSE,"a0232a6dd2b95e996c0e34eeb5187c04b2d02c6066f89aa0a0ad9c591ed02060"
"mv06e_rust_exact_result_v1","rust_scph_landscape_kernel_v1","primary","mv06e_pair_v1:8d13e3af5d4dd4c97673acbdc5ec052a7d85e50a94af7c83d089b8f01a8ddc41","gene_topology_v1","H0","mv06e_diagram_v1:6894c3e8ec1fb8f5f12e399580c8ee16dd55c0ad952f6432ebfee091407ad739","mv06e_diagram_v1:fcc482b51bc14569f7cfb9d4bbed945fa721a4129a99f82466e19c2d02ce4247",499,499,16.7069920863458,4.08741875593213,499,1996,,TRUE,TRUE,FALSE,0,1,"closed",FALSE,"a0232a6dd2b95e996c0e34eeb5187c04b2d02c6066f89aa0a0ad9c591ed02060"
"mv06e_rust_exact_result_v1","rust_scph_landscape_kernel_v1","primary","mv06e_pair_v1:92b95121bb6d6545d280a064742f4057cf0ed8f08e6f74728ab74417b55fa45e","gene_topology_v1","H0","mv06e_diagram_v1:7f3f392651f6f78928508dca569eed23a150aca8c7bdf7c3d7ba754fee48d2a2","mv06e_diagram_v1:b8e6af78f9c514f00c68c95837404f7f2a5d6a31d82376387f84225491051b79",499,499,1.40027499715135,1.18333215842018,499,1996,,TRUE,TRUE,FALSE,0,1,"closed",FALSE,"a0232a6dd2b95e996c0e34eeb5187c04b2d02c6066f89aa0a0ad9c591ed02060"
"mv06e_rust_exact_result_v1","rust_scph_landscape_kernel_v1","primary","mv06e_pair_v1:92d993b89adffad8f67c4a00f5dc6dd932ace9178a352efe3e8df8020f4a2e64","gene_topology_v1","H0","mv06e_diagram_v1:0a945cb301d10f662f4c1cbdaeddd51d470411f000c4f5e8769ec95bbc09089e","mv06e_diagram_v1:fcc482b51bc14569f7cfb9d4bbed945fa721a4129a99f82466e19c2d02ce4247",499,499,4.0998696650541,2.024813488955,499,1996,,TRUE,TRUE,FALSE,0,1,"closed",FALSE,"a0232a6dd2b95e996c0e34eeb5187c04b2d02c6066f89aa0a0ad9c591ed02060"
"mv06e_rust_exact_result_v1","rust_scph_landscape_kernel_v1","primary","mv06e_pair_v1:94cf2c3403d864607baa125e87ecbd8b9a76be00ecd1aa343ca9a9bfbad89fb5","gene_topology_v1","H0","mv06e_diagram_v1:b8e6af78f9c514f00c68c95837404f7f2a5d6a31d82376387f84225491051b79","mv06e_diagram_v1:fcc482b51bc14569f7cfb9d4bbed945fa721a4129a99f82466e19c2d02ce4247",499,499,5.98968208463002,2.44738270089294,499,1996,,TRUE,TRUE,FALSE,0,1,"closed",FALSE,"a0232a6dd2b95e996c0e34eeb5187c04b2d02c6066f89aa0a0ad9c591ed02060"
"mv06e_rust_exact_result_v1","rust_scph_landscape_kernel_v1","primary","mv06e_pair_v1:95aa5da6e29ef7dcc4862b2094fb09fe15b88f03a1827ed040fcdf8b2f95dbe4","gene_topology_v1","H0","mv06e_diagram_v1:35415c3b4808383ed6cbbf5e3a3c705a24f3420d64d0a98d468842112d2c73e4","mv06e_diagram_v1:fcc482b51bc14569f7cfb9d4bbed945fa721a4129a99f82466e19c2d02ce4247",499,499,0.0270336844263138,0.164419233748104,499,1996,,TRUE,TRUE,FALSE,0,1,"closed",FALSE,"a0232a6dd2b95e996c0e34eeb5187c04b2d02c6066f89aa0a0ad9c591ed02060"
"mv06e_rust_exact_result_v1","rust_scph_landscape_kernel_v1","primary","mv06e_pair_v1:9d98c8f1c7c3093ab5ef616163c5fc6d6087513c681b40bd0f980a8d0f3f676a","gene_topology_v1","H0","mv06e_diagram_v1:6894c3e8ec1fb8f5f12e399580c8ee16dd55c0ad952f6432ebfee091407ad739","mv06e_diagram_v1:7f3f392651f6f78928508dca569eed23a150aca8c7bdf7c3d7ba754fee48d2a2",499,499,1.38239666459988,1.17575365812736,499,1996,,TRUE,TRUE,FALSE,0,1,"closed",FALSE,"a0232a6dd2b95e996c0e34eeb5187c04b2d02c6066f89aa0a0ad9c591ed02060"
"mv06e_rust_exact_result_v1","rust_scph_landscape_kernel_v1","primary","mv06e_pair_v1:9e62090bf8c8d45f356ca7326cb3a75956e4ee0835cbd663fb86c58d4fc95599","gene_topology_v1","H0","mv06e_diagram_v1:0a945cb301d10f662f4c1cbdaeddd51d470411f000c4f5e8769ec95bbc09089e","mv06e_diagram_v1:9d128228c16907b5c17c786cf2d534498b2e15ae679c63fc4b44c77e5b763765",499,499,10.0216204002576,3.16569429987446,499,1996,,TRUE,TRUE,FALSE,0,1,"closed",FALSE,"a0232a6dd2b95e996c0e34eeb5187c04b2d02c6066f89aa0a0ad9c591ed02060"
"mv06e_rust_exact_result_v1","rust_scph_landscape_kernel_v1","primary","mv06e_pair_v1:b1894a97a6035f58bf70eb51195fd355a69b24163459e4fa721244017f14a0cc","gene_topology_v1","H0","mv06e_diagram_v1:0b90fead382638e5a3e1864357b2f63c24f25b74eff449909148c959b349d4ac","mv06e_diagram_v1:93f0bf8b75b22859bbd2622603f5e01bea73986c432dd95e164c78bb6b91ced9",499,499,12.8017592076007,3.57795461228908,499,1996,,TRUE,TRUE,FALSE,0,1,"closed",FALSE,"a0232a6dd2b95e996c0e34eeb5187c04b2d02c6066f89aa0a0ad9c591ed02060"
"mv06e_rust_exact_result_v1","rust_scph_landscape_kernel_v1","primary","mv06e_pair_v1:c74253762cde3b7f977e9659f3619c5860dfd048b0d49f921dfed4d27ba55bf1","gene_topology_v1","H0","mv06e_diagram_v1:0b90fead382638e5a3e1864357b2f63c24f25b74eff449909148c959b349d4ac","mv06e_diagram_v1:b8e6af78f9c514f00c68c95837404f7f2a5d6a31d82376387f84225491051b79",499,499,6.45006415811304,2.53969765092482,499,1996,,TRUE,TRUE,FALSE,0,1,"closed",FALSE,"a0232a6dd2b95e996c0e34eeb5187c04b2d02c6066f89aa0a0ad9c591ed02060"
"mv06e_rust_exact_result_v1","rust_scph_landscape_kernel_v1","primary","mv06e_pair_v1:cc1f042fa209ac0aec18e2cd5c5ca34ed78c43e24a3ec5b8f3afada39c05acdc","gene_topology_v1","H0","mv06e_diagram_v1:35415c3b4808383ed6cbbf5e3a3c705a24f3420d64d0a98d468842112d2c73e4","mv06e_diagram_v1:6894c3e8ec1fb8f5f12e399580c8ee16dd55c0ad952f6432ebfee091407ad739",499,499,16.0602255639367,4.00752112457772,499,1996,,TRUE,TRUE,FALSE,0,1,"closed",FALSE,"a0232a6dd2b95e996c0e34eeb5187c04b2d02c6066f89aa0a0ad9c591ed02060"
"mv06e_rust_exact_result_v1","rust_scph_landscape_kernel_v1","primary","mv06e_pair_v1:d126e7a792322c359db89f7ece62383b9244dba5a7ba22642c5e4f480e6b867a","gene_topology_v1","H0","mv06e_diagram_v1:7f3f392651f6f78928508dca569eed23a150aca8c7bdf7c3d7ba754fee48d2a2","mv06e_diagram_v1:fcc482b51bc14569f7cfb9d4bbed945fa721a4129a99f82466e19c2d02ce4247",499,499,9.64398518486559,3.1054766437482,499,1996,,TRUE,TRUE,FALSE,0,1,"closed",FALSE,"a0232a6dd2b95e996c0e34eeb5187c04b2d02c6066f89aa0a0ad9c591ed02060"
"mv06e_rust_exact_result_v1","rust_scph_landscape_kernel_v1","primary","mv06e_pair_v1:d7330d77c0f1e3e4e3b9ef64665eae76692c8d7b8516121b26fcff9bfe01481e","gene_topology_v1","H0","mv06e_diagram_v1:0a945cb301d10f662f4c1cbdaeddd51d470411f000c4f5e8769ec95bbc09089e","mv06e_diagram_v1:0b90fead382638e5a3e1864357b2f63c24f25b74eff449909148c959b349d4ac",499,499,4.46257707584776,2.11248126047257,499,1996,,TRUE,TRUE,FALSE,0,1,"closed",FALSE,"a0232a6dd2b95e996c0e34eeb5187c04b2d02c6066f89aa0a0ad9c591ed02060"
"mv06e_rust_exact_result_v1","rust_scph_landscape_kernel_v1","primary","mv06e_pair_v1:dc2c8c1e2f9c6258f0bda8f582ab21a2a84074562a935d83e414977a789e5176","gene_topology_v1","H0","mv06e_diagram_v1:0a945cb301d10f662f4c1cbdaeddd51d470411f000c4f5e8769ec95bbc09089e","mv06e_diagram_v1:9c3339fc0d365183b770cbe52f8219b88a49559f2288050f4a7704e0f6fdbe5a",499,499,4.80341786310208,2.19167010818282,499,1996,,TRUE,TRUE,FALSE,0,1,"closed",FALSE,"a0232a6dd2b95e996c0e34eeb5187c04b2d02c6066f89aa0a0ad9c591ed02060"
"mv06e_rust_exact_result_v1","rust_scph_landscape_kernel_v1","primary","mv06e_pair_v1:e44c3d7d44059d1c12cdc5589de381d0e89a19e6315f1cf87f2375ee17d11361","gene_topology_v1","H0","mv06e_diagram_v1:7f3f392651f6f78928508dca569eed23a150aca8c7bdf7c3d7ba754fee48d2a2","mv06e_diagram_v1:9c3339fc0d365183b770cbe52f8219b88a49559f2288050f4a7704e0f6fdbe5a",499,499,10.706959102905,3.27214900377489,499,1996,,TRUE,TRUE,FALSE,0,1,"closed",FALSE,"a0232a6dd2b95e996c0e34eeb5187c04b2d02c6066f89aa0a0ad9c591ed02060"
"mv06e_rust_exact_result_v1","rust_scph_landscape_kernel_v1","primary","mv06e_pair_v1:f32ac31c8531c1d308d512c6740405709a14d0a876605efdb91dc80712768ff6","gene_topology_v1","H0","mv06e_diagram_v1:0a945cb301d10f662f4c1cbdaeddd51d470411f000c4f5e8769ec95bbc09089e","mv06e_diagram_v1:93f0bf8b75b22859bbd2622603f5e01bea73986c432dd95e164c78bb6b91ced9",499,499,2.66196288447148,1.6315522929013,499,1996,,TRUE,TRUE,FALSE,0,1,"closed",FALSE,"a0232a6dd2b95e996c0e34eeb5187c04b2d02c6066f89aa0a0ad9c591ed02060"
"mv06e_rust_exact_result_v1","rust_scph_landscape_kernel_v1","primary","mv06e_pair_v1:f6e87149700b40e273c84b38c4d276b777eda822abc82d59afc7e607675bad0e","gene_topology_v1","H0","mv06e_diagram_v1:35415c3b4808383ed6cbbf5e3a3c705a24f3420d64d0a98d468842112d2c73e4","mv06e_diagram_v1:9c3339fc0d365183b770cbe52f8219b88a49559f2288050f4a7704e0f6fdbe5a",499,499,0.0979717010410202,0.313004314732274,499,1996,,TRUE,TRUE,FALSE,0,1,"closed",FALSE,"a0232a6dd2b95e996c0e34eeb5187c04b2d02c6066f89aa0a0ad9c591ed02060"
"mv06e_rust_exact_result_v1","rust_scph_landscape_kernel_v1","primary","mv06e_pair_v1:f7077c3d05b131d10b8e44d6c9e5cd3a4ad7b05d832b36c3bc1456fe18653cc8","gene_topology_v1","H0","mv06e_diagram_v1:93f0bf8b75b22859bbd2622603f5e01bea73986c432dd95e164c78bb6b91ced9","mv06e_diagram_v1:9d128228c16907b5c17c786cf2d534498b2e15ae679c63fc4b44c77e5b763765",499,499,3.34569774542641,1.82912485780124,499,1996,,TRUE,TRUE,FALSE,0,1,"closed",FALSE,"a0232a6dd2b95e996c0e34eeb5187c04b2d02c6066f89aa0a0ad9c591ed02060"
"mv06e_rust_exact_result_v1","rust_scph_landscape_kernel_v1","primary","mv06e_pair_v1:f838258c41445542ddc2740e3164a23fedebb888e8afdfe38cb777b0d7d38d8f","gene_topology_v1","H0","mv06e_diagram_v1:0a945cb301d10f662f4c1cbdaeddd51d470411f000c4f5e8769ec95bbc09089e","mv06e_diagram_v1:7f3f392651f6f78928508dca569eed23a150aca8c7bdf7c3d7ba754fee48d2a2",499,499,1.81170996172734,1.34599775695479,499,1996,,TRUE,TRUE,FALSE,0,1,"closed",FALSE,"a0232a6dd2b95e996c0e34eeb5187c04b2d02c6066f89aa0a0ad9c591ed02060"
"mv06e_rust_exact_result_v1","rust_scph_landscape_kernel_v1","primary","mv06e_pair_v1:ff36a4cb0b6a400b059dbcb1a2c658777383f9ac6ea3fae68f89418a3b6f2fb0","gene_topology_v1","H0","mv06e_diagram_v1:9c3339fc0d365183b770cbe52f8219b88a49559f2288050f4a7704e0f6fdbe5a","mv06e_diagram_v1:9d128228c16907b5c17c786cf2d534498b2e15ae679c63fc4b44c77e5b763765",499,499,24.7296547212637,4.97289198769324,499,1996,,TRUE,TRUE,FALSE,0,1,"closed",FALSE,"a0232a6dd2b95e996c0e34eeb5187c04b2d02c6066f89aa0a0ad9c591ed02060"
"mv06e_rust_exact_result_v1","rust_scph_landscape_kernel_v1","primary","mv06e_pair_v1:ffacedfae95608905496659eb90771622ebdb7f9224faf21886d4c380492a1b2","gene_topology_v1","H0","mv06e_diagram_v1:6894c3e8ec1fb8f5f12e399580c8ee16dd55c0ad952f6432ebfee091407ad739","mv06e_diagram_v1:b8e6af78f9c514f00c68c95837404f7f2a5d6a31d82376387f84225491051b79",499,499,3.97006724094064,1.99250275807604,499,1996,,TRUE,TRUE,FALSE,0,1,"closed",FALSE,"a0232a6dd2b95e996c0e34eeb5187c04b2d02c6066f89aa0a0ad9c591ed02060"
"mv06e_rust_exact_result_v1","rust_scph_landscape_kernel_v1","primary","mv06e_pair_v1:0788fcf4ba0d257b00939c8be314ea12eb6b453f1b45c657b2a7e41f0c5c60b2","gene_topology_v1","H1","mv06e_diagram_v1:93f0bf8b75b22859bbd2622603f5e01bea73986c432dd95e164c78bb6b91ced9","mv06e_diagram_v1:fcc482b51bc14569f7cfb9d4bbed945fa721a4129a99f82466e19c2d02ce4247",1102,120,0.00122499420012419,0.0349999171445332,364,245518,,TRUE,TRUE,FALSE,0,1,"closed",FALSE,"a0232a6dd2b95e996c0e34eeb5187c04b2d02c6066f89aa0a0ad9c591ed02060"
"mv06e_rust_exact_result_v1","rust_scph_landscape_kernel_v1","primary","mv06e_pair_v1:095119c61a89460260ff857fd7d0ded195df5f1cbb361b78e7421208ba6d633d","gene_topology_v1","H1","mv06e_diagram_v1:0b90fead382638e5a3e1864357b2f63c24f25b74eff449909148c959b349d4ac","mv06e_diagram_v1:b8e6af78f9c514f00c68c95837404f7f2a5d6a31d82376387f84225491051b79",105,476,0.000559320207316467,0.0236499515288397,105,32066,,TRUE,TRUE,FALSE,0,1,"closed",FALSE,"a0232a6dd2b95e996c0e34eeb5187c04b2d02c6066f89aa0a0ad9c591ed02060"
"mv06e_rust_exact_result_v1","rust_scph_landscape_kernel_v1","primary","mv06e_pair_v1:0d492bde83edc49660ef68ffac8eb07ce2966c462daa8aa452c6eb62eac3910a","gene_topology_v1","H1","mv06e_diagram_v1:6894c3e8ec1fb8f5f12e399580c8ee16dd55c0ad952f6432ebfee091407ad739","mv06e_diagram_v1:93f0bf8b75b22859bbd2622603f5e01bea73986c432dd95e164c78bb6b91ced9",1635,1102,0.0003203974488014,0.0178996494044269,664,866161,,TRUE,TRUE,FALSE,0,1,"closed",FALSE,"a0232a6dd2b95e996c0e34eeb5187c04b2d02c6066f89aa0a0ad9c591ed02060"
"mv06e_rust_exact_result_v1","rust_scph_landscape_kernel_v1","primary","mv06e_pair_v1:1aba078e7681b0a1c3c23d837014f81ac800aa63a53cac62739d616b4ca59a1d","gene_topology_v1","H1","mv06e_diagram_v1:6894c3e8ec1fb8f5f12e399580c8ee16dd55c0ad952f6432ebfee091407ad739","mv06e_diagram_v1:9c3339fc0d365183b770cbe52f8219b88a49559f2288050f4a7704e0f6fdbe5a",1635,111,0.00180164316603352,0.0424457673512156,664,622206,,TRUE,TRUE,FALSE,0,1,"closed",FALSE,"a0232a6dd2b95e996c0e34eeb5187c04b2d02c6066f89aa0a0ad9c591ed02060"
"mv06e_rust_exact_result_v1","rust_scph_landscape_kernel_v1","primary","mv06e_pair_v1:1b0d6126fdc790fb36a28dde175c67428146ba241555b1dab3aaff2aef977d9d","gene_topology_v1","H1","mv06e_diagram_v1:9d128228c16907b5c17c786cf2d534498b2e15ae679c63fc4b44c77e5b763765","mv06e_diagram_v1:fcc482b51bc14569f7cfb9d4bbed945fa721a4129a99f82466e19c2d02ce4247",2540,120,0.00279026859041234,0.0528229930088436,1266,1705900,,TRUE,TRUE,FALSE,0,1,"closed",FALSE,"a0232a6dd2b95e996c0e34eeb5187c04b2d02c6066f89aa0a0ad9c591ed02060"
"mv06e_rust_exact_result_v1","rust_scph_landscape_kernel_v1","primary","mv06e_pair_v1:1c20f31a5f171632c324b48ab6eb060c15244c9af7efe800649140903cf271c4","gene_topology_v1","H1","mv06e_diagram_v1:0b90fead382638e5a3e1864357b2f63c24f25b74eff449909148c959b349d4ac","mv06e_diagram_v1:35415c3b4808383ed6cbbf5e3a3c705a24f3420d64d0a98d468842112d2c73e4",105,118,0.000182851930461194,0.0135222753433434,16,1675,,TRUE,TRUE,FALSE,0,1,"closed",FALSE,"a0232a6dd2b95e996c0e34eeb5187c04b2d02c6066f89aa0a0ad9c591ed02060"
"mv06e_rust_exact_result_v1","rust_scph_landscape_kernel_v1","primary","mv06e_pair_v1:209c592bf3d8f5cf50e118b434198ce5e656fe2a40b280f329dd48897f5f2656","gene_topology_v1","H1","mv06e_diagram_v1:6894c3e8ec1fb8f5f12e399580c8ee16dd55c0ad952f6432ebfee091407ad739","mv06e_diagram_v1:fcc482b51bc14569f7cfb9d4bbed945fa721a4129a99f82466e19c2d02ce4247",1635,120,0.00185301912120416,0.0430467085989644,664,622359,,TRUE,TRUE,FALSE,0,1,"closed",FALSE,"a0232a6dd2b95e996c0e34eeb5187c04b2d02c6066f89aa0a0ad9c591ed02060"
"mv06e_rust_exact_result_v1","rust_scph_landscape_kernel_v1","primary","mv06e_pair_v1:2636e2b3b68afbbc78e535ddf311f625a5347f60068ef01d257bbee3ad2ba7fa","gene_topology_v1","H1","mv06e_diagram_v1:0a945cb301d10f662f4c1cbdaeddd51d470411f000c4f5e8769ec95bbc09089e","mv06e_diagram_v1:6894c3e8ec1fb8f5f12e399580c8ee16dd55c0ad952f6432ebfee091407ad739",289,1635,0.00167009107322558,0.0408667477691286,664,626726,,TRUE,TRUE,FALSE,0,1,"closed",FALSE,"a0232a6dd2b95e996c0e34eeb5187c04b2d02c6066f89aa0a0ad9c591ed02060"
"mv06e_rust_exact_result_v1","rust_scph_landscape_kernel_v1","primary","mv06e_pair_v1:35c153adbd80ecdec99d59f5db08b2aa0fdb216eac37d6ca55f63934ee3a2beb","gene_topology_v1","H1","mv06e_diagram_v1:93f0bf8b75b22859bbd2622603f5e01bea73986c432dd95e164c78bb6b91ced9","mv06e_diagram_v1:9c3339fc0d365183b770cbe52f8219b88a49559f2288050f4a7704e0f6fdbe5a",1102,111,0.0011968629113769,0.0345957065454212,364,245365,,TRUE,TRUE,FALSE,0,1,"closed",FALSE,"a0232a6dd2b95e996c0e34eeb5187c04b2d02c6066f89aa0a0ad9c591ed02060"
"mv06e_rust_exact_result_v1","rust_scph_landscape_kernel_v1","primary","mv06e_pair_v1:39ad10aa51974f7cb18a655c083bf972a4ccca4d441b1c579bd69d5c3dd98fe7","gene_topology_v1","H1","mv06e_diagram_v1:9c3339fc0d365183b770cbe52f8219b88a49559f2288050f4a7704e0f6fdbe5a","mv06e_diagram_v1:b8e6af78f9c514f00c68c95837404f7f2a5d6a31d82376387f84225491051b79",111,476,0.0004602206454468,0.0214527537963498,105,32204,,TRUE,TRUE,FALSE,0,1,"closed",FALSE,"a0232a6dd2b95e996c0e34eeb5187c04b2d02c6066f89aa0a0ad9c591ed02060"
"mv06e_rust_exact_result_v1","rust_scph_landscape_kernel_v1","primary","mv06e_pair_v1:47946942237c141a0a50e183e2dcdbecd154195ad5fb66084191c5a24cf929a2","gene_topology_v1","H1","mv06e_diagram_v1:0a945cb301d10f662f4c1cbdaeddd51d470411f000c4f5e8769ec95bbc09089e","mv06e_diagram_v1:9d128228c16907b5c17c786cf2d534498b2e15ae679c63fc4b44c77e5b763765",289,2540,0.00253013299450904,0.0503004273789899,1266,1710267,,TRUE,TRUE,FALSE,0,1,"closed",FALSE,"a0232a6dd2b95e996c0e34eeb5187c04b2d02c6066f89aa0a0ad9c591ed02060"
"mv06e_rust_exact_result_v1","rust_scph_landscape_kernel_v1","primary","mv06e_pair_v1:4c7764c5fc86a2dd436741f5aac09a5827daca50cf9100baad30dbc3334298ac","gene_topology_v1","H1","mv06e_diagram_v1:b8e6af78f9c514f00c68c95837404f7f2a5d6a31d82376387f84225491051b79","mv06e_diagram_v1:fcc482b51bc14569f7cfb9d4bbed945fa721a4129a99f82466e19c2d02ce4247",476,120,0.000477523550202981,0.0218523122392799,105,32357,,TRUE,TRUE,FALSE,0,1,"closed",FALSE,"a0232a6dd2b95e996c0e34eeb5187c04b2d02c6066f89aa0a0ad9c591ed02060"
"mv06e_rust_exact_result_v1","rust_scph_landscape_kernel_v1","primary","mv06e_pair_v1:5dfac55544b8291a47efb27cd33b61723aeca5baa761793435afa51fc2e5d7df","gene_topology_v1","H1","mv06e_diagram_v1:0a945cb301d10f662f4c1cbdaeddd51d470411f000c4f5e8769ec95bbc09089e","mv06e_diagram_v1:b8e6af78f9c514f00c68c95837404f7f2a5d6a31d82376387f84225491051b79",289,476,0.00044924243419908,0.021195339917045,105,36724,,TRUE,TRUE,FALSE,0,1,"closed",FALSE,"a0232a6dd2b95e996c0e34eeb5187c04b2d02c6066f89aa0a0ad9c591ed02060"
"mv06e_rust_exact_result_v1","rust_scph_landscape_kernel_v1","primary","mv06e_pair_v1:62dd28068fb061c04401697154eed75263215092244b0b3345c637e9ff3ac866","gene_topology_v1","H1","mv06e_diagram_v1:0a945cb301d10f662f4c1cbdaeddd51d470411f000c4f5e8769ec95bbc09089e","mv06e_diagram_v1:fcc482b51bc14569f7cfb9d4bbed945fa721a4129a99f82466e19c2d02ce4247",289,120,0.000304408064633193,0.0174472939057377,28,6419,,TRUE,TRUE,FALSE,0,1,"closed",FALSE,"a0232a6dd2b95e996c0e34eeb5187c04b2d02c6066f89aa0a0ad9c591ed02060"
"mv06e_rust_exact_result_v1","rust_scph_landscape_kernel_v1","primary","mv06e_pair_v1:63403051213b49c8f423b114e106eb23404a0bcd4e28e4c37ded027f7d5e37a0","gene_topology_v1","H1","mv06e_diagram_v1:9d128228c16907b5c17c786cf2d534498b2e15ae679c63fc4b44c77e5b763765","mv06e_diagram_v1:b8e6af78f9c514f00c68c95837404f7f2a5d6a31d82376387f84225491051b79",2540,476,0.00209281544512606,0.045747299867053,1266,1736282,,TRUE,TRUE,FALSE,0,1,"closed",FALSE,"a0232a6dd2b95e996c0e34eeb5187c04b2d02c6066f89aa0a0ad9c591ed02060"
"mv06e_rust_exact_result_v1","rust_scph_landscape_kernel_v1","primary","mv06e_pair_v1:6665c09e1686fdaeb94eb5e5ee332ea7a9e8296291b2bdc10167b7edc75033d8","gene_topology_v1","H1","mv06e_diagram_v1:0a945cb301d10f662f4c1cbdaeddd51d470411f000c4f5e8769ec95bbc09089e","mv06e_diagram_v1:35415c3b4808383ed6cbbf5e3a3c705a24f3420d64d0a98d468842112d2c73e4",289,118,0.000309848880748729,0.0176025248401679,28,6321,,TRUE,TRUE,FALSE,0,1,"closed",FALSE,"a0232a6dd2b95e996c0e34eeb5187c04b2d02c6066f89aa0a0ad9c591ed02060"
"mv06e_rust_exact_result_v1","rust_scph_landscape_kernel_v1","primary","mv06e_pair_v1:68d8498af610fafbe8eed576302692b18a150ecabe2e278e1793b250ae535bdd","gene_topology_v1","H1","mv06e_diagram_v1:0b90fead382638e5a3e1864357b2f63c24f25b74eff449909148c959b349d4ac","mv06e_diagram_v1:7f3f392651f6f78928508dca569eed23a150aca8c7bdf7c3d7ba754fee48d2a2",105,532,0.00076997434143875,0.0277484115119902,151,44988,,TRUE,TRUE,FALSE,0,1,"closed",FALSE,"a0232a6dd2b95e996c0e34eeb5187c04b2d02c6066f89aa0a0ad9c591ed02060"
"mv06e_rust_exact_result_v1","rust_scph_landscape_kernel_v1","primary","mv06e_pair_v1:70fbe45e6103a64178ada6e430760a978db073ce6fedffb859132d2e3ad2483d","gene_topology_v1","H1","mv06e_diagram_v1:9c3339fc0d365183b770cbe52f8219b88a49559f2288050f4a7704e0f6fdbe5a","mv06e_diagram_v1:fcc482b51bc14569f7cfb9d4bbed945fa721a4129a99f82466e19c2d02ce4247",111,120,0.000156523032473261,0.0125109165321035,15,1912,,TRUE,TRUE,FALSE,0,1,"closed",FALSE,"a0232a6dd2b95e996c0e34eeb5187c04b2d02c6066f89aa0a0ad9c591ed02060"
"mv06e_rust_exact_result_v1","rust_scph_landscape_kernel_v1","primary","mv06e_pair_v1:73fd835485fca4c5853ffc709ccf5f19ce86591320fea87c571e82d938471f22","gene_topology_v1","H1","mv06e_diagram_v1:7f3f392651f6f78928508dca569eed23a150aca8c7bdf7c3d7ba754fee48d2a2","mv06e_diagram_v1:fcc482b51bc14569f7cfb9d4bbed945fa721a4129a99f82466e19c2d02ce4247",532,120,0.000669210039497288,0.025869094292172,151,45279,,TRUE,TRUE,FALSE,0,1,"closed",FALSE,"a0232a6dd2b95e996c0e34eeb5187c04b2d02c6066f89aa0a0ad9c591ed02060"
"mv06e_rust_exact_result_v1","rust_scph_landscape_kernel_v1","primary","mv06e_pair_v1:8232cb4291d8c65e7d19d3b7c3ba43c015148199277c8477a957ab6a219a6b81","gene_topology_v1","H1","mv06e_diagram_v1:6894c3e8ec1fb8f5f12e399580c8ee16dd55c0ad952f6432ebfee091407ad739","mv06e_diagram_v1:9d128228c16907b5c17c786cf2d534498b2e15ae679c63fc4b44c77e5b763765",1635,2540,0.00068901658367765,0.0262491253888134,1266,2326843,,TRUE,TRUE,FALSE,0,1,"closed",FALSE,"a0232a6dd2b95e996c0e34eeb5187c04b2d02c6066f89aa0a0ad9c591ed02060"
"mv06e_rust_exact_result_v1","rust_scph_landscape_kernel_v1","primary","mv06e_pair_v1:843c20a0540d7eb67509149bdc7025f07b08a001f9d4c4acaab213e672c8f0dd","gene_topology_v1","H1","mv06e_diagram_v1:0b90fead382638e5a3e1864357b2f63c24f25b74eff449909148c959b349d4ac","mv06e_diagram_v1:9d128228c16907b5c17c786cf2d534498b2e15ae679c63fc4b44c77e5b763765",105,2540,0.00283072711435334,0.0532045779454489,1266,1705609,,TRUE,TRUE,FALSE,0,1,"closed",FALSE,"a0232a6dd2b95e996c0e34eeb5187c04b2d02c6066f89aa0a0ad9c591ed02060"
"mv06e_rust_exact_result_v1","rust_scph_landscape_kernel_v1","primary","mv06e_pair_v1:8ce891c8777abc8dd7feecfba4392df818e36921abcc1055c943e08ec1c070ca","gene_topology_v1","H1","mv06e_diagram_v1:35415c3b4808383ed6cbbf5e3a3c705a24f3420d64d0a98d468842112d2c73e4","mv06e_diagram_v1:fcc482b51bc14569f7cfb9d4bbed945fa721a4129a99f82466e19c2d02ce4247",118,120,0.000207228881524217,0.0143954465552207,16,1966,,TRUE,TRUE,FALSE,0,1,"closed",FALSE,"a0232a6dd2b95e996c0e34eeb5187c04b2d02c6066f89aa0a0ad9c591ed02060"
"mv06e_rust_exact_result_v1","rust_scph_landscape_kernel_v1","primary","mv06e_pair_v1:929a3503156031fc093488df93dc55a0fce2d1b0e9292552ed4f0dea4c36922e","gene_topology_v1","H1","mv06e_diagram_v1:93f0bf8b75b22859bbd2622603f5e01bea73986c432dd95e164c78bb6b91ced9","mv06e_diagram_v1:9d128228c16907b5c17c786cf2d534498b2e15ae679c63fc4b44c77e5b763765",1102,2540,0.00147760101366954,0.0384395761380058,1266,1949702,,TRUE,TRUE,FALSE,0,1,"closed",FALSE,"a0232a6dd2b95e996c0e34eeb5187c04b2d02c6066f89aa0a0ad9c591ed02060"
"mv06e_rust_exact_result_v1","rust_scph_landscape_kernel_v1","primary","mv06e_pair_v1:92c5b76f61e687c95cea2dc880b6f250f1ed4963261cba2338e934d0e119c028","gene_topology_v1","H1","mv06e_diagram_v1:35415c3b4808383ed6cbbf5e3a3c705a24f3420d64d0a98d468842112d2c73e4","mv06e_diagram_v1:9d128228c16907b5c17c786cf2d534498b2e15ae679c63fc4b44c77e5b763765",118,2540,0.0027955625052813,0.0528730792112706,1266,1705802,,TRUE,TRUE,FALSE,0,1,"closed",FALSE,"a0232a6dd2b95e996c0e34eeb5187c04b2d02c6066f89aa0a0ad9c591ed02060"
"mv06e_rust_exact_result_v1","rust_scph_landscape_kernel_v1","primary","mv06e_pair_v1:931232262a2701a3e55dc5b556c1d3f37686949e50ff1efecb1604758393d971","gene_topology_v1","H1","mv06e_diagram_v1:93f0bf8b75b22859bbd2622603f5e01bea73986c432dd95e164c78bb6b91ced9","mv06e_diagram_v1:b8e6af78f9c514f00c68c95837404f7f2a5d6a31d82376387f84225491051b79",1102,476,0.000450547973800788,0.0212261153723612,364,275900,,TRUE,TRUE,FALSE,0,1,"closed",FALSE,"a0232a6dd2b95e996c0e34eeb5187c04b2d02c6066f89aa0a0ad9c591ed02060"
"mv06e_rust_exact_result_v1","rust_scph_landscape_kernel_v1","primary","mv06e_pair_v1:94db2390f34629391802e10089ff6c457aa4f038efe153bb1b3344bd68af6768","gene_topology_v1","H1","mv06e_diagram_v1:6894c3e8ec1fb8f5f12e399580c8ee16dd55c0ad952f6432ebfee091407ad739","mv06e_diagram_v1:b8e6af78f9c514f00c68c95837404f7f2a5d6a31d82376387f84225491051b79",1635,476,0.00102765423957391,0.0320570466445977,664,652741,,TRUE,TRUE,FALSE,0,1,"closed",FALSE,"a0232a6dd2b95e996c0e34eeb5187c04b2d02c6066f89aa0a0ad9c591ed02060"
"mv06e_rust_exact_result_v1","rust_scph_landscape_kernel_v1","primary","mv06e_pair_v1:9d723176c8fc096b38fe0a5643d30e72104bd58324a7d2cc7fc565004c90bdee","gene_topology_v1","H1","mv06e_diagram_v1:6894c3e8ec1fb8f5f12e399580c8ee16dd55c0ad952f6432ebfee091407ad739","mv06e_diagram_v1:7f3f392651f6f78928508dca569eed23a150aca8c7bdf7c3d7ba754fee48d2a2",1635,532,0.000870568740654905,0.0295054018893982,664,665709,,TRUE,TRUE,FALSE,0,1,"closed",FALSE,"a0232a6dd2b95e996c0e34eeb5187c04b2d02c6066f89aa0a0ad9c591ed02060"
"mv06e_rust_exact_result_v1","rust_scph_landscape_kernel_v1","primary","mv06e_pair_v1:9fc99b407485706191c1eb0e93541e68e6d5917b2dd4acb96352d99a5e51268d","gene_topology_v1","H1","mv06e_diagram_v1:9c3339fc0d365183b770cbe52f8219b88a49559f2288050f4a7704e0f6fdbe5a","mv06e_diagram_v1:9d128228c16907b5c17c786cf2d534498b2e15ae679c63fc4b44c77e5b763765",111,2540,0.00270881380149578,0.0520462659707282,1266,1705747,,TRUE,TRUE,FALSE,0,1,"closed",FALSE,"a0232a6dd2b95e996c0e34eeb5187c04b2d02c6066f89aa0a0ad9c591ed02060"
"mv06e_rust_exact_result_v1","rust_scph_landscape_kernel_v1","primary","mv06e_pair_v1:a2f2903e0a598d31bb04d7e8303cbd55015d5a8c311083a10774a8192c77f373","gene_topology_v1","H1","mv06e_diagram_v1:7f3f392651f6f78928508dca569eed23a150aca8c7bdf7c3d7ba754fee48d2a2","mv06e_diagram_v1:9d128228c16907b5c17c786cf2d534498b2e15ae679c63fc4b44c77e5b763765",532,2540,0.00193431260551143,0.0439808208826464,1266,1749250,,TRUE,TRUE,FALSE,0,1,"closed",FALSE,"a0232a6dd2b95e996c0e34eeb5187c04b2d02c6066f89aa0a0ad9c591ed02060"
"mv06e_rust_exact_result_v1","rust_scph_landscape_kernel_v1","primary","mv06e_pair_v1:a663b3eee6fd09d652f48f2634883bf001a3fdbdc72205018383a107e6da8fcc","gene_topology_v1","H1","mv06e_diagram_v1:0b90fead382638e5a3e1864357b2f63c24f25b74eff449909148c959b349d4ac","mv06e_diagram_v1:9c3339fc0d365183b770cbe52f8219b88a49559f2288050f4a7704e0f6fdbe5a",105,111,0.000170948575618131,0.0130747304223885,13,1623,,TRUE,TRUE,FALSE,0,1,"closed",FALSE,"a0232a6dd2b95e996c0e34eeb5187c04b2d02c6066f89aa0a0ad9c591ed02060"
"mv06e_rust_exact_result_v1","rust_scph_landscape_kernel_v1","primary","mv06e_pair_v1:a701f109d2beaa45a74ad6d44139472d12793bfdb512663e38f61ddfe993db80","gene_topology_v1","H1","mv06e_diagram_v1:0b90fead382638e5a3e1864357b2f63c24f25b74eff449909148c959b349d4ac","mv06e_diagram_v1:6894c3e8ec1fb8f5f12e399580c8ee16dd55c0ad952f6432ebfee091407ad739",105,1635,0.00191967241928684,0.0438140664545855,664,622068,,TRUE,TRUE,FALSE,0,1,"closed",FALSE,"a0232a6dd2b95e996c0e34eeb5187c04b2d02c6066f89aa0a0ad9c591ed02060"
"mv06e_rust_exact_result_v1","rust_scph_landscape_kernel_v1","primary","mv06e_pair_v1:aa127318025cdc8b1304db426a05a3b17288455f7dcc6ddaf26c890270955d3b","gene_topology_v1","H1","mv06e_diagram_v1:35415c3b4808383ed6cbbf5e3a3c705a24f3420d64d0a98d468842112d2c73e4","mv06e_diagram_v1:6894c3e8ec1fb8f5f12e399580c8ee16dd55c0ad952f6432ebfee091407ad739",118,1635,0.0019041701583839,0.0436367982141667,664,622261,,TRUE,TRUE,FALSE,0,1,"closed",FALSE,"a0232a6dd2b95e996c0e34eeb5187c04b2d02c6066f89aa0a0ad9c591ed02060"
"mv06e_rust_exact_result_v1","rust_scph_landscape_kernel_v1","primary","mv06e_pair_v1:ab8a9ded63381ee7e622618248c6fd3d665996252ccbf00a060ab5bff5ff9e64","gene_topology_v1","H1","mv06e_diagram_v1:0b90fead382638e5a3e1864357b2f63c24f25b74eff449909148c959b349d4ac","mv06e_diagram_v1:93f0bf8b75b22859bbd2622603f5e01bea73986c432dd95e164c78bb6b91ced9",105,1102,0.00130862777043117,0.0361749605449843,364,245227,,TRUE,TRUE,FALSE,0,1,"closed",FALSE,"a0232a6dd2b95e996c0e34eeb5187c04b2d02c6066f89aa0a0ad9c591ed02060"
"mv06e_rust_exact_result_v1","rust_scph_landscape_kernel_v1","primary","mv06e_pair_v1:abd4d7cfb69840f0552b4301ac5c0960dbbe68e451beeecd19bb5958b32339c3","gene_topology_v1","H1","mv06e_diagram_v1:7f3f392651f6f78928508dca569eed23a150aca8c7bdf7c3d7ba754fee48d2a2","mv06e_diagram_v1:93f0bf8b75b22859bbd2622603f5e01bea73986c432dd95e164c78bb6b91ced9",532,1102,0.000400843811589722,0.0200210841761809,364,288868,,TRUE,TRUE,FALSE,0,1,"closed",FALSE,"a0232a6dd2b95e996c0e34eeb5187c04b2d02c6066f89aa0a0ad9c591ed02060"
"mv06e_rust_exact_result_v1","rust_scph_landscape_kernel_v1","primary","mv06e_pair_v1:b0555c700a05eb1369303a5c86c3863d0dee6dc77d6d87866bd7150cbd5a26c1","gene_topology_v1","H1","mv06e_diagram_v1:0a945cb301d10f662f4c1cbdaeddd51d470411f000c4f5e8769ec95bbc09089e","mv06e_diagram_v1:9c3339fc0d365183b770cbe52f8219b88a49559f2288050f4a7704e0f6fdbe5a",289,111,0.000269163209437437,0.0164061942399033,28,6266,,TRUE,TRUE,FALSE,0,1,"closed",FALSE,"a0232a6dd2b95e996c0e34eeb5187c04b2d02c6066f89aa0a0ad9c591ed02060"
"mv06e_rust_exact_result_v1","rust_scph_landscape_kernel_v1","primary","mv06e_pair_v1:b61be93c085025c3f18dac17e4e5bb52e17b6feb60209a91b5ed3dc42497d1ad","gene_topology_v1","H1","mv06e_diagram_v1:0b90fead382638e5a3e1864357b2f63c24f25b74eff449909148c959b349d4ac","mv06e_diagram_v1:fcc482b51bc14569f7cfb9d4bbed945fa721a4129a99f82466e19c2d02ce4247",105,120,0.000168307271303252,0.012973329229741,15,1774,,TRUE,TRUE,FALSE,0,1,"closed",FALSE,"a0232a6dd2b95e996c0e34eeb5187c04b2d02c6066f89aa0a0ad9c591ed02060"
"mv06e_rust_exact_result_v1","rust_scph_landscape_kernel_v1","primary","mv06e_pair_v1:b65c8b620149fdf78ef7e8b7e29451a409c1362da1e829e7eea15d1a63e5a7fb","gene_topology_v1","H1","mv06e_diagram_v1:35415c3b4808383ed6cbbf5e3a3c705a24f3420d64d0a98d468842112d2c73e4","mv06e_diagram_v1:b8e6af78f9c514f00c68c95837404f7f2a5d6a31d82376387f84225491051b79",118,476,0.00059468600855607,0.0243861847888527,105,32259,,TRUE,TRUE,FALSE,0,1,"closed",FALSE,"a0232a6dd2b95e996c0e34eeb5187c04b2d02c6066f89aa0a0ad9c591ed02060"
"mv06e_rust_exact_result_v1","rust_scph_landscape_kernel_v1","primary","mv06e_pair_v1:b85f18bbf778c5b861bb580216448ff6ab39a96462f0d0c74be3f0df2b9ad33e","gene_topology_v1","H1","mv06e_diagram_v1:0a945cb301d10f662f4c1cbdaeddd51d470411f000c4f5e8769ec95bbc09089e","mv06e_diagram_v1:93f0bf8b75b22859bbd2622603f5e01bea73986c432dd95e164c78bb6b91ced9",289,1102,0.00108350333331638,0.0329166118140428,364,249885,,TRUE,TRUE,FALSE,0,1,"closed",FALSE,"a0232a6dd2b95e996c0e34eeb5187c04b2d02c6066f89aa0a0ad9c591ed02060"
"mv06e_rust_exact_result_v1","rust_scph_landscape_kernel_v1","primary","mv06e_pair_v1:be01d5b70e0374d050b14dfc546b92427e76e32c497c1b3118ecd92d35f4153d","gene_topology_v1","H1","mv06e_diagram_v1:35415c3b4808383ed6cbbf5e3a3c705a24f3420d64d0a98d468842112d2c73e4","mv06e_diagram_v1:93f0bf8b75b22859bbd2622603f5e01bea73986c432dd95e164c78bb6b91ced9",118,1102,0.00130547494660451,0.0361313568331513,364,245420,,TRUE,TRUE,FALSE,0,1,"closed",FALSE,"a0232a6dd2b95e996c0e34eeb5187c04b2d02c6066f89aa0a0ad9c591ed02060"
"mv06e_rust_exact_result_v1","rust_scph_landscape_kernel_v1","primary","mv06e_pair_v1:c35d66d4baf46add0486cca1cf6368b97cf5bd9edaa1377dfbe85b1330c95f7d","gene_topology_v1","H1","mv06e_diagram_v1:35415c3b4808383ed6cbbf5e3a3c705a24f3420d64d0a98d468842112d2c73e4","mv06e_diagram_v1:7f3f392651f6f78928508dca569eed23a150aca8c7bdf7c3d7ba754fee48d2a2",118,532,0.000868240612673331,0.0294659229055078,151,45181,,TRUE,TRUE,FALSE,0,1,"closed",FALSE,"a0232a6dd2b95e996c0e34eeb5187c04b2d02c6066f89aa0a0ad9c591ed02060"
"mv06e_rust_exact_result_v1","rust_scph_landscape_kernel_v1","primary","mv06e_pair_v1:ca39ff6f5d7bd12fb39dbde05a6147d5aa6e64606788b08f4081fb703062c876","gene_topology_v1","H1","mv06e_diagram_v1:35415c3b4808383ed6cbbf5e3a3c705a24f3420d64d0a98d468842112d2c73e4","mv06e_diagram_v1:9c3339fc0d365183b770cbe52f8219b88a49559f2288050f4a7704e0f6fdbe5a",118,111,0.000184151601137558,0.0135702469077596,16,1813,,TRUE,TRUE,FALSE,0,1,"closed",FALSE,"a0232a6dd2b95e996c0e34eeb5187c04b2d02c6066f89aa0a0ad9c591ed02060"
"mv06e_rust_exact_result_v1","rust_scph_landscape_kernel_v1","primary","mv06e_pair_v1:e04615f2ff911f68aa1ef7b1fc6d4dc40ec41f4ac06835ea621fa51410047e3b","gene_topology_v1","H1","mv06e_diagram_v1:7f3f392651f6f78928508dca569eed23a150aca8c7bdf7c3d7ba754fee48d2a2","mv06e_diagram_v1:9c3339fc0d365183b770cbe52f8219b88a49559f2288050f4a7704e0f6fdbe5a",532,111,0.000718658319869236,0.0268078033391256,151,45126,,TRUE,TRUE,FALSE,0,1,"closed",FALSE,"a0232a6dd2b95e996c0e34eeb5187c04b2d02c6066f89aa0a0ad9c591ed02060"
"mv06e_rust_exact_result_v1","rust_scph_landscape_kernel_v1","primary","mv06e_pair_v1:eccb17d31f4d31dd3b96ba5dd23d54351139d04da4e6096c19edec1a78bdd429","gene_topology_v1","H1","mv06e_diagram_v1:0a945cb301d10f662f4c1cbdaeddd51d470411f000c4f5e8769ec95bbc09089e","mv06e_diagram_v1:7f3f392651f6f78928508dca569eed23a150aca8c7bdf7c3d7ba754fee48d2a2",289,532,0.000739153724225258,0.0271873817096325,151,49646,,TRUE,TRUE,FALSE,0,1,"closed",FALSE,"a0232a6dd2b95e996c0e34eeb5187c04b2d02c6066f89aa0a0ad9c591ed02060"
"mv06e_rust_exact_result_v1","rust_scph_landscape_kernel_v1","primary","mv06e_pair_v1:f9f033c6bf0280938d2e62e9594f071e9d531189b00f5951072b9ab660d143cd","gene_topology_v1","H1","mv06e_diagram_v1:7f3f392651f6f78928508dca569eed23a150aca8c7bdf7c3d7ba754fee48d2a2","mv06e_diagram_v1:b8e6af78f9c514f00c68c95837404f7f2a5d6a31d82376387f84225491051b79",532,476,0.000170539579506009,0.0130590803468701,151,75661,,TRUE,TRUE,FALSE,0,1,"closed",FALSE,"a0232a6dd2b95e996c0e34eeb5187c04b2d02c6066f89aa0a0ad9c591ed02060"
"mv06e_rust_exact_result_v1","rust_scph_landscape_kernel_v1","primary","mv06e_pair_v1:fa279d09b83d4cb6203b80af91fbf5cb6bd2930024edd257bc5ae86fdc8e58cd","gene_topology_v1","H1","mv06e_diagram_v1:0a945cb301d10f662f4c1cbdaeddd51d470411f000c4f5e8769ec95bbc09089e","mv06e_diagram_v1:0b90fead382638e5a3e1864357b2f63c24f25b74eff449909148c959b349d4ac",289,105,0.000376816914508904,0.0194117725751386,28,6128,,TRUE,TRUE,FALSE,0,1,"closed",FALSE,"a0232a6dd2b95e996c0e34eeb5187c04b2d02c6066f89aa0a0ad9c591ed02060"
"mv06e_rust_exact_result_v1","rust_scph_landscape_kernel_v1","reverse","mv06e_pair_v1:0cbcabee5d1271c8f89975b0520497c7924821bb881e9164b9278cf88d38d36c","cell_topology_v1","H0","mv06e_diagram_v1:e69267c6d2508bd1d78278cb7e22433ae939e6e16e2f5424125987cefa4180d3","mv06e_diagram_v1:9622964daf402aa589ac37f7f7f904d474b9cd81a5337a734b6de07f7bcdcd22",383,383,709.079495051653,26.628546619214,383,1532,,TRUE,TRUE,FALSE,0,1,"closed",FALSE,"a0232a6dd2b95e996c0e34eeb5187c04b2d02c6066f89aa0a0ad9c591ed02060"
"mv06e_rust_exact_result_v1","rust_scph_landscape_kernel_v1","reverse","mv06e_pair_v1:77d34a3b70681304d1cdc36e294a0c2ff284b31e32c6612e10ea1a96db2d688c","cell_topology_v1","H0","mv06e_diagram_v1:e827a724e1bd3447756fe6ac4e80aa37ab59537f64ddb480133ddc48978213f0","mv06e_diagram_v1:7bcb13b339fc4f309194c9f5904fcafe4c50d2ba553a6dfff0b4b4143078666f",383,383,272.421452680945,16.505194718056,383,1532,,TRUE,TRUE,FALSE,0,1,"closed",FALSE,"a0232a6dd2b95e996c0e34eeb5187c04b2d02c6066f89aa0a0ad9c591ed02060"
"mv06e_rust_exact_result_v1","rust_scph_landscape_kernel_v1","reverse","mv06e_pair_v1:7ad4f9b3b4699d67b9bb1706a72e0f2b094dcf63b61b36a6aa9d7bc95df2cccf","cell_topology_v1","H0","mv06e_diagram_v1:ffa4ec0f53edc50bbf7fd03bd782575b90dcc09c32f4a8ea6019161062e73de0","mv06e_diagram_v1:63568c6593147e5d9c53ff968f56fe0a0d5fd5ea87e0a6c7b10f1975291d6f58",383,383,1882.23044022711,43.3846797870759,383,1532,,TRUE,TRUE,FALSE,0,1,"closed",FALSE,"a0232a6dd2b95e996c0e34eeb5187c04b2d02c6066f89aa0a0ad9c591ed02060"
"mv06e_rust_exact_result_v1","rust_scph_landscape_kernel_v1","reverse","mv06e_pair_v1:9e4756823b397646eb971aaa551f7bf2586bde4c14805ef427e7165c9a31022b","cell_topology_v1","H0","mv06e_diagram_v1:d64340b00ac5fac495d2504e7bf9d67a88adce7c8eb019a754f583e2d03e083e","mv06e_diagram_v1:09b294422e6802a723e1798817f0c2e4f05a584f9df20d588b2ad5e536ca5212",383,383,939.216377995969,30.6466373032339,383,1532,,TRUE,TRUE,FALSE,0,1,"closed",FALSE,"a0232a6dd2b95e996c0e34eeb5187c04b2d02c6066f89aa0a0ad9c591ed02060"
"mv06e_rust_exact_result_v1","rust_scph_landscape_kernel_v1","reverse","mv06e_pair_v1:f46d9edb0fb92a6b24ee9caa50b6990e8a0e1f68b9df37c5f7aebfa4416c8e76","cell_topology_v1","H0","mv06e_diagram_v1:5f2f73c392463f65e025587dfea68bbc83d3a7ce7626943157da713a28f06f26","mv06e_diagram_v1:26c3d94b43154cf3df4ab8415f43868a40ec8799f2d0ac9cdfe922773873ed72",383,383,2995.3620731316,54.729901088268,383,1532,,TRUE,TRUE,FALSE,0,1,"closed",FALSE,"a0232a6dd2b95e996c0e34eeb5187c04b2d02c6066f89aa0a0ad9c591ed02060"
"mv06e_rust_exact_result_v1","rust_scph_landscape_kernel_v1","reverse","mv06e_pair_v1:00d6f41030d5f91964abb7c3c434bb737f032aada8a9138e55841448391af34e","cell_topology_v1","H1","mv06e_diagram_v1:e827a724e1bd3447756fe6ac4e80aa37ab59537f64ddb480133ddc48978213f0","mv06e_diagram_v1:7bcb13b339fc4f309194c9f5904fcafe4c50d2ba553a6dfff0b4b4143078666f",231,264,1.4466346148934,1.20276124600579,30,8495,,TRUE,TRUE,FALSE,0,1,"closed",FALSE,"a0232a6dd2b95e996c0e34eeb5187c04b2d02c6066f89aa0a0ad9c591ed02060"
"mv06e_rust_exact_result_v1","rust_scph_landscape_kernel_v1","reverse","mv06e_pair_v1:50b11c5648862f6a387f63e4ca10cfece8ee8a129dd38eb414b12185d96ae5ba","cell_topology_v1","H1","mv06e_diagram_v1:e69267c6d2508bd1d78278cb7e22433ae939e6e16e2f5424125987cefa4180d3","mv06e_diagram_v1:9622964daf402aa589ac37f7f7f904d474b9cd81a5337a734b6de07f7bcdcd22",291,365,1.49207189197763,1.2215039467712,74,24374,,TRUE,TRUE,FALSE,0,1,"closed",FALSE,"a0232a6dd2b95e996c0e34eeb5187c04b2d02c6066f89aa0a0ad9c591ed02060"
"mv06e_rust_exact_result_v1","rust_scph_landscape_kernel_v1","reverse","mv06e_pair_v1:61b4a803dc3f82d8b2a29aadc62419b9220e1adf61c230eba1cb25104b6cc247","cell_topology_v1","H1","mv06e_diagram_v1:d64340b00ac5fac495d2504e7bf9d67a88adce7c8eb019a754f583e2d03e083e","mv06e_diagram_v1:09b294422e6802a723e1798817f0c2e4f05a584f9df20d588b2ad5e536ca5212",196,297,1.10839946021447,1.05280551870441,61,15556,,TRUE,TRUE,FALSE,0,1,"closed",FALSE,"a0232a6dd2b95e996c0e34eeb5187c04b2d02c6066f89aa0a0ad9c591ed02060"
"mv06e_rust_exact_result_v1","rust_scph_landscape_kernel_v1","reverse","mv06e_pair_v1:d6abdc53f14aaddb400bfbcd22c9405f8891df3ebd32b908ebbb2c224acf24f2","cell_topology_v1","H1","mv06e_diagram_v1:ffa4ec0f53edc50bbf7fd03bd782575b90dcc09c32f4a8ea6019161062e73de0","mv06e_diagram_v1:63568c6593147e5d9c53ff968f56fe0a0d5fd5ea87e0a6c7b10f1975291d6f58",207,345,2.35790100703666,1.53554583358383,60,16564,,TRUE,TRUE,FALSE,0,1,"closed",FALSE,"a0232a6dd2b95e996c0e34eeb5187c04b2d02c6066f89aa0a0ad9c591ed02060"
"mv06e_rust_exact_result_v1","rust_scph_landscape_kernel_v1","reverse","mv06e_pair_v1:f95f00fd1c597b4d96c2df63fa05cb47cc2870c03c0aebd5d8e659d693a46679","cell_topology_v1","H1","mv06e_diagram_v1:5f2f73c392463f65e025587dfea68bbc83d3a7ce7626943157da713a28f06f26","mv06e_diagram_v1:26c3d94b43154cf3df4ab8415f43868a40ec8799f2d0ac9cdfe922773873ed72",203,486,2.86949985854042,1.69395981609376,98,33661,,TRUE,TRUE,FALSE,0,1,"closed",FALSE,"a0232a6dd2b95e996c0e34eeb5187c04b2d02c6066f89aa0a0ad9c591ed02060"
"mv06e_rust_exact_result_v1","rust_scph_landscape_kernel_v1","reverse","mv06e_pair_v1:4e3566181ba643ca9b6c1b89a1305b5f882f26acb606bf531b36f468e1ff3ff8","gene_topology_v1","H0","mv06e_diagram_v1:fcc482b51bc14569f7cfb9d4bbed945fa721a4129a99f82466e19c2d02ce4247","mv06e_diagram_v1:9d128228c16907b5c17c786cf2d534498b2e15ae679c63fc4b44c77e5b763765",499,499,23.2758870586369,4.82450899663757,499,1996,,TRUE,TRUE,FALSE,0,1,"closed",FALSE,"a0232a6dd2b95e996c0e34eeb5187c04b2d02c6066f89aa0a0ad9c591ed02060"
"mv06e_rust_exact_result_v1","rust_scph_landscape_kernel_v1","reverse","mv06e_pair_v1:54719d44819e8c4ca4beacd8f90acd134ae7c2d3edd560e8b7a16a72779f1fc1","gene_topology_v1","H0","mv06e_diagram_v1:9c3339fc0d365183b770cbe52f8219b88a49559f2288050f4a7704e0f6fdbe5a","mv06e_diagram_v1:93f0bf8b75b22859bbd2622603f5e01bea73986c432dd95e164c78bb6b91ced9",499,499,13.3596141758467,3.65508059772239,499,1996,,TRUE,TRUE,FALSE,0,1,"closed",FALSE,"a0232a6dd2b95e996c0e34eeb5187c04b2d02c6066f89aa0a0ad9c591ed02060"
"mv06e_rust_exact_result_v1","rust_scph_landscape_kernel_v1","reverse","mv06e_pair_v1:8520f0defe5fd547a7c068bc339198ee5710876d6ac35702188e6d7390791779","gene_topology_v1","H0","mv06e_diagram_v1:35415c3b4808383ed6cbbf5e3a3c705a24f3420d64d0a98d468842112d2c73e4","mv06e_diagram_v1:0a945cb301d10f662f4c1cbdaeddd51d470411f000c4f5e8769ec95bbc09089e",499,499,3.72127471295957,1.92906057783564,499,1996,,TRUE,TRUE,FALSE,0,1,"closed",FALSE,"a0232a6dd2b95e996c0e34eeb5187c04b2d02c6066f89aa0a0ad9c591ed02060"
"mv06e_rust_exact_result_v1","rust_scph_landscape_kernel_v1","reverse","mv06e_pair_v1:9d98c8f1c7c3093ab5ef616163c5fc6d6087513c681b40bd0f980a8d0f3f676a","gene_topology_v1","H0","mv06e_diagram_v1:7f3f392651f6f78928508dca569eed23a150aca8c7bdf7c3d7ba754fee48d2a2","mv06e_diagram_v1:6894c3e8ec1fb8f5f12e399580c8ee16dd55c0ad952f6432ebfee091407ad739",499,499,1.38239666459988,1.17575365812736,499,1996,,TRUE,TRUE,FALSE,0,1,"closed",FALSE,"a0232a6dd2b95e996c0e34eeb5187c04b2d02c6066f89aa0a0ad9c591ed02060"
"mv06e_rust_exact_result_v1","rust_scph_landscape_kernel_v1","reverse","mv06e_pair_v1:c74253762cde3b7f977e9659f3619c5860dfd048b0d49f921dfed4d27ba55bf1","gene_topology_v1","H0","mv06e_diagram_v1:b8e6af78f9c514f00c68c95837404f7f2a5d6a31d82376387f84225491051b79","mv06e_diagram_v1:0b90fead382638e5a3e1864357b2f63c24f25b74eff449909148c959b349d4ac",499,499,6.45006415811304,2.53969765092482,499,1996,,TRUE,TRUE,FALSE,0,1,"closed",FALSE,"a0232a6dd2b95e996c0e34eeb5187c04b2d02c6066f89aa0a0ad9c591ed02060"
"mv06e_rust_exact_result_v1","rust_scph_landscape_kernel_v1","reverse","mv06e_pair_v1:095119c61a89460260ff857fd7d0ded195df5f1cbb361b78e7421208ba6d633d","gene_topology_v1","H1","mv06e_diagram_v1:b8e6af78f9c514f00c68c95837404f7f2a5d6a31d82376387f84225491051b79","mv06e_diagram_v1:0b90fead382638e5a3e1864357b2f63c24f25b74eff449909148c959b349d4ac",476,105,0.000559320207316467,0.0236499515288397,105,32066,,TRUE,TRUE,FALSE,0,1,"closed",FALSE,"a0232a6dd2b95e996c0e34eeb5187c04b2d02c6066f89aa0a0ad9c591ed02060"
"mv06e_rust_exact_result_v1","rust_scph_landscape_kernel_v1","reverse","mv06e_pair_v1:1b0d6126fdc790fb36a28dde175c67428146ba241555b1dab3aaff2aef977d9d","gene_topology_v1","H1","mv06e_diagram_v1:fcc482b51bc14569f7cfb9d4bbed945fa721a4129a99f82466e19c2d02ce4247","mv06e_diagram_v1:9d128228c16907b5c17c786cf2d534498b2e15ae679c63fc4b44c77e5b763765",120,2540,0.00279026859041234,0.0528229930088436,1266,1705900,,TRUE,TRUE,FALSE,0,1,"closed",FALSE,"a0232a6dd2b95e996c0e34eeb5187c04b2d02c6066f89aa0a0ad9c591ed02060"
"mv06e_rust_exact_result_v1","rust_scph_landscape_kernel_v1","reverse","mv06e_pair_v1:35c153adbd80ecdec99d59f5db08b2aa0fdb216eac37d6ca55f63934ee3a2beb","gene_topology_v1","H1","mv06e_diagram_v1:9c3339fc0d365183b770cbe52f8219b88a49559f2288050f4a7704e0f6fdbe5a","mv06e_diagram_v1:93f0bf8b75b22859bbd2622603f5e01bea73986c432dd95e164c78bb6b91ced9",111,1102,0.0011968629113769,0.0345957065454212,364,245365,,TRUE,TRUE,FALSE,0,1,"closed",FALSE,"a0232a6dd2b95e996c0e34eeb5187c04b2d02c6066f89aa0a0ad9c591ed02060"
"mv06e_rust_exact_result_v1","rust_scph_landscape_kernel_v1","reverse","mv06e_pair_v1:6665c09e1686fdaeb94eb5e5ee332ea7a9e8296291b2bdc10167b7edc75033d8","gene_topology_v1","H1","mv06e_diagram_v1:35415c3b4808383ed6cbbf5e3a3c705a24f3420d64d0a98d468842112d2c73e4","mv06e_diagram_v1:0a945cb301d10f662f4c1cbdaeddd51d470411f000c4f5e8769ec95bbc09089e",118,289,0.000309848880748729,0.0176025248401679,28,6321,,TRUE,TRUE,FALSE,0,1,"closed",FALSE,"a0232a6dd2b95e996c0e34eeb5187c04b2d02c6066f89aa0a0ad9c591ed02060"
"mv06e_rust_exact_result_v1","rust_scph_landscape_kernel_v1","reverse","mv06e_pair_v1:9d723176c8fc096b38fe0a5643d30e72104bd58324a7d2cc7fc565004c90bdee","gene_topology_v1","H1","mv06e_diagram_v1:7f3f392651f6f78928508dca569eed23a150aca8c7bdf7c3d7ba754fee48d2a2","mv06e_diagram_v1:6894c3e8ec1fb8f5f12e399580c8ee16dd55c0ad952f6432ebfee091407ad739",532,1635,0.000870568740654905,0.0295054018893982,664,665709,,TRUE,TRUE,FALSE,0,1,"closed",FALSE,"a0232a6dd2b95e996c0e34eeb5187c04b2d02c6066f89aa0a0ad9c591ed02060"
"mv06e_rust_exact_result_v1","rust_scph_landscape_kernel_v1","self","self:mv06e_diagram_v1:09b294422e6802a723e1798817f0c2e4f05a584f9df20d588b2ad5e536ca5212:H0","cell_topology_v1","H0","mv06e_diagram_v1:09b294422e6802a723e1798817f0c2e4f05a584f9df20d588b2ad5e536ca5212","mv06e_diagram_v1:09b294422e6802a723e1798817f0c2e4f05a584f9df20d588b2ad5e536ca5212",383,383,0,0,383,766,,TRUE,TRUE,FALSE,0,1,"closed",FALSE,"a0232a6dd2b95e996c0e34eeb5187c04b2d02c6066f89aa0a0ad9c591ed02060"
"mv06e_rust_exact_result_v1","rust_scph_landscape_kernel_v1","self","self:mv06e_diagram_v1:26c3d94b43154cf3df4ab8415f43868a40ec8799f2d0ac9cdfe922773873ed72:H0","cell_topology_v1","H0","mv06e_diagram_v1:26c3d94b43154cf3df4ab8415f43868a40ec8799f2d0ac9cdfe922773873ed72","mv06e_diagram_v1:26c3d94b43154cf3df4ab8415f43868a40ec8799f2d0ac9cdfe922773873ed72",383,383,0,0,383,766,,TRUE,TRUE,FALSE,0,1,"closed",FALSE,"a0232a6dd2b95e996c0e34eeb5187c04b2d02c6066f89aa0a0ad9c591ed02060"
"mv06e_rust_exact_result_v1","rust_scph_landscape_kernel_v1","self","self:mv06e_diagram_v1:5f2f73c392463f65e025587dfea68bbc83d3a7ce7626943157da713a28f06f26:H0","cell_topology_v1","H0","mv06e_diagram_v1:5f2f73c392463f65e025587dfea68bbc83d3a7ce7626943157da713a28f06f26","mv06e_diagram_v1:5f2f73c392463f65e025587dfea68bbc83d3a7ce7626943157da713a28f06f26",383,383,0,0,383,766,,TRUE,TRUE,FALSE,0,1,"closed",FALSE,"a0232a6dd2b95e996c0e34eeb5187c04b2d02c6066f89aa0a0ad9c591ed02060"
"mv06e_rust_exact_result_v1","rust_scph_landscape_kernel_v1","self","self:mv06e_diagram_v1:63568c6593147e5d9c53ff968f56fe0a0d5fd5ea87e0a6c7b10f1975291d6f58:H0","cell_topology_v1","H0","mv06e_diagram_v1:63568c6593147e5d9c53ff968f56fe0a0d5fd5ea87e0a6c7b10f1975291d6f58","mv06e_diagram_v1:63568c6593147e5d9c53ff968f56fe0a0d5fd5ea87e0a6c7b10f1975291d6f58",383,383,0,0,383,766,,TRUE,TRUE,FALSE,0,1,"closed",FALSE,"a0232a6dd2b95e996c0e34eeb5187c04b2d02c6066f89aa0a0ad9c591ed02060"
"mv06e_rust_exact_result_v1","rust_scph_landscape_kernel_v1","self","self:mv06e_diagram_v1:7bcb13b339fc4f309194c9f5904fcafe4c50d2ba553a6dfff0b4b4143078666f:H0","cell_topology_v1","H0","mv06e_diagram_v1:7bcb13b339fc4f309194c9f5904fcafe4c50d2ba553a6dfff0b4b4143078666f","mv06e_diagram_v1:7bcb13b339fc4f309194c9f5904fcafe4c50d2ba553a6dfff0b4b4143078666f",383,383,0,0,383,766,,TRUE,TRUE,FALSE,0,1,"closed",FALSE,"a0232a6dd2b95e996c0e34eeb5187c04b2d02c6066f89aa0a0ad9c591ed02060"
"mv06e_rust_exact_result_v1","rust_scph_landscape_kernel_v1","self","self:mv06e_diagram_v1:9622964daf402aa589ac37f7f7f904d474b9cd81a5337a734b6de07f7bcdcd22:H0","cell_topology_v1","H0","mv06e_diagram_v1:9622964daf402aa589ac37f7f7f904d474b9cd81a5337a734b6de07f7bcdcd22","mv06e_diagram_v1:9622964daf402aa589ac37f7f7f904d474b9cd81a5337a734b6de07f7bcdcd22",383,383,0,0,383,766,,TRUE,TRUE,FALSE,0,1,"closed",FALSE,"a0232a6dd2b95e996c0e34eeb5187c04b2d02c6066f89aa0a0ad9c591ed02060"
"mv06e_rust_exact_result_v1","rust_scph_landscape_kernel_v1","self","self:mv06e_diagram_v1:d64340b00ac5fac495d2504e7bf9d67a88adce7c8eb019a754f583e2d03e083e:H0","cell_topology_v1","H0","mv06e_diagram_v1:d64340b00ac5fac495d2504e7bf9d67a88adce7c8eb019a754f583e2d03e083e","mv06e_diagram_v1:d64340b00ac5fac495d2504e7bf9d67a88adce7c8eb019a754f583e2d03e083e",383,383,0,0,383,766,,TRUE,TRUE,FALSE,0,1,"closed",FALSE,"a0232a6dd2b95e996c0e34eeb5187c04b2d02c6066f89aa0a0ad9c591ed02060"
"mv06e_rust_exact_result_v1","rust_scph_landscape_kernel_v1","self","self:mv06e_diagram_v1:e69267c6d2508bd1d78278cb7e22433ae939e6e16e2f5424125987cefa4180d3:H0","cell_topology_v1","H0","mv06e_diagram_v1:e69267c6d2508bd1d78278cb7e22433ae939e6e16e2f5424125987cefa4180d3","mv06e_diagram_v1:e69267c6d2508bd1d78278cb7e22433ae939e6e16e2f5424125987cefa4180d3",383,383,0,0,383,766,,TRUE,TRUE,FALSE,0,1,"closed",FALSE,"a0232a6dd2b95e996c0e34eeb5187c04b2d02c6066f89aa0a0ad9c591ed02060"
"mv06e_rust_exact_result_v1","rust_scph_landscape_kernel_v1","self","self:mv06e_diagram_v1:e827a724e1bd3447756fe6ac4e80aa37ab59537f64ddb480133ddc48978213f0:H0","cell_topology_v1","H0","mv06e_diagram_v1:e827a724e1bd3447756fe6ac4e80aa37ab59537f64ddb480133ddc48978213f0","mv06e_diagram_v1:e827a724e1bd3447756fe6ac4e80aa37ab59537f64ddb480133ddc48978213f0",383,383,0,0,383,766,,TRUE,TRUE,FALSE,0,1,"closed",FALSE,"a0232a6dd2b95e996c0e34eeb5187c04b2d02c6066f89aa0a0ad9c591ed02060"
"mv06e_rust_exact_result_v1","rust_scph_landscape_kernel_v1","self","self:mv06e_diagram_v1:ffa4ec0f53edc50bbf7fd03bd782575b90dcc09c32f4a8ea6019161062e73de0:H0","cell_topology_v1","H0","mv06e_diagram_v1:ffa4ec0f53edc50bbf7fd03bd782575b90dcc09c32f4a8ea6019161062e73de0","mv06e_diagram_v1:ffa4ec0f53edc50bbf7fd03bd782575b90dcc09c32f4a8ea6019161062e73de0",383,383,0,0,383,766,,TRUE,TRUE,FALSE,0,1,"closed",FALSE,"a0232a6dd2b95e996c0e34eeb5187c04b2d02c6066f89aa0a0ad9c591ed02060"
"mv06e_rust_exact_result_v1","rust_scph_landscape_kernel_v1","self","self:mv06e_diagram_v1:09b294422e6802a723e1798817f0c2e4f05a584f9df20d588b2ad5e536ca5212:H1","cell_topology_v1","H1","mv06e_diagram_v1:09b294422e6802a723e1798817f0c2e4f05a584f9df20d588b2ad5e536ca5212","mv06e_diagram_v1:09b294422e6802a723e1798817f0c2e4f05a584f9df20d588b2ad5e536ca5212",297,297,0,0,61,12646,,TRUE,TRUE,FALSE,0,1,"closed",FALSE,"a0232a6dd2b95e996c0e34eeb5187c04b2d02c6066f89aa0a0ad9c591ed02060"
"mv06e_rust_exact_result_v1","rust_scph_landscape_kernel_v1","self","self:mv06e_diagram_v1:26c3d94b43154cf3df4ab8415f43868a40ec8799f2d0ac9cdfe922773873ed72:H1","cell_topology_v1","H1","mv06e_diagram_v1:26c3d94b43154cf3df4ab8415f43868a40ec8799f2d0ac9cdfe922773873ed72","mv06e_diagram_v1:26c3d94b43154cf3df4ab8415f43868a40ec8799f2d0ac9cdfe922773873ed72",486,486,0,0,98,30998,,TRUE,TRUE,FALSE,0,1,"closed",FALSE,"a0232a6dd2b95e996c0e34eeb5187c04b2d02c6066f89aa0a0ad9c591ed02060"
"mv06e_rust_exact_result_v1","rust_scph_landscape_kernel_v1","self","self:mv06e_diagram_v1:5f2f73c392463f65e025587dfea68bbc83d3a7ce7626943157da713a28f06f26:H1","cell_topology_v1","H1","mv06e_diagram_v1:5f2f73c392463f65e025587dfea68bbc83d3a7ce7626943157da713a28f06f26","mv06e_diagram_v1:5f2f73c392463f65e025587dfea68bbc83d3a7ce7626943157da713a28f06f26",203,203,0,0,20,2643,,TRUE,TRUE,FALSE,0,1,"closed",FALSE,"a0232a6dd2b95e996c0e34eeb5187c04b2d02c6066f89aa0a0ad9c591ed02060"
"mv06e_rust_exact_result_v1","rust_scph_landscape_kernel_v1","self","self:mv06e_diagram_v1:63568c6593147e5d9c53ff968f56fe0a0d5fd5ea87e0a6c7b10f1975291d6f58:H1","cell_topology_v1","H1","mv06e_diagram_v1:63568c6593147e5d9c53ff968f56fe0a0d5fd5ea87e0a6c7b10f1975291d6f58","mv06e_diagram_v1:63568c6593147e5d9c53ff968f56fe0a0d5fd5ea87e0a6c7b10f1975291d6f58",345,345,0,0,60,13551,,TRUE,TRUE,FALSE,0,1,"closed",FALSE,"a0232a6dd2b95e996c0e34eeb5187c04b2d02c6066f89aa0a0ad9c591ed02060"
"mv06e_rust_exact_result_v1","rust_scph_landscape_kernel_v1","self","self:mv06e_diagram_v1:7bcb13b339fc4f309194c9f5904fcafe4c50d2ba553a6dfff0b4b4143078666f:H1","cell_topology_v1","H1","mv06e_diagram_v1:7bcb13b339fc4f309194c9f5904fcafe4c50d2ba553a6dfff0b4b4143078666f","mv06e_diagram_v1:7bcb13b339fc4f309194c9f5904fcafe4c50d2ba553a6dfff0b4b4143078666f",264,264,0,0,30,4846,,TRUE,TRUE,FALSE,0,1,"closed",FALSE,"a0232a6dd2b95e996c0e34eeb5187c04b2d02c6066f89aa0a0ad9c591ed02060"
"mv06e_rust_exact_result_v1","rust_scph_landscape_kernel_v1","self","self:mv06e_diagram_v1:9622964daf402aa589ac37f7f7f904d474b9cd81a5337a734b6de07f7bcdcd22:H1","cell_topology_v1","H1","mv06e_diagram_v1:9622964daf402aa589ac37f7f7f904d474b9cd81a5337a734b6de07f7bcdcd22","mv06e_diagram_v1:9622964daf402aa589ac37f7f7f904d474b9cd81a5337a734b6de07f7bcdcd22",365,365,0,0,74,17173,,TRUE,TRUE,FALSE,0,1,"closed",FALSE,"a0232a6dd2b95e996c0e34eeb5187c04b2d02c6066f89aa0a0ad9c591ed02060"
"mv06e_rust_exact_result_v1","rust_scph_landscape_kernel_v1","self","self:mv06e_diagram_v1:d64340b00ac5fac495d2504e7bf9d67a88adce7c8eb019a754f583e2d03e083e:H1","cell_topology_v1","H1","mv06e_diagram_v1:d64340b00ac5fac495d2504e7bf9d67a88adce7c8eb019a754f583e2d03e083e","mv06e_diagram_v1:d64340b00ac5fac495d2504e7bf9d67a88adce7c8eb019a754f583e2d03e083e",196,196,0,0,28,2882,,TRUE,TRUE,FALSE,0,1,"closed",FALSE,"a0232a6dd2b95e996c0e34eeb5187c04b2d02c6066f89aa0a0ad9c591ed02060"
"mv06e_rust_exact_result_v1","rust_scph_landscape_kernel_v1","self","self:mv06e_diagram_v1:e69267c6d2508bd1d78278cb7e22433ae939e6e16e2f5424125987cefa4180d3:H1","cell_topology_v1","H1","mv06e_diagram_v1:e69267c6d2508bd1d78278cb7e22433ae939e6e16e2f5424125987cefa4180d3","mv06e_diagram_v1:e69267c6d2508bd1d78278cb7e22433ae939e6e16e2f5424125987cefa4180d3",291,291,0,0,44,7157,,TRUE,TRUE,FALSE,0,1,"closed",FALSE,"a0232a6dd2b95e996c0e34eeb5187c04b2d02c6066f89aa0a0ad9c591ed02060"
"mv06e_rust_exact_result_v1","rust_scph_landscape_kernel_v1","self","self:mv06e_diagram_v1:e827a724e1bd3447756fe6ac4e80aa37ab59537f64ddb480133ddc48978213f0:H1","cell_topology_v1","H1","mv06e_diagram_v1:e827a724e1bd3447756fe6ac4e80aa37ab59537f64ddb480133ddc48978213f0","mv06e_diagram_v1:e827a724e1bd3447756fe6ac4e80aa37ab59537f64ddb480133ddc48978213f0",231,231,0,0,29,3620,,TRUE,TRUE,FALSE,0,1,"closed",FALSE,"a0232a6dd2b95e996c0e34eeb5187c04b2d02c6066f89aa0a0ad9c591ed02060"
"mv06e_rust_exact_result_v1","rust_scph_landscape_kernel_v1","self","self:mv06e_diagram_v1:ffa4ec0f53edc50bbf7fd03bd782575b90dcc09c32f4a8ea6019161062e73de0:H1","cell_topology_v1","H1","mv06e_diagram_v1:ffa4ec0f53edc50bbf7fd03bd782575b90dcc09c32f4a8ea6019161062e73de0","mv06e_diagram_v1:ffa4ec0f53edc50bbf7fd03bd782575b90dcc09c32f4a8ea6019161062e73de0",207,207,0,0,26,2987,,TRUE,TRUE,FALSE,0,1,"closed",FALSE,"a0232a6dd2b95e996c0e34eeb5187c04b2d02c6066f89aa0a0ad9c591ed02060"
"mv06e_rust_exact_result_v1","rust_scph_landscape_kernel_v1","self","self:mv06e_diagram_v1:0a945cb301d10f662f4c1cbdaeddd51d470411f000c4f5e8769ec95bbc09089e:H0","gene_topology_v1","H0","mv06e_diagram_v1:0a945cb301d10f662f4c1cbdaeddd51d470411f000c4f5e8769ec95bbc09089e","mv06e_diagram_v1:0a945cb301d10f662f4c1cbdaeddd51d470411f000c4f5e8769ec95bbc09089e",499,499,0,0,499,998,,TRUE,TRUE,FALSE,0,1,"closed",FALSE,"a0232a6dd2b95e996c0e34eeb5187c04b2d02c6066f89aa0a0ad9c591ed02060"
"mv06e_rust_exact_result_v1","rust_scph_landscape_kernel_v1","self","self:mv06e_diagram_v1:0b90fead382638e5a3e1864357b2f63c24f25b74eff449909148c959b349d4ac:H0","gene_topology_v1","H0","mv06e_diagram_v1:0b90fead382638e5a3e1864357b2f63c24f25b74eff449909148c959b349d4ac","mv06e_diagram_v1:0b90fead382638e5a3e1864357b2f63c24f25b74eff449909148c959b349d4ac",499,499,0,0,499,998,,TRUE,TRUE,FALSE,0,1,"closed",FALSE,"a0232a6dd2b95e996c0e34eeb5187c04b2d02c6066f89aa0a0ad9c591ed02060"
"mv06e_rust_exact_result_v1","rust_scph_landscape_kernel_v1","self","self:mv06e_diagram_v1:35415c3b4808383ed6cbbf5e3a3c705a24f3420d64d0a98d468842112d2c73e4:H0","gene_topology_v1","H0","mv06e_diagram_v1:35415c3b4808383ed6cbbf5e3a3c705a24f3420d64d0a98d468842112d2c73e4","mv06e_diagram_v1:35415c3b4808383ed6cbbf5e3a3c705a24f3420d64d0a98d468842112d2c73e4",499,499,0,0,499,998,,TRUE,TRUE,FALSE,0,1,"closed",FALSE,"a0232a6dd2b95e996c0e34eeb5187c04b2d02c6066f89aa0a0ad9c591ed02060"
"mv06e_rust_exact_result_v1","rust_scph_landscape_kernel_v1","self","self:mv06e_diagram_v1:6894c3e8ec1fb8f5f12e399580c8ee16dd55c0ad952f6432ebfee091407ad739:H0","gene_topology_v1","H0","mv06e_diagram_v1:6894c3e8ec1fb8f5f12e399580c8ee16dd55c0ad952f6432ebfee091407ad739","mv06e_diagram_v1:6894c3e8ec1fb8f5f12e399580c8ee16dd55c0ad952f6432ebfee091407ad739",499,499,0,0,499,998,,TRUE,TRUE,FALSE,0,1,"closed",FALSE,"a0232a6dd2b95e996c0e34eeb5187c04b2d02c6066f89aa0a0ad9c591ed02060"
"mv06e_rust_exact_result_v1","rust_scph_landscape_kernel_v1","self","self:mv06e_diagram_v1:7f3f392651f6f78928508dca569eed23a150aca8c7bdf7c3d7ba754fee48d2a2:H0","gene_topology_v1","H0","mv06e_diagram_v1:7f3f392651f6f78928508dca569eed23a150aca8c7bdf7c3d7ba754fee48d2a2","mv06e_diagram_v1:7f3f392651f6f78928508dca569eed23a150aca8c7bdf7c3d7ba754fee48d2a2",499,499,0,0,499,998,,TRUE,TRUE,FALSE,0,1,"closed",FALSE,"a0232a6dd2b95e996c0e34eeb5187c04b2d02c6066f89aa0a0ad9c591ed02060"
"mv06e_rust_exact_result_v1","rust_scph_landscape_kernel_v1","self","self:mv06e_diagram_v1:93f0bf8b75b22859bbd2622603f5e01bea73986c432dd95e164c78bb6b91ced9:H0","gene_topology_v1","H0","mv06e_diagram_v1:93f0bf8b75b22859bbd2622603f5e01bea73986c432dd95e164c78bb6b91ced9","mv06e_diagram_v1:93f0bf8b75b22859bbd2622603f5e01bea73986c432dd95e164c78bb6b91ced9",499,499,0,0,499,998,,TRUE,TRUE,FALSE,0,1,"closed",FALSE,"a0232a6dd2b95e996c0e34eeb5187c04b2d02c6066f89aa0a0ad9c591ed02060"
"mv06e_rust_exact_result_v1","rust_scph_landscape_kernel_v1","self","self:mv06e_diagram_v1:9c3339fc0d365183b770cbe52f8219b88a49559f2288050f4a7704e0f6fdbe5a:H0","gene_topology_v1","H0","mv06e_diagram_v1:9c3339fc0d365183b770cbe52f8219b88a49559f2288050f4a7704e0f6fdbe5a","mv06e_diagram_v1:9c3339fc0d365183b770cbe52f8219b88a49559f2288050f4a7704e0f6fdbe5a",499,499,0,0,499,998,,TRUE,TRUE,FALSE,0,1,"closed",FALSE,"a0232a6dd2b95e996c0e34eeb5187c04b2d02c6066f89aa0a0ad9c591ed02060"
"mv06e_rust_exact_result_v1","rust_scph_landscape_kernel_v1","self","self:mv06e_diagram_v1:9d128228c16907b5c17c786cf2d534498b2e15ae679c63fc4b44c77e5b763765:H0","gene_topology_v1","H0","mv06e_diagram_v1:9d128228c16907b5c17c786cf2d534498b2e15ae679c63fc4b44c77e5b763765","mv06e_diagram_v1:9d128228c16907b5c17c786cf2d534498b2e15ae679c63fc4b44c77e5b763765",499,499,0,0,499,998,,TRUE,TRUE,FALSE,0,1,"closed",FALSE,"a0232a6dd2b95e996c0e34eeb5187c04b2d02c6066f89aa0a0ad9c591ed02060"
"mv06e_rust_exact_result_v1","rust_scph_landscape_kernel_v1","self","self:mv06e_diagram_v1:b8e6af78f9c514f00c68c95837404f7f2a5d6a31d82376387f84225491051b79:H0","gene_topology_v1","H0","mv06e_diagram_v1:b8e6af78f9c514f00c68c95837404f7f2a5d6a31d82376387f84225491051b79","mv06e_diagram_v1:b8e6af78f9c514f00c68c95837404f7f2a5d6a31d82376387f84225491051b79",499,499,0,0,499,998,,TRUE,TRUE,FALSE,0,1,"closed",FALSE,"a0232a6dd2b95e996c0e34eeb5187c04b2d02c6066f89aa0a0ad9c591ed02060"
"mv06e_rust_exact_result_v1","rust_scph_landscape_kernel_v1","self","self:mv06e_diagram_v1:fcc482b51bc14569f7cfb9d4bbed945fa721a4129a99f82466e19c2d02ce4247:H0","gene_topology_v1","H0","mv06e_diagram_v1:fcc482b51bc14569f7cfb9d4bbed945fa721a4129a99f82466e19c2d02ce4247","mv06e_diagram_v1:fcc482b51bc14569f7cfb9d4bbed945fa721a4129a99f82466e19c2d02ce4247",499,499,0,0,499,998,,TRUE,TRUE,FALSE,0,1,"closed",FALSE,"a0232a6dd2b95e996c0e34eeb5187c04b2d02c6066f89aa0a0ad9c591ed02060"
"mv06e_rust_exact_result_v1","rust_scph_landscape_kernel_v1","self","self:mv06e_diagram_v1:0a945cb301d10f662f4c1cbdaeddd51d470411f000c4f5e8769ec95bbc09089e:H1","gene_topology_v1","H1","mv06e_diagram_v1:0a945cb301d10f662f4c1cbdaeddd51d470411f000c4f5e8769ec95bbc09089e","mv06e_diagram_v1:0a945cb301d10f662f4c1cbdaeddd51d470411f000c4f5e8769ec95bbc09089e",289,289,0,0,28,5379,,TRUE,TRUE,FALSE,0,1,"closed",FALSE,"a0232a6dd2b95e996c0e34eeb5187c04b2d02c6066f89aa0a0ad9c591ed02060"
"mv06e_rust_exact_result_v1","rust_scph_landscape_kernel_v1","self","self:mv06e_diagram_v1:0b90fead382638e5a3e1864357b2f63c24f25b74eff449909148c959b349d4ac:H1","gene_topology_v1","H1","mv06e_diagram_v1:0b90fead382638e5a3e1864357b2f63c24f25b74eff449909148c959b349d4ac","mv06e_diagram_v1:0b90fead382638e5a3e1864357b2f63c24f25b74eff449909148c959b349d4ac",105,105,0,0,10,739,,TRUE,TRUE,FALSE,0,1,"closed",FALSE,"a0232a6dd2b95e996c0e34eeb5187c04b2d02c6066f89aa0a0ad9c591ed02060"
"mv06e_rust_exact_result_v1","rust_scph_landscape_kernel_v1","self","self:mv06e_diagram_v1:35415c3b4808383ed6cbbf5e3a3c705a24f3420d64d0a98d468842112d2c73e4:H1","gene_topology_v1","H1","mv06e_diagram_v1:35415c3b4808383ed6cbbf5e3a3c705a24f3420d64d0a98d468842112d2c73e4","mv06e_diagram_v1:35415c3b4808383ed6cbbf5e3a3c705a24f3420d64d0a98d468842112d2c73e4",118,118,0,0,16,926,,TRUE,TRUE,FALSE,0,1,"closed",FALSE,"a0232a6dd2b95e996c0e34eeb5187c04b2d02c6066f89aa0a0ad9c591ed02060"
"mv06e_rust_exact_result_v1","rust_scph_landscape_kernel_v1","self","self:mv06e_diagram_v1:6894c3e8ec1fb8f5f12e399580c8ee16dd55c0ad952f6432ebfee091407ad739:H1","gene_topology_v1","H1","mv06e_diagram_v1:6894c3e8ec1fb8f5f12e399580c8ee16dd55c0ad952f6432ebfee091407ad739","mv06e_diagram_v1:6894c3e8ec1fb8f5f12e399580c8ee16dd55c0ad952f6432ebfee091407ad739",1635,1635,0,0,664,621319,,TRUE,TRUE,FALSE,0,1,"closed",FALSE,"a0232a6dd2b95e996c0e34eeb5187c04b2d02c6066f89aa0a0ad9c591ed02060"
"mv06e_rust_exact_result_v1","rust_scph_landscape_kernel_v1","self","self:mv06e_diagram_v1:7f3f392651f6f78928508dca569eed23a150aca8c7bdf7c3d7ba754fee48d2a2:H1","gene_topology_v1","H1","mv06e_diagram_v1:7f3f392651f6f78928508dca569eed23a150aca8c7bdf7c3d7ba754fee48d2a2","mv06e_diagram_v1:7f3f392651f6f78928508dca569eed23a150aca8c7bdf7c3d7ba754fee48d2a2",532,532,0,0,151,44239,,TRUE,TRUE,FALSE,0,1,"closed",FALSE,"a0232a6dd2b95e996c0e34eeb5187c04b2d02c6066f89aa0a0ad9c591ed02060"
"mv06e_rust_exact_result_v1","rust_scph_landscape_kernel_v1","self","self:mv06e_diagram_v1:93f0bf8b75b22859bbd2622603f5e01bea73986c432dd95e164c78bb6b91ced9:H1","gene_topology_v1","H1","mv06e_diagram_v1:93f0bf8b75b22859bbd2622603f5e01bea73986c432dd95e164c78bb6b91ced9","mv06e_diagram_v1:93f0bf8b75b22859bbd2622603f5e01bea73986c432dd95e164c78bb6b91ced9",1102,1102,0,0,364,244478,,TRUE,TRUE,FALSE,0,1,"closed",FALSE,"a0232a6dd2b95e996c0e34eeb5187c04b2d02c6066f89aa0a0ad9c591ed02060"
"mv06e_rust_exact_result_v1","rust_scph_landscape_kernel_v1","self","self:mv06e_diagram_v1:9c3339fc0d365183b770cbe52f8219b88a49559f2288050f4a7704e0f6fdbe5a:H1","gene_topology_v1","H1","mv06e_diagram_v1:9c3339fc0d365183b770cbe52f8219b88a49559f2288050f4a7704e0f6fdbe5a","mv06e_diagram_v1:9c3339fc0d365183b770cbe52f8219b88a49559f2288050f4a7704e0f6fdbe5a",111,111,0,0,13,874,,TRUE,TRUE,FALSE,0,1,"closed",FALSE,"a0232a6dd2b95e996c0e34eeb5187c04b2d02c6066f89aa0a0ad9c591ed02060"
"mv06e_rust_exact_result_v1","rust_scph_landscape_kernel_v1","self","self:mv06e_diagram_v1:9d128228c16907b5c17c786cf2d534498b2e15ae679c63fc4b44c77e5b763765:H1","gene_topology_v1","H1","mv06e_diagram_v1:9d128228c16907b5c17c786cf2d534498b2e15ae679c63fc4b44c77e5b763765","mv06e_diagram_v1:9d128228c16907b5c17c786cf2d534498b2e15ae679c63fc4b44c77e5b763765",2540,2540,0,0,1266,1704860,,TRUE,TRUE,FALSE,0,1,"closed",FALSE,"a0232a6dd2b95e996c0e34eeb5187c04b2d02c6066f89aa0a0ad9c591ed02060"
"mv06e_rust_exact_result_v1","rust_scph_landscape_kernel_v1","self","self:mv06e_diagram_v1:b8e6af78f9c514f00c68c95837404f7f2a5d6a31d82376387f84225491051b79:H1","gene_topology_v1","H1","mv06e_diagram_v1:b8e6af78f9c514f00c68c95837404f7f2a5d6a31d82376387f84225491051b79","mv06e_diagram_v1:b8e6af78f9c514f00c68c95837404f7f2a5d6a31d82376387f84225491051b79",476,476,0,0,105,31317,,TRUE,TRUE,FALSE,0,1,"closed",FALSE,"a0232a6dd2b95e996c0e34eeb5187c04b2d02c6066f89aa0a0ad9c591ed02060"
"mv06e_rust_exact_result_v1","rust_scph_landscape_kernel_v1","self","self:mv06e_diagram_v1:fcc482b51bc14569f7cfb9d4bbed945fa721a4129a99f82466e19c2d02ce4247:H1","gene_topology_v1","H1","mv06e_diagram_v1:fcc482b51bc14569f7cfb9d4bbed945fa721a4129a99f82466e19c2d02ce4247","mv06e_diagram_v1:fcc482b51bc14569f7cfb9d4bbed945fa721a4129a99f82466e19c2d02ce4247",120,120,0,0,15,1025,,TRUE,TRUE,FALSE,0,1,"closed",FALSE,"a0232a6dd2b95e996c0e34eeb5187c04b2d02c6066f89aa0a0ad9c591ed02060"
