"ph_order","view_order","dataset_scope","unit_id","seed","panel_id","representation_id","view_id","selected_cells","pca_components","point_metric","outcome_label_state","biological_outcomes_computed","homology_dimension"
1,1,"external8","HCA_BM_001",20260805,"common475","sct_pearson_residual_all_qc_fit_selected384","cell_topology_v1",384,30,"euclidean_shared_pca_v1","closed",FALSE,"H0"
2,1,"external8","HCA_BM_001",20260805,"common475","sct_pearson_residual_all_qc_fit_selected384","cell_topology_v1",384,30,"euclidean_shared_pca_v1","closed",FALSE,"H1"
3,2,"external8","HCA_BM_002",20260805,"common475","sct_pearson_residual_all_qc_fit_selected384","cell_topology_v1",384,30,"euclidean_shared_pca_v1","closed",FALSE,"H0"
4,2,"external8","HCA_BM_002",20260805,"common475","sct_pearson_residual_all_qc_fit_selected384","cell_topology_v1",384,30,"euclidean_shared_pca_v1","closed",FALSE,"H1"
5,3,"external8","HCA_BM_003",20260805,"common475","sct_pearson_residual_all_qc_fit_selected384","cell_topology_v1",384,30,"euclidean_shared_pca_v1","closed",FALSE,"H0"
6,3,"external8","HCA_BM_003",20260805,"common475","sct_pearson_residual_all_qc_fit_selected384","cell_topology_v1",384,30,"euclidean_shared_pca_v1","closed",FALSE,"H1"
7,4,"external8","HCA_BM_004",20260805,"common475","sct_pearson_residual_all_qc_fit_selected384","cell_topology_v1",384,30,"euclidean_shared_pca_v1","closed",FALSE,"H0"
8,4,"external8","HCA_BM_004",20260805,"common475","sct_pearson_residual_all_qc_fit_selected384","cell_topology_v1",384,30,"euclidean_shared_pca_v1","closed",FALSE,"H1"
9,5,"external8","HCA_BM_005",20260805,"common475","sct_pearson_residual_all_qc_fit_selected384","cell_topology_v1",384,30,"euclidean_shared_pca_v1","closed",FALSE,"H0"
10,5,"external8","HCA_BM_005",20260805,"common475","sct_pearson_residual_all_qc_fit_selected384","cell_topology_v1",384,30,"euclidean_shared_pca_v1","closed",FALSE,"H1"
11,6,"external8","HCA_BM_006",20260805,"common475","sct_pearson_residual_all_qc_fit_selected384","cell_topology_v1",384,30,"euclidean_shared_pca_v1","closed",FALSE,"H0"
12,6,"external8","HCA_BM_006",20260805,"common475","sct_pearson_residual_all_qc_fit_selected384","cell_topology_v1",384,30,"euclidean_shared_pca_v1","closed",FALSE,"H1"
13,7,"external8","HCA_BM_007",20260805,"common475","sct_pearson_residual_all_qc_fit_selected384","cell_topology_v1",384,30,"euclidean_shared_pca_v1","closed",FALSE,"H0"
14,7,"external8","HCA_BM_007",20260805,"common475","sct_pearson_residual_all_qc_fit_selected384","cell_topology_v1",384,30,"euclidean_shared_pca_v1","closed",FALSE,"H1"
15,8,"external8","HCA_BM_008",20260805,"common475","sct_pearson_residual_all_qc_fit_selected384","cell_topology_v1",384,30,"euclidean_shared_pca_v1","closed",FALSE,"H0"
16,8,"external8","HCA_BM_008",20260805,"common475","sct_pearson_residual_all_qc_fit_selected384","cell_topology_v1",384,30,"euclidean_shared_pca_v1","closed",FALSE,"H1"
17,9,"external8","HCA_BM_001",20260805,"exact500","sct_pearson_residual_all_qc_fit_selected384","cell_topology_v1",384,30,"euclidean_shared_pca_v1","closed",FALSE,"H0"
18,9,"external8","HCA_BM_001",20260805,"exact500","sct_pearson_residual_all_qc_fit_selected384","cell_topology_v1",384,30,"euclidean_shared_pca_v1","closed",FALSE,"H1"
19,10,"external8","HCA_BM_002",20260805,"exact500","sct_pearson_residual_all_qc_fit_selected384","cell_topology_v1",384,30,"euclidean_shared_pca_v1","closed",FALSE,"H0"
20,10,"external8","HCA_BM_002",20260805,"exact500","sct_pearson_residual_all_qc_fit_selected384","cell_topology_v1",384,30,"euclidean_shared_pca_v1","closed",FALSE,"H1"
21,11,"external8","HCA_BM_003",20260805,"exact500","sct_pearson_residual_all_qc_fit_selected384","cell_topology_v1",384,30,"euclidean_shared_pca_v1","closed",FALSE,"H0"
22,11,"external8","HCA_BM_003",20260805,"exact500","sct_pearson_residual_all_qc_fit_selected384","cell_topology_v1",384,30,"euclidean_shared_pca_v1","closed",FALSE,"H1"
23,12,"external8","HCA_BM_004",20260805,"exact500","sct_pearson_residual_all_qc_fit_selected384","cell_topology_v1",384,30,"euclidean_shared_pca_v1","closed",FALSE,"H0"
24,12,"external8","HCA_BM_004",20260805,"exact500","sct_pearson_residual_all_qc_fit_selected384","cell_topology_v1",384,30,"euclidean_shared_pca_v1","closed",FALSE,"H1"
25,13,"external8","HCA_BM_005",20260805,"exact500","sct_pearson_residual_all_qc_fit_selected384","cell_topology_v1",384,30,"euclidean_shared_pca_v1","closed",FALSE,"H0"
26,13,"external8","HCA_BM_005",20260805,"exact500","sct_pearson_residual_all_qc_fit_selected384","cell_topology_v1",384,30,"euclidean_shared_pca_v1","closed",FALSE,"H1"
27,14,"external8","HCA_BM_006",20260805,"exact500","sct_pearson_residual_all_qc_fit_selected384","cell_topology_v1",384,30,"euclidean_shared_pca_v1","closed",FALSE,"H0"
28,14,"external8","HCA_BM_006",20260805,"exact500","sct_pearson_residual_all_qc_fit_selected384","cell_topology_v1",384,30,"euclidean_shared_pca_v1","closed",FALSE,"H1"
29,15,"external8","HCA_BM_007",20260805,"exact500","sct_pearson_residual_all_qc_fit_selected384","cell_topology_v1",384,30,"euclidean_shared_pca_v1","closed",FALSE,"H0"
30,15,"external8","HCA_BM_007",20260805,"exact500","sct_pearson_residual_all_qc_fit_selected384","cell_topology_v1",384,30,"euclidean_shared_pca_v1","closed",FALSE,"H1"
31,16,"external8","HCA_BM_008",20260805,"exact500","sct_pearson_residual_all_qc_fit_selected384","cell_topology_v1",384,30,"euclidean_shared_pca_v1","closed",FALSE,"H0"
32,16,"external8","HCA_BM_008",20260805,"exact500","sct_pearson_residual_all_qc_fit_selected384","cell_topology_v1",384,30,"euclidean_shared_pca_v1","closed",FALSE,"H1"
33,17,"internal124","SRA550660_SRS2089635",20260805,"exact500","sct_pearson_residual_all_qc_fit_selected384","cell_topology_v1",384,30,"euclidean_shared_pca_v1","closed",FALSE,"H0"
34,17,"internal124","SRA550660_SRS2089635",20260805,"exact500","sct_pearson_residual_all_qc_fit_selected384","cell_topology_v1",384,30,"euclidean_shared_pca_v1","closed",FALSE,"H1"
35,18,"internal124","SRA550660_SRS2089636",20260805,"exact500","sct_pearson_residual_all_qc_fit_selected384","cell_topology_v1",384,30,"euclidean_shared_pca_v1","closed",FALSE,"H0"
36,18,"internal124","SRA550660_SRS2089636",20260805,"exact500","sct_pearson_residual_all_qc_fit_selected384","cell_topology_v1",384,30,"euclidean_shared_pca_v1","closed",FALSE,"H1"
37,19,"internal124","SRA550660_SRS2089637",20260805,"exact500","sct_pearson_residual_all_qc_fit_selected384","cell_topology_v1",384,30,"euclidean_shared_pca_v1","closed",FALSE,"H0"
38,19,"internal124","SRA550660_SRS2089637",20260805,"exact500","sct_pearson_residual_all_qc_fit_selected384","cell_topology_v1",384,30,"euclidean_shared_pca_v1","closed",FALSE,"H1"
39,20,"internal124","SRA550660_SRS2089638",20260805,"exact500","sct_pearson_residual_all_qc_fit_selected384","cell_topology_v1",384,30,"euclidean_shared_pca_v1","closed",FALSE,"H0"
40,20,"internal124","SRA550660_SRS2089638",20260805,"exact500","sct_pearson_residual_all_qc_fit_selected384","cell_topology_v1",384,30,"euclidean_shared_pca_v1","closed",FALSE,"H1"
41,21,"internal124","SRA550660_SRS2089639",20260805,"exact500","sct_pearson_residual_all_qc_fit_selected384","cell_topology_v1",384,30,"euclidean_shared_pca_v1","closed",FALSE,"H0"
42,21,"internal124","SRA550660_SRS2089639",20260805,"exact500","sct_pearson_residual_all_qc_fit_selected384","cell_topology_v1",384,30,"euclidean_shared_pca_v1","closed",FALSE,"H1"
43,22,"internal124","SRA621638_SRS2610283",20260805,"exact500","sct_pearson_residual_all_qc_fit_selected384","cell_topology_v1",384,30,"euclidean_shared_pca_v1","closed",FALSE,"H0"
44,22,"internal124","SRA621638_SRS2610283",20260805,"exact500","sct_pearson_residual_all_qc_fit_selected384","cell_topology_v1",384,30,"euclidean_shared_pca_v1","closed",FALSE,"H1"
45,23,"internal124","SRA621638_SRS2610285",20260805,"exact500","sct_pearson_residual_all_qc_fit_selected384","cell_topology_v1",384,30,"euclidean_shared_pca_v1","closed",FALSE,"H0"
46,23,"internal124","SRA621638_SRS2610285",20260805,"exact500","sct_pearson_residual_all_qc_fit_selected384","cell_topology_v1",384,30,"euclidean_shared_pca_v1","closed",FALSE,"H1"
47,24,"internal124","SRA628554_SRS2664364",20260805,"exact500","sct_pearson_residual_all_qc_fit_selected384","cell_topology_v1",384,30,"euclidean_shared_pca_v1","closed",FALSE,"H0"
48,24,"internal124","SRA628554_SRS2664364",20260805,"exact500","sct_pearson_residual_all_qc_fit_selected384","cell_topology_v1",384,30,"euclidean_shared_pca_v1","closed",FALSE,"H1"
49,25,"internal124","SRA628554_SRS2664365",20260805,"exact500","sct_pearson_residual_all_qc_fit_selected384","cell_topology_v1",384,30,"euclidean_shared_pca_v1","closed",FALSE,"H0"
50,25,"internal124","SRA628554_SRS2664365",20260805,"exact500","sct_pearson_residual_all_qc_fit_selected384","cell_topology_v1",384,30,"euclidean_shared_pca_v1","closed",FALSE,"H1"
51,26,"internal124","SRA645804_SRS2823404",20260805,"exact500","sct_pearson_residual_all_qc_fit_selected384","cell_topology_v1",384,30,"euclidean_shared_pca_v1","closed",FALSE,"H0"
52,26,"internal124","SRA645804_SRS2823404",20260805,"exact500","sct_pearson_residual_all_qc_fit_selected384","cell_topology_v1",384,30,"euclidean_shared_pca_v1","closed",FALSE,"H1"
53,27,"internal124","SRA645804_SRS2823405",20260805,"exact500","sct_pearson_residual_all_qc_fit_selected384","cell_topology_v1",384,30,"euclidean_shared_pca_v1","closed",FALSE,"H0"
54,27,"internal124","SRA645804_SRS2823405",20260805,"exact500","sct_pearson_residual_all_qc_fit_selected384","cell_topology_v1",384,30,"euclidean_shared_pca_v1","closed",FALSE,"H1"
55,28,"internal124","SRA645804_SRS2823406",20260805,"exact500","sct_pearson_residual_all_qc_fit_selected384","cell_topology_v1",384,30,"euclidean_shared_pca_v1","closed",FALSE,"H0"
56,28,"internal124","SRA645804_SRS2823406",20260805,"exact500","sct_pearson_residual_all_qc_fit_selected384","cell_topology_v1",384,30,"euclidean_shared_pca_v1","closed",FALSE,"H1"
57,29,"internal124","SRA645804_SRS2823407",20260805,"exact500","sct_pearson_residual_all_qc_fit_selected384","cell_topology_v1",384,30,"euclidean_shared_pca_v1","closed",FALSE,"H0"
58,29,"internal124","SRA645804_SRS2823407",20260805,"exact500","sct_pearson_residual_all_qc_fit_selected384","cell_topology_v1",384,30,"euclidean_shared_pca_v1","closed",FALSE,"H1"
59,30,"internal124","SRA645804_SRS2823408",20260805,"exact500","sct_pearson_residual_all_qc_fit_selected384","cell_topology_v1",384,30,"euclidean_shared_pca_v1","closed",FALSE,"H0"
60,30,"internal124","SRA645804_SRS2823408",20260805,"exact500","sct_pearson_residual_all_qc_fit_selected384","cell_topology_v1",384,30,"euclidean_shared_pca_v1","closed",FALSE,"H1"
61,31,"internal124","SRA645804_SRS2823409",20260805,"exact500","sct_pearson_residual_all_qc_fit_selected384","cell_topology_v1",384,30,"euclidean_shared_pca_v1","closed",FALSE,"H0"
62,31,"internal124","SRA645804_SRS2823409",20260805,"exact500","sct_pearson_residual_all_qc_fit_selected384","cell_topology_v1",384,30,"euclidean_shared_pca_v1","closed",FALSE,"H1"
63,32,"internal124","SRA645804_SRS2823410",20260805,"exact500","sct_pearson_residual_all_qc_fit_selected384","cell_topology_v1",384,30,"euclidean_shared_pca_v1","closed",FALSE,"H0"
64,32,"internal124","SRA645804_SRS2823410",20260805,"exact500","sct_pearson_residual_all_qc_fit_selected384","cell_topology_v1",384,30,"euclidean_shared_pca_v1","closed",FALSE,"H1"
65,33,"internal124","SRA645804_SRS2823411",20260805,"exact500","sct_pearson_residual_all_qc_fit_selected384","cell_topology_v1",384,30,"euclidean_shared_pca_v1","closed",FALSE,"H0"
66,33,"internal124","SRA645804_SRS2823411",20260805,"exact500","sct_pearson_residual_all_qc_fit_selected384","cell_topology_v1",384,30,"euclidean_shared_pca_v1","closed",FALSE,"H1"
67,34,"internal124","SRA645804_SRS2823412",20260805,"exact500","sct_pearson_residual_all_qc_fit_selected384","cell_topology_v1",384,30,"euclidean_shared_pca_v1","closed",FALSE,"H0"
68,34,"internal124","SRA645804_SRS2823412",20260805,"exact500","sct_pearson_residual_all_qc_fit_selected384","cell_topology_v1",384,30,"euclidean_shared_pca_v1","closed",FALSE,"H1"
69,35,"internal124","SRA645804_SRS3572594",20260805,"exact500","sct_pearson_residual_all_qc_fit_selected384","cell_topology_v1",384,30,"euclidean_shared_pca_v1","closed",FALSE,"H0"
70,35,"internal124","SRA645804_SRS3572594",20260805,"exact500","sct_pearson_residual_all_qc_fit_selected384","cell_topology_v1",384,30,"euclidean_shared_pca_v1","closed",FALSE,"H1"
71,36,"internal124","SRA667709_SRS3065426",20260805,"exact500","sct_pearson_residual_all_qc_fit_selected384","cell_topology_v1",384,30,"euclidean_shared_pca_v1","closed",FALSE,"H0"
72,36,"internal124","SRA667709_SRS3065426",20260805,"exact500","sct_pearson_residual_all_qc_fit_selected384","cell_topology_v1",384,30,"euclidean_shared_pca_v1","closed",FALSE,"H1"
73,37,"internal124","SRA667709_SRS3065427",20260805,"exact500","sct_pearson_residual_all_qc_fit_selected384","cell_topology_v1",384,30,"euclidean_shared_pca_v1","closed",FALSE,"H0"
74,37,"internal124","SRA667709_SRS3065427",20260805,"exact500","sct_pearson_residual_all_qc_fit_selected384","cell_topology_v1",384,30,"euclidean_shared_pca_v1","closed",FALSE,"H1"
75,38,"internal124","SRA667709_SRS3065428",20260805,"exact500","sct_pearson_residual_all_qc_fit_selected384","cell_topology_v1",384,30,"euclidean_shared_pca_v1","closed",FALSE,"H0"
76,38,"internal124","SRA667709_SRS3065428",20260805,"exact500","sct_pearson_residual_all_qc_fit_selected384","cell_topology_v1",384,30,"euclidean_shared_pca_v1","closed",FALSE,"H1"
77,39,"internal124","SRA667709_SRS3065429",20260805,"exact500","sct_pearson_residual_all_qc_fit_selected384","cell_topology_v1",384,30,"euclidean_shared_pca_v1","closed",FALSE,"H0"
78,39,"internal124","SRA667709_SRS3065429",20260805,"exact500","sct_pearson_residual_all_qc_fit_selected384","cell_topology_v1",384,30,"euclidean_shared_pca_v1","closed",FALSE,"H1"
79,40,"internal124","SRA667709_SRS3065430",20260805,"exact500","sct_pearson_residual_all_qc_fit_selected384","cell_topology_v1",384,30,"euclidean_shared_pca_v1","closed",FALSE,"H0"
80,40,"internal124","SRA667709_SRS3065430",20260805,"exact500","sct_pearson_residual_all_qc_fit_selected384","cell_topology_v1",384,30,"euclidean_shared_pca_v1","closed",FALSE,"H1"
81,41,"internal124","SRA667709_SRS3065431",20260805,"exact500","sct_pearson_residual_all_qc_fit_selected384","cell_topology_v1",384,30,"euclidean_shared_pca_v1","closed",FALSE,"H0"
82,41,"internal124","SRA667709_SRS3065431",20260805,"exact500","sct_pearson_residual_all_qc_fit_selected384","cell_topology_v1",384,30,"euclidean_shared_pca_v1","closed",FALSE,"H1"
83,42,"internal124","SRA701877_SRS3279684",20260805,"exact500","sct_pearson_residual_all_qc_fit_selected384","cell_topology_v1",384,30,"euclidean_shared_pca_v1","closed",FALSE,"H0"
84,42,"internal124","SRA701877_SRS3279684",20260805,"exact500","sct_pearson_residual_all_qc_fit_selected384","cell_topology_v1",384,30,"euclidean_shared_pca_v1","closed",FALSE,"H1"
85,43,"internal124","SRA701877_SRS3279685",20260805,"exact500","sct_pearson_residual_all_qc_fit_selected384","cell_topology_v1",384,30,"euclidean_shared_pca_v1","closed",FALSE,"H0"
86,43,"internal124","SRA701877_SRS3279685",20260805,"exact500","sct_pearson_residual_all_qc_fit_selected384","cell_topology_v1",384,30,"euclidean_shared_pca_v1","closed",FALSE,"H1"
87,44,"internal124","SRA701877_SRS3279686",20260805,"exact500","sct_pearson_residual_all_qc_fit_selected384","cell_topology_v1",384,30,"euclidean_shared_pca_v1","closed",FALSE,"H0"
88,44,"internal124","SRA701877_SRS3279686",20260805,"exact500","sct_pearson_residual_all_qc_fit_selected384","cell_topology_v1",384,30,"euclidean_shared_pca_v1","closed",FALSE,"H1"
89,45,"internal124","SRA701877_SRS3279687",20260805,"exact500","sct_pearson_residual_all_qc_fit_selected384","cell_topology_v1",384,30,"euclidean_shared_pca_v1","closed",FALSE,"H0"
90,45,"internal124","SRA701877_SRS3279687",20260805,"exact500","sct_pearson_residual_all_qc_fit_selected384","cell_topology_v1",384,30,"euclidean_shared_pca_v1","closed",FALSE,"H1"
91,46,"internal124","SRA701877_SRS3279688",20260805,"exact500","sct_pearson_residual_all_qc_fit_selected384","cell_topology_v1",384,30,"euclidean_shared_pca_v1","closed",FALSE,"H0"
92,46,"internal124","SRA701877_SRS3279688",20260805,"exact500","sct_pearson_residual_all_qc_fit_selected384","cell_topology_v1",384,30,"euclidean_shared_pca_v1","closed",FALSE,"H1"
93,47,"internal124","SRA701877_SRS3279689",20260805,"exact500","sct_pearson_residual_all_qc_fit_selected384","cell_topology_v1",384,30,"euclidean_shared_pca_v1","closed",FALSE,"H0"
94,47,"internal124","SRA701877_SRS3279689",20260805,"exact500","sct_pearson_residual_all_qc_fit_selected384","cell_topology_v1",384,30,"euclidean_shared_pca_v1","closed",FALSE,"H1"
95,48,"internal124","SRA701877_SRS3279690",20260805,"exact500","sct_pearson_residual_all_qc_fit_selected384","cell_topology_v1",384,30,"euclidean_shared_pca_v1","closed",FALSE,"H0"
96,48,"internal124","SRA701877_SRS3279690",20260805,"exact500","sct_pearson_residual_all_qc_fit_selected384","cell_topology_v1",384,30,"euclidean_shared_pca_v1","closed",FALSE,"H1"
97,49,"internal124","SRA701877_SRS3279691",20260805,"exact500","sct_pearson_residual_all_qc_fit_selected384","cell_topology_v1",384,30,"euclidean_shared_pca_v1","closed",FALSE,"H0"
98,49,"internal124","SRA701877_SRS3279691",20260805,"exact500","sct_pearson_residual_all_qc_fit_selected384","cell_topology_v1",384,30,"euclidean_shared_pca_v1","closed",FALSE,"H1"
99,50,"internal124","SRA701877_SRS3279692",20260805,"exact500","sct_pearson_residual_all_qc_fit_selected384","cell_topology_v1",384,30,"euclidean_shared_pca_v1","closed",FALSE,"H0"
100,50,"internal124","SRA701877_SRS3279692",20260805,"exact500","sct_pearson_residual_all_qc_fit_selected384","cell_topology_v1",384,30,"euclidean_shared_pca_v1","closed",FALSE,"H1"
101,51,"internal124","SRA701877_SRS3279693",20260805,"exact500","sct_pearson_residual_all_qc_fit_selected384","cell_topology_v1",384,30,"euclidean_shared_pca_v1","closed",FALSE,"H0"
102,51,"internal124","SRA701877_SRS3279693",20260805,"exact500","sct_pearson_residual_all_qc_fit_selected384","cell_topology_v1",384,30,"euclidean_shared_pca_v1","closed",FALSE,"H1"
103,52,"internal124","SRA701877_SRS3279694",20260805,"exact500","sct_pearson_residual_all_qc_fit_selected384","cell_topology_v1",384,30,"euclidean_shared_pca_v1","closed",FALSE,"H0"
104,52,"internal124","SRA701877_SRS3279694",20260805,"exact500","sct_pearson_residual_all_qc_fit_selected384","cell_topology_v1",384,30,"euclidean_shared_pca_v1","closed",FALSE,"H1"
105,53,"internal124","SRA701877_SRS3279695",20260805,"exact500","sct_pearson_residual_all_qc_fit_selected384","cell_topology_v1",384,30,"euclidean_shared_pca_v1","closed",FALSE,"H0"
106,53,"internal124","SRA701877_SRS3279695",20260805,"exact500","sct_pearson_residual_all_qc_fit_selected384","cell_topology_v1",384,30,"euclidean_shared_pca_v1","closed",FALSE,"H1"
107,54,"internal124","SRA703206_SRS3296611",20260805,"exact500","sct_pearson_residual_all_qc_fit_selected384","cell_topology_v1",384,30,"euclidean_shared_pca_v1","closed",FALSE,"H0"
108,54,"internal124","SRA703206_SRS3296611",20260805,"exact500","sct_pearson_residual_all_qc_fit_selected384","cell_topology_v1",384,30,"euclidean_shared_pca_v1","closed",FALSE,"H1"
109,55,"internal124","SRA703206_SRS3296612",20260805,"exact500","sct_pearson_residual_all_qc_fit_selected384","cell_topology_v1",384,30,"euclidean_shared_pca_v1","closed",FALSE,"H0"
110,55,"internal124","SRA703206_SRS3296612",20260805,"exact500","sct_pearson_residual_all_qc_fit_selected384","cell_topology_v1",384,30,"euclidean_shared_pca_v1","closed",FALSE,"H1"
111,56,"internal124","SRA703206_SRS3296613",20260805,"exact500","sct_pearson_residual_all_qc_fit_selected384","cell_topology_v1",384,30,"euclidean_shared_pca_v1","closed",FALSE,"H0"
112,56,"internal124","SRA703206_SRS3296613",20260805,"exact500","sct_pearson_residual_all_qc_fit_selected384","cell_topology_v1",384,30,"euclidean_shared_pca_v1","closed",FALSE,"H1"
113,57,"internal124","SRA703206_SRS3296614",20260805,"exact500","sct_pearson_residual_all_qc_fit_selected384","cell_topology_v1",384,30,"euclidean_shared_pca_v1","closed",FALSE,"H0"
114,57,"internal124","SRA703206_SRS3296614",20260805,"exact500","sct_pearson_residual_all_qc_fit_selected384","cell_topology_v1",384,30,"euclidean_shared_pca_v1","closed",FALSE,"H1"
115,58,"internal124","SRA713577_SRS3363004",20260805,"exact500","sct_pearson_residual_all_qc_fit_selected384","cell_topology_v1",384,30,"euclidean_shared_pca_v1","closed",FALSE,"H0"
116,58,"internal124","SRA713577_SRS3363004",20260805,"exact500","sct_pearson_residual_all_qc_fit_selected384","cell_topology_v1",384,30,"euclidean_shared_pca_v1","closed",FALSE,"H1"
117,59,"internal124","SRA716608_SRS3391629",20260805,"exact500","sct_pearson_residual_all_qc_fit_selected384","cell_topology_v1",384,30,"euclidean_shared_pca_v1","closed",FALSE,"H0"
118,59,"internal124","SRA716608_SRS3391629",20260805,"exact500","sct_pearson_residual_all_qc_fit_selected384","cell_topology_v1",384,30,"euclidean_shared_pca_v1","closed",FALSE,"H1"
119,60,"internal124","SRA716608_SRS3391630",20260805,"exact500","sct_pearson_residual_all_qc_fit_selected384","cell_topology_v1",384,30,"euclidean_shared_pca_v1","closed",FALSE,"H0"
120,60,"internal124","SRA716608_SRS3391630",20260805,"exact500","sct_pearson_residual_all_qc_fit_selected384","cell_topology_v1",384,30,"euclidean_shared_pca_v1","closed",FALSE,"H1"
121,61,"internal124","SRA716608_SRS3391631",20260805,"exact500","sct_pearson_residual_all_qc_fit_selected384","cell_topology_v1",384,30,"euclidean_shared_pca_v1","closed",FALSE,"H0"
122,61,"internal124","SRA716608_SRS3391631",20260805,"exact500","sct_pearson_residual_all_qc_fit_selected384","cell_topology_v1",384,30,"euclidean_shared_pca_v1","closed",FALSE,"H1"
123,62,"internal124","SRA716608_SRS3391632",20260805,"exact500","sct_pearson_residual_all_qc_fit_selected384","cell_topology_v1",384,30,"euclidean_shared_pca_v1","closed",FALSE,"H0"
124,62,"internal124","SRA716608_SRS3391632",20260805,"exact500","sct_pearson_residual_all_qc_fit_selected384","cell_topology_v1",384,30,"euclidean_shared_pca_v1","closed",FALSE,"H1"
125,63,"internal124","SRA716608_SRS3391633",20260805,"exact500","sct_pearson_residual_all_qc_fit_selected384","cell_topology_v1",384,30,"euclidean_shared_pca_v1","closed",FALSE,"H0"
126,63,"internal124","SRA716608_SRS3391633",20260805,"exact500","sct_pearson_residual_all_qc_fit_selected384","cell_topology_v1",384,30,"euclidean_shared_pca_v1","closed",FALSE,"H1"
127,64,"internal124","SRA728025_SRS3454421",20260805,"exact500","sct_pearson_residual_all_qc_fit_selected384","cell_topology_v1",384,30,"euclidean_shared_pca_v1","closed",FALSE,"H0"
128,64,"internal124","SRA728025_SRS3454421",20260805,"exact500","sct_pearson_residual_all_qc_fit_selected384","cell_topology_v1",384,30,"euclidean_shared_pca_v1","closed",FALSE,"H1"
129,65,"internal124","SRA728025_SRS3454422",20260805,"exact500","sct_pearson_residual_all_qc_fit_selected384","cell_topology_v1",384,30,"euclidean_shared_pca_v1","closed",FALSE,"H0"
130,65,"internal124","SRA728025_SRS3454422",20260805,"exact500","sct_pearson_residual_all_qc_fit_selected384","cell_topology_v1",384,30,"euclidean_shared_pca_v1","closed",FALSE,"H1"
131,66,"internal124","SRA728025_SRS3454423",20260805,"exact500","sct_pearson_residual_all_qc_fit_selected384","cell_topology_v1",384,30,"euclidean_shared_pca_v1","closed",FALSE,"H0"
132,66,"internal124","SRA728025_SRS3454423",20260805,"exact500","sct_pearson_residual_all_qc_fit_selected384","cell_topology_v1",384,30,"euclidean_shared_pca_v1","closed",FALSE,"H1"
133,67,"internal124","SRA728025_SRS3454424",20260805,"exact500","sct_pearson_residual_all_qc_fit_selected384","cell_topology_v1",384,30,"euclidean_shared_pca_v1","closed",FALSE,"H0"
134,67,"internal124","SRA728025_SRS3454424",20260805,"exact500","sct_pearson_residual_all_qc_fit_selected384","cell_topology_v1",384,30,"euclidean_shared_pca_v1","closed",FALSE,"H1"
135,68,"internal124","SRA728025_SRS3454425",20260805,"exact500","sct_pearson_residual_all_qc_fit_selected384","cell_topology_v1",384,30,"euclidean_shared_pca_v1","closed",FALSE,"H0"
136,68,"internal124","SRA728025_SRS3454425",20260805,"exact500","sct_pearson_residual_all_qc_fit_selected384","cell_topology_v1",384,30,"euclidean_shared_pca_v1","closed",FALSE,"H1"
137,69,"internal124","SRA728025_SRS3454426",20260805,"exact500","sct_pearson_residual_all_qc_fit_selected384","cell_topology_v1",384,30,"euclidean_shared_pca_v1","closed",FALSE,"H0"
138,69,"internal124","SRA728025_SRS3454426",20260805,"exact500","sct_pearson_residual_all_qc_fit_selected384","cell_topology_v1",384,30,"euclidean_shared_pca_v1","closed",FALSE,"H1"
139,70,"internal124","SRA728025_SRS3454427",20260805,"exact500","sct_pearson_residual_all_qc_fit_selected384","cell_topology_v1",384,30,"euclidean_shared_pca_v1","closed",FALSE,"H0"
140,70,"internal124","SRA728025_SRS3454427",20260805,"exact500","sct_pearson_residual_all_qc_fit_selected384","cell_topology_v1",384,30,"euclidean_shared_pca_v1","closed",FALSE,"H1"
141,71,"internal124","SRA728025_SRS3454428",20260805,"exact500","sct_pearson_residual_all_qc_fit_selected384","cell_topology_v1",384,30,"euclidean_shared_pca_v1","closed",FALSE,"H0"
142,71,"internal124","SRA728025_SRS3454428",20260805,"exact500","sct_pearson_residual_all_qc_fit_selected384","cell_topology_v1",384,30,"euclidean_shared_pca_v1","closed",FALSE,"H1"
143,72,"internal124","SRA728025_SRS3454430",20260805,"exact500","sct_pearson_residual_all_qc_fit_selected384","cell_topology_v1",384,30,"euclidean_shared_pca_v1","closed",FALSE,"H0"
144,72,"internal124","SRA728025_SRS3454430",20260805,"exact500","sct_pearson_residual_all_qc_fit_selected384","cell_topology_v1",384,30,"euclidean_shared_pca_v1","closed",FALSE,"H1"
145,73,"internal124","SRA740174_SRS3548780",20260805,"exact500","sct_pearson_residual_all_qc_fit_selected384","cell_topology_v1",384,30,"euclidean_shared_pca_v1","closed",FALSE,"H0"
146,73,"internal124","SRA740174_SRS3548780",20260805,"exact500","sct_pearson_residual_all_qc_fit_selected384","cell_topology_v1",384,30,"euclidean_shared_pca_v1","closed",FALSE,"H1"
147,74,"internal124","SRA740174_SRS3548781",20260805,"exact500","sct_pearson_residual_all_qc_fit_selected384","cell_topology_v1",384,30,"euclidean_shared_pca_v1","closed",FALSE,"H0"
148,74,"internal124","SRA740174_SRS3548781",20260805,"exact500","sct_pearson_residual_all_qc_fit_selected384","cell_topology_v1",384,30,"euclidean_shared_pca_v1","closed",FALSE,"H1"
149,75,"internal124","SRA740174_SRS3548782",20260805,"exact500","sct_pearson_residual_all_qc_fit_selected384","cell_topology_v1",384,30,"euclidean_shared_pca_v1","closed",FALSE,"H0"
150,75,"internal124","SRA740174_SRS3548782",20260805,"exact500","sct_pearson_residual_all_qc_fit_selected384","cell_topology_v1",384,30,"euclidean_shared_pca_v1","closed",FALSE,"H1"
151,76,"internal124","SRA740174_SRS3548783",20260805,"exact500","sct_pearson_residual_all_qc_fit_selected384","cell_topology_v1",384,30,"euclidean_shared_pca_v1","closed",FALSE,"H0"
152,76,"internal124","SRA740174_SRS3548783",20260805,"exact500","sct_pearson_residual_all_qc_fit_selected384","cell_topology_v1",384,30,"euclidean_shared_pca_v1","closed",FALSE,"H1"
153,77,"internal124","SRA742961_SRS3565195",20260805,"exact500","sct_pearson_residual_all_qc_fit_selected384","cell_topology_v1",384,30,"euclidean_shared_pca_v1","closed",FALSE,"H0"
154,77,"internal124","SRA742961_SRS3565195",20260805,"exact500","sct_pearson_residual_all_qc_fit_selected384","cell_topology_v1",384,30,"euclidean_shared_pca_v1","closed",FALSE,"H1"
155,78,"internal124","SRA742961_SRS3565196",20260805,"exact500","sct_pearson_residual_all_qc_fit_selected384","cell_topology_v1",384,30,"euclidean_shared_pca_v1","closed",FALSE,"H0"
156,78,"internal124","SRA742961_SRS3565196",20260805,"exact500","sct_pearson_residual_all_qc_fit_selected384","cell_topology_v1",384,30,"euclidean_shared_pca_v1","closed",FALSE,"H1"
157,79,"internal124","SRA742961_SRS3565197",20260805,"exact500","sct_pearson_residual_all_qc_fit_selected384","cell_topology_v1",384,30,"euclidean_shared_pca_v1","closed",FALSE,"H0"
158,79,"internal124","SRA742961_SRS3565197",20260805,"exact500","sct_pearson_residual_all_qc_fit_selected384","cell_topology_v1",384,30,"euclidean_shared_pca_v1","closed",FALSE,"H1"
159,80,"internal124","SRA742961_SRS3565198",20260805,"exact500","sct_pearson_residual_all_qc_fit_selected384","cell_topology_v1",384,30,"euclidean_shared_pca_v1","closed",FALSE,"H0"
160,80,"internal124","SRA742961_SRS3565198",20260805,"exact500","sct_pearson_residual_all_qc_fit_selected384","cell_topology_v1",384,30,"euclidean_shared_pca_v1","closed",FALSE,"H1"
161,81,"internal124","SRA742961_SRS3565199",20260805,"exact500","sct_pearson_residual_all_qc_fit_selected384","cell_topology_v1",384,30,"euclidean_shared_pca_v1","closed",FALSE,"H0"
162,81,"internal124","SRA742961_SRS3565199",20260805,"exact500","sct_pearson_residual_all_qc_fit_selected384","cell_topology_v1",384,30,"euclidean_shared_pca_v1","closed",FALSE,"H1"
163,82,"internal124","SRA742961_SRS3565201",20260805,"exact500","sct_pearson_residual_all_qc_fit_selected384","cell_topology_v1",384,30,"euclidean_shared_pca_v1","closed",FALSE,"H0"
164,82,"internal124","SRA742961_SRS3565201",20260805,"exact500","sct_pearson_residual_all_qc_fit_selected384","cell_topology_v1",384,30,"euclidean_shared_pca_v1","closed",FALSE,"H1"
165,83,"internal124","SRA742961_SRS3565202",20260805,"exact500","sct_pearson_residual_all_qc_fit_selected384","cell_topology_v1",384,30,"euclidean_shared_pca_v1","closed",FALSE,"H0"
166,83,"internal124","SRA742961_SRS3565202",20260805,"exact500","sct_pearson_residual_all_qc_fit_selected384","cell_topology_v1",384,30,"euclidean_shared_pca_v1","closed",FALSE,"H1"
167,84,"internal124","SRA742961_SRS3565203",20260805,"exact500","sct_pearson_residual_all_qc_fit_selected384","cell_topology_v1",384,30,"euclidean_shared_pca_v1","closed",FALSE,"H0"
168,84,"internal124","SRA742961_SRS3565203",20260805,"exact500","sct_pearson_residual_all_qc_fit_selected384","cell_topology_v1",384,30,"euclidean_shared_pca_v1","closed",FALSE,"H1"
169,85,"internal124","SRA742961_SRS3565204",20260805,"exact500","sct_pearson_residual_all_qc_fit_selected384","cell_topology_v1",384,30,"euclidean_shared_pca_v1","closed",FALSE,"H0"
170,85,"internal124","SRA742961_SRS3565204",20260805,"exact500","sct_pearson_residual_all_qc_fit_selected384","cell_topology_v1",384,30,"euclidean_shared_pca_v1","closed",FALSE,"H1"
171,86,"internal124","SRA742961_SRS3565205",20260805,"exact500","sct_pearson_residual_all_qc_fit_selected384","cell_topology_v1",384,30,"euclidean_shared_pca_v1","closed",FALSE,"H0"
172,86,"internal124","SRA742961_SRS3565205",20260805,"exact500","sct_pearson_residual_all_qc_fit_selected384","cell_topology_v1",384,30,"euclidean_shared_pca_v1","closed",FALSE,"H1"
173,87,"internal124","SRA742961_SRS3565206",20260805,"exact500","sct_pearson_residual_all_qc_fit_selected384","cell_topology_v1",384,30,"euclidean_shared_pca_v1","closed",FALSE,"H0"
174,87,"internal124","SRA742961_SRS3565206",20260805,"exact500","sct_pearson_residual_all_qc_fit_selected384","cell_topology_v1",384,30,"euclidean_shared_pca_v1","closed",FALSE,"H1"
175,88,"internal124","SRA742961_SRS3565207",20260805,"exact500","sct_pearson_residual_all_qc_fit_selected384","cell_topology_v1",384,30,"euclidean_shared_pca_v1","closed",FALSE,"H0"
176,88,"internal124","SRA742961_SRS3565207",20260805,"exact500","sct_pearson_residual_all_qc_fit_selected384","cell_topology_v1",384,30,"euclidean_shared_pca_v1","closed",FALSE,"H1"
177,89,"internal124","SRA742961_SRS3565208",20260805,"exact500","sct_pearson_residual_all_qc_fit_selected384","cell_topology_v1",384,30,"euclidean_shared_pca_v1","closed",FALSE,"H0"
178,89,"internal124","SRA742961_SRS3565208",20260805,"exact500","sct_pearson_residual_all_qc_fit_selected384","cell_topology_v1",384,30,"euclidean_shared_pca_v1","closed",FALSE,"H1"
179,90,"internal124","SRA742961_SRS3565209",20260805,"exact500","sct_pearson_residual_all_qc_fit_selected384","cell_topology_v1",384,30,"euclidean_shared_pca_v1","closed",FALSE,"H0"
180,90,"internal124","SRA742961_SRS3565209",20260805,"exact500","sct_pearson_residual_all_qc_fit_selected384","cell_topology_v1",384,30,"euclidean_shared_pca_v1","closed",FALSE,"H1"
181,91,"internal124","SRA742961_SRS3565210",20260805,"exact500","sct_pearson_residual_all_qc_fit_selected384","cell_topology_v1",384,30,"euclidean_shared_pca_v1","closed",FALSE,"H0"
182,91,"internal124","SRA742961_SRS3565210",20260805,"exact500","sct_pearson_residual_all_qc_fit_selected384","cell_topology_v1",384,30,"euclidean_shared_pca_v1","closed",FALSE,"H1"
183,92,"internal124","SRA742961_SRS3565211",20260805,"exact500","sct_pearson_residual_all_qc_fit_selected384","cell_topology_v1",384,30,"euclidean_shared_pca_v1","closed",FALSE,"H0"
184,92,"internal124","SRA742961_SRS3565211",20260805,"exact500","sct_pearson_residual_all_qc_fit_selected384","cell_topology_v1",384,30,"euclidean_shared_pca_v1","closed",FALSE,"H1"
185,93,"internal124","SRA749327_SRS3693910",20260805,"exact500","sct_pearson_residual_all_qc_fit_selected384","cell_topology_v1",384,30,"euclidean_shared_pca_v1","closed",FALSE,"H0"
186,93,"internal124","SRA749327_SRS3693910",20260805,"exact500","sct_pearson_residual_all_qc_fit_selected384","cell_topology_v1",384,30,"euclidean_shared_pca_v1","closed",FALSE,"H1"
187,94,"internal124","SRA749327_SRS3693911",20260805,"exact500","sct_pearson_residual_all_qc_fit_selected384","cell_topology_v1",384,30,"euclidean_shared_pca_v1","closed",FALSE,"H0"
188,94,"internal124","SRA749327_SRS3693911",20260805,"exact500","sct_pearson_residual_all_qc_fit_selected384","cell_topology_v1",384,30,"euclidean_shared_pca_v1","closed",FALSE,"H1"
189,95,"internal124","SRA749327_SRS3693912",20260805,"exact500","sct_pearson_residual_all_qc_fit_selected384","cell_topology_v1",384,30,"euclidean_shared_pca_v1","closed",FALSE,"H0"
190,95,"internal124","SRA749327_SRS3693912",20260805,"exact500","sct_pearson_residual_all_qc_fit_selected384","cell_topology_v1",384,30,"euclidean_shared_pca_v1","closed",FALSE,"H1"
191,96,"internal124","SRA749327_SRS3693913",20260805,"exact500","sct_pearson_residual_all_qc_fit_selected384","cell_topology_v1",384,30,"euclidean_shared_pca_v1","closed",FALSE,"H0"
192,96,"internal124","SRA749327_SRS3693913",20260805,"exact500","sct_pearson_residual_all_qc_fit_selected384","cell_topology_v1",384,30,"euclidean_shared_pca_v1","closed",FALSE,"H1"
193,97,"internal124","SRA760933_SRS3693061",20260805,"exact500","sct_pearson_residual_all_qc_fit_selected384","cell_topology_v1",384,30,"euclidean_shared_pca_v1","closed",FALSE,"H0"
194,97,"internal124","SRA760933_SRS3693061",20260805,"exact500","sct_pearson_residual_all_qc_fit_selected384","cell_topology_v1",384,30,"euclidean_shared_pca_v1","closed",FALSE,"H1"
195,98,"internal124","SRA779509_SRS3805245",20260805,"exact500","sct_pearson_residual_all_qc_fit_selected384","cell_topology_v1",384,30,"euclidean_shared_pca_v1","closed",FALSE,"H0"
196,98,"internal124","SRA779509_SRS3805245",20260805,"exact500","sct_pearson_residual_all_qc_fit_selected384","cell_topology_v1",384,30,"euclidean_shared_pca_v1","closed",FALSE,"H1"
197,99,"internal124","SRA779509_SRS3805246",20260805,"exact500","sct_pearson_residual_all_qc_fit_selected384","cell_topology_v1",384,30,"euclidean_shared_pca_v1","closed",FALSE,"H0"
198,99,"internal124","SRA779509_SRS3805246",20260805,"exact500","sct_pearson_residual_all_qc_fit_selected384","cell_topology_v1",384,30,"euclidean_shared_pca_v1","closed",FALSE,"H1"
199,100,"internal124","SRA779509_SRS3805247",20260805,"exact500","sct_pearson_residual_all_qc_fit_selected384","cell_topology_v1",384,30,"euclidean_shared_pca_v1","closed",FALSE,"H0"
200,100,"internal124","SRA779509_SRS3805247",20260805,"exact500","sct_pearson_residual_all_qc_fit_selected384","cell_topology_v1",384,30,"euclidean_shared_pca_v1","closed",FALSE,"H1"
201,101,"internal124","SRA779509_SRS3805248",20260805,"exact500","sct_pearson_residual_all_qc_fit_selected384","cell_topology_v1",384,30,"euclidean_shared_pca_v1","closed",FALSE,"H0"
202,101,"internal124","SRA779509_SRS3805248",20260805,"exact500","sct_pearson_residual_all_qc_fit_selected384","cell_topology_v1",384,30,"euclidean_shared_pca_v1","closed",FALSE,"H1"
203,102,"internal124","SRA779509_SRS3805249",20260805,"exact500","sct_pearson_residual_all_qc_fit_selected384","cell_topology_v1",384,30,"euclidean_shared_pca_v1","closed",FALSE,"H0"
204,102,"internal124","SRA779509_SRS3805249",20260805,"exact500","sct_pearson_residual_all_qc_fit_selected384","cell_topology_v1",384,30,"euclidean_shared_pca_v1","closed",FALSE,"H1"
205,103,"internal124","SRA779509_SRS3805250",20260805,"exact500","sct_pearson_residual_all_qc_fit_selected384","cell_topology_v1",384,30,"euclidean_shared_pca_v1","closed",FALSE,"H0"
206,103,"internal124","SRA779509_SRS3805250",20260805,"exact500","sct_pearson_residual_all_qc_fit_selected384","cell_topology_v1",384,30,"euclidean_shared_pca_v1","closed",FALSE,"H1"
207,104,"internal124","SRA779509_SRS3805251",20260805,"exact500","sct_pearson_residual_all_qc_fit_selected384","cell_topology_v1",384,30,"euclidean_shared_pca_v1","closed",FALSE,"H0"
208,104,"internal124","SRA779509_SRS3805251",20260805,"exact500","sct_pearson_residual_all_qc_fit_selected384","cell_topology_v1",384,30,"euclidean_shared_pca_v1","closed",FALSE,"H1"
209,105,"internal124","SRA779509_SRS3805252",20260805,"exact500","sct_pearson_residual_all_qc_fit_selected384","cell_topology_v1",384,30,"euclidean_shared_pca_v1","closed",FALSE,"H0"
210,105,"internal124","SRA779509_SRS3805252",20260805,"exact500","sct_pearson_residual_all_qc_fit_selected384","cell_topology_v1",384,30,"euclidean_shared_pca_v1","closed",FALSE,"H1"
211,106,"internal124","SRA779509_SRS3805253",20260805,"exact500","sct_pearson_residual_all_qc_fit_selected384","cell_topology_v1",384,30,"euclidean_shared_pca_v1","closed",FALSE,"H0"
212,106,"internal124","SRA779509_SRS3805253",20260805,"exact500","sct_pearson_residual_all_qc_fit_selected384","cell_topology_v1",384,30,"euclidean_shared_pca_v1","closed",FALSE,"H1"
213,107,"internal124","SRA779509_SRS3805254",20260805,"exact500","sct_pearson_residual_all_qc_fit_selected384","cell_topology_v1",384,30,"euclidean_shared_pca_v1","closed",FALSE,"H0"
214,107,"internal124","SRA779509_SRS3805254",20260805,"exact500","sct_pearson_residual_all_qc_fit_selected384","cell_topology_v1",384,30,"euclidean_shared_pca_v1","closed",FALSE,"H1"
215,108,"internal124","SRA779509_SRS3805255",20260805,"exact500","sct_pearson_residual_all_qc_fit_selected384","cell_topology_v1",384,30,"euclidean_shared_pca_v1","closed",FALSE,"H0"
216,108,"internal124","SRA779509_SRS3805255",20260805,"exact500","sct_pearson_residual_all_qc_fit_selected384","cell_topology_v1",384,30,"euclidean_shared_pca_v1","closed",FALSE,"H1"
217,109,"internal124","SRA779509_SRS3805256",20260805,"exact500","sct_pearson_residual_all_qc_fit_selected384","cell_topology_v1",384,30,"euclidean_shared_pca_v1","closed",FALSE,"H0"
218,109,"internal124","SRA779509_SRS3805256",20260805,"exact500","sct_pearson_residual_all_qc_fit_selected384","cell_topology_v1",384,30,"euclidean_shared_pca_v1","closed",FALSE,"H1"
219,110,"internal124","SRA779509_SRS3805257",20260805,"exact500","sct_pearson_residual_all_qc_fit_selected384","cell_topology_v1",384,30,"euclidean_shared_pca_v1","closed",FALSE,"H0"
220,110,"internal124","SRA779509_SRS3805257",20260805,"exact500","sct_pearson_residual_all_qc_fit_selected384","cell_topology_v1",384,30,"euclidean_shared_pca_v1","closed",FALSE,"H1"
221,111,"internal124","SRA779509_SRS3805258",20260805,"exact500","sct_pearson_residual_all_qc_fit_selected384","cell_topology_v1",384,30,"euclidean_shared_pca_v1","closed",FALSE,"H0"
222,111,"internal124","SRA779509_SRS3805258",20260805,"exact500","sct_pearson_residual_all_qc_fit_selected384","cell_topology_v1",384,30,"euclidean_shared_pca_v1","closed",FALSE,"H1"
223,112,"internal124","SRA779509_SRS3805259",20260805,"exact500","sct_pearson_residual_all_qc_fit_selected384","cell_topology_v1",384,30,"euclidean_shared_pca_v1","closed",FALSE,"H0"
224,112,"internal124","SRA779509_SRS3805259",20260805,"exact500","sct_pearson_residual_all_qc_fit_selected384","cell_topology_v1",384,30,"euclidean_shared_pca_v1","closed",FALSE,"H1"
225,113,"internal124","SRA779509_SRS3805260",20260805,"exact500","sct_pearson_residual_all_qc_fit_selected384","cell_topology_v1",384,30,"euclidean_shared_pca_v1","closed",FALSE,"H0"
226,113,"internal124","SRA779509_SRS3805260",20260805,"exact500","sct_pearson_residual_all_qc_fit_selected384","cell_topology_v1",384,30,"euclidean_shared_pca_v1","closed",FALSE,"H1"
227,114,"internal124","SRA779509_SRS3805261",20260805,"exact500","sct_pearson_residual_all_qc_fit_selected384","cell_topology_v1",384,30,"euclidean_shared_pca_v1","closed",FALSE,"H0"
228,114,"internal124","SRA779509_SRS3805261",20260805,"exact500","sct_pearson_residual_all_qc_fit_selected384","cell_topology_v1",384,30,"euclidean_shared_pca_v1","closed",FALSE,"H1"
229,115,"internal124","SRA779509_SRS3805262",20260805,"exact500","sct_pearson_residual_all_qc_fit_selected384","cell_topology_v1",384,30,"euclidean_shared_pca_v1","closed",FALSE,"H0"
230,115,"internal124","SRA779509_SRS3805262",20260805,"exact500","sct_pearson_residual_all_qc_fit_selected384","cell_topology_v1",384,30,"euclidean_shared_pca_v1","closed",FALSE,"H1"
231,116,"internal124","SRA779509_SRS3805263",20260805,"exact500","sct_pearson_residual_all_qc_fit_selected384","cell_topology_v1",384,30,"euclidean_shared_pca_v1","closed",FALSE,"H0"
232,116,"internal124","SRA779509_SRS3805263",20260805,"exact500","sct_pearson_residual_all_qc_fit_selected384","cell_topology_v1",384,30,"euclidean_shared_pca_v1","closed",FALSE,"H1"
233,117,"internal124","SRA779509_SRS3805264",20260805,"exact500","sct_pearson_residual_all_qc_fit_selected384","cell_topology_v1",384,30,"euclidean_shared_pca_v1","closed",FALSE,"H0"
234,117,"internal124","SRA779509_SRS3805264",20260805,"exact500","sct_pearson_residual_all_qc_fit_selected384","cell_topology_v1",384,30,"euclidean_shared_pca_v1","closed",FALSE,"H1"
235,118,"internal124","SRA779509_SRS3805265",20260805,"exact500","sct_pearson_residual_all_qc_fit_selected384","cell_topology_v1",384,30,"euclidean_shared_pca_v1","closed",FALSE,"H0"
236,118,"internal124","SRA779509_SRS3805265",20260805,"exact500","sct_pearson_residual_all_qc_fit_selected384","cell_topology_v1",384,30,"euclidean_shared_pca_v1","closed",FALSE,"H1"
237,119,"internal124","SRA779509_SRS3805266",20260805,"exact500","sct_pearson_residual_all_qc_fit_selected384","cell_topology_v1",384,30,"euclidean_shared_pca_v1","closed",FALSE,"H0"
238,119,"internal124","SRA779509_SRS3805266",20260805,"exact500","sct_pearson_residual_all_qc_fit_selected384","cell_topology_v1",384,30,"euclidean_shared_pca_v1","closed",FALSE,"H1"
239,120,"internal124","SRA779509_SRS3805267",20260805,"exact500","sct_pearson_residual_all_qc_fit_selected384","cell_topology_v1",384,30,"euclidean_shared_pca_v1","closed",FALSE,"H0"
240,120,"internal124","SRA779509_SRS3805267",20260805,"exact500","sct_pearson_residual_all_qc_fit_selected384","cell_topology_v1",384,30,"euclidean_shared_pca_v1","closed",FALSE,"H1"
241,121,"internal124","SRA779509_SRS3805268",20260805,"exact500","sct_pearson_residual_all_qc_fit_selected384","cell_topology_v1",384,30,"euclidean_shared_pca_v1","closed",FALSE,"H0"
242,121,"internal124","SRA779509_SRS3805268",20260805,"exact500","sct_pearson_residual_all_qc_fit_selected384","cell_topology_v1",384,30,"euclidean_shared_pca_v1","closed",FALSE,"H1"
243,122,"internal124","SRA779509_SRS3805269",20260805,"exact500","sct_pearson_residual_all_qc_fit_selected384","cell_topology_v1",384,30,"euclidean_shared_pca_v1","closed",FALSE,"H0"
244,122,"internal124","SRA779509_SRS3805269",20260805,"exact500","sct_pearson_residual_all_qc_fit_selected384","cell_topology_v1",384,30,"euclidean_shared_pca_v1","closed",FALSE,"H1"
245,123,"internal124","SRA784242_SRS3822680",20260805,"exact500","sct_pearson_residual_all_qc_fit_selected384","cell_topology_v1",384,30,"euclidean_shared_pca_v1","closed",FALSE,"H0"
246,123,"internal124","SRA784242_SRS3822680",20260805,"exact500","sct_pearson_residual_all_qc_fit_selected384","cell_topology_v1",384,30,"euclidean_shared_pca_v1","closed",FALSE,"H1"
247,124,"internal124","SRA784242_SRS3822682",20260805,"exact500","sct_pearson_residual_all_qc_fit_selected384","cell_topology_v1",384,30,"euclidean_shared_pca_v1","closed",FALSE,"H0"
248,124,"internal124","SRA784242_SRS3822682",20260805,"exact500","sct_pearson_residual_all_qc_fit_selected384","cell_topology_v1",384,30,"euclidean_shared_pca_v1","closed",FALSE,"H1"
249,125,"internal124","SRA784242_SRS3822683",20260805,"exact500","sct_pearson_residual_all_qc_fit_selected384","cell_topology_v1",384,30,"euclidean_shared_pca_v1","closed",FALSE,"H0"
250,125,"internal124","SRA784242_SRS3822683",20260805,"exact500","sct_pearson_residual_all_qc_fit_selected384","cell_topology_v1",384,30,"euclidean_shared_pca_v1","closed",FALSE,"H1"
251,126,"internal124","SRA784242_SRS3822686",20260805,"exact500","sct_pearson_residual_all_qc_fit_selected384","cell_topology_v1",384,30,"euclidean_shared_pca_v1","closed",FALSE,"H0"
252,126,"internal124","SRA784242_SRS3822686",20260805,"exact500","sct_pearson_residual_all_qc_fit_selected384","cell_topology_v1",384,30,"euclidean_shared_pca_v1","closed",FALSE,"H1"
253,127,"internal124","SRA826293_SRS4181123",20260805,"exact500","sct_pearson_residual_all_qc_fit_selected384","cell_topology_v1",384,30,"euclidean_shared_pca_v1","closed",FALSE,"H0"
254,127,"internal124","SRA826293_SRS4181123",20260805,"exact500","sct_pearson_residual_all_qc_fit_selected384","cell_topology_v1",384,30,"euclidean_shared_pca_v1","closed",FALSE,"H1"
255,128,"internal124","SRA826293_SRS4181124",20260805,"exact500","sct_pearson_residual_all_qc_fit_selected384","cell_topology_v1",384,30,"euclidean_shared_pca_v1","closed",FALSE,"H0"
256,128,"internal124","SRA826293_SRS4181124",20260805,"exact500","sct_pearson_residual_all_qc_fit_selected384","cell_topology_v1",384,30,"euclidean_shared_pca_v1","closed",FALSE,"H1"
257,129,"internal124","SRA826293_SRS4181125",20260805,"exact500","sct_pearson_residual_all_qc_fit_selected384","cell_topology_v1",384,30,"euclidean_shared_pca_v1","closed",FALSE,"H0"
258,129,"internal124","SRA826293_SRS4181125",20260805,"exact500","sct_pearson_residual_all_qc_fit_selected384","cell_topology_v1",384,30,"euclidean_shared_pca_v1","closed",FALSE,"H1"
259,130,"internal124","SRA826293_SRS4181126",20260805,"exact500","sct_pearson_residual_all_qc_fit_selected384","cell_topology_v1",384,30,"euclidean_shared_pca_v1","closed",FALSE,"H0"
260,130,"internal124","SRA826293_SRS4181126",20260805,"exact500","sct_pearson_residual_all_qc_fit_selected384","cell_topology_v1",384,30,"euclidean_shared_pca_v1","closed",FALSE,"H1"
261,131,"internal124","SRA826293_SRS4181127",20260805,"exact500","sct_pearson_residual_all_qc_fit_selected384","cell_topology_v1",384,30,"euclidean_shared_pca_v1","closed",FALSE,"H0"
262,131,"internal124","SRA826293_SRS4181127",20260805,"exact500","sct_pearson_residual_all_qc_fit_selected384","cell_topology_v1",384,30,"euclidean_shared_pca_v1","closed",FALSE,"H1"
263,132,"internal124","SRA826293_SRS4181128",20260805,"exact500","sct_pearson_residual_all_qc_fit_selected384","cell_topology_v1",384,30,"euclidean_shared_pca_v1","closed",FALSE,"H0"
264,132,"internal124","SRA826293_SRS4181128",20260805,"exact500","sct_pearson_residual_all_qc_fit_selected384","cell_topology_v1",384,30,"euclidean_shared_pca_v1","closed",FALSE,"H1"
265,133,"internal124","SRA826293_SRS4181129",20260805,"exact500","sct_pearson_residual_all_qc_fit_selected384","cell_topology_v1",384,30,"euclidean_shared_pca_v1","closed",FALSE,"H0"
266,133,"internal124","SRA826293_SRS4181129",20260805,"exact500","sct_pearson_residual_all_qc_fit_selected384","cell_topology_v1",384,30,"euclidean_shared_pca_v1","closed",FALSE,"H1"
267,134,"internal124","SRA826293_SRS4181130",20260805,"exact500","sct_pearson_residual_all_qc_fit_selected384","cell_topology_v1",384,30,"euclidean_shared_pca_v1","closed",FALSE,"H0"
268,134,"internal124","SRA826293_SRS4181130",20260805,"exact500","sct_pearson_residual_all_qc_fit_selected384","cell_topology_v1",384,30,"euclidean_shared_pca_v1","closed",FALSE,"H1"
269,135,"internal124","SRA850958_SRS4386101",20260805,"exact500","sct_pearson_residual_all_qc_fit_selected384","cell_topology_v1",384,30,"euclidean_shared_pca_v1","closed",FALSE,"H0"
270,135,"internal124","SRA850958_SRS4386101",20260805,"exact500","sct_pearson_residual_all_qc_fit_selected384","cell_topology_v1",384,30,"euclidean_shared_pca_v1","closed",FALSE,"H1"
271,136,"internal124","SRA850958_SRS4386109",20260805,"exact500","sct_pearson_residual_all_qc_fit_selected384","cell_topology_v1",384,30,"euclidean_shared_pca_v1","closed",FALSE,"H0"
272,136,"internal124","SRA850958_SRS4386109",20260805,"exact500","sct_pearson_residual_all_qc_fit_selected384","cell_topology_v1",384,30,"euclidean_shared_pca_v1","closed",FALSE,"H1"
273,137,"internal124","SRA850958_SRS4386110",20260805,"exact500","sct_pearson_residual_all_qc_fit_selected384","cell_topology_v1",384,30,"euclidean_shared_pca_v1","closed",FALSE,"H0"
274,137,"internal124","SRA850958_SRS4386110",20260805,"exact500","sct_pearson_residual_all_qc_fit_selected384","cell_topology_v1",384,30,"euclidean_shared_pca_v1","closed",FALSE,"H1"
275,138,"internal124","SRA850958_SRS4386111",20260805,"exact500","sct_pearson_residual_all_qc_fit_selected384","cell_topology_v1",384,30,"euclidean_shared_pca_v1","closed",FALSE,"H0"
276,138,"internal124","SRA850958_SRS4386111",20260805,"exact500","sct_pearson_residual_all_qc_fit_selected384","cell_topology_v1",384,30,"euclidean_shared_pca_v1","closed",FALSE,"H1"
277,139,"internal124","SRA850958_SRS4386112",20260805,"exact500","sct_pearson_residual_all_qc_fit_selected384","cell_topology_v1",384,30,"euclidean_shared_pca_v1","closed",FALSE,"H0"
278,139,"internal124","SRA850958_SRS4386112",20260805,"exact500","sct_pearson_residual_all_qc_fit_selected384","cell_topology_v1",384,30,"euclidean_shared_pca_v1","closed",FALSE,"H1"
279,140,"internal124","SRA850958_SRS4386113",20260805,"exact500","sct_pearson_residual_all_qc_fit_selected384","cell_topology_v1",384,30,"euclidean_shared_pca_v1","closed",FALSE,"H0"
280,140,"internal124","SRA850958_SRS4386113",20260805,"exact500","sct_pearson_residual_all_qc_fit_selected384","cell_topology_v1",384,30,"euclidean_shared_pca_v1","closed",FALSE,"H1"
281,141,"internal124","SRA550660_SRS2089635",20260806,"exact500","sct_pearson_residual_all_qc_fit_selected384","cell_topology_v1",384,30,"euclidean_shared_pca_v1","closed",FALSE,"H0"
282,141,"internal124","SRA550660_SRS2089635",20260806,"exact500","sct_pearson_residual_all_qc_fit_selected384","cell_topology_v1",384,30,"euclidean_shared_pca_v1","closed",FALSE,"H1"
283,142,"internal124","SRA550660_SRS2089636",20260806,"exact500","sct_pearson_residual_all_qc_fit_selected384","cell_topology_v1",384,30,"euclidean_shared_pca_v1","closed",FALSE,"H0"
284,142,"internal124","SRA550660_SRS2089636",20260806,"exact500","sct_pearson_residual_all_qc_fit_selected384","cell_topology_v1",384,30,"euclidean_shared_pca_v1","closed",FALSE,"H1"
285,143,"internal124","SRA550660_SRS2089637",20260806,"exact500","sct_pearson_residual_all_qc_fit_selected384","cell_topology_v1",384,30,"euclidean_shared_pca_v1","closed",FALSE,"H0"
286,143,"internal124","SRA550660_SRS2089637",20260806,"exact500","sct_pearson_residual_all_qc_fit_selected384","cell_topology_v1",384,30,"euclidean_shared_pca_v1","closed",FALSE,"H1"
287,144,"internal124","SRA550660_SRS2089638",20260806,"exact500","sct_pearson_residual_all_qc_fit_selected384","cell_topology_v1",384,30,"euclidean_shared_pca_v1","closed",FALSE,"H0"
288,144,"internal124","SRA550660_SRS2089638",20260806,"exact500","sct_pearson_residual_all_qc_fit_selected384","cell_topology_v1",384,30,"euclidean_shared_pca_v1","closed",FALSE,"H1"
289,145,"internal124","SRA550660_SRS2089639",20260806,"exact500","sct_pearson_residual_all_qc_fit_selected384","cell_topology_v1",384,30,"euclidean_shared_pca_v1","closed",FALSE,"H0"
290,145,"internal124","SRA550660_SRS2089639",20260806,"exact500","sct_pearson_residual_all_qc_fit_selected384","cell_topology_v1",384,30,"euclidean_shared_pca_v1","closed",FALSE,"H1"
291,146,"internal124","SRA621638_SRS2610283",20260806,"exact500","sct_pearson_residual_all_qc_fit_selected384","cell_topology_v1",384,30,"euclidean_shared_pca_v1","closed",FALSE,"H0"
292,146,"internal124","SRA621638_SRS2610283",20260806,"exact500","sct_pearson_residual_all_qc_fit_selected384","cell_topology_v1",384,30,"euclidean_shared_pca_v1","closed",FALSE,"H1"
293,147,"internal124","SRA621638_SRS2610285",20260806,"exact500","sct_pearson_residual_all_qc_fit_selected384","cell_topology_v1",384,30,"euclidean_shared_pca_v1","closed",FALSE,"H0"
294,147,"internal124","SRA621638_SRS2610285",20260806,"exact500","sct_pearson_residual_all_qc_fit_selected384","cell_topology_v1",384,30,"euclidean_shared_pca_v1","closed",FALSE,"H1"
295,148,"internal124","SRA628554_SRS2664364",20260806,"exact500","sct_pearson_residual_all_qc_fit_selected384","cell_topology_v1",384,30,"euclidean_shared_pca_v1","closed",FALSE,"H0"
296,148,"internal124","SRA628554_SRS2664364",20260806,"exact500","sct_pearson_residual_all_qc_fit_selected384","cell_topology_v1",384,30,"euclidean_shared_pca_v1","closed",FALSE,"H1"
297,149,"internal124","SRA628554_SRS2664365",20260806,"exact500","sct_pearson_residual_all_qc_fit_selected384","cell_topology_v1",384,30,"euclidean_shared_pca_v1","closed",FALSE,"H0"
298,149,"internal124","SRA628554_SRS2664365",20260806,"exact500","sct_pearson_residual_all_qc_fit_selected384","cell_topology_v1",384,30,"euclidean_shared_pca_v1","closed",FALSE,"H1"
299,150,"internal124","SRA645804_SRS2823404",20260806,"exact500","sct_pearson_residual_all_qc_fit_selected384","cell_topology_v1",384,30,"euclidean_shared_pca_v1","closed",FALSE,"H0"
300,150,"internal124","SRA645804_SRS2823404",20260806,"exact500","sct_pearson_residual_all_qc_fit_selected384","cell_topology_v1",384,30,"euclidean_shared_pca_v1","closed",FALSE,"H1"
301,151,"internal124","SRA645804_SRS2823405",20260806,"exact500","sct_pearson_residual_all_qc_fit_selected384","cell_topology_v1",384,30,"euclidean_shared_pca_v1","closed",FALSE,"H0"
302,151,"internal124","SRA645804_SRS2823405",20260806,"exact500","sct_pearson_residual_all_qc_fit_selected384","cell_topology_v1",384,30,"euclidean_shared_pca_v1","closed",FALSE,"H1"
303,152,"internal124","SRA645804_SRS2823406",20260806,"exact500","sct_pearson_residual_all_qc_fit_selected384","cell_topology_v1",384,30,"euclidean_shared_pca_v1","closed",FALSE,"H0"
304,152,"internal124","SRA645804_SRS2823406",20260806,"exact500","sct_pearson_residual_all_qc_fit_selected384","cell_topology_v1",384,30,"euclidean_shared_pca_v1","closed",FALSE,"H1"
305,153,"internal124","SRA645804_SRS2823407",20260806,"exact500","sct_pearson_residual_all_qc_fit_selected384","cell_topology_v1",384,30,"euclidean_shared_pca_v1","closed",FALSE,"H0"
306,153,"internal124","SRA645804_SRS2823407",20260806,"exact500","sct_pearson_residual_all_qc_fit_selected384","cell_topology_v1",384,30,"euclidean_shared_pca_v1","closed",FALSE,"H1"
307,154,"internal124","SRA645804_SRS2823408",20260806,"exact500","sct_pearson_residual_all_qc_fit_selected384","cell_topology_v1",384,30,"euclidean_shared_pca_v1","closed",FALSE,"H0"
308,154,"internal124","SRA645804_SRS2823408",20260806,"exact500","sct_pearson_residual_all_qc_fit_selected384","cell_topology_v1",384,30,"euclidean_shared_pca_v1","closed",FALSE,"H1"
309,155,"internal124","SRA645804_SRS2823409",20260806,"exact500","sct_pearson_residual_all_qc_fit_selected384","cell_topology_v1",384,30,"euclidean_shared_pca_v1","closed",FALSE,"H0"
310,155,"internal124","SRA645804_SRS2823409",20260806,"exact500","sct_pearson_residual_all_qc_fit_selected384","cell_topology_v1",384,30,"euclidean_shared_pca_v1","closed",FALSE,"H1"
311,156,"internal124","SRA645804_SRS2823410",20260806,"exact500","sct_pearson_residual_all_qc_fit_selected384","cell_topology_v1",384,30,"euclidean_shared_pca_v1","closed",FALSE,"H0"
312,156,"internal124","SRA645804_SRS2823410",20260806,"exact500","sct_pearson_residual_all_qc_fit_selected384","cell_topology_v1",384,30,"euclidean_shared_pca_v1","closed",FALSE,"H1"
313,157,"internal124","SRA645804_SRS2823411",20260806,"exact500","sct_pearson_residual_all_qc_fit_selected384","cell_topology_v1",384,30,"euclidean_shared_pca_v1","closed",FALSE,"H0"
314,157,"internal124","SRA645804_SRS2823411",20260806,"exact500","sct_pearson_residual_all_qc_fit_selected384","cell_topology_v1",384,30,"euclidean_shared_pca_v1","closed",FALSE,"H1"
315,158,"internal124","SRA645804_SRS2823412",20260806,"exact500","sct_pearson_residual_all_qc_fit_selected384","cell_topology_v1",384,30,"euclidean_shared_pca_v1","closed",FALSE,"H0"
316,158,"internal124","SRA645804_SRS2823412",20260806,"exact500","sct_pearson_residual_all_qc_fit_selected384","cell_topology_v1",384,30,"euclidean_shared_pca_v1","closed",FALSE,"H1"
317,159,"internal124","SRA645804_SRS3572594",20260806,"exact500","sct_pearson_residual_all_qc_fit_selected384","cell_topology_v1",384,30,"euclidean_shared_pca_v1","closed",FALSE,"H0"
318,159,"internal124","SRA645804_SRS3572594",20260806,"exact500","sct_pearson_residual_all_qc_fit_selected384","cell_topology_v1",384,30,"euclidean_shared_pca_v1","closed",FALSE,"H1"
319,160,"internal124","SRA667709_SRS3065426",20260806,"exact500","sct_pearson_residual_all_qc_fit_selected384","cell_topology_v1",384,30,"euclidean_shared_pca_v1","closed",FALSE,"H0"
320,160,"internal124","SRA667709_SRS3065426",20260806,"exact500","sct_pearson_residual_all_qc_fit_selected384","cell_topology_v1",384,30,"euclidean_shared_pca_v1","closed",FALSE,"H1"
321,161,"internal124","SRA667709_SRS3065427",20260806,"exact500","sct_pearson_residual_all_qc_fit_selected384","cell_topology_v1",384,30,"euclidean_shared_pca_v1","closed",FALSE,"H0"
322,161,"internal124","SRA667709_SRS3065427",20260806,"exact500","sct_pearson_residual_all_qc_fit_selected384","cell_topology_v1",384,30,"euclidean_shared_pca_v1","closed",FALSE,"H1"
323,162,"internal124","SRA667709_SRS3065428",20260806,"exact500","sct_pearson_residual_all_qc_fit_selected384","cell_topology_v1",384,30,"euclidean_shared_pca_v1","closed",FALSE,"H0"
324,162,"internal124","SRA667709_SRS3065428",20260806,"exact500","sct_pearson_residual_all_qc_fit_selected384","cell_topology_v1",384,30,"euclidean_shared_pca_v1","closed",FALSE,"H1"
325,163,"internal124","SRA667709_SRS3065429",20260806,"exact500","sct_pearson_residual_all_qc_fit_selected384","cell_topology_v1",384,30,"euclidean_shared_pca_v1","closed",FALSE,"H0"
326,163,"internal124","SRA667709_SRS3065429",20260806,"exact500","sct_pearson_residual_all_qc_fit_selected384","cell_topology_v1",384,30,"euclidean_shared_pca_v1","closed",FALSE,"H1"
327,164,"internal124","SRA667709_SRS3065430",20260806,"exact500","sct_pearson_residual_all_qc_fit_selected384","cell_topology_v1",384,30,"euclidean_shared_pca_v1","closed",FALSE,"H0"
328,164,"internal124","SRA667709_SRS3065430",20260806,"exact500","sct_pearson_residual_all_qc_fit_selected384","cell_topology_v1",384,30,"euclidean_shared_pca_v1","closed",FALSE,"H1"
329,165,"internal124","SRA667709_SRS3065431",20260806,"exact500","sct_pearson_residual_all_qc_fit_selected384","cell_topology_v1",384,30,"euclidean_shared_pca_v1","closed",FALSE,"H0"
330,165,"internal124","SRA667709_SRS3065431",20260806,"exact500","sct_pearson_residual_all_qc_fit_selected384","cell_topology_v1",384,30,"euclidean_shared_pca_v1","closed",FALSE,"H1"
331,166,"internal124","SRA701877_SRS3279684",20260806,"exact500","sct_pearson_residual_all_qc_fit_selected384","cell_topology_v1",384,30,"euclidean_shared_pca_v1","closed",FALSE,"H0"
332,166,"internal124","SRA701877_SRS3279684",20260806,"exact500","sct_pearson_residual_all_qc_fit_selected384","cell_topology_v1",384,30,"euclidean_shared_pca_v1","closed",FALSE,"H1"
333,167,"internal124","SRA701877_SRS3279685",20260806,"exact500","sct_pearson_residual_all_qc_fit_selected384","cell_topology_v1",384,30,"euclidean_shared_pca_v1","closed",FALSE,"H0"
334,167,"internal124","SRA701877_SRS3279685",20260806,"exact500","sct_pearson_residual_all_qc_fit_selected384","cell_topology_v1",384,30,"euclidean_shared_pca_v1","closed",FALSE,"H1"
335,168,"internal124","SRA701877_SRS3279686",20260806,"exact500","sct_pearson_residual_all_qc_fit_selected384","cell_topology_v1",384,30,"euclidean_shared_pca_v1","closed",FALSE,"H0"
336,168,"internal124","SRA701877_SRS3279686",20260806,"exact500","sct_pearson_residual_all_qc_fit_selected384","cell_topology_v1",384,30,"euclidean_shared_pca_v1","closed",FALSE,"H1"
337,169,"internal124","SRA701877_SRS3279687",20260806,"exact500","sct_pearson_residual_all_qc_fit_selected384","cell_topology_v1",384,30,"euclidean_shared_pca_v1","closed",FALSE,"H0"
338,169,"internal124","SRA701877_SRS3279687",20260806,"exact500","sct_pearson_residual_all_qc_fit_selected384","cell_topology_v1",384,30,"euclidean_shared_pca_v1","closed",FALSE,"H1"
339,170,"internal124","SRA701877_SRS3279688",20260806,"exact500","sct_pearson_residual_all_qc_fit_selected384","cell_topology_v1",384,30,"euclidean_shared_pca_v1","closed",FALSE,"H0"
340,170,"internal124","SRA701877_SRS3279688",20260806,"exact500","sct_pearson_residual_all_qc_fit_selected384","cell_topology_v1",384,30,"euclidean_shared_pca_v1","closed",FALSE,"H1"
341,171,"internal124","SRA701877_SRS3279689",20260806,"exact500","sct_pearson_residual_all_qc_fit_selected384","cell_topology_v1",384,30,"euclidean_shared_pca_v1","closed",FALSE,"H0"
342,171,"internal124","SRA701877_SRS3279689",20260806,"exact500","sct_pearson_residual_all_qc_fit_selected384","cell_topology_v1",384,30,"euclidean_shared_pca_v1","closed",FALSE,"H1"
343,172,"internal124","SRA701877_SRS3279690",20260806,"exact500","sct_pearson_residual_all_qc_fit_selected384","cell_topology_v1",384,30,"euclidean_shared_pca_v1","closed",FALSE,"H0"
344,172,"internal124","SRA701877_SRS3279690",20260806,"exact500","sct_pearson_residual_all_qc_fit_selected384","cell_topology_v1",384,30,"euclidean_shared_pca_v1","closed",FALSE,"H1"
345,173,"internal124","SRA701877_SRS3279691",20260806,"exact500","sct_pearson_residual_all_qc_fit_selected384","cell_topology_v1",384,30,"euclidean_shared_pca_v1","closed",FALSE,"H0"
346,173,"internal124","SRA701877_SRS3279691",20260806,"exact500","sct_pearson_residual_all_qc_fit_selected384","cell_topology_v1",384,30,"euclidean_shared_pca_v1","closed",FALSE,"H1"
347,174,"internal124","SRA701877_SRS3279692",20260806,"exact500","sct_pearson_residual_all_qc_fit_selected384","cell_topology_v1",384,30,"euclidean_shared_pca_v1","closed",FALSE,"H0"
348,174,"internal124","SRA701877_SRS3279692",20260806,"exact500","sct_pearson_residual_all_qc_fit_selected384","cell_topology_v1",384,30,"euclidean_shared_pca_v1","closed",FALSE,"H1"
349,175,"internal124","SRA701877_SRS3279693",20260806,"exact500","sct_pearson_residual_all_qc_fit_selected384","cell_topology_v1",384,30,"euclidean_shared_pca_v1","closed",FALSE,"H0"
350,175,"internal124","SRA701877_SRS3279693",20260806,"exact500","sct_pearson_residual_all_qc_fit_selected384","cell_topology_v1",384,30,"euclidean_shared_pca_v1","closed",FALSE,"H1"
351,176,"internal124","SRA701877_SRS3279694",20260806,"exact500","sct_pearson_residual_all_qc_fit_selected384","cell_topology_v1",384,30,"euclidean_shared_pca_v1","closed",FALSE,"H0"
352,176,"internal124","SRA701877_SRS3279694",20260806,"exact500","sct_pearson_residual_all_qc_fit_selected384","cell_topology_v1",384,30,"euclidean_shared_pca_v1","closed",FALSE,"H1"
353,177,"internal124","SRA701877_SRS3279695",20260806,"exact500","sct_pearson_residual_all_qc_fit_selected384","cell_topology_v1",384,30,"euclidean_shared_pca_v1","closed",FALSE,"H0"
354,177,"internal124","SRA701877_SRS3279695",20260806,"exact500","sct_pearson_residual_all_qc_fit_selected384","cell_topology_v1",384,30,"euclidean_shared_pca_v1","closed",FALSE,"H1"
355,178,"internal124","SRA703206_SRS3296611",20260806,"exact500","sct_pearson_residual_all_qc_fit_selected384","cell_topology_v1",384,30,"euclidean_shared_pca_v1","closed",FALSE,"H0"
356,178,"internal124","SRA703206_SRS3296611",20260806,"exact500","sct_pearson_residual_all_qc_fit_selected384","cell_topology_v1",384,30,"euclidean_shared_pca_v1","closed",FALSE,"H1"
357,179,"internal124","SRA703206_SRS3296612",20260806,"exact500","sct_pearson_residual_all_qc_fit_selected384","cell_topology_v1",384,30,"euclidean_shared_pca_v1","closed",FALSE,"H0"
358,179,"internal124","SRA703206_SRS3296612",20260806,"exact500","sct_pearson_residual_all_qc_fit_selected384","cell_topology_v1",384,30,"euclidean_shared_pca_v1","closed",FALSE,"H1"
359,180,"internal124","SRA703206_SRS3296613",20260806,"exact500","sct_pearson_residual_all_qc_fit_selected384","cell_topology_v1",384,30,"euclidean_shared_pca_v1","closed",FALSE,"H0"
360,180,"internal124","SRA703206_SRS3296613",20260806,"exact500","sct_pearson_residual_all_qc_fit_selected384","cell_topology_v1",384,30,"euclidean_shared_pca_v1","closed",FALSE,"H1"
361,181,"internal124","SRA703206_SRS3296614",20260806,"exact500","sct_pearson_residual_all_qc_fit_selected384","cell_topology_v1",384,30,"euclidean_shared_pca_v1","closed",FALSE,"H0"
362,181,"internal124","SRA703206_SRS3296614",20260806,"exact500","sct_pearson_residual_all_qc_fit_selected384","cell_topology_v1",384,30,"euclidean_shared_pca_v1","closed",FALSE,"H1"
363,182,"internal124","SRA713577_SRS3363004",20260806,"exact500","sct_pearson_residual_all_qc_fit_selected384","cell_topology_v1",384,30,"euclidean_shared_pca_v1","closed",FALSE,"H0"
364,182,"internal124","SRA713577_SRS3363004",20260806,"exact500","sct_pearson_residual_all_qc_fit_selected384","cell_topology_v1",384,30,"euclidean_shared_pca_v1","closed",FALSE,"H1"
365,183,"internal124","SRA716608_SRS3391629",20260806,"exact500","sct_pearson_residual_all_qc_fit_selected384","cell_topology_v1",384,30,"euclidean_shared_pca_v1","closed",FALSE,"H0"
366,183,"internal124","SRA716608_SRS3391629",20260806,"exact500","sct_pearson_residual_all_qc_fit_selected384","cell_topology_v1",384,30,"euclidean_shared_pca_v1","closed",FALSE,"H1"
367,184,"internal124","SRA716608_SRS3391630",20260806,"exact500","sct_pearson_residual_all_qc_fit_selected384","cell_topology_v1",384,30,"euclidean_shared_pca_v1","closed",FALSE,"H0"
368,184,"internal124","SRA716608_SRS3391630",20260806,"exact500","sct_pearson_residual_all_qc_fit_selected384","cell_topology_v1",384,30,"euclidean_shared_pca_v1","closed",FALSE,"H1"
369,185,"internal124","SRA716608_SRS3391631",20260806,"exact500","sct_pearson_residual_all_qc_fit_selected384","cell_topology_v1",384,30,"euclidean_shared_pca_v1","closed",FALSE,"H0"
370,185,"internal124","SRA716608_SRS3391631",20260806,"exact500","sct_pearson_residual_all_qc_fit_selected384","cell_topology_v1",384,30,"euclidean_shared_pca_v1","closed",FALSE,"H1"
371,186,"internal124","SRA716608_SRS3391632",20260806,"exact500","sct_pearson_residual_all_qc_fit_selected384","cell_topology_v1",384,30,"euclidean_shared_pca_v1","closed",FALSE,"H0"
372,186,"internal124","SRA716608_SRS3391632",20260806,"exact500","sct_pearson_residual_all_qc_fit_selected384","cell_topology_v1",384,30,"euclidean_shared_pca_v1","closed",FALSE,"H1"
373,187,"internal124","SRA716608_SRS3391633",20260806,"exact500","sct_pearson_residual_all_qc_fit_selected384","cell_topology_v1",384,30,"euclidean_shared_pca_v1","closed",FALSE,"H0"
374,187,"internal124","SRA716608_SRS3391633",20260806,"exact500","sct_pearson_residual_all_qc_fit_selected384","cell_topology_v1",384,30,"euclidean_shared_pca_v1","closed",FALSE,"H1"
375,188,"internal124","SRA728025_SRS3454421",20260806,"exact500","sct_pearson_residual_all_qc_fit_selected384","cell_topology_v1",384,30,"euclidean_shared_pca_v1","closed",FALSE,"H0"
376,188,"internal124","SRA728025_SRS3454421",20260806,"exact500","sct_pearson_residual_all_qc_fit_selected384","cell_topology_v1",384,30,"euclidean_shared_pca_v1","closed",FALSE,"H1"
377,189,"internal124","SRA728025_SRS3454422",20260806,"exact500","sct_pearson_residual_all_qc_fit_selected384","cell_topology_v1",384,30,"euclidean_shared_pca_v1","closed",FALSE,"H0"
378,189,"internal124","SRA728025_SRS3454422",20260806,"exact500","sct_pearson_residual_all_qc_fit_selected384","cell_topology_v1",384,30,"euclidean_shared_pca_v1","closed",FALSE,"H1"
379,190,"internal124","SRA728025_SRS3454423",20260806,"exact500","sct_pearson_residual_all_qc_fit_selected384","cell_topology_v1",384,30,"euclidean_shared_pca_v1","closed",FALSE,"H0"
380,190,"internal124","SRA728025_SRS3454423",20260806,"exact500","sct_pearson_residual_all_qc_fit_selected384","cell_topology_v1",384,30,"euclidean_shared_pca_v1","closed",FALSE,"H1"
381,191,"internal124","SRA728025_SRS3454424",20260806,"exact500","sct_pearson_residual_all_qc_fit_selected384","cell_topology_v1",384,30,"euclidean_shared_pca_v1","closed",FALSE,"H0"
382,191,"internal124","SRA728025_SRS3454424",20260806,"exact500","sct_pearson_residual_all_qc_fit_selected384","cell_topology_v1",384,30,"euclidean_shared_pca_v1","closed",FALSE,"H1"
383,192,"internal124","SRA728025_SRS3454425",20260806,"exact500","sct_pearson_residual_all_qc_fit_selected384","cell_topology_v1",384,30,"euclidean_shared_pca_v1","closed",FALSE,"H0"
384,192,"internal124","SRA728025_SRS3454425",20260806,"exact500","sct_pearson_residual_all_qc_fit_selected384","cell_topology_v1",384,30,"euclidean_shared_pca_v1","closed",FALSE,"H1"
385,193,"internal124","SRA728025_SRS3454426",20260806,"exact500","sct_pearson_residual_all_qc_fit_selected384","cell_topology_v1",384,30,"euclidean_shared_pca_v1","closed",FALSE,"H0"
386,193,"internal124","SRA728025_SRS3454426",20260806,"exact500","sct_pearson_residual_all_qc_fit_selected384","cell_topology_v1",384,30,"euclidean_shared_pca_v1","closed",FALSE,"H1"
387,194,"internal124","SRA728025_SRS3454427",20260806,"exact500","sct_pearson_residual_all_qc_fit_selected384","cell_topology_v1",384,30,"euclidean_shared_pca_v1","closed",FALSE,"H0"
388,194,"internal124","SRA728025_SRS3454427",20260806,"exact500","sct_pearson_residual_all_qc_fit_selected384","cell_topology_v1",384,30,"euclidean_shared_pca_v1","closed",FALSE,"H1"
389,195,"internal124","SRA728025_SRS3454428",20260806,"exact500","sct_pearson_residual_all_qc_fit_selected384","cell_topology_v1",384,30,"euclidean_shared_pca_v1","closed",FALSE,"H0"
390,195,"internal124","SRA728025_SRS3454428",20260806,"exact500","sct_pearson_residual_all_qc_fit_selected384","cell_topology_v1",384,30,"euclidean_shared_pca_v1","closed",FALSE,"H1"
391,196,"internal124","SRA728025_SRS3454430",20260806,"exact500","sct_pearson_residual_all_qc_fit_selected384","cell_topology_v1",384,30,"euclidean_shared_pca_v1","closed",FALSE,"H0"
392,196,"internal124","SRA728025_SRS3454430",20260806,"exact500","sct_pearson_residual_all_qc_fit_selected384","cell_topology_v1",384,30,"euclidean_shared_pca_v1","closed",FALSE,"H1"
393,197,"internal124","SRA740174_SRS3548780",20260806,"exact500","sct_pearson_residual_all_qc_fit_selected384","cell_topology_v1",384,30,"euclidean_shared_pca_v1","closed",FALSE,"H0"
394,197,"internal124","SRA740174_SRS3548780",20260806,"exact500","sct_pearson_residual_all_qc_fit_selected384","cell_topology_v1",384,30,"euclidean_shared_pca_v1","closed",FALSE,"H1"
395,198,"internal124","SRA740174_SRS3548781",20260806,"exact500","sct_pearson_residual_all_qc_fit_selected384","cell_topology_v1",384,30,"euclidean_shared_pca_v1","closed",FALSE,"H0"
396,198,"internal124","SRA740174_SRS3548781",20260806,"exact500","sct_pearson_residual_all_qc_fit_selected384","cell_topology_v1",384,30,"euclidean_shared_pca_v1","closed",FALSE,"H1"
397,199,"internal124","SRA740174_SRS3548782",20260806,"exact500","sct_pearson_residual_all_qc_fit_selected384","cell_topology_v1",384,30,"euclidean_shared_pca_v1","closed",FALSE,"H0"
398,199,"internal124","SRA740174_SRS3548782",20260806,"exact500","sct_pearson_residual_all_qc_fit_selected384","cell_topology_v1",384,30,"euclidean_shared_pca_v1","closed",FALSE,"H1"
399,200,"internal124","SRA740174_SRS3548783",20260806,"exact500","sct_pearson_residual_all_qc_fit_selected384","cell_topology_v1",384,30,"euclidean_shared_pca_v1","closed",FALSE,"H0"
400,200,"internal124","SRA740174_SRS3548783",20260806,"exact500","sct_pearson_residual_all_qc_fit_selected384","cell_topology_v1",384,30,"euclidean_shared_pca_v1","closed",FALSE,"H1"
401,201,"internal124","SRA742961_SRS3565195",20260806,"exact500","sct_pearson_residual_all_qc_fit_selected384","cell_topology_v1",384,30,"euclidean_shared_pca_v1","closed",FALSE,"H0"
402,201,"internal124","SRA742961_SRS3565195",20260806,"exact500","sct_pearson_residual_all_qc_fit_selected384","cell_topology_v1",384,30,"euclidean_shared_pca_v1","closed",FALSE,"H1"
403,202,"internal124","SRA742961_SRS3565196",20260806,"exact500","sct_pearson_residual_all_qc_fit_selected384","cell_topology_v1",384,30,"euclidean_shared_pca_v1","closed",FALSE,"H0"
404,202,"internal124","SRA742961_SRS3565196",20260806,"exact500","sct_pearson_residual_all_qc_fit_selected384","cell_topology_v1",384,30,"euclidean_shared_pca_v1","closed",FALSE,"H1"
405,203,"internal124","SRA742961_SRS3565197",20260806,"exact500","sct_pearson_residual_all_qc_fit_selected384","cell_topology_v1",384,30,"euclidean_shared_pca_v1","closed",FALSE,"H0"
406,203,"internal124","SRA742961_SRS3565197",20260806,"exact500","sct_pearson_residual_all_qc_fit_selected384","cell_topology_v1",384,30,"euclidean_shared_pca_v1","closed",FALSE,"H1"
407,204,"internal124","SRA742961_SRS3565198",20260806,"exact500","sct_pearson_residual_all_qc_fit_selected384","cell_topology_v1",384,30,"euclidean_shared_pca_v1","closed",FALSE,"H0"
408,204,"internal124","SRA742961_SRS3565198",20260806,"exact500","sct_pearson_residual_all_qc_fit_selected384","cell_topology_v1",384,30,"euclidean_shared_pca_v1","closed",FALSE,"H1"
409,205,"internal124","SRA742961_SRS3565199",20260806,"exact500","sct_pearson_residual_all_qc_fit_selected384","cell_topology_v1",384,30,"euclidean_shared_pca_v1","closed",FALSE,"H0"
410,205,"internal124","SRA742961_SRS3565199",20260806,"exact500","sct_pearson_residual_all_qc_fit_selected384","cell_topology_v1",384,30,"euclidean_shared_pca_v1","closed",FALSE,"H1"
411,206,"internal124","SRA742961_SRS3565201",20260806,"exact500","sct_pearson_residual_all_qc_fit_selected384","cell_topology_v1",384,30,"euclidean_shared_pca_v1","closed",FALSE,"H0"
412,206,"internal124","SRA742961_SRS3565201",20260806,"exact500","sct_pearson_residual_all_qc_fit_selected384","cell_topology_v1",384,30,"euclidean_shared_pca_v1","closed",FALSE,"H1"
413,207,"internal124","SRA742961_SRS3565202",20260806,"exact500","sct_pearson_residual_all_qc_fit_selected384","cell_topology_v1",384,30,"euclidean_shared_pca_v1","closed",FALSE,"H0"
414,207,"internal124","SRA742961_SRS3565202",20260806,"exact500","sct_pearson_residual_all_qc_fit_selected384","cell_topology_v1",384,30,"euclidean_shared_pca_v1","closed",FALSE,"H1"
415,208,"internal124","SRA742961_SRS3565203",20260806,"exact500","sct_pearson_residual_all_qc_fit_selected384","cell_topology_v1",384,30,"euclidean_shared_pca_v1","closed",FALSE,"H0"
416,208,"internal124","SRA742961_SRS3565203",20260806,"exact500","sct_pearson_residual_all_qc_fit_selected384","cell_topology_v1",384,30,"euclidean_shared_pca_v1","closed",FALSE,"H1"
417,209,"internal124","SRA742961_SRS3565204",20260806,"exact500","sct_pearson_residual_all_qc_fit_selected384","cell_topology_v1",384,30,"euclidean_shared_pca_v1","closed",FALSE,"H0"
418,209,"internal124","SRA742961_SRS3565204",20260806,"exact500","sct_pearson_residual_all_qc_fit_selected384","cell_topology_v1",384,30,"euclidean_shared_pca_v1","closed",FALSE,"H1"
419,210,"internal124","SRA742961_SRS3565205",20260806,"exact500","sct_pearson_residual_all_qc_fit_selected384","cell_topology_v1",384,30,"euclidean_shared_pca_v1","closed",FALSE,"H0"
420,210,"internal124","SRA742961_SRS3565205",20260806,"exact500","sct_pearson_residual_all_qc_fit_selected384","cell_topology_v1",384,30,"euclidean_shared_pca_v1","closed",FALSE,"H1"
421,211,"internal124","SRA742961_SRS3565206",20260806,"exact500","sct_pearson_residual_all_qc_fit_selected384","cell_topology_v1",384,30,"euclidean_shared_pca_v1","closed",FALSE,"H0"
422,211,"internal124","SRA742961_SRS3565206",20260806,"exact500","sct_pearson_residual_all_qc_fit_selected384","cell_topology_v1",384,30,"euclidean_shared_pca_v1","closed",FALSE,"H1"
423,212,"internal124","SRA742961_SRS3565207",20260806,"exact500","sct_pearson_residual_all_qc_fit_selected384","cell_topology_v1",384,30,"euclidean_shared_pca_v1","closed",FALSE,"H0"
424,212,"internal124","SRA742961_SRS3565207",20260806,"exact500","sct_pearson_residual_all_qc_fit_selected384","cell_topology_v1",384,30,"euclidean_shared_pca_v1","closed",FALSE,"H1"
425,213,"internal124","SRA742961_SRS3565208",20260806,"exact500","sct_pearson_residual_all_qc_fit_selected384","cell_topology_v1",384,30,"euclidean_shared_pca_v1","closed",FALSE,"H0"
426,213,"internal124","SRA742961_SRS3565208",20260806,"exact500","sct_pearson_residual_all_qc_fit_selected384","cell_topology_v1",384,30,"euclidean_shared_pca_v1","closed",FALSE,"H1"
427,214,"internal124","SRA742961_SRS3565209",20260806,"exact500","sct_pearson_residual_all_qc_fit_selected384","cell_topology_v1",384,30,"euclidean_shared_pca_v1","closed",FALSE,"H0"
428,214,"internal124","SRA742961_SRS3565209",20260806,"exact500","sct_pearson_residual_all_qc_fit_selected384","cell_topology_v1",384,30,"euclidean_shared_pca_v1","closed",FALSE,"H1"
429,215,"internal124","SRA742961_SRS3565210",20260806,"exact500","sct_pearson_residual_all_qc_fit_selected384","cell_topology_v1",384,30,"euclidean_shared_pca_v1","closed",FALSE,"H0"
430,215,"internal124","SRA742961_SRS3565210",20260806,"exact500","sct_pearson_residual_all_qc_fit_selected384","cell_topology_v1",384,30,"euclidean_shared_pca_v1","closed",FALSE,"H1"
431,216,"internal124","SRA742961_SRS3565211",20260806,"exact500","sct_pearson_residual_all_qc_fit_selected384","cell_topology_v1",384,30,"euclidean_shared_pca_v1","closed",FALSE,"H0"
432,216,"internal124","SRA742961_SRS3565211",20260806,"exact500","sct_pearson_residual_all_qc_fit_selected384","cell_topology_v1",384,30,"euclidean_shared_pca_v1","closed",FALSE,"H1"
433,217,"internal124","SRA749327_SRS3693910",20260806,"exact500","sct_pearson_residual_all_qc_fit_selected384","cell_topology_v1",384,30,"euclidean_shared_pca_v1","closed",FALSE,"H0"
434,217,"internal124","SRA749327_SRS3693910",20260806,"exact500","sct_pearson_residual_all_qc_fit_selected384","cell_topology_v1",384,30,"euclidean_shared_pca_v1","closed",FALSE,"H1"
435,218,"internal124","SRA749327_SRS3693911",20260806,"exact500","sct_pearson_residual_all_qc_fit_selected384","cell_topology_v1",384,30,"euclidean_shared_pca_v1","closed",FALSE,"H0"
436,218,"internal124","SRA749327_SRS3693911",20260806,"exact500","sct_pearson_residual_all_qc_fit_selected384","cell_topology_v1",384,30,"euclidean_shared_pca_v1","closed",FALSE,"H1"
437,219,"internal124","SRA749327_SRS3693912",20260806,"exact500","sct_pearson_residual_all_qc_fit_selected384","cell_topology_v1",384,30,"euclidean_shared_pca_v1","closed",FALSE,"H0"
438,219,"internal124","SRA749327_SRS3693912",20260806,"exact500","sct_pearson_residual_all_qc_fit_selected384","cell_topology_v1",384,30,"euclidean_shared_pca_v1","closed",FALSE,"H1"
439,220,"internal124","SRA749327_SRS3693913",20260806,"exact500","sct_pearson_residual_all_qc_fit_selected384","cell_topology_v1",384,30,"euclidean_shared_pca_v1","closed",FALSE,"H0"
440,220,"internal124","SRA749327_SRS3693913",20260806,"exact500","sct_pearson_residual_all_qc_fit_selected384","cell_topology_v1",384,30,"euclidean_shared_pca_v1","closed",FALSE,"H1"
441,221,"internal124","SRA760933_SRS3693061",20260806,"exact500","sct_pearson_residual_all_qc_fit_selected384","cell_topology_v1",384,30,"euclidean_shared_pca_v1","closed",FALSE,"H0"
442,221,"internal124","SRA760933_SRS3693061",20260806,"exact500","sct_pearson_residual_all_qc_fit_selected384","cell_topology_v1",384,30,"euclidean_shared_pca_v1","closed",FALSE,"H1"
443,222,"internal124","SRA779509_SRS3805245",20260806,"exact500","sct_pearson_residual_all_qc_fit_selected384","cell_topology_v1",384,30,"euclidean_shared_pca_v1","closed",FALSE,"H0"
444,222,"internal124","SRA779509_SRS3805245",20260806,"exact500","sct_pearson_residual_all_qc_fit_selected384","cell_topology_v1",384,30,"euclidean_shared_pca_v1","closed",FALSE,"H1"
445,223,"internal124","SRA779509_SRS3805246",20260806,"exact500","sct_pearson_residual_all_qc_fit_selected384","cell_topology_v1",384,30,"euclidean_shared_pca_v1","closed",FALSE,"H0"
446,223,"internal124","SRA779509_SRS3805246",20260806,"exact500","sct_pearson_residual_all_qc_fit_selected384","cell_topology_v1",384,30,"euclidean_shared_pca_v1","closed",FALSE,"H1"
447,224,"internal124","SRA779509_SRS3805247",20260806,"exact500","sct_pearson_residual_all_qc_fit_selected384","cell_topology_v1",384,30,"euclidean_shared_pca_v1","closed",FALSE,"H0"
448,224,"internal124","SRA779509_SRS3805247",20260806,"exact500","sct_pearson_residual_all_qc_fit_selected384","cell_topology_v1",384,30,"euclidean_shared_pca_v1","closed",FALSE,"H1"
449,225,"internal124","SRA779509_SRS3805248",20260806,"exact500","sct_pearson_residual_all_qc_fit_selected384","cell_topology_v1",384,30,"euclidean_shared_pca_v1","closed",FALSE,"H0"
450,225,"internal124","SRA779509_SRS3805248",20260806,"exact500","sct_pearson_residual_all_qc_fit_selected384","cell_topology_v1",384,30,"euclidean_shared_pca_v1","closed",FALSE,"H1"
451,226,"internal124","SRA779509_SRS3805249",20260806,"exact500","sct_pearson_residual_all_qc_fit_selected384","cell_topology_v1",384,30,"euclidean_shared_pca_v1","closed",FALSE,"H0"
452,226,"internal124","SRA779509_SRS3805249",20260806,"exact500","sct_pearson_residual_all_qc_fit_selected384","cell_topology_v1",384,30,"euclidean_shared_pca_v1","closed",FALSE,"H1"
453,227,"internal124","SRA779509_SRS3805250",20260806,"exact500","sct_pearson_residual_all_qc_fit_selected384","cell_topology_v1",384,30,"euclidean_shared_pca_v1","closed",FALSE,"H0"
454,227,"internal124","SRA779509_SRS3805250",20260806,"exact500","sct_pearson_residual_all_qc_fit_selected384","cell_topology_v1",384,30,"euclidean_shared_pca_v1","closed",FALSE,"H1"
455,228,"internal124","SRA779509_SRS3805251",20260806,"exact500","sct_pearson_residual_all_qc_fit_selected384","cell_topology_v1",384,30,"euclidean_shared_pca_v1","closed",FALSE,"H0"
456,228,"internal124","SRA779509_SRS3805251",20260806,"exact500","sct_pearson_residual_all_qc_fit_selected384","cell_topology_v1",384,30,"euclidean_shared_pca_v1","closed",FALSE,"H1"
457,229,"internal124","SRA779509_SRS3805252",20260806,"exact500","sct_pearson_residual_all_qc_fit_selected384","cell_topology_v1",384,30,"euclidean_shared_pca_v1","closed",FALSE,"H0"
458,229,"internal124","SRA779509_SRS3805252",20260806,"exact500","sct_pearson_residual_all_qc_fit_selected384","cell_topology_v1",384,30,"euclidean_shared_pca_v1","closed",FALSE,"H1"
459,230,"internal124","SRA779509_SRS3805253",20260806,"exact500","sct_pearson_residual_all_qc_fit_selected384","cell_topology_v1",384,30,"euclidean_shared_pca_v1","closed",FALSE,"H0"
460,230,"internal124","SRA779509_SRS3805253",20260806,"exact500","sct_pearson_residual_all_qc_fit_selected384","cell_topology_v1",384,30,"euclidean_shared_pca_v1","closed",FALSE,"H1"
461,231,"internal124","SRA779509_SRS3805254",20260806,"exact500","sct_pearson_residual_all_qc_fit_selected384","cell_topology_v1",384,30,"euclidean_shared_pca_v1","closed",FALSE,"H0"
462,231,"internal124","SRA779509_SRS3805254",20260806,"exact500","sct_pearson_residual_all_qc_fit_selected384","cell_topology_v1",384,30,"euclidean_shared_pca_v1","closed",FALSE,"H1"
463,232,"internal124","SRA779509_SRS3805255",20260806,"exact500","sct_pearson_residual_all_qc_fit_selected384","cell_topology_v1",384,30,"euclidean_shared_pca_v1","closed",FALSE,"H0"
464,232,"internal124","SRA779509_SRS3805255",20260806,"exact500","sct_pearson_residual_all_qc_fit_selected384","cell_topology_v1",384,30,"euclidean_shared_pca_v1","closed",FALSE,"H1"
465,233,"internal124","SRA779509_SRS3805256",20260806,"exact500","sct_pearson_residual_all_qc_fit_selected384","cell_topology_v1",384,30,"euclidean_shared_pca_v1","closed",FALSE,"H0"
466,233,"internal124","SRA779509_SRS3805256",20260806,"exact500","sct_pearson_residual_all_qc_fit_selected384","cell_topology_v1",384,30,"euclidean_shared_pca_v1","closed",FALSE,"H1"
467,234,"internal124","SRA779509_SRS3805257",20260806,"exact500","sct_pearson_residual_all_qc_fit_selected384","cell_topology_v1",384,30,"euclidean_shared_pca_v1","closed",FALSE,"H0"
468,234,"internal124","SRA779509_SRS3805257",20260806,"exact500","sct_pearson_residual_all_qc_fit_selected384","cell_topology_v1",384,30,"euclidean_shared_pca_v1","closed",FALSE,"H1"
469,235,"internal124","SRA779509_SRS3805258",20260806,"exact500","sct_pearson_residual_all_qc_fit_selected384","cell_topology_v1",384,30,"euclidean_shared_pca_v1","closed",FALSE,"H0"
470,235,"internal124","SRA779509_SRS3805258",20260806,"exact500","sct_pearson_residual_all_qc_fit_selected384","cell_topology_v1",384,30,"euclidean_shared_pca_v1","closed",FALSE,"H1"
471,236,"internal124","SRA779509_SRS3805259",20260806,"exact500","sct_pearson_residual_all_qc_fit_selected384","cell_topology_v1",384,30,"euclidean_shared_pca_v1","closed",FALSE,"H0"
472,236,"internal124","SRA779509_SRS3805259",20260806,"exact500","sct_pearson_residual_all_qc_fit_selected384","cell_topology_v1",384,30,"euclidean_shared_pca_v1","closed",FALSE,"H1"
473,237,"internal124","SRA779509_SRS3805260",20260806,"exact500","sct_pearson_residual_all_qc_fit_selected384","cell_topology_v1",384,30,"euclidean_shared_pca_v1","closed",FALSE,"H0"
474,237,"internal124","SRA779509_SRS3805260",20260806,"exact500","sct_pearson_residual_all_qc_fit_selected384","cell_topology_v1",384,30,"euclidean_shared_pca_v1","closed",FALSE,"H1"
475,238,"internal124","SRA779509_SRS3805261",20260806,"exact500","sct_pearson_residual_all_qc_fit_selected384","cell_topology_v1",384,30,"euclidean_shared_pca_v1","closed",FALSE,"H0"
476,238,"internal124","SRA779509_SRS3805261",20260806,"exact500","sct_pearson_residual_all_qc_fit_selected384","cell_topology_v1",384,30,"euclidean_shared_pca_v1","closed",FALSE,"H1"
477,239,"internal124","SRA779509_SRS3805262",20260806,"exact500","sct_pearson_residual_all_qc_fit_selected384","cell_topology_v1",384,30,"euclidean_shared_pca_v1","closed",FALSE,"H0"
478,239,"internal124","SRA779509_SRS3805262",20260806,"exact500","sct_pearson_residual_all_qc_fit_selected384","cell_topology_v1",384,30,"euclidean_shared_pca_v1","closed",FALSE,"H1"
479,240,"internal124","SRA779509_SRS3805263",20260806,"exact500","sct_pearson_residual_all_qc_fit_selected384","cell_topology_v1",384,30,"euclidean_shared_pca_v1","closed",FALSE,"H0"
480,240,"internal124","SRA779509_SRS3805263",20260806,"exact500","sct_pearson_residual_all_qc_fit_selected384","cell_topology_v1",384,30,"euclidean_shared_pca_v1","closed",FALSE,"H1"
481,241,"internal124","SRA779509_SRS3805264",20260806,"exact500","sct_pearson_residual_all_qc_fit_selected384","cell_topology_v1",384,30,"euclidean_shared_pca_v1","closed",FALSE,"H0"
482,241,"internal124","SRA779509_SRS3805264",20260806,"exact500","sct_pearson_residual_all_qc_fit_selected384","cell_topology_v1",384,30,"euclidean_shared_pca_v1","closed",FALSE,"H1"
483,242,"internal124","SRA779509_SRS3805265",20260806,"exact500","sct_pearson_residual_all_qc_fit_selected384","cell_topology_v1",384,30,"euclidean_shared_pca_v1","closed",FALSE,"H0"
484,242,"internal124","SRA779509_SRS3805265",20260806,"exact500","sct_pearson_residual_all_qc_fit_selected384","cell_topology_v1",384,30,"euclidean_shared_pca_v1","closed",FALSE,"H1"
485,243,"internal124","SRA779509_SRS3805266",20260806,"exact500","sct_pearson_residual_all_qc_fit_selected384","cell_topology_v1",384,30,"euclidean_shared_pca_v1","closed",FALSE,"H0"
486,243,"internal124","SRA779509_SRS3805266",20260806,"exact500","sct_pearson_residual_all_qc_fit_selected384","cell_topology_v1",384,30,"euclidean_shared_pca_v1","closed",FALSE,"H1"
487,244,"internal124","SRA779509_SRS3805267",20260806,"exact500","sct_pearson_residual_all_qc_fit_selected384","cell_topology_v1",384,30,"euclidean_shared_pca_v1","closed",FALSE,"H0"
488,244,"internal124","SRA779509_SRS3805267",20260806,"exact500","sct_pearson_residual_all_qc_fit_selected384","cell_topology_v1",384,30,"euclidean_shared_pca_v1","closed",FALSE,"H1"
489,245,"internal124","SRA779509_SRS3805268",20260806,"exact500","sct_pearson_residual_all_qc_fit_selected384","cell_topology_v1",384,30,"euclidean_shared_pca_v1","closed",FALSE,"H0"
490,245,"internal124","SRA779509_SRS3805268",20260806,"exact500","sct_pearson_residual_all_qc_fit_selected384","cell_topology_v1",384,30,"euclidean_shared_pca_v1","closed",FALSE,"H1"
491,246,"internal124","SRA779509_SRS3805269",20260806,"exact500","sct_pearson_residual_all_qc_fit_selected384","cell_topology_v1",384,30,"euclidean_shared_pca_v1","closed",FALSE,"H0"
492,246,"internal124","SRA779509_SRS3805269",20260806,"exact500","sct_pearson_residual_all_qc_fit_selected384","cell_topology_v1",384,30,"euclidean_shared_pca_v1","closed",FALSE,"H1"
493,247,"internal124","SRA784242_SRS3822680",20260806,"exact500","sct_pearson_residual_all_qc_fit_selected384","cell_topology_v1",384,30,"euclidean_shared_pca_v1","closed",FALSE,"H0"
494,247,"internal124","SRA784242_SRS3822680",20260806,"exact500","sct_pearson_residual_all_qc_fit_selected384","cell_topology_v1",384,30,"euclidean_shared_pca_v1","closed",FALSE,"H1"
495,248,"internal124","SRA784242_SRS3822682",20260806,"exact500","sct_pearson_residual_all_qc_fit_selected384","cell_topology_v1",384,30,"euclidean_shared_pca_v1","closed",FALSE,"H0"
496,248,"internal124","SRA784242_SRS3822682",20260806,"exact500","sct_pearson_residual_all_qc_fit_selected384","cell_topology_v1",384,30,"euclidean_shared_pca_v1","closed",FALSE,"H1"
497,249,"internal124","SRA784242_SRS3822683",20260806,"exact500","sct_pearson_residual_all_qc_fit_selected384","cell_topology_v1",384,30,"euclidean_shared_pca_v1","closed",FALSE,"H0"
498,249,"internal124","SRA784242_SRS3822683",20260806,"exact500","sct_pearson_residual_all_qc_fit_selected384","cell_topology_v1",384,30,"euclidean_shared_pca_v1","closed",FALSE,"H1"
499,250,"internal124","SRA784242_SRS3822686",20260806,"exact500","sct_pearson_residual_all_qc_fit_selected384","cell_topology_v1",384,30,"euclidean_shared_pca_v1","closed",FALSE,"H0"
500,250,"internal124","SRA784242_SRS3822686",20260806,"exact500","sct_pearson_residual_all_qc_fit_selected384","cell_topology_v1",384,30,"euclidean_shared_pca_v1","closed",FALSE,"H1"
501,251,"internal124","SRA826293_SRS4181123",20260806,"exact500","sct_pearson_residual_all_qc_fit_selected384","cell_topology_v1",384,30,"euclidean_shared_pca_v1","closed",FALSE,"H0"
502,251,"internal124","SRA826293_SRS4181123",20260806,"exact500","sct_pearson_residual_all_qc_fit_selected384","cell_topology_v1",384,30,"euclidean_shared_pca_v1","closed",FALSE,"H1"
503,252,"internal124","SRA826293_SRS4181124",20260806,"exact500","sct_pearson_residual_all_qc_fit_selected384","cell_topology_v1",384,30,"euclidean_shared_pca_v1","closed",FALSE,"H0"
504,252,"internal124","SRA826293_SRS4181124",20260806,"exact500","sct_pearson_residual_all_qc_fit_selected384","cell_topology_v1",384,30,"euclidean_shared_pca_v1","closed",FALSE,"H1"
505,253,"internal124","SRA826293_SRS4181125",20260806,"exact500","sct_pearson_residual_all_qc_fit_selected384","cell_topology_v1",384,30,"euclidean_shared_pca_v1","closed",FALSE,"H0"
506,253,"internal124","SRA826293_SRS4181125",20260806,"exact500","sct_pearson_residual_all_qc_fit_selected384","cell_topology_v1",384,30,"euclidean_shared_pca_v1","closed",FALSE,"H1"
507,254,"internal124","SRA826293_SRS4181126",20260806,"exact500","sct_pearson_residual_all_qc_fit_selected384","cell_topology_v1",384,30,"euclidean_shared_pca_v1","closed",FALSE,"H0"
508,254,"internal124","SRA826293_SRS4181126",20260806,"exact500","sct_pearson_residual_all_qc_fit_selected384","cell_topology_v1",384,30,"euclidean_shared_pca_v1","closed",FALSE,"H1"
509,255,"internal124","SRA826293_SRS4181127",20260806,"exact500","sct_pearson_residual_all_qc_fit_selected384","cell_topology_v1",384,30,"euclidean_shared_pca_v1","closed",FALSE,"H0"
510,255,"internal124","SRA826293_SRS4181127",20260806,"exact500","sct_pearson_residual_all_qc_fit_selected384","cell_topology_v1",384,30,"euclidean_shared_pca_v1","closed",FALSE,"H1"
511,256,"internal124","SRA826293_SRS4181128",20260806,"exact500","sct_pearson_residual_all_qc_fit_selected384","cell_topology_v1",384,30,"euclidean_shared_pca_v1","closed",FALSE,"H0"
512,256,"internal124","SRA826293_SRS4181128",20260806,"exact500","sct_pearson_residual_all_qc_fit_selected384","cell_topology_v1",384,30,"euclidean_shared_pca_v1","closed",FALSE,"H1"
513,257,"internal124","SRA826293_SRS4181129",20260806,"exact500","sct_pearson_residual_all_qc_fit_selected384","cell_topology_v1",384,30,"euclidean_shared_pca_v1","closed",FALSE,"H0"
514,257,"internal124","SRA826293_SRS4181129",20260806,"exact500","sct_pearson_residual_all_qc_fit_selected384","cell_topology_v1",384,30,"euclidean_shared_pca_v1","closed",FALSE,"H1"
515,258,"internal124","SRA826293_SRS4181130",20260806,"exact500","sct_pearson_residual_all_qc_fit_selected384","cell_topology_v1",384,30,"euclidean_shared_pca_v1","closed",FALSE,"H0"
516,258,"internal124","SRA826293_SRS4181130",20260806,"exact500","sct_pearson_residual_all_qc_fit_selected384","cell_topology_v1",384,30,"euclidean_shared_pca_v1","closed",FALSE,"H1"
517,259,"internal124","SRA850958_SRS4386101",20260806,"exact500","sct_pearson_residual_all_qc_fit_selected384","cell_topology_v1",384,30,"euclidean_shared_pca_v1","closed",FALSE,"H0"
518,259,"internal124","SRA850958_SRS4386101",20260806,"exact500","sct_pearson_residual_all_qc_fit_selected384","cell_topology_v1",384,30,"euclidean_shared_pca_v1","closed",FALSE,"H1"
519,260,"internal124","SRA850958_SRS4386109",20260806,"exact500","sct_pearson_residual_all_qc_fit_selected384","cell_topology_v1",384,30,"euclidean_shared_pca_v1","closed",FALSE,"H0"
520,260,"internal124","SRA850958_SRS4386109",20260806,"exact500","sct_pearson_residual_all_qc_fit_selected384","cell_topology_v1",384,30,"euclidean_shared_pca_v1","closed",FALSE,"H1"
521,261,"internal124","SRA850958_SRS4386110",20260806,"exact500","sct_pearson_residual_all_qc_fit_selected384","cell_topology_v1",384,30,"euclidean_shared_pca_v1","closed",FALSE,"H0"
522,261,"internal124","SRA850958_SRS4386110",20260806,"exact500","sct_pearson_residual_all_qc_fit_selected384","cell_topology_v1",384,30,"euclidean_shared_pca_v1","closed",FALSE,"H1"
523,262,"internal124","SRA850958_SRS4386111",20260806,"exact500","sct_pearson_residual_all_qc_fit_selected384","cell_topology_v1",384,30,"euclidean_shared_pca_v1","closed",FALSE,"H0"
524,262,"internal124","SRA850958_SRS4386111",20260806,"exact500","sct_pearson_residual_all_qc_fit_selected384","cell_topology_v1",384,30,"euclidean_shared_pca_v1","closed",FALSE,"H1"
525,263,"internal124","SRA850958_SRS4386112",20260806,"exact500","sct_pearson_residual_all_qc_fit_selected384","cell_topology_v1",384,30,"euclidean_shared_pca_v1","closed",FALSE,"H0"
526,263,"internal124","SRA850958_SRS4386112",20260806,"exact500","sct_pearson_residual_all_qc_fit_selected384","cell_topology_v1",384,30,"euclidean_shared_pca_v1","closed",FALSE,"H1"
527,264,"internal124","SRA850958_SRS4386113",20260806,"exact500","sct_pearson_residual_all_qc_fit_selected384","cell_topology_v1",384,30,"euclidean_shared_pca_v1","closed",FALSE,"H0"
528,264,"internal124","SRA850958_SRS4386113",20260806,"exact500","sct_pearson_residual_all_qc_fit_selected384","cell_topology_v1",384,30,"euclidean_shared_pca_v1","closed",FALSE,"H1"
529,265,"internal124","SRA550660_SRS2089635",20260807,"exact500","sct_pearson_residual_all_qc_fit_selected384","cell_topology_v1",384,30,"euclidean_shared_pca_v1","closed",FALSE,"H0"
530,265,"internal124","SRA550660_SRS2089635",20260807,"exact500","sct_pearson_residual_all_qc_fit_selected384","cell_topology_v1",384,30,"euclidean_shared_pca_v1","closed",FALSE,"H1"
531,266,"internal124","SRA550660_SRS2089636",20260807,"exact500","sct_pearson_residual_all_qc_fit_selected384","cell_topology_v1",384,30,"euclidean_shared_pca_v1","closed",FALSE,"H0"
532,266,"internal124","SRA550660_SRS2089636",20260807,"exact500","sct_pearson_residual_all_qc_fit_selected384","cell_topology_v1",384,30,"euclidean_shared_pca_v1","closed",FALSE,"H1"
533,267,"internal124","SRA550660_SRS2089637",20260807,"exact500","sct_pearson_residual_all_qc_fit_selected384","cell_topology_v1",384,30,"euclidean_shared_pca_v1","closed",FALSE,"H0"
534,267,"internal124","SRA550660_SRS2089637",20260807,"exact500","sct_pearson_residual_all_qc_fit_selected384","cell_topology_v1",384,30,"euclidean_shared_pca_v1","closed",FALSE,"H1"
535,268,"internal124","SRA550660_SRS2089638",20260807,"exact500","sct_pearson_residual_all_qc_fit_selected384","cell_topology_v1",384,30,"euclidean_shared_pca_v1","closed",FALSE,"H0"
536,268,"internal124","SRA550660_SRS2089638",20260807,"exact500","sct_pearson_residual_all_qc_fit_selected384","cell_topology_v1",384,30,"euclidean_shared_pca_v1","closed",FALSE,"H1"
537,269,"internal124","SRA550660_SRS2089639",20260807,"exact500","sct_pearson_residual_all_qc_fit_selected384","cell_topology_v1",384,30,"euclidean_shared_pca_v1","closed",FALSE,"H0"
538,269,"internal124","SRA550660_SRS2089639",20260807,"exact500","sct_pearson_residual_all_qc_fit_selected384","cell_topology_v1",384,30,"euclidean_shared_pca_v1","closed",FALSE,"H1"
539,270,"internal124","SRA621638_SRS2610283",20260807,"exact500","sct_pearson_residual_all_qc_fit_selected384","cell_topology_v1",384,30,"euclidean_shared_pca_v1","closed",FALSE,"H0"
540,270,"internal124","SRA621638_SRS2610283",20260807,"exact500","sct_pearson_residual_all_qc_fit_selected384","cell_topology_v1",384,30,"euclidean_shared_pca_v1","closed",FALSE,"H1"
541,271,"internal124","SRA621638_SRS2610285",20260807,"exact500","sct_pearson_residual_all_qc_fit_selected384","cell_topology_v1",384,30,"euclidean_shared_pca_v1","closed",FALSE,"H0"
542,271,"internal124","SRA621638_SRS2610285",20260807,"exact500","sct_pearson_residual_all_qc_fit_selected384","cell_topology_v1",384,30,"euclidean_shared_pca_v1","closed",FALSE,"H1"
543,272,"internal124","SRA628554_SRS2664364",20260807,"exact500","sct_pearson_residual_all_qc_fit_selected384","cell_topology_v1",384,30,"euclidean_shared_pca_v1","closed",FALSE,"H0"
544,272,"internal124","SRA628554_SRS2664364",20260807,"exact500","sct_pearson_residual_all_qc_fit_selected384","cell_topology_v1",384,30,"euclidean_shared_pca_v1","closed",FALSE,"H1"
545,273,"internal124","SRA628554_SRS2664365",20260807,"exact500","sct_pearson_residual_all_qc_fit_selected384","cell_topology_v1",384,30,"euclidean_shared_pca_v1","closed",FALSE,"H0"
546,273,"internal124","SRA628554_SRS2664365",20260807,"exact500","sct_pearson_residual_all_qc_fit_selected384","cell_topology_v1",384,30,"euclidean_shared_pca_v1","closed",FALSE,"H1"
547,274,"internal124","SRA645804_SRS2823404",20260807,"exact500","sct_pearson_residual_all_qc_fit_selected384","cell_topology_v1",384,30,"euclidean_shared_pca_v1","closed",FALSE,"H0"
548,274,"internal124","SRA645804_SRS2823404",20260807,"exact500","sct_pearson_residual_all_qc_fit_selected384","cell_topology_v1",384,30,"euclidean_shared_pca_v1","closed",FALSE,"H1"
549,275,"internal124","SRA645804_SRS2823405",20260807,"exact500","sct_pearson_residual_all_qc_fit_selected384","cell_topology_v1",384,30,"euclidean_shared_pca_v1","closed",FALSE,"H0"
550,275,"internal124","SRA645804_SRS2823405",20260807,"exact500","sct_pearson_residual_all_qc_fit_selected384","cell_topology_v1",384,30,"euclidean_shared_pca_v1","closed",FALSE,"H1"
551,276,"internal124","SRA645804_SRS2823406",20260807,"exact500","sct_pearson_residual_all_qc_fit_selected384","cell_topology_v1",384,30,"euclidean_shared_pca_v1","closed",FALSE,"H0"
552,276,"internal124","SRA645804_SRS2823406",20260807,"exact500","sct_pearson_residual_all_qc_fit_selected384","cell_topology_v1",384,30,"euclidean_shared_pca_v1","closed",FALSE,"H1"
553,277,"internal124","SRA645804_SRS2823407",20260807,"exact500","sct_pearson_residual_all_qc_fit_selected384","cell_topology_v1",384,30,"euclidean_shared_pca_v1","closed",FALSE,"H0"
554,277,"internal124","SRA645804_SRS2823407",20260807,"exact500","sct_pearson_residual_all_qc_fit_selected384","cell_topology_v1",384,30,"euclidean_shared_pca_v1","closed",FALSE,"H1"
555,278,"internal124","SRA645804_SRS2823408",20260807,"exact500","sct_pearson_residual_all_qc_fit_selected384","cell_topology_v1",384,30,"euclidean_shared_pca_v1","closed",FALSE,"H0"
556,278,"internal124","SRA645804_SRS2823408",20260807,"exact500","sct_pearson_residual_all_qc_fit_selected384","cell_topology_v1",384,30,"euclidean_shared_pca_v1","closed",FALSE,"H1"
557,279,"internal124","SRA645804_SRS2823409",20260807,"exact500","sct_pearson_residual_all_qc_fit_selected384","cell_topology_v1",384,30,"euclidean_shared_pca_v1","closed",FALSE,"H0"
558,279,"internal124","SRA645804_SRS2823409",20260807,"exact500","sct_pearson_residual_all_qc_fit_selected384","cell_topology_v1",384,30,"euclidean_shared_pca_v1","closed",FALSE,"H1"
559,280,"internal124","SRA645804_SRS2823410",20260807,"exact500","sct_pearson_residual_all_qc_fit_selected384","cell_topology_v1",384,30,"euclidean_shared_pca_v1","closed",FALSE,"H0"
560,280,"internal124","SRA645804_SRS2823410",20260807,"exact500","sct_pearson_residual_all_qc_fit_selected384","cell_topology_v1",384,30,"euclidean_shared_pca_v1","closed",FALSE,"H1"
561,281,"internal124","SRA645804_SRS2823411",20260807,"exact500","sct_pearson_residual_all_qc_fit_selected384","cell_topology_v1",384,30,"euclidean_shared_pca_v1","closed",FALSE,"H0"
562,281,"internal124","SRA645804_SRS2823411",20260807,"exact500","sct_pearson_residual_all_qc_fit_selected384","cell_topology_v1",384,30,"euclidean_shared_pca_v1","closed",FALSE,"H1"
563,282,"internal124","SRA645804_SRS2823412",20260807,"exact500","sct_pearson_residual_all_qc_fit_selected384","cell_topology_v1",384,30,"euclidean_shared_pca_v1","closed",FALSE,"H0"
564,282,"internal124","SRA645804_SRS2823412",20260807,"exact500","sct_pearson_residual_all_qc_fit_selected384","cell_topology_v1",384,30,"euclidean_shared_pca_v1","closed",FALSE,"H1"
565,283,"internal124","SRA645804_SRS3572594",20260807,"exact500","sct_pearson_residual_all_qc_fit_selected384","cell_topology_v1",384,30,"euclidean_shared_pca_v1","closed",FALSE,"H0"
566,283,"internal124","SRA645804_SRS3572594",20260807,"exact500","sct_pearson_residual_all_qc_fit_selected384","cell_topology_v1",384,30,"euclidean_shared_pca_v1","closed",FALSE,"H1"
567,284,"internal124","SRA667709_SRS3065426",20260807,"exact500","sct_pearson_residual_all_qc_fit_selected384","cell_topology_v1",384,30,"euclidean_shared_pca_v1","closed",FALSE,"H0"
568,284,"internal124","SRA667709_SRS3065426",20260807,"exact500","sct_pearson_residual_all_qc_fit_selected384","cell_topology_v1",384,30,"euclidean_shared_pca_v1","closed",FALSE,"H1"
569,285,"internal124","SRA667709_SRS3065427",20260807,"exact500","sct_pearson_residual_all_qc_fit_selected384","cell_topology_v1",384,30,"euclidean_shared_pca_v1","closed",FALSE,"H0"
570,285,"internal124","SRA667709_SRS3065427",20260807,"exact500","sct_pearson_residual_all_qc_fit_selected384","cell_topology_v1",384,30,"euclidean_shared_pca_v1","closed",FALSE,"H1"
571,286,"internal124","SRA667709_SRS3065428",20260807,"exact500","sct_pearson_residual_all_qc_fit_selected384","cell_topology_v1",384,30,"euclidean_shared_pca_v1","closed",FALSE,"H0"
572,286,"internal124","SRA667709_SRS3065428",20260807,"exact500","sct_pearson_residual_all_qc_fit_selected384","cell_topology_v1",384,30,"euclidean_shared_pca_v1","closed",FALSE,"H1"
573,287,"internal124","SRA667709_SRS3065429",20260807,"exact500","sct_pearson_residual_all_qc_fit_selected384","cell_topology_v1",384,30,"euclidean_shared_pca_v1","closed",FALSE,"H0"
574,287,"internal124","SRA667709_SRS3065429",20260807,"exact500","sct_pearson_residual_all_qc_fit_selected384","cell_topology_v1",384,30,"euclidean_shared_pca_v1","closed",FALSE,"H1"
575,288,"internal124","SRA667709_SRS3065430",20260807,"exact500","sct_pearson_residual_all_qc_fit_selected384","cell_topology_v1",384,30,"euclidean_shared_pca_v1","closed",FALSE,"H0"
576,288,"internal124","SRA667709_SRS3065430",20260807,"exact500","sct_pearson_residual_all_qc_fit_selected384","cell_topology_v1",384,30,"euclidean_shared_pca_v1","closed",FALSE,"H1"
577,289,"internal124","SRA667709_SRS3065431",20260807,"exact500","sct_pearson_residual_all_qc_fit_selected384","cell_topology_v1",384,30,"euclidean_shared_pca_v1","closed",FALSE,"H0"
578,289,"internal124","SRA667709_SRS3065431",20260807,"exact500","sct_pearson_residual_all_qc_fit_selected384","cell_topology_v1",384,30,"euclidean_shared_pca_v1","closed",FALSE,"H1"
579,290,"internal124","SRA701877_SRS3279684",20260807,"exact500","sct_pearson_residual_all_qc_fit_selected384","cell_topology_v1",384,30,"euclidean_shared_pca_v1","closed",FALSE,"H0"
580,290,"internal124","SRA701877_SRS3279684",20260807,"exact500","sct_pearson_residual_all_qc_fit_selected384","cell_topology_v1",384,30,"euclidean_shared_pca_v1","closed",FALSE,"H1"
581,291,"internal124","SRA701877_SRS3279685",20260807,"exact500","sct_pearson_residual_all_qc_fit_selected384","cell_topology_v1",384,30,"euclidean_shared_pca_v1","closed",FALSE,"H0"
582,291,"internal124","SRA701877_SRS3279685",20260807,"exact500","sct_pearson_residual_all_qc_fit_selected384","cell_topology_v1",384,30,"euclidean_shared_pca_v1","closed",FALSE,"H1"
583,292,"internal124","SRA701877_SRS3279686",20260807,"exact500","sct_pearson_residual_all_qc_fit_selected384","cell_topology_v1",384,30,"euclidean_shared_pca_v1","closed",FALSE,"H0"
584,292,"internal124","SRA701877_SRS3279686",20260807,"exact500","sct_pearson_residual_all_qc_fit_selected384","cell_topology_v1",384,30,"euclidean_shared_pca_v1","closed",FALSE,"H1"
585,293,"internal124","SRA701877_SRS3279687",20260807,"exact500","sct_pearson_residual_all_qc_fit_selected384","cell_topology_v1",384,30,"euclidean_shared_pca_v1","closed",FALSE,"H0"
586,293,"internal124","SRA701877_SRS3279687",20260807,"exact500","sct_pearson_residual_all_qc_fit_selected384","cell_topology_v1",384,30,"euclidean_shared_pca_v1","closed",FALSE,"H1"
587,294,"internal124","SRA701877_SRS3279688",20260807,"exact500","sct_pearson_residual_all_qc_fit_selected384","cell_topology_v1",384,30,"euclidean_shared_pca_v1","closed",FALSE,"H0"
588,294,"internal124","SRA701877_SRS3279688",20260807,"exact500","sct_pearson_residual_all_qc_fit_selected384","cell_topology_v1",384,30,"euclidean_shared_pca_v1","closed",FALSE,"H1"
589,295,"internal124","SRA701877_SRS3279689",20260807,"exact500","sct_pearson_residual_all_qc_fit_selected384","cell_topology_v1",384,30,"euclidean_shared_pca_v1","closed",FALSE,"H0"
590,295,"internal124","SRA701877_SRS3279689",20260807,"exact500","sct_pearson_residual_all_qc_fit_selected384","cell_topology_v1",384,30,"euclidean_shared_pca_v1","closed",FALSE,"H1"
591,296,"internal124","SRA701877_SRS3279690",20260807,"exact500","sct_pearson_residual_all_qc_fit_selected384","cell_topology_v1",384,30,"euclidean_shared_pca_v1","closed",FALSE,"H0"
592,296,"internal124","SRA701877_SRS3279690",20260807,"exact500","sct_pearson_residual_all_qc_fit_selected384","cell_topology_v1",384,30,"euclidean_shared_pca_v1","closed",FALSE,"H1"
593,297,"internal124","SRA701877_SRS3279691",20260807,"exact500","sct_pearson_residual_all_qc_fit_selected384","cell_topology_v1",384,30,"euclidean_shared_pca_v1","closed",FALSE,"H0"
594,297,"internal124","SRA701877_SRS3279691",20260807,"exact500","sct_pearson_residual_all_qc_fit_selected384","cell_topology_v1",384,30,"euclidean_shared_pca_v1","closed",FALSE,"H1"
595,298,"internal124","SRA701877_SRS3279692",20260807,"exact500","sct_pearson_residual_all_qc_fit_selected384","cell_topology_v1",384,30,"euclidean_shared_pca_v1","closed",FALSE,"H0"
596,298,"internal124","SRA701877_SRS3279692",20260807,"exact500","sct_pearson_residual_all_qc_fit_selected384","cell_topology_v1",384,30,"euclidean_shared_pca_v1","closed",FALSE,"H1"
597,299,"internal124","SRA701877_SRS3279693",20260807,"exact500","sct_pearson_residual_all_qc_fit_selected384","cell_topology_v1",384,30,"euclidean_shared_pca_v1","closed",FALSE,"H0"
598,299,"internal124","SRA701877_SRS3279693",20260807,"exact500","sct_pearson_residual_all_qc_fit_selected384","cell_topology_v1",384,30,"euclidean_shared_pca_v1","closed",FALSE,"H1"
599,300,"internal124","SRA701877_SRS3279694",20260807,"exact500","sct_pearson_residual_all_qc_fit_selected384","cell_topology_v1",384,30,"euclidean_shared_pca_v1","closed",FALSE,"H0"
600,300,"internal124","SRA701877_SRS3279694",20260807,"exact500","sct_pearson_residual_all_qc_fit_selected384","cell_topology_v1",384,30,"euclidean_shared_pca_v1","closed",FALSE,"H1"
601,301,"internal124","SRA701877_SRS3279695",20260807,"exact500","sct_pearson_residual_all_qc_fit_selected384","cell_topology_v1",384,30,"euclidean_shared_pca_v1","closed",FALSE,"H0"
602,301,"internal124","SRA701877_SRS3279695",20260807,"exact500","sct_pearson_residual_all_qc_fit_selected384","cell_topology_v1",384,30,"euclidean_shared_pca_v1","closed",FALSE,"H1"
603,302,"internal124","SRA703206_SRS3296611",20260807,"exact500","sct_pearson_residual_all_qc_fit_selected384","cell_topology_v1",384,30,"euclidean_shared_pca_v1","closed",FALSE,"H0"
604,302,"internal124","SRA703206_SRS3296611",20260807,"exact500","sct_pearson_residual_all_qc_fit_selected384","cell_topology_v1",384,30,"euclidean_shared_pca_v1","closed",FALSE,"H1"
605,303,"internal124","SRA703206_SRS3296612",20260807,"exact500","sct_pearson_residual_all_qc_fit_selected384","cell_topology_v1",384,30,"euclidean_shared_pca_v1","closed",FALSE,"H0"
606,303,"internal124","SRA703206_SRS3296612",20260807,"exact500","sct_pearson_residual_all_qc_fit_selected384","cell_topology_v1",384,30,"euclidean_shared_pca_v1","closed",FALSE,"H1"
607,304,"internal124","SRA703206_SRS3296613",20260807,"exact500","sct_pearson_residual_all_qc_fit_selected384","cell_topology_v1",384,30,"euclidean_shared_pca_v1","closed",FALSE,"H0"
608,304,"internal124","SRA703206_SRS3296613",20260807,"exact500","sct_pearson_residual_all_qc_fit_selected384","cell_topology_v1",384,30,"euclidean_shared_pca_v1","closed",FALSE,"H1"
609,305,"internal124","SRA703206_SRS3296614",20260807,"exact500","sct_pearson_residual_all_qc_fit_selected384","cell_topology_v1",384,30,"euclidean_shared_pca_v1","closed",FALSE,"H0"
610,305,"internal124","SRA703206_SRS3296614",20260807,"exact500","sct_pearson_residual_all_qc_fit_selected384","cell_topology_v1",384,30,"euclidean_shared_pca_v1","closed",FALSE,"H1"
611,306,"internal124","SRA713577_SRS3363004",20260807,"exact500","sct_pearson_residual_all_qc_fit_selected384","cell_topology_v1",384,30,"euclidean_shared_pca_v1","closed",FALSE,"H0"
612,306,"internal124","SRA713577_SRS3363004",20260807,"exact500","sct_pearson_residual_all_qc_fit_selected384","cell_topology_v1",384,30,"euclidean_shared_pca_v1","closed",FALSE,"H1"
613,307,"internal124","SRA716608_SRS3391629",20260807,"exact500","sct_pearson_residual_all_qc_fit_selected384","cell_topology_v1",384,30,"euclidean_shared_pca_v1","closed",FALSE,"H0"
614,307,"internal124","SRA716608_SRS3391629",20260807,"exact500","sct_pearson_residual_all_qc_fit_selected384","cell_topology_v1",384,30,"euclidean_shared_pca_v1","closed",FALSE,"H1"
615,308,"internal124","SRA716608_SRS3391630",20260807,"exact500","sct_pearson_residual_all_qc_fit_selected384","cell_topology_v1",384,30,"euclidean_shared_pca_v1","closed",FALSE,"H0"
616,308,"internal124","SRA716608_SRS3391630",20260807,"exact500","sct_pearson_residual_all_qc_fit_selected384","cell_topology_v1",384,30,"euclidean_shared_pca_v1","closed",FALSE,"H1"
617,309,"internal124","SRA716608_SRS3391631",20260807,"exact500","sct_pearson_residual_all_qc_fit_selected384","cell_topology_v1",384,30,"euclidean_shared_pca_v1","closed",FALSE,"H0"
618,309,"internal124","SRA716608_SRS3391631",20260807,"exact500","sct_pearson_residual_all_qc_fit_selected384","cell_topology_v1",384,30,"euclidean_shared_pca_v1","closed",FALSE,"H1"
619,310,"internal124","SRA716608_SRS3391632",20260807,"exact500","sct_pearson_residual_all_qc_fit_selected384","cell_topology_v1",384,30,"euclidean_shared_pca_v1","closed",FALSE,"H0"
620,310,"internal124","SRA716608_SRS3391632",20260807,"exact500","sct_pearson_residual_all_qc_fit_selected384","cell_topology_v1",384,30,"euclidean_shared_pca_v1","closed",FALSE,"H1"
621,311,"internal124","SRA716608_SRS3391633",20260807,"exact500","sct_pearson_residual_all_qc_fit_selected384","cell_topology_v1",384,30,"euclidean_shared_pca_v1","closed",FALSE,"H0"
622,311,"internal124","SRA716608_SRS3391633",20260807,"exact500","sct_pearson_residual_all_qc_fit_selected384","cell_topology_v1",384,30,"euclidean_shared_pca_v1","closed",FALSE,"H1"
623,312,"internal124","SRA728025_SRS3454421",20260807,"exact500","sct_pearson_residual_all_qc_fit_selected384","cell_topology_v1",384,30,"euclidean_shared_pca_v1","closed",FALSE,"H0"
624,312,"internal124","SRA728025_SRS3454421",20260807,"exact500","sct_pearson_residual_all_qc_fit_selected384","cell_topology_v1",384,30,"euclidean_shared_pca_v1","closed",FALSE,"H1"
625,313,"internal124","SRA728025_SRS3454422",20260807,"exact500","sct_pearson_residual_all_qc_fit_selected384","cell_topology_v1",384,30,"euclidean_shared_pca_v1","closed",FALSE,"H0"
626,313,"internal124","SRA728025_SRS3454422",20260807,"exact500","sct_pearson_residual_all_qc_fit_selected384","cell_topology_v1",384,30,"euclidean_shared_pca_v1","closed",FALSE,"H1"
627,314,"internal124","SRA728025_SRS3454423",20260807,"exact500","sct_pearson_residual_all_qc_fit_selected384","cell_topology_v1",384,30,"euclidean_shared_pca_v1","closed",FALSE,"H0"
628,314,"internal124","SRA728025_SRS3454423",20260807,"exact500","sct_pearson_residual_all_qc_fit_selected384","cell_topology_v1",384,30,"euclidean_shared_pca_v1","closed",FALSE,"H1"
629,315,"internal124","SRA728025_SRS3454424",20260807,"exact500","sct_pearson_residual_all_qc_fit_selected384","cell_topology_v1",384,30,"euclidean_shared_pca_v1","closed",FALSE,"H0"
630,315,"internal124","SRA728025_SRS3454424",20260807,"exact500","sct_pearson_residual_all_qc_fit_selected384","cell_topology_v1",384,30,"euclidean_shared_pca_v1","closed",FALSE,"H1"
631,316,"internal124","SRA728025_SRS3454425",20260807,"exact500","sct_pearson_residual_all_qc_fit_selected384","cell_topology_v1",384,30,"euclidean_shared_pca_v1","closed",FALSE,"H0"
632,316,"internal124","SRA728025_SRS3454425",20260807,"exact500","sct_pearson_residual_all_qc_fit_selected384","cell_topology_v1",384,30,"euclidean_shared_pca_v1","closed",FALSE,"H1"
633,317,"internal124","SRA728025_SRS3454426",20260807,"exact500","sct_pearson_residual_all_qc_fit_selected384","cell_topology_v1",384,30,"euclidean_shared_pca_v1","closed",FALSE,"H0"
634,317,"internal124","SRA728025_SRS3454426",20260807,"exact500","sct_pearson_residual_all_qc_fit_selected384","cell_topology_v1",384,30,"euclidean_shared_pca_v1","closed",FALSE,"H1"
635,318,"internal124","SRA728025_SRS3454427",20260807,"exact500","sct_pearson_residual_all_qc_fit_selected384","cell_topology_v1",384,30,"euclidean_shared_pca_v1","closed",FALSE,"H0"
636,318,"internal124","SRA728025_SRS3454427",20260807,"exact500","sct_pearson_residual_all_qc_fit_selected384","cell_topology_v1",384,30,"euclidean_shared_pca_v1","closed",FALSE,"H1"
637,319,"internal124","SRA728025_SRS3454428",20260807,"exact500","sct_pearson_residual_all_qc_fit_selected384","cell_topology_v1",384,30,"euclidean_shared_pca_v1","closed",FALSE,"H0"
638,319,"internal124","SRA728025_SRS3454428",20260807,"exact500","sct_pearson_residual_all_qc_fit_selected384","cell_topology_v1",384,30,"euclidean_shared_pca_v1","closed",FALSE,"H1"
639,320,"internal124","SRA728025_SRS3454430",20260807,"exact500","sct_pearson_residual_all_qc_fit_selected384","cell_topology_v1",384,30,"euclidean_shared_pca_v1","closed",FALSE,"H0"
640,320,"internal124","SRA728025_SRS3454430",20260807,"exact500","sct_pearson_residual_all_qc_fit_selected384","cell_topology_v1",384,30,"euclidean_shared_pca_v1","closed",FALSE,"H1"
641,321,"internal124","SRA740174_SRS3548780",20260807,"exact500","sct_pearson_residual_all_qc_fit_selected384","cell_topology_v1",384,30,"euclidean_shared_pca_v1","closed",FALSE,"H0"
642,321,"internal124","SRA740174_SRS3548780",20260807,"exact500","sct_pearson_residual_all_qc_fit_selected384","cell_topology_v1",384,30,"euclidean_shared_pca_v1","closed",FALSE,"H1"
643,322,"internal124","SRA740174_SRS3548781",20260807,"exact500","sct_pearson_residual_all_qc_fit_selected384","cell_topology_v1",384,30,"euclidean_shared_pca_v1","closed",FALSE,"H0"
644,322,"internal124","SRA740174_SRS3548781",20260807,"exact500","sct_pearson_residual_all_qc_fit_selected384","cell_topology_v1",384,30,"euclidean_shared_pca_v1","closed",FALSE,"H1"
645,323,"internal124","SRA740174_SRS3548782",20260807,"exact500","sct_pearson_residual_all_qc_fit_selected384","cell_topology_v1",384,30,"euclidean_shared_pca_v1","closed",FALSE,"H0"
646,323,"internal124","SRA740174_SRS3548782",20260807,"exact500","sct_pearson_residual_all_qc_fit_selected384","cell_topology_v1",384,30,"euclidean_shared_pca_v1","closed",FALSE,"H1"
647,324,"internal124","SRA740174_SRS3548783",20260807,"exact500","sct_pearson_residual_all_qc_fit_selected384","cell_topology_v1",384,30,"euclidean_shared_pca_v1","closed",FALSE,"H0"
648,324,"internal124","SRA740174_SRS3548783",20260807,"exact500","sct_pearson_residual_all_qc_fit_selected384","cell_topology_v1",384,30,"euclidean_shared_pca_v1","closed",FALSE,"H1"
649,325,"internal124","SRA742961_SRS3565195",20260807,"exact500","sct_pearson_residual_all_qc_fit_selected384","cell_topology_v1",384,30,"euclidean_shared_pca_v1","closed",FALSE,"H0"
650,325,"internal124","SRA742961_SRS3565195",20260807,"exact500","sct_pearson_residual_all_qc_fit_selected384","cell_topology_v1",384,30,"euclidean_shared_pca_v1","closed",FALSE,"H1"
651,326,"internal124","SRA742961_SRS3565196",20260807,"exact500","sct_pearson_residual_all_qc_fit_selected384","cell_topology_v1",384,30,"euclidean_shared_pca_v1","closed",FALSE,"H0"
652,326,"internal124","SRA742961_SRS3565196",20260807,"exact500","sct_pearson_residual_all_qc_fit_selected384","cell_topology_v1",384,30,"euclidean_shared_pca_v1","closed",FALSE,"H1"
653,327,"internal124","SRA742961_SRS3565197",20260807,"exact500","sct_pearson_residual_all_qc_fit_selected384","cell_topology_v1",384,30,"euclidean_shared_pca_v1","closed",FALSE,"H0"
654,327,"internal124","SRA742961_SRS3565197",20260807,"exact500","sct_pearson_residual_all_qc_fit_selected384","cell_topology_v1",384,30,"euclidean_shared_pca_v1","closed",FALSE,"H1"
655,328,"internal124","SRA742961_SRS3565198",20260807,"exact500","sct_pearson_residual_all_qc_fit_selected384","cell_topology_v1",384,30,"euclidean_shared_pca_v1","closed",FALSE,"H0"
656,328,"internal124","SRA742961_SRS3565198",20260807,"exact500","sct_pearson_residual_all_qc_fit_selected384","cell_topology_v1",384,30,"euclidean_shared_pca_v1","closed",FALSE,"H1"
657,329,"internal124","SRA742961_SRS3565199",20260807,"exact500","sct_pearson_residual_all_qc_fit_selected384","cell_topology_v1",384,30,"euclidean_shared_pca_v1","closed",FALSE,"H0"
658,329,"internal124","SRA742961_SRS3565199",20260807,"exact500","sct_pearson_residual_all_qc_fit_selected384","cell_topology_v1",384,30,"euclidean_shared_pca_v1","closed",FALSE,"H1"
659,330,"internal124","SRA742961_SRS3565201",20260807,"exact500","sct_pearson_residual_all_qc_fit_selected384","cell_topology_v1",384,30,"euclidean_shared_pca_v1","closed",FALSE,"H0"
660,330,"internal124","SRA742961_SRS3565201",20260807,"exact500","sct_pearson_residual_all_qc_fit_selected384","cell_topology_v1",384,30,"euclidean_shared_pca_v1","closed",FALSE,"H1"
661,331,"internal124","SRA742961_SRS3565202",20260807,"exact500","sct_pearson_residual_all_qc_fit_selected384","cell_topology_v1",384,30,"euclidean_shared_pca_v1","closed",FALSE,"H0"
662,331,"internal124","SRA742961_SRS3565202",20260807,"exact500","sct_pearson_residual_all_qc_fit_selected384","cell_topology_v1",384,30,"euclidean_shared_pca_v1","closed",FALSE,"H1"
663,332,"internal124","SRA742961_SRS3565203",20260807,"exact500","sct_pearson_residual_all_qc_fit_selected384","cell_topology_v1",384,30,"euclidean_shared_pca_v1","closed",FALSE,"H0"
664,332,"internal124","SRA742961_SRS3565203",20260807,"exact500","sct_pearson_residual_all_qc_fit_selected384","cell_topology_v1",384,30,"euclidean_shared_pca_v1","closed",FALSE,"H1"
665,333,"internal124","SRA742961_SRS3565204",20260807,"exact500","sct_pearson_residual_all_qc_fit_selected384","cell_topology_v1",384,30,"euclidean_shared_pca_v1","closed",FALSE,"H0"
666,333,"internal124","SRA742961_SRS3565204",20260807,"exact500","sct_pearson_residual_all_qc_fit_selected384","cell_topology_v1",384,30,"euclidean_shared_pca_v1","closed",FALSE,"H1"
667,334,"internal124","SRA742961_SRS3565205",20260807,"exact500","sct_pearson_residual_all_qc_fit_selected384","cell_topology_v1",384,30,"euclidean_shared_pca_v1","closed",FALSE,"H0"
668,334,"internal124","SRA742961_SRS3565205",20260807,"exact500","sct_pearson_residual_all_qc_fit_selected384","cell_topology_v1",384,30,"euclidean_shared_pca_v1","closed",FALSE,"H1"
669,335,"internal124","SRA742961_SRS3565206",20260807,"exact500","sct_pearson_residual_all_qc_fit_selected384","cell_topology_v1",384,30,"euclidean_shared_pca_v1","closed",FALSE,"H0"
670,335,"internal124","SRA742961_SRS3565206",20260807,"exact500","sct_pearson_residual_all_qc_fit_selected384","cell_topology_v1",384,30,"euclidean_shared_pca_v1","closed",FALSE,"H1"
671,336,"internal124","SRA742961_SRS3565207",20260807,"exact500","sct_pearson_residual_all_qc_fit_selected384","cell_topology_v1",384,30,"euclidean_shared_pca_v1","closed",FALSE,"H0"
672,336,"internal124","SRA742961_SRS3565207",20260807,"exact500","sct_pearson_residual_all_qc_fit_selected384","cell_topology_v1",384,30,"euclidean_shared_pca_v1","closed",FALSE,"H1"
673,337,"internal124","SRA742961_SRS3565208",20260807,"exact500","sct_pearson_residual_all_qc_fit_selected384","cell_topology_v1",384,30,"euclidean_shared_pca_v1","closed",FALSE,"H0"
674,337,"internal124","SRA742961_SRS3565208",20260807,"exact500","sct_pearson_residual_all_qc_fit_selected384","cell_topology_v1",384,30,"euclidean_shared_pca_v1","closed",FALSE,"H1"
675,338,"internal124","SRA742961_SRS3565209",20260807,"exact500","sct_pearson_residual_all_qc_fit_selected384","cell_topology_v1",384,30,"euclidean_shared_pca_v1","closed",FALSE,"H0"
676,338,"internal124","SRA742961_SRS3565209",20260807,"exact500","sct_pearson_residual_all_qc_fit_selected384","cell_topology_v1",384,30,"euclidean_shared_pca_v1","closed",FALSE,"H1"
677,339,"internal124","SRA742961_SRS3565210",20260807,"exact500","sct_pearson_residual_all_qc_fit_selected384","cell_topology_v1",384,30,"euclidean_shared_pca_v1","closed",FALSE,"H0"
678,339,"internal124","SRA742961_SRS3565210",20260807,"exact500","sct_pearson_residual_all_qc_fit_selected384","cell_topology_v1",384,30,"euclidean_shared_pca_v1","closed",FALSE,"H1"
679,340,"internal124","SRA742961_SRS3565211",20260807,"exact500","sct_pearson_residual_all_qc_fit_selected384","cell_topology_v1",384,30,"euclidean_shared_pca_v1","closed",FALSE,"H0"
680,340,"internal124","SRA742961_SRS3565211",20260807,"exact500","sct_pearson_residual_all_qc_fit_selected384","cell_topology_v1",384,30,"euclidean_shared_pca_v1","closed",FALSE,"H1"
681,341,"internal124","SRA749327_SRS3693910",20260807,"exact500","sct_pearson_residual_all_qc_fit_selected384","cell_topology_v1",384,30,"euclidean_shared_pca_v1","closed",FALSE,"H0"
682,341,"internal124","SRA749327_SRS3693910",20260807,"exact500","sct_pearson_residual_all_qc_fit_selected384","cell_topology_v1",384,30,"euclidean_shared_pca_v1","closed",FALSE,"H1"
683,342,"internal124","SRA749327_SRS3693911",20260807,"exact500","sct_pearson_residual_all_qc_fit_selected384","cell_topology_v1",384,30,"euclidean_shared_pca_v1","closed",FALSE,"H0"
684,342,"internal124","SRA749327_SRS3693911",20260807,"exact500","sct_pearson_residual_all_qc_fit_selected384","cell_topology_v1",384,30,"euclidean_shared_pca_v1","closed",FALSE,"H1"
685,343,"internal124","SRA749327_SRS3693912",20260807,"exact500","sct_pearson_residual_all_qc_fit_selected384","cell_topology_v1",384,30,"euclidean_shared_pca_v1","closed",FALSE,"H0"
686,343,"internal124","SRA749327_SRS3693912",20260807,"exact500","sct_pearson_residual_all_qc_fit_selected384","cell_topology_v1",384,30,"euclidean_shared_pca_v1","closed",FALSE,"H1"
687,344,"internal124","SRA749327_SRS3693913",20260807,"exact500","sct_pearson_residual_all_qc_fit_selected384","cell_topology_v1",384,30,"euclidean_shared_pca_v1","closed",FALSE,"H0"
688,344,"internal124","SRA749327_SRS3693913",20260807,"exact500","sct_pearson_residual_all_qc_fit_selected384","cell_topology_v1",384,30,"euclidean_shared_pca_v1","closed",FALSE,"H1"
689,345,"internal124","SRA760933_SRS3693061",20260807,"exact500","sct_pearson_residual_all_qc_fit_selected384","cell_topology_v1",384,30,"euclidean_shared_pca_v1","closed",FALSE,"H0"
690,345,"internal124","SRA760933_SRS3693061",20260807,"exact500","sct_pearson_residual_all_qc_fit_selected384","cell_topology_v1",384,30,"euclidean_shared_pca_v1","closed",FALSE,"H1"
691,346,"internal124","SRA779509_SRS3805245",20260807,"exact500","sct_pearson_residual_all_qc_fit_selected384","cell_topology_v1",384,30,"euclidean_shared_pca_v1","closed",FALSE,"H0"
692,346,"internal124","SRA779509_SRS3805245",20260807,"exact500","sct_pearson_residual_all_qc_fit_selected384","cell_topology_v1",384,30,"euclidean_shared_pca_v1","closed",FALSE,"H1"
693,347,"internal124","SRA779509_SRS3805246",20260807,"exact500","sct_pearson_residual_all_qc_fit_selected384","cell_topology_v1",384,30,"euclidean_shared_pca_v1","closed",FALSE,"H0"
694,347,"internal124","SRA779509_SRS3805246",20260807,"exact500","sct_pearson_residual_all_qc_fit_selected384","cell_topology_v1",384,30,"euclidean_shared_pca_v1","closed",FALSE,"H1"
695,348,"internal124","SRA779509_SRS3805247",20260807,"exact500","sct_pearson_residual_all_qc_fit_selected384","cell_topology_v1",384,30,"euclidean_shared_pca_v1","closed",FALSE,"H0"
696,348,"internal124","SRA779509_SRS3805247",20260807,"exact500","sct_pearson_residual_all_qc_fit_selected384","cell_topology_v1",384,30,"euclidean_shared_pca_v1","closed",FALSE,"H1"
697,349,"internal124","SRA779509_SRS3805248",20260807,"exact500","sct_pearson_residual_all_qc_fit_selected384","cell_topology_v1",384,30,"euclidean_shared_pca_v1","closed",FALSE,"H0"
698,349,"internal124","SRA779509_SRS3805248",20260807,"exact500","sct_pearson_residual_all_qc_fit_selected384","cell_topology_v1",384,30,"euclidean_shared_pca_v1","closed",FALSE,"H1"
699,350,"internal124","SRA779509_SRS3805249",20260807,"exact500","sct_pearson_residual_all_qc_fit_selected384","cell_topology_v1",384,30,"euclidean_shared_pca_v1","closed",FALSE,"H0"
700,350,"internal124","SRA779509_SRS3805249",20260807,"exact500","sct_pearson_residual_all_qc_fit_selected384","cell_topology_v1",384,30,"euclidean_shared_pca_v1","closed",FALSE,"H1"
701,351,"internal124","SRA779509_SRS3805250",20260807,"exact500","sct_pearson_residual_all_qc_fit_selected384","cell_topology_v1",384,30,"euclidean_shared_pca_v1","closed",FALSE,"H0"
702,351,"internal124","SRA779509_SRS3805250",20260807,"exact500","sct_pearson_residual_all_qc_fit_selected384","cell_topology_v1",384,30,"euclidean_shared_pca_v1","closed",FALSE,"H1"
703,352,"internal124","SRA779509_SRS3805251",20260807,"exact500","sct_pearson_residual_all_qc_fit_selected384","cell_topology_v1",384,30,"euclidean_shared_pca_v1","closed",FALSE,"H0"
704,352,"internal124","SRA779509_SRS3805251",20260807,"exact500","sct_pearson_residual_all_qc_fit_selected384","cell_topology_v1",384,30,"euclidean_shared_pca_v1","closed",FALSE,"H1"
705,353,"internal124","SRA779509_SRS3805252",20260807,"exact500","sct_pearson_residual_all_qc_fit_selected384","cell_topology_v1",384,30,"euclidean_shared_pca_v1","closed",FALSE,"H0"
706,353,"internal124","SRA779509_SRS3805252",20260807,"exact500","sct_pearson_residual_all_qc_fit_selected384","cell_topology_v1",384,30,"euclidean_shared_pca_v1","closed",FALSE,"H1"
707,354,"internal124","SRA779509_SRS3805253",20260807,"exact500","sct_pearson_residual_all_qc_fit_selected384","cell_topology_v1",384,30,"euclidean_shared_pca_v1","closed",FALSE,"H0"
708,354,"internal124","SRA779509_SRS3805253",20260807,"exact500","sct_pearson_residual_all_qc_fit_selected384","cell_topology_v1",384,30,"euclidean_shared_pca_v1","closed",FALSE,"H1"
709,355,"internal124","SRA779509_SRS3805254",20260807,"exact500","sct_pearson_residual_all_qc_fit_selected384","cell_topology_v1",384,30,"euclidean_shared_pca_v1","closed",FALSE,"H0"
710,355,"internal124","SRA779509_SRS3805254",20260807,"exact500","sct_pearson_residual_all_qc_fit_selected384","cell_topology_v1",384,30,"euclidean_shared_pca_v1","closed",FALSE,"H1"
711,356,"internal124","SRA779509_SRS3805255",20260807,"exact500","sct_pearson_residual_all_qc_fit_selected384","cell_topology_v1",384,30,"euclidean_shared_pca_v1","closed",FALSE,"H0"
712,356,"internal124","SRA779509_SRS3805255",20260807,"exact500","sct_pearson_residual_all_qc_fit_selected384","cell_topology_v1",384,30,"euclidean_shared_pca_v1","closed",FALSE,"H1"
713,357,"internal124","SRA779509_SRS3805256",20260807,"exact500","sct_pearson_residual_all_qc_fit_selected384","cell_topology_v1",384,30,"euclidean_shared_pca_v1","closed",FALSE,"H0"
714,357,"internal124","SRA779509_SRS3805256",20260807,"exact500","sct_pearson_residual_all_qc_fit_selected384","cell_topology_v1",384,30,"euclidean_shared_pca_v1","closed",FALSE,"H1"
715,358,"internal124","SRA779509_SRS3805257",20260807,"exact500","sct_pearson_residual_all_qc_fit_selected384","cell_topology_v1",384,30,"euclidean_shared_pca_v1","closed",FALSE,"H0"
716,358,"internal124","SRA779509_SRS3805257",20260807,"exact500","sct_pearson_residual_all_qc_fit_selected384","cell_topology_v1",384,30,"euclidean_shared_pca_v1","closed",FALSE,"H1"
717,359,"internal124","SRA779509_SRS3805258",20260807,"exact500","sct_pearson_residual_all_qc_fit_selected384","cell_topology_v1",384,30,"euclidean_shared_pca_v1","closed",FALSE,"H0"
718,359,"internal124","SRA779509_SRS3805258",20260807,"exact500","sct_pearson_residual_all_qc_fit_selected384","cell_topology_v1",384,30,"euclidean_shared_pca_v1","closed",FALSE,"H1"
719,360,"internal124","SRA779509_SRS3805259",20260807,"exact500","sct_pearson_residual_all_qc_fit_selected384","cell_topology_v1",384,30,"euclidean_shared_pca_v1","closed",FALSE,"H0"
720,360,"internal124","SRA779509_SRS3805259",20260807,"exact500","sct_pearson_residual_all_qc_fit_selected384","cell_topology_v1",384,30,"euclidean_shared_pca_v1","closed",FALSE,"H1"
721,361,"internal124","SRA779509_SRS3805260",20260807,"exact500","sct_pearson_residual_all_qc_fit_selected384","cell_topology_v1",384,30,"euclidean_shared_pca_v1","closed",FALSE,"H0"
722,361,"internal124","SRA779509_SRS3805260",20260807,"exact500","sct_pearson_residual_all_qc_fit_selected384","cell_topology_v1",384,30,"euclidean_shared_pca_v1","closed",FALSE,"H1"
723,362,"internal124","SRA779509_SRS3805261",20260807,"exact500","sct_pearson_residual_all_qc_fit_selected384","cell_topology_v1",384,30,"euclidean_shared_pca_v1","closed",FALSE,"H0"
724,362,"internal124","SRA779509_SRS3805261",20260807,"exact500","sct_pearson_residual_all_qc_fit_selected384","cell_topology_v1",384,30,"euclidean_shared_pca_v1","closed",FALSE,"H1"
725,363,"internal124","SRA779509_SRS3805262",20260807,"exact500","sct_pearson_residual_all_qc_fit_selected384","cell_topology_v1",384,30,"euclidean_shared_pca_v1","closed",FALSE,"H0"
726,363,"internal124","SRA779509_SRS3805262",20260807,"exact500","sct_pearson_residual_all_qc_fit_selected384","cell_topology_v1",384,30,"euclidean_shared_pca_v1","closed",FALSE,"H1"
727,364,"internal124","SRA779509_SRS3805263",20260807,"exact500","sct_pearson_residual_all_qc_fit_selected384","cell_topology_v1",384,30,"euclidean_shared_pca_v1","closed",FALSE,"H0"
728,364,"internal124","SRA779509_SRS3805263",20260807,"exact500","sct_pearson_residual_all_qc_fit_selected384","cell_topology_v1",384,30,"euclidean_shared_pca_v1","closed",FALSE,"H1"
729,365,"internal124","SRA779509_SRS3805264",20260807,"exact500","sct_pearson_residual_all_qc_fit_selected384","cell_topology_v1",384,30,"euclidean_shared_pca_v1","closed",FALSE,"H0"
730,365,"internal124","SRA779509_SRS3805264",20260807,"exact500","sct_pearson_residual_all_qc_fit_selected384","cell_topology_v1",384,30,"euclidean_shared_pca_v1","closed",FALSE,"H1"
731,366,"internal124","SRA779509_SRS3805265",20260807,"exact500","sct_pearson_residual_all_qc_fit_selected384","cell_topology_v1",384,30,"euclidean_shared_pca_v1","closed",FALSE,"H0"
732,366,"internal124","SRA779509_SRS3805265",20260807,"exact500","sct_pearson_residual_all_qc_fit_selected384","cell_topology_v1",384,30,"euclidean_shared_pca_v1","closed",FALSE,"H1"
733,367,"internal124","SRA779509_SRS3805266",20260807,"exact500","sct_pearson_residual_all_qc_fit_selected384","cell_topology_v1",384,30,"euclidean_shared_pca_v1","closed",FALSE,"H0"
734,367,"internal124","SRA779509_SRS3805266",20260807,"exact500","sct_pearson_residual_all_qc_fit_selected384","cell_topology_v1",384,30,"euclidean_shared_pca_v1","closed",FALSE,"H1"
735,368,"internal124","SRA779509_SRS3805267",20260807,"exact500","sct_pearson_residual_all_qc_fit_selected384","cell_topology_v1",384,30,"euclidean_shared_pca_v1","closed",FALSE,"H0"
736,368,"internal124","SRA779509_SRS3805267",20260807,"exact500","sct_pearson_residual_all_qc_fit_selected384","cell_topology_v1",384,30,"euclidean_shared_pca_v1","closed",FALSE,"H1"
737,369,"internal124","SRA779509_SRS3805268",20260807,"exact500","sct_pearson_residual_all_qc_fit_selected384","cell_topology_v1",384,30,"euclidean_shared_pca_v1","closed",FALSE,"H0"
738,369,"internal124","SRA779509_SRS3805268",20260807,"exact500","sct_pearson_residual_all_qc_fit_selected384","cell_topology_v1",384,30,"euclidean_shared_pca_v1","closed",FALSE,"H1"
739,370,"internal124","SRA779509_SRS3805269",20260807,"exact500","sct_pearson_residual_all_qc_fit_selected384","cell_topology_v1",384,30,"euclidean_shared_pca_v1","closed",FALSE,"H0"
740,370,"internal124","SRA779509_SRS3805269",20260807,"exact500","sct_pearson_residual_all_qc_fit_selected384","cell_topology_v1",384,30,"euclidean_shared_pca_v1","closed",FALSE,"H1"
741,371,"internal124","SRA784242_SRS3822680",20260807,"exact500","sct_pearson_residual_all_qc_fit_selected384","cell_topology_v1",384,30,"euclidean_shared_pca_v1","closed",FALSE,"H0"
742,371,"internal124","SRA784242_SRS3822680",20260807,"exact500","sct_pearson_residual_all_qc_fit_selected384","cell_topology_v1",384,30,"euclidean_shared_pca_v1","closed",FALSE,"H1"
743,372,"internal124","SRA784242_SRS3822682",20260807,"exact500","sct_pearson_residual_all_qc_fit_selected384","cell_topology_v1",384,30,"euclidean_shared_pca_v1","closed",FALSE,"H0"
744,372,"internal124","SRA784242_SRS3822682",20260807,"exact500","sct_pearson_residual_all_qc_fit_selected384","cell_topology_v1",384,30,"euclidean_shared_pca_v1","closed",FALSE,"H1"
745,373,"internal124","SRA784242_SRS3822683",20260807,"exact500","sct_pearson_residual_all_qc_fit_selected384","cell_topology_v1",384,30,"euclidean_shared_pca_v1","closed",FALSE,"H0"
746,373,"internal124","SRA784242_SRS3822683",20260807,"exact500","sct_pearson_residual_all_qc_fit_selected384","cell_topology_v1",384,30,"euclidean_shared_pca_v1","closed",FALSE,"H1"
747,374,"internal124","SRA784242_SRS3822686",20260807,"exact500","sct_pearson_residual_all_qc_fit_selected384","cell_topology_v1",384,30,"euclidean_shared_pca_v1","closed",FALSE,"H0"
748,374,"internal124","SRA784242_SRS3822686",20260807,"exact500","sct_pearson_residual_all_qc_fit_selected384","cell_topology_v1",384,30,"euclidean_shared_pca_v1","closed",FALSE,"H1"
749,375,"internal124","SRA826293_SRS4181123",20260807,"exact500","sct_pearson_residual_all_qc_fit_selected384","cell_topology_v1",384,30,"euclidean_shared_pca_v1","closed",FALSE,"H0"
750,375,"internal124","SRA826293_SRS4181123",20260807,"exact500","sct_pearson_residual_all_qc_fit_selected384","cell_topology_v1",384,30,"euclidean_shared_pca_v1","closed",FALSE,"H1"
751,376,"internal124","SRA826293_SRS4181124",20260807,"exact500","sct_pearson_residual_all_qc_fit_selected384","cell_topology_v1",384,30,"euclidean_shared_pca_v1","closed",FALSE,"H0"
752,376,"internal124","SRA826293_SRS4181124",20260807,"exact500","sct_pearson_residual_all_qc_fit_selected384","cell_topology_v1",384,30,"euclidean_shared_pca_v1","closed",FALSE,"H1"
753,377,"internal124","SRA826293_SRS4181125",20260807,"exact500","sct_pearson_residual_all_qc_fit_selected384","cell_topology_v1",384,30,"euclidean_shared_pca_v1","closed",FALSE,"H0"
754,377,"internal124","SRA826293_SRS4181125",20260807,"exact500","sct_pearson_residual_all_qc_fit_selected384","cell_topology_v1",384,30,"euclidean_shared_pca_v1","closed",FALSE,"H1"
755,378,"internal124","SRA826293_SRS4181126",20260807,"exact500","sct_pearson_residual_all_qc_fit_selected384","cell_topology_v1",384,30,"euclidean_shared_pca_v1","closed",FALSE,"H0"
756,378,"internal124","SRA826293_SRS4181126",20260807,"exact500","sct_pearson_residual_all_qc_fit_selected384","cell_topology_v1",384,30,"euclidean_shared_pca_v1","closed",FALSE,"H1"
757,379,"internal124","SRA826293_SRS4181127",20260807,"exact500","sct_pearson_residual_all_qc_fit_selected384","cell_topology_v1",384,30,"euclidean_shared_pca_v1","closed",FALSE,"H0"
758,379,"internal124","SRA826293_SRS4181127",20260807,"exact500","sct_pearson_residual_all_qc_fit_selected384","cell_topology_v1",384,30,"euclidean_shared_pca_v1","closed",FALSE,"H1"
759,380,"internal124","SRA826293_SRS4181128",20260807,"exact500","sct_pearson_residual_all_qc_fit_selected384","cell_topology_v1",384,30,"euclidean_shared_pca_v1","closed",FALSE,"H0"
760,380,"internal124","SRA826293_SRS4181128",20260807,"exact500","sct_pearson_residual_all_qc_fit_selected384","cell_topology_v1",384,30,"euclidean_shared_pca_v1","closed",FALSE,"H1"
761,381,"internal124","SRA826293_SRS4181129",20260807,"exact500","sct_pearson_residual_all_qc_fit_selected384","cell_topology_v1",384,30,"euclidean_shared_pca_v1","closed",FALSE,"H0"
762,381,"internal124","SRA826293_SRS4181129",20260807,"exact500","sct_pearson_residual_all_qc_fit_selected384","cell_topology_v1",384,30,"euclidean_shared_pca_v1","closed",FALSE,"H1"
763,382,"internal124","SRA826293_SRS4181130",20260807,"exact500","sct_pearson_residual_all_qc_fit_selected384","cell_topology_v1",384,30,"euclidean_shared_pca_v1","closed",FALSE,"H0"
764,382,"internal124","SRA826293_SRS4181130",20260807,"exact500","sct_pearson_residual_all_qc_fit_selected384","cell_topology_v1",384,30,"euclidean_shared_pca_v1","closed",FALSE,"H1"
765,383,"internal124","SRA850958_SRS4386101",20260807,"exact500","sct_pearson_residual_all_qc_fit_selected384","cell_topology_v1",384,30,"euclidean_shared_pca_v1","closed",FALSE,"H0"
766,383,"internal124","SRA850958_SRS4386101",20260807,"exact500","sct_pearson_residual_all_qc_fit_selected384","cell_topology_v1",384,30,"euclidean_shared_pca_v1","closed",FALSE,"H1"
767,384,"internal124","SRA850958_SRS4386109",20260807,"exact500","sct_pearson_residual_all_qc_fit_selected384","cell_topology_v1",384,30,"euclidean_shared_pca_v1","closed",FALSE,"H0"
768,384,"internal124","SRA850958_SRS4386109",20260807,"exact500","sct_pearson_residual_all_qc_fit_selected384","cell_topology_v1",384,30,"euclidean_shared_pca_v1","closed",FALSE,"H1"
769,385,"internal124","SRA850958_SRS4386110",20260807,"exact500","sct_pearson_residual_all_qc_fit_selected384","cell_topology_v1",384,30,"euclidean_shared_pca_v1","closed",FALSE,"H0"
770,385,"internal124","SRA850958_SRS4386110",20260807,"exact500","sct_pearson_residual_all_qc_fit_selected384","cell_topology_v1",384,30,"euclidean_shared_pca_v1","closed",FALSE,"H1"
771,386,"internal124","SRA850958_SRS4386111",20260807,"exact500","sct_pearson_residual_all_qc_fit_selected384","cell_topology_v1",384,30,"euclidean_shared_pca_v1","closed",FALSE,"H0"
772,386,"internal124","SRA850958_SRS4386111",20260807,"exact500","sct_pearson_residual_all_qc_fit_selected384","cell_topology_v1",384,30,"euclidean_shared_pca_v1","closed",FALSE,"H1"
773,387,"internal124","SRA850958_SRS4386112",20260807,"exact500","sct_pearson_residual_all_qc_fit_selected384","cell_topology_v1",384,30,"euclidean_shared_pca_v1","closed",FALSE,"H0"
774,387,"internal124","SRA850958_SRS4386112",20260807,"exact500","sct_pearson_residual_all_qc_fit_selected384","cell_topology_v1",384,30,"euclidean_shared_pca_v1","closed",FALSE,"H1"
775,388,"internal124","SRA850958_SRS4386113",20260807,"exact500","sct_pearson_residual_all_qc_fit_selected384","cell_topology_v1",384,30,"euclidean_shared_pca_v1","closed",FALSE,"H0"
776,388,"internal124","SRA850958_SRS4386113",20260807,"exact500","sct_pearson_residual_all_qc_fit_selected384","cell_topology_v1",384,30,"euclidean_shared_pca_v1","closed",FALSE,"H1"
777,389,"internal124","SRA550660_SRS2089635",20260808,"exact500","sct_pearson_residual_all_qc_fit_selected384","cell_topology_v1",384,30,"euclidean_shared_pca_v1","closed",FALSE,"H0"
778,389,"internal124","SRA550660_SRS2089635",20260808,"exact500","sct_pearson_residual_all_qc_fit_selected384","cell_topology_v1",384,30,"euclidean_shared_pca_v1","closed",FALSE,"H1"
779,390,"internal124","SRA550660_SRS2089636",20260808,"exact500","sct_pearson_residual_all_qc_fit_selected384","cell_topology_v1",384,30,"euclidean_shared_pca_v1","closed",FALSE,"H0"
780,390,"internal124","SRA550660_SRS2089636",20260808,"exact500","sct_pearson_residual_all_qc_fit_selected384","cell_topology_v1",384,30,"euclidean_shared_pca_v1","closed",FALSE,"H1"
781,391,"internal124","SRA550660_SRS2089637",20260808,"exact500","sct_pearson_residual_all_qc_fit_selected384","cell_topology_v1",384,30,"euclidean_shared_pca_v1","closed",FALSE,"H0"
782,391,"internal124","SRA550660_SRS2089637",20260808,"exact500","sct_pearson_residual_all_qc_fit_selected384","cell_topology_v1",384,30,"euclidean_shared_pca_v1","closed",FALSE,"H1"
783,392,"internal124","SRA550660_SRS2089638",20260808,"exact500","sct_pearson_residual_all_qc_fit_selected384","cell_topology_v1",384,30,"euclidean_shared_pca_v1","closed",FALSE,"H0"
784,392,"internal124","SRA550660_SRS2089638",20260808,"exact500","sct_pearson_residual_all_qc_fit_selected384","cell_topology_v1",384,30,"euclidean_shared_pca_v1","closed",FALSE,"H1"
785,393,"internal124","SRA550660_SRS2089639",20260808,"exact500","sct_pearson_residual_all_qc_fit_selected384","cell_topology_v1",384,30,"euclidean_shared_pca_v1","closed",FALSE,"H0"
786,393,"internal124","SRA550660_SRS2089639",20260808,"exact500","sct_pearson_residual_all_qc_fit_selected384","cell_topology_v1",384,30,"euclidean_shared_pca_v1","closed",FALSE,"H1"
787,394,"internal124","SRA621638_SRS2610283",20260808,"exact500","sct_pearson_residual_all_qc_fit_selected384","cell_topology_v1",384,30,"euclidean_shared_pca_v1","closed",FALSE,"H0"
788,394,"internal124","SRA621638_SRS2610283",20260808,"exact500","sct_pearson_residual_all_qc_fit_selected384","cell_topology_v1",384,30,"euclidean_shared_pca_v1","closed",FALSE,"H1"
789,395,"internal124","SRA621638_SRS2610285",20260808,"exact500","sct_pearson_residual_all_qc_fit_selected384","cell_topology_v1",384,30,"euclidean_shared_pca_v1","closed",FALSE,"H0"
790,395,"internal124","SRA621638_SRS2610285",20260808,"exact500","sct_pearson_residual_all_qc_fit_selected384","cell_topology_v1",384,30,"euclidean_shared_pca_v1","closed",FALSE,"H1"
791,396,"internal124","SRA628554_SRS2664364",20260808,"exact500","sct_pearson_residual_all_qc_fit_selected384","cell_topology_v1",384,30,"euclidean_shared_pca_v1","closed",FALSE,"H0"
792,396,"internal124","SRA628554_SRS2664364",20260808,"exact500","sct_pearson_residual_all_qc_fit_selected384","cell_topology_v1",384,30,"euclidean_shared_pca_v1","closed",FALSE,"H1"
793,397,"internal124","SRA628554_SRS2664365",20260808,"exact500","sct_pearson_residual_all_qc_fit_selected384","cell_topology_v1",384,30,"euclidean_shared_pca_v1","closed",FALSE,"H0"
794,397,"internal124","SRA628554_SRS2664365",20260808,"exact500","sct_pearson_residual_all_qc_fit_selected384","cell_topology_v1",384,30,"euclidean_shared_pca_v1","closed",FALSE,"H1"
795,398,"internal124","SRA645804_SRS2823404",20260808,"exact500","sct_pearson_residual_all_qc_fit_selected384","cell_topology_v1",384,30,"euclidean_shared_pca_v1","closed",FALSE,"H0"
796,398,"internal124","SRA645804_SRS2823404",20260808,"exact500","sct_pearson_residual_all_qc_fit_selected384","cell_topology_v1",384,30,"euclidean_shared_pca_v1","closed",FALSE,"H1"
797,399,"internal124","SRA645804_SRS2823405",20260808,"exact500","sct_pearson_residual_all_qc_fit_selected384","cell_topology_v1",384,30,"euclidean_shared_pca_v1","closed",FALSE,"H0"
798,399,"internal124","SRA645804_SRS2823405",20260808,"exact500","sct_pearson_residual_all_qc_fit_selected384","cell_topology_v1",384,30,"euclidean_shared_pca_v1","closed",FALSE,"H1"
799,400,"internal124","SRA645804_SRS2823406",20260808,"exact500","sct_pearson_residual_all_qc_fit_selected384","cell_topology_v1",384,30,"euclidean_shared_pca_v1","closed",FALSE,"H0"
800,400,"internal124","SRA645804_SRS2823406",20260808,"exact500","sct_pearson_residual_all_qc_fit_selected384","cell_topology_v1",384,30,"euclidean_shared_pca_v1","closed",FALSE,"H1"
801,401,"internal124","SRA645804_SRS2823407",20260808,"exact500","sct_pearson_residual_all_qc_fit_selected384","cell_topology_v1",384,30,"euclidean_shared_pca_v1","closed",FALSE,"H0"
802,401,"internal124","SRA645804_SRS2823407",20260808,"exact500","sct_pearson_residual_all_qc_fit_selected384","cell_topology_v1",384,30,"euclidean_shared_pca_v1","closed",FALSE,"H1"
803,402,"internal124","SRA645804_SRS2823408",20260808,"exact500","sct_pearson_residual_all_qc_fit_selected384","cell_topology_v1",384,30,"euclidean_shared_pca_v1","closed",FALSE,"H0"
804,402,"internal124","SRA645804_SRS2823408",20260808,"exact500","sct_pearson_residual_all_qc_fit_selected384","cell_topology_v1",384,30,"euclidean_shared_pca_v1","closed",FALSE,"H1"
805,403,"internal124","SRA645804_SRS2823409",20260808,"exact500","sct_pearson_residual_all_qc_fit_selected384","cell_topology_v1",384,30,"euclidean_shared_pca_v1","closed",FALSE,"H0"
806,403,"internal124","SRA645804_SRS2823409",20260808,"exact500","sct_pearson_residual_all_qc_fit_selected384","cell_topology_v1",384,30,"euclidean_shared_pca_v1","closed",FALSE,"H1"
807,404,"internal124","SRA645804_SRS2823410",20260808,"exact500","sct_pearson_residual_all_qc_fit_selected384","cell_topology_v1",384,30,"euclidean_shared_pca_v1","closed",FALSE,"H0"
808,404,"internal124","SRA645804_SRS2823410",20260808,"exact500","sct_pearson_residual_all_qc_fit_selected384","cell_topology_v1",384,30,"euclidean_shared_pca_v1","closed",FALSE,"H1"
809,405,"internal124","SRA645804_SRS2823411",20260808,"exact500","sct_pearson_residual_all_qc_fit_selected384","cell_topology_v1",384,30,"euclidean_shared_pca_v1","closed",FALSE,"H0"
810,405,"internal124","SRA645804_SRS2823411",20260808,"exact500","sct_pearson_residual_all_qc_fit_selected384","cell_topology_v1",384,30,"euclidean_shared_pca_v1","closed",FALSE,"H1"
811,406,"internal124","SRA645804_SRS2823412",20260808,"exact500","sct_pearson_residual_all_qc_fit_selected384","cell_topology_v1",384,30,"euclidean_shared_pca_v1","closed",FALSE,"H0"
812,406,"internal124","SRA645804_SRS2823412",20260808,"exact500","sct_pearson_residual_all_qc_fit_selected384","cell_topology_v1",384,30,"euclidean_shared_pca_v1","closed",FALSE,"H1"
813,407,"internal124","SRA645804_SRS3572594",20260808,"exact500","sct_pearson_residual_all_qc_fit_selected384","cell_topology_v1",384,30,"euclidean_shared_pca_v1","closed",FALSE,"H0"
814,407,"internal124","SRA645804_SRS3572594",20260808,"exact500","sct_pearson_residual_all_qc_fit_selected384","cell_topology_v1",384,30,"euclidean_shared_pca_v1","closed",FALSE,"H1"
815,408,"internal124","SRA667709_SRS3065426",20260808,"exact500","sct_pearson_residual_all_qc_fit_selected384","cell_topology_v1",384,30,"euclidean_shared_pca_v1","closed",FALSE,"H0"
816,408,"internal124","SRA667709_SRS3065426",20260808,"exact500","sct_pearson_residual_all_qc_fit_selected384","cell_topology_v1",384,30,"euclidean_shared_pca_v1","closed",FALSE,"H1"
817,409,"internal124","SRA667709_SRS3065427",20260808,"exact500","sct_pearson_residual_all_qc_fit_selected384","cell_topology_v1",384,30,"euclidean_shared_pca_v1","closed",FALSE,"H0"
818,409,"internal124","SRA667709_SRS3065427",20260808,"exact500","sct_pearson_residual_all_qc_fit_selected384","cell_topology_v1",384,30,"euclidean_shared_pca_v1","closed",FALSE,"H1"
819,410,"internal124","SRA667709_SRS3065428",20260808,"exact500","sct_pearson_residual_all_qc_fit_selected384","cell_topology_v1",384,30,"euclidean_shared_pca_v1","closed",FALSE,"H0"
820,410,"internal124","SRA667709_SRS3065428",20260808,"exact500","sct_pearson_residual_all_qc_fit_selected384","cell_topology_v1",384,30,"euclidean_shared_pca_v1","closed",FALSE,"H1"
821,411,"internal124","SRA667709_SRS3065429",20260808,"exact500","sct_pearson_residual_all_qc_fit_selected384","cell_topology_v1",384,30,"euclidean_shared_pca_v1","closed",FALSE,"H0"
822,411,"internal124","SRA667709_SRS3065429",20260808,"exact500","sct_pearson_residual_all_qc_fit_selected384","cell_topology_v1",384,30,"euclidean_shared_pca_v1","closed",FALSE,"H1"
823,412,"internal124","SRA667709_SRS3065430",20260808,"exact500","sct_pearson_residual_all_qc_fit_selected384","cell_topology_v1",384,30,"euclidean_shared_pca_v1","closed",FALSE,"H0"
824,412,"internal124","SRA667709_SRS3065430",20260808,"exact500","sct_pearson_residual_all_qc_fit_selected384","cell_topology_v1",384,30,"euclidean_shared_pca_v1","closed",FALSE,"H1"
825,413,"internal124","SRA667709_SRS3065431",20260808,"exact500","sct_pearson_residual_all_qc_fit_selected384","cell_topology_v1",384,30,"euclidean_shared_pca_v1","closed",FALSE,"H0"
826,413,"internal124","SRA667709_SRS3065431",20260808,"exact500","sct_pearson_residual_all_qc_fit_selected384","cell_topology_v1",384,30,"euclidean_shared_pca_v1","closed",FALSE,"H1"
827,414,"internal124","SRA701877_SRS3279684",20260808,"exact500","sct_pearson_residual_all_qc_fit_selected384","cell_topology_v1",384,30,"euclidean_shared_pca_v1","closed",FALSE,"H0"
828,414,"internal124","SRA701877_SRS3279684",20260808,"exact500","sct_pearson_residual_all_qc_fit_selected384","cell_topology_v1",384,30,"euclidean_shared_pca_v1","closed",FALSE,"H1"
829,415,"internal124","SRA701877_SRS3279685",20260808,"exact500","sct_pearson_residual_all_qc_fit_selected384","cell_topology_v1",384,30,"euclidean_shared_pca_v1","closed",FALSE,"H0"
830,415,"internal124","SRA701877_SRS3279685",20260808,"exact500","sct_pearson_residual_all_qc_fit_selected384","cell_topology_v1",384,30,"euclidean_shared_pca_v1","closed",FALSE,"H1"
831,416,"internal124","SRA701877_SRS3279686",20260808,"exact500","sct_pearson_residual_all_qc_fit_selected384","cell_topology_v1",384,30,"euclidean_shared_pca_v1","closed",FALSE,"H0"
832,416,"internal124","SRA701877_SRS3279686",20260808,"exact500","sct_pearson_residual_all_qc_fit_selected384","cell_topology_v1",384,30,"euclidean_shared_pca_v1","closed",FALSE,"H1"
833,417,"internal124","SRA701877_SRS3279687",20260808,"exact500","sct_pearson_residual_all_qc_fit_selected384","cell_topology_v1",384,30,"euclidean_shared_pca_v1","closed",FALSE,"H0"
834,417,"internal124","SRA701877_SRS3279687",20260808,"exact500","sct_pearson_residual_all_qc_fit_selected384","cell_topology_v1",384,30,"euclidean_shared_pca_v1","closed",FALSE,"H1"
835,418,"internal124","SRA701877_SRS3279688",20260808,"exact500","sct_pearson_residual_all_qc_fit_selected384","cell_topology_v1",384,30,"euclidean_shared_pca_v1","closed",FALSE,"H0"
836,418,"internal124","SRA701877_SRS3279688",20260808,"exact500","sct_pearson_residual_all_qc_fit_selected384","cell_topology_v1",384,30,"euclidean_shared_pca_v1","closed",FALSE,"H1"
837,419,"internal124","SRA701877_SRS3279689",20260808,"exact500","sct_pearson_residual_all_qc_fit_selected384","cell_topology_v1",384,30,"euclidean_shared_pca_v1","closed",FALSE,"H0"
838,419,"internal124","SRA701877_SRS3279689",20260808,"exact500","sct_pearson_residual_all_qc_fit_selected384","cell_topology_v1",384,30,"euclidean_shared_pca_v1","closed",FALSE,"H1"
839,420,"internal124","SRA701877_SRS3279690",20260808,"exact500","sct_pearson_residual_all_qc_fit_selected384","cell_topology_v1",384,30,"euclidean_shared_pca_v1","closed",FALSE,"H0"
840,420,"internal124","SRA701877_SRS3279690",20260808,"exact500","sct_pearson_residual_all_qc_fit_selected384","cell_topology_v1",384,30,"euclidean_shared_pca_v1","closed",FALSE,"H1"
841,421,"internal124","SRA701877_SRS3279691",20260808,"exact500","sct_pearson_residual_all_qc_fit_selected384","cell_topology_v1",384,30,"euclidean_shared_pca_v1","closed",FALSE,"H0"
842,421,"internal124","SRA701877_SRS3279691",20260808,"exact500","sct_pearson_residual_all_qc_fit_selected384","cell_topology_v1",384,30,"euclidean_shared_pca_v1","closed",FALSE,"H1"
843,422,"internal124","SRA701877_SRS3279692",20260808,"exact500","sct_pearson_residual_all_qc_fit_selected384","cell_topology_v1",384,30,"euclidean_shared_pca_v1","closed",FALSE,"H0"
844,422,"internal124","SRA701877_SRS3279692",20260808,"exact500","sct_pearson_residual_all_qc_fit_selected384","cell_topology_v1",384,30,"euclidean_shared_pca_v1","closed",FALSE,"H1"
845,423,"internal124","SRA701877_SRS3279693",20260808,"exact500","sct_pearson_residual_all_qc_fit_selected384","cell_topology_v1",384,30,"euclidean_shared_pca_v1","closed",FALSE,"H0"
846,423,"internal124","SRA701877_SRS3279693",20260808,"exact500","sct_pearson_residual_all_qc_fit_selected384","cell_topology_v1",384,30,"euclidean_shared_pca_v1","closed",FALSE,"H1"
847,424,"internal124","SRA701877_SRS3279694",20260808,"exact500","sct_pearson_residual_all_qc_fit_selected384","cell_topology_v1",384,30,"euclidean_shared_pca_v1","closed",FALSE,"H0"
848,424,"internal124","SRA701877_SRS3279694",20260808,"exact500","sct_pearson_residual_all_qc_fit_selected384","cell_topology_v1",384,30,"euclidean_shared_pca_v1","closed",FALSE,"H1"
849,425,"internal124","SRA701877_SRS3279695",20260808,"exact500","sct_pearson_residual_all_qc_fit_selected384","cell_topology_v1",384,30,"euclidean_shared_pca_v1","closed",FALSE,"H0"
850,425,"internal124","SRA701877_SRS3279695",20260808,"exact500","sct_pearson_residual_all_qc_fit_selected384","cell_topology_v1",384,30,"euclidean_shared_pca_v1","closed",FALSE,"H1"
851,426,"internal124","SRA703206_SRS3296611",20260808,"exact500","sct_pearson_residual_all_qc_fit_selected384","cell_topology_v1",384,30,"euclidean_shared_pca_v1","closed",FALSE,"H0"
852,426,"internal124","SRA703206_SRS3296611",20260808,"exact500","sct_pearson_residual_all_qc_fit_selected384","cell_topology_v1",384,30,"euclidean_shared_pca_v1","closed",FALSE,"H1"
853,427,"internal124","SRA703206_SRS3296612",20260808,"exact500","sct_pearson_residual_all_qc_fit_selected384","cell_topology_v1",384,30,"euclidean_shared_pca_v1","closed",FALSE,"H0"
854,427,"internal124","SRA703206_SRS3296612",20260808,"exact500","sct_pearson_residual_all_qc_fit_selected384","cell_topology_v1",384,30,"euclidean_shared_pca_v1","closed",FALSE,"H1"
855,428,"internal124","SRA703206_SRS3296613",20260808,"exact500","sct_pearson_residual_all_qc_fit_selected384","cell_topology_v1",384,30,"euclidean_shared_pca_v1","closed",FALSE,"H0"
856,428,"internal124","SRA703206_SRS3296613",20260808,"exact500","sct_pearson_residual_all_qc_fit_selected384","cell_topology_v1",384,30,"euclidean_shared_pca_v1","closed",FALSE,"H1"
857,429,"internal124","SRA703206_SRS3296614",20260808,"exact500","sct_pearson_residual_all_qc_fit_selected384","cell_topology_v1",384,30,"euclidean_shared_pca_v1","closed",FALSE,"H0"
858,429,"internal124","SRA703206_SRS3296614",20260808,"exact500","sct_pearson_residual_all_qc_fit_selected384","cell_topology_v1",384,30,"euclidean_shared_pca_v1","closed",FALSE,"H1"
859,430,"internal124","SRA713577_SRS3363004",20260808,"exact500","sct_pearson_residual_all_qc_fit_selected384","cell_topology_v1",384,30,"euclidean_shared_pca_v1","closed",FALSE,"H0"
860,430,"internal124","SRA713577_SRS3363004",20260808,"exact500","sct_pearson_residual_all_qc_fit_selected384","cell_topology_v1",384,30,"euclidean_shared_pca_v1","closed",FALSE,"H1"
861,431,"internal124","SRA716608_SRS3391629",20260808,"exact500","sct_pearson_residual_all_qc_fit_selected384","cell_topology_v1",384,30,"euclidean_shared_pca_v1","closed",FALSE,"H0"
862,431,"internal124","SRA716608_SRS3391629",20260808,"exact500","sct_pearson_residual_all_qc_fit_selected384","cell_topology_v1",384,30,"euclidean_shared_pca_v1","closed",FALSE,"H1"
863,432,"internal124","SRA716608_SRS3391630",20260808,"exact500","sct_pearson_residual_all_qc_fit_selected384","cell_topology_v1",384,30,"euclidean_shared_pca_v1","closed",FALSE,"H0"
864,432,"internal124","SRA716608_SRS3391630",20260808,"exact500","sct_pearson_residual_all_qc_fit_selected384","cell_topology_v1",384,30,"euclidean_shared_pca_v1","closed",FALSE,"H1"
865,433,"internal124","SRA716608_SRS3391631",20260808,"exact500","sct_pearson_residual_all_qc_fit_selected384","cell_topology_v1",384,30,"euclidean_shared_pca_v1","closed",FALSE,"H0"
866,433,"internal124","SRA716608_SRS3391631",20260808,"exact500","sct_pearson_residual_all_qc_fit_selected384","cell_topology_v1",384,30,"euclidean_shared_pca_v1","closed",FALSE,"H1"
867,434,"internal124","SRA716608_SRS3391632",20260808,"exact500","sct_pearson_residual_all_qc_fit_selected384","cell_topology_v1",384,30,"euclidean_shared_pca_v1","closed",FALSE,"H0"
868,434,"internal124","SRA716608_SRS3391632",20260808,"exact500","sct_pearson_residual_all_qc_fit_selected384","cell_topology_v1",384,30,"euclidean_shared_pca_v1","closed",FALSE,"H1"
869,435,"internal124","SRA716608_SRS3391633",20260808,"exact500","sct_pearson_residual_all_qc_fit_selected384","cell_topology_v1",384,30,"euclidean_shared_pca_v1","closed",FALSE,"H0"
870,435,"internal124","SRA716608_SRS3391633",20260808,"exact500","sct_pearson_residual_all_qc_fit_selected384","cell_topology_v1",384,30,"euclidean_shared_pca_v1","closed",FALSE,"H1"
871,436,"internal124","SRA728025_SRS3454421",20260808,"exact500","sct_pearson_residual_all_qc_fit_selected384","cell_topology_v1",384,30,"euclidean_shared_pca_v1","closed",FALSE,"H0"
872,436,"internal124","SRA728025_SRS3454421",20260808,"exact500","sct_pearson_residual_all_qc_fit_selected384","cell_topology_v1",384,30,"euclidean_shared_pca_v1","closed",FALSE,"H1"
873,437,"internal124","SRA728025_SRS3454422",20260808,"exact500","sct_pearson_residual_all_qc_fit_selected384","cell_topology_v1",384,30,"euclidean_shared_pca_v1","closed",FALSE,"H0"
874,437,"internal124","SRA728025_SRS3454422",20260808,"exact500","sct_pearson_residual_all_qc_fit_selected384","cell_topology_v1",384,30,"euclidean_shared_pca_v1","closed",FALSE,"H1"
875,438,"internal124","SRA728025_SRS3454423",20260808,"exact500","sct_pearson_residual_all_qc_fit_selected384","cell_topology_v1",384,30,"euclidean_shared_pca_v1","closed",FALSE,"H0"
876,438,"internal124","SRA728025_SRS3454423",20260808,"exact500","sct_pearson_residual_all_qc_fit_selected384","cell_topology_v1",384,30,"euclidean_shared_pca_v1","closed",FALSE,"H1"
877,439,"internal124","SRA728025_SRS3454424",20260808,"exact500","sct_pearson_residual_all_qc_fit_selected384","cell_topology_v1",384,30,"euclidean_shared_pca_v1","closed",FALSE,"H0"
878,439,"internal124","SRA728025_SRS3454424",20260808,"exact500","sct_pearson_residual_all_qc_fit_selected384","cell_topology_v1",384,30,"euclidean_shared_pca_v1","closed",FALSE,"H1"
879,440,"internal124","SRA728025_SRS3454425",20260808,"exact500","sct_pearson_residual_all_qc_fit_selected384","cell_topology_v1",384,30,"euclidean_shared_pca_v1","closed",FALSE,"H0"
880,440,"internal124","SRA728025_SRS3454425",20260808,"exact500","sct_pearson_residual_all_qc_fit_selected384","cell_topology_v1",384,30,"euclidean_shared_pca_v1","closed",FALSE,"H1"
881,441,"internal124","SRA728025_SRS3454426",20260808,"exact500","sct_pearson_residual_all_qc_fit_selected384","cell_topology_v1",384,30,"euclidean_shared_pca_v1","closed",FALSE,"H0"
882,441,"internal124","SRA728025_SRS3454426",20260808,"exact500","sct_pearson_residual_all_qc_fit_selected384","cell_topology_v1",384,30,"euclidean_shared_pca_v1","closed",FALSE,"H1"
883,442,"internal124","SRA728025_SRS3454427",20260808,"exact500","sct_pearson_residual_all_qc_fit_selected384","cell_topology_v1",384,30,"euclidean_shared_pca_v1","closed",FALSE,"H0"
884,442,"internal124","SRA728025_SRS3454427",20260808,"exact500","sct_pearson_residual_all_qc_fit_selected384","cell_topology_v1",384,30,"euclidean_shared_pca_v1","closed",FALSE,"H1"
885,443,"internal124","SRA728025_SRS3454428",20260808,"exact500","sct_pearson_residual_all_qc_fit_selected384","cell_topology_v1",384,30,"euclidean_shared_pca_v1","closed",FALSE,"H0"
886,443,"internal124","SRA728025_SRS3454428",20260808,"exact500","sct_pearson_residual_all_qc_fit_selected384","cell_topology_v1",384,30,"euclidean_shared_pca_v1","closed",FALSE,"H1"
887,444,"internal124","SRA728025_SRS3454430",20260808,"exact500","sct_pearson_residual_all_qc_fit_selected384","cell_topology_v1",384,30,"euclidean_shared_pca_v1","closed",FALSE,"H0"
888,444,"internal124","SRA728025_SRS3454430",20260808,"exact500","sct_pearson_residual_all_qc_fit_selected384","cell_topology_v1",384,30,"euclidean_shared_pca_v1","closed",FALSE,"H1"
889,445,"internal124","SRA740174_SRS3548780",20260808,"exact500","sct_pearson_residual_all_qc_fit_selected384","cell_topology_v1",384,30,"euclidean_shared_pca_v1","closed",FALSE,"H0"
890,445,"internal124","SRA740174_SRS3548780",20260808,"exact500","sct_pearson_residual_all_qc_fit_selected384","cell_topology_v1",384,30,"euclidean_shared_pca_v1","closed",FALSE,"H1"
891,446,"internal124","SRA740174_SRS3548781",20260808,"exact500","sct_pearson_residual_all_qc_fit_selected384","cell_topology_v1",384,30,"euclidean_shared_pca_v1","closed",FALSE,"H0"
892,446,"internal124","SRA740174_SRS3548781",20260808,"exact500","sct_pearson_residual_all_qc_fit_selected384","cell_topology_v1",384,30,"euclidean_shared_pca_v1","closed",FALSE,"H1"
893,447,"internal124","SRA740174_SRS3548782",20260808,"exact500","sct_pearson_residual_all_qc_fit_selected384","cell_topology_v1",384,30,"euclidean_shared_pca_v1","closed",FALSE,"H0"
894,447,"internal124","SRA740174_SRS3548782",20260808,"exact500","sct_pearson_residual_all_qc_fit_selected384","cell_topology_v1",384,30,"euclidean_shared_pca_v1","closed",FALSE,"H1"
895,448,"internal124","SRA740174_SRS3548783",20260808,"exact500","sct_pearson_residual_all_qc_fit_selected384","cell_topology_v1",384,30,"euclidean_shared_pca_v1","closed",FALSE,"H0"
896,448,"internal124","SRA740174_SRS3548783",20260808,"exact500","sct_pearson_residual_all_qc_fit_selected384","cell_topology_v1",384,30,"euclidean_shared_pca_v1","closed",FALSE,"H1"
897,449,"internal124","SRA742961_SRS3565195",20260808,"exact500","sct_pearson_residual_all_qc_fit_selected384","cell_topology_v1",384,30,"euclidean_shared_pca_v1","closed",FALSE,"H0"
898,449,"internal124","SRA742961_SRS3565195",20260808,"exact500","sct_pearson_residual_all_qc_fit_selected384","cell_topology_v1",384,30,"euclidean_shared_pca_v1","closed",FALSE,"H1"
899,450,"internal124","SRA742961_SRS3565196",20260808,"exact500","sct_pearson_residual_all_qc_fit_selected384","cell_topology_v1",384,30,"euclidean_shared_pca_v1","closed",FALSE,"H0"
900,450,"internal124","SRA742961_SRS3565196",20260808,"exact500","sct_pearson_residual_all_qc_fit_selected384","cell_topology_v1",384,30,"euclidean_shared_pca_v1","closed",FALSE,"H1"
901,451,"internal124","SRA742961_SRS3565197",20260808,"exact500","sct_pearson_residual_all_qc_fit_selected384","cell_topology_v1",384,30,"euclidean_shared_pca_v1","closed",FALSE,"H0"
902,451,"internal124","SRA742961_SRS3565197",20260808,"exact500","sct_pearson_residual_all_qc_fit_selected384","cell_topology_v1",384,30,"euclidean_shared_pca_v1","closed",FALSE,"H1"
903,452,"internal124","SRA742961_SRS3565198",20260808,"exact500","sct_pearson_residual_all_qc_fit_selected384","cell_topology_v1",384,30,"euclidean_shared_pca_v1","closed",FALSE,"H0"
904,452,"internal124","SRA742961_SRS3565198",20260808,"exact500","sct_pearson_residual_all_qc_fit_selected384","cell_topology_v1",384,30,"euclidean_shared_pca_v1","closed",FALSE,"H1"
905,453,"internal124","SRA742961_SRS3565199",20260808,"exact500","sct_pearson_residual_all_qc_fit_selected384","cell_topology_v1",384,30,"euclidean_shared_pca_v1","closed",FALSE,"H0"
906,453,"internal124","SRA742961_SRS3565199",20260808,"exact500","sct_pearson_residual_all_qc_fit_selected384","cell_topology_v1",384,30,"euclidean_shared_pca_v1","closed",FALSE,"H1"
907,454,"internal124","SRA742961_SRS3565201",20260808,"exact500","sct_pearson_residual_all_qc_fit_selected384","cell_topology_v1",384,30,"euclidean_shared_pca_v1","closed",FALSE,"H0"
908,454,"internal124","SRA742961_SRS3565201",20260808,"exact500","sct_pearson_residual_all_qc_fit_selected384","cell_topology_v1",384,30,"euclidean_shared_pca_v1","closed",FALSE,"H1"
909,455,"internal124","SRA742961_SRS3565202",20260808,"exact500","sct_pearson_residual_all_qc_fit_selected384","cell_topology_v1",384,30,"euclidean_shared_pca_v1","closed",FALSE,"H0"
910,455,"internal124","SRA742961_SRS3565202",20260808,"exact500","sct_pearson_residual_all_qc_fit_selected384","cell_topology_v1",384,30,"euclidean_shared_pca_v1","closed",FALSE,"H1"
911,456,"internal124","SRA742961_SRS3565203",20260808,"exact500","sct_pearson_residual_all_qc_fit_selected384","cell_topology_v1",384,30,"euclidean_shared_pca_v1","closed",FALSE,"H0"
912,456,"internal124","SRA742961_SRS3565203",20260808,"exact500","sct_pearson_residual_all_qc_fit_selected384","cell_topology_v1",384,30,"euclidean_shared_pca_v1","closed",FALSE,"H1"
913,457,"internal124","SRA742961_SRS3565204",20260808,"exact500","sct_pearson_residual_all_qc_fit_selected384","cell_topology_v1",384,30,"euclidean_shared_pca_v1","closed",FALSE,"H0"
914,457,"internal124","SRA742961_SRS3565204",20260808,"exact500","sct_pearson_residual_all_qc_fit_selected384","cell_topology_v1",384,30,"euclidean_shared_pca_v1","closed",FALSE,"H1"
915,458,"internal124","SRA742961_SRS3565205",20260808,"exact500","sct_pearson_residual_all_qc_fit_selected384","cell_topology_v1",384,30,"euclidean_shared_pca_v1","closed",FALSE,"H0"
916,458,"internal124","SRA742961_SRS3565205",20260808,"exact500","sct_pearson_residual_all_qc_fit_selected384","cell_topology_v1",384,30,"euclidean_shared_pca_v1","closed",FALSE,"H1"
917,459,"internal124","SRA742961_SRS3565206",20260808,"exact500","sct_pearson_residual_all_qc_fit_selected384","cell_topology_v1",384,30,"euclidean_shared_pca_v1","closed",FALSE,"H0"
918,459,"internal124","SRA742961_SRS3565206",20260808,"exact500","sct_pearson_residual_all_qc_fit_selected384","cell_topology_v1",384,30,"euclidean_shared_pca_v1","closed",FALSE,"H1"
919,460,"internal124","SRA742961_SRS3565207",20260808,"exact500","sct_pearson_residual_all_qc_fit_selected384","cell_topology_v1",384,30,"euclidean_shared_pca_v1","closed",FALSE,"H0"
920,460,"internal124","SRA742961_SRS3565207",20260808,"exact500","sct_pearson_residual_all_qc_fit_selected384","cell_topology_v1",384,30,"euclidean_shared_pca_v1","closed",FALSE,"H1"
921,461,"internal124","SRA742961_SRS3565208",20260808,"exact500","sct_pearson_residual_all_qc_fit_selected384","cell_topology_v1",384,30,"euclidean_shared_pca_v1","closed",FALSE,"H0"
922,461,"internal124","SRA742961_SRS3565208",20260808,"exact500","sct_pearson_residual_all_qc_fit_selected384","cell_topology_v1",384,30,"euclidean_shared_pca_v1","closed",FALSE,"H1"
923,462,"internal124","SRA742961_SRS3565209",20260808,"exact500","sct_pearson_residual_all_qc_fit_selected384","cell_topology_v1",384,30,"euclidean_shared_pca_v1","closed",FALSE,"H0"
924,462,"internal124","SRA742961_SRS3565209",20260808,"exact500","sct_pearson_residual_all_qc_fit_selected384","cell_topology_v1",384,30,"euclidean_shared_pca_v1","closed",FALSE,"H1"
925,463,"internal124","SRA742961_SRS3565210",20260808,"exact500","sct_pearson_residual_all_qc_fit_selected384","cell_topology_v1",384,30,"euclidean_shared_pca_v1","closed",FALSE,"H0"
926,463,"internal124","SRA742961_SRS3565210",20260808,"exact500","sct_pearson_residual_all_qc_fit_selected384","cell_topology_v1",384,30,"euclidean_shared_pca_v1","closed",FALSE,"H1"
927,464,"internal124","SRA742961_SRS3565211",20260808,"exact500","sct_pearson_residual_all_qc_fit_selected384","cell_topology_v1",384,30,"euclidean_shared_pca_v1","closed",FALSE,"H0"
928,464,"internal124","SRA742961_SRS3565211",20260808,"exact500","sct_pearson_residual_all_qc_fit_selected384","cell_topology_v1",384,30,"euclidean_shared_pca_v1","closed",FALSE,"H1"
929,465,"internal124","SRA749327_SRS3693910",20260808,"exact500","sct_pearson_residual_all_qc_fit_selected384","cell_topology_v1",384,30,"euclidean_shared_pca_v1","closed",FALSE,"H0"
930,465,"internal124","SRA749327_SRS3693910",20260808,"exact500","sct_pearson_residual_all_qc_fit_selected384","cell_topology_v1",384,30,"euclidean_shared_pca_v1","closed",FALSE,"H1"
931,466,"internal124","SRA749327_SRS3693911",20260808,"exact500","sct_pearson_residual_all_qc_fit_selected384","cell_topology_v1",384,30,"euclidean_shared_pca_v1","closed",FALSE,"H0"
932,466,"internal124","SRA749327_SRS3693911",20260808,"exact500","sct_pearson_residual_all_qc_fit_selected384","cell_topology_v1",384,30,"euclidean_shared_pca_v1","closed",FALSE,"H1"
933,467,"internal124","SRA749327_SRS3693912",20260808,"exact500","sct_pearson_residual_all_qc_fit_selected384","cell_topology_v1",384,30,"euclidean_shared_pca_v1","closed",FALSE,"H0"
934,467,"internal124","SRA749327_SRS3693912",20260808,"exact500","sct_pearson_residual_all_qc_fit_selected384","cell_topology_v1",384,30,"euclidean_shared_pca_v1","closed",FALSE,"H1"
935,468,"internal124","SRA749327_SRS3693913",20260808,"exact500","sct_pearson_residual_all_qc_fit_selected384","cell_topology_v1",384,30,"euclidean_shared_pca_v1","closed",FALSE,"H0"
936,468,"internal124","SRA749327_SRS3693913",20260808,"exact500","sct_pearson_residual_all_qc_fit_selected384","cell_topology_v1",384,30,"euclidean_shared_pca_v1","closed",FALSE,"H1"
937,469,"internal124","SRA760933_SRS3693061",20260808,"exact500","sct_pearson_residual_all_qc_fit_selected384","cell_topology_v1",384,30,"euclidean_shared_pca_v1","closed",FALSE,"H0"
938,469,"internal124","SRA760933_SRS3693061",20260808,"exact500","sct_pearson_residual_all_qc_fit_selected384","cell_topology_v1",384,30,"euclidean_shared_pca_v1","closed",FALSE,"H1"
939,470,"internal124","SRA779509_SRS3805245",20260808,"exact500","sct_pearson_residual_all_qc_fit_selected384","cell_topology_v1",384,30,"euclidean_shared_pca_v1","closed",FALSE,"H0"
940,470,"internal124","SRA779509_SRS3805245",20260808,"exact500","sct_pearson_residual_all_qc_fit_selected384","cell_topology_v1",384,30,"euclidean_shared_pca_v1","closed",FALSE,"H1"
941,471,"internal124","SRA779509_SRS3805246",20260808,"exact500","sct_pearson_residual_all_qc_fit_selected384","cell_topology_v1",384,30,"euclidean_shared_pca_v1","closed",FALSE,"H0"
942,471,"internal124","SRA779509_SRS3805246",20260808,"exact500","sct_pearson_residual_all_qc_fit_selected384","cell_topology_v1",384,30,"euclidean_shared_pca_v1","closed",FALSE,"H1"
943,472,"internal124","SRA779509_SRS3805247",20260808,"exact500","sct_pearson_residual_all_qc_fit_selected384","cell_topology_v1",384,30,"euclidean_shared_pca_v1","closed",FALSE,"H0"
944,472,"internal124","SRA779509_SRS3805247",20260808,"exact500","sct_pearson_residual_all_qc_fit_selected384","cell_topology_v1",384,30,"euclidean_shared_pca_v1","closed",FALSE,"H1"
945,473,"internal124","SRA779509_SRS3805248",20260808,"exact500","sct_pearson_residual_all_qc_fit_selected384","cell_topology_v1",384,30,"euclidean_shared_pca_v1","closed",FALSE,"H0"
946,473,"internal124","SRA779509_SRS3805248",20260808,"exact500","sct_pearson_residual_all_qc_fit_selected384","cell_topology_v1",384,30,"euclidean_shared_pca_v1","closed",FALSE,"H1"
947,474,"internal124","SRA779509_SRS3805249",20260808,"exact500","sct_pearson_residual_all_qc_fit_selected384","cell_topology_v1",384,30,"euclidean_shared_pca_v1","closed",FALSE,"H0"
948,474,"internal124","SRA779509_SRS3805249",20260808,"exact500","sct_pearson_residual_all_qc_fit_selected384","cell_topology_v1",384,30,"euclidean_shared_pca_v1","closed",FALSE,"H1"
949,475,"internal124","SRA779509_SRS3805250",20260808,"exact500","sct_pearson_residual_all_qc_fit_selected384","cell_topology_v1",384,30,"euclidean_shared_pca_v1","closed",FALSE,"H0"
950,475,"internal124","SRA779509_SRS3805250",20260808,"exact500","sct_pearson_residual_all_qc_fit_selected384","cell_topology_v1",384,30,"euclidean_shared_pca_v1","closed",FALSE,"H1"
951,476,"internal124","SRA779509_SRS3805251",20260808,"exact500","sct_pearson_residual_all_qc_fit_selected384","cell_topology_v1",384,30,"euclidean_shared_pca_v1","closed",FALSE,"H0"
952,476,"internal124","SRA779509_SRS3805251",20260808,"exact500","sct_pearson_residual_all_qc_fit_selected384","cell_topology_v1",384,30,"euclidean_shared_pca_v1","closed",FALSE,"H1"
953,477,"internal124","SRA779509_SRS3805252",20260808,"exact500","sct_pearson_residual_all_qc_fit_selected384","cell_topology_v1",384,30,"euclidean_shared_pca_v1","closed",FALSE,"H0"
954,477,"internal124","SRA779509_SRS3805252",20260808,"exact500","sct_pearson_residual_all_qc_fit_selected384","cell_topology_v1",384,30,"euclidean_shared_pca_v1","closed",FALSE,"H1"
955,478,"internal124","SRA779509_SRS3805253",20260808,"exact500","sct_pearson_residual_all_qc_fit_selected384","cell_topology_v1",384,30,"euclidean_shared_pca_v1","closed",FALSE,"H0"
956,478,"internal124","SRA779509_SRS3805253",20260808,"exact500","sct_pearson_residual_all_qc_fit_selected384","cell_topology_v1",384,30,"euclidean_shared_pca_v1","closed",FALSE,"H1"
957,479,"internal124","SRA779509_SRS3805254",20260808,"exact500","sct_pearson_residual_all_qc_fit_selected384","cell_topology_v1",384,30,"euclidean_shared_pca_v1","closed",FALSE,"H0"
958,479,"internal124","SRA779509_SRS3805254",20260808,"exact500","sct_pearson_residual_all_qc_fit_selected384","cell_topology_v1",384,30,"euclidean_shared_pca_v1","closed",FALSE,"H1"
959,480,"internal124","SRA779509_SRS3805255",20260808,"exact500","sct_pearson_residual_all_qc_fit_selected384","cell_topology_v1",384,30,"euclidean_shared_pca_v1","closed",FALSE,"H0"
960,480,"internal124","SRA779509_SRS3805255",20260808,"exact500","sct_pearson_residual_all_qc_fit_selected384","cell_topology_v1",384,30,"euclidean_shared_pca_v1","closed",FALSE,"H1"
961,481,"internal124","SRA779509_SRS3805256",20260808,"exact500","sct_pearson_residual_all_qc_fit_selected384","cell_topology_v1",384,30,"euclidean_shared_pca_v1","closed",FALSE,"H0"
962,481,"internal124","SRA779509_SRS3805256",20260808,"exact500","sct_pearson_residual_all_qc_fit_selected384","cell_topology_v1",384,30,"euclidean_shared_pca_v1","closed",FALSE,"H1"
963,482,"internal124","SRA779509_SRS3805257",20260808,"exact500","sct_pearson_residual_all_qc_fit_selected384","cell_topology_v1",384,30,"euclidean_shared_pca_v1","closed",FALSE,"H0"
964,482,"internal124","SRA779509_SRS3805257",20260808,"exact500","sct_pearson_residual_all_qc_fit_selected384","cell_topology_v1",384,30,"euclidean_shared_pca_v1","closed",FALSE,"H1"
965,483,"internal124","SRA779509_SRS3805258",20260808,"exact500","sct_pearson_residual_all_qc_fit_selected384","cell_topology_v1",384,30,"euclidean_shared_pca_v1","closed",FALSE,"H0"
966,483,"internal124","SRA779509_SRS3805258",20260808,"exact500","sct_pearson_residual_all_qc_fit_selected384","cell_topology_v1",384,30,"euclidean_shared_pca_v1","closed",FALSE,"H1"
967,484,"internal124","SRA779509_SRS3805259",20260808,"exact500","sct_pearson_residual_all_qc_fit_selected384","cell_topology_v1",384,30,"euclidean_shared_pca_v1","closed",FALSE,"H0"
968,484,"internal124","SRA779509_SRS3805259",20260808,"exact500","sct_pearson_residual_all_qc_fit_selected384","cell_topology_v1",384,30,"euclidean_shared_pca_v1","closed",FALSE,"H1"
969,485,"internal124","SRA779509_SRS3805260",20260808,"exact500","sct_pearson_residual_all_qc_fit_selected384","cell_topology_v1",384,30,"euclidean_shared_pca_v1","closed",FALSE,"H0"
970,485,"internal124","SRA779509_SRS3805260",20260808,"exact500","sct_pearson_residual_all_qc_fit_selected384","cell_topology_v1",384,30,"euclidean_shared_pca_v1","closed",FALSE,"H1"
971,486,"internal124","SRA779509_SRS3805261",20260808,"exact500","sct_pearson_residual_all_qc_fit_selected384","cell_topology_v1",384,30,"euclidean_shared_pca_v1","closed",FALSE,"H0"
972,486,"internal124","SRA779509_SRS3805261",20260808,"exact500","sct_pearson_residual_all_qc_fit_selected384","cell_topology_v1",384,30,"euclidean_shared_pca_v1","closed",FALSE,"H1"
973,487,"internal124","SRA779509_SRS3805262",20260808,"exact500","sct_pearson_residual_all_qc_fit_selected384","cell_topology_v1",384,30,"euclidean_shared_pca_v1","closed",FALSE,"H0"
974,487,"internal124","SRA779509_SRS3805262",20260808,"exact500","sct_pearson_residual_all_qc_fit_selected384","cell_topology_v1",384,30,"euclidean_shared_pca_v1","closed",FALSE,"H1"
975,488,"internal124","SRA779509_SRS3805263",20260808,"exact500","sct_pearson_residual_all_qc_fit_selected384","cell_topology_v1",384,30,"euclidean_shared_pca_v1","closed",FALSE,"H0"
976,488,"internal124","SRA779509_SRS3805263",20260808,"exact500","sct_pearson_residual_all_qc_fit_selected384","cell_topology_v1",384,30,"euclidean_shared_pca_v1","closed",FALSE,"H1"
977,489,"internal124","SRA779509_SRS3805264",20260808,"exact500","sct_pearson_residual_all_qc_fit_selected384","cell_topology_v1",384,30,"euclidean_shared_pca_v1","closed",FALSE,"H0"
978,489,"internal124","SRA779509_SRS3805264",20260808,"exact500","sct_pearson_residual_all_qc_fit_selected384","cell_topology_v1",384,30,"euclidean_shared_pca_v1","closed",FALSE,"H1"
979,490,"internal124","SRA779509_SRS3805265",20260808,"exact500","sct_pearson_residual_all_qc_fit_selected384","cell_topology_v1",384,30,"euclidean_shared_pca_v1","closed",FALSE,"H0"
980,490,"internal124","SRA779509_SRS3805265",20260808,"exact500","sct_pearson_residual_all_qc_fit_selected384","cell_topology_v1",384,30,"euclidean_shared_pca_v1","closed",FALSE,"H1"
981,491,"internal124","SRA779509_SRS3805266",20260808,"exact500","sct_pearson_residual_all_qc_fit_selected384","cell_topology_v1",384,30,"euclidean_shared_pca_v1","closed",FALSE,"H0"
982,491,"internal124","SRA779509_SRS3805266",20260808,"exact500","sct_pearson_residual_all_qc_fit_selected384","cell_topology_v1",384,30,"euclidean_shared_pca_v1","closed",FALSE,"H1"
983,492,"internal124","SRA779509_SRS3805267",20260808,"exact500","sct_pearson_residual_all_qc_fit_selected384","cell_topology_v1",384,30,"euclidean_shared_pca_v1","closed",FALSE,"H0"
984,492,"internal124","SRA779509_SRS3805267",20260808,"exact500","sct_pearson_residual_all_qc_fit_selected384","cell_topology_v1",384,30,"euclidean_shared_pca_v1","closed",FALSE,"H1"
985,493,"internal124","SRA779509_SRS3805268",20260808,"exact500","sct_pearson_residual_all_qc_fit_selected384","cell_topology_v1",384,30,"euclidean_shared_pca_v1","closed",FALSE,"H0"
986,493,"internal124","SRA779509_SRS3805268",20260808,"exact500","sct_pearson_residual_all_qc_fit_selected384","cell_topology_v1",384,30,"euclidean_shared_pca_v1","closed",FALSE,"H1"
987,494,"internal124","SRA779509_SRS3805269",20260808,"exact500","sct_pearson_residual_all_qc_fit_selected384","cell_topology_v1",384,30,"euclidean_shared_pca_v1","closed",FALSE,"H0"
988,494,"internal124","SRA779509_SRS3805269",20260808,"exact500","sct_pearson_residual_all_qc_fit_selected384","cell_topology_v1",384,30,"euclidean_shared_pca_v1","closed",FALSE,"H1"
989,495,"internal124","SRA784242_SRS3822680",20260808,"exact500","sct_pearson_residual_all_qc_fit_selected384","cell_topology_v1",384,30,"euclidean_shared_pca_v1","closed",FALSE,"H0"
990,495,"internal124","SRA784242_SRS3822680",20260808,"exact500","sct_pearson_residual_all_qc_fit_selected384","cell_topology_v1",384,30,"euclidean_shared_pca_v1","closed",FALSE,"H1"
991,496,"internal124","SRA784242_SRS3822682",20260808,"exact500","sct_pearson_residual_all_qc_fit_selected384","cell_topology_v1",384,30,"euclidean_shared_pca_v1","closed",FALSE,"H0"
992,496,"internal124","SRA784242_SRS3822682",20260808,"exact500","sct_pearson_residual_all_qc_fit_selected384","cell_topology_v1",384,30,"euclidean_shared_pca_v1","closed",FALSE,"H1"
993,497,"internal124","SRA784242_SRS3822683",20260808,"exact500","sct_pearson_residual_all_qc_fit_selected384","cell_topology_v1",384,30,"euclidean_shared_pca_v1","closed",FALSE,"H0"
994,497,"internal124","SRA784242_SRS3822683",20260808,"exact500","sct_pearson_residual_all_qc_fit_selected384","cell_topology_v1",384,30,"euclidean_shared_pca_v1","closed",FALSE,"H1"
995,498,"internal124","SRA784242_SRS3822686",20260808,"exact500","sct_pearson_residual_all_qc_fit_selected384","cell_topology_v1",384,30,"euclidean_shared_pca_v1","closed",FALSE,"H0"
996,498,"internal124","SRA784242_SRS3822686",20260808,"exact500","sct_pearson_residual_all_qc_fit_selected384","cell_topology_v1",384,30,"euclidean_shared_pca_v1","closed",FALSE,"H1"
997,499,"internal124","SRA826293_SRS4181123",20260808,"exact500","sct_pearson_residual_all_qc_fit_selected384","cell_topology_v1",384,30,"euclidean_shared_pca_v1","closed",FALSE,"H0"
998,499,"internal124","SRA826293_SRS4181123",20260808,"exact500","sct_pearson_residual_all_qc_fit_selected384","cell_topology_v1",384,30,"euclidean_shared_pca_v1","closed",FALSE,"H1"
999,500,"internal124","SRA826293_SRS4181124",20260808,"exact500","sct_pearson_residual_all_qc_fit_selected384","cell_topology_v1",384,30,"euclidean_shared_pca_v1","closed",FALSE,"H0"
1000,500,"internal124","SRA826293_SRS4181124",20260808,"exact500","sct_pearson_residual_all_qc_fit_selected384","cell_topology_v1",384,30,"euclidean_shared_pca_v1","closed",FALSE,"H1"
1001,501,"internal124","SRA826293_SRS4181125",20260808,"exact500","sct_pearson_residual_all_qc_fit_selected384","cell_topology_v1",384,30,"euclidean_shared_pca_v1","closed",FALSE,"H0"
1002,501,"internal124","SRA826293_SRS4181125",20260808,"exact500","sct_pearson_residual_all_qc_fit_selected384","cell_topology_v1",384,30,"euclidean_shared_pca_v1","closed",FALSE,"H1"
1003,502,"internal124","SRA826293_SRS4181126",20260808,"exact500","sct_pearson_residual_all_qc_fit_selected384","cell_topology_v1",384,30,"euclidean_shared_pca_v1","closed",FALSE,"H0"
1004,502,"internal124","SRA826293_SRS4181126",20260808,"exact500","sct_pearson_residual_all_qc_fit_selected384","cell_topology_v1",384,30,"euclidean_shared_pca_v1","closed",FALSE,"H1"
1005,503,"internal124","SRA826293_SRS4181127",20260808,"exact500","sct_pearson_residual_all_qc_fit_selected384","cell_topology_v1",384,30,"euclidean_shared_pca_v1","closed",FALSE,"H0"
1006,503,"internal124","SRA826293_SRS4181127",20260808,"exact500","sct_pearson_residual_all_qc_fit_selected384","cell_topology_v1",384,30,"euclidean_shared_pca_v1","closed",FALSE,"H1"
1007,504,"internal124","SRA826293_SRS4181128",20260808,"exact500","sct_pearson_residual_all_qc_fit_selected384","cell_topology_v1",384,30,"euclidean_shared_pca_v1","closed",FALSE,"H0"
1008,504,"internal124","SRA826293_SRS4181128",20260808,"exact500","sct_pearson_residual_all_qc_fit_selected384","cell_topology_v1",384,30,"euclidean_shared_pca_v1","closed",FALSE,"H1"
1009,505,"internal124","SRA826293_SRS4181129",20260808,"exact500","sct_pearson_residual_all_qc_fit_selected384","cell_topology_v1",384,30,"euclidean_shared_pca_v1","closed",FALSE,"H0"
1010,505,"internal124","SRA826293_SRS4181129",20260808,"exact500","sct_pearson_residual_all_qc_fit_selected384","cell_topology_v1",384,30,"euclidean_shared_pca_v1","closed",FALSE,"H1"
1011,506,"internal124","SRA826293_SRS4181130",20260808,"exact500","sct_pearson_residual_all_qc_fit_selected384","cell_topology_v1",384,30,"euclidean_shared_pca_v1","closed",FALSE,"H0"
1012,506,"internal124","SRA826293_SRS4181130",20260808,"exact500","sct_pearson_residual_all_qc_fit_selected384","cell_topology_v1",384,30,"euclidean_shared_pca_v1","closed",FALSE,"H1"
1013,507,"internal124","SRA850958_SRS4386101",20260808,"exact500","sct_pearson_residual_all_qc_fit_selected384","cell_topology_v1",384,30,"euclidean_shared_pca_v1","closed",FALSE,"H0"
1014,507,"internal124","SRA850958_SRS4386101",20260808,"exact500","sct_pearson_residual_all_qc_fit_selected384","cell_topology_v1",384,30,"euclidean_shared_pca_v1","closed",FALSE,"H1"
1015,508,"internal124","SRA850958_SRS4386109",20260808,"exact500","sct_pearson_residual_all_qc_fit_selected384","cell_topology_v1",384,30,"euclidean_shared_pca_v1","closed",FALSE,"H0"
1016,508,"internal124","SRA850958_SRS4386109",20260808,"exact500","sct_pearson_residual_all_qc_fit_selected384","cell_topology_v1",384,30,"euclidean_shared_pca_v1","closed",FALSE,"H1"
1017,509,"internal124","SRA850958_SRS4386110",20260808,"exact500","sct_pearson_residual_all_qc_fit_selected384","cell_topology_v1",384,30,"euclidean_shared_pca_v1","closed",FALSE,"H0"
1018,509,"internal124","SRA850958_SRS4386110",20260808,"exact500","sct_pearson_residual_all_qc_fit_selected384","cell_topology_v1",384,30,"euclidean_shared_pca_v1","closed",FALSE,"H1"
1019,510,"internal124","SRA850958_SRS4386111",20260808,"exact500","sct_pearson_residual_all_qc_fit_selected384","cell_topology_v1",384,30,"euclidean_shared_pca_v1","closed",FALSE,"H0"
1020,510,"internal124","SRA850958_SRS4386111",20260808,"exact500","sct_pearson_residual_all_qc_fit_selected384","cell_topology_v1",384,30,"euclidean_shared_pca_v1","closed",FALSE,"H1"
1021,511,"internal124","SRA850958_SRS4386112",20260808,"exact500","sct_pearson_residual_all_qc_fit_selected384","cell_topology_v1",384,30,"euclidean_shared_pca_v1","closed",FALSE,"H0"
1022,511,"internal124","SRA850958_SRS4386112",20260808,"exact500","sct_pearson_residual_all_qc_fit_selected384","cell_topology_v1",384,30,"euclidean_shared_pca_v1","closed",FALSE,"H1"
1023,512,"internal124","SRA850958_SRS4386113",20260808,"exact500","sct_pearson_residual_all_qc_fit_selected384","cell_topology_v1",384,30,"euclidean_shared_pca_v1","closed",FALSE,"H0"
1024,512,"internal124","SRA850958_SRS4386113",20260808,"exact500","sct_pearson_residual_all_qc_fit_selected384","cell_topology_v1",384,30,"euclidean_shared_pca_v1","closed",FALSE,"H1"
1025,513,"internal124","SRA550660_SRS2089635",20260809,"exact500","sct_pearson_residual_all_qc_fit_selected384","cell_topology_v1",384,30,"euclidean_shared_pca_v1","closed",FALSE,"H0"
1026,513,"internal124","SRA550660_SRS2089635",20260809,"exact500","sct_pearson_residual_all_qc_fit_selected384","cell_topology_v1",384,30,"euclidean_shared_pca_v1","closed",FALSE,"H1"
1027,514,"internal124","SRA550660_SRS2089636",20260809,"exact500","sct_pearson_residual_all_qc_fit_selected384","cell_topology_v1",384,30,"euclidean_shared_pca_v1","closed",FALSE,"H0"
1028,514,"internal124","SRA550660_SRS2089636",20260809,"exact500","sct_pearson_residual_all_qc_fit_selected384","cell_topology_v1",384,30,"euclidean_shared_pca_v1","closed",FALSE,"H1"
1029,515,"internal124","SRA550660_SRS2089637",20260809,"exact500","sct_pearson_residual_all_qc_fit_selected384","cell_topology_v1",384,30,"euclidean_shared_pca_v1","closed",FALSE,"H0"
1030,515,"internal124","SRA550660_SRS2089637",20260809,"exact500","sct_pearson_residual_all_qc_fit_selected384","cell_topology_v1",384,30,"euclidean_shared_pca_v1","closed",FALSE,"H1"
1031,516,"internal124","SRA550660_SRS2089638",20260809,"exact500","sct_pearson_residual_all_qc_fit_selected384","cell_topology_v1",384,30,"euclidean_shared_pca_v1","closed",FALSE,"H0"
1032,516,"internal124","SRA550660_SRS2089638",20260809,"exact500","sct_pearson_residual_all_qc_fit_selected384","cell_topology_v1",384,30,"euclidean_shared_pca_v1","closed",FALSE,"H1"
1033,517,"internal124","SRA550660_SRS2089639",20260809,"exact500","sct_pearson_residual_all_qc_fit_selected384","cell_topology_v1",384,30,"euclidean_shared_pca_v1","closed",FALSE,"H0"
1034,517,"internal124","SRA550660_SRS2089639",20260809,"exact500","sct_pearson_residual_all_qc_fit_selected384","cell_topology_v1",384,30,"euclidean_shared_pca_v1","closed",FALSE,"H1"
1035,518,"internal124","SRA621638_SRS2610283",20260809,"exact500","sct_pearson_residual_all_qc_fit_selected384","cell_topology_v1",384,30,"euclidean_shared_pca_v1","closed",FALSE,"H0"
1036,518,"internal124","SRA621638_SRS2610283",20260809,"exact500","sct_pearson_residual_all_qc_fit_selected384","cell_topology_v1",384,30,"euclidean_shared_pca_v1","closed",FALSE,"H1"
1037,519,"internal124","SRA621638_SRS2610285",20260809,"exact500","sct_pearson_residual_all_qc_fit_selected384","cell_topology_v1",384,30,"euclidean_shared_pca_v1","closed",FALSE,"H0"
1038,519,"internal124","SRA621638_SRS2610285",20260809,"exact500","sct_pearson_residual_all_qc_fit_selected384","cell_topology_v1",384,30,"euclidean_shared_pca_v1","closed",FALSE,"H1"
1039,520,"internal124","SRA628554_SRS2664364",20260809,"exact500","sct_pearson_residual_all_qc_fit_selected384","cell_topology_v1",384,30,"euclidean_shared_pca_v1","closed",FALSE,"H0"
1040,520,"internal124","SRA628554_SRS2664364",20260809,"exact500","sct_pearson_residual_all_qc_fit_selected384","cell_topology_v1",384,30,"euclidean_shared_pca_v1","closed",FALSE,"H1"
1041,521,"internal124","SRA628554_SRS2664365",20260809,"exact500","sct_pearson_residual_all_qc_fit_selected384","cell_topology_v1",384,30,"euclidean_shared_pca_v1","closed",FALSE,"H0"
1042,521,"internal124","SRA628554_SRS2664365",20260809,"exact500","sct_pearson_residual_all_qc_fit_selected384","cell_topology_v1",384,30,"euclidean_shared_pca_v1","closed",FALSE,"H1"
1043,522,"internal124","SRA645804_SRS2823404",20260809,"exact500","sct_pearson_residual_all_qc_fit_selected384","cell_topology_v1",384,30,"euclidean_shared_pca_v1","closed",FALSE,"H0"
1044,522,"internal124","SRA645804_SRS2823404",20260809,"exact500","sct_pearson_residual_all_qc_fit_selected384","cell_topology_v1",384,30,"euclidean_shared_pca_v1","closed",FALSE,"H1"
1045,523,"internal124","SRA645804_SRS2823405",20260809,"exact500","sct_pearson_residual_all_qc_fit_selected384","cell_topology_v1",384,30,"euclidean_shared_pca_v1","closed",FALSE,"H0"
1046,523,"internal124","SRA645804_SRS2823405",20260809,"exact500","sct_pearson_residual_all_qc_fit_selected384","cell_topology_v1",384,30,"euclidean_shared_pca_v1","closed",FALSE,"H1"
1047,524,"internal124","SRA645804_SRS2823406",20260809,"exact500","sct_pearson_residual_all_qc_fit_selected384","cell_topology_v1",384,30,"euclidean_shared_pca_v1","closed",FALSE,"H0"
1048,524,"internal124","SRA645804_SRS2823406",20260809,"exact500","sct_pearson_residual_all_qc_fit_selected384","cell_topology_v1",384,30,"euclidean_shared_pca_v1","closed",FALSE,"H1"
1049,525,"internal124","SRA645804_SRS2823407",20260809,"exact500","sct_pearson_residual_all_qc_fit_selected384","cell_topology_v1",384,30,"euclidean_shared_pca_v1","closed",FALSE,"H0"
1050,525,"internal124","SRA645804_SRS2823407",20260809,"exact500","sct_pearson_residual_all_qc_fit_selected384","cell_topology_v1",384,30,"euclidean_shared_pca_v1","closed",FALSE,"H1"
1051,526,"internal124","SRA645804_SRS2823408",20260809,"exact500","sct_pearson_residual_all_qc_fit_selected384","cell_topology_v1",384,30,"euclidean_shared_pca_v1","closed",FALSE,"H0"
1052,526,"internal124","SRA645804_SRS2823408",20260809,"exact500","sct_pearson_residual_all_qc_fit_selected384","cell_topology_v1",384,30,"euclidean_shared_pca_v1","closed",FALSE,"H1"
1053,527,"internal124","SRA645804_SRS2823409",20260809,"exact500","sct_pearson_residual_all_qc_fit_selected384","cell_topology_v1",384,30,"euclidean_shared_pca_v1","closed",FALSE,"H0"
1054,527,"internal124","SRA645804_SRS2823409",20260809,"exact500","sct_pearson_residual_all_qc_fit_selected384","cell_topology_v1",384,30,"euclidean_shared_pca_v1","closed",FALSE,"H1"
1055,528,"internal124","SRA645804_SRS2823410",20260809,"exact500","sct_pearson_residual_all_qc_fit_selected384","cell_topology_v1",384,30,"euclidean_shared_pca_v1","closed",FALSE,"H0"
1056,528,"internal124","SRA645804_SRS2823410",20260809,"exact500","sct_pearson_residual_all_qc_fit_selected384","cell_topology_v1",384,30,"euclidean_shared_pca_v1","closed",FALSE,"H1"
1057,529,"internal124","SRA645804_SRS2823411",20260809,"exact500","sct_pearson_residual_all_qc_fit_selected384","cell_topology_v1",384,30,"euclidean_shared_pca_v1","closed",FALSE,"H0"
1058,529,"internal124","SRA645804_SRS2823411",20260809,"exact500","sct_pearson_residual_all_qc_fit_selected384","cell_topology_v1",384,30,"euclidean_shared_pca_v1","closed",FALSE,"H1"
1059,530,"internal124","SRA645804_SRS2823412",20260809,"exact500","sct_pearson_residual_all_qc_fit_selected384","cell_topology_v1",384,30,"euclidean_shared_pca_v1","closed",FALSE,"H0"
1060,530,"internal124","SRA645804_SRS2823412",20260809,"exact500","sct_pearson_residual_all_qc_fit_selected384","cell_topology_v1",384,30,"euclidean_shared_pca_v1","closed",FALSE,"H1"
1061,531,"internal124","SRA645804_SRS3572594",20260809,"exact500","sct_pearson_residual_all_qc_fit_selected384","cell_topology_v1",384,30,"euclidean_shared_pca_v1","closed",FALSE,"H0"
1062,531,"internal124","SRA645804_SRS3572594",20260809,"exact500","sct_pearson_residual_all_qc_fit_selected384","cell_topology_v1",384,30,"euclidean_shared_pca_v1","closed",FALSE,"H1"
1063,532,"internal124","SRA667709_SRS3065426",20260809,"exact500","sct_pearson_residual_all_qc_fit_selected384","cell_topology_v1",384,30,"euclidean_shared_pca_v1","closed",FALSE,"H0"
1064,532,"internal124","SRA667709_SRS3065426",20260809,"exact500","sct_pearson_residual_all_qc_fit_selected384","cell_topology_v1",384,30,"euclidean_shared_pca_v1","closed",FALSE,"H1"
1065,533,"internal124","SRA667709_SRS3065427",20260809,"exact500","sct_pearson_residual_all_qc_fit_selected384","cell_topology_v1",384,30,"euclidean_shared_pca_v1","closed",FALSE,"H0"
1066,533,"internal124","SRA667709_SRS3065427",20260809,"exact500","sct_pearson_residual_all_qc_fit_selected384","cell_topology_v1",384,30,"euclidean_shared_pca_v1","closed",FALSE,"H1"
1067,534,"internal124","SRA667709_SRS3065428",20260809,"exact500","sct_pearson_residual_all_qc_fit_selected384","cell_topology_v1",384,30,"euclidean_shared_pca_v1","closed",FALSE,"H0"
1068,534,"internal124","SRA667709_SRS3065428",20260809,"exact500","sct_pearson_residual_all_qc_fit_selected384","cell_topology_v1",384,30,"euclidean_shared_pca_v1","closed",FALSE,"H1"
1069,535,"internal124","SRA667709_SRS3065429",20260809,"exact500","sct_pearson_residual_all_qc_fit_selected384","cell_topology_v1",384,30,"euclidean_shared_pca_v1","closed",FALSE,"H0"
1070,535,"internal124","SRA667709_SRS3065429",20260809,"exact500","sct_pearson_residual_all_qc_fit_selected384","cell_topology_v1",384,30,"euclidean_shared_pca_v1","closed",FALSE,"H1"
1071,536,"internal124","SRA667709_SRS3065430",20260809,"exact500","sct_pearson_residual_all_qc_fit_selected384","cell_topology_v1",384,30,"euclidean_shared_pca_v1","closed",FALSE,"H0"
1072,536,"internal124","SRA667709_SRS3065430",20260809,"exact500","sct_pearson_residual_all_qc_fit_selected384","cell_topology_v1",384,30,"euclidean_shared_pca_v1","closed",FALSE,"H1"
1073,537,"internal124","SRA667709_SRS3065431",20260809,"exact500","sct_pearson_residual_all_qc_fit_selected384","cell_topology_v1",384,30,"euclidean_shared_pca_v1","closed",FALSE,"H0"
1074,537,"internal124","SRA667709_SRS3065431",20260809,"exact500","sct_pearson_residual_all_qc_fit_selected384","cell_topology_v1",384,30,"euclidean_shared_pca_v1","closed",FALSE,"H1"
1075,538,"internal124","SRA701877_SRS3279684",20260809,"exact500","sct_pearson_residual_all_qc_fit_selected384","cell_topology_v1",384,30,"euclidean_shared_pca_v1","closed",FALSE,"H0"
1076,538,"internal124","SRA701877_SRS3279684",20260809,"exact500","sct_pearson_residual_all_qc_fit_selected384","cell_topology_v1",384,30,"euclidean_shared_pca_v1","closed",FALSE,"H1"
1077,539,"internal124","SRA701877_SRS3279685",20260809,"exact500","sct_pearson_residual_all_qc_fit_selected384","cell_topology_v1",384,30,"euclidean_shared_pca_v1","closed",FALSE,"H0"
1078,539,"internal124","SRA701877_SRS3279685",20260809,"exact500","sct_pearson_residual_all_qc_fit_selected384","cell_topology_v1",384,30,"euclidean_shared_pca_v1","closed",FALSE,"H1"
1079,540,"internal124","SRA701877_SRS3279686",20260809,"exact500","sct_pearson_residual_all_qc_fit_selected384","cell_topology_v1",384,30,"euclidean_shared_pca_v1","closed",FALSE,"H0"
1080,540,"internal124","SRA701877_SRS3279686",20260809,"exact500","sct_pearson_residual_all_qc_fit_selected384","cell_topology_v1",384,30,"euclidean_shared_pca_v1","closed",FALSE,"H1"
1081,541,"internal124","SRA701877_SRS3279687",20260809,"exact500","sct_pearson_residual_all_qc_fit_selected384","cell_topology_v1",384,30,"euclidean_shared_pca_v1","closed",FALSE,"H0"
1082,541,"internal124","SRA701877_SRS3279687",20260809,"exact500","sct_pearson_residual_all_qc_fit_selected384","cell_topology_v1",384,30,"euclidean_shared_pca_v1","closed",FALSE,"H1"
1083,542,"internal124","SRA701877_SRS3279688",20260809,"exact500","sct_pearson_residual_all_qc_fit_selected384","cell_topology_v1",384,30,"euclidean_shared_pca_v1","closed",FALSE,"H0"
1084,542,"internal124","SRA701877_SRS3279688",20260809,"exact500","sct_pearson_residual_all_qc_fit_selected384","cell_topology_v1",384,30,"euclidean_shared_pca_v1","closed",FALSE,"H1"
1085,543,"internal124","SRA701877_SRS3279689",20260809,"exact500","sct_pearson_residual_all_qc_fit_selected384","cell_topology_v1",384,30,"euclidean_shared_pca_v1","closed",FALSE,"H0"
1086,543,"internal124","SRA701877_SRS3279689",20260809,"exact500","sct_pearson_residual_all_qc_fit_selected384","cell_topology_v1",384,30,"euclidean_shared_pca_v1","closed",FALSE,"H1"
1087,544,"internal124","SRA701877_SRS3279690",20260809,"exact500","sct_pearson_residual_all_qc_fit_selected384","cell_topology_v1",384,30,"euclidean_shared_pca_v1","closed",FALSE,"H0"
1088,544,"internal124","SRA701877_SRS3279690",20260809,"exact500","sct_pearson_residual_all_qc_fit_selected384","cell_topology_v1",384,30,"euclidean_shared_pca_v1","closed",FALSE,"H1"
1089,545,"internal124","SRA701877_SRS3279691",20260809,"exact500","sct_pearson_residual_all_qc_fit_selected384","cell_topology_v1",384,30,"euclidean_shared_pca_v1","closed",FALSE,"H0"
1090,545,"internal124","SRA701877_SRS3279691",20260809,"exact500","sct_pearson_residual_all_qc_fit_selected384","cell_topology_v1",384,30,"euclidean_shared_pca_v1","closed",FALSE,"H1"
1091,546,"internal124","SRA701877_SRS3279692",20260809,"exact500","sct_pearson_residual_all_qc_fit_selected384","cell_topology_v1",384,30,"euclidean_shared_pca_v1","closed",FALSE,"H0"
1092,546,"internal124","SRA701877_SRS3279692",20260809,"exact500","sct_pearson_residual_all_qc_fit_selected384","cell_topology_v1",384,30,"euclidean_shared_pca_v1","closed",FALSE,"H1"
1093,547,"internal124","SRA701877_SRS3279693",20260809,"exact500","sct_pearson_residual_all_qc_fit_selected384","cell_topology_v1",384,30,"euclidean_shared_pca_v1","closed",FALSE,"H0"
1094,547,"internal124","SRA701877_SRS3279693",20260809,"exact500","sct_pearson_residual_all_qc_fit_selected384","cell_topology_v1",384,30,"euclidean_shared_pca_v1","closed",FALSE,"H1"
1095,548,"internal124","SRA701877_SRS3279694",20260809,"exact500","sct_pearson_residual_all_qc_fit_selected384","cell_topology_v1",384,30,"euclidean_shared_pca_v1","closed",FALSE,"H0"
1096,548,"internal124","SRA701877_SRS3279694",20260809,"exact500","sct_pearson_residual_all_qc_fit_selected384","cell_topology_v1",384,30,"euclidean_shared_pca_v1","closed",FALSE,"H1"
1097,549,"internal124","SRA701877_SRS3279695",20260809,"exact500","sct_pearson_residual_all_qc_fit_selected384","cell_topology_v1",384,30,"euclidean_shared_pca_v1","closed",FALSE,"H0"
1098,549,"internal124","SRA701877_SRS3279695",20260809,"exact500","sct_pearson_residual_all_qc_fit_selected384","cell_topology_v1",384,30,"euclidean_shared_pca_v1","closed",FALSE,"H1"
1099,550,"internal124","SRA703206_SRS3296611",20260809,"exact500","sct_pearson_residual_all_qc_fit_selected384","cell_topology_v1",384,30,"euclidean_shared_pca_v1","closed",FALSE,"H0"
1100,550,"internal124","SRA703206_SRS3296611",20260809,"exact500","sct_pearson_residual_all_qc_fit_selected384","cell_topology_v1",384,30,"euclidean_shared_pca_v1","closed",FALSE,"H1"
1101,551,"internal124","SRA703206_SRS3296612",20260809,"exact500","sct_pearson_residual_all_qc_fit_selected384","cell_topology_v1",384,30,"euclidean_shared_pca_v1","closed",FALSE,"H0"
1102,551,"internal124","SRA703206_SRS3296612",20260809,"exact500","sct_pearson_residual_all_qc_fit_selected384","cell_topology_v1",384,30,"euclidean_shared_pca_v1","closed",FALSE,"H1"
1103,552,"internal124","SRA703206_SRS3296613",20260809,"exact500","sct_pearson_residual_all_qc_fit_selected384","cell_topology_v1",384,30,"euclidean_shared_pca_v1","closed",FALSE,"H0"
1104,552,"internal124","SRA703206_SRS3296613",20260809,"exact500","sct_pearson_residual_all_qc_fit_selected384","cell_topology_v1",384,30,"euclidean_shared_pca_v1","closed",FALSE,"H1"
1105,553,"internal124","SRA703206_SRS3296614",20260809,"exact500","sct_pearson_residual_all_qc_fit_selected384","cell_topology_v1",384,30,"euclidean_shared_pca_v1","closed",FALSE,"H0"
1106,553,"internal124","SRA703206_SRS3296614",20260809,"exact500","sct_pearson_residual_all_qc_fit_selected384","cell_topology_v1",384,30,"euclidean_shared_pca_v1","closed",FALSE,"H1"
1107,554,"internal124","SRA713577_SRS3363004",20260809,"exact500","sct_pearson_residual_all_qc_fit_selected384","cell_topology_v1",384,30,"euclidean_shared_pca_v1","closed",FALSE,"H0"
1108,554,"internal124","SRA713577_SRS3363004",20260809,"exact500","sct_pearson_residual_all_qc_fit_selected384","cell_topology_v1",384,30,"euclidean_shared_pca_v1","closed",FALSE,"H1"
1109,555,"internal124","SRA716608_SRS3391629",20260809,"exact500","sct_pearson_residual_all_qc_fit_selected384","cell_topology_v1",384,30,"euclidean_shared_pca_v1","closed",FALSE,"H0"
1110,555,"internal124","SRA716608_SRS3391629",20260809,"exact500","sct_pearson_residual_all_qc_fit_selected384","cell_topology_v1",384,30,"euclidean_shared_pca_v1","closed",FALSE,"H1"
1111,556,"internal124","SRA716608_SRS3391630",20260809,"exact500","sct_pearson_residual_all_qc_fit_selected384","cell_topology_v1",384,30,"euclidean_shared_pca_v1","closed",FALSE,"H0"
1112,556,"internal124","SRA716608_SRS3391630",20260809,"exact500","sct_pearson_residual_all_qc_fit_selected384","cell_topology_v1",384,30,"euclidean_shared_pca_v1","closed",FALSE,"H1"
1113,557,"internal124","SRA716608_SRS3391631",20260809,"exact500","sct_pearson_residual_all_qc_fit_selected384","cell_topology_v1",384,30,"euclidean_shared_pca_v1","closed",FALSE,"H0"
1114,557,"internal124","SRA716608_SRS3391631",20260809,"exact500","sct_pearson_residual_all_qc_fit_selected384","cell_topology_v1",384,30,"euclidean_shared_pca_v1","closed",FALSE,"H1"
1115,558,"internal124","SRA716608_SRS3391632",20260809,"exact500","sct_pearson_residual_all_qc_fit_selected384","cell_topology_v1",384,30,"euclidean_shared_pca_v1","closed",FALSE,"H0"
1116,558,"internal124","SRA716608_SRS3391632",20260809,"exact500","sct_pearson_residual_all_qc_fit_selected384","cell_topology_v1",384,30,"euclidean_shared_pca_v1","closed",FALSE,"H1"
1117,559,"internal124","SRA716608_SRS3391633",20260809,"exact500","sct_pearson_residual_all_qc_fit_selected384","cell_topology_v1",384,30,"euclidean_shared_pca_v1","closed",FALSE,"H0"
1118,559,"internal124","SRA716608_SRS3391633",20260809,"exact500","sct_pearson_residual_all_qc_fit_selected384","cell_topology_v1",384,30,"euclidean_shared_pca_v1","closed",FALSE,"H1"
1119,560,"internal124","SRA728025_SRS3454421",20260809,"exact500","sct_pearson_residual_all_qc_fit_selected384","cell_topology_v1",384,30,"euclidean_shared_pca_v1","closed",FALSE,"H0"
1120,560,"internal124","SRA728025_SRS3454421",20260809,"exact500","sct_pearson_residual_all_qc_fit_selected384","cell_topology_v1",384,30,"euclidean_shared_pca_v1","closed",FALSE,"H1"
1121,561,"internal124","SRA728025_SRS3454422",20260809,"exact500","sct_pearson_residual_all_qc_fit_selected384","cell_topology_v1",384,30,"euclidean_shared_pca_v1","closed",FALSE,"H0"
1122,561,"internal124","SRA728025_SRS3454422",20260809,"exact500","sct_pearson_residual_all_qc_fit_selected384","cell_topology_v1",384,30,"euclidean_shared_pca_v1","closed",FALSE,"H1"
1123,562,"internal124","SRA728025_SRS3454423",20260809,"exact500","sct_pearson_residual_all_qc_fit_selected384","cell_topology_v1",384,30,"euclidean_shared_pca_v1","closed",FALSE,"H0"
1124,562,"internal124","SRA728025_SRS3454423",20260809,"exact500","sct_pearson_residual_all_qc_fit_selected384","cell_topology_v1",384,30,"euclidean_shared_pca_v1","closed",FALSE,"H1"
1125,563,"internal124","SRA728025_SRS3454424",20260809,"exact500","sct_pearson_residual_all_qc_fit_selected384","cell_topology_v1",384,30,"euclidean_shared_pca_v1","closed",FALSE,"H0"
1126,563,"internal124","SRA728025_SRS3454424",20260809,"exact500","sct_pearson_residual_all_qc_fit_selected384","cell_topology_v1",384,30,"euclidean_shared_pca_v1","closed",FALSE,"H1"
1127,564,"internal124","SRA728025_SRS3454425",20260809,"exact500","sct_pearson_residual_all_qc_fit_selected384","cell_topology_v1",384,30,"euclidean_shared_pca_v1","closed",FALSE,"H0"
1128,564,"internal124","SRA728025_SRS3454425",20260809,"exact500","sct_pearson_residual_all_qc_fit_selected384","cell_topology_v1",384,30,"euclidean_shared_pca_v1","closed",FALSE,"H1"
1129,565,"internal124","SRA728025_SRS3454426",20260809,"exact500","sct_pearson_residual_all_qc_fit_selected384","cell_topology_v1",384,30,"euclidean_shared_pca_v1","closed",FALSE,"H0"
1130,565,"internal124","SRA728025_SRS3454426",20260809,"exact500","sct_pearson_residual_all_qc_fit_selected384","cell_topology_v1",384,30,"euclidean_shared_pca_v1","closed",FALSE,"H1"
1131,566,"internal124","SRA728025_SRS3454427",20260809,"exact500","sct_pearson_residual_all_qc_fit_selected384","cell_topology_v1",384,30,"euclidean_shared_pca_v1","closed",FALSE,"H0"
1132,566,"internal124","SRA728025_SRS3454427",20260809,"exact500","sct_pearson_residual_all_qc_fit_selected384","cell_topology_v1",384,30,"euclidean_shared_pca_v1","closed",FALSE,"H1"
1133,567,"internal124","SRA728025_SRS3454428",20260809,"exact500","sct_pearson_residual_all_qc_fit_selected384","cell_topology_v1",384,30,"euclidean_shared_pca_v1","closed",FALSE,"H0"
1134,567,"internal124","SRA728025_SRS3454428",20260809,"exact500","sct_pearson_residual_all_qc_fit_selected384","cell_topology_v1",384,30,"euclidean_shared_pca_v1","closed",FALSE,"H1"
1135,568,"internal124","SRA728025_SRS3454430",20260809,"exact500","sct_pearson_residual_all_qc_fit_selected384","cell_topology_v1",384,30,"euclidean_shared_pca_v1","closed",FALSE,"H0"
1136,568,"internal124","SRA728025_SRS3454430",20260809,"exact500","sct_pearson_residual_all_qc_fit_selected384","cell_topology_v1",384,30,"euclidean_shared_pca_v1","closed",FALSE,"H1"
1137,569,"internal124","SRA740174_SRS3548780",20260809,"exact500","sct_pearson_residual_all_qc_fit_selected384","cell_topology_v1",384,30,"euclidean_shared_pca_v1","closed",FALSE,"H0"
1138,569,"internal124","SRA740174_SRS3548780",20260809,"exact500","sct_pearson_residual_all_qc_fit_selected384","cell_topology_v1",384,30,"euclidean_shared_pca_v1","closed",FALSE,"H1"
1139,570,"internal124","SRA740174_SRS3548781",20260809,"exact500","sct_pearson_residual_all_qc_fit_selected384","cell_topology_v1",384,30,"euclidean_shared_pca_v1","closed",FALSE,"H0"
1140,570,"internal124","SRA740174_SRS3548781",20260809,"exact500","sct_pearson_residual_all_qc_fit_selected384","cell_topology_v1",384,30,"euclidean_shared_pca_v1","closed",FALSE,"H1"
1141,571,"internal124","SRA740174_SRS3548782",20260809,"exact500","sct_pearson_residual_all_qc_fit_selected384","cell_topology_v1",384,30,"euclidean_shared_pca_v1","closed",FALSE,"H0"
1142,571,"internal124","SRA740174_SRS3548782",20260809,"exact500","sct_pearson_residual_all_qc_fit_selected384","cell_topology_v1",384,30,"euclidean_shared_pca_v1","closed",FALSE,"H1"
1143,572,"internal124","SRA740174_SRS3548783",20260809,"exact500","sct_pearson_residual_all_qc_fit_selected384","cell_topology_v1",384,30,"euclidean_shared_pca_v1","closed",FALSE,"H0"
1144,572,"internal124","SRA740174_SRS3548783",20260809,"exact500","sct_pearson_residual_all_qc_fit_selected384","cell_topology_v1",384,30,"euclidean_shared_pca_v1","closed",FALSE,"H1"
1145,573,"internal124","SRA742961_SRS3565195",20260809,"exact500","sct_pearson_residual_all_qc_fit_selected384","cell_topology_v1",384,30,"euclidean_shared_pca_v1","closed",FALSE,"H0"
1146,573,"internal124","SRA742961_SRS3565195",20260809,"exact500","sct_pearson_residual_all_qc_fit_selected384","cell_topology_v1",384,30,"euclidean_shared_pca_v1","closed",FALSE,"H1"
1147,574,"internal124","SRA742961_SRS3565196",20260809,"exact500","sct_pearson_residual_all_qc_fit_selected384","cell_topology_v1",384,30,"euclidean_shared_pca_v1","closed",FALSE,"H0"
1148,574,"internal124","SRA742961_SRS3565196",20260809,"exact500","sct_pearson_residual_all_qc_fit_selected384","cell_topology_v1",384,30,"euclidean_shared_pca_v1","closed",FALSE,"H1"
1149,575,"internal124","SRA742961_SRS3565197",20260809,"exact500","sct_pearson_residual_all_qc_fit_selected384","cell_topology_v1",384,30,"euclidean_shared_pca_v1","closed",FALSE,"H0"
1150,575,"internal124","SRA742961_SRS3565197",20260809,"exact500","sct_pearson_residual_all_qc_fit_selected384","cell_topology_v1",384,30,"euclidean_shared_pca_v1","closed",FALSE,"H1"
1151,576,"internal124","SRA742961_SRS3565198",20260809,"exact500","sct_pearson_residual_all_qc_fit_selected384","cell_topology_v1",384,30,"euclidean_shared_pca_v1","closed",FALSE,"H0"
1152,576,"internal124","SRA742961_SRS3565198",20260809,"exact500","sct_pearson_residual_all_qc_fit_selected384","cell_topology_v1",384,30,"euclidean_shared_pca_v1","closed",FALSE,"H1"
1153,577,"internal124","SRA742961_SRS3565199",20260809,"exact500","sct_pearson_residual_all_qc_fit_selected384","cell_topology_v1",384,30,"euclidean_shared_pca_v1","closed",FALSE,"H0"
1154,577,"internal124","SRA742961_SRS3565199",20260809,"exact500","sct_pearson_residual_all_qc_fit_selected384","cell_topology_v1",384,30,"euclidean_shared_pca_v1","closed",FALSE,"H1"
1155,578,"internal124","SRA742961_SRS3565201",20260809,"exact500","sct_pearson_residual_all_qc_fit_selected384","cell_topology_v1",384,30,"euclidean_shared_pca_v1","closed",FALSE,"H0"
1156,578,"internal124","SRA742961_SRS3565201",20260809,"exact500","sct_pearson_residual_all_qc_fit_selected384","cell_topology_v1",384,30,"euclidean_shared_pca_v1","closed",FALSE,"H1"
1157,579,"internal124","SRA742961_SRS3565202",20260809,"exact500","sct_pearson_residual_all_qc_fit_selected384","cell_topology_v1",384,30,"euclidean_shared_pca_v1","closed",FALSE,"H0"
1158,579,"internal124","SRA742961_SRS3565202",20260809,"exact500","sct_pearson_residual_all_qc_fit_selected384","cell_topology_v1",384,30,"euclidean_shared_pca_v1","closed",FALSE,"H1"
1159,580,"internal124","SRA742961_SRS3565203",20260809,"exact500","sct_pearson_residual_all_qc_fit_selected384","cell_topology_v1",384,30,"euclidean_shared_pca_v1","closed",FALSE,"H0"
1160,580,"internal124","SRA742961_SRS3565203",20260809,"exact500","sct_pearson_residual_all_qc_fit_selected384","cell_topology_v1",384,30,"euclidean_shared_pca_v1","closed",FALSE,"H1"
1161,581,"internal124","SRA742961_SRS3565204",20260809,"exact500","sct_pearson_residual_all_qc_fit_selected384","cell_topology_v1",384,30,"euclidean_shared_pca_v1","closed",FALSE,"H0"
1162,581,"internal124","SRA742961_SRS3565204",20260809,"exact500","sct_pearson_residual_all_qc_fit_selected384","cell_topology_v1",384,30,"euclidean_shared_pca_v1","closed",FALSE,"H1"
1163,582,"internal124","SRA742961_SRS3565205",20260809,"exact500","sct_pearson_residual_all_qc_fit_selected384","cell_topology_v1",384,30,"euclidean_shared_pca_v1","closed",FALSE,"H0"
1164,582,"internal124","SRA742961_SRS3565205",20260809,"exact500","sct_pearson_residual_all_qc_fit_selected384","cell_topology_v1",384,30,"euclidean_shared_pca_v1","closed",FALSE,"H1"
1165,583,"internal124","SRA742961_SRS3565206",20260809,"exact500","sct_pearson_residual_all_qc_fit_selected384","cell_topology_v1",384,30,"euclidean_shared_pca_v1","closed",FALSE,"H0"
1166,583,"internal124","SRA742961_SRS3565206",20260809,"exact500","sct_pearson_residual_all_qc_fit_selected384","cell_topology_v1",384,30,"euclidean_shared_pca_v1","closed",FALSE,"H1"
1167,584,"internal124","SRA742961_SRS3565207",20260809,"exact500","sct_pearson_residual_all_qc_fit_selected384","cell_topology_v1",384,30,"euclidean_shared_pca_v1","closed",FALSE,"H0"
1168,584,"internal124","SRA742961_SRS3565207",20260809,"exact500","sct_pearson_residual_all_qc_fit_selected384","cell_topology_v1",384,30,"euclidean_shared_pca_v1","closed",FALSE,"H1"
1169,585,"internal124","SRA742961_SRS3565208",20260809,"exact500","sct_pearson_residual_all_qc_fit_selected384","cell_topology_v1",384,30,"euclidean_shared_pca_v1","closed",FALSE,"H0"
1170,585,"internal124","SRA742961_SRS3565208",20260809,"exact500","sct_pearson_residual_all_qc_fit_selected384","cell_topology_v1",384,30,"euclidean_shared_pca_v1","closed",FALSE,"H1"
1171,586,"internal124","SRA742961_SRS3565209",20260809,"exact500","sct_pearson_residual_all_qc_fit_selected384","cell_topology_v1",384,30,"euclidean_shared_pca_v1","closed",FALSE,"H0"
1172,586,"internal124","SRA742961_SRS3565209",20260809,"exact500","sct_pearson_residual_all_qc_fit_selected384","cell_topology_v1",384,30,"euclidean_shared_pca_v1","closed",FALSE,"H1"
1173,587,"internal124","SRA742961_SRS3565210",20260809,"exact500","sct_pearson_residual_all_qc_fit_selected384","cell_topology_v1",384,30,"euclidean_shared_pca_v1","closed",FALSE,"H0"
1174,587,"internal124","SRA742961_SRS3565210",20260809,"exact500","sct_pearson_residual_all_qc_fit_selected384","cell_topology_v1",384,30,"euclidean_shared_pca_v1","closed",FALSE,"H1"
1175,588,"internal124","SRA742961_SRS3565211",20260809,"exact500","sct_pearson_residual_all_qc_fit_selected384","cell_topology_v1",384,30,"euclidean_shared_pca_v1","closed",FALSE,"H0"
1176,588,"internal124","SRA742961_SRS3565211",20260809,"exact500","sct_pearson_residual_all_qc_fit_selected384","cell_topology_v1",384,30,"euclidean_shared_pca_v1","closed",FALSE,"H1"
1177,589,"internal124","SRA749327_SRS3693910",20260809,"exact500","sct_pearson_residual_all_qc_fit_selected384","cell_topology_v1",384,30,"euclidean_shared_pca_v1","closed",FALSE,"H0"
1178,589,"internal124","SRA749327_SRS3693910",20260809,"exact500","sct_pearson_residual_all_qc_fit_selected384","cell_topology_v1",384,30,"euclidean_shared_pca_v1","closed",FALSE,"H1"
1179,590,"internal124","SRA749327_SRS3693911",20260809,"exact500","sct_pearson_residual_all_qc_fit_selected384","cell_topology_v1",384,30,"euclidean_shared_pca_v1","closed",FALSE,"H0"
1180,590,"internal124","SRA749327_SRS3693911",20260809,"exact500","sct_pearson_residual_all_qc_fit_selected384","cell_topology_v1",384,30,"euclidean_shared_pca_v1","closed",FALSE,"H1"
1181,591,"internal124","SRA749327_SRS3693912",20260809,"exact500","sct_pearson_residual_all_qc_fit_selected384","cell_topology_v1",384,30,"euclidean_shared_pca_v1","closed",FALSE,"H0"
1182,591,"internal124","SRA749327_SRS3693912",20260809,"exact500","sct_pearson_residual_all_qc_fit_selected384","cell_topology_v1",384,30,"euclidean_shared_pca_v1","closed",FALSE,"H1"
1183,592,"internal124","SRA749327_SRS3693913",20260809,"exact500","sct_pearson_residual_all_qc_fit_selected384","cell_topology_v1",384,30,"euclidean_shared_pca_v1","closed",FALSE,"H0"
1184,592,"internal124","SRA749327_SRS3693913",20260809,"exact500","sct_pearson_residual_all_qc_fit_selected384","cell_topology_v1",384,30,"euclidean_shared_pca_v1","closed",FALSE,"H1"
1185,593,"internal124","SRA760933_SRS3693061",20260809,"exact500","sct_pearson_residual_all_qc_fit_selected384","cell_topology_v1",384,30,"euclidean_shared_pca_v1","closed",FALSE,"H0"
1186,593,"internal124","SRA760933_SRS3693061",20260809,"exact500","sct_pearson_residual_all_qc_fit_selected384","cell_topology_v1",384,30,"euclidean_shared_pca_v1","closed",FALSE,"H1"
1187,594,"internal124","SRA779509_SRS3805245",20260809,"exact500","sct_pearson_residual_all_qc_fit_selected384","cell_topology_v1",384,30,"euclidean_shared_pca_v1","closed",FALSE,"H0"
1188,594,"internal124","SRA779509_SRS3805245",20260809,"exact500","sct_pearson_residual_all_qc_fit_selected384","cell_topology_v1",384,30,"euclidean_shared_pca_v1","closed",FALSE,"H1"
1189,595,"internal124","SRA779509_SRS3805246",20260809,"exact500","sct_pearson_residual_all_qc_fit_selected384","cell_topology_v1",384,30,"euclidean_shared_pca_v1","closed",FALSE,"H0"
1190,595,"internal124","SRA779509_SRS3805246",20260809,"exact500","sct_pearson_residual_all_qc_fit_selected384","cell_topology_v1",384,30,"euclidean_shared_pca_v1","closed",FALSE,"H1"
1191,596,"internal124","SRA779509_SRS3805247",20260809,"exact500","sct_pearson_residual_all_qc_fit_selected384","cell_topology_v1",384,30,"euclidean_shared_pca_v1","closed",FALSE,"H0"
1192,596,"internal124","SRA779509_SRS3805247",20260809,"exact500","sct_pearson_residual_all_qc_fit_selected384","cell_topology_v1",384,30,"euclidean_shared_pca_v1","closed",FALSE,"H1"
1193,597,"internal124","SRA779509_SRS3805248",20260809,"exact500","sct_pearson_residual_all_qc_fit_selected384","cell_topology_v1",384,30,"euclidean_shared_pca_v1","closed",FALSE,"H0"
1194,597,"internal124","SRA779509_SRS3805248",20260809,"exact500","sct_pearson_residual_all_qc_fit_selected384","cell_topology_v1",384,30,"euclidean_shared_pca_v1","closed",FALSE,"H1"
1195,598,"internal124","SRA779509_SRS3805249",20260809,"exact500","sct_pearson_residual_all_qc_fit_selected384","cell_topology_v1",384,30,"euclidean_shared_pca_v1","closed",FALSE,"H0"
1196,598,"internal124","SRA779509_SRS3805249",20260809,"exact500","sct_pearson_residual_all_qc_fit_selected384","cell_topology_v1",384,30,"euclidean_shared_pca_v1","closed",FALSE,"H1"
1197,599,"internal124","SRA779509_SRS3805250",20260809,"exact500","sct_pearson_residual_all_qc_fit_selected384","cell_topology_v1",384,30,"euclidean_shared_pca_v1","closed",FALSE,"H0"
1198,599,"internal124","SRA779509_SRS3805250",20260809,"exact500","sct_pearson_residual_all_qc_fit_selected384","cell_topology_v1",384,30,"euclidean_shared_pca_v1","closed",FALSE,"H1"
1199,600,"internal124","SRA779509_SRS3805251",20260809,"exact500","sct_pearson_residual_all_qc_fit_selected384","cell_topology_v1",384,30,"euclidean_shared_pca_v1","closed",FALSE,"H0"
1200,600,"internal124","SRA779509_SRS3805251",20260809,"exact500","sct_pearson_residual_all_qc_fit_selected384","cell_topology_v1",384,30,"euclidean_shared_pca_v1","closed",FALSE,"H1"
1201,601,"internal124","SRA779509_SRS3805252",20260809,"exact500","sct_pearson_residual_all_qc_fit_selected384","cell_topology_v1",384,30,"euclidean_shared_pca_v1","closed",FALSE,"H0"
1202,601,"internal124","SRA779509_SRS3805252",20260809,"exact500","sct_pearson_residual_all_qc_fit_selected384","cell_topology_v1",384,30,"euclidean_shared_pca_v1","closed",FALSE,"H1"
1203,602,"internal124","SRA779509_SRS3805253",20260809,"exact500","sct_pearson_residual_all_qc_fit_selected384","cell_topology_v1",384,30,"euclidean_shared_pca_v1","closed",FALSE,"H0"
1204,602,"internal124","SRA779509_SRS3805253",20260809,"exact500","sct_pearson_residual_all_qc_fit_selected384","cell_topology_v1",384,30,"euclidean_shared_pca_v1","closed",FALSE,"H1"
1205,603,"internal124","SRA779509_SRS3805254",20260809,"exact500","sct_pearson_residual_all_qc_fit_selected384","cell_topology_v1",384,30,"euclidean_shared_pca_v1","closed",FALSE,"H0"
1206,603,"internal124","SRA779509_SRS3805254",20260809,"exact500","sct_pearson_residual_all_qc_fit_selected384","cell_topology_v1",384,30,"euclidean_shared_pca_v1","closed",FALSE,"H1"
1207,604,"internal124","SRA779509_SRS3805255",20260809,"exact500","sct_pearson_residual_all_qc_fit_selected384","cell_topology_v1",384,30,"euclidean_shared_pca_v1","closed",FALSE,"H0"
1208,604,"internal124","SRA779509_SRS3805255",20260809,"exact500","sct_pearson_residual_all_qc_fit_selected384","cell_topology_v1",384,30,"euclidean_shared_pca_v1","closed",FALSE,"H1"
1209,605,"internal124","SRA779509_SRS3805256",20260809,"exact500","sct_pearson_residual_all_qc_fit_selected384","cell_topology_v1",384,30,"euclidean_shared_pca_v1","closed",FALSE,"H0"
1210,605,"internal124","SRA779509_SRS3805256",20260809,"exact500","sct_pearson_residual_all_qc_fit_selected384","cell_topology_v1",384,30,"euclidean_shared_pca_v1","closed",FALSE,"H1"
1211,606,"internal124","SRA779509_SRS3805257",20260809,"exact500","sct_pearson_residual_all_qc_fit_selected384","cell_topology_v1",384,30,"euclidean_shared_pca_v1","closed",FALSE,"H0"
1212,606,"internal124","SRA779509_SRS3805257",20260809,"exact500","sct_pearson_residual_all_qc_fit_selected384","cell_topology_v1",384,30,"euclidean_shared_pca_v1","closed",FALSE,"H1"
1213,607,"internal124","SRA779509_SRS3805258",20260809,"exact500","sct_pearson_residual_all_qc_fit_selected384","cell_topology_v1",384,30,"euclidean_shared_pca_v1","closed",FALSE,"H0"
1214,607,"internal124","SRA779509_SRS3805258",20260809,"exact500","sct_pearson_residual_all_qc_fit_selected384","cell_topology_v1",384,30,"euclidean_shared_pca_v1","closed",FALSE,"H1"
1215,608,"internal124","SRA779509_SRS3805259",20260809,"exact500","sct_pearson_residual_all_qc_fit_selected384","cell_topology_v1",384,30,"euclidean_shared_pca_v1","closed",FALSE,"H0"
1216,608,"internal124","SRA779509_SRS3805259",20260809,"exact500","sct_pearson_residual_all_qc_fit_selected384","cell_topology_v1",384,30,"euclidean_shared_pca_v1","closed",FALSE,"H1"
1217,609,"internal124","SRA779509_SRS3805260",20260809,"exact500","sct_pearson_residual_all_qc_fit_selected384","cell_topology_v1",384,30,"euclidean_shared_pca_v1","closed",FALSE,"H0"
1218,609,"internal124","SRA779509_SRS3805260",20260809,"exact500","sct_pearson_residual_all_qc_fit_selected384","cell_topology_v1",384,30,"euclidean_shared_pca_v1","closed",FALSE,"H1"
1219,610,"internal124","SRA779509_SRS3805261",20260809,"exact500","sct_pearson_residual_all_qc_fit_selected384","cell_topology_v1",384,30,"euclidean_shared_pca_v1","closed",FALSE,"H0"
1220,610,"internal124","SRA779509_SRS3805261",20260809,"exact500","sct_pearson_residual_all_qc_fit_selected384","cell_topology_v1",384,30,"euclidean_shared_pca_v1","closed",FALSE,"H1"
1221,611,"internal124","SRA779509_SRS3805262",20260809,"exact500","sct_pearson_residual_all_qc_fit_selected384","cell_topology_v1",384,30,"euclidean_shared_pca_v1","closed",FALSE,"H0"
1222,611,"internal124","SRA779509_SRS3805262",20260809,"exact500","sct_pearson_residual_all_qc_fit_selected384","cell_topology_v1",384,30,"euclidean_shared_pca_v1","closed",FALSE,"H1"
1223,612,"internal124","SRA779509_SRS3805263",20260809,"exact500","sct_pearson_residual_all_qc_fit_selected384","cell_topology_v1",384,30,"euclidean_shared_pca_v1","closed",FALSE,"H0"
1224,612,"internal124","SRA779509_SRS3805263",20260809,"exact500","sct_pearson_residual_all_qc_fit_selected384","cell_topology_v1",384,30,"euclidean_shared_pca_v1","closed",FALSE,"H1"
1225,613,"internal124","SRA779509_SRS3805264",20260809,"exact500","sct_pearson_residual_all_qc_fit_selected384","cell_topology_v1",384,30,"euclidean_shared_pca_v1","closed",FALSE,"H0"
1226,613,"internal124","SRA779509_SRS3805264",20260809,"exact500","sct_pearson_residual_all_qc_fit_selected384","cell_topology_v1",384,30,"euclidean_shared_pca_v1","closed",FALSE,"H1"
1227,614,"internal124","SRA779509_SRS3805265",20260809,"exact500","sct_pearson_residual_all_qc_fit_selected384","cell_topology_v1",384,30,"euclidean_shared_pca_v1","closed",FALSE,"H0"
1228,614,"internal124","SRA779509_SRS3805265",20260809,"exact500","sct_pearson_residual_all_qc_fit_selected384","cell_topology_v1",384,30,"euclidean_shared_pca_v1","closed",FALSE,"H1"
1229,615,"internal124","SRA779509_SRS3805266",20260809,"exact500","sct_pearson_residual_all_qc_fit_selected384","cell_topology_v1",384,30,"euclidean_shared_pca_v1","closed",FALSE,"H0"
1230,615,"internal124","SRA779509_SRS3805266",20260809,"exact500","sct_pearson_residual_all_qc_fit_selected384","cell_topology_v1",384,30,"euclidean_shared_pca_v1","closed",FALSE,"H1"
1231,616,"internal124","SRA779509_SRS3805267",20260809,"exact500","sct_pearson_residual_all_qc_fit_selected384","cell_topology_v1",384,30,"euclidean_shared_pca_v1","closed",FALSE,"H0"
1232,616,"internal124","SRA779509_SRS3805267",20260809,"exact500","sct_pearson_residual_all_qc_fit_selected384","cell_topology_v1",384,30,"euclidean_shared_pca_v1","closed",FALSE,"H1"
1233,617,"internal124","SRA779509_SRS3805268",20260809,"exact500","sct_pearson_residual_all_qc_fit_selected384","cell_topology_v1",384,30,"euclidean_shared_pca_v1","closed",FALSE,"H0"
1234,617,"internal124","SRA779509_SRS3805268",20260809,"exact500","sct_pearson_residual_all_qc_fit_selected384","cell_topology_v1",384,30,"euclidean_shared_pca_v1","closed",FALSE,"H1"
1235,618,"internal124","SRA779509_SRS3805269",20260809,"exact500","sct_pearson_residual_all_qc_fit_selected384","cell_topology_v1",384,30,"euclidean_shared_pca_v1","closed",FALSE,"H0"
1236,618,"internal124","SRA779509_SRS3805269",20260809,"exact500","sct_pearson_residual_all_qc_fit_selected384","cell_topology_v1",384,30,"euclidean_shared_pca_v1","closed",FALSE,"H1"
1237,619,"internal124","SRA784242_SRS3822680",20260809,"exact500","sct_pearson_residual_all_qc_fit_selected384","cell_topology_v1",384,30,"euclidean_shared_pca_v1","closed",FALSE,"H0"
1238,619,"internal124","SRA784242_SRS3822680",20260809,"exact500","sct_pearson_residual_all_qc_fit_selected384","cell_topology_v1",384,30,"euclidean_shared_pca_v1","closed",FALSE,"H1"
1239,620,"internal124","SRA784242_SRS3822682",20260809,"exact500","sct_pearson_residual_all_qc_fit_selected384","cell_topology_v1",384,30,"euclidean_shared_pca_v1","closed",FALSE,"H0"
1240,620,"internal124","SRA784242_SRS3822682",20260809,"exact500","sct_pearson_residual_all_qc_fit_selected384","cell_topology_v1",384,30,"euclidean_shared_pca_v1","closed",FALSE,"H1"
1241,621,"internal124","SRA784242_SRS3822683",20260809,"exact500","sct_pearson_residual_all_qc_fit_selected384","cell_topology_v1",384,30,"euclidean_shared_pca_v1","closed",FALSE,"H0"
1242,621,"internal124","SRA784242_SRS3822683",20260809,"exact500","sct_pearson_residual_all_qc_fit_selected384","cell_topology_v1",384,30,"euclidean_shared_pca_v1","closed",FALSE,"H1"
1243,622,"internal124","SRA784242_SRS3822686",20260809,"exact500","sct_pearson_residual_all_qc_fit_selected384","cell_topology_v1",384,30,"euclidean_shared_pca_v1","closed",FALSE,"H0"
1244,622,"internal124","SRA784242_SRS3822686",20260809,"exact500","sct_pearson_residual_all_qc_fit_selected384","cell_topology_v1",384,30,"euclidean_shared_pca_v1","closed",FALSE,"H1"
1245,623,"internal124","SRA826293_SRS4181123",20260809,"exact500","sct_pearson_residual_all_qc_fit_selected384","cell_topology_v1",384,30,"euclidean_shared_pca_v1","closed",FALSE,"H0"
1246,623,"internal124","SRA826293_SRS4181123",20260809,"exact500","sct_pearson_residual_all_qc_fit_selected384","cell_topology_v1",384,30,"euclidean_shared_pca_v1","closed",FALSE,"H1"
1247,624,"internal124","SRA826293_SRS4181124",20260809,"exact500","sct_pearson_residual_all_qc_fit_selected384","cell_topology_v1",384,30,"euclidean_shared_pca_v1","closed",FALSE,"H0"
1248,624,"internal124","SRA826293_SRS4181124",20260809,"exact500","sct_pearson_residual_all_qc_fit_selected384","cell_topology_v1",384,30,"euclidean_shared_pca_v1","closed",FALSE,"H1"
1249,625,"internal124","SRA826293_SRS4181125",20260809,"exact500","sct_pearson_residual_all_qc_fit_selected384","cell_topology_v1",384,30,"euclidean_shared_pca_v1","closed",FALSE,"H0"
1250,625,"internal124","SRA826293_SRS4181125",20260809,"exact500","sct_pearson_residual_all_qc_fit_selected384","cell_topology_v1",384,30,"euclidean_shared_pca_v1","closed",FALSE,"H1"
1251,626,"internal124","SRA826293_SRS4181126",20260809,"exact500","sct_pearson_residual_all_qc_fit_selected384","cell_topology_v1",384,30,"euclidean_shared_pca_v1","closed",FALSE,"H0"
1252,626,"internal124","SRA826293_SRS4181126",20260809,"exact500","sct_pearson_residual_all_qc_fit_selected384","cell_topology_v1",384,30,"euclidean_shared_pca_v1","closed",FALSE,"H1"
1253,627,"internal124","SRA826293_SRS4181127",20260809,"exact500","sct_pearson_residual_all_qc_fit_selected384","cell_topology_v1",384,30,"euclidean_shared_pca_v1","closed",FALSE,"H0"
1254,627,"internal124","SRA826293_SRS4181127",20260809,"exact500","sct_pearson_residual_all_qc_fit_selected384","cell_topology_v1",384,30,"euclidean_shared_pca_v1","closed",FALSE,"H1"
1255,628,"internal124","SRA826293_SRS4181128",20260809,"exact500","sct_pearson_residual_all_qc_fit_selected384","cell_topology_v1",384,30,"euclidean_shared_pca_v1","closed",FALSE,"H0"
1256,628,"internal124","SRA826293_SRS4181128",20260809,"exact500","sct_pearson_residual_all_qc_fit_selected384","cell_topology_v1",384,30,"euclidean_shared_pca_v1","closed",FALSE,"H1"
1257,629,"internal124","SRA826293_SRS4181129",20260809,"exact500","sct_pearson_residual_all_qc_fit_selected384","cell_topology_v1",384,30,"euclidean_shared_pca_v1","closed",FALSE,"H0"
1258,629,"internal124","SRA826293_SRS4181129",20260809,"exact500","sct_pearson_residual_all_qc_fit_selected384","cell_topology_v1",384,30,"euclidean_shared_pca_v1","closed",FALSE,"H1"
1259,630,"internal124","SRA826293_SRS4181130",20260809,"exact500","sct_pearson_residual_all_qc_fit_selected384","cell_topology_v1",384,30,"euclidean_shared_pca_v1","closed",FALSE,"H0"
1260,630,"internal124","SRA826293_SRS4181130",20260809,"exact500","sct_pearson_residual_all_qc_fit_selected384","cell_topology_v1",384,30,"euclidean_shared_pca_v1","closed",FALSE,"H1"
1261,631,"internal124","SRA850958_SRS4386101",20260809,"exact500","sct_pearson_residual_all_qc_fit_selected384","cell_topology_v1",384,30,"euclidean_shared_pca_v1","closed",FALSE,"H0"
1262,631,"internal124","SRA850958_SRS4386101",20260809,"exact500","sct_pearson_residual_all_qc_fit_selected384","cell_topology_v1",384,30,"euclidean_shared_pca_v1","closed",FALSE,"H1"
1263,632,"internal124","SRA850958_SRS4386109",20260809,"exact500","sct_pearson_residual_all_qc_fit_selected384","cell_topology_v1",384,30,"euclidean_shared_pca_v1","closed",FALSE,"H0"
1264,632,"internal124","SRA850958_SRS4386109",20260809,"exact500","sct_pearson_residual_all_qc_fit_selected384","cell_topology_v1",384,30,"euclidean_shared_pca_v1","closed",FALSE,"H1"
1265,633,"internal124","SRA850958_SRS4386110",20260809,"exact500","sct_pearson_residual_all_qc_fit_selected384","cell_topology_v1",384,30,"euclidean_shared_pca_v1","closed",FALSE,"H0"
1266,633,"internal124","SRA850958_SRS4386110",20260809,"exact500","sct_pearson_residual_all_qc_fit_selected384","cell_topology_v1",384,30,"euclidean_shared_pca_v1","closed",FALSE,"H1"
1267,634,"internal124","SRA850958_SRS4386111",20260809,"exact500","sct_pearson_residual_all_qc_fit_selected384","cell_topology_v1",384,30,"euclidean_shared_pca_v1","closed",FALSE,"H0"
1268,634,"internal124","SRA850958_SRS4386111",20260809,"exact500","sct_pearson_residual_all_qc_fit_selected384","cell_topology_v1",384,30,"euclidean_shared_pca_v1","closed",FALSE,"H1"
1269,635,"internal124","SRA850958_SRS4386112",20260809,"exact500","sct_pearson_residual_all_qc_fit_selected384","cell_topology_v1",384,30,"euclidean_shared_pca_v1","closed",FALSE,"H0"
1270,635,"internal124","SRA850958_SRS4386112",20260809,"exact500","sct_pearson_residual_all_qc_fit_selected384","cell_topology_v1",384,30,"euclidean_shared_pca_v1","closed",FALSE,"H1"
1271,636,"internal124","SRA850958_SRS4386113",20260809,"exact500","sct_pearson_residual_all_qc_fit_selected384","cell_topology_v1",384,30,"euclidean_shared_pca_v1","closed",FALSE,"H0"
1272,636,"internal124","SRA850958_SRS4386113",20260809,"exact500","sct_pearson_residual_all_qc_fit_selected384","cell_topology_v1",384,30,"euclidean_shared_pca_v1","closed",FALSE,"H1"
