"view_id","homology_dimension","level","finite_positive_intervals","active_level_count","integrated_lambda_squared","integration_method","level_policy","grid_policy","infinite_interval_policy","diagram_sha256","labels_outcomes_opened","fusion_computed"
"cell_topology_v1","H0",1,383,383,70.0036030179309,"exact_critical_breakpoint_v1","all_active_consecutive_levels","none","exclude_before_landscape_construction","9eed31530de5c5197bd53bf383c201cb5872bc0bef837d4348e3d299c6ef31e5",FALSE,FALSE
"cell_topology_v1","H0",2,383,383,55.1998915701842,"exact_critical_breakpoint_v1","all_active_consecutive_levels","none","exclude_before_landscape_construction","9eed31530de5c5197bd53bf383c201cb5872bc0bef837d4348e3d299c6ef31e5",FALSE,FALSE
"cell_topology_v1","H0",3,383,383,49.7791072508662,"exact_critical_breakpoint_v1","all_active_consecutive_levels","none","exclude_before_landscape_construction","9eed31530de5c5197bd53bf383c201cb5872bc0bef837d4348e3d299c6ef31e5",FALSE,FALSE
"cell_topology_v1","H0",4,383,383,46.8229520759954,"exact_critical_breakpoint_v1","all_active_consecutive_levels","none","exclude_before_landscape_construction","9eed31530de5c5197bd53bf383c201cb5872bc0bef837d4348e3d299c6ef31e5",FALSE,FALSE
"cell_topology_v1","H0",5,383,383,45.5474466343693,"exact_critical_breakpoint_v1","all_active_consecutive_levels","none","exclude_before_landscape_construction","9eed31530de5c5197bd53bf383c201cb5872bc0bef837d4348e3d299c6ef31e5",FALSE,FALSE
"cell_topology_v1","H0",6,383,383,36.561842014278,"exact_critical_breakpoint_v1","all_active_consecutive_levels","none","exclude_before_landscape_construction","9eed31530de5c5197bd53bf383c201cb5872bc0bef837d4348e3d299c6ef31e5",FALSE,FALSE
"cell_topology_v1","H0",7,383,383,35.7635357776132,"exact_critical_breakpoint_v1","all_active_consecutive_levels","none","exclude_before_landscape_construction","9eed31530de5c5197bd53bf383c201cb5872bc0bef837d4348e3d299c6ef31e5",FALSE,FALSE
"cell_topology_v1","H0",8,383,383,35.5895444192236,"exact_critical_breakpoint_v1","all_active_consecutive_levels","none","exclude_before_landscape_construction","9eed31530de5c5197bd53bf383c201cb5872bc0bef837d4348e3d299c6ef31e5",FALSE,FALSE
"cell_topology_v1","H0",9,383,383,34.3159940909855,"exact_critical_breakpoint_v1","all_active_consecutive_levels","none","exclude_before_landscape_construction","9eed31530de5c5197bd53bf383c201cb5872bc0bef837d4348e3d299c6ef31e5",FALSE,FALSE
"cell_topology_v1","H0",10,383,383,33.9387585158748,"exact_critical_breakpoint_v1","all_active_consecutive_levels","none","exclude_before_landscape_construction","9eed31530de5c5197bd53bf383c201cb5872bc0bef837d4348e3d299c6ef31e5",FALSE,FALSE
"cell_topology_v1","H0",11,383,383,33.5732364147411,"exact_critical_breakpoint_v1","all_active_consecutive_levels","none","exclude_before_landscape_construction","9eed31530de5c5197bd53bf383c201cb5872bc0bef837d4348e3d299c6ef31e5",FALSE,FALSE
"cell_topology_v1","H0",12,383,383,30.5451545798064,"exact_critical_breakpoint_v1","all_active_consecutive_levels","none","exclude_before_landscape_construction","9eed31530de5c5197bd53bf383c201cb5872bc0bef837d4348e3d299c6ef31e5",FALSE,FALSE
"cell_topology_v1","H0",13,383,383,27.7935021884088,"exact_critical_breakpoint_v1","all_active_consecutive_levels","none","exclude_before_landscape_construction","9eed31530de5c5197bd53bf383c201cb5872bc0bef837d4348e3d299c6ef31e5",FALSE,FALSE
"cell_topology_v1","H0",14,383,383,27.3844313492442,"exact_critical_breakpoint_v1","all_active_consecutive_levels","none","exclude_before_landscape_construction","9eed31530de5c5197bd53bf383c201cb5872bc0bef837d4348e3d299c6ef31e5",FALSE,FALSE
"cell_topology_v1","H0",15,383,383,26.8839502898863,"exact_critical_breakpoint_v1","all_active_consecutive_levels","none","exclude_before_landscape_construction","9eed31530de5c5197bd53bf383c201cb5872bc0bef837d4348e3d299c6ef31e5",FALSE,FALSE
"cell_topology_v1","H0",16,383,383,25.7836968653336,"exact_critical_breakpoint_v1","all_active_consecutive_levels","none","exclude_before_landscape_construction","9eed31530de5c5197bd53bf383c201cb5872bc0bef837d4348e3d299c6ef31e5",FALSE,FALSE
"cell_topology_v1","H0",17,383,383,24.7414754414561,"exact_critical_breakpoint_v1","all_active_consecutive_levels","none","exclude_before_landscape_construction","9eed31530de5c5197bd53bf383c201cb5872bc0bef837d4348e3d299c6ef31e5",FALSE,FALSE
"cell_topology_v1","H0",18,383,383,23.8765656513709,"exact_critical_breakpoint_v1","all_active_consecutive_levels","none","exclude_before_landscape_construction","9eed31530de5c5197bd53bf383c201cb5872bc0bef837d4348e3d299c6ef31e5",FALSE,FALSE
"cell_topology_v1","H0",19,383,383,23.6393905941182,"exact_critical_breakpoint_v1","all_active_consecutive_levels","none","exclude_before_landscape_construction","9eed31530de5c5197bd53bf383c201cb5872bc0bef837d4348e3d299c6ef31e5",FALSE,FALSE
"cell_topology_v1","H0",20,383,383,21.732259613423,"exact_critical_breakpoint_v1","all_active_consecutive_levels","none","exclude_before_landscape_construction","9eed31530de5c5197bd53bf383c201cb5872bc0bef837d4348e3d299c6ef31e5",FALSE,FALSE
"cell_topology_v1","H0",21,383,383,19.4693960274376,"exact_critical_breakpoint_v1","all_active_consecutive_levels","none","exclude_before_landscape_construction","9eed31530de5c5197bd53bf383c201cb5872bc0bef837d4348e3d299c6ef31e5",FALSE,FALSE
"cell_topology_v1","H0",22,383,383,19.2788845488828,"exact_critical_breakpoint_v1","all_active_consecutive_levels","none","exclude_before_landscape_construction","9eed31530de5c5197bd53bf383c201cb5872bc0bef837d4348e3d299c6ef31e5",FALSE,FALSE
"cell_topology_v1","H0",23,383,383,19.225583123102,"exact_critical_breakpoint_v1","all_active_consecutive_levels","none","exclude_before_landscape_construction","9eed31530de5c5197bd53bf383c201cb5872bc0bef837d4348e3d299c6ef31e5",FALSE,FALSE
"cell_topology_v1","H0",24,383,383,18.8590712261784,"exact_critical_breakpoint_v1","all_active_consecutive_levels","none","exclude_before_landscape_construction","9eed31530de5c5197bd53bf383c201cb5872bc0bef837d4348e3d299c6ef31e5",FALSE,FALSE
"cell_topology_v1","H0",25,383,383,18.3651699577868,"exact_critical_breakpoint_v1","all_active_consecutive_levels","none","exclude_before_landscape_construction","9eed31530de5c5197bd53bf383c201cb5872bc0bef837d4348e3d299c6ef31e5",FALSE,FALSE
"cell_topology_v1","H0",26,383,383,17.7524567819777,"exact_critical_breakpoint_v1","all_active_consecutive_levels","none","exclude_before_landscape_construction","9eed31530de5c5197bd53bf383c201cb5872bc0bef837d4348e3d299c6ef31e5",FALSE,FALSE
"cell_topology_v1","H0",27,383,383,17.515807359038,"exact_critical_breakpoint_v1","all_active_consecutive_levels","none","exclude_before_landscape_construction","9eed31530de5c5197bd53bf383c201cb5872bc0bef837d4348e3d299c6ef31e5",FALSE,FALSE
"cell_topology_v1","H0",28,383,383,17.3435454447376,"exact_critical_breakpoint_v1","all_active_consecutive_levels","none","exclude_before_landscape_construction","9eed31530de5c5197bd53bf383c201cb5872bc0bef837d4348e3d299c6ef31e5",FALSE,FALSE
"cell_topology_v1","H0",29,383,383,17.1466881743064,"exact_critical_breakpoint_v1","all_active_consecutive_levels","none","exclude_before_landscape_construction","9eed31530de5c5197bd53bf383c201cb5872bc0bef837d4348e3d299c6ef31e5",FALSE,FALSE
"cell_topology_v1","H0",30,383,383,16.0123427618864,"exact_critical_breakpoint_v1","all_active_consecutive_levels","none","exclude_before_landscape_construction","9eed31530de5c5197bd53bf383c201cb5872bc0bef837d4348e3d299c6ef31e5",FALSE,FALSE
"cell_topology_v1","H0",31,383,383,15.8811035634947,"exact_critical_breakpoint_v1","all_active_consecutive_levels","none","exclude_before_landscape_construction","9eed31530de5c5197bd53bf383c201cb5872bc0bef837d4348e3d299c6ef31e5",FALSE,FALSE
"cell_topology_v1","H0",32,383,383,15.8511846554172,"exact_critical_breakpoint_v1","all_active_consecutive_levels","none","exclude_before_landscape_construction","9eed31530de5c5197bd53bf383c201cb5872bc0bef837d4348e3d299c6ef31e5",FALSE,FALSE
"cell_topology_v1","H0",33,383,383,14.6495650314939,"exact_critical_breakpoint_v1","all_active_consecutive_levels","none","exclude_before_landscape_construction","9eed31530de5c5197bd53bf383c201cb5872bc0bef837d4348e3d299c6ef31e5",FALSE,FALSE
"cell_topology_v1","H0",34,383,383,14.1779020047584,"exact_critical_breakpoint_v1","all_active_consecutive_levels","none","exclude_before_landscape_construction","9eed31530de5c5197bd53bf383c201cb5872bc0bef837d4348e3d299c6ef31e5",FALSE,FALSE
"cell_topology_v1","H0",35,383,383,13.9833942860063,"exact_critical_breakpoint_v1","all_active_consecutive_levels","none","exclude_before_landscape_construction","9eed31530de5c5197bd53bf383c201cb5872bc0bef837d4348e3d299c6ef31e5",FALSE,FALSE
"cell_topology_v1","H0",36,383,383,13.8603294916212,"exact_critical_breakpoint_v1","all_active_consecutive_levels","none","exclude_before_landscape_construction","9eed31530de5c5197bd53bf383c201cb5872bc0bef837d4348e3d299c6ef31e5",FALSE,FALSE
"cell_topology_v1","H0",37,383,383,13.4962619018224,"exact_critical_breakpoint_v1","all_active_consecutive_levels","none","exclude_before_landscape_construction","9eed31530de5c5197bd53bf383c201cb5872bc0bef837d4348e3d299c6ef31e5",FALSE,FALSE
"cell_topology_v1","H0",38,383,383,13.1154050158527,"exact_critical_breakpoint_v1","all_active_consecutive_levels","none","exclude_before_landscape_construction","9eed31530de5c5197bd53bf383c201cb5872bc0bef837d4348e3d299c6ef31e5",FALSE,FALSE
"cell_topology_v1","H0",39,383,383,13.0906877493382,"exact_critical_breakpoint_v1","all_active_consecutive_levels","none","exclude_before_landscape_construction","9eed31530de5c5197bd53bf383c201cb5872bc0bef837d4348e3d299c6ef31e5",FALSE,FALSE
"cell_topology_v1","H0",40,383,383,12.8525234681642,"exact_critical_breakpoint_v1","all_active_consecutive_levels","none","exclude_before_landscape_construction","9eed31530de5c5197bd53bf383c201cb5872bc0bef837d4348e3d299c6ef31e5",FALSE,FALSE
"cell_topology_v1","H0",41,383,383,12.6825940082036,"exact_critical_breakpoint_v1","all_active_consecutive_levels","none","exclude_before_landscape_construction","9eed31530de5c5197bd53bf383c201cb5872bc0bef837d4348e3d299c6ef31e5",FALSE,FALSE
"cell_topology_v1","H0",42,383,383,12.572480662807,"exact_critical_breakpoint_v1","all_active_consecutive_levels","none","exclude_before_landscape_construction","9eed31530de5c5197bd53bf383c201cb5872bc0bef837d4348e3d299c6ef31e5",FALSE,FALSE
"cell_topology_v1","H0",43,383,383,12.4961644366665,"exact_critical_breakpoint_v1","all_active_consecutive_levels","none","exclude_before_landscape_construction","9eed31530de5c5197bd53bf383c201cb5872bc0bef837d4348e3d299c6ef31e5",FALSE,FALSE
"cell_topology_v1","H0",44,383,383,12.4734733083304,"exact_critical_breakpoint_v1","all_active_consecutive_levels","none","exclude_before_landscape_construction","9eed31530de5c5197bd53bf383c201cb5872bc0bef837d4348e3d299c6ef31e5",FALSE,FALSE
"cell_topology_v1","H0",45,383,383,12.4539071548141,"exact_critical_breakpoint_v1","all_active_consecutive_levels","none","exclude_before_landscape_construction","9eed31530de5c5197bd53bf383c201cb5872bc0bef837d4348e3d299c6ef31e5",FALSE,FALSE
"cell_topology_v1","H0",46,383,383,12.36427673974,"exact_critical_breakpoint_v1","all_active_consecutive_levels","none","exclude_before_landscape_construction","9eed31530de5c5197bd53bf383c201cb5872bc0bef837d4348e3d299c6ef31e5",FALSE,FALSE
"cell_topology_v1","H0",47,383,383,12.1154733185885,"exact_critical_breakpoint_v1","all_active_consecutive_levels","none","exclude_before_landscape_construction","9eed31530de5c5197bd53bf383c201cb5872bc0bef837d4348e3d299c6ef31e5",FALSE,FALSE
"cell_topology_v1","H0",48,383,383,11.9459116537173,"exact_critical_breakpoint_v1","all_active_consecutive_levels","none","exclude_before_landscape_construction","9eed31530de5c5197bd53bf383c201cb5872bc0bef837d4348e3d299c6ef31e5",FALSE,FALSE
"cell_topology_v1","H0",49,383,383,11.8157662382702,"exact_critical_breakpoint_v1","all_active_consecutive_levels","none","exclude_before_landscape_construction","9eed31530de5c5197bd53bf383c201cb5872bc0bef837d4348e3d299c6ef31e5",FALSE,FALSE
"cell_topology_v1","H0",50,383,383,11.6598503121759,"exact_critical_breakpoint_v1","all_active_consecutive_levels","none","exclude_before_landscape_construction","9eed31530de5c5197bd53bf383c201cb5872bc0bef837d4348e3d299c6ef31e5",FALSE,FALSE
"cell_topology_v1","H0",51,383,383,11.5701818982349,"exact_critical_breakpoint_v1","all_active_consecutive_levels","none","exclude_before_landscape_construction","9eed31530de5c5197bd53bf383c201cb5872bc0bef837d4348e3d299c6ef31e5",FALSE,FALSE
"cell_topology_v1","H0",52,383,383,11.4590845795572,"exact_critical_breakpoint_v1","all_active_consecutive_levels","none","exclude_before_landscape_construction","9eed31530de5c5197bd53bf383c201cb5872bc0bef837d4348e3d299c6ef31e5",FALSE,FALSE
"cell_topology_v1","H0",53,383,383,11.4206621299511,"exact_critical_breakpoint_v1","all_active_consecutive_levels","none","exclude_before_landscape_construction","9eed31530de5c5197bd53bf383c201cb5872bc0bef837d4348e3d299c6ef31e5",FALSE,FALSE
"cell_topology_v1","H0",54,383,383,11.3834690098941,"exact_critical_breakpoint_v1","all_active_consecutive_levels","none","exclude_before_landscape_construction","9eed31530de5c5197bd53bf383c201cb5872bc0bef837d4348e3d299c6ef31e5",FALSE,FALSE
"cell_topology_v1","H0",55,383,383,11.2992118026916,"exact_critical_breakpoint_v1","all_active_consecutive_levels","none","exclude_before_landscape_construction","9eed31530de5c5197bd53bf383c201cb5872bc0bef837d4348e3d299c6ef31e5",FALSE,FALSE
"cell_topology_v1","H0",56,383,383,11.2312310748902,"exact_critical_breakpoint_v1","all_active_consecutive_levels","none","exclude_before_landscape_construction","9eed31530de5c5197bd53bf383c201cb5872bc0bef837d4348e3d299c6ef31e5",FALSE,FALSE
"cell_topology_v1","H0",57,383,383,11.1609424427333,"exact_critical_breakpoint_v1","all_active_consecutive_levels","none","exclude_before_landscape_construction","9eed31530de5c5197bd53bf383c201cb5872bc0bef837d4348e3d299c6ef31e5",FALSE,FALSE
"cell_topology_v1","H0",58,383,383,10.9575545995388,"exact_critical_breakpoint_v1","all_active_consecutive_levels","none","exclude_before_landscape_construction","9eed31530de5c5197bd53bf383c201cb5872bc0bef837d4348e3d299c6ef31e5",FALSE,FALSE
"cell_topology_v1","H0",59,383,383,10.9158678634499,"exact_critical_breakpoint_v1","all_active_consecutive_levels","none","exclude_before_landscape_construction","9eed31530de5c5197bd53bf383c201cb5872bc0bef837d4348e3d299c6ef31e5",FALSE,FALSE
"cell_topology_v1","H0",60,383,383,10.8658101888512,"exact_critical_breakpoint_v1","all_active_consecutive_levels","none","exclude_before_landscape_construction","9eed31530de5c5197bd53bf383c201cb5872bc0bef837d4348e3d299c6ef31e5",FALSE,FALSE
"cell_topology_v1","H0",61,383,383,10.8342379618609,"exact_critical_breakpoint_v1","all_active_consecutive_levels","none","exclude_before_landscape_construction","9eed31530de5c5197bd53bf383c201cb5872bc0bef837d4348e3d299c6ef31e5",FALSE,FALSE
"cell_topology_v1","H0",62,383,383,10.6436433053702,"exact_critical_breakpoint_v1","all_active_consecutive_levels","none","exclude_before_landscape_construction","9eed31530de5c5197bd53bf383c201cb5872bc0bef837d4348e3d299c6ef31e5",FALSE,FALSE
"cell_topology_v1","H0",63,383,383,10.6325530960235,"exact_critical_breakpoint_v1","all_active_consecutive_levels","none","exclude_before_landscape_construction","9eed31530de5c5197bd53bf383c201cb5872bc0bef837d4348e3d299c6ef31e5",FALSE,FALSE
"cell_topology_v1","H0",64,383,383,10.6189675011916,"exact_critical_breakpoint_v1","all_active_consecutive_levels","none","exclude_before_landscape_construction","9eed31530de5c5197bd53bf383c201cb5872bc0bef837d4348e3d299c6ef31e5",FALSE,FALSE
"cell_topology_v1","H0",65,383,383,10.5667477144123,"exact_critical_breakpoint_v1","all_active_consecutive_levels","none","exclude_before_landscape_construction","9eed31530de5c5197bd53bf383c201cb5872bc0bef837d4348e3d299c6ef31e5",FALSE,FALSE
"cell_topology_v1","H0",66,383,383,10.4680993225732,"exact_critical_breakpoint_v1","all_active_consecutive_levels","none","exclude_before_landscape_construction","9eed31530de5c5197bd53bf383c201cb5872bc0bef837d4348e3d299c6ef31e5",FALSE,FALSE
"cell_topology_v1","H0",67,383,383,10.4501645689412,"exact_critical_breakpoint_v1","all_active_consecutive_levels","none","exclude_before_landscape_construction","9eed31530de5c5197bd53bf383c201cb5872bc0bef837d4348e3d299c6ef31e5",FALSE,FALSE
"cell_topology_v1","H0",68,383,383,10.3539694322193,"exact_critical_breakpoint_v1","all_active_consecutive_levels","none","exclude_before_landscape_construction","9eed31530de5c5197bd53bf383c201cb5872bc0bef837d4348e3d299c6ef31e5",FALSE,FALSE
"cell_topology_v1","H0",69,383,383,10.2385411020247,"exact_critical_breakpoint_v1","all_active_consecutive_levels","none","exclude_before_landscape_construction","9eed31530de5c5197bd53bf383c201cb5872bc0bef837d4348e3d299c6ef31e5",FALSE,FALSE
"cell_topology_v1","H0",70,383,383,10.1839871557168,"exact_critical_breakpoint_v1","all_active_consecutive_levels","none","exclude_before_landscape_construction","9eed31530de5c5197bd53bf383c201cb5872bc0bef837d4348e3d299c6ef31e5",FALSE,FALSE
"cell_topology_v1","H0",71,383,383,10.1349165735339,"exact_critical_breakpoint_v1","all_active_consecutive_levels","none","exclude_before_landscape_construction","9eed31530de5c5197bd53bf383c201cb5872bc0bef837d4348e3d299c6ef31e5",FALSE,FALSE
"cell_topology_v1","H0",72,383,383,10.0678784076054,"exact_critical_breakpoint_v1","all_active_consecutive_levels","none","exclude_before_landscape_construction","9eed31530de5c5197bd53bf383c201cb5872bc0bef837d4348e3d299c6ef31e5",FALSE,FALSE
"cell_topology_v1","H0",73,383,383,9.99565239585517,"exact_critical_breakpoint_v1","all_active_consecutive_levels","none","exclude_before_landscape_construction","9eed31530de5c5197bd53bf383c201cb5872bc0bef837d4348e3d299c6ef31e5",FALSE,FALSE
"cell_topology_v1","H0",74,383,383,9.96126566252936,"exact_critical_breakpoint_v1","all_active_consecutive_levels","none","exclude_before_landscape_construction","9eed31530de5c5197bd53bf383c201cb5872bc0bef837d4348e3d299c6ef31e5",FALSE,FALSE
"cell_topology_v1","H0",75,383,383,9.92309774081666,"exact_critical_breakpoint_v1","all_active_consecutive_levels","none","exclude_before_landscape_construction","9eed31530de5c5197bd53bf383c201cb5872bc0bef837d4348e3d299c6ef31e5",FALSE,FALSE
"cell_topology_v1","H0",76,383,383,9.87240510418231,"exact_critical_breakpoint_v1","all_active_consecutive_levels","none","exclude_before_landscape_construction","9eed31530de5c5197bd53bf383c201cb5872bc0bef837d4348e3d299c6ef31e5",FALSE,FALSE
"cell_topology_v1","H0",77,383,383,9.76493464835386,"exact_critical_breakpoint_v1","all_active_consecutive_levels","none","exclude_before_landscape_construction","9eed31530de5c5197bd53bf383c201cb5872bc0bef837d4348e3d299c6ef31e5",FALSE,FALSE
"cell_topology_v1","H0",78,383,383,9.75702188565467,"exact_critical_breakpoint_v1","all_active_consecutive_levels","none","exclude_before_landscape_construction","9eed31530de5c5197bd53bf383c201cb5872bc0bef837d4348e3d299c6ef31e5",FALSE,FALSE
"cell_topology_v1","H0",79,383,383,9.65064340538799,"exact_critical_breakpoint_v1","all_active_consecutive_levels","none","exclude_before_landscape_construction","9eed31530de5c5197bd53bf383c201cb5872bc0bef837d4348e3d299c6ef31e5",FALSE,FALSE
"cell_topology_v1","H0",80,383,383,9.62226386847812,"exact_critical_breakpoint_v1","all_active_consecutive_levels","none","exclude_before_landscape_construction","9eed31530de5c5197bd53bf383c201cb5872bc0bef837d4348e3d299c6ef31e5",FALSE,FALSE
"cell_topology_v1","H0",81,383,383,9.57811902231426,"exact_critical_breakpoint_v1","all_active_consecutive_levels","none","exclude_before_landscape_construction","9eed31530de5c5197bd53bf383c201cb5872bc0bef837d4348e3d299c6ef31e5",FALSE,FALSE
"cell_topology_v1","H0",82,383,383,9.51981183567838,"exact_critical_breakpoint_v1","all_active_consecutive_levels","none","exclude_before_landscape_construction","9eed31530de5c5197bd53bf383c201cb5872bc0bef837d4348e3d299c6ef31e5",FALSE,FALSE
"cell_topology_v1","H0",83,383,383,9.44696023056791,"exact_critical_breakpoint_v1","all_active_consecutive_levels","none","exclude_before_landscape_construction","9eed31530de5c5197bd53bf383c201cb5872bc0bef837d4348e3d299c6ef31e5",FALSE,FALSE
"cell_topology_v1","H0",84,383,383,9.44544099952722,"exact_critical_breakpoint_v1","all_active_consecutive_levels","none","exclude_before_landscape_construction","9eed31530de5c5197bd53bf383c201cb5872bc0bef837d4348e3d299c6ef31e5",FALSE,FALSE
"cell_topology_v1","H0",85,383,383,9.41685410022481,"exact_critical_breakpoint_v1","all_active_consecutive_levels","none","exclude_before_landscape_construction","9eed31530de5c5197bd53bf383c201cb5872bc0bef837d4348e3d299c6ef31e5",FALSE,FALSE
"cell_topology_v1","H0",86,383,383,9.22384521033588,"exact_critical_breakpoint_v1","all_active_consecutive_levels","none","exclude_before_landscape_construction","9eed31530de5c5197bd53bf383c201cb5872bc0bef837d4348e3d299c6ef31e5",FALSE,FALSE
"cell_topology_v1","H0",87,383,383,9.21872870800088,"exact_critical_breakpoint_v1","all_active_consecutive_levels","none","exclude_before_landscape_construction","9eed31530de5c5197bd53bf383c201cb5872bc0bef837d4348e3d299c6ef31e5",FALSE,FALSE
"cell_topology_v1","H0",88,383,383,9.21423409189909,"exact_critical_breakpoint_v1","all_active_consecutive_levels","none","exclude_before_landscape_construction","9eed31530de5c5197bd53bf383c201cb5872bc0bef837d4348e3d299c6ef31e5",FALSE,FALSE
"cell_topology_v1","H0",89,383,383,9.19848768074515,"exact_critical_breakpoint_v1","all_active_consecutive_levels","none","exclude_before_landscape_construction","9eed31530de5c5197bd53bf383c201cb5872bc0bef837d4348e3d299c6ef31e5",FALSE,FALSE
"cell_topology_v1","H0",90,383,383,9.11718331540393,"exact_critical_breakpoint_v1","all_active_consecutive_levels","none","exclude_before_landscape_construction","9eed31530de5c5197bd53bf383c201cb5872bc0bef837d4348e3d299c6ef31e5",FALSE,FALSE
"cell_topology_v1","H0",91,383,383,9.06613054539149,"exact_critical_breakpoint_v1","all_active_consecutive_levels","none","exclude_before_landscape_construction","9eed31530de5c5197bd53bf383c201cb5872bc0bef837d4348e3d299c6ef31e5",FALSE,FALSE
"cell_topology_v1","H0",92,383,383,9.03688695957389,"exact_critical_breakpoint_v1","all_active_consecutive_levels","none","exclude_before_landscape_construction","9eed31530de5c5197bd53bf383c201cb5872bc0bef837d4348e3d299c6ef31e5",FALSE,FALSE
"cell_topology_v1","H0",93,383,383,9.030433595902,"exact_critical_breakpoint_v1","all_active_consecutive_levels","none","exclude_before_landscape_construction","9eed31530de5c5197bd53bf383c201cb5872bc0bef837d4348e3d299c6ef31e5",FALSE,FALSE
"cell_topology_v1","H0",94,383,383,8.99187998755298,"exact_critical_breakpoint_v1","all_active_consecutive_levels","none","exclude_before_landscape_construction","9eed31530de5c5197bd53bf383c201cb5872bc0bef837d4348e3d299c6ef31e5",FALSE,FALSE
"cell_topology_v1","H0",95,383,383,8.98413685689676,"exact_critical_breakpoint_v1","all_active_consecutive_levels","none","exclude_before_landscape_construction","9eed31530de5c5197bd53bf383c201cb5872bc0bef837d4348e3d299c6ef31e5",FALSE,FALSE
"cell_topology_v1","H0",96,383,383,8.94039776500643,"exact_critical_breakpoint_v1","all_active_consecutive_levels","none","exclude_before_landscape_construction","9eed31530de5c5197bd53bf383c201cb5872bc0bef837d4348e3d299c6ef31e5",FALSE,FALSE
"cell_topology_v1","H0",97,383,383,8.90363341727131,"exact_critical_breakpoint_v1","all_active_consecutive_levels","none","exclude_before_landscape_construction","9eed31530de5c5197bd53bf383c201cb5872bc0bef837d4348e3d299c6ef31e5",FALSE,FALSE
"cell_topology_v1","H0",98,383,383,8.88973665308575,"exact_critical_breakpoint_v1","all_active_consecutive_levels","none","exclude_before_landscape_construction","9eed31530de5c5197bd53bf383c201cb5872bc0bef837d4348e3d299c6ef31e5",FALSE,FALSE
"cell_topology_v1","H0",99,383,383,8.71408127114599,"exact_critical_breakpoint_v1","all_active_consecutive_levels","none","exclude_before_landscape_construction","9eed31530de5c5197bd53bf383c201cb5872bc0bef837d4348e3d299c6ef31e5",FALSE,FALSE
"cell_topology_v1","H0",100,383,383,8.7112903682816,"exact_critical_breakpoint_v1","all_active_consecutive_levels","none","exclude_before_landscape_construction","9eed31530de5c5197bd53bf383c201cb5872bc0bef837d4348e3d299c6ef31e5",FALSE,FALSE
"cell_topology_v1","H0",101,383,383,8.64116146648562,"exact_critical_breakpoint_v1","all_active_consecutive_levels","none","exclude_before_landscape_construction","9eed31530de5c5197bd53bf383c201cb5872bc0bef837d4348e3d299c6ef31e5",FALSE,FALSE
"cell_topology_v1","H0",102,383,383,8.63686384312095,"exact_critical_breakpoint_v1","all_active_consecutive_levels","none","exclude_before_landscape_construction","9eed31530de5c5197bd53bf383c201cb5872bc0bef837d4348e3d299c6ef31e5",FALSE,FALSE
"cell_topology_v1","H0",103,383,383,8.61373718175547,"exact_critical_breakpoint_v1","all_active_consecutive_levels","none","exclude_before_landscape_construction","9eed31530de5c5197bd53bf383c201cb5872bc0bef837d4348e3d299c6ef31e5",FALSE,FALSE
"cell_topology_v1","H0",104,383,383,8.47439762521143,"exact_critical_breakpoint_v1","all_active_consecutive_levels","none","exclude_before_landscape_construction","9eed31530de5c5197bd53bf383c201cb5872bc0bef837d4348e3d299c6ef31e5",FALSE,FALSE
"cell_topology_v1","H0",105,383,383,8.47067389119168,"exact_critical_breakpoint_v1","all_active_consecutive_levels","none","exclude_before_landscape_construction","9eed31530de5c5197bd53bf383c201cb5872bc0bef837d4348e3d299c6ef31e5",FALSE,FALSE
"cell_topology_v1","H0",106,383,383,8.4165496264045,"exact_critical_breakpoint_v1","all_active_consecutive_levels","none","exclude_before_landscape_construction","9eed31530de5c5197bd53bf383c201cb5872bc0bef837d4348e3d299c6ef31e5",FALSE,FALSE
"cell_topology_v1","H0",107,383,383,8.41528073790634,"exact_critical_breakpoint_v1","all_active_consecutive_levels","none","exclude_before_landscape_construction","9eed31530de5c5197bd53bf383c201cb5872bc0bef837d4348e3d299c6ef31e5",FALSE,FALSE
"cell_topology_v1","H0",108,383,383,8.40093116601354,"exact_critical_breakpoint_v1","all_active_consecutive_levels","none","exclude_before_landscape_construction","9eed31530de5c5197bd53bf383c201cb5872bc0bef837d4348e3d299c6ef31e5",FALSE,FALSE
"cell_topology_v1","H0",109,383,383,8.39423178318165,"exact_critical_breakpoint_v1","all_active_consecutive_levels","none","exclude_before_landscape_construction","9eed31530de5c5197bd53bf383c201cb5872bc0bef837d4348e3d299c6ef31e5",FALSE,FALSE
"cell_topology_v1","H0",110,383,383,8.38128094203697,"exact_critical_breakpoint_v1","all_active_consecutive_levels","none","exclude_before_landscape_construction","9eed31530de5c5197bd53bf383c201cb5872bc0bef837d4348e3d299c6ef31e5",FALSE,FALSE
"cell_topology_v1","H0",111,383,383,8.27796569382122,"exact_critical_breakpoint_v1","all_active_consecutive_levels","none","exclude_before_landscape_construction","9eed31530de5c5197bd53bf383c201cb5872bc0bef837d4348e3d299c6ef31e5",FALSE,FALSE
"cell_topology_v1","H0",112,383,383,8.25765779711074,"exact_critical_breakpoint_v1","all_active_consecutive_levels","none","exclude_before_landscape_construction","9eed31530de5c5197bd53bf383c201cb5872bc0bef837d4348e3d299c6ef31e5",FALSE,FALSE
"cell_topology_v1","H0",113,383,383,8.22522862437024,"exact_critical_breakpoint_v1","all_active_consecutive_levels","none","exclude_before_landscape_construction","9eed31530de5c5197bd53bf383c201cb5872bc0bef837d4348e3d299c6ef31e5",FALSE,FALSE
"cell_topology_v1","H0",114,383,383,8.18914245427041,"exact_critical_breakpoint_v1","all_active_consecutive_levels","none","exclude_before_landscape_construction","9eed31530de5c5197bd53bf383c201cb5872bc0bef837d4348e3d299c6ef31e5",FALSE,FALSE
"cell_topology_v1","H0",115,383,383,8.13360081693032,"exact_critical_breakpoint_v1","all_active_consecutive_levels","none","exclude_before_landscape_construction","9eed31530de5c5197bd53bf383c201cb5872bc0bef837d4348e3d299c6ef31e5",FALSE,FALSE
"cell_topology_v1","H0",116,383,383,8.08199947061562,"exact_critical_breakpoint_v1","all_active_consecutive_levels","none","exclude_before_landscape_construction","9eed31530de5c5197bd53bf383c201cb5872bc0bef837d4348e3d299c6ef31e5",FALSE,FALSE
"cell_topology_v1","H0",117,383,383,7.96822640156048,"exact_critical_breakpoint_v1","all_active_consecutive_levels","none","exclude_before_landscape_construction","9eed31530de5c5197bd53bf383c201cb5872bc0bef837d4348e3d299c6ef31e5",FALSE,FALSE
"cell_topology_v1","H0",118,383,383,7.96482105212535,"exact_critical_breakpoint_v1","all_active_consecutive_levels","none","exclude_before_landscape_construction","9eed31530de5c5197bd53bf383c201cb5872bc0bef837d4348e3d299c6ef31e5",FALSE,FALSE
"cell_topology_v1","H0",119,383,383,7.94427176927952,"exact_critical_breakpoint_v1","all_active_consecutive_levels","none","exclude_before_landscape_construction","9eed31530de5c5197bd53bf383c201cb5872bc0bef837d4348e3d299c6ef31e5",FALSE,FALSE
"cell_topology_v1","H0",120,383,383,7.91776167225163,"exact_critical_breakpoint_v1","all_active_consecutive_levels","none","exclude_before_landscape_construction","9eed31530de5c5197bd53bf383c201cb5872bc0bef837d4348e3d299c6ef31e5",FALSE,FALSE
"cell_topology_v1","H0",121,383,383,7.90971553808122,"exact_critical_breakpoint_v1","all_active_consecutive_levels","none","exclude_before_landscape_construction","9eed31530de5c5197bd53bf383c201cb5872bc0bef837d4348e3d299c6ef31e5",FALSE,FALSE
"cell_topology_v1","H0",122,383,383,7.89374023295384,"exact_critical_breakpoint_v1","all_active_consecutive_levels","none","exclude_before_landscape_construction","9eed31530de5c5197bd53bf383c201cb5872bc0bef837d4348e3d299c6ef31e5",FALSE,FALSE
"cell_topology_v1","H0",123,383,383,7.88036285037451,"exact_critical_breakpoint_v1","all_active_consecutive_levels","none","exclude_before_landscape_construction","9eed31530de5c5197bd53bf383c201cb5872bc0bef837d4348e3d299c6ef31e5",FALSE,FALSE
"cell_topology_v1","H0",124,383,383,7.86855154171224,"exact_critical_breakpoint_v1","all_active_consecutive_levels","none","exclude_before_landscape_construction","9eed31530de5c5197bd53bf383c201cb5872bc0bef837d4348e3d299c6ef31e5",FALSE,FALSE
"cell_topology_v1","H0",125,383,383,7.85294165745947,"exact_critical_breakpoint_v1","all_active_consecutive_levels","none","exclude_before_landscape_construction","9eed31530de5c5197bd53bf383c201cb5872bc0bef837d4348e3d299c6ef31e5",FALSE,FALSE
"cell_topology_v1","H0",126,383,383,7.81236235321284,"exact_critical_breakpoint_v1","all_active_consecutive_levels","none","exclude_before_landscape_construction","9eed31530de5c5197bd53bf383c201cb5872bc0bef837d4348e3d299c6ef31e5",FALSE,FALSE
"cell_topology_v1","H0",127,383,383,7.75568214970731,"exact_critical_breakpoint_v1","all_active_consecutive_levels","none","exclude_before_landscape_construction","9eed31530de5c5197bd53bf383c201cb5872bc0bef837d4348e3d299c6ef31e5",FALSE,FALSE
"cell_topology_v1","H0",128,383,383,7.70183976003195,"exact_critical_breakpoint_v1","all_active_consecutive_levels","none","exclude_before_landscape_construction","9eed31530de5c5197bd53bf383c201cb5872bc0bef837d4348e3d299c6ef31e5",FALSE,FALSE
"cell_topology_v1","H0",129,383,383,7.60730221616828,"exact_critical_breakpoint_v1","all_active_consecutive_levels","none","exclude_before_landscape_construction","9eed31530de5c5197bd53bf383c201cb5872bc0bef837d4348e3d299c6ef31e5",FALSE,FALSE
"cell_topology_v1","H0",130,383,383,7.59189396431597,"exact_critical_breakpoint_v1","all_active_consecutive_levels","none","exclude_before_landscape_construction","9eed31530de5c5197bd53bf383c201cb5872bc0bef837d4348e3d299c6ef31e5",FALSE,FALSE
"cell_topology_v1","H0",131,383,383,7.52248974702024,"exact_critical_breakpoint_v1","all_active_consecutive_levels","none","exclude_before_landscape_construction","9eed31530de5c5197bd53bf383c201cb5872bc0bef837d4348e3d299c6ef31e5",FALSE,FALSE
"cell_topology_v1","H0",132,383,383,7.49971912562308,"exact_critical_breakpoint_v1","all_active_consecutive_levels","none","exclude_before_landscape_construction","9eed31530de5c5197bd53bf383c201cb5872bc0bef837d4348e3d299c6ef31e5",FALSE,FALSE
"cell_topology_v1","H0",133,383,383,7.42617423894537,"exact_critical_breakpoint_v1","all_active_consecutive_levels","none","exclude_before_landscape_construction","9eed31530de5c5197bd53bf383c201cb5872bc0bef837d4348e3d299c6ef31e5",FALSE,FALSE
"cell_topology_v1","H0",134,383,383,7.41890444894548,"exact_critical_breakpoint_v1","all_active_consecutive_levels","none","exclude_before_landscape_construction","9eed31530de5c5197bd53bf383c201cb5872bc0bef837d4348e3d299c6ef31e5",FALSE,FALSE
"cell_topology_v1","H0",135,383,383,7.40606217320649,"exact_critical_breakpoint_v1","all_active_consecutive_levels","none","exclude_before_landscape_construction","9eed31530de5c5197bd53bf383c201cb5872bc0bef837d4348e3d299c6ef31e5",FALSE,FALSE
"cell_topology_v1","H0",136,383,383,7.29430330788414,"exact_critical_breakpoint_v1","all_active_consecutive_levels","none","exclude_before_landscape_construction","9eed31530de5c5197bd53bf383c201cb5872bc0bef837d4348e3d299c6ef31e5",FALSE,FALSE
"cell_topology_v1","H0",137,383,383,7.27811995689316,"exact_critical_breakpoint_v1","all_active_consecutive_levels","none","exclude_before_landscape_construction","9eed31530de5c5197bd53bf383c201cb5872bc0bef837d4348e3d299c6ef31e5",FALSE,FALSE
"cell_topology_v1","H0",138,383,383,7.27712505223019,"exact_critical_breakpoint_v1","all_active_consecutive_levels","none","exclude_before_landscape_construction","9eed31530de5c5197bd53bf383c201cb5872bc0bef837d4348e3d299c6ef31e5",FALSE,FALSE
"cell_topology_v1","H0",139,383,383,7.27408483535466,"exact_critical_breakpoint_v1","all_active_consecutive_levels","none","exclude_before_landscape_construction","9eed31530de5c5197bd53bf383c201cb5872bc0bef837d4348e3d299c6ef31e5",FALSE,FALSE
"cell_topology_v1","H0",140,383,383,7.24198253710528,"exact_critical_breakpoint_v1","all_active_consecutive_levels","none","exclude_before_landscape_construction","9eed31530de5c5197bd53bf383c201cb5872bc0bef837d4348e3d299c6ef31e5",FALSE,FALSE
"cell_topology_v1","H0",141,383,383,7.2377842940904,"exact_critical_breakpoint_v1","all_active_consecutive_levels","none","exclude_before_landscape_construction","9eed31530de5c5197bd53bf383c201cb5872bc0bef837d4348e3d299c6ef31e5",FALSE,FALSE
"cell_topology_v1","H0",142,383,383,7.15336569389695,"exact_critical_breakpoint_v1","all_active_consecutive_levels","none","exclude_before_landscape_construction","9eed31530de5c5197bd53bf383c201cb5872bc0bef837d4348e3d299c6ef31e5",FALSE,FALSE
"cell_topology_v1","H0",143,383,383,7.14229036268396,"exact_critical_breakpoint_v1","all_active_consecutive_levels","none","exclude_before_landscape_construction","9eed31530de5c5197bd53bf383c201cb5872bc0bef837d4348e3d299c6ef31e5",FALSE,FALSE
"cell_topology_v1","H0",144,383,383,7.13619776589155,"exact_critical_breakpoint_v1","all_active_consecutive_levels","none","exclude_before_landscape_construction","9eed31530de5c5197bd53bf383c201cb5872bc0bef837d4348e3d299c6ef31e5",FALSE,FALSE
"cell_topology_v1","H0",145,383,383,7.12998022333442,"exact_critical_breakpoint_v1","all_active_consecutive_levels","none","exclude_before_landscape_construction","9eed31530de5c5197bd53bf383c201cb5872bc0bef837d4348e3d299c6ef31e5",FALSE,FALSE
"cell_topology_v1","H0",146,383,383,7.10496041140278,"exact_critical_breakpoint_v1","all_active_consecutive_levels","none","exclude_before_landscape_construction","9eed31530de5c5197bd53bf383c201cb5872bc0bef837d4348e3d299c6ef31e5",FALSE,FALSE
"cell_topology_v1","H0",147,383,383,7.06446772483365,"exact_critical_breakpoint_v1","all_active_consecutive_levels","none","exclude_before_landscape_construction","9eed31530de5c5197bd53bf383c201cb5872bc0bef837d4348e3d299c6ef31e5",FALSE,FALSE
"cell_topology_v1","H0",148,383,383,7.01843479114354,"exact_critical_breakpoint_v1","all_active_consecutive_levels","none","exclude_before_landscape_construction","9eed31530de5c5197bd53bf383c201cb5872bc0bef837d4348e3d299c6ef31e5",FALSE,FALSE
"cell_topology_v1","H0",149,383,383,7.00527588873361,"exact_critical_breakpoint_v1","all_active_consecutive_levels","none","exclude_before_landscape_construction","9eed31530de5c5197bd53bf383c201cb5872bc0bef837d4348e3d299c6ef31e5",FALSE,FALSE
"cell_topology_v1","H0",150,383,383,6.99812201209789,"exact_critical_breakpoint_v1","all_active_consecutive_levels","none","exclude_before_landscape_construction","9eed31530de5c5197bd53bf383c201cb5872bc0bef837d4348e3d299c6ef31e5",FALSE,FALSE
"cell_topology_v1","H0",151,383,383,6.99574746757365,"exact_critical_breakpoint_v1","all_active_consecutive_levels","none","exclude_before_landscape_construction","9eed31530de5c5197bd53bf383c201cb5872bc0bef837d4348e3d299c6ef31e5",FALSE,FALSE
"cell_topology_v1","H0",152,383,383,6.96634827491823,"exact_critical_breakpoint_v1","all_active_consecutive_levels","none","exclude_before_landscape_construction","9eed31530de5c5197bd53bf383c201cb5872bc0bef837d4348e3d299c6ef31e5",FALSE,FALSE
"cell_topology_v1","H0",153,383,383,6.96400252485962,"exact_critical_breakpoint_v1","all_active_consecutive_levels","none","exclude_before_landscape_construction","9eed31530de5c5197bd53bf383c201cb5872bc0bef837d4348e3d299c6ef31e5",FALSE,FALSE
"cell_topology_v1","H0",154,383,383,6.92832881841988,"exact_critical_breakpoint_v1","all_active_consecutive_levels","none","exclude_before_landscape_construction","9eed31530de5c5197bd53bf383c201cb5872bc0bef837d4348e3d299c6ef31e5",FALSE,FALSE
"cell_topology_v1","H0",155,383,383,6.91661984309275,"exact_critical_breakpoint_v1","all_active_consecutive_levels","none","exclude_before_landscape_construction","9eed31530de5c5197bd53bf383c201cb5872bc0bef837d4348e3d299c6ef31e5",FALSE,FALSE
"cell_topology_v1","H0",156,383,383,6.9105660642619,"exact_critical_breakpoint_v1","all_active_consecutive_levels","none","exclude_before_landscape_construction","9eed31530de5c5197bd53bf383c201cb5872bc0bef837d4348e3d299c6ef31e5",FALSE,FALSE
"cell_topology_v1","H0",157,383,383,6.88095285030435,"exact_critical_breakpoint_v1","all_active_consecutive_levels","none","exclude_before_landscape_construction","9eed31530de5c5197bd53bf383c201cb5872bc0bef837d4348e3d299c6ef31e5",FALSE,FALSE
"cell_topology_v1","H0",158,383,383,6.87424733685756,"exact_critical_breakpoint_v1","all_active_consecutive_levels","none","exclude_before_landscape_construction","9eed31530de5c5197bd53bf383c201cb5872bc0bef837d4348e3d299c6ef31e5",FALSE,FALSE
"cell_topology_v1","H0",159,383,383,6.83726630559539,"exact_critical_breakpoint_v1","all_active_consecutive_levels","none","exclude_before_landscape_construction","9eed31530de5c5197bd53bf383c201cb5872bc0bef837d4348e3d299c6ef31e5",FALSE,FALSE
"cell_topology_v1","H0",160,383,383,6.83538149714047,"exact_critical_breakpoint_v1","all_active_consecutive_levels","none","exclude_before_landscape_construction","9eed31530de5c5197bd53bf383c201cb5872bc0bef837d4348e3d299c6ef31e5",FALSE,FALSE
"cell_topology_v1","H0",161,383,383,6.83529657727833,"exact_critical_breakpoint_v1","all_active_consecutive_levels","none","exclude_before_landscape_construction","9eed31530de5c5197bd53bf383c201cb5872bc0bef837d4348e3d299c6ef31e5",FALSE,FALSE
"cell_topology_v1","H0",162,383,383,6.82872702987872,"exact_critical_breakpoint_v1","all_active_consecutive_levels","none","exclude_before_landscape_construction","9eed31530de5c5197bd53bf383c201cb5872bc0bef837d4348e3d299c6ef31e5",FALSE,FALSE
"cell_topology_v1","H0",163,383,383,6.82049994120827,"exact_critical_breakpoint_v1","all_active_consecutive_levels","none","exclude_before_landscape_construction","9eed31530de5c5197bd53bf383c201cb5872bc0bef837d4348e3d299c6ef31e5",FALSE,FALSE
"cell_topology_v1","H0",164,383,383,6.81424726244398,"exact_critical_breakpoint_v1","all_active_consecutive_levels","none","exclude_before_landscape_construction","9eed31530de5c5197bd53bf383c201cb5872bc0bef837d4348e3d299c6ef31e5",FALSE,FALSE
"cell_topology_v1","H0",165,383,383,6.76625122833415,"exact_critical_breakpoint_v1","all_active_consecutive_levels","none","exclude_before_landscape_construction","9eed31530de5c5197bd53bf383c201cb5872bc0bef837d4348e3d299c6ef31e5",FALSE,FALSE
"cell_topology_v1","H0",166,383,383,6.76436882891372,"exact_critical_breakpoint_v1","all_active_consecutive_levels","none","exclude_before_landscape_construction","9eed31530de5c5197bd53bf383c201cb5872bc0bef837d4348e3d299c6ef31e5",FALSE,FALSE
"cell_topology_v1","H0",167,383,383,6.73577454418527,"exact_critical_breakpoint_v1","all_active_consecutive_levels","none","exclude_before_landscape_construction","9eed31530de5c5197bd53bf383c201cb5872bc0bef837d4348e3d299c6ef31e5",FALSE,FALSE
"cell_topology_v1","H0",168,383,383,6.7158447919382,"exact_critical_breakpoint_v1","all_active_consecutive_levels","none","exclude_before_landscape_construction","9eed31530de5c5197bd53bf383c201cb5872bc0bef837d4348e3d299c6ef31e5",FALSE,FALSE
"cell_topology_v1","H0",169,383,383,6.68743309605036,"exact_critical_breakpoint_v1","all_active_consecutive_levels","none","exclude_before_landscape_construction","9eed31530de5c5197bd53bf383c201cb5872bc0bef837d4348e3d299c6ef31e5",FALSE,FALSE
"cell_topology_v1","H0",170,383,383,6.67814019459055,"exact_critical_breakpoint_v1","all_active_consecutive_levels","none","exclude_before_landscape_construction","9eed31530de5c5197bd53bf383c201cb5872bc0bef837d4348e3d299c6ef31e5",FALSE,FALSE
"cell_topology_v1","H0",171,383,383,6.66154477713773,"exact_critical_breakpoint_v1","all_active_consecutive_levels","none","exclude_before_landscape_construction","9eed31530de5c5197bd53bf383c201cb5872bc0bef837d4348e3d299c6ef31e5",FALSE,FALSE
"cell_topology_v1","H0",172,383,383,6.65598569660942,"exact_critical_breakpoint_v1","all_active_consecutive_levels","none","exclude_before_landscape_construction","9eed31530de5c5197bd53bf383c201cb5872bc0bef837d4348e3d299c6ef31e5",FALSE,FALSE
"cell_topology_v1","H0",173,383,383,6.60403515348837,"exact_critical_breakpoint_v1","all_active_consecutive_levels","none","exclude_before_landscape_construction","9eed31530de5c5197bd53bf383c201cb5872bc0bef837d4348e3d299c6ef31e5",FALSE,FALSE
"cell_topology_v1","H0",174,383,383,6.58172891038127,"exact_critical_breakpoint_v1","all_active_consecutive_levels","none","exclude_before_landscape_construction","9eed31530de5c5197bd53bf383c201cb5872bc0bef837d4348e3d299c6ef31e5",FALSE,FALSE
"cell_topology_v1","H0",175,383,383,6.57533044219954,"exact_critical_breakpoint_v1","all_active_consecutive_levels","none","exclude_before_landscape_construction","9eed31530de5c5197bd53bf383c201cb5872bc0bef837d4348e3d299c6ef31e5",FALSE,FALSE
"cell_topology_v1","H0",176,383,383,6.5694250706006,"exact_critical_breakpoint_v1","all_active_consecutive_levels","none","exclude_before_landscape_construction","9eed31530de5c5197bd53bf383c201cb5872bc0bef837d4348e3d299c6ef31e5",FALSE,FALSE
"cell_topology_v1","H0",177,383,383,6.53413945699052,"exact_critical_breakpoint_v1","all_active_consecutive_levels","none","exclude_before_landscape_construction","9eed31530de5c5197bd53bf383c201cb5872bc0bef837d4348e3d299c6ef31e5",FALSE,FALSE
"cell_topology_v1","H0",178,383,383,6.52502081260863,"exact_critical_breakpoint_v1","all_active_consecutive_levels","none","exclude_before_landscape_construction","9eed31530de5c5197bd53bf383c201cb5872bc0bef837d4348e3d299c6ef31e5",FALSE,FALSE
"cell_topology_v1","H0",179,383,383,6.50561763437687,"exact_critical_breakpoint_v1","all_active_consecutive_levels","none","exclude_before_landscape_construction","9eed31530de5c5197bd53bf383c201cb5872bc0bef837d4348e3d299c6ef31e5",FALSE,FALSE
"cell_topology_v1","H0",180,383,383,6.4707282950661,"exact_critical_breakpoint_v1","all_active_consecutive_levels","none","exclude_before_landscape_construction","9eed31530de5c5197bd53bf383c201cb5872bc0bef837d4348e3d299c6ef31e5",FALSE,FALSE
"cell_topology_v1","H0",181,383,383,6.44531492908851,"exact_critical_breakpoint_v1","all_active_consecutive_levels","none","exclude_before_landscape_construction","9eed31530de5c5197bd53bf383c201cb5872bc0bef837d4348e3d299c6ef31e5",FALSE,FALSE
"cell_topology_v1","H0",182,383,383,6.44265035021922,"exact_critical_breakpoint_v1","all_active_consecutive_levels","none","exclude_before_landscape_construction","9eed31530de5c5197bd53bf383c201cb5872bc0bef837d4348e3d299c6ef31e5",FALSE,FALSE
"cell_topology_v1","H0",183,383,383,6.43787741521657,"exact_critical_breakpoint_v1","all_active_consecutive_levels","none","exclude_before_landscape_construction","9eed31530de5c5197bd53bf383c201cb5872bc0bef837d4348e3d299c6ef31e5",FALSE,FALSE
"cell_topology_v1","H0",184,383,383,6.43242125734949,"exact_critical_breakpoint_v1","all_active_consecutive_levels","none","exclude_before_landscape_construction","9eed31530de5c5197bd53bf383c201cb5872bc0bef837d4348e3d299c6ef31e5",FALSE,FALSE
"cell_topology_v1","H0",185,383,383,6.43238481718087,"exact_critical_breakpoint_v1","all_active_consecutive_levels","none","exclude_before_landscape_construction","9eed31530de5c5197bd53bf383c201cb5872bc0bef837d4348e3d299c6ef31e5",FALSE,FALSE
"cell_topology_v1","H0",186,383,383,6.43013771464387,"exact_critical_breakpoint_v1","all_active_consecutive_levels","none","exclude_before_landscape_construction","9eed31530de5c5197bd53bf383c201cb5872bc0bef837d4348e3d299c6ef31e5",FALSE,FALSE
"cell_topology_v1","H0",187,383,383,6.39697067903538,"exact_critical_breakpoint_v1","all_active_consecutive_levels","none","exclude_before_landscape_construction","9eed31530de5c5197bd53bf383c201cb5872bc0bef837d4348e3d299c6ef31e5",FALSE,FALSE
"cell_topology_v1","H0",188,383,383,6.37974448969671,"exact_critical_breakpoint_v1","all_active_consecutive_levels","none","exclude_before_landscape_construction","9eed31530de5c5197bd53bf383c201cb5872bc0bef837d4348e3d299c6ef31e5",FALSE,FALSE
"cell_topology_v1","H0",189,383,383,6.32051125173799,"exact_critical_breakpoint_v1","all_active_consecutive_levels","none","exclude_before_landscape_construction","9eed31530de5c5197bd53bf383c201cb5872bc0bef837d4348e3d299c6ef31e5",FALSE,FALSE
"cell_topology_v1","H0",190,383,383,6.31228358193294,"exact_critical_breakpoint_v1","all_active_consecutive_levels","none","exclude_before_landscape_construction","9eed31530de5c5197bd53bf383c201cb5872bc0bef837d4348e3d299c6ef31e5",FALSE,FALSE
"cell_topology_v1","H0",191,383,383,6.30505642679186,"exact_critical_breakpoint_v1","all_active_consecutive_levels","none","exclude_before_landscape_construction","9eed31530de5c5197bd53bf383c201cb5872bc0bef837d4348e3d299c6ef31e5",FALSE,FALSE
"cell_topology_v1","H0",192,383,383,6.26315516245301,"exact_critical_breakpoint_v1","all_active_consecutive_levels","none","exclude_before_landscape_construction","9eed31530de5c5197bd53bf383c201cb5872bc0bef837d4348e3d299c6ef31e5",FALSE,FALSE
"cell_topology_v1","H0",193,383,383,6.24886777337648,"exact_critical_breakpoint_v1","all_active_consecutive_levels","none","exclude_before_landscape_construction","9eed31530de5c5197bd53bf383c201cb5872bc0bef837d4348e3d299c6ef31e5",FALSE,FALSE
"cell_topology_v1","H0",194,383,383,6.17854188450093,"exact_critical_breakpoint_v1","all_active_consecutive_levels","none","exclude_before_landscape_construction","9eed31530de5c5197bd53bf383c201cb5872bc0bef837d4348e3d299c6ef31e5",FALSE,FALSE
"cell_topology_v1","H0",195,383,383,6.17363171803115,"exact_critical_breakpoint_v1","all_active_consecutive_levels","none","exclude_before_landscape_construction","9eed31530de5c5197bd53bf383c201cb5872bc0bef837d4348e3d299c6ef31e5",FALSE,FALSE
"cell_topology_v1","H0",196,383,383,6.16732120804298,"exact_critical_breakpoint_v1","all_active_consecutive_levels","none","exclude_before_landscape_construction","9eed31530de5c5197bd53bf383c201cb5872bc0bef837d4348e3d299c6ef31e5",FALSE,FALSE
"cell_topology_v1","H0",197,383,383,6.15573900917741,"exact_critical_breakpoint_v1","all_active_consecutive_levels","none","exclude_before_landscape_construction","9eed31530de5c5197bd53bf383c201cb5872bc0bef837d4348e3d299c6ef31e5",FALSE,FALSE
"cell_topology_v1","H0",198,383,383,6.1548450391269,"exact_critical_breakpoint_v1","all_active_consecutive_levels","none","exclude_before_landscape_construction","9eed31530de5c5197bd53bf383c201cb5872bc0bef837d4348e3d299c6ef31e5",FALSE,FALSE
"cell_topology_v1","H0",199,383,383,6.15450301822469,"exact_critical_breakpoint_v1","all_active_consecutive_levels","none","exclude_before_landscape_construction","9eed31530de5c5197bd53bf383c201cb5872bc0bef837d4348e3d299c6ef31e5",FALSE,FALSE
"cell_topology_v1","H0",200,383,383,6.13681701142163,"exact_critical_breakpoint_v1","all_active_consecutive_levels","none","exclude_before_landscape_construction","9eed31530de5c5197bd53bf383c201cb5872bc0bef837d4348e3d299c6ef31e5",FALSE,FALSE
"cell_topology_v1","H0",201,383,383,6.13002739526591,"exact_critical_breakpoint_v1","all_active_consecutive_levels","none","exclude_before_landscape_construction","9eed31530de5c5197bd53bf383c201cb5872bc0bef837d4348e3d299c6ef31e5",FALSE,FALSE
"cell_topology_v1","H0",202,383,383,6.11500065220099,"exact_critical_breakpoint_v1","all_active_consecutive_levels","none","exclude_before_landscape_construction","9eed31530de5c5197bd53bf383c201cb5872bc0bef837d4348e3d299c6ef31e5",FALSE,FALSE
"cell_topology_v1","H0",203,383,383,6.11021741765633,"exact_critical_breakpoint_v1","all_active_consecutive_levels","none","exclude_before_landscape_construction","9eed31530de5c5197bd53bf383c201cb5872bc0bef837d4348e3d299c6ef31e5",FALSE,FALSE
"cell_topology_v1","H0",204,383,383,6.09839051845828,"exact_critical_breakpoint_v1","all_active_consecutive_levels","none","exclude_before_landscape_construction","9eed31530de5c5197bd53bf383c201cb5872bc0bef837d4348e3d299c6ef31e5",FALSE,FALSE
"cell_topology_v1","H0",205,383,383,6.09823130135137,"exact_critical_breakpoint_v1","all_active_consecutive_levels","none","exclude_before_landscape_construction","9eed31530de5c5197bd53bf383c201cb5872bc0bef837d4348e3d299c6ef31e5",FALSE,FALSE
"cell_topology_v1","H0",206,383,383,6.08933191662446,"exact_critical_breakpoint_v1","all_active_consecutive_levels","none","exclude_before_landscape_construction","9eed31530de5c5197bd53bf383c201cb5872bc0bef837d4348e3d299c6ef31e5",FALSE,FALSE
"cell_topology_v1","H0",207,383,383,6.08037945479203,"exact_critical_breakpoint_v1","all_active_consecutive_levels","none","exclude_before_landscape_construction","9eed31530de5c5197bd53bf383c201cb5872bc0bef837d4348e3d299c6ef31e5",FALSE,FALSE
"cell_topology_v1","H0",208,383,383,6.04073118197617,"exact_critical_breakpoint_v1","all_active_consecutive_levels","none","exclude_before_landscape_construction","9eed31530de5c5197bd53bf383c201cb5872bc0bef837d4348e3d299c6ef31e5",FALSE,FALSE
"cell_topology_v1","H0",209,383,383,6.03528938567394,"exact_critical_breakpoint_v1","all_active_consecutive_levels","none","exclude_before_landscape_construction","9eed31530de5c5197bd53bf383c201cb5872bc0bef837d4348e3d299c6ef31e5",FALSE,FALSE
"cell_topology_v1","H0",210,383,383,6.01351200590256,"exact_critical_breakpoint_v1","all_active_consecutive_levels","none","exclude_before_landscape_construction","9eed31530de5c5197bd53bf383c201cb5872bc0bef837d4348e3d299c6ef31e5",FALSE,FALSE
"cell_topology_v1","H0",211,383,383,6.011088976782,"exact_critical_breakpoint_v1","all_active_consecutive_levels","none","exclude_before_landscape_construction","9eed31530de5c5197bd53bf383c201cb5872bc0bef837d4348e3d299c6ef31e5",FALSE,FALSE
"cell_topology_v1","H0",212,383,383,5.99117040541869,"exact_critical_breakpoint_v1","all_active_consecutive_levels","none","exclude_before_landscape_construction","9eed31530de5c5197bd53bf383c201cb5872bc0bef837d4348e3d299c6ef31e5",FALSE,FALSE
"cell_topology_v1","H0",213,383,383,5.96649614738525,"exact_critical_breakpoint_v1","all_active_consecutive_levels","none","exclude_before_landscape_construction","9eed31530de5c5197bd53bf383c201cb5872bc0bef837d4348e3d299c6ef31e5",FALSE,FALSE
"cell_topology_v1","H0",214,383,383,5.95913552457472,"exact_critical_breakpoint_v1","all_active_consecutive_levels","none","exclude_before_landscape_construction","9eed31530de5c5197bd53bf383c201cb5872bc0bef837d4348e3d299c6ef31e5",FALSE,FALSE
"cell_topology_v1","H0",215,383,383,5.95856652147035,"exact_critical_breakpoint_v1","all_active_consecutive_levels","none","exclude_before_landscape_construction","9eed31530de5c5197bd53bf383c201cb5872bc0bef837d4348e3d299c6ef31e5",FALSE,FALSE
"cell_topology_v1","H0",216,383,383,5.9328126205845,"exact_critical_breakpoint_v1","all_active_consecutive_levels","none","exclude_before_landscape_construction","9eed31530de5c5197bd53bf383c201cb5872bc0bef837d4348e3d299c6ef31e5",FALSE,FALSE
"cell_topology_v1","H0",217,383,383,5.9173787878306,"exact_critical_breakpoint_v1","all_active_consecutive_levels","none","exclude_before_landscape_construction","9eed31530de5c5197bd53bf383c201cb5872bc0bef837d4348e3d299c6ef31e5",FALSE,FALSE
"cell_topology_v1","H0",218,383,383,5.90513899161722,"exact_critical_breakpoint_v1","all_active_consecutive_levels","none","exclude_before_landscape_construction","9eed31530de5c5197bd53bf383c201cb5872bc0bef837d4348e3d299c6ef31e5",FALSE,FALSE
"cell_topology_v1","H0",219,383,383,5.85081057770223,"exact_critical_breakpoint_v1","all_active_consecutive_levels","none","exclude_before_landscape_construction","9eed31530de5c5197bd53bf383c201cb5872bc0bef837d4348e3d299c6ef31e5",FALSE,FALSE
"cell_topology_v1","H0",220,383,383,5.78942065430792,"exact_critical_breakpoint_v1","all_active_consecutive_levels","none","exclude_before_landscape_construction","9eed31530de5c5197bd53bf383c201cb5872bc0bef837d4348e3d299c6ef31e5",FALSE,FALSE
"cell_topology_v1","H0",221,383,383,5.75926945851763,"exact_critical_breakpoint_v1","all_active_consecutive_levels","none","exclude_before_landscape_construction","9eed31530de5c5197bd53bf383c201cb5872bc0bef837d4348e3d299c6ef31e5",FALSE,FALSE
"cell_topology_v1","H0",222,383,383,5.74900928383022,"exact_critical_breakpoint_v1","all_active_consecutive_levels","none","exclude_before_landscape_construction","9eed31530de5c5197bd53bf383c201cb5872bc0bef837d4348e3d299c6ef31e5",FALSE,FALSE
"cell_topology_v1","H0",223,383,383,5.7325848032089,"exact_critical_breakpoint_v1","all_active_consecutive_levels","none","exclude_before_landscape_construction","9eed31530de5c5197bd53bf383c201cb5872bc0bef837d4348e3d299c6ef31e5",FALSE,FALSE
"cell_topology_v1","H0",224,383,383,5.67689836556293,"exact_critical_breakpoint_v1","all_active_consecutive_levels","none","exclude_before_landscape_construction","9eed31530de5c5197bd53bf383c201cb5872bc0bef837d4348e3d299c6ef31e5",FALSE,FALSE
"cell_topology_v1","H0",225,383,383,5.67605607149108,"exact_critical_breakpoint_v1","all_active_consecutive_levels","none","exclude_before_landscape_construction","9eed31530de5c5197bd53bf383c201cb5872bc0bef837d4348e3d299c6ef31e5",FALSE,FALSE
"cell_topology_v1","H0",226,383,383,5.67443598240625,"exact_critical_breakpoint_v1","all_active_consecutive_levels","none","exclude_before_landscape_construction","9eed31530de5c5197bd53bf383c201cb5872bc0bef837d4348e3d299c6ef31e5",FALSE,FALSE
"cell_topology_v1","H0",227,383,383,5.6182013383134,"exact_critical_breakpoint_v1","all_active_consecutive_levels","none","exclude_before_landscape_construction","9eed31530de5c5197bd53bf383c201cb5872bc0bef837d4348e3d299c6ef31e5",FALSE,FALSE
"cell_topology_v1","H0",228,383,383,5.61404727321095,"exact_critical_breakpoint_v1","all_active_consecutive_levels","none","exclude_before_landscape_construction","9eed31530de5c5197bd53bf383c201cb5872bc0bef837d4348e3d299c6ef31e5",FALSE,FALSE
"cell_topology_v1","H0",229,383,383,5.60620321688968,"exact_critical_breakpoint_v1","all_active_consecutive_levels","none","exclude_before_landscape_construction","9eed31530de5c5197bd53bf383c201cb5872bc0bef837d4348e3d299c6ef31e5",FALSE,FALSE
"cell_topology_v1","H0",230,383,383,5.58711297153905,"exact_critical_breakpoint_v1","all_active_consecutive_levels","none","exclude_before_landscape_construction","9eed31530de5c5197bd53bf383c201cb5872bc0bef837d4348e3d299c6ef31e5",FALSE,FALSE
"cell_topology_v1","H0",231,383,383,5.57830225104039,"exact_critical_breakpoint_v1","all_active_consecutive_levels","none","exclude_before_landscape_construction","9eed31530de5c5197bd53bf383c201cb5872bc0bef837d4348e3d299c6ef31e5",FALSE,FALSE
"cell_topology_v1","H0",232,383,383,5.57660733411496,"exact_critical_breakpoint_v1","all_active_consecutive_levels","none","exclude_before_landscape_construction","9eed31530de5c5197bd53bf383c201cb5872bc0bef837d4348e3d299c6ef31e5",FALSE,FALSE
"cell_topology_v1","H0",233,383,383,5.56632333621356,"exact_critical_breakpoint_v1","all_active_consecutive_levels","none","exclude_before_landscape_construction","9eed31530de5c5197bd53bf383c201cb5872bc0bef837d4348e3d299c6ef31e5",FALSE,FALSE
"cell_topology_v1","H0",234,383,383,5.52974206643636,"exact_critical_breakpoint_v1","all_active_consecutive_levels","none","exclude_before_landscape_construction","9eed31530de5c5197bd53bf383c201cb5872bc0bef837d4348e3d299c6ef31e5",FALSE,FALSE
"cell_topology_v1","H0",235,383,383,5.52119882636254,"exact_critical_breakpoint_v1","all_active_consecutive_levels","none","exclude_before_landscape_construction","9eed31530de5c5197bd53bf383c201cb5872bc0bef837d4348e3d299c6ef31e5",FALSE,FALSE
"cell_topology_v1","H0",236,383,383,5.4972578652293,"exact_critical_breakpoint_v1","all_active_consecutive_levels","none","exclude_before_landscape_construction","9eed31530de5c5197bd53bf383c201cb5872bc0bef837d4348e3d299c6ef31e5",FALSE,FALSE
"cell_topology_v1","H0",237,383,383,5.49286768547289,"exact_critical_breakpoint_v1","all_active_consecutive_levels","none","exclude_before_landscape_construction","9eed31530de5c5197bd53bf383c201cb5872bc0bef837d4348e3d299c6ef31e5",FALSE,FALSE
"cell_topology_v1","H0",238,383,383,5.49243263100167,"exact_critical_breakpoint_v1","all_active_consecutive_levels","none","exclude_before_landscape_construction","9eed31530de5c5197bd53bf383c201cb5872bc0bef837d4348e3d299c6ef31e5",FALSE,FALSE
"cell_topology_v1","H0",239,383,383,5.49151621853372,"exact_critical_breakpoint_v1","all_active_consecutive_levels","none","exclude_before_landscape_construction","9eed31530de5c5197bd53bf383c201cb5872bc0bef837d4348e3d299c6ef31e5",FALSE,FALSE
"cell_topology_v1","H0",240,383,383,5.48363287583438,"exact_critical_breakpoint_v1","all_active_consecutive_levels","none","exclude_before_landscape_construction","9eed31530de5c5197bd53bf383c201cb5872bc0bef837d4348e3d299c6ef31e5",FALSE,FALSE
"cell_topology_v1","H0",241,383,383,5.47878462051664,"exact_critical_breakpoint_v1","all_active_consecutive_levels","none","exclude_before_landscape_construction","9eed31530de5c5197bd53bf383c201cb5872bc0bef837d4348e3d299c6ef31e5",FALSE,FALSE
"cell_topology_v1","H0",242,383,383,5.45185770187076,"exact_critical_breakpoint_v1","all_active_consecutive_levels","none","exclude_before_landscape_construction","9eed31530de5c5197bd53bf383c201cb5872bc0bef837d4348e3d299c6ef31e5",FALSE,FALSE
"cell_topology_v1","H0",243,383,383,5.44421168934014,"exact_critical_breakpoint_v1","all_active_consecutive_levels","none","exclude_before_landscape_construction","9eed31530de5c5197bd53bf383c201cb5872bc0bef837d4348e3d299c6ef31e5",FALSE,FALSE
"cell_topology_v1","H0",244,383,383,5.43870742505905,"exact_critical_breakpoint_v1","all_active_consecutive_levels","none","exclude_before_landscape_construction","9eed31530de5c5197bd53bf383c201cb5872bc0bef837d4348e3d299c6ef31e5",FALSE,FALSE
"cell_topology_v1","H0",245,383,383,5.42409628254361,"exact_critical_breakpoint_v1","all_active_consecutive_levels","none","exclude_before_landscape_construction","9eed31530de5c5197bd53bf383c201cb5872bc0bef837d4348e3d299c6ef31e5",FALSE,FALSE
"cell_topology_v1","H0",246,383,383,5.42134209779388,"exact_critical_breakpoint_v1","all_active_consecutive_levels","none","exclude_before_landscape_construction","9eed31530de5c5197bd53bf383c201cb5872bc0bef837d4348e3d299c6ef31e5",FALSE,FALSE
"cell_topology_v1","H0",247,383,383,5.40381456082436,"exact_critical_breakpoint_v1","all_active_consecutive_levels","none","exclude_before_landscape_construction","9eed31530de5c5197bd53bf383c201cb5872bc0bef837d4348e3d299c6ef31e5",FALSE,FALSE
"cell_topology_v1","H0",248,383,383,5.38639685575296,"exact_critical_breakpoint_v1","all_active_consecutive_levels","none","exclude_before_landscape_construction","9eed31530de5c5197bd53bf383c201cb5872bc0bef837d4348e3d299c6ef31e5",FALSE,FALSE
"cell_topology_v1","H0",249,383,383,5.36640518985584,"exact_critical_breakpoint_v1","all_active_consecutive_levels","none","exclude_before_landscape_construction","9eed31530de5c5197bd53bf383c201cb5872bc0bef837d4348e3d299c6ef31e5",FALSE,FALSE
"cell_topology_v1","H0",250,383,383,5.36538671375247,"exact_critical_breakpoint_v1","all_active_consecutive_levels","none","exclude_before_landscape_construction","9eed31530de5c5197bd53bf383c201cb5872bc0bef837d4348e3d299c6ef31e5",FALSE,FALSE
"cell_topology_v1","H0",251,383,383,5.35420304987984,"exact_critical_breakpoint_v1","all_active_consecutive_levels","none","exclude_before_landscape_construction","9eed31530de5c5197bd53bf383c201cb5872bc0bef837d4348e3d299c6ef31e5",FALSE,FALSE
"cell_topology_v1","H0",252,383,383,5.3530318434649,"exact_critical_breakpoint_v1","all_active_consecutive_levels","none","exclude_before_landscape_construction","9eed31530de5c5197bd53bf383c201cb5872bc0bef837d4348e3d299c6ef31e5",FALSE,FALSE
"cell_topology_v1","H0",253,383,383,5.35278814085031,"exact_critical_breakpoint_v1","all_active_consecutive_levels","none","exclude_before_landscape_construction","9eed31530de5c5197bd53bf383c201cb5872bc0bef837d4348e3d299c6ef31e5",FALSE,FALSE
"cell_topology_v1","H0",254,383,383,5.34957679121262,"exact_critical_breakpoint_v1","all_active_consecutive_levels","none","exclude_before_landscape_construction","9eed31530de5c5197bd53bf383c201cb5872bc0bef837d4348e3d299c6ef31e5",FALSE,FALSE
"cell_topology_v1","H0",255,383,383,5.34573659605561,"exact_critical_breakpoint_v1","all_active_consecutive_levels","none","exclude_before_landscape_construction","9eed31530de5c5197bd53bf383c201cb5872bc0bef837d4348e3d299c6ef31e5",FALSE,FALSE
"cell_topology_v1","H0",256,383,383,5.33775842530003,"exact_critical_breakpoint_v1","all_active_consecutive_levels","none","exclude_before_landscape_construction","9eed31530de5c5197bd53bf383c201cb5872bc0bef837d4348e3d299c6ef31e5",FALSE,FALSE
"cell_topology_v1","H0",257,383,383,5.3348961780245,"exact_critical_breakpoint_v1","all_active_consecutive_levels","none","exclude_before_landscape_construction","9eed31530de5c5197bd53bf383c201cb5872bc0bef837d4348e3d299c6ef31e5",FALSE,FALSE
"cell_topology_v1","H0",258,383,383,5.31582832224433,"exact_critical_breakpoint_v1","all_active_consecutive_levels","none","exclude_before_landscape_construction","9eed31530de5c5197bd53bf383c201cb5872bc0bef837d4348e3d299c6ef31e5",FALSE,FALSE
"cell_topology_v1","H0",259,383,383,5.30690139479325,"exact_critical_breakpoint_v1","all_active_consecutive_levels","none","exclude_before_landscape_construction","9eed31530de5c5197bd53bf383c201cb5872bc0bef837d4348e3d299c6ef31e5",FALSE,FALSE
"cell_topology_v1","H0",260,383,383,5.29779786514968,"exact_critical_breakpoint_v1","all_active_consecutive_levels","none","exclude_before_landscape_construction","9eed31530de5c5197bd53bf383c201cb5872bc0bef837d4348e3d299c6ef31e5",FALSE,FALSE
"cell_topology_v1","H0",261,383,383,5.25249570891608,"exact_critical_breakpoint_v1","all_active_consecutive_levels","none","exclude_before_landscape_construction","9eed31530de5c5197bd53bf383c201cb5872bc0bef837d4348e3d299c6ef31e5",FALSE,FALSE
"cell_topology_v1","H0",262,383,383,5.22120428011988,"exact_critical_breakpoint_v1","all_active_consecutive_levels","none","exclude_before_landscape_construction","9eed31530de5c5197bd53bf383c201cb5872bc0bef837d4348e3d299c6ef31e5",FALSE,FALSE
"cell_topology_v1","H0",263,383,383,5.22108810669384,"exact_critical_breakpoint_v1","all_active_consecutive_levels","none","exclude_before_landscape_construction","9eed31530de5c5197bd53bf383c201cb5872bc0bef837d4348e3d299c6ef31e5",FALSE,FALSE
"cell_topology_v1","H0",264,383,383,5.21988989514136,"exact_critical_breakpoint_v1","all_active_consecutive_levels","none","exclude_before_landscape_construction","9eed31530de5c5197bd53bf383c201cb5872bc0bef837d4348e3d299c6ef31e5",FALSE,FALSE
"cell_topology_v1","H0",265,383,383,5.20955118646116,"exact_critical_breakpoint_v1","all_active_consecutive_levels","none","exclude_before_landscape_construction","9eed31530de5c5197bd53bf383c201cb5872bc0bef837d4348e3d299c6ef31e5",FALSE,FALSE
"cell_topology_v1","H0",266,383,383,5.20321256561948,"exact_critical_breakpoint_v1","all_active_consecutive_levels","none","exclude_before_landscape_construction","9eed31530de5c5197bd53bf383c201cb5872bc0bef837d4348e3d299c6ef31e5",FALSE,FALSE
"cell_topology_v1","H0",267,383,383,5.18562315334964,"exact_critical_breakpoint_v1","all_active_consecutive_levels","none","exclude_before_landscape_construction","9eed31530de5c5197bd53bf383c201cb5872bc0bef837d4348e3d299c6ef31e5",FALSE,FALSE
"cell_topology_v1","H0",268,383,383,5.18356780473378,"exact_critical_breakpoint_v1","all_active_consecutive_levels","none","exclude_before_landscape_construction","9eed31530de5c5197bd53bf383c201cb5872bc0bef837d4348e3d299c6ef31e5",FALSE,FALSE
"cell_topology_v1","H0",269,383,383,5.11617825916664,"exact_critical_breakpoint_v1","all_active_consecutive_levels","none","exclude_before_landscape_construction","9eed31530de5c5197bd53bf383c201cb5872bc0bef837d4348e3d299c6ef31e5",FALSE,FALSE
"cell_topology_v1","H0",270,383,383,5.10678871225632,"exact_critical_breakpoint_v1","all_active_consecutive_levels","none","exclude_before_landscape_construction","9eed31530de5c5197bd53bf383c201cb5872bc0bef837d4348e3d299c6ef31e5",FALSE,FALSE
"cell_topology_v1","H0",271,383,383,5.08480571515665,"exact_critical_breakpoint_v1","all_active_consecutive_levels","none","exclude_before_landscape_construction","9eed31530de5c5197bd53bf383c201cb5872bc0bef837d4348e3d299c6ef31e5",FALSE,FALSE
"cell_topology_v1","H0",272,383,383,5.06989884352114,"exact_critical_breakpoint_v1","all_active_consecutive_levels","none","exclude_before_landscape_construction","9eed31530de5c5197bd53bf383c201cb5872bc0bef837d4348e3d299c6ef31e5",FALSE,FALSE
"cell_topology_v1","H0",273,383,383,5.06880005330162,"exact_critical_breakpoint_v1","all_active_consecutive_levels","none","exclude_before_landscape_construction","9eed31530de5c5197bd53bf383c201cb5872bc0bef837d4348e3d299c6ef31e5",FALSE,FALSE
"cell_topology_v1","H0",274,383,383,5.06322281292743,"exact_critical_breakpoint_v1","all_active_consecutive_levels","none","exclude_before_landscape_construction","9eed31530de5c5197bd53bf383c201cb5872bc0bef837d4348e3d299c6ef31e5",FALSE,FALSE
"cell_topology_v1","H0",275,383,383,5.03223374840055,"exact_critical_breakpoint_v1","all_active_consecutive_levels","none","exclude_before_landscape_construction","9eed31530de5c5197bd53bf383c201cb5872bc0bef837d4348e3d299c6ef31e5",FALSE,FALSE
"cell_topology_v1","H0",276,383,383,5.00188208793477,"exact_critical_breakpoint_v1","all_active_consecutive_levels","none","exclude_before_landscape_construction","9eed31530de5c5197bd53bf383c201cb5872bc0bef837d4348e3d299c6ef31e5",FALSE,FALSE
"cell_topology_v1","H0",277,383,383,4.96735910969169,"exact_critical_breakpoint_v1","all_active_consecutive_levels","none","exclude_before_landscape_construction","9eed31530de5c5197bd53bf383c201cb5872bc0bef837d4348e3d299c6ef31e5",FALSE,FALSE
"cell_topology_v1","H0",278,383,383,4.96702484742399,"exact_critical_breakpoint_v1","all_active_consecutive_levels","none","exclude_before_landscape_construction","9eed31530de5c5197bd53bf383c201cb5872bc0bef837d4348e3d299c6ef31e5",FALSE,FALSE
"cell_topology_v1","H0",279,383,383,4.92779564256341,"exact_critical_breakpoint_v1","all_active_consecutive_levels","none","exclude_before_landscape_construction","9eed31530de5c5197bd53bf383c201cb5872bc0bef837d4348e3d299c6ef31e5",FALSE,FALSE
"cell_topology_v1","H0",280,383,383,4.88592600898021,"exact_critical_breakpoint_v1","all_active_consecutive_levels","none","exclude_before_landscape_construction","9eed31530de5c5197bd53bf383c201cb5872bc0bef837d4348e3d299c6ef31e5",FALSE,FALSE
"cell_topology_v1","H0",281,383,383,4.88337476534532,"exact_critical_breakpoint_v1","all_active_consecutive_levels","none","exclude_before_landscape_construction","9eed31530de5c5197bd53bf383c201cb5872bc0bef837d4348e3d299c6ef31e5",FALSE,FALSE
"cell_topology_v1","H0",282,383,383,4.86455488584093,"exact_critical_breakpoint_v1","all_active_consecutive_levels","none","exclude_before_landscape_construction","9eed31530de5c5197bd53bf383c201cb5872bc0bef837d4348e3d299c6ef31e5",FALSE,FALSE
"cell_topology_v1","H0",283,383,383,4.84551922322153,"exact_critical_breakpoint_v1","all_active_consecutive_levels","none","exclude_before_landscape_construction","9eed31530de5c5197bd53bf383c201cb5872bc0bef837d4348e3d299c6ef31e5",FALSE,FALSE
"cell_topology_v1","H0",284,383,383,4.84241007763357,"exact_critical_breakpoint_v1","all_active_consecutive_levels","none","exclude_before_landscape_construction","9eed31530de5c5197bd53bf383c201cb5872bc0bef837d4348e3d299c6ef31e5",FALSE,FALSE
"cell_topology_v1","H0",285,383,383,4.83959634321229,"exact_critical_breakpoint_v1","all_active_consecutive_levels","none","exclude_before_landscape_construction","9eed31530de5c5197bd53bf383c201cb5872bc0bef837d4348e3d299c6ef31e5",FALSE,FALSE
"cell_topology_v1","H0",286,383,383,4.83354048542031,"exact_critical_breakpoint_v1","all_active_consecutive_levels","none","exclude_before_landscape_construction","9eed31530de5c5197bd53bf383c201cb5872bc0bef837d4348e3d299c6ef31e5",FALSE,FALSE
"cell_topology_v1","H0",287,383,383,4.8296752135701,"exact_critical_breakpoint_v1","all_active_consecutive_levels","none","exclude_before_landscape_construction","9eed31530de5c5197bd53bf383c201cb5872bc0bef837d4348e3d299c6ef31e5",FALSE,FALSE
"cell_topology_v1","H0",288,383,383,4.80819576068461,"exact_critical_breakpoint_v1","all_active_consecutive_levels","none","exclude_before_landscape_construction","9eed31530de5c5197bd53bf383c201cb5872bc0bef837d4348e3d299c6ef31e5",FALSE,FALSE
"cell_topology_v1","H0",289,383,383,4.80361166923571,"exact_critical_breakpoint_v1","all_active_consecutive_levels","none","exclude_before_landscape_construction","9eed31530de5c5197bd53bf383c201cb5872bc0bef837d4348e3d299c6ef31e5",FALSE,FALSE
"cell_topology_v1","H0",290,383,383,4.79872570601983,"exact_critical_breakpoint_v1","all_active_consecutive_levels","none","exclude_before_landscape_construction","9eed31530de5c5197bd53bf383c201cb5872bc0bef837d4348e3d299c6ef31e5",FALSE,FALSE
"cell_topology_v1","H0",291,383,383,4.78728650214565,"exact_critical_breakpoint_v1","all_active_consecutive_levels","none","exclude_before_landscape_construction","9eed31530de5c5197bd53bf383c201cb5872bc0bef837d4348e3d299c6ef31e5",FALSE,FALSE
"cell_topology_v1","H0",292,383,383,4.78551176074598,"exact_critical_breakpoint_v1","all_active_consecutive_levels","none","exclude_before_landscape_construction","9eed31530de5c5197bd53bf383c201cb5872bc0bef837d4348e3d299c6ef31e5",FALSE,FALSE
"cell_topology_v1","H0",293,383,383,4.78074801794663,"exact_critical_breakpoint_v1","all_active_consecutive_levels","none","exclude_before_landscape_construction","9eed31530de5c5197bd53bf383c201cb5872bc0bef837d4348e3d299c6ef31e5",FALSE,FALSE
"cell_topology_v1","H0",294,383,383,4.77983693674789,"exact_critical_breakpoint_v1","all_active_consecutive_levels","none","exclude_before_landscape_construction","9eed31530de5c5197bd53bf383c201cb5872bc0bef837d4348e3d299c6ef31e5",FALSE,FALSE
"cell_topology_v1","H0",295,383,383,4.73779945991015,"exact_critical_breakpoint_v1","all_active_consecutive_levels","none","exclude_before_landscape_construction","9eed31530de5c5197bd53bf383c201cb5872bc0bef837d4348e3d299c6ef31e5",FALSE,FALSE
"cell_topology_v1","H0",296,383,383,4.73721432494764,"exact_critical_breakpoint_v1","all_active_consecutive_levels","none","exclude_before_landscape_construction","9eed31530de5c5197bd53bf383c201cb5872bc0bef837d4348e3d299c6ef31e5",FALSE,FALSE
"cell_topology_v1","H0",297,383,383,4.71969695818184,"exact_critical_breakpoint_v1","all_active_consecutive_levels","none","exclude_before_landscape_construction","9eed31530de5c5197bd53bf383c201cb5872bc0bef837d4348e3d299c6ef31e5",FALSE,FALSE
"cell_topology_v1","H0",298,383,383,4.70541412472848,"exact_critical_breakpoint_v1","all_active_consecutive_levels","none","exclude_before_landscape_construction","9eed31530de5c5197bd53bf383c201cb5872bc0bef837d4348e3d299c6ef31e5",FALSE,FALSE
"cell_topology_v1","H0",299,383,383,4.70232146915684,"exact_critical_breakpoint_v1","all_active_consecutive_levels","none","exclude_before_landscape_construction","9eed31530de5c5197bd53bf383c201cb5872bc0bef837d4348e3d299c6ef31e5",FALSE,FALSE
"cell_topology_v1","H0",300,383,383,4.69209395087462,"exact_critical_breakpoint_v1","all_active_consecutive_levels","none","exclude_before_landscape_construction","9eed31530de5c5197bd53bf383c201cb5872bc0bef837d4348e3d299c6ef31e5",FALSE,FALSE
"cell_topology_v1","H0",301,383,383,4.68879651926565,"exact_critical_breakpoint_v1","all_active_consecutive_levels","none","exclude_before_landscape_construction","9eed31530de5c5197bd53bf383c201cb5872bc0bef837d4348e3d299c6ef31e5",FALSE,FALSE
"cell_topology_v1","H0",302,383,383,4.68560949297675,"exact_critical_breakpoint_v1","all_active_consecutive_levels","none","exclude_before_landscape_construction","9eed31530de5c5197bd53bf383c201cb5872bc0bef837d4348e3d299c6ef31e5",FALSE,FALSE
"cell_topology_v1","H0",303,383,383,4.68459184532422,"exact_critical_breakpoint_v1","all_active_consecutive_levels","none","exclude_before_landscape_construction","9eed31530de5c5197bd53bf383c201cb5872bc0bef837d4348e3d299c6ef31e5",FALSE,FALSE
"cell_topology_v1","H0",304,383,383,4.63483650781421,"exact_critical_breakpoint_v1","all_active_consecutive_levels","none","exclude_before_landscape_construction","9eed31530de5c5197bd53bf383c201cb5872bc0bef837d4348e3d299c6ef31e5",FALSE,FALSE
"cell_topology_v1","H0",305,383,383,4.63092050932142,"exact_critical_breakpoint_v1","all_active_consecutive_levels","none","exclude_before_landscape_construction","9eed31530de5c5197bd53bf383c201cb5872bc0bef837d4348e3d299c6ef31e5",FALSE,FALSE
"cell_topology_v1","H0",306,383,383,4.62605034728345,"exact_critical_breakpoint_v1","all_active_consecutive_levels","none","exclude_before_landscape_construction","9eed31530de5c5197bd53bf383c201cb5872bc0bef837d4348e3d299c6ef31e5",FALSE,FALSE
"cell_topology_v1","H0",307,383,383,4.6205525642651,"exact_critical_breakpoint_v1","all_active_consecutive_levels","none","exclude_before_landscape_construction","9eed31530de5c5197bd53bf383c201cb5872bc0bef837d4348e3d299c6ef31e5",FALSE,FALSE
"cell_topology_v1","H0",308,383,383,4.58606314048868,"exact_critical_breakpoint_v1","all_active_consecutive_levels","none","exclude_before_landscape_construction","9eed31530de5c5197bd53bf383c201cb5872bc0bef837d4348e3d299c6ef31e5",FALSE,FALSE
"cell_topology_v1","H0",309,383,383,4.56011536858317,"exact_critical_breakpoint_v1","all_active_consecutive_levels","none","exclude_before_landscape_construction","9eed31530de5c5197bd53bf383c201cb5872bc0bef837d4348e3d299c6ef31e5",FALSE,FALSE
"cell_topology_v1","H0",310,383,383,4.54874255623376,"exact_critical_breakpoint_v1","all_active_consecutive_levels","none","exclude_before_landscape_construction","9eed31530de5c5197bd53bf383c201cb5872bc0bef837d4348e3d299c6ef31e5",FALSE,FALSE
"cell_topology_v1","H0",311,383,383,4.54292745866572,"exact_critical_breakpoint_v1","all_active_consecutive_levels","none","exclude_before_landscape_construction","9eed31530de5c5197bd53bf383c201cb5872bc0bef837d4348e3d299c6ef31e5",FALSE,FALSE
"cell_topology_v1","H0",312,383,383,4.54185578902653,"exact_critical_breakpoint_v1","all_active_consecutive_levels","none","exclude_before_landscape_construction","9eed31530de5c5197bd53bf383c201cb5872bc0bef837d4348e3d299c6ef31e5",FALSE,FALSE
"cell_topology_v1","H0",313,383,383,4.50015518289724,"exact_critical_breakpoint_v1","all_active_consecutive_levels","none","exclude_before_landscape_construction","9eed31530de5c5197bd53bf383c201cb5872bc0bef837d4348e3d299c6ef31e5",FALSE,FALSE
"cell_topology_v1","H0",314,383,383,4.46942636310772,"exact_critical_breakpoint_v1","all_active_consecutive_levels","none","exclude_before_landscape_construction","9eed31530de5c5197bd53bf383c201cb5872bc0bef837d4348e3d299c6ef31e5",FALSE,FALSE
"cell_topology_v1","H0",315,383,383,4.45413750474389,"exact_critical_breakpoint_v1","all_active_consecutive_levels","none","exclude_before_landscape_construction","9eed31530de5c5197bd53bf383c201cb5872bc0bef837d4348e3d299c6ef31e5",FALSE,FALSE
"cell_topology_v1","H0",316,383,383,4.45063216424792,"exact_critical_breakpoint_v1","all_active_consecutive_levels","none","exclude_before_landscape_construction","9eed31530de5c5197bd53bf383c201cb5872bc0bef837d4348e3d299c6ef31e5",FALSE,FALSE
"cell_topology_v1","H0",317,383,383,4.43377209849247,"exact_critical_breakpoint_v1","all_active_consecutive_levels","none","exclude_before_landscape_construction","9eed31530de5c5197bd53bf383c201cb5872bc0bef837d4348e3d299c6ef31e5",FALSE,FALSE
"cell_topology_v1","H0",318,383,383,4.43057112502304,"exact_critical_breakpoint_v1","all_active_consecutive_levels","none","exclude_before_landscape_construction","9eed31530de5c5197bd53bf383c201cb5872bc0bef837d4348e3d299c6ef31e5",FALSE,FALSE
"cell_topology_v1","H0",319,383,383,4.42232554857323,"exact_critical_breakpoint_v1","all_active_consecutive_levels","none","exclude_before_landscape_construction","9eed31530de5c5197bd53bf383c201cb5872bc0bef837d4348e3d299c6ef31e5",FALSE,FALSE
"cell_topology_v1","H0",320,383,383,4.36921590596218,"exact_critical_breakpoint_v1","all_active_consecutive_levels","none","exclude_before_landscape_construction","9eed31530de5c5197bd53bf383c201cb5872bc0bef837d4348e3d299c6ef31e5",FALSE,FALSE
"cell_topology_v1","H0",321,383,383,4.35137121030929,"exact_critical_breakpoint_v1","all_active_consecutive_levels","none","exclude_before_landscape_construction","9eed31530de5c5197bd53bf383c201cb5872bc0bef837d4348e3d299c6ef31e5",FALSE,FALSE
"cell_topology_v1","H0",322,383,383,4.33847825619064,"exact_critical_breakpoint_v1","all_active_consecutive_levels","none","exclude_before_landscape_construction","9eed31530de5c5197bd53bf383c201cb5872bc0bef837d4348e3d299c6ef31e5",FALSE,FALSE
"cell_topology_v1","H0",323,383,383,4.3234636044713,"exact_critical_breakpoint_v1","all_active_consecutive_levels","none","exclude_before_landscape_construction","9eed31530de5c5197bd53bf383c201cb5872bc0bef837d4348e3d299c6ef31e5",FALSE,FALSE
"cell_topology_v1","H0",324,383,383,4.32331004734175,"exact_critical_breakpoint_v1","all_active_consecutive_levels","none","exclude_before_landscape_construction","9eed31530de5c5197bd53bf383c201cb5872bc0bef837d4348e3d299c6ef31e5",FALSE,FALSE
"cell_topology_v1","H0",325,383,383,4.30087525432425,"exact_critical_breakpoint_v1","all_active_consecutive_levels","none","exclude_before_landscape_construction","9eed31530de5c5197bd53bf383c201cb5872bc0bef837d4348e3d299c6ef31e5",FALSE,FALSE
"cell_topology_v1","H0",326,383,383,4.30012968460269,"exact_critical_breakpoint_v1","all_active_consecutive_levels","none","exclude_before_landscape_construction","9eed31530de5c5197bd53bf383c201cb5872bc0bef837d4348e3d299c6ef31e5",FALSE,FALSE
"cell_topology_v1","H0",327,383,383,4.28997821945596,"exact_critical_breakpoint_v1","all_active_consecutive_levels","none","exclude_before_landscape_construction","9eed31530de5c5197bd53bf383c201cb5872bc0bef837d4348e3d299c6ef31e5",FALSE,FALSE
"cell_topology_v1","H0",328,383,383,4.24923692284123,"exact_critical_breakpoint_v1","all_active_consecutive_levels","none","exclude_before_landscape_construction","9eed31530de5c5197bd53bf383c201cb5872bc0bef837d4348e3d299c6ef31e5",FALSE,FALSE
"cell_topology_v1","H0",329,383,383,4.23804996470425,"exact_critical_breakpoint_v1","all_active_consecutive_levels","none","exclude_before_landscape_construction","9eed31530de5c5197bd53bf383c201cb5872bc0bef837d4348e3d299c6ef31e5",FALSE,FALSE
"cell_topology_v1","H0",330,383,383,4.23511369834054,"exact_critical_breakpoint_v1","all_active_consecutive_levels","none","exclude_before_landscape_construction","9eed31530de5c5197bd53bf383c201cb5872bc0bef837d4348e3d299c6ef31e5",FALSE,FALSE
"cell_topology_v1","H0",331,383,383,4.22174959123045,"exact_critical_breakpoint_v1","all_active_consecutive_levels","none","exclude_before_landscape_construction","9eed31530de5c5197bd53bf383c201cb5872bc0bef837d4348e3d299c6ef31e5",FALSE,FALSE
"cell_topology_v1","H0",332,383,383,4.20089727752027,"exact_critical_breakpoint_v1","all_active_consecutive_levels","none","exclude_before_landscape_construction","9eed31530de5c5197bd53bf383c201cb5872bc0bef837d4348e3d299c6ef31e5",FALSE,FALSE
"cell_topology_v1","H0",333,383,383,4.11923026713656,"exact_critical_breakpoint_v1","all_active_consecutive_levels","none","exclude_before_landscape_construction","9eed31530de5c5197bd53bf383c201cb5872bc0bef837d4348e3d299c6ef31e5",FALSE,FALSE
"cell_topology_v1","H0",334,383,383,4.1075133070871,"exact_critical_breakpoint_v1","all_active_consecutive_levels","none","exclude_before_landscape_construction","9eed31530de5c5197bd53bf383c201cb5872bc0bef837d4348e3d299c6ef31e5",FALSE,FALSE
"cell_topology_v1","H0",335,383,383,4.06865522737118,"exact_critical_breakpoint_v1","all_active_consecutive_levels","none","exclude_before_landscape_construction","9eed31530de5c5197bd53bf383c201cb5872bc0bef837d4348e3d299c6ef31e5",FALSE,FALSE
"cell_topology_v1","H0",336,383,383,4.06519855634935,"exact_critical_breakpoint_v1","all_active_consecutive_levels","none","exclude_before_landscape_construction","9eed31530de5c5197bd53bf383c201cb5872bc0bef837d4348e3d299c6ef31e5",FALSE,FALSE
"cell_topology_v1","H0",337,383,383,4.04223751941263,"exact_critical_breakpoint_v1","all_active_consecutive_levels","none","exclude_before_landscape_construction","9eed31530de5c5197bd53bf383c201cb5872bc0bef837d4348e3d299c6ef31e5",FALSE,FALSE
"cell_topology_v1","H0",338,383,383,4.02728135459363,"exact_critical_breakpoint_v1","all_active_consecutive_levels","none","exclude_before_landscape_construction","9eed31530de5c5197bd53bf383c201cb5872bc0bef837d4348e3d299c6ef31e5",FALSE,FALSE
"cell_topology_v1","H0",339,383,383,4.01009350025526,"exact_critical_breakpoint_v1","all_active_consecutive_levels","none","exclude_before_landscape_construction","9eed31530de5c5197bd53bf383c201cb5872bc0bef837d4348e3d299c6ef31e5",FALSE,FALSE
"cell_topology_v1","H0",340,383,383,3.99844150123814,"exact_critical_breakpoint_v1","all_active_consecutive_levels","none","exclude_before_landscape_construction","9eed31530de5c5197bd53bf383c201cb5872bc0bef837d4348e3d299c6ef31e5",FALSE,FALSE
"cell_topology_v1","H0",341,383,383,3.98525924157935,"exact_critical_breakpoint_v1","all_active_consecutive_levels","none","exclude_before_landscape_construction","9eed31530de5c5197bd53bf383c201cb5872bc0bef837d4348e3d299c6ef31e5",FALSE,FALSE
"cell_topology_v1","H0",342,383,383,3.97109244795044,"exact_critical_breakpoint_v1","all_active_consecutive_levels","none","exclude_before_landscape_construction","9eed31530de5c5197bd53bf383c201cb5872bc0bef837d4348e3d299c6ef31e5",FALSE,FALSE
"cell_topology_v1","H0",343,383,383,3.95572131120177,"exact_critical_breakpoint_v1","all_active_consecutive_levels","none","exclude_before_landscape_construction","9eed31530de5c5197bd53bf383c201cb5872bc0bef837d4348e3d299c6ef31e5",FALSE,FALSE
"cell_topology_v1","H0",344,383,383,3.90868809044557,"exact_critical_breakpoint_v1","all_active_consecutive_levels","none","exclude_before_landscape_construction","9eed31530de5c5197bd53bf383c201cb5872bc0bef837d4348e3d299c6ef31e5",FALSE,FALSE
"cell_topology_v1","H0",345,383,383,3.89758913588949,"exact_critical_breakpoint_v1","all_active_consecutive_levels","none","exclude_before_landscape_construction","9eed31530de5c5197bd53bf383c201cb5872bc0bef837d4348e3d299c6ef31e5",FALSE,FALSE
"cell_topology_v1","H0",346,383,383,3.81632429572627,"exact_critical_breakpoint_v1","all_active_consecutive_levels","none","exclude_before_landscape_construction","9eed31530de5c5197bd53bf383c201cb5872bc0bef837d4348e3d299c6ef31e5",FALSE,FALSE
"cell_topology_v1","H0",347,383,383,3.81386376904022,"exact_critical_breakpoint_v1","all_active_consecutive_levels","none","exclude_before_landscape_construction","9eed31530de5c5197bd53bf383c201cb5872bc0bef837d4348e3d299c6ef31e5",FALSE,FALSE
"cell_topology_v1","H0",348,383,383,3.79493490308149,"exact_critical_breakpoint_v1","all_active_consecutive_levels","none","exclude_before_landscape_construction","9eed31530de5c5197bd53bf383c201cb5872bc0bef837d4348e3d299c6ef31e5",FALSE,FALSE
"cell_topology_v1","H0",349,383,383,3.76697117229912,"exact_critical_breakpoint_v1","all_active_consecutive_levels","none","exclude_before_landscape_construction","9eed31530de5c5197bd53bf383c201cb5872bc0bef837d4348e3d299c6ef31e5",FALSE,FALSE
"cell_topology_v1","H0",350,383,383,3.75020046763602,"exact_critical_breakpoint_v1","all_active_consecutive_levels","none","exclude_before_landscape_construction","9eed31530de5c5197bd53bf383c201cb5872bc0bef837d4348e3d299c6ef31e5",FALSE,FALSE
"cell_topology_v1","H0",351,383,383,3.741625691691,"exact_critical_breakpoint_v1","all_active_consecutive_levels","none","exclude_before_landscape_construction","9eed31530de5c5197bd53bf383c201cb5872bc0bef837d4348e3d299c6ef31e5",FALSE,FALSE
"cell_topology_v1","H0",352,383,383,3.70068489346411,"exact_critical_breakpoint_v1","all_active_consecutive_levels","none","exclude_before_landscape_construction","9eed31530de5c5197bd53bf383c201cb5872bc0bef837d4348e3d299c6ef31e5",FALSE,FALSE
"cell_topology_v1","H0",353,383,383,3.68340039060076,"exact_critical_breakpoint_v1","all_active_consecutive_levels","none","exclude_before_landscape_construction","9eed31530de5c5197bd53bf383c201cb5872bc0bef837d4348e3d299c6ef31e5",FALSE,FALSE
"cell_topology_v1","H0",354,383,383,3.65309301590087,"exact_critical_breakpoint_v1","all_active_consecutive_levels","none","exclude_before_landscape_construction","9eed31530de5c5197bd53bf383c201cb5872bc0bef837d4348e3d299c6ef31e5",FALSE,FALSE
"cell_topology_v1","H0",355,383,383,3.64125173576975,"exact_critical_breakpoint_v1","all_active_consecutive_levels","none","exclude_before_landscape_construction","9eed31530de5c5197bd53bf383c201cb5872bc0bef837d4348e3d299c6ef31e5",FALSE,FALSE
"cell_topology_v1","H0",356,383,383,3.64011103479219,"exact_critical_breakpoint_v1","all_active_consecutive_levels","none","exclude_before_landscape_construction","9eed31530de5c5197bd53bf383c201cb5872bc0bef837d4348e3d299c6ef31e5",FALSE,FALSE
"cell_topology_v1","H0",357,383,383,3.61757990555419,"exact_critical_breakpoint_v1","all_active_consecutive_levels","none","exclude_before_landscape_construction","9eed31530de5c5197bd53bf383c201cb5872bc0bef837d4348e3d299c6ef31e5",FALSE,FALSE
"cell_topology_v1","H0",358,383,383,3.54780685850155,"exact_critical_breakpoint_v1","all_active_consecutive_levels","none","exclude_before_landscape_construction","9eed31530de5c5197bd53bf383c201cb5872bc0bef837d4348e3d299c6ef31e5",FALSE,FALSE
"cell_topology_v1","H0",359,383,383,3.50896572316713,"exact_critical_breakpoint_v1","all_active_consecutive_levels","none","exclude_before_landscape_construction","9eed31530de5c5197bd53bf383c201cb5872bc0bef837d4348e3d299c6ef31e5",FALSE,FALSE
"cell_topology_v1","H0",360,383,383,3.49003268900823,"exact_critical_breakpoint_v1","all_active_consecutive_levels","none","exclude_before_landscape_construction","9eed31530de5c5197bd53bf383c201cb5872bc0bef837d4348e3d299c6ef31e5",FALSE,FALSE
"cell_topology_v1","H0",361,383,383,3.48343090360107,"exact_critical_breakpoint_v1","all_active_consecutive_levels","none","exclude_before_landscape_construction","9eed31530de5c5197bd53bf383c201cb5872bc0bef837d4348e3d299c6ef31e5",FALSE,FALSE
"cell_topology_v1","H0",362,383,383,3.39082445684721,"exact_critical_breakpoint_v1","all_active_consecutive_levels","none","exclude_before_landscape_construction","9eed31530de5c5197bd53bf383c201cb5872bc0bef837d4348e3d299c6ef31e5",FALSE,FALSE
"cell_topology_v1","H0",363,383,383,3.36404841158371,"exact_critical_breakpoint_v1","all_active_consecutive_levels","none","exclude_before_landscape_construction","9eed31530de5c5197bd53bf383c201cb5872bc0bef837d4348e3d299c6ef31e5",FALSE,FALSE
"cell_topology_v1","H0",364,383,383,3.35455133533631,"exact_critical_breakpoint_v1","all_active_consecutive_levels","none","exclude_before_landscape_construction","9eed31530de5c5197bd53bf383c201cb5872bc0bef837d4348e3d299c6ef31e5",FALSE,FALSE
"cell_topology_v1","H0",365,383,383,3.32840144922494,"exact_critical_breakpoint_v1","all_active_consecutive_levels","none","exclude_before_landscape_construction","9eed31530de5c5197bd53bf383c201cb5872bc0bef837d4348e3d299c6ef31e5",FALSE,FALSE
"cell_topology_v1","H0",366,383,383,3.30622873448164,"exact_critical_breakpoint_v1","all_active_consecutive_levels","none","exclude_before_landscape_construction","9eed31530de5c5197bd53bf383c201cb5872bc0bef837d4348e3d299c6ef31e5",FALSE,FALSE
"cell_topology_v1","H0",367,383,383,3.27523986533132,"exact_critical_breakpoint_v1","all_active_consecutive_levels","none","exclude_before_landscape_construction","9eed31530de5c5197bd53bf383c201cb5872bc0bef837d4348e3d299c6ef31e5",FALSE,FALSE
"cell_topology_v1","H0",368,383,383,3.23403795312896,"exact_critical_breakpoint_v1","all_active_consecutive_levels","none","exclude_before_landscape_construction","9eed31530de5c5197bd53bf383c201cb5872bc0bef837d4348e3d299c6ef31e5",FALSE,FALSE
"cell_topology_v1","H0",369,383,383,3.227614055168,"exact_critical_breakpoint_v1","all_active_consecutive_levels","none","exclude_before_landscape_construction","9eed31530de5c5197bd53bf383c201cb5872bc0bef837d4348e3d299c6ef31e5",FALSE,FALSE
"cell_topology_v1","H0",370,383,383,3.17483586046287,"exact_critical_breakpoint_v1","all_active_consecutive_levels","none","exclude_before_landscape_construction","9eed31530de5c5197bd53bf383c201cb5872bc0bef837d4348e3d299c6ef31e5",FALSE,FALSE
"cell_topology_v1","H0",371,383,383,3.13126777241997,"exact_critical_breakpoint_v1","all_active_consecutive_levels","none","exclude_before_landscape_construction","9eed31530de5c5197bd53bf383c201cb5872bc0bef837d4348e3d299c6ef31e5",FALSE,FALSE
"cell_topology_v1","H0",372,383,383,3.01207512818965,"exact_critical_breakpoint_v1","all_active_consecutive_levels","none","exclude_before_landscape_construction","9eed31530de5c5197bd53bf383c201cb5872bc0bef837d4348e3d299c6ef31e5",FALSE,FALSE
"cell_topology_v1","H0",373,383,383,3.00224795790284,"exact_critical_breakpoint_v1","all_active_consecutive_levels","none","exclude_before_landscape_construction","9eed31530de5c5197bd53bf383c201cb5872bc0bef837d4348e3d299c6ef31e5",FALSE,FALSE
"cell_topology_v1","H0",374,383,383,2.94914186925449,"exact_critical_breakpoint_v1","all_active_consecutive_levels","none","exclude_before_landscape_construction","9eed31530de5c5197bd53bf383c201cb5872bc0bef837d4348e3d299c6ef31e5",FALSE,FALSE
"cell_topology_v1","H0",375,383,383,2.89126817551002,"exact_critical_breakpoint_v1","all_active_consecutive_levels","none","exclude_before_landscape_construction","9eed31530de5c5197bd53bf383c201cb5872bc0bef837d4348e3d299c6ef31e5",FALSE,FALSE
"cell_topology_v1","H0",376,383,383,2.85745732790864,"exact_critical_breakpoint_v1","all_active_consecutive_levels","none","exclude_before_landscape_construction","9eed31530de5c5197bd53bf383c201cb5872bc0bef837d4348e3d299c6ef31e5",FALSE,FALSE
"cell_topology_v1","H0",377,383,383,2.78920428125465,"exact_critical_breakpoint_v1","all_active_consecutive_levels","none","exclude_before_landscape_construction","9eed31530de5c5197bd53bf383c201cb5872bc0bef837d4348e3d299c6ef31e5",FALSE,FALSE
"cell_topology_v1","H0",378,383,383,2.47355730463942,"exact_critical_breakpoint_v1","all_active_consecutive_levels","none","exclude_before_landscape_construction","9eed31530de5c5197bd53bf383c201cb5872bc0bef837d4348e3d299c6ef31e5",FALSE,FALSE
"cell_topology_v1","H0",379,383,383,2.36189636703529,"exact_critical_breakpoint_v1","all_active_consecutive_levels","none","exclude_before_landscape_construction","9eed31530de5c5197bd53bf383c201cb5872bc0bef837d4348e3d299c6ef31e5",FALSE,FALSE
"cell_topology_v1","H0",380,383,383,2.34739096836711,"exact_critical_breakpoint_v1","all_active_consecutive_levels","none","exclude_before_landscape_construction","9eed31530de5c5197bd53bf383c201cb5872bc0bef837d4348e3d299c6ef31e5",FALSE,FALSE
"cell_topology_v1","H0",381,383,383,2.26527309206974,"exact_critical_breakpoint_v1","all_active_consecutive_levels","none","exclude_before_landscape_construction","9eed31530de5c5197bd53bf383c201cb5872bc0bef837d4348e3d299c6ef31e5",FALSE,FALSE
"cell_topology_v1","H0",382,383,383,2.20359989224891,"exact_critical_breakpoint_v1","all_active_consecutive_levels","none","exclude_before_landscape_construction","9eed31530de5c5197bd53bf383c201cb5872bc0bef837d4348e3d299c6ef31e5",FALSE,FALSE
"cell_topology_v1","H0",383,383,383,1.31797044162652,"exact_critical_breakpoint_v1","all_active_consecutive_levels","none","exclude_before_landscape_construction","9eed31530de5c5197bd53bf383c201cb5872bc0bef837d4348e3d299c6ef31e5",FALSE,FALSE
"cell_topology_v1","H1",1,316,81,0.256505127444177,"exact_critical_breakpoint_v1","all_active_consecutive_levels","none","exclude_before_landscape_construction","9eed31530de5c5197bd53bf383c201cb5872bc0bef837d4348e3d299c6ef31e5",FALSE,FALSE
"cell_topology_v1","H1",2,316,81,0.10233940355138,"exact_critical_breakpoint_v1","all_active_consecutive_levels","none","exclude_before_landscape_construction","9eed31530de5c5197bd53bf383c201cb5872bc0bef837d4348e3d299c6ef31e5",FALSE,FALSE
"cell_topology_v1","H1",3,316,81,0.0498367402550058,"exact_critical_breakpoint_v1","all_active_consecutive_levels","none","exclude_before_landscape_construction","9eed31530de5c5197bd53bf383c201cb5872bc0bef837d4348e3d299c6ef31e5",FALSE,FALSE
"cell_topology_v1","H1",4,316,81,0.0383965012238023,"exact_critical_breakpoint_v1","all_active_consecutive_levels","none","exclude_before_landscape_construction","9eed31530de5c5197bd53bf383c201cb5872bc0bef837d4348e3d299c6ef31e5",FALSE,FALSE
"cell_topology_v1","H1",5,316,81,0.0319375068960508,"exact_critical_breakpoint_v1","all_active_consecutive_levels","none","exclude_before_landscape_construction","9eed31530de5c5197bd53bf383c201cb5872bc0bef837d4348e3d299c6ef31e5",FALSE,FALSE
"cell_topology_v1","H1",6,316,81,0.0264410206323416,"exact_critical_breakpoint_v1","all_active_consecutive_levels","none","exclude_before_landscape_construction","9eed31530de5c5197bd53bf383c201cb5872bc0bef837d4348e3d299c6ef31e5",FALSE,FALSE
"cell_topology_v1","H1",7,316,81,0.022398997123523,"exact_critical_breakpoint_v1","all_active_consecutive_levels","none","exclude_before_landscape_construction","9eed31530de5c5197bd53bf383c201cb5872bc0bef837d4348e3d299c6ef31e5",FALSE,FALSE
"cell_topology_v1","H1",8,316,81,0.0194956891217,"exact_critical_breakpoint_v1","all_active_consecutive_levels","none","exclude_before_landscape_construction","9eed31530de5c5197bd53bf383c201cb5872bc0bef837d4348e3d299c6ef31e5",FALSE,FALSE
"cell_topology_v1","H1",9,316,81,0.0167746709760247,"exact_critical_breakpoint_v1","all_active_consecutive_levels","none","exclude_before_landscape_construction","9eed31530de5c5197bd53bf383c201cb5872bc0bef837d4348e3d299c6ef31e5",FALSE,FALSE
"cell_topology_v1","H1",10,316,81,0.0147376774615738,"exact_critical_breakpoint_v1","all_active_consecutive_levels","none","exclude_before_landscape_construction","9eed31530de5c5197bd53bf383c201cb5872bc0bef837d4348e3d299c6ef31e5",FALSE,FALSE
"cell_topology_v1","H1",11,316,81,0.0130828596034828,"exact_critical_breakpoint_v1","all_active_consecutive_levels","none","exclude_before_landscape_construction","9eed31530de5c5197bd53bf383c201cb5872bc0bef837d4348e3d299c6ef31e5",FALSE,FALSE
"cell_topology_v1","H1",12,316,81,0.0118375039390572,"exact_critical_breakpoint_v1","all_active_consecutive_levels","none","exclude_before_landscape_construction","9eed31530de5c5197bd53bf383c201cb5872bc0bef837d4348e3d299c6ef31e5",FALSE,FALSE
"cell_topology_v1","H1",13,316,81,0.0104035915706048,"exact_critical_breakpoint_v1","all_active_consecutive_levels","none","exclude_before_landscape_construction","9eed31530de5c5197bd53bf383c201cb5872bc0bef837d4348e3d299c6ef31e5",FALSE,FALSE
"cell_topology_v1","H1",14,316,81,0.00942550182363077,"exact_critical_breakpoint_v1","all_active_consecutive_levels","none","exclude_before_landscape_construction","9eed31530de5c5197bd53bf383c201cb5872bc0bef837d4348e3d299c6ef31e5",FALSE,FALSE
"cell_topology_v1","H1",15,316,81,0.00799025889293506,"exact_critical_breakpoint_v1","all_active_consecutive_levels","none","exclude_before_landscape_construction","9eed31530de5c5197bd53bf383c201cb5872bc0bef837d4348e3d299c6ef31e5",FALSE,FALSE
"cell_topology_v1","H1",16,316,81,0.00721718443757452,"exact_critical_breakpoint_v1","all_active_consecutive_levels","none","exclude_before_landscape_construction","9eed31530de5c5197bd53bf383c201cb5872bc0bef837d4348e3d299c6ef31e5",FALSE,FALSE
"cell_topology_v1","H1",17,316,81,0.00652198936993226,"exact_critical_breakpoint_v1","all_active_consecutive_levels","none","exclude_before_landscape_construction","9eed31530de5c5197bd53bf383c201cb5872bc0bef837d4348e3d299c6ef31e5",FALSE,FALSE
"cell_topology_v1","H1",18,316,81,0.00595807652177453,"exact_critical_breakpoint_v1","all_active_consecutive_levels","none","exclude_before_landscape_construction","9eed31530de5c5197bd53bf383c201cb5872bc0bef837d4348e3d299c6ef31e5",FALSE,FALSE
"cell_topology_v1","H1",19,316,81,0.00538856238616175,"exact_critical_breakpoint_v1","all_active_consecutive_levels","none","exclude_before_landscape_construction","9eed31530de5c5197bd53bf383c201cb5872bc0bef837d4348e3d299c6ef31e5",FALSE,FALSE
"cell_topology_v1","H1",20,316,81,0.00492155945600269,"exact_critical_breakpoint_v1","all_active_consecutive_levels","none","exclude_before_landscape_construction","9eed31530de5c5197bd53bf383c201cb5872bc0bef837d4348e3d299c6ef31e5",FALSE,FALSE
"cell_topology_v1","H1",21,316,81,0.00456414255286289,"exact_critical_breakpoint_v1","all_active_consecutive_levels","none","exclude_before_landscape_construction","9eed31530de5c5197bd53bf383c201cb5872bc0bef837d4348e3d299c6ef31e5",FALSE,FALSE
"cell_topology_v1","H1",22,316,81,0.00417180170636723,"exact_critical_breakpoint_v1","all_active_consecutive_levels","none","exclude_before_landscape_construction","9eed31530de5c5197bd53bf383c201cb5872bc0bef837d4348e3d299c6ef31e5",FALSE,FALSE
"cell_topology_v1","H1",23,316,81,0.00382259487296181,"exact_critical_breakpoint_v1","all_active_consecutive_levels","none","exclude_before_landscape_construction","9eed31530de5c5197bd53bf383c201cb5872bc0bef837d4348e3d299c6ef31e5",FALSE,FALSE
"cell_topology_v1","H1",24,316,81,0.00354689646324619,"exact_critical_breakpoint_v1","all_active_consecutive_levels","none","exclude_before_landscape_construction","9eed31530de5c5197bd53bf383c201cb5872bc0bef837d4348e3d299c6ef31e5",FALSE,FALSE
"cell_topology_v1","H1",25,316,81,0.00325206305235648,"exact_critical_breakpoint_v1","all_active_consecutive_levels","none","exclude_before_landscape_construction","9eed31530de5c5197bd53bf383c201cb5872bc0bef837d4348e3d299c6ef31e5",FALSE,FALSE
"cell_topology_v1","H1",26,316,81,0.00297291188197427,"exact_critical_breakpoint_v1","all_active_consecutive_levels","none","exclude_before_landscape_construction","9eed31530de5c5197bd53bf383c201cb5872bc0bef837d4348e3d299c6ef31e5",FALSE,FALSE
"cell_topology_v1","H1",27,316,81,0.00275330099733091,"exact_critical_breakpoint_v1","all_active_consecutive_levels","none","exclude_before_landscape_construction","9eed31530de5c5197bd53bf383c201cb5872bc0bef837d4348e3d299c6ef31e5",FALSE,FALSE
"cell_topology_v1","H1",28,316,81,0.00253919161596329,"exact_critical_breakpoint_v1","all_active_consecutive_levels","none","exclude_before_landscape_construction","9eed31530de5c5197bd53bf383c201cb5872bc0bef837d4348e3d299c6ef31e5",FALSE,FALSE
"cell_topology_v1","H1",29,316,81,0.00235703449127189,"exact_critical_breakpoint_v1","all_active_consecutive_levels","none","exclude_before_landscape_construction","9eed31530de5c5197bd53bf383c201cb5872bc0bef837d4348e3d299c6ef31e5",FALSE,FALSE
"cell_topology_v1","H1",30,316,81,0.00218810619395363,"exact_critical_breakpoint_v1","all_active_consecutive_levels","none","exclude_before_landscape_construction","9eed31530de5c5197bd53bf383c201cb5872bc0bef837d4348e3d299c6ef31e5",FALSE,FALSE
"cell_topology_v1","H1",31,316,81,0.00202942501539925,"exact_critical_breakpoint_v1","all_active_consecutive_levels","none","exclude_before_landscape_construction","9eed31530de5c5197bd53bf383c201cb5872bc0bef837d4348e3d299c6ef31e5",FALSE,FALSE
"cell_topology_v1","H1",32,316,81,0.00187336763018841,"exact_critical_breakpoint_v1","all_active_consecutive_levels","none","exclude_before_landscape_construction","9eed31530de5c5197bd53bf383c201cb5872bc0bef837d4348e3d299c6ef31e5",FALSE,FALSE
"cell_topology_v1","H1",33,316,81,0.00172237139668302,"exact_critical_breakpoint_v1","all_active_consecutive_levels","none","exclude_before_landscape_construction","9eed31530de5c5197bd53bf383c201cb5872bc0bef837d4348e3d299c6ef31e5",FALSE,FALSE
"cell_topology_v1","H1",34,316,81,0.00159212029721045,"exact_critical_breakpoint_v1","all_active_consecutive_levels","none","exclude_before_landscape_construction","9eed31530de5c5197bd53bf383c201cb5872bc0bef837d4348e3d299c6ef31e5",FALSE,FALSE
"cell_topology_v1","H1",35,316,81,0.00145892172910224,"exact_critical_breakpoint_v1","all_active_consecutive_levels","none","exclude_before_landscape_construction","9eed31530de5c5197bd53bf383c201cb5872bc0bef837d4348e3d299c6ef31e5",FALSE,FALSE
"cell_topology_v1","H1",36,316,81,0.00132290038728672,"exact_critical_breakpoint_v1","all_active_consecutive_levels","none","exclude_before_landscape_construction","9eed31530de5c5197bd53bf383c201cb5872bc0bef837d4348e3d299c6ef31e5",FALSE,FALSE
"cell_topology_v1","H1",37,316,81,0.00120393577257741,"exact_critical_breakpoint_v1","all_active_consecutive_levels","none","exclude_before_landscape_construction","9eed31530de5c5197bd53bf383c201cb5872bc0bef837d4348e3d299c6ef31e5",FALSE,FALSE
"cell_topology_v1","H1",38,316,81,0.00110528434665108,"exact_critical_breakpoint_v1","all_active_consecutive_levels","none","exclude_before_landscape_construction","9eed31530de5c5197bd53bf383c201cb5872bc0bef837d4348e3d299c6ef31e5",FALSE,FALSE
"cell_topology_v1","H1",39,316,81,0.00101427565403658,"exact_critical_breakpoint_v1","all_active_consecutive_levels","none","exclude_before_landscape_construction","9eed31530de5c5197bd53bf383c201cb5872bc0bef837d4348e3d299c6ef31e5",FALSE,FALSE
"cell_topology_v1","H1",40,316,81,0.000925523869197457,"exact_critical_breakpoint_v1","all_active_consecutive_levels","none","exclude_before_landscape_construction","9eed31530de5c5197bd53bf383c201cb5872bc0bef837d4348e3d299c6ef31e5",FALSE,FALSE
"cell_topology_v1","H1",41,316,81,0.000858129257188064,"exact_critical_breakpoint_v1","all_active_consecutive_levels","none","exclude_before_landscape_construction","9eed31530de5c5197bd53bf383c201cb5872bc0bef837d4348e3d299c6ef31e5",FALSE,FALSE
"cell_topology_v1","H1",42,316,81,0.000788386078918624,"exact_critical_breakpoint_v1","all_active_consecutive_levels","none","exclude_before_landscape_construction","9eed31530de5c5197bd53bf383c201cb5872bc0bef837d4348e3d299c6ef31e5",FALSE,FALSE
"cell_topology_v1","H1",43,316,81,0.000723261490330364,"exact_critical_breakpoint_v1","all_active_consecutive_levels","none","exclude_before_landscape_construction","9eed31530de5c5197bd53bf383c201cb5872bc0bef837d4348e3d299c6ef31e5",FALSE,FALSE
"cell_topology_v1","H1",44,316,81,0.000650563129183582,"exact_critical_breakpoint_v1","all_active_consecutive_levels","none","exclude_before_landscape_construction","9eed31530de5c5197bd53bf383c201cb5872bc0bef837d4348e3d299c6ef31e5",FALSE,FALSE
"cell_topology_v1","H1",45,316,81,0.0005979778619778,"exact_critical_breakpoint_v1","all_active_consecutive_levels","none","exclude_before_landscape_construction","9eed31530de5c5197bd53bf383c201cb5872bc0bef837d4348e3d299c6ef31e5",FALSE,FALSE
"cell_topology_v1","H1",46,316,81,0.000543245316026427,"exact_critical_breakpoint_v1","all_active_consecutive_levels","none","exclude_before_landscape_construction","9eed31530de5c5197bd53bf383c201cb5872bc0bef837d4348e3d299c6ef31e5",FALSE,FALSE
"cell_topology_v1","H1",47,316,81,0.000500440551557371,"exact_critical_breakpoint_v1","all_active_consecutive_levels","none","exclude_before_landscape_construction","9eed31530de5c5197bd53bf383c201cb5872bc0bef837d4348e3d299c6ef31e5",FALSE,FALSE
"cell_topology_v1","H1",48,316,81,0.00045680390375289,"exact_critical_breakpoint_v1","all_active_consecutive_levels","none","exclude_before_landscape_construction","9eed31530de5c5197bd53bf383c201cb5872bc0bef837d4348e3d299c6ef31e5",FALSE,FALSE
"cell_topology_v1","H1",49,316,81,0.000419465109237133,"exact_critical_breakpoint_v1","all_active_consecutive_levels","none","exclude_before_landscape_construction","9eed31530de5c5197bd53bf383c201cb5872bc0bef837d4348e3d299c6ef31e5",FALSE,FALSE
"cell_topology_v1","H1",50,316,81,0.000376615548265556,"exact_critical_breakpoint_v1","all_active_consecutive_levels","none","exclude_before_landscape_construction","9eed31530de5c5197bd53bf383c201cb5872bc0bef837d4348e3d299c6ef31e5",FALSE,FALSE
"cell_topology_v1","H1",51,316,81,0.000343346073690553,"exact_critical_breakpoint_v1","all_active_consecutive_levels","none","exclude_before_landscape_construction","9eed31530de5c5197bd53bf383c201cb5872bc0bef837d4348e3d299c6ef31e5",FALSE,FALSE
"cell_topology_v1","H1",52,316,81,0.000308196619480168,"exact_critical_breakpoint_v1","all_active_consecutive_levels","none","exclude_before_landscape_construction","9eed31530de5c5197bd53bf383c201cb5872bc0bef837d4348e3d299c6ef31e5",FALSE,FALSE
"cell_topology_v1","H1",53,316,81,0.000278578335474204,"exact_critical_breakpoint_v1","all_active_consecutive_levels","none","exclude_before_landscape_construction","9eed31530de5c5197bd53bf383c201cb5872bc0bef837d4348e3d299c6ef31e5",FALSE,FALSE
"cell_topology_v1","H1",54,316,81,0.000253104146743884,"exact_critical_breakpoint_v1","all_active_consecutive_levels","none","exclude_before_landscape_construction","9eed31530de5c5197bd53bf383c201cb5872bc0bef837d4348e3d299c6ef31e5",FALSE,FALSE
"cell_topology_v1","H1",55,316,81,0.000226371344642673,"exact_critical_breakpoint_v1","all_active_consecutive_levels","none","exclude_before_landscape_construction","9eed31530de5c5197bd53bf383c201cb5872bc0bef837d4348e3d299c6ef31e5",FALSE,FALSE
"cell_topology_v1","H1",56,316,81,0.000199310353174535,"exact_critical_breakpoint_v1","all_active_consecutive_levels","none","exclude_before_landscape_construction","9eed31530de5c5197bd53bf383c201cb5872bc0bef837d4348e3d299c6ef31e5",FALSE,FALSE
"cell_topology_v1","H1",57,316,81,0.000178372793417865,"exact_critical_breakpoint_v1","all_active_consecutive_levels","none","exclude_before_landscape_construction","9eed31530de5c5197bd53bf383c201cb5872bc0bef837d4348e3d299c6ef31e5",FALSE,FALSE
"cell_topology_v1","H1",58,316,81,0.000160004901238265,"exact_critical_breakpoint_v1","all_active_consecutive_levels","none","exclude_before_landscape_construction","9eed31530de5c5197bd53bf383c201cb5872bc0bef837d4348e3d299c6ef31e5",FALSE,FALSE
"cell_topology_v1","H1",59,316,81,0.000141492603183397,"exact_critical_breakpoint_v1","all_active_consecutive_levels","none","exclude_before_landscape_construction","9eed31530de5c5197bd53bf383c201cb5872bc0bef837d4348e3d299c6ef31e5",FALSE,FALSE
"cell_topology_v1","H1",60,316,81,0.000125409356992392,"exact_critical_breakpoint_v1","all_active_consecutive_levels","none","exclude_before_landscape_construction","9eed31530de5c5197bd53bf383c201cb5872bc0bef837d4348e3d299c6ef31e5",FALSE,FALSE
"cell_topology_v1","H1",61,316,81,0.000108333846993304,"exact_critical_breakpoint_v1","all_active_consecutive_levels","none","exclude_before_landscape_construction","9eed31530de5c5197bd53bf383c201cb5872bc0bef837d4348e3d299c6ef31e5",FALSE,FALSE
"cell_topology_v1","H1",62,316,81,9.08853714582898e-05,"exact_critical_breakpoint_v1","all_active_consecutive_levels","none","exclude_before_landscape_construction","9eed31530de5c5197bd53bf383c201cb5872bc0bef837d4348e3d299c6ef31e5",FALSE,FALSE
"cell_topology_v1","H1",63,316,81,8.00814834417786e-05,"exact_critical_breakpoint_v1","all_active_consecutive_levels","none","exclude_before_landscape_construction","9eed31530de5c5197bd53bf383c201cb5872bc0bef837d4348e3d299c6ef31e5",FALSE,FALSE
"cell_topology_v1","H1",64,316,81,6.68031237956195e-05,"exact_critical_breakpoint_v1","all_active_consecutive_levels","none","exclude_before_landscape_construction","9eed31530de5c5197bd53bf383c201cb5872bc0bef837d4348e3d299c6ef31e5",FALSE,FALSE
"cell_topology_v1","H1",65,316,81,5.68073542674038e-05,"exact_critical_breakpoint_v1","all_active_consecutive_levels","none","exclude_before_landscape_construction","9eed31530de5c5197bd53bf383c201cb5872bc0bef837d4348e3d299c6ef31e5",FALSE,FALSE
"cell_topology_v1","H1",66,316,81,4.92313995848597e-05,"exact_critical_breakpoint_v1","all_active_consecutive_levels","none","exclude_before_landscape_construction","9eed31530de5c5197bd53bf383c201cb5872bc0bef837d4348e3d299c6ef31e5",FALSE,FALSE
"cell_topology_v1","H1",67,316,81,4.00032156726053e-05,"exact_critical_breakpoint_v1","all_active_consecutive_levels","none","exclude_before_landscape_construction","9eed31530de5c5197bd53bf383c201cb5872bc0bef837d4348e3d299c6ef31e5",FALSE,FALSE
"cell_topology_v1","H1",68,316,81,3.39818736519394e-05,"exact_critical_breakpoint_v1","all_active_consecutive_levels","none","exclude_before_landscape_construction","9eed31530de5c5197bd53bf383c201cb5872bc0bef837d4348e3d299c6ef31e5",FALSE,FALSE
"cell_topology_v1","H1",69,316,81,2.68354314934938e-05,"exact_critical_breakpoint_v1","all_active_consecutive_levels","none","exclude_before_landscape_construction","9eed31530de5c5197bd53bf383c201cb5872bc0bef837d4348e3d299c6ef31e5",FALSE,FALSE
"cell_topology_v1","H1",70,316,81,2.24919941672577e-05,"exact_critical_breakpoint_v1","all_active_consecutive_levels","none","exclude_before_landscape_construction","9eed31530de5c5197bd53bf383c201cb5872bc0bef837d4348e3d299c6ef31e5",FALSE,FALSE
"cell_topology_v1","H1",71,316,81,1.60041478186298e-05,"exact_critical_breakpoint_v1","all_active_consecutive_levels","none","exclude_before_landscape_construction","9eed31530de5c5197bd53bf383c201cb5872bc0bef837d4348e3d299c6ef31e5",FALSE,FALSE
"cell_topology_v1","H1",72,316,81,1.30808512732399e-05,"exact_critical_breakpoint_v1","all_active_consecutive_levels","none","exclude_before_landscape_construction","9eed31530de5c5197bd53bf383c201cb5872bc0bef837d4348e3d299c6ef31e5",FALSE,FALSE
"cell_topology_v1","H1",73,316,81,9.98398850103934e-06,"exact_critical_breakpoint_v1","all_active_consecutive_levels","none","exclude_before_landscape_construction","9eed31530de5c5197bd53bf383c201cb5872bc0bef837d4348e3d299c6ef31e5",FALSE,FALSE
"cell_topology_v1","H1",74,316,81,5.80254306618919e-06,"exact_critical_breakpoint_v1","all_active_consecutive_levels","none","exclude_before_landscape_construction","9eed31530de5c5197bd53bf383c201cb5872bc0bef837d4348e3d299c6ef31e5",FALSE,FALSE
"cell_topology_v1","H1",75,316,81,3.95677567601796e-06,"exact_critical_breakpoint_v1","all_active_consecutive_levels","none","exclude_before_landscape_construction","9eed31530de5c5197bd53bf383c201cb5872bc0bef837d4348e3d299c6ef31e5",FALSE,FALSE
"cell_topology_v1","H1",76,316,81,2.36679634088926e-06,"exact_critical_breakpoint_v1","all_active_consecutive_levels","none","exclude_before_landscape_construction","9eed31530de5c5197bd53bf383c201cb5872bc0bef837d4348e3d299c6ef31e5",FALSE,FALSE
"cell_topology_v1","H1",77,316,81,1.38432381776869e-06,"exact_critical_breakpoint_v1","all_active_consecutive_levels","none","exclude_before_landscape_construction","9eed31530de5c5197bd53bf383c201cb5872bc0bef837d4348e3d299c6ef31e5",FALSE,FALSE
"cell_topology_v1","H1",78,316,81,8.20722512560749e-07,"exact_critical_breakpoint_v1","all_active_consecutive_levels","none","exclude_before_landscape_construction","9eed31530de5c5197bd53bf383c201cb5872bc0bef837d4348e3d299c6ef31e5",FALSE,FALSE
"cell_topology_v1","H1",79,316,81,1.33187020409186e-07,"exact_critical_breakpoint_v1","all_active_consecutive_levels","none","exclude_before_landscape_construction","9eed31530de5c5197bd53bf383c201cb5872bc0bef837d4348e3d299c6ef31e5",FALSE,FALSE
"cell_topology_v1","H1",80,316,81,2.35487258687411e-08,"exact_critical_breakpoint_v1","all_active_consecutive_levels","none","exclude_before_landscape_construction","9eed31530de5c5197bd53bf383c201cb5872bc0bef837d4348e3d299c6ef31e5",FALSE,FALSE
"cell_topology_v1","H1",81,316,81,7.61264079741529e-10,"exact_critical_breakpoint_v1","all_active_consecutive_levels","none","exclude_before_landscape_construction","9eed31530de5c5197bd53bf383c201cb5872bc0bef837d4348e3d299c6ef31e5",FALSE,FALSE
"gene_topology_v1","H0",1,474,474,0.188678636271529,"exact_critical_breakpoint_v1","all_active_consecutive_levels","none","exclude_before_landscape_construction","bfb0ad4182eda6cd7c65decbb98eadb4f10a92c4882e956724bb108e5b8ad595",FALSE,FALSE
"gene_topology_v1","H0",2,474,474,0.18841919791718,"exact_critical_breakpoint_v1","all_active_consecutive_levels","none","exclude_before_landscape_construction","bfb0ad4182eda6cd7c65decbb98eadb4f10a92c4882e956724bb108e5b8ad595",FALSE,FALSE
"gene_topology_v1","H0",3,474,474,0.188099469565048,"exact_critical_breakpoint_v1","all_active_consecutive_levels","none","exclude_before_landscape_construction","bfb0ad4182eda6cd7c65decbb98eadb4f10a92c4882e956724bb108e5b8ad595",FALSE,FALSE
"gene_topology_v1","H0",4,474,474,0.186586486944254,"exact_critical_breakpoint_v1","all_active_consecutive_levels","none","exclude_before_landscape_construction","bfb0ad4182eda6cd7c65decbb98eadb4f10a92c4882e956724bb108e5b8ad595",FALSE,FALSE
"gene_topology_v1","H0",5,474,474,0.185441436750594,"exact_critical_breakpoint_v1","all_active_consecutive_levels","none","exclude_before_landscape_construction","bfb0ad4182eda6cd7c65decbb98eadb4f10a92c4882e956724bb108e5b8ad595",FALSE,FALSE
"gene_topology_v1","H0",6,474,474,0.18536877753037,"exact_critical_breakpoint_v1","all_active_consecutive_levels","none","exclude_before_landscape_construction","bfb0ad4182eda6cd7c65decbb98eadb4f10a92c4882e956724bb108e5b8ad595",FALSE,FALSE
"gene_topology_v1","H0",7,474,474,0.18444396232564,"exact_critical_breakpoint_v1","all_active_consecutive_levels","none","exclude_before_landscape_construction","bfb0ad4182eda6cd7c65decbb98eadb4f10a92c4882e956724bb108e5b8ad595",FALSE,FALSE
"gene_topology_v1","H0",8,474,474,0.184324355088357,"exact_critical_breakpoint_v1","all_active_consecutive_levels","none","exclude_before_landscape_construction","bfb0ad4182eda6cd7c65decbb98eadb4f10a92c4882e956724bb108e5b8ad595",FALSE,FALSE
"gene_topology_v1","H0",9,474,474,0.18432060628036,"exact_critical_breakpoint_v1","all_active_consecutive_levels","none","exclude_before_landscape_construction","bfb0ad4182eda6cd7c65decbb98eadb4f10a92c4882e956724bb108e5b8ad595",FALSE,FALSE
"gene_topology_v1","H0",10,474,474,0.184043652838552,"exact_critical_breakpoint_v1","all_active_consecutive_levels","none","exclude_before_landscape_construction","bfb0ad4182eda6cd7c65decbb98eadb4f10a92c4882e956724bb108e5b8ad595",FALSE,FALSE
"gene_topology_v1","H0",11,474,474,0.183820084556803,"exact_critical_breakpoint_v1","all_active_consecutive_levels","none","exclude_before_landscape_construction","bfb0ad4182eda6cd7c65decbb98eadb4f10a92c4882e956724bb108e5b8ad595",FALSE,FALSE
"gene_topology_v1","H0",12,474,474,0.183602402940469,"exact_critical_breakpoint_v1","all_active_consecutive_levels","none","exclude_before_landscape_construction","bfb0ad4182eda6cd7c65decbb98eadb4f10a92c4882e956724bb108e5b8ad595",FALSE,FALSE
"gene_topology_v1","H0",13,474,474,0.183561290893906,"exact_critical_breakpoint_v1","all_active_consecutive_levels","none","exclude_before_landscape_construction","bfb0ad4182eda6cd7c65decbb98eadb4f10a92c4882e956724bb108e5b8ad595",FALSE,FALSE
"gene_topology_v1","H0",14,474,474,0.182750137855272,"exact_critical_breakpoint_v1","all_active_consecutive_levels","none","exclude_before_landscape_construction","bfb0ad4182eda6cd7c65decbb98eadb4f10a92c4882e956724bb108e5b8ad595",FALSE,FALSE
"gene_topology_v1","H0",15,474,474,0.182653885122977,"exact_critical_breakpoint_v1","all_active_consecutive_levels","none","exclude_before_landscape_construction","bfb0ad4182eda6cd7c65decbb98eadb4f10a92c4882e956724bb108e5b8ad595",FALSE,FALSE
"gene_topology_v1","H0",16,474,474,0.182559683672922,"exact_critical_breakpoint_v1","all_active_consecutive_levels","none","exclude_before_landscape_construction","bfb0ad4182eda6cd7c65decbb98eadb4f10a92c4882e956724bb108e5b8ad595",FALSE,FALSE
"gene_topology_v1","H0",17,474,474,0.1824566322308,"exact_critical_breakpoint_v1","all_active_consecutive_levels","none","exclude_before_landscape_construction","bfb0ad4182eda6cd7c65decbb98eadb4f10a92c4882e956724bb108e5b8ad595",FALSE,FALSE
"gene_topology_v1","H0",18,474,474,0.18232072082495,"exact_critical_breakpoint_v1","all_active_consecutive_levels","none","exclude_before_landscape_construction","bfb0ad4182eda6cd7c65decbb98eadb4f10a92c4882e956724bb108e5b8ad595",FALSE,FALSE
"gene_topology_v1","H0",19,474,474,0.180654691539903,"exact_critical_breakpoint_v1","all_active_consecutive_levels","none","exclude_before_landscape_construction","bfb0ad4182eda6cd7c65decbb98eadb4f10a92c4882e956724bb108e5b8ad595",FALSE,FALSE
"gene_topology_v1","H0",20,474,474,0.180459853996959,"exact_critical_breakpoint_v1","all_active_consecutive_levels","none","exclude_before_landscape_construction","bfb0ad4182eda6cd7c65decbb98eadb4f10a92c4882e956724bb108e5b8ad595",FALSE,FALSE
"gene_topology_v1","H0",21,474,474,0.180414462303807,"exact_critical_breakpoint_v1","all_active_consecutive_levels","none","exclude_before_landscape_construction","bfb0ad4182eda6cd7c65decbb98eadb4f10a92c4882e956724bb108e5b8ad595",FALSE,FALSE
"gene_topology_v1","H0",22,474,474,0.180292780013096,"exact_critical_breakpoint_v1","all_active_consecutive_levels","none","exclude_before_landscape_construction","bfb0ad4182eda6cd7c65decbb98eadb4f10a92c4882e956724bb108e5b8ad595",FALSE,FALSE
"gene_topology_v1","H0",23,474,474,0.180229135574454,"exact_critical_breakpoint_v1","all_active_consecutive_levels","none","exclude_before_landscape_construction","bfb0ad4182eda6cd7c65decbb98eadb4f10a92c4882e956724bb108e5b8ad595",FALSE,FALSE
"gene_topology_v1","H0",24,474,474,0.180051410120921,"exact_critical_breakpoint_v1","all_active_consecutive_levels","none","exclude_before_landscape_construction","bfb0ad4182eda6cd7c65decbb98eadb4f10a92c4882e956724bb108e5b8ad595",FALSE,FALSE
"gene_topology_v1","H0",25,474,474,0.18002350290443,"exact_critical_breakpoint_v1","all_active_consecutive_levels","none","exclude_before_landscape_construction","bfb0ad4182eda6cd7c65decbb98eadb4f10a92c4882e956724bb108e5b8ad595",FALSE,FALSE
"gene_topology_v1","H0",26,474,474,0.179924586954598,"exact_critical_breakpoint_v1","all_active_consecutive_levels","none","exclude_before_landscape_construction","bfb0ad4182eda6cd7c65decbb98eadb4f10a92c4882e956724bb108e5b8ad595",FALSE,FALSE
"gene_topology_v1","H0",27,474,474,0.179842562589494,"exact_critical_breakpoint_v1","all_active_consecutive_levels","none","exclude_before_landscape_construction","bfb0ad4182eda6cd7c65decbb98eadb4f10a92c4882e956724bb108e5b8ad595",FALSE,FALSE
"gene_topology_v1","H0",28,474,474,0.179830912640288,"exact_critical_breakpoint_v1","all_active_consecutive_levels","none","exclude_before_landscape_construction","bfb0ad4182eda6cd7c65decbb98eadb4f10a92c4882e956724bb108e5b8ad595",FALSE,FALSE
"gene_topology_v1","H0",29,474,474,0.179820943756661,"exact_critical_breakpoint_v1","all_active_consecutive_levels","none","exclude_before_landscape_construction","bfb0ad4182eda6cd7c65decbb98eadb4f10a92c4882e956724bb108e5b8ad595",FALSE,FALSE
"gene_topology_v1","H0",30,474,474,0.179727000573407,"exact_critical_breakpoint_v1","all_active_consecutive_levels","none","exclude_before_landscape_construction","bfb0ad4182eda6cd7c65decbb98eadb4f10a92c4882e956724bb108e5b8ad595",FALSE,FALSE
"gene_topology_v1","H0",31,474,474,0.179654199635159,"exact_critical_breakpoint_v1","all_active_consecutive_levels","none","exclude_before_landscape_construction","bfb0ad4182eda6cd7c65decbb98eadb4f10a92c4882e956724bb108e5b8ad595",FALSE,FALSE
"gene_topology_v1","H0",32,474,474,0.179456875605956,"exact_critical_breakpoint_v1","all_active_consecutive_levels","none","exclude_before_landscape_construction","bfb0ad4182eda6cd7c65decbb98eadb4f10a92c4882e956724bb108e5b8ad595",FALSE,FALSE
"gene_topology_v1","H0",33,474,474,0.179390226931912,"exact_critical_breakpoint_v1","all_active_consecutive_levels","none","exclude_before_landscape_construction","bfb0ad4182eda6cd7c65decbb98eadb4f10a92c4882e956724bb108e5b8ad595",FALSE,FALSE
"gene_topology_v1","H0",34,474,474,0.178789774474824,"exact_critical_breakpoint_v1","all_active_consecutive_levels","none","exclude_before_landscape_construction","bfb0ad4182eda6cd7c65decbb98eadb4f10a92c4882e956724bb108e5b8ad595",FALSE,FALSE
"gene_topology_v1","H0",35,474,474,0.178625892907317,"exact_critical_breakpoint_v1","all_active_consecutive_levels","none","exclude_before_landscape_construction","bfb0ad4182eda6cd7c65decbb98eadb4f10a92c4882e956724bb108e5b8ad595",FALSE,FALSE
"gene_topology_v1","H0",36,474,474,0.178280474164666,"exact_critical_breakpoint_v1","all_active_consecutive_levels","none","exclude_before_landscape_construction","bfb0ad4182eda6cd7c65decbb98eadb4f10a92c4882e956724bb108e5b8ad595",FALSE,FALSE
"gene_topology_v1","H0",37,474,474,0.178218330338128,"exact_critical_breakpoint_v1","all_active_consecutive_levels","none","exclude_before_landscape_construction","bfb0ad4182eda6cd7c65decbb98eadb4f10a92c4882e956724bb108e5b8ad595",FALSE,FALSE
"gene_topology_v1","H0",38,474,474,0.17802507259405,"exact_critical_breakpoint_v1","all_active_consecutive_levels","none","exclude_before_landscape_construction","bfb0ad4182eda6cd7c65decbb98eadb4f10a92c4882e956724bb108e5b8ad595",FALSE,FALSE
"gene_topology_v1","H0",39,474,474,0.177918978559179,"exact_critical_breakpoint_v1","all_active_consecutive_levels","none","exclude_before_landscape_construction","bfb0ad4182eda6cd7c65decbb98eadb4f10a92c4882e956724bb108e5b8ad595",FALSE,FALSE
"gene_topology_v1","H0",40,474,474,0.177838805366934,"exact_critical_breakpoint_v1","all_active_consecutive_levels","none","exclude_before_landscape_construction","bfb0ad4182eda6cd7c65decbb98eadb4f10a92c4882e956724bb108e5b8ad595",FALSE,FALSE
"gene_topology_v1","H0",41,474,474,0.177761176673198,"exact_critical_breakpoint_v1","all_active_consecutive_levels","none","exclude_before_landscape_construction","bfb0ad4182eda6cd7c65decbb98eadb4f10a92c4882e956724bb108e5b8ad595",FALSE,FALSE
"gene_topology_v1","H0",42,474,474,0.177481781407066,"exact_critical_breakpoint_v1","all_active_consecutive_levels","none","exclude_before_landscape_construction","bfb0ad4182eda6cd7c65decbb98eadb4f10a92c4882e956724bb108e5b8ad595",FALSE,FALSE
"gene_topology_v1","H0",43,474,474,0.177064334277238,"exact_critical_breakpoint_v1","all_active_consecutive_levels","none","exclude_before_landscape_construction","bfb0ad4182eda6cd7c65decbb98eadb4f10a92c4882e956724bb108e5b8ad595",FALSE,FALSE
"gene_topology_v1","H0",44,474,474,0.176968028839414,"exact_critical_breakpoint_v1","all_active_consecutive_levels","none","exclude_before_landscape_construction","bfb0ad4182eda6cd7c65decbb98eadb4f10a92c4882e956724bb108e5b8ad595",FALSE,FALSE
"gene_topology_v1","H0",45,474,474,0.176893925191786,"exact_critical_breakpoint_v1","all_active_consecutive_levels","none","exclude_before_landscape_construction","bfb0ad4182eda6cd7c65decbb98eadb4f10a92c4882e956724bb108e5b8ad595",FALSE,FALSE
"gene_topology_v1","H0",46,474,474,0.176472168555425,"exact_critical_breakpoint_v1","all_active_consecutive_levels","none","exclude_before_landscape_construction","bfb0ad4182eda6cd7c65decbb98eadb4f10a92c4882e956724bb108e5b8ad595",FALSE,FALSE
"gene_topology_v1","H0",47,474,474,0.176399639364926,"exact_critical_breakpoint_v1","all_active_consecutive_levels","none","exclude_before_landscape_construction","bfb0ad4182eda6cd7c65decbb98eadb4f10a92c4882e956724bb108e5b8ad595",FALSE,FALSE
"gene_topology_v1","H0",48,474,474,0.176186370736407,"exact_critical_breakpoint_v1","all_active_consecutive_levels","none","exclude_before_landscape_construction","bfb0ad4182eda6cd7c65decbb98eadb4f10a92c4882e956724bb108e5b8ad595",FALSE,FALSE
"gene_topology_v1","H0",49,474,474,0.176154869261878,"exact_critical_breakpoint_v1","all_active_consecutive_levels","none","exclude_before_landscape_construction","bfb0ad4182eda6cd7c65decbb98eadb4f10a92c4882e956724bb108e5b8ad595",FALSE,FALSE
"gene_topology_v1","H0",50,474,474,0.176127120365327,"exact_critical_breakpoint_v1","all_active_consecutive_levels","none","exclude_before_landscape_construction","bfb0ad4182eda6cd7c65decbb98eadb4f10a92c4882e956724bb108e5b8ad595",FALSE,FALSE
"gene_topology_v1","H0",51,474,474,0.176066941084171,"exact_critical_breakpoint_v1","all_active_consecutive_levels","none","exclude_before_landscape_construction","bfb0ad4182eda6cd7c65decbb98eadb4f10a92c4882e956724bb108e5b8ad595",FALSE,FALSE
"gene_topology_v1","H0",52,474,474,0.175971913151973,"exact_critical_breakpoint_v1","all_active_consecutive_levels","none","exclude_before_landscape_construction","bfb0ad4182eda6cd7c65decbb98eadb4f10a92c4882e956724bb108e5b8ad595",FALSE,FALSE
"gene_topology_v1","H0",53,474,474,0.175864035197409,"exact_critical_breakpoint_v1","all_active_consecutive_levels","none","exclude_before_landscape_construction","bfb0ad4182eda6cd7c65decbb98eadb4f10a92c4882e956724bb108e5b8ad595",FALSE,FALSE
"gene_topology_v1","H0",54,474,474,0.175795731550374,"exact_critical_breakpoint_v1","all_active_consecutive_levels","none","exclude_before_landscape_construction","bfb0ad4182eda6cd7c65decbb98eadb4f10a92c4882e956724bb108e5b8ad595",FALSE,FALSE
"gene_topology_v1","H0",55,474,474,0.175610426674773,"exact_critical_breakpoint_v1","all_active_consecutive_levels","none","exclude_before_landscape_construction","bfb0ad4182eda6cd7c65decbb98eadb4f10a92c4882e956724bb108e5b8ad595",FALSE,FALSE
"gene_topology_v1","H0",56,474,474,0.17559242531784,"exact_critical_breakpoint_v1","all_active_consecutive_levels","none","exclude_before_landscape_construction","bfb0ad4182eda6cd7c65decbb98eadb4f10a92c4882e956724bb108e5b8ad595",FALSE,FALSE
"gene_topology_v1","H0",57,474,474,0.175575143560713,"exact_critical_breakpoint_v1","all_active_consecutive_levels","none","exclude_before_landscape_construction","bfb0ad4182eda6cd7c65decbb98eadb4f10a92c4882e956724bb108e5b8ad595",FALSE,FALSE
"gene_topology_v1","H0",58,474,474,0.175485906324054,"exact_critical_breakpoint_v1","all_active_consecutive_levels","none","exclude_before_landscape_construction","bfb0ad4182eda6cd7c65decbb98eadb4f10a92c4882e956724bb108e5b8ad595",FALSE,FALSE
"gene_topology_v1","H0",59,474,474,0.175062478124617,"exact_critical_breakpoint_v1","all_active_consecutive_levels","none","exclude_before_landscape_construction","bfb0ad4182eda6cd7c65decbb98eadb4f10a92c4882e956724bb108e5b8ad595",FALSE,FALSE
"gene_topology_v1","H0",60,474,474,0.174998798551503,"exact_critical_breakpoint_v1","all_active_consecutive_levels","none","exclude_before_landscape_construction","bfb0ad4182eda6cd7c65decbb98eadb4f10a92c4882e956724bb108e5b8ad595",FALSE,FALSE
"gene_topology_v1","H0",61,474,474,0.174841417507898,"exact_critical_breakpoint_v1","all_active_consecutive_levels","none","exclude_before_landscape_construction","bfb0ad4182eda6cd7c65decbb98eadb4f10a92c4882e956724bb108e5b8ad595",FALSE,FALSE
"gene_topology_v1","H0",62,474,474,0.174820752485785,"exact_critical_breakpoint_v1","all_active_consecutive_levels","none","exclude_before_landscape_construction","bfb0ad4182eda6cd7c65decbb98eadb4f10a92c4882e956724bb108e5b8ad595",FALSE,FALSE
"gene_topology_v1","H0",63,474,474,0.174755202249999,"exact_critical_breakpoint_v1","all_active_consecutive_levels","none","exclude_before_landscape_construction","bfb0ad4182eda6cd7c65decbb98eadb4f10a92c4882e956724bb108e5b8ad595",FALSE,FALSE
"gene_topology_v1","H0",64,474,474,0.174629283700639,"exact_critical_breakpoint_v1","all_active_consecutive_levels","none","exclude_before_landscape_construction","bfb0ad4182eda6cd7c65decbb98eadb4f10a92c4882e956724bb108e5b8ad595",FALSE,FALSE
"gene_topology_v1","H0",65,474,474,0.174552165832603,"exact_critical_breakpoint_v1","all_active_consecutive_levels","none","exclude_before_landscape_construction","bfb0ad4182eda6cd7c65decbb98eadb4f10a92c4882e956724bb108e5b8ad595",FALSE,FALSE
"gene_topology_v1","H0",66,474,474,0.17441212461841,"exact_critical_breakpoint_v1","all_active_consecutive_levels","none","exclude_before_landscape_construction","bfb0ad4182eda6cd7c65decbb98eadb4f10a92c4882e956724bb108e5b8ad595",FALSE,FALSE
"gene_topology_v1","H0",67,474,474,0.173949974986391,"exact_critical_breakpoint_v1","all_active_consecutive_levels","none","exclude_before_landscape_construction","bfb0ad4182eda6cd7c65decbb98eadb4f10a92c4882e956724bb108e5b8ad595",FALSE,FALSE
"gene_topology_v1","H0",68,474,474,0.17355628136303,"exact_critical_breakpoint_v1","all_active_consecutive_levels","none","exclude_before_landscape_construction","bfb0ad4182eda6cd7c65decbb98eadb4f10a92c4882e956724bb108e5b8ad595",FALSE,FALSE
"gene_topology_v1","H0",69,474,474,0.173466645476869,"exact_critical_breakpoint_v1","all_active_consecutive_levels","none","exclude_before_landscape_construction","bfb0ad4182eda6cd7c65decbb98eadb4f10a92c4882e956724bb108e5b8ad595",FALSE,FALSE
"gene_topology_v1","H0",70,474,474,0.173285801698944,"exact_critical_breakpoint_v1","all_active_consecutive_levels","none","exclude_before_landscape_construction","bfb0ad4182eda6cd7c65decbb98eadb4f10a92c4882e956724bb108e5b8ad595",FALSE,FALSE
"gene_topology_v1","H0",71,474,474,0.173050267945468,"exact_critical_breakpoint_v1","all_active_consecutive_levels","none","exclude_before_landscape_construction","bfb0ad4182eda6cd7c65decbb98eadb4f10a92c4882e956724bb108e5b8ad595",FALSE,FALSE
"gene_topology_v1","H0",72,474,474,0.172953345236982,"exact_critical_breakpoint_v1","all_active_consecutive_levels","none","exclude_before_landscape_construction","bfb0ad4182eda6cd7c65decbb98eadb4f10a92c4882e956724bb108e5b8ad595",FALSE,FALSE
"gene_topology_v1","H0",73,474,474,0.172913740226226,"exact_critical_breakpoint_v1","all_active_consecutive_levels","none","exclude_before_landscape_construction","bfb0ad4182eda6cd7c65decbb98eadb4f10a92c4882e956724bb108e5b8ad595",FALSE,FALSE
"gene_topology_v1","H0",74,474,474,0.172881263456986,"exact_critical_breakpoint_v1","all_active_consecutive_levels","none","exclude_before_landscape_construction","bfb0ad4182eda6cd7c65decbb98eadb4f10a92c4882e956724bb108e5b8ad595",FALSE,FALSE
"gene_topology_v1","H0",75,474,474,0.172849185969934,"exact_critical_breakpoint_v1","all_active_consecutive_levels","none","exclude_before_landscape_construction","bfb0ad4182eda6cd7c65decbb98eadb4f10a92c4882e956724bb108e5b8ad595",FALSE,FALSE
"gene_topology_v1","H0",76,474,474,0.172756242465213,"exact_critical_breakpoint_v1","all_active_consecutive_levels","none","exclude_before_landscape_construction","bfb0ad4182eda6cd7c65decbb98eadb4f10a92c4882e956724bb108e5b8ad595",FALSE,FALSE
"gene_topology_v1","H0",77,474,474,0.172615853859586,"exact_critical_breakpoint_v1","all_active_consecutive_levels","none","exclude_before_landscape_construction","bfb0ad4182eda6cd7c65decbb98eadb4f10a92c4882e956724bb108e5b8ad595",FALSE,FALSE
"gene_topology_v1","H0",78,474,474,0.172540953565198,"exact_critical_breakpoint_v1","all_active_consecutive_levels","none","exclude_before_landscape_construction","bfb0ad4182eda6cd7c65decbb98eadb4f10a92c4882e956724bb108e5b8ad595",FALSE,FALSE
"gene_topology_v1","H0",79,474,474,0.172493725674961,"exact_critical_breakpoint_v1","all_active_consecutive_levels","none","exclude_before_landscape_construction","bfb0ad4182eda6cd7c65decbb98eadb4f10a92c4882e956724bb108e5b8ad595",FALSE,FALSE
"gene_topology_v1","H0",80,474,474,0.172453143037139,"exact_critical_breakpoint_v1","all_active_consecutive_levels","none","exclude_before_landscape_construction","bfb0ad4182eda6cd7c65decbb98eadb4f10a92c4882e956724bb108e5b8ad595",FALSE,FALSE
"gene_topology_v1","H0",81,474,474,0.172366899058504,"exact_critical_breakpoint_v1","all_active_consecutive_levels","none","exclude_before_landscape_construction","bfb0ad4182eda6cd7c65decbb98eadb4f10a92c4882e956724bb108e5b8ad595",FALSE,FALSE
"gene_topology_v1","H0",82,474,474,0.17226899363319,"exact_critical_breakpoint_v1","all_active_consecutive_levels","none","exclude_before_landscape_construction","bfb0ad4182eda6cd7c65decbb98eadb4f10a92c4882e956724bb108e5b8ad595",FALSE,FALSE
"gene_topology_v1","H0",83,474,474,0.172235225260399,"exact_critical_breakpoint_v1","all_active_consecutive_levels","none","exclude_before_landscape_construction","bfb0ad4182eda6cd7c65decbb98eadb4f10a92c4882e956724bb108e5b8ad595",FALSE,FALSE
"gene_topology_v1","H0",84,474,474,0.17217402361539,"exact_critical_breakpoint_v1","all_active_consecutive_levels","none","exclude_before_landscape_construction","bfb0ad4182eda6cd7c65decbb98eadb4f10a92c4882e956724bb108e5b8ad595",FALSE,FALSE
"gene_topology_v1","H0",85,474,474,0.172048874609533,"exact_critical_breakpoint_v1","all_active_consecutive_levels","none","exclude_before_landscape_construction","bfb0ad4182eda6cd7c65decbb98eadb4f10a92c4882e956724bb108e5b8ad595",FALSE,FALSE
"gene_topology_v1","H0",86,474,474,0.172015261023263,"exact_critical_breakpoint_v1","all_active_consecutive_levels","none","exclude_before_landscape_construction","bfb0ad4182eda6cd7c65decbb98eadb4f10a92c4882e956724bb108e5b8ad595",FALSE,FALSE
"gene_topology_v1","H0",87,474,474,0.171953241742298,"exact_critical_breakpoint_v1","all_active_consecutive_levels","none","exclude_before_landscape_construction","bfb0ad4182eda6cd7c65decbb98eadb4f10a92c4882e956724bb108e5b8ad595",FALSE,FALSE
"gene_topology_v1","H0",88,474,474,0.171893700312863,"exact_critical_breakpoint_v1","all_active_consecutive_levels","none","exclude_before_landscape_construction","bfb0ad4182eda6cd7c65decbb98eadb4f10a92c4882e956724bb108e5b8ad595",FALSE,FALSE
"gene_topology_v1","H0",89,474,474,0.171769380771091,"exact_critical_breakpoint_v1","all_active_consecutive_levels","none","exclude_before_landscape_construction","bfb0ad4182eda6cd7c65decbb98eadb4f10a92c4882e956724bb108e5b8ad595",FALSE,FALSE
"gene_topology_v1","H0",90,474,474,0.171762992048423,"exact_critical_breakpoint_v1","all_active_consecutive_levels","none","exclude_before_landscape_construction","bfb0ad4182eda6cd7c65decbb98eadb4f10a92c4882e956724bb108e5b8ad595",FALSE,FALSE
"gene_topology_v1","H0",91,474,474,0.171723258436354,"exact_critical_breakpoint_v1","all_active_consecutive_levels","none","exclude_before_landscape_construction","bfb0ad4182eda6cd7c65decbb98eadb4f10a92c4882e956724bb108e5b8ad595",FALSE,FALSE
"gene_topology_v1","H0",92,474,474,0.171698926883768,"exact_critical_breakpoint_v1","all_active_consecutive_levels","none","exclude_before_landscape_construction","bfb0ad4182eda6cd7c65decbb98eadb4f10a92c4882e956724bb108e5b8ad595",FALSE,FALSE
"gene_topology_v1","H0",93,474,474,0.171657686320058,"exact_critical_breakpoint_v1","all_active_consecutive_levels","none","exclude_before_landscape_construction","bfb0ad4182eda6cd7c65decbb98eadb4f10a92c4882e956724bb108e5b8ad595",FALSE,FALSE
"gene_topology_v1","H0",94,474,474,0.171636087714055,"exact_critical_breakpoint_v1","all_active_consecutive_levels","none","exclude_before_landscape_construction","bfb0ad4182eda6cd7c65decbb98eadb4f10a92c4882e956724bb108e5b8ad595",FALSE,FALSE
"gene_topology_v1","H0",95,474,474,0.171573547611794,"exact_critical_breakpoint_v1","all_active_consecutive_levels","none","exclude_before_landscape_construction","bfb0ad4182eda6cd7c65decbb98eadb4f10a92c4882e956724bb108e5b8ad595",FALSE,FALSE
"gene_topology_v1","H0",96,474,474,0.171473236540714,"exact_critical_breakpoint_v1","all_active_consecutive_levels","none","exclude_before_landscape_construction","bfb0ad4182eda6cd7c65decbb98eadb4f10a92c4882e956724bb108e5b8ad595",FALSE,FALSE
"gene_topology_v1","H0",97,474,474,0.171238569880889,"exact_critical_breakpoint_v1","all_active_consecutive_levels","none","exclude_before_landscape_construction","bfb0ad4182eda6cd7c65decbb98eadb4f10a92c4882e956724bb108e5b8ad595",FALSE,FALSE
"gene_topology_v1","H0",98,474,474,0.171184135809254,"exact_critical_breakpoint_v1","all_active_consecutive_levels","none","exclude_before_landscape_construction","bfb0ad4182eda6cd7c65decbb98eadb4f10a92c4882e956724bb108e5b8ad595",FALSE,FALSE
"gene_topology_v1","H0",99,474,474,0.171120879880667,"exact_critical_breakpoint_v1","all_active_consecutive_levels","none","exclude_before_landscape_construction","bfb0ad4182eda6cd7c65decbb98eadb4f10a92c4882e956724bb108e5b8ad595",FALSE,FALSE
"gene_topology_v1","H0",100,474,474,0.171041459697154,"exact_critical_breakpoint_v1","all_active_consecutive_levels","none","exclude_before_landscape_construction","bfb0ad4182eda6cd7c65decbb98eadb4f10a92c4882e956724bb108e5b8ad595",FALSE,FALSE
"gene_topology_v1","H0",101,474,474,0.170995711883307,"exact_critical_breakpoint_v1","all_active_consecutive_levels","none","exclude_before_landscape_construction","bfb0ad4182eda6cd7c65decbb98eadb4f10a92c4882e956724bb108e5b8ad595",FALSE,FALSE
"gene_topology_v1","H0",102,474,474,0.170980036617379,"exact_critical_breakpoint_v1","all_active_consecutive_levels","none","exclude_before_landscape_construction","bfb0ad4182eda6cd7c65decbb98eadb4f10a92c4882e956724bb108e5b8ad595",FALSE,FALSE
"gene_topology_v1","H0",103,474,474,0.170727915497799,"exact_critical_breakpoint_v1","all_active_consecutive_levels","none","exclude_before_landscape_construction","bfb0ad4182eda6cd7c65decbb98eadb4f10a92c4882e956724bb108e5b8ad595",FALSE,FALSE
"gene_topology_v1","H0",104,474,474,0.170650622025118,"exact_critical_breakpoint_v1","all_active_consecutive_levels","none","exclude_before_landscape_construction","bfb0ad4182eda6cd7c65decbb98eadb4f10a92c4882e956724bb108e5b8ad595",FALSE,FALSE
"gene_topology_v1","H0",105,474,474,0.170625545952833,"exact_critical_breakpoint_v1","all_active_consecutive_levels","none","exclude_before_landscape_construction","bfb0ad4182eda6cd7c65decbb98eadb4f10a92c4882e956724bb108e5b8ad595",FALSE,FALSE
"gene_topology_v1","H0",106,474,474,0.170351365689455,"exact_critical_breakpoint_v1","all_active_consecutive_levels","none","exclude_before_landscape_construction","bfb0ad4182eda6cd7c65decbb98eadb4f10a92c4882e956724bb108e5b8ad595",FALSE,FALSE
"gene_topology_v1","H0",107,474,474,0.170284720943435,"exact_critical_breakpoint_v1","all_active_consecutive_levels","none","exclude_before_landscape_construction","bfb0ad4182eda6cd7c65decbb98eadb4f10a92c4882e956724bb108e5b8ad595",FALSE,FALSE
"gene_topology_v1","H0",108,474,474,0.170245042479805,"exact_critical_breakpoint_v1","all_active_consecutive_levels","none","exclude_before_landscape_construction","bfb0ad4182eda6cd7c65decbb98eadb4f10a92c4882e956724bb108e5b8ad595",FALSE,FALSE
"gene_topology_v1","H0",109,474,474,0.169916953264941,"exact_critical_breakpoint_v1","all_active_consecutive_levels","none","exclude_before_landscape_construction","bfb0ad4182eda6cd7c65decbb98eadb4f10a92c4882e956724bb108e5b8ad595",FALSE,FALSE
"gene_topology_v1","H0",110,474,474,0.169836487082842,"exact_critical_breakpoint_v1","all_active_consecutive_levels","none","exclude_before_landscape_construction","bfb0ad4182eda6cd7c65decbb98eadb4f10a92c4882e956724bb108e5b8ad595",FALSE,FALSE
"gene_topology_v1","H0",111,474,474,0.169821355959235,"exact_critical_breakpoint_v1","all_active_consecutive_levels","none","exclude_before_landscape_construction","bfb0ad4182eda6cd7c65decbb98eadb4f10a92c4882e956724bb108e5b8ad595",FALSE,FALSE
"gene_topology_v1","H0",112,474,474,0.16978451327992,"exact_critical_breakpoint_v1","all_active_consecutive_levels","none","exclude_before_landscape_construction","bfb0ad4182eda6cd7c65decbb98eadb4f10a92c4882e956724bb108e5b8ad595",FALSE,FALSE
"gene_topology_v1","H0",113,474,474,0.169526158800239,"exact_critical_breakpoint_v1","all_active_consecutive_levels","none","exclude_before_landscape_construction","bfb0ad4182eda6cd7c65decbb98eadb4f10a92c4882e956724bb108e5b8ad595",FALSE,FALSE
"gene_topology_v1","H0",114,474,474,0.169473544287626,"exact_critical_breakpoint_v1","all_active_consecutive_levels","none","exclude_before_landscape_construction","bfb0ad4182eda6cd7c65decbb98eadb4f10a92c4882e956724bb108e5b8ad595",FALSE,FALSE
"gene_topology_v1","H0",115,474,474,0.169418846545378,"exact_critical_breakpoint_v1","all_active_consecutive_levels","none","exclude_before_landscape_construction","bfb0ad4182eda6cd7c65decbb98eadb4f10a92c4882e956724bb108e5b8ad595",FALSE,FALSE
"gene_topology_v1","H0",116,474,474,0.169412295087713,"exact_critical_breakpoint_v1","all_active_consecutive_levels","none","exclude_before_landscape_construction","bfb0ad4182eda6cd7c65decbb98eadb4f10a92c4882e956724bb108e5b8ad595",FALSE,FALSE
"gene_topology_v1","H0",117,474,474,0.169380737392101,"exact_critical_breakpoint_v1","all_active_consecutive_levels","none","exclude_before_landscape_construction","bfb0ad4182eda6cd7c65decbb98eadb4f10a92c4882e956724bb108e5b8ad595",FALSE,FALSE
"gene_topology_v1","H0",118,474,474,0.169049693259328,"exact_critical_breakpoint_v1","all_active_consecutive_levels","none","exclude_before_landscape_construction","bfb0ad4182eda6cd7c65decbb98eadb4f10a92c4882e956724bb108e5b8ad595",FALSE,FALSE
"gene_topology_v1","H0",119,474,474,0.16884840771334,"exact_critical_breakpoint_v1","all_active_consecutive_levels","none","exclude_before_landscape_construction","bfb0ad4182eda6cd7c65decbb98eadb4f10a92c4882e956724bb108e5b8ad595",FALSE,FALSE
"gene_topology_v1","H0",120,474,474,0.168830290615861,"exact_critical_breakpoint_v1","all_active_consecutive_levels","none","exclude_before_landscape_construction","bfb0ad4182eda6cd7c65decbb98eadb4f10a92c4882e956724bb108e5b8ad595",FALSE,FALSE
"gene_topology_v1","H0",121,474,474,0.168653965675087,"exact_critical_breakpoint_v1","all_active_consecutive_levels","none","exclude_before_landscape_construction","bfb0ad4182eda6cd7c65decbb98eadb4f10a92c4882e956724bb108e5b8ad595",FALSE,FALSE
"gene_topology_v1","H0",122,474,474,0.168595181477744,"exact_critical_breakpoint_v1","all_active_consecutive_levels","none","exclude_before_landscape_construction","bfb0ad4182eda6cd7c65decbb98eadb4f10a92c4882e956724bb108e5b8ad595",FALSE,FALSE
"gene_topology_v1","H0",123,474,474,0.168559184146948,"exact_critical_breakpoint_v1","all_active_consecutive_levels","none","exclude_before_landscape_construction","bfb0ad4182eda6cd7c65decbb98eadb4f10a92c4882e956724bb108e5b8ad595",FALSE,FALSE
"gene_topology_v1","H0",124,474,474,0.168215866113346,"exact_critical_breakpoint_v1","all_active_consecutive_levels","none","exclude_before_landscape_construction","bfb0ad4182eda6cd7c65decbb98eadb4f10a92c4882e956724bb108e5b8ad595",FALSE,FALSE
"gene_topology_v1","H0",125,474,474,0.168189201503174,"exact_critical_breakpoint_v1","all_active_consecutive_levels","none","exclude_before_landscape_construction","bfb0ad4182eda6cd7c65decbb98eadb4f10a92c4882e956724bb108e5b8ad595",FALSE,FALSE
"gene_topology_v1","H0",126,474,474,0.168175868494643,"exact_critical_breakpoint_v1","all_active_consecutive_levels","none","exclude_before_landscape_construction","bfb0ad4182eda6cd7c65decbb98eadb4f10a92c4882e956724bb108e5b8ad595",FALSE,FALSE
"gene_topology_v1","H0",127,474,474,0.168155250646672,"exact_critical_breakpoint_v1","all_active_consecutive_levels","none","exclude_before_landscape_construction","bfb0ad4182eda6cd7c65decbb98eadb4f10a92c4882e956724bb108e5b8ad595",FALSE,FALSE
"gene_topology_v1","H0",128,474,474,0.168079429650343,"exact_critical_breakpoint_v1","all_active_consecutive_levels","none","exclude_before_landscape_construction","bfb0ad4182eda6cd7c65decbb98eadb4f10a92c4882e956724bb108e5b8ad595",FALSE,FALSE
"gene_topology_v1","H0",129,474,474,0.168052163226468,"exact_critical_breakpoint_v1","all_active_consecutive_levels","none","exclude_before_landscape_construction","bfb0ad4182eda6cd7c65decbb98eadb4f10a92c4882e956724bb108e5b8ad595",FALSE,FALSE
"gene_topology_v1","H0",130,474,474,0.168016122555224,"exact_critical_breakpoint_v1","all_active_consecutive_levels","none","exclude_before_landscape_construction","bfb0ad4182eda6cd7c65decbb98eadb4f10a92c4882e956724bb108e5b8ad595",FALSE,FALSE
"gene_topology_v1","H0",131,474,474,0.167971348534977,"exact_critical_breakpoint_v1","all_active_consecutive_levels","none","exclude_before_landscape_construction","bfb0ad4182eda6cd7c65decbb98eadb4f10a92c4882e956724bb108e5b8ad595",FALSE,FALSE
"gene_topology_v1","H0",132,474,474,0.167830265696338,"exact_critical_breakpoint_v1","all_active_consecutive_levels","none","exclude_before_landscape_construction","bfb0ad4182eda6cd7c65decbb98eadb4f10a92c4882e956724bb108e5b8ad595",FALSE,FALSE
"gene_topology_v1","H0",133,474,474,0.167814787955128,"exact_critical_breakpoint_v1","all_active_consecutive_levels","none","exclude_before_landscape_construction","bfb0ad4182eda6cd7c65decbb98eadb4f10a92c4882e956724bb108e5b8ad595",FALSE,FALSE
"gene_topology_v1","H0",134,474,474,0.167757487005819,"exact_critical_breakpoint_v1","all_active_consecutive_levels","none","exclude_before_landscape_construction","bfb0ad4182eda6cd7c65decbb98eadb4f10a92c4882e956724bb108e5b8ad595",FALSE,FALSE
"gene_topology_v1","H0",135,474,474,0.167646535663255,"exact_critical_breakpoint_v1","all_active_consecutive_levels","none","exclude_before_landscape_construction","bfb0ad4182eda6cd7c65decbb98eadb4f10a92c4882e956724bb108e5b8ad595",FALSE,FALSE
"gene_topology_v1","H0",136,474,474,0.167639550516758,"exact_critical_breakpoint_v1","all_active_consecutive_levels","none","exclude_before_landscape_construction","bfb0ad4182eda6cd7c65decbb98eadb4f10a92c4882e956724bb108e5b8ad595",FALSE,FALSE
"gene_topology_v1","H0",137,474,474,0.167575484396189,"exact_critical_breakpoint_v1","all_active_consecutive_levels","none","exclude_before_landscape_construction","bfb0ad4182eda6cd7c65decbb98eadb4f10a92c4882e956724bb108e5b8ad595",FALSE,FALSE
"gene_topology_v1","H0",138,474,474,0.167518333508655,"exact_critical_breakpoint_v1","all_active_consecutive_levels","none","exclude_before_landscape_construction","bfb0ad4182eda6cd7c65decbb98eadb4f10a92c4882e956724bb108e5b8ad595",FALSE,FALSE
"gene_topology_v1","H0",139,474,474,0.167498489111942,"exact_critical_breakpoint_v1","all_active_consecutive_levels","none","exclude_before_landscape_construction","bfb0ad4182eda6cd7c65decbb98eadb4f10a92c4882e956724bb108e5b8ad595",FALSE,FALSE
"gene_topology_v1","H0",140,474,474,0.167416752411537,"exact_critical_breakpoint_v1","all_active_consecutive_levels","none","exclude_before_landscape_construction","bfb0ad4182eda6cd7c65decbb98eadb4f10a92c4882e956724bb108e5b8ad595",FALSE,FALSE
"gene_topology_v1","H0",141,474,474,0.167093783773307,"exact_critical_breakpoint_v1","all_active_consecutive_levels","none","exclude_before_landscape_construction","bfb0ad4182eda6cd7c65decbb98eadb4f10a92c4882e956724bb108e5b8ad595",FALSE,FALSE
"gene_topology_v1","H0",142,474,474,0.167067678094412,"exact_critical_breakpoint_v1","all_active_consecutive_levels","none","exclude_before_landscape_construction","bfb0ad4182eda6cd7c65decbb98eadb4f10a92c4882e956724bb108e5b8ad595",FALSE,FALSE
"gene_topology_v1","H0",143,474,474,0.166944072858733,"exact_critical_breakpoint_v1","all_active_consecutive_levels","none","exclude_before_landscape_construction","bfb0ad4182eda6cd7c65decbb98eadb4f10a92c4882e956724bb108e5b8ad595",FALSE,FALSE
"gene_topology_v1","H0",144,474,474,0.166883767026794,"exact_critical_breakpoint_v1","all_active_consecutive_levels","none","exclude_before_landscape_construction","bfb0ad4182eda6cd7c65decbb98eadb4f10a92c4882e956724bb108e5b8ad595",FALSE,FALSE
"gene_topology_v1","H0",145,474,474,0.166813029084369,"exact_critical_breakpoint_v1","all_active_consecutive_levels","none","exclude_before_landscape_construction","bfb0ad4182eda6cd7c65decbb98eadb4f10a92c4882e956724bb108e5b8ad595",FALSE,FALSE
"gene_topology_v1","H0",146,474,474,0.166780966048526,"exact_critical_breakpoint_v1","all_active_consecutive_levels","none","exclude_before_landscape_construction","bfb0ad4182eda6cd7c65decbb98eadb4f10a92c4882e956724bb108e5b8ad595",FALSE,FALSE
"gene_topology_v1","H0",147,474,474,0.166662055668114,"exact_critical_breakpoint_v1","all_active_consecutive_levels","none","exclude_before_landscape_construction","bfb0ad4182eda6cd7c65decbb98eadb4f10a92c4882e956724bb108e5b8ad595",FALSE,FALSE
"gene_topology_v1","H0",148,474,474,0.166651655459188,"exact_critical_breakpoint_v1","all_active_consecutive_levels","none","exclude_before_landscape_construction","bfb0ad4182eda6cd7c65decbb98eadb4f10a92c4882e956724bb108e5b8ad595",FALSE,FALSE
"gene_topology_v1","H0",149,474,474,0.166521850430717,"exact_critical_breakpoint_v1","all_active_consecutive_levels","none","exclude_before_landscape_construction","bfb0ad4182eda6cd7c65decbb98eadb4f10a92c4882e956724bb108e5b8ad595",FALSE,FALSE
"gene_topology_v1","H0",150,474,474,0.166240591731623,"exact_critical_breakpoint_v1","all_active_consecutive_levels","none","exclude_before_landscape_construction","bfb0ad4182eda6cd7c65decbb98eadb4f10a92c4882e956724bb108e5b8ad595",FALSE,FALSE
"gene_topology_v1","H0",151,474,474,0.166238358443649,"exact_critical_breakpoint_v1","all_active_consecutive_levels","none","exclude_before_landscape_construction","bfb0ad4182eda6cd7c65decbb98eadb4f10a92c4882e956724bb108e5b8ad595",FALSE,FALSE
"gene_topology_v1","H0",152,474,474,0.166217575492814,"exact_critical_breakpoint_v1","all_active_consecutive_levels","none","exclude_before_landscape_construction","bfb0ad4182eda6cd7c65decbb98eadb4f10a92c4882e956724bb108e5b8ad595",FALSE,FALSE
"gene_topology_v1","H0",153,474,474,0.166124134837699,"exact_critical_breakpoint_v1","all_active_consecutive_levels","none","exclude_before_landscape_construction","bfb0ad4182eda6cd7c65decbb98eadb4f10a92c4882e956724bb108e5b8ad595",FALSE,FALSE
"gene_topology_v1","H0",154,474,474,0.16611006688572,"exact_critical_breakpoint_v1","all_active_consecutive_levels","none","exclude_before_landscape_construction","bfb0ad4182eda6cd7c65decbb98eadb4f10a92c4882e956724bb108e5b8ad595",FALSE,FALSE
"gene_topology_v1","H0",155,474,474,0.165905918167122,"exact_critical_breakpoint_v1","all_active_consecutive_levels","none","exclude_before_landscape_construction","bfb0ad4182eda6cd7c65decbb98eadb4f10a92c4882e956724bb108e5b8ad595",FALSE,FALSE
"gene_topology_v1","H0",156,474,474,0.1658993832727,"exact_critical_breakpoint_v1","all_active_consecutive_levels","none","exclude_before_landscape_construction","bfb0ad4182eda6cd7c65decbb98eadb4f10a92c4882e956724bb108e5b8ad595",FALSE,FALSE
"gene_topology_v1","H0",157,474,474,0.165842671842509,"exact_critical_breakpoint_v1","all_active_consecutive_levels","none","exclude_before_landscape_construction","bfb0ad4182eda6cd7c65decbb98eadb4f10a92c4882e956724bb108e5b8ad595",FALSE,FALSE
"gene_topology_v1","H0",158,474,474,0.165713028438585,"exact_critical_breakpoint_v1","all_active_consecutive_levels","none","exclude_before_landscape_construction","bfb0ad4182eda6cd7c65decbb98eadb4f10a92c4882e956724bb108e5b8ad595",FALSE,FALSE
"gene_topology_v1","H0",159,474,474,0.165499433564272,"exact_critical_breakpoint_v1","all_active_consecutive_levels","none","exclude_before_landscape_construction","bfb0ad4182eda6cd7c65decbb98eadb4f10a92c4882e956724bb108e5b8ad595",FALSE,FALSE
"gene_topology_v1","H0",160,474,474,0.165373141654345,"exact_critical_breakpoint_v1","all_active_consecutive_levels","none","exclude_before_landscape_construction","bfb0ad4182eda6cd7c65decbb98eadb4f10a92c4882e956724bb108e5b8ad595",FALSE,FALSE
"gene_topology_v1","H0",161,474,474,0.165328772461393,"exact_critical_breakpoint_v1","all_active_consecutive_levels","none","exclude_before_landscape_construction","bfb0ad4182eda6cd7c65decbb98eadb4f10a92c4882e956724bb108e5b8ad595",FALSE,FALSE
"gene_topology_v1","H0",162,474,474,0.165324381020605,"exact_critical_breakpoint_v1","all_active_consecutive_levels","none","exclude_before_landscape_construction","bfb0ad4182eda6cd7c65decbb98eadb4f10a92c4882e956724bb108e5b8ad595",FALSE,FALSE
"gene_topology_v1","H0",163,474,474,0.16528660499302,"exact_critical_breakpoint_v1","all_active_consecutive_levels","none","exclude_before_landscape_construction","bfb0ad4182eda6cd7c65decbb98eadb4f10a92c4882e956724bb108e5b8ad595",FALSE,FALSE
"gene_topology_v1","H0",164,474,474,0.165222158479346,"exact_critical_breakpoint_v1","all_active_consecutive_levels","none","exclude_before_landscape_construction","bfb0ad4182eda6cd7c65decbb98eadb4f10a92c4882e956724bb108e5b8ad595",FALSE,FALSE
"gene_topology_v1","H0",165,474,474,0.165221188622037,"exact_critical_breakpoint_v1","all_active_consecutive_levels","none","exclude_before_landscape_construction","bfb0ad4182eda6cd7c65decbb98eadb4f10a92c4882e956724bb108e5b8ad595",FALSE,FALSE
"gene_topology_v1","H0",166,474,474,0.16494811878756,"exact_critical_breakpoint_v1","all_active_consecutive_levels","none","exclude_before_landscape_construction","bfb0ad4182eda6cd7c65decbb98eadb4f10a92c4882e956724bb108e5b8ad595",FALSE,FALSE
"gene_topology_v1","H0",167,474,474,0.164660937872982,"exact_critical_breakpoint_v1","all_active_consecutive_levels","none","exclude_before_landscape_construction","bfb0ad4182eda6cd7c65decbb98eadb4f10a92c4882e956724bb108e5b8ad595",FALSE,FALSE
"gene_topology_v1","H0",168,474,474,0.164619602774541,"exact_critical_breakpoint_v1","all_active_consecutive_levels","none","exclude_before_landscape_construction","bfb0ad4182eda6cd7c65decbb98eadb4f10a92c4882e956724bb108e5b8ad595",FALSE,FALSE
"gene_topology_v1","H0",169,474,474,0.164605148475345,"exact_critical_breakpoint_v1","all_active_consecutive_levels","none","exclude_before_landscape_construction","bfb0ad4182eda6cd7c65decbb98eadb4f10a92c4882e956724bb108e5b8ad595",FALSE,FALSE
"gene_topology_v1","H0",170,474,474,0.164572494419023,"exact_critical_breakpoint_v1","all_active_consecutive_levels","none","exclude_before_landscape_construction","bfb0ad4182eda6cd7c65decbb98eadb4f10a92c4882e956724bb108e5b8ad595",FALSE,FALSE
"gene_topology_v1","H0",171,474,474,0.164533021717744,"exact_critical_breakpoint_v1","all_active_consecutive_levels","none","exclude_before_landscape_construction","bfb0ad4182eda6cd7c65decbb98eadb4f10a92c4882e956724bb108e5b8ad595",FALSE,FALSE
"gene_topology_v1","H0",172,474,474,0.164416895212703,"exact_critical_breakpoint_v1","all_active_consecutive_levels","none","exclude_before_landscape_construction","bfb0ad4182eda6cd7c65decbb98eadb4f10a92c4882e956724bb108e5b8ad595",FALSE,FALSE
"gene_topology_v1","H0",173,474,474,0.164353328192499,"exact_critical_breakpoint_v1","all_active_consecutive_levels","none","exclude_before_landscape_construction","bfb0ad4182eda6cd7c65decbb98eadb4f10a92c4882e956724bb108e5b8ad595",FALSE,FALSE
"gene_topology_v1","H0",174,474,474,0.164277669814848,"exact_critical_breakpoint_v1","all_active_consecutive_levels","none","exclude_before_landscape_construction","bfb0ad4182eda6cd7c65decbb98eadb4f10a92c4882e956724bb108e5b8ad595",FALSE,FALSE
"gene_topology_v1","H0",175,474,474,0.164053689814197,"exact_critical_breakpoint_v1","all_active_consecutive_levels","none","exclude_before_landscape_construction","bfb0ad4182eda6cd7c65decbb98eadb4f10a92c4882e956724bb108e5b8ad595",FALSE,FALSE
"gene_topology_v1","H0",176,474,474,0.164030004921398,"exact_critical_breakpoint_v1","all_active_consecutive_levels","none","exclude_before_landscape_construction","bfb0ad4182eda6cd7c65decbb98eadb4f10a92c4882e956724bb108e5b8ad595",FALSE,FALSE
"gene_topology_v1","H0",177,474,474,0.163741540868766,"exact_critical_breakpoint_v1","all_active_consecutive_levels","none","exclude_before_landscape_construction","bfb0ad4182eda6cd7c65decbb98eadb4f10a92c4882e956724bb108e5b8ad595",FALSE,FALSE
"gene_topology_v1","H0",178,474,474,0.163721721995519,"exact_critical_breakpoint_v1","all_active_consecutive_levels","none","exclude_before_landscape_construction","bfb0ad4182eda6cd7c65decbb98eadb4f10a92c4882e956724bb108e5b8ad595",FALSE,FALSE
"gene_topology_v1","H0",179,474,474,0.163585193086212,"exact_critical_breakpoint_v1","all_active_consecutive_levels","none","exclude_before_landscape_construction","bfb0ad4182eda6cd7c65decbb98eadb4f10a92c4882e956724bb108e5b8ad595",FALSE,FALSE
"gene_topology_v1","H0",180,474,474,0.163564586057316,"exact_critical_breakpoint_v1","all_active_consecutive_levels","none","exclude_before_landscape_construction","bfb0ad4182eda6cd7c65decbb98eadb4f10a92c4882e956724bb108e5b8ad595",FALSE,FALSE
"gene_topology_v1","H0",181,474,474,0.163518913892319,"exact_critical_breakpoint_v1","all_active_consecutive_levels","none","exclude_before_landscape_construction","bfb0ad4182eda6cd7c65decbb98eadb4f10a92c4882e956724bb108e5b8ad595",FALSE,FALSE
"gene_topology_v1","H0",182,474,474,0.163441091312376,"exact_critical_breakpoint_v1","all_active_consecutive_levels","none","exclude_before_landscape_construction","bfb0ad4182eda6cd7c65decbb98eadb4f10a92c4882e956724bb108e5b8ad595",FALSE,FALSE
"gene_topology_v1","H0",183,474,474,0.163307079814434,"exact_critical_breakpoint_v1","all_active_consecutive_levels","none","exclude_before_landscape_construction","bfb0ad4182eda6cd7c65decbb98eadb4f10a92c4882e956724bb108e5b8ad595",FALSE,FALSE
"gene_topology_v1","H0",184,474,474,0.163061877843104,"exact_critical_breakpoint_v1","all_active_consecutive_levels","none","exclude_before_landscape_construction","bfb0ad4182eda6cd7c65decbb98eadb4f10a92c4882e956724bb108e5b8ad595",FALSE,FALSE
"gene_topology_v1","H0",185,474,474,0.163058369343909,"exact_critical_breakpoint_v1","all_active_consecutive_levels","none","exclude_before_landscape_construction","bfb0ad4182eda6cd7c65decbb98eadb4f10a92c4882e956724bb108e5b8ad595",FALSE,FALSE
"gene_topology_v1","H0",186,474,474,0.162970955588531,"exact_critical_breakpoint_v1","all_active_consecutive_levels","none","exclude_before_landscape_construction","bfb0ad4182eda6cd7c65decbb98eadb4f10a92c4882e956724bb108e5b8ad595",FALSE,FALSE
"gene_topology_v1","H0",187,474,474,0.162864128260451,"exact_critical_breakpoint_v1","all_active_consecutive_levels","none","exclude_before_landscape_construction","bfb0ad4182eda6cd7c65decbb98eadb4f10a92c4882e956724bb108e5b8ad595",FALSE,FALSE
"gene_topology_v1","H0",188,474,474,0.162798616664057,"exact_critical_breakpoint_v1","all_active_consecutive_levels","none","exclude_before_landscape_construction","bfb0ad4182eda6cd7c65decbb98eadb4f10a92c4882e956724bb108e5b8ad595",FALSE,FALSE
"gene_topology_v1","H0",189,474,474,0.162739485164732,"exact_critical_breakpoint_v1","all_active_consecutive_levels","none","exclude_before_landscape_construction","bfb0ad4182eda6cd7c65decbb98eadb4f10a92c4882e956724bb108e5b8ad595",FALSE,FALSE
"gene_topology_v1","H0",190,474,474,0.16264865150995,"exact_critical_breakpoint_v1","all_active_consecutive_levels","none","exclude_before_landscape_construction","bfb0ad4182eda6cd7c65decbb98eadb4f10a92c4882e956724bb108e5b8ad595",FALSE,FALSE
"gene_topology_v1","H0",191,474,474,0.16263057643794,"exact_critical_breakpoint_v1","all_active_consecutive_levels","none","exclude_before_landscape_construction","bfb0ad4182eda6cd7c65decbb98eadb4f10a92c4882e956724bb108e5b8ad595",FALSE,FALSE
"gene_topology_v1","H0",192,474,474,0.16261541812859,"exact_critical_breakpoint_v1","all_active_consecutive_levels","none","exclude_before_landscape_construction","bfb0ad4182eda6cd7c65decbb98eadb4f10a92c4882e956724bb108e5b8ad595",FALSE,FALSE
"gene_topology_v1","H0",193,474,474,0.162526353487155,"exact_critical_breakpoint_v1","all_active_consecutive_levels","none","exclude_before_landscape_construction","bfb0ad4182eda6cd7c65decbb98eadb4f10a92c4882e956724bb108e5b8ad595",FALSE,FALSE
"gene_topology_v1","H0",194,474,474,0.162484288960383,"exact_critical_breakpoint_v1","all_active_consecutive_levels","none","exclude_before_landscape_construction","bfb0ad4182eda6cd7c65decbb98eadb4f10a92c4882e956724bb108e5b8ad595",FALSE,FALSE
"gene_topology_v1","H0",195,474,474,0.162462652041535,"exact_critical_breakpoint_v1","all_active_consecutive_levels","none","exclude_before_landscape_construction","bfb0ad4182eda6cd7c65decbb98eadb4f10a92c4882e956724bb108e5b8ad595",FALSE,FALSE
"gene_topology_v1","H0",196,474,474,0.162447175651971,"exact_critical_breakpoint_v1","all_active_consecutive_levels","none","exclude_before_landscape_construction","bfb0ad4182eda6cd7c65decbb98eadb4f10a92c4882e956724bb108e5b8ad595",FALSE,FALSE
"gene_topology_v1","H0",197,474,474,0.162358683154482,"exact_critical_breakpoint_v1","all_active_consecutive_levels","none","exclude_before_landscape_construction","bfb0ad4182eda6cd7c65decbb98eadb4f10a92c4882e956724bb108e5b8ad595",FALSE,FALSE
"gene_topology_v1","H0",198,474,474,0.162337682620114,"exact_critical_breakpoint_v1","all_active_consecutive_levels","none","exclude_before_landscape_construction","bfb0ad4182eda6cd7c65decbb98eadb4f10a92c4882e956724bb108e5b8ad595",FALSE,FALSE
"gene_topology_v1","H0",199,474,474,0.162325462140692,"exact_critical_breakpoint_v1","all_active_consecutive_levels","none","exclude_before_landscape_construction","bfb0ad4182eda6cd7c65decbb98eadb4f10a92c4882e956724bb108e5b8ad595",FALSE,FALSE
"gene_topology_v1","H0",200,474,474,0.16211626872984,"exact_critical_breakpoint_v1","all_active_consecutive_levels","none","exclude_before_landscape_construction","bfb0ad4182eda6cd7c65decbb98eadb4f10a92c4882e956724bb108e5b8ad595",FALSE,FALSE
"gene_topology_v1","H0",201,474,474,0.16210033952544,"exact_critical_breakpoint_v1","all_active_consecutive_levels","none","exclude_before_landscape_construction","bfb0ad4182eda6cd7c65decbb98eadb4f10a92c4882e956724bb108e5b8ad595",FALSE,FALSE
"gene_topology_v1","H0",202,474,474,0.162013049975152,"exact_critical_breakpoint_v1","all_active_consecutive_levels","none","exclude_before_landscape_construction","bfb0ad4182eda6cd7c65decbb98eadb4f10a92c4882e956724bb108e5b8ad595",FALSE,FALSE
"gene_topology_v1","H0",203,474,474,0.161904493764532,"exact_critical_breakpoint_v1","all_active_consecutive_levels","none","exclude_before_landscape_construction","bfb0ad4182eda6cd7c65decbb98eadb4f10a92c4882e956724bb108e5b8ad595",FALSE,FALSE
"gene_topology_v1","H0",204,474,474,0.161848802264018,"exact_critical_breakpoint_v1","all_active_consecutive_levels","none","exclude_before_landscape_construction","bfb0ad4182eda6cd7c65decbb98eadb4f10a92c4882e956724bb108e5b8ad595",FALSE,FALSE
"gene_topology_v1","H0",205,474,474,0.161561008566383,"exact_critical_breakpoint_v1","all_active_consecutive_levels","none","exclude_before_landscape_construction","bfb0ad4182eda6cd7c65decbb98eadb4f10a92c4882e956724bb108e5b8ad595",FALSE,FALSE
"gene_topology_v1","H0",206,474,474,0.161558410822585,"exact_critical_breakpoint_v1","all_active_consecutive_levels","none","exclude_before_landscape_construction","bfb0ad4182eda6cd7c65decbb98eadb4f10a92c4882e956724bb108e5b8ad595",FALSE,FALSE
"gene_topology_v1","H0",207,474,474,0.161388360921828,"exact_critical_breakpoint_v1","all_active_consecutive_levels","none","exclude_before_landscape_construction","bfb0ad4182eda6cd7c65decbb98eadb4f10a92c4882e956724bb108e5b8ad595",FALSE,FALSE
"gene_topology_v1","H0",208,474,474,0.161386622768202,"exact_critical_breakpoint_v1","all_active_consecutive_levels","none","exclude_before_landscape_construction","bfb0ad4182eda6cd7c65decbb98eadb4f10a92c4882e956724bb108e5b8ad595",FALSE,FALSE
"gene_topology_v1","H0",209,474,474,0.161336999499227,"exact_critical_breakpoint_v1","all_active_consecutive_levels","none","exclude_before_landscape_construction","bfb0ad4182eda6cd7c65decbb98eadb4f10a92c4882e956724bb108e5b8ad595",FALSE,FALSE
"gene_topology_v1","H0",210,474,474,0.161232092782228,"exact_critical_breakpoint_v1","all_active_consecutive_levels","none","exclude_before_landscape_construction","bfb0ad4182eda6cd7c65decbb98eadb4f10a92c4882e956724bb108e5b8ad595",FALSE,FALSE
"gene_topology_v1","H0",211,474,474,0.16120108182759,"exact_critical_breakpoint_v1","all_active_consecutive_levels","none","exclude_before_landscape_construction","bfb0ad4182eda6cd7c65decbb98eadb4f10a92c4882e956724bb108e5b8ad595",FALSE,FALSE
"gene_topology_v1","H0",212,474,474,0.160944831049912,"exact_critical_breakpoint_v1","all_active_consecutive_levels","none","exclude_before_landscape_construction","bfb0ad4182eda6cd7c65decbb98eadb4f10a92c4882e956724bb108e5b8ad595",FALSE,FALSE
"gene_topology_v1","H0",213,474,474,0.160860384288353,"exact_critical_breakpoint_v1","all_active_consecutive_levels","none","exclude_before_landscape_construction","bfb0ad4182eda6cd7c65decbb98eadb4f10a92c4882e956724bb108e5b8ad595",FALSE,FALSE
"gene_topology_v1","H0",214,474,474,0.160817553350961,"exact_critical_breakpoint_v1","all_active_consecutive_levels","none","exclude_before_landscape_construction","bfb0ad4182eda6cd7c65decbb98eadb4f10a92c4882e956724bb108e5b8ad595",FALSE,FALSE
"gene_topology_v1","H0",215,474,474,0.160814756942591,"exact_critical_breakpoint_v1","all_active_consecutive_levels","none","exclude_before_landscape_construction","bfb0ad4182eda6cd7c65decbb98eadb4f10a92c4882e956724bb108e5b8ad595",FALSE,FALSE
"gene_topology_v1","H0",216,474,474,0.160653459835249,"exact_critical_breakpoint_v1","all_active_consecutive_levels","none","exclude_before_landscape_construction","bfb0ad4182eda6cd7c65decbb98eadb4f10a92c4882e956724bb108e5b8ad595",FALSE,FALSE
"gene_topology_v1","H0",217,474,474,0.16063231655513,"exact_critical_breakpoint_v1","all_active_consecutive_levels","none","exclude_before_landscape_construction","bfb0ad4182eda6cd7c65decbb98eadb4f10a92c4882e956724bb108e5b8ad595",FALSE,FALSE
"gene_topology_v1","H0",218,474,474,0.160375404449915,"exact_critical_breakpoint_v1","all_active_consecutive_levels","none","exclude_before_landscape_construction","bfb0ad4182eda6cd7c65decbb98eadb4f10a92c4882e956724bb108e5b8ad595",FALSE,FALSE
"gene_topology_v1","H0",219,474,474,0.160266725436115,"exact_critical_breakpoint_v1","all_active_consecutive_levels","none","exclude_before_landscape_construction","bfb0ad4182eda6cd7c65decbb98eadb4f10a92c4882e956724bb108e5b8ad595",FALSE,FALSE
"gene_topology_v1","H0",220,474,474,0.160113473193076,"exact_critical_breakpoint_v1","all_active_consecutive_levels","none","exclude_before_landscape_construction","bfb0ad4182eda6cd7c65decbb98eadb4f10a92c4882e956724bb108e5b8ad595",FALSE,FALSE
"gene_topology_v1","H0",221,474,474,0.160103961480815,"exact_critical_breakpoint_v1","all_active_consecutive_levels","none","exclude_before_landscape_construction","bfb0ad4182eda6cd7c65decbb98eadb4f10a92c4882e956724bb108e5b8ad595",FALSE,FALSE
"gene_topology_v1","H0",222,474,474,0.160081488225286,"exact_critical_breakpoint_v1","all_active_consecutive_levels","none","exclude_before_landscape_construction","bfb0ad4182eda6cd7c65decbb98eadb4f10a92c4882e956724bb108e5b8ad595",FALSE,FALSE
"gene_topology_v1","H0",223,474,474,0.160077195230881,"exact_critical_breakpoint_v1","all_active_consecutive_levels","none","exclude_before_landscape_construction","bfb0ad4182eda6cd7c65decbb98eadb4f10a92c4882e956724bb108e5b8ad595",FALSE,FALSE
"gene_topology_v1","H0",224,474,474,0.160043230205632,"exact_critical_breakpoint_v1","all_active_consecutive_levels","none","exclude_before_landscape_construction","bfb0ad4182eda6cd7c65decbb98eadb4f10a92c4882e956724bb108e5b8ad595",FALSE,FALSE
"gene_topology_v1","H0",225,474,474,0.159930368097749,"exact_critical_breakpoint_v1","all_active_consecutive_levels","none","exclude_before_landscape_construction","bfb0ad4182eda6cd7c65decbb98eadb4f10a92c4882e956724bb108e5b8ad595",FALSE,FALSE
"gene_topology_v1","H0",226,474,474,0.159842663408302,"exact_critical_breakpoint_v1","all_active_consecutive_levels","none","exclude_before_landscape_construction","bfb0ad4182eda6cd7c65decbb98eadb4f10a92c4882e956724bb108e5b8ad595",FALSE,FALSE
"gene_topology_v1","H0",227,474,474,0.159799215028072,"exact_critical_breakpoint_v1","all_active_consecutive_levels","none","exclude_before_landscape_construction","bfb0ad4182eda6cd7c65decbb98eadb4f10a92c4882e956724bb108e5b8ad595",FALSE,FALSE
"gene_topology_v1","H0",228,474,474,0.159760229659162,"exact_critical_breakpoint_v1","all_active_consecutive_levels","none","exclude_before_landscape_construction","bfb0ad4182eda6cd7c65decbb98eadb4f10a92c4882e956724bb108e5b8ad595",FALSE,FALSE
"gene_topology_v1","H0",229,474,474,0.159661657788294,"exact_critical_breakpoint_v1","all_active_consecutive_levels","none","exclude_before_landscape_construction","bfb0ad4182eda6cd7c65decbb98eadb4f10a92c4882e956724bb108e5b8ad595",FALSE,FALSE
"gene_topology_v1","H0",230,474,474,0.159113166904913,"exact_critical_breakpoint_v1","all_active_consecutive_levels","none","exclude_before_landscape_construction","bfb0ad4182eda6cd7c65decbb98eadb4f10a92c4882e956724bb108e5b8ad595",FALSE,FALSE
"gene_topology_v1","H0",231,474,474,0.159091066518155,"exact_critical_breakpoint_v1","all_active_consecutive_levels","none","exclude_before_landscape_construction","bfb0ad4182eda6cd7c65decbb98eadb4f10a92c4882e956724bb108e5b8ad595",FALSE,FALSE
"gene_topology_v1","H0",232,474,474,0.159022680433571,"exact_critical_breakpoint_v1","all_active_consecutive_levels","none","exclude_before_landscape_construction","bfb0ad4182eda6cd7c65decbb98eadb4f10a92c4882e956724bb108e5b8ad595",FALSE,FALSE
"gene_topology_v1","H0",233,474,474,0.158999960446216,"exact_critical_breakpoint_v1","all_active_consecutive_levels","none","exclude_before_landscape_construction","bfb0ad4182eda6cd7c65decbb98eadb4f10a92c4882e956724bb108e5b8ad595",FALSE,FALSE
"gene_topology_v1","H0",234,474,474,0.158626251587653,"exact_critical_breakpoint_v1","all_active_consecutive_levels","none","exclude_before_landscape_construction","bfb0ad4182eda6cd7c65decbb98eadb4f10a92c4882e956724bb108e5b8ad595",FALSE,FALSE
"gene_topology_v1","H0",235,474,474,0.158353200953033,"exact_critical_breakpoint_v1","all_active_consecutive_levels","none","exclude_before_landscape_construction","bfb0ad4182eda6cd7c65decbb98eadb4f10a92c4882e956724bb108e5b8ad595",FALSE,FALSE
"gene_topology_v1","H0",236,474,474,0.158165815804768,"exact_critical_breakpoint_v1","all_active_consecutive_levels","none","exclude_before_landscape_construction","bfb0ad4182eda6cd7c65decbb98eadb4f10a92c4882e956724bb108e5b8ad595",FALSE,FALSE
"gene_topology_v1","H0",237,474,474,0.157918683009953,"exact_critical_breakpoint_v1","all_active_consecutive_levels","none","exclude_before_landscape_construction","bfb0ad4182eda6cd7c65decbb98eadb4f10a92c4882e956724bb108e5b8ad595",FALSE,FALSE
"gene_topology_v1","H0",238,474,474,0.157798435281222,"exact_critical_breakpoint_v1","all_active_consecutive_levels","none","exclude_before_landscape_construction","bfb0ad4182eda6cd7c65decbb98eadb4f10a92c4882e956724bb108e5b8ad595",FALSE,FALSE
"gene_topology_v1","H0",239,474,474,0.157743438257128,"exact_critical_breakpoint_v1","all_active_consecutive_levels","none","exclude_before_landscape_construction","bfb0ad4182eda6cd7c65decbb98eadb4f10a92c4882e956724bb108e5b8ad595",FALSE,FALSE
"gene_topology_v1","H0",240,474,474,0.157390102492585,"exact_critical_breakpoint_v1","all_active_consecutive_levels","none","exclude_before_landscape_construction","bfb0ad4182eda6cd7c65decbb98eadb4f10a92c4882e956724bb108e5b8ad595",FALSE,FALSE
"gene_topology_v1","H0",241,474,474,0.157326378947832,"exact_critical_breakpoint_v1","all_active_consecutive_levels","none","exclude_before_landscape_construction","bfb0ad4182eda6cd7c65decbb98eadb4f10a92c4882e956724bb108e5b8ad595",FALSE,FALSE
"gene_topology_v1","H0",242,474,474,0.157268053671621,"exact_critical_breakpoint_v1","all_active_consecutive_levels","none","exclude_before_landscape_construction","bfb0ad4182eda6cd7c65decbb98eadb4f10a92c4882e956724bb108e5b8ad595",FALSE,FALSE
"gene_topology_v1","H0",243,474,474,0.156926872045311,"exact_critical_breakpoint_v1","all_active_consecutive_levels","none","exclude_before_landscape_construction","bfb0ad4182eda6cd7c65decbb98eadb4f10a92c4882e956724bb108e5b8ad595",FALSE,FALSE
"gene_topology_v1","H0",244,474,474,0.156810388939023,"exact_critical_breakpoint_v1","all_active_consecutive_levels","none","exclude_before_landscape_construction","bfb0ad4182eda6cd7c65decbb98eadb4f10a92c4882e956724bb108e5b8ad595",FALSE,FALSE
"gene_topology_v1","H0",245,474,474,0.15668010308422,"exact_critical_breakpoint_v1","all_active_consecutive_levels","none","exclude_before_landscape_construction","bfb0ad4182eda6cd7c65decbb98eadb4f10a92c4882e956724bb108e5b8ad595",FALSE,FALSE
"gene_topology_v1","H0",246,474,474,0.156636577723097,"exact_critical_breakpoint_v1","all_active_consecutive_levels","none","exclude_before_landscape_construction","bfb0ad4182eda6cd7c65decbb98eadb4f10a92c4882e956724bb108e5b8ad595",FALSE,FALSE
"gene_topology_v1","H0",247,474,474,0.15659767951383,"exact_critical_breakpoint_v1","all_active_consecutive_levels","none","exclude_before_landscape_construction","bfb0ad4182eda6cd7c65decbb98eadb4f10a92c4882e956724bb108e5b8ad595",FALSE,FALSE
"gene_topology_v1","H0",248,474,474,0.156575351326436,"exact_critical_breakpoint_v1","all_active_consecutive_levels","none","exclude_before_landscape_construction","bfb0ad4182eda6cd7c65decbb98eadb4f10a92c4882e956724bb108e5b8ad595",FALSE,FALSE
"gene_topology_v1","H0",249,474,474,0.156492759320618,"exact_critical_breakpoint_v1","all_active_consecutive_levels","none","exclude_before_landscape_construction","bfb0ad4182eda6cd7c65decbb98eadb4f10a92c4882e956724bb108e5b8ad595",FALSE,FALSE
"gene_topology_v1","H0",250,474,474,0.156492682409947,"exact_critical_breakpoint_v1","all_active_consecutive_levels","none","exclude_before_landscape_construction","bfb0ad4182eda6cd7c65decbb98eadb4f10a92c4882e956724bb108e5b8ad595",FALSE,FALSE
"gene_topology_v1","H0",251,474,474,0.156363755313311,"exact_critical_breakpoint_v1","all_active_consecutive_levels","none","exclude_before_landscape_construction","bfb0ad4182eda6cd7c65decbb98eadb4f10a92c4882e956724bb108e5b8ad595",FALSE,FALSE
"gene_topology_v1","H0",252,474,474,0.156181166882704,"exact_critical_breakpoint_v1","all_active_consecutive_levels","none","exclude_before_landscape_construction","bfb0ad4182eda6cd7c65decbb98eadb4f10a92c4882e956724bb108e5b8ad595",FALSE,FALSE
"gene_topology_v1","H0",253,474,474,0.156149328824531,"exact_critical_breakpoint_v1","all_active_consecutive_levels","none","exclude_before_landscape_construction","bfb0ad4182eda6cd7c65decbb98eadb4f10a92c4882e956724bb108e5b8ad595",FALSE,FALSE
"gene_topology_v1","H0",254,474,474,0.156126320104108,"exact_critical_breakpoint_v1","all_active_consecutive_levels","none","exclude_before_landscape_construction","bfb0ad4182eda6cd7c65decbb98eadb4f10a92c4882e956724bb108e5b8ad595",FALSE,FALSE
"gene_topology_v1","H0",255,474,474,0.156087265646362,"exact_critical_breakpoint_v1","all_active_consecutive_levels","none","exclude_before_landscape_construction","bfb0ad4182eda6cd7c65decbb98eadb4f10a92c4882e956724bb108e5b8ad595",FALSE,FALSE
"gene_topology_v1","H0",256,474,474,0.156077828840933,"exact_critical_breakpoint_v1","all_active_consecutive_levels","none","exclude_before_landscape_construction","bfb0ad4182eda6cd7c65decbb98eadb4f10a92c4882e956724bb108e5b8ad595",FALSE,FALSE
"gene_topology_v1","H0",257,474,474,0.155965506309284,"exact_critical_breakpoint_v1","all_active_consecutive_levels","none","exclude_before_landscape_construction","bfb0ad4182eda6cd7c65decbb98eadb4f10a92c4882e956724bb108e5b8ad595",FALSE,FALSE
"gene_topology_v1","H0",258,474,474,0.15573136010334,"exact_critical_breakpoint_v1","all_active_consecutive_levels","none","exclude_before_landscape_construction","bfb0ad4182eda6cd7c65decbb98eadb4f10a92c4882e956724bb108e5b8ad595",FALSE,FALSE
"gene_topology_v1","H0",259,474,474,0.155519059734686,"exact_critical_breakpoint_v1","all_active_consecutive_levels","none","exclude_before_landscape_construction","bfb0ad4182eda6cd7c65decbb98eadb4f10a92c4882e956724bb108e5b8ad595",FALSE,FALSE
"gene_topology_v1","H0",260,474,474,0.155226848817979,"exact_critical_breakpoint_v1","all_active_consecutive_levels","none","exclude_before_landscape_construction","bfb0ad4182eda6cd7c65decbb98eadb4f10a92c4882e956724bb108e5b8ad595",FALSE,FALSE
"gene_topology_v1","H0",261,474,474,0.155221904361238,"exact_critical_breakpoint_v1","all_active_consecutive_levels","none","exclude_before_landscape_construction","bfb0ad4182eda6cd7c65decbb98eadb4f10a92c4882e956724bb108e5b8ad595",FALSE,FALSE
"gene_topology_v1","H0",262,474,474,0.155154197220561,"exact_critical_breakpoint_v1","all_active_consecutive_levels","none","exclude_before_landscape_construction","bfb0ad4182eda6cd7c65decbb98eadb4f10a92c4882e956724bb108e5b8ad595",FALSE,FALSE
"gene_topology_v1","H0",263,474,474,0.155030711476266,"exact_critical_breakpoint_v1","all_active_consecutive_levels","none","exclude_before_landscape_construction","bfb0ad4182eda6cd7c65decbb98eadb4f10a92c4882e956724bb108e5b8ad595",FALSE,FALSE
"gene_topology_v1","H0",264,474,474,0.15499512414445,"exact_critical_breakpoint_v1","all_active_consecutive_levels","none","exclude_before_landscape_construction","bfb0ad4182eda6cd7c65decbb98eadb4f10a92c4882e956724bb108e5b8ad595",FALSE,FALSE
"gene_topology_v1","H0",265,474,474,0.154535332076554,"exact_critical_breakpoint_v1","all_active_consecutive_levels","none","exclude_before_landscape_construction","bfb0ad4182eda6cd7c65decbb98eadb4f10a92c4882e956724bb108e5b8ad595",FALSE,FALSE
"gene_topology_v1","H0",266,474,474,0.154388329445195,"exact_critical_breakpoint_v1","all_active_consecutive_levels","none","exclude_before_landscape_construction","bfb0ad4182eda6cd7c65decbb98eadb4f10a92c4882e956724bb108e5b8ad595",FALSE,FALSE
"gene_topology_v1","H0",267,474,474,0.154385273676074,"exact_critical_breakpoint_v1","all_active_consecutive_levels","none","exclude_before_landscape_construction","bfb0ad4182eda6cd7c65decbb98eadb4f10a92c4882e956724bb108e5b8ad595",FALSE,FALSE
"gene_topology_v1","H0",268,474,474,0.154365676989018,"exact_critical_breakpoint_v1","all_active_consecutive_levels","none","exclude_before_landscape_construction","bfb0ad4182eda6cd7c65decbb98eadb4f10a92c4882e956724bb108e5b8ad595",FALSE,FALSE
"gene_topology_v1","H0",269,474,474,0.154331063264668,"exact_critical_breakpoint_v1","all_active_consecutive_levels","none","exclude_before_landscape_construction","bfb0ad4182eda6cd7c65decbb98eadb4f10a92c4882e956724bb108e5b8ad595",FALSE,FALSE
"gene_topology_v1","H0",270,474,474,0.154297137789472,"exact_critical_breakpoint_v1","all_active_consecutive_levels","none","exclude_before_landscape_construction","bfb0ad4182eda6cd7c65decbb98eadb4f10a92c4882e956724bb108e5b8ad595",FALSE,FALSE
"gene_topology_v1","H0",271,474,474,0.153945647679914,"exact_critical_breakpoint_v1","all_active_consecutive_levels","none","exclude_before_landscape_construction","bfb0ad4182eda6cd7c65decbb98eadb4f10a92c4882e956724bb108e5b8ad595",FALSE,FALSE
"gene_topology_v1","H0",272,474,474,0.153930668811695,"exact_critical_breakpoint_v1","all_active_consecutive_levels","none","exclude_before_landscape_construction","bfb0ad4182eda6cd7c65decbb98eadb4f10a92c4882e956724bb108e5b8ad595",FALSE,FALSE
"gene_topology_v1","H0",273,474,474,0.153840937739161,"exact_critical_breakpoint_v1","all_active_consecutive_levels","none","exclude_before_landscape_construction","bfb0ad4182eda6cd7c65decbb98eadb4f10a92c4882e956724bb108e5b8ad595",FALSE,FALSE
"gene_topology_v1","H0",274,474,474,0.153836195606188,"exact_critical_breakpoint_v1","all_active_consecutive_levels","none","exclude_before_landscape_construction","bfb0ad4182eda6cd7c65decbb98eadb4f10a92c4882e956724bb108e5b8ad595",FALSE,FALSE
"gene_topology_v1","H0",275,474,474,0.153662862645964,"exact_critical_breakpoint_v1","all_active_consecutive_levels","none","exclude_before_landscape_construction","bfb0ad4182eda6cd7c65decbb98eadb4f10a92c4882e956724bb108e5b8ad595",FALSE,FALSE
"gene_topology_v1","H0",276,474,474,0.153335977251247,"exact_critical_breakpoint_v1","all_active_consecutive_levels","none","exclude_before_landscape_construction","bfb0ad4182eda6cd7c65decbb98eadb4f10a92c4882e956724bb108e5b8ad595",FALSE,FALSE
"gene_topology_v1","H0",277,474,474,0.153286114447327,"exact_critical_breakpoint_v1","all_active_consecutive_levels","none","exclude_before_landscape_construction","bfb0ad4182eda6cd7c65decbb98eadb4f10a92c4882e956724bb108e5b8ad595",FALSE,FALSE
"gene_topology_v1","H0",278,474,474,0.153187076164886,"exact_critical_breakpoint_v1","all_active_consecutive_levels","none","exclude_before_landscape_construction","bfb0ad4182eda6cd7c65decbb98eadb4f10a92c4882e956724bb108e5b8ad595",FALSE,FALSE
"gene_topology_v1","H0",279,474,474,0.15296303571322,"exact_critical_breakpoint_v1","all_active_consecutive_levels","none","exclude_before_landscape_construction","bfb0ad4182eda6cd7c65decbb98eadb4f10a92c4882e956724bb108e5b8ad595",FALSE,FALSE
"gene_topology_v1","H0",280,474,474,0.152945056514123,"exact_critical_breakpoint_v1","all_active_consecutive_levels","none","exclude_before_landscape_construction","bfb0ad4182eda6cd7c65decbb98eadb4f10a92c4882e956724bb108e5b8ad595",FALSE,FALSE
"gene_topology_v1","H0",281,474,474,0.152944115847782,"exact_critical_breakpoint_v1","all_active_consecutive_levels","none","exclude_before_landscape_construction","bfb0ad4182eda6cd7c65decbb98eadb4f10a92c4882e956724bb108e5b8ad595",FALSE,FALSE
"gene_topology_v1","H0",282,474,474,0.152836575935724,"exact_critical_breakpoint_v1","all_active_consecutive_levels","none","exclude_before_landscape_construction","bfb0ad4182eda6cd7c65decbb98eadb4f10a92c4882e956724bb108e5b8ad595",FALSE,FALSE
"gene_topology_v1","H0",283,474,474,0.152506943921034,"exact_critical_breakpoint_v1","all_active_consecutive_levels","none","exclude_before_landscape_construction","bfb0ad4182eda6cd7c65decbb98eadb4f10a92c4882e956724bb108e5b8ad595",FALSE,FALSE
"gene_topology_v1","H0",284,474,474,0.152174197395752,"exact_critical_breakpoint_v1","all_active_consecutive_levels","none","exclude_before_landscape_construction","bfb0ad4182eda6cd7c65decbb98eadb4f10a92c4882e956724bb108e5b8ad595",FALSE,FALSE
"gene_topology_v1","H0",285,474,474,0.152131522487004,"exact_critical_breakpoint_v1","all_active_consecutive_levels","none","exclude_before_landscape_construction","bfb0ad4182eda6cd7c65decbb98eadb4f10a92c4882e956724bb108e5b8ad595",FALSE,FALSE
"gene_topology_v1","H0",286,474,474,0.15199422402097,"exact_critical_breakpoint_v1","all_active_consecutive_levels","none","exclude_before_landscape_construction","bfb0ad4182eda6cd7c65decbb98eadb4f10a92c4882e956724bb108e5b8ad595",FALSE,FALSE
"gene_topology_v1","H0",287,474,474,0.151868275195284,"exact_critical_breakpoint_v1","all_active_consecutive_levels","none","exclude_before_landscape_construction","bfb0ad4182eda6cd7c65decbb98eadb4f10a92c4882e956724bb108e5b8ad595",FALSE,FALSE
"gene_topology_v1","H0",288,474,474,0.151548612021754,"exact_critical_breakpoint_v1","all_active_consecutive_levels","none","exclude_before_landscape_construction","bfb0ad4182eda6cd7c65decbb98eadb4f10a92c4882e956724bb108e5b8ad595",FALSE,FALSE
"gene_topology_v1","H0",289,474,474,0.151306415687781,"exact_critical_breakpoint_v1","all_active_consecutive_levels","none","exclude_before_landscape_construction","bfb0ad4182eda6cd7c65decbb98eadb4f10a92c4882e956724bb108e5b8ad595",FALSE,FALSE
"gene_topology_v1","H0",290,474,474,0.151058434736209,"exact_critical_breakpoint_v1","all_active_consecutive_levels","none","exclude_before_landscape_construction","bfb0ad4182eda6cd7c65decbb98eadb4f10a92c4882e956724bb108e5b8ad595",FALSE,FALSE
"gene_topology_v1","H0",291,474,474,0.150975852412377,"exact_critical_breakpoint_v1","all_active_consecutive_levels","none","exclude_before_landscape_construction","bfb0ad4182eda6cd7c65decbb98eadb4f10a92c4882e956724bb108e5b8ad595",FALSE,FALSE
"gene_topology_v1","H0",292,474,474,0.150823248085352,"exact_critical_breakpoint_v1","all_active_consecutive_levels","none","exclude_before_landscape_construction","bfb0ad4182eda6cd7c65decbb98eadb4f10a92c4882e956724bb108e5b8ad595",FALSE,FALSE
"gene_topology_v1","H0",293,474,474,0.150708001481942,"exact_critical_breakpoint_v1","all_active_consecutive_levels","none","exclude_before_landscape_construction","bfb0ad4182eda6cd7c65decbb98eadb4f10a92c4882e956724bb108e5b8ad595",FALSE,FALSE
"gene_topology_v1","H0",294,474,474,0.150646467697529,"exact_critical_breakpoint_v1","all_active_consecutive_levels","none","exclude_before_landscape_construction","bfb0ad4182eda6cd7c65decbb98eadb4f10a92c4882e956724bb108e5b8ad595",FALSE,FALSE
"gene_topology_v1","H0",295,474,474,0.150170963639634,"exact_critical_breakpoint_v1","all_active_consecutive_levels","none","exclude_before_landscape_construction","bfb0ad4182eda6cd7c65decbb98eadb4f10a92c4882e956724bb108e5b8ad595",FALSE,FALSE
"gene_topology_v1","H0",296,474,474,0.150001176735679,"exact_critical_breakpoint_v1","all_active_consecutive_levels","none","exclude_before_landscape_construction","bfb0ad4182eda6cd7c65decbb98eadb4f10a92c4882e956724bb108e5b8ad595",FALSE,FALSE
"gene_topology_v1","H0",297,474,474,0.149628751724865,"exact_critical_breakpoint_v1","all_active_consecutive_levels","none","exclude_before_landscape_construction","bfb0ad4182eda6cd7c65decbb98eadb4f10a92c4882e956724bb108e5b8ad595",FALSE,FALSE
"gene_topology_v1","H0",298,474,474,0.149344021120158,"exact_critical_breakpoint_v1","all_active_consecutive_levels","none","exclude_before_landscape_construction","bfb0ad4182eda6cd7c65decbb98eadb4f10a92c4882e956724bb108e5b8ad595",FALSE,FALSE
"gene_topology_v1","H0",299,474,474,0.148950712405204,"exact_critical_breakpoint_v1","all_active_consecutive_levels","none","exclude_before_landscape_construction","bfb0ad4182eda6cd7c65decbb98eadb4f10a92c4882e956724bb108e5b8ad595",FALSE,FALSE
"gene_topology_v1","H0",300,474,474,0.148844270002528,"exact_critical_breakpoint_v1","all_active_consecutive_levels","none","exclude_before_landscape_construction","bfb0ad4182eda6cd7c65decbb98eadb4f10a92c4882e956724bb108e5b8ad595",FALSE,FALSE
"gene_topology_v1","H0",301,474,474,0.148712197164217,"exact_critical_breakpoint_v1","all_active_consecutive_levels","none","exclude_before_landscape_construction","bfb0ad4182eda6cd7c65decbb98eadb4f10a92c4882e956724bb108e5b8ad595",FALSE,FALSE
"gene_topology_v1","H0",302,474,474,0.148544511509038,"exact_critical_breakpoint_v1","all_active_consecutive_levels","none","exclude_before_landscape_construction","bfb0ad4182eda6cd7c65decbb98eadb4f10a92c4882e956724bb108e5b8ad595",FALSE,FALSE
"gene_topology_v1","H0",303,474,474,0.148435279784921,"exact_critical_breakpoint_v1","all_active_consecutive_levels","none","exclude_before_landscape_construction","bfb0ad4182eda6cd7c65decbb98eadb4f10a92c4882e956724bb108e5b8ad595",FALSE,FALSE
"gene_topology_v1","H0",304,474,474,0.148191600712736,"exact_critical_breakpoint_v1","all_active_consecutive_levels","none","exclude_before_landscape_construction","bfb0ad4182eda6cd7c65decbb98eadb4f10a92c4882e956724bb108e5b8ad595",FALSE,FALSE
"gene_topology_v1","H0",305,474,474,0.148102945747925,"exact_critical_breakpoint_v1","all_active_consecutive_levels","none","exclude_before_landscape_construction","bfb0ad4182eda6cd7c65decbb98eadb4f10a92c4882e956724bb108e5b8ad595",FALSE,FALSE
"gene_topology_v1","H0",306,474,474,0.147743857982475,"exact_critical_breakpoint_v1","all_active_consecutive_levels","none","exclude_before_landscape_construction","bfb0ad4182eda6cd7c65decbb98eadb4f10a92c4882e956724bb108e5b8ad595",FALSE,FALSE
"gene_topology_v1","H0",307,474,474,0.147443081331001,"exact_critical_breakpoint_v1","all_active_consecutive_levels","none","exclude_before_landscape_construction","bfb0ad4182eda6cd7c65decbb98eadb4f10a92c4882e956724bb108e5b8ad595",FALSE,FALSE
"gene_topology_v1","H0",308,474,474,0.147330051778864,"exact_critical_breakpoint_v1","all_active_consecutive_levels","none","exclude_before_landscape_construction","bfb0ad4182eda6cd7c65decbb98eadb4f10a92c4882e956724bb108e5b8ad595",FALSE,FALSE
"gene_topology_v1","H0",309,474,474,0.14714722551303,"exact_critical_breakpoint_v1","all_active_consecutive_levels","none","exclude_before_landscape_construction","bfb0ad4182eda6cd7c65decbb98eadb4f10a92c4882e956724bb108e5b8ad595",FALSE,FALSE
"gene_topology_v1","H0",310,474,474,0.146965485874973,"exact_critical_breakpoint_v1","all_active_consecutive_levels","none","exclude_before_landscape_construction","bfb0ad4182eda6cd7c65decbb98eadb4f10a92c4882e956724bb108e5b8ad595",FALSE,FALSE
"gene_topology_v1","H0",311,474,474,0.146913097687132,"exact_critical_breakpoint_v1","all_active_consecutive_levels","none","exclude_before_landscape_construction","bfb0ad4182eda6cd7c65decbb98eadb4f10a92c4882e956724bb108e5b8ad595",FALSE,FALSE
"gene_topology_v1","H0",312,474,474,0.146842997489819,"exact_critical_breakpoint_v1","all_active_consecutive_levels","none","exclude_before_landscape_construction","bfb0ad4182eda6cd7c65decbb98eadb4f10a92c4882e956724bb108e5b8ad595",FALSE,FALSE
"gene_topology_v1","H0",313,474,474,0.146564206970951,"exact_critical_breakpoint_v1","all_active_consecutive_levels","none","exclude_before_landscape_construction","bfb0ad4182eda6cd7c65decbb98eadb4f10a92c4882e956724bb108e5b8ad595",FALSE,FALSE
"gene_topology_v1","H0",314,474,474,0.146516726038501,"exact_critical_breakpoint_v1","all_active_consecutive_levels","none","exclude_before_landscape_construction","bfb0ad4182eda6cd7c65decbb98eadb4f10a92c4882e956724bb108e5b8ad595",FALSE,FALSE
"gene_topology_v1","H0",315,474,474,0.146358694038116,"exact_critical_breakpoint_v1","all_active_consecutive_levels","none","exclude_before_landscape_construction","bfb0ad4182eda6cd7c65decbb98eadb4f10a92c4882e956724bb108e5b8ad595",FALSE,FALSE
"gene_topology_v1","H0",316,474,474,0.146305816688521,"exact_critical_breakpoint_v1","all_active_consecutive_levels","none","exclude_before_landscape_construction","bfb0ad4182eda6cd7c65decbb98eadb4f10a92c4882e956724bb108e5b8ad595",FALSE,FALSE
"gene_topology_v1","H0",317,474,474,0.146139272537379,"exact_critical_breakpoint_v1","all_active_consecutive_levels","none","exclude_before_landscape_construction","bfb0ad4182eda6cd7c65decbb98eadb4f10a92c4882e956724bb108e5b8ad595",FALSE,FALSE
"gene_topology_v1","H0",318,474,474,0.146095998295482,"exact_critical_breakpoint_v1","all_active_consecutive_levels","none","exclude_before_landscape_construction","bfb0ad4182eda6cd7c65decbb98eadb4f10a92c4882e956724bb108e5b8ad595",FALSE,FALSE
"gene_topology_v1","H0",319,474,474,0.145957580801927,"exact_critical_breakpoint_v1","all_active_consecutive_levels","none","exclude_before_landscape_construction","bfb0ad4182eda6cd7c65decbb98eadb4f10a92c4882e956724bb108e5b8ad595",FALSE,FALSE
"gene_topology_v1","H0",320,474,474,0.145929972596443,"exact_critical_breakpoint_v1","all_active_consecutive_levels","none","exclude_before_landscape_construction","bfb0ad4182eda6cd7c65decbb98eadb4f10a92c4882e956724bb108e5b8ad595",FALSE,FALSE
"gene_topology_v1","H0",321,474,474,0.145752939123907,"exact_critical_breakpoint_v1","all_active_consecutive_levels","none","exclude_before_landscape_construction","bfb0ad4182eda6cd7c65decbb98eadb4f10a92c4882e956724bb108e5b8ad595",FALSE,FALSE
"gene_topology_v1","H0",322,474,474,0.145669555961651,"exact_critical_breakpoint_v1","all_active_consecutive_levels","none","exclude_before_landscape_construction","bfb0ad4182eda6cd7c65decbb98eadb4f10a92c4882e956724bb108e5b8ad595",FALSE,FALSE
"gene_topology_v1","H0",323,474,474,0.14460940598233,"exact_critical_breakpoint_v1","all_active_consecutive_levels","none","exclude_before_landscape_construction","bfb0ad4182eda6cd7c65decbb98eadb4f10a92c4882e956724bb108e5b8ad595",FALSE,FALSE
"gene_topology_v1","H0",324,474,474,0.144380589167422,"exact_critical_breakpoint_v1","all_active_consecutive_levels","none","exclude_before_landscape_construction","bfb0ad4182eda6cd7c65decbb98eadb4f10a92c4882e956724bb108e5b8ad595",FALSE,FALSE
"gene_topology_v1","H0",325,474,474,0.144341442546549,"exact_critical_breakpoint_v1","all_active_consecutive_levels","none","exclude_before_landscape_construction","bfb0ad4182eda6cd7c65decbb98eadb4f10a92c4882e956724bb108e5b8ad595",FALSE,FALSE
"gene_topology_v1","H0",326,474,474,0.144318210907347,"exact_critical_breakpoint_v1","all_active_consecutive_levels","none","exclude_before_landscape_construction","bfb0ad4182eda6cd7c65decbb98eadb4f10a92c4882e956724bb108e5b8ad595",FALSE,FALSE
"gene_topology_v1","H0",327,474,474,0.144015351905421,"exact_critical_breakpoint_v1","all_active_consecutive_levels","none","exclude_before_landscape_construction","bfb0ad4182eda6cd7c65decbb98eadb4f10a92c4882e956724bb108e5b8ad595",FALSE,FALSE
"gene_topology_v1","H0",328,474,474,0.143831037302502,"exact_critical_breakpoint_v1","all_active_consecutive_levels","none","exclude_before_landscape_construction","bfb0ad4182eda6cd7c65decbb98eadb4f10a92c4882e956724bb108e5b8ad595",FALSE,FALSE
"gene_topology_v1","H0",329,474,474,0.14373392235222,"exact_critical_breakpoint_v1","all_active_consecutive_levels","none","exclude_before_landscape_construction","bfb0ad4182eda6cd7c65decbb98eadb4f10a92c4882e956724bb108e5b8ad595",FALSE,FALSE
"gene_topology_v1","H0",330,474,474,0.143696046804313,"exact_critical_breakpoint_v1","all_active_consecutive_levels","none","exclude_before_landscape_construction","bfb0ad4182eda6cd7c65decbb98eadb4f10a92c4882e956724bb108e5b8ad595",FALSE,FALSE
"gene_topology_v1","H0",331,474,474,0.143630352404791,"exact_critical_breakpoint_v1","all_active_consecutive_levels","none","exclude_before_landscape_construction","bfb0ad4182eda6cd7c65decbb98eadb4f10a92c4882e956724bb108e5b8ad595",FALSE,FALSE
"gene_topology_v1","H0",332,474,474,0.143550928371395,"exact_critical_breakpoint_v1","all_active_consecutive_levels","none","exclude_before_landscape_construction","bfb0ad4182eda6cd7c65decbb98eadb4f10a92c4882e956724bb108e5b8ad595",FALSE,FALSE
"gene_topology_v1","H0",333,474,474,0.142775093735782,"exact_critical_breakpoint_v1","all_active_consecutive_levels","none","exclude_before_landscape_construction","bfb0ad4182eda6cd7c65decbb98eadb4f10a92c4882e956724bb108e5b8ad595",FALSE,FALSE
"gene_topology_v1","H0",334,474,474,0.142683815260619,"exact_critical_breakpoint_v1","all_active_consecutive_levels","none","exclude_before_landscape_construction","bfb0ad4182eda6cd7c65decbb98eadb4f10a92c4882e956724bb108e5b8ad595",FALSE,FALSE
"gene_topology_v1","H0",335,474,474,0.142484095254961,"exact_critical_breakpoint_v1","all_active_consecutive_levels","none","exclude_before_landscape_construction","bfb0ad4182eda6cd7c65decbb98eadb4f10a92c4882e956724bb108e5b8ad595",FALSE,FALSE
"gene_topology_v1","H0",336,474,474,0.142240987909001,"exact_critical_breakpoint_v1","all_active_consecutive_levels","none","exclude_before_landscape_construction","bfb0ad4182eda6cd7c65decbb98eadb4f10a92c4882e956724bb108e5b8ad595",FALSE,FALSE
"gene_topology_v1","H0",337,474,474,0.142092050770413,"exact_critical_breakpoint_v1","all_active_consecutive_levels","none","exclude_before_landscape_construction","bfb0ad4182eda6cd7c65decbb98eadb4f10a92c4882e956724bb108e5b8ad595",FALSE,FALSE
"gene_topology_v1","H0",338,474,474,0.141793889561553,"exact_critical_breakpoint_v1","all_active_consecutive_levels","none","exclude_before_landscape_construction","bfb0ad4182eda6cd7c65decbb98eadb4f10a92c4882e956724bb108e5b8ad595",FALSE,FALSE
"gene_topology_v1","H0",339,474,474,0.141775218482443,"exact_critical_breakpoint_v1","all_active_consecutive_levels","none","exclude_before_landscape_construction","bfb0ad4182eda6cd7c65decbb98eadb4f10a92c4882e956724bb108e5b8ad595",FALSE,FALSE
"gene_topology_v1","H0",340,474,474,0.141688446461893,"exact_critical_breakpoint_v1","all_active_consecutive_levels","none","exclude_before_landscape_construction","bfb0ad4182eda6cd7c65decbb98eadb4f10a92c4882e956724bb108e5b8ad595",FALSE,FALSE
"gene_topology_v1","H0",341,474,474,0.141673465953168,"exact_critical_breakpoint_v1","all_active_consecutive_levels","none","exclude_before_landscape_construction","bfb0ad4182eda6cd7c65decbb98eadb4f10a92c4882e956724bb108e5b8ad595",FALSE,FALSE
"gene_topology_v1","H0",342,474,474,0.141317397541405,"exact_critical_breakpoint_v1","all_active_consecutive_levels","none","exclude_before_landscape_construction","bfb0ad4182eda6cd7c65decbb98eadb4f10a92c4882e956724bb108e5b8ad595",FALSE,FALSE
"gene_topology_v1","H0",343,474,474,0.141155799824732,"exact_critical_breakpoint_v1","all_active_consecutive_levels","none","exclude_before_landscape_construction","bfb0ad4182eda6cd7c65decbb98eadb4f10a92c4882e956724bb108e5b8ad595",FALSE,FALSE
"gene_topology_v1","H0",344,474,474,0.140545861045064,"exact_critical_breakpoint_v1","all_active_consecutive_levels","none","exclude_before_landscape_construction","bfb0ad4182eda6cd7c65decbb98eadb4f10a92c4882e956724bb108e5b8ad595",FALSE,FALSE
"gene_topology_v1","H0",345,474,474,0.140527124716525,"exact_critical_breakpoint_v1","all_active_consecutive_levels","none","exclude_before_landscape_construction","bfb0ad4182eda6cd7c65decbb98eadb4f10a92c4882e956724bb108e5b8ad595",FALSE,FALSE
"gene_topology_v1","H0",346,474,474,0.140365294016485,"exact_critical_breakpoint_v1","all_active_consecutive_levels","none","exclude_before_landscape_construction","bfb0ad4182eda6cd7c65decbb98eadb4f10a92c4882e956724bb108e5b8ad595",FALSE,FALSE
"gene_topology_v1","H0",347,474,474,0.140121791720402,"exact_critical_breakpoint_v1","all_active_consecutive_levels","none","exclude_before_landscape_construction","bfb0ad4182eda6cd7c65decbb98eadb4f10a92c4882e956724bb108e5b8ad595",FALSE,FALSE
"gene_topology_v1","H0",348,474,474,0.139753991158305,"exact_critical_breakpoint_v1","all_active_consecutive_levels","none","exclude_before_landscape_construction","bfb0ad4182eda6cd7c65decbb98eadb4f10a92c4882e956724bb108e5b8ad595",FALSE,FALSE
"gene_topology_v1","H0",349,474,474,0.139404534808653,"exact_critical_breakpoint_v1","all_active_consecutive_levels","none","exclude_before_landscape_construction","bfb0ad4182eda6cd7c65decbb98eadb4f10a92c4882e956724bb108e5b8ad595",FALSE,FALSE
"gene_topology_v1","H0",350,474,474,0.138840335430776,"exact_critical_breakpoint_v1","all_active_consecutive_levels","none","exclude_before_landscape_construction","bfb0ad4182eda6cd7c65decbb98eadb4f10a92c4882e956724bb108e5b8ad595",FALSE,FALSE
"gene_topology_v1","H0",351,474,474,0.138689948173736,"exact_critical_breakpoint_v1","all_active_consecutive_levels","none","exclude_before_landscape_construction","bfb0ad4182eda6cd7c65decbb98eadb4f10a92c4882e956724bb108e5b8ad595",FALSE,FALSE
"gene_topology_v1","H0",352,474,474,0.138655843135865,"exact_critical_breakpoint_v1","all_active_consecutive_levels","none","exclude_before_landscape_construction","bfb0ad4182eda6cd7c65decbb98eadb4f10a92c4882e956724bb108e5b8ad595",FALSE,FALSE
"gene_topology_v1","H0",353,474,474,0.138591538601163,"exact_critical_breakpoint_v1","all_active_consecutive_levels","none","exclude_before_landscape_construction","bfb0ad4182eda6cd7c65decbb98eadb4f10a92c4882e956724bb108e5b8ad595",FALSE,FALSE
"gene_topology_v1","H0",354,474,474,0.137818784551649,"exact_critical_breakpoint_v1","all_active_consecutive_levels","none","exclude_before_landscape_construction","bfb0ad4182eda6cd7c65decbb98eadb4f10a92c4882e956724bb108e5b8ad595",FALSE,FALSE
"gene_topology_v1","H0",355,474,474,0.137801382796836,"exact_critical_breakpoint_v1","all_active_consecutive_levels","none","exclude_before_landscape_construction","bfb0ad4182eda6cd7c65decbb98eadb4f10a92c4882e956724bb108e5b8ad595",FALSE,FALSE
"gene_topology_v1","H0",356,474,474,0.13740346541682,"exact_critical_breakpoint_v1","all_active_consecutive_levels","none","exclude_before_landscape_construction","bfb0ad4182eda6cd7c65decbb98eadb4f10a92c4882e956724bb108e5b8ad595",FALSE,FALSE
"gene_topology_v1","H0",357,474,474,0.137276801958106,"exact_critical_breakpoint_v1","all_active_consecutive_levels","none","exclude_before_landscape_construction","bfb0ad4182eda6cd7c65decbb98eadb4f10a92c4882e956724bb108e5b8ad595",FALSE,FALSE
"gene_topology_v1","H0",358,474,474,0.137204107926271,"exact_critical_breakpoint_v1","all_active_consecutive_levels","none","exclude_before_landscape_construction","bfb0ad4182eda6cd7c65decbb98eadb4f10a92c4882e956724bb108e5b8ad595",FALSE,FALSE
"gene_topology_v1","H0",359,474,474,0.136763688321855,"exact_critical_breakpoint_v1","all_active_consecutive_levels","none","exclude_before_landscape_construction","bfb0ad4182eda6cd7c65decbb98eadb4f10a92c4882e956724bb108e5b8ad595",FALSE,FALSE
"gene_topology_v1","H0",360,474,474,0.135872963688233,"exact_critical_breakpoint_v1","all_active_consecutive_levels","none","exclude_before_landscape_construction","bfb0ad4182eda6cd7c65decbb98eadb4f10a92c4882e956724bb108e5b8ad595",FALSE,FALSE
"gene_topology_v1","H0",361,474,474,0.135375444756207,"exact_critical_breakpoint_v1","all_active_consecutive_levels","none","exclude_before_landscape_construction","bfb0ad4182eda6cd7c65decbb98eadb4f10a92c4882e956724bb108e5b8ad595",FALSE,FALSE
"gene_topology_v1","H0",362,474,474,0.13487275984952,"exact_critical_breakpoint_v1","all_active_consecutive_levels","none","exclude_before_landscape_construction","bfb0ad4182eda6cd7c65decbb98eadb4f10a92c4882e956724bb108e5b8ad595",FALSE,FALSE
"gene_topology_v1","H0",363,474,474,0.133901345520914,"exact_critical_breakpoint_v1","all_active_consecutive_levels","none","exclude_before_landscape_construction","bfb0ad4182eda6cd7c65decbb98eadb4f10a92c4882e956724bb108e5b8ad595",FALSE,FALSE
"gene_topology_v1","H0",364,474,474,0.133669662785445,"exact_critical_breakpoint_v1","all_active_consecutive_levels","none","exclude_before_landscape_construction","bfb0ad4182eda6cd7c65decbb98eadb4f10a92c4882e956724bb108e5b8ad595",FALSE,FALSE
"gene_topology_v1","H0",365,474,474,0.133396650024707,"exact_critical_breakpoint_v1","all_active_consecutive_levels","none","exclude_before_landscape_construction","bfb0ad4182eda6cd7c65decbb98eadb4f10a92c4882e956724bb108e5b8ad595",FALSE,FALSE
"gene_topology_v1","H0",366,474,474,0.133256451365528,"exact_critical_breakpoint_v1","all_active_consecutive_levels","none","exclude_before_landscape_construction","bfb0ad4182eda6cd7c65decbb98eadb4f10a92c4882e956724bb108e5b8ad595",FALSE,FALSE
"gene_topology_v1","H0",367,474,474,0.132884858785063,"exact_critical_breakpoint_v1","all_active_consecutive_levels","none","exclude_before_landscape_construction","bfb0ad4182eda6cd7c65decbb98eadb4f10a92c4882e956724bb108e5b8ad595",FALSE,FALSE
"gene_topology_v1","H0",368,474,474,0.132102307968504,"exact_critical_breakpoint_v1","all_active_consecutive_levels","none","exclude_before_landscape_construction","bfb0ad4182eda6cd7c65decbb98eadb4f10a92c4882e956724bb108e5b8ad595",FALSE,FALSE
"gene_topology_v1","H0",369,474,474,0.130672326242563,"exact_critical_breakpoint_v1","all_active_consecutive_levels","none","exclude_before_landscape_construction","bfb0ad4182eda6cd7c65decbb98eadb4f10a92c4882e956724bb108e5b8ad595",FALSE,FALSE
"gene_topology_v1","H0",370,474,474,0.130549744917615,"exact_critical_breakpoint_v1","all_active_consecutive_levels","none","exclude_before_landscape_construction","bfb0ad4182eda6cd7c65decbb98eadb4f10a92c4882e956724bb108e5b8ad595",FALSE,FALSE
"gene_topology_v1","H0",371,474,474,0.129807179681018,"exact_critical_breakpoint_v1","all_active_consecutive_levels","none","exclude_before_landscape_construction","bfb0ad4182eda6cd7c65decbb98eadb4f10a92c4882e956724bb108e5b8ad595",FALSE,FALSE
"gene_topology_v1","H0",372,474,474,0.129292365149659,"exact_critical_breakpoint_v1","all_active_consecutive_levels","none","exclude_before_landscape_construction","bfb0ad4182eda6cd7c65decbb98eadb4f10a92c4882e956724bb108e5b8ad595",FALSE,FALSE
"gene_topology_v1","H0",373,474,474,0.129098640059037,"exact_critical_breakpoint_v1","all_active_consecutive_levels","none","exclude_before_landscape_construction","bfb0ad4182eda6cd7c65decbb98eadb4f10a92c4882e956724bb108e5b8ad595",FALSE,FALSE
"gene_topology_v1","H0",374,474,474,0.129011020396856,"exact_critical_breakpoint_v1","all_active_consecutive_levels","none","exclude_before_landscape_construction","bfb0ad4182eda6cd7c65decbb98eadb4f10a92c4882e956724bb108e5b8ad595",FALSE,FALSE
"gene_topology_v1","H0",375,474,474,0.128813388025783,"exact_critical_breakpoint_v1","all_active_consecutive_levels","none","exclude_before_landscape_construction","bfb0ad4182eda6cd7c65decbb98eadb4f10a92c4882e956724bb108e5b8ad595",FALSE,FALSE
"gene_topology_v1","H0",376,474,474,0.128644169810121,"exact_critical_breakpoint_v1","all_active_consecutive_levels","none","exclude_before_landscape_construction","bfb0ad4182eda6cd7c65decbb98eadb4f10a92c4882e956724bb108e5b8ad595",FALSE,FALSE
"gene_topology_v1","H0",377,474,474,0.128569474988005,"exact_critical_breakpoint_v1","all_active_consecutive_levels","none","exclude_before_landscape_construction","bfb0ad4182eda6cd7c65decbb98eadb4f10a92c4882e956724bb108e5b8ad595",FALSE,FALSE
"gene_topology_v1","H0",378,474,474,0.128540534572871,"exact_critical_breakpoint_v1","all_active_consecutive_levels","none","exclude_before_landscape_construction","bfb0ad4182eda6cd7c65decbb98eadb4f10a92c4882e956724bb108e5b8ad595",FALSE,FALSE
"gene_topology_v1","H0",379,474,474,0.128436653294172,"exact_critical_breakpoint_v1","all_active_consecutive_levels","none","exclude_before_landscape_construction","bfb0ad4182eda6cd7c65decbb98eadb4f10a92c4882e956724bb108e5b8ad595",FALSE,FALSE
"gene_topology_v1","H0",380,474,474,0.128430627048815,"exact_critical_breakpoint_v1","all_active_consecutive_levels","none","exclude_before_landscape_construction","bfb0ad4182eda6cd7c65decbb98eadb4f10a92c4882e956724bb108e5b8ad595",FALSE,FALSE
"gene_topology_v1","H0",381,474,474,0.127927523351171,"exact_critical_breakpoint_v1","all_active_consecutive_levels","none","exclude_before_landscape_construction","bfb0ad4182eda6cd7c65decbb98eadb4f10a92c4882e956724bb108e5b8ad595",FALSE,FALSE
"gene_topology_v1","H0",382,474,474,0.127764525600001,"exact_critical_breakpoint_v1","all_active_consecutive_levels","none","exclude_before_landscape_construction","bfb0ad4182eda6cd7c65decbb98eadb4f10a92c4882e956724bb108e5b8ad595",FALSE,FALSE
"gene_topology_v1","H0",383,474,474,0.127347086401381,"exact_critical_breakpoint_v1","all_active_consecutive_levels","none","exclude_before_landscape_construction","bfb0ad4182eda6cd7c65decbb98eadb4f10a92c4882e956724bb108e5b8ad595",FALSE,FALSE
"gene_topology_v1","H0",384,474,474,0.126477505392576,"exact_critical_breakpoint_v1","all_active_consecutive_levels","none","exclude_before_landscape_construction","bfb0ad4182eda6cd7c65decbb98eadb4f10a92c4882e956724bb108e5b8ad595",FALSE,FALSE
"gene_topology_v1","H0",385,474,474,0.126106850417837,"exact_critical_breakpoint_v1","all_active_consecutive_levels","none","exclude_before_landscape_construction","bfb0ad4182eda6cd7c65decbb98eadb4f10a92c4882e956724bb108e5b8ad595",FALSE,FALSE
"gene_topology_v1","H0",386,474,474,0.126086439685737,"exact_critical_breakpoint_v1","all_active_consecutive_levels","none","exclude_before_landscape_construction","bfb0ad4182eda6cd7c65decbb98eadb4f10a92c4882e956724bb108e5b8ad595",FALSE,FALSE
"gene_topology_v1","H0",387,474,474,0.125866296579698,"exact_critical_breakpoint_v1","all_active_consecutive_levels","none","exclude_before_landscape_construction","bfb0ad4182eda6cd7c65decbb98eadb4f10a92c4882e956724bb108e5b8ad595",FALSE,FALSE
"gene_topology_v1","H0",388,474,474,0.123515398234363,"exact_critical_breakpoint_v1","all_active_consecutive_levels","none","exclude_before_landscape_construction","bfb0ad4182eda6cd7c65decbb98eadb4f10a92c4882e956724bb108e5b8ad595",FALSE,FALSE
"gene_topology_v1","H0",389,474,474,0.123466161460302,"exact_critical_breakpoint_v1","all_active_consecutive_levels","none","exclude_before_landscape_construction","bfb0ad4182eda6cd7c65decbb98eadb4f10a92c4882e956724bb108e5b8ad595",FALSE,FALSE
"gene_topology_v1","H0",390,474,474,0.122669945440552,"exact_critical_breakpoint_v1","all_active_consecutive_levels","none","exclude_before_landscape_construction","bfb0ad4182eda6cd7c65decbb98eadb4f10a92c4882e956724bb108e5b8ad595",FALSE,FALSE
"gene_topology_v1","H0",391,474,474,0.12161264270758,"exact_critical_breakpoint_v1","all_active_consecutive_levels","none","exclude_before_landscape_construction","bfb0ad4182eda6cd7c65decbb98eadb4f10a92c4882e956724bb108e5b8ad595",FALSE,FALSE
"gene_topology_v1","H0",392,474,474,0.120741455371598,"exact_critical_breakpoint_v1","all_active_consecutive_levels","none","exclude_before_landscape_construction","bfb0ad4182eda6cd7c65decbb98eadb4f10a92c4882e956724bb108e5b8ad595",FALSE,FALSE
"gene_topology_v1","H0",393,474,474,0.120084333782374,"exact_critical_breakpoint_v1","all_active_consecutive_levels","none","exclude_before_landscape_construction","bfb0ad4182eda6cd7c65decbb98eadb4f10a92c4882e956724bb108e5b8ad595",FALSE,FALSE
"gene_topology_v1","H0",394,474,474,0.119931065503755,"exact_critical_breakpoint_v1","all_active_consecutive_levels","none","exclude_before_landscape_construction","bfb0ad4182eda6cd7c65decbb98eadb4f10a92c4882e956724bb108e5b8ad595",FALSE,FALSE
"gene_topology_v1","H0",395,474,474,0.119592144749109,"exact_critical_breakpoint_v1","all_active_consecutive_levels","none","exclude_before_landscape_construction","bfb0ad4182eda6cd7c65decbb98eadb4f10a92c4882e956724bb108e5b8ad595",FALSE,FALSE
"gene_topology_v1","H0",396,474,474,0.118439499825743,"exact_critical_breakpoint_v1","all_active_consecutive_levels","none","exclude_before_landscape_construction","bfb0ad4182eda6cd7c65decbb98eadb4f10a92c4882e956724bb108e5b8ad595",FALSE,FALSE
"gene_topology_v1","H0",397,474,474,0.118337409221192,"exact_critical_breakpoint_v1","all_active_consecutive_levels","none","exclude_before_landscape_construction","bfb0ad4182eda6cd7c65decbb98eadb4f10a92c4882e956724bb108e5b8ad595",FALSE,FALSE
"gene_topology_v1","H0",398,474,474,0.118259014654491,"exact_critical_breakpoint_v1","all_active_consecutive_levels","none","exclude_before_landscape_construction","bfb0ad4182eda6cd7c65decbb98eadb4f10a92c4882e956724bb108e5b8ad595",FALSE,FALSE
"gene_topology_v1","H0",399,474,474,0.117825807926575,"exact_critical_breakpoint_v1","all_active_consecutive_levels","none","exclude_before_landscape_construction","bfb0ad4182eda6cd7c65decbb98eadb4f10a92c4882e956724bb108e5b8ad595",FALSE,FALSE
"gene_topology_v1","H0",400,474,474,0.117324902545749,"exact_critical_breakpoint_v1","all_active_consecutive_levels","none","exclude_before_landscape_construction","bfb0ad4182eda6cd7c65decbb98eadb4f10a92c4882e956724bb108e5b8ad595",FALSE,FALSE
"gene_topology_v1","H0",401,474,474,0.116156664018374,"exact_critical_breakpoint_v1","all_active_consecutive_levels","none","exclude_before_landscape_construction","bfb0ad4182eda6cd7c65decbb98eadb4f10a92c4882e956724bb108e5b8ad595",FALSE,FALSE
"gene_topology_v1","H0",402,474,474,0.115869019126561,"exact_critical_breakpoint_v1","all_active_consecutive_levels","none","exclude_before_landscape_construction","bfb0ad4182eda6cd7c65decbb98eadb4f10a92c4882e956724bb108e5b8ad595",FALSE,FALSE
"gene_topology_v1","H0",403,474,474,0.115485240122319,"exact_critical_breakpoint_v1","all_active_consecutive_levels","none","exclude_before_landscape_construction","bfb0ad4182eda6cd7c65decbb98eadb4f10a92c4882e956724bb108e5b8ad595",FALSE,FALSE
"gene_topology_v1","H0",404,474,474,0.114804845191726,"exact_critical_breakpoint_v1","all_active_consecutive_levels","none","exclude_before_landscape_construction","bfb0ad4182eda6cd7c65decbb98eadb4f10a92c4882e956724bb108e5b8ad595",FALSE,FALSE
"gene_topology_v1","H0",405,474,474,0.114255797958675,"exact_critical_breakpoint_v1","all_active_consecutive_levels","none","exclude_before_landscape_construction","bfb0ad4182eda6cd7c65decbb98eadb4f10a92c4882e956724bb108e5b8ad595",FALSE,FALSE
"gene_topology_v1","H0",406,474,474,0.11380462305672,"exact_critical_breakpoint_v1","all_active_consecutive_levels","none","exclude_before_landscape_construction","bfb0ad4182eda6cd7c65decbb98eadb4f10a92c4882e956724bb108e5b8ad595",FALSE,FALSE
"gene_topology_v1","H0",407,474,474,0.113290384264543,"exact_critical_breakpoint_v1","all_active_consecutive_levels","none","exclude_before_landscape_construction","bfb0ad4182eda6cd7c65decbb98eadb4f10a92c4882e956724bb108e5b8ad595",FALSE,FALSE
"gene_topology_v1","H0",408,474,474,0.112641022359863,"exact_critical_breakpoint_v1","all_active_consecutive_levels","none","exclude_before_landscape_construction","bfb0ad4182eda6cd7c65decbb98eadb4f10a92c4882e956724bb108e5b8ad595",FALSE,FALSE
"gene_topology_v1","H0",409,474,474,0.111471171830187,"exact_critical_breakpoint_v1","all_active_consecutive_levels","none","exclude_before_landscape_construction","bfb0ad4182eda6cd7c65decbb98eadb4f10a92c4882e956724bb108e5b8ad595",FALSE,FALSE
"gene_topology_v1","H0",410,474,474,0.11077372206475,"exact_critical_breakpoint_v1","all_active_consecutive_levels","none","exclude_before_landscape_construction","bfb0ad4182eda6cd7c65decbb98eadb4f10a92c4882e956724bb108e5b8ad595",FALSE,FALSE
"gene_topology_v1","H0",411,474,474,0.110592930249983,"exact_critical_breakpoint_v1","all_active_consecutive_levels","none","exclude_before_landscape_construction","bfb0ad4182eda6cd7c65decbb98eadb4f10a92c4882e956724bb108e5b8ad595",FALSE,FALSE
"gene_topology_v1","H0",412,474,474,0.110422884524074,"exact_critical_breakpoint_v1","all_active_consecutive_levels","none","exclude_before_landscape_construction","bfb0ad4182eda6cd7c65decbb98eadb4f10a92c4882e956724bb108e5b8ad595",FALSE,FALSE
"gene_topology_v1","H0",413,474,474,0.109258529302411,"exact_critical_breakpoint_v1","all_active_consecutive_levels","none","exclude_before_landscape_construction","bfb0ad4182eda6cd7c65decbb98eadb4f10a92c4882e956724bb108e5b8ad595",FALSE,FALSE
"gene_topology_v1","H0",414,474,474,0.105094221578341,"exact_critical_breakpoint_v1","all_active_consecutive_levels","none","exclude_before_landscape_construction","bfb0ad4182eda6cd7c65decbb98eadb4f10a92c4882e956724bb108e5b8ad595",FALSE,FALSE
"gene_topology_v1","H0",415,474,474,0.104561498924682,"exact_critical_breakpoint_v1","all_active_consecutive_levels","none","exclude_before_landscape_construction","bfb0ad4182eda6cd7c65decbb98eadb4f10a92c4882e956724bb108e5b8ad595",FALSE,FALSE
"gene_topology_v1","H0",416,474,474,0.104560835640488,"exact_critical_breakpoint_v1","all_active_consecutive_levels","none","exclude_before_landscape_construction","bfb0ad4182eda6cd7c65decbb98eadb4f10a92c4882e956724bb108e5b8ad595",FALSE,FALSE
"gene_topology_v1","H0",417,474,474,0.103427525361725,"exact_critical_breakpoint_v1","all_active_consecutive_levels","none","exclude_before_landscape_construction","bfb0ad4182eda6cd7c65decbb98eadb4f10a92c4882e956724bb108e5b8ad595",FALSE,FALSE
"gene_topology_v1","H0",418,474,474,0.10336389858148,"exact_critical_breakpoint_v1","all_active_consecutive_levels","none","exclude_before_landscape_construction","bfb0ad4182eda6cd7c65decbb98eadb4f10a92c4882e956724bb108e5b8ad595",FALSE,FALSE
"gene_topology_v1","H0",419,474,474,0.102608361325362,"exact_critical_breakpoint_v1","all_active_consecutive_levels","none","exclude_before_landscape_construction","bfb0ad4182eda6cd7c65decbb98eadb4f10a92c4882e956724bb108e5b8ad595",FALSE,FALSE
"gene_topology_v1","H0",420,474,474,0.102146521459377,"exact_critical_breakpoint_v1","all_active_consecutive_levels","none","exclude_before_landscape_construction","bfb0ad4182eda6cd7c65decbb98eadb4f10a92c4882e956724bb108e5b8ad595",FALSE,FALSE
"gene_topology_v1","H0",421,474,474,0.10177791787954,"exact_critical_breakpoint_v1","all_active_consecutive_levels","none","exclude_before_landscape_construction","bfb0ad4182eda6cd7c65decbb98eadb4f10a92c4882e956724bb108e5b8ad595",FALSE,FALSE
"gene_topology_v1","H0",422,474,474,0.101638893150818,"exact_critical_breakpoint_v1","all_active_consecutive_levels","none","exclude_before_landscape_construction","bfb0ad4182eda6cd7c65decbb98eadb4f10a92c4882e956724bb108e5b8ad595",FALSE,FALSE
"gene_topology_v1","H0",423,474,474,0.101033554087896,"exact_critical_breakpoint_v1","all_active_consecutive_levels","none","exclude_before_landscape_construction","bfb0ad4182eda6cd7c65decbb98eadb4f10a92c4882e956724bb108e5b8ad595",FALSE,FALSE
"gene_topology_v1","H0",424,474,474,0.100930822105011,"exact_critical_breakpoint_v1","all_active_consecutive_levels","none","exclude_before_landscape_construction","bfb0ad4182eda6cd7c65decbb98eadb4f10a92c4882e956724bb108e5b8ad595",FALSE,FALSE
"gene_topology_v1","H0",425,474,474,0.100360928408479,"exact_critical_breakpoint_v1","all_active_consecutive_levels","none","exclude_before_landscape_construction","bfb0ad4182eda6cd7c65decbb98eadb4f10a92c4882e956724bb108e5b8ad595",FALSE,FALSE
"gene_topology_v1","H0",426,474,474,0.099864773847316,"exact_critical_breakpoint_v1","all_active_consecutive_levels","none","exclude_before_landscape_construction","bfb0ad4182eda6cd7c65decbb98eadb4f10a92c4882e956724bb108e5b8ad595",FALSE,FALSE
"gene_topology_v1","H0",427,474,474,0.0988653026229677,"exact_critical_breakpoint_v1","all_active_consecutive_levels","none","exclude_before_landscape_construction","bfb0ad4182eda6cd7c65decbb98eadb4f10a92c4882e956724bb108e5b8ad595",FALSE,FALSE
"gene_topology_v1","H0",428,474,474,0.0981535329587905,"exact_critical_breakpoint_v1","all_active_consecutive_levels","none","exclude_before_landscape_construction","bfb0ad4182eda6cd7c65decbb98eadb4f10a92c4882e956724bb108e5b8ad595",FALSE,FALSE
"gene_topology_v1","H0",429,474,474,0.0976688538519362,"exact_critical_breakpoint_v1","all_active_consecutive_levels","none","exclude_before_landscape_construction","bfb0ad4182eda6cd7c65decbb98eadb4f10a92c4882e956724bb108e5b8ad595",FALSE,FALSE
"gene_topology_v1","H0",430,474,474,0.0964425977284672,"exact_critical_breakpoint_v1","all_active_consecutive_levels","none","exclude_before_landscape_construction","bfb0ad4182eda6cd7c65decbb98eadb4f10a92c4882e956724bb108e5b8ad595",FALSE,FALSE
"gene_topology_v1","H0",431,474,474,0.096392113613852,"exact_critical_breakpoint_v1","all_active_consecutive_levels","none","exclude_before_landscape_construction","bfb0ad4182eda6cd7c65decbb98eadb4f10a92c4882e956724bb108e5b8ad595",FALSE,FALSE
"gene_topology_v1","H0",432,474,474,0.094900177889619,"exact_critical_breakpoint_v1","all_active_consecutive_levels","none","exclude_before_landscape_construction","bfb0ad4182eda6cd7c65decbb98eadb4f10a92c4882e956724bb108e5b8ad595",FALSE,FALSE
"gene_topology_v1","H0",433,474,474,0.0948109684069243,"exact_critical_breakpoint_v1","all_active_consecutive_levels","none","exclude_before_landscape_construction","bfb0ad4182eda6cd7c65decbb98eadb4f10a92c4882e956724bb108e5b8ad595",FALSE,FALSE
"gene_topology_v1","H0",434,474,474,0.0946352472781406,"exact_critical_breakpoint_v1","all_active_consecutive_levels","none","exclude_before_landscape_construction","bfb0ad4182eda6cd7c65decbb98eadb4f10a92c4882e956724bb108e5b8ad595",FALSE,FALSE
"gene_topology_v1","H0",435,474,474,0.0927005784290064,"exact_critical_breakpoint_v1","all_active_consecutive_levels","none","exclude_before_landscape_construction","bfb0ad4182eda6cd7c65decbb98eadb4f10a92c4882e956724bb108e5b8ad595",FALSE,FALSE
"gene_topology_v1","H0",436,474,474,0.0925498095512745,"exact_critical_breakpoint_v1","all_active_consecutive_levels","none","exclude_before_landscape_construction","bfb0ad4182eda6cd7c65decbb98eadb4f10a92c4882e956724bb108e5b8ad595",FALSE,FALSE
"gene_topology_v1","H0",437,474,474,0.0901640659758809,"exact_critical_breakpoint_v1","all_active_consecutive_levels","none","exclude_before_landscape_construction","bfb0ad4182eda6cd7c65decbb98eadb4f10a92c4882e956724bb108e5b8ad595",FALSE,FALSE
"gene_topology_v1","H0",438,474,474,0.0893800902984071,"exact_critical_breakpoint_v1","all_active_consecutive_levels","none","exclude_before_landscape_construction","bfb0ad4182eda6cd7c65decbb98eadb4f10a92c4882e956724bb108e5b8ad595",FALSE,FALSE
"gene_topology_v1","H0",439,474,474,0.0889512971761072,"exact_critical_breakpoint_v1","all_active_consecutive_levels","none","exclude_before_landscape_construction","bfb0ad4182eda6cd7c65decbb98eadb4f10a92c4882e956724bb108e5b8ad595",FALSE,FALSE
"gene_topology_v1","H0",440,474,474,0.0888740610366096,"exact_critical_breakpoint_v1","all_active_consecutive_levels","none","exclude_before_landscape_construction","bfb0ad4182eda6cd7c65decbb98eadb4f10a92c4882e956724bb108e5b8ad595",FALSE,FALSE
"gene_topology_v1","H0",441,474,474,0.0842647356741521,"exact_critical_breakpoint_v1","all_active_consecutive_levels","none","exclude_before_landscape_construction","bfb0ad4182eda6cd7c65decbb98eadb4f10a92c4882e956724bb108e5b8ad595",FALSE,FALSE
"gene_topology_v1","H0",442,474,474,0.0841967912876692,"exact_critical_breakpoint_v1","all_active_consecutive_levels","none","exclude_before_landscape_construction","bfb0ad4182eda6cd7c65decbb98eadb4f10a92c4882e956724bb108e5b8ad595",FALSE,FALSE
"gene_topology_v1","H0",443,474,474,0.0840773545832448,"exact_critical_breakpoint_v1","all_active_consecutive_levels","none","exclude_before_landscape_construction","bfb0ad4182eda6cd7c65decbb98eadb4f10a92c4882e956724bb108e5b8ad595",FALSE,FALSE
"gene_topology_v1","H0",444,474,474,0.0829728866616876,"exact_critical_breakpoint_v1","all_active_consecutive_levels","none","exclude_before_landscape_construction","bfb0ad4182eda6cd7c65decbb98eadb4f10a92c4882e956724bb108e5b8ad595",FALSE,FALSE
"gene_topology_v1","H0",445,474,474,0.0829508126737875,"exact_critical_breakpoint_v1","all_active_consecutive_levels","none","exclude_before_landscape_construction","bfb0ad4182eda6cd7c65decbb98eadb4f10a92c4882e956724bb108e5b8ad595",FALSE,FALSE
"gene_topology_v1","H0",446,474,474,0.0828599456556634,"exact_critical_breakpoint_v1","all_active_consecutive_levels","none","exclude_before_landscape_construction","bfb0ad4182eda6cd7c65decbb98eadb4f10a92c4882e956724bb108e5b8ad595",FALSE,FALSE
"gene_topology_v1","H0",447,474,474,0.0806893746958314,"exact_critical_breakpoint_v1","all_active_consecutive_levels","none","exclude_before_landscape_construction","bfb0ad4182eda6cd7c65decbb98eadb4f10a92c4882e956724bb108e5b8ad595",FALSE,FALSE
"gene_topology_v1","H0",448,474,474,0.0789872828317477,"exact_critical_breakpoint_v1","all_active_consecutive_levels","none","exclude_before_landscape_construction","bfb0ad4182eda6cd7c65decbb98eadb4f10a92c4882e956724bb108e5b8ad595",FALSE,FALSE
"gene_topology_v1","H0",449,474,474,0.0774839327740388,"exact_critical_breakpoint_v1","all_active_consecutive_levels","none","exclude_before_landscape_construction","bfb0ad4182eda6cd7c65decbb98eadb4f10a92c4882e956724bb108e5b8ad595",FALSE,FALSE
"gene_topology_v1","H0",450,474,474,0.075969044776194,"exact_critical_breakpoint_v1","all_active_consecutive_levels","none","exclude_before_landscape_construction","bfb0ad4182eda6cd7c65decbb98eadb4f10a92c4882e956724bb108e5b8ad595",FALSE,FALSE
"gene_topology_v1","H0",451,474,474,0.0752839434248544,"exact_critical_breakpoint_v1","all_active_consecutive_levels","none","exclude_before_landscape_construction","bfb0ad4182eda6cd7c65decbb98eadb4f10a92c4882e956724bb108e5b8ad595",FALSE,FALSE
"gene_topology_v1","H0",452,474,474,0.0752097820972823,"exact_critical_breakpoint_v1","all_active_consecutive_levels","none","exclude_before_landscape_construction","bfb0ad4182eda6cd7c65decbb98eadb4f10a92c4882e956724bb108e5b8ad595",FALSE,FALSE
"gene_topology_v1","H0",453,474,474,0.0732689967211962,"exact_critical_breakpoint_v1","all_active_consecutive_levels","none","exclude_before_landscape_construction","bfb0ad4182eda6cd7c65decbb98eadb4f10a92c4882e956724bb108e5b8ad595",FALSE,FALSE
"gene_topology_v1","H0",454,474,474,0.0706978125813151,"exact_critical_breakpoint_v1","all_active_consecutive_levels","none","exclude_before_landscape_construction","bfb0ad4182eda6cd7c65decbb98eadb4f10a92c4882e956724bb108e5b8ad595",FALSE,FALSE
"gene_topology_v1","H0",455,474,474,0.0687280042318845,"exact_critical_breakpoint_v1","all_active_consecutive_levels","none","exclude_before_landscape_construction","bfb0ad4182eda6cd7c65decbb98eadb4f10a92c4882e956724bb108e5b8ad595",FALSE,FALSE
"gene_topology_v1","H0",456,474,474,0.0684087647522382,"exact_critical_breakpoint_v1","all_active_consecutive_levels","none","exclude_before_landscape_construction","bfb0ad4182eda6cd7c65decbb98eadb4f10a92c4882e956724bb108e5b8ad595",FALSE,FALSE
"gene_topology_v1","H0",457,474,474,0.0673686896161097,"exact_critical_breakpoint_v1","all_active_consecutive_levels","none","exclude_before_landscape_construction","bfb0ad4182eda6cd7c65decbb98eadb4f10a92c4882e956724bb108e5b8ad595",FALSE,FALSE
"gene_topology_v1","H0",458,474,474,0.0617030851791157,"exact_critical_breakpoint_v1","all_active_consecutive_levels","none","exclude_before_landscape_construction","bfb0ad4182eda6cd7c65decbb98eadb4f10a92c4882e956724bb108e5b8ad595",FALSE,FALSE
"gene_topology_v1","H0",459,474,474,0.0601603539178488,"exact_critical_breakpoint_v1","all_active_consecutive_levels","none","exclude_before_landscape_construction","bfb0ad4182eda6cd7c65decbb98eadb4f10a92c4882e956724bb108e5b8ad595",FALSE,FALSE
"gene_topology_v1","H0",460,474,474,0.0537009971407898,"exact_critical_breakpoint_v1","all_active_consecutive_levels","none","exclude_before_landscape_construction","bfb0ad4182eda6cd7c65decbb98eadb4f10a92c4882e956724bb108e5b8ad595",FALSE,FALSE
"gene_topology_v1","H0",461,474,474,0.0534009114746493,"exact_critical_breakpoint_v1","all_active_consecutive_levels","none","exclude_before_landscape_construction","bfb0ad4182eda6cd7c65decbb98eadb4f10a92c4882e956724bb108e5b8ad595",FALSE,FALSE
"gene_topology_v1","H0",462,474,474,0.052183565640384,"exact_critical_breakpoint_v1","all_active_consecutive_levels","none","exclude_before_landscape_construction","bfb0ad4182eda6cd7c65decbb98eadb4f10a92c4882e956724bb108e5b8ad595",FALSE,FALSE
"gene_topology_v1","H0",463,474,474,0.0517716326511541,"exact_critical_breakpoint_v1","all_active_consecutive_levels","none","exclude_before_landscape_construction","bfb0ad4182eda6cd7c65decbb98eadb4f10a92c4882e956724bb108e5b8ad595",FALSE,FALSE
"gene_topology_v1","H0",464,474,474,0.0492445139140889,"exact_critical_breakpoint_v1","all_active_consecutive_levels","none","exclude_before_landscape_construction","bfb0ad4182eda6cd7c65decbb98eadb4f10a92c4882e956724bb108e5b8ad595",FALSE,FALSE
"gene_topology_v1","H0",465,474,474,0.0484621865362386,"exact_critical_breakpoint_v1","all_active_consecutive_levels","none","exclude_before_landscape_construction","bfb0ad4182eda6cd7c65decbb98eadb4f10a92c4882e956724bb108e5b8ad595",FALSE,FALSE
"gene_topology_v1","H0",466,474,474,0.0458882884402815,"exact_critical_breakpoint_v1","all_active_consecutive_levels","none","exclude_before_landscape_construction","bfb0ad4182eda6cd7c65decbb98eadb4f10a92c4882e956724bb108e5b8ad595",FALSE,FALSE
"gene_topology_v1","H0",467,474,474,0.0447231059354568,"exact_critical_breakpoint_v1","all_active_consecutive_levels","none","exclude_before_landscape_construction","bfb0ad4182eda6cd7c65decbb98eadb4f10a92c4882e956724bb108e5b8ad595",FALSE,FALSE
"gene_topology_v1","H0",468,474,474,0.0439923933390107,"exact_critical_breakpoint_v1","all_active_consecutive_levels","none","exclude_before_landscape_construction","bfb0ad4182eda6cd7c65decbb98eadb4f10a92c4882e956724bb108e5b8ad595",FALSE,FALSE
"gene_topology_v1","H0",469,474,474,0.0425812797769349,"exact_critical_breakpoint_v1","all_active_consecutive_levels","none","exclude_before_landscape_construction","bfb0ad4182eda6cd7c65decbb98eadb4f10a92c4882e956724bb108e5b8ad595",FALSE,FALSE
"gene_topology_v1","H0",470,474,474,0.0408913004639316,"exact_critical_breakpoint_v1","all_active_consecutive_levels","none","exclude_before_landscape_construction","bfb0ad4182eda6cd7c65decbb98eadb4f10a92c4882e956724bb108e5b8ad595",FALSE,FALSE
"gene_topology_v1","H0",471,474,474,0.0394031197493463,"exact_critical_breakpoint_v1","all_active_consecutive_levels","none","exclude_before_landscape_construction","bfb0ad4182eda6cd7c65decbb98eadb4f10a92c4882e956724bb108e5b8ad595",FALSE,FALSE
"gene_topology_v1","H0",472,474,474,0.0382943977852508,"exact_critical_breakpoint_v1","all_active_consecutive_levels","none","exclude_before_landscape_construction","bfb0ad4182eda6cd7c65decbb98eadb4f10a92c4882e956724bb108e5b8ad595",FALSE,FALSE
"gene_topology_v1","H0",473,474,474,0.0355540617266288,"exact_critical_breakpoint_v1","all_active_consecutive_levels","none","exclude_before_landscape_construction","bfb0ad4182eda6cd7c65decbb98eadb4f10a92c4882e956724bb108e5b8ad595",FALSE,FALSE
"gene_topology_v1","H0",474,474,474,0.0339395310486707,"exact_critical_breakpoint_v1","all_active_consecutive_levels","none","exclude_before_landscape_construction","bfb0ad4182eda6cd7c65decbb98eadb4f10a92c4882e956724bb108e5b8ad595",FALSE,FALSE
"gene_topology_v1","H1",1,1073,287,0.000334553077857819,"exact_critical_breakpoint_v1","all_active_consecutive_levels","none","exclude_before_landscape_construction","bfb0ad4182eda6cd7c65decbb98eadb4f10a92c4882e956724bb108e5b8ad595",FALSE,FALSE
"gene_topology_v1","H1",2,1073,287,6.86369483916922e-05,"exact_critical_breakpoint_v1","all_active_consecutive_levels","none","exclude_before_landscape_construction","bfb0ad4182eda6cd7c65decbb98eadb4f10a92c4882e956724bb108e5b8ad595",FALSE,FALSE
"gene_topology_v1","H1",3,1073,287,4.44005981087536e-05,"exact_critical_breakpoint_v1","all_active_consecutive_levels","none","exclude_before_landscape_construction","bfb0ad4182eda6cd7c65decbb98eadb4f10a92c4882e956724bb108e5b8ad595",FALSE,FALSE
"gene_topology_v1","H1",4,1073,287,3.68170988180388e-05,"exact_critical_breakpoint_v1","all_active_consecutive_levels","none","exclude_before_landscape_construction","bfb0ad4182eda6cd7c65decbb98eadb4f10a92c4882e956724bb108e5b8ad595",FALSE,FALSE
"gene_topology_v1","H1",5,1073,287,3.10951207365036e-05,"exact_critical_breakpoint_v1","all_active_consecutive_levels","none","exclude_before_landscape_construction","bfb0ad4182eda6cd7c65decbb98eadb4f10a92c4882e956724bb108e5b8ad595",FALSE,FALSE
"gene_topology_v1","H1",6,1073,287,2.70007670108768e-05,"exact_critical_breakpoint_v1","all_active_consecutive_levels","none","exclude_before_landscape_construction","bfb0ad4182eda6cd7c65decbb98eadb4f10a92c4882e956724bb108e5b8ad595",FALSE,FALSE
"gene_topology_v1","H1",7,1073,287,2.43350231940446e-05,"exact_critical_breakpoint_v1","all_active_consecutive_levels","none","exclude_before_landscape_construction","bfb0ad4182eda6cd7c65decbb98eadb4f10a92c4882e956724bb108e5b8ad595",FALSE,FALSE
"gene_topology_v1","H1",8,1073,287,2.26244693839247e-05,"exact_critical_breakpoint_v1","all_active_consecutive_levels","none","exclude_before_landscape_construction","bfb0ad4182eda6cd7c65decbb98eadb4f10a92c4882e956724bb108e5b8ad595",FALSE,FALSE
"gene_topology_v1","H1",9,1073,287,2.11368449854413e-05,"exact_critical_breakpoint_v1","all_active_consecutive_levels","none","exclude_before_landscape_construction","bfb0ad4182eda6cd7c65decbb98eadb4f10a92c4882e956724bb108e5b8ad595",FALSE,FALSE
"gene_topology_v1","H1",10,1073,287,1.98615829988979e-05,"exact_critical_breakpoint_v1","all_active_consecutive_levels","none","exclude_before_landscape_construction","bfb0ad4182eda6cd7c65decbb98eadb4f10a92c4882e956724bb108e5b8ad595",FALSE,FALSE
"gene_topology_v1","H1",11,1073,287,1.86184216306772e-05,"exact_critical_breakpoint_v1","all_active_consecutive_levels","none","exclude_before_landscape_construction","bfb0ad4182eda6cd7c65decbb98eadb4f10a92c4882e956724bb108e5b8ad595",FALSE,FALSE
"gene_topology_v1","H1",12,1073,287,1.74951767589554e-05,"exact_critical_breakpoint_v1","all_active_consecutive_levels","none","exclude_before_landscape_construction","bfb0ad4182eda6cd7c65decbb98eadb4f10a92c4882e956724bb108e5b8ad595",FALSE,FALSE
"gene_topology_v1","H1",13,1073,287,1.64842478894602e-05,"exact_critical_breakpoint_v1","all_active_consecutive_levels","none","exclude_before_landscape_construction","bfb0ad4182eda6cd7c65decbb98eadb4f10a92c4882e956724bb108e5b8ad595",FALSE,FALSE
"gene_topology_v1","H1",14,1073,287,1.57046955437048e-05,"exact_critical_breakpoint_v1","all_active_consecutive_levels","none","exclude_before_landscape_construction","bfb0ad4182eda6cd7c65decbb98eadb4f10a92c4882e956724bb108e5b8ad595",FALSE,FALSE
"gene_topology_v1","H1",15,1073,287,1.49957690484966e-05,"exact_critical_breakpoint_v1","all_active_consecutive_levels","none","exclude_before_landscape_construction","bfb0ad4182eda6cd7c65decbb98eadb4f10a92c4882e956724bb108e5b8ad595",FALSE,FALSE
"gene_topology_v1","H1",16,1073,287,1.41709122431349e-05,"exact_critical_breakpoint_v1","all_active_consecutive_levels","none","exclude_before_landscape_construction","bfb0ad4182eda6cd7c65decbb98eadb4f10a92c4882e956724bb108e5b8ad595",FALSE,FALSE
"gene_topology_v1","H1",17,1073,287,1.34479914627551e-05,"exact_critical_breakpoint_v1","all_active_consecutive_levels","none","exclude_before_landscape_construction","bfb0ad4182eda6cd7c65decbb98eadb4f10a92c4882e956724bb108e5b8ad595",FALSE,FALSE
"gene_topology_v1","H1",18,1073,287,1.29392662221581e-05,"exact_critical_breakpoint_v1","all_active_consecutive_levels","none","exclude_before_landscape_construction","bfb0ad4182eda6cd7c65decbb98eadb4f10a92c4882e956724bb108e5b8ad595",FALSE,FALSE
"gene_topology_v1","H1",19,1073,287,1.2437686473891e-05,"exact_critical_breakpoint_v1","all_active_consecutive_levels","none","exclude_before_landscape_construction","bfb0ad4182eda6cd7c65decbb98eadb4f10a92c4882e956724bb108e5b8ad595",FALSE,FALSE
"gene_topology_v1","H1",20,1073,287,1.19328580858297e-05,"exact_critical_breakpoint_v1","all_active_consecutive_levels","none","exclude_before_landscape_construction","bfb0ad4182eda6cd7c65decbb98eadb4f10a92c4882e956724bb108e5b8ad595",FALSE,FALSE
"gene_topology_v1","H1",21,1073,287,1.1436500556337e-05,"exact_critical_breakpoint_v1","all_active_consecutive_levels","none","exclude_before_landscape_construction","bfb0ad4182eda6cd7c65decbb98eadb4f10a92c4882e956724bb108e5b8ad595",FALSE,FALSE
"gene_topology_v1","H1",22,1073,287,1.09966460056389e-05,"exact_critical_breakpoint_v1","all_active_consecutive_levels","none","exclude_before_landscape_construction","bfb0ad4182eda6cd7c65decbb98eadb4f10a92c4882e956724bb108e5b8ad595",FALSE,FALSE
"gene_topology_v1","H1",23,1073,287,1.05842351410873e-05,"exact_critical_breakpoint_v1","all_active_consecutive_levels","none","exclude_before_landscape_construction","bfb0ad4182eda6cd7c65decbb98eadb4f10a92c4882e956724bb108e5b8ad595",FALSE,FALSE
"gene_topology_v1","H1",24,1073,287,1.02611402443091e-05,"exact_critical_breakpoint_v1","all_active_consecutive_levels","none","exclude_before_landscape_construction","bfb0ad4182eda6cd7c65decbb98eadb4f10a92c4882e956724bb108e5b8ad595",FALSE,FALSE
"gene_topology_v1","H1",25,1073,287,9.911534678279e-06,"exact_critical_breakpoint_v1","all_active_consecutive_levels","none","exclude_before_landscape_construction","bfb0ad4182eda6cd7c65decbb98eadb4f10a92c4882e956724bb108e5b8ad595",FALSE,FALSE
"gene_topology_v1","H1",26,1073,287,9.58516121655603e-06,"exact_critical_breakpoint_v1","all_active_consecutive_levels","none","exclude_before_landscape_construction","bfb0ad4182eda6cd7c65decbb98eadb4f10a92c4882e956724bb108e5b8ad595",FALSE,FALSE
"gene_topology_v1","H1",27,1073,287,9.2495586572098e-06,"exact_critical_breakpoint_v1","all_active_consecutive_levels","none","exclude_before_landscape_construction","bfb0ad4182eda6cd7c65decbb98eadb4f10a92c4882e956724bb108e5b8ad595",FALSE,FALSE
"gene_topology_v1","H1",28,1073,287,8.92888410106126e-06,"exact_critical_breakpoint_v1","all_active_consecutive_levels","none","exclude_before_landscape_construction","bfb0ad4182eda6cd7c65decbb98eadb4f10a92c4882e956724bb108e5b8ad595",FALSE,FALSE
"gene_topology_v1","H1",29,1073,287,8.63198543947631e-06,"exact_critical_breakpoint_v1","all_active_consecutive_levels","none","exclude_before_landscape_construction","bfb0ad4182eda6cd7c65decbb98eadb4f10a92c4882e956724bb108e5b8ad595",FALSE,FALSE
"gene_topology_v1","H1",30,1073,287,8.34357422747427e-06,"exact_critical_breakpoint_v1","all_active_consecutive_levels","none","exclude_before_landscape_construction","bfb0ad4182eda6cd7c65decbb98eadb4f10a92c4882e956724bb108e5b8ad595",FALSE,FALSE
"gene_topology_v1","H1",31,1073,287,8.09962743322331e-06,"exact_critical_breakpoint_v1","all_active_consecutive_levels","none","exclude_before_landscape_construction","bfb0ad4182eda6cd7c65decbb98eadb4f10a92c4882e956724bb108e5b8ad595",FALSE,FALSE
"gene_topology_v1","H1",32,1073,287,7.86262197018417e-06,"exact_critical_breakpoint_v1","all_active_consecutive_levels","none","exclude_before_landscape_construction","bfb0ad4182eda6cd7c65decbb98eadb4f10a92c4882e956724bb108e5b8ad595",FALSE,FALSE
"gene_topology_v1","H1",33,1073,287,7.61436792684797e-06,"exact_critical_breakpoint_v1","all_active_consecutive_levels","none","exclude_before_landscape_construction","bfb0ad4182eda6cd7c65decbb98eadb4f10a92c4882e956724bb108e5b8ad595",FALSE,FALSE
"gene_topology_v1","H1",34,1073,287,7.37215660288882e-06,"exact_critical_breakpoint_v1","all_active_consecutive_levels","none","exclude_before_landscape_construction","bfb0ad4182eda6cd7c65decbb98eadb4f10a92c4882e956724bb108e5b8ad595",FALSE,FALSE
"gene_topology_v1","H1",35,1073,287,7.12917423590833e-06,"exact_critical_breakpoint_v1","all_active_consecutive_levels","none","exclude_before_landscape_construction","bfb0ad4182eda6cd7c65decbb98eadb4f10a92c4882e956724bb108e5b8ad595",FALSE,FALSE
"gene_topology_v1","H1",36,1073,287,6.91607688727467e-06,"exact_critical_breakpoint_v1","all_active_consecutive_levels","none","exclude_before_landscape_construction","bfb0ad4182eda6cd7c65decbb98eadb4f10a92c4882e956724bb108e5b8ad595",FALSE,FALSE
"gene_topology_v1","H1",37,1073,287,6.69616262475331e-06,"exact_critical_breakpoint_v1","all_active_consecutive_levels","none","exclude_before_landscape_construction","bfb0ad4182eda6cd7c65decbb98eadb4f10a92c4882e956724bb108e5b8ad595",FALSE,FALSE
"gene_topology_v1","H1",38,1073,287,6.50147356629793e-06,"exact_critical_breakpoint_v1","all_active_consecutive_levels","none","exclude_before_landscape_construction","bfb0ad4182eda6cd7c65decbb98eadb4f10a92c4882e956724bb108e5b8ad595",FALSE,FALSE
"gene_topology_v1","H1",39,1073,287,6.31353509339978e-06,"exact_critical_breakpoint_v1","all_active_consecutive_levels","none","exclude_before_landscape_construction","bfb0ad4182eda6cd7c65decbb98eadb4f10a92c4882e956724bb108e5b8ad595",FALSE,FALSE
"gene_topology_v1","H1",40,1073,287,6.12629559322524e-06,"exact_critical_breakpoint_v1","all_active_consecutive_levels","none","exclude_before_landscape_construction","bfb0ad4182eda6cd7c65decbb98eadb4f10a92c4882e956724bb108e5b8ad595",FALSE,FALSE
"gene_topology_v1","H1",41,1073,287,5.93099924499353e-06,"exact_critical_breakpoint_v1","all_active_consecutive_levels","none","exclude_before_landscape_construction","bfb0ad4182eda6cd7c65decbb98eadb4f10a92c4882e956724bb108e5b8ad595",FALSE,FALSE
"gene_topology_v1","H1",42,1073,287,5.74230563670794e-06,"exact_critical_breakpoint_v1","all_active_consecutive_levels","none","exclude_before_landscape_construction","bfb0ad4182eda6cd7c65decbb98eadb4f10a92c4882e956724bb108e5b8ad595",FALSE,FALSE
"gene_topology_v1","H1",43,1073,287,5.57316958968724e-06,"exact_critical_breakpoint_v1","all_active_consecutive_levels","none","exclude_before_landscape_construction","bfb0ad4182eda6cd7c65decbb98eadb4f10a92c4882e956724bb108e5b8ad595",FALSE,FALSE
"gene_topology_v1","H1",44,1073,287,5.43068247378994e-06,"exact_critical_breakpoint_v1","all_active_consecutive_levels","none","exclude_before_landscape_construction","bfb0ad4182eda6cd7c65decbb98eadb4f10a92c4882e956724bb108e5b8ad595",FALSE,FALSE
"gene_topology_v1","H1",45,1073,287,5.28782412804606e-06,"exact_critical_breakpoint_v1","all_active_consecutive_levels","none","exclude_before_landscape_construction","bfb0ad4182eda6cd7c65decbb98eadb4f10a92c4882e956724bb108e5b8ad595",FALSE,FALSE
"gene_topology_v1","H1",46,1073,287,5.14378800997306e-06,"exact_critical_breakpoint_v1","all_active_consecutive_levels","none","exclude_before_landscape_construction","bfb0ad4182eda6cd7c65decbb98eadb4f10a92c4882e956724bb108e5b8ad595",FALSE,FALSE
"gene_topology_v1","H1",47,1073,287,5.01008285986146e-06,"exact_critical_breakpoint_v1","all_active_consecutive_levels","none","exclude_before_landscape_construction","bfb0ad4182eda6cd7c65decbb98eadb4f10a92c4882e956724bb108e5b8ad595",FALSE,FALSE
"gene_topology_v1","H1",48,1073,287,4.86964061751481e-06,"exact_critical_breakpoint_v1","all_active_consecutive_levels","none","exclude_before_landscape_construction","bfb0ad4182eda6cd7c65decbb98eadb4f10a92c4882e956724bb108e5b8ad595",FALSE,FALSE
"gene_topology_v1","H1",49,1073,287,4.74329371239203e-06,"exact_critical_breakpoint_v1","all_active_consecutive_levels","none","exclude_before_landscape_construction","bfb0ad4182eda6cd7c65decbb98eadb4f10a92c4882e956724bb108e5b8ad595",FALSE,FALSE
"gene_topology_v1","H1",50,1073,287,4.63357708911028e-06,"exact_critical_breakpoint_v1","all_active_consecutive_levels","none","exclude_before_landscape_construction","bfb0ad4182eda6cd7c65decbb98eadb4f10a92c4882e956724bb108e5b8ad595",FALSE,FALSE
"gene_topology_v1","H1",51,1073,287,4.51817379355862e-06,"exact_critical_breakpoint_v1","all_active_consecutive_levels","none","exclude_before_landscape_construction","bfb0ad4182eda6cd7c65decbb98eadb4f10a92c4882e956724bb108e5b8ad595",FALSE,FALSE
"gene_topology_v1","H1",52,1073,287,4.40394875287148e-06,"exact_critical_breakpoint_v1","all_active_consecutive_levels","none","exclude_before_landscape_construction","bfb0ad4182eda6cd7c65decbb98eadb4f10a92c4882e956724bb108e5b8ad595",FALSE,FALSE
"gene_topology_v1","H1",53,1073,287,4.29287799137712e-06,"exact_critical_breakpoint_v1","all_active_consecutive_levels","none","exclude_before_landscape_construction","bfb0ad4182eda6cd7c65decbb98eadb4f10a92c4882e956724bb108e5b8ad595",FALSE,FALSE
"gene_topology_v1","H1",54,1073,287,4.18518301698727e-06,"exact_critical_breakpoint_v1","all_active_consecutive_levels","none","exclude_before_landscape_construction","bfb0ad4182eda6cd7c65decbb98eadb4f10a92c4882e956724bb108e5b8ad595",FALSE,FALSE
"gene_topology_v1","H1",55,1073,287,4.08452821542994e-06,"exact_critical_breakpoint_v1","all_active_consecutive_levels","none","exclude_before_landscape_construction","bfb0ad4182eda6cd7c65decbb98eadb4f10a92c4882e956724bb108e5b8ad595",FALSE,FALSE
"gene_topology_v1","H1",56,1073,287,3.98226055990205e-06,"exact_critical_breakpoint_v1","all_active_consecutive_levels","none","exclude_before_landscape_construction","bfb0ad4182eda6cd7c65decbb98eadb4f10a92c4882e956724bb108e5b8ad595",FALSE,FALSE
"gene_topology_v1","H1",57,1073,287,3.88435453488551e-06,"exact_critical_breakpoint_v1","all_active_consecutive_levels","none","exclude_before_landscape_construction","bfb0ad4182eda6cd7c65decbb98eadb4f10a92c4882e956724bb108e5b8ad595",FALSE,FALSE
"gene_topology_v1","H1",58,1073,287,3.782558144345e-06,"exact_critical_breakpoint_v1","all_active_consecutive_levels","none","exclude_before_landscape_construction","bfb0ad4182eda6cd7c65decbb98eadb4f10a92c4882e956724bb108e5b8ad595",FALSE,FALSE
"gene_topology_v1","H1",59,1073,287,3.68984262212217e-06,"exact_critical_breakpoint_v1","all_active_consecutive_levels","none","exclude_before_landscape_construction","bfb0ad4182eda6cd7c65decbb98eadb4f10a92c4882e956724bb108e5b8ad595",FALSE,FALSE
"gene_topology_v1","H1",60,1073,287,3.6030151277412e-06,"exact_critical_breakpoint_v1","all_active_consecutive_levels","none","exclude_before_landscape_construction","bfb0ad4182eda6cd7c65decbb98eadb4f10a92c4882e956724bb108e5b8ad595",FALSE,FALSE
"gene_topology_v1","H1",61,1073,287,3.51733172095447e-06,"exact_critical_breakpoint_v1","all_active_consecutive_levels","none","exclude_before_landscape_construction","bfb0ad4182eda6cd7c65decbb98eadb4f10a92c4882e956724bb108e5b8ad595",FALSE,FALSE
"gene_topology_v1","H1",62,1073,287,3.43078404943451e-06,"exact_critical_breakpoint_v1","all_active_consecutive_levels","none","exclude_before_landscape_construction","bfb0ad4182eda6cd7c65decbb98eadb4f10a92c4882e956724bb108e5b8ad595",FALSE,FALSE
"gene_topology_v1","H1",63,1073,287,3.35407249567026e-06,"exact_critical_breakpoint_v1","all_active_consecutive_levels","none","exclude_before_landscape_construction","bfb0ad4182eda6cd7c65decbb98eadb4f10a92c4882e956724bb108e5b8ad595",FALSE,FALSE
"gene_topology_v1","H1",64,1073,287,3.26936725320544e-06,"exact_critical_breakpoint_v1","all_active_consecutive_levels","none","exclude_before_landscape_construction","bfb0ad4182eda6cd7c65decbb98eadb4f10a92c4882e956724bb108e5b8ad595",FALSE,FALSE
"gene_topology_v1","H1",65,1073,287,3.18662718046081e-06,"exact_critical_breakpoint_v1","all_active_consecutive_levels","none","exclude_before_landscape_construction","bfb0ad4182eda6cd7c65decbb98eadb4f10a92c4882e956724bb108e5b8ad595",FALSE,FALSE
"gene_topology_v1","H1",66,1073,287,3.10834379436609e-06,"exact_critical_breakpoint_v1","all_active_consecutive_levels","none","exclude_before_landscape_construction","bfb0ad4182eda6cd7c65decbb98eadb4f10a92c4882e956724bb108e5b8ad595",FALSE,FALSE
"gene_topology_v1","H1",67,1073,287,3.03813285846212e-06,"exact_critical_breakpoint_v1","all_active_consecutive_levels","none","exclude_before_landscape_construction","bfb0ad4182eda6cd7c65decbb98eadb4f10a92c4882e956724bb108e5b8ad595",FALSE,FALSE
"gene_topology_v1","H1",68,1073,287,2.96732148368629e-06,"exact_critical_breakpoint_v1","all_active_consecutive_levels","none","exclude_before_landscape_construction","bfb0ad4182eda6cd7c65decbb98eadb4f10a92c4882e956724bb108e5b8ad595",FALSE,FALSE
"gene_topology_v1","H1",69,1073,287,2.90071206378117e-06,"exact_critical_breakpoint_v1","all_active_consecutive_levels","none","exclude_before_landscape_construction","bfb0ad4182eda6cd7c65decbb98eadb4f10a92c4882e956724bb108e5b8ad595",FALSE,FALSE
"gene_topology_v1","H1",70,1073,287,2.83292871166363e-06,"exact_critical_breakpoint_v1","all_active_consecutive_levels","none","exclude_before_landscape_construction","bfb0ad4182eda6cd7c65decbb98eadb4f10a92c4882e956724bb108e5b8ad595",FALSE,FALSE
"gene_topology_v1","H1",71,1073,287,2.76527841102201e-06,"exact_critical_breakpoint_v1","all_active_consecutive_levels","none","exclude_before_landscape_construction","bfb0ad4182eda6cd7c65decbb98eadb4f10a92c4882e956724bb108e5b8ad595",FALSE,FALSE
"gene_topology_v1","H1",72,1073,287,2.70291105470962e-06,"exact_critical_breakpoint_v1","all_active_consecutive_levels","none","exclude_before_landscape_construction","bfb0ad4182eda6cd7c65decbb98eadb4f10a92c4882e956724bb108e5b8ad595",FALSE,FALSE
"gene_topology_v1","H1",73,1073,287,2.63791526386064e-06,"exact_critical_breakpoint_v1","all_active_consecutive_levels","none","exclude_before_landscape_construction","bfb0ad4182eda6cd7c65decbb98eadb4f10a92c4882e956724bb108e5b8ad595",FALSE,FALSE
"gene_topology_v1","H1",74,1073,287,2.57228575627386e-06,"exact_critical_breakpoint_v1","all_active_consecutive_levels","none","exclude_before_landscape_construction","bfb0ad4182eda6cd7c65decbb98eadb4f10a92c4882e956724bb108e5b8ad595",FALSE,FALSE
"gene_topology_v1","H1",75,1073,287,2.50945482754138e-06,"exact_critical_breakpoint_v1","all_active_consecutive_levels","none","exclude_before_landscape_construction","bfb0ad4182eda6cd7c65decbb98eadb4f10a92c4882e956724bb108e5b8ad595",FALSE,FALSE
"gene_topology_v1","H1",76,1073,287,2.4464326472142e-06,"exact_critical_breakpoint_v1","all_active_consecutive_levels","none","exclude_before_landscape_construction","bfb0ad4182eda6cd7c65decbb98eadb4f10a92c4882e956724bb108e5b8ad595",FALSE,FALSE
"gene_topology_v1","H1",77,1073,287,2.38790323095073e-06,"exact_critical_breakpoint_v1","all_active_consecutive_levels","none","exclude_before_landscape_construction","bfb0ad4182eda6cd7c65decbb98eadb4f10a92c4882e956724bb108e5b8ad595",FALSE,FALSE
"gene_topology_v1","H1",78,1073,287,2.33369282121862e-06,"exact_critical_breakpoint_v1","all_active_consecutive_levels","none","exclude_before_landscape_construction","bfb0ad4182eda6cd7c65decbb98eadb4f10a92c4882e956724bb108e5b8ad595",FALSE,FALSE
"gene_topology_v1","H1",79,1073,287,2.27946137243307e-06,"exact_critical_breakpoint_v1","all_active_consecutive_levels","none","exclude_before_landscape_construction","bfb0ad4182eda6cd7c65decbb98eadb4f10a92c4882e956724bb108e5b8ad595",FALSE,FALSE
"gene_topology_v1","H1",80,1073,287,2.22723960978181e-06,"exact_critical_breakpoint_v1","all_active_consecutive_levels","none","exclude_before_landscape_construction","bfb0ad4182eda6cd7c65decbb98eadb4f10a92c4882e956724bb108e5b8ad595",FALSE,FALSE
"gene_topology_v1","H1",81,1073,287,2.17634501356867e-06,"exact_critical_breakpoint_v1","all_active_consecutive_levels","none","exclude_before_landscape_construction","bfb0ad4182eda6cd7c65decbb98eadb4f10a92c4882e956724bb108e5b8ad595",FALSE,FALSE
"gene_topology_v1","H1",82,1073,287,2.13022652495011e-06,"exact_critical_breakpoint_v1","all_active_consecutive_levels","none","exclude_before_landscape_construction","bfb0ad4182eda6cd7c65decbb98eadb4f10a92c4882e956724bb108e5b8ad595",FALSE,FALSE
"gene_topology_v1","H1",83,1073,287,2.08648287577629e-06,"exact_critical_breakpoint_v1","all_active_consecutive_levels","none","exclude_before_landscape_construction","bfb0ad4182eda6cd7c65decbb98eadb4f10a92c4882e956724bb108e5b8ad595",FALSE,FALSE
"gene_topology_v1","H1",84,1073,287,2.04268544800885e-06,"exact_critical_breakpoint_v1","all_active_consecutive_levels","none","exclude_before_landscape_construction","bfb0ad4182eda6cd7c65decbb98eadb4f10a92c4882e956724bb108e5b8ad595",FALSE,FALSE
"gene_topology_v1","H1",85,1073,287,1.99415407681555e-06,"exact_critical_breakpoint_v1","all_active_consecutive_levels","none","exclude_before_landscape_construction","bfb0ad4182eda6cd7c65decbb98eadb4f10a92c4882e956724bb108e5b8ad595",FALSE,FALSE
"gene_topology_v1","H1",86,1073,287,1.95036702547121e-06,"exact_critical_breakpoint_v1","all_active_consecutive_levels","none","exclude_before_landscape_construction","bfb0ad4182eda6cd7c65decbb98eadb4f10a92c4882e956724bb108e5b8ad595",FALSE,FALSE
"gene_topology_v1","H1",87,1073,287,1.90539871651369e-06,"exact_critical_breakpoint_v1","all_active_consecutive_levels","none","exclude_before_landscape_construction","bfb0ad4182eda6cd7c65decbb98eadb4f10a92c4882e956724bb108e5b8ad595",FALSE,FALSE
"gene_topology_v1","H1",88,1073,287,1.86210463701083e-06,"exact_critical_breakpoint_v1","all_active_consecutive_levels","none","exclude_before_landscape_construction","bfb0ad4182eda6cd7c65decbb98eadb4f10a92c4882e956724bb108e5b8ad595",FALSE,FALSE
"gene_topology_v1","H1",89,1073,287,1.82104909706354e-06,"exact_critical_breakpoint_v1","all_active_consecutive_levels","none","exclude_before_landscape_construction","bfb0ad4182eda6cd7c65decbb98eadb4f10a92c4882e956724bb108e5b8ad595",FALSE,FALSE
"gene_topology_v1","H1",90,1073,287,1.78139307988293e-06,"exact_critical_breakpoint_v1","all_active_consecutive_levels","none","exclude_before_landscape_construction","bfb0ad4182eda6cd7c65decbb98eadb4f10a92c4882e956724bb108e5b8ad595",FALSE,FALSE
"gene_topology_v1","H1",91,1073,287,1.74201898335084e-06,"exact_critical_breakpoint_v1","all_active_consecutive_levels","none","exclude_before_landscape_construction","bfb0ad4182eda6cd7c65decbb98eadb4f10a92c4882e956724bb108e5b8ad595",FALSE,FALSE
"gene_topology_v1","H1",92,1073,287,1.70417438473027e-06,"exact_critical_breakpoint_v1","all_active_consecutive_levels","none","exclude_before_landscape_construction","bfb0ad4182eda6cd7c65decbb98eadb4f10a92c4882e956724bb108e5b8ad595",FALSE,FALSE
"gene_topology_v1","H1",93,1073,287,1.66451393977166e-06,"exact_critical_breakpoint_v1","all_active_consecutive_levels","none","exclude_before_landscape_construction","bfb0ad4182eda6cd7c65decbb98eadb4f10a92c4882e956724bb108e5b8ad595",FALSE,FALSE
"gene_topology_v1","H1",94,1073,287,1.62898879167237e-06,"exact_critical_breakpoint_v1","all_active_consecutive_levels","none","exclude_before_landscape_construction","bfb0ad4182eda6cd7c65decbb98eadb4f10a92c4882e956724bb108e5b8ad595",FALSE,FALSE
"gene_topology_v1","H1",95,1073,287,1.5951558214707e-06,"exact_critical_breakpoint_v1","all_active_consecutive_levels","none","exclude_before_landscape_construction","bfb0ad4182eda6cd7c65decbb98eadb4f10a92c4882e956724bb108e5b8ad595",FALSE,FALSE
"gene_topology_v1","H1",96,1073,287,1.56296978762049e-06,"exact_critical_breakpoint_v1","all_active_consecutive_levels","none","exclude_before_landscape_construction","bfb0ad4182eda6cd7c65decbb98eadb4f10a92c4882e956724bb108e5b8ad595",FALSE,FALSE
"gene_topology_v1","H1",97,1073,287,1.52788683383247e-06,"exact_critical_breakpoint_v1","all_active_consecutive_levels","none","exclude_before_landscape_construction","bfb0ad4182eda6cd7c65decbb98eadb4f10a92c4882e956724bb108e5b8ad595",FALSE,FALSE
"gene_topology_v1","H1",98,1073,287,1.49405340924567e-06,"exact_critical_breakpoint_v1","all_active_consecutive_levels","none","exclude_before_landscape_construction","bfb0ad4182eda6cd7c65decbb98eadb4f10a92c4882e956724bb108e5b8ad595",FALSE,FALSE
"gene_topology_v1","H1",99,1073,287,1.46427473594857e-06,"exact_critical_breakpoint_v1","all_active_consecutive_levels","none","exclude_before_landscape_construction","bfb0ad4182eda6cd7c65decbb98eadb4f10a92c4882e956724bb108e5b8ad595",FALSE,FALSE
"gene_topology_v1","H1",100,1073,287,1.43091307326947e-06,"exact_critical_breakpoint_v1","all_active_consecutive_levels","none","exclude_before_landscape_construction","bfb0ad4182eda6cd7c65decbb98eadb4f10a92c4882e956724bb108e5b8ad595",FALSE,FALSE
"gene_topology_v1","H1",101,1073,287,1.39933484382499e-06,"exact_critical_breakpoint_v1","all_active_consecutive_levels","none","exclude_before_landscape_construction","bfb0ad4182eda6cd7c65decbb98eadb4f10a92c4882e956724bb108e5b8ad595",FALSE,FALSE
"gene_topology_v1","H1",102,1073,287,1.36732828689867e-06,"exact_critical_breakpoint_v1","all_active_consecutive_levels","none","exclude_before_landscape_construction","bfb0ad4182eda6cd7c65decbb98eadb4f10a92c4882e956724bb108e5b8ad595",FALSE,FALSE
"gene_topology_v1","H1",103,1073,287,1.33491406482237e-06,"exact_critical_breakpoint_v1","all_active_consecutive_levels","none","exclude_before_landscape_construction","bfb0ad4182eda6cd7c65decbb98eadb4f10a92c4882e956724bb108e5b8ad595",FALSE,FALSE
"gene_topology_v1","H1",104,1073,287,1.3047257324898e-06,"exact_critical_breakpoint_v1","all_active_consecutive_levels","none","exclude_before_landscape_construction","bfb0ad4182eda6cd7c65decbb98eadb4f10a92c4882e956724bb108e5b8ad595",FALSE,FALSE
"gene_topology_v1","H1",105,1073,287,1.27721310421752e-06,"exact_critical_breakpoint_v1","all_active_consecutive_levels","none","exclude_before_landscape_construction","bfb0ad4182eda6cd7c65decbb98eadb4f10a92c4882e956724bb108e5b8ad595",FALSE,FALSE
"gene_topology_v1","H1",106,1073,287,1.25019137295188e-06,"exact_critical_breakpoint_v1","all_active_consecutive_levels","none","exclude_before_landscape_construction","bfb0ad4182eda6cd7c65decbb98eadb4f10a92c4882e956724bb108e5b8ad595",FALSE,FALSE
"gene_topology_v1","H1",107,1073,287,1.22326261135888e-06,"exact_critical_breakpoint_v1","all_active_consecutive_levels","none","exclude_before_landscape_construction","bfb0ad4182eda6cd7c65decbb98eadb4f10a92c4882e956724bb108e5b8ad595",FALSE,FALSE
"gene_topology_v1","H1",108,1073,287,1.19606560141092e-06,"exact_critical_breakpoint_v1","all_active_consecutive_levels","none","exclude_before_landscape_construction","bfb0ad4182eda6cd7c65decbb98eadb4f10a92c4882e956724bb108e5b8ad595",FALSE,FALSE
"gene_topology_v1","H1",109,1073,287,1.17005751065926e-06,"exact_critical_breakpoint_v1","all_active_consecutive_levels","none","exclude_before_landscape_construction","bfb0ad4182eda6cd7c65decbb98eadb4f10a92c4882e956724bb108e5b8ad595",FALSE,FALSE
"gene_topology_v1","H1",110,1073,287,1.1443522216168e-06,"exact_critical_breakpoint_v1","all_active_consecutive_levels","none","exclude_before_landscape_construction","bfb0ad4182eda6cd7c65decbb98eadb4f10a92c4882e956724bb108e5b8ad595",FALSE,FALSE
"gene_topology_v1","H1",111,1073,287,1.11699500609987e-06,"exact_critical_breakpoint_v1","all_active_consecutive_levels","none","exclude_before_landscape_construction","bfb0ad4182eda6cd7c65decbb98eadb4f10a92c4882e956724bb108e5b8ad595",FALSE,FALSE
"gene_topology_v1","H1",112,1073,287,1.09177421419447e-06,"exact_critical_breakpoint_v1","all_active_consecutive_levels","none","exclude_before_landscape_construction","bfb0ad4182eda6cd7c65decbb98eadb4f10a92c4882e956724bb108e5b8ad595",FALSE,FALSE
"gene_topology_v1","H1",113,1073,287,1.06790534583144e-06,"exact_critical_breakpoint_v1","all_active_consecutive_levels","none","exclude_before_landscape_construction","bfb0ad4182eda6cd7c65decbb98eadb4f10a92c4882e956724bb108e5b8ad595",FALSE,FALSE
"gene_topology_v1","H1",114,1073,287,1.04380576533981e-06,"exact_critical_breakpoint_v1","all_active_consecutive_levels","none","exclude_before_landscape_construction","bfb0ad4182eda6cd7c65decbb98eadb4f10a92c4882e956724bb108e5b8ad595",FALSE,FALSE
"gene_topology_v1","H1",115,1073,287,1.01812429409491e-06,"exact_critical_breakpoint_v1","all_active_consecutive_levels","none","exclude_before_landscape_construction","bfb0ad4182eda6cd7c65decbb98eadb4f10a92c4882e956724bb108e5b8ad595",FALSE,FALSE
"gene_topology_v1","H1",116,1073,287,9.94986972991977e-07,"exact_critical_breakpoint_v1","all_active_consecutive_levels","none","exclude_before_landscape_construction","bfb0ad4182eda6cd7c65decbb98eadb4f10a92c4882e956724bb108e5b8ad595",FALSE,FALSE
"gene_topology_v1","H1",117,1073,287,9.7400586662241e-07,"exact_critical_breakpoint_v1","all_active_consecutive_levels","none","exclude_before_landscape_construction","bfb0ad4182eda6cd7c65decbb98eadb4f10a92c4882e956724bb108e5b8ad595",FALSE,FALSE
"gene_topology_v1","H1",118,1073,287,9.51932720794087e-07,"exact_critical_breakpoint_v1","all_active_consecutive_levels","none","exclude_before_landscape_construction","bfb0ad4182eda6cd7c65decbb98eadb4f10a92c4882e956724bb108e5b8ad595",FALSE,FALSE
"gene_topology_v1","H1",119,1073,287,9.29292044001024e-07,"exact_critical_breakpoint_v1","all_active_consecutive_levels","none","exclude_before_landscape_construction","bfb0ad4182eda6cd7c65decbb98eadb4f10a92c4882e956724bb108e5b8ad595",FALSE,FALSE
"gene_topology_v1","H1",120,1073,287,9.08908433372188e-07,"exact_critical_breakpoint_v1","all_active_consecutive_levels","none","exclude_before_landscape_construction","bfb0ad4182eda6cd7c65decbb98eadb4f10a92c4882e956724bb108e5b8ad595",FALSE,FALSE
"gene_topology_v1","H1",121,1073,287,8.87558809509422e-07,"exact_critical_breakpoint_v1","all_active_consecutive_levels","none","exclude_before_landscape_construction","bfb0ad4182eda6cd7c65decbb98eadb4f10a92c4882e956724bb108e5b8ad595",FALSE,FALSE
"gene_topology_v1","H1",122,1073,287,8.66372117024135e-07,"exact_critical_breakpoint_v1","all_active_consecutive_levels","none","exclude_before_landscape_construction","bfb0ad4182eda6cd7c65decbb98eadb4f10a92c4882e956724bb108e5b8ad595",FALSE,FALSE
"gene_topology_v1","H1",123,1073,287,8.46522825248244e-07,"exact_critical_breakpoint_v1","all_active_consecutive_levels","none","exclude_before_landscape_construction","bfb0ad4182eda6cd7c65decbb98eadb4f10a92c4882e956724bb108e5b8ad595",FALSE,FALSE
"gene_topology_v1","H1",124,1073,287,8.26258243941401e-07,"exact_critical_breakpoint_v1","all_active_consecutive_levels","none","exclude_before_landscape_construction","bfb0ad4182eda6cd7c65decbb98eadb4f10a92c4882e956724bb108e5b8ad595",FALSE,FALSE
"gene_topology_v1","H1",125,1073,287,8.07395125856751e-07,"exact_critical_breakpoint_v1","all_active_consecutive_levels","none","exclude_before_landscape_construction","bfb0ad4182eda6cd7c65decbb98eadb4f10a92c4882e956724bb108e5b8ad595",FALSE,FALSE
"gene_topology_v1","H1",126,1073,287,7.89338095136441e-07,"exact_critical_breakpoint_v1","all_active_consecutive_levels","none","exclude_before_landscape_construction","bfb0ad4182eda6cd7c65decbb98eadb4f10a92c4882e956724bb108e5b8ad595",FALSE,FALSE
"gene_topology_v1","H1",127,1073,287,7.70687736232486e-07,"exact_critical_breakpoint_v1","all_active_consecutive_levels","none","exclude_before_landscape_construction","bfb0ad4182eda6cd7c65decbb98eadb4f10a92c4882e956724bb108e5b8ad595",FALSE,FALSE
"gene_topology_v1","H1",128,1073,287,7.53655243229826e-07,"exact_critical_breakpoint_v1","all_active_consecutive_levels","none","exclude_before_landscape_construction","bfb0ad4182eda6cd7c65decbb98eadb4f10a92c4882e956724bb108e5b8ad595",FALSE,FALSE
"gene_topology_v1","H1",129,1073,287,7.36992451435751e-07,"exact_critical_breakpoint_v1","all_active_consecutive_levels","none","exclude_before_landscape_construction","bfb0ad4182eda6cd7c65decbb98eadb4f10a92c4882e956724bb108e5b8ad595",FALSE,FALSE
"gene_topology_v1","H1",130,1073,287,7.19377736502316e-07,"exact_critical_breakpoint_v1","all_active_consecutive_levels","none","exclude_before_landscape_construction","bfb0ad4182eda6cd7c65decbb98eadb4f10a92c4882e956724bb108e5b8ad595",FALSE,FALSE
"gene_topology_v1","H1",131,1073,287,7.03330324828404e-07,"exact_critical_breakpoint_v1","all_active_consecutive_levels","none","exclude_before_landscape_construction","bfb0ad4182eda6cd7c65decbb98eadb4f10a92c4882e956724bb108e5b8ad595",FALSE,FALSE
"gene_topology_v1","H1",132,1073,287,6.85363980155569e-07,"exact_critical_breakpoint_v1","all_active_consecutive_levels","none","exclude_before_landscape_construction","bfb0ad4182eda6cd7c65decbb98eadb4f10a92c4882e956724bb108e5b8ad595",FALSE,FALSE
"gene_topology_v1","H1",133,1073,287,6.68804240150417e-07,"exact_critical_breakpoint_v1","all_active_consecutive_levels","none","exclude_before_landscape_construction","bfb0ad4182eda6cd7c65decbb98eadb4f10a92c4882e956724bb108e5b8ad595",FALSE,FALSE
"gene_topology_v1","H1",134,1073,287,6.5182904049519e-07,"exact_critical_breakpoint_v1","all_active_consecutive_levels","none","exclude_before_landscape_construction","bfb0ad4182eda6cd7c65decbb98eadb4f10a92c4882e956724bb108e5b8ad595",FALSE,FALSE
"gene_topology_v1","H1",135,1073,287,6.37205004736413e-07,"exact_critical_breakpoint_v1","all_active_consecutive_levels","none","exclude_before_landscape_construction","bfb0ad4182eda6cd7c65decbb98eadb4f10a92c4882e956724bb108e5b8ad595",FALSE,FALSE
"gene_topology_v1","H1",136,1073,287,6.21683254089404e-07,"exact_critical_breakpoint_v1","all_active_consecutive_levels","none","exclude_before_landscape_construction","bfb0ad4182eda6cd7c65decbb98eadb4f10a92c4882e956724bb108e5b8ad595",FALSE,FALSE
"gene_topology_v1","H1",137,1073,287,6.07715687052242e-07,"exact_critical_breakpoint_v1","all_active_consecutive_levels","none","exclude_before_landscape_construction","bfb0ad4182eda6cd7c65decbb98eadb4f10a92c4882e956724bb108e5b8ad595",FALSE,FALSE
"gene_topology_v1","H1",138,1073,287,5.92569233133349e-07,"exact_critical_breakpoint_v1","all_active_consecutive_levels","none","exclude_before_landscape_construction","bfb0ad4182eda6cd7c65decbb98eadb4f10a92c4882e956724bb108e5b8ad595",FALSE,FALSE
"gene_topology_v1","H1",139,1073,287,5.78733601080702e-07,"exact_critical_breakpoint_v1","all_active_consecutive_levels","none","exclude_before_landscape_construction","bfb0ad4182eda6cd7c65decbb98eadb4f10a92c4882e956724bb108e5b8ad595",FALSE,FALSE
"gene_topology_v1","H1",140,1073,287,5.66480433873546e-07,"exact_critical_breakpoint_v1","all_active_consecutive_levels","none","exclude_before_landscape_construction","bfb0ad4182eda6cd7c65decbb98eadb4f10a92c4882e956724bb108e5b8ad595",FALSE,FALSE
"gene_topology_v1","H1",141,1073,287,5.54185280488959e-07,"exact_critical_breakpoint_v1","all_active_consecutive_levels","none","exclude_before_landscape_construction","bfb0ad4182eda6cd7c65decbb98eadb4f10a92c4882e956724bb108e5b8ad595",FALSE,FALSE
"gene_topology_v1","H1",142,1073,287,5.41434280508396e-07,"exact_critical_breakpoint_v1","all_active_consecutive_levels","none","exclude_before_landscape_construction","bfb0ad4182eda6cd7c65decbb98eadb4f10a92c4882e956724bb108e5b8ad595",FALSE,FALSE
"gene_topology_v1","H1",143,1073,287,5.27640979603988e-07,"exact_critical_breakpoint_v1","all_active_consecutive_levels","none","exclude_before_landscape_construction","bfb0ad4182eda6cd7c65decbb98eadb4f10a92c4882e956724bb108e5b8ad595",FALSE,FALSE
"gene_topology_v1","H1",144,1073,287,5.15356615639954e-07,"exact_critical_breakpoint_v1","all_active_consecutive_levels","none","exclude_before_landscape_construction","bfb0ad4182eda6cd7c65decbb98eadb4f10a92c4882e956724bb108e5b8ad595",FALSE,FALSE
"gene_topology_v1","H1",145,1073,287,5.02689241840849e-07,"exact_critical_breakpoint_v1","all_active_consecutive_levels","none","exclude_before_landscape_construction","bfb0ad4182eda6cd7c65decbb98eadb4f10a92c4882e956724bb108e5b8ad595",FALSE,FALSE
"gene_topology_v1","H1",146,1073,287,4.91098498904304e-07,"exact_critical_breakpoint_v1","all_active_consecutive_levels","none","exclude_before_landscape_construction","bfb0ad4182eda6cd7c65decbb98eadb4f10a92c4882e956724bb108e5b8ad595",FALSE,FALSE
"gene_topology_v1","H1",147,1073,287,4.78932725954752e-07,"exact_critical_breakpoint_v1","all_active_consecutive_levels","none","exclude_before_landscape_construction","bfb0ad4182eda6cd7c65decbb98eadb4f10a92c4882e956724bb108e5b8ad595",FALSE,FALSE
"gene_topology_v1","H1",148,1073,287,4.66831753210474e-07,"exact_critical_breakpoint_v1","all_active_consecutive_levels","none","exclude_before_landscape_construction","bfb0ad4182eda6cd7c65decbb98eadb4f10a92c4882e956724bb108e5b8ad595",FALSE,FALSE
"gene_topology_v1","H1",149,1073,287,4.55655238684242e-07,"exact_critical_breakpoint_v1","all_active_consecutive_levels","none","exclude_before_landscape_construction","bfb0ad4182eda6cd7c65decbb98eadb4f10a92c4882e956724bb108e5b8ad595",FALSE,FALSE
"gene_topology_v1","H1",150,1073,287,4.44850605474295e-07,"exact_critical_breakpoint_v1","all_active_consecutive_levels","none","exclude_before_landscape_construction","bfb0ad4182eda6cd7c65decbb98eadb4f10a92c4882e956724bb108e5b8ad595",FALSE,FALSE
"gene_topology_v1","H1",151,1073,287,4.33083058935936e-07,"exact_critical_breakpoint_v1","all_active_consecutive_levels","none","exclude_before_landscape_construction","bfb0ad4182eda6cd7c65decbb98eadb4f10a92c4882e956724bb108e5b8ad595",FALSE,FALSE
"gene_topology_v1","H1",152,1073,287,4.22604638883195e-07,"exact_critical_breakpoint_v1","all_active_consecutive_levels","none","exclude_before_landscape_construction","bfb0ad4182eda6cd7c65decbb98eadb4f10a92c4882e956724bb108e5b8ad595",FALSE,FALSE
"gene_topology_v1","H1",153,1073,287,4.11902092641221e-07,"exact_critical_breakpoint_v1","all_active_consecutive_levels","none","exclude_before_landscape_construction","bfb0ad4182eda6cd7c65decbb98eadb4f10a92c4882e956724bb108e5b8ad595",FALSE,FALSE
"gene_topology_v1","H1",154,1073,287,4.01559671749852e-07,"exact_critical_breakpoint_v1","all_active_consecutive_levels","none","exclude_before_landscape_construction","bfb0ad4182eda6cd7c65decbb98eadb4f10a92c4882e956724bb108e5b8ad595",FALSE,FALSE
"gene_topology_v1","H1",155,1073,287,3.90594718079983e-07,"exact_critical_breakpoint_v1","all_active_consecutive_levels","none","exclude_before_landscape_construction","bfb0ad4182eda6cd7c65decbb98eadb4f10a92c4882e956724bb108e5b8ad595",FALSE,FALSE
"gene_topology_v1","H1",156,1073,287,3.80103045064943e-07,"exact_critical_breakpoint_v1","all_active_consecutive_levels","none","exclude_before_landscape_construction","bfb0ad4182eda6cd7c65decbb98eadb4f10a92c4882e956724bb108e5b8ad595",FALSE,FALSE
"gene_topology_v1","H1",157,1073,287,3.70419049529483e-07,"exact_critical_breakpoint_v1","all_active_consecutive_levels","none","exclude_before_landscape_construction","bfb0ad4182eda6cd7c65decbb98eadb4f10a92c4882e956724bb108e5b8ad595",FALSE,FALSE
"gene_topology_v1","H1",158,1073,287,3.60777062672866e-07,"exact_critical_breakpoint_v1","all_active_consecutive_levels","none","exclude_before_landscape_construction","bfb0ad4182eda6cd7c65decbb98eadb4f10a92c4882e956724bb108e5b8ad595",FALSE,FALSE
"gene_topology_v1","H1",159,1073,287,3.51348241350637e-07,"exact_critical_breakpoint_v1","all_active_consecutive_levels","none","exclude_before_landscape_construction","bfb0ad4182eda6cd7c65decbb98eadb4f10a92c4882e956724bb108e5b8ad595",FALSE,FALSE
"gene_topology_v1","H1",160,1073,287,3.42463613742119e-07,"exact_critical_breakpoint_v1","all_active_consecutive_levels","none","exclude_before_landscape_construction","bfb0ad4182eda6cd7c65decbb98eadb4f10a92c4882e956724bb108e5b8ad595",FALSE,FALSE
"gene_topology_v1","H1",161,1073,287,3.33840635641168e-07,"exact_critical_breakpoint_v1","all_active_consecutive_levels","none","exclude_before_landscape_construction","bfb0ad4182eda6cd7c65decbb98eadb4f10a92c4882e956724bb108e5b8ad595",FALSE,FALSE
"gene_topology_v1","H1",162,1073,287,3.25073563817757e-07,"exact_critical_breakpoint_v1","all_active_consecutive_levels","none","exclude_before_landscape_construction","bfb0ad4182eda6cd7c65decbb98eadb4f10a92c4882e956724bb108e5b8ad595",FALSE,FALSE
"gene_topology_v1","H1",163,1073,287,3.16022359655906e-07,"exact_critical_breakpoint_v1","all_active_consecutive_levels","none","exclude_before_landscape_construction","bfb0ad4182eda6cd7c65decbb98eadb4f10a92c4882e956724bb108e5b8ad595",FALSE,FALSE
"gene_topology_v1","H1",164,1073,287,3.06926401094927e-07,"exact_critical_breakpoint_v1","all_active_consecutive_levels","none","exclude_before_landscape_construction","bfb0ad4182eda6cd7c65decbb98eadb4f10a92c4882e956724bb108e5b8ad595",FALSE,FALSE
"gene_topology_v1","H1",165,1073,287,2.99171475588659e-07,"exact_critical_breakpoint_v1","all_active_consecutive_levels","none","exclude_before_landscape_construction","bfb0ad4182eda6cd7c65decbb98eadb4f10a92c4882e956724bb108e5b8ad595",FALSE,FALSE
"gene_topology_v1","H1",166,1073,287,2.90878261286388e-07,"exact_critical_breakpoint_v1","all_active_consecutive_levels","none","exclude_before_landscape_construction","bfb0ad4182eda6cd7c65decbb98eadb4f10a92c4882e956724bb108e5b8ad595",FALSE,FALSE
"gene_topology_v1","H1",167,1073,287,2.83330662390176e-07,"exact_critical_breakpoint_v1","all_active_consecutive_levels","none","exclude_before_landscape_construction","bfb0ad4182eda6cd7c65decbb98eadb4f10a92c4882e956724bb108e5b8ad595",FALSE,FALSE
"gene_topology_v1","H1",168,1073,287,2.76046637838008e-07,"exact_critical_breakpoint_v1","all_active_consecutive_levels","none","exclude_before_landscape_construction","bfb0ad4182eda6cd7c65decbb98eadb4f10a92c4882e956724bb108e5b8ad595",FALSE,FALSE
"gene_topology_v1","H1",169,1073,287,2.69250837480201e-07,"exact_critical_breakpoint_v1","all_active_consecutive_levels","none","exclude_before_landscape_construction","bfb0ad4182eda6cd7c65decbb98eadb4f10a92c4882e956724bb108e5b8ad595",FALSE,FALSE
"gene_topology_v1","H1",170,1073,287,2.62163218186766e-07,"exact_critical_breakpoint_v1","all_active_consecutive_levels","none","exclude_before_landscape_construction","bfb0ad4182eda6cd7c65decbb98eadb4f10a92c4882e956724bb108e5b8ad595",FALSE,FALSE
"gene_topology_v1","H1",171,1073,287,2.55645677822482e-07,"exact_critical_breakpoint_v1","all_active_consecutive_levels","none","exclude_before_landscape_construction","bfb0ad4182eda6cd7c65decbb98eadb4f10a92c4882e956724bb108e5b8ad595",FALSE,FALSE
"gene_topology_v1","H1",172,1073,287,2.48738187642949e-07,"exact_critical_breakpoint_v1","all_active_consecutive_levels","none","exclude_before_landscape_construction","bfb0ad4182eda6cd7c65decbb98eadb4f10a92c4882e956724bb108e5b8ad595",FALSE,FALSE
"gene_topology_v1","H1",173,1073,287,2.42268717795347e-07,"exact_critical_breakpoint_v1","all_active_consecutive_levels","none","exclude_before_landscape_construction","bfb0ad4182eda6cd7c65decbb98eadb4f10a92c4882e956724bb108e5b8ad595",FALSE,FALSE
"gene_topology_v1","H1",174,1073,287,2.35459248007776e-07,"exact_critical_breakpoint_v1","all_active_consecutive_levels","none","exclude_before_landscape_construction","bfb0ad4182eda6cd7c65decbb98eadb4f10a92c4882e956724bb108e5b8ad595",FALSE,FALSE
"gene_topology_v1","H1",175,1073,287,2.29382840469071e-07,"exact_critical_breakpoint_v1","all_active_consecutive_levels","none","exclude_before_landscape_construction","bfb0ad4182eda6cd7c65decbb98eadb4f10a92c4882e956724bb108e5b8ad595",FALSE,FALSE
"gene_topology_v1","H1",176,1073,287,2.23438394492509e-07,"exact_critical_breakpoint_v1","all_active_consecutive_levels","none","exclude_before_landscape_construction","bfb0ad4182eda6cd7c65decbb98eadb4f10a92c4882e956724bb108e5b8ad595",FALSE,FALSE
"gene_topology_v1","H1",177,1073,287,2.16894057640776e-07,"exact_critical_breakpoint_v1","all_active_consecutive_levels","none","exclude_before_landscape_construction","bfb0ad4182eda6cd7c65decbb98eadb4f10a92c4882e956724bb108e5b8ad595",FALSE,FALSE
"gene_topology_v1","H1",178,1073,287,2.1073869526062e-07,"exact_critical_breakpoint_v1","all_active_consecutive_levels","none","exclude_before_landscape_construction","bfb0ad4182eda6cd7c65decbb98eadb4f10a92c4882e956724bb108e5b8ad595",FALSE,FALSE
"gene_topology_v1","H1",179,1073,287,2.04686424766778e-07,"exact_critical_breakpoint_v1","all_active_consecutive_levels","none","exclude_before_landscape_construction","bfb0ad4182eda6cd7c65decbb98eadb4f10a92c4882e956724bb108e5b8ad595",FALSE,FALSE
"gene_topology_v1","H1",180,1073,287,1.99400403408275e-07,"exact_critical_breakpoint_v1","all_active_consecutive_levels","none","exclude_before_landscape_construction","bfb0ad4182eda6cd7c65decbb98eadb4f10a92c4882e956724bb108e5b8ad595",FALSE,FALSE
"gene_topology_v1","H1",181,1073,287,1.94513675266855e-07,"exact_critical_breakpoint_v1","all_active_consecutive_levels","none","exclude_before_landscape_construction","bfb0ad4182eda6cd7c65decbb98eadb4f10a92c4882e956724bb108e5b8ad595",FALSE,FALSE
"gene_topology_v1","H1",182,1073,287,1.89339397945317e-07,"exact_critical_breakpoint_v1","all_active_consecutive_levels","none","exclude_before_landscape_construction","bfb0ad4182eda6cd7c65decbb98eadb4f10a92c4882e956724bb108e5b8ad595",FALSE,FALSE
"gene_topology_v1","H1",183,1073,287,1.84028481771737e-07,"exact_critical_breakpoint_v1","all_active_consecutive_levels","none","exclude_before_landscape_construction","bfb0ad4182eda6cd7c65decbb98eadb4f10a92c4882e956724bb108e5b8ad595",FALSE,FALSE
"gene_topology_v1","H1",184,1073,287,1.78680776805175e-07,"exact_critical_breakpoint_v1","all_active_consecutive_levels","none","exclude_before_landscape_construction","bfb0ad4182eda6cd7c65decbb98eadb4f10a92c4882e956724bb108e5b8ad595",FALSE,FALSE
"gene_topology_v1","H1",185,1073,287,1.73503371370587e-07,"exact_critical_breakpoint_v1","all_active_consecutive_levels","none","exclude_before_landscape_construction","bfb0ad4182eda6cd7c65decbb98eadb4f10a92c4882e956724bb108e5b8ad595",FALSE,FALSE
"gene_topology_v1","H1",186,1073,287,1.68059215639826e-07,"exact_critical_breakpoint_v1","all_active_consecutive_levels","none","exclude_before_landscape_construction","bfb0ad4182eda6cd7c65decbb98eadb4f10a92c4882e956724bb108e5b8ad595",FALSE,FALSE
"gene_topology_v1","H1",187,1073,287,1.63316615933855e-07,"exact_critical_breakpoint_v1","all_active_consecutive_levels","none","exclude_before_landscape_construction","bfb0ad4182eda6cd7c65decbb98eadb4f10a92c4882e956724bb108e5b8ad595",FALSE,FALSE
"gene_topology_v1","H1",188,1073,287,1.5888718234731e-07,"exact_critical_breakpoint_v1","all_active_consecutive_levels","none","exclude_before_landscape_construction","bfb0ad4182eda6cd7c65decbb98eadb4f10a92c4882e956724bb108e5b8ad595",FALSE,FALSE
"gene_topology_v1","H1",189,1073,287,1.54307342197897e-07,"exact_critical_breakpoint_v1","all_active_consecutive_levels","none","exclude_before_landscape_construction","bfb0ad4182eda6cd7c65decbb98eadb4f10a92c4882e956724bb108e5b8ad595",FALSE,FALSE
"gene_topology_v1","H1",190,1073,287,1.50030527655325e-07,"exact_critical_breakpoint_v1","all_active_consecutive_levels","none","exclude_before_landscape_construction","bfb0ad4182eda6cd7c65decbb98eadb4f10a92c4882e956724bb108e5b8ad595",FALSE,FALSE
"gene_topology_v1","H1",191,1073,287,1.45609106529226e-07,"exact_critical_breakpoint_v1","all_active_consecutive_levels","none","exclude_before_landscape_construction","bfb0ad4182eda6cd7c65decbb98eadb4f10a92c4882e956724bb108e5b8ad595",FALSE,FALSE
"gene_topology_v1","H1",192,1073,287,1.40814456396331e-07,"exact_critical_breakpoint_v1","all_active_consecutive_levels","none","exclude_before_landscape_construction","bfb0ad4182eda6cd7c65decbb98eadb4f10a92c4882e956724bb108e5b8ad595",FALSE,FALSE
"gene_topology_v1","H1",193,1073,287,1.36771837350287e-07,"exact_critical_breakpoint_v1","all_active_consecutive_levels","none","exclude_before_landscape_construction","bfb0ad4182eda6cd7c65decbb98eadb4f10a92c4882e956724bb108e5b8ad595",FALSE,FALSE
"gene_topology_v1","H1",194,1073,287,1.32664285348838e-07,"exact_critical_breakpoint_v1","all_active_consecutive_levels","none","exclude_before_landscape_construction","bfb0ad4182eda6cd7c65decbb98eadb4f10a92c4882e956724bb108e5b8ad595",FALSE,FALSE
"gene_topology_v1","H1",195,1073,287,1.28541029440898e-07,"exact_critical_breakpoint_v1","all_active_consecutive_levels","none","exclude_before_landscape_construction","bfb0ad4182eda6cd7c65decbb98eadb4f10a92c4882e956724bb108e5b8ad595",FALSE,FALSE
"gene_topology_v1","H1",196,1073,287,1.24274190415738e-07,"exact_critical_breakpoint_v1","all_active_consecutive_levels","none","exclude_before_landscape_construction","bfb0ad4182eda6cd7c65decbb98eadb4f10a92c4882e956724bb108e5b8ad595",FALSE,FALSE
"gene_topology_v1","H1",197,1073,287,1.20445322307816e-07,"exact_critical_breakpoint_v1","all_active_consecutive_levels","none","exclude_before_landscape_construction","bfb0ad4182eda6cd7c65decbb98eadb4f10a92c4882e956724bb108e5b8ad595",FALSE,FALSE
"gene_topology_v1","H1",198,1073,287,1.16660026464476e-07,"exact_critical_breakpoint_v1","all_active_consecutive_levels","none","exclude_before_landscape_construction","bfb0ad4182eda6cd7c65decbb98eadb4f10a92c4882e956724bb108e5b8ad595",FALSE,FALSE
"gene_topology_v1","H1",199,1073,287,1.13240961812989e-07,"exact_critical_breakpoint_v1","all_active_consecutive_levels","none","exclude_before_landscape_construction","bfb0ad4182eda6cd7c65decbb98eadb4f10a92c4882e956724bb108e5b8ad595",FALSE,FALSE
"gene_topology_v1","H1",200,1073,287,1.09389423623081e-07,"exact_critical_breakpoint_v1","all_active_consecutive_levels","none","exclude_before_landscape_construction","bfb0ad4182eda6cd7c65decbb98eadb4f10a92c4882e956724bb108e5b8ad595",FALSE,FALSE
"gene_topology_v1","H1",201,1073,287,1.06028708812829e-07,"exact_critical_breakpoint_v1","all_active_consecutive_levels","none","exclude_before_landscape_construction","bfb0ad4182eda6cd7c65decbb98eadb4f10a92c4882e956724bb108e5b8ad595",FALSE,FALSE
"gene_topology_v1","H1",202,1073,287,1.02654114400483e-07,"exact_critical_breakpoint_v1","all_active_consecutive_levels","none","exclude_before_landscape_construction","bfb0ad4182eda6cd7c65decbb98eadb4f10a92c4882e956724bb108e5b8ad595",FALSE,FALSE
"gene_topology_v1","H1",203,1073,287,9.93584488359424e-08,"exact_critical_breakpoint_v1","all_active_consecutive_levels","none","exclude_before_landscape_construction","bfb0ad4182eda6cd7c65decbb98eadb4f10a92c4882e956724bb108e5b8ad595",FALSE,FALSE
"gene_topology_v1","H1",204,1073,287,9.62280213506377e-08,"exact_critical_breakpoint_v1","all_active_consecutive_levels","none","exclude_before_landscape_construction","bfb0ad4182eda6cd7c65decbb98eadb4f10a92c4882e956724bb108e5b8ad595",FALSE,FALSE
"gene_topology_v1","H1",205,1073,287,9.31704268593288e-08,"exact_critical_breakpoint_v1","all_active_consecutive_levels","none","exclude_before_landscape_construction","bfb0ad4182eda6cd7c65decbb98eadb4f10a92c4882e956724bb108e5b8ad595",FALSE,FALSE
"gene_topology_v1","H1",206,1073,287,9.02437690894925e-08,"exact_critical_breakpoint_v1","all_active_consecutive_levels","none","exclude_before_landscape_construction","bfb0ad4182eda6cd7c65decbb98eadb4f10a92c4882e956724bb108e5b8ad595",FALSE,FALSE
"gene_topology_v1","H1",207,1073,287,8.71239683247538e-08,"exact_critical_breakpoint_v1","all_active_consecutive_levels","none","exclude_before_landscape_construction","bfb0ad4182eda6cd7c65decbb98eadb4f10a92c4882e956724bb108e5b8ad595",FALSE,FALSE
"gene_topology_v1","H1",208,1073,287,8.42526275421358e-08,"exact_critical_breakpoint_v1","all_active_consecutive_levels","none","exclude_before_landscape_construction","bfb0ad4182eda6cd7c65decbb98eadb4f10a92c4882e956724bb108e5b8ad595",FALSE,FALSE
"gene_topology_v1","H1",209,1073,287,8.1218198787137e-08,"exact_critical_breakpoint_v1","all_active_consecutive_levels","none","exclude_before_landscape_construction","bfb0ad4182eda6cd7c65decbb98eadb4f10a92c4882e956724bb108e5b8ad595",FALSE,FALSE
"gene_topology_v1","H1",210,1073,287,7.81112259061704e-08,"exact_critical_breakpoint_v1","all_active_consecutive_levels","none","exclude_before_landscape_construction","bfb0ad4182eda6cd7c65decbb98eadb4f10a92c4882e956724bb108e5b8ad595",FALSE,FALSE
"gene_topology_v1","H1",211,1073,287,7.54041320193345e-08,"exact_critical_breakpoint_v1","all_active_consecutive_levels","none","exclude_before_landscape_construction","bfb0ad4182eda6cd7c65decbb98eadb4f10a92c4882e956724bb108e5b8ad595",FALSE,FALSE
"gene_topology_v1","H1",212,1073,287,7.25984175247685e-08,"exact_critical_breakpoint_v1","all_active_consecutive_levels","none","exclude_before_landscape_construction","bfb0ad4182eda6cd7c65decbb98eadb4f10a92c4882e956724bb108e5b8ad595",FALSE,FALSE
"gene_topology_v1","H1",213,1073,287,6.97421306765581e-08,"exact_critical_breakpoint_v1","all_active_consecutive_levels","none","exclude_before_landscape_construction","bfb0ad4182eda6cd7c65decbb98eadb4f10a92c4882e956724bb108e5b8ad595",FALSE,FALSE
"gene_topology_v1","H1",214,1073,287,6.72030326170928e-08,"exact_critical_breakpoint_v1","all_active_consecutive_levels","none","exclude_before_landscape_construction","bfb0ad4182eda6cd7c65decbb98eadb4f10a92c4882e956724bb108e5b8ad595",FALSE,FALSE
"gene_topology_v1","H1",215,1073,287,6.45050079651251e-08,"exact_critical_breakpoint_v1","all_active_consecutive_levels","none","exclude_before_landscape_construction","bfb0ad4182eda6cd7c65decbb98eadb4f10a92c4882e956724bb108e5b8ad595",FALSE,FALSE
"gene_topology_v1","H1",216,1073,287,6.18922058313789e-08,"exact_critical_breakpoint_v1","all_active_consecutive_levels","none","exclude_before_landscape_construction","bfb0ad4182eda6cd7c65decbb98eadb4f10a92c4882e956724bb108e5b8ad595",FALSE,FALSE
"gene_topology_v1","H1",217,1073,287,5.94513203312709e-08,"exact_critical_breakpoint_v1","all_active_consecutive_levels","none","exclude_before_landscape_construction","bfb0ad4182eda6cd7c65decbb98eadb4f10a92c4882e956724bb108e5b8ad595",FALSE,FALSE
"gene_topology_v1","H1",218,1073,287,5.71304197017206e-08,"exact_critical_breakpoint_v1","all_active_consecutive_levels","none","exclude_before_landscape_construction","bfb0ad4182eda6cd7c65decbb98eadb4f10a92c4882e956724bb108e5b8ad595",FALSE,FALSE
"gene_topology_v1","H1",219,1073,287,5.48368483673159e-08,"exact_critical_breakpoint_v1","all_active_consecutive_levels","none","exclude_before_landscape_construction","bfb0ad4182eda6cd7c65decbb98eadb4f10a92c4882e956724bb108e5b8ad595",FALSE,FALSE
"gene_topology_v1","H1",220,1073,287,5.25387852148777e-08,"exact_critical_breakpoint_v1","all_active_consecutive_levels","none","exclude_before_landscape_construction","bfb0ad4182eda6cd7c65decbb98eadb4f10a92c4882e956724bb108e5b8ad595",FALSE,FALSE
"gene_topology_v1","H1",221,1073,287,5.05068578671263e-08,"exact_critical_breakpoint_v1","all_active_consecutive_levels","none","exclude_before_landscape_construction","bfb0ad4182eda6cd7c65decbb98eadb4f10a92c4882e956724bb108e5b8ad595",FALSE,FALSE
"gene_topology_v1","H1",222,1073,287,4.84276593688917e-08,"exact_critical_breakpoint_v1","all_active_consecutive_levels","none","exclude_before_landscape_construction","bfb0ad4182eda6cd7c65decbb98eadb4f10a92c4882e956724bb108e5b8ad595",FALSE,FALSE
"gene_topology_v1","H1",223,1073,287,4.64489083177441e-08,"exact_critical_breakpoint_v1","all_active_consecutive_levels","none","exclude_before_landscape_construction","bfb0ad4182eda6cd7c65decbb98eadb4f10a92c4882e956724bb108e5b8ad595",FALSE,FALSE
"gene_topology_v1","H1",224,1073,287,4.43820183714324e-08,"exact_critical_breakpoint_v1","all_active_consecutive_levels","none","exclude_before_landscape_construction","bfb0ad4182eda6cd7c65decbb98eadb4f10a92c4882e956724bb108e5b8ad595",FALSE,FALSE
"gene_topology_v1","H1",225,1073,287,4.2434267497866e-08,"exact_critical_breakpoint_v1","all_active_consecutive_levels","none","exclude_before_landscape_construction","bfb0ad4182eda6cd7c65decbb98eadb4f10a92c4882e956724bb108e5b8ad595",FALSE,FALSE
"gene_topology_v1","H1",226,1073,287,4.06422058694509e-08,"exact_critical_breakpoint_v1","all_active_consecutive_levels","none","exclude_before_landscape_construction","bfb0ad4182eda6cd7c65decbb98eadb4f10a92c4882e956724bb108e5b8ad595",FALSE,FALSE
"gene_topology_v1","H1",227,1073,287,3.86135586736388e-08,"exact_critical_breakpoint_v1","all_active_consecutive_levels","none","exclude_before_landscape_construction","bfb0ad4182eda6cd7c65decbb98eadb4f10a92c4882e956724bb108e5b8ad595",FALSE,FALSE
"gene_topology_v1","H1",228,1073,287,3.68942323690022e-08,"exact_critical_breakpoint_v1","all_active_consecutive_levels","none","exclude_before_landscape_construction","bfb0ad4182eda6cd7c65decbb98eadb4f10a92c4882e956724bb108e5b8ad595",FALSE,FALSE
"gene_topology_v1","H1",229,1073,287,3.5142704322012e-08,"exact_critical_breakpoint_v1","all_active_consecutive_levels","none","exclude_before_landscape_construction","bfb0ad4182eda6cd7c65decbb98eadb4f10a92c4882e956724bb108e5b8ad595",FALSE,FALSE
"gene_topology_v1","H1",230,1073,287,3.3418844537138e-08,"exact_critical_breakpoint_v1","all_active_consecutive_levels","none","exclude_before_landscape_construction","bfb0ad4182eda6cd7c65decbb98eadb4f10a92c4882e956724bb108e5b8ad595",FALSE,FALSE
"gene_topology_v1","H1",231,1073,287,3.17697972003946e-08,"exact_critical_breakpoint_v1","all_active_consecutive_levels","none","exclude_before_landscape_construction","bfb0ad4182eda6cd7c65decbb98eadb4f10a92c4882e956724bb108e5b8ad595",FALSE,FALSE
"gene_topology_v1","H1",232,1073,287,3.00247226135501e-08,"exact_critical_breakpoint_v1","all_active_consecutive_levels","none","exclude_before_landscape_construction","bfb0ad4182eda6cd7c65decbb98eadb4f10a92c4882e956724bb108e5b8ad595",FALSE,FALSE
"gene_topology_v1","H1",233,1073,287,2.83546582699307e-08,"exact_critical_breakpoint_v1","all_active_consecutive_levels","none","exclude_before_landscape_construction","bfb0ad4182eda6cd7c65decbb98eadb4f10a92c4882e956724bb108e5b8ad595",FALSE,FALSE
"gene_topology_v1","H1",234,1073,287,2.6827674956925e-08,"exact_critical_breakpoint_v1","all_active_consecutive_levels","none","exclude_before_landscape_construction","bfb0ad4182eda6cd7c65decbb98eadb4f10a92c4882e956724bb108e5b8ad595",FALSE,FALSE
"gene_topology_v1","H1",235,1073,287,2.54021431086131e-08,"exact_critical_breakpoint_v1","all_active_consecutive_levels","none","exclude_before_landscape_construction","bfb0ad4182eda6cd7c65decbb98eadb4f10a92c4882e956724bb108e5b8ad595",FALSE,FALSE
"gene_topology_v1","H1",236,1073,287,2.38778643105604e-08,"exact_critical_breakpoint_v1","all_active_consecutive_levels","none","exclude_before_landscape_construction","bfb0ad4182eda6cd7c65decbb98eadb4f10a92c4882e956724bb108e5b8ad595",FALSE,FALSE
"gene_topology_v1","H1",237,1073,287,2.26696006349548e-08,"exact_critical_breakpoint_v1","all_active_consecutive_levels","none","exclude_before_landscape_construction","bfb0ad4182eda6cd7c65decbb98eadb4f10a92c4882e956724bb108e5b8ad595",FALSE,FALSE
"gene_topology_v1","H1",238,1073,287,2.14093969082792e-08,"exact_critical_breakpoint_v1","all_active_consecutive_levels","none","exclude_before_landscape_construction","bfb0ad4182eda6cd7c65decbb98eadb4f10a92c4882e956724bb108e5b8ad595",FALSE,FALSE
"gene_topology_v1","H1",239,1073,287,2.01872840138349e-08,"exact_critical_breakpoint_v1","all_active_consecutive_levels","none","exclude_before_landscape_construction","bfb0ad4182eda6cd7c65decbb98eadb4f10a92c4882e956724bb108e5b8ad595",FALSE,FALSE
"gene_topology_v1","H1",240,1073,287,1.90082393377416e-08,"exact_critical_breakpoint_v1","all_active_consecutive_levels","none","exclude_before_landscape_construction","bfb0ad4182eda6cd7c65decbb98eadb4f10a92c4882e956724bb108e5b8ad595",FALSE,FALSE
"gene_topology_v1","H1",241,1073,287,1.78185283432828e-08,"exact_critical_breakpoint_v1","all_active_consecutive_levels","none","exclude_before_landscape_construction","bfb0ad4182eda6cd7c65decbb98eadb4f10a92c4882e956724bb108e5b8ad595",FALSE,FALSE
"gene_topology_v1","H1",242,1073,287,1.67577438403408e-08,"exact_critical_breakpoint_v1","all_active_consecutive_levels","none","exclude_before_landscape_construction","bfb0ad4182eda6cd7c65decbb98eadb4f10a92c4882e956724bb108e5b8ad595",FALSE,FALSE
"gene_topology_v1","H1",243,1073,287,1.56310193049686e-08,"exact_critical_breakpoint_v1","all_active_consecutive_levels","none","exclude_before_landscape_construction","bfb0ad4182eda6cd7c65decbb98eadb4f10a92c4882e956724bb108e5b8ad595",FALSE,FALSE
"gene_topology_v1","H1",244,1073,287,1.45970758028109e-08,"exact_critical_breakpoint_v1","all_active_consecutive_levels","none","exclude_before_landscape_construction","bfb0ad4182eda6cd7c65decbb98eadb4f10a92c4882e956724bb108e5b8ad595",FALSE,FALSE
"gene_topology_v1","H1",245,1073,287,1.35913589617826e-08,"exact_critical_breakpoint_v1","all_active_consecutive_levels","none","exclude_before_landscape_construction","bfb0ad4182eda6cd7c65decbb98eadb4f10a92c4882e956724bb108e5b8ad595",FALSE,FALSE
"gene_topology_v1","H1",246,1073,287,1.26628702790112e-08,"exact_critical_breakpoint_v1","all_active_consecutive_levels","none","exclude_before_landscape_construction","bfb0ad4182eda6cd7c65decbb98eadb4f10a92c4882e956724bb108e5b8ad595",FALSE,FALSE
"gene_topology_v1","H1",247,1073,287,1.18019400392565e-08,"exact_critical_breakpoint_v1","all_active_consecutive_levels","none","exclude_before_landscape_construction","bfb0ad4182eda6cd7c65decbb98eadb4f10a92c4882e956724bb108e5b8ad595",FALSE,FALSE
"gene_topology_v1","H1",248,1073,287,1.09657507209485e-08,"exact_critical_breakpoint_v1","all_active_consecutive_levels","none","exclude_before_landscape_construction","bfb0ad4182eda6cd7c65decbb98eadb4f10a92c4882e956724bb108e5b8ad595",FALSE,FALSE
"gene_topology_v1","H1",249,1073,287,1.00585026249676e-08,"exact_critical_breakpoint_v1","all_active_consecutive_levels","none","exclude_before_landscape_construction","bfb0ad4182eda6cd7c65decbb98eadb4f10a92c4882e956724bb108e5b8ad595",FALSE,FALSE
"gene_topology_v1","H1",250,1073,287,9.29569176059482e-09,"exact_critical_breakpoint_v1","all_active_consecutive_levels","none","exclude_before_landscape_construction","bfb0ad4182eda6cd7c65decbb98eadb4f10a92c4882e956724bb108e5b8ad595",FALSE,FALSE
"gene_topology_v1","H1",251,1073,287,8.57881192402544e-09,"exact_critical_breakpoint_v1","all_active_consecutive_levels","none","exclude_before_landscape_construction","bfb0ad4182eda6cd7c65decbb98eadb4f10a92c4882e956724bb108e5b8ad595",FALSE,FALSE
"gene_topology_v1","H1",252,1073,287,7.83801064780943e-09,"exact_critical_breakpoint_v1","all_active_consecutive_levels","none","exclude_before_landscape_construction","bfb0ad4182eda6cd7c65decbb98eadb4f10a92c4882e956724bb108e5b8ad595",FALSE,FALSE
"gene_topology_v1","H1",253,1073,287,7.11414511439552e-09,"exact_critical_breakpoint_v1","all_active_consecutive_levels","none","exclude_before_landscape_construction","bfb0ad4182eda6cd7c65decbb98eadb4f10a92c4882e956724bb108e5b8ad595",FALSE,FALSE
"gene_topology_v1","H1",254,1073,287,6.44271333803746e-09,"exact_critical_breakpoint_v1","all_active_consecutive_levels","none","exclude_before_landscape_construction","bfb0ad4182eda6cd7c65decbb98eadb4f10a92c4882e956724bb108e5b8ad595",FALSE,FALSE
"gene_topology_v1","H1",255,1073,287,5.81938990670427e-09,"exact_critical_breakpoint_v1","all_active_consecutive_levels","none","exclude_before_landscape_construction","bfb0ad4182eda6cd7c65decbb98eadb4f10a92c4882e956724bb108e5b8ad595",FALSE,FALSE
"gene_topology_v1","H1",256,1073,287,5.30163575248823e-09,"exact_critical_breakpoint_v1","all_active_consecutive_levels","none","exclude_before_landscape_construction","bfb0ad4182eda6cd7c65decbb98eadb4f10a92c4882e956724bb108e5b8ad595",FALSE,FALSE
"gene_topology_v1","H1",257,1073,287,4.79410623787501e-09,"exact_critical_breakpoint_v1","all_active_consecutive_levels","none","exclude_before_landscape_construction","bfb0ad4182eda6cd7c65decbb98eadb4f10a92c4882e956724bb108e5b8ad595",FALSE,FALSE
"gene_topology_v1","H1",258,1073,287,4.30247832857149e-09,"exact_critical_breakpoint_v1","all_active_consecutive_levels","none","exclude_before_landscape_construction","bfb0ad4182eda6cd7c65decbb98eadb4f10a92c4882e956724bb108e5b8ad595",FALSE,FALSE
"gene_topology_v1","H1",259,1073,287,3.81051970705824e-09,"exact_critical_breakpoint_v1","all_active_consecutive_levels","none","exclude_before_landscape_construction","bfb0ad4182eda6cd7c65decbb98eadb4f10a92c4882e956724bb108e5b8ad595",FALSE,FALSE
"gene_topology_v1","H1",260,1073,287,3.3678076353664e-09,"exact_critical_breakpoint_v1","all_active_consecutive_levels","none","exclude_before_landscape_construction","bfb0ad4182eda6cd7c65decbb98eadb4f10a92c4882e956724bb108e5b8ad595",FALSE,FALSE
"gene_topology_v1","H1",261,1073,287,2.95389471232909e-09,"exact_critical_breakpoint_v1","all_active_consecutive_levels","none","exclude_before_landscape_construction","bfb0ad4182eda6cd7c65decbb98eadb4f10a92c4882e956724bb108e5b8ad595",FALSE,FALSE
"gene_topology_v1","H1",262,1073,287,2.62074478326606e-09,"exact_critical_breakpoint_v1","all_active_consecutive_levels","none","exclude_before_landscape_construction","bfb0ad4182eda6cd7c65decbb98eadb4f10a92c4882e956724bb108e5b8ad595",FALSE,FALSE
"gene_topology_v1","H1",263,1073,287,2.30874233081834e-09,"exact_critical_breakpoint_v1","all_active_consecutive_levels","none","exclude_before_landscape_construction","bfb0ad4182eda6cd7c65decbb98eadb4f10a92c4882e956724bb108e5b8ad595",FALSE,FALSE
"gene_topology_v1","H1",264,1073,287,2.0044935633616e-09,"exact_critical_breakpoint_v1","all_active_consecutive_levels","none","exclude_before_landscape_construction","bfb0ad4182eda6cd7c65decbb98eadb4f10a92c4882e956724bb108e5b8ad595",FALSE,FALSE
"gene_topology_v1","H1",265,1073,287,1.72714919744672e-09,"exact_critical_breakpoint_v1","all_active_consecutive_levels","none","exclude_before_landscape_construction","bfb0ad4182eda6cd7c65decbb98eadb4f10a92c4882e956724bb108e5b8ad595",FALSE,FALSE
"gene_topology_v1","H1",266,1073,287,1.48616123975403e-09,"exact_critical_breakpoint_v1","all_active_consecutive_levels","none","exclude_before_landscape_construction","bfb0ad4182eda6cd7c65decbb98eadb4f10a92c4882e956724bb108e5b8ad595",FALSE,FALSE
"gene_topology_v1","H1",267,1073,287,1.28094170866736e-09,"exact_critical_breakpoint_v1","all_active_consecutive_levels","none","exclude_before_landscape_construction","bfb0ad4182eda6cd7c65decbb98eadb4f10a92c4882e956724bb108e5b8ad595",FALSE,FALSE
"gene_topology_v1","H1",268,1073,287,1.09590611160719e-09,"exact_critical_breakpoint_v1","all_active_consecutive_levels","none","exclude_before_landscape_construction","bfb0ad4182eda6cd7c65decbb98eadb4f10a92c4882e956724bb108e5b8ad595",FALSE,FALSE
"gene_topology_v1","H1",269,1073,287,9.28979823365018e-10,"exact_critical_breakpoint_v1","all_active_consecutive_levels","none","exclude_before_landscape_construction","bfb0ad4182eda6cd7c65decbb98eadb4f10a92c4882e956724bb108e5b8ad595",FALSE,FALSE
"gene_topology_v1","H1",270,1073,287,7.7098451116617e-10,"exact_critical_breakpoint_v1","all_active_consecutive_levels","none","exclude_before_landscape_construction","bfb0ad4182eda6cd7c65decbb98eadb4f10a92c4882e956724bb108e5b8ad595",FALSE,FALSE
"gene_topology_v1","H1",271,1073,287,6.36185676791383e-10,"exact_critical_breakpoint_v1","all_active_consecutive_levels","none","exclude_before_landscape_construction","bfb0ad4182eda6cd7c65decbb98eadb4f10a92c4882e956724bb108e5b8ad595",FALSE,FALSE
"gene_topology_v1","H1",272,1073,287,5.06946148741627e-10,"exact_critical_breakpoint_v1","all_active_consecutive_levels","none","exclude_before_landscape_construction","bfb0ad4182eda6cd7c65decbb98eadb4f10a92c4882e956724bb108e5b8ad595",FALSE,FALSE
"gene_topology_v1","H1",273,1073,287,4.13617968762936e-10,"exact_critical_breakpoint_v1","all_active_consecutive_levels","none","exclude_before_landscape_construction","bfb0ad4182eda6cd7c65decbb98eadb4f10a92c4882e956724bb108e5b8ad595",FALSE,FALSE
"gene_topology_v1","H1",274,1073,287,3.22176820778616e-10,"exact_critical_breakpoint_v1","all_active_consecutive_levels","none","exclude_before_landscape_construction","bfb0ad4182eda6cd7c65decbb98eadb4f10a92c4882e956724bb108e5b8ad595",FALSE,FALSE
"gene_topology_v1","H1",275,1073,287,2.58575375347918e-10,"exact_critical_breakpoint_v1","all_active_consecutive_levels","none","exclude_before_landscape_construction","bfb0ad4182eda6cd7c65decbb98eadb4f10a92c4882e956724bb108e5b8ad595",FALSE,FALSE
"gene_topology_v1","H1",276,1073,287,1.98083176240558e-10,"exact_critical_breakpoint_v1","all_active_consecutive_levels","none","exclude_before_landscape_construction","bfb0ad4182eda6cd7c65decbb98eadb4f10a92c4882e956724bb108e5b8ad595",FALSE,FALSE
"gene_topology_v1","H1",277,1073,287,1.47881309530248e-10,"exact_critical_breakpoint_v1","all_active_consecutive_levels","none","exclude_before_landscape_construction","bfb0ad4182eda6cd7c65decbb98eadb4f10a92c4882e956724bb108e5b8ad595",FALSE,FALSE
"gene_topology_v1","H1",278,1073,287,1.13799648211646e-10,"exact_critical_breakpoint_v1","all_active_consecutive_levels","none","exclude_before_landscape_construction","bfb0ad4182eda6cd7c65decbb98eadb4f10a92c4882e956724bb108e5b8ad595",FALSE,FALSE
"gene_topology_v1","H1",279,1073,287,7.66893788125103e-11,"exact_critical_breakpoint_v1","all_active_consecutive_levels","none","exclude_before_landscape_construction","bfb0ad4182eda6cd7c65decbb98eadb4f10a92c4882e956724bb108e5b8ad595",FALSE,FALSE
"gene_topology_v1","H1",280,1073,287,5.06432229350009e-11,"exact_critical_breakpoint_v1","all_active_consecutive_levels","none","exclude_before_landscape_construction","bfb0ad4182eda6cd7c65decbb98eadb4f10a92c4882e956724bb108e5b8ad595",FALSE,FALSE
"gene_topology_v1","H1",281,1073,287,3.56442676443131e-11,"exact_critical_breakpoint_v1","all_active_consecutive_levels","none","exclude_before_landscape_construction","bfb0ad4182eda6cd7c65decbb98eadb4f10a92c4882e956724bb108e5b8ad595",FALSE,FALSE
"gene_topology_v1","H1",282,1073,287,2.02095516623072e-11,"exact_critical_breakpoint_v1","all_active_consecutive_levels","none","exclude_before_landscape_construction","bfb0ad4182eda6cd7c65decbb98eadb4f10a92c4882e956724bb108e5b8ad595",FALSE,FALSE
"gene_topology_v1","H1",283,1073,287,1.06704223920976e-11,"exact_critical_breakpoint_v1","all_active_consecutive_levels","none","exclude_before_landscape_construction","bfb0ad4182eda6cd7c65decbb98eadb4f10a92c4882e956724bb108e5b8ad595",FALSE,FALSE
"gene_topology_v1","H1",284,1073,287,5.97262444798457e-12,"exact_critical_breakpoint_v1","all_active_consecutive_levels","none","exclude_before_landscape_construction","bfb0ad4182eda6cd7c65decbb98eadb4f10a92c4882e956724bb108e5b8ad595",FALSE,FALSE
"gene_topology_v1","H1",285,1073,287,1.97653215619385e-12,"exact_critical_breakpoint_v1","all_active_consecutive_levels","none","exclude_before_landscape_construction","bfb0ad4182eda6cd7c65decbb98eadb4f10a92c4882e956724bb108e5b8ad595",FALSE,FALSE
"gene_topology_v1","H1",286,1073,287,2.7122444893948e-13,"exact_critical_breakpoint_v1","all_active_consecutive_levels","none","exclude_before_landscape_construction","bfb0ad4182eda6cd7c65decbb98eadb4f10a92c4882e956724bb108e5b8ad595",FALSE,FALSE
"gene_topology_v1","H1",287,1073,287,9.2077483599849e-14,"exact_critical_breakpoint_v1","all_active_consecutive_levels","none","exclude_before_landscape_construction","bfb0ad4182eda6cd7c65decbb98eadb4f10a92c4882e956724bb108e5b8ad595",FALSE,FALSE
