"contract_id","job_id","seed","sample_id","view_id","point_count","finite_h0_intervals","finite_h1_intervals","h0_mst_maximum_absolute_error","h0_mst_tolerance","h0_mst_passed","ph_engine","ph_engine_version","attempt_kind","fallback_trigger","diagram_sha256","ph_cache_key","elapsed_seconds","peak_process_tree_rss_bytes","output_bytes","output_sha256","outcome_label_state","biological_outcomes_computed"
"mv07h_ph_metric_v1","ph__20260805__SRA550660_SRS2089635__cell_topology_v1",20260805,"SRA550660_SRS2089635","cell_topology_v1",384,383,440,0,8.32508219982255e-07,TRUE,"ripserr","0.3.0","primary","","9f97b665f5c8c68b97e7d0440f1b2af193f5f735688efe2970e5426f8343bfe1","mv07h_ph_record_v1:80bbdb37e53ecb7ee708997282cdadb7f8986ee3edfaac3e48377d2936067cb6",14.0524568557739,580939776,32241,"7a88a39ff959ea29b0c1ea47caf6eac73b72983e6d6a15f2a0e1aebf84ba827b","closed",FALSE
"mv07h_ph_metric_v1","ph__20260805__SRA550660_SRS2089635__gene_topology_v1",20260805,"SRA550660_SRS2089635","gene_topology_v1",500,499,1915,0,1.32205763903349e-07,TRUE,"ripserr","0.3.0","primary","","cda5309f7c879dcc3374eeb90a2bb7950e861ae017e2b4ea250f14d16328aea9","mv07h_ph_record_v1:10fcd660334634fe2bc5df250c25073d1bd6355b781e5ad5012ef827fca59cef",14.0868444442749,592261120,89357,"9c804cd0dec67b17cc5ed5b4d84bfca5e0c2954b30a077916eda8402db558cbd","closed",FALSE
"mv07h_ph_metric_v1","ph__20260805__SRA550660_SRS2089636__cell_topology_v1",20260805,"SRA550660_SRS2089636","cell_topology_v1",384,383,380,0,6.5602960363201e-07,TRUE,"ripserr","0.3.0","primary","","4059e4ec6ebc8529e0cc02a40d5a0b951b4dd446e243bc461ccafc5254eab1eb","mv07h_ph_record_v1:31dcd54063fcb13ec994ed359ae4248dd158a706767dd1ab7f8baa6f834d5c82",12.5475225448608,663961600,30141,"26b495d852e1995c14a1838bc41284879e8ae733d059e1df75fa01434041c5d7","closed",FALSE
"mv07h_ph_metric_v1","ph__20260805__SRA550660_SRS2089636__gene_topology_v1",20260805,"SRA550660_SRS2089636","gene_topology_v1",500,499,1913,0,1.31674037905171e-07,TRUE,"ripserr","0.3.0","primary","","fb3e97f6bf1bc4aafb3b82712063eaa917b87f2c0f99bd6097db69d4cca810ff","mv07h_ph_record_v1:16a1b7b9a36744b03d11f6390c3d1b5e2d48f04b1d9128c81395717718995ffd",13.057213306427,579899392,89285,"d713524a05029f7077e7922edeb5bcd1061c641d692aa4d3bbc25d8393e1605a","closed",FALSE
"mv07h_ph_metric_v1","ph__20260805__SRA550660_SRS2089637__cell_topology_v1",20260805,"SRA550660_SRS2089637","cell_topology_v1",384,383,362,0,6.90754153549099e-07,TRUE,"ripserr","0.3.0","primary","","f8a6e480858644162a22c4f96800e37affab7a5cb04f115167748f936aba3742","mv07h_ph_record_v1:adfdd648074323bcb3324a825a304ec69bd3a8446ccda3207867fe1b93d198b8",13.4162859916687,581767168,29511,"d3a486eb745d704a58168e3c931f1a7effaa92fe2082474b042c8d6dfbf89016","closed",FALSE
"mv07h_ph_metric_v1","ph__20260805__SRA550660_SRS2089637__gene_topology_v1",20260805,"SRA550660_SRS2089637","gene_topology_v1",500,499,1636,0,1.32269071850997e-07,TRUE,"ripserr","0.3.0","primary","","faaabb2ffb49f0bce4b4f3eb21a8d9ca5e627e5f0188cb936b88b859a315ddba","mv07h_ph_record_v1:628698fcd8b82e3fe1130681496f1ca9cb6c8d3112f0e53563234a58561ba495",13.3674323558807,592384000,79313,"4dbe64c62b27c83d9c1c31654b161f697dc87a979e0fc969214ac7b87d95125f","closed",FALSE
"mv07h_ph_metric_v1","ph__20260805__SRA550660_SRS2089638__cell_topology_v1",20260805,"SRA550660_SRS2089638","cell_topology_v1",384,383,399,0,7.06049637994087e-07,TRUE,"ripserr","0.3.0","primary","","6f2664b2a8e3f59935b3f1670be0e7593ae5ec3a2578a726aac08ec6c07e4ef8","mv07h_ph_record_v1:e45b0a3c645928ba811524cef301f466e40eb0137295a909b3378c760c53abcb",13.1044516563416,672460800,30806,"e2d5c26b26fd1fef4e2649fc7864d3d88eaca2c6d33581c0b799e2365c561414","closed",FALSE
"mv07h_ph_metric_v1","ph__20260805__SRA550660_SRS2089638__gene_topology_v1",20260805,"SRA550660_SRS2089638","gene_topology_v1",500,499,2061,0,1.32313098503656e-07,TRUE,"ripserr","0.3.0","primary","","9056e0f53125b701c1521a67f1401f75346c4cd3107273bc69e6c2e5a079cf70","mv07h_ph_record_v1:d5de86ca84de3b42b70a37471a0abb1d89ea0c94dc02e0f2e606b6d1dea6265d",13.6079950332642,709152768,94613,"26368d2b733a68b7419e5c2e56b0bca45dbee47ce4afd907a7ebecf3969dffb3","closed",FALSE
"mv07h_ph_metric_v1","ph__20260805__SRA550660_SRS2089639__cell_topology_v1",20260805,"SRA550660_SRS2089639","cell_topology_v1",384,383,378,0,6.37626728631713e-07,TRUE,"ripserr","0.3.0","primary","","6b023fec7d5a79a105c8430dc5d77db8676032be92965112f7efe6922d866cfc","mv07h_ph_record_v1:132b4e1e0d478b1447098b8c2eaaaedbbae9277f021a9d1e40946cd30fef2267",12.5858302116394,676503552,30071,"6450c3a323cc62ebae26b014adb88d3ea1696e186cf1b98f2335e03cdf072ba8","closed",FALSE
"mv07h_ph_metric_v1","ph__20260805__SRA550660_SRS2089639__gene_topology_v1",20260805,"SRA550660_SRS2089639","gene_topology_v1",500,499,1483,0,1.32122002955507e-07,TRUE,"ripserr","0.3.0","primary","","42195e33d08e85de7bd4e4f40097d7bf82810737e2e5e4c437927737204301ed","mv07h_ph_record_v1:4d323b5a89c9ac17fc4ed8f712274b1cb3b2de2f9df2bcf6f4eb8b56aeaa6b04",13.0932319164276,626974720,73805,"c1031d78553ecad349e3837283d847db83c2df0d1b4baeb9626c515aeca1b49d","closed",FALSE
"mv07h_ph_metric_v1","ph__20260805__SRA621638_SRS2610283__cell_topology_v1",20260805,"SRA621638_SRS2610283","cell_topology_v1",384,383,311,0,1.10029244387097e-06,TRUE,"ripserr","0.3.0","primary","","26f563ddad431436bc23edaa531e39b646112519a275d6aece107d478d2179c6","mv07h_ph_record_v1:8120c68c9e3b6ec6f4118c060891e7f7beb911af0ec565852f1b40951c5d9b27",12.8261525630951,609112064,27726,"a4d992c87b5a581c3eb7b879479d73bf7abd4858f846dd9b688fca369eb7d610","closed",FALSE
"mv07h_ph_metric_v1","ph__20260805__SRA621638_SRS2610283__gene_topology_v1",20260805,"SRA621638_SRS2610283","gene_topology_v1",500,499,1182,0,1.30831855421419e-07,TRUE,"ripserr","0.3.0","primary","","b21d92dc1fd106ce57cde19426e523eddada888de22b68e108b5e28555201881","mv07h_ph_record_v1:0702995c0ea5ca18a2df82ae75595abf49909dd1afa39a0311849b36cfb54b4c",13.0672652721405,711602176,62969,"ffbdfb99375ad9d7220b7de8fae6a8ce24cd92fb456dbfe93cb9e540f4090b36","closed",FALSE
"mv07h_ph_metric_v1","ph__20260805__SRA621638_SRS2610285__cell_topology_v1",20260805,"SRA621638_SRS2610285","cell_topology_v1",384,383,452,0,1.39343834993522e-06,TRUE,"ripserr","0.3.0","primary","","f4f563ccc983883741399290766e0f155e4f5c4d5b667ac82f5f0bb8e05ce4d8","mv07h_ph_record_v1:dc0de8b6cad18cdccaba0e5f8810f2bea94b671530e0a82d1aeef6942ecb0994",13.1606664657593,577970176,32661,"d57808836fbb27a68520184478f8503264b06f5656b67327e8bde6726d45686d","closed",FALSE
"mv07h_ph_metric_v1","ph__20260805__SRA621638_SRS2610285__gene_topology_v1",20260805,"SRA621638_SRS2610285","gene_topology_v1",500,499,2221,0,1.32044382446701e-07,TRUE,"ripserr","0.3.0","primary","","7fddf34f8c661219e700ea2f2485dda57af6152d44d552983ac4a56a655ed6d8","mv07h_ph_record_v1:c08bfbb55c4258885ed243ee3814499274379fea7fc8d17d5d455b41b5753e3b",13.3470423221588,577155072,100373,"d9b4c6f4965aa38b3c233006d857b1d7e70f36f1126e7d1b8205b548115509f1","closed",FALSE
"mv07h_ph_metric_v1","ph__20260805__SRA628554_SRS2664364__cell_topology_v1",20260805,"SRA628554_SRS2664364","cell_topology_v1",384,383,523,0,7.16800237978993e-07,TRUE,"ripserr","0.3.0","primary","","349a091a042b059e68242a4f7c8add206db81a978eeda0733c41f75591804848","mv07h_ph_record_v1:d7823940b8553e389ab67a514795ca9946228c471081bc0396df6bc10c560d82",12.5986800193787,649285632,35146,"68682d8f080a893dbf54ce6d5ed3a55d0496ed9caee6c34ed80e3ab776c57def","closed",FALSE
"mv07h_ph_metric_v1","ph__20260805__SRA628554_SRS2664364__gene_topology_v1",20260805,"SRA628554_SRS2664364","gene_topology_v1",500,499,3222,0,1.3258600462566e-07,TRUE,"TDA_ripsDiag_GUDHI","1.9.4","exact_resource_fallback","rss_cap_exceeded","25ceb1d2c44b28df9ff8f2f6a145dba5cc0aedf2f37648021c5c858e0ba60b85","mv07h_ph_record_v1:37b340138135487bf86bc11b9c53d9ea1a9841ae430d722593b47bb57331c09a",315.014770269394,6654734336,93031,"ac78ae74f263cd7c66f67e2d42e4a012071904060407669878063870ec95ec36","closed",FALSE
"mv07h_ph_metric_v1","ph__20260805__SRA628554_SRS2664365__cell_topology_v1",20260805,"SRA628554_SRS2664365","cell_topology_v1",384,383,484,0,5.53291041369018e-07,TRUE,"ripserr","0.3.0","primary","","d8a93333650caeae305730fc57085cb0ecf106bf21e9886e3ab4c7fd24a2493d","mv07h_ph_record_v1:ddc3c075692766348803b9a1f0e56e379458063dd5a45145bd95e372068c43f2",11.9088237285614,642748416,33781,"6100fe132e174736e02529156f9bf87783b5696d22b2f56c788c875e7ac49cd7","closed",FALSE
"mv07h_ph_metric_v1","ph__20260805__SRA628554_SRS2664365__gene_topology_v1",20260805,"SRA628554_SRS2664365","gene_topology_v1",500,499,2554,0,1.32845668215733e-07,TRUE,"ripserr","0.3.0","primary","","9a91232c9eb33063a059a6e57bf0534198411d97c00efe0cc9b36d493f693482","mv07h_ph_record_v1:3898f0b7a6abaec36a72df60005280c6ae8baeabb16c24d763695bb4682f5b08",13.9775362014771,598233088,112361,"9e92f962336c75aa2d38331d2ec66e3d72b9bf841cb8bacc685ab9eb7b3b38a1","closed",FALSE
"mv07h_ph_metric_v1","ph__20260805__SRA645804_SRS2823404__cell_topology_v1",20260805,"SRA645804_SRS2823404","cell_topology_v1",384,383,356,0,8.44801017680364e-07,TRUE,"ripserr","0.3.0","primary","","7e666a0ce332ff48c5076b1f316f476d89b1a60a5ca8742c2ebd0e4e7a824f6b","mv07h_ph_record_v1:091a97c13ae0041630db981abb423faac54c6b8f9bbdb6261829bd5753049d15",12.4430339336395,708231168,29301,"6e1409cf007e05f1c109aade3d941b6ccb89445ee7389bc8ea7e309dd4060f81","closed",FALSE
"mv07h_ph_metric_v1","ph__20260805__SRA645804_SRS2823404__gene_topology_v1",20260805,"SRA645804_SRS2823404","gene_topology_v1",500,499,555,0,1.32076739052763e-07,TRUE,"ripserr","0.3.0","primary","","617927fcfebfbc03f9ed45484f67d6d34a4ea607c87f772559bbd7efedd52b67","mv07h_ph_record_v1:d71f04177b695c5599a46836ec08ff1ece6580c130fe7d3efe931ec2a302b917",12.6966984272003,707350528,40397,"2f163b795e444fe721efc3074532509b7c14890fe2779840ae6258c4fd82f125","closed",FALSE
"mv07h_ph_metric_v1","ph__20260805__SRA645804_SRS2823405__cell_topology_v1",20260805,"SRA645804_SRS2823405","cell_topology_v1",384,383,356,0,1.0180547839088e-06,TRUE,"ripserr","0.3.0","primary","","00611c8514ee61e67b20d4eec463814c9eb259d567feae1d6842d727366db19c","mv07h_ph_record_v1:7d17251409725b5eb0c4eac2f8f2700940d0c090101ba589d0db5cff59059460",12.5026426315308,589803520,29301,"8689d93807ceb30536c3942d8ed5268dcc9d300ebc7b8544ed4c7640c809a4c2","closed",FALSE
"mv07h_ph_metric_v1","ph__20260805__SRA645804_SRS2823405__gene_topology_v1",20260805,"SRA645804_SRS2823405","gene_topology_v1",500,499,568,0,1.32566466982421e-07,TRUE,"ripserr","0.3.0","primary","","d936711b18ad0ea21d340960ef79293a2d7e2ff40bb9a03b809b7be4b283ec45","mv07h_ph_record_v1:18df62244d922aa572adc8174ab3dd8ae605f507125cca42bf7b114b66996c5f",12.695526599884,619491328,40865,"32afa04288c90712e6cf34875eadfd9dc628160c3f4e332790814164b331c2db","closed",FALSE
"mv07h_ph_metric_v1","ph__20260805__SRA645804_SRS2823406__cell_topology_v1",20260805,"SRA645804_SRS2823406","cell_topology_v1",384,383,295,0,8.93928677946595e-07,TRUE,"ripserr","0.3.0","primary","","64ba0d330ce951d3486ec02fc7eb79aef3b199fd2ab35bcb972463c82b7bf0b6","mv07h_ph_record_v1:6a1a954b244fd9f90903c34ef82f192ec33af14761e0d8bcb0f9389310c6f893",12.4922404289246,619462656,27166,"10c194545a46a598e53ff914f5299b566d729b478c57732185eb9867a94cd779","closed",FALSE
"mv07h_ph_metric_v1","ph__20260805__SRA645804_SRS2823406__gene_topology_v1",20260805,"SRA645804_SRS2823406","gene_topology_v1",500,499,510,0,1.31165729150382e-07,TRUE,"ripserr","0.3.0","primary","","daed7bbd2928f33e52eb519b7a099a5c6a776acdb519eece773d77c9d4d412c0","mv07h_ph_record_v1:f5105757c12afa4f205163b1fc2f0a89360147ed1e2bb0d241e47ff7cfc3d15f",12.9679491519928,581984256,38777,"1d161c461949c21f41717f110ad72618b2fc7745f7fa50c0f2c4f7bffe59407a","closed",FALSE
"mv07h_ph_metric_v1","ph__20260805__SRA645804_SRS2823407__cell_topology_v1",20260805,"SRA645804_SRS2823407","cell_topology_v1",384,383,192,0,8.73957444767089e-07,TRUE,"ripserr","0.3.0","primary","","e4c4e411bd1bb72e265c399becdd33bde25781752ac05f33627fcbfe0390a6e4","mv07h_ph_record_v1:b90bc41ecc636ecc3b92214148473902994e7a8da954897344de9ded14e33253",12.7162096500397,581984256,23561,"6a68453babd751d8802af773b54c6cdecb3dec07c79e19e3f2729d2948d45266","closed",FALSE
"mv07h_ph_metric_v1","ph__20260805__SRA645804_SRS2823407__gene_topology_v1",20260805,"SRA645804_SRS2823407","gene_topology_v1",500,499,404,0,1.30375838852002e-07,TRUE,"ripserr","0.3.0","primary","","e9ddb92895bef82e1560f5245a1b8645e56405572f1cb1a8e860e0c720f808c6","mv07h_ph_record_v1:d99afb47b93d37a779b3320b9b6ee22bd86f98dff995167270e6bf86e5fad538",12.9627401828766,612188160,35057,"e8234bd901e23bbf4c85615d92ca12875f273023432e98213cb895a4354a3d9c","closed",FALSE
"mv07h_ph_metric_v1","ph__20260805__SRA645804_SRS2823408__cell_topology_v1",20260805,"SRA645804_SRS2823408","cell_topology_v1",384,383,174,0,1.24048648473431e-06,TRUE,"ripserr","0.3.0","primary","","1c9cfe9c29876db73fadaa3e49a77d3ceb08dcf2f415964c367ee45cacdde46c","mv07h_ph_record_v1:3cce4dea6f24473aa091501d3e61e8752fb2a7b34e954fddf5f7bde17df7c303",12.712286233902,692326400,22931,"1b390f06a320befb0791983f201b90640a32cb732062550b7f9d07f2965b9f76","closed",FALSE
"mv07h_ph_metric_v1","ph__20260805__SRA645804_SRS2823408__gene_topology_v1",20260805,"SRA645804_SRS2823408","gene_topology_v1",500,499,181,0,1.28629757615415e-07,TRUE,"ripserr","0.3.0","primary","","5a57dbcdf3927fa5764bb73aaf92a350bde65b463362dc28a68337cb9c958d29","mv07h_ph_record_v1:27754743982c64a2851ffc791f6f6c3bb530c754f81e356adfa7fe934dcd4bac",12.7785713672638,582049792,27252,"31674f700345f7a014ae7f65b696d82ec4cbbc885e78503653f1a2a966573906","closed",FALSE
"mv07h_ph_metric_v1","ph__20260805__SRA645804_SRS2823409__cell_topology_v1",20260805,"SRA645804_SRS2823409","cell_topology_v1",384,383,188,0,1.03355426095444e-06,TRUE,"ripserr","0.3.0","primary","","1067216155db71fd5ed4c7f22322330f1f926d763a01ebeb8b3c13dbf1bad161","mv07h_ph_record_v1:b5cf415a59cbf8b1af0f16393de95f2cfe8367ee58a11273ad84fb2d6faad62b",12.9806516170502,687820800,23421,"3b8ad663454f69264ea7044ecd438ef47fd2a1d5c2db8a16c490c2aa7c519fae","closed",FALSE
"mv07h_ph_metric_v1","ph__20260805__SRA645804_SRS2823409__gene_topology_v1",20260805,"SRA645804_SRS2823409","gene_topology_v1",500,499,268,0,1.30497000290156e-07,TRUE,"ripserr","0.3.0","primary","","7d98ac1e632f571ce340114d608f91c50a6c855f4e13cd50f6103fab63c6f7dd","mv07h_ph_record_v1:2ad581e670a2b84d0f0c201e2efae5aab2f2e74153ae808ff53e1ec9a10384cb",12.4642968177795,577601536,30297,"ae068a0b1cde5dc655812973c9d0cf38dc2de1993b25dba1e1cf568d1fe0ba95","closed",FALSE
"mv07h_ph_metric_v1","ph__20260805__SRA645804_SRS2823410__cell_topology_v1",20260805,"SRA645804_SRS2823410","cell_topology_v1",384,383,187,0,1.36918057299679e-06,TRUE,"ripserr","0.3.0","primary","","1578f2e67d3074f5bf9dcfe49f5394d7db22390fd8d3eeeb20f61ca1fe5cd32c","mv07h_ph_record_v1:caf6c9ef10c5fe065b140b39a8a254746f94b6f0fd33d76e335ca0c3d9b466e3",13.2379510402679,603836416,23386,"b6d8ac8a13dc653af1e734a6ec52af849329f2264a10ee7a1e6e316a32697de7","closed",FALSE
"mv07h_ph_metric_v1","ph__20260805__SRA645804_SRS2823410__gene_topology_v1",20260805,"SRA645804_SRS2823410","gene_topology_v1",500,499,113,0,1.31799695625625e-07,TRUE,"ripserr","0.3.0","primary","","ff60f905f09c973421f9827b79b2fc5291d198c2067706a2000e0c6d32025eb1","mv07h_ph_record_v1:510b7443ce1e308beef340e562cab0ef8b7da450fc26ffce3aaa948f223e1669",13.0228826999664,581779456,24872,"133daa629197952ffd94a5cdf562dd7157a1f8584a79a92e7f367917043b01ec","closed",FALSE
"mv07h_ph_metric_v1","ph__20260805__SRA645804_SRS2823411__cell_topology_v1",20260805,"SRA645804_SRS2823411","cell_topology_v1",384,383,153,0,9.18481263172623e-07,TRUE,"ripserr","0.3.0","primary","","1b03ef8359862847c63408d5f94c55a31690b8e2c98e72d4652801a132d22ea1","mv07h_ph_record_v1:4761491a9d355ff47037712d7a817301b26d2e17013609b0a651503ad938197f",13.005069732666,624996352,22196,"92184c083a94c88cf257fc57ce01f600f660df5ced13c1744cf44ff3239c2da8","closed",FALSE
"mv07h_ph_metric_v1","ph__20260805__SRA645804_SRS2823411__gene_topology_v1",20260805,"SRA645804_SRS2823411","gene_topology_v1",500,499,241,0,1.26815988709929e-07,TRUE,"ripserr","0.3.0","primary","","1d21c523a93a53f298a377111120ba94691f2b8e0e5812746a42b95b976c507e","mv07h_ph_record_v1:2da3da979a60ca7bfe64c7c5bbff7ab3b751eacde4304f011792179d4e02183a",12.455810546875,621531136,29352,"a8d924b1807bf30097d65220ef21fe653bea427c82c567dccb3a5137c28fb5cf","closed",FALSE
"mv07h_ph_metric_v1","ph__20260805__SRA645804_SRS2823412__cell_topology_v1",20260805,"SRA645804_SRS2823412","cell_topology_v1",384,383,193,0,1.24163964167453e-06,TRUE,"ripserr","0.3.0","primary","","273d039c6990b82121bc35934e4c765a49da5196cb0c535de4107db39522cec9","mv07h_ph_record_v1:f44a59102c04e1c897f786ec78c618920e36fad9d296447cab141375ff7c042a",12.5460538864136,589824000,23596,"556b0c9eda119f9e83887df55f461a32e11b34383642ff7d55bd4051ac211f81","closed",FALSE
"mv07h_ph_metric_v1","ph__20260805__SRA645804_SRS2823412__gene_topology_v1",20260805,"SRA645804_SRS2823412","gene_topology_v1",500,499,119,0,1.29582121371181e-07,TRUE,"ripserr","0.3.0","primary","","ba8925fee44585d5ae4831fc82d8f354194d8c962555392aadb480f6302c6a69","mv07h_ph_record_v1:ede530889012311f3ffcf27055ccb3e096fdf9347bd2a436aa8d19c00e0ffc69",12.478102684021,656531456,25082,"663868dae323ad207a53971c3f50d4a1a3f26933374aa3f6c8dfd35373dd0e22","closed",FALSE
"mv07h_ph_metric_v1","ph__20260805__SRA645804_SRS3572594__cell_topology_v1",20260805,"SRA645804_SRS3572594","cell_topology_v1",384,383,207,0,1.16702146234501e-06,TRUE,"ripserr","0.3.0","primary","","257033c28764283e41ed6ecb2bf4e7cb20dcfe5d71429c459072a3c2ecd2367e","mv07h_ph_record_v1:42f54c1e23a1396d8fd5f42fc67265d826f8722e2d92cf8e97860a2dfb1c97e9",12.7394192218781,665956352,24086,"ef77f8587ecd9644d1b0bc62b4e9c81cd0c3f3fafaa3852fa38093dd7275fbd6","closed",FALSE
"mv07h_ph_metric_v1","ph__20260805__SRA645804_SRS3572594__gene_topology_v1",20260805,"SRA645804_SRS3572594","gene_topology_v1",500,499,161,0,1.29372491915852e-07,TRUE,"ripserr","0.3.0","primary","","6ba4f54438879d5c78d38942c8ab76c84d64a22b3c794720270ecb226c0d5e68","mv07h_ph_record_v1:e60821e9d293b97aed420557a50d46c9fdf286f5157224f5163820726a472190",12.9975624084473,581910528,26552,"69eeaafa7e4d0a7e0c3cedba3962ddffe6f555812536e9b34f5db43d8ae5c455","closed",FALSE
"mv07h_ph_metric_v1","ph__20260805__SRA667709_SRS3065426__cell_topology_v1",20260805,"SRA667709_SRS3065426","cell_topology_v1",384,383,218,0,1.01246909990843e-06,TRUE,"ripserr","0.3.0","primary","","c06f913c96f00381ccfbb028742b0bf7480273e3304b760cae9e498ed24c2abc","mv07h_ph_record_v1:cb0d869992604a3634f0ba5ad2a7304f0ea17910a8c5ba20a50a5dd7f69a29e6",12.7364232540131,597315584,24471,"4c47fa9f324ff9c7b4d2b09825c263d6c1f392302c476379b362c6b39e1bf372","closed",FALSE
"mv07h_ph_metric_v1","ph__20260805__SRA667709_SRS3065426__gene_topology_v1",20260805,"SRA667709_SRS3065426","gene_topology_v1",500,499,279,0,1.2999910112743e-07,TRUE,"ripserr","0.3.0","primary","","8a97fb017e0a203ff35a7fba16d55f011753b0e574fea48ce9477dd7db413197","mv07h_ph_record_v1:933c4a40310f053401f46926c02f9bfa4ca021cdafa2bf51f980c60654613bc2",12.7412419319153,669392896,30682,"e65c5abd89db22c8818129992b55d19a62757b4a92e2a9715d62c2a1ba220777","closed",FALSE
"mv07h_ph_metric_v1","ph__20260805__SRA667709_SRS3065427__cell_topology_v1",20260805,"SRA667709_SRS3065427","cell_topology_v1",384,383,241,0,1.00740785862299e-06,TRUE,"ripserr","0.3.0","primary","","2a4e2e4be886753d85ee8c2ce6f3a36689e427fa5f170d924296dd9cf252a56b","mv07h_ph_record_v1:239fa8c1f1373646a17aa13308bc8326581c2d2ed7b303fac9d95fd3ff20ed9d",12.8033859729767,648421376,25276,"5fbf94f0afec1219c9e1d700c7402cce8f916bcf47137ff214a4a5ec24a6a141","closed",FALSE
"mv07h_ph_metric_v1","ph__20260805__SRA667709_SRS3065427__gene_topology_v1",20260805,"SRA667709_SRS3065427","gene_topology_v1",500,499,451,0,1.29317088714225e-07,TRUE,"ripserr","0.3.0","primary","","c4ce6872ee8740f7e0f0a10a98c99ce1392e6eaa5133774387091605e1cbf599","mv07h_ph_record_v1:6db2051ca21bb0366382acb10623b368dd7a96184dcfeb55ff02c479bb60f9e2",13.0191085338593,583557120,36702,"7cf06536335a91e85a3d53bc624ea2a42cae37bdc4ee66a48628cd68cadf7eee","closed",FALSE
"mv07h_ph_metric_v1","ph__20260805__SRA667709_SRS3065428__cell_topology_v1",20260805,"SRA667709_SRS3065428","cell_topology_v1",384,383,174,0,9.10226268145986e-07,TRUE,"ripserr","0.3.0","primary","","9da0e32ddb26ad25b7af92ba8da951cef95a1f20ae20f2e43ef743cbb92aaf2e","mv07h_ph_record_v1:4c6966f89e2358b1b5f697cc0cf48cea7fd98f6d6eccc1b78981f15f85177cd9",12.7387397289276,682196992,22931,"a1c8b9c3a36579b67cf57e69b1f1628a1e920fbee0ecd21ae0942ffc8a7c2468","closed",FALSE
"mv07h_ph_metric_v1","ph__20260805__SRA667709_SRS3065428__gene_topology_v1",20260805,"SRA667709_SRS3065428","gene_topology_v1",500,499,216,0,1.30032257853811e-07,TRUE,"ripserr","0.3.0","primary","","957fd37fd3e7a09decc750f803c6142ca5a2381fab543704a2a5bed9505c690e","mv07h_ph_record_v1:59be055eeb85aa0dc01bf1b00a7ca707b1a7e5274604dca4e857c27c9bedfbb3",13.0390226840973,657047552,28477,"5c8dac467d0c1cb5ba0eaf734bf0b969f11702153bdf1ba482ccfdb7814db080","closed",FALSE
"mv07h_ph_metric_v1","ph__20260805__SRA667709_SRS3065429__cell_topology_v1",20260805,"SRA667709_SRS3065429","cell_topology_v1",384,383,224,0,9.07963418448645e-07,TRUE,"ripserr","0.3.0","primary","","c18b967448d66a65f659d3ab2bc1543603dc64c5ef010ff9addd6187c10b0eea","mv07h_ph_record_v1:676d2a5aed19daae96d88369176cac5a4c2da6c86efe2b3b6fa27e066b43ebfb",12.5179083347321,697847808,24681,"78eb01975e40e4211649ff815595789b360a0a0dd2ec5ab87b686633d4a00327","closed",FALSE
"mv07h_ph_metric_v1","ph__20260805__SRA667709_SRS3065429__gene_topology_v1",20260805,"SRA667709_SRS3065429","gene_topology_v1",500,499,367,0,1.28281748802288e-07,TRUE,"ripserr","0.3.0","primary","","612819b316e41dbe5345312722c9c91626074bd3d4c3a47cdb1f3e5561fca0b4","mv07h_ph_record_v1:ef9f8915178734b3afa2cb64b6d0e84f25d80351e15f36b90baeb57807cfdf33",12.8163135051727,581804032,33762,"20c5d39a938db70343183fa20b994b4f5ee842d05414dfbf8738ae3faf60f954","closed",FALSE
"mv07h_ph_metric_v1","ph__20260805__SRA667709_SRS3065430__cell_topology_v1",20260805,"SRA667709_SRS3065430","cell_topology_v1",384,383,190,0,9.97199805636579e-07,TRUE,"ripserr","0.3.0","primary","","fecacda377f9bc6a2e894b9c303954276fcf03e94205012b537406978ca9d90a","mv07h_ph_record_v1:8a318d67636c9883fa6c5d8bdedb022073c5f90fd832c7a582ac04858940bdcb",12.5455982685089,602034176,23491,"45501938481a56dc9e47e7f9a8e3b3c02faac305b8c0e01cc757d9c2f12b79c1","closed",FALSE
"mv07h_ph_metric_v1","ph__20260805__SRA667709_SRS3065430__gene_topology_v1",20260805,"SRA667709_SRS3065430","gene_topology_v1",500,499,339,0,1.30668299924975e-07,TRUE,"ripserr","0.3.0","primary","","42860799c756f4d36851fe34484bbc71fa9a98f44b9013dcc3e215c992891a31","mv07h_ph_record_v1:1a9d380151f58143b0978b6543545774d3a96e22d3c751b06a21573c7284867f",12.2876191139221,726233088,32782,"f1d78de04af0a23e989d68ae315c591681871753dacf63e6bde8837adac29f3f","closed",FALSE
"mv07h_ph_metric_v1","ph__20260805__SRA667709_SRS3065431__cell_topology_v1",20260805,"SRA667709_SRS3065431","cell_topology_v1",384,383,210,0,8.73970727382301e-07,TRUE,"ripserr","0.3.0","primary","","0768d43b616ff436521db09a088d79b48d2fb25738df82805f334895575afd01","mv07h_ph_record_v1:d64cc7cdeb550d7f5546eb43b7ed28e0d7ef6f525509b5e331f4c99ec1a7c9e3",11.9799606800079,600330240,24191,"de552abb9e9af499c817ecc8351fff601c4d35a6cb0091138fec5eea16ffc03c","closed",FALSE
"mv07h_ph_metric_v1","ph__20260805__SRA667709_SRS3065431__gene_topology_v1",20260805,"SRA667709_SRS3065431","gene_topology_v1",500,499,402,0,1.2750515753551e-07,TRUE,"ripserr","0.3.0","primary","","2912630a5d6a91ddf6cbcfe7672f460a2dcf5497b2c304a1a9de1c04b46ba800","mv07h_ph_record_v1:a885d0ac25d5fe313118a4230a57fe8fdd5bb55f00816bc17984401b4855f412",12.2439739704132,663646208,34987,"5a85dbc34739ff5cde2b8dcde18ef63e7efe5f29bdb52d0d775763a5330fb29d","closed",FALSE
"mv07h_ph_metric_v1","ph__20260805__SRA701877_SRS3279684__cell_topology_v1",20260805,"SRA701877_SRS3279684","cell_topology_v1",384,383,344,0,1.25022775887762e-06,TRUE,"ripserr","0.3.0","primary","","c436ea937ad5fb01325d45fa8fc3c414131a1846b9f0b7f1a645e8132d4b71ff","mv07h_ph_record_v1:754157de4a6d4cc30b395b230facf2eedd511c2e3430773efebe0ffed9d0e42a",11.742339849472,726405120,28881,"825f0a60f3a9a8cdd815be709cdff627b07cb58e4811721a10be671de81140f7","closed",FALSE
"mv07h_ph_metric_v1","ph__20260805__SRA701877_SRS3279684__gene_topology_v1",20260805,"SRA701877_SRS3279684","gene_topology_v1",500,499,939,0,1.31049631562504e-07,TRUE,"ripserr","0.3.0","primary","","b4d85b9e4abd0b381342f9567bacc25a07366cf9c186896d00ca23d4d2049404","mv07h_ph_record_v1:bf039ae712457ddc42e34e54a0f615525a8c28cc9d4c4c65f001ad1eb35b1e8e",12.2788693904877,615415808,54221,"9a47df974e8266482cd2f7a2d1db65fc507315ee80aac238c598bbba5a11f9e5","closed",FALSE
"mv07h_ph_metric_v1","ph__20260805__SRA701877_SRS3279685__cell_topology_v1",20260805,"SRA701877_SRS3279685","cell_topology_v1",384,383,326,0,1.15770346971276e-06,TRUE,"ripserr","0.3.0","primary","","2a662d9aa959aeb98e99bafadb06ca1a6f1d7067f3882fad0bd4dffb5e019c3e","mv07h_ph_record_v1:d5181e184dcac472324133f6dabb1f326f9081c1af8328a94320cefbbdcced82",11.7505438327789,711401472,28251,"32babb96024063f87a83102294b5b4fc86dd37003fa299aa6007a16fd06ab390","closed",FALSE
"mv07h_ph_metric_v1","ph__20260805__SRA701877_SRS3279685__gene_topology_v1",20260805,"SRA701877_SRS3279685","gene_topology_v1",500,499,857,0,1.31562459450909e-07,TRUE,"ripserr","0.3.0","primary","","6c7cfd7841780a3e9767ad43eae74ab54089d1e3cda0c733020071f75e7fd1d4","mv07h_ph_record_v1:37c6c580d6895c6094810a92c9f0e5738619fcae4778ffbda8c3791ef1b852a5",11.9829518795013,616841216,51269,"61b6037d7bd1a7b97c4e4481993df627eb6e376559372c48cbd0bca9a5e1f12c","closed",FALSE
"mv07h_ph_metric_v1","ph__20260805__SRA701877_SRS3279686__cell_topology_v1",20260805,"SRA701877_SRS3279686","cell_topology_v1",384,383,342,0,1.35302916235317e-06,TRUE,"ripserr","0.3.0","primary","","ba394483c9233176d2e03c7490355565b6098d102eb07bd3908394d3a9121e0a","mv07h_ph_record_v1:dfd1ae89d854a029b752928601854bb482d10989b476dd151628300c6457bfd9",11.5723223686218,590770176,28811,"e6d94611cb2be40e151266c54a9cc1a9236ecc8c3b3812d8d8f9dfc46eb6ac40","closed",FALSE
"mv07h_ph_metric_v1","ph__20260805__SRA701877_SRS3279686__gene_topology_v1",20260805,"SRA701877_SRS3279686","gene_topology_v1",500,499,918,0,1.32971993352023e-07,TRUE,"ripserr","0.3.0","primary","","f19c732f347cc88e0118d73b18de1a59208a2c33eeb82184918c2dbbaba1f1d5","mv07h_ph_record_v1:a4bba35f88abb8b422b02f30ee1951213bb857c0e25a6794a2dc8020e2250d61",11.6542365550995,649752576,53465,"0a93a3385e6ed682020eb31ffcb9a25424310a15107014cfde2dfc218bbc126a","closed",FALSE
"mv07h_ph_metric_v1","ph__20260805__SRA701877_SRS3279687__cell_topology_v1",20260805,"SRA701877_SRS3279687","cell_topology_v1",384,383,289,0,1.77126446030828e-06,TRUE,"ripserr","0.3.0","primary","","30e2d6095b3ef58dd768523011b2cc72a683d136a30a95bda17e0d79ce584f43","mv07h_ph_record_v1:a9987effd29065589eb1fcea1deda2458701fdd14e8278aaa94a951eb30aebad",11.6489760875702,587382784,26956,"a56f4fc45c0094df4a7513b55797fbf9e1cab48c692921b384000ece2aa05dc1","closed",FALSE
"mv07h_ph_metric_v1","ph__20260805__SRA701877_SRS3279687__gene_topology_v1",20260805,"SRA701877_SRS3279687","gene_topology_v1",500,499,889,0,1.3093503924801e-07,TRUE,"ripserr","0.3.0","primary","","c2407676e9dbe0b74d33f200164e62000d7a7f8397073b1c00f10b4d9d389de0","mv07h_ph_record_v1:e74b42881f39c77c481c4911be9c2ca4a9beec3fb9f69bd2a7fbcd8b1c52cd84",12.4149556159973,713953280,52421,"131f5c6a162fad7054dc1fbb86cc3cc8b8008ae6fe27946c5e7c15824db062d0","closed",FALSE
"mv07h_ph_metric_v1","ph__20260805__SRA701877_SRS3279688__cell_topology_v1",20260805,"SRA701877_SRS3279688","cell_topology_v1",384,383,341,0,1.11958563108499e-06,TRUE,"ripserr","0.3.0","primary","","8eaac40987fb9611f5665db3dc1a82094bf9da91d6e0f1dc74d3f0e72ba96693","mv07h_ph_record_v1:2052369862e1ffb63ab844085cad1c09cb36f5bccd5895440deff47d2e24cf0f",12.1519820690155,711565312,28776,"16762d49d733d774d28e1e341deda76b46083c5e390630dad647f5381f14f654","closed",FALSE
"mv07h_ph_metric_v1","ph__20260805__SRA701877_SRS3279688__gene_topology_v1",20260805,"SRA701877_SRS3279688","gene_topology_v1",500,499,1039,0,1.31581193281644e-07,TRUE,"ripserr","0.3.0","primary","","ad918a57a2609e49c676d5e3850faaabe08fafb50ac191f125d3f43e13f99a8e","mv07h_ph_record_v1:db367ff77f1741f1e6baae0c6cd0383d47225d0f43f7aacd102de1ac25f741f1",11.3868255615234,646496256,57821,"e9ee36d393b2af38481e198b9d30bf36273dc53d05157985fe4f796cf66ad523","closed",FALSE
"mv07h_ph_metric_v1","ph__20260805__SRA701877_SRS3279689__cell_topology_v1",20260805,"SRA701877_SRS3279689","cell_topology_v1",384,383,375,0,1.39262612469409e-06,TRUE,"ripserr","0.3.0","primary","","13ff4bc5ca27e83f02f4fa9af6a2ec785157dbef0ad293d325fab99f0411b906","mv07h_ph_record_v1:a4622521ac30918608fb0140d07a6ef1ad6a1492f60b6ebcc2c9f65e55fa4c3f",11.6397345066071,581599232,29966,"bf1b8f413a480887ec4cb716b37b726bf92133741c57992d934a04f90f45c1c5","closed",FALSE
"mv07h_ph_metric_v1","ph__20260805__SRA701877_SRS3279689__gene_topology_v1",20260805,"SRA701877_SRS3279689","gene_topology_v1",500,499,961,0,1.31086840594695e-07,TRUE,"ripserr","0.3.0","primary","","74d3b1f0310ef7c03d686e7ed6a481f84fd1b0878c9aec1886415aad453e5b89","mv07h_ph_record_v1:ce46c1eaed7d84ff892b0b322f12386976e4c3ebaa0790fb86cbbb1caf5dd29c",11.9183185100555,646766592,55013,"f2e38a320aeca7d9236790aaf4de80920d1bd522c78db73c821ac5a6597036ef","closed",FALSE
"mv07h_ph_metric_v1","ph__20260805__SRA701877_SRS3279690__cell_topology_v1",20260805,"SRA701877_SRS3279690","cell_topology_v1",384,383,288,0,1.15604632248285e-06,TRUE,"ripserr","0.3.0","primary","","0744ba826bdb6450563936016413643efa111d97a8dea531d8b92f58570d5db9","mv07h_ph_record_v1:3e0ff11f0cebc3cbc3674342384e5065c6c3eb65906cae3b98eb452d5727ed80",11.2064430713654,622153728,26921,"0f54aa3427ded0ab8edaa0b45eb8059b17f3eb10d250edf1f9de1d8d08763e9f","closed",FALSE
"mv07h_ph_metric_v1","ph__20260805__SRA701877_SRS3279690__gene_topology_v1",20260805,"SRA701877_SRS3279690","gene_topology_v1",500,499,803,0,1.32177430104301e-07,TRUE,"ripserr","0.3.0","primary","","5fb7666b95477f3ee260a473c398b2ec3ea751f8c0bb5330be8fa734b5305bae","mv07h_ph_record_v1:850e2f22c475a81c33aa7358a6a42975f85d199939cc1f351494f3932f25a0f2",11.6685907840729,711458816,49325,"1082cf02c2f75809ff1d49e3a874fc8c79a3a08568574c4aa61a7cc27043af3d","closed",FALSE
"mv07h_ph_metric_v1","ph__20260805__SRA701877_SRS3279691__cell_topology_v1",20260805,"SRA701877_SRS3279691","cell_topology_v1",384,383,326,0,1.11354951014672e-06,TRUE,"ripserr","0.3.0","primary","","f7cad4e0de1636dd5d27d303a79cd70ef3ea5f6ade64c320bb1340a8bbcb2d4c","mv07h_ph_record_v1:9a0669b550939634312ae366a1fc162c7869e8df75f639cfebf06cf981f0ec4a",11.4256207942963,627027968,28251,"a920d58098792ddfee4c4e5a181eb2989bd28f137dd27fb551921a98328ecc73","closed",FALSE
"mv07h_ph_metric_v1","ph__20260805__SRA701877_SRS3279691__gene_topology_v1",20260805,"SRA701877_SRS3279691","gene_topology_v1",500,499,808,0,1.31982649853928e-07,TRUE,"ripserr","0.3.0","primary","","748a697ebc2c3bfa71600b642cd51b714e33a1b9e511650f4a6fab2e8e9e709b","mv07h_ph_record_v1:12702df0113ebed798af73e7caf404945b6854b237890cd0b01eb5aa87d719da",11.9153077602386,671481856,49505,"e5d722d4b4426cf6971b6fd2130534c22fb8b072537ec3299125629eb1cac19f","closed",FALSE
"mv07h_ph_metric_v1","ph__20260805__SRA701877_SRS3279692__cell_topology_v1",20260805,"SRA701877_SRS3279692","cell_topology_v1",384,383,298,0,1.47394037965813e-06,TRUE,"ripserr","0.3.0","primary","","c7a20ca0782a1312b6678ecefd6bd90dc6123881d80eed17b6f78009e6701919","mv07h_ph_record_v1:66342597200a4c79f649757da276cc236107d24463d4cb64a282ed5c7d6687d7",11.9328298568726,609181696,27271,"ae10950202967fa460839222d0c88521ca1893d960faf22fb564f9013cc16d2b","closed",FALSE
"mv07h_ph_metric_v1","ph__20260805__SRA701877_SRS3279692__gene_topology_v1",20260805,"SRA701877_SRS3279692","gene_topology_v1",500,499,782,0,1.30951043173173e-07,TRUE,"ripserr","0.3.0","primary","","4ceef5c73b0cf6f9ed9a551de963c7e36e004207001b3003aede291520cac04b","mv07h_ph_record_v1:8380ef09054f5d3a7635fbadf710220c13b2df6fb951e4679b5938403674fb64",12.9750533103943,579547136,48569,"9433798e531bea8678dc25a4413a633ddaaa9453e883dc9eb53f2bd4940dcf85","closed",FALSE
"mv07h_ph_metric_v1","ph__20260805__SRA701877_SRS3279693__cell_topology_v1",20260805,"SRA701877_SRS3279693","cell_topology_v1",384,383,278,0,1.20182975912827e-06,TRUE,"ripserr","0.3.0","primary","","d9b42c5fdbd744584eab1513475c5846ba42e406b2b66f44b4c79f23cfe0bdb6","mv07h_ph_record_v1:5a494dd766789463f0405a1d17a28e752702b12245c7dd3f0df8de6058fb1309",12.4478690624237,648810496,26571,"6f603536f8d12aa65c6663eefcdfd7a251cb1fd2acb186a99cc3cceffd89f1d8","closed",FALSE
"mv07h_ph_metric_v1","ph__20260805__SRA701877_SRS3279693__gene_topology_v1",20260805,"SRA701877_SRS3279693","gene_topology_v1",500,499,953,0,1.31925766265992e-07,TRUE,"ripserr","0.3.0","primary","","36a90de728336f8db2398097bfb97934ce62c45c6cdf1a67495ffd8b596e5d92","mv07h_ph_record_v1:9c17bdf97d22a81ced2507254ea58f16f0cd088f7681b35115747fad073b7f8f",12.7672066688538,606482432,54725,"6890f85d09ab547a95d73fd6f82bc6b3afabdd4322da08f9f4fa51455b3d369f","closed",FALSE
"mv07h_ph_metric_v1","ph__20260805__SRA701877_SRS3279694__cell_topology_v1",20260805,"SRA701877_SRS3279694","cell_topology_v1",384,383,329,0,1.15251471412976e-06,TRUE,"ripserr","0.3.0","primary","","6631850e26f41f74b53a487c9e135abaa713a9b834d06f70bf27f4622e326601","mv07h_ph_record_v1:a07d8d165b5730f73fa3e3020ef5033debfb43449ad70915d99ad8e480bdb54a",13.0374295711517,718860288,28356,"0ec7ba212558c3ecd41e047b1f1e8a07db28d0c5504b945ccc4f6c220a1bd1bf","closed",FALSE
"mv07h_ph_metric_v1","ph__20260805__SRA701877_SRS3279694__gene_topology_v1",20260805,"SRA701877_SRS3279694","gene_topology_v1",500,499,1277,0,1.31701419867318e-07,TRUE,"ripserr","0.3.0","primary","","be18dc5f419ed1f0c7ed27eeaec144e8efcb9ac793c55b70d5e8f212ffabef36","mv07h_ph_record_v1:8e7b40cde0e78e169807886f6bd92114d08549700b9983aa1c1767254b0e374e",12.2266850471497,637767680,66389,"d8ab7166df5f6654239a492e592555ecc1bf46e39eee5079e1addfc2f115ab7b","closed",FALSE
"mv07h_ph_metric_v1","ph__20260805__SRA701877_SRS3279695__cell_topology_v1",20260805,"SRA701877_SRS3279695","cell_topology_v1",384,383,331,0,1.55654438943925e-06,TRUE,"ripserr","0.3.0","primary","","053ebfed53eec4e1ad2381382fc8baa6efe5c59df67f1e619ecaae90d8f8a3f5","mv07h_ph_record_v1:95ba19588a44d4335db2d8ef4f30d73b9062aeb0936bf7e249cf7b73c2728fe9",11.9589381217957,688439296,28426,"dc9fcf41b8f8a66769bb4a1c2dc08499bfffd98ebb21ea5faf5e82d52de58fa1","closed",FALSE
"mv07h_ph_metric_v1","ph__20260805__SRA701877_SRS3279695__gene_topology_v1",20260805,"SRA701877_SRS3279695","gene_topology_v1",500,499,1109,0,1.31447838976121e-07,TRUE,"ripserr","0.3.0","primary","","f0f980cd237f39df038e4babc01371be4abe6dbe634525605049da994b8a495c","mv07h_ph_record_v1:c4fbd90fb4886c3ad94bd500961f795296fa34827a6d3990e82174bd105f5371",12.4809837341309,658546688,60341,"e4bf82ce4667fe2ccbcbc10ca2bc1946e26cd4cdd5392464b654034182391c40","closed",FALSE
"mv07h_ph_metric_v1","ph__20260805__SRA703206_SRS3296611__cell_topology_v1",20260805,"SRA703206_SRS3296611","cell_topology_v1",384,383,340,0,8.07552254702917e-07,TRUE,"ripserr","0.3.0","primary","","b8439017cf9d21e7565f53115bae15fd142f632c31ad076048eca1681cb46ff6","mv07h_ph_record_v1:bb0d9956d7f86076d4a8b272e13dc085ed2377f4a789eb88c5e9f1f89b7e92dc",12.2399344444275,630906880,28741,"a406a3615cb5f30c2845300c154ac2a1a247769b474aaab308012a2f94329047","closed",FALSE
"mv07h_ph_metric_v1","ph__20260805__SRA703206_SRS3296611__gene_topology_v1",20260805,"SRA703206_SRS3296611","gene_topology_v1",500,499,868,0,1.2980165297733e-07,TRUE,"ripserr","0.3.0","primary","","e8eb79fb471b90354ce2ed1259a24642a72bebf27cba913654497f3866d330fb","mv07h_ph_record_v1:e1d49c7a0841b79211b786b611f5ecb2b3998c42ed854c278508cf006c6fa5d2",11.7202908992767,691548160,51665,"dcd0f18a59d4a2c40ba267cf56f012e18046067324c1620b7fd11383e022ccb5","closed",FALSE
"mv07h_ph_metric_v1","ph__20260805__SRA703206_SRS3296612__cell_topology_v1",20260805,"SRA703206_SRS3296612","cell_topology_v1",384,383,388,0,9.68915658285992e-07,TRUE,"ripserr","0.3.0","primary","","481f0a1256ed502e6a6e119efd82a0f817b2f4c6e66176bbbb10fb5dc5b1cf6c","mv07h_ph_record_v1:0a2860158728cf07aa7d92f577853ec84667f37b61e14f4b49a77574ead6a84b",11.2656865119934,588107776,30421,"84b784ecab9df8bb21df1005f8612d14448d1963aa428033864af9d8a046c915","closed",FALSE
"mv07h_ph_metric_v1","ph__20260805__SRA703206_SRS3296612__gene_topology_v1",20260805,"SRA703206_SRS3296612","gene_topology_v1",500,499,1165,0,1.2998503584889e-07,TRUE,"ripserr","0.3.0","primary","","81e348ad042ca5c7ca15a4e06e7d185cba3cd6b7f56146f0839e380857279c90","mv07h_ph_record_v1:40623f1db7dde1b371a389c4d0fb0c098a2e98ff7a36d901707f5a7eebd8f215",11.4554755687714,638001152,62357,"754eb87aa5b2d47a32ac37a7627ebac4e1d05d89cb6ed053ef51ea51df12cdab","closed",FALSE
"mv07h_ph_metric_v1","ph__20260805__SRA703206_SRS3296613__cell_topology_v1",20260805,"SRA703206_SRS3296613","cell_topology_v1",384,383,383,0,1.27807398813217e-06,TRUE,"ripserr","0.3.0","primary","","63b190a25f24e3ae580d3c51178596d38ebfe0a7805adbceacc296cdd75a0661","mv07h_ph_record_v1:0b802ab037f43acbc36348ad542f1af0645679678a4fb9f71943f4a646ebc1ee",11.4774000644684,698761216,30246,"244bb86551d80ce26ab6967aa4b440febb662cffc0ea9ae6a023997010aff6dd","closed",FALSE
"mv07h_ph_metric_v1","ph__20260805__SRA703206_SRS3296613__gene_topology_v1",20260805,"SRA703206_SRS3296613","gene_topology_v1",500,499,1173,0,1.30488435950779e-07,TRUE,"ripserr","0.3.0","primary","","6d7d4683e09f6cf7e065768d19dffe5b7846c7378e38d09e259d8e9675efb214","mv07h_ph_record_v1:3060be1f9e2bcd640fa64707e72b1ac79d9535aa3a4e00cfd74eaa70c0b86d12",11.7128994464874,603172864,62645,"d63b4dd42a4c1ef63485fab810c7d47eb3eae3fb04dea5923366631db295e430","closed",FALSE
"mv07h_ph_metric_v1","ph__20260805__SRA703206_SRS3296614__cell_topology_v1",20260805,"SRA703206_SRS3296614","cell_topology_v1",384,383,358,0,1.0690249187647e-06,TRUE,"ripserr","0.3.0","primary","","2c826bf2ca2b55d132fc99eb25c9245ab132509ef933ee8be915c7d38e527c77","mv07h_ph_record_v1:ba48806678a344f080bbedad5f44db507d0c6d2275180c48d30a25f2be442c7d",12.2221286296844,584728576,29371,"cc39e2ca0081bbbf9abd1315553e5a17c74a0dcd687a89855dd83d30d063a3f3","closed",FALSE
"mv07h_ph_metric_v1","ph__20260805__SRA703206_SRS3296614__gene_topology_v1",20260805,"SRA703206_SRS3296614","gene_topology_v1",500,499,1217,0,1.31076304124975e-07,TRUE,"ripserr","0.3.0","primary","","c24132a2c05c277377f1ca420c3535b613a2357b7c786ac007a420ad4ae9bb3d","mv07h_ph_record_v1:db510110743678f21d26a6cd27398a5c1d518669355f246dbb94b82aa0689063",12.4895358085632,645144576,64229,"bd54d23534df2cf8177ecbb61e4ee7a007d97e432c0e04e517a185f34efbf5b1","closed",FALSE
"mv07h_ph_metric_v1","ph__20260805__SRA713577_SRS3363004__cell_topology_v1",20260805,"SRA713577_SRS3363004","cell_topology_v1",384,383,417,0,8.91386082774769e-07,TRUE,"ripserr","0.3.0","primary","","b5a14351a15e3ad746c3dd87d2b7bfd56c1c82c77b3a125155683b73ff8d2577","mv07h_ph_record_v1:6d975af7a3e42e511e0129ae9f9f200bda1d7269bb00576091d0f0142dbfa890",12.2299885749817,683720704,31436,"8f101498cc2daf591113651259cdd748286b53c16dc0192bbee18dc3c442771c","closed",FALSE
"mv07h_ph_metric_v1","ph__20260805__SRA713577_SRS3363004__gene_topology_v1",20260805,"SRA713577_SRS3363004","gene_topology_v1",500,499,1722,0,1.31388437767627e-07,TRUE,"ripserr","0.3.0","primary","","188d3819f4e8cb9dc817c54168af142200421950f65c148cddd0a82f85c34ec2","mv07h_ph_record_v1:176d39c1473c7f8e9a16a16af9730fa068d67ffbee478cf1006f2bce1406378c",12.8550810813904,612466688,82409,"ccaefe296829b50e1167ab4b715a06cb5cf75fe6257f5ed5e928569fa67ab9f6","closed",FALSE
"mv07h_ph_metric_v1","ph__20260805__SRA716608_SRS3391629__cell_topology_v1",20260805,"SRA716608_SRS3391629","cell_topology_v1",384,383,297,0,1.01718149133807e-06,TRUE,"ripserr","0.3.0","primary","","d55da37e8b19b54cb9687be55a05f9f03a4af6ae84266843dbe4a0283aead834","mv07h_ph_record_v1:29be55e96de75c02cb81e50f66012ffee26625850caff435f1c49f603611ac88",12.2587299346924,581812224,27236,"97a90cd8a549c853867949d8cb57fbaedd034445abafff75ef4646694031b5d1","closed",FALSE
"mv07h_ph_metric_v1","ph__20260805__SRA716608_SRS3391629__gene_topology_v1",20260805,"SRA716608_SRS3391629","gene_topology_v1",500,499,1072,0,1.30712808929722e-07,TRUE,"ripserr","0.3.0","primary","","4205ed23ede1d99cc79f8f6aed60053692afd94f347b48ffcd64ff542c95575e","mv07h_ph_record_v1:13394e76ec5f24a6d1240da0808d81655c4ff2fc9e5918f25c066ede8c44a324",12.5115420818329,611303424,59009,"24ff206afb91af638e4086ef94fa89c1b90efa7f6219caf32e726324943ca019","closed",FALSE
"mv07h_ph_metric_v1","ph__20260805__SRA716608_SRS3391630__cell_topology_v1",20260805,"SRA716608_SRS3391630","cell_topology_v1",384,383,348,0,1.22825790569843e-06,TRUE,"ripserr","0.3.0","primary","","47fa63b44fb2e4bb5d6928f67f0bf9d15a536a3818372b52df0097e6d90d26ee","mv07h_ph_record_v1:290a5401ad6866a30e031742b85ea1b277b87a48bdce8ba5706ee6acc8d16fdb",12.2373244762421,708472832,29021,"3b21e174f9705d65e638b1270058a37c650466de807bd3dcd74b015991d6e9c6","closed",FALSE
"mv07h_ph_metric_v1","ph__20260805__SRA716608_SRS3391630__gene_topology_v1",20260805,"SRA716608_SRS3391630","gene_topology_v1",500,499,1036,0,1.30299908850079e-07,TRUE,"ripserr","0.3.0","primary","","7f999dfe1e712d6cb45c546bb81a4bf96af82bca476e2143441aa6334d786803","mv07h_ph_record_v1:02a7fa203744159a02b286ea61817c1de347bf08823e4fadaed53448137d363e",13.5365719795227,572907520,57713,"d0fdcba95c39e8394f46eff23a9354e68be8ae00aeceb12f47def54ca8e1989e","closed",FALSE
"mv07h_ph_metric_v1","ph__20260805__SRA716608_SRS3391631__cell_topology_v1",20260805,"SRA716608_SRS3391631","cell_topology_v1",384,383,321,0,7.91303180590148e-07,TRUE,"ripserr","0.3.0","primary","","c16f1b091ebbcba9e838841a16fac2392f352d955d39259d27c72fafb87ee614","mv07h_ph_record_v1:0150693f2b154d7b0fcb5b740accbf0c5c3ab3b175ee12804a0d7d9a8f05cf59",12.7938747406006,640602112,28076,"9a00b51c068cd513c12e8326270942fb967a2396673cc3a5f7d4d9681304b854","closed",FALSE
"mv07h_ph_metric_v1","ph__20260805__SRA716608_SRS3391631__gene_topology_v1",20260805,"SRA716608_SRS3391631","gene_topology_v1",500,499,602,0,1.30974131329041e-07,TRUE,"ripserr","0.3.0","primary","","3106e5a21db93824d3a50bf5d75c0bdd93a19624b2e0acc69e55c43cc4634c09","mv07h_ph_record_v1:9f9fbb553971d71d6afd3f2944fbd482f422eead0eac031477de443efdd96fe0",14.6392276287079,670904320,42089,"6cce728610fd30ad9d6ebb28690cf476e4999e0972c3512177af58909dd211cb","closed",FALSE
"mv07h_ph_metric_v1","ph__20260805__SRA716608_SRS3391632__cell_topology_v1",20260805,"SRA716608_SRS3391632","cell_topology_v1",384,383,267,0,1.48946128433878e-06,TRUE,"ripserr","0.3.0","primary","","a403f9a25188ab2f8d15fa0d265c98959df8f0bf2a1af6b8af4813640f58145b","mv07h_ph_record_v1:cce19e52b1061b949bc4b5d45588737a2614e8806d5cea216f3b68bc6c448933",13.1280164718628,593039360,26186,"ef447fd40bb07392a6806aceeeca824eb8d7e9b7bc427e291b31d71686366aa8","closed",FALSE
"mv07h_ph_metric_v1","ph__20260805__SRA716608_SRS3391632__gene_topology_v1",20260805,"SRA716608_SRS3391632","gene_topology_v1",500,499,461,0,1.28690871455826e-07,TRUE,"ripserr","0.3.0","primary","","c92fb5700efc1c1bfd9b105e2e884969f4c982ac0cdae99ad850a33b2f1f0a1c","mv07h_ph_record_v1:61144ec25c14f737c846abedd959a38e80b1ec87613aa180d90529363d73d3a0",13.1059532165527,631296000,37052,"6d8adf6bfe0b33cbb14cd068eb58fb5d8e88e21da5a623e388b12720a1eaab1b","closed",FALSE
"mv07h_ph_metric_v1","ph__20260805__SRA716608_SRS3391633__cell_topology_v1",20260805,"SRA716608_SRS3391633","cell_topology_v1",384,383,376,0,8.12158024352128e-07,TRUE,"ripserr","0.3.0","primary","","64d98ae165a742178b1acc3076e2e7c0c5ce8ca526ce0231b3c3d6691835fba7","mv07h_ph_record_v1:31c998f518d316f28f93b6fde6624064386f5f2098938cffd19ef3f0173337d9",12.7956502437592,669921280,30001,"187b6413a3dafaf5290874db9c209677e110b0c1a410ca1d111ea894e3d3d7a5","closed",FALSE
"mv07h_ph_metric_v1","ph__20260805__SRA716608_SRS3391633__gene_topology_v1",20260805,"SRA716608_SRS3391633","gene_topology_v1",500,499,1756,0,1.30948405192467e-07,TRUE,"ripserr","0.3.0","primary","","72c19cae9ec761226c310771b3659733f736697083bab6837d7d3ff539612bb0","mv07h_ph_record_v1:bd9a998d0f61657d3c98a749be76b1e3df72dfe7733b523fd6240b412b07626f",13.2998034954071,693895168,83633,"6066a007f2aee01da2eecffc1eba9f869dd589c2bbb7f0aa093f165aecdb3afa","closed",FALSE
"mv07h_ph_metric_v1","ph__20260805__SRA728025_SRS3454421__cell_topology_v1",20260805,"SRA728025_SRS3454421","cell_topology_v1",384,383,270,0,1.10897072832707e-06,TRUE,"ripserr","0.3.0","primary","","21e5b599574a7e54d245e3efcaceb48ef62052a75a25c3e739da99a4ea9cd239","mv07h_ph_record_v1:edceba42d009a74f97d0d20c361310cbba134f3ca8a371b0b3a1c02387a976d5",13.5670754909515,639041536,26291,"0bac56b234a5de67a3d414cda5e74bf906e5c512abbedfe4bc178722fea703b0","closed",FALSE
"mv07h_ph_metric_v1","ph__20260805__SRA728025_SRS3454421__gene_topology_v1",20260805,"SRA728025_SRS3454421","gene_topology_v1",500,499,369,0,1.30007364569739e-07,TRUE,"ripserr","0.3.0","primary","","3ba6fbdb65c6d4d91528ffbf4fb3538d84eed7e4a810521a72ec2cfccc80db7b","mv07h_ph_record_v1:7bc2a746ecdeb1508ecba6168526651bf615d011d881f1426eb71a3d9c1ca8d7",13.3250057697296,581910528,33832,"c92c970c502f668bf446094c5f2eaa54bdb45f27a04b766eb7af74ea0352ec6b","closed",FALSE
"mv07h_ph_metric_v1","ph__20260805__SRA728025_SRS3454422__cell_topology_v1",20260805,"SRA728025_SRS3454422","cell_topology_v1",384,383,254,0,1.17909081478387e-06,TRUE,"ripserr","0.3.0","primary","","3c34e85ed751520d29e94147c1bd18bdca0b27fec69fd1c19a04170bb04b05f8","mv07h_ph_record_v1:2703192b7256ca68c5552b5c283f4b5aaa7d301948444f664f005e078a6693bd",12.6128315925598,670429184,25731,"abe47490862b7a3318e7da38f08b58c977d8cd4b2fd48299f69488870e373f6d","closed",FALSE
"mv07h_ph_metric_v1","ph__20260805__SRA728025_SRS3454422__gene_topology_v1",20260805,"SRA728025_SRS3454422","gene_topology_v1",500,499,268,0,1.3015358204603e-07,TRUE,"ripserr","0.3.0","primary","","49862995288291fb2497613acb91751ff8348a1ad5aec9db4255b0d91e12d16e","mv07h_ph_record_v1:c3324e19f3c13008d090332fd443a14362ce5859ee0386bb2feb5cf680207ed1",13.7068305015564,616902656,30297,"135d5067557c31d7d459bf2a7dc51e1d80a57d0f4e07f155508d03f8f8652113","closed",FALSE
"mv07h_ph_metric_v1","ph__20260805__SRA728025_SRS3454423__cell_topology_v1",20260805,"SRA728025_SRS3454423","cell_topology_v1",384,383,234,0,1.06380855978886e-06,TRUE,"ripserr","0.3.0","primary","","41fc30a2a0fb9ca368bc18743486b52e9cf95e15cfe8ac0803712125cd6580c5","mv07h_ph_record_v1:5598fc694289e1eb1a43043d37b040154cb16171364088e42751a5c50a0992bb",12.1644864082336,670818304,25031,"1268a226fea9a8c0938a0c9310a33d3db2372684daa066c88ea09d0faf6d7d8d","closed",FALSE
"mv07h_ph_metric_v1","ph__20260805__SRA728025_SRS3454423__gene_topology_v1",20260805,"SRA728025_SRS3454423","gene_topology_v1",500,499,301,0,1.29397415981182e-07,TRUE,"ripserr","0.3.0","primary","","6c7da23d5d686c105bc1c6a85cd1ffe91fe8e34644e19dc2b290e6da4fa46305","mv07h_ph_record_v1:a928f6caca42f4bf27c0e1ca8be1c020311c55f12eb9532717fe2e47a6f9a08b",12.4306898117065,720711680,31452,"d751cc9bc12c12b4455ec5c1a7fd6688249cc1fdbda497c8747e3b7595defb20","closed",FALSE
"mv07h_ph_metric_v1","ph__20260805__SRA728025_SRS3454424__cell_topology_v1",20260805,"SRA728025_SRS3454424","cell_topology_v1",384,383,265,0,1.35831569173036e-06,TRUE,"ripserr","0.3.0","primary","","7c69a6c2d0d7f121ed40d5fb1bbb97e30e0a2ac756a7e3cce995bc972876f73f","mv07h_ph_record_v1:801d164454eac09c4ffa0eaaeab375526d793f476eb3d69dbea0a92232ab8854",11.6267476081848,596152320,26116,"d0f7642d1a4f80de58cdb213a65ec6be02b795b66fc35a137a53387ab7a9ac30","closed",FALSE
"mv07h_ph_metric_v1","ph__20260805__SRA728025_SRS3454424__gene_topology_v1",20260805,"SRA728025_SRS3454424","gene_topology_v1",500,499,259,0,1.29301503030485e-07,TRUE,"ripserr","0.3.0","primary","","778ff4db1ccaa65041155f64e6d37653eac1dc57f2de3b336fb0659e63555483","mv07h_ph_record_v1:7cf6a08f97200863f554273d6798156c7c4200c7e016ea9cb2eb461708cdf450",11.9176449775696,637849600,29982,"3bb45c51434502d94e89896efb17d27e296bc26bc0a198d3b0f12d7998cafa43","closed",FALSE
"mv07h_ph_metric_v1","ph__20260805__SRA728025_SRS3454425__cell_topology_v1",20260805,"SRA728025_SRS3454425","cell_topology_v1",384,383,292,0,1.24981885801476e-06,TRUE,"ripserr","0.3.0","primary","","01c2071ff8b7c92c01fcadfbbb401683a9da259d06aa6852551e29fef76e93f4","mv07h_ph_record_v1:9ce0a20d0626e18f875b42c5e7931379727a141f8f9fe95d9e2fe821b2c6c7e4",11.6221139431,582004736,27061,"4e3c8d0793724ebb8d82065d063cc0ac7341434d15d79485849ea244fa8905f9","closed",FALSE
"mv07h_ph_metric_v1","ph__20260805__SRA728025_SRS3454425__gene_topology_v1",20260805,"SRA728025_SRS3454425","gene_topology_v1",500,499,423,0,1.3094766533892e-07,TRUE,"ripserr","0.3.0","primary","","cbbbe18681745e9bf78ff00471783c9dd37fad874fa2aa5103c0db3930691987","mv07h_ph_record_v1:6871a796449b364a8f43df95146dd41693ba3018b982638508ab3284ededa05a",11.6128947734833,631177216,35722,"dcf90c2372e6edd97b343d88787d7bb7c8ff64f7a639f81617185ebaae97fb11","closed",FALSE
"mv07h_ph_metric_v1","ph__20260805__SRA728025_SRS3454426__cell_topology_v1",20260805,"SRA728025_SRS3454426","cell_topology_v1",384,383,268,0,9.24858893648626e-07,TRUE,"ripserr","0.3.0","primary","","792d413ccdbd0734e50c96653937c5e65e353963ff9d68447279564bde60f372","mv07h_ph_record_v1:247167060b4f62a6287d075b7b5b29460b7c6e37b4674589394f333b6b3391ad",11.1722564697266,581672960,26221,"9410554d1a81e6139543c49147f95215da272d4fa7fa63a069dc9c59f76f7987","closed",FALSE
"mv07h_ph_metric_v1","ph__20260805__SRA728025_SRS3454426__gene_topology_v1",20260805,"SRA728025_SRS3454426","gene_topology_v1",500,499,359,0,1.30926660016917e-07,TRUE,"ripserr","0.3.0","primary","","bb434f29ebff2419f0e862e8252e050bcc3f82c48725752d8f5ea45b716b4ae9","mv07h_ph_record_v1:7825c81ac0bf09fbcf57843cc0211edace31a9d728a808c73b59dd046bb02df3",11.1429677009583,581623808,33482,"64da57a947890d9f85403bc69bdfda5e19c5e5d4a92d5f7e65dc5bec10871995","closed",FALSE
"mv07h_ph_metric_v1","ph__20260805__SRA728025_SRS3454427__cell_topology_v1",20260805,"SRA728025_SRS3454427","cell_topology_v1",384,383,289,0,1.15969121727749e-06,TRUE,"ripserr","0.3.0","primary","","2e3059037b8e47c933046a9d1b6b2f754c5cea0b7a660d56b361b552e5a8eab0","mv07h_ph_record_v1:e0b82d5b7ca614f7735029ff917aca79481e893fdbbbbb06a41286c50f73cd0b",11.1414535045624,581726208,26956,"699652b29d9e638383b7384bcb8a4faadb4d725c89ac7d603dfa1bef4353ec81","closed",FALSE
"mv07h_ph_metric_v1","ph__20260805__SRA728025_SRS3454427__gene_topology_v1",20260805,"SRA728025_SRS3454427","gene_topology_v1",500,499,411,0,1.31114404582849e-07,TRUE,"ripserr","0.3.0","primary","","f7c63f8807978484d889ebd5cb6fc783abfe5a4ebf3143a86be831e4c7bf0a28","mv07h_ph_record_v1:65a53c98b495f0426ae30d06901427ab999629ab131c7a5dd6bb266e8233f52f",11.6569690704346,686317568,35302,"13bf4b0611e515cb8353787310b932cfc021896fd832386c37e349866d9cbe03","closed",FALSE
"mv07h_ph_metric_v1","ph__20260805__SRA728025_SRS3454428__cell_topology_v1",20260805,"SRA728025_SRS3454428","cell_topology_v1",384,383,258,0,1.42130622705e-06,TRUE,"ripserr","0.3.0","primary","","f2964da99a7cd161c93e61862d09b659027d1ef58d2cce2634a7cf98d969a7eb","mv07h_ph_record_v1:d21a5b34e7045438480f7655ff38895a9a4a28adf406f9465a77d461c2a66d07",11.6773676872253,628293632,25871,"ca7b6d45155ad4e1f46925ffb8b2c5445ff956e98a31de683d3ea8290e14ed98","closed",FALSE
"mv07h_ph_metric_v1","ph__20260805__SRA728025_SRS3454428__gene_topology_v1",20260805,"SRA728025_SRS3454428","gene_topology_v1",500,499,420,0,1.29697291699117e-07,TRUE,"ripserr","0.3.0","primary","","23dff2f7a82c0f8960062b2e620826faacb371d8c85e40374cf63aaebcad9f60","mv07h_ph_record_v1:8bee88df04d828ecc37cac4405807f2474bdfe4d98972b12cd623fb986afc4e8",11.9350879192352,701591552,35617,"aa913e0197713c88a18b7ea7a4552aceb5a1304ce9b33e4b410c809afe73189d","closed",FALSE
"mv07h_ph_metric_v1","ph__20260805__SRA728025_SRS3454430__cell_topology_v1",20260805,"SRA728025_SRS3454430","cell_topology_v1",384,383,310,0,9.59292699383198e-07,TRUE,"ripserr","0.3.0","primary","","33525e420f11a97d0f938b45eb2fde57c18b5f5b65ff97bbcbff5b62e8caa9d9","mv07h_ph_record_v1:bdcba20f6878cfb193e9a2b61a1aa8be8bed63d43fa8c3d6a849c1da2a5f2e32",11.6580128669739,684806144,27691,"aed37056133c63add941f35ebf3f8b9134ef9e9c7c6242966e13fdeb23c7ec87","closed",FALSE
"mv07h_ph_metric_v1","ph__20260805__SRA728025_SRS3454430__gene_topology_v1",20260805,"SRA728025_SRS3454430","gene_topology_v1",500,499,265,0,1.31511132576002e-07,TRUE,"ripserr","0.3.0","primary","","81580c311db558de334af2e876e1806602ee6caf508ca48a2572bc6efe3f868f","mv07h_ph_record_v1:65b1ee74c8507229a0d0d35692bc7f143eb8777139266eeae5b7666f00f731b7",11.9008255004883,696803328,30192,"f131f7f4efe9ebefde18eac4e68ad0f45957f5fcc38d5d36b5d55c084730c88f","closed",FALSE
"mv07h_ph_metric_v1","ph__20260805__SRA740174_SRS3548780__cell_topology_v1",20260805,"SRA740174_SRS3548780","cell_topology_v1",384,383,305,0,1.05929406588753e-06,TRUE,"ripserr","0.3.0","primary","","d591d54cf71d8ce4d1be2cc5db4d8a1c1f45edd74413deb3ff85b0f688990e1f","mv07h_ph_record_v1:dbf889245637dde0e166114c52eafea9ec7455c2b29e5d6e9a5afabe2f0ba9e3",11.4192152023315,581988352,27516,"5f64f13d8018f2e09f607914575278656a016f986edd60c949a5241e8b49a821","closed",FALSE
"mv07h_ph_metric_v1","ph__20260805__SRA740174_SRS3548780__gene_topology_v1",20260805,"SRA740174_SRS3548780","gene_topology_v1",500,499,728,0,1.30458258488364e-07,TRUE,"ripserr","0.3.0","primary","","442ab18b584c4213802b8cd6cffb08016300bceca7344bcd0cca5787d740a472","mv07h_ph_record_v1:c7d72e93ee5d278bf2a7a6d1053c4ea4d1e214f9f2368ac58e746950c46fafd0",12.4073448181152,593453056,46625,"b0bd8deea97be56d4302133d487f5d7a7a997a186ee2b014c718d7dd50501ac8","closed",FALSE
"mv07h_ph_metric_v1","ph__20260805__SRA740174_SRS3548781__cell_topology_v1",20260805,"SRA740174_SRS3548781","cell_topology_v1",384,383,257,0,2.22864652492617e-06,TRUE,"ripserr","0.3.0","primary","","92dd4e0da09102385025e8308d9c3bd6bf2a09e3094e35b35ca275599f7e17ec","mv07h_ph_record_v1:3f59ea062572296621b4e3cb966fc1f99f995ae7e95f85921f4e50771427d729",11.6610629558563,586764288,25836,"939ea105cbcf3f200d61ae8e26b0b25617e72b6b4f243d17f30f628e1a4a56e2","closed",FALSE
"mv07h_ph_metric_v1","ph__20260805__SRA740174_SRS3548781__gene_topology_v1",20260805,"SRA740174_SRS3548781","gene_topology_v1",500,499,495,0,1.30456624769678e-07,TRUE,"ripserr","0.3.0","primary","","709d01a09e09cc80798b89d463b0551bfb0a61a77cd5069986a8f701cc24799a","mv07h_ph_record_v1:b1ca89dbd660614029770dd3d4800389ca1fc0c9486a8ac1cb03df6fd0485103",12.7610747814178,581767168,38242,"714525b1227006f2c81f2ee0efa37cb88eab5644acb501cf38e67c28b9b54e62","closed",FALSE
"mv07h_ph_metric_v1","ph__20260805__SRA740174_SRS3548782__cell_topology_v1",20260805,"SRA740174_SRS3548782","cell_topology_v1",384,383,319,0,9.876882923317e-07,TRUE,"ripserr","0.3.0","primary","","0baef9f406cb0782d006c67c3e00a90820eb5cd60da1008fd8d7d9ff98f9b4ff","mv07h_ph_record_v1:6e49d9533bc78fbf06b0cc6098889ace3f47e7a54747e19d762c68f3af9c1cba",12.7218279838562,638042112,28006,"87bae0833e50be0cd96eca9a90e163a89ebf1d72e346021c96ad1e2bd4b0af38","closed",FALSE
"mv07h_ph_metric_v1","ph__20260805__SRA740174_SRS3548782__gene_topology_v1",20260805,"SRA740174_SRS3548782","gene_topology_v1",500,499,702,0,1.3102548801743e-07,TRUE,"ripserr","0.3.0","primary","","d7c216bb0776f855edb548ad4fd2e669243f29ef20129e1131d158aff6da4541","mv07h_ph_record_v1:7b56fb8b387ff7a89a81518833a38b8d3863d7940bff5ed46e8de6e7229df906",13.1309070587158,620777472,45689,"1be1680d96b3f6bc6eb245d4b684dfd05c2392bbc380c51db2f3541e480ba7cb","closed",FALSE
"mv07h_ph_metric_v1","ph__20260805__SRA740174_SRS3548783__cell_topology_v1",20260805,"SRA740174_SRS3548783","cell_topology_v1",384,383,260,0,1.86562788600702e-06,TRUE,"ripserr","0.3.0","primary","","c9005c0c7f6b2fa0ef9e62a6f550d4c00475234241fad8b5f79ab7f1b5464c96","mv07h_ph_record_v1:9cb4af72161f0536d5f1fb6b98ce6b740f03842106207e0190d8a05610c6c42e",12.4826414585114,608653312,25941,"432c8939de3db462e2eb8c665f17f0c75ed912700fdfa9ce52a10724bdfc8e01","closed",FALSE
"mv07h_ph_metric_v1","ph__20260805__SRA740174_SRS3548783__gene_topology_v1",20260805,"SRA740174_SRS3548783","gene_topology_v1",500,499,489,0,1.2980309933469e-07,TRUE,"ripserr","0.3.0","primary","","607be51b0b9f8e3f0dec93bfe362eb20ea5adf92def8c39c6ea047721d3b48f2","mv07h_ph_record_v1:b29062ca91312a61be2afa8984ec2444b0b8a0fbeffbdf2305489f514236439a",13.0955882072449,588763136,38032,"c05133c6cf046a41522c78254b50fe10995f2ced7cd98a28ccc23aa299569ed3","closed",FALSE
"mv07h_ph_metric_v1","ph__20260805__SRA742961_SRS3565195__cell_topology_v1",20260805,"SRA742961_SRS3565195","cell_topology_v1",384,383,344,0,9.3803504258076e-07,TRUE,"ripserr","0.3.0","primary","","d22bae620ee6687ac31f28592314070d300486836fe44fc1e62582572acdf2ab","mv07h_ph_record_v1:bddb64180e6a3e8f6c459ab9839e3fa0b9e3c2229bb07db5f90129e1e14411d5",12.5150773525238,604475392,28881,"bbd3a607560d5c21c0084d40f8954b738b1eaee58b91882b325583e71f4e1579","closed",FALSE
"mv07h_ph_metric_v1","ph__20260805__SRA742961_SRS3565195__gene_topology_v1",20260805,"SRA742961_SRS3565195","gene_topology_v1",500,499,1331,0,1.32092861648842e-07,TRUE,"ripserr","0.3.0","primary","","088e1d0b74c4042202c7330ad5ec69ccee2c92fac219d7cf928aa971694b47b2","mv07h_ph_record_v1:1eb165261797a6909ea4c1e8179cd91d7427598883dcf6847f7af62e882477b5",13.5644226074219,581124096,68333,"1c44f7d864b3a0e8568ad4d85dd37993cab52a67f5fdf32e9da255a2e9ed17bc","closed",FALSE
"mv07h_ph_metric_v1","ph__20260805__SRA742961_SRS3565196__cell_topology_v1",20260805,"SRA742961_SRS3565196","cell_topology_v1",384,383,389,0,9.27666500205514e-07,TRUE,"ripserr","0.3.0","primary","","f6eb6aa54160f031a08a8a67b2bfed35f202ae68c765a594893634f293a400c2","mv07h_ph_record_v1:f4cb97f8b43328a89583e83ac341155b670adc5e3db12f01cc4ef4bc0c6215d5",13.0262272357941,581574656,30456,"ee7a328d2d4d95afc73d02d136f5df2fd479f0d3c3300b52fa62dbcca2dd1b8b","closed",FALSE
"mv07h_ph_metric_v1","ph__20260805__SRA742961_SRS3565196__gene_topology_v1",20260805,"SRA742961_SRS3565196","gene_topology_v1",500,499,1921,0,1.32455532973889e-07,TRUE,"ripserr","0.3.0","primary","","9c21caa8943c4c126dcc87ba8b4aa894a224d3e075271ec7eaa5a64c261d1395","mv07h_ph_record_v1:0b9cbf66a48fda0b73513b10084e691735ece199a29e1e48125d936873ec0d9a",12.7612714767456,721997824,89573,"27fadb754eee4f5af415acba1c4d6824f0d78f2dbce2443a305598da549db8d5","closed",FALSE
"mv07h_ph_metric_v1","ph__20260805__SRA742961_SRS3565197__cell_topology_v1",20260805,"SRA742961_SRS3565197","cell_topology_v1",384,383,362,0,9.15628951529048e-07,TRUE,"ripserr","0.3.0","primary","","36e147e2bca2ded7476116cb944165c201db57c49e615572be7ef3830568ca30","mv07h_ph_record_v1:f53421a2b8b8f55224c9c3b55f3c2885e17c2df11425b70c69007d7cad32d75f",12.7898669242859,665755648,29511,"23af32e029d74b29fc1945998a635ae7adc53f423c960f2d88def78d78444b65","closed",FALSE
"mv07h_ph_metric_v1","ph__20260805__SRA742961_SRS3565197__gene_topology_v1",20260805,"SRA742961_SRS3565197","gene_topology_v1",500,499,1590,0,1.32131913366635e-07,TRUE,"ripserr","0.3.0","primary","","4baddb34d7a34cd14d1fa01034fe41874617697a4d6f609ac3120cfc60ffe538","mv07h_ph_record_v1:b7276c5ebb659255347088822f228de4229f7cb99d06421675f1d1bffef9e261",13.3633687496185,699846656,77657,"886dae64b5775f658a2398f762075661085cfbe6e448999ddcabbfd892414034","closed",FALSE
"mv07h_ph_metric_v1","ph__20260805__SRA742961_SRS3565198__cell_topology_v1",20260805,"SRA742961_SRS3565198","cell_topology_v1",384,383,369,0,8.51954286660879e-07,TRUE,"ripserr","0.3.0","primary","","cde334be1eb1cd40eeb00d26ce032c4ac0c2bf0cc93bbb3fc606cd69dc9a69e0","mv07h_ph_record_v1:ba5ed7eb6f0593c33b33e42a558f66638d300157481bd1cf81812cffdabf1b93",13.2988114356995,665276416,29756,"edfecb962ac8255b05b294617392a9a70038eb414b3f0b1b1c74de5ccc7523aa","closed",FALSE
"mv07h_ph_metric_v1","ph__20260805__SRA742961_SRS3565198__gene_topology_v1",20260805,"SRA742961_SRS3565198","gene_topology_v1",500,499,1852,0,1.31406553317406e-07,TRUE,"ripserr","0.3.0","primary","","4fe07330aee900e9cf3fc63011bee5d630b147195bd9d2181ab97ca8a045d588","mv07h_ph_record_v1:2f45455712e6122d1f943e17a7daf4acaf13a53f3f64f8e921de0ca83d1eaa8a",13.5966999530792,652574720,87089,"5762cc63c1cb3b567dd24b8f197b4d78166407b47ed4c399b77ac2426c6e6f9c","closed",FALSE
"mv07h_ph_metric_v1","ph__20260805__SRA742961_SRS3565199__cell_topology_v1",20260805,"SRA742961_SRS3565199","cell_topology_v1",384,383,388,0,9.1306112818188e-07,TRUE,"ripserr","0.3.0","primary","","facbb350b117f1e6ead07518fea5936fc78871fe336fc98ad8168aa4da6627f1","mv07h_ph_record_v1:43a0e04f9d79697095cb9ea85dce7c1ac42f89ae189a18dc41a9bc4b56ad8ecf",12.7674345970154,584753152,30421,"5ce7db82c753981c3ba239d761cd174c520f4ecc8c0d7d2647af174dcc86e0b0","closed",FALSE
"mv07h_ph_metric_v1","ph__20260805__SRA742961_SRS3565199__gene_topology_v1",20260805,"SRA742961_SRS3565199","gene_topology_v1",500,499,1559,0,1.3059379590222e-07,TRUE,"ripserr","0.3.0","primary","","f8267db6c9f59d86e9908872931e8a3df9224716551bb79c8de4e6bdb5f7679b","mv07h_ph_record_v1:d008664329825a883ec042652d26e1dd972996ce062cc2ea77bcbeff340d28e6",13.0389125347137,679723008,76541,"3f6cf20d85bac23e320d8c9c51a1d460b3837fc43548f0ab156379e45a4158d7","closed",FALSE
"mv07h_ph_metric_v1","ph__20260805__SRA742961_SRS3565201__cell_topology_v1",20260805,"SRA742961_SRS3565201","cell_topology_v1",384,383,417,0,9.31234810671889e-07,TRUE,"ripserr","0.3.0","primary","","d52b43ac1d3a7828a681c1e5f995a4c44e6e6c10bfc3a7bac0a199ede21adbf1","mv07h_ph_record_v1:0352140dea38882100ebc25c40dba5cc687e8acce9f68d7534abec2c1a3fd14f",12.7950482368469,686768128,31436,"11e574f15e65cff088308d0c0713ea53bd2b3ac6faf18277900e6ff321191641","closed",FALSE
"mv07h_ph_metric_v1","ph__20260805__SRA742961_SRS3565201__gene_topology_v1",20260805,"SRA742961_SRS3565201","gene_topology_v1",500,499,1931,0,1.31616105695482e-07,TRUE,"ripserr","0.3.0","primary","","a75242605c2ef542bc85e60987c53a8149b34d78c38c1cdad9f5d238808aac6f","mv07h_ph_record_v1:d5e578669940c0c7b288bc5fe436f493f23bb34c37e8fa78ed41d4a24ca23df0",12.7857229709625,603529216,89933,"6ebe1478a33f2d6db62efb883c0be2c6c5a00cf8baecb3f233b1344f0ab5738c","closed",FALSE
"mv07h_ph_metric_v1","ph__20260805__SRA742961_SRS3565202__cell_topology_v1",20260805,"SRA742961_SRS3565202","cell_topology_v1",384,383,322,0,1.05415445583822e-06,TRUE,"ripserr","0.3.0","primary","","a1a6824b17d20469d262218ea96f92cc2b79dce5ca1f19e8d272384b3ad8e284","mv07h_ph_record_v1:9af78bed17e7bc833c5ac51b9f948f33a66f9f4f70f72bdd6ef1daacbd75273c",12.6129205226898,719085568,28111,"b3763017a9bb3cbc2fa7758afc823e1e4a41a6f75809621d607655821acf9f3c","closed",FALSE
"mv07h_ph_metric_v1","ph__20260805__SRA742961_SRS3565202__gene_topology_v1",20260805,"SRA742961_SRS3565202","gene_topology_v1",500,499,1234,0,1.3094507538273e-07,TRUE,"ripserr","0.3.0","primary","","de008fc9fc1a2c4e5e54b09a76cd9dd293ccd7b86fdd42b950d0685d689514d6","mv07h_ph_record_v1:eab837fb1cfa71d83dff67e72ee69da30bc3ad374b60704551304117c0533a2b",12.8280231952667,643915776,64841,"0fee4721e896e17d4d8bab71bae4155458d5776baca5f4051d04eb51edce1f7b","closed",FALSE
"mv07h_ph_metric_v1","ph__20260805__SRA742961_SRS3565203__cell_topology_v1",20260805,"SRA742961_SRS3565203","cell_topology_v1",384,383,406,0,1.00155171590036e-06,TRUE,"ripserr","0.3.0","primary","","556ff2ea1e878a3f58ebd358a6664b7d73cbd24cfdf320e671a587b6244d0c99","mv07h_ph_record_v1:192907422d58abcdf22088f507a6d1ccfc1da71f46d25e4c71490351b70352b9",12.3313820362091,669503488,31051,"bbdcb2083bd98e88bcd6fb8bd18595d8c2f821e0a95e14fba5415ca42f559760","closed",FALSE
"mv07h_ph_metric_v1","ph__20260805__SRA742961_SRS3565203__gene_topology_v1",20260805,"SRA742961_SRS3565203","gene_topology_v1",500,499,2108,0,1.32946886352958e-07,TRUE,"ripserr","0.3.0","primary","","7b06503d2526bf088fcb1fda66672892b7b94edb055aea6bbe85a435198a6289","mv07h_ph_record_v1:4f5d7df6641fc765fa661eaf323fe7013f2be2c192a13901564b590deb53665a",12.5639679431915,647475200,96305,"44d87d8afa13b9b80cd7f1678a8fe95259b992fcf03ee991fff32812f7a0e537","closed",FALSE
"mv07h_ph_metric_v1","ph__20260805__SRA742961_SRS3565204__cell_topology_v1",20260805,"SRA742961_SRS3565204","cell_topology_v1",384,383,395,0,1.12274106487695e-06,TRUE,"ripserr","0.3.0","primary","","acc968ce109d0bd9083e484ccbfc13ba380459358c48bff2d5bd91bcd3cbaab0","mv07h_ph_record_v1:638e5b63ba4d3dc7162ac7be73174d740a0b5798fcc05bdc40d90b6b494e2b7d",12.5587272644043,694562816,30666,"07b0bced6106816244f5bb6917c048c8c8676d14f884c2b56c50296bb275f1ff","closed",FALSE
"mv07h_ph_metric_v1","ph__20260805__SRA742961_SRS3565204__gene_topology_v1",20260805,"SRA742961_SRS3565204","gene_topology_v1",500,499,1467,0,1.31670093575031e-07,TRUE,"ripserr","0.3.0","primary","","63db47a2bd3972e2cc7d94ec766014eac8fb719e7e115d0bbd5d429e6dfbc0ab","mv07h_ph_record_v1:904b328c8dd6ad155fbd2a977d23737d39c9f18c5627af715baeb8321b2f5cf8",13.0839214324951,583991296,73229,"ebb91fe10697330413c55eaddfd4ae7266ff5bd9e09e481c2e7978761989a1de","closed",FALSE
"mv07h_ph_metric_v1","ph__20260805__SRA742961_SRS3565205__cell_topology_v1",20260805,"SRA742961_SRS3565205","cell_topology_v1",384,383,425,0,1.15715764475362e-06,TRUE,"ripserr","0.3.0","primary","","61bd9fb1da250253f7d3d246ee32be3df56bca6c7d2212f84e0d5de41a75df02","mv07h_ph_record_v1:69be77ca1322b4db521eb87df4be3cb0996c17060b4b6d806f0b9c944c320740",12.6440970897675,688939008,31716,"1a4babba6cb49c1a569be35f1c05aeaa02dfbbad2f859d027407ee2634e934d0","closed",FALSE
"mv07h_ph_metric_v1","ph__20260805__SRA742961_SRS3565205__gene_topology_v1",20260805,"SRA742961_SRS3565205","gene_topology_v1",500,499,2020,0,1.3084057222455e-07,TRUE,"ripserr","0.3.0","primary","","190f461dc5e6581a87d797097ca23692ced0d3f7ad0f42a3b753cb926508cc89","mv07h_ph_record_v1:f970d1e3c00fc72fdf0f50e9987af4304fee5321b64ef79325a2ddd96960b370",13.4823892116547,593084416,93137,"b17ac4c027d31d3cae920ded9a03ee21ed3f10cb9c1fe76325ea91555245e4b8","closed",FALSE
"mv07h_ph_metric_v1","ph__20260805__SRA742961_SRS3565206__cell_topology_v1",20260805,"SRA742961_SRS3565206","cell_topology_v1",384,383,445,0,8.47972158923452e-07,TRUE,"ripserr","0.3.0","primary","","7bf9446b4830ed7dd1aa92d5656c0216139a28561985f1a29fde2b5f7bb98975","mv07h_ph_record_v1:1df9dafe41454b19f63fd6693fb2419a76db5fdddf16696b42aa3b52cc4dba7d",12.7076945304871,617381888,32416,"7557e8084fedb46ef7397b21a381fd79012ab65e1283f72b341bd1e5ce6347ae","closed",FALSE
"mv07h_ph_metric_v1","ph__20260805__SRA742961_SRS3565206__gene_topology_v1",20260805,"SRA742961_SRS3565206","gene_topology_v1",500,499,2207,0,1.31439942531858e-07,TRUE,"ripserr","0.3.0","primary","","4e9d9f42b670a9bcb5401dbc1380de5cb213b8800e5ee7474c548d2f1a5bfd93","mv07h_ph_record_v1:64477364b4ef1debf87cc5a423fb3a1cee3314d8fd985eb0cc2a07cc2487f24f",13.229240655899,630099968,99869,"e4b9209f02c781778c3d7fea8428bf85bacd69f117f1eb0abc40984385dff31e","closed",FALSE
"mv07h_ph_metric_v1","ph__20260805__SRA742961_SRS3565207__cell_topology_v1",20260805,"SRA742961_SRS3565207","cell_topology_v1",384,383,390,0,1.10129364360336e-06,TRUE,"ripserr","0.3.0","primary","","824b6634d0a83fb0328e74d8fb8fce5684a6d17434cbb4ac728ec185928fef29","mv07h_ph_record_v1:070c761c1674b948c16745de81a098ea299cad31013d67b7d5a3054bb986c49c",12.4334604740143,711946240,30491,"742691243581e8796a563c23ddab5711075adcb8ea75676148c3ebc83b5e16e1","closed",FALSE
"mv07h_ph_metric_v1","ph__20260805__SRA742961_SRS3565207__gene_topology_v1",20260805,"SRA742961_SRS3565207","gene_topology_v1",500,499,1718,0,1.31585574763394e-07,TRUE,"ripserr","0.3.0","primary","","4eed6babcb3ef94ec119c5261d9c991bce012a64a1739326e300e5adceb257b1","mv07h_ph_record_v1:62315ee95853cd08e20c6f2b8f1c2fd825073ef6da0f9192eed32a35d11de22e",13.476459980011,636637184,82265,"1caa404f3b207ae7b6d13c52a44012de7f95b03a4e0e7a384b96d95339c2025e","closed",FALSE
"mv07h_ph_metric_v1","ph__20260805__SRA742961_SRS3565208__cell_topology_v1",20260805,"SRA742961_SRS3565208","cell_topology_v1",384,383,401,0,7.5421236726637e-07,TRUE,"ripserr","0.3.0","primary","","97e4b950ed3b37be173522b9274bcc5fdc6565d5061dab9853820e9fab054e6c","mv07h_ph_record_v1:1e62d92d13ac84624af3164c2b379b1e08083b26ae68bd2d3c7d76e6500e6a01",12.4478492736816,659349504,30876,"2922915cc2b2ccc3f2c450ba20960cac4875dfcd98b55b36498cdec787966483","closed",FALSE
"mv07h_ph_metric_v1","ph__20260805__SRA742961_SRS3565208__gene_topology_v1",20260805,"SRA742961_SRS3565208","gene_topology_v1",500,499,2324,0,1.3099068044891e-07,TRUE,"ripserr","0.3.0","primary","","3f856126d9c87618a305a264ed65f194b7a7d5bc826a18408d34a03fb8015900","mv07h_ph_record_v1:af957ebdce629c7f11c28a29a212f0ef39497441ab3a79ed29fc43b441549db2",13.2970590591431,577175552,104081,"f880b41fa3a2f264ddfdcd5d2edb9278cd3f969e856eada8d8c41d92d75c0065","closed",FALSE
"mv07h_ph_metric_v1","ph__20260805__SRA742961_SRS3565209__cell_topology_v1",20260805,"SRA742961_SRS3565209","cell_topology_v1",384,383,418,0,1.05917325419581e-06,TRUE,"ripserr","0.3.0","primary","","ba142e05b7bf990a39e539cfe6572b10b731fba1a1423ea0c3310fe31b872b3e","mv07h_ph_record_v1:0cc10179ec6dee366ed9db73c7099b0b8997753ba7e5b18844c0a521a2044f7e",12.4688682556152,599113728,31471,"8ab2ca85aac39e628ca84d27ebbf680710c1136d68b718f40de98dad1f2c215a","closed",FALSE
"mv07h_ph_metric_v1","ph__20260805__SRA742961_SRS3565209__gene_topology_v1",20260805,"SRA742961_SRS3565209","gene_topology_v1",500,499,2210,0,1.31334630435238e-07,TRUE,"ripserr","0.3.0","primary","","3e9621dd5b765140b9a672d767fad5b923a4423f62d81a077dee0e59229c1a08","mv07h_ph_record_v1:2f36bff38ab404acf5b0396eb10de0aa2dea6a4a3ce7ce854259fa1a054983e8",13.2325878143311,636551168,99977,"2069950e7d957548e80466fa4b603a87102583c82def9a476f73ba72a6c5c414","closed",FALSE
"mv07h_ph_metric_v1","ph__20260805__SRA742961_SRS3565210__cell_topology_v1",20260805,"SRA742961_SRS3565210","cell_topology_v1",384,383,381,0,1.40496458078828e-06,TRUE,"ripserr","0.3.0","primary","","6359a1baf3cd697fbee7d75f6f2cd13abd0cb73e584de3403292e21004f39b66","mv07h_ph_record_v1:db46a54abdf63a1b2fced956aa3b243f88c1f4e32a02712f31790698d04943b1",12.4603626728058,581644288,30176,"8a65b2b6ee2e33748feefcb0d94155f3de4c02648c22e0c51719e22350eed451","closed",FALSE
"mv07h_ph_metric_v1","ph__20260805__SRA742961_SRS3565210__gene_topology_v1",20260805,"SRA742961_SRS3565210","gene_topology_v1",500,499,1357,0,1.31224279337745e-07,TRUE,"ripserr","0.3.0","primary","","763d6b5bcffd69a04800c1c6132288e9e0c08c4321fbd428021a2d5078db6273","mv07h_ph_record_v1:85cf1ff3f05aaa5190fa1c3e43ee6a778845f8dea0d5a67f2ab8e381176f5191",13.5226566791534,582795264,69269,"a126fa05e7b1247590fc155050979ed93199a384aed49fe103177fdd1de64654","closed",FALSE
"mv07h_ph_metric_v1","ph__20260805__SRA742961_SRS3565211__cell_topology_v1",20260805,"SRA742961_SRS3565211","cell_topology_v1",384,383,400,0,1.10762347799567e-06,TRUE,"ripserr","0.3.0","primary","","38c4269993cedd0cb44aca249bb5c77fe539419b6fb4b7da60185af3d258e1fe","mv07h_ph_record_v1:adfe72e7481cee059a579ccd0e8f6914fbf2b3ce06c591a755f1e049ec604e15",12.7143046855927,669052928,30841,"78f48b6ca3a452f4953597b5dd32a77918894f26c0e278b91af46c3a7482bd6b","closed",FALSE
"mv07h_ph_metric_v1","ph__20260805__SRA742961_SRS3565211__gene_topology_v1",20260805,"SRA742961_SRS3565211","gene_topology_v1",500,499,1634,0,1.30518924573004e-07,TRUE,"ripserr","0.3.0","primary","","8036f866c8ab5814d0ca87899b5f350e6a3e8c64a4cd3a059109d89a1235122d","mv07h_ph_record_v1:2c6c277b5d63e76c3d09cdd5dae1fe4a0d554c50f7977e5278e695e8beb44861",12.7401924133301,595243008,79241,"21ce24fe22f32854d53726a99774bf223c20208e71239c044d617c6d02f65b2b","closed",FALSE
"mv07h_ph_metric_v1","ph__20260805__SRA749327_SRS3693910__cell_topology_v1",20260805,"SRA749327_SRS3693910","cell_topology_v1",384,383,374,0,1.02511804657474e-06,TRUE,"ripserr","0.3.0","primary","","6f7830c2c0809f3f79910e31b65e323426c4b0270da9b09972f3f6a21a8ebb43","mv07h_ph_record_v1:9dbfaaa6ec050b8bdd927dce0e5018141ba39816904ac661f4ae787152df1fb6",12.610337972641,660893696,29931,"02ccfb7c3d5fd0517539733587d89b6187e4f8bebd5f205845ebc6406cecb318","closed",FALSE
"mv07h_ph_metric_v1","ph__20260805__SRA749327_SRS3693910__gene_topology_v1",20260805,"SRA749327_SRS3693910","gene_topology_v1",500,499,1593,0,1.31993488870785e-07,TRUE,"ripserr","0.3.0","primary","","f97791a4d192050176e690018e6731e966d57209b2be46df620d3a53e5a0ea23","mv07h_ph_record_v1:c25f6ac938a33724a8ee2c0f982edb21fb6e66202a7410293e36a13f10ddd79f",12.9945619106293,589008896,77765,"767e33fef17f170ed57dc39119f64a87a9f3cbdf97d56bf8099b2db1878accf4","closed",FALSE
"mv07h_ph_metric_v1","ph__20260805__SRA749327_SRS3693911__cell_topology_v1",20260805,"SRA749327_SRS3693911","cell_topology_v1",384,383,394,0,7.41523537114573e-07,TRUE,"ripserr","0.3.0","primary","","49ab9f879ef2bc9eff718c0b6b2106d0d4dad68068c44f37f81c1c3f0f770c2d","mv07h_ph_record_v1:3dcf0d0cb0f8fd5bd46138186c2cd6a8b70fbe619f1302ab21c8c47500108793",13.805792093277,690561024,30631,"0d04dd48892521dc61d5cf7b44d7bdabd34b5e959178d67da44f857738f31485","closed",FALSE
"mv07h_ph_metric_v1","ph__20260805__SRA749327_SRS3693911__gene_topology_v1",20260805,"SRA749327_SRS3693911","gene_topology_v1",500,499,1521,0,1.325580896267e-07,TRUE,"ripserr","0.3.0","primary","","cf4872569832203e0aaec7fb2617983dc7c29750a94c0cdf75101b00fcbbf50a","mv07h_ph_record_v1:b160e91fc2b0fcca1a043d89399b5d8592b677d5a15ce4edf6aa9a82e2299686",13.0060451030731,592666624,75173,"3e4292f97cc5ae51abdddb81516a64eb90b4c28d7bd01d635165c7d27fddcb55","closed",FALSE
"mv07h_ph_metric_v1","ph__20260805__SRA749327_SRS3693912__cell_topology_v1",20260805,"SRA749327_SRS3693912","cell_topology_v1",384,383,400,0,6.38166731198048e-07,TRUE,"ripserr","0.3.0","primary","","8db836240e38032ca1d50a126a43a591c58d980ce61c346e293a558bb67be6e2","mv07h_ph_record_v1:b1da7884dfb6255aacd2cefc00c2c26e8352a72e33978eebde3df0a3d1671877",12.2426011562347,599699456,30841,"897cc5130d363f19118e8953df738e91c493d90ac2f00a0643cfbb56ce6669a9","closed",FALSE
"mv07h_ph_metric_v1","ph__20260805__SRA749327_SRS3693912__gene_topology_v1",20260805,"SRA749327_SRS3693912","gene_topology_v1",500,499,1597,0,1.31748498271063e-07,TRUE,"ripserr","0.3.0","primary","","50764348875f4a710911acf04f92f67b619b95be09b0518079a7e4ac91454b02","mv07h_ph_record_v1:17a1417e9439bdf12d58d0454c433626e790cb9aa6012f68e82dbbd1fdaaf610",12.5309054851532,649449472,77909,"01c74cfed365f632505dbd8c646f47d1599c19ff9174ec24fc1b09305bb13b4f","closed",FALSE
"mv07h_ph_metric_v1","ph__20260805__SRA749327_SRS3693913__cell_topology_v1",20260805,"SRA749327_SRS3693913","cell_topology_v1",384,383,377,0,6.74029902223214e-07,TRUE,"ripserr","0.3.0","primary","","a405b5b07f03d9489dc5a63ec1a6262c24ae5e10d04c6c33ee5e322cc30870a1","mv07h_ph_record_v1:f2f7b13d18932b3f12a5a56c3d59b02ef43f7577899cd43b5925e55cf258bf46",13.0621252059937,635326464,30036,"314b6a827cbb5eb92405efe4832ea76ff5059b72aa792371033eabaa2aa72f58","closed",FALSE
"mv07h_ph_metric_v1","ph__20260805__SRA749327_SRS3693913__gene_topology_v1",20260805,"SRA749327_SRS3693913","gene_topology_v1",500,499,1500,0,1.31729112239994e-07,TRUE,"ripserr","0.3.0","primary","","39f9a5ee1ae14f9beef7dee69b223916cf19b1ae87f527b8ef927bb6bbd1aeb5","mv07h_ph_record_v1:2d64766236411cf8df5465b9ea65d9fd0462112e71615e4a44d455a4ded82120",12.7660851478577,719597568,74417,"73be3cd8f401af85a330667023ea27b8866f46253e69424583de560ec7cc1087","closed",FALSE
"mv07h_ph_metric_v1","ph__20260805__SRA760933_SRS3693061__cell_topology_v1",20260805,"SRA760933_SRS3693061","cell_topology_v1",384,383,324,0,1.13391687442065e-06,TRUE,"ripserr","0.3.0","primary","","7ed651d49daac468e1713bdc77f58e7a1643f65d6f651b9e3d67aea8985a6617","mv07h_ph_record_v1:863e77683f6147bf956bbe4948d616dc14ef04dd3133037d89127b6f42c23cfd",12.5232481956482,619474944,28181,"9cc0e1424aad094a24629dcef70bb90ab69ba0ffca4b650dff382777c56bfff8","closed",FALSE
"mv07h_ph_metric_v1","ph__20260805__SRA760933_SRS3693061__gene_topology_v1",20260805,"SRA760933_SRS3693061","gene_topology_v1",500,499,511,0,1.32159571379181e-07,TRUE,"ripserr","0.3.0","primary","","1118b58970d561e22c9d57a188ea0d7ff355d9d5873f7526c5d1c9cdafeeb559","mv07h_ph_record_v1:207b8e61137dd2cf2f2bbf6c49f1a284166831c9e7c4b1d7716ed1543434e579",12.7863411903381,716398592,38813,"efea1dc279de15f1b19c9405538547f9fee1c43718d98c9d54680c1abb375b02","closed",FALSE
"mv07h_ph_metric_v1","ph__20260805__SRA779509_SRS3805245__cell_topology_v1",20260805,"SRA779509_SRS3805245","cell_topology_v1",384,383,293,0,1.3227670612425e-06,TRUE,"ripserr","0.3.0","primary","","dd93a3de18f3412aa528d8306d1c1ee0a32623df2d5a2e12e8b578a0ad4af77d","mv07h_ph_record_v1:d9dd8d6eebecdb1c9355af08b7026b6a5878c4d8d487953137d8682496d94091",12.5197551250458,577646592,27096,"90b39f2e89b2c384b535f72860c9574c1b8b30a594a659e8aaea70002d928f27","closed",FALSE
"mv07h_ph_metric_v1","ph__20260805__SRA779509_SRS3805245__gene_topology_v1",20260805,"SRA779509_SRS3805245","gene_topology_v1",500,499,822,0,1.30392985246847e-07,TRUE,"ripserr","0.3.0","primary","","eade9bb9d998f15c9227b571576161d599612c367dbbadfb6ecc2321308fcf8f","mv07h_ph_record_v1:750e64497c7ae2deffbcf8df2743b8aa80108478a128fd998ba9eb5c91b00e29",13.0519602298737,582516736,50009,"5f6e0f1a4d577a18e71237409911380f2531b14f8fce76afb4e8a405bdd8a482","closed",FALSE
"mv07h_ph_metric_v1","ph__20260805__SRA779509_SRS3805246__cell_topology_v1",20260805,"SRA779509_SRS3805246","cell_topology_v1",384,383,322,0,7.58846412492472e-07,TRUE,"ripserr","0.3.0","primary","","bfb1b081aebc41bb71cdddaec182089d2de1a7229ea32e16e664a25a9ce7536f","mv07h_ph_record_v1:33b2bda3d3f7ce7aa6abd07abf9bef25d82a78884ee0c6c6a0913b7d6645f96a",12.54709649086,663859200,28111,"56c905442325e619821b05297fb38d842f42bbe12b8112accf0264d70b688d95","closed",FALSE
"mv07h_ph_metric_v1","ph__20260805__SRA779509_SRS3805246__gene_topology_v1",20260805,"SRA779509_SRS3805246","gene_topology_v1",500,499,897,0,1.3115944642258e-07,TRUE,"ripserr","0.3.0","primary","","6fdc0e0d5a18122d23f003aac42972798a1196f59dc0007ad344f089d9e4c61a","mv07h_ph_record_v1:2ea4326d134e65bcdd592310efa6cdb67868b2668163ce3247596b1a0b6b3c3d",12.8343551158905,633995264,52709,"974523ed69c6381e9efa2fbad48934e4dc70a83cd4298bb3eb94735c62db7e22","closed",FALSE
"mv07h_ph_metric_v1","ph__20260805__SRA779509_SRS3805247__cell_topology_v1",20260805,"SRA779509_SRS3805247","cell_topology_v1",384,383,319,0,6.91780687073677e-07,TRUE,"ripserr","0.3.0","primary","","f1946871061784ae6740aee5379ea69cdba8972e37aa0de25008804d281dd8ab","mv07h_ph_record_v1:329dd93b40d016bce01ee38adc919f0b99c73ae2a476985c474b998713b9923c",12.791850566864,627851264,28006,"9b632448befabe43d9648748147bbf38bc87398f31f683a38076ad7ee7751e67","closed",FALSE
"mv07h_ph_metric_v1","ph__20260805__SRA779509_SRS3805247__gene_topology_v1",20260805,"SRA779509_SRS3805247","gene_topology_v1",500,499,982,0,1.31630525074577e-07,TRUE,"ripserr","0.3.0","primary","","e277c8e7194108bd00fc193e13771e9429c855d2877f6a8f54f85076f6e01298","mv07h_ph_record_v1:a623c5bfe9a8feb518627166de461d18793df85e56ea9382290bf455b1b25354",12.8203508853912,579416064,55769,"8f1938db1a6b4003ba803bc41c92984a134276a9f8ae3f1345267effef1171a9","closed",FALSE
"mv07h_ph_metric_v1","ph__20260805__SRA779509_SRS3805248__cell_topology_v1",20260805,"SRA779509_SRS3805248","cell_topology_v1",384,383,326,0,6.97696648013677e-07,TRUE,"ripserr","0.3.0","primary","","7a980d804af3c97ae3302232e4378ee433b6f3a56fee386a08584adf0df90843","mv07h_ph_record_v1:34340a8a0cdf253e900de96de7d4d9741b069d95df8566046fb89a2cac7f9b63",12.7827324867249,581570560,28251,"b3c5cdff9e63e04fef915da360805ab13d2383a14776a904213ffb07785fb662","closed",FALSE
"mv07h_ph_metric_v1","ph__20260805__SRA779509_SRS3805248__gene_topology_v1",20260805,"SRA779509_SRS3805248","gene_topology_v1",500,499,1140,0,1.31889612028204e-07,TRUE,"ripserr","0.3.0","primary","","49b40c00dc49ef0243f4a20b9489684fca0ea4b9ef78ccd4f6241c6501e018b2","mv07h_ph_record_v1:6d3da4550df5e280dc8c035ba9d8c72c9752c03fff5291a2b6a9438fa786dae8",13.3395085334778,654483456,61457,"eff746c1d4247f7ae517568e7d29adb6f9dfb887e6af6af5538301ef12fec4b3","closed",FALSE
"mv07h_ph_metric_v1","ph__20260805__SRA779509_SRS3805249__cell_topology_v1",20260805,"SRA779509_SRS3805249","cell_topology_v1",384,383,355,0,7.53770139690671e-07,TRUE,"ripserr","0.3.0","primary","","a6916a5a4b1b46a2f1cae8e0d9e90fdad036a2938678dd898a2f0ef8c08dca04","mv07h_ph_record_v1:fba2be4de96820cb378be3ca5db5b8e1d7a82c27cc49edaf69589b17560616a1",12.548248052597,581672960,29266,"7168d259ee4ec067ae13fd6971a2972b7abef317b549ba7c71fb1ca56722726b","closed",FALSE
"mv07h_ph_metric_v1","ph__20260805__SRA779509_SRS3805249__gene_topology_v1",20260805,"SRA779509_SRS3805249","gene_topology_v1",500,499,1576,0,1.31864220210095e-07,TRUE,"ripserr","0.3.0","primary","","69bca6f640795cffa6dcf4d70b86872dc3cc78889b77fa86ba354d37ecb02384","mv07h_ph_record_v1:34b59c8f9be9fd2a4982fdc73b0961d894996b929b46c21177c26b7ca64fd31b",13.1077880859375,625635328,77153,"e9c88da2222b3451b30dbb1881655e6d673e968c2f5079150dc89c7262c13edd","closed",FALSE
"mv07h_ph_metric_v1","ph__20260805__SRA779509_SRS3805250__cell_topology_v1",20260805,"SRA779509_SRS3805250","cell_topology_v1",384,383,335,0,7.26710737364514e-07,TRUE,"ripserr","0.3.0","primary","","d30de1b64fc416e61c551cd9c8f49deaf1db1f811b8e5cb0f66547a1ad1b13bf","mv07h_ph_record_v1:fbc22f8c4905c4bd1e24a02d2ebdf90a28ad6d72c54c7b0823c12a33de911451",12.7187082767487,649773056,28566,"21da1543ef46963a500ad7fbf1da9fc9da09110bb40ff0a8eee5a698502a4d59","closed",FALSE
"mv07h_ph_metric_v1","ph__20260805__SRA779509_SRS3805250__gene_topology_v1",20260805,"SRA779509_SRS3805250","gene_topology_v1",500,499,1070,0,1.33031838111962e-07,TRUE,"ripserr","0.3.0","primary","","c12fb850f5f99a8bdabfe9f96a42526b5e333beb79e1ebd86cc8c266cef8b392","mv07h_ph_record_v1:02f2501fad89d711f3f4cb12d5a3f3353bb4593bb483737497d5795aed11b006",13.1069176197052,629940224,58937,"fba1c6e159a6eb6600fb82b81a86c1c2489ba25bc17248299e95839459c8ae0b","closed",FALSE
"mv07h_ph_metric_v1","ph__20260805__SRA779509_SRS3805251__cell_topology_v1",20260805,"SRA779509_SRS3805251","cell_topology_v1",384,383,281,0,1.07659955997351e-06,TRUE,"ripserr","0.3.0","primary","","f0837051cd323836ac3e781126be5e175225f50f3247bd78f1e46c980e8d2fd4","mv07h_ph_record_v1:d763c97d8d99cac304df977e79696eb931982158cf2ce9fee77e85a8e0d6252c",12.8080410957336,581992448,26676,"402ff83cd663e15482dc732d3abdad19b1fca1d6cb1d146c209b084947a948f5","closed",FALSE
"mv07h_ph_metric_v1","ph__20260805__SRA779509_SRS3805251__gene_topology_v1",20260805,"SRA779509_SRS3805251","gene_topology_v1",500,499,311,0,1.30253200601901e-07,TRUE,"ripserr","0.3.0","primary","","bb8f3b8ce9ffabbb52fc5b78015a804f34daf91b7473acff9c751fa17b3e1d0a","mv07h_ph_record_v1:68733a9ac470779b05e06be9c8b6bdd3c0ed96730f5da8d8634bf14210bfc599",12.8058528900146,581709824,31802,"505dcba2c955b8048624a24f8d883ae8fa2e5ab366e0e2ba43909285ff503ca3","closed",FALSE
"mv07h_ph_metric_v1","ph__20260805__SRA779509_SRS3805252__cell_topology_v1",20260805,"SRA779509_SRS3805252","cell_topology_v1",384,383,334,0,1.00666253760613e-06,TRUE,"ripserr","0.3.0","primary","","f8a0773e9c2e6515b6c29c7af97544c5567bffcb2ad19582d7df82c7c42c23ad","mv07h_ph_record_v1:81aceb9b5667074eca172f2cbef8c55c49adc183e2afb66732bc5180b105539c",12.8055353164673,722042880,28531,"f4a75c82d6a8ac8f94a210bb47ca3df8be5c526a59e911a463429a7da145007e","closed",FALSE
"mv07h_ph_metric_v1","ph__20260805__SRA779509_SRS3805252__gene_topology_v1",20260805,"SRA779509_SRS3805252","gene_topology_v1",500,499,1372,0,1.30957312244362e-07,TRUE,"ripserr","0.3.0","primary","","d862353ba9b7b4c49f7058daac3e7d78708234258e4ecbb17c2a50a0562ea41a","mv07h_ph_record_v1:9eef545c7043642eb7b19b061511333dbc4c14733770e28d4cd578dccb5b1f0d",13.3995432853699,673161216,69809,"7528e6cb5deebd0ce6c7ca9dc4ce39f869dc88cf74006839ffe753dac939038a","closed",FALSE
"mv07h_ph_metric_v1","ph__20260805__SRA779509_SRS3805253__cell_topology_v1",20260805,"SRA779509_SRS3805253","cell_topology_v1",384,383,372,0,8.68609646037008e-07,TRUE,"ripserr","0.3.0","primary","","14b140bf18b29ae8763d4dee4824ccffa9dde806ec4464378c249697239451f3","mv07h_ph_record_v1:803010ec16f746b7ae3e433d96ec890d5d323290d4d698e015cbbd5903232128",12.5036382675171,617115648,29861,"86a15dde7607e1dfa7a258931ad796149ea0115af115d2893e1a90d464f8fef2","closed",FALSE
"mv07h_ph_metric_v1","ph__20260805__SRA779509_SRS3805253__gene_topology_v1",20260805,"SRA779509_SRS3805253","gene_topology_v1",500,499,1031,0,1.31689701466921e-07,TRUE,"ripserr","0.3.0","primary","","28145f6ef7c744b229cd419c0eba0072f473b5a1ef7d3143a663c07fff271fc2","mv07h_ph_record_v1:7643cd05833475e347f1597bf6c6f09660f1a467d6ea087ea37c66b4b43e7dc7",13.1978044509888,577253376,57533,"4d3dcb1d694113bbeecb8ebdce628f75945e09a8e9fb499c355a7f1859caca99","closed",FALSE
"mv07h_ph_metric_v1","ph__20260805__SRA779509_SRS3805254__cell_topology_v1",20260805,"SRA779509_SRS3805254","cell_topology_v1",384,383,319,0,8.99568382752844e-07,TRUE,"ripserr","0.3.0","primary","","469ea12063dca5fbced1f2193fd3432dfb7ae2c8dd809ec2d7b2131a8396d75d","mv07h_ph_record_v1:a77cb2380d3ca0712ea90eccf763f814fe0dcbd1c5f20e1a01620de160126e1d",12.4519493579865,581750784,28006,"d3440d25a49336a922ee325de3fff4cfba3d6856feb4c371ecfe5ae6959dd01c","closed",FALSE
"mv07h_ph_metric_v1","ph__20260805__SRA779509_SRS3805254__gene_topology_v1",20260805,"SRA779509_SRS3805254","gene_topology_v1",500,499,671,0,1.30880137458294e-07,TRUE,"ripserr","0.3.0","primary","","ecca99cd67dbb6b10bb47f5c2b549174a6ea7f293febadec7df5cb6b7f5dd350","mv07h_ph_record_v1:b95759b819714f19070ebc74a3f761b41ce4e5c2abe43608670c046de2c4cef4",13.2092988491058,594198528,44573,"b2c528358f75bc12e3921c915c78a7eaf4a40f22a0a14fac041a0892f1931586","closed",FALSE
"mv07h_ph_metric_v1","ph__20260805__SRA779509_SRS3805255__cell_topology_v1",20260805,"SRA779509_SRS3805255","cell_topology_v1",384,383,365,0,1.09576687254913e-06,TRUE,"ripserr","0.3.0","primary","","769e19106a6e18469c9e538068fd58b8e2c85e384b3980043f51d5bd4e329e64","mv07h_ph_record_v1:7171f2225071e23e14b0aff977f0c44522f6919d9ce94e318f8e8fe009645aa6",12.7145671844482,660692992,29616,"fbca1d5210b360e2cee8cd5ca518ba60bf1bb43ecbf3c89f96143da4efe5d88f","closed",FALSE
"mv07h_ph_metric_v1","ph__20260805__SRA779509_SRS3805255__gene_topology_v1",20260805,"SRA779509_SRS3805255","gene_topology_v1",500,499,1770,0,1.31732214484707e-07,TRUE,"ripserr","0.3.0","primary","","7791731d7a9f4a6f468e9f9c023d9cad07bac90a55ab3b39c63f27db834f7666","mv07h_ph_record_v1:86af7b09fd2622530b7eb188c7bc5858db734bc74a47800a940b47e65673287f",13.217217206955,629256192,84137,"7d475b6abf86881429704f01f0796f2c39349dbf759cff7970e8facbda8226d0","closed",FALSE
"mv07h_ph_metric_v1","ph__20260805__SRA779509_SRS3805256__cell_topology_v1",20260805,"SRA779509_SRS3805256","cell_topology_v1",384,383,326,0,8.97669502374643e-07,TRUE,"ripserr","0.3.0","primary","","bee30a968dfcc6761ddf57926f0c4b3fa8bbedab8fd46ed5638b774063f5d074","mv07h_ph_record_v1:317bfdb129a0b702f23db40b60b8bd3681b87ff8ff6a1df57b77e3af7b94ec1d",12.8023087978363,584208384,28251,"0635cf677e2bf0f0d940dfbc9f93e2350b809587f0751e1b38c7f7346f144256","closed",FALSE
"mv07h_ph_metric_v1","ph__20260805__SRA779509_SRS3805256__gene_topology_v1",20260805,"SRA779509_SRS3805256","gene_topology_v1",500,499,664,0,1.3090819483561e-07,TRUE,"ripserr","0.3.0","primary","","5603d5f07cc509ca77b95a4e5e2eabc7f34f4d8c5b3ecd7220cb628576f0714e","mv07h_ph_record_v1:491dbbab47ee2d185c21e9a93215c8de3ad4863d249d352f83bc0d8d4cc280f9",12.4649260044098,704364544,44321,"8b1d5240fa5287b948ac40ab66f1693d59a759b94dd95e47f95dbe0002d20b36","closed",FALSE
"mv07h_ph_metric_v1","ph__20260805__SRA779509_SRS3805257__cell_topology_v1",20260805,"SRA779509_SRS3805257","cell_topology_v1",384,383,278,0,1.04136904663147e-06,TRUE,"ripserr","0.3.0","primary","","e027f789acba4830542d8352ebae26cdcb9e72d130dfc54b42a0f43f808e4842","mv07h_ph_record_v1:9978bf1e6a5d528bc77cfee0fb071dd0a980743e35ae78caad8d5ca15b3aff97",12.4967393875122,687333376,26571,"c60ad6cdad4b5e54509ca4dcbcb4efc5e0109b82878ebeddb83eb00baa186421","closed",FALSE
"mv07h_ph_metric_v1","ph__20260805__SRA779509_SRS3805257__gene_topology_v1",20260805,"SRA779509_SRS3805257","gene_topology_v1",500,499,518,0,1.30996090283829e-07,TRUE,"ripserr","0.3.0","primary","","8d77e5615ec86e5ce4763ebd8c6d2d8cf0b518c2dd532fdd79f89083b39f6631","mv07h_ph_record_v1:a3214567acd30e7e126a30059e449a0e13bd8979cff75294bad1e042308dc525",12.7249557971954,616329216,39065,"53c978a41841f17e1e2458121b9b82939ccb3cfa0c2133696b24d907cd7e06be","closed",FALSE
"mv07h_ph_metric_v1","ph__20260805__SRA779509_SRS3805258__cell_topology_v1",20260805,"SRA779509_SRS3805258","cell_topology_v1",384,383,392,0,1.16108315132424e-06,TRUE,"ripserr","0.3.0","primary","","c8823c202bf4d3a69c77ced1e17e284d431cc7b1a9db0049dc332a20bc8f9951","mv07h_ph_record_v1:167b8a99c85a02eaa26f44e313fe1268951582ab3a36ef7df3c02ddf48bbc4a4",13.2745575904846,600399872,30561,"9ee0921d117acbc4c66cb450035cd434cbe9b23ff013b755bac5ca781b49f403","closed",FALSE
"mv07h_ph_metric_v1","ph__20260805__SRA779509_SRS3805258__gene_topology_v1",20260805,"SRA779509_SRS3805258","gene_topology_v1",500,499,1450,0,1.32698643592974e-07,TRUE,"ripserr","0.3.0","primary","","5af73983471e6ba33041624bdade93cf2cc756583aef9392a3ca4dc15785ed3d","mv07h_ph_record_v1:0a31aeec7ca2a8963b201a3e6a7f5c25771e23b31d87c1216589620253948aa6",12.7435319423676,684027904,72617,"ad556782075414a495847475cd53fa01ed678f529a25a7414e285bae76df7a35","closed",FALSE
"mv07h_ph_metric_v1","ph__20260805__SRA779509_SRS3805259__cell_topology_v1",20260805,"SRA779509_SRS3805259","cell_topology_v1",384,383,338,0,1.11202092189844e-06,TRUE,"ripserr","0.3.0","primary","","10195f138cb7af669cac67bcd7f288e41535e66fb8671533934ef633180ef145","mv07h_ph_record_v1:cd0580a1980235c3240eb97b44b89cfc4b6043551321afa8251ad503adc53032",12.8728003501892,581754880,28671,"c3f4390a16e7ab89c8235b13abaecdb924c011d93f978550cdc80b4246606b6d","closed",FALSE
"mv07h_ph_metric_v1","ph__20260805__SRA779509_SRS3805259__gene_topology_v1",20260805,"SRA779509_SRS3805259","gene_topology_v1",500,499,1432,0,1.31935857499683e-07,TRUE,"ripserr","0.3.0","primary","","d30614ef744a427b26bce2758ba70f0eb910dc00589d5d9a7a008c360293a95e","mv07h_ph_record_v1:7891f012f8003334c894b9d4e2dc66d086081219528d6be0bb299cdb82e55910",12.517107963562,730861568,71969,"c5471bc0eb0806ec989cd1ec79ee300a2fd0b52bfe709a36d73b778979081cc4","closed",FALSE
"mv07h_ph_metric_v1","ph__20260805__SRA779509_SRS3805260__cell_topology_v1",20260805,"SRA779509_SRS3805260","cell_topology_v1",384,383,335,0,7.45366698183674e-07,TRUE,"ripserr","0.3.0","primary","","f9098572d8e93f03ecb9f758851075f841d6fa27ce3405b19f994661519d04ed","mv07h_ph_record_v1:e2b4aea81a3b2457afb10ec9abfada6eba0c45db0607caae365e6cff9dbf44a7",12.2391531467438,692158464,28566,"788cfe5fb3c8397ce4b775c72dcf1fb05c53d1df64a19e4d9b610e0aa066e2fa","closed",FALSE
"mv07h_ph_metric_v1","ph__20260805__SRA779509_SRS3805260__gene_topology_v1",20260805,"SRA779509_SRS3805260","gene_topology_v1",500,499,1003,0,1.31094709820835e-07,TRUE,"ripserr","0.3.0","primary","","99cb3714e44b6e0f6ac90eb18b4eeb0320d292dd1b9bd8d339643e920efcd468","mv07h_ph_record_v1:a24f1addc9e95caa445392bf84cfc5df27dbec4aa0d9f568bbbf3de2d88c6fd1",12.7829287052155,617021440,56525,"d17f46d9f480ea1cec681e06453eb981f39136d181ab894d87976aa302f8729e","closed",FALSE
"mv07h_ph_metric_v1","ph__20260805__SRA779509_SRS3805261__cell_topology_v1",20260805,"SRA779509_SRS3805261","cell_topology_v1",384,383,304,0,7.61525530740101e-07,TRUE,"ripserr","0.3.0","primary","","a8f7a844cbc9add774b635c0bc4279303beb27f84511300358e6e92a8275bfe9","mv07h_ph_record_v1:59fa6469836da9ee668c615050bf355b0a01ec8cabd3a8164cfb670c3fa77453",12.5769233703613,630927360,27481,"add31866b60fb452a43c4836413f8c8a1eb9fba206b197e6735eeecabc0d4c87","closed",FALSE
"mv07h_ph_metric_v1","ph__20260805__SRA779509_SRS3805261__gene_topology_v1",20260805,"SRA779509_SRS3805261","gene_topology_v1",500,499,905,0,1.31117513487014e-07,TRUE,"ripserr","0.3.0","primary","","31976399e12ceccc9c62048635afb3ebeb69d9efce79fcbf22b08ada9b3b1214","mv07h_ph_record_v1:e622c9356f727ad9bd0843d95470ac5cfe5cdee1d458d618a015b70f91d2b832",13.1113727092743,640102400,52997,"ee5f578a2e8c8b61bd35ad36eaea9c37418a62faec0bc1ba7fa2d8295bbe1efa","closed",FALSE
"mv07h_ph_metric_v1","ph__20260805__SRA779509_SRS3805262__cell_topology_v1",20260805,"SRA779509_SRS3805262","cell_topology_v1",384,383,279,0,1.03487324996629e-06,TRUE,"ripserr","0.3.0","primary","","a84cd1bd35775c8ff79724a61cd838c8547979458392558c9f1e2425755a6f9c","mv07h_ph_record_v1:325e8ee207977c6a59b687c66dd20201b770d4334e2f3753d3b36f18ddb5e952",12.5690190792084,628015104,26606,"a47561aa4a837d729c25f695e0302e7691a416659460f29f30b3818d4f40d5c7","closed",FALSE
"mv07h_ph_metric_v1","ph__20260805__SRA779509_SRS3805262__gene_topology_v1",20260805,"SRA779509_SRS3805262","gene_topology_v1",500,499,285,0,1.3161099030499e-07,TRUE,"ripserr","0.3.0","primary","","7be948c87bf91da633096fc74f58b4234379fbc96a442f254b7dc5eb2e8ead77","mv07h_ph_record_v1:750c44e346b441d70af6f932cfa751a9049cf362a8982af2e606affc6723f9fe",12.7830078601837,581885952,30892,"6be8f1b4a78f29791a1ae4d23643685c36291c125a11f26087fbd7d20fc07242","closed",FALSE
"mv07h_ph_metric_v1","ph__20260805__SRA779509_SRS3805263__cell_topology_v1",20260805,"SRA779509_SRS3805263","cell_topology_v1",384,383,379,0,9.61501461757723e-07,TRUE,"ripserr","0.3.0","primary","","50663b6478b0a0d274c80752087c04d49de78eb2be8f0c6fe89824977e499136","mv07h_ph_record_v1:3cd57eb11824d6703ae8d251e2df81980a18e0489e2f104d52f86a0bfc5d5044",12.8060662746429,675151872,30106,"ed7469c04f4b8378cb205ca5f3098f713cc015f0db7efff0b2f6a0939ecaa68a","closed",FALSE
"mv07h_ph_metric_v1","ph__20260805__SRA779509_SRS3805263__gene_topology_v1",20260805,"SRA779509_SRS3805263","gene_topology_v1",500,499,1037,0,1.31260877329366e-07,TRUE,"ripserr","0.3.0","primary","","c44604b95804baf541a19512e854c7da274520d531f4804460e40f2fbf2a1757","mv07h_ph_record_v1:91840fe5c0288a7fca458f3c8902ce794e9e5aa9ae8393b38c5e9c2860193b21",12.8087391853333,651284480,57749,"58343dab724b2a20fb40ea45b13164b0dd919570c8ef50994ccdccc48b9872fb","closed",FALSE
"mv07h_ph_metric_v1","ph__20260805__SRA779509_SRS3805264__cell_topology_v1",20260805,"SRA779509_SRS3805264","cell_topology_v1",384,383,389,0,9.60160263239018e-07,TRUE,"ripserr","0.3.0","primary","","18ce8d2d5ffa6e830618688f5ac3e57e5bc27a3ac64c8f2e8d813c44da5f30aa","mv07h_ph_record_v1:64212ab69e787f1d7c521d1ec3c201e497e09de65cbad74bd4d05ff6d72efbcd",12.2789945602417,649281536,30456,"372bfe14ca0b05d57b31af32a7167938467bc8d798c5d063bdfac554f3c11611","closed",FALSE
"mv07h_ph_metric_v1","ph__20260805__SRA779509_SRS3805264__gene_topology_v1",20260805,"SRA779509_SRS3805264","gene_topology_v1",500,499,1508,0,1.32076905381299e-07,TRUE,"ripserr","0.3.0","primary","","cf564dc4535737e7a621f9418bc41be22bedba7e216564de31f66bb502f32950","mv07h_ph_record_v1:2b484a39ec8653495eeb16711437a8f0befa0c0a38a1112bff6e3f268c48b5bb",12.5520374774933,639078400,74705,"f28f0a70b3d2e5d15cfe4a99eafc838b51d563ada41be48f35e2719c2b382c5a","closed",FALSE
"mv07h_ph_metric_v1","ph__20260805__SRA779509_SRS3805265__cell_topology_v1",20260805,"SRA779509_SRS3805265","cell_topology_v1",384,383,400,0,9.43841764085771e-07,TRUE,"ripserr","0.3.0","primary","","9b6e5f04cf1041d4becf2e39247260567ef59cfadb38b6b5ea806bb7c763ffec","mv07h_ph_record_v1:d6f145580d2bab09742c356c8715b7a1f2bfef45759048d2593a03b9db583d22",12.0093245506287,581787648,30841,"dee06c3ebd7281da67b301d5be2623bd29e48de710b482513c83c30e41eeb1fa","closed",FALSE
"mv07h_ph_metric_v1","ph__20260805__SRA779509_SRS3805265__gene_topology_v1",20260805,"SRA779509_SRS3805265","gene_topology_v1",500,499,1771,0,1.31968584351718e-07,TRUE,"ripserr","0.3.0","primary","","dcf944a83085e3e4c79020c9831a115d428dc40b308f90e5aa7eb0f1dc3135ed","mv07h_ph_record_v1:7e4fd24d933463ee1f0cfe645190fc56c06afc1145f2c008862991de035edf88",13.1305737495422,577978368,84173,"3ae7a7cab7ff3365511575c7a875a0fd40ee21ed3e316cca8b6910b8c4ea7bf9","closed",FALSE
"mv07h_ph_metric_v1","ph__20260805__SRA779509_SRS3805266__cell_topology_v1",20260805,"SRA779509_SRS3805266","cell_topology_v1",384,383,367,0,1.22542913553519e-06,TRUE,"ripserr","0.3.0","primary","","04bb464848847139dc8272c273dc7b937f6e12d5e2d483d8356730f9f7f9199d","mv07h_ph_record_v1:a21ba7471b9b24f6332bec3e3eb2851aba993ba826ebd1ce3a1d59cdab8cbbce",12.2773969173431,596566016,29686,"8efef53dbf25cbfd02d48910dd0163d9400968401d00273adb58b4e98a21401d","closed",FALSE
"mv07h_ph_metric_v1","ph__20260805__SRA779509_SRS3805266__gene_topology_v1",20260805,"SRA779509_SRS3805266","gene_topology_v1",500,499,776,0,1.31410682523217e-07,TRUE,"ripserr","0.3.0","primary","","4ad8cf1762331c27adcdc5505dbeda2aa334ffa0b628dc9c287198018d671863","mv07h_ph_record_v1:c1b6f8938cda245dba47280af50f8cc904c50f18c9aadbc83d5294df3194203e",12.5267543792725,579559424,48353,"dec402a97540128693c3b920ea6a66fe79244de00d3def235dd1ce14af8ceacb","closed",FALSE
"mv07h_ph_metric_v1","ph__20260805__SRA779509_SRS3805267__cell_topology_v1",20260805,"SRA779509_SRS3805267","cell_topology_v1",384,383,347,0,8.99571328959997e-07,TRUE,"ripserr","0.3.0","primary","","3c8cfb781dc28a46fce50fd66f0e4d71a9435f942e2dd97796cf989f558aeee6","mv07h_ph_record_v1:02dfad753c7187a560d94c54ea5d576780a9e785015d87249999eff5b54350a5",12.0107779502869,658391040,28986,"1f8e6cc3cd63579874dddd7c815a9cf744ad0e97cdd51842bf2cd9fd418bef70","closed",FALSE
"mv07h_ph_metric_v1","ph__20260805__SRA779509_SRS3805267__gene_topology_v1",20260805,"SRA779509_SRS3805267","gene_topology_v1",500,499,1210,0,1.31871831277754e-07,TRUE,"ripserr","0.3.0","primary","","a8410c4ebdb353c428f8fceefa310d8624e7884d50e134ba91219133957fc151","mv07h_ph_record_v1:2f1ed346180dce619b99e631666a0652bd64708b05aba4d6a3d0bb657ee574df",12.5262191295624,618205184,63977,"2b3fd9a344e63beede147556e749f28292121698cc3530d15cc87a2ebc65a1c3","closed",FALSE
"mv07h_ph_metric_v1","ph__20260805__SRA779509_SRS3805268__cell_topology_v1",20260805,"SRA779509_SRS3805268","cell_topology_v1",384,383,282,0,9.77385031525045e-07,TRUE,"ripserr","0.3.0","primary","","a07da825767c39a5ce0e9e0f0d4af5bf6a2eb1233652ce4f9ef743eaf5a0d341","mv07h_ph_record_v1:ae6b09a3f5047967f8f106c45b38a14eb0bbdd207c82145371871b4b4bfc37a9",11.7541077136993,634200064,26711,"0b49954a5100033e1e843ab822360eff22d9bc2d40daebfc23cf73fcef686bb4","closed",FALSE
"mv07h_ph_metric_v1","ph__20260805__SRA779509_SRS3805268__gene_topology_v1",20260805,"SRA779509_SRS3805268","gene_topology_v1",500,499,858,0,1.31285996558874e-07,TRUE,"ripserr","0.3.0","primary","","98cb44e7d1e834074c5c6ed8301edb0c08a911130b8b4cd1b71224a3a8fdd261","mv07h_ph_record_v1:4113b614b6546923226581904e402a3ed2272abe1dce486d7cb119a4d0ac4ef6",12.2703740596771,615116800,51305,"9f6ac82791d8c0e8118466e2057c02f73a441d128de8bbca7a402818af3db0cc","closed",FALSE
"mv07h_ph_metric_v1","ph__20260805__SRA779509_SRS3805269__cell_topology_v1",20260805,"SRA779509_SRS3805269","cell_topology_v1",384,383,350,0,8.860066044894e-07,TRUE,"ripserr","0.3.0","primary","","532792ef953fcb57956c644a42c26a0f42453b89cba9cf76c569ed8944b8dff5","mv07h_ph_record_v1:57130138504137d379a8f100b22ebb1b7d431c2889df67fc063c861df005e01e",12.0446805953979,720936960,29091,"4184fbaaecd3a6446a96d0c015f06bfcd219ba040c8d7c7a463026eda97b6ad5","closed",FALSE
"mv07h_ph_metric_v1","ph__20260805__SRA779509_SRS3805269__gene_topology_v1",20260805,"SRA779509_SRS3805269","gene_topology_v1",500,499,1220,0,1.31325760390985e-07,TRUE,"ripserr","0.3.0","primary","","798476bc8b22b572f54876dc3a29e96ea1684cc84a35b97a997f8aaf28f276c0","mv07h_ph_record_v1:f99d20cde231d0a1649400b7e07f0e7fdfcb89987313e3ddb128018dc3571431",11.9983098506927,582422528,64337,"9e9915f09895ddd5eeaffb46d6174b7bd86ac6431d290dad6e4ff1a2d6337ca6","closed",FALSE
"mv07h_ph_metric_v1","ph__20260805__SRA784242_SRS3822680__cell_topology_v1",20260805,"SRA784242_SRS3822680","cell_topology_v1",384,383,317,0,1.09140893696146e-06,TRUE,"ripserr","0.3.0","primary","","bbd5674e231087a1b7b429711c0e797e3bf2b8f99cb75c68a1e4e14db5f9d6de","mv07h_ph_record_v1:fdb76caec1e8c2915b9631c2a9f0fb21d0dc1d2524832a43ee0bae9786679181",12.0437731742859,624988160,27936,"e9c6a3bebac3e68ca50eded4ef224510f761882b427d63b3d15610a82584996f","closed",FALSE
"mv07h_ph_metric_v1","ph__20260805__SRA784242_SRS3822680__gene_topology_v1",20260805,"SRA784242_SRS3822680","gene_topology_v1",500,499,1172,0,1.31072818263653e-07,TRUE,"ripserr","0.3.0","primary","","abc3ca794a2ea21dc6283a27b459c1ea13eda25647389fdef5e34130eec8fdcc","mv07h_ph_record_v1:9d50f00f4527773a42ad2306aab6ef38ca923acf4b6b7adc2daf23da0c6ea90e",13.0999109745026,644259840,62609,"44e6722ce24f5f5f0db6c8d314d6a0a081176b667f28bf275bc997a6e9a9f50e","closed",FALSE
"mv07h_ph_metric_v1","ph__20260805__SRA784242_SRS3822682__cell_topology_v1",20260805,"SRA784242_SRS3822682","cell_topology_v1",384,383,349,0,9.92931078117815e-07,TRUE,"ripserr","0.3.0","primary","","3bb20a7bcb4856b7518c5441305ae9ebccbbdf854c5f91f08610d8bccc2107b2","mv07h_ph_record_v1:9300af261b8b0821ab9c98d0d9c691675e5ac710967c7c14e4c54259e0ed2a42",12.3289437294006,629444608,29056,"25bafb1d2c1511a8639a052f3547ace4349a60e5bd16acca40ac6c75e0ffebf0","closed",FALSE
"mv07h_ph_metric_v1","ph__20260805__SRA784242_SRS3822682__gene_topology_v1",20260805,"SRA784242_SRS3822682","gene_topology_v1",500,499,1084,0,1.31635592143141e-07,TRUE,"ripserr","0.3.0","primary","","b00739105f7cd6aad84843c526bbb08995246509f3dd42cced78d9074b74fc2e","mv07h_ph_record_v1:0bbe5126483178d4763c10cea769c9dd26698b732b217538f1ab36a921911271",12.8689825534821,675078144,59441,"5395dcfc7561d94d01df676ed81267d1dbe14e706971282b321adc183308f62b","closed",FALSE
"mv07h_ph_metric_v1","ph__20260805__SRA784242_SRS3822683__cell_topology_v1",20260805,"SRA784242_SRS3822683","cell_topology_v1",384,383,369,0,1.40891669195981e-06,TRUE,"ripserr","0.3.0","primary","","1ef57ba99db536a9e66d4c64d08dddb042fae4d3e75b74d417ff9bcea3e1caa1","mv07h_ph_record_v1:b1c24c7e4e6f9e0ff8c6d5926ae87531ac6f742ef82bb9824fd57ab46a74cfe9",12.6941258907318,680476672,29756,"907af481212ddb9c70f5a5299e7a1570b0c9c6af45a4d77af73d527e20e2aac1","closed",FALSE
"mv07h_ph_metric_v1","ph__20260805__SRA784242_SRS3822683__gene_topology_v1",20260805,"SRA784242_SRS3822683","gene_topology_v1",500,499,1306,0,1.30947743086855e-07,TRUE,"ripserr","0.3.0","primary","","9ed061c8c7b3c011fa069082e31abbe1c5ab66badd7229328768f299d14e7223","mv07h_ph_record_v1:4eacee8ea20884bd28eab29fb49b7f43c3f3f3cfcb812d41c61351fd2f54788a",12.9781095981598,648556544,67433,"82ac1476cb61c54884ba9db973eeb4e2469703d83e348e627ba86174b0a06aa8","closed",FALSE
"mv07h_ph_metric_v1","ph__20260805__SRA784242_SRS3822686__cell_topology_v1",20260805,"SRA784242_SRS3822686","cell_topology_v1",384,383,370,0,1.24429912380935e-06,TRUE,"ripserr","0.3.0","primary","","0fe7d54392dfad8a7400b4b7f660442476b9a89bd570eb782f11cd0bb23ec18b","mv07h_ph_record_v1:5d3708114d723e27ca53fc77b6cfdb4d314f1c6b012c25569a3735a2f3bd9b87",13.0036602020264,614604800,29791,"6ce2621b3c8e88fdc0ab1492448e456253d3f1812f933e3e21ba29636ba9cca9","closed",FALSE
"mv07h_ph_metric_v1","ph__20260805__SRA784242_SRS3822686__gene_topology_v1",20260805,"SRA784242_SRS3822686","gene_topology_v1",500,499,1281,0,1.31775668848239e-07,TRUE,"ripserr","0.3.0","primary","","ff222d4198a4b1e2a3680ac5bf7b3becf9f8cc3bddfbe4017893a60e59db8e69","mv07h_ph_record_v1:448b83b560a53be3fae5243a44f477c394b37fa90a3856af60bd353973246440",12.9982764720917,715444224,66533,"8bbfb646fb6331f7518f3a23aaec7e4cfe7166963a73e5fa924d45f01550e85d","closed",FALSE
"mv07h_ph_metric_v1","ph__20260805__SRA826293_SRS4181123__cell_topology_v1",20260805,"SRA826293_SRS4181123","cell_topology_v1",384,383,359,0,9.13695768391558e-07,TRUE,"ripserr","0.3.0","primary","","ee0200f00b6a7546442af587e9eb84f3b7fdfe9045ce11a954e0c49bd94feb7b","mv07h_ph_record_v1:aab4c17ef80d42709cb889a14a6f2405e6dc4d63fbd092f0768ddf363a2980f2",12.7572453022003,713752576,29406,"72579d980daa4f6526d7cec46248ee5a393da3e136cf19a06e00e8e03d1598bf","closed",FALSE
"mv07h_ph_metric_v1","ph__20260805__SRA826293_SRS4181123__gene_topology_v1",20260805,"SRA826293_SRS4181123","gene_topology_v1",500,499,2018,0,1.31329756120201e-07,TRUE,"ripserr","0.3.0","primary","","166704a9f9d33e36b688e867c54573796c5e5a168f6350af5f27f52bed852117","mv07h_ph_record_v1:d24f8a6001605e2e1b61a4215964430aeff3c24dda88f6a6d42c444d990ef07b",13.0129642486572,600444928,93065,"357262d85d8f2e1f2a26906bdb3cc437fbef19a5d467c3b460fcc93205f4c9b4","closed",FALSE
"mv07h_ph_metric_v1","ph__20260805__SRA826293_SRS4181124__cell_topology_v1",20260805,"SRA826293_SRS4181124","cell_topology_v1",384,383,370,0,7.67647930441807e-07,TRUE,"ripserr","0.3.0","primary","","474ca1fac3299a49610f8a15871f96d2b10158c3dde528189b4bcd4f2e489dcf","mv07h_ph_record_v1:4071d1d3e44a8a111c79219c37558191e0e1cebe9431ea8aacec24c5111a4df0",12.4661173820496,664100864,29791,"01f421f0df0b47d410600100a301c0a47c070f721c8a9261b3226cf52038bd6c","closed",FALSE
"mv07h_ph_metric_v1","ph__20260805__SRA826293_SRS4181124__gene_topology_v1",20260805,"SRA826293_SRS4181124","gene_topology_v1",500,499,1865,0,1.31816632976565e-07,TRUE,"ripserr","0.3.0","primary","","6a8b62aa48e1c6b86bbdb02e57264d70c97b0d244a27b3b9bdd70c7dc89ba158","mv07h_ph_record_v1:dda884ca19d153b34635ec00287ec1dc22187ec5622f393f2530108a16737e16",14.0790321826935,587554816,87557,"ee273331eaf474658f53c2b7aed5737afc6a06ffeb7c623b350ab3be4541d629","closed",FALSE
"mv07h_ph_metric_v1","ph__20260805__SRA826293_SRS4181125__cell_topology_v1",20260805,"SRA826293_SRS4181125","cell_topology_v1",384,383,432,0,7.59194734887607e-07,TRUE,"ripserr","0.3.0","primary","","cc04c4f91af20cd12ebc2040769cf8f599a4431a7f70acb988a1c12579e593b2","mv07h_ph_record_v1:b2409d4332e27b5850e7a0ab0dff6f1216d13e0fe1252b8d6b918fced09261be",12.7605557441711,632475648,31961,"0aa4939969703f47345dca7460cb0301c8dc158ee4a844447458b7f9af70f3e5","closed",FALSE
"mv07h_ph_metric_v1","ph__20260805__SRA826293_SRS4181125__gene_topology_v1",20260805,"SRA826293_SRS4181125","gene_topology_v1",500,499,2579,0,1.31607751600075e-07,TRUE,"ripserr","0.3.0","primary","","717f4e4e843644ad32a69445db12639421d8c328d9279ba127806bd69831328f","mv07h_ph_record_v1:a3e0457d325cc406cef30000f023602f18343ca417c99233a955b70de9171d9e",14.036717414856,683171840,113261,"64b404094ddb6af7e5e869560f225a584aed535efde74c42d642b1573926718c","closed",FALSE
"mv07h_ph_metric_v1","ph__20260805__SRA826293_SRS4181126__cell_topology_v1",20260805,"SRA826293_SRS4181126","cell_topology_v1",384,383,418,0,9.16414114935916e-07,TRUE,"ripserr","0.3.0","primary","","d0e85f11c1be9b662c9f93f69db0b9652a99c41b32b35f3f13a431f3ccecbe10","mv07h_ph_record_v1:286b1f06b3c997e402cf46ae79a3d0d780abffb47ce0e63fef5786d8d13ba75d",13.0214834213257,712486912,31471,"0d409a39f474ccb5f4c6809583fb758a61070e63e79efe5e11c2e4e3933e75b0","closed",FALSE
"mv07h_ph_metric_v1","ph__20260805__SRA826293_SRS4181126__gene_topology_v1",20260805,"SRA826293_SRS4181126","gene_topology_v1",500,499,1738,0,1.31302377154864e-07,TRUE,"ripserr","0.3.0","primary","","ea0f96c19552f123d2504db72c9ff35e5f8c136365ba637085ab161205109dbb","mv07h_ph_record_v1:895f6c29e540c8e2c5e81eded29790f9daf86a0b5c43ea566045134d477c4b01",13.0312733650208,587059200,82985,"9122328a70280f673f3ab91ca869b775d63a4d9497b4952dac2241c3180c2202","closed",FALSE
"mv07h_ph_metric_v1","ph__20260805__SRA826293_SRS4181127__cell_topology_v1",20260805,"SRA826293_SRS4181127","cell_topology_v1",384,383,320,0,9.89880873678131e-07,TRUE,"ripserr","0.3.0","primary","","3708c33cfd13da7483f40aea9cb2fb43ee07c895c0b9a7af35f814daf84b9e37","mv07h_ph_record_v1:efb3cf2b3b76034e821a1855ad861c27c5b39fce22983909e6285850f43b256a",12.5688326358795,581697536,28041,"a9f0cbdc011d39d72177fc3d2643c49c7b4f9dbcda374c7b457800be90a14c08","closed",FALSE
"mv07h_ph_metric_v1","ph__20260805__SRA826293_SRS4181127__gene_topology_v1",20260805,"SRA826293_SRS4181127","gene_topology_v1",500,499,701,0,1.31175811653283e-07,TRUE,"ripserr","0.3.0","primary","","6987729d088a233674c9dcb6b60ee4bae3644bea4d5b96877cc070b5e1036a66","mv07h_ph_record_v1:5acfe8bad875d911ad3d7a8113b2d94d35dd85e954e6ec1bdddd7233081dfa01",13.1101274490356,617566208,45653,"48478c7aa59a6208b3ca5dadbfb1816b5b4595c68d6ba9b86b8ce03c72094f66","closed",FALSE
"mv07h_ph_metric_v1","ph__20260805__SRA826293_SRS4181128__cell_topology_v1",20260805,"SRA826293_SRS4181128","cell_topology_v1",384,383,291,0,1.16589174864168e-06,TRUE,"ripserr","0.3.0","primary","","6a3cb9bb62f4ebc8ffa61cd6e7afb4a951332939a0eb863a65ccdae1429f2be1","mv07h_ph_record_v1:ed82891dcab671e4d6fc0b9296a43c6db6c79b8e11f6f8118ce9cb93114f91d0",13.2823624610901,584245248,27026,"2b217915d1968488c51c45182d5dbb68d6b570f33a4acb32930c265fdbdb8f02","closed",FALSE
"mv07h_ph_metric_v1","ph__20260805__SRA826293_SRS4181128__gene_topology_v1",20260805,"SRA826293_SRS4181128","gene_topology_v1",500,499,417,0,1.29737356943465e-07,TRUE,"ripserr","0.3.0","primary","","a32b05d4b76945123d6d6b61b5e35eb455edc98e466309e0063753b6f7b9ed4e","mv07h_ph_record_v1:28b5b31004aea9b19b6ce861f31321c27a6d2e9de3b3e7aae68cd415c32a0581",13.0450217723846,581816320,35512,"dfb2f1573018e68a80055eb5fb699215ffcd24593def2923868e478f5b50caff","closed",FALSE
"mv07h_ph_metric_v1","ph__20260805__SRA826293_SRS4181129__cell_topology_v1",20260805,"SRA826293_SRS4181129","cell_topology_v1",384,383,328,0,1.35553238395419e-06,TRUE,"ripserr","0.3.0","primary","","e9f305ba1329079b9e1955201179f2bcc84cd6d032659eb215811edda6a58235","mv07h_ph_record_v1:41a6195c0427c7fe787f576d7c9d17d2e8b216ed6168950284801a7e1005f25d",12.7696766853333,647249920,28321,"c0df13aebf4e52d393c21a2f97a405cae9c1887af1b49e2c05563f8cacbc4558","closed",FALSE
"mv07h_ph_metric_v1","ph__20260805__SRA826293_SRS4181129__gene_topology_v1",20260805,"SRA826293_SRS4181129","gene_topology_v1",500,499,1189,0,1.32431589810986e-07,TRUE,"ripserr","0.3.0","primary","","149e764711fe0b676894648c7a9d7c34541221f016725742acf13d3deff195e7","mv07h_ph_record_v1:2d126cd2e29867d5b2cf71927b5688c4b76baafad508c59bdda16a482559905b",12.7880549430847,583290880,63221,"edb5aab6b18f7edee349db3a8a9d8e2dca7baa67a02ff85ba12c69efffaef9d6","closed",FALSE
"mv07h_ph_metric_v1","ph__20260805__SRA826293_SRS4181130__cell_topology_v1",20260805,"SRA826293_SRS4181130","cell_topology_v1",384,383,301,0,1.03396219795206e-06,TRUE,"ripserr","0.3.0","primary","","22d87c5eccb653375ed3dfb04412964685710a6e158ac383166a32e0fc25d088","mv07h_ph_record_v1:1dde4cb4b5d3721047013d7e5b9a188d008377dff179d28b59621dfe559929eb",12.7877476215363,597577728,27376,"a70e88c5d31769aec4ccc79f531420f9b5b147db6f120f943e3e94a32403cb88","closed",FALSE
"mv07h_ph_metric_v1","ph__20260805__SRA826293_SRS4181130__gene_topology_v1",20260805,"SRA826293_SRS4181130","gene_topology_v1",500,499,631,0,1.30548831905456e-07,TRUE,"ripserr","0.3.0","primary","","030248ae63482edac94f7e8e388ed4a2bbe026ef06f0cf513d5d02ba7a13d002","mv07h_ph_record_v1:1fb90c95c99878d065a5b1472a6bec83a13c617954ad99e594cacc4a0fc4ba1e",12.868857383728,727711744,43133,"c0b976acc8b65a39042270a50923c562d8ec93aa54b759913a5203b3a2493c3b","closed",FALSE
"mv07h_ph_metric_v1","ph__20260805__SRA850958_SRS4386101__cell_topology_v1",20260805,"SRA850958_SRS4386101","cell_topology_v1",384,383,442,0,4.22606293933432e-07,TRUE,"ripserr","0.3.0","primary","","cbca98b6c2a828434ad9e69a2bff1da40db2e6757bdd672ab2b514f49ae35dd2","mv07h_ph_record_v1:8021bed93a26554768e86f67c0f2dcaceee8da83415bdbdd98ddeb633a5adf73",12.5905828475952,703250432,32311,"2e650d8ff63a0352cdc3e131081fcfed3776843b08a8139a10602dcd0d52de8c","closed",FALSE
"mv07h_ph_metric_v1","ph__20260805__SRA850958_SRS4386101__gene_topology_v1",20260805,"SRA850958_SRS4386101","gene_topology_v1",500,499,2616,0,1.322315524028e-07,TRUE,"ripserr","0.3.0","primary","","781d28d82d6b6b29464083feeb9711183c4a4fbb2cf4cf666dbf0599a764e906","mv07h_ph_record_v1:114f69c1ea572882503fc2f6453c65d501ccd3f8ace4ecfd42f66a028e697610",14.0947570800781,682057728,114593,"edaeaf728d9c6a63c27a44b070e3d8156c30168794006475e76893b0f64b2fcc","closed",FALSE
"mv07h_ph_metric_v1","ph__20260805__SRA850958_SRS4386109__cell_topology_v1",20260805,"SRA850958_SRS4386109","cell_topology_v1",384,383,359,0,5.77125783922555e-07,TRUE,"ripserr","0.3.0","primary","","1cb07d5a496042871ff863f9579fcc552afbaab709729e3f9393f225dada5826","mv07h_ph_record_v1:cce14c42b3c5ae60b4844dd0d0674c6dda480f57fb28fbd8e0a60e6a3b193a7a",12.5482263565063,641167360,29406,"3964a3b4932cd207faf694cad5547a7ea73e70867565deb0c7b09820774cc4c5","closed",FALSE
"mv07h_ph_metric_v1","ph__20260805__SRA850958_SRS4386109__gene_topology_v1",20260805,"SRA850958_SRS4386109","gene_topology_v1",500,499,1504,0,1.32311110275568e-07,TRUE,"ripserr","0.3.0","primary","","11f1551d43f8f5169229bc0e52feed0ad5cb0ee16faef72b6a4d1437c8306764","mv07h_ph_record_v1:8d0c424ba412ca98106a685e5a7d08aba817c3d5ad4a94b62e1dd458fe4a815b",13.0873534679413,623263744,74561,"acdc7da81ccf0855d03263966abaa93a08b140f2a45ca7656aa8ae41523ee659","closed",FALSE
"mv07h_ph_metric_v1","ph__20260805__SRA850958_SRS4386110__cell_topology_v1",20260805,"SRA850958_SRS4386110","cell_topology_v1",384,383,332,0,5.24315825901049e-07,TRUE,"ripserr","0.3.0","primary","","d8bb9975e5f60d8d89296328de04e255cc1b573666e8f0889d3bbd433afa7b24","mv07h_ph_record_v1:bee0cab2872d37803da59cf14719f692418dfca67b4c02959faf75b8222e4986",13.3425469398499,581562368,28461,"134cf8ba49436c9488f96285cd0e56f5185ef1eb344527087b48c93a9e36ca19","closed",FALSE
"mv07h_ph_metric_v1","ph__20260805__SRA850958_SRS4386110__gene_topology_v1",20260805,"SRA850958_SRS4386110","gene_topology_v1",500,499,1582,0,1.31391713624773e-07,TRUE,"ripserr","0.3.0","primary","","e160e0a592426c2b7325e186ce47fadd3fb80ffe26c114d2061aa50cf3acd261","mv07h_ph_record_v1:a418a4c9c7aa8648cde856a5706635bd1120d26957f121bc6ddb7d195b1e685c",12.8909094333649,680329216,77369,"403bfa3bc0263d9d72a2824fb5c06ece4576f602c272833b3272783517a09884","closed",FALSE
"mv07h_ph_metric_v1","ph__20260805__SRA850958_SRS4386111__cell_topology_v1",20260805,"SRA850958_SRS4386111","cell_topology_v1",384,383,337,0,5.2118709959185e-07,TRUE,"ripserr","0.3.0","primary","","f939f83385f7eedb64b09773838041f25a276c092912dec7b80af127f5bee5d0","mv07h_ph_record_v1:83fb0d4be045ff319051c48f0cb01f0eb37ba7903ad9faadd3060d5a1158ae58",12.8044235706329,581767168,28636,"61b5c1c44e06552b84494b971eafb60c0ffb0cf39e4e9b4983fcdb316b1228c0","closed",FALSE
"mv07h_ph_metric_v1","ph__20260805__SRA850958_SRS4386111__gene_topology_v1",20260805,"SRA850958_SRS4386111","gene_topology_v1",500,499,1903,0,1.31777049048061e-07,TRUE,"ripserr","0.3.0","primary","","351d710d67b3e15c00b9cd8c89b10bbd026526d64ad8912e53c239fbc33e61dd","mv07h_ph_record_v1:137cf994b24703b269a6fa41455da1df2cbef49cfbfb0ceb2e74657bdcb6f0c6",12.8131463527679,724480000,88925,"60e236faf43741c681eea7b3e77223bb959a50a38f712936e1fe05e4859371e9","closed",FALSE
"mv07h_ph_metric_v1","ph__20260805__SRA850958_SRS4386112__cell_topology_v1",20260805,"SRA850958_SRS4386112","cell_topology_v1",384,383,412,0,4.71832546899689e-07,TRUE,"ripserr","0.3.0","primary","","60169d01c1bf6a4636b73e3f571343bdd0f34f03a998c20144e111379dbfb6c5","mv07h_ph_record_v1:bce94dc3e2bb2cc41e553a3dcdd5fa297f280b371ade820e532ff59743ea7168",12.8097620010376,581779456,31261,"ca19c5899bfa2e59525564caf79524a7596c57606725351858c291bea67db73f","closed",FALSE
"mv07h_ph_metric_v1","ph__20260805__SRA850958_SRS4386112__gene_topology_v1",20260805,"SRA850958_SRS4386112","gene_topology_v1",500,499,2062,0,1.32455121868068e-07,TRUE,"ripserr","0.3.0","primary","","f04e9d328bed2c84c588393145565e0ffa63d97eca1050d50dfe6a03b28d1ccd","mv07h_ph_record_v1:bd39abe30790869e29331ec87f3f974c1e5b8aa4876cb79e95aaedc47233764c",13.4865682125092,646139904,94649,"08202a8eef990aba1809778a75d8deb511e5dc8be4b91a6b55a1f8dcf99c8e99","closed",FALSE
"mv07h_ph_metric_v1","ph__20260805__SRA850958_SRS4386113__cell_topology_v1",20260805,"SRA850958_SRS4386113","cell_topology_v1",384,383,358,0,7.98703096594812e-07,TRUE,"ripserr","0.3.0","primary","","7dcaf7e5b43ea189c97cd610b7b088a3294144cc6967092d83bcc81649df9d02","mv07h_ph_record_v1:bdad947082dcdea647e4462122d8a8dd248ca5a20445ad17906062dba452c117",12.8750379085541,714977280,29371,"96e84745d8d3c8da5aba8d0dd944285e807ecb8f734305d1e06709779893ee26","closed",FALSE
"mv07h_ph_metric_v1","ph__20260805__SRA850958_SRS4386113__gene_topology_v1",20260805,"SRA850958_SRS4386113","gene_topology_v1",500,499,1935,0,1.31767370875525e-07,TRUE,"ripserr","0.3.0","primary","","77e23437b8d7d680775bb65a679b88fc042b02519ce6bba6c27fdf3564f27baa","mv07h_ph_record_v1:3057d8cab3838c8f64df3ff7636ddd3668ed525f8d2e5267fa31c24150acad29",13.0671243667603,659877888,90077,"ead9a587bc266f313ea6702cf9e0a6adc1132dfc9f24c1fd2981cd6ba10b3d72","closed",FALSE
"mv07h_ph_metric_v1","ph__20260806__SRA550660_SRS2089635__cell_topology_v1",20260806,"SRA550660_SRS2089635","cell_topology_v1",384,383,391,0,8.01132139480316e-07,TRUE,"ripserr","0.3.0","primary","","c0f8ac60346c094bbcaf5db306aa63b5787faa3589fb4cc865e71e68a9201dd2","mv07h_ph_record_v1:ed3ef623fcc3321117abc003001694481f6d470e3d773166578b84a90fc4700c",12.8721530437469,616534016,30526,"2304920d9a32b12fa43326186111f8fa0337623c9fc5fe4772e68f421225edee","closed",FALSE
"mv07h_ph_metric_v1","ph__20260806__SRA550660_SRS2089635__gene_topology_v1",20260806,"SRA550660_SRS2089635","gene_topology_v1",500,499,1836,0,1.31181773053279e-07,TRUE,"ripserr","0.3.0","primary","","3467215ebefd7818c866892c35a0b28bf826181666744dadd644bab200f50d06","mv07h_ph_record_v1:232319c2122b79a10264398913189dd65e46a9216af681433d8b78b6959290f0",13.1041412353516,716976128,86513,"54dc72447ebaf5255b6887aed02e6f92fee705f01c35ed77bdbcae432af105e0","closed",FALSE
"mv07h_ph_metric_v1","ph__20260806__SRA550660_SRS2089636__cell_topology_v1",20260806,"SRA550660_SRS2089636","cell_topology_v1",384,383,385,0,5.79962203129533e-07,TRUE,"ripserr","0.3.0","primary","","395439d9c59db7cca2292e76dfbf3a77078feaff9843d71d1f0c709df8537af0","mv07h_ph_record_v1:77b6ee90884f67fa11324a7cbe756405a33366c43eb41bd1b5abffb7e5ab83c1",12.8565497398376,716496896,30316,"9d10e7da629ba3562fb9b780d7311d1cc5ded0005398bb6f8328ad58a3f60e3c","closed",FALSE
"mv07h_ph_metric_v1","ph__20260806__SRA550660_SRS2089636__gene_topology_v1",20260806,"SRA550660_SRS2089636","gene_topology_v1",500,499,1901,0,1.32186023912633e-07,TRUE,"ripserr","0.3.0","primary","","beb43dc2b54eadf74c444eb9e04d3cf902e4f3beca01442980b0429c2a3505f0","mv07h_ph_record_v1:e5221d37864557bfcc1bbdf73ea84dbca38330f6945847f73bf950c062fb4e2c",13.3875999450684,675823616,88853,"b6aabcc25e17bc890e24bdf4d225f4c3c9006878f1d1cdd922c990e40011af58","closed",FALSE
"mv07h_ph_metric_v1","ph__20260806__SRA550660_SRS2089637__cell_topology_v1",20260806,"SRA550660_SRS2089637","cell_topology_v1",384,383,380,0,6.17609370975835e-07,TRUE,"ripserr","0.3.0","primary","","b34d8ea8c75775324bc32086b1a3caf3ebf6a8dfeeba335ba96d1828119935f3","mv07h_ph_record_v1:b56b72253b5b3348dabde75617626fd9e0cf941002125d2b39728bf4052a1b2d",12.5971994400024,581812224,30141,"64d6d0e315cbe07111989be06928d4758e3585c1928077c47242c0b7cd68cb37","closed",FALSE
"mv07h_ph_metric_v1","ph__20260806__SRA550660_SRS2089637__gene_topology_v1",20260806,"SRA550660_SRS2089637","gene_topology_v1",500,499,1552,0,1.32246857509521e-07,TRUE,"ripserr","0.3.0","primary","","2a64cdd8f3329a2dbc04ecb6e20782f5fedb83504f21ebd5a3fdc74bb684b73c","mv07h_ph_record_v1:c9413fb872e5028b7062ee84e8d4f630e42ae818beb882f62ce666c1320db9bd",12.7198112010956,726441984,76289,"8c274a53cfe60c337b5ffa7187515ce99057ad0e4f07c6a2570c1078a89fb159","closed",FALSE
"mv07h_ph_metric_v1","ph__20260806__SRA550660_SRS2089638__cell_topology_v1",20260806,"SRA550660_SRS2089638","cell_topology_v1",384,383,378,0,5.95175317863589e-07,TRUE,"ripserr","0.3.0","primary","","777c882dbd7d415f1f2eea17340b1e192bd3e1903f5ed93bdec13dad2084c950","mv07h_ph_record_v1:025ccbe9c043c89a226b1dfc0b559077444ab878f45deb5eb1bc2a9b68efe25b",12.4560947418213,619974656,30071,"19b0027192652d9617f8ce271b005134aa8fb72477b510d3cd26ba42e176f5c7","closed",FALSE
"mv07h_ph_metric_v1","ph__20260806__SRA550660_SRS2089638__gene_topology_v1",20260806,"SRA550660_SRS2089638","gene_topology_v1",500,499,2056,0,1.32845449313936e-07,TRUE,"ripserr","0.3.0","primary","","e812f49673612ef6c8fbb1295ed8d8cca206e2d2947dd7d4cd20c2c2adc4169c","mv07h_ph_record_v1:49e6f10a0307b7d917a826aa28deb6cddac0d9f61d4b0cdd3ce90d999036717c",12.9703259468079,605618176,94433,"94c50d1088a3e443131934f20e4469d261bcb54bbb59252f22bf91591bd5f149","closed",FALSE
"mv07h_ph_metric_v1","ph__20260806__SRA550660_SRS2089639__cell_topology_v1",20260806,"SRA550660_SRS2089639","cell_topology_v1",384,383,359,0,6.53785448997772e-07,TRUE,"ripserr","0.3.0","primary","","f203027b801167ed1db70d1c938b7000d442e0793c2b00a72943cb3582db43bc","mv07h_ph_record_v1:b595ee865503fd643231e3c3a64dd96415f7dec918441b20910d86f4ce7eac04",12.5084567070007,581791744,29406,"0fdc9c36515952ee19cb76511f1d7f1203a0043db7a6989759ad11d32711375d","closed",FALSE
"mv07h_ph_metric_v1","ph__20260806__SRA550660_SRS2089639__gene_topology_v1",20260806,"SRA550660_SRS2089639","gene_topology_v1",500,499,1681,0,1.31949887450393e-07,TRUE,"ripserr","0.3.0","primary","","46ef323adec4e89e96f281913bb366d2432e082a15028bed1294ef9ff8adc11f","mv07h_ph_record_v1:9f8350be9e9a58488205c176fb6faa95349e27995d1affe6db464cf72ab5766e",12.9960639476776,873193472,80933,"5df161164c0b6126fe8c6bcb2b7a61feb53986d432387dee1b494c77ea0dc6f7","closed",FALSE
"mv07h_ph_metric_v1","ph__20260806__SRA621638_SRS2610283__cell_topology_v1",20260806,"SRA621638_SRS2610283","cell_topology_v1",384,383,319,0,9.64891930795818e-07,TRUE,"ripserr","0.3.0","primary","","a8767aee8d40ad0ec87450132f467d3161d1cb2ce65799aeccd998140a5ab6ce","mv07h_ph_record_v1:1fc86f546bdeec11d203918608cc25e43dc2d3d10473a33a9783179425448325",12.4773392677307,695775232,28006,"98b872424bef352c8f9df8f261e4983a8fe1c743fc2576716f5f7d423dbedc93","closed",FALSE
"mv07h_ph_metric_v1","ph__20260806__SRA621638_SRS2610283__gene_topology_v1",20260806,"SRA621638_SRS2610283","gene_topology_v1",500,499,1035,0,1.31554202361816e-07,TRUE,"ripserr","0.3.0","primary","","0e8a23bdbf18524362db418d790fd058ad63460199be65e17caddb0b750b749e","mv07h_ph_record_v1:326d23bce8fa338502ea27c17d589b504a1acfdecea9d289f25de34d21618383",12.9640684127808,572641280,57677,"9322d2163fd954e00b6a4f0de35cf9b51e477aecb8d3370f203b80ecf9bcfe35","closed",FALSE
"mv07h_ph_metric_v1","ph__20260806__SRA621638_SRS2610285__cell_topology_v1",20260806,"SRA621638_SRS2610285","cell_topology_v1",384,383,448,0,1.34629244012503e-06,TRUE,"ripserr","0.3.0","primary","","2cbcf64efe809c967cee52086a57983e34aa5f573b364e56e28804b1fcf04494","mv07h_ph_record_v1:77653dec5bf5c03b3b1f5b96bec4a56b03aa82a5d7053a6808331375049c67bd",12.7873456478119,610426880,32521,"14b9331ec66c38136db646c64e7e561a32e79e8fe11780ada5a1fdaa1cf52e1f","closed",FALSE
"mv07h_ph_metric_v1","ph__20260806__SRA621638_SRS2610285__gene_topology_v1",20260806,"SRA621638_SRS2610285","gene_topology_v1",500,499,2143,0,1.31668633783025e-07,TRUE,"ripserr","0.3.0","primary","","883a4ad28aa26ee4eda0fda51fdc8f5049e4221509769704302cccee57e8e1e7","mv07h_ph_record_v1:557b498379c4b31aab082a1ec678e3bdb6644d3d16949c4d670990c7354b79e1",12.7281005382538,724119552,97565,"b6c42e2506e7ef99798f666a55195078292e1d41f54c46cce560930165f92ed2","closed",FALSE
"mv07h_ph_metric_v1","ph__20260806__SRA628554_SRS2664364__cell_topology_v1",20260806,"SRA628554_SRS2664364","cell_topology_v1",384,383,533,0,6.51252913798922e-07,TRUE,"ripserr","0.3.0","primary","","a9f91f3bb16782ef3c150ecc7aa8283f462bfc8589a50c5eb1446c339502270f","mv07h_ph_record_v1:ffed06c158f0ac90915afa28e5926fd9759d822aec94a3264d886bdc6873443a",12.7237782478333,599068672,35496,"6e7918454869faf4c9428d8539a4dcbd2f0290869b72ad330799151b21d0a50c","closed",FALSE
"mv07h_ph_metric_v1","ph__20260806__SRA628554_SRS2664364__gene_topology_v1",20260806,"SRA628554_SRS2664364","gene_topology_v1",500,499,3201,0,1.32384257119952e-07,TRUE,"TDA_ripsDiag_GUDHI","1.9.4","exact_resource_fallback","rss_cap_exceeded","19efe4f4ed275990afa11417fefc6485c1cd11218246a2962f7aa71038aee1b5","mv07h_ph_record_v1:e3e96fb17a8c8c9f6e4540842ecc081232d80b8853be42e98279a5e1a2df03f4",367.108136415482,6654668800,92527,"24ab5e77566feb4f0167a6736db1b67b491c5bd077dd337a112238a9fcf820aa","closed",FALSE
"mv07h_ph_metric_v1","ph__20260806__SRA628554_SRS2664365__cell_topology_v1",20260806,"SRA628554_SRS2664365","cell_topology_v1",384,383,492,0,5.47341417874791e-07,TRUE,"ripserr","0.3.0","primary","","7b7915127ac08c4c2652dd9b09a9a6e5c9d53b7f305b6c938bf32aa4ac1a4ae9","mv07h_ph_record_v1:965c9d1621b68114d35503936f55896c9a6eeb12d9d5037851866ce1fa69d521",11.693461894989,699179008,34061,"09193e7527c8bca997791ac9729ed61cc2d491b6b06beb9b2adcebc268f36f3a","closed",FALSE
"mv07h_ph_metric_v1","ph__20260806__SRA628554_SRS2664365__gene_topology_v1",20260806,"SRA628554_SRS2664365","gene_topology_v1",500,499,2664,0,1.32930137447395e-07,TRUE,"ripserr","0.3.0","primary","","2e7b408744fa0b1321076875660cbf2eca41161c7b251bf730b9f5755d7fe9a7","mv07h_ph_record_v1:d23f1bb9b7601d36feeec7cb84afab3f4c1ea848b9c26aa4dd981d2937326352",13.4816520214081,653582336,116321,"43daddfa4c7a7fd818616a4299b35e06e99f1e9c4a084bfb09f904b620b5ea92","closed",FALSE
"mv07h_ph_metric_v1","ph__20260806__SRA645804_SRS2823404__cell_topology_v1",20260806,"SRA645804_SRS2823404","cell_topology_v1",384,383,374,0,7.98839002402295e-07,TRUE,"ripserr","0.3.0","primary","","4dafb5e68fbed5b53dc3ed0f04bd0826f7c20dd3dbe59caf9969675c654e10d5","mv07h_ph_record_v1:ae2afcf4c65907c10a888d361918b61f0f28b6c8d20804b4e3d35a727e65dfec",11.4367833137512,692236288,29931,"ac142de143235fdac8b7c09d49a95d40e013ce2e032a29200cc0b8bd7ef613f4","closed",FALSE
"mv07h_ph_metric_v1","ph__20260806__SRA645804_SRS2823404__gene_topology_v1",20260806,"SRA645804_SRS2823404","gene_topology_v1",500,499,504,0,1.32383260582272e-07,TRUE,"ripserr","0.3.0","primary","","10ab267af715ecd43a79c39de00d1d7c7f15e43d0911af66526b5f0fcbd0cad7","mv07h_ph_record_v1:ece2413226c81b421a81ab18dedf05b64868f2ac82221bb13dbb433bfaafbf0a",11.4261105060577,592576512,38561,"c9bcd720c379a9150b8b226e7f10029e2e77dc50512189115acd3678af58f0a5","closed",FALSE
"mv07h_ph_metric_v1","ph__20260806__SRA645804_SRS2823405__cell_topology_v1",20260806,"SRA645804_SRS2823405","cell_topology_v1",384,383,358,0,1.1582689679472e-06,TRUE,"ripserr","0.3.0","primary","","4a30cb9e335732ad5dd818e20a0dd8db8e8d6ab8553dcdf1574fb6968074ddf9","mv07h_ph_record_v1:6cc36d1d7cf17e5f09df38dbd45e1a31d181c821179d990d9aa1ae51c90bcf12",11.4230794906616,726761472,29371,"e77b48d4bda4a8a37ff66bb17b1630038a7d2308127f944ef7cf74f669670b86","closed",FALSE
"mv07h_ph_metric_v1","ph__20260806__SRA645804_SRS2823405__gene_topology_v1",20260806,"SRA645804_SRS2823405","gene_topology_v1",500,499,609,0,1.32613197155205e-07,TRUE,"ripserr","0.3.0","primary","","17761e3256aadc561d38166066b4c1950aa96ab3e7a5ec8042e9728abf1bab50","mv07h_ph_record_v1:ca951ea478522ea210f44f827725a7cef3a4fda09e389fd6b0db38d2f21fd0e7",11.4307935237885,582164480,42341,"981a106eeaf1216c40bb05dce96c2738b8593cc5d1414e9b36799f078f42b3ad","closed",FALSE
"mv07h_ph_metric_v1","ph__20260806__SRA645804_SRS2823406__cell_topology_v1",20260806,"SRA645804_SRS2823406","cell_topology_v1",384,383,277,0,7.97864756776689e-07,TRUE,"ripserr","0.3.0","primary","","b87e204b226face40179d4debabc90c0ecff5ea0a291dee71a4f3e413ac2b30b","mv07h_ph_record_v1:fb65e89b5ec3d575860b63741f12f425f6bd4b0ca632f378f257079ea65cbf45",11.4863839149475,664854528,26536,"aa8c94d2424dba36181a5e95ccc773a8c026b1e7fb879d72b089f77611945060","closed",FALSE
"mv07h_ph_metric_v1","ph__20260806__SRA645804_SRS2823406__gene_topology_v1",20260806,"SRA645804_SRS2823406","gene_topology_v1",500,499,550,0,1.31620439397106e-07,TRUE,"ripserr","0.3.0","primary","","fa7863d46369e4db23b1a55a37d1c96c36d98360f115b7264002ccd1c61d9e06","mv07h_ph_record_v1:2b4dc4b5b22381887c41f27dcf0300e9cef0bad1ceb3c71d1ab75ccae7fc5bad",11.4430208206177,655089664,40217,"ac78a01414f1089f9e08d2ea5d3dbbfa60546b974a72b44a351b54cbd7dfae2b","closed",FALSE
"mv07h_ph_metric_v1","ph__20260806__SRA645804_SRS2823407__cell_topology_v1",20260806,"SRA645804_SRS2823407","cell_topology_v1",384,383,205,0,7.73274653252871e-07,TRUE,"ripserr","0.3.0","primary","","2d676e103eb2bb2968d9f3563024aab7ace6fa6d56044bf8ce2907a6d3aa2e6c","mv07h_ph_record_v1:068cacdd4c2a05bd3e3257a2398788c5eab19b0200d9e4e180410a66f399acc7",11.6675724983215,725450752,24016,"4c7ae893d686babf844685cfd695b7ff54ff5f2abd49826dc392c1d3e683c019","closed",FALSE
"mv07h_ph_metric_v1","ph__20260806__SRA645804_SRS2823407__gene_topology_v1",20260806,"SRA645804_SRS2823407","gene_topology_v1",500,499,367,0,1.2969501767661e-07,TRUE,"ripserr","0.3.0","primary","","9ed01bc1b40d49d5dbb820238e70ed31733297cde4fe8809bf9628fca991d3bc","mv07h_ph_record_v1:c5493bf90f3061f3b62fb627d22818ab99cdc77024cf0d830e929e7866bfabff",11.7012665271759,660369408,33762,"a7d626d76efc7d86a4c9b2b9780ab5c28964ef88790a070d56e8df34df788783","closed",FALSE
"mv07h_ph_metric_v1","ph__20260806__SRA645804_SRS2823408__cell_topology_v1",20260806,"SRA645804_SRS2823408","cell_topology_v1",384,383,147,0,1.16211032073285e-06,TRUE,"ripserr","0.3.0","primary","","a69e06fe81756398a14d22403e29c5fb385b5c673a35e70724c00b4a650bcbc6","mv07h_ph_record_v1:fb977680e3f75b090cdd2c005fe9feefa998fa0650fa5488960dcea0d8f3aec1",11.4201014041901,582008832,21986,"83192153e88d86192d2b74c52f3e4b687584407620871b7e2410d4e7a2a2992d","closed",FALSE
"mv07h_ph_metric_v1","ph__20260806__SRA645804_SRS2823408__gene_topology_v1",20260806,"SRA645804_SRS2823408","gene_topology_v1",500,499,198,0,1.28872408185198e-07,TRUE,"ripserr","0.3.0","primary","","209cd6d803243e27116f288dfb965e4fcead9c30937177b6fc118fc783f30557","mv07h_ph_record_v1:0bfb85ffaea48a0b2a59918a03a3939e7849e9f86411e9011ae5ae85f361bbd7",11.694596529007,613621760,27847,"84ee46f3959789a84376cc650e035f591237b3d15c438492a5fb5d288cda8877","closed",FALSE
"mv07h_ph_metric_v1","ph__20260806__SRA645804_SRS2823409__cell_topology_v1",20260806,"SRA645804_SRS2823409","cell_topology_v1",384,383,207,0,9.62684246120797e-07,TRUE,"ripserr","0.3.0","primary","","52dc19dd07f527125d11e51f3a1bff82d015af04cb4a0e1eb1ee6fc50993c5dc","mv07h_ph_record_v1:8b56201c557588e5ef56a7c4b645804ca507594f3b199a953637fe9ed4569f60",11.4747653007507,581906432,24086,"9c8077edebb7cdcbb3b60e66209eefdc7f5e9d3be737b070c78a9c51311d18de","closed",FALSE
"mv07h_ph_metric_v1","ph__20260806__SRA645804_SRS2823409__gene_topology_v1",20260806,"SRA645804_SRS2823409","gene_topology_v1",500,499,367,0,1.2923417129623e-07,TRUE,"ripserr","0.3.0","primary","","3f38853290ac5cc18afe5b23ced4c7483fa8fca48040a4bee2b40f44163f0ea8","mv07h_ph_record_v1:13b028ca252086681312b8aa189e0aedf761aa45e5084d4527336eb59f78b721",11.5130069255829,606834688,33762,"f796a5e45a40d1b21f0714da5ff6809a5ca94aaf495f415cc01957e4ad91099d","closed",FALSE
"mv07h_ph_metric_v1","ph__20260806__SRA645804_SRS2823410__cell_topology_v1",20260806,"SRA645804_SRS2823410","cell_topology_v1",384,383,197,0,1.45937191666358e-06,TRUE,"ripserr","0.3.0","primary","","6cb47db95a0459cc8e403c6fa3758fafb81709729b79848043b72f9403b20a71","mv07h_ph_record_v1:a24ce0539dce0c2e112414a824f98a8c8b0419e27c3f9991d6d4e03458d9667f",11.4377880096436,664502272,23736,"08554b81d6f23010827a89cd35d7a7da7dc06a5b6cc94df392ea747f77467652","closed",FALSE
"mv07h_ph_metric_v1","ph__20260806__SRA645804_SRS2823410__gene_topology_v1",20260806,"SRA645804_SRS2823410","gene_topology_v1",500,499,109,0,1.30101836131306e-07,TRUE,"ripserr","0.3.0","primary","","681cdb7e630eb8d8dadbceacc428aeb1cfcd44751d3d93bcf897ceb92b48241b","mv07h_ph_record_v1:92c5763cb30301025d381a8a19827c3d6bf5a0afefc45ad24dcd8feb5c25255d",12.2702393531799,692957184,24732,"e14ad897233927e04721ababdc0aa3c8ec237c6f67204e8bbd5007570c56487b","closed",FALSE
"mv07h_ph_metric_v1","ph__20260806__SRA645804_SRS2823411__cell_topology_v1",20260806,"SRA645804_SRS2823411","cell_topology_v1",384,383,165,0,1.04745028973224e-06,TRUE,"ripserr","0.3.0","primary","","7c3774d0a5ccbbe5c9c07d19f63257b6d0c72fc25c91ad181840ca35fa7e9fcf","mv07h_ph_record_v1:cc53d1aa6ca104fe0c1dfe2962ee260db97b4a78aec3190772382123aa8f7be2",11.7688415050507,627200000,22616,"b59b3e63833034f65928ebc9fa933503838ccf0fbac6fa7fa14c12c20a888423","closed",FALSE
"mv07h_ph_metric_v1","ph__20260806__SRA645804_SRS2823411__gene_topology_v1",20260806,"SRA645804_SRS2823411","gene_topology_v1",500,499,247,0,1.27263077813304e-07,TRUE,"ripserr","0.3.0","primary","","b08437d2ad260dd5a66e94c3713e74c707dc7eed7099e0a80aee12aa0c5fc114","mv07h_ph_record_v1:97a1dc12a9f868536cd73e3d32f117573a90bc4a9a91ae9cc7bac91b63fc0ebb",12.5540623664856,609288192,29562,"e77f66a30e64f55f96961e0fadc297881ae4c59256fb7ea5c049015f1f8fb860","closed",FALSE
"mv07h_ph_metric_v1","ph__20260806__SRA645804_SRS2823412__cell_topology_v1",20260806,"SRA645804_SRS2823412","cell_topology_v1",384,383,179,0,1.08902137700873e-06,TRUE,"ripserr","0.3.0","primary","","be546764fff65a7ff84147c591d3e261cfdd28c62e7581f6ccc7f2715546ddd7","mv07h_ph_record_v1:1dc39cbc648d322e3b78445f76d430808a23845a9885b245786fc65bf646dd08",12.28537774086,655015936,23106,"3f96cc556a1ae8251393fd588a268fe54ffc075bbeaca09292314904bb4ccea1","closed",FALSE
"mv07h_ph_metric_v1","ph__20260806__SRA645804_SRS2823412__gene_topology_v1",20260806,"SRA645804_SRS2823412","gene_topology_v1",500,499,143,0,1.30426795408101e-07,TRUE,"ripserr","0.3.0","primary","","b1f6998ded225b1e5c032d154cdf5e44b5790e73314d8daaa75ffcbe95f35945","mv07h_ph_record_v1:96ba12c0fc3d21fd0d9aba2b17a446dff0af08831db0fcd2d4a8c5c960b3bf21",12.8150231838226,613023744,25922,"164b6e5cbd7a2d46ad51cc77906871addb9df29c759a8ff0cdb457e39e637233","closed",FALSE
"mv07h_ph_metric_v1","ph__20260806__SRA645804_SRS3572594__cell_topology_v1",20260806,"SRA645804_SRS3572594","cell_topology_v1",384,383,220,0,9.31928328473351e-07,TRUE,"ripserr","0.3.0","primary","","637ff1790c1e9f0537b0f2cafa5d63c4a3f428d5b742c443f121b5ca8e211e92","mv07h_ph_record_v1:15f3c63938dfbebd44b9446243c195996fd4674fdaf0d3a8fe599dbbdb4f5af5",12.3651969432831,646582272,24541,"de2962358b49ad1a7d7fe036a96e96e696c85b8ad4c1207d7f1623fb891d2744","closed",FALSE
"mv07h_ph_metric_v1","ph__20260806__SRA645804_SRS3572594__gene_topology_v1",20260806,"SRA645804_SRS3572594","gene_topology_v1",500,499,137,0,1.30968979303658e-07,TRUE,"ripserr","0.3.0","primary","","a6433d17dcf6fa35a702c31bb45e76f2cfc7f796a2fff6564fd33d2ba4bff938","mv07h_ph_record_v1:4f01641cb3baf0bd297b29da94672357cc218a31db1508d5a45ef4c4a2662401",12.8261749744415,680620032,25712,"0b53523ed31a2e8c978d55606e01aa1df29de504dd851fa201ab97ce6278637a","closed",FALSE
"mv07h_ph_metric_v1","ph__20260806__SRA667709_SRS3065426__cell_topology_v1",20260806,"SRA667709_SRS3065426","cell_topology_v1",384,383,235,0,1.01606495737093e-06,TRUE,"ripserr","0.3.0","primary","","89e7792bcb76bf0f055077f7ff2718e1107062f450b94b5c7f380e9a53eee12a","mv07h_ph_record_v1:8b9d05982dbcce1af4d7ff38fd2e34ce050dcfde58f0a028d14c55266bca17e8",12.3005514144897,711483392,25066,"775a343d81277f11f51a221fdfe6d0d868122bcd5989893be63c9ea2771f5d41","closed",FALSE
"mv07h_ph_metric_v1","ph__20260806__SRA667709_SRS3065426__gene_topology_v1",20260806,"SRA667709_SRS3065426","gene_topology_v1",500,499,324,0,1.29805962887954e-07,TRUE,"ripserr","0.3.0","primary","","1e987c06969f0879b5f34c9f392b21a496a47eaf8dc9149ce57eb8458466a362","mv07h_ph_record_v1:dd4aa416aa7c0f8b6dbfa12b8176ba51585a09c8c9c7ea783626d3d36e1caaa2",12.5610251426697,577466368,32257,"e426c2a3e51cae7cc35bf1f3fdff1e27d38a96c94aa30edc6bdac5fa9f8758f9","closed",FALSE
"mv07h_ph_metric_v1","ph__20260806__SRA667709_SRS3065427__cell_topology_v1",20260806,"SRA667709_SRS3065427","cell_topology_v1",384,383,245,0,9.41092232462257e-07,TRUE,"ripserr","0.3.0","primary","","2c87c171de99b7f3ec57d3d6a4fcfc3ac562ae1d78b1cb94ed1e62ee02ec3017","mv07h_ph_record_v1:87de7fa5683be33009d34a6ef87e5381977c861db26729f999e8dcf0edcff946",12.0488264560699,638193664,25416,"943050d432a3dd16a0888889f66a939841a2b6fd5e7a515b007b4ab04a758dfa","closed",FALSE
"mv07h_ph_metric_v1","ph__20260806__SRA667709_SRS3065427__gene_topology_v1",20260806,"SRA667709_SRS3065427","gene_topology_v1",500,499,379,0,1.28998781030723e-07,TRUE,"ripserr","0.3.0","primary","","9e0053d1cf6d63e972b119c8fc61d8f48ba0310c7f8bc6e7169f3b26594cc090","mv07h_ph_record_v1:5e977b915a18ecb5668fe950a81939cbb101845a857568c60b3dafe0cff9077c",12.8519785404205,650960896,34182,"a6cc34db13c3560e5a70dcfd0072894706a84503ca6e5756ae418b792b49fb93","closed",FALSE
"mv07h_ph_metric_v1","ph__20260806__SRA667709_SRS3065428__cell_topology_v1",20260806,"SRA667709_SRS3065428","cell_topology_v1",384,383,215,0,1.00159465596448e-06,TRUE,"ripserr","0.3.0","primary","","195461063df09ebca083d360ee92dfcc1191c149b0fabb023770bb89fcdf642e","mv07h_ph_record_v1:0d4d023bb4b59892245d9ff0c42054e0c756cfae4cf2cb26ffd887d289f3bf0b",11.892421245575,581898240,24366,"9967603f07835a73703e66389f1ede1e67e4f5ce29b430600222d9751af9cb6d","closed",FALSE
"mv07h_ph_metric_v1","ph__20260806__SRA667709_SRS3065428__gene_topology_v1",20260806,"SRA667709_SRS3065428","gene_topology_v1",500,499,246,0,1.30859269453565e-07,TRUE,"ripserr","0.3.0","primary","","595cf589808d7f9e94d9931765ecad569effa8d52483a2c542c2cba56d6024b4","mv07h_ph_record_v1:69c6836481b544d04b29ef3a659ab8d552291b9f4f69a09ef44e9080862819af",12.9604814052582,577753088,29527,"add40c6bb93c43c6634e4e4ce2194756d10602077b8fbade568a19c655dfa4c0","closed",FALSE
"mv07h_ph_metric_v1","ph__20260806__SRA667709_SRS3065429__cell_topology_v1",20260806,"SRA667709_SRS3065429","cell_topology_v1",384,383,208,0,8.81433651846081e-07,TRUE,"ripserr","0.3.0","primary","","3ed668315ecb5f071919862059fdb4d07cac0a2ec5fe1d93f7b592bf01fd6cc1","mv07h_ph_record_v1:38648f4960603adaaf0d6de2db8d087d29e1e43e3156d8ac4f8782d06a56e164",12.457793712616,592449536,24121,"33ae05ec581b062b0a44506b650ccbae775a290d720c3b9eb76dc8c5b76f50af","closed",FALSE
"mv07h_ph_metric_v1","ph__20260806__SRA667709_SRS3065429__gene_topology_v1",20260806,"SRA667709_SRS3065429","gene_topology_v1",500,499,310,0,1.28468668897523e-07,TRUE,"ripserr","0.3.0","primary","","7bb8081cb15eba9e29210b1d0ed6c468a49650091b1522ef416f869efdb9fbb9","mv07h_ph_record_v1:0680e0cb5fd10e6e6108383811ebc1ef6ca2cd116dab6c1e56e0112de553594a",12.4438142776489,602263552,31767,"e11759f7ea7120357e2ee53fc207dcee2da718b761f379d4f140922710b8359d","closed",FALSE
"mv07h_ph_metric_v1","ph__20260806__SRA667709_SRS3065430__cell_topology_v1",20260806,"SRA667709_SRS3065430","cell_topology_v1",384,383,191,0,8.21666800578124e-07,TRUE,"ripserr","0.3.0","primary","","8237174e34da3e7c05da42235ea23eeb983f153055c16abac48b375376b30360","mv07h_ph_record_v1:dd5c10b7bae686f67e71c84b9ee88c40795fe7d21ea02bd9b15c93d493d3fda3",12.4527683258057,597209088,23526,"1bda72c9a334789d66d1c9ac70d9025af9a1a7723a15151b27330c1c6ebc4dff","closed",FALSE
"mv07h_ph_metric_v1","ph__20260806__SRA667709_SRS3065430__gene_topology_v1",20260806,"SRA667709_SRS3065430","gene_topology_v1",500,499,357,0,1.29620376583805e-07,TRUE,"ripserr","0.3.0","primary","","2fae96e3634ee33fd264d58c9429b1892766a8d754d3b67c1d157a69eef5c166","mv07h_ph_record_v1:264ee60624d45cd5b49c81b21315a049c318497d3cdad28ee84921331079853e",12.4529371261597,577155072,33412,"78e56b57c54f9bef5674393c4c5a6d8341ed0cad44fe2fd9d0b48ed4b0834a63","closed",FALSE
"mv07h_ph_metric_v1","ph__20260806__SRA667709_SRS3065431__cell_topology_v1",20260806,"SRA667709_SRS3065431","cell_topology_v1",384,383,199,0,1.10968994484875e-06,TRUE,"ripserr","0.3.0","primary","","aee88f6cbe23e5bb05e3fbc13e361efbc506452db89f2cb099130f552908d94e","mv07h_ph_record_v1:9f217d6a4e116e397f5a5cabd70d46d99e41f61789313b5025c91cc20affc741",12.9916031360626,701919232,23806,"15b3ffa03938915cab3d60b1746b93dcb51b817c29aeca1f9d158d51d60f7cb1","closed",FALSE
"mv07h_ph_metric_v1","ph__20260806__SRA667709_SRS3065431__gene_topology_v1",20260806,"SRA667709_SRS3065431","gene_topology_v1",500,499,332,0,1.27591272895843e-07,TRUE,"ripserr","0.3.0","primary","","490c9685f0a55666d9b2283c4f18f88ea51084134033704349da67e837dae80b","mv07h_ph_record_v1:8864e12a6e4474f1ec344917d06171e6d26f131b99cdfe0ed76e592d812c60eb",12.5380673408508,688197632,32537,"d46a6b2c2e417c9463f53473d8bc46b558d478f1b2107aa1fcd7365ad3b2b2aa","closed",FALSE
"mv07h_ph_metric_v1","ph__20260806__SRA701877_SRS3279684__cell_topology_v1",20260806,"SRA701877_SRS3279684","cell_topology_v1",384,383,364,0,1.03976166043592e-06,TRUE,"ripserr","0.3.0","primary","","b81a87a4cd05933d0adfc2aa69c82a377e87e3d247c099bbe4054475a831ac87","mv07h_ph_record_v1:164773e7ed93fb197f6b93b0d95469fb1763bd18c72f23611793e5b75b8c1ec5",12.2677702903748,661790720,29581,"85ce12b17a7b9e83e2c96984c03eaaae8094eb516064a630d1f806336db4c74f","closed",FALSE
"mv07h_ph_metric_v1","ph__20260806__SRA701877_SRS3279684__gene_topology_v1",20260806,"SRA701877_SRS3279684","gene_topology_v1",500,499,729,0,1.31922742838858e-07,TRUE,"ripserr","0.3.0","primary","","67411172cac63ddacb376fdb8b7e88af82043f3a237f362b7df0be068efada64","mv07h_ph_record_v1:ddf57f9f2f88888fb3c5decd620516261957222588fbe97df2bbe859af7fc4aa",12.516832113266,706994176,46661,"d8f07be3ff28385442eb9f839791f5e15b79f9ea7f56fbc97775cb33ec67ca4a","closed",FALSE
"mv07h_ph_metric_v1","ph__20260806__SRA701877_SRS3279685__cell_topology_v1",20260806,"SRA701877_SRS3279685","cell_topology_v1",384,383,277,0,1.14724724935156e-06,TRUE,"ripserr","0.3.0","primary","","b3d36e168eb611e64dd1d790577e77630c573c49883dfd1655f9e796b968ef10","mv07h_ph_record_v1:a5a495c43f7c41545a3185f2aa5e82fc412b3038aedf3c6a5c70681e6939b573",12.4778573513031,581914624,26536,"974ea992f5c15218247d5c2610412929f577a9c1a3cac8ba671a87cd64a5ebd4","closed",FALSE
"mv07h_ph_metric_v1","ph__20260806__SRA701877_SRS3279685__gene_topology_v1",20260806,"SRA701877_SRS3279685","gene_topology_v1",500,499,873,0,1.31628676265e-07,TRUE,"ripserr","0.3.0","primary","","caead55828d3e28f7a5cbac4e5a6996c456e2b72e9d30d6b1f0700432566abfe","mv07h_ph_record_v1:e928e86fc66f459664df305877c3d0b3a3735460847c44efcdb98c9ceed72863",12.7577612400055,670138368,51845,"57bd9a1ce3ce01c937c24e16f1d158f9270f759fbf5c2e7da68a7bf96f42c13b","closed",FALSE
"mv07h_ph_metric_v1","ph__20260806__SRA701877_SRS3279686__cell_topology_v1",20260806,"SRA701877_SRS3279686","cell_topology_v1",384,383,314,0,1.19923905863663e-06,TRUE,"ripserr","0.3.0","primary","","2bd46238ad39dde498acf9a47170a609925db942e8af9d4177b0c9de64d691bb","mv07h_ph_record_v1:3e4d52ebee8a3ed40f2cfa5a1eb6e3187409b6bd53054437536c172fdc5f17e9",12.2139620780945,615473152,27831,"30aed89e3825b84a032951042bc5fe8d9e84209f6c73ed09f19dc04f9d66372f","closed",FALSE
"mv07h_ph_metric_v1","ph__20260806__SRA701877_SRS3279686__gene_topology_v1",20260806,"SRA701877_SRS3279686","gene_topology_v1",500,499,969,0,1.3052190277099e-07,TRUE,"ripserr","0.3.0","primary","","b0daf7ef256bc4aa2865e3ebb80f19b5aae74637dbb0ca05d4dcba30a4dbbf1f","mv07h_ph_record_v1:147b8e579c8173a65ad538ab24b2e568e3f6c60e59ea1f0c376cd33a32900a03",12.5387842655182,723120128,55301,"73edbc623eb9c0336dbb5ed4e337b7d962cd34fb47feb052f5e2d94f24fec6db","closed",FALSE
"mv07h_ph_metric_v1","ph__20260806__SRA701877_SRS3279687__cell_topology_v1",20260806,"SRA701877_SRS3279687","cell_topology_v1",384,383,278,0,1.49216421999788e-06,TRUE,"ripserr","0.3.0","primary","","b97544a35492418b383c0981a92cce63c1175d48d2bad3462ff1064764385ad2","mv07h_ph_record_v1:2a5f2f9ab694d4e26666e9e81ffb44d24d7216280b2f0af5fac0468a24292299",12.7673254013062,621535232,26571,"43118f10394de6db4fb3d44ba6a876189dffafd3ceb5fbce09a39f024da57cd9","closed",FALSE
"mv07h_ph_metric_v1","ph__20260806__SRA701877_SRS3279687__gene_topology_v1",20260806,"SRA701877_SRS3279687","gene_topology_v1",500,499,877,0,1.32543104931021e-07,TRUE,"ripserr","0.3.0","primary","","83e8574f66589e6c6f6489000a42bde5f2e8a1c443484db9c91df1be0242d205","mv07h_ph_record_v1:2d33b8586ab274ed8ec27d1563a338aebe5fdb63b7e0908844fc7b72e064b5e8",12.5121717453003,610844672,51989,"bb4b200c3a114c8e3e09c084d362236a5eca35fc4d822558db4d7bb94240896c","closed",FALSE
"mv07h_ph_metric_v1","ph__20260806__SRA701877_SRS3279688__cell_topology_v1",20260806,"SRA701877_SRS3279688","cell_topology_v1",384,383,372,0,1.09851421750919e-06,TRUE,"ripserr","0.3.0","primary","","b8dc7a73a85af4b75b6a0563ae46c8ac29ea4e526d1d6cada15b4631e2a1b276","mv07h_ph_record_v1:95f61283bcfa72635aa0c5ec06ab4c2bd5b5a6a3b59933eab844629ffffc40f9",12.2742583751678,673353728,29861,"a3d19af1f878bbd512f5df771aa6eba7977e0274d03ff24eadb74923a6d32d8f","closed",FALSE
"mv07h_ph_metric_v1","ph__20260806__SRA701877_SRS3279688__gene_topology_v1",20260806,"SRA701877_SRS3279688","gene_topology_v1",500,499,1031,0,1.314156467303e-07,TRUE,"ripserr","0.3.0","primary","","0804ebec501163ae4d2cc8aa08fd9bc6a4afb46e216f65b530db440853f01743","mv07h_ph_record_v1:92d6ba1d1e05f26861a6c4e620d4289657eec6dd1edfc8b221cc6bb5c836ab2a",12.5155260562897,579403776,57533,"94521d0a2e6bd952d4e7bf013842ff6136561796f95bfbea8345ad3725c37e7c","closed",FALSE
"mv07h_ph_metric_v1","ph__20260806__SRA701877_SRS3279689__cell_topology_v1",20260806,"SRA701877_SRS3279689","cell_topology_v1",384,383,304,0,2.02995760627286e-06,TRUE,"ripserr","0.3.0","primary","","7c155b02e5bacd265ec4e3681365f06f4d94749724caadbfceed6cb561000d87","mv07h_ph_record_v1:c229fee20f2020103949a6eddfe4962832fc519948ccef9860bce6c53110a8f0",12.512984752655,577605632,27481,"2a23f501e7c4b9f76fb090c01eda69ab647c0f4b6e4c603c03c5d9c37652c4be","closed",FALSE
"mv07h_ph_metric_v1","ph__20260806__SRA701877_SRS3279689__gene_topology_v1",20260806,"SRA701877_SRS3279689","gene_topology_v1",500,499,872,0,1.31149764108052e-07,TRUE,"ripserr","0.3.0","primary","","b6988dcbe4ed83f088b24bf5b8acac215e94162e7f2f1bf04b016163ec8a712e","mv07h_ph_record_v1:967c08d0d33f592e04af5b9475626c136f088d87bc94178d8509590443940b25",12.5558052062988,671842304,51809,"e5e08ca0a3c4c40d27eab6a167f0b56074d644eb6d2d1cbda78acf99d442bc63","closed",FALSE
"mv07h_ph_metric_v1","ph__20260806__SRA701877_SRS3279690__cell_topology_v1",20260806,"SRA701877_SRS3279690","cell_topology_v1",384,383,287,0,1.13232803871224e-06,TRUE,"ripserr","0.3.0","primary","","71552eb4a86d2fe4cd7cd96e7ec8d3d836c30dc893804fa234f4ced5df561f96","mv07h_ph_record_v1:725268e830ede582fceec92337b24053599f5219fcae4bbe3c14e4e6f513ae22",12.3310279846191,581775360,26886,"2173daccf8ee763423ff01919106265fd3e33a898151c9cec15cef7a07e55479","closed",FALSE
"mv07h_ph_metric_v1","ph__20260806__SRA701877_SRS3279690__gene_topology_v1",20260806,"SRA701877_SRS3279690","gene_topology_v1",500,499,796,0,1.30748422005866e-07,TRUE,"ripserr","0.3.0","primary","","3d2e1145e1558ea7690581b5cbf6d08089399646a257b8f953ff4221db7b8a27","mv07h_ph_record_v1:40c50e82929011ad19117a924887c71fc30f21e7c45cdf89bab0c7e407953c1f",12.8019526004791,686297088,49073,"a7f64c24bc817e813ad054a14c3dd724488a9ae95c37a7272e7398e7f34a48c7","closed",FALSE
"mv07h_ph_metric_v1","ph__20260806__SRA701877_SRS3279691__cell_topology_v1",20260806,"SRA701877_SRS3279691","cell_topology_v1",384,383,306,0,1.10782129552877e-06,TRUE,"ripserr","0.3.0","primary","","8344fef42374f5c2470017cffd6d7a2f186ba02fda41730dd3c894d23b829ceb","mv07h_ph_record_v1:cc8f0d01ef13d6ad2b517224472d7c6e2d8c536cbad8c691c7a3bed869b3dfc8",12.2779240608215,582074368,27551,"8293c7d9a4cf3148cc6849909bdf4b47a8ec19086350237796bdfec77100eaff","closed",FALSE
"mv07h_ph_metric_v1","ph__20260806__SRA701877_SRS3279691__gene_topology_v1",20260806,"SRA701877_SRS3279691","gene_topology_v1",500,499,584,0,1.31045923606491e-07,TRUE,"ripserr","0.3.0","primary","","c34cc61f95e88a7c358334e47a4f5c832a6b5001312438c43cec57e7c91fde05","mv07h_ph_record_v1:cc51c2b5f12e2564c4f56a002032db854e1f4b4d751b1ef124590bf7c948d932",12.5523064136505,582524928,41441,"d2ea3adb8ca2ac3df25b5af9a4846aa264408487ec77b09a46d6b68393042746","closed",FALSE
"mv07h_ph_metric_v1","ph__20260806__SRA701877_SRS3279692__cell_topology_v1",20260806,"SRA701877_SRS3279692","cell_topology_v1",384,383,313,0,1.74013484996376e-06,TRUE,"ripserr","0.3.0","primary","","c5f6af410697518c7bbacc1610d01065b1654957069567da9338da68d298966b","mv07h_ph_record_v1:8e380379a56558c530ba52dd1465858af1aeac171afa1e06e14656f4c503adc8",12.5444195270538,582041600,27796,"04900f06b93c8dd519cd6c4e0aa9f66085b891e1c336d171d3e14813989f77d7","closed",FALSE
"mv07h_ph_metric_v1","ph__20260806__SRA701877_SRS3279692__gene_topology_v1",20260806,"SRA701877_SRS3279692","gene_topology_v1",500,499,716,0,1.30566749920265e-07,TRUE,"ripserr","0.3.0","primary","","665206a6d0cc1c96815ae80419e341092b6c0e64af61bbc27ce779b9d86b0c48","mv07h_ph_record_v1:59a8682dcd32bbd1df4bc0e630fba071ddf7df789c39699a264871df2b8bd16d",12.8377041816711,595030016,46193,"77c7655c65476ad1d028d43aee54ab6ea68608c5d0e22e6194447f7f53d6c5ef","closed",FALSE
"mv07h_ph_metric_v1","ph__20260806__SRA701877_SRS3279693__cell_topology_v1",20260806,"SRA701877_SRS3279693","cell_topology_v1",384,383,303,0,1.32311641271926e-06,TRUE,"ripserr","0.3.0","primary","","3b00a2453b419c50b159df00545466c0b582e0c16aa019504c00e4b980ebbdc5","mv07h_ph_record_v1:c248187b30cccf36f2eb7f8b105c5e24300a8eb6e105d29b902d20cd67ce1a66",12.3353996276855,710017024,27446,"13bb05c2c8780c715a19632a3c19f73d748012879d35894158a95fb6f0903c6b","closed",FALSE
"mv07h_ph_metric_v1","ph__20260806__SRA701877_SRS3279693__gene_topology_v1",20260806,"SRA701877_SRS3279693","gene_topology_v1",500,499,966,0,1.3126601169078e-07,TRUE,"ripserr","0.3.0","primary","","38dff3a9db523f2474ee01c45d23c98503bb611b44821face1bf46389a904cb0","mv07h_ph_record_v1:2f17f8a99c954c0a9105c01373b6970450bc3a2cc5c126cd107977101fb2e185",12.5716934204102,706744320,55193,"ddc67e2d17563956d89cfcc30804837527db0c5fcdffed6969af9b6bbab69806","closed",FALSE
"mv07h_ph_metric_v1","ph__20260806__SRA701877_SRS3279694__cell_topology_v1",20260806,"SRA701877_SRS3279694","cell_topology_v1",384,383,344,0,1.06809353793837e-06,TRUE,"ripserr","0.3.0","primary","","9111f6078407882c6852013d501fa8f05d7e6f625c6e29ae8558f5e8912dfb6e","mv07h_ph_record_v1:23dd8daa568f13f789110e8a85915f585081f2638f553e41eeec6161503345cf",12.2933208942413,581791744,28881,"db74d40af7e8da89cbf1abdc601e307d7d84dfe07c6448b0b272125ab8072b46","closed",FALSE
"mv07h_ph_metric_v1","ph__20260806__SRA701877_SRS3279694__gene_topology_v1",20260806,"SRA701877_SRS3279694","gene_topology_v1",500,499,1361,0,1.31981800548893e-07,TRUE,"ripserr","0.3.0","primary","","942414397cab71d6e134ddd0b9e8dc27562763eb0481e381ac9487eeab43540e","mv07h_ph_record_v1:7a6571d7418214066b85f7ea1e91c61696cc8080fc302cbd5e64bcbe0c0a7ce6",12.8439924716949,672657408,69413,"d544e7e705eea1c14c9ebc6c3465a1b671d252c0fbba2f8c19cd7a42c984213d","closed",FALSE
"mv07h_ph_metric_v1","ph__20260806__SRA701877_SRS3279695__cell_topology_v1",20260806,"SRA701877_SRS3279695","cell_topology_v1",384,383,319,0,1.35756860931845e-06,TRUE,"ripserr","0.3.0","primary","","1e0d3f0f7eceab7117e6afd4e126541af76761db889723b558b0c8636a49f23d","mv07h_ph_record_v1:e07950d7259a2ded59ab563c458610b3fb9d2796fcd5bc9ea74d6ed70ab4596c",12.3005588054657,699314176,28006,"8f5a8b40eb9029090d89fe2e1282c94d881156cfa478547f3d67d68812da34b1","closed",FALSE
"mv07h_ph_metric_v1","ph__20260806__SRA701877_SRS3279695__gene_topology_v1",20260806,"SRA701877_SRS3279695","gene_topology_v1",500,499,998,0,1.32533112655994e-07,TRUE,"ripserr","0.3.0","primary","","0fdc5044309de3f900289f2c7cd1ece0246ef7f950985cd4b81e403fde47e992","mv07h_ph_record_v1:4dba66f034ae2d5b1a9b12efaa43b312517ca5e41fb51aee908ce8fc917e7dd4",12.6056041717529,602370048,56345,"f4fe4ab2394584fa506b668c7b1556a4fafe8336f5c35c37e761978b81e8de92","closed",FALSE
"mv07h_ph_metric_v1","ph__20260806__SRA703206_SRS3296611__cell_topology_v1",20260806,"SRA703206_SRS3296611","cell_topology_v1",384,383,356,0,8.6932961249669e-07,TRUE,"ripserr","0.3.0","primary","","fa0c7c427dd232c165e62bbf237003fde757d68db295ecbeb3ecc360f43c5c0f","mv07h_ph_record_v1:5314ce531164d746b4e4ac7f376e0cd6531c1f7c9b4fef4c3cbd36005a4d0b67",12.4161767959595,677171200,29301,"49a7674fa4243dc5f86421f437f0c3128e1dd93a094efff1deeb69ac1a630a32","closed",FALSE
"mv07h_ph_metric_v1","ph__20260806__SRA703206_SRS3296611__gene_topology_v1",20260806,"SRA703206_SRS3296611","gene_topology_v1",500,499,911,0,1.30814523205514e-07,TRUE,"ripserr","0.3.0","primary","","f1fef0384f185fa3f30c8b530d0439e3e285926d90a6bef63bd616da213c267e","mv07h_ph_record_v1:39e2919f59ad7ba78fa1a95536f7abd1927f1c53ca6892aeb626ba9bce3768ce",12.5779049396515,578818048,53213,"9be3d81b1031232c9ade3369c49390513d02c060b0ecfff66b6731b5175f0fa1","closed",FALSE
"mv07h_ph_metric_v1","ph__20260806__SRA703206_SRS3296612__cell_topology_v1",20260806,"SRA703206_SRS3296612","cell_topology_v1",384,383,379,0,8.65800173396481e-07,TRUE,"ripserr","0.3.0","primary","","77456096d5fd23c96228b3dddb2fa05b3b0b0934492124376e47b0c1ee50deda","mv07h_ph_record_v1:0f80329acd4596b5475329394a9f1d839ec6a15fd1d0f8fb669dcad604875873",12.5775244235992,688193536,30106,"ff1f9508cee03a62c476453ac4c6a22cf815c616bf55b2de8747accbd15161ab","closed",FALSE
"mv07h_ph_metric_v1","ph__20260806__SRA703206_SRS3296612__gene_topology_v1",20260806,"SRA703206_SRS3296612","gene_topology_v1",500,499,913,0,1.31411480599813e-07,TRUE,"ripserr","0.3.0","primary","","07daa0e45fc724d2c9694d100beb33508cef60d47fc08683ac68bd9d78dae61b","mv07h_ph_record_v1:fde579daab9f3076098a242aa5f82e9469b8baa1b9b4fd99a74712a724aeaa31",12.3119802474976,579383296,53285,"23806d4035fa27ed22db81ba957ec71d9d6d7a56d029acf4f6b72263a3ca0cc2","closed",FALSE
"mv07h_ph_metric_v1","ph__20260806__SRA703206_SRS3296613__cell_topology_v1",20260806,"SRA703206_SRS3296613","cell_topology_v1",384,383,367,0,1.61670058132202e-06,TRUE,"ripserr","0.3.0","primary","","7163e3ee23f44b9cd6149eb4430a856f45cd4900451feacd16d5f2c540f53b45","mv07h_ph_record_v1:09befff7b3160ed025678124634f4839de067d8c940fbbe4717cc367a2c8fa47",11.769700050354,644812800,29686,"63283ccfbbbafc8bdbf717750850a7939e3186acc46c05dcf2cea17031dd46df","closed",FALSE
"mv07h_ph_metric_v1","ph__20260806__SRA703206_SRS3296613__gene_topology_v1",20260806,"SRA703206_SRS3296613","gene_topology_v1",500,499,1288,0,1.31379600437307e-07,TRUE,"ripserr","0.3.0","primary","","81a22717ba0784580cbfd44ea8995cef51a24620729b0491f40dd046f102adf0","mv07h_ph_record_v1:1127f3f0bb4a5989da4c2e888c0b57347b3ff69982ae94e20e209e1e0ae3a451",13.1560323238373,580988928,66785,"98285004b3d95f4b4fe578fa385364c0c6e4b06c762c9486e490c87fac082723","closed",FALSE
"mv07h_ph_metric_v1","ph__20260806__SRA703206_SRS3296614__cell_topology_v1",20260806,"SRA703206_SRS3296614","cell_topology_v1",384,383,372,0,1.53633317432555e-06,TRUE,"ripserr","0.3.0","primary","","5f3e3babc6caa00309e73c8e7ee3004829f8c40535aa44949d12db13015dff60","mv07h_ph_record_v1:9d575c53a154c00513d42ea043de244fbd68d7078470becc8799fe36e322a3c5",11.8172743320465,692965376,29861,"c9d37cea9aeee33a11a40c66403c4151be4da7bd340fed3a61be7ca2d1a43239","closed",FALSE
"mv07h_ph_metric_v1","ph__20260806__SRA703206_SRS3296614__gene_topology_v1",20260806,"SRA703206_SRS3296614","gene_topology_v1",500,499,1205,0,1.30719664905343e-07,TRUE,"ripserr","0.3.0","primary","","f9cc1f43825d363f6d59cbe65e89a639d2d3dd93d61acf2e029daefad3bfc230","mv07h_ph_record_v1:9067d3d34b902d88496cb256c93b2c005ed2c8118485db252d9d0e5e34b99eee",12.4671783447266,696000512,63797,"34b7a421a9a41a6b30c8f67be384d56e09277f5c3ac1ebec1fdcd4917a55e2fc","closed",FALSE
"mv07h_ph_metric_v1","ph__20260806__SRA713577_SRS3363004__cell_topology_v1",20260806,"SRA713577_SRS3363004","cell_topology_v1",384,383,408,0,7.5500902439927e-07,TRUE,"ripserr","0.3.0","primary","","83e1c8912ca167abf77c28a35bf04b3097392147aef16ccf79f391588258b075","mv07h_ph_record_v1:32906c28db10361438776062704932af411d36dc543db87c9ce2293daee0aa5f",12.4326655864716,577720320,31121,"7c5e0fc95e630fefc09e47d864e45b590e593517386a38ae9b11ab39a9ea6f23","closed",FALSE
"mv07h_ph_metric_v1","ph__20260806__SRA713577_SRS3363004__gene_topology_v1",20260806,"SRA713577_SRS3363004","gene_topology_v1",500,499,1669,0,1.3309312090587e-07,TRUE,"ripserr","0.3.0","primary","","9b397515009ce2e46f04ffeda62748102f93b930de7c1870e93d3ddf6c36e8da","mv07h_ph_record_v1:825cb816e3262d09c3585801dc18c75759d4616c393873cc89dd0d5e1709c8d9",13.2312762737274,617938944,80501,"18f48015142e38e79d9e2bf532730ed264867a1e6827c063ddd3e77cb0a1de3b","closed",FALSE
"mv07h_ph_metric_v1","ph__20260806__SRA716608_SRS3391629__cell_topology_v1",20260806,"SRA716608_SRS3391629","cell_topology_v1",384,383,330,0,9.18135020750828e-07,TRUE,"ripserr","0.3.0","primary","","9d127f2e19358b29264fd4602a7a4eb13a97a76524c006c47abf929d9765ef25","mv07h_ph_record_v1:a72e625bbb36771355b3416a45e5ad2b1fd41f5ebc511cdf85ae86a0599b39f1",12.9931266307831,582012928,28391,"146647cc4ee8f281187b920b608334abdf7b59e684ea87da17e1e7a239911d9c","closed",FALSE
"mv07h_ph_metric_v1","ph__20260806__SRA716608_SRS3391629__gene_topology_v1",20260806,"SRA716608_SRS3391629","gene_topology_v1",500,499,852,0,1.31517126509831e-07,TRUE,"ripserr","0.3.0","primary","","59c3ba4df6c1ef620946326bbd5b5a0712fd46fd92da84906008830a542b6799","mv07h_ph_record_v1:36174bb1364fda3cddea8cc78b6e37a6dd1a6db3cc1e35aff875b1023440a1f9",13.2782998085022,672751616,51089,"8fcb56b02fae09616b852f8ac642cd994038c7ca13ea66aba2071fd37fd52d3f","closed",FALSE
"mv07h_ph_metric_v1","ph__20260806__SRA716608_SRS3391630__cell_topology_v1",20260806,"SRA716608_SRS3391630","cell_topology_v1",384,383,317,0,1.16757534095933e-06,TRUE,"ripserr","0.3.0","primary","","3f3231738eb91badc8494e26ff536e1b3aec0feee77870a384bd8ebc5184b303","mv07h_ph_record_v1:bc4ac82ab81db295ced95cb7809c8066033b8084ed0f2d96ddbe01a4b0f21a16",12.4591915607452,632242176,27936,"ec19d919b334ea2b30039c40c381fa0b10e18783e1aa4b64a265adbe0e69b671","closed",FALSE
"mv07h_ph_metric_v1","ph__20260806__SRA716608_SRS3391630__gene_topology_v1",20260806,"SRA716608_SRS3391630","gene_topology_v1",500,499,1127,0,1.30179305601998e-07,TRUE,"ripserr","0.3.0","primary","","656420de2cffcf4fc0844c5cedeacf343f008edf9fd21d6e17632ec440ca40a8","mv07h_ph_record_v1:1047d62485b6b607580c9907187ced68cdf905532266c69d205565712a59cbf7",14.1295738220215,715210752,60989,"ad7ae83b91eb22d9bdbe480a2d1ff1270077af4b1a71b5db56f0c68dadc0bbf7","closed",FALSE
"mv07h_ph_metric_v1","ph__20260806__SRA716608_SRS3391631__cell_topology_v1",20260806,"SRA716608_SRS3391631","cell_topology_v1",384,383,336,0,7.68419547679012e-07,TRUE,"ripserr","0.3.0","primary","","30d78ec98b346ff17ce8a6db83ec0cbc61d4ad0a0d03cb0e4b78299e0de5dc4d","mv07h_ph_record_v1:0191f5654aedc1356bf79f633f26e3e00f8415e37f8630c0f3bcb905b7cd18d2",12.789076089859,649551872,28601,"2927cc592811ad7478ca803c7e920b6d54d3ba41bfc6e4014233625c74deb62b","closed",FALSE
"mv07h_ph_metric_v1","ph__20260806__SRA716608_SRS3391631__gene_topology_v1",20260806,"SRA716608_SRS3391631","gene_topology_v1",500,499,583,0,1.31233411761628e-07,TRUE,"ripserr","0.3.0","primary","","3886a14f524237df3e46bdd44f985f614dfd821ebefd6263595b5889c4f9928a","mv07h_ph_record_v1:86ee521b0f34a15f1c1ad8340b717de1790bc081dbd532137e6d903232946d7c",12.7573192119598,685305856,41405,"66734944a4ea17dbc357404f25d389073a2940163d7c1036821f314ac59538ee","closed",FALSE
"mv07h_ph_metric_v1","ph__20260806__SRA716608_SRS3391632__cell_topology_v1",20260806,"SRA716608_SRS3391632","cell_topology_v1",384,383,265,0,1.47230127059883e-06,TRUE,"ripserr","0.3.0","primary","","9a3dabf031b9222fe8f409fac824f9ff3c8fec43b3c21e3a63267c97b5a9d414","mv07h_ph_record_v1:c7b574fd58062c98a566f79a304064c1fc6b2f15460cca1f1f015934ec645c06",12.4878022670746,595243008,26116,"a1e41061312517cd431e62d1ea1f62710d9d386be8b69a979f5fea0e98d1d3d4","closed",FALSE
"mv07h_ph_metric_v1","ph__20260806__SRA716608_SRS3391632__gene_topology_v1",20260806,"SRA716608_SRS3391632","gene_topology_v1",500,499,472,0,1.29833727510682e-07,TRUE,"ripserr","0.3.0","primary","","1f44c7e6b8c2a92ada25a5810ecbddd02a4d6bc77f33b72e9ce9e4258340e79f","mv07h_ph_record_v1:47efa3949d9a59b43f3a099f9c16c6e2a57f82765b9b6b607e8e1cac07f229c0",12.7489035129547,672649216,37437,"304fad6b36a1ca91880b96eeab76be9cb964dfce3ba512c0a72c0bab91e97921","closed",FALSE
"mv07h_ph_metric_v1","ph__20260806__SRA716608_SRS3391633__cell_topology_v1",20260806,"SRA716608_SRS3391633","cell_topology_v1",384,383,334,0,8.20923318792842e-07,TRUE,"ripserr","0.3.0","primary","","0677ab641a26ed1ea7fb318c64a278d5a05fabd0b16bc10bb08899f05f7d95ce","mv07h_ph_record_v1:d63b2d6bdabc5ff6e8316cc31f79e806b21a1d42ae6484a68812b6470f395348",12.7319753170013,594800640,28531,"9348f96bcd875fa3040347d237ef5a6cfa77b2066a752b0cb7d91b31a35273b6","closed",FALSE
"mv07h_ph_metric_v1","ph__20260806__SRA716608_SRS3391633__gene_topology_v1",20260806,"SRA716608_SRS3391633","gene_topology_v1",500,499,1858,0,1.32133780147045e-07,TRUE,"ripserr","0.3.0","primary","","0b3a88cb01db93be8a7376495cda23836780433f2a3fdb7c4b3e3bad1a23a298","mv07h_ph_record_v1:289c212f5eb6127e22ccff31401c34c49492de8e7bb3d93b359444382cca47d3",12.8058862686157,656564224,87305,"310e40115f1b0be594f1b951db061e2d96f9c06e5b1a8bf7ef96267a12ad2a21","closed",FALSE
"mv07h_ph_metric_v1","ph__20260806__SRA728025_SRS3454421__cell_topology_v1",20260806,"SRA728025_SRS3454421","cell_topology_v1",384,383,265,0,1.1462612063322e-06,TRUE,"ripserr","0.3.0","primary","","5096763e966be874d252c6157c36c31e7c6d5710f0423fabe0d8c12204a99f88","mv07h_ph_record_v1:556056232f89c8dc1885447ed8b3a420df94c8e28be4125eaf418dcad51e237d",12.7621214389801,581947392,26116,"bf848e6abf30b67be88cb8fe4393b8b064c083ebdfb402d3b7350ed7f5db2f9b","closed",FALSE
"mv07h_ph_metric_v1","ph__20260806__SRA728025_SRS3454421__gene_topology_v1",20260806,"SRA728025_SRS3454421","gene_topology_v1",500,499,372,0,1.2905741143247e-07,TRUE,"ripserr","0.3.0","primary","","65333732e5d4a2bc13d6756472e104b58bd82bcd0a512d6760ff552edf26416d","mv07h_ph_record_v1:b27171648198785de677574dcce7434bc86a678b4da38fa67be27ac050b88e74",12.7733190059662,581586944,33937,"43979ccafa41ea2a2a134ce859bb5ff6a7fcd25598a27ae57ed8ef7be339e9b0","closed",FALSE
"mv07h_ph_metric_v1","ph__20260806__SRA728025_SRS3454422__cell_topology_v1",20260806,"SRA728025_SRS3454422","cell_topology_v1",384,383,235,0,1.1508727139053e-06,TRUE,"ripserr","0.3.0","primary","","9c88bedb315c4f5ad46dd02989849ea9d13b9e136d697ffd708f9c477434c725","mv07h_ph_record_v1:ed9c8d9724b109c644e9c200dfe7e9ae69baca68dfb2f9e993f5800a0b61fd63",12.2489199638367,662216704,25066,"fba34d37b19eeb783dc424dc782ff6f09906da9bb822ceae7cb0a59737ee379a","closed",FALSE
"mv07h_ph_metric_v1","ph__20260806__SRA728025_SRS3454422__gene_topology_v1",20260806,"SRA728025_SRS3454422","gene_topology_v1",500,499,266,0,1.32634861667543e-07,TRUE,"ripserr","0.3.0","primary","","c8f02afb8062b344783ffbbb2f3c6dcaad5df72f3a7f56659edf8e61ee179cb0","mv07h_ph_record_v1:03e1eeb09c255786d18e5798e3ffccb844f10a4fb163bf12798a6192a460349b",12.510226726532,606232576,30227,"dc4d77ad95bf3310591803cc84cd0e24814768663a755739ca7ea006268c0570","closed",FALSE
"mv07h_ph_metric_v1","ph__20260806__SRA728025_SRS3454423__cell_topology_v1",20260806,"SRA728025_SRS3454423","cell_topology_v1",384,383,237,0,1.10492073238348e-06,TRUE,"ripserr","0.3.0","primary","","6d81befa65e13ae1493fff7873ba96dd6ddfb3a5ac910467c811d243a495a2ce","mv07h_ph_record_v1:c83b7f619ffaa6016928755dcaafe39ff8366157179c1ee53aacf50f679d158e",12.50648021698,706244608,25136,"80b972a3330efcf42a65e56716704c48738353c41b5fc686961f80aa0ad5bf03","closed",FALSE
"mv07h_ph_metric_v1","ph__20260806__SRA728025_SRS3454423__gene_topology_v1",20260806,"SRA728025_SRS3454423","gene_topology_v1",500,499,289,0,1.29983041513401e-07,TRUE,"ripserr","0.3.0","primary","","612a1ed157e8c310f6eddacf86ed1a22f09ad449b962b75070e9658419be293d","mv07h_ph_record_v1:c18cee618cfbf9a009e9383451c88128483dcc1d1ad3a691113e17a95656d658",12.2828893661499,716746752,31032,"a5ea18f45761fd72f5fb1aaab1599ce359113dd73fb19ead7a80badc79a764bf","closed",FALSE
"mv07h_ph_metric_v1","ph__20260806__SRA728025_SRS3454424__cell_topology_v1",20260806,"SRA728025_SRS3454424","cell_topology_v1",384,383,230,0,1.68438034444222e-06,TRUE,"ripserr","0.3.0","primary","","20c1ccee7e31e3b68688a1f2a89591f6219a5de47e28a597a71261e854dfa5cd","mv07h_ph_record_v1:86a72375dc785498f1893edac04ef6ee0551d8f443860accf45061482eed8d9a",12.3603692054749,695799808,24891,"20f35ace42dff497a78a45279e3cf8be678fe6f8b668404eaa0a4e26e22851e1","closed",FALSE
"mv07h_ph_metric_v1","ph__20260806__SRA728025_SRS3454424__gene_topology_v1",20260806,"SRA728025_SRS3454424","gene_topology_v1",500,499,244,0,1.30565060873177e-07,TRUE,"ripserr","0.3.0","primary","","9e8818912e27568e7a2497be9391e326263d34d82167dcadeb2aac1882cb7d7c","mv07h_ph_record_v1:5e0d740aa25d6b17299d65654489b3f5455759ea4e547ea4c37f2cb158b36553",12.2921884059906,640827392,29457,"be74496362baaf5863352feef0f2579f2b06e825bcb20247665c53444bb001c7","closed",FALSE
"mv07h_ph_metric_v1","ph__20260806__SRA728025_SRS3454425__cell_topology_v1",20260806,"SRA728025_SRS3454425","cell_topology_v1",384,383,273,0,1.06804824879034e-06,TRUE,"ripserr","0.3.0","primary","","944dc478db88110dfbd327180a37509efd17039e06854fa1ff66b7fbfb612957","mv07h_ph_record_v1:7a7cce2f4d313a74ccd6d47be7e4a47f3e7c16d6f41e7cf554282f030620f2ef",12.2655079364777,577617920,26396,"8ad101054d56d5ce463bf016fb941277840eac77d2c782daee4426ebf9ba9155","closed",FALSE
"mv07h_ph_metric_v1","ph__20260806__SRA728025_SRS3454425__gene_topology_v1",20260806,"SRA728025_SRS3454425","gene_topology_v1",500,499,351,0,1.29312346675108e-07,TRUE,"ripserr","0.3.0","primary","","47908c682b2fee82328c06cd875f4aa1d5a4849b7eb7c4394f70f0a3231948e6","mv07h_ph_record_v1:4f09c36de2608b405625d75d008ebe03faf3401fbfacf15de48a79dccbb82bf2",12.5620222091675,577183744,33202,"a5d7ae226b5f4afb629993c6278851219bf329828170cf077ed4324412308e83","closed",FALSE
"mv07h_ph_metric_v1","ph__20260806__SRA728025_SRS3454426__cell_topology_v1",20260806,"SRA728025_SRS3454426","cell_topology_v1",384,383,277,0,1.00375115881366e-06,TRUE,"ripserr","0.3.0","primary","","680d0f5bb6672326d625744cb32d74fa4b7742e02b26a7dd74a22c4acda70411","mv07h_ph_record_v1:de92653a374d33eff0adab6c926b778486f53febf71194c096b6a7165acb8977",12.2633805274963,581906432,26536,"3270ef1f472b1ad28d73a3b2e00877ad90a8384ef4c996ec9aba0efda6b61547","closed",FALSE
"mv07h_ph_metric_v1","ph__20260806__SRA728025_SRS3454426__gene_topology_v1",20260806,"SRA728025_SRS3454426","gene_topology_v1",500,499,373,0,1.31992864144666e-07,TRUE,"ripserr","0.3.0","primary","","a027b6b3ef162b8af4e9d1381ef7c5194862bb6cfd597058b84dfd847eb6564b","mv07h_ph_record_v1:63b48e954d6b0b7a61ffb3eb0cbe26b62b108b9f4f57897cd09b839950aa223b",12.5477821826935,648929280,33972,"14745b1d3829ce3ec4b6993cbd2896d769f5b4acf5d2cd868298979b4540056d","closed",FALSE
"mv07h_ph_metric_v1","ph__20260806__SRA728025_SRS3454427__cell_topology_v1",20260806,"SRA728025_SRS3454427","cell_topology_v1",384,383,296,0,1.19472776242847e-06,TRUE,"ripserr","0.3.0","primary","","b559a65892f0f7348efc2a98902ea24ab24bbeeac66188ed64846dc81ad56242","mv07h_ph_record_v1:1bf7e896d75e07fbd161d4e6e79d3b05d53b54ca21c7dfce5b15eaedf7ff8492",12.6527760028839,674906112,27201,"4eab9492bc124a0c2740116daaefbcd7617819676ecfd4bab98da4dd45629957","closed",FALSE
"mv07h_ph_metric_v1","ph__20260806__SRA728025_SRS3454427__gene_topology_v1",20260806,"SRA728025_SRS3454427","gene_topology_v1",500,499,414,0,1.2943389425176e-07,TRUE,"ripserr","0.3.0","primary","","6a48f9378dbb2587cd3df986984bab3afad5d99a24c7daca95da1bb0d52f4ebe","mv07h_ph_record_v1:94b417ef5f0803d18f5311d86a3e5f446a59729f7097e7b3bfb62bed5b210dc9",12.8323719501495,581935104,35407,"d347e1ef72a864f43fd521b33dfc0fbe99c186597ce29ccaa53b9a0facc5cef4","closed",FALSE
"mv07h_ph_metric_v1","ph__20260806__SRA728025_SRS3454428__cell_topology_v1",20260806,"SRA728025_SRS3454428","cell_topology_v1",384,383,266,0,1.33722773336099e-06,TRUE,"ripserr","0.3.0","primary","","4c0e83d01db24c2f0b1ab2324c042d87f3b97fe7e757106d4e948cef31986611","mv07h_ph_record_v1:e2b05029fb1961f097cc9610e3887fa8dcd006116ed3e4e9f536e883bfa21b25",12.5325608253479,582025216,26151,"551089fd8e2c00d3e9268dbd19b72b7f0631a61b2dc80331bfef0725995669cd","closed",FALSE
"mv07h_ph_metric_v1","ph__20260806__SRA728025_SRS3454428__gene_topology_v1",20260806,"SRA728025_SRS3454428","gene_topology_v1",500,499,336,0,1.30735749635078e-07,TRUE,"ripserr","0.3.0","primary","","3d99365010b1c614ccf1581a246705a0e622ba985de3deaf2ad3792c3d51a7cb","mv07h_ph_record_v1:7d81217ae86c67c7346b5fe64950e2a3bdd72a4fc6c49b81e95f9b9a7b28c042",12.5318086147308,581976064,32677,"19032517ca6c067188b97d549bde02e9ee34a0b8acdf4da4f28bc12b5fe1322e","closed",FALSE
"mv07h_ph_metric_v1","ph__20260806__SRA728025_SRS3454430__cell_topology_v1",20260806,"SRA728025_SRS3454430","cell_topology_v1",384,383,282,0,1.2451953668523e-06,TRUE,"ripserr","0.3.0","primary","","e61d3f3b97a4fab76848ecf15456bcc8be9b36acd3b05b7965118b45a5f8a1e6","mv07h_ph_record_v1:a3cc551d2fe68d45577e333236882377d2a18828c658a14ae4a87e8896a07c3b",12.5826194286346,727896064,26711,"2962623828f218d5d438b872c34d8927bdc8d8e69aa0f7ffb3e70ea5e9c54770","closed",FALSE
"mv07h_ph_metric_v1","ph__20260806__SRA728025_SRS3454430__gene_topology_v1",20260806,"SRA728025_SRS3454430","gene_topology_v1",500,499,244,0,1.309452674273e-07,TRUE,"ripserr","0.3.0","primary","","ae5420aa8f778eaec56f128f84bb1887cb9b16b568f5a1c139f84b046bcd016e","mv07h_ph_record_v1:06e596d52e4042b7fcada002058a3666c9d12d1173efb69504c143549d58d0f6",12.5578582286835,584040448,29457,"1c37cc794b2874203fa8071fab284774809edab37e2d87df962567b9e6ccd65c","closed",FALSE
"mv07h_ph_metric_v1","ph__20260806__SRA740174_SRS3548780__cell_topology_v1",20260806,"SRA740174_SRS3548780","cell_topology_v1",384,383,303,0,1.0275541277589e-06,TRUE,"ripserr","0.3.0","primary","","f179d06bcbca3b12df41affed3a7c8436e9d9d4d17e982e8819148388fea82e7","mv07h_ph_record_v1:ef0f52e431e640b5a23473201cb125368b4d7d46e31df68c7d84bf99f05ff5fa",12.6102313995361,649101312,27446,"ee8275da0573d2e21aef4fc1c384494e09b217242f0514039b1bfb27bd547df5","closed",FALSE
"mv07h_ph_metric_v1","ph__20260806__SRA740174_SRS3548780__gene_topology_v1",20260806,"SRA740174_SRS3548780","gene_topology_v1",500,499,770,0,1.31792818104373e-07,TRUE,"ripserr","0.3.0","primary","","2ed54936d7aac3c8f55fda75fd1794bccc6aee00be3a231c0f2e3a7e636f6172","mv07h_ph_record_v1:b10a36736e1559041de1cc83a93205a29729fbb959d8656728cda1be722fc663",12.5690989494324,582131712,48137,"e397995dc2a52696906dea32c6aa2e4eb77c651f322690c2833c6372725457f4","closed",FALSE
"mv07h_ph_metric_v1","ph__20260806__SRA740174_SRS3548781__cell_topology_v1",20260806,"SRA740174_SRS3548781","cell_topology_v1",384,383,264,0,2.37162313061792e-06,TRUE,"ripserr","0.3.0","primary","","54e6675477609b893d90c29bc32b4ed6c020e427824ff48857272a67093692a5","mv07h_ph_record_v1:57c10746c1e63e8858c5167b47964acc7a201c049bd66e05afcbe5a050da1a19",12.283543586731,593928192,26081,"a895934aed8b3701566af9af4a3567e3548fad220439b0f28756078fa5ba78ae","closed",FALSE
"mv07h_ph_metric_v1","ph__20260806__SRA740174_SRS3548781__gene_topology_v1",20260806,"SRA740174_SRS3548781","gene_topology_v1",500,499,448,0,1.3098465050444e-07,TRUE,"ripserr","0.3.0","primary","","c68321d72991b5416a406160b1dd7b2c747ec0a4ed1e1d323f94ce3c2ab9a988","mv07h_ph_record_v1:f0e856569d3fe8dca3d0d52728ec88522e0169a22b1571897fad733ed96b5ca5",12.3178772926331,712970240,36597,"5593a8e60d139ced82db81ab4243e84f7fa77ee7f8aa05de743245e7136da104","closed",FALSE
"mv07h_ph_metric_v1","ph__20260806__SRA740174_SRS3548782__cell_topology_v1",20260806,"SRA740174_SRS3548782","cell_topology_v1",384,383,295,0,8.68407467562216e-07,TRUE,"ripserr","0.3.0","primary","","441762422f10599d99e2d9ce3a139a0e8456d8c456cc933a6558a58745f00b31","mv07h_ph_record_v1:8c1c78faf27b4d861b301ea08f5ade728ca5355f8f1406949808d51e21eec567",12.3027226924896,577716224,27166,"4edcfb31b21eb5edc690bccc705593a06be07fbacb3f9c956411cca1176c38a7","closed",FALSE
"mv07h_ph_metric_v1","ph__20260806__SRA740174_SRS3548782__gene_topology_v1",20260806,"SRA740174_SRS3548782","gene_topology_v1",500,499,737,0,1.30832779307628e-07,TRUE,"ripserr","0.3.0","primary","","3a55c16568d5643bffa553db9853bf89e0aaf45380666ad9abe67af88d5f5984","mv07h_ph_record_v1:4cfc20eb1a225a56d208737b1506be51caa0df8c8a4e7330f365021e361e17c9",12.5736110210419,577335296,46949,"cffcc0ea39bfd78d036ddd0089e61a5856734c269dc7719ea645febf7929e2ca","closed",FALSE
"mv07h_ph_metric_v1","ph__20260806__SRA740174_SRS3548783__cell_topology_v1",20260806,"SRA740174_SRS3548783","cell_topology_v1",384,383,286,0,9.57803251592714e-07,TRUE,"ripserr","0.3.0","primary","","31f7acc0dbeefdc01c1716c564f1afa1b42187f54885b4646ed95e6978e707af","mv07h_ph_record_v1:5bb3944cf7ab802da3a773e4fc6f08f0c4fb595e1b9b067beca8105f50fcabb8",12.1647970676422,702189568,26851,"e9881c2e235101ba0584c1f679b16b1596ecfce2d987e674f5f476fbaa22122c","closed",FALSE
"mv07h_ph_metric_v1","ph__20260806__SRA740174_SRS3548783__gene_topology_v1",20260806,"SRA740174_SRS3548783","gene_topology_v1",500,499,549,0,1.29902106643817e-07,TRUE,"ripserr","0.3.0","primary","","48cbad3cc8c7e5eaf51d5a091ff80357a576676e37bf1484990a4b4db6606fae","mv07h_ph_record_v1:45ae618dcdc4e932579c791df854784923285c5eed539abd1e394104c6af57c4",12.4394800662994,593854464,40181,"8a942422d0ca4beb56cd4edf50cff9cb18650e1d332e256ab0fd50e7f093b452","closed",FALSE
"mv07h_ph_metric_v1","ph__20260806__SRA742961_SRS3565195__cell_topology_v1",20260806,"SRA742961_SRS3565195","cell_topology_v1",384,383,372,0,8.95266697346169e-07,TRUE,"ripserr","0.3.0","primary","","44bf846acf0bbc7e5e3221188922ad892f18f9e5afb2afa0ef5eae36a0e43c67","mv07h_ph_record_v1:1190baeea492889e5937a3bb6d5bd77f76a31b54d4c0f600c262b661fa3db3a1",11.9235663414001,615682048,29861,"14b42ced3fe7df4630d7903ff3206fe802bbe79274c3525d1ecde75aeb15636c","closed",FALSE
"mv07h_ph_metric_v1","ph__20260806__SRA742961_SRS3565195__gene_topology_v1",20260806,"SRA742961_SRS3565195","gene_topology_v1",500,499,1238,0,1.31477170140248e-07,TRUE,"ripserr","0.3.0","primary","","89b429036084a4c8170975ecc9252ae7fdf58c5bfa1908e18fc18e38484ea059","mv07h_ph_record_v1:5f319ea556d0acfeae4329f889f437af5fb502a2e52de3ead4f395d23ccbab1d",12.1814725399017,582021120,64985,"b7217f4daec781c76339893882d1e3ab08a47f1b62726958137724d0668b6957","closed",FALSE
"mv07h_ph_metric_v1","ph__20260806__SRA742961_SRS3565196__cell_topology_v1",20260806,"SRA742961_SRS3565196","cell_topology_v1",384,383,436,0,9.90199213341357e-07,TRUE,"ripserr","0.3.0","primary","","9f614b7d3d8add6acd06818843fd62fa860c4d509116961778e96fc24c332a78","mv07h_ph_record_v1:94a9edd41ac9aa52d7b1b5774884c97ce84c7283e732a26375cddb5c10ba4996",12.1713469028473,582008832,32101,"3c28adc5a6424ef29092821731c432da310f681fd3ddd5d955e4b9fad9f3daa9","closed",FALSE
"mv07h_ph_metric_v1","ph__20260806__SRA742961_SRS3565196__gene_topology_v1",20260806,"SRA742961_SRS3565196","gene_topology_v1",500,499,1832,0,1.31373487400386e-07,TRUE,"ripserr","0.3.0","primary","","486aff80cc5def3209895150e692964e167f94298efe1309feb32476754357a7","mv07h_ph_record_v1:b8d6b68362a16ad65f6b4efecdf2b49b1a41e7e4c711cec28455c831d3406bb0",14.0161354541779,609845248,86369,"d305ea2fa152f356c9bab3e4d68cbd9a5e75b79f2afdf00e3fa16ca5ba51b5d8","closed",FALSE
"mv07h_ph_metric_v1","ph__20260806__SRA742961_SRS3565197__cell_topology_v1",20260806,"SRA742961_SRS3565197","cell_topology_v1",384,383,393,0,9.50156448608533e-07,TRUE,"ripserr","0.3.0","primary","","7fb05feb630df17fc8ae06c0f437f91f26ce19bb0cbcb3f3f9c753f8ef7b83af","mv07h_ph_record_v1:f82b0700f4b3387861a116d9f61cde68fc314bbe6b4bac10d7b309254b888dc6",12.1782021522522,581824512,30596,"7252bd46c2481b8d8084893f8b51d5f9ed8419450c48567a8d536e46dda8b2dd","closed",FALSE
"mv07h_ph_metric_v1","ph__20260806__SRA742961_SRS3565197__gene_topology_v1",20260806,"SRA742961_SRS3565197","gene_topology_v1",500,499,1676,0,1.31756132050034e-07,TRUE,"ripserr","0.3.0","primary","","dd08b9e5bf35d74011e34e256e688a57d5030f3a080214ea5b8c82d4c22319d4","mv07h_ph_record_v1:f0d008e3e24ec89c98c343474d9eaf5a9c1950b5028db4ff86e24003cc523c1a",11.9167759418488,655183872,80753,"3a7084f489c206c431cdf73da282fc24e1d42f3c286c6948c44b7272e2f56084","closed",FALSE
"mv07h_ph_metric_v1","ph__20260806__SRA742961_SRS3565198__cell_topology_v1",20260806,"SRA742961_SRS3565198","cell_topology_v1",384,383,375,0,9.59550461280372e-07,TRUE,"ripserr","0.3.0","primary","","dd3c4fa8a92f1de626b671fb18ee6e6d2009f51b62ac937d5cc0a9e1b798ed70","mv07h_ph_record_v1:9fcf2ecacefd46d1e9452a60ececd3364a8e4030ed25b8ba1787acbe86b0753c",11.6610224246979,688771072,29966,"2529401748106480b52129ee507307b489271ba72bcc1b93be56495233ba8543","closed",FALSE
"mv07h_ph_metric_v1","ph__20260806__SRA742961_SRS3565198__gene_topology_v1",20260806,"SRA742961_SRS3565198","gene_topology_v1",500,499,1601,0,1.31112513518912e-07,TRUE,"ripserr","0.3.0","primary","","2e0f6cc091ab24a9de160474bd291fdbb6f77067a643afc2590da832837d563f","mv07h_ph_record_v1:79ed3ba5e43a1103a7d2c8ea3a2ea2b055cc3748ed26ca9af58cc75988ebdc96",12.4505381584167,682811392,78053,"a2ca6a320a770e7ab742e934ab522963afbfa020fd53cf41a1d192c7e7a3eed1","closed",FALSE
"mv07h_ph_metric_v1","ph__20260806__SRA742961_SRS3565199__cell_topology_v1",20260806,"SRA742961_SRS3565199","cell_topology_v1",384,383,367,0,8.1412135539313e-07,TRUE,"ripserr","0.3.0","primary","","39157902fe65f6a0231ad439a0b699f5bf1302656693b4fb8fad184b9db1c4d1","mv07h_ph_record_v1:dcf8da67c6161f3bb1ebd74c69aafcb11619df5c32554aae786c09821eaa4bbb",11.4837801456451,671297536,29686,"6ad20ab6a7f58a2d1329712ad7387b2a847ff81738c22d60bb1b6fdeecc23cf7","closed",FALSE
"mv07h_ph_metric_v1","ph__20260806__SRA742961_SRS3565199__gene_topology_v1",20260806,"SRA742961_SRS3565199","gene_topology_v1",500,499,1649,0,1.3079539852333e-07,TRUE,"ripserr","0.3.0","primary","","685aa129c577c4c5c80ba23ee552e5fa57762093639839c4c97d85ec999e3f1a","mv07h_ph_record_v1:e517095271b0202e85a1055d84d325d47765a99945e7515f54055ac566ca2c5d",11.6679716110229,583573504,79781,"972c63f8c42e3fbb13691243764de3b69570e22aca992e97d087bd0313525bad","closed",FALSE
"mv07h_ph_metric_v1","ph__20260806__SRA742961_SRS3565201__cell_topology_v1",20260806,"SRA742961_SRS3565201","cell_topology_v1",384,383,465,0,8.99871094078342e-07,TRUE,"ripserr","0.3.0","primary","","11e0b963dbd87a612ec792ad9898baa2bd29ecf952f019d1142244e40bd673a2","mv07h_ph_record_v1:c7c38be641093d75b762ac6bd3e02c0847e932f7cf3dca4e6a85eb0d408042c0",11.6619856357574,585854976,33116,"96235435649a940cade476949c3dc3632404df252135aa8eacabe0e0940f9c90","closed",FALSE
"mv07h_ph_metric_v1","ph__20260806__SRA742961_SRS3565201__gene_topology_v1",20260806,"SRA742961_SRS3565201","gene_topology_v1",500,499,2085,0,1.32158124560901e-07,TRUE,"ripserr","0.3.0","primary","","ca6f0b621a3d6b13386b38d05ee21516d828bb1984d10388853fd9cd87262ecf","mv07h_ph_record_v1:ce22c9a374826559dd01e26590e1b74440a83ef8118996468e52417b35ca85d4",12.1987681388855,621064192,95477,"fad0e86bb1b4ac3c9c3f86eed074163f43c5b12b9aaa4df08bee3986b1494f74","closed",FALSE
"mv07h_ph_metric_v1","ph__20260806__SRA742961_SRS3565202__cell_topology_v1",20260806,"SRA742961_SRS3565202","cell_topology_v1",384,383,305,0,9.35421213527752e-07,TRUE,"ripserr","0.3.0","primary","","3076f989a00b7e8efdf8da142f746a59bdc5f65196e9c5e5bf6013da0fd1a9bb","mv07h_ph_record_v1:6c0afe5b9bf6767d63f577ce389b5f2b8f311ed2939e1087b84906c4132e0a6a",12.4716863632202,667824128,27516,"dc260e02c838300731ff9d96f3b8419e504301a6c7d810725f3c0a444f5f74b4","closed",FALSE
"mv07h_ph_metric_v1","ph__20260806__SRA742961_SRS3565202__gene_topology_v1",20260806,"SRA742961_SRS3565202","gene_topology_v1",500,499,1119,0,1.30223928753524e-07,TRUE,"ripserr","0.3.0","primary","","7558f7c6258fda8ddeecfb82948c6e3d23d0502b0072a8ca80adc2ea21684634","mv07h_ph_record_v1:78321306364a6ba9da5fa24c66829621f0b3c48dad9927a178a5f35c130539c6",12.5331630706787,580960256,60701,"0c3d9f7183ef9e5d5c6601c814a8ff52d6e273336cc5102d5cfb4fa7fdd73882","closed",FALSE
"mv07h_ph_metric_v1","ph__20260806__SRA742961_SRS3565203__cell_topology_v1",20260806,"SRA742961_SRS3565203","cell_topology_v1",384,383,436,0,9.87249449378081e-07,TRUE,"ripserr","0.3.0","primary","","550f3a69d741a5e446a0726f62ca0b80b2efe3aa0ddfb1977c9af03c70e7d2fb","mv07h_ph_record_v1:fefb248992f5fd2e2ea835663379cfb5f0aafac6820e51e0cf33529de48ba614",12.4971518516541,598151168,32101,"c679663130b7ee09e51c70dd28f21975a328d4184d69247b358bd65303d76b6d","closed",FALSE
"mv07h_ph_metric_v1","ph__20260806__SRA742961_SRS3565203__gene_topology_v1",20260806,"SRA742961_SRS3565203","gene_topology_v1",500,499,2045,0,1.3151906237264e-07,TRUE,"ripserr","0.3.0","primary","","4c179034ad95494ec71348c2256877f5b302ce36c640c63519b2dd7f4622da6a","mv07h_ph_record_v1:eb8874830a23cbb3f31fc9733fde91b95346abaea536fd12c3fdb9563504f5b1",12.7605581283569,686333952,94037,"b8c5ab3397eebe3c7c3055859509bdb6952181ebaa876da598d013f9eefbe19d","closed",FALSE
"mv07h_ph_metric_v1","ph__20260806__SRA742961_SRS3565204__cell_topology_v1",20260806,"SRA742961_SRS3565204","cell_topology_v1",384,383,419,0,8.96834729866666e-07,TRUE,"ripserr","0.3.0","primary","","d76f14abd2de10c765c62e7c6b51f15d8db14c8f0786161363e8aa110f419b83","mv07h_ph_record_v1:d5cf8067c33033dac79d420f927f89648ecb857c157db0e9b8346e84551a0585",12.5004377365112,728489984,31506,"dea002c1cd101c053956aa488d2e955afe69f99fad9e4cc125dfe4da60e39b65","closed",FALSE
"mv07h_ph_metric_v1","ph__20260806__SRA742961_SRS3565204__gene_topology_v1",20260806,"SRA742961_SRS3565204","gene_topology_v1",500,499,1489,0,1.31342291513515e-07,TRUE,"ripserr","0.3.0","primary","","6dcd951191adda337fc5a867155657562a3814d9712462ca696ce15083b28f3c","mv07h_ph_record_v1:c47551c8aebdd2643c48404d628e82bc5cac8a60c37a19934589326020f48b76",12.7875406742096,592650240,74021,"3ef22a9d6d11cb1959000f34f42539013d602a6047faf9950fa2456fe4097ceb","closed",FALSE
"mv07h_ph_metric_v1","ph__20260806__SRA742961_SRS3565205__cell_topology_v1",20260806,"SRA742961_SRS3565205","cell_topology_v1",384,383,408,0,1.0196272624248e-06,TRUE,"ripserr","0.3.0","primary","","39a9e746a7878c167af94d64646c9c1a3b5060c6fa9a3a68538a47a62b8231e1","mv07h_ph_record_v1:b7cf9fef3f7cfe8148ca1d3ca0b5e0e3de10dcd02058cf2bf42f0a32dd6c5828",12.4852774143219,581877760,31121,"a7b4098480936218012d27b042173c732f90b49428fcc2f850692fdbe94da214","closed",FALSE
"mv07h_ph_metric_v1","ph__20260806__SRA742961_SRS3565205__gene_topology_v1",20260806,"SRA742961_SRS3565205","gene_topology_v1",500,499,2175,0,1.31962278202368e-07,TRUE,"ripserr","0.3.0","primary","","d8f0a240993aea211afdd81f4e8beefbf83fd6bb661d8eb64e681c14d8cf70c7","mv07h_ph_record_v1:413ab06f1f8ab94c7d68de8e897b169d5d284f0358c6cb26960ca1b6506c0065",13.0868802070618,683061248,98717,"7df72cdd9ab7bdeefde742bd21a3accc6f71c9d90aff7d90528719d91dbc9820","closed",FALSE
"mv07h_ph_metric_v1","ph__20260806__SRA742961_SRS3565206__cell_topology_v1",20260806,"SRA742961_SRS3565206","cell_topology_v1",384,383,394,0,9.84854611351791e-07,TRUE,"ripserr","0.3.0","primary","","80df1730c8fd887e38d937dda432b54c1b36dc20ee4df4dc610414cfa0994e0f","mv07h_ph_record_v1:59c515ebbe60ece293dfe27fccfbd8abe81f2e09d7d6cacf8dc39d4509abd16c",12.2612793445587,680714240,30631,"5ce3d666ce7b57d50652c80770b3f1c741344a95d9f3b788fb4f514c344fbb8f","closed",FALSE
"mv07h_ph_metric_v1","ph__20260806__SRA742961_SRS3565206__gene_topology_v1",20260806,"SRA742961_SRS3565206","gene_topology_v1",500,499,2246,0,1.32207187796892e-07,TRUE,"ripserr","0.3.0","primary","","aa42108fd3e7ff94ddeaa3c346cf9d415cb7dae77476661f17e01fa7a417cb2e","mv07h_ph_record_v1:d52a1161f6295b790d9f1f9c730fbdef3dcf7cbf3f30f7968560cfa32cb6d013",13.3000059127808,645611520,101273,"f30b3b24b863e68d1d0063e82d426de2628354c0beee7a460fd76e580f7401fa","closed",FALSE
"mv07h_ph_metric_v1","ph__20260806__SRA742961_SRS3565207__cell_topology_v1",20260806,"SRA742961_SRS3565207","cell_topology_v1",384,383,363,0,1.02980906399011e-06,TRUE,"ripserr","0.3.0","primary","","16bdfa07389b165c9a6772af901153c69b29e5f7722617b9af626940ba629375","mv07h_ph_record_v1:3beb93eecfca15d28b4b0607228131a0dba1e48fa7c0de587f52710ae4a33639",12.2903778553009,726396928,29546,"35d0a896064b3a18211bff5cc0eacb95b41fa4c05d3dfce74844e1d83d7779d9","closed",FALSE
"mv07h_ph_metric_v1","ph__20260806__SRA742961_SRS3565207__gene_topology_v1",20260806,"SRA742961_SRS3565207","gene_topology_v1",500,499,1734,0,1.31261855864002e-07,TRUE,"ripserr","0.3.0","primary","","f2131e0f36fbb1d1925cd0dd8560efdc94292ad5aa01d161146ee9b1cb477418","mv07h_ph_record_v1:6e8c57eaa9cf6b7639cf93958965a9a0efeb0ef7b5a098e25ee923a5bf0cffb4",12.8308138847351,679628800,82841,"73693677b39320365ac08251e646158796d870e37edd39e75925e94df7fa044c","closed",FALSE
"mv07h_ph_metric_v1","ph__20260806__SRA742961_SRS3565208__cell_topology_v1",20260806,"SRA742961_SRS3565208","cell_topology_v1",384,383,399,0,6.65168152976987e-07,TRUE,"ripserr","0.3.0","primary","","d19f22dbf28f0d4cc07c7b3eb307c71f853d2485e347ab76f48fa88c3bb425d8","mv07h_ph_record_v1:46fd966c4988b051bdd5e8e381ecbc108099d467273293a62580bb9a5246926d",12.2964291572571,698535936,30806,"8932b497276b85620e5e6bf8d1a5b7ea8817fac7867e33a4e957f60bb1e1188a","closed",FALSE
"mv07h_ph_metric_v1","ph__20260806__SRA742961_SRS3565208__gene_topology_v1",20260806,"SRA742961_SRS3565208","gene_topology_v1",500,499,2061,0,1.3155644642618e-07,TRUE,"ripserr","0.3.0","primary","","77208a9c8bd075f6ab0794244aeee01f5bbdf69ce34b6fb68bdeffa67823e6ba","mv07h_ph_record_v1:c2f6cf33cbe1a280c78c7d72beb3af08b552e19dacf86fc71815342f05ae0c94",12.7943074703217,616706048,94613,"c04e41d146509709807dfd5c38b070729f7af5149edf2c00e2b9b5944687971b","closed",FALSE
"mv07h_ph_metric_v1","ph__20260806__SRA742961_SRS3565209__cell_topology_v1",20260806,"SRA742961_SRS3565209","cell_topology_v1",384,383,407,0,1.08270186904582e-06,TRUE,"ripserr","0.3.0","primary","","95e163e18d2c37f202c4cce301bf6d52dd49deedb5ef0bff4364b4cb2716aafb","mv07h_ph_record_v1:c4d3c46d960aed4d23030509d85a4effd38407e797801b29d605c81018ff9c96",12.070415019989,658436096,31086,"cab8df6da9e77f4131e9e9107c66678f6874570c1f6b6246d9c5ec507de5aebc","closed",FALSE
"mv07h_ph_metric_v1","ph__20260806__SRA742961_SRS3565209__gene_topology_v1",20260806,"SRA742961_SRS3565209","gene_topology_v1",500,499,1895,0,1.31637463172256e-07,TRUE,"ripserr","0.3.0","primary","","6aa13e6ac6aa5a5d47f7404947fc52313a589b28f038833ce85a1358662646c7","mv07h_ph_record_v1:9181b2cf6a3338f3f4f626b3e0d252c019cd0f4acfd666f6f895be6e35627d1f",12.7967450618744,629805056,88637,"f223eab91c8890eb36408603ab5423ec47e11ac9b7cafdb422ebb4157ae0dd12","closed",FALSE
"mv07h_ph_metric_v1","ph__20260806__SRA742961_SRS3565210__cell_topology_v1",20260806,"SRA742961_SRS3565210","cell_topology_v1",384,383,329,0,1.03175788355004e-06,TRUE,"ripserr","0.3.0","primary","","9fae2fa2a315c24642064ac65c4bba4417b6b738e613e4085e1eaa68e0834068","mv07h_ph_record_v1:43d1dedba51bfc9ed67c4cf3f39967a1c5454eff24832e2dcc438d4e84d7a128",13.865620136261,661614592,28356,"d4d598db5c0eeaf10a5cb63cf4932301751a3aaa2848a30077153f9f99a87e83","closed",FALSE
"mv07h_ph_metric_v1","ph__20260806__SRA742961_SRS3565210__gene_topology_v1",20260806,"SRA742961_SRS3565210","gene_topology_v1",500,499,1278,0,1.30947396823361e-07,TRUE,"ripserr","0.3.0","primary","","b816f77cfc0aaa2e4e67d12c8123d1a8e45715c858692f98b5d64cc674ff6350","mv07h_ph_record_v1:9c508d472049a1f29737153c4bec6b3189c57e9c0c0e5b260e7576c7614d9d00",12.7955722808838,592613376,66425,"8ad8822ca814fd81243739a889186ce9f9713cdca4593e81a58ab7c82dfe8313","closed",FALSE
"mv07h_ph_metric_v1","ph__20260806__SRA742961_SRS3565211__cell_topology_v1",20260806,"SRA742961_SRS3565211","cell_topology_v1",384,383,367,0,1.02328490947614e-06,TRUE,"ripserr","0.3.0","primary","","86b1d73e636715d7a09edb2ce597c22ec49ce1ed40033f7eb2084d3f0c419307","mv07h_ph_record_v1:8e40f86fe4270d47e95a07b0588fa23efe14fc5c47c0f6c289d66434e2fbd942",12.579930305481,581787648,29686,"0e0ffbbcfb7f9190284d065a1127c9d32473b148f26e1e0f399657aa841eb870","closed",FALSE
"mv07h_ph_metric_v1","ph__20260806__SRA742961_SRS3565211__gene_topology_v1",20260806,"SRA742961_SRS3565211","gene_topology_v1",500,499,1672,0,1.31541750129518e-07,TRUE,"ripserr","0.3.0","primary","","5b041d5b8266c62df1488198cb49c331533cb6ed59b63ab453d6f4c411dcba20","mv07h_ph_record_v1:26cb893f5b734bb6fa332bfbf22d1cf76ffb5f97d1a15a29a8c9b4d3d6a850a6",12.5545146465302,583094272,80609,"e6e1b080afc3e7c1673e7edbacd893c982d02245c1103407d807e00ea0536bec","closed",FALSE
"mv07h_ph_metric_v1","ph__20260806__SRA749327_SRS3693910__cell_topology_v1",20260806,"SRA749327_SRS3693910","cell_topology_v1",384,383,367,0,6.64715009651058e-07,TRUE,"ripserr","0.3.0","primary","","67c2a4a989b6833233fed0c50b45b0fb17f7559ade93621f673f9a27db750f94","mv07h_ph_record_v1:30a94be54e51603bfb7a2577bbb5c17b3645b56143a8c24e5abcfd1a46889872",12.0768446922302,699625472,29686,"7c608b9ac08889b2ef0d970653011c750f3c022c4857468f99492f23acb2d0f8","closed",FALSE
"mv07h_ph_metric_v1","ph__20260806__SRA749327_SRS3693910__gene_topology_v1",20260806,"SRA749327_SRS3693910","gene_topology_v1",500,499,1711,0,1.3205818121852e-07,TRUE,"ripserr","0.3.0","primary","","62fd63901aff1f2b23e496693180519fcb027636da911d041e597cbb95315d08","mv07h_ph_record_v1:6c772b9739491bc39185afd07dc381aaeac32daeaf774bf8c19dca79687899d2",13.0710158348083,595431424,82013,"15333b607f8beedee1d7005be4567591ae6c07df8228f520ca02911c4b280e8e","closed",FALSE
"mv07h_ph_metric_v1","ph__20260806__SRA749327_SRS3693911__cell_topology_v1",20260806,"SRA749327_SRS3693911","cell_topology_v1",384,383,359,0,8.87416598288356e-07,TRUE,"ripserr","0.3.0","primary","","f0fd5299b778e1da3b752aa427a86f810db49a788fe97511c1aff0e477e99ab1","mv07h_ph_record_v1:a623f9e6884082f6db54eb537eb4b62f141d7abdf1935db5aff3c7c674ae59ea",12.2998962402344,707125248,29406,"6dc0a9a5d7141726a25cfcb9484f0c96e6ae4e6274ab957fea3211c68b097ef7","closed",FALSE
"mv07h_ph_metric_v1","ph__20260806__SRA749327_SRS3693911__gene_topology_v1",20260806,"SRA749327_SRS3693911","gene_topology_v1",500,499,1485,0,1.31571693112963e-07,TRUE,"ripserr","0.3.0","primary","","661a41390e7609ec238d905ba7ca3da1e8cb4fc32045b497f283c4682824a906","mv07h_ph_record_v1:c6cddb002bbfbdaf12c9013cba2a380935aa7229d13f4185d7cc532dd7bcc849",12.5479500293732,588496896,73877,"39a7fe5b9d65a8402e49525ae950d60cf47e0e8932d6fe0f30256c63e181fb6b","closed",FALSE
"mv07h_ph_metric_v1","ph__20260806__SRA749327_SRS3693912__cell_topology_v1",20260806,"SRA749327_SRS3693912","cell_topology_v1",384,383,392,0,6.7947001028594e-07,TRUE,"ripserr","0.3.0","primary","","e613a650e9aeed23bfd2b4b6946b076e45bc51afc588a8480ae5e7ec264eaf9c","mv07h_ph_record_v1:7d90e6f4221505d7247cf1fee62149f1e4eb9878f4edc3aa5039b0451904844c",12.2977297306061,581623808,30561,"81b78a26c9189a71ef86e6e5e81ebc92ca1255b575c99f335581e559986f616a","closed",FALSE
"mv07h_ph_metric_v1","ph__20260806__SRA749327_SRS3693912__gene_topology_v1",20260806,"SRA749327_SRS3693912","gene_topology_v1",500,499,1586,0,1.32103053295526e-07,TRUE,"ripserr","0.3.0","primary","","a20c4890497c70931eb97f315255bf1abfda5823dff771efc61c0cb768fa207d","mv07h_ph_record_v1:afb34167b638d13a4085f99586527e8b4f6b367389e7606615278576f9e689fc",12.294445514679,716943360,77513,"735fd68cd8d7631433c2b1c185f9eb0d261f2c1962acb49fb23fd55d434a7894","closed",FALSE
"mv07h_ph_metric_v1","ph__20260806__SRA749327_SRS3693913__cell_topology_v1",20260806,"SRA749327_SRS3693913","cell_topology_v1",384,383,374,0,5.86744587822689e-07,TRUE,"ripserr","0.3.0","primary","","c1034efafe79f05ceb6eda6ef1965cf7579fca3b8108f9e925cce46071483335","mv07h_ph_record_v1:b35d08a6c7a89a8490ba724a8f67e9b85d81cee2dd362b363f519f456b1d19dd",12.9164607524872,611311616,29931,"9da5a309b95fff223a26e660fe23530282a38f13c37514e8dfb3f8dfb06e1c49","closed",FALSE
"mv07h_ph_metric_v1","ph__20260806__SRA749327_SRS3693913__gene_topology_v1",20260806,"SRA749327_SRS3693913","gene_topology_v1",500,499,1633,0,1.32249942687475e-07,TRUE,"ripserr","0.3.0","primary","","f2ceb110ce848afdf8a065838d9a78162ebb92799358832fcd9a1a8f3645a92a","mv07h_ph_record_v1:a5b70bfd969b63fbc9d59f1f46c62d434d48091ea36ce167c8314c5ca0909405",12.751172542572,696778752,79205,"1e612691a9275647a5a1e7c0db88dc7eb071569169c8ae673c25446024a8f51e","closed",FALSE
"mv07h_ph_metric_v1","ph__20260806__SRA760933_SRS3693061__cell_topology_v1",20260806,"SRA760933_SRS3693061","cell_topology_v1",384,383,350,0,9.69620574732216e-07,TRUE,"ripserr","0.3.0","primary","","3a27135c6656088593104ecede8f153b6c4d80f81b9f6590872b8c37f2dc57ab","mv07h_ph_record_v1:8ae266775a3471f7c1d5a86950a8f62708fb85038fb8ce6f0f358e2cd1fb2e1a",12.1951682567596,686043136,29091,"746690aadf16b053d8821a492e3694ee576bcfaa72e65217fc2743e82dca8cef","closed",FALSE
"mv07h_ph_metric_v1","ph__20260806__SRA760933_SRS3693061__gene_topology_v1",20260806,"SRA760933_SRS3693061","gene_topology_v1",500,499,554,0,1.31395981057531e-07,TRUE,"ripserr","0.3.0","primary","","cd1a3f6daf6e85fde5ef02e5322b68c9a16dcaf56020e7729d4ee67593df7ab9","mv07h_ph_record_v1:5d7b2ddec7be4be3502bca2b0a2cd67b719647afa4c5814b6f6701fe3e0a821e",12.5839619636536,644657152,40361,"f8363cadc9f5e87eb14beae3f2ad1dc62199c6de7d770f73ec3a38de82a48e76","closed",FALSE
"mv07h_ph_metric_v1","ph__20260806__SRA779509_SRS3805245__cell_topology_v1",20260806,"SRA779509_SRS3805245","cell_topology_v1",384,383,276,0,1.06024705507566e-06,TRUE,"ripserr","0.3.0","primary","","ab3bebf003a1115b0e331d659eedd3ad98e5c30d844c9302ee5f873c4e830a21","mv07h_ph_record_v1:c96c463f4a0c6fbdcc7d4796aeb77fe8671c8b0e8f71054098cc76fce311488f",12.1744823455811,587014144,26501,"eb55f127972d621ecd0a38f74cd1e670726c55832800351b104228a313cebac9","closed",FALSE
"mv07h_ph_metric_v1","ph__20260806__SRA779509_SRS3805245__gene_topology_v1",20260806,"SRA779509_SRS3805245","gene_topology_v1",500,499,753,0,1.31628986868408e-07,TRUE,"ripserr","0.3.0","primary","","cd981fe206fc56941790b21bb427e2f99c1d707ed07a14094eb40e69de513e4e","mv07h_ph_record_v1:d9c2d2c692fe68bc428ba4dd7b755f584fed65d086d4b8d5266f3802733d58f8",12.1808598041534,579670016,47525,"725dc4d35ad10ddfe11cc5be937f01d945a3fea2fb231f908dd396982889795f","closed",FALSE
"mv07h_ph_metric_v1","ph__20260806__SRA779509_SRS3805246__cell_topology_v1",20260806,"SRA779509_SRS3805246","cell_topology_v1",384,383,349,0,8.69905349054357e-07,TRUE,"ripserr","0.3.0","primary","","dd7b4eb36eaf786727fb9be786adce8543245689a13cce288b1e231f7bd95cb2","mv07h_ph_record_v1:670dda2ebd21a264c63590df97fcd4ac182983427bb8aeefff813ccfe9ac4bd5",12.5313334465027,684896256,29056,"8ae0096a5b39d0445aae7628e43b4bd6b841dd3142e64cb802edbc98673d455e","closed",FALSE
"mv07h_ph_metric_v1","ph__20260806__SRA779509_SRS3805246__gene_topology_v1",20260806,"SRA779509_SRS3805246","gene_topology_v1",500,499,1056,0,1.31353385123305e-07,TRUE,"ripserr","0.3.0","primary","","1d01a56bdda354a06a45134d866005df1d85dcdbaddb36decb2ce85130b4b9cc","mv07h_ph_record_v1:e3fcf0bef31c49f78a031629c1d5acd57f33bb9eb51c28cbc6ce26dbec90a40a",12.5027465820312,637689856,58433,"0a54de44081e353d9c16fc8e17ffb442f7af9c972d0d3f34b76c45c812fd83c7","closed",FALSE
"mv07h_ph_metric_v1","ph__20260806__SRA779509_SRS3805247__cell_topology_v1",20260806,"SRA779509_SRS3805247","cell_topology_v1",384,383,395,0,6.63733069831219e-07,TRUE,"ripserr","0.3.0","primary","","6cf056369a4d817bd0fc3b330c7ccb746bdf3016e872d9ea321b6b5c1d00921f","mv07h_ph_record_v1:3b930fa1dcc7ffcf5b9318f8d5d09cda1919d246662b7fb00cb0cf46b649cd15",12.2298746109009,581619712,30666,"cae15f9b78ad8809431cb516471bf1097cef9fcd8269ac19863180c274c6427c","closed",FALSE
"mv07h_ph_metric_v1","ph__20260806__SRA779509_SRS3805247__gene_topology_v1",20260806,"SRA779509_SRS3805247","gene_topology_v1",500,499,1291,0,1.30967737247933e-07,TRUE,"ripserr","0.3.0","primary","","69402b67e06d306a277935e209ee6416cd03964397414f5494313c475985941c","mv07h_ph_record_v1:597e60411bf0d7a38c2d1f93b349c43bdd47149b5d893d0e640e3ad56fc95e33",16.6568629741669,641048576,66893,"c2f466b06cf4b6ded36bfb5a1ab88a91df6b123b89b1f6ffe3bfd8d3577fd10e","closed",FALSE
"mv07h_ph_metric_v1","ph__20260806__SRA779509_SRS3805248__cell_topology_v1",20260806,"SRA779509_SRS3805248","cell_topology_v1",384,383,326,0,7.62850004754525e-07,TRUE,"ripserr","0.3.0","primary","","e4a2af17f038cc087c6ef3304b80a6409724608fc2b0789c25d3ba674e05824b","mv07h_ph_record_v1:bfaba1e76ef6d5d8e0f53715c7bf93ac86bb638d9f1f0f2820850d289d56caac",11.972003698349,581656576,28251,"c97bd8d6b2399da2266c868b00b0119a368d1403b4052c844b68855c2587f8c5","closed",FALSE
"mv07h_ph_metric_v1","ph__20260806__SRA779509_SRS3805248__gene_topology_v1",20260806,"SRA779509_SRS3805248","gene_topology_v1",500,499,1158,0,1.31662624507763e-07,TRUE,"ripserr","0.3.0","primary","","bb1822f4f35a28d76534b9806fc168a99605c5d8cc617964220e2f6850209c88","mv07h_ph_record_v1:10d46e449d165921bc158590b06186b65f6dcc297a3bc6bf0863241d05f74e5f",12.4806747436523,657457152,62105,"6a16b8813ac8607730bd47ebdda330e23a45fbfefb5663a472b9db498eed4ff2","closed",FALSE
"mv07h_ph_metric_v1","ph__20260806__SRA779509_SRS3805249__cell_topology_v1",20260806,"SRA779509_SRS3805249","cell_topology_v1",384,383,373,0,7.5152342186707e-07,TRUE,"ripserr","0.3.0","primary","","f178ef024c4744f769e65fd35a45aeb5daea3cb903c74712610d4d8849f7b45d","mv07h_ph_record_v1:8e69c180b62b7a8c737fcb96b469d8240c7a6739abebe8703b1488aed772cb17",12.497398853302,588144640,29896,"0818b7021f41c58c8bb79c499bb2c7990293628cf72a9590423c9a5d184204fb","closed",FALSE
"mv07h_ph_metric_v1","ph__20260806__SRA779509_SRS3805249__gene_topology_v1",20260806,"SRA779509_SRS3805249","gene_topology_v1",500,499,1647,0,1.31389819425936e-07,TRUE,"ripserr","0.3.0","primary","","29e362d3d766ddcab79f33c7fc62eacf001c6475b3e8fe61305621d47e1aef25","mv07h_ph_record_v1:aaa670d412dedb56c41db698504adcc85a1935ea7020a8eefccf126980202c3b",12.8397822380066,579710976,79709,"86b37533ac9a40decd29a8ceb6ed7e78bb69c4bd2424fcd77d8998d84910b833","closed",FALSE
"mv07h_ph_metric_v1","ph__20260806__SRA779509_SRS3805250__cell_topology_v1",20260806,"SRA779509_SRS3805250","cell_topology_v1",384,383,325,0,8.49414495962682e-07,TRUE,"ripserr","0.3.0","primary","","eb0b7e5a7c44b2f7edefc2f3ad5d748c132997708fcb3a648293f443fe76a86b","mv07h_ph_record_v1:30b59380b98970d47a35eb8fb8e88a523e750521f4df67d2b0d55040fb06c085",12.7801685333252,606027776,28216,"2e5d719e2fe65716ae8fcc63d1c835630e51ce44590a6911f92e101d9b182f67","closed",FALSE
"mv07h_ph_metric_v1","ph__20260806__SRA779509_SRS3805250__gene_topology_v1",20260806,"SRA779509_SRS3805250","gene_topology_v1",500,499,912,0,1.31653716597056e-07,TRUE,"ripserr","0.3.0","primary","","bc50b19d64391dfe50ed44072b113aa65f90c2ef27fb378a1f41a5d4c243060a","mv07h_ph_record_v1:d2ee2c059f47dd1fbfab04adc94d59cdcd7a2aa6a49b87abf49ad780bbfd0c9e",12.525280714035,685768704,53249,"3101ecc6a474aa6ee3b6c98f4931b38efd4bf9245722483720bf0457746d6cb2","closed",FALSE
"mv07h_ph_metric_v1","ph__20260806__SRA779509_SRS3805251__cell_topology_v1",20260806,"SRA779509_SRS3805251","cell_topology_v1",384,383,241,0,9.71197155366712e-07,TRUE,"ripserr","0.3.0","primary","","ce94cf16a4f37880c40a6171f37399170d24104ad31f6867768b656a1a55e18b","mv07h_ph_record_v1:76921a2b448f3ac6144103537d1d33d6a43bc8c057723f7f5830bd3e93b94830",13.5537106990814,660185088,25276,"69e7b3fa0bc60f9b8b94bdd6283ae57b54d930c83a36aaa11379ed83d254c384","closed",FALSE
"mv07h_ph_metric_v1","ph__20260806__SRA779509_SRS3805251__gene_topology_v1",20260806,"SRA779509_SRS3805251","gene_topology_v1",500,499,284,0,1.31300411948833e-07,TRUE,"ripserr","0.3.0","primary","","33a6c9e6f44990b277bf07c67221123f655ad4ec664dcda7626b178a7de4c849","mv07h_ph_record_v1:60f016f20be2916ffb7e207d6819fc02418fd1d59b8557b4047527ff2f3926c7",12.805347442627,580308992,30857,"cdb9174b109f793a2136c3718ecb189f4ccb81550ddce1002bdfbf785d3d0999","closed",FALSE
"mv07h_ph_metric_v1","ph__20260806__SRA779509_SRS3805252__cell_topology_v1",20260806,"SRA779509_SRS3805252","cell_topology_v1",384,383,304,0,7.77362960764165e-07,TRUE,"ripserr","0.3.0","primary","","205bc6fcaf933ae100119d43013989218c771baefcf28aacc6e68d25b1ec3bc6","mv07h_ph_record_v1:13d15498bda58e9429db71528f2889ee812b98d0b45eac01985302f2473a654c",12.2394227981567,581627904,27481,"dd4e1049de80c43912e6fad34469ef2fa23a38a462a8da8a0b6cef1583cac7fe","closed",FALSE
"mv07h_ph_metric_v1","ph__20260806__SRA779509_SRS3805252__gene_topology_v1",20260806,"SRA779509_SRS3805252","gene_topology_v1",500,499,1451,0,1.32483624736142e-07,TRUE,"ripserr","0.3.0","primary","","08ff862b371e0eda0ded4e58d84317f41e6a60127687db07531eb90d83422919","mv07h_ph_record_v1:6620e48236f574f936d90bd799995bbbe7199f6e4a9a5904be8b4cdbcd89467a",12.8159537315369,580247552,72653,"75fc1eb6573df022ca9b22c02a6704699927ebd51c7684c105685af686eab4ef","closed",FALSE
"mv07h_ph_metric_v1","ph__20260806__SRA779509_SRS3805253__cell_topology_v1",20260806,"SRA779509_SRS3805253","cell_topology_v1",384,383,333,0,1.16383551183296e-06,TRUE,"ripserr","0.3.0","primary","","ce9c223ad48fec200ddc64a8b467b0b08aae994113bc15009ddde813474fc21f","mv07h_ph_record_v1:81d6f3c0b7cf9cf38d24e86acde02fe1703f9d43e556269e7bc66b060a2bcb6d",12.5293481349945,581898240,28496,"8591ceb2210b547e41720faca3db0ba18aed3fc08a7c4c819d1b031d8fc55e3f","closed",FALSE
"mv07h_ph_metric_v1","ph__20260806__SRA779509_SRS3805253__gene_topology_v1",20260806,"SRA779509_SRS3805253","gene_topology_v1",500,499,1137,0,1.31449681416497e-07,TRUE,"ripserr","0.3.0","primary","","8a4156cf56c1ca21acca2c8b468e440212dc6e8f59df2762573130e62d627c14","mv07h_ph_record_v1:f0f24ba02c6e76cdfe23878302b5285ae7ed380766f4fe378c9a8bf520e30188",12.7746369838715,677793792,61349,"63a04e0b40c87ff02b1d036ba47ff7a5eb0cb663d4467e6216eff1648db8da37","closed",FALSE
"mv07h_ph_metric_v1","ph__20260806__SRA779509_SRS3805254__cell_topology_v1",20260806,"SRA779509_SRS3805254","cell_topology_v1",384,383,310,0,9.70538477808181e-07,TRUE,"ripserr","0.3.0","primary","","8a6b4ceb9c28e8e8a60b14e39a48b83ee8d85ed989cd434ebff37b466c099cae","mv07h_ph_record_v1:9388a973b5ddb3e679d4f19e80f4999ff047aea505f08b9b4cf495ef4798be8d",12.268693447113,705875968,27691,"c2eac52fc9283779445cc87af92907cfd0342ea454ad70aca96fdcfe59d53f97","closed",FALSE
"mv07h_ph_metric_v1","ph__20260806__SRA779509_SRS3805254__gene_topology_v1",20260806,"SRA779509_SRS3805254","gene_topology_v1",500,499,728,0,1.29963757618408e-07,TRUE,"ripserr","0.3.0","primary","","b9fc954b4367369534276cc7255183bc00d9ca04cc7a9d6099f007209d885d44","mv07h_ph_record_v1:8c693c9e870348a42c0be5c75a916e12e9486b90e1d6eca55c147b6ac33b787f",12.5275313854218,578060288,46625,"0fc7c314896da247d4c14acc42ab241656714f3e5bf93eb823a480435150b33e","closed",FALSE
"mv07h_ph_metric_v1","ph__20260806__SRA779509_SRS3805255__cell_topology_v1",20260806,"SRA779509_SRS3805255","cell_topology_v1",384,383,373,0,1.09594080282682e-06,TRUE,"ripserr","0.3.0","primary","","205b4db9f7124c08fe44deae33bd5704dbb8044c88c978863c29e1fb64a08009","mv07h_ph_record_v1:e764aa969c5d287533458041eeb4c0c86bc84b41b8696fdd922a2eae2d9e959a",12.0346169471741,631697408,29896,"d75175b7b555a15e54eb3282f31596e285a5dd3b1d542f48071288d20e030550","closed",FALSE
"mv07h_ph_metric_v1","ph__20260806__SRA779509_SRS3805255__gene_topology_v1",20260806,"SRA779509_SRS3805255","gene_topology_v1",500,499,1559,0,1.32659644184559e-07,TRUE,"ripserr","0.3.0","primary","","9d9ad39c7397ef463e692d0185b5f14618b56b9c8926bb923e21798ab82694c5","mv07h_ph_record_v1:943ac0c179bff90a999e7540dd8105e8c4f1e56c638252e7805c0b2f769b9c53",17.8079483509064,655626240,76541,"935f6e012a773d01fced3f83bb36d8dda0df7e3f2cdb1a6508bebba070d30bbb","closed",FALSE
"mv07h_ph_metric_v1","ph__20260806__SRA779509_SRS3805256__cell_topology_v1",20260806,"SRA779509_SRS3805256","cell_topology_v1",384,383,331,0,1.08261339140583e-06,TRUE,"ripserr","0.3.0","primary","","5ca2b5ccc5dc5ae440595b89a65dc048d0641043d7faca1a0d96af0d43c88ab4","mv07h_ph_record_v1:8fe2892ab3a7147a36a2d056362ee684d6a1196e86ee58caa86031fa99e021e4",12.5467758178711,581742592,28426,"030cc6665be47ddef44243a1a6b5cc4adcb8a1d0e32f3db2e95bd5b0f8d6de58","closed",FALSE
"mv07h_ph_metric_v1","ph__20260806__SRA779509_SRS3805256__gene_topology_v1",20260806,"SRA779509_SRS3805256","gene_topology_v1",500,499,864,0,1.32327720519543e-07,TRUE,"ripserr","0.3.0","primary","","37e5429555d20f6b882d4ed323b76bd5a09017d23ee8eff96afc2193b4417203","mv07h_ph_record_v1:42d07de73de4f37308e3066628f35f7da9a860f4567ae1eed03329ee70831219",12.8195514678955,579543040,51521,"4a9ab4bf47847ee5eb53e94850cea593387d6d09e78a64b708c3763a90b91654","closed",FALSE
"mv07h_ph_metric_v1","ph__20260806__SRA779509_SRS3805257__cell_topology_v1",20260806,"SRA779509_SRS3805257","cell_topology_v1",384,383,286,0,8.25029412261593e-07,TRUE,"ripserr","0.3.0","primary","","0598c8ff5c98c04af05ced1e17d8579b068895773e8432f54e91d66e469a6f59","mv07h_ph_record_v1:f78bc50a731b72b65f7f5af01ee4589be5849520befe7d0b041c532a007f8b5f",12.5376551151276,577982464,26851,"92c986d43315427ec644fa4a6841af28615cd3be45fe6f930cf05d0b4c644d49","closed",FALSE
"mv07h_ph_metric_v1","ph__20260806__SRA779509_SRS3805257__gene_topology_v1",20260806,"SRA779509_SRS3805257","gene_topology_v1",500,499,707,0,1.30953417991822e-07,TRUE,"ripserr","0.3.0","primary","","bfdcd0a466cba0d58c32d5c11392037bfd8cf6fb8f6e05e5d6ffc869f0ea21d0","mv07h_ph_record_v1:808f02a89e91ff84f37f7f65975a64c3c51f284ce9cea3a46e5f01408102b4b9",12.8235318660736,579354624,45869,"f23fb8a0841b63b3c838e99d2aa762850f63582cde4b2a7f57a295bd386bdaeb","closed",FALSE
"mv07h_ph_metric_v1","ph__20260806__SRA779509_SRS3805258__cell_topology_v1",20260806,"SRA779509_SRS3805258","cell_topology_v1",384,383,374,0,1.16403351132344e-06,TRUE,"ripserr","0.3.0","primary","","e292690385885628a3abcec1de5ab288ca0933905235f92b7147805e8d4a122e","mv07h_ph_record_v1:7ba2118afd9eb55def6746a157a7939792995d57f7334b353a3a0d5912c4e4d8",12.5348467826843,581627904,29931,"77152bf0696b99d684ab54ba1fbd25c07202a2449250c206fa253bca06361c6a","closed",FALSE
"mv07h_ph_metric_v1","ph__20260806__SRA779509_SRS3805258__gene_topology_v1",20260806,"SRA779509_SRS3805258","gene_topology_v1",500,499,1468,0,1.31670034379815e-07,TRUE,"ripserr","0.3.0","primary","","0d94404eed3403f278da3cfea51184dbe291d6b4673b8d2a41ad5f2a1bfc1891","mv07h_ph_record_v1:ad2896b64b14d4530802788dac0c60039601f75ab24cff7acece261dfe3c8ca7",12.8430576324463,679669760,73265,"6b1ca73bdeb469408290536605d2935eb08583ed50586f99f1535dee8e8bf69e","closed",FALSE
"mv07h_ph_metric_v1","ph__20260806__SRA779509_SRS3805259__cell_topology_v1",20260806,"SRA779509_SRS3805259","cell_topology_v1",384,383,308,0,1.04352822377552e-06,TRUE,"ripserr","0.3.0","primary","","f163ed1c6049e42bb93bc1e15a522f11b3d3cb6823cf0899788045770cad6252","mv07h_ph_record_v1:c890c57315f4662f9847b6942b39d774c5a9b6fe93c4b82e5853017feeb13b35",12.5962979793549,619229184,27621,"cfb27dd4348a917498932c5831c816c8fcf90545aef807de3a94065e6a9488d2","closed",FALSE
"mv07h_ph_metric_v1","ph__20260806__SRA779509_SRS3805259__gene_topology_v1",20260806,"SRA779509_SRS3805259","gene_topology_v1",500,499,1368,0,1.32587227084041e-07,TRUE,"ripserr","0.3.0","primary","","0009c0e54ab8d6c76b2a49985713e34c00955f662c0af494f207f266c650380f","mv07h_ph_record_v1:11f17d7412298dd84308c0366120032c76b4e13d16b70abf580810811ff3dc7d",12.8314528465271,582541312,69665,"adafe5686f262dc4ba4848b0e48377c17ae37be9a30eaa8600d54062f9f03dfb","closed",FALSE
"mv07h_ph_metric_v1","ph__20260806__SRA779509_SRS3805260__cell_topology_v1",20260806,"SRA779509_SRS3805260","cell_topology_v1",384,383,328,0,7.38164133904517e-07,TRUE,"ripserr","0.3.0","primary","","c97a58423ce0b8789539c44e52f9cb28086dda4e121e67f2dc488840b99c512e","mv07h_ph_record_v1:e3b6c4cf81426837e5f6dad0d34558bc4848a4d8c587f6870a0cfccf407a6655",12.3568031787872,581779456,28321,"050ea1e8287e8461554f4c91b8e95cb158ed87e2caa7e39931ec9d75b3d6480f","closed",FALSE
"mv07h_ph_metric_v1","ph__20260806__SRA779509_SRS3805260__gene_topology_v1",20260806,"SRA779509_SRS3805260","gene_topology_v1",500,499,1044,0,1.32185847696645e-07,TRUE,"ripserr","0.3.0","primary","","263da4fae03d3db7f342650dd20f8a6a66c17f14420ad66733df4a065a6848fe","mv07h_ph_record_v1:e60b82104b4bc11158a89e20b4925389edd32dd2f03251bf851bddcb9a4075fe",12.8604309558868,582234112,58001,"54e8a33f49597562dcf0d1868928f7473d203e6ada6f90a9a268b75c1b9132e9","closed",FALSE
"mv07h_ph_metric_v1","ph__20260806__SRA779509_SRS3805261__cell_topology_v1",20260806,"SRA779509_SRS3805261","cell_topology_v1",384,383,267,0,7.49078636712172e-07,TRUE,"ripserr","0.3.0","primary","","75a5f05a715c9f4eb82f7dab4759d2f86f0959ef5eae48eac290074bfe6f01e1","mv07h_ph_record_v1:1546a3a88bf0c6b71264983185371e0df04d29a07070e1480542ac9e49de8468",12.3830442428589,683835392,26186,"37cc89b216626ca5e0fbe0af493506fa7202c831b535b8bbda11c3e7f347e086","closed",FALSE
"mv07h_ph_metric_v1","ph__20260806__SRA779509_SRS3805261__gene_topology_v1",20260806,"SRA779509_SRS3805261","gene_topology_v1",500,499,865,0,1.30878096905484e-07,TRUE,"ripserr","0.3.0","primary","","5c0b92af2b13fd4a4e6822c71ff3dec72080d0cc727e1a3aeb3d084b1edb845b","mv07h_ph_record_v1:28e38721f5dc24a40bb7481e5ecff24f30de1ee4d10298f741116621a6fa730f",12.6209950447083,581550080,51557,"68c399bed876d362b886885b83f1d42ba055de3986640df106b95293c9e02909","closed",FALSE
"mv07h_ph_metric_v1","ph__20260806__SRA779509_SRS3805262__cell_topology_v1",20260806,"SRA779509_SRS3805262","cell_topology_v1",384,383,254,0,1.19173019614768e-06,TRUE,"ripserr","0.3.0","primary","","2580e66401446bd6253e848b10336d0f7657e77b214ad1622998502d91383c10","mv07h_ph_record_v1:7871076506bb39dedfb96e30081c5d0c368d2a417bb8333489dc4ce7f23d1ac3",12.7178928852081,581595136,25731,"336fd12124f1e92fc1f804d7acef8c1767c47476fc7817ed401796639e5993bc","closed",FALSE
"mv07h_ph_metric_v1","ph__20260806__SRA779509_SRS3805262__gene_topology_v1",20260806,"SRA779509_SRS3805262","gene_topology_v1",500,499,219,0,1.32172592425074e-07,TRUE,"ripserr","0.3.0","primary","","bba89409dcf57177f1a5b0f231137cab357003c39efa5e7a5816b0e9d699d09f","mv07h_ph_record_v1:e0041488e982bc240d3a53b11b12acfeeba332f96673c96b40c37993633b7541",12.9503450393677,609292288,28582,"18de79c73c6c1945cfa005301974fd450a1a93a8384df038baf7ab53ea28b3dd","closed",FALSE
"mv07h_ph_metric_v1","ph__20260806__SRA779509_SRS3805263__cell_topology_v1",20260806,"SRA779509_SRS3805263","cell_topology_v1",384,383,356,0,8.66167476681391e-07,TRUE,"ripserr","0.3.0","primary","","2a748c08a9dc5195dd9614596a9ce07470aef4d66d5dfe4aec19b039c84783e5","mv07h_ph_record_v1:7aa889c3069319984c51219e57cf00f2c2067ca80e0daf0c532d766156acb905",12.7032687664032,648880128,29301,"f704a9943b709d984c2cab5f415d04107c9c5753fbbdaa6f4ac977afd6de9b28","closed",FALSE
"mv07h_ph_metric_v1","ph__20260806__SRA779509_SRS3805263__gene_topology_v1",20260806,"SRA779509_SRS3805263","gene_topology_v1",500,499,1208,0,1.3222727330241e-07,TRUE,"ripserr","0.3.0","primary","","61a2d43d597597b9723e8470920f76ba869c543ba1318af199248b9add5c8871","mv07h_ph_record_v1:0e204116267dde70a3eb2070bc3dfd2cf5db7d28cbb736ba39068740e01e4cff",15.0367891788483,663678976,63905,"654b0c5960e2cfe4743298f28e02e316fb4d4c9e4748b75943cb04426d07d11b","closed",FALSE
"mv07h_ph_metric_v1","ph__20260806__SRA779509_SRS3805264__cell_topology_v1",20260806,"SRA779509_SRS3805264","cell_topology_v1",384,383,405,0,1.15516048566941e-06,TRUE,"ripserr","0.3.0","primary","","cda53507fb9036403085a50a0dfdb7e004b8107249ad7826b9edc23b4f8b0866","mv07h_ph_record_v1:cf01197b22fe3d03c812a00c75502cb39819251d819952bdc1e4b00dc96a472b",12.4944226741791,581767168,31016,"0e502d75d89b6555bb8b79996f9b22519bbbe19bdbc954d7e73cd2b0e861c9b8","closed",FALSE
"mv07h_ph_metric_v1","ph__20260806__SRA779509_SRS3805264__gene_topology_v1",20260806,"SRA779509_SRS3805264","gene_topology_v1",500,499,1686,0,1.32331929792481e-07,TRUE,"ripserr","0.3.0","primary","","21a07b31b44c939852ca3db40e127bbed229b073688db63b6fbb44df3241ef95","mv07h_ph_record_v1:afa7fb9af11eaca226fa25acb8136b82ac3aaa93f2beff1a1621cbc6dcebd1e8",12.7806696891785,578002944,81113,"cbdb7b88b21bee03126a210493526228ece121c213089e9ee41f9b4b298336be","closed",FALSE
"mv07h_ph_metric_v1","ph__20260806__SRA779509_SRS3805265__cell_topology_v1",20260806,"SRA779509_SRS3805265","cell_topology_v1",384,383,427,0,1.05448068343413e-06,TRUE,"ripserr","0.3.0","primary","","e6538d3dabba946d99376820a43da30c1068bb28c826db2b9982260ca4d94b89","mv07h_ph_record_v1:2f2d63d92e30720de98ef2637752a19ea445effdc7e4eef6dd593b1fe0f66cce",12.4544069766998,697839616,31786,"fb1c03b10c223b7e53787bb975a51b03c17d666e68c7b54ec6ec92253176425f","closed",FALSE
"mv07h_ph_metric_v1","ph__20260806__SRA779509_SRS3805265__gene_topology_v1",20260806,"SRA779509_SRS3805265","gene_topology_v1",500,499,1879,0,1.31702452213732e-07,TRUE,"ripserr","0.3.0","primary","","e39db1ae02d0fba762cd4559d9236bc177b85e3e8d124bb3b492647695cf4022","mv07h_ph_record_v1:07fd5ad63c3024a51575a1e4e350e5e9828d974de027530d65a603d83a2a2848",12.9846765995026,645877760,88061,"23e2101e99af97ff74a61bbc27bd3df2f413d8b7cb4e85d906b5b2ae528183eb","closed",FALSE
"mv07h_ph_metric_v1","ph__20260806__SRA779509_SRS3805266__cell_topology_v1",20260806,"SRA779509_SRS3805266","cell_topology_v1",384,383,330,0,8.61259144915983e-07,TRUE,"ripserr","0.3.0","primary","","891de6ef90dd32593dc663469ee3b6ec9907c519f96403a0d45a5ccbf815dcd8","mv07h_ph_record_v1:b27114b667fed95722c1ec49e5b5e4a649928237d3be4221afbbe58dbb02e1e8",12.5123820304871,661610496,28391,"859baa6f0002fe3f0d1bcb41ddf04106597b76c222d22f9ac8b5c15c92756a2d","closed",FALSE
"mv07h_ph_metric_v1","ph__20260806__SRA779509_SRS3805266__gene_topology_v1",20260806,"SRA779509_SRS3805266","gene_topology_v1",500,499,992,0,1.31741102207315e-07,TRUE,"ripserr","0.3.0","primary","","9485311a6446195e423a24b3a0a89d3d0ef4143a1dca7762ff7fa17e5b960b6a","mv07h_ph_record_v1:31fdae2d1c5a987efd2f386f51c52d93826bf2825ae815e791a5a521255b8825",12.7680370807648,575700992,56129,"6e356483e55c81f731f6f8aabd9a2eff63e818ff3f4e5f275206e757030f352b","closed",FALSE
"mv07h_ph_metric_v1","ph__20260806__SRA779509_SRS3805267__cell_topology_v1",20260806,"SRA779509_SRS3805267","cell_topology_v1",384,383,361,0,7.20305242690882e-07,TRUE,"ripserr","0.3.0","primary","","b59a408994ecc6b692c9e613489870194e3738378c7e62fa17522b759010bc69","mv07h_ph_record_v1:2b4d09be7c1697697711987407fde36121d628c354a982671e5c92e476cbf5d4",12.4948210716248,581595136,29476,"68679209a98c94dfd536046076665ec2d3c81d2fb8876b86e44c7d1da71091fc","closed",FALSE
"mv07h_ph_metric_v1","ph__20260806__SRA779509_SRS3805267__gene_topology_v1",20260806,"SRA779509_SRS3805267","gene_topology_v1",500,499,1109,0,1.31153450247594e-07,TRUE,"ripserr","0.3.0","primary","","be16fd4f81f7c755ff618058d946c0f3ab8ca24b7e67545a1a3bf80b335852b9","mv07h_ph_record_v1:779e3b7c5a719fc6bcae8c93dc6d388b7156f999e0ff742890f614fecc0685b1",12.5167679786682,579522560,60341,"ff549497ecc43d1eed677ca21529a44f36b46276741920415d0ee52eb5021087","closed",FALSE
"mv07h_ph_metric_v1","ph__20260806__SRA779509_SRS3805268__cell_topology_v1",20260806,"SRA779509_SRS3805268","cell_topology_v1",384,383,302,0,1.27971902022181e-06,TRUE,"ripserr","0.3.0","primary","","bcca20e8da91e82eb0714db7595a53ca43031c43c1f1bda294be156a2c6cb012","mv07h_ph_record_v1:017fd276f438819d4d81196d000a06777c22dd6983098a36240e85b24c325f93",12.558210849762,581988352,27411,"1997ae3b35abaa7758844785c96d50eb8de32b49f2448279c7fce2971e598266","closed",FALSE
"mv07h_ph_metric_v1","ph__20260806__SRA779509_SRS3805268__gene_topology_v1",20260806,"SRA779509_SRS3805268","gene_topology_v1",500,499,697,0,1.30003243095055e-07,TRUE,"ripserr","0.3.0","primary","","60105f9312efcda7f4850ae8cc957aeb7b1e1d49c26a385cd9fe4a88a7110d61","mv07h_ph_record_v1:2ca5b8c7d1308c449951d7cbc0170c8e692ec107f41e3eb14e11db77d5708d3a",12.529797077179,689176576,45509,"f298e7889b47c1aa09746fedafb705d52ba7c49bdd2fc7dc2e9c3adf52c629b3","closed",FALSE
"mv07h_ph_metric_v1","ph__20260806__SRA779509_SRS3805269__cell_topology_v1",20260806,"SRA779509_SRS3805269","cell_topology_v1",384,383,356,0,9.05899237812505e-07,TRUE,"ripserr","0.3.0","primary","","a08ce1fe82fa3f1e3ef48e29a789f2933469c2c5c7c15e70517f06bd381dcc4d","mv07h_ph_record_v1:f5af7227536d2e866e522d2f188678b7673b4dd4e4a20539eb9ae3c806c112f3",13.0365912914276,602779648,29301,"74ece7217d556fc85bbcc1fb8501d028c2efebea6bc7d2f41cfc8fa85dc3e155","closed",FALSE
"mv07h_ph_metric_v1","ph__20260806__SRA779509_SRS3805269__gene_topology_v1",20260806,"SRA779509_SRS3805269","gene_topology_v1",500,499,1478,0,1.30943393412709e-07,TRUE,"ripserr","0.3.0","primary","","c2a196b269dc78c799823fd7c0a916691c6a4c6fdbe9aa5b29fba4a53d84b35f","mv07h_ph_record_v1:e26aaf0ec4e50715828811fb104bc5fb935a089a034f532f293a1fb8bd99a5eb",16.9242141246796,663859200,73625,"4ec67bc22de5d9c7de1c51f96aee23b6c6b1ebe1a432854ac6579a010dbf6cd6","closed",FALSE
"mv07h_ph_metric_v1","ph__20260806__SRA784242_SRS3822680__cell_topology_v1",20260806,"SRA784242_SRS3822680","cell_topology_v1",384,383,351,0,1.12908304585772e-06,TRUE,"ripserr","0.3.0","primary","","3b14f21d539b40c6fda7352f67919af85e6cc6f710b1e8c368a6b31f9181f304","mv07h_ph_record_v1:ba6e6ce33d9e4b6e46115e1bbf98e19d84004aa4173083236dd507515681c295",13.0352981090546,707919872,29126,"302e5ba75d0123dc817a8b4ec6c5412555d94a28533d505b876da16cd1829d34","closed",FALSE
"mv07h_ph_metric_v1","ph__20260806__SRA784242_SRS3822680__gene_topology_v1",20260806,"SRA784242_SRS3822680","gene_topology_v1",500,499,1225,0,1.30945999464483e-07,TRUE,"ripserr","0.3.0","primary","","4acde3f3d9cf7d8d68ba12b437f728db0860fd3198e27e30eb3b38b4ef852273","mv07h_ph_record_v1:39d3047066cefd45639b54e331ad05062d087c240753db9defc8b12ccc162310",13.3878018856049,621334528,64517,"aa8619660b789ffc4334170942bbafcb43a628e7117f7166940d23fc9bcbbe9b","closed",FALSE
"mv07h_ph_metric_v1","ph__20260806__SRA784242_SRS3822682__cell_topology_v1",20260806,"SRA784242_SRS3822682","cell_topology_v1",384,383,346,0,8.28930587962212e-07,TRUE,"ripserr","0.3.0","primary","","aa4f59b8f3b444fd04423c8778477e0a3675bc7c631815cf0bdd62ab37924de4","mv07h_ph_record_v1:f5afc3e1b4f824eaeb0ab2c5c09caad98902bb9f41b55a455bc880059c9ad2f6",12.8526406288147,641458176,28951,"cd7ba64c564cac51198571e5c4b7b52dd98f8073ea54c908bae4377838a00a1d","closed",FALSE
"mv07h_ph_metric_v1","ph__20260806__SRA784242_SRS3822682__gene_topology_v1",20260806,"SRA784242_SRS3822682","gene_topology_v1",500,499,1010,0,1.30666067915366e-07,TRUE,"ripserr","0.3.0","primary","","bd0f015636bc46b7f5119024983c60c1d356d9ea2e21571010de79a4c3a96519","mv07h_ph_record_v1:da765e2ad6b112df4f27f420e4bbcee650cf3cbc6c6422f5cf2995fb75c08b31",12.558497428894,712593408,56777,"26c428c8c876b5a49178a3e1b50636a7fb3803a9c07e3f9499209de0a38b7b06","closed",FALSE
"mv07h_ph_metric_v1","ph__20260806__SRA784242_SRS3822683__cell_topology_v1",20260806,"SRA784242_SRS3822683","cell_topology_v1",384,383,342,0,1.28485333043614e-06,TRUE,"ripserr","0.3.0","primary","","662a34b031cae89b3fc03855f3eb80506216b3ca4b578384f0884fcaacbf8ebe","mv07h_ph_record_v1:a1d30967bfd4c166cade5f98558c2c5e0f6fc53094b637002e7524f64b392901",12.5356137752533,581701632,28811,"db695abeb55c1d207a8fe6ba651896aa70e63c9e79ae7c323704883f1366d207","closed",FALSE
"mv07h_ph_metric_v1","ph__20260806__SRA784242_SRS3822683__gene_topology_v1",20260806,"SRA784242_SRS3822683","gene_topology_v1",500,499,1266,0,1.31339446219555e-07,TRUE,"ripserr","0.3.0","primary","","25f496345a55f7a708016219ba9478ac1c81c57fe74ae8cd425e398cc08dacf1","mv07h_ph_record_v1:d78ae39ec8ae57c0218feb554f2c7c72926d0eadd2e7d66d2eb46d42c16df652",13.1014108657837,632930304,65993,"317738e10d6bcfb45411aac839e7e284ff79a3002e76ea2aac4262c09441a9d7","closed",FALSE
"mv07h_ph_metric_v1","ph__20260806__SRA784242_SRS3822686__cell_topology_v1",20260806,"SRA784242_SRS3822686","cell_topology_v1",384,383,324,0,1.2965870503441e-06,TRUE,"ripserr","0.3.0","primary","","441e878599a3ab64e01065f5f8733f906ec429c54c24d998c9ca627855d272fa","mv07h_ph_record_v1:6f7967e60ce8891474790da214e1a1271ba9488ca3940c4b2b88f0f6358a39e4",14.1069881916046,581832704,28181,"94ae97d8df77975bcf421ed4e986773ff500476a0b63ead3e344bfb3e9e624af","closed",FALSE
"mv07h_ph_metric_v1","ph__20260806__SRA784242_SRS3822686__gene_topology_v1",20260806,"SRA784242_SRS3822686","gene_topology_v1",500,499,1334,0,1.31465297206323e-07,TRUE,"ripserr","0.3.0","primary","","74538b55da155fd2b05f5dd787f8013dff6c19c7260c07441a7fe6f3ba94a6a8","mv07h_ph_record_v1:de3227e737dee989def2ab1a0499a9daf0fa5ddbdbdbaede50696a8e3684d11d",13.5895919799805,642535424,68441,"2202d29a44531dd002046ff98451c859c9f2c48b228f7597885a33bc4d4f8991","closed",FALSE
"mv07h_ph_metric_v1","ph__20260806__SRA826293_SRS4181123__cell_topology_v1",20260806,"SRA826293_SRS4181123","cell_topology_v1",384,383,359,0,8.59812208630463e-07,TRUE,"ripserr","0.3.0","primary","","de42838a253be833eee7a405504c14471767d66b8e3f826053a521cadf138bbf","mv07h_ph_record_v1:efadc6ae5c6585409867a7134028108b19a033be8686dd27ffa22bdd9ac1ff52",12.6213691234589,581709824,29406,"bc363baba3720e34bb536ba0ee2a2acf97063341c5997d67ac99d14e14d0a1d6","closed",FALSE
"mv07h_ph_metric_v1","ph__20260806__SRA826293_SRS4181123__gene_topology_v1",20260806,"SRA826293_SRS4181123","gene_topology_v1",500,499,2040,0,1.31318104412219e-07,TRUE,"ripserr","0.3.0","primary","","ad3c5b1fb00a1b2a07939ce70737ea4cf33a893bac84e6cceabfb58877e82389","mv07h_ph_record_v1:4c032a9206f0ece50aaa6d42e57197e075acc03147e80ab8137d37cb1171ce09",12.8397486209869,728375296,93857,"64f138e70062cd9017bc48436bf568ac60107a4728969c7fc9aac7426f777620","closed",FALSE
"mv07h_ph_metric_v1","ph__20260806__SRA826293_SRS4181124__cell_topology_v1",20260806,"SRA826293_SRS4181124","cell_topology_v1",384,383,384,0,7.63446014019042e-07,TRUE,"ripserr","0.3.0","primary","","84c038e681f619d286cb7b33b0e8ab67506fa3fe9f56e43c3b91c4dd84c0d36e","mv07h_ph_record_v1:71d05205eb60294775235613746af6df857abdaa9134bd6cdbd68f6fed11d587",13.3642446994781,581668864,30281,"20d90c682434fa0b2e37193c50c6ce0b598c57e5444afa4abb794e035d6bc843","closed",FALSE
"mv07h_ph_metric_v1","ph__20260806__SRA826293_SRS4181124__gene_topology_v1",20260806,"SRA826293_SRS4181124","gene_topology_v1",500,499,1906,0,1.33100375022907e-07,TRUE,"ripserr","0.3.0","primary","","5c661b9382995b7405901952248d9fe7225c143e1741cef5482612522ec4b2f0","mv07h_ph_record_v1:f9e595fc1d9a94960578cd8a8b8327bf20a2dfa0db302e7b1581d230ee8bbb5a",13.6327958106995,720224256,89033,"d921b9c755c5d231a1a66abf0894391b20c60305ef7d30270e5bac1aeb5958e3","closed",FALSE
"mv07h_ph_metric_v1","ph__20260806__SRA826293_SRS4181125__cell_topology_v1",20260806,"SRA826293_SRS4181125","cell_topology_v1",384,383,425,0,8.83988529758869e-07,TRUE,"ripserr","0.3.0","primary","","f5522fd0d79041867d603401c6e0dafbdcd3e9389d437ada4bd755715f526547","mv07h_ph_record_v1:6f1883f4029a2b42e40cec635737bd9082b14a567095117be04b00e02b1b196a",13.0843765735626,696946688,31716,"c28e08c90654ab344a8bea03b64a8fd1ccd05bd04326e8516d07cda172a15a52","closed",FALSE
"mv07h_ph_metric_v1","ph__20260806__SRA826293_SRS4181125__gene_topology_v1",20260806,"SRA826293_SRS4181125","gene_topology_v1",500,499,2567,0,1.31385972095645e-07,TRUE,"ripserr","0.3.0","primary","","f7e4579097938259dd3a8b296aad5899e848ba42ed4d2836261a3af077466728","mv07h_ph_record_v1:c50b2ba6e5ab93b033fd2b5463cbaca7ed0d9987ad87133cc8bbf4c3998496b5",13.3995146751404,686145536,112829,"e0059be6f0e246ffde1be8cb46b249f999a0da371128058f86c76dc74f967408","closed",FALSE
"mv07h_ph_metric_v1","ph__20260806__SRA826293_SRS4181126__cell_topology_v1",20260806,"SRA826293_SRS4181126","cell_topology_v1",384,383,427,0,8.8107382820987e-07,TRUE,"ripserr","0.3.0","primary","","9ea0f3d86c75f8fce0141861cf4c96f47625b94ef0e001a2e0675cb0c3049531","mv07h_ph_record_v1:46edb3fa462b138fbc1cfb9d7a8cbadc390806d6aff7b004093676f0c3a3ead8",12.8086233139038,588431360,31786,"a67c2daca1f39358a1545fdf7e8c538b0203649e2acdb808b8e759aa26a39c2b","closed",FALSE
"mv07h_ph_metric_v1","ph__20260806__SRA826293_SRS4181126__gene_topology_v1",20260806,"SRA826293_SRS4181126","gene_topology_v1",500,499,1858,0,1.3105363723677e-07,TRUE,"ripserr","0.3.0","primary","","d2a72ad9f98a8eaf0e0e475c2d8255925ec6117279f21053ccfd30a61fe27112","mv07h_ph_record_v1:4e23b4f86b84cc68d05920d9db4b9bebb04ee34c5ac4f58b2a6ae55896bae5ed",13.8612229824066,705273856,87305,"99bc10cf92fdb5fca01d3b5073e26afa545f484578dc2d8c9d38c80b5e840f46","closed",FALSE
"mv07h_ph_metric_v1","ph__20260806__SRA826293_SRS4181127__cell_topology_v1",20260806,"SRA826293_SRS4181127","cell_topology_v1",384,383,322,0,1.0229681022564e-06,TRUE,"ripserr","0.3.0","primary","","7327d414ec4a705a9cb5cbf854ef7f4020026cc31369cf5904b455421dc8afe2","mv07h_ph_record_v1:588310a2d408b6f66f578a8a3e9b4f77ea9c05a6953b9e22a130268feb961993",12.8596179485321,581828608,28111,"6ec191373f6be18ad7c10fb812b7fc5dacbf31714ab7deff6be3b6d11a8cdc8e","closed",FALSE
"mv07h_ph_metric_v1","ph__20260806__SRA826293_SRS4181127__gene_topology_v1",20260806,"SRA826293_SRS4181127","gene_topology_v1",500,499,702,0,1.31730254725115e-07,TRUE,"ripserr","0.3.0","primary","","4e064398c2fb45792bd9ad258744781a663588139fdb9a0e86f31465673aeabb","mv07h_ph_record_v1:940aef86afd905a06016da61776d2c00435a02c493b633cb2e5a6d387c7f6afb",12.8393115997314,580112384,45689,"c52962f6464d96180459460700863fd559e363654f677bf3365e614fd06a8cc3","closed",FALSE
"mv07h_ph_metric_v1","ph__20260806__SRA826293_SRS4181128__cell_topology_v1",20260806,"SRA826293_SRS4181128","cell_topology_v1",384,383,292,0,1.20728557420872e-06,TRUE,"ripserr","0.3.0","primary","","2a1697aa661072787821b5f9598265bd8c2cb1b8f0a516a739f4eded63f87872","mv07h_ph_record_v1:5d114c6545c9bc009f9565c380274be1ad834416184eb2d92075f9cd0886f324",12.6469852924347,684818432,27061,"c5267fabd552dbbede40e8bdc2f0749d0b26aa6ec6ee57380bc9295a3ced80f2","closed",FALSE
"mv07h_ph_metric_v1","ph__20260806__SRA826293_SRS4181128__gene_topology_v1",20260806,"SRA826293_SRS4181128","gene_topology_v1",500,499,480,0,1.30979719601014e-07,TRUE,"ripserr","0.3.0","primary","","261a5cfcacdc8b8ff6b8cd68e1c469aa0c1bb4869b3d7c6fa3ea761ab2321c13","mv07h_ph_record_v1:6b029d783c63691acbb98b049fb10fed27839ebcfa9994bf99ae01d272eae38c",12.6928689479828,604491776,37717,"0c95a6d5022e9915a78615d0cf23381af219c5637ef17433dc844b0c4e22f3fc","closed",FALSE
"mv07h_ph_metric_v1","ph__20260806__SRA826293_SRS4181129__cell_topology_v1",20260806,"SRA826293_SRS4181129","cell_topology_v1",384,383,339,0,1.14358711935723e-06,TRUE,"ripserr","0.3.0","primary","","dfad6a6cb111c1fe645986fdf2bfa98f5dad402c8f74a499739c82bdcfb7b0d0","mv07h_ph_record_v1:5fdc8cc8a61c212eb8030bfc94159f934dac5903740829c646647b6ca6d3d247",12.2331213951111,581783552,28706,"160b2b5e9edeaab71965c8674daa621c9fdf3fc2d1d3f3feed4c0c89ae1b8355","closed",FALSE
"mv07h_ph_metric_v1","ph__20260806__SRA826293_SRS4181129__gene_topology_v1",20260806,"SRA826293_SRS4181129","gene_topology_v1",500,499,1113,0,1.30510581985246e-07,TRUE,"ripserr","0.3.0","primary","","674fcf5ccea2fcf5dba356fbbfdfe397e80af124f51b654257a1f9f9660cf13b","mv07h_ph_record_v1:46b3c9d4ce6304bde4fc87ed829addc1ba00227bfbc20ded325601c0b9d22498",12.9644424915314,594288640,60485,"4a1a5a6f5d962683fbe315a1a3195be56cf7d60d9bb90b7e2d50c54d1befa3d5","closed",FALSE
"mv07h_ph_metric_v1","ph__20260806__SRA826293_SRS4181130__cell_topology_v1",20260806,"SRA826293_SRS4181130","cell_topology_v1",384,383,272,0,1.03107611441742e-06,TRUE,"ripserr","0.3.0","primary","","56dc8b8b783687cd97fe2772be7ecd3a828ad55e567206ad5137f668bf35e5ea","mv07h_ph_record_v1:3bb80daf3ed0efe0292905988a350b3b82aa6ed426121a05ce1ca94d41aa0627",12.4468402862549,607563776,26361,"586ab31a274d335dad2153595f03b364648272c14383ceca0a6a16efa2e04066","closed",FALSE
"mv07h_ph_metric_v1","ph__20260806__SRA826293_SRS4181130__gene_topology_v1",20260806,"SRA826293_SRS4181130","gene_topology_v1",500,499,526,0,1.31304091057611e-07,TRUE,"ripserr","0.3.0","primary","","96cac02d0aefb87429fefb1d0bcafd0b101e8e6f763340a003f0a06554cf08dc","mv07h_ph_record_v1:e8083ac6572c0ac79c3b40d2a3a882e8dce528c38bf3d39e89327361a4bdfac7",12.4684751033783,631918592,39353,"4d1362c886012a0ef910db524fb14da60dd9b651da74234a75a8455427eb5b24","closed",FALSE
"mv07h_ph_metric_v1","ph__20260806__SRA850958_SRS4386101__cell_topology_v1",20260806,"SRA850958_SRS4386101","cell_topology_v1",384,383,432,0,4.34177816648126e-07,TRUE,"ripserr","0.3.0","primary","","682d2c1f40b0573e4a20c332264448d9f94fdd8e704de2e54b86bd08d7b71a4f","mv07h_ph_record_v1:a250a901b9e283b405b3b1506607d7bed75e2525e5469f5b6672d7873c77d5fd",12.445131778717,578068480,31961,"b698131b29f570f4130a5027929f1f1ff5084c09329d50c8c3ce46244e33aaea","closed",FALSE
"mv07h_ph_metric_v1","ph__20260806__SRA850958_SRS4386101__gene_topology_v1",20260806,"SRA850958_SRS4386101","gene_topology_v1",500,499,2595,0,1.31436459680155e-07,TRUE,"ripserr","0.3.0","primary","","a199c3a055862ada5046aeb87c39abb67ee08714f84a5051b43035f5036717b0","mv07h_ph_record_v1:a9c57fa5ca7f88bd848ac6dc563968f8f42b3aff67a11fd3c02994505ceb9875",13.7633829116821,614653952,113837,"af63c6fc683763462c82cdae2a340207da47ce15d9daa221bdf3204ba6b50116","closed",FALSE
"mv07h_ph_metric_v1","ph__20260806__SRA850958_SRS4386109__cell_topology_v1",20260806,"SRA850958_SRS4386109","cell_topology_v1",384,383,348,0,5.32488611040804e-07,TRUE,"ripserr","0.3.0","primary","","5443a1fb3ed101af359e12d54c300d8ba20ff8ca406260f4973ab7ad18076840","mv07h_ph_record_v1:6d04600576bf42ff4dc2a9f527e7896fffad763cc9859d8554910032a613adc8",12.7932217121124,581824512,29021,"9db0b542d4374cbd482e7fffa1190db82885735a52a2eeaebf97506107d1a917","closed",FALSE
"mv07h_ph_metric_v1","ph__20260806__SRA850958_SRS4386109__gene_topology_v1",20260806,"SRA850958_SRS4386109","gene_topology_v1",500,499,1408,0,1.3222248163792e-07,TRUE,"ripserr","0.3.0","primary","","f6729b721497b6b36fdb42fa0428e631b8c740454080b451b790a2bbb2d6f510","mv07h_ph_record_v1:2a0d45bf7e33eed19405a066a6fee94e3ece68a28b60e9795ba277f6ad551af0",13.2652454376221,581558272,71105,"18c1889d5e935fdf77baeeae0388f1208d7432a05c0ec7ccc30a9e6070193d7a","closed",FALSE
"mv07h_ph_metric_v1","ph__20260806__SRA850958_SRS4386110__cell_topology_v1",20260806,"SRA850958_SRS4386110","cell_topology_v1",384,383,383,0,5.1425683516167e-07,TRUE,"ripserr","0.3.0","primary","","bc4a247de96279bc2d4de32b6764ad3594392aa98980765fca64bf775eaf6cd4","mv07h_ph_record_v1:41b284a7a0e75743c4cf6f03cd8ac5407d6e4c76aedccf9f42fa08bc98ad2017",12.2309217453003,680509440,30246,"cb43261d14cf8bfe4c0b6e8dac0c7d2a6cb24ce8b5bf52e568dd807c18a25ed2","closed",FALSE
"mv07h_ph_metric_v1","ph__20260806__SRA850958_SRS4386110__gene_topology_v1",20260806,"SRA850958_SRS4386110","gene_topology_v1",500,499,1574,0,1.3148278060785e-07,TRUE,"ripserr","0.3.0","primary","","18344c34474376fbf3250e50a2df8f088545bee616100b5e9b777b27091167f0","mv07h_ph_record_v1:e557cc7714f2b7e66409e0c4a1c890da193dff56257999f260a4868fb8c7368e",13.2699038982391,579813376,77081,"5543c5e2dcc5534201954e425e26353cd2b25243aae0dc6b259f00605cf3befb","closed",FALSE
"mv07h_ph_metric_v1","ph__20260806__SRA850958_SRS4386111__cell_topology_v1",20260806,"SRA850958_SRS4386111","cell_topology_v1",384,383,394,0,5.20861221088323e-07,TRUE,"ripserr","0.3.0","primary","","d25cb7bc9a53115c490b3be9dc8b623181211275121abbb741c49416a433fa22","mv07h_ph_record_v1:62704aa57d023507032977f017b24c9e39e348ea56b6f8181fcdcf821625dc3f",11.702481508255,601518080,30631,"a172091c0be081a835eb55ccac79e145a28e3ac136b4a7032fb478c3215adba1","closed",FALSE
"mv07h_ph_metric_v1","ph__20260806__SRA850958_SRS4386111__gene_topology_v1",20260806,"SRA850958_SRS4386111","gene_topology_v1",500,499,2048,0,1.33140364434959e-07,TRUE,"ripserr","0.3.0","primary","","6159a286817808688502fab8c700a95cdedd843da413fa4fa606299701acb584","mv07h_ph_record_v1:33a847ec293ce6644b71326ae39ffacc5c828c8a2c44f7c436b63103541bd365",12.4852888584137,716025856,94145,"7c275f515702d88e0ce151f70f7ca13ecbc2bed0a40eb9da76e0be06b9d81e8e","closed",FALSE
"mv07h_ph_metric_v1","ph__20260806__SRA850958_SRS4386112__cell_topology_v1",20260806,"SRA850958_SRS4386112","cell_topology_v1",384,383,377,0,5.20081460808339e-07,TRUE,"ripserr","0.3.0","primary","","1148f853156fad3cd42a97a1015e2150ac546b625f5e3129bd9bd585c3e431b0","mv07h_ph_record_v1:f0ca28a773397ab94b7d27c929d11833cee052191357089a9487ead60413d951",12.0477375984192,649105408,30036,"843d3ac1a0f953492360b192b44b3f088a282bf968e8c637718341d081b9b34d","closed",FALSE
"mv07h_ph_metric_v1","ph__20260806__SRA850958_SRS4386112__gene_topology_v1",20260806,"SRA850958_SRS4386112","gene_topology_v1",500,499,2016,0,1.31212892925952e-07,TRUE,"ripserr","0.3.0","primary","","bfcc35857ba904401349b916413525b278d70591d8928c5a020e82084f3489f5","mv07h_ph_record_v1:3126f0da2da42533d536ae6d942775e3c60798b3ff1d22cde5c9d1d6a725adee",12.7865772247314,677883904,92993,"b2f2c1e6643ca50409a58ffb0109e1d2c0610c01303456c1af4615d67edb3629","closed",FALSE
"mv07h_ph_metric_v1","ph__20260806__SRA850958_SRS4386113__cell_topology_v1",20260806,"SRA850958_SRS4386113","cell_topology_v1",384,383,388,0,7.39862373273114e-07,TRUE,"ripserr","0.3.0","primary","","9ecf7bb250b2fd284fcc798af02d352b3474bb08bf24b1935112dac7f85f8f81","mv07h_ph_record_v1:214771801f7b1f3d36f2a52c2f179198dc2c088f932cf9dce301906fb4d478bf",12.5914063453674,635621376,30421,"0057a3148f9d68c37d7a7c3ad552bc6bc533b23dcf3abca6ff58c7b91fe9035e","closed",FALSE
"mv07h_ph_metric_v1","ph__20260806__SRA850958_SRS4386113__gene_topology_v1",20260806,"SRA850958_SRS4386113","gene_topology_v1",500,499,1940,0,1.32692015809856e-07,TRUE,"ripserr","0.3.0","primary","","d8250144718912e812b5641ab057498ff668b608ce58179ebd37e5a7f850e8bd","mv07h_ph_record_v1:d48e5fb8b3e773362e05548d4ba76bb8027b89333f308eccc9deb5a5e8169760",13.2859444618225,596074496,90257,"a2325c866e940b90cd8f0c019f4d282a9d990c5d17902eb539e59d009b28e029","closed",FALSE
"mv07h_ph_metric_v1","ph__20260807__SRA550660_SRS2089635__cell_topology_v1",20260807,"SRA550660_SRS2089635","cell_topology_v1",384,383,427,0,7.42396707601347e-07,TRUE,"ripserr","0.3.0","primary","","98a0f70c7e813aef9e61a07ed5e5ce20e303064888108dd35572ce52cb8f583d","mv07h_ph_record_v1:1ae447bdb928e258c1287d99b782c3d0286d7f5d491d7abde427daf6f436349a",12.5306425094604,711643136,31786,"6f47018e8a8712d6eade631fe4e56b29a66d3de419edd2973f13a7153acc1461","closed",FALSE
"mv07h_ph_metric_v1","ph__20260807__SRA550660_SRS2089635__gene_topology_v1",20260807,"SRA550660_SRS2089635","gene_topology_v1",500,499,1941,0,1.32346907092105e-07,TRUE,"ripserr","0.3.0","primary","","80262ca12fe36d11e1eb663900b27405f576026a5c8d2cb5626f1fd0045d7fb3","mv07h_ph_record_v1:c70ca5accde13b63aac022e25c71a68abda1f513f5b8f49b04c54f4fe7703d93",13.0398187637329,679063552,90293,"6f7c4a3f7d123d1a9b660aaaaab7c742b9ffaadfc3ca68d5df1a560ffd8c9f13","closed",FALSE
"mv07h_ph_metric_v1","ph__20260807__SRA550660_SRS2089636__cell_topology_v1",20260807,"SRA550660_SRS2089636","cell_topology_v1",384,383,381,0,7.99722667705912e-07,TRUE,"ripserr","0.3.0","primary","","2408834a081a30019e75c51709c0343e63c17772699d13e246e016d8238b0bf3","mv07h_ph_record_v1:1533054fa186b3f5d9748e8283a34aa27fd95a37482a2308676d75ced4f96c48",12.5367121696472,581689344,30176,"d676d7ecacb5d878bc42304b96ab6d986d23fca5ba519de0709f7db55ea04b78","closed",FALSE
"mv07h_ph_metric_v1","ph__20260807__SRA550660_SRS2089636__gene_topology_v1",20260807,"SRA550660_SRS2089636","gene_topology_v1",500,499,2001,0,1.32092684842131e-07,TRUE,"ripserr","0.3.0","primary","","e959de079ff041a5636c76bdddb3ffea22899085df12ae51aae69fdd99519451","mv07h_ph_record_v1:11e140e16ae67564da1c7442be0d16614c3052c852d85cdd834dddc70d83002d",13.1145775318146,580038656,92453,"6af782c8d25489415316994f9d6a95572310d6453861affd35f3ecc07cd0fe05","closed",FALSE
"mv07h_ph_metric_v1","ph__20260807__SRA550660_SRS2089637__cell_topology_v1",20260807,"SRA550660_SRS2089637","cell_topology_v1",384,383,384,0,7.13060863971754e-07,TRUE,"ripserr","0.3.0","primary","","17b86f0bc5379242c5e8774ba860e9ed70a36b63e5a7bdc1ac56ea0f3c1f9733","mv07h_ph_record_v1:92075e7727616d8e7842a76e687b25de7e31e713eb2274f6ce7d2e4e1b181c57",12.3534750938416,587390976,30281,"2b7b4bac77f58b6376051729e04fde9f2d97f1c9fe81cf1efc35fdc7b42ee845","closed",FALSE
"mv07h_ph_metric_v1","ph__20260807__SRA550660_SRS2089637__gene_topology_v1",20260807,"SRA550660_SRS2089637","gene_topology_v1",500,499,1537,0,1.32662492790369e-07,TRUE,"ripserr","0.3.0","primary","","50283c003ed7b112d04d5a9331a74da045662bda57509cdbc4edf22240d44819","mv07h_ph_record_v1:4df54649ce83d64107df40940ce775ac38eee43b63fb2453dfd0b754db962de4",12.8209781646729,715001856,75749,"35338981f53b14b72d7258fa564be4b1a7c7207055a552ab8625f81cf1120c26","closed",FALSE
"mv07h_ph_metric_v1","ph__20260807__SRA550660_SRS2089638__cell_topology_v1",20260807,"SRA550660_SRS2089638","cell_topology_v1",384,383,414,0,7.00713433073442e-07,TRUE,"ripserr","0.3.0","primary","","ec11b6ceab068fa067209b7c4f77027be2bc726411a70654fa73863a24f61a0c","mv07h_ph_record_v1:d01d3737d00b219d669587f25bb844b15673a3cf0ae03ee27b93ea86d3aed529",12.5272083282471,581844992,31331,"2d1080e70499ce01023f20a4c2fce21df47cddcbe71ed762019e27d15a6dd917","closed",FALSE
"mv07h_ph_metric_v1","ph__20260807__SRA550660_SRS2089638__gene_topology_v1",20260807,"SRA550660_SRS2089638","gene_topology_v1",500,499,2044,0,1.32560196592651e-07,TRUE,"ripserr","0.3.0","primary","","453edafe15c0bca331918501c4d5602c875d827647be7752a4fea99df37b242a","mv07h_ph_record_v1:6221b8a2521b76efb15d241bca95691e2920d732e9e0a49102fab7b05bcecf69",12.7960810661316,593047552,94001,"e4ee14381d065c80179bbc8aa6ff2fbae70cd58cf07f4d246364420ae578c5ee","closed",FALSE
"mv07h_ph_metric_v1","ph__20260807__SRA550660_SRS2089639__cell_topology_v1",20260807,"SRA550660_SRS2089639","cell_topology_v1",384,383,362,0,7.04761588742306e-07,TRUE,"ripserr","0.3.0","primary","","d503cec2b01e1cdd90635269a59822bf5a00d994475967b793a24a1920fcbb8e","mv07h_ph_record_v1:b72bb6e09c035b146e9c0fd18add58761b3a50a84a94a4e6d37e1c9a3619129e",12.2732577323914,581824512,29511,"01d2cff057758b7c04f2c3b3aa6787d6bbade1c1693c9f12af68592f31427a96","closed",FALSE
"mv07h_ph_metric_v1","ph__20260807__SRA550660_SRS2089639__gene_topology_v1",20260807,"SRA550660_SRS2089639","gene_topology_v1",500,499,1598,0,1.31914326574782e-07,TRUE,"ripserr","0.3.0","primary","","929716707013c171d34bfa938f0cd4f92deb35bbe69449b4a71b45b8d8bbda10","mv07h_ph_record_v1:6ac177689ab64aacc9cef0ed2f5585e7ba382abdc69f2da10c1373fe714903ac",12.6127643585205,626606080,77945,"64e0debe3b3b9e6ab10b726c16b7a14077442d6fbb97044b0db7ad82331688b0","closed",FALSE
"mv07h_ph_metric_v1","ph__20260807__SRA621638_SRS2610283__cell_topology_v1",20260807,"SRA621638_SRS2610283","cell_topology_v1",384,383,331,0,1.06076794922545e-06,TRUE,"ripserr","0.3.0","primary","","0acbfdef2c0ce2bdfd3293a16335032e5d012f038ba5689d3644168cdd79f3a7","mv07h_ph_record_v1:817de7b3820d1d05ffedad6f2ecf2435e7ec1a0d81a27ef7e493ade0075b8451",11.9943251609802,620371968,28426,"88f30271e0f764950770f32a68208caf4cceacb52379a2a6cc317b11204c240c","closed",FALSE
"mv07h_ph_metric_v1","ph__20260807__SRA621638_SRS2610283__gene_topology_v1",20260807,"SRA621638_SRS2610283","gene_topology_v1",500,499,1212,0,1.30933039577125e-07,TRUE,"ripserr","0.3.0","primary","","6b64f1b2d39288261c7df28d4099360401849f94932ea431e7c3f2108c65f4bf","mv07h_ph_record_v1:8fda67edbf857776f638f90846198c96bc02e64281e8fef42d195167d3dd72e1",12.3449006080627,580509696,64049,"e6cf4d9bddfa3b6590a6a59c226e2cd94b4d2d9c4ee931344208338e59a3abdf","closed",FALSE
"mv07h_ph_metric_v1","ph__20260807__SRA621638_SRS2610285__cell_topology_v1",20260807,"SRA621638_SRS2610285","cell_topology_v1",384,383,475,0,1.28523816165572e-06,TRUE,"ripserr","0.3.0","primary","","a2c104604703ab1cc63e9cbf75363a8146427253688c8213ab16d7cecbb1296c","mv07h_ph_record_v1:6e14d8990a1bb8490558668a5a19b99cd17a202a55c408f35ce3e915a907b91f",12.0053770542145,641064960,33466,"11c66763b4e322ba62323ff99775e3b4e113f5e24e3da21aaa15e21e8f7ee0da","closed",FALSE
"mv07h_ph_metric_v1","ph__20260807__SRA621638_SRS2610285__gene_topology_v1",20260807,"SRA621638_SRS2610285","gene_topology_v1",500,499,2342,0,1.32721188386111e-07,TRUE,"ripserr","0.3.0","primary","","30393c69e4d08e7406a077e341a98bb2b4a3fa9cd71f28fba1331d5e3df8b652","mv07h_ph_record_v1:1279641099f6e065719c714dea47f619478574e6ad6f76dec5deed7bd484f2de",12.8056240081787,577249280,104729,"1ad46e507b7e86e3c06121859e1f481d40340c3ff9838f9cca98b3857014ce33","closed",FALSE
"mv07h_ph_metric_v1","ph__20260807__SRA628554_SRS2664364__cell_topology_v1",20260807,"SRA628554_SRS2664364","cell_topology_v1",384,383,505,0,4.93427895127998e-07,TRUE,"ripserr","0.3.0","primary","","c283c9928f085386e18a13cd0e413763eed644ba1fc832b36c6af9eea015e7d7","mv07h_ph_record_v1:1658f45cddab70d60dbdc6af195f9801b04c52fab685201d7029ca33251d70a5",12.5368320941925,586469376,34516,"6fa5fab22c05982b1f2961b2b7d55f6ea91a155e3ce283b5d0a49b908911b608","closed",FALSE
"mv07h_ph_metric_v1","ph__20260807__SRA628554_SRS2664364__gene_topology_v1",20260807,"SRA628554_SRS2664364","gene_topology_v1",500,499,3172,0,1.33033045054395e-07,TRUE,"ripserr","0.3.0","primary","","576877a75ad8adf1f80b76c90dcd389d0464b69e9657ca73f38d5c91e7744adb","mv07h_ph_record_v1:71b5fb42580ef9ea31079d4da2ed9ed4afc741fa35d342ca7e8cdc7eecf35965",34.2715067863464,1471455232,134609,"29980d63eb89571397e4613b309216b907a0db44b33b7b80bf9dea079d51093b","closed",FALSE
"mv07h_ph_metric_v1","ph__20260807__SRA628554_SRS2664365__cell_topology_v1",20260807,"SRA628554_SRS2664365","cell_topology_v1",384,383,483,0,7.69882960426247e-07,TRUE,"ripserr","0.3.0","primary","","eefe00bd3e8490cba003f89e19c103d4113c488d4e372d4ae35e122f73b468f5","mv07h_ph_record_v1:a1a1863792b9a029b561371845dbd34644f819819f986b18453c46f7e62858c0",12.086169719696,581996544,33746,"c12c71d7980b7f06561cd9ec317573307ed96a531688e685d0bad689ff8fdfeb","closed",FALSE
"mv07h_ph_metric_v1","ph__20260807__SRA628554_SRS2664365__gene_topology_v1",20260807,"SRA628554_SRS2664365","gene_topology_v1",500,499,2615,0,1.32320019412273e-07,TRUE,"ripserr","0.3.0","primary","","bb9f6dae038de4ca56a3933495b5da4e963242a5b97f5747d7df1c3012cb5a38","mv07h_ph_record_v1:34a97d1c4687b8adc743db9276c8486ea4612104d444ee31b36e3ded2cad1531",13.8508822917938,651747328,114557,"b5699ff92fc76c4a4340c425198d3224c67f0fc27e46ebbe5d6712c72361f07a","closed",FALSE
"mv07h_ph_metric_v1","ph__20260807__SRA645804_SRS2823404__cell_topology_v1",20260807,"SRA645804_SRS2823404","cell_topology_v1",384,383,374,0,9.75207875088419e-07,TRUE,"ripserr","0.3.0","primary","","1922e89787d2a5d3e69963bbce78f651cbda9f36670c9a916e3e2c06033fe372","mv07h_ph_record_v1:e32b10b57702d655280db15e327e0a4be6522d47915b79ff3ba347200270c622",11.9983286857605,723021824,29931,"e4c6833568beb93ee43d39551666876676d38bb8b399b682ea7cc140de83a60b","closed",FALSE
"mv07h_ph_metric_v1","ph__20260807__SRA645804_SRS2823404__gene_topology_v1",20260807,"SRA645804_SRS2823404","gene_topology_v1",500,499,619,0,1.321211251981e-07,TRUE,"ripserr","0.3.0","primary","","6c72e7bd0f94ac2803a27f8d0a99a2ec01e2f53c67d46380e5536d45496ee140","mv07h_ph_record_v1:1f669918f495d190a4b75a313fe32644f5140ec0b115e0e4f4452f9900441254",12.2476944923401,577466368,42701,"944335a9a2994825c7047885a60aed72b720e7f99b07a4646c3b5e034aee9a91","closed",FALSE
"mv07h_ph_metric_v1","ph__20260807__SRA645804_SRS2823405__cell_topology_v1",20260807,"SRA645804_SRS2823405","cell_topology_v1",384,383,364,0,1.05273555530769e-06,TRUE,"ripserr","0.3.0","primary","","c68d66f94c8824b4736caa0f8a182cc92c1bb316dc1cfd4686d5409fbc95bfd0","mv07h_ph_record_v1:f3dc9014b54d15f641fcc66a2531c5fb542756847d9abf149e1ed2976009cc43",11.8582694530487,724840448,29581,"acddc12364af6c63faeed69a3159b03fb69099dcc3b9948caef0aa64bfcfebf0","closed",FALSE
"mv07h_ph_metric_v1","ph__20260807__SRA645804_SRS2823405__gene_topology_v1",20260807,"SRA645804_SRS2823405","gene_topology_v1",500,499,568,0,1.31220523373017e-07,TRUE,"ripserr","0.3.0","primary","","cd805ee938859be0a7ef548d0a943f36054121462bc51b807eff720122926d42","mv07h_ph_record_v1:975fc4cf04b17c66ffb61afe6c0cabc4539ef2e2ac6c9678e4395e8dbb2b585f",12.9468462467194,650829824,40865,"a53470f720b0186d588aef50f21e7a4ec2302e72897a7ba3a1cb8ad3866f59be","closed",FALSE
"mv07h_ph_metric_v1","ph__20260807__SRA645804_SRS2823406__cell_topology_v1",20260807,"SRA645804_SRS2823406","cell_topology_v1",384,383,289,0,1.05530835358585e-06,TRUE,"ripserr","0.3.0","primary","","1b53d9e12b03963034ab90371d1e5900c5ee31612bbe60328332147919eaaeba","mv07h_ph_record_v1:5a708e7f4c0d51323a5b8094799bee20a7ba3c99ef5b4c49164f696f19f660e6",12.2279767990112,581808128,26956,"685020a94a5707dcb85e563823d3332c28b2d2eb6b69d26a1344686ec3b192bb","closed",FALSE
"mv07h_ph_metric_v1","ph__20260807__SRA645804_SRS2823406__gene_topology_v1",20260807,"SRA645804_SRS2823406","gene_topology_v1",500,499,520,0,1.3217898915036e-07,TRUE,"ripserr","0.3.0","primary","","1f08835845bad3f6380cd4b9f58f8be0a0af98eab6d6bc1db8a72a2b6e238fd7","mv07h_ph_record_v1:ed183161313dd501f965cee07dc9024a4965d185959c262f3fc13ead8e11a080",12.6988282203674,688971776,39137,"da2688fd6a260296aaf41f09e2fb68adf968e2095a74c89800a640157f58a397","closed",FALSE
"mv07h_ph_metric_v1","ph__20260807__SRA645804_SRS2823407__cell_topology_v1",20260807,"SRA645804_SRS2823407","cell_topology_v1",384,383,211,0,9.94396326465186e-07,TRUE,"ripserr","0.3.0","primary","","20f9edc4e0305189c349d66ce91f7a139ab83accfafe78922d6f553356c6ba7e","mv07h_ph_record_v1:b53ff747539e6ef7dd6dce31b1b0a1f0dd45e192ed807c0d5221549a0915ecc3",12.9810750484467,581951488,24226,"c37216e06a9898927a9306a20a098d4ade8165361466bc4aa6b92e81d756757f","closed",FALSE
"mv07h_ph_metric_v1","ph__20260807__SRA645804_SRS2823407__gene_topology_v1",20260807,"SRA645804_SRS2823407","gene_topology_v1",500,499,358,0,1.29120608716532e-07,TRUE,"ripserr","0.3.0","primary","","54a45043f733acdbc966df4ee592acae55c3f3849306aa6960a582bdd488d3b1","mv07h_ph_record_v1:453f93515832167565d03e5d8bb52b7b3587c5c20d48900a3194209cbd26ef6b",12.9793167114258,594649088,33447,"a81bf58300d09260f612c7ae55f00a7c5eea344a3ac888b396a978173be0dbd1","closed",FALSE
"mv07h_ph_metric_v1","ph__20260807__SRA645804_SRS2823408__cell_topology_v1",20260807,"SRA645804_SRS2823408","cell_topology_v1",384,383,160,0,1.27025679227171e-06,TRUE,"ripserr","0.3.0","primary","","50697e5f2ab2cf00682d7906a3efdb7c3ba0b2396991d69aeb35f4c24b14f1e0","mv07h_ph_record_v1:dac5f20f3a528bd5fda281406240e883e172958d19bd9cf3867df68763f8ba59",12.4740903377533,698843136,22441,"c355a97987bfb0ee04b1d92286f0e2c25646489df909b59c35cd4273ceb38e56","closed",FALSE
"mv07h_ph_metric_v1","ph__20260807__SRA645804_SRS2823408__gene_topology_v1",20260807,"SRA645804_SRS2823408","gene_topology_v1",500,499,167,0,1.28261760883874e-07,TRUE,"ripserr","0.3.0","primary","","2efb403b1b7ceed6ec03f96e61484e7292bafccbd418546ef186f4e37b3c1190","mv07h_ph_record_v1:c03fc6fe0bfce5a7e6b6c5c9afa7d656e8a2248fc0fd571fcb8b9258a8699787",14.085743188858,685281280,26762,"a5057660fc4b119817900d81b78cea95c8a84d9d19fa8a2504e571917eb2b2dc","closed",FALSE
"mv07h_ph_metric_v1","ph__20260807__SRA645804_SRS2823409__cell_topology_v1",20260807,"SRA645804_SRS2823409","cell_topology_v1",384,383,199,0,9.61596891898533e-07,TRUE,"ripserr","0.3.0","primary","","c6670c1943d2b3c67292e134dce850210499391aa50c63d39899c665b65acc50","mv07h_ph_record_v1:61845c785af13c9645958eeb268b544633701f1a99d0531a208589ffd0621637",12.7628655433655,674484224,23806,"9f2871278637b732f3ad7e4b3e51adb291e1b33c577bbd6cc7b9205335e15ce1","closed",FALSE
"mv07h_ph_metric_v1","ph__20260807__SRA645804_SRS2823409__gene_topology_v1",20260807,"SRA645804_SRS2823409","gene_topology_v1",500,499,320,0,1.31858721911986e-07,TRUE,"ripserr","0.3.0","primary","","6ef99d0e46e67d4fa6e3f6eab72ad75f8cb0daf2e4c871d560f7ebe0adb277b1","mv07h_ph_record_v1:4065851fcb872d7c6fef15b4913a89986f2751cdfc70962317f7c2453a8457f7",12.9986732006073,672362496,32117,"9502a7404fb905dda9a22f150d9f9f227160766738d4563286aab8192c693335","closed",FALSE
"mv07h_ph_metric_v1","ph__20260807__SRA645804_SRS2823410__cell_topology_v1",20260807,"SRA645804_SRS2823410","cell_topology_v1",384,383,217,0,2.18350495765567e-06,TRUE,"ripserr","0.3.0","primary","","e082fdc7312692469aeee9d7b6f0742956e66771798961797c410b94bfdd8710","mv07h_ph_record_v1:b90b2be8f8e99779ce5159774fdb306a608ff5654afb02f344579096cf4c8814",12.477854013443,681316352,24436,"ae0b70e6317d2b742fa187bdc00afd21853315fb837686aba5aaf77ab9a69d6c","closed",FALSE
"mv07h_ph_metric_v1","ph__20260807__SRA645804_SRS2823410__gene_topology_v1",20260807,"SRA645804_SRS2823410","gene_topology_v1",500,499,107,0,1.30608258136898e-07,TRUE,"ripserr","0.3.0","primary","","51925dd29e8bda05c8dfc6a3334562105eda08dfcd6d0a81cf382e33f6a241fd","mv07h_ph_record_v1:a41f9bdaab144107f424b7df9d4d00d1e2198cfab7dbb5e3b10c8c81a82022eb",12.7785613536835,581722112,24662,"e3d08bd9d7a6d59a7b0573c2671ae903aaffe7c6f61c3baa4419afda5c0b335b","closed",FALSE
"mv07h_ph_metric_v1","ph__20260807__SRA645804_SRS2823411__cell_topology_v1",20260807,"SRA645804_SRS2823411","cell_topology_v1",384,383,176,0,9.85706648197439e-07,TRUE,"ripserr","0.3.0","primary","","9b7aa4acdd5aa97c599978d7a411ee509f8b18041eced924cec1fa4bd9cb933a","mv07h_ph_record_v1:11136cbe429d1d7a74d0cdf167527a00c7111d5b2fbf774d0ea87171a81204b3",12.9999182224274,581873664,23001,"9234f938873a47578edce56d43aecaf714f9fa7e4db1cb79eab452eba24c21c9","closed",FALSE
"mv07h_ph_metric_v1","ph__20260807__SRA645804_SRS2823411__gene_topology_v1",20260807,"SRA645804_SRS2823411","gene_topology_v1",500,499,252,0,1.27584302880949e-07,TRUE,"ripserr","0.3.0","primary","","4172d90edf5ad0e17d8229abcf45f87e6904f36765fff5643629b760649dd99e","mv07h_ph_record_v1:6e7702f529518a83cc4118c12e99bb4c298c2bbffa5d505b43499b17df206448",12.8425989151001,581902336,29737,"5bbde1278f06a01a243c7a5fbdd513d1e7468925313c041ed8df3575d9171c69","closed",FALSE
"mv07h_ph_metric_v1","ph__20260807__SRA645804_SRS2823412__cell_topology_v1",20260807,"SRA645804_SRS2823412","cell_topology_v1",384,383,189,0,1.19744009374385e-06,TRUE,"ripserr","0.3.0","primary","","41d8415645defe1520d36a4aed94393946dd75296d46d9f10b23b46c65f70eee","mv07h_ph_record_v1:5f45dc323351ef3a321886ae6cd16680e2cd068d5155ea39e31aa17f563e96c3",13.0268483161926,604184576,23456,"d9c86c128b2cadb137ef251a8f713bf47b49ff49f4d60cf2e2dd358471b07026","closed",FALSE
"mv07h_ph_metric_v1","ph__20260807__SRA645804_SRS2823412__gene_topology_v1",20260807,"SRA645804_SRS2823412","gene_topology_v1",500,499,146,0,1.30955622638291e-07,TRUE,"ripserr","0.3.0","primary","","10e13fda58b399aac4cfaf6083ce1cd2e6b3e73fbe4aa39464a8f6bdd7e4e5e4","mv07h_ph_record_v1:67f48ab60d8ebe9e43c8ff3d96ed401ab615a5cde32d4dd4b3dc7fbc399e4e17",12.5227901935577,680398848,26027,"b64668168ee583d73d050ee753481380a239a7bc9c338b9346f273daccee0741","closed",FALSE
"mv07h_ph_metric_v1","ph__20260807__SRA645804_SRS3572594__cell_topology_v1",20260807,"SRA645804_SRS3572594","cell_topology_v1",384,383,219,0,9.926074880875e-07,TRUE,"ripserr","0.3.0","primary","","55d2d5e0a2f201b9339755e6f11d54ba1f3a2e809ba4ee718c60a6bac1fa2f21","mv07h_ph_record_v1:a54b83906159954693cb4885585439f2e1c232519fd952540a3f62f0f88f61d3",12.5301547050476,593461248,24506,"67e94e740211f03def334d2ad96cbf880c47b435d432fce3763f20196f13458d","closed",FALSE
"mv07h_ph_metric_v1","ph__20260807__SRA645804_SRS3572594__gene_topology_v1",20260807,"SRA645804_SRS3572594","gene_topology_v1",500,499,135,0,1.31417463066355e-07,TRUE,"ripserr","0.3.0","primary","","71466d9108ae5bf191b5ddfa21465e800c1bf29bfce3b61324a6e84d99a226a3","mv07h_ph_record_v1:46182152eea7c17cd8df609ad4e11d4c13992a7851ab11ace8300ede3c1f2501",13.0095815658569,581980160,25642,"2c951674ea42c59ec6c7546fca16598ae33908f35264c5e71b8f5b1fd242bfe1","closed",FALSE
"mv07h_ph_metric_v1","ph__20260807__SRA667709_SRS3065426__cell_topology_v1",20260807,"SRA667709_SRS3065426","cell_topology_v1",384,383,246,0,8.60965899648871e-07,TRUE,"ripserr","0.3.0","primary","","d10b2f598034f43b27dcfeef24ed04a502cd9f9d46c816fc88fc98169192b25a","mv07h_ph_record_v1:5432b08891d1dda341cc3ee04e642585c595053c917042f90bae67b7b6235115",12.5207154750824,581771264,25451,"4c6f3c7f435c320ef0328b2b5cde593c2f6f58bb7703ce96f72d150cce764f63","closed",FALSE
"mv07h_ph_metric_v1","ph__20260807__SRA667709_SRS3065426__gene_topology_v1",20260807,"SRA667709_SRS3065426","gene_topology_v1",500,499,307,0,1.3029329714089e-07,TRUE,"ripserr","0.3.0","primary","","dfcf7971163237f0ff8201d9e6e4eee7947a9b4c990033620135b8f015f87f75","mv07h_ph_record_v1:c36e9577dd5f7e15a16bfdabf0d97f6f0e05d40bc26e85f03c532c4c7a570bd4",13.8050580024719,613728256,31662,"9e20cba583cb704eecfaa520909e0b24b2899518e43f81894130cb33540e4018","closed",FALSE
"mv07h_ph_metric_v1","ph__20260807__SRA667709_SRS3065427__cell_topology_v1",20260807,"SRA667709_SRS3065427","cell_topology_v1",384,383,221,0,8.65481724405985e-07,TRUE,"ripserr","0.3.0","primary","","651dc0539287c47df646f1d96186b062cfcca6211bf05750ad6967d68d6d4989","mv07h_ph_record_v1:abbbd23710930080da56dfb43cc0410c7a99cf2a9867f47bbd004a492f240d3e",12.8944323062897,581791744,24576,"8659a639b87835606fef24e1209e787e3bd908c20930c401dd4512acee958d1a","closed",FALSE
"mv07h_ph_metric_v1","ph__20260807__SRA667709_SRS3065427__gene_topology_v1",20260807,"SRA667709_SRS3065427","gene_topology_v1",500,499,472,0,1.28210318098393e-07,TRUE,"ripserr","0.3.0","primary","","921eb036c57ff3d2834ca65fbe88ead614d8ab347c7ba725cda04dffa1bb50f8","mv07h_ph_record_v1:ff65989c676e1b061f7180049fe33ac764da11c148ade981f0fa0f38b9fc9460",12.8449184894562,597135360,37437,"c2a0926726b840a3467821546aab8b0b39a1e30935b56bf83dcd903563210608","closed",FALSE
"mv07h_ph_metric_v1","ph__20260807__SRA667709_SRS3065428__cell_topology_v1",20260807,"SRA667709_SRS3065428","cell_topology_v1",384,383,207,0,8.97923222935744e-07,TRUE,"ripserr","0.3.0","primary","","bf252fe239f234a48334cd0a9a7806e821a23835c5a450d90b279c5cd985160b","mv07h_ph_record_v1:6f5f48bb2db9ef576d388060a7e92f3ad60b13454ad25010d157953cfd62d7dd",13.075287103653,626094080,24086,"0bca63ce2028f4407fe77d68ab55a00bbec2bc008d162cb4450f0b8f449d8edf","closed",FALSE
"mv07h_ph_metric_v1","ph__20260807__SRA667709_SRS3065428__gene_topology_v1",20260807,"SRA667709_SRS3065428","gene_topology_v1",500,499,274,0,1.29967511493295e-07,TRUE,"ripserr","0.3.0","primary","","9cc173f44570c44564936997ded2d52d7ef7bfb29f181c95917a65167ca0d704","mv07h_ph_record_v1:c5cd006528a90e5b77c79cad286faf72bbda7fdf7599e7106f465b2d88e4079f",12.7941703796387,581677056,30507,"34d6790c1d8ea27d1dff440c694f4bff1028c2d7bba0c538332ebfdfc265045b","closed",FALSE
"mv07h_ph_metric_v1","ph__20260807__SRA667709_SRS3065429__cell_topology_v1",20260807,"SRA667709_SRS3065429","cell_topology_v1",384,383,211,0,9.73498251234918e-07,TRUE,"ripserr","0.3.0","primary","","2369539272daa4f622559720fbfc01b41ce036fc90bfcc921e648b6374f045b9","mv07h_ph_record_v1:e33302df0633a16709695a1e265736e11d71132391066c8a8df0b008d5212d45",12.560994386673,670359552,24226,"f41c517fabc95d287a35f631889b095be2f0036bd3b19f09d078eb7862e18cd4","closed",FALSE
"mv07h_ph_metric_v1","ph__20260807__SRA667709_SRS3065429__gene_topology_v1",20260807,"SRA667709_SRS3065429","gene_topology_v1",500,499,367,0,1.27635728191522e-07,TRUE,"ripserr","0.3.0","primary","","8e80aae968f7717eadee8fada03d7245e233eb66523addb550961adf3f575d25","mv07h_ph_record_v1:8df7cdd9fbbbc28537a07731ea801479f5c68fd6d2ec83e40a82915e6709216c",13.0937807559967,607555584,33762,"1aa3838955f272dc9fa7719c572b9472f3ad280323475ba3696458c49dd646bd","closed",FALSE
"mv07h_ph_metric_v1","ph__20260807__SRA667709_SRS3065430__cell_topology_v1",20260807,"SRA667709_SRS3065430","cell_topology_v1",384,383,208,0,9.2023317587479e-07,TRUE,"ripserr","0.3.0","primary","","b844b34b9b8b9f8ef8c5c5e8022afc0a74cc3b81558310b6d12cd701cccfc341","mv07h_ph_record_v1:d1607abb89f36573d064c34bcd9ce134e8f5e675d592c3fbc3e10026ecd43b70",12.4196267127991,714280960,24121,"6d3b5e79227430ad5293bbcbc96a7d29e05f11f90c5c9c604217d0c96be91391","closed",FALSE
"mv07h_ph_metric_v1","ph__20260807__SRA667709_SRS3065430__gene_topology_v1",20260807,"SRA667709_SRS3065430","gene_topology_v1",500,499,440,0,1.30239918616554e-07,TRUE,"ripserr","0.3.0","primary","","9ca8cd4c3d3ae6ecf2e45a3fb50feb12cd81e31b304596e8da49b5c43177b708","mv07h_ph_record_v1:e26e623c06ac39bdc3e04998b7f4c1f4f0cd92773f16c6c71825601b220ecddb",13.5945429801941,581709824,36317,"c30ef9ea6f1fb73fb6bb6d8e0f31e564656c9f38ab1c04814ee0e5638c4675b4","closed",FALSE
"mv07h_ph_metric_v1","ph__20260807__SRA667709_SRS3065431__cell_topology_v1",20260807,"SRA667709_SRS3065431","cell_topology_v1",384,383,189,0,1.36731873367543e-06,TRUE,"ripserr","0.3.0","primary","","398fe8afb074d41c76f4aee634aeed660e0cc6fbb118f1adebccb7c2f921e95f","mv07h_ph_record_v1:409f94d97db18be85655a778996d2537a3ec20940806bc33d7baf9ec76d51c86",12.8357121944427,600535040,23456,"c5e2ce7dc0f4daf70e7806cbe532e60971c1dbc73614c8fc20e8cd728fc548e9","closed",FALSE
"mv07h_ph_metric_v1","ph__20260807__SRA667709_SRS3065431__gene_topology_v1",20260807,"SRA667709_SRS3065431","gene_topology_v1",500,499,421,0,1.30804073038875e-07,TRUE,"ripserr","0.3.0","primary","","d703c7719386b649f917b41d03a606317a6a3e6e66b1f0f1f3275908a11efd0a","mv07h_ph_record_v1:b2d496b21f07d9861aaba65a17799301c5b18682a9cda1a93285d8da720ced06",12.5772135257721,691716096,35652,"5c45f01922a88a12734aa541fa5c5fbdf091c9b7e49f634b96495da78d804809","closed",FALSE
"mv07h_ph_metric_v1","ph__20260807__SRA701877_SRS3279684__cell_topology_v1",20260807,"SRA701877_SRS3279684","cell_topology_v1",384,383,318,0,1.0548218392487e-06,TRUE,"ripserr","0.3.0","primary","","d6c6618efc01ba4e6090abff2c6dadce14ca70faa653e4eda87b67486aa74a4a","mv07h_ph_record_v1:74dcf0a22ddd286dbe6687d09495193e688ade7e6c427911b037d325d01c51ff",12.8607201576233,623714304,27971,"e04fc701c12100b9c07c0c83c90d02a0ded9c6c872820799c2077e9f06dc4555","closed",FALSE
"mv07h_ph_metric_v1","ph__20260807__SRA701877_SRS3279684__gene_topology_v1",20260807,"SRA701877_SRS3279684","gene_topology_v1",500,499,859,0,1.32230605313587e-07,TRUE,"ripserr","0.3.0","primary","","167928d63232130594d665b541e1280fd3845c3737be3a11b7feef0987a3371c","mv07h_ph_record_v1:c28a5a74054fd72a8353593305533bde90f84527dbf3121c0874fd97e023f58e",13.1445035934448,581443584,51341,"c7828b8c7bed86da06dab56d44702f9a288bc104a824eb74476a36cad681ce28","closed",FALSE
"mv07h_ph_metric_v1","ph__20260807__SRA701877_SRS3279685__cell_topology_v1",20260807,"SRA701877_SRS3279685","cell_topology_v1",384,383,308,0,1.1615870408988e-06,TRUE,"ripserr","0.3.0","primary","","f5aa618a1d41398aded19b1cf6991a70f19f074c03aa6a35ba194c2f8aed0b29","mv07h_ph_record_v1:1541db5e74e08726682d64060b58781eacc1b200bc64862fb6eb553771cbe00f",12.4567530155182,676188160,27621,"35a0775d4f014c97d46fd40f380fbeb9a1994918071e7431b85f11bad0f5e3c8","closed",FALSE
"mv07h_ph_metric_v1","ph__20260807__SRA701877_SRS3279685__gene_topology_v1",20260807,"SRA701877_SRS3279685","gene_topology_v1",500,499,773,0,1.31491871228266e-07,TRUE,"ripserr","0.3.0","primary","","050979014aa6433e891c9450d8d73d472fbb0eac1092311372c8c329f4b0a6b6","mv07h_ph_record_v1:48b97364c164360c26251da8126572ea20c35322448fbc27e1c1b8547f2cfbf1",12.8568117618561,580485120,48245,"7087652be7a58f1e75226a813911558804e130f4e3bc5fa17c52df9064557215","closed",FALSE
"mv07h_ph_metric_v1","ph__20260807__SRA701877_SRS3279686__cell_topology_v1",20260807,"SRA701877_SRS3279686","cell_topology_v1",384,383,352,0,1.2431314687922e-06,TRUE,"ripserr","0.3.0","primary","","c44f2870cadeda5e2543279d3851e424e8f7d8c12eee9349e92a56c9b24bb7ee","mv07h_ph_record_v1:91f0954618f95e733af0def96a9a0977fb536a0cf3ecd8845ad31111fc7b01cc",12.6345853805542,581947392,29161,"3e313b038e65de70fcd466821a6b94e6e07b9c3ef9b008ab4be0e5dc454a3d0f","closed",FALSE
"mv07h_ph_metric_v1","ph__20260807__SRA701877_SRS3279686__gene_topology_v1",20260807,"SRA701877_SRS3279686","gene_topology_v1",500,499,913,0,1.31322614246993e-07,TRUE,"ripserr","0.3.0","primary","","46390b3877324baed40b8d076e7729a3a99b6a46e98a0743cb510dd501c0a5b1","mv07h_ph_record_v1:ad4276a1bcb42a8950d948961742e77e870f1d9b78e22d637ab511b7f1b3cb77",13.1144080162048,584949760,53285,"c9ad0c08b5373f461bd971bc3e79ab25b8f108b615afa742c2bc5d6e5a5039de","closed",FALSE
"mv07h_ph_metric_v1","ph__20260807__SRA701877_SRS3279687__cell_topology_v1",20260807,"SRA701877_SRS3279687","cell_topology_v1",384,383,283,0,1.78876458461906e-06,TRUE,"ripserr","0.3.0","primary","","9a7b419c36d3c6575cb24aede940caff884da273bfdfc51bea298a9e4cd0e067","mv07h_ph_record_v1:9cec4430a9d868546b3e10e3541bef5417c49e120afe9de38401dff0dbe4954a",12.571697473526,628367360,26746,"b7ed3bb090374dd3ef4873d14e36b64f6a172a9fdc87636b8417feb71c1c17fc","closed",FALSE
"mv07h_ph_metric_v1","ph__20260807__SRA701877_SRS3279687__gene_topology_v1",20260807,"SRA701877_SRS3279687","gene_topology_v1",500,499,783,0,1.31495542330484e-07,TRUE,"ripserr","0.3.0","primary","","855c56d72c0ed2effe1d15013feab6db7396f19248533d0de55865adc336bf0a","mv07h_ph_record_v1:75105bb5f2b8dbab0428eebf1bcb5d808199d8df9f17f8221ec914c8ae37665f",13.7995576858521,722292736,48605,"cf8a5912dd0a8cdfcfee72d1919fbce1c09670290db87e51136bfc5e8e66823f","closed",FALSE
"mv07h_ph_metric_v1","ph__20260807__SRA701877_SRS3279688__cell_topology_v1",20260807,"SRA701877_SRS3279688","cell_topology_v1",384,383,351,0,1.11690049592351e-06,TRUE,"ripserr","0.3.0","primary","","8e878c5d3bc966fb453a5a66420aedecd10a51f2b5b21ef86de04bffd2d1ef39","mv07h_ph_record_v1:eed17f30d74174bceaf37a522f4390b924db507b0ba4cdceb297aa50eb763485",12.7133224010468,581890048,29126,"1320007ecac22d63d683cf05150e916d2d4caf1defc2819e074588f310b79cef","closed",FALSE
"mv07h_ph_metric_v1","ph__20260807__SRA701877_SRS3279688__gene_topology_v1",20260807,"SRA701877_SRS3279688","gene_topology_v1",500,499,1051,0,1.31567697300644e-07,TRUE,"ripserr","0.3.0","primary","","69fff022cdfbc42200eae33d54f954841e1009aab00114d81d455b06a73b2b6a","mv07h_ph_record_v1:b49f1b5b9796818dc66bbaae0faf492e96c58122da0b249977fca8bb5b796203",13.5132014751434,712425472,58253,"e97078178c42ec47af6d265bdbb2f9c209782ff6a4df9f63ccd423038f1ce02c","closed",FALSE
"mv07h_ph_metric_v1","ph__20260807__SRA701877_SRS3279689__cell_topology_v1",20260807,"SRA701877_SRS3279689","cell_topology_v1",384,383,389,0,1.47535920296142e-06,TRUE,"ripserr","0.3.0","primary","","7a0a33842ac32b31d120ced41719d68fc0f5e9f2deed6a5cb82f163373e38d83","mv07h_ph_record_v1:9636338d358a1321804ac350e7318736961d5d41effd82f894cc3517537adfd1",13.7639446258545,660316160,30456,"689546d47c8d2035ecee968ecb50a7b5ef3576db0725c49ed67701ebcb14bd8b","closed",FALSE
"mv07h_ph_metric_v1","ph__20260807__SRA701877_SRS3279689__gene_topology_v1",20260807,"SRA701877_SRS3279689","gene_topology_v1",500,499,960,0,1.31546704433231e-07,TRUE,"ripserr","0.3.0","primary","","fe471c168f4bbb11c941c3c1d2622e79a1b6691fb8c48c7117e78b4a9de5cd3b","mv07h_ph_record_v1:6aa81ee351c9b819d1e1c8148e576b2967b19ca78411680fdbb1bbecd6b5be3f",14.7928636074066,578777088,54977,"26265262c56a991dd65e5e4e76e5773075575d51c4302fb973b4d9654ba8b202","closed",FALSE
"mv07h_ph_metric_v1","ph__20260807__SRA701877_SRS3279690__cell_topology_v1",20260807,"SRA701877_SRS3279690","cell_topology_v1",384,383,279,0,1.35790872896825e-06,TRUE,"ripserr","0.3.0","primary","","b2348557701557a78802ea1693437fc8b8d9b774f70ed30afd4fab87643cff9d","mv07h_ph_record_v1:9b894f9041d7d7e4b76645a0a4c97a8f04a7884e1cb48ccbcc9d20f77d931a3c",13.230046749115,594092032,26606,"8b5d65efd50c995e6dcaf0620f10682ef861697007c0a547b6d103d37f678a9e","closed",FALSE
"mv07h_ph_metric_v1","ph__20260807__SRA701877_SRS3279690__gene_topology_v1",20260807,"SRA701877_SRS3279690","gene_topology_v1",500,499,746,0,1.30384678829847e-07,TRUE,"ripserr","0.3.0","primary","","b7569df0a748057e42f3da3b664387975b193dcfd3cbc032dedda08ca382a0ce","mv07h_ph_record_v1:4cd3a102ba8f4773b2d6f99fbfabc1f08c978583ee08caa9c15e5dd5dc46b6ab",13.8347218036652,646868992,47273,"5e5a0b8149f7e17e1d2f04f90b966d31753ea67554a907c1978d82b98b4b4655","closed",FALSE
"mv07h_ph_metric_v1","ph__20260807__SRA701877_SRS3279691__cell_topology_v1",20260807,"SRA701877_SRS3279691","cell_topology_v1",384,383,339,0,1.23826026141868e-06,TRUE,"ripserr","0.3.0","primary","","5d2c5638142ae6926c432470fc01a3182660d71ea3ef053b6b665c84f7ebfa4f","mv07h_ph_record_v1:3ffd8d27dbab538dcedb9c0439fa3fb59f6a6ab4733ed70a84414f45fcefd4fc",18.7530918121338,701136896,28706,"46e296b003eb17b961964b05f0fbfb84d28fc50cdac9d7c7599b8ab67dbd93ed","closed",FALSE
"mv07h_ph_metric_v1","ph__20260807__SRA701877_SRS3279691__gene_topology_v1",20260807,"SRA701877_SRS3279691","gene_topology_v1",500,499,742,0,1.31908705855247e-07,TRUE,"ripserr","0.3.0","primary","","24a1103328671d6d83ebd807ff1451c0f290c781850a342e96bb2205f77268cd","mv07h_ph_record_v1:0997cf6d4e56fb957f771c7c8e1db47703d924f1e371b9064e0d4c96fa4e1839",21.1164560317993,654643200,47129,"11fda7dbe451b089ed5611aae24f6ab24f9d25818d5aa07626f26434c7130b73","closed",FALSE
"mv07h_ph_metric_v1","ph__20260807__SRA701877_SRS3279692__cell_topology_v1",20260807,"SRA701877_SRS3279692","cell_topology_v1",384,383,299,0,1.44644962383179e-06,TRUE,"ripserr","0.3.0","primary","","5f9e165d7373b6e7a8e7733903204782f7449f84496f7fa68fa97e234bf8ea9a","mv07h_ph_record_v1:d2d195ccaa9f68f616af8e31daf3b6778f8db90434afba360c58f817d46e1fc1",14.3074979782104,577667072,27306,"9339c2d8e7c886d2592c6a669b49fe39303a89aaf829226881a41a1359e08875","closed",FALSE
"mv07h_ph_metric_v1","ph__20260807__SRA701877_SRS3279692__gene_topology_v1",20260807,"SRA701877_SRS3279692","gene_topology_v1",500,499,724,0,1.31136391155295e-07,TRUE,"ripserr","0.3.0","primary","","9bb47084c315040a0eeb1dd4cd23580cf4cbde9b83af97d78c1d2d0f3ca624c0","mv07h_ph_record_v1:26704d5fa4ed2506e4015a06aaa412b4e0f9ea6629f8ac9bded91e7cb634a319",12.7260255813599,709505024,46481,"3a622aec4c6e2d91812f68a08b92a9a62e146d5e039f31df2a854892602d9381","closed",FALSE
"mv07h_ph_metric_v1","ph__20260807__SRA701877_SRS3279693__cell_topology_v1",20260807,"SRA701877_SRS3279693","cell_topology_v1",384,383,330,0,1.27139677730359e-06,TRUE,"ripserr","0.3.0","primary","","4f0cccb71151ad1a4f5f3ff8a02c74433902c5cddad2fe8ddbcc1ebf763ae6a8","mv07h_ph_record_v1:321dd827f3ba4099deee5875e15962b250f4611df03ab59dbd91c431de5e3e0e",12.452573299408,634458112,28391,"c89e46a34d764359224ad920e8b70fceb248d6d1ce14026182b78259cba3c510","closed",FALSE
"mv07h_ph_metric_v1","ph__20260807__SRA701877_SRS3279693__gene_topology_v1",20260807,"SRA701877_SRS3279693","gene_topology_v1",500,499,899,0,1.30859015424719e-07,TRUE,"ripserr","0.3.0","primary","","126abf51a07896fb04f9722adcff83a41e99364740918e6bc486ce18ff4ccaf1","mv07h_ph_record_v1:87ff6611300ed45239631ac2cec2d0ce8280f2966a397ac95b1afe801ba23631",12.8036248683929,579506176,52781,"165118856bd040698af16db13d42b5f271c70e91eb8d4c255d2c37dab36caa79","closed",FALSE
"mv07h_ph_metric_v1","ph__20260807__SRA701877_SRS3279694__cell_topology_v1",20260807,"SRA701877_SRS3279694","cell_topology_v1",384,383,347,0,1.5124435844011e-06,TRUE,"ripserr","0.3.0","primary","","de769033e5ac6f263dfd62f97cc616b3640894ebc3382f4352a606f5fac9d429","mv07h_ph_record_v1:90271eaea83e828443943451e3964cc4f2da68c0f5aad4aa31c17c5de1205d35",13.2812168598175,582139904,28986,"d93861becdcd18339406e9b6cdd195504ab8f82a101f4cf870b1e25190bf9dfc","closed",FALSE
"mv07h_ph_metric_v1","ph__20260807__SRA701877_SRS3279694__gene_topology_v1",20260807,"SRA701877_SRS3279694","gene_topology_v1",500,499,1399,0,1.31046520809242e-07,TRUE,"ripserr","0.3.0","primary","","e59b72c8ee443240f99d049c84046ebaeae756a03b9c169d69014bd8e7afc23d","mv07h_ph_record_v1:e96257db8c38130f9973f19549201656df048eb6fd69a2bf2a3afc3976a074a5",12.536066532135,576798720,70781,"400d2121d26868deb8bdbb69a0ed5f55fa683bfa5deedb9c2553ea7ede346feb","closed",FALSE
"mv07h_ph_metric_v1","ph__20260807__SRA701877_SRS3279695__cell_topology_v1",20260807,"SRA701877_SRS3279695","cell_topology_v1",384,383,327,0,1.83093443632357e-06,TRUE,"ripserr","0.3.0","primary","","f61f905a00fd0069505e2d99c78055e53a7221c4d1ee6e8dbb0c32758c6f4444","mv07h_ph_record_v1:dc2c9e1721b401d96e67e1a4feabf31c234c885e933da15ca5802b05b25bf236",12.7811982631683,680181760,28286,"9ebe52cf27d4b98229d82bc869773d0278f5597fa0a76bd1a76473cc88b92ae9","closed",FALSE
"mv07h_ph_metric_v1","ph__20260807__SRA701877_SRS3279695__gene_topology_v1",20260807,"SRA701877_SRS3279695","gene_topology_v1",500,499,1222,0,1.31157688933146e-07,TRUE,"ripserr","0.3.0","primary","","60d0f59b3e0655ffa6bbffaab3491b9bf098dfaef5f522a7127ce4cb274f8503","mv07h_ph_record_v1:950191896f26240044e07a1876e8932893d3912adc14242572ffdbe63a106e23",12.8737399578094,580644864,64409,"1d8afa9611b4cf9e0c371796343decd88ffe3ebde808fc6dcf7895055aad8123","closed",FALSE
"mv07h_ph_metric_v1","ph__20260807__SRA703206_SRS3296611__cell_topology_v1",20260807,"SRA703206_SRS3296611","cell_topology_v1",384,383,352,0,7.9117469500327e-07,TRUE,"ripserr","0.3.0","primary","","936290343a1b6d17b1b647d6bf6abb1edc6add2f703eb57a2010bb8165874da5","mv07h_ph_record_v1:3d394319b5d2f1b634f97c7892ff42a3cb232c22b57e0a6baee3e225197aea23",13.08083319664,648781824,29161,"868871fc84e5a8d71d357334cb028b20ed39dcb5f27ae3bf41b9d8c1f01fecf6","closed",FALSE
"mv07h_ph_metric_v1","ph__20260807__SRA703206_SRS3296611__gene_topology_v1",20260807,"SRA703206_SRS3296611","gene_topology_v1",500,499,718,0,1.31164529094722e-07,TRUE,"ripserr","0.3.0","primary","","861fac790289f5f9534d8ac825ba718dc0244291244872068be57f9641f458d6","mv07h_ph_record_v1:9c179ba71131da0b54a08a4acbfddb70d30d852fa37f5d264b7dfa064dc33a81",13.12655210495,704684032,46265,"78923097d97e6e098a88f43cc3f5c820e39049ac20857632057400ce7bbe56ca","closed",FALSE
"mv07h_ph_metric_v1","ph__20260807__SRA703206_SRS3296612__cell_topology_v1",20260807,"SRA703206_SRS3296612","cell_topology_v1",384,383,385,0,9.66212533637668e-07,TRUE,"ripserr","0.3.0","primary","","bb258910ecbd6873a79b6a2eccb45df9a71ad280f49fb5fbca05d410c7708fdd","mv07h_ph_record_v1:b3f94245f5a6e808b1975a6929ce5ae5ff8f6a45b15756e7bf569e9b59bcf7d8",12.522388458252,664731648,30316,"b31213e50c174ebaa01d8a9f1b87c7444ae991826f6d8ca1430745e344b3813b","closed",FALSE
"mv07h_ph_metric_v1","ph__20260807__SRA703206_SRS3296612__gene_topology_v1",20260807,"SRA703206_SRS3296612","gene_topology_v1",500,499,1165,0,1.29489391587864e-07,TRUE,"ripserr","0.3.0","primary","","e14a0d6d394938089b6147f6fa3e3b86934b6ec66dae32741cb0ed6b115b433d","mv07h_ph_record_v1:24f74aa8684cc66df1f2386ab6c33c6b969461a18f8faca904eaff6583e17f9b",12.5002808570862,595587072,62357,"037170bea3dcf949511e6a1ea8be59e4f8d42a939e55f2dcf96bba81e83d06e9","closed",FALSE
"mv07h_ph_metric_v1","ph__20260807__SRA703206_SRS3296613__cell_topology_v1",20260807,"SRA703206_SRS3296613","cell_topology_v1",384,383,358,0,1.36409275025926e-06,TRUE,"ripserr","0.3.0","primary","","ead7f5b7c7a25a2043e0d1f8883777ad29ad46563f45665fa528ebb62730d984","mv07h_ph_record_v1:9aabd09692cb4590198d64e91fb2a4edf73f1b87182707dd75d83182e3d2fd7e",12.7795207500458,686321664,29371,"e581fe8250e09f0faebbe604c55e2fdf7866db31f9f18962857d84f29adb3d62","closed",FALSE
"mv07h_ph_metric_v1","ph__20260807__SRA703206_SRS3296613__gene_topology_v1",20260807,"SRA703206_SRS3296613","gene_topology_v1",500,499,1235,0,1.30125534202996e-07,TRUE,"ripserr","0.3.0","primary","","2e2540cb69b15aa9d6bcc783a7dc46564d2776848190dc760f4dab67dc6ce16c","mv07h_ph_record_v1:2472773080c7fec6c0b798dc007bb3841cfae92a9d201918d0b1dc808ede13da",12.7973175048828,654290944,64877,"feece07db48cca88da329e6db91be2a252f7650ec9644ca60b2f2ca38fd4c20f","closed",FALSE
"mv07h_ph_metric_v1","ph__20260807__SRA703206_SRS3296614__cell_topology_v1",20260807,"SRA703206_SRS3296614","cell_topology_v1",384,383,424,0,1.03211803066122e-06,TRUE,"ripserr","0.3.0","primary","","a9407cd397118f94b7e1fe64dad64b5696e518ea934571f1fa9f2aa67b0a0709","mv07h_ph_record_v1:245ba81560c081868b72e9940d325dd12de606962723b016fcd2279aca465a02",13.0560603141785,639086592,31681,"9950aa991596b3b3fbdf40fa643cb964468604f696fa15c6ca6351ec907073a2","closed",FALSE
"mv07h_ph_metric_v1","ph__20260807__SRA703206_SRS3296614__gene_topology_v1",20260807,"SRA703206_SRS3296614","gene_topology_v1",500,499,1197,0,1.30978022720946e-07,TRUE,"ripserr","0.3.0","primary","","f9c7717358bf00195653e95fd7a0ca6915c82025456d629c6d2f74be99d97efa","mv07h_ph_record_v1:d0317fc8afcf1329e9d7288b67bd2631c817411e5792511083f520e8f14265ff",12.7771520614624,586166272,63509,"367592eb6d48a96c847fce35f7a27fa2ded5691f03912163200f02cc8a9a0ac7","closed",FALSE
"mv07h_ph_metric_v1","ph__20260807__SRA713577_SRS3363004__cell_topology_v1",20260807,"SRA713577_SRS3363004","cell_topology_v1",384,383,412,0,6.89452112317844e-07,TRUE,"ripserr","0.3.0","primary","","c6c6d8b4d64649902b4bb64cf0407d4254af0ca7e90ad232f377b902485dad2c","mv07h_ph_record_v1:01bca810c171a49a26ceb6cc6fe82d34c05d9e654fff8518661d7494a246e43e",12.3971176147461,693821440,31261,"ec72c034d73adc962d915ad79140eabf2c6413ace9929b969016310bd2f893b2","closed",FALSE
"mv07h_ph_metric_v1","ph__20260807__SRA713577_SRS3363004__gene_topology_v1",20260807,"SRA713577_SRS3363004","gene_topology_v1",500,499,1704,0,1.31874963417514e-07,TRUE,"ripserr","0.3.0","primary","","31d0b600afa6262052a9ccf5ac977688b1f4cf73d6eb59ddb63744e3c7237a87","mv07h_ph_record_v1:166d1e708a40ec5ea7d856876d4fa5d97911d1659aabd93ba2556c2baac9b243",13.3125157356262,647942144,81761,"e5d513c4d5c9472b8cdf00168114b7f56b4fe3b2611f738e66cacdaab6f6548e","closed",FALSE
"mv07h_ph_metric_v1","ph__20260807__SRA716608_SRS3391629__cell_topology_v1",20260807,"SRA716608_SRS3391629","cell_topology_v1",384,383,289,0,8.22056231356894e-07,TRUE,"ripserr","0.3.0","primary","","b0534a5ae0e66ef2d95509e1e299a75caaa557c448bbc1710e85e9d186a4c1a6","mv07h_ph_record_v1:29d8a84358e8eacf2fad22f86a1b15e0a2c6a00f53a21c5f29f694d863ad81d1",12.3376545906067,676950016,26956,"f3e85d5eaa0ccd5054b359c768b0d5935654f6490b806ebc83bf7073bf79c973","closed",FALSE
"mv07h_ph_metric_v1","ph__20260807__SRA716608_SRS3391629__gene_topology_v1",20260807,"SRA716608_SRS3391629","gene_topology_v1",500,499,845,0,1.33089048413477e-07,TRUE,"ripserr","0.3.0","primary","","e2687757debfe86d55ead9896b4baf67816e5911d30c4e3686afde7d0d84d3ae","mv07h_ph_record_v1:d756178302b16d6167c6ed48c4b4e370ebe50b298a02bbe523c124ca45bc4158",14.1153452396393,725889024,50837,"efe5d1e8aeb7ac2c8f16a9a0e411a51d4377212c1f6ac685363e8bb2da35bba6","closed",FALSE
"mv07h_ph_metric_v1","ph__20260807__SRA716608_SRS3391630__cell_topology_v1",20260807,"SRA716608_SRS3391630","cell_topology_v1",384,383,345,0,1.22445185265113e-06,TRUE,"ripserr","0.3.0","primary","","30600d79e979c47131fec4a01b40d8d3bc9aeec99a70043fe4f9f0e786237ec2","mv07h_ph_record_v1:7692b6df48e2939cb43132243ac6ef123b952e44e36994ed53f1c98db0b10a80",12.5498645305634,577552384,28916,"cf598b120c32185ec61976ced826845a9e8656ce6f24687032b364b92a9a6b5b","closed",FALSE
"mv07h_ph_metric_v1","ph__20260807__SRA716608_SRS3391630__gene_topology_v1",20260807,"SRA716608_SRS3391630","gene_topology_v1",500,499,1273,0,1.32363352079036e-07,TRUE,"ripserr","0.3.0","primary","","7e7c4a06a344b8962ca7ed5dbe1b66be5a856dc8f00110046d5ec6cda33758a7","mv07h_ph_record_v1:dd06f0a0cfcb6b9fde813f99f17ca2cff54fdc4348c800393d10ab7845fcf969",13.3719732761383,579403776,66245,"2bde85d90a749d330ceec417daf83efe0ba4dc62c3878ac341fb6203bcde7b8c","closed",FALSE
"mv07h_ph_metric_v1","ph__20260807__SRA716608_SRS3391631__cell_topology_v1",20260807,"SRA716608_SRS3391631","cell_topology_v1",384,383,328,0,7.84949164810747e-07,TRUE,"ripserr","0.3.0","primary","","252b350b83ae7f385ce3c493aa88d0becc5e5fe4b2813525ae27adadef789553","mv07h_ph_record_v1:098bff2639abbbcbd23ed2923caf15b5d49f04ac587350f598c7f2aed9bb47ed",12.3310153484344,659058688,28321,"7099e35ae48dd349ee801e2a03d17155960b6459d06094af01145d805434cc84","closed",FALSE
"mv07h_ph_metric_v1","ph__20260807__SRA716608_SRS3391631__gene_topology_v1",20260807,"SRA716608_SRS3391631","gene_topology_v1",500,499,592,0,1.31596391592111e-07,TRUE,"ripserr","0.3.0","primary","","06df96be5a624d8efcb29c9813a4a8de76fc9996b4c8c63fe1e9927a6d119b80","mv07h_ph_record_v1:c450868058772d99d2555b761b0b3a9fa8e5af20f37eff7bd2096c44e3c55be9",12.7902958393097,609898496,41729,"a77926d118e2bbb5642143378b449d62cbc0bf51bdf3f980312baa168d7e9f1a","closed",FALSE
"mv07h_ph_metric_v1","ph__20260807__SRA716608_SRS3391632__cell_topology_v1",20260807,"SRA716608_SRS3391632","cell_topology_v1",384,383,262,0,1.42879525753093e-06,TRUE,"ripserr","0.3.0","primary","","a8e2b89b7f68b57b6f0d9942ecc25b28c64f7be9062226b87462368bbb7bf143","mv07h_ph_record_v1:5414132babf9a26c86cb03c6591d369aa9de51d635166b1816b88480a0937c2b",12.7896583080292,581947392,26011,"5f28a08d6494a0ed0554e00a26588e97da7908df93a2bda73e746c1746fa9c7c","closed",FALSE
"mv07h_ph_metric_v1","ph__20260807__SRA716608_SRS3391632__gene_topology_v1",20260807,"SRA716608_SRS3391632","gene_topology_v1",500,499,476,0,1.27342657982865e-07,TRUE,"ripserr","0.3.0","primary","","c08dd90f55fbcbfd5ed0c0c9baa9602ab417caea2a6114ae85d4abc55cae286c","mv07h_ph_record_v1:6400b8747b8820da99cb67d51b75bf8ba4fee7431a6ead1b663fa19228adb3ff",12.8017995357513,585871360,37577,"c87e63117717d61b2dd6c0774463751fe5bf0920352f264f7d3d1b3e45153067","closed",FALSE
"mv07h_ph_metric_v1","ph__20260807__SRA716608_SRS3391633__cell_topology_v1",20260807,"SRA716608_SRS3391633","cell_topology_v1",384,383,350,0,8.83854358561973e-07,TRUE,"ripserr","0.3.0","primary","","7cf78f3a84b27449b149dd6b841e84c6153ad3c90b5f990bb2d4ec7c5f320231","mv07h_ph_record_v1:e0c08c63bd07009d90650412e470535a86c8ced586323b58a2cae2bdf3500ca9",13.8491315841675,686653440,29091,"42a4d21aa9b9a0d05e09ab478106507eb81bfc41fe84e9615a3a1a1db549cdb2","closed",FALSE
"mv07h_ph_metric_v1","ph__20260807__SRA716608_SRS3391633__gene_topology_v1",20260807,"SRA716608_SRS3391633","gene_topology_v1",500,499,1853,0,1.30527868607946e-07,TRUE,"ripserr","0.3.0","primary","","9f9cde4070abd82304ddbbcabf049ddece6b632168bd232a8352e80c66f75360","mv07h_ph_record_v1:b5c2ea9b71e61f13bed9cc2c44ced115bddbd7704a4515e80a22a3aa288d538c",13.5930173397064,696377344,87125,"bdf9e2ced53381ba1bbb5b965e3688dceb1906d0c2006e12127718fb05d926f7","closed",FALSE
"mv07h_ph_metric_v1","ph__20260807__SRA728025_SRS3454421__cell_topology_v1",20260807,"SRA728025_SRS3454421","cell_topology_v1",384,383,291,0,1.13828004088253e-06,TRUE,"ripserr","0.3.0","primary","","9ed669f38cdb395849a26184c1863ee53481625091888d0293f118a43d0c5a6c","mv07h_ph_record_v1:a6fadf69fc73b46bf5ecd674fbce8d1c717dbde99d6d2bafb2b60cf208506abd",13.0977983474731,616333312,27026,"13ff1d5fab496a8700d7810e9de7ef94b40069a5d9326eeb9f325251a67bc512","closed",FALSE
"mv07h_ph_metric_v1","ph__20260807__SRA728025_SRS3454421__gene_topology_v1",20260807,"SRA728025_SRS3454421","gene_topology_v1",500,499,373,0,1.29360000385601e-07,TRUE,"ripserr","0.3.0","primary","","4a4e5108fd0bf7388ae9e446e1a9b6cfbb5d66cef178216bb1b90b317eec3021","mv07h_ph_record_v1:2caaae05ea9503a24041c68b34bfdfcf70d6f53927eaf612691f098b0820dfb4",12.6861824989319,581718016,33972,"9eeaa21b652e24f550885eabdf8a55ac40ff4bbdcdfd2d805b1d9f2482418578","closed",FALSE
"mv07h_ph_metric_v1","ph__20260807__SRA728025_SRS3454422__cell_topology_v1",20260807,"SRA728025_SRS3454422","cell_topology_v1",384,383,238,0,1.15357604764688e-06,TRUE,"ripserr","0.3.0","primary","","5f8f01e3aeb71e8fd78a97b048e1491b915a4ddb4814564f8062bca113cb3503","mv07h_ph_record_v1:8672830f4b1a13fbcfc4b6ca43fd34f1abefc3865ce35734afbca61faa1ee669",12.6875185966492,608190464,25171,"207d30abc5ca212e5762dd9901c2c1eafd819ee96ce2ef9e2914b0c932d84e95","closed",FALSE
"mv07h_ph_metric_v1","ph__20260807__SRA728025_SRS3454422__gene_topology_v1",20260807,"SRA728025_SRS3454422","gene_topology_v1",500,499,278,0,1.29672648213974e-07,TRUE,"ripserr","0.3.0","primary","","2d33ac56760a3f81ad356677e5c7d23c1d7cfa934cfd3e1eb28076c5dfe235e4","mv07h_ph_record_v1:7ded95a51f466c61c3723d53aa33595bc57e39bedfcd7dc0f2086880a58ed3da",13.2605059146881,724615168,30647,"31274dbee3a909d1e9cee0e5a5023057fa4c41906dd34a77cf1ea433475450a0","closed",FALSE
"mv07h_ph_metric_v1","ph__20260807__SRA728025_SRS3454423__cell_topology_v1",20260807,"SRA728025_SRS3454423","cell_topology_v1",384,383,239,0,1.05613450428419e-06,TRUE,"ripserr","0.3.0","primary","","5e9bccb9ef099e477ddc2be1f7f0384a795221112dd0efac10ed1675a16ad7c7","mv07h_ph_record_v1:43a2307f23c5c5f232e3265c2d7d67e33fadedfb339068f2b53581d62e7be9f7",12.4203097820282,679645184,25206,"6d5566ff742ae21678858d9289bdcb3190202880d0fd51f35c14b6ce9e3a4ac3","closed",FALSE
"mv07h_ph_metric_v1","ph__20260807__SRA728025_SRS3454423__gene_topology_v1",20260807,"SRA728025_SRS3454423","gene_topology_v1",500,499,277,0,1.30246998693986e-07,TRUE,"ripserr","0.3.0","primary","","b87331dd0fba95dc4fd2d2b24f8f2f50fb0e06acf685d2b7ddb2a40f9761fdce","mv07h_ph_record_v1:d1cd6d2be8ba69f9954bcc72c63306c681ccf2843f8305950e20c6eae580f2b5",12.4289119243622,581795840,30612,"4ea91cff26514550e310538bd5e8a6f93337e368838a74951120da69b145c226","closed",FALSE
"mv07h_ph_metric_v1","ph__20260807__SRA728025_SRS3454424__cell_topology_v1",20260807,"SRA728025_SRS3454424","cell_topology_v1",384,383,242,0,1.17385801191292e-06,TRUE,"ripserr","0.3.0","primary","","55ac42829501391646c56a90060a69cc6d8a9783c20a4fd829948039548a2dac","mv07h_ph_record_v1:3825056c3606272e19dea33ae86116c0d9e1b06b30a2eb3e0ae924b8b2c0c077",12.6155421733856,684609536,25311,"0e56e79a5d528397a8923faad6d5d58c25494194a10d8dfab839ea616adcffeb","closed",FALSE
"mv07h_ph_metric_v1","ph__20260807__SRA728025_SRS3454424__gene_topology_v1",20260807,"SRA728025_SRS3454424","gene_topology_v1",500,499,267,0,1.28201827644235e-07,TRUE,"ripserr","0.3.0","primary","","c673eeba2631f12b271d907ee30e72f2b6c9e4f2957541542e4341ebd7512bc8","mv07h_ph_record_v1:5f9d236b05c8787251938771e5ffb36d1eda0d3c394ef10cb8deefd199b505b0",12.7238202095032,670846976,30262,"4f71881070e8493fc507ae2931461aaa4a00eed2e67592b5d519b6b9c4e27867","closed",FALSE
"mv07h_ph_metric_v1","ph__20260807__SRA728025_SRS3454425__cell_topology_v1",20260807,"SRA728025_SRS3454425","cell_topology_v1",384,383,270,0,1.16147672637332e-06,TRUE,"ripserr","0.3.0","primary","","2c8dcd55824b0cbe3f13a369253ae9dc57d0eb3c06c8a25d58a0103419a29d9f","mv07h_ph_record_v1:d27440ff009376ba46ae5cc088236f42ec61aefe9f93d3b7fd7c2778e5cdadf3",12.7181510925293,600989696,26291,"701c53497fe5749626c6dc15dfc9c4283cc830accf0bfc96ed0fa739e3d3f964","closed",FALSE
"mv07h_ph_metric_v1","ph__20260807__SRA728025_SRS3454425__gene_topology_v1",20260807,"SRA728025_SRS3454425","gene_topology_v1",500,499,381,0,1.30005136599553e-07,TRUE,"ripserr","0.3.0","primary","","76e86acd2e84893d64bbe4b234ee04ddf57a9a5661dad73af4fc89ce105a0af0","mv07h_ph_record_v1:1f9c3df1f808cc255d87443cc4859373df47ae005b2cca3eb9d11f07245c3cdf",12.4621772766113,718020608,34252,"c575cdf7dbdadadcbfb5d96a709ff4703d3a9f177d8489e468e1c0e46c370429","closed",FALSE
"mv07h_ph_metric_v1","ph__20260807__SRA728025_SRS3454426__cell_topology_v1",20260807,"SRA728025_SRS3454426","cell_topology_v1",384,383,278,0,8.97882025577409e-07,TRUE,"ripserr","0.3.0","primary","","2d8a85ad91634542c6236dbc6386761da9aa63686899ab6890bcb7f3c7dd3950","mv07h_ph_record_v1:a501084e076298f562e9aa0cc9fecd2361a10472421ac1bd3ed38a36e5adb248",12.8234035968781,702984192,26571,"815294301b425bcf6dc2d5fc003885e95953a2f66415ed3816c5f21945912f98","closed",FALSE
"mv07h_ph_metric_v1","ph__20260807__SRA728025_SRS3454426__gene_topology_v1",20260807,"SRA728025_SRS3454426","gene_topology_v1",500,499,403,0,1.29873762744764e-07,TRUE,"ripserr","0.3.0","primary","","2ce90af7a9fec2ec1496396420c33cc8f825850241d552549f8a80021677d48e","mv07h_ph_record_v1:89bcad161c687739ea333f94c73bcefd99dfcac7b4e5cf59afd22629b3bfbe9c",12.7181191444397,581771264,35022,"c8d516a645ff827076dddbc3fdfa0c6a17e76540b08548180bb8d92eca522c87","closed",FALSE
"mv07h_ph_metric_v1","ph__20260807__SRA728025_SRS3454427__cell_topology_v1",20260807,"SRA728025_SRS3454427","cell_topology_v1",384,383,267,0,1.44335173276013e-06,TRUE,"ripserr","0.3.0","primary","","63dec26941dc8a620708dfe282cfc52bcb449977a5f425a94836ffe659258a2a","mv07h_ph_record_v1:5a714d2983a8f738d67ab6ba413ec58e0efeac3c40f869ca6d2a5ba7609807e3",12.2119264602661,634748928,26186,"7c57d755216784ceb0dcb56d657e97560feb882c258b328447c5fcc16651cc45","closed",FALSE
"mv07h_ph_metric_v1","ph__20260807__SRA728025_SRS3454427__gene_topology_v1",20260807,"SRA728025_SRS3454427","gene_topology_v1",500,499,417,0,1.31657834160066e-07,TRUE,"ripserr","0.3.0","primary","","0b120327cab3971ad3bd481f9d40d4938742c25370660f90fcd1a8c0c4ccafe9","mv07h_ph_record_v1:b959451dbc2ad262fdb65bcd0d3578c5faadaebaa855c0790fd7b11b0de7d5b8",12.0353899002075,701329408,35512,"7cc965f9395a5b65008bbfed2a8dd220c633657ac90cdf2715aa9205c992ce59","closed",FALSE
"mv07h_ph_metric_v1","ph__20260807__SRA728025_SRS3454428__cell_topology_v1",20260807,"SRA728025_SRS3454428","cell_topology_v1",384,383,266,0,1.41333902065405e-06,TRUE,"ripserr","0.3.0","primary","","b96a172814917793f6dd921e3d66b7bc91c9ed7fd6f709e3f0d63b06659f59e8","mv07h_ph_record_v1:3bbcf77f838e92d921d022eb9549f31468d796fe98746fbf773a6b1507c78ac4",11.7017426490784,581873664,26151,"06d9bca542195dbed3090c28585bf9988be23cc2beaa2c6f725260bb385d6951","closed",FALSE
"mv07h_ph_metric_v1","ph__20260807__SRA728025_SRS3454428__gene_topology_v1",20260807,"SRA728025_SRS3454428","gene_topology_v1",500,499,423,0,1.30784685297825e-07,TRUE,"ripserr","0.3.0","primary","","12f28301989572501a2b8c2e0edde6ddc26321e16fe34e2b18459949b261cbfe","mv07h_ph_record_v1:e709d7f5557174ec3214484360f267341c26c9e34652a7c994e7858c15cde6ec",11.9762721061707,619364352,35722,"3a52b4043e399f2d5ec71a74e2ba0405deef3d790a933add19566d847cb4291f","closed",FALSE
"mv07h_ph_metric_v1","ph__20260807__SRA728025_SRS3454430__cell_topology_v1",20260807,"SRA728025_SRS3454430","cell_topology_v1",384,383,269,0,1.25755638512648e-06,TRUE,"ripserr","0.3.0","primary","","0ff06dd7fbc012a1f06fd045a1505d1d0131a8fb5ad49a87e0978b7e13ec435c","mv07h_ph_record_v1:fe8c95761015c790ca743dee35478bfb3d0199bc8196d57b9cecbce3f18a6ada",12.272305727005,635150336,26256,"e718f597bf04dfb9edfb177bf4afe12f48c024208635ca5c3c7a47968b190ecf","closed",FALSE
"mv07h_ph_metric_v1","ph__20260807__SRA728025_SRS3454430__gene_topology_v1",20260807,"SRA728025_SRS3454430","gene_topology_v1",500,499,237,0,1.30221637680698e-07,TRUE,"ripserr","0.3.0","primary","","2d42fde27f61fdc5af0f39deef2ab57e80e2d61dec8b873d98e93870ebfe6cd9","mv07h_ph_record_v1:c6e78d86fce2ca4b755733f1b28fecc74c07c8559c77d47ebff49917af88f84a",12.2483940124512,593858560,29212,"999885ffc23b581769b9d22ceb80103d3b54a7145731fa2bc23ded05c0ca74ae","closed",FALSE
"mv07h_ph_metric_v1","ph__20260807__SRA740174_SRS3548780__cell_topology_v1",20260807,"SRA740174_SRS3548780","cell_topology_v1",384,383,313,0,9.98344156922167e-07,TRUE,"ripserr","0.3.0","primary","","708cadc42480d20866bdb49fff5ca99dfa568f4f2f877ae2d1a96a5c01311b9e","mv07h_ph_record_v1:ccf5ec5077e2b182b5d44df4b4e6ff5b2efec2786961c57a63584951a4da858a",11.9702932834625,674201600,27796,"274902da5071c8893a772bbdda5b9f42e4d12392e82c7be93b614a119808066d","closed",FALSE
"mv07h_ph_metric_v1","ph__20260807__SRA740174_SRS3548780__gene_topology_v1",20260807,"SRA740174_SRS3548780","gene_topology_v1",500,499,723,0,1.30630067817027e-07,TRUE,"ripserr","0.3.0","primary","","db816f741e5529299a8edeecec143a75e9fd305a3b6b926c91f5b574d5e11c2e","mv07h_ph_record_v1:2353ba17938fc39a7f159ec8a91fbce75953fa2df758330de4e7b995ff31438c",12.505227804184,586199040,46445,"6e809832b9f4a205bab6783dce7b41f29d899eb92af9d8ba0012b4ca3fe6d5be","closed",FALSE
"mv07h_ph_metric_v1","ph__20260807__SRA740174_SRS3548781__cell_topology_v1",20260807,"SRA740174_SRS3548781","cell_topology_v1",384,383,285,0,2.19702117232294e-06,TRUE,"ripserr","0.3.0","primary","","442fdfa4fd102c61dfab2b6f307f362c4c9562937837bb4819f6d43d6b1a601e","mv07h_ph_record_v1:10a1fe4f9cfa5afb65cfe358de49f3f7202a0f8846b7b7c21d36682c611729d7",12.0528998374939,711094272,26816,"b90dfef354d7c657ffe87317151c14be98f367bb6d6eef8224e0bcca55974063","closed",FALSE
"mv07h_ph_metric_v1","ph__20260807__SRA740174_SRS3548781__gene_topology_v1",20260807,"SRA740174_SRS3548781","gene_topology_v1",500,499,482,0,1.30864105706565e-07,TRUE,"ripserr","0.3.0","primary","","330783007da992bcd6ab6b2377d02e9148e06854332bf11a6cbd136d09fb86e8","mv07h_ph_record_v1:983bfb111f109051d39c8b55bc471b7b991347065fd1fd93f9cfd5c07debeb28",12.0566079616547,678821888,37787,"68279f79735217e17b400c991fe1edd9c00b0b9d3edc7534947a68374b16e5a8","closed",FALSE
"mv07h_ph_metric_v1","ph__20260807__SRA740174_SRS3548782__cell_topology_v1",20260807,"SRA740174_SRS3548782","cell_topology_v1",384,383,313,0,1.03588733037219e-06,TRUE,"ripserr","0.3.0","primary","","053dcac99b998b6c21ae4f5db6853f9697ce8ded0c15455b32f8e545eab28f15","mv07h_ph_record_v1:7dff7cabb165e77791056b60e85d4dc5f2653bf54914df00c657cc503bdd01d2",11.7693560123444,705765376,27796,"7e298091c910fd3bb09c285e4f73b3452def3086eac778d5e43f32a50e8ea840","closed",FALSE
"mv07h_ph_metric_v1","ph__20260807__SRA740174_SRS3548782__gene_topology_v1",20260807,"SRA740174_SRS3548782","gene_topology_v1",500,499,686,0,1.29796352306e-07,TRUE,"ripserr","0.3.0","primary","","21ea1f4c070a45998c49f042d012be393c1a25dff16cdea455c0239cad28ae6a","mv07h_ph_record_v1:e21771a68bfff680422eb68144c985d287b9003642b66dc7dfbb7ca6ac370e95",12.0090494155884,618676224,45113,"866e7fa02080d4bab2f2ef04f3d20e2522409da44386a011a7adb74b4cb3db5a","closed",FALSE
"mv07h_ph_metric_v1","ph__20260807__SRA740174_SRS3548783__cell_topology_v1",20260807,"SRA740174_SRS3548783","cell_topology_v1",384,383,247,0,1.8063415060002e-06,TRUE,"ripserr","0.3.0","primary","","b83b157a77bece11f05e41ce05f2a2dce74c74d8bed15718a924c596690f48e6","mv07h_ph_record_v1:255e1351b26b4062196de534d8e7a3aed8d326ff5909acc4de88651925126c43",11.9835224151611,581689344,25486,"67e21390945dc2b14095af01378fe942af420f0d536f978814b9529a167cf1cb","closed",FALSE
"mv07h_ph_metric_v1","ph__20260807__SRA740174_SRS3548783__gene_topology_v1",20260807,"SRA740174_SRS3548783","gene_topology_v1",500,499,523,0,1.30707840658521e-07,TRUE,"ripserr","0.3.0","primary","","4767a4b0f427a5237e0dd1636e77d3b18765154fcb3836226d52cf735e0eed4b","mv07h_ph_record_v1:f5c42e23c194271fc652218061f4759c4b57dd21287f311929544fd066eaeee4",13.2848384380341,577060864,39245,"804999ffe49b4d61cac9fbf02042e4bd2785ef6e912d51ba0af5b0a68f7d4514","closed",FALSE
"mv07h_ph_metric_v1","ph__20260807__SRA742961_SRS3565195__cell_topology_v1",20260807,"SRA742961_SRS3565195","cell_topology_v1",384,383,333,0,9.03536550912733e-07,TRUE,"ripserr","0.3.0","primary","","39eb7f990983c413240b70a2f6675afa79ff34067634e70e588ff49333359801","mv07h_ph_record_v1:e8b8d86759e124ff7aebef2e62f1d3cf513217d3742886fbdb3cabf663ccbbd3",11.9902262687683,689864704,28496,"686f9528ea030ff17ca2c19267e317c0fca3343a96764caa15b6227e8d781a3a","closed",FALSE
"mv07h_ph_metric_v1","ph__20260807__SRA742961_SRS3565195__gene_topology_v1",20260807,"SRA742961_SRS3565195","gene_topology_v1",500,499,1260,0,1.31453140587156e-07,TRUE,"ripserr","0.3.0","primary","","554065e185ba57e322c0b13501bdf8fed9819bf9ad978c6366f063f0a7a2b350","mv07h_ph_record_v1:2cfcfbb5d85024138e6d49471452d72a00ca7c770e9c6e81394efefde783f74c",12.3308696746826,636080128,65777,"5c17a6a5ade855eb88ab646b50d09ecd43724279f2d80cee4efcd85c51515f5d","closed",FALSE
"mv07h_ph_metric_v1","ph__20260807__SRA742961_SRS3565196__cell_topology_v1",20260807,"SRA742961_SRS3565196","cell_topology_v1",384,383,381,0,1.0020302816782e-06,TRUE,"ripserr","0.3.0","primary","","6c7d9812e1849c7750821b8e2837124c1d12ef8b73cb7e99fd934427fc0c33ef","mv07h_ph_record_v1:dfbaca6106ac364f8d7e69627c86d85acdf511890d09944f615c94df9e8cfe12",11.7449746131897,720199680,30176,"e1c445e66add373f72db928a9d82070aab8c4220ae687a4dddf38bf9ac4b2ae7","closed",FALSE
"mv07h_ph_metric_v1","ph__20260807__SRA742961_SRS3565196__gene_topology_v1",20260807,"SRA742961_SRS3565196","gene_topology_v1",500,499,1770,0,1.31183302354278e-07,TRUE,"ripserr","0.3.0","primary","","e9950fa5a20b6dfaf13af43b01101e9a9e056f77077ec41c7bb0ad67f0919c06","mv07h_ph_record_v1:8b6eaf140a644df29af5338b73c403bc0ba015f1798dae12e9b19a639c90a1f3",12.2560210227966,581115904,84137,"3f50e37542ce0afb56e6c49292e622bc6f8d96c4c8b477bd6e84b98c2e48d4ea","closed",FALSE
"mv07h_ph_metric_v1","ph__20260807__SRA742961_SRS3565197__cell_topology_v1",20260807,"SRA742961_SRS3565197","cell_topology_v1",384,383,377,0,8.80729664011708e-07,TRUE,"ripserr","0.3.0","primary","","1bdc43712a410a586057ef0f4f4fe3f8ea1f6d1c886fc4ee519e767b1a475e82","mv07h_ph_record_v1:8efc269e56a4e8895b09973c719060898986d49926e3ac841840b6f26d5ed242",12.0138537883759,592838656,30036,"c54dd407f8b8dbe80d082bd0d4e75ec8fbd1678f038815fb842fa05cde33a1d4","closed",FALSE
"mv07h_ph_metric_v1","ph__20260807__SRA742961_SRS3565197__gene_topology_v1",20260807,"SRA742961_SRS3565197","gene_topology_v1",500,499,1576,0,1.31432692313122e-07,TRUE,"ripserr","0.3.0","primary","","6527f3333369a61f72ff8857f9f3a12ef64f3a6584defeab88dea27691f01211","mv07h_ph_record_v1:5e54ca7b225ca26a1a4ce889a797ae86e50f9a29107a3e6bb778931c8d56a84f",12.5478155612946,692817920,77153,"d4ebef359cc070012d8a983ce8ff47719da03a87b522bc3a108c50fe1f4e2e9a","closed",FALSE
"mv07h_ph_metric_v1","ph__20260807__SRA742961_SRS3565198__cell_topology_v1",20260807,"SRA742961_SRS3565198","cell_topology_v1",384,383,416,0,7.86665200616639e-07,TRUE,"ripserr","0.3.0","primary","","30462b670c92ebafa01c1232406511e4501e0efcdfe5d7f60935df5c07aa2e9e","mv07h_ph_record_v1:c948ae52ff9b27be75868ad59ac9ba587178a53cd562a65ca973e45c0650d01b",11.7581753730774,702676992,31401,"c0836ab65f596c58211a2b9e33a6e025e0405a6ca246d5e7ddd2f0bcd92fd628","closed",FALSE
"mv07h_ph_metric_v1","ph__20260807__SRA742961_SRS3565198__gene_topology_v1",20260807,"SRA742961_SRS3565198","gene_topology_v1",500,499,1669,0,1.32453346256844e-07,TRUE,"ripserr","0.3.0","primary","","fcfe0c807ce600ab78ca1dd9ec1b93195ade883c02e15590ed88694a74b3582c","mv07h_ph_record_v1:5b165ea0b382ff67391272f01d182a2a607befa804fbb85c1c3effaf1134fea3",12.6043055057526,583991296,80501,"2aea6b85488dedef04b53b1a92d6fe98ead8f197da8c043120b933e1f9f4ff4b","closed",FALSE
"mv07h_ph_metric_v1","ph__20260807__SRA742961_SRS3565199__cell_topology_v1",20260807,"SRA742961_SRS3565199","cell_topology_v1",384,383,379,0,9.48880107264834e-07,TRUE,"ripserr","0.3.0","primary","","29a91c698e3a51325d2e8bd7bc083892da86861177649ed434c7909b3432ff8c","mv07h_ph_record_v1:f4d40b90ae458ac05ea5908d870528626f65d0b61ba6a46a35f27136b63f6754",12.3122086524963,674910208,30106,"9f7ef8692af138ee0425524dc65237b46ad688a0e79417f0a0541c00d486c514","closed",FALSE
"mv07h_ph_metric_v1","ph__20260807__SRA742961_SRS3565199__gene_topology_v1",20260807,"SRA742961_SRS3565199","gene_topology_v1",500,499,1531,0,1.32024622511394e-07,TRUE,"ripserr","0.3.0","primary","","2f277c1fe29ee2c3185be89d53f4c22cb97ba3c50606a514f9884d830c2f8c22","mv07h_ph_record_v1:082a38d78f9048ae125214bf92cb8b1de8cdceafe0febb737c0221d42a22aec0",12.8464739322662,684056576,75533,"f941acc6d5516b863758707b8b4cf9602b56e7e438a91e69d2283859c52351e9","closed",FALSE
"mv07h_ph_metric_v1","ph__20260807__SRA742961_SRS3565201__cell_topology_v1",20260807,"SRA742961_SRS3565201","cell_topology_v1",384,383,436,0,8.25200956521734e-07,TRUE,"ripserr","0.3.0","primary","","51a824a721035f0829b95e43b9eb1749ea14b84cf8bfeacf6dbb51a541a67fdd","mv07h_ph_record_v1:7f69f3056225f139d65ee17bf395dbf5852fc5cf8eb89b54c363ce5a232016ec",13.8617782592773,722890752,32101,"ea0b4ce1300dd877b24e16a2c49246e0f78b72cf43fbcd40f01ca197d4dd6deb","closed",FALSE
"mv07h_ph_metric_v1","ph__20260807__SRA742961_SRS3565201__gene_topology_v1",20260807,"SRA742961_SRS3565201","gene_topology_v1",500,499,1923,0,1.31006922210175e-07,TRUE,"ripserr","0.3.0","primary","","4434b315279a05470b1cb3693507181bd784d5891c249c5598657129b15cec23","mv07h_ph_record_v1:824a60e160c29e35112801d0b6f6f6d11f98cb7a4688c02a2c2574b091e43834",13.0744540691376,640540672,89645,"a38987fdb709eaf60eca95cc5c9f7acfe2996aa498bb2ca6532f58ef4a9d02ba","closed",FALSE
"mv07h_ph_metric_v1","ph__20260807__SRA742961_SRS3565202__cell_topology_v1",20260807,"SRA742961_SRS3565202","cell_topology_v1",384,383,339,0,9.00077549739682e-07,TRUE,"ripserr","0.3.0","primary","","29a8d3d298de153eb3b050c6a4d8ae5f84555aff2d106d812a0735c381331196","mv07h_ph_record_v1:f7d9aa5b1bcf02696c5bd969a399430fa02c8f2b206cec5f152bdf4723c81946",13.6162896156311,645120000,28706,"fe416c5d6aee3570fb30951e10e3ab95087a8f185d0ac89c776b64c568658bd2","closed",FALSE
"mv07h_ph_metric_v1","ph__20260807__SRA742961_SRS3565202__gene_topology_v1",20260807,"SRA742961_SRS3565202","gene_topology_v1",500,499,1319,0,1.30958742733975e-07,TRUE,"ripserr","0.3.0","primary","","bc0afbca18d1c67709474b29f83cdcab8d87df181904ec66852c101919c90de3","mv07h_ph_record_v1:58e23aae5fc46424644e426de9c3ae789a8265083d91658846e3e1e2087d8309",12.6603837013245,661155840,67901,"e604619a093e99e5b3d98e5799105c2941bb49427d8d58d2f6a7ec4f03d67f59","closed",FALSE
"mv07h_ph_metric_v1","ph__20260807__SRA742961_SRS3565203__cell_topology_v1",20260807,"SRA742961_SRS3565203","cell_topology_v1",384,383,445,0,8.60431629558071e-07,TRUE,"ripserr","0.3.0","primary","","1b17f2ce936c70e30ae6482aed296609822f21861c3de7211c631db29142e856","mv07h_ph_record_v1:7d11f91c507ad4d42ff12bac359c1d5c5a13495f45f39794c04a6bac90f28580",12.4592876434326,641810432,32416,"db21e9d2c708ad1fd92cb13342d2e50d11db8b19db10ff741aea9a98cfa56c7c","closed",FALSE
"mv07h_ph_metric_v1","ph__20260807__SRA742961_SRS3565203__gene_topology_v1",20260807,"SRA742961_SRS3565203","gene_topology_v1",500,499,2126,0,1.3152351546743e-07,TRUE,"ripserr","0.3.0","primary","","070d337ef92515a189488d4164c77f343011827dba65f1eb43b36958e23bde0e","mv07h_ph_record_v1:ed10be0728d391319834640edd73741d2dad9978b9f1452706120b393f2e1a81",12.9440362453461,581017600,96953,"19350726b5c64d82e564e5593c27f115887e7e3def4d72878e663ec177b413a9","closed",FALSE
"mv07h_ph_metric_v1","ph__20260807__SRA742961_SRS3565204__cell_topology_v1",20260807,"SRA742961_SRS3565204","cell_topology_v1",384,383,362,0,1.04500634410102e-06,TRUE,"ripserr","0.3.0","primary","","2bf54ea618cdab729fc440e602ae2c1fc0ce0495e3e96f48abddd23e5ab942f8","mv07h_ph_record_v1:5e954a77b3927deff2a8c291fa1840acc5d6978849bbf05ee0fb3dd9a29abf03",12.7636461257935,643874816,29511,"58f8c53705049c65665ea2e243c1b82fcc8a0e5a7fa5a4c69a6aa5a609642c8c","closed",FALSE
"mv07h_ph_metric_v1","ph__20260807__SRA742961_SRS3565204__gene_topology_v1",20260807,"SRA742961_SRS3565204","gene_topology_v1",500,499,1455,0,1.32152044937413e-07,TRUE,"ripserr","0.3.0","primary","","fcc5a69415d94c53db401b8cfe324e13165c94c63ab309c1ba5e85341e7b8fc6","mv07h_ph_record_v1:d8a760ee7de0eb916a573f7d00ce9096707e52cabf7cab120fadf8ebae391d5b",14.5043697357178,651411456,72797,"8b794163be766dbf67e18b1e7b54f69b77a095f930f3bbba15ab3cddc899d78a","closed",FALSE
"mv07h_ph_metric_v1","ph__20260807__SRA742961_SRS3565205__cell_topology_v1",20260807,"SRA742961_SRS3565205","cell_topology_v1",384,383,380,0,8.81068424116338e-07,TRUE,"ripserr","0.3.0","primary","","3112d1ff87aa1df2773acaa4a8786b61cafef6864522bd6cff1df0d8297095c3","mv07h_ph_record_v1:76c84a601e773d1492e0dc33c00fc258df7b93034bde4a9c2dda3e4b51e2b78a",12.7000288963318,675913728,30141,"59c7eba991bbea5cecb297d79d23be99b34fb4af1554b7e9d27d7b0f1aed6de6","closed",FALSE
"mv07h_ph_metric_v1","ph__20260807__SRA742961_SRS3565205__gene_topology_v1",20260807,"SRA742961_SRS3565205","gene_topology_v1",500,499,2116,0,1.30950804348624e-07,TRUE,"ripserr","0.3.0","primary","","d794c439dad03d0cc81f88138de01d117937dfe8b8c14e9e7610ba2e9818c5ee","mv07h_ph_record_v1:664e35dc2ce5aa2681ba9221c6114786adaca298c6ad1c5f55cd1f1f33b2ba9d",13.2236888408661,633311232,96593,"2d0145c1b19447b56a8a155981e49d7bc2ae56316cbbeb3ab90705f5cbb19462","closed",FALSE
"mv07h_ph_metric_v1","ph__20260807__SRA742961_SRS3565206__cell_topology_v1",20260807,"SRA742961_SRS3565206","cell_topology_v1",384,383,436,0,9.03658852106535e-07,TRUE,"ripserr","0.3.0","primary","","0946183e4089631268895f3c3443c027a28a04a1f5e87c377921ce6457714883","mv07h_ph_record_v1:19d5f9804cb44032190f2c88ef4714744f44fc5431dffc1883921987900909c6",11.5005543231964,676036608,32101,"9a895add1031439bf389f150ad483564489495934ec4b5a6adb9b1bbf28750ee","closed",FALSE
"mv07h_ph_metric_v1","ph__20260807__SRA742961_SRS3565206__gene_topology_v1",20260807,"SRA742961_SRS3565206","gene_topology_v1",500,499,2257,0,1.31146780377243e-07,TRUE,"ripserr","0.3.0","primary","","4312a7255dc97fad09eaa62be6307ec967e8d6decf7d245d9102a921ccf72377","mv07h_ph_record_v1:cf56770b80563bc48ff2509152a57b80353c7cb9e2bf42513df1c169647d93ec",12.1979658603668,724713472,101669,"e48a53c91b0827207d7596094d3969339a7f892b704f5b546dff9107dfe66c0a","closed",FALSE
"mv07h_ph_metric_v1","ph__20260807__SRA742961_SRS3565207__cell_topology_v1",20260807,"SRA742961_SRS3565207","cell_topology_v1",384,383,405,0,1.05563115302714e-06,TRUE,"ripserr","0.3.0","primary","","cd390f58fedd05330d64a379d2a4958bdb52b36e8382147092c70fcf3187460a","mv07h_ph_record_v1:178fe9d8978c1ae5c39f50c333259321347013a5574336da2bc80cd0cb4c2500",11.6921169757843,682680320,31016,"50ee101b7a19b96c97b55f1fb9fea2edc0df6093d80f22ab6c6fc2e0aa683217","closed",FALSE
"mv07h_ph_metric_v1","ph__20260807__SRA742961_SRS3565207__gene_topology_v1",20260807,"SRA742961_SRS3565207","gene_topology_v1",500,499,1749,0,1.3117728132479e-07,TRUE,"ripserr","0.3.0","primary","","3abeb538c32266d1e07833e1cdffb17496bbaba72b5cf59a3589b5ca2f825ed3","mv07h_ph_record_v1:04cd55ad5ac309fc675fea8323fe485325422b67b52403970da91b1f31949445",12.7330234050751,619859968,83381,"a5c439fc97b897cf1eb08ee37cea93fc17e55689b7b942c49bfa6a710c7257d2","closed",FALSE
"mv07h_ph_metric_v1","ph__20260807__SRA742961_SRS3565208__cell_topology_v1",20260807,"SRA742961_SRS3565208","cell_topology_v1",384,383,410,0,7.97295388082096e-07,TRUE,"ripserr","0.3.0","primary","","56190b9a01d683ee0fe3af74d913473ada014a195d381211a2c3abbe95ddbf10","mv07h_ph_record_v1:650a139a0033ffdf236f1bc5b12e6261225462f8091191d55fa04059d9f66159",12.4692416191101,638205952,31191,"0e8b198eae865e2bc04466cc2ab3e909204720c2bd023cf785663ab6fd49dd97","closed",FALSE
"mv07h_ph_metric_v1","ph__20260807__SRA742961_SRS3565208__gene_topology_v1",20260807,"SRA742961_SRS3565208","gene_topology_v1",500,499,2247,0,1.32085306031245e-07,TRUE,"ripserr","0.3.0","primary","","d69520036f64eddd714025cbf68417d6f7dc1061f1b090f836a5a9ff4865aae7","mv07h_ph_record_v1:6c38ef8836efcd9d1c6b504cc504f2aef0a0ba760b4b7763a5eccb83eff946ca",13.7592947483063,620654592,101309,"968f0c504b705e6aebf2d6ae8f90b35f89895d780a95d50f7de1a8bc656771fc","closed",FALSE
"mv07h_ph_metric_v1","ph__20260807__SRA742961_SRS3565209__cell_topology_v1",20260807,"SRA742961_SRS3565209","cell_topology_v1",384,383,420,0,1.18657815542917e-06,TRUE,"ripserr","0.3.0","primary","","0941b5b700802a67f674212516a2f79752050acb219eec18e3d0afb42f7b22c3","mv07h_ph_record_v1:fcd06eef7d187268b3c345a0a097da3788d4283cb4f8ba3043238446b0bea0d5",13.0472769737244,651460608,31541,"9c5a4eb2610017c4b6d3b365a1107969780858c182ad2ed9e7b407f85026df07","closed",FALSE
"mv07h_ph_metric_v1","ph__20260807__SRA742961_SRS3565209__gene_topology_v1",20260807,"SRA742961_SRS3565209","gene_topology_v1",500,499,1837,0,1.31208082030124e-07,TRUE,"ripserr","0.3.0","primary","","86957f3f5cd83b4a5c934e37983713418459e294055ab9d2cc6b5e344ea0a8c3","mv07h_ph_record_v1:102348b352359669fc43ed7b6f4bbabc4732d29e876c60b3888ad0573b9b3cb3",12.74311876297,592322560,86549,"75b8eeeadc14eceaee41af41403c243953776dd4ee589808c7f69d13d9b5e683","closed",FALSE
"mv07h_ph_metric_v1","ph__20260807__SRA742961_SRS3565210__cell_topology_v1",20260807,"SRA742961_SRS3565210","cell_topology_v1",384,383,368,0,1.0907455232667e-06,TRUE,"ripserr","0.3.0","primary","","0bee978d5094bf477f8c1de2f5e6e703a9b1d72b5d7dd1c9fe3dca9ecabe5d51","mv07h_ph_record_v1:72aac71e22836c2b872c6ba14c3f84b07e31041d751ac6411108e727ca73f7ac",11.667441368103,688574464,29721,"ce82cd612d4218c9f33bf56b39c4bc6fcf7b6d659743080c89f0c694f246c2b8","closed",FALSE
"mv07h_ph_metric_v1","ph__20260807__SRA742961_SRS3565210__gene_topology_v1",20260807,"SRA742961_SRS3565210","gene_topology_v1",500,499,1312,0,1.32289543910618e-07,TRUE,"ripserr","0.3.0","primary","","042979772d54f91e4b35b920aed3ba8386219b64b5c9321da4f96d366f61f40c","mv07h_ph_record_v1:af1d3bf90e5bed39b6a93ab9911c94b3c03ed48e26519cc5e3ddd4b398e91280",12.4456050395966,582717440,67649,"0999a7d0de1844407eea777750ed2550e3c9fbf68fbd7fa7c0379b2408dd1124","closed",FALSE
"mv07h_ph_metric_v1","ph__20260807__SRA742961_SRS3565211__cell_topology_v1",20260807,"SRA742961_SRS3565211","cell_topology_v1",384,383,400,0,9.30780643159805e-07,TRUE,"ripserr","0.3.0","primary","","53016eb8fe0b9f222c004aa976f3809585ded0b5c2b387fe1674ca5c5659855e","mv07h_ph_record_v1:59052afe4a19695ed899054eba47adab1395c189fae7e8e69ce145cebb47ae42",12.4807486534119,680214528,30841,"e5b44a42d044047be550aab34644c3ba392a4e30eebe6762f35fb09760b43fcb","closed",FALSE
"mv07h_ph_metric_v1","ph__20260807__SRA742961_SRS3565211__gene_topology_v1",20260807,"SRA742961_SRS3565211","gene_topology_v1",500,499,1728,0,1.32939482963573e-07,TRUE,"ripserr","0.3.0","primary","","fc0d2ce48ac485a40cd406aff017d6dc20195ff3de05815f2ddbc4815eaa88c7","mv07h_ph_record_v1:dfefa27d7fba87bcae34521b8ee81f1be73533c8cf8ac714d91010a2b9a14eb3",12.4865822792053,719024128,82625,"54f03201e4fae2f59d542ec9e34992e04e26986b46a3c3d9be4b4dd85fd2de7c","closed",FALSE
"mv07h_ph_metric_v1","ph__20260807__SRA749327_SRS3693910__cell_topology_v1",20260807,"SRA749327_SRS3693910","cell_topology_v1",384,383,373,0,7.69612139740982e-07,TRUE,"ripserr","0.3.0","primary","","17cedc96f8ebbd2e1761602dd70cfcee24b0e4bd449bb4b7e8ed445664fc2e6c","mv07h_ph_record_v1:195ff51f7a05bb340c1c890f890bfa570deac1277a2f0b55a7b267bfcb8fdac2",12.2044043540955,581738496,29896,"b468fbfee233f0abafe9d07402c2329d155977372217eac6ad495466b189c525","closed",FALSE
"mv07h_ph_metric_v1","ph__20260807__SRA749327_SRS3693910__gene_topology_v1",20260807,"SRA749327_SRS3693910","gene_topology_v1",500,499,1760,0,1.32058094759275e-07,TRUE,"ripserr","0.3.0","primary","","55cddc56f2f931d3344bc78ccf27016c24913855ae09a4802556b5dcc9961bf3","mv07h_ph_record_v1:80354e2fd046bf95e74881bfe7e77b3e96e49d54192ceb877c97621d43d69d88",13.056990146637,579993600,83777,"5f5c5937ddb7741c8b54de65b354db1edccadcee035164352af3eb42678a962f","closed",FALSE
"mv07h_ph_metric_v1","ph__20260807__SRA749327_SRS3693911__cell_topology_v1",20260807,"SRA749327_SRS3693911","cell_topology_v1",384,383,376,0,8.43868613242068e-07,TRUE,"ripserr","0.3.0","primary","","1b68995fcefb8d6c44a9cc8243122f382d7722c7e5661dc5b7caeda795c41b5b","mv07h_ph_record_v1:908e230f0554bf4ff9e1639ded21812ff63c5bd91567d7672c4fbb89f18a0df1",12.1924884319305,665624576,30001,"01fd6b5806a819e0ac83165172e32d0abdf67b4bf29e95bb324f84e66eb0d95b","closed",FALSE
"mv07h_ph_metric_v1","ph__20260807__SRA749327_SRS3693911__gene_topology_v1",20260807,"SRA749327_SRS3693911","gene_topology_v1",500,499,1540,0,1.31847497858547e-07,TRUE,"ripserr","0.3.0","primary","","d4493f12a11c17ec7d636a5a4c4c0a41b6d0024d0fddc7b8ce4495a1ba5ef969","mv07h_ph_record_v1:8ac60e127c3e503767b0d0e6188c94a246ef8e33af27255512e2bca20866b7cc",12.4892058372498,608935936,75857,"1cb0ac16a844b45abd5b92454a09995267788975ead8b032aa179e8c45d7d610","closed",FALSE
"mv07h_ph_metric_v1","ph__20260807__SRA749327_SRS3693912__cell_topology_v1",20260807,"SRA749327_SRS3693912","cell_topology_v1",384,383,416,0,6.85425778834281e-07,TRUE,"ripserr","0.3.0","primary","","dc4d862fb0d74e79d34edcf86117e8643ce997621c6d3179c886d5792211bb34","mv07h_ph_record_v1:872c966c8a5fb87d076dc369603ae59f819ac20e94b4f7aebf3487d205422d26",11.9625794887543,708218880,31401,"e4c9d454368fd83a3fc8c519307abc0c897b0f1ac16cb43cac397ab7a99ccba7","closed",FALSE
"mv07h_ph_metric_v1","ph__20260807__SRA749327_SRS3693912__gene_topology_v1",20260807,"SRA749327_SRS3693912","gene_topology_v1",500,499,1667,0,1.3134179501367e-07,TRUE,"ripserr","0.3.0","primary","","a79745a7772550e4166a072f148e66736417474376b01258e81987de061eabd2","mv07h_ph_record_v1:33c033b2198d232bd274f6f13d8d4cdaf20037b59f3ae529cb92fc41371af6fe",12.7740035057068,583364608,80429,"caf3d3b57d749c19233220775d74853d5ac7466043a0ee661ac5b752da41764b","closed",FALSE
"mv07h_ph_metric_v1","ph__20260807__SRA749327_SRS3693913__cell_topology_v1",20260807,"SRA749327_SRS3693913","cell_topology_v1",384,383,409,0,6.72045358733314e-07,TRUE,"ripserr","0.3.0","primary","","636fd0c672ad169a5638389417cf03f5bb95e2d423b21d12a7753627c91e213e","mv07h_ph_record_v1:e8b11389bec08ebcb056b19e532fe2f8a0767c54a271593ed0957462d4329c8f",13.2979598045349,610766848,31156,"c570a860145d7e37a97da54c956e6ad6618af33fcc42756505eb84c0219d3b5f","closed",FALSE
"mv07h_ph_metric_v1","ph__20260807__SRA749327_SRS3693913__gene_topology_v1",20260807,"SRA749327_SRS3693913","gene_topology_v1",500,499,1507,0,1.32110098742109e-07,TRUE,"ripserr","0.3.0","primary","","cd756b6b03f0f3f960eb6ee8094c5c058e096b13188fafb168ce9fdaa7acf729","mv07h_ph_record_v1:935c9ddd3d47650b191f9dd858d8c170bece8c9fa237edeca9b4a040dad13551",13.3386788368225,604348416,74669,"8d02894b8bb3f29028cb8451083d65200439b7f40f56bfaa835d1d015693f1b5","closed",FALSE
"mv07h_ph_metric_v1","ph__20260807__SRA760933_SRS3693061__cell_topology_v1",20260807,"SRA760933_SRS3693061","cell_topology_v1",384,383,333,0,1.22933068760646e-06,TRUE,"ripserr","0.3.0","primary","","d40b3217d3fa5b1a5c7f89b0e8453f22f3f3353a0857afab9741a60768a1f77d","mv07h_ph_record_v1:5f0afef77c06664c1f795ad50e267538667a5db5fb6d126e21a0961ed8df4252",12.8433227539062,647880704,28496,"cf29bc39e9fc2b28f506016fb402f6b9189a6c534bbaa02c7aa3769e800aa31f","closed",FALSE
"mv07h_ph_metric_v1","ph__20260807__SRA760933_SRS3693061__gene_topology_v1",20260807,"SRA760933_SRS3693061","gene_topology_v1",500,499,525,0,1.31926298595915e-07,TRUE,"ripserr","0.3.0","primary","","98f276851bacb3473eca12877d569b40f52672ef442eee164aa99845fd7c89d7","mv07h_ph_record_v1:afe73411f92f95aef0efb25079ffa4c075e7fbf9231303f60906788e67d5ff8d",13.0391533374786,634531840,39317,"20051d2d4c1650bec93486a3214a421eb56dba3e4dbe518d61432331ab7acd48","closed",FALSE
"mv07h_ph_metric_v1","ph__20260807__SRA779509_SRS3805245__cell_topology_v1",20260807,"SRA779509_SRS3805245","cell_topology_v1",384,383,262,0,1.06205286705477e-06,TRUE,"ripserr","0.3.0","primary","","6a82b7e7eb06cac7844d2b628efe9270779fa63cb22b19503621fb2833fa0568","mv07h_ph_record_v1:a6f4e52c5a1b36f344c7bd9298404469c279d1b83e66734085065ca38ba09f0b",12.5253238677979,581959680,26011,"21ae482acde47b38816d0f7ede9095d7cbad3161c9c7ab34e8b30ae63442e657","closed",FALSE
"mv07h_ph_metric_v1","ph__20260807__SRA779509_SRS3805245__gene_topology_v1",20260807,"SRA779509_SRS3805245","gene_topology_v1",500,499,868,0,1.30990532565227e-07,TRUE,"ripserr","0.3.0","primary","","a12d2cbbe44809995f3d261d91f8725cc7d89d2acf81a0f6ea90976130fa46eb","mv07h_ph_record_v1:58bb153a473ebc8be18f2f31143c511dec8b10f14b80e1f9eb41ae3b29989e7a",12.7815079689026,711708672,51665,"4edd1e8cfe8d4b59f838d0b32b23826245b78adcda176b47b7edf75c40a95234","closed",FALSE
"mv07h_ph_metric_v1","ph__20260807__SRA779509_SRS3805246__cell_topology_v1",20260807,"SRA779509_SRS3805246","cell_topology_v1",384,383,313,0,8.00572829053e-07,TRUE,"ripserr","0.3.0","primary","","cd05d1861332fc12b4026772f14fb496277acf4bf5cf16c5dfbaaf4d3d3b410d","mv07h_ph_record_v1:2d33a6f89c5d5323e5ac353fc5a9ed8148b9f4661e469c2622246683c82f54dc",12.2882409095764,584761344,27796,"8122e34c6fc886bf3c44dcdd4c284bb8901f1fdbbcd77be4afe90b05e7ed1e6a","closed",FALSE
"mv07h_ph_metric_v1","ph__20260807__SRA779509_SRS3805246__gene_topology_v1",20260807,"SRA779509_SRS3805246","gene_topology_v1",500,499,1111,0,1.32227653923233e-07,TRUE,"ripserr","0.3.0","primary","","706cebf5256bee171abebebb6ad1ef4ec194bb92b059b6fc753a6449585c5c10","mv07h_ph_record_v1:900e3a90ed8ff4a70d038d152758f8da1a1c31b4d92103c813ae4111728552a0",13.3402364253998,646881280,60413,"f8b6a2650dcee0097a4a0b8a5d2fb5f76319413f29713ab488c33d0f96a2346e","closed",FALSE
"mv07h_ph_metric_v1","ph__20260807__SRA779509_SRS3805247__cell_topology_v1",20260807,"SRA779509_SRS3805247","cell_topology_v1",384,383,341,0,9.05873929566117e-07,TRUE,"ripserr","0.3.0","primary","","6d33a80e3afafbb43b19643072165b44fc2f153f7834da79004cc9f108fa1be4","mv07h_ph_record_v1:472c4343f91384399d68047b0c594e47fc5744e38e1eb1df9552ec630232f33a",12.8621954917908,625782784,28776,"734c7932676a049af47eab664039bfb2d05266146cf894dbf9e12ee11438c15d","closed",FALSE
"mv07h_ph_metric_v1","ph__20260807__SRA779509_SRS3805247__gene_topology_v1",20260807,"SRA779509_SRS3805247","gene_topology_v1",500,499,1135,0,1.30650719891838e-07,TRUE,"ripserr","0.3.0","primary","","eeb261865ca38869b546cc8ad7edb8da0a5ddd8c0ced9bb70e3b9a2b2b31bac5","mv07h_ph_record_v1:54a596847eeea79f2d7b0463a90031fa74bee73b068817f4655d6ceeaee321e8",13.6145675182343,582553600,61277,"cd99cf3ef4f40839cc094366710ac1ef03eb3e19cd6febafb1ad43d86f1820bb","closed",FALSE
"mv07h_ph_metric_v1","ph__20260807__SRA779509_SRS3805248__cell_topology_v1",20260807,"SRA779509_SRS3805248","cell_topology_v1",384,383,399,0,7.04773427913161e-07,TRUE,"ripserr","0.3.0","primary","","a391e0e77252554b031e053a05aa48c4431d4a476c093ab28b8c4f4c0a81fa42","mv07h_ph_record_v1:972c4a234421d753542e460f9f09af816792abb3e62bb891e445d0e7d24bc939",12.8403124809265,581599232,30806,"d56c36d61c3140912a579db970edf7c4e73eef605b89b3523cabdd5e921a8258","closed",FALSE
"mv07h_ph_metric_v1","ph__20260807__SRA779509_SRS3805248__gene_topology_v1",20260807,"SRA779509_SRS3805248","gene_topology_v1",500,499,1164,0,1.31404299226764e-07,TRUE,"ripserr","0.3.0","primary","","cce1cd5cea69c9d316836142832bf2ca83a5c1ad432fbeb96b403bc7d1ab32bb","mv07h_ph_record_v1:c60167dd6d0bc2fc5402c6c6050665e55eb52347623d1ade186fe1d85968ab86",13.0776884555817,582557696,62321,"88ec92e997ea668a4b6006084be1e3b4285edf366ebcc9e99d97f242845db441","closed",FALSE
"mv07h_ph_metric_v1","ph__20260807__SRA779509_SRS3805249__cell_topology_v1",20260807,"SRA779509_SRS3805249","cell_topology_v1",384,383,349,0,7.67351358542421e-07,TRUE,"ripserr","0.3.0","primary","","4bb13f1366cdde7ffc10b3ce191ebba51472d6edc52ee0f2fc61fb51a7a94f16","mv07h_ph_record_v1:a10d417063d8624759cad114c93bb3ab184f5c0e0743098d1df96968c5c34093",12.8206856250763,581779456,29056,"7782acdf4808484c06565fab0f29245d2ba4523973c97b04872a19c853b1bd86","closed",FALSE
"mv07h_ph_metric_v1","ph__20260807__SRA779509_SRS3805249__gene_topology_v1",20260807,"SRA779509_SRS3805249","gene_topology_v1",500,499,1421,0,1.32900060136556e-07,TRUE,"ripserr","0.3.0","primary","","cafbe7c22a88d92e2cb28d45a4eb9d06bed764317a1edd2b5bd5c8791bd98352","mv07h_ph_record_v1:296fe8f839a5e7813e3d1768b3a48ec9bf36836e781a125bd11fa52409b94d3f",12.8215765953064,716316672,71573,"b2b668815eae295594332f6e4f80304dd7228584cfe96f0f1bf80faf2fa331db","closed",FALSE
"mv07h_ph_metric_v1","ph__20260807__SRA779509_SRS3805250__cell_topology_v1",20260807,"SRA779509_SRS3805250","cell_topology_v1",384,383,279,0,7.65053283375478e-07,TRUE,"ripserr","0.3.0","primary","","2bbf6dab5900729c607b138fbff3b5ab2d300486ff6098b1b819ede0fb9c8a93","mv07h_ph_record_v1:23b77073acfd86e58941113597011156b9f2590905f938d94c3bf054543b6a56",12.7036304473877,649121792,26606,"6fd4ddfab940d03abe7a00433ae98803df7404d0ac7ab2916a5ea4c9ec65f5b3","closed",FALSE
"mv07h_ph_metric_v1","ph__20260807__SRA779509_SRS3805250__gene_topology_v1",20260807,"SRA779509_SRS3805250","gene_topology_v1",500,499,994,0,1.31191112729397e-07,TRUE,"ripserr","0.3.0","primary","","bc2d41df92032fa1642528684ad4490aea98bf8213faeb2f7edab06c9d819586","mv07h_ph_record_v1:973e3c667642a6efcdc57e476b18b11b353d7c12f61383798863090bb4518b6f",12.947366476059,613187584,56201,"3d4856ea01c1c3c8a49075cc71b7b8e712a3555236d36314a3fc4e73990acbab","closed",FALSE
"mv07h_ph_metric_v1","ph__20260807__SRA779509_SRS3805251__cell_topology_v1",20260807,"SRA779509_SRS3805251","cell_topology_v1",384,383,245,0,1.10687827916797e-06,TRUE,"ripserr","0.3.0","primary","","b47b447c90a60d06ba9da65ff59a332aa37332528423eebabd886553e8ef89d6","mv07h_ph_record_v1:6dc1cb3a7e72acb9d447c34d25f1d7ae4d4dbd3253bf0ab58bb6b211cfd74a8f",12.4296000003815,721256448,25416,"b25a48f24dbab78e335662b5650b32b8ca664e35468cba07a485a0f1df285ea4","closed",FALSE
"mv07h_ph_metric_v1","ph__20260807__SRA779509_SRS3805251__gene_topology_v1",20260807,"SRA779509_SRS3805251","gene_topology_v1",500,499,334,0,1.30902447499751e-07,TRUE,"ripserr","0.3.0","primary","","715e27e112d2c8d5d35e5ee1be57e9bd8ea7a4b566763bfa55a54b2154ee20a1","mv07h_ph_record_v1:1bf08859a944cec3df1df3e033d75f1a13aea16ef03ebe8627e8fe873fed4bdc",13.7406828403473,581799936,32607,"32da14d2b71eb43bf0ff0ab50354f6fcd723182394aa8f501df81945adc99130","closed",FALSE
"mv07h_ph_metric_v1","ph__20260807__SRA779509_SRS3805252__cell_topology_v1",20260807,"SRA779509_SRS3805252","cell_topology_v1",384,383,342,0,8.54005148879029e-07,TRUE,"ripserr","0.3.0","primary","","35aaea7ec9ca529db8d9c1e7327ec25dbfbd2ffbc5149b5130c39e2aabed0e75","mv07h_ph_record_v1:90acd6ba4ac16afd2ced304a3066f240f6c92e3646edd64e999286cca0d97b86",12.4489560127258,709513216,28811,"3c78d7519d34d115e837906ea1eeeba5af35d91b0d3820ce051504bcd29ff10c","closed",FALSE
"mv07h_ph_metric_v1","ph__20260807__SRA779509_SRS3805252__gene_topology_v1",20260807,"SRA779509_SRS3805252","gene_topology_v1",500,499,1258,0,1.31178266807477e-07,TRUE,"ripserr","0.3.0","primary","","9f69b48fd7a3c48d5b6a874c5e485a204b1eb6ff74dd7f1969d8de43f6a0ae33","mv07h_ph_record_v1:9fc0a6b887152b3365d65521d2d890b8eb6e5d1a719b358602793ad9f909887d",13.2972395420074,663543808,65705,"6b665b0a32e514b41ecdd462d936838b897b06e0023ecdeac0295654145e3ae0","closed",FALSE
"mv07h_ph_metric_v1","ph__20260807__SRA779509_SRS3805253__cell_topology_v1",20260807,"SRA779509_SRS3805253","cell_topology_v1",384,383,384,0,1.06347097249982e-06,TRUE,"ripserr","0.3.0","primary","","242f2fa99e44c9df14e72d9fde6ac7340f30782f7f5572b269ab9c8ad1c7b084","mv07h_ph_record_v1:a3cdf614031587486f06a979309fb8f61a3b55d6518c44db8b9b6f52783d3f16",12.7457890510559,581713920,30281,"53f8773d889ec42c9338bfd74778b636da961f02681e5860ddac0ee70b697253","closed",FALSE
"mv07h_ph_metric_v1","ph__20260807__SRA779509_SRS3805253__gene_topology_v1",20260807,"SRA779509_SRS3805253","gene_topology_v1",500,499,1232,0,1.31196403813746e-07,TRUE,"ripserr","0.3.0","primary","","88b9bf0d1a0221dabac24362d6ab003f2ddc74ab81a1e3a7de4057b5bb9f9cdc","mv07h_ph_record_v1:423d1d6865530a062f30e1a878bc1b9973fe5e6c46fca8120ba2698a6cbce2e6",13.0217168331146,621424640,64769,"94e80986636247858faab09c0f2698a1d33770d65b95937bf4bb8176d66a069a","closed",FALSE
"mv07h_ph_metric_v1","ph__20260807__SRA779509_SRS3805254__cell_topology_v1",20260807,"SRA779509_SRS3805254","cell_topology_v1",384,383,309,0,9.06886432965834e-07,TRUE,"ripserr","0.3.0","primary","","1b439e46acfa5e6427a175b4472df7cfbe80ca15128e7a2194a823e3c671f1de","mv07h_ph_record_v1:7f3aacfc3cec8a80455b8bddb9df5d0917969d0fed1759a918ec1bfd76c623b3",12.4818894863129,657514496,27656,"e3df2c9b1b62f65e171defc70382ba195a45bd449feeac0cfc89d5646101a526","closed",FALSE
"mv07h_ph_metric_v1","ph__20260807__SRA779509_SRS3805254__gene_topology_v1",20260807,"SRA779509_SRS3805254","gene_topology_v1",500,499,843,0,1.30681370399446e-07,TRUE,"ripserr","0.3.0","primary","","9ff11af8a34115cfa186154d79079d6ae66187131a39a0c0d97462ea0487eec7","mv07h_ph_record_v1:dee2ce177e6e30ad9c0b9442bd970df0be7c39ccb098b14585697970e794e151",14.5415217876434,574500864,50765,"8b435f57b086a2b45caca27847077a84e32ac36d62017925d544e57daa368857","closed",FALSE
"mv07h_ph_metric_v1","ph__20260807__SRA779509_SRS3805255__cell_topology_v1",20260807,"SRA779509_SRS3805255","cell_topology_v1",384,383,398,0,1.13769442895183e-06,TRUE,"ripserr","0.3.0","primary","","da151418487281884fa1fbc39b45de2109546f34db4c0da00d05ac6af8734b34","mv07h_ph_record_v1:2a6997c081f63b680cd6c62a5bea226626525f487f43dff463f9d755f6a6613b",12.7178082466125,581734400,30771,"09781e0dc69c6ef7d94f0f561dd7249bf663d974ee1b1830a88100603e8de07e","closed",FALSE
"mv07h_ph_metric_v1","ph__20260807__SRA779509_SRS3805255__gene_topology_v1",20260807,"SRA779509_SRS3805255","gene_topology_v1",500,499,1777,0,1.30955098010352e-07,TRUE,"ripserr","0.3.0","primary","","5eb9239443dd5a20ed6c2b924a7d6e73d4675d9881edfe6e4f21fe39502dc3ca","mv07h_ph_record_v1:64a56902056d81f4d43204ba1efee9a5afa8cb107b170f651557e8e76f503cce",12.9955096244812,581173248,84389,"5110ea27742c376accb950dfe8919ab988c9e0a32b8be6ae716c0c1f55fd1a9f","closed",FALSE
"mv07h_ph_metric_v1","ph__20260807__SRA779509_SRS3805256__cell_topology_v1",20260807,"SRA779509_SRS3805256","cell_topology_v1",384,383,343,0,1.15073066622897e-06,TRUE,"ripserr","0.3.0","primary","","682127671d98f7e394d13bc1cfbebfeed8332de614bf87b94ea5efd6419cb6b3","mv07h_ph_record_v1:ab767baf26f7458aefdbd8275771993adb22665263603139d3a28fae14e614fa",12.7997033596039,646369280,28846,"dc63a525873c50a47a2853e6f96d68cdf4e4f290c79e2f77d43de0501082219f","closed",FALSE
"mv07h_ph_metric_v1","ph__20260807__SRA779509_SRS3805256__gene_topology_v1",20260807,"SRA779509_SRS3805256","gene_topology_v1",500,499,947,0,1.32013290906017e-07,TRUE,"ripserr","0.3.0","primary","","b88d3824cc95fd8e2a251b434a00d13f0002f18c5ade869100a47a79421c6b49","mv07h_ph_record_v1:5bdba1e069b010eab8fa0a9ff40c5b95af30bb38afd7ca4df6517eb9e5ebae53",13.3044559955597,582533120,54509,"b54ed1575bc0ed1e2e0aecc8df31ed6efa59b923fdbe5f63dde47de982ca4f7d","closed",FALSE
"mv07h_ph_metric_v1","ph__20260807__SRA779509_SRS3805257__cell_topology_v1",20260807,"SRA779509_SRS3805257","cell_topology_v1",384,383,304,0,9.33867087326479e-07,TRUE,"ripserr","0.3.0","primary","","ca7bb11a68b462f652850d312aa4a0fd5798d251238899bf6fd265f38ef1b260","mv07h_ph_record_v1:73179cffd4ac2e0a4dc393b3dc92932511d9bb961f6ea3f07f4fa8837e294a4f",12.7500896453857,581824512,27481,"da51d05fc5e9a64ca68483266b1936d3d07544075a4b160e319ba7633b9defcb","closed",FALSE
"mv07h_ph_metric_v1","ph__20260807__SRA779509_SRS3805257__gene_topology_v1",20260807,"SRA779509_SRS3805257","gene_topology_v1",500,499,632,0,1.29816418803119e-07,TRUE,"ripserr","0.3.0","primary","","15fef54e1c8fe7ebac8621e76998dc497d445a5fc794999b1ff2a3e4a56a9897","mv07h_ph_record_v1:9bbddf118bef1ab0c3f3304018c77b16654fd01d9a87dabad548231d9f0e7ca4",12.9948797225952,598712320,43169,"13633fb9c3cf7b8f6a9784f39165aec0bd5ac4e88fcde2798c73f8c88d210760","closed",FALSE
"mv07h_ph_metric_v1","ph__20260807__SRA779509_SRS3805258__cell_topology_v1",20260807,"SRA779509_SRS3805258","cell_topology_v1",384,383,373,0,1.178790275926e-06,TRUE,"ripserr","0.3.0","primary","","a72526d015d40df3e70109593d1fc8f3e43bec44ffce6c785f7aa1511c9fb3f2","mv07h_ph_record_v1:8aacefdf682846bd48529e8329c9fcb9d1bdaab6fdb1655d4124c6b976879bb3",12.7562580108643,621572096,29896,"baec7bebea8e8180f7d0cfea078e93f0ac7c184cd51c87aceff599baebf2e01c","closed",FALSE
"mv07h_ph_metric_v1","ph__20260807__SRA779509_SRS3805258__gene_topology_v1",20260807,"SRA779509_SRS3805258","gene_topology_v1",500,499,1430,0,1.31701340605068e-07,TRUE,"ripserr","0.3.0","primary","","f7acde1e378e75cad562649efcb36a2fa1748235a803b7be6259108b0d6df555","mv07h_ph_record_v1:515786c58a38e46c5987645448b1d0ea9c64b536c50e5918bff5679e91d4057a",12.7549676895142,582635520,71897,"3e5f2c023c3b88ee20894ed42d64c1d0a5b53cdd7b94bcbb0ba35afc0d08dde5","closed",FALSE
"mv07h_ph_metric_v1","ph__20260807__SRA779509_SRS3805259__cell_topology_v1",20260807,"SRA779509_SRS3805259","cell_topology_v1",384,383,340,0,1.08019350322162e-06,TRUE,"ripserr","0.3.0","primary","","ceb72867dfb9a8364ff5e1d8ccd22658ad5443fcb262b58da3cc4b0bd356e3a6","mv07h_ph_record_v1:23b37d5c9940420802bdf85d9fe999b0cafaf097c2643072d91bf0e4397cd052",12.4795570373535,670679040,28741,"7e42e0172fe06958e33dd6cf46f1da6f9613d3442fed56e2fbefca24abbd5e7f","closed",FALSE
"mv07h_ph_metric_v1","ph__20260807__SRA779509_SRS3805259__gene_topology_v1",20260807,"SRA779509_SRS3805259","gene_topology_v1",500,499,1490,0,1.3102394384064e-07,TRUE,"ripserr","0.3.0","primary","","1156298298107edb8f84ea16f130a99d0c84c3ebbf926ce0833eabe764766cb2","mv07h_ph_record_v1:a7063cab6082a9d80d88b605dcaf7d35b2b7bfc6ef1d930164c43ae02383fdf1",12.7454588413239,622604288,74057,"3b8577b61af362c4002fbc18e4556fd7a2c52d86096243b2a34044e53519d71f","closed",FALSE
"mv07h_ph_metric_v1","ph__20260807__SRA779509_SRS3805260__cell_topology_v1",20260807,"SRA779509_SRS3805260","cell_topology_v1",384,383,324,0,7.35929957632061e-07,TRUE,"ripserr","0.3.0","primary","","cc231852d41c84a7340b091dd27c236e746f52e1a0db5d660464dbc54556260d","mv07h_ph_record_v1:ba4f0ca48a525e9abf33245957a076715b69226746b6fdaa59ab7f4882ef4ebf",14.1270554065704,625217536,28181,"d1c9adef52e454daea291cd661dfc8a401db8edb428f4db5a9d2a5bd75204ea3","closed",FALSE
"mv07h_ph_metric_v1","ph__20260807__SRA779509_SRS3805260__gene_topology_v1",20260807,"SRA779509_SRS3805260","gene_topology_v1",500,499,1048,0,1.3172040716615e-07,TRUE,"ripserr","0.3.0","primary","","71b4ee8219a717c748e5cfe6a68a5aa9ef16119b8a6606d2292850d899270414","mv07h_ph_record_v1:796131b293ed3b72d9bc9c87960a0fea3454a8d1cfd70389a9dbedd0df4f9f73",12.5095088481903,666988544,58145,"cd8ab7fc117550cd5394af4f85288fd69c2a2f10dedafa34c0bc898a81caad82","closed",FALSE
"mv07h_ph_metric_v1","ph__20260807__SRA779509_SRS3805261__cell_topology_v1",20260807,"SRA779509_SRS3805261","cell_topology_v1",384,383,282,0,1.05959663693004e-06,TRUE,"ripserr","0.3.0","primary","","0a92b51e456f7b9c155cb2112045839da78236c6e74257f6fcee7f0f2aa37d5b","mv07h_ph_record_v1:2e7a6c54e186e1fd6dff0fe5f2bcb65340e1ec3115a1ee67a16d6d85c5b2c483",12.507607460022,581754880,26711,"599dc15e8e96b008fb650097f78f1cae543ac8d1e88c2cca22289f51672d6ef3","closed",FALSE
"mv07h_ph_metric_v1","ph__20260807__SRA779509_SRS3805261__gene_topology_v1",20260807,"SRA779509_SRS3805261","gene_topology_v1",500,499,782,0,1.32213187330379e-07,TRUE,"ripserr","0.3.0","primary","","c855d66c9d83ef112f4082ea6a21957c158ed484f10612aca87dffb1f664104e","mv07h_ph_record_v1:4a114eb78191b363dc48cab7c3dc528649cc81487aee02a145b87a7864ac036e",12.7857596874237,579522560,48569,"58e75cf28abff2e03febc14b26a0677a6593d774e4d460158e89019661b58dfc","closed",FALSE
"mv07h_ph_metric_v1","ph__20260807__SRA779509_SRS3805262__cell_topology_v1",20260807,"SRA779509_SRS3805262","cell_topology_v1",384,383,306,0,9.07930620232249e-07,TRUE,"ripserr","0.3.0","primary","","88e60078bc29cb92ee4506f457c51740f7c725047b86b870cb7bcf46d47e201f","mv07h_ph_record_v1:9d7b2137044ea30733bea35eac0918c8a3ee19143fdb7e00e0306bc0f534641e",12.5187036991119,649068544,27551,"832dc7cfb0b07064ae833e0d90d71e0977e2521e41f14ac73dcf5b48f1011046","closed",FALSE
"mv07h_ph_metric_v1","ph__20260807__SRA779509_SRS3805262__gene_topology_v1",20260807,"SRA779509_SRS3805262","gene_topology_v1",500,499,242,0,1.32196577612476e-07,TRUE,"ripserr","0.3.0","primary","","f35e51198673ad88eb5261110ec40280b76f49c409a565e447db30b2c6977cc9","mv07h_ph_record_v1:7edeaa1142080f0e20f2ccec3fbd57bc8f94bd2df17ad3c2544f33e14b74369d",12.8557829856873,589987840,29387,"b6b8ea4b802ccd0307091ceb764f6c21a825ce4398a94e20cd8e60bd5bdfdcce","closed",FALSE
"mv07h_ph_metric_v1","ph__20260807__SRA779509_SRS3805263__cell_topology_v1",20260807,"SRA779509_SRS3805263","cell_topology_v1",384,383,355,0,9.08788842006254e-07,TRUE,"ripserr","0.3.0","primary","","b04ac5592398dcaba26e4318569ca4237e34606c6641aabc8b6c1dfb81d781ac","mv07h_ph_record_v1:245b49bd18e901de197d540707fb4a979afa037795079a340d8be2f65224686b",12.5790820121765,581787648,29266,"d3d49af9dfb318298e1cad2841a03618f595d03c415ba1175dd5b5d450f57b41","closed",FALSE
"mv07h_ph_metric_v1","ph__20260807__SRA779509_SRS3805263__gene_topology_v1",20260807,"SRA779509_SRS3805263","gene_topology_v1",500,499,1323,0,1.31226012056864e-07,TRUE,"ripserr","0.3.0","primary","","d636a67515c6a118c0aba354e273b3315cac8c003531d40b89449e160c04de19","mv07h_ph_record_v1:2793ea628903f7e1c153973bc11a17b7473bde7cd70cab3f658b432eafa54b51",12.795948266983,582565888,68045,"73f2561114b63bc38bb809eaabc8ff7d99d3fac471c8db0021251929089cc65c","closed",FALSE
"mv07h_ph_metric_v1","ph__20260807__SRA779509_SRS3805264__cell_topology_v1",20260807,"SRA779509_SRS3805264","cell_topology_v1",384,383,370,0,1.17397135080697e-06,TRUE,"ripserr","0.3.0","primary","","e4e14d8415c0baefe3fddab422cff02ecd51412aec84e72ba59ab1dc175a6d7a","mv07h_ph_record_v1:e042b1171102366061465bdc93bdc31bbba319f6c45ba5eb8ebe7087e384cf31",12.5386373996735,696647680,29791,"a8bf69063a82bb7e8c7dcfebd7d5f04ef310b87c5404d40c1b183792e0572776","closed",FALSE
"mv07h_ph_metric_v1","ph__20260807__SRA779509_SRS3805264__gene_topology_v1",20260807,"SRA779509_SRS3805264","gene_topology_v1",500,499,1527,0,1.31475469431642e-07,TRUE,"ripserr","0.3.0","primary","","e5a5ca5db826db01e9454929055b75a126ef5d5e51008828ccdb76be6517ddfc","mv07h_ph_record_v1:2b4867a83dae102c05d4edefb751bb0e2bb8cd932587f4b15b9926fd5c2bf019",13.06525182724,709582848,75389,"17283732bab06b7999b3b832b08e32b60981ed36736798770d2c99ee4cdae91a","closed",FALSE
"mv07h_ph_metric_v1","ph__20260807__SRA779509_SRS3805265__cell_topology_v1",20260807,"SRA779509_SRS3805265","cell_topology_v1",384,383,456,0,1.1742132475748e-06,TRUE,"ripserr","0.3.0","primary","","596c50c8a5d89b0754e5cefe67d18f0d43b8211423cc2e3caf6a06d239f2f0a6","mv07h_ph_record_v1:aabe202b0043f236eec860944994842a84bd59475b070a43549024f2f4240c01",12.2801072597504,577892352,32801,"c1658e2e3f6a496fa920d68d11bfe76bd861ae84fc08523a2e572b58e3337391","closed",FALSE
"mv07h_ph_metric_v1","ph__20260807__SRA779509_SRS3805265__gene_topology_v1",20260807,"SRA779509_SRS3805265","gene_topology_v1",500,499,1797,0,1.31379857320851e-07,TRUE,"ripserr","0.3.0","primary","","49cda721f4d7443b2d189b43e6cecfbd194e30a50f1c55a09d954468a0249838","mv07h_ph_record_v1:7c8d6f8964df8a3acf1ab8f4310d177e02eec2d123a046f0013eaf022eee1489",12.8595066070557,580165632,85109,"cf6abdc389e0d70ba982b65a3b1f66f106dc0ed9422ec35abfb0f5a642142005","closed",FALSE
"mv07h_ph_metric_v1","ph__20260807__SRA779509_SRS3805266__cell_topology_v1",20260807,"SRA779509_SRS3805266","cell_topology_v1",384,383,313,0,9.15014155621579e-07,TRUE,"ripserr","0.3.0","primary","","b1ccf5762af82caf4d0f0a383e09a44101bd6b99f1b1947d482f9189452461ab","mv07h_ph_record_v1:83052eda4a479dcad32a716b0866b1ef7d89e36e306b03dbaeda636c8e6861f4",12.3884654045105,577929216,27796,"1d7cc1ec324be85ef40a4776b7a4133f9d53821226bf17d9788706185b034726","closed",FALSE
"mv07h_ph_metric_v1","ph__20260807__SRA779509_SRS3805266__gene_topology_v1",20260807,"SRA779509_SRS3805266","gene_topology_v1",500,499,752,0,1.32135320645924e-07,TRUE,"ripserr","0.3.0","primary","","ca10e7f341f68376893e924f8a52410d452c43948cca208be298daa3e8e80a78","mv07h_ph_record_v1:7c5aef3a18dba6897aaa3963ef779a2b644c1a7b7a1e25d1dc014036fba73f55",12.5965666770935,607956992,47489,"faa8423812440088302b98709b5d9c71c71fa249c05de89dd41183eaf95154f0","closed",FALSE
"mv07h_ph_metric_v1","ph__20260807__SRA779509_SRS3805267__cell_topology_v1",20260807,"SRA779509_SRS3805267","cell_topology_v1",384,383,356,0,9.35988366664476e-07,TRUE,"ripserr","0.3.0","primary","","969b71eeeaa8368bac7c3e775c6f0dae7f5d0382178a7a4b931b2e5d64aae6d2","mv07h_ph_record_v1:2c8dafa3920d881dd2044d96ca2216e8d0bea21523bfa53f2612aa9228283d95",12.3538932800293,686829568,29301,"8de454db5a0414c70fc230409c83b7ca678de7e8fc59e0a9e12100d90dff2f4c","closed",FALSE
"mv07h_ph_metric_v1","ph__20260807__SRA779509_SRS3805267__gene_topology_v1",20260807,"SRA779509_SRS3805267","gene_topology_v1",500,499,1082,0,1.31394527138048e-07,TRUE,"ripserr","0.3.0","primary","","2269a445d2fcb1efdf5eb5140e3caea5d3005e55cc57a3d59de5d51ff18d2103","mv07h_ph_record_v1:865a4d2bb1dbbddae835c7ab52327e522d2d73fbd6bc790323d6a480b0009cd8",12.8193733692169,705982464,59369,"5ee4f736c2b67f9501c23e597d071ce3aac4aa35bc3007c364b67860a5b41168","closed",FALSE
"mv07h_ph_metric_v1","ph__20260807__SRA779509_SRS3805268__cell_topology_v1",20260807,"SRA779509_SRS3805268","cell_topology_v1",384,383,326,0,1.12722314406463e-06,TRUE,"ripserr","0.3.0","primary","","994a0e2cf1dd765012b239ed380502f3e3185241b414cdafd8c44cf9000e68d2","mv07h_ph_record_v1:bcab9eaf79c26e9b73d68c9f9159b5e80a98ef552293865aace666932b36bf37",12.8118488788605,870473728,28251,"899e8b5523c855ba0f98199fa1dda338b7bd0d38a9c7ccfe33b434231679d3cf","closed",FALSE
"mv07h_ph_metric_v1","ph__20260807__SRA779509_SRS3805268__gene_topology_v1",20260807,"SRA779509_SRS3805268","gene_topology_v1",500,499,832,0,1.30972087370452e-07,TRUE,"ripserr","0.3.0","primary","","beaaadb6d01d083fe3ce68e0714286445945b215d0a2e01687ff6b940c61e228","mv07h_ph_record_v1:2fa5b7d7d220de21654ce0628590f5e113b28bd596c0a135110ea1129a135035",12.8044819831848,578863104,50369,"e32d95ed502f444cad82a7ef5156158d83d4e6ffc176c06e6a3cf6b1d46ea9e4","closed",FALSE
"mv07h_ph_metric_v1","ph__20260807__SRA779509_SRS3805269__cell_topology_v1",20260807,"SRA779509_SRS3805269","cell_topology_v1",384,383,356,0,9.84750722013112e-07,TRUE,"ripserr","0.3.0","primary","","6aff9bc662b2e30db4ed70b7d8aa7f31dc6af4fc2b8448f43dce49bd592fae3a","mv07h_ph_record_v1:210f041e2be5c2a11df65de5d87e5b4b9f105812985148a34687e90bedba8a65",12.5817940235138,721620992,29301,"e82ec1e1cc5469ff489ac96b7d61893b59defbcafb0157f2573e0f14fd34d4f6","closed",FALSE
"mv07h_ph_metric_v1","ph__20260807__SRA779509_SRS3805269__gene_topology_v1",20260807,"SRA779509_SRS3805269","gene_topology_v1",500,499,1243,0,1.31524913495807e-07,TRUE,"ripserr","0.3.0","primary","","2cba1b0e8ba437cdafdce8e8443bec086d626616bce7a3ece79c9c6642bbc8fb","mv07h_ph_record_v1:bf379b7d82d88ba022778f97aeedae75e182eee82390d052b4843c091ad6535a",12.7640199661255,648491008,65165,"9b12cb53a4654d5b5b02d53f8d5d2aef4be1e9a55e97ce1b5707f34bf4ee8027","closed",FALSE
"mv07h_ph_metric_v1","ph__20260807__SRA784242_SRS3822680__cell_topology_v1",20260807,"SRA784242_SRS3822680","cell_topology_v1",384,383,354,0,1.06949184635931e-06,TRUE,"ripserr","0.3.0","primary","","6b4084819b6bcb35d92b5311e6d5feabcb84b1f4b4428326e3003a3c9b52b2a4","mv07h_ph_record_v1:15e62ff5038c556ad8cc70eef4d8157d5bdb2c6f4e5fd79d08b80624e52f34f4",12.1724102497101,581767168,29231,"1e41d4321ca66c4915a81a7559dd9568f4cc01cfd30efefc20e44e766bf9eae1","closed",FALSE
"mv07h_ph_metric_v1","ph__20260807__SRA784242_SRS3822680__gene_topology_v1",20260807,"SRA784242_SRS3822680","gene_topology_v1",500,499,1170,0,1.31267564284569e-07,TRUE,"ripserr","0.3.0","primary","","ca1fc720ba53caa4457614747cd7fed02b7559141c27aa627553c05a3fcb2eae","mv07h_ph_record_v1:d2da3ae67cc8b2b7269d52ca4a4172d1d625ee1d155ad9c982e07445b760f1fa",12.1742205619812,714145792,62537,"84ba66534691434490da06ec8c45e26c2227ab7817ff862d429a9036365a2d8f","closed",FALSE
"mv07h_ph_metric_v1","ph__20260807__SRA784242_SRS3822682__cell_topology_v1",20260807,"SRA784242_SRS3822682","cell_topology_v1",384,383,340,0,7.99238028670361e-07,TRUE,"ripserr","0.3.0","primary","","3260a8d3bd810394727305a231e60b271d1882eb66f17eda8a9ac45b582938b5","mv07h_ph_record_v1:bb342c3a26a631162b21aba11b27ec219c1737e3468a66c1e38336758164b34d",12.4182970523834,581832704,28741,"af4c7f6249a50afc19637b00a2c9164c593ebb8b4a6c93a888b9086a1f2954f1","closed",FALSE
"mv07h_ph_metric_v1","ph__20260807__SRA784242_SRS3822682__gene_topology_v1",20260807,"SRA784242_SRS3822682","gene_topology_v1",500,499,1058,0,1.31211729103957e-07,TRUE,"ripserr","0.3.0","primary","","4f3f740c0ead2b8ec9f5f2b14242ab071af3673bcf1b1f0668c3b64f3df9ea3c","mv07h_ph_record_v1:2ee26ac0d3aba5ae6bdd6b938fe8011f066eaf7c3a11a3244de9298b2f0df72b",12.6873359680176,718249984,58505,"574d34265ccf2e3614e81bd51799a59e73e5e9d95a14b71009c776ed8543792b","closed",FALSE
"mv07h_ph_metric_v1","ph__20260807__SRA784242_SRS3822683__cell_topology_v1",20260807,"SRA784242_SRS3822683","cell_topology_v1",384,383,348,0,1.22704028196195e-06,TRUE,"ripserr","0.3.0","primary","","9f2673639abe03924308892e5b17e2129a90cfab095332bc8413a85a764ebe52","mv07h_ph_record_v1:a4adfb10ef7ac7d8e710a8d9231a8af3f1377edf3fa703659daa72b3867f8fff",12.1873977184296,581849088,29021,"e6bd3936766988f5d0d2065ab43170a7cd6076058c024a61e896e2c6f436410c","closed",FALSE
"mv07h_ph_metric_v1","ph__20260807__SRA784242_SRS3822683__gene_topology_v1",20260807,"SRA784242_SRS3822683","gene_topology_v1",500,499,1243,0,1.31168843458866e-07,TRUE,"ripserr","0.3.0","primary","","ecd15ca00a87221d06d87ca062020c986f2178c3fd60705a499243131e494901","mv07h_ph_record_v1:398b3b56af22c51d4494680ea922b630ee5e7d5c8c145a7723709fe5b9817513",12.4914674758911,726216704,65165,"ba91e2cdb46f92a7696e194837fcbf39eeb462bc4604fbf7895c0c5be83de038","closed",FALSE
"mv07h_ph_metric_v1","ph__20260807__SRA784242_SRS3822686__cell_topology_v1",20260807,"SRA784242_SRS3822686","cell_topology_v1",384,383,332,0,1.34698310206822e-06,TRUE,"ripserr","0.3.0","primary","","555e8d6e6ef29042f3a7d18a7d64570d44402ec84b0aa75325375dd72bca63ee","mv07h_ph_record_v1:1c5c407f62c39e06d5c55ff070b2bb00c97e7d59631924ce6b0b5028d9b19e3d",12.2281591892242,577916928,28461,"23ad0e85ee42fcec63d7cb076941ccb335f0118f95b452437cfeab6b12003367","closed",FALSE
"mv07h_ph_metric_v1","ph__20260807__SRA784242_SRS3822686__gene_topology_v1",20260807,"SRA784242_SRS3822686","gene_topology_v1",500,499,1257,0,1.31562660896355e-07,TRUE,"ripserr","0.3.0","primary","","cf510752fd93ef14a38755eca8b961e938e802bb975974b1db60e58d9f21c888","mv07h_ph_record_v1:1607fd5ea4cdb693a5c4958a7cfb612ad3cd46e5903bddf44f2e5f4e86dea8eb",13.059558391571,673157120,65669,"219c874a6fa87a457bfad2cae2b812e95491fa98efaa614eaa1f6cf4d0fefde1","closed",FALSE
"mv07h_ph_metric_v1","ph__20260807__SRA826293_SRS4181123__cell_topology_v1",20260807,"SRA826293_SRS4181123","cell_topology_v1",384,383,425,0,8.68157317133325e-07,TRUE,"ripserr","0.3.0","primary","","b8681576aa587be5d454b10fbf2463624b024d92993c3d43422146a4bc227bda","mv07h_ph_record_v1:9c4971a339f81d29a5721229b2743de126099aef4bab9105ac5b4c840fffcffa",12.480212688446,716390400,31716,"d429c1dc74c275a11d93d210a480533ddb5ff5e16fbb80b894b2b0dc9231184c","closed",FALSE
"mv07h_ph_metric_v1","ph__20260807__SRA826293_SRS4181123__gene_topology_v1",20260807,"SRA826293_SRS4181123","gene_topology_v1",500,499,2010,0,1.32215120363209e-07,TRUE,"ripserr","0.3.0","primary","","cf77ab23b3a05c45e91fd7b49f5d62e18c40ee791fd0e2daefebf1903b8458aa","mv07h_ph_record_v1:143358a154e9576f841097b1af23ca29fb92abad0d61c40f4521a79774adacde",14.2645454406738,721408000,92777,"7c3f91e274856438f8bfb72e8db690d8bc3470b9053874fa275702bebbb186b2","closed",FALSE
"mv07h_ph_metric_v1","ph__20260807__SRA826293_SRS4181124__cell_topology_v1",20260807,"SRA826293_SRS4181124","cell_topology_v1",384,383,360,0,8.86724442863375e-07,TRUE,"ripserr","0.3.0","primary","","538a1cab1a326c3f971e763d0c86cb33a1e89add5095e585fd02a0f121ac47e6","mv07h_ph_record_v1:f805f7f050e15678b037122bb867dc312e6a1a6f0a500e434476e58fe64b4f77",12.2217493057251,694345728,29441,"d638a3113d5cd08c4c7976f0b93706156a48963f12b8c988c5f5640c681135b8","closed",FALSE
"mv07h_ph_metric_v1","ph__20260807__SRA826293_SRS4181124__gene_topology_v1",20260807,"SRA826293_SRS4181124","gene_topology_v1",500,499,1914,0,1.31095028100357e-07,TRUE,"ripserr","0.3.0","primary","","faf03ec34c3b5bc77341a9fc5437951d228f6da3c1e2900090882eabb9e7dd03","mv07h_ph_record_v1:99770229a3b56e9f5b165ddba5b787ee9ac6555fff98de424449369160e43b7b",12.9972360134125,648835072,89321,"423665fdd250cc05314ad92d2a7422bc1e2b77891c4415b6c8cb836e4a1043ff","closed",FALSE
"mv07h_ph_metric_v1","ph__20260807__SRA826293_SRS4181125__cell_topology_v1",20260807,"SRA826293_SRS4181125","cell_topology_v1",384,383,430,0,9.13989010764888e-07,TRUE,"ripserr","0.3.0","primary","","66d43687e523344b35023aeae80c37181a0ffcbd8f36c83f394bfa11493fd465","mv07h_ph_record_v1:c8d96cdbf802adca9aef7963dafb922f328ad98487377cb2b03aa425bb481a80",12.5381245613098,584921088,31891,"67bfd8a0682af491d27eb8e8213dd9e63baaaf8ecec971e978ebac255153a801","closed",FALSE
"mv07h_ph_metric_v1","ph__20260807__SRA826293_SRS4181125__gene_topology_v1",20260807,"SRA826293_SRS4181125","gene_topology_v1",500,499,2503,0,1.31479026863572e-07,TRUE,"ripserr","0.3.0","primary","","77a773e0d3f4153a2fca9446b76af4536c0a49c741bb48eb613f9f9508f7bea9","mv07h_ph_record_v1:f00f70d056fd78a1ceb6047002976a7c21dc5968afb6419422fba3371f94cc71",13.5205037593842,592486400,110525,"bb22b476d1dbd4e21a52a1db35ae64093324fc61d8760b331c2a7c2389e7286e","closed",FALSE
"mv07h_ph_metric_v1","ph__20260807__SRA826293_SRS4181126__cell_topology_v1",20260807,"SRA826293_SRS4181126","cell_topology_v1",384,383,461,0,1.09951478827748e-06,TRUE,"ripserr","0.3.0","primary","","f0306d2123153b2eac5cead4a96c542807e69be0220050a7156e13329f600f63","mv07h_ph_record_v1:d152503750d476411321b74d5b30b6f805cc9791141cdb4d75afdb6594e07885",13.0507369041443,582070272,32976,"1ca475ecb2ed36c9ec910e408c47d0fb082abc065f25ae787aeadfa42a0aed4d","closed",FALSE
"mv07h_ph_metric_v1","ph__20260807__SRA826293_SRS4181126__gene_topology_v1",20260807,"SRA826293_SRS4181126","gene_topology_v1",500,499,1866,0,1.33062416967149e-07,TRUE,"ripserr","0.3.0","primary","","11cb6c1e48528e36c27b054ccb5bb17c7d9b54f670ee438f797e2cfbadd05d94","mv07h_ph_record_v1:fe6ddedec1597f5e0913eec2ecf033eaee838b3eb6213631095dc68713375f82",13.2708129882812,639905792,87593,"f397ea3fd4f4b21b1109356803f35f9ba0c80333eed4f20f2587d7f4cd253b1c","closed",FALSE
"mv07h_ph_metric_v1","ph__20260807__SRA826293_SRS4181127__cell_topology_v1",20260807,"SRA826293_SRS4181127","cell_topology_v1",384,383,298,0,9.03115410496761e-07,TRUE,"ripserr","0.3.0","primary","","cbd7e7553101a27b0fec708f90449cc2e67bd39b800236f7743b10e367d69d03","mv07h_ph_record_v1:dffac1ebc8c4bf2f2c1dd13dcfc78af58c7c824b49bc6209fe819654cbd2e883",12.4843490123749,720388096,27271,"65de5a68cff55c29821be2c7f1617e0c3d3f787e676eaca8d70a73aa13303f36","closed",FALSE
"mv07h_ph_metric_v1","ph__20260807__SRA826293_SRS4181127__gene_topology_v1",20260807,"SRA826293_SRS4181127","gene_topology_v1",500,499,598,0,1.30684012406334e-07,TRUE,"ripserr","0.3.0","primary","","91c46f69e90836694139316611356c2c5a86f974f5934b88349ee12e4b4e6fcd","mv07h_ph_record_v1:97b42cb4c38149a00fcd4bc006dab2644e7e2b71f75408d873228d565d590113",12.5055129528046,707567616,41945,"d18a8d4fef91fb9a637132f614e68348e0c90315c026f20c0309687587ea53d7","closed",FALSE
"mv07h_ph_metric_v1","ph__20260807__SRA826293_SRS4181128__cell_topology_v1",20260807,"SRA826293_SRS4181128","cell_topology_v1",384,383,283,0,1.51884183509561e-06,TRUE,"ripserr","0.3.0","primary","","43c37a153e3f2918818a2a83ae1a2b0d520d950d7d9cd55c307b61f62538eed5","mv07h_ph_record_v1:c84170eb4d94f2f30088fc5152752f247942b4b7293ca4603b98ac1dfb1d08f6",12.529527425766,628494336,26746,"de2dcea40652cc4e8e04d8193ccfeb97448a57ab5b4a53ced18b623a2719904b","closed",FALSE
"mv07h_ph_metric_v1","ph__20260807__SRA826293_SRS4181128__gene_topology_v1",20260807,"SRA826293_SRS4181128","gene_topology_v1",500,499,413,0,1.29687367863794e-07,TRUE,"ripserr","0.3.0","primary","","ad33dcf90ee3dee3bd50551a1750be8d137fe39cf0233344f53d71611aaf3bde","mv07h_ph_record_v1:f01a6a465731dd10db1ed422cfa0c45f28d8a5f4c7729ed19073b6e36cbdf048",13.0309274196625,581582848,35372,"49734819a46066ed427cd442568ed7586b6c35323de53ce0ae29b3b274646aac","closed",FALSE
"mv07h_ph_metric_v1","ph__20260807__SRA826293_SRS4181129__cell_topology_v1",20260807,"SRA826293_SRS4181129","cell_topology_v1",384,383,317,0,1.02753438684678e-06,TRUE,"ripserr","0.3.0","primary","","9d7bd910ea9eb312597256370029b5c2bb6c3979f43673ab61fc1405b6bf82bc","mv07h_ph_record_v1:b52276ea9d864ca27ca82ba9b8a4c1010a7c7a4000c15216d3b50656f8467b00",12.8046371936798,581861376,27936,"ed3bd3f0a486ef28b1d42a5cbbefe9d6c61319055682e5a7e5d509362b0d8a9d","closed",FALSE
"mv07h_ph_metric_v1","ph__20260807__SRA826293_SRS4181129__gene_topology_v1",20260807,"SRA826293_SRS4181129","gene_topology_v1",500,499,1327,0,1.32735828186142e-07,TRUE,"ripserr","0.3.0","primary","","3957e09dc9f5d84371c691f3c00ad0b43c0d9a0d9a12b5ac4b10f2f9f1d33f7c","mv07h_ph_record_v1:c29cf00a7a66c81e33a1ef56d6721421da3ccbf9c40f95fcfceea2abb4a074ad",12.5188210010529,593395712,68189,"a60fde0ac65de4a431a97818963eaa06763b13b2d0d55a94976398b3e704c08e","closed",FALSE
"mv07h_ph_metric_v1","ph__20260807__SRA826293_SRS4181130__cell_topology_v1",20260807,"SRA826293_SRS4181130","cell_topology_v1",384,383,266,0,8.87588842202784e-07,TRUE,"ripserr","0.3.0","primary","","14dba584360a896062e58310ed2eb411a18242a49b75b8dc02bcf33a06798ef7","mv07h_ph_record_v1:a26a3d215d768ebf89b4a89d146dd2711da566a573a42ad41eb30ca5a2b40a97",13.0442132949829,690671616,26151,"b9590742c3c0221cd3d3ac05dbb496b9241c3eac2627fdb0e286f6572d651ff8","closed",FALSE
"mv07h_ph_metric_v1","ph__20260807__SRA826293_SRS4181130__gene_topology_v1",20260807,"SRA826293_SRS4181130","gene_topology_v1",500,499,546,0,1.30841702071114e-07,TRUE,"ripserr","0.3.0","primary","","372a562d0a6e604141392a8cdf44610590ab613fad7e708edfc433a410bf464b","mv07h_ph_record_v1:bf1d6a64e7c55a03ec17fece5a663f3ed32d485d0f26469200bcb6838e141830",12.8112225532532,582320128,40073,"27fb77ea761f261c4679e42cf55d210f9957ab8e8ab0dfd3fb07477f0e31b148","closed",FALSE
"mv07h_ph_metric_v1","ph__20260807__SRA850958_SRS4386101__cell_topology_v1",20260807,"SRA850958_SRS4386101","cell_topology_v1",384,383,380,0,4.39690144275341e-07,TRUE,"ripserr","0.3.0","primary","","ae1fcbb9e6a42f41c5fde5fefdbf8f195c08d8c2012c01845e1f76cfc243d022","mv07h_ph_record_v1:b6e3c836e12160e1fc50dee7c533ad277436f214d1ffe1ef5faf74dfcf346c80",12.530296087265,578064384,30141,"12b4c777bbb16ead6ddaf8af85afc5757da57262b7177f6801c684c31805445e","closed",FALSE
"mv07h_ph_metric_v1","ph__20260807__SRA850958_SRS4386101__gene_topology_v1",20260807,"SRA850958_SRS4386101","gene_topology_v1",500,499,2635,0,1.31830267846782e-07,TRUE,"ripserr","0.3.0","primary","","09352c818b4459b32a3de9eb14a492f9155c8b8799b572aef3e9850d4240dfc9","mv07h_ph_record_v1:788c8dbb1b5701e772a096b4e03dddb8fc01ec11cfb62118c7a6b83d337ba32a",14.1614561080933,672616448,115277,"3928fed2bfb21c17e70158f2fdff59ea564062fd3dd6f0e979dcf11df0a79ee8","closed",FALSE
"mv07h_ph_metric_v1","ph__20260807__SRA850958_SRS4386109__cell_topology_v1",20260807,"SRA850958_SRS4386109","cell_topology_v1",384,383,371,0,6.09756112883527e-07,TRUE,"ripserr","0.3.0","primary","","f46354ebaf6560cabb79a82485340abda245ee614a2dd3522642041c59b191c0","mv07h_ph_record_v1:9225cfe475dcea7832320b6abb7154592201eb697b0911a9cf0e1cfd55bdbaf8",12.5193274021149,705622016,29826,"ae554768ac6acfb72abd70325bc2bed22616d698ae5adc53f4296e6791ce4062","closed",FALSE
"mv07h_ph_metric_v1","ph__20260807__SRA850958_SRS4386109__gene_topology_v1",20260807,"SRA850958_SRS4386109","gene_topology_v1",500,499,1459,0,1.32062885171907e-07,TRUE,"ripserr","0.3.0","primary","","6eb10c57562a185aaed6b23b3b0c6a26b3b49180b5cd9f0d6890cb42128e8970","mv07h_ph_record_v1:d4536f2d128a4f95d69615815f26ebd92ba0302199290c03b9ebe7b48291f30e",12.7858312129974,666034176,72941,"b532d681b9848ea2965c24410738bffdadf6937c23d40a34ab9a2d9988343172","closed",FALSE
"mv07h_ph_metric_v1","ph__20260807__SRA850958_SRS4386110__cell_topology_v1",20260807,"SRA850958_SRS4386110","cell_topology_v1",384,383,347,0,5.24729682166127e-07,TRUE,"ripserr","0.3.0","primary","","ff57a55df89984182ca7658c213040ad34c743910b0c2a644980636c2c17d1f0","mv07h_ph_record_v1:7cdd3dc3a7ed6c19ef802bfef8008484f19dd950a8783ea7bcdb5427e787d694",12.6163432598114,587890688,28986,"034841d786503ada7bcd742ee427495f1f94e88b2afecdf7eb8347b72b8299fa","closed",FALSE
"mv07h_ph_metric_v1","ph__20260807__SRA850958_SRS4386110__gene_topology_v1",20260807,"SRA850958_SRS4386110","gene_topology_v1",500,499,1557,0,1.32976523047806e-07,TRUE,"ripserr","0.3.0","primary","","dccb88a83a91de473b689834299e32b5f5057771ed900382da2abb293e0cb9ad","mv07h_ph_record_v1:3984ba5889416de9ba57a96344a780c3bdd5bdc83466a134c23052fa5ce7ff6b",13.0572421550751,581074944,76469,"b00e82598d41afd1a817d8e921ac8fe3c1c351fd06cdae30f226af0a8f0ac35c","closed",FALSE
"mv07h_ph_metric_v1","ph__20260807__SRA850958_SRS4386111__cell_topology_v1",20260807,"SRA850958_SRS4386111","cell_topology_v1",384,383,399,0,6.39424652569346e-07,TRUE,"ripserr","0.3.0","primary","","4934aadd38af49befe92caf6f7aa2469ea69235b94491c2bebcfbe90f4d1cec6","mv07h_ph_record_v1:33b799c60febba9d8c20b75c0eb34ddbf3eda623941086dc97c59800849cf4f2",13.0608019828796,653381632,30806,"6dae5ebf4c93cf06ead8a2ef44798b08ff99fd91cea864dfc4a2078106708d19","closed",FALSE
"mv07h_ph_metric_v1","ph__20260807__SRA850958_SRS4386111__gene_topology_v1",20260807,"SRA850958_SRS4386111","gene_topology_v1",500,499,2050,0,1.3203073379913e-07,TRUE,"ripserr","0.3.0","primary","","a88c857293a0d1c585c205fbe971834bca46d594ff92a1bcc0af8412cbbf4781","mv07h_ph_record_v1:f483d32b60795660eacb16be3bd909ab5590927483046dca322f653d54db7313",13.109756231308,578035712,94217,"1de3f3eb439163b75d55d44fd31e91c9c04a791ebfbf52a7687da2ab397076d6","closed",FALSE
"mv07h_ph_metric_v1","ph__20260807__SRA850958_SRS4386112__cell_topology_v1",20260807,"SRA850958_SRS4386112","cell_topology_v1",384,383,401,0,5.19137528975267e-07,TRUE,"ripserr","0.3.0","primary","","3c5fe2ff38bdcb388e01868ae642505a24ad96bfa84997f91c7bdf78ff0972fd","mv07h_ph_record_v1:49f7b025c919047811a7fb07b968a8e4503d33f6153cce05e4da5bd242f9e40d",13.0900299549103,581836800,30876,"47216c803460157cb42ed770bb64c441192c91e2ef97e301af3f42fcaec2397f","closed",FALSE
"mv07h_ph_metric_v1","ph__20260807__SRA850958_SRS4386112__gene_topology_v1",20260807,"SRA850958_SRS4386112","gene_topology_v1",500,499,2057,0,1.31280617546881e-07,TRUE,"ripserr","0.3.0","primary","","36f34822e27c0d03345fbd9ee4d62b51d14d55bcb14fce78f84622da980e591b","mv07h_ph_record_v1:499984881511c2c736a876fb4ff1b5175e7b290fd4e8ee6849306775838e0bcb",13.3234066963196,694046720,94469,"b055a769bf0ee951bc64ee96709ad727f48fd631852c0f3d1befd5841bcc83c0","closed",FALSE
"mv07h_ph_metric_v1","ph__20260807__SRA850958_SRS4386113__cell_topology_v1",20260807,"SRA850958_SRS4386113","cell_topology_v1",384,383,353,0,7.72722318208241e-07,TRUE,"ripserr","0.3.0","primary","","bb89247581bd90054c877265bd28f648dae010195a834cc39a7f51803330106a","mv07h_ph_record_v1:25aeefdb9254f055d170bad0f64f0b16f10108f732e12f3e35114003fd4c1857",12.8043940067291,660123648,29196,"189c07f473dc2a82abcfc532461b07b157ae335f186af6c439e288958c151b59","closed",FALSE
"mv07h_ph_metric_v1","ph__20260807__SRA850958_SRS4386113__gene_topology_v1",20260807,"SRA850958_SRS4386113","gene_topology_v1",500,499,1835,0,1.31263296183074e-07,TRUE,"ripserr","0.3.0","primary","","cc1df3e09ee3bd4e9901082f71e95f17d902a4a23e51db52f7854c8e2f80c348","mv07h_ph_record_v1:b835784a002a6a744dd31bacc81473415e14cbb314e8f95b2383e6a17cbdf81a",12.8130254745483,641523712,86477,"8bcd419095facc100ce5d8e7d92ce71f4a762d294c1af344cd752a3e505dc0a6","closed",FALSE
"mv07h_ph_metric_v1","ph__20260808__SRA550660_SRS2089635__cell_topology_v1",20260808,"SRA550660_SRS2089635","cell_topology_v1",384,383,422,0,5.8679826622441e-07,TRUE,"ripserr","0.3.0","primary","","96153a7cd4daf543a13db761743ea8a7f3690bb96752fc5c22009dffcd02939f","mv07h_ph_record_v1:0d5d76f266b495e393c989af87c8a1d670950e856cdf884e8cd670c921a6664b",12.8501238822937,581656576,31611,"3436f44f255fdcd2e3102c9c8b9cb195b8ffff14b6e08372b8b408b02061807b","closed",FALSE
"mv07h_ph_metric_v1","ph__20260808__SRA550660_SRS2089635__gene_topology_v1",20260808,"SRA550660_SRS2089635","gene_topology_v1",500,499,1951,0,1.32978853198566e-07,TRUE,"ripserr","0.3.0","primary","","1f89fad75e304e2baf7229618fc868d6bc5af10a5e13fe16ffe16b81cc57713e","mv07h_ph_record_v1:6148ea136e6575fd9ea7d3571ca380377dcfb63960bc972e810e991dc32f25bb",13.0929954051971,714559488,90653,"bf673fb9c76a7dbddd5ff87a9def5124e6b723c87b756785682219a44eebdd47","closed",FALSE
"mv07h_ph_metric_v1","ph__20260808__SRA550660_SRS2089636__cell_topology_v1",20260808,"SRA550660_SRS2089636","cell_topology_v1",384,383,389,0,6.78822189125856e-07,TRUE,"ripserr","0.3.0","primary","","f6c323043af481a7dd57647dfe204ce89c73b97e640b8c8dcc37ce9b01d8e472","mv07h_ph_record_v1:8e5e21ba26c1503981ebafd7277fbed880e0b0068b9f95c90b453301a3e3adb6",12.1803162097931,698048512,30456,"fa041a87664ad097eb60136f073bc5e9b3aa3d25f02e1c56e38f4a91286666fe","closed",FALSE
"mv07h_ph_metric_v1","ph__20260808__SRA550660_SRS2089636__gene_topology_v1",20260808,"SRA550660_SRS2089636","gene_topology_v1",500,499,2059,0,1.31978060730546e-07,TRUE,"ripserr","0.3.0","primary","","c6855ff458b35f21fa060e7db90fb98c669d9f62c1ae812762e7969cff81afc3","mv07h_ph_record_v1:b7d1921e584dca687bb5c95e3e8bd1ffcb81efb6b31e701e2b253ec02e584d90",13.2187638282776,643780608,94541,"0fd23ab4596bee0976b716514798f69ff97cbf8ce24e4273af4483e09a0b2d7b","closed",FALSE
"mv07h_ph_metric_v1","ph__20260808__SRA550660_SRS2089637__cell_topology_v1",20260808,"SRA550660_SRS2089637","cell_topology_v1",384,383,381,0,6.92095817584237e-07,TRUE,"ripserr","0.3.0","primary","","6fca157c27749e99f9175d3a73055eaa1068f457b73ff99d77f16f8de1886364","mv07h_ph_record_v1:03f748487fd3cafd1a370670689c5601ba05b477c48c074c79f2a70b80dc1e7f",12.4451613426208,612118528,30176,"84914998645fbc2ffd2bb11fe6b8631c3546cbcf1ed5dd5fa886caa84a24e18e","closed",FALSE
"mv07h_ph_metric_v1","ph__20260808__SRA550660_SRS2089637__gene_topology_v1",20260808,"SRA550660_SRS2089637","gene_topology_v1",500,499,1684,0,1.32726673877424e-07,TRUE,"ripserr","0.3.0","primary","","3df0ba628523e2e0b1e973adf1044119e9205a9e4593a5aa106dadb7fcc7cff8","mv07h_ph_record_v1:c3d130e372a419eede7815635647e3fec82ec611d584c02b790de8f9c3b26d8b",12.947687625885,721698816,81041,"1a8f054d2b20d3e60c8bd881cbc42fb9b2ba7724fb0c7c1ded9d0ca04a0f2444","closed",FALSE
"mv07h_ph_metric_v1","ph__20260808__SRA550660_SRS2089638__cell_topology_v1",20260808,"SRA550660_SRS2089638","cell_topology_v1",384,383,402,0,7.2473716439262e-07,TRUE,"ripserr","0.3.0","primary","","d78b52b99c3ee1179c9c5f88507735756c053fad078f497ab7ac88691dd9b1ba","mv07h_ph_record_v1:56736f03cf2d00b5f9797864f612ebad5f40c32e5bd29a41e16dd27336273284",12.709721326828,581787648,30911,"d8241430c7a94957903b52add941b61328e5d807e2bbddef790a1446152f0410","closed",FALSE
"mv07h_ph_metric_v1","ph__20260808__SRA550660_SRS2089638__gene_topology_v1",20260808,"SRA550660_SRS2089638","gene_topology_v1",500,499,2137,0,1.32469055610215e-07,TRUE,"ripserr","0.3.0","primary","","cf4516430727470162a0d3127fa1742e1d3a5cc4712e25ea64288163807764e1","mv07h_ph_record_v1:6b875530ae28efc6f6769b3740a14a76bebde39f432b26cd8c22326b0c23b67a",12.9918522834778,593223680,97349,"f3699020567c728f737821553e9695d52b3634928f919a63563acaf8dc568190","closed",FALSE
"mv07h_ph_metric_v1","ph__20260808__SRA550660_SRS2089639__cell_topology_v1",20260808,"SRA550660_SRS2089639","cell_topology_v1",384,383,367,0,7.30451592899576e-07,TRUE,"ripserr","0.3.0","primary","","c17a53b3f14e8c4f3b31d430eee6b71b43a1789026334bd5d062c44d92528e71","mv07h_ph_record_v1:e0463214e8b753a698d305915a3c6f941ce255afcdffee416254054284d12f8d",12.2200748920441,581689344,29686,"03b03ee1180642be663fd2429f6ffead04908651cd2d23ea126f37e420ab5397","closed",FALSE
"mv07h_ph_metric_v1","ph__20260808__SRA550660_SRS2089639__gene_topology_v1",20260808,"SRA550660_SRS2089639","gene_topology_v1",500,499,1588,0,1.31732496853037e-07,TRUE,"ripserr","0.3.0","primary","","9541f22ea502df22a3b0fbd2af8e822b8215650e4f8a485c40243654baa46059","mv07h_ph_record_v1:f31a2c1f2d3eda762b2ec2676d6c68ccda804ee1f9bc7faf5ce2ecf7b445d4d9",12.4802293777466,584052736,77585,"0dfe2b5792e03185a817a9b0c5de0fb5e7868d34b543c72b51d1a89820d60eb8","closed",FALSE
"mv07h_ph_metric_v1","ph__20260808__SRA621638_SRS2610283__cell_topology_v1",20260808,"SRA621638_SRS2610283","cell_topology_v1",384,383,325,0,1.12912542745637e-06,TRUE,"ripserr","0.3.0","primary","","6e3e312c12bd601c9daa1144969109c1aa0896cfec91e90601adada072a02ac8","mv07h_ph_record_v1:f251602ea34b8c38d4ebc40e5659bc5ae2c3f5bb30315f339da7e00275365410",12.4720497131348,664891392,28216,"f11c96279ed93cb9340e31a4bb38e6768fb684f3119e308817c5e4fe715fa3f6","closed",FALSE
"mv07h_ph_metric_v1","ph__20260808__SRA621638_SRS2610283__gene_topology_v1",20260808,"SRA621638_SRS2610283","gene_topology_v1",500,499,1133,0,1.30837874267968e-07,TRUE,"ripserr","0.3.0","primary","","b5790d0461bdc1ca7bfec70ecc82fba6fc4f631c25f1b0e64a6370668fb48ad6","mv07h_ph_record_v1:228dfdbad31e4cb1c23fa74474a43063814359c530e2c35004bd74b7ebae98eb",12.7121524810791,661573632,61205,"8cdd1e7f7d7cfd7dd66d56366cefd514bd8d168a0ad658c209ba5e720937a4d8","closed",FALSE
"mv07h_ph_metric_v1","ph__20260808__SRA621638_SRS2610285__cell_topology_v1",20260808,"SRA621638_SRS2610285","cell_topology_v1",384,383,459,0,9.49810548851482e-07,TRUE,"ripserr","0.3.0","primary","","d5896f4cc6a8642cb2028446e7076d58eaf8f82196e28a95c778c2a731ec61cb","mv07h_ph_record_v1:4ab92d05cabb3c1b3f66bad73dc7a781aab4cc44908931cc1e8bcf848d75e85c",12.4879412651062,655081472,32906,"f5b066074530f94bfcc61657288f8461acae44be14207a2f0ca1ead24e4cd877","closed",FALSE
"mv07h_ph_metric_v1","ph__20260808__SRA621638_SRS2610285__gene_topology_v1",20260808,"SRA621638_SRS2610285","gene_topology_v1",500,499,2065,0,1.31923333000237e-07,TRUE,"ripserr","0.3.0","primary","","dcbcc39b3a1cb2af19b3cb22b9a809568418186949a58ac6190aad71dde873da","mv07h_ph_record_v1:0c44b8f34a6bb42809fbbbd782f694e55fcf8bdbacf5de17052234292a0d3f51",12.9960694313049,672169984,94757,"b9b797903102bfba9ee80072c3acdc0777031179cd1b46633d496acb29c0ec99","closed",FALSE
"mv07h_ph_metric_v1","ph__20260808__SRA628554_SRS2664364__cell_topology_v1",20260808,"SRA628554_SRS2664364","cell_topology_v1",384,383,490,0,5.40616852898716e-07,TRUE,"ripserr","0.3.0","primary","","3dc3477067b3a0b63e4030f8b3583f5b18d95847f9e1e275d1f25128f4f03add","mv07h_ph_record_v1:21613845d976e349c98e55421fd91761ccc483221c2fa78f0088a0bebf7fc4b8",12.5481216907501,584630272,33991,"7c1012730fb3c5d3ccb32f354e0dc861f38753ebf76b36baa71fa29366248238","closed",FALSE
"mv07h_ph_metric_v1","ph__20260808__SRA628554_SRS2664364__gene_topology_v1",20260808,"SRA628554_SRS2664364","gene_topology_v1",500,499,3142,0,1.33011445115094e-07,TRUE,"ripserr","0.3.0","primary","","8232833ba444b1883e404f0756e8ad588362948f8c0804768c75519e248ff75b","mv07h_ph_record_v1:a42f9da52782a76b9f9c13c4fb3d383bf61bcf1591e46bab6a5a6e84f5df15f5",23.6871585845947,945950720,133529,"720a57d9d08caec00a09de343b7cb3f9bbb888b925aee6c973ff8189dc33a301","closed",FALSE
"mv07h_ph_metric_v1","ph__20260808__SRA628554_SRS2664365__cell_topology_v1",20260808,"SRA628554_SRS2664365","cell_topology_v1",384,383,433,0,6.78966961358098e-07,TRUE,"ripserr","0.3.0","primary","","58015fcbfda7249b0a27ac90fa417bfcd2e107992eb17efc220238c24732cff1","mv07h_ph_record_v1:124a9ad3fd124adf7a6a25a4f0bfc0665827c5f0941bfcac97544b02b0e455b4",12.240371465683,664223744,31996,"52325e8a23d8a42e7fd88dc89cc1074b300979e16f9664d34ffcd27a3f8226b9","closed",FALSE
"mv07h_ph_metric_v1","ph__20260808__SRA628554_SRS2664365__gene_topology_v1",20260808,"SRA628554_SRS2664365","gene_topology_v1",500,499,2565,0,1.32186351062266e-07,TRUE,"ripserr","0.3.0","primary","","2161ddc1b697a9d16b79d2b067e59796f49190028a9d54e6bc2af5142b569814","mv07h_ph_record_v1:9ca652016e393d976aa1f7164937c03393259bb46c93278f43ee225c9bdf2080",13.5358693599701,593158144,112757,"f6c5065f36414607faa5549568d6306cf8541677949a4ec8a614b9b7a31846a1","closed",FALSE
"mv07h_ph_metric_v1","ph__20260808__SRA645804_SRS2823404__cell_topology_v1",20260808,"SRA645804_SRS2823404","cell_topology_v1",384,383,353,0,1.01559400915402e-06,TRUE,"ripserr","0.3.0","primary","","d742ababec7eceda1418d396ff934c6dc6cbdb601faa15375b4f2eacc2a339cc","mv07h_ph_record_v1:9628ec4423739913ff09af8fb04d65ba5741bd2946f804a758ce7c9df550bbab",12.2436966896057,623882240,29196,"9d31198f47b9f8cc720a29e0cfc52a22910612da4840968b27745cab43a233ed","closed",FALSE
"mv07h_ph_metric_v1","ph__20260808__SRA645804_SRS2823404__gene_topology_v1",20260808,"SRA645804_SRS2823404","gene_topology_v1",500,499,584,0,1.32582967356567e-07,TRUE,"ripserr","0.3.0","primary","","96ed36140b7e46f278bba864c472ebc315c709c27f91d746ca752d32b674f31c","mv07h_ph_record_v1:89df33919eb911904dd6b64542f74da7ec7b28afe8e75c654fb3cc0b51d39e85",12.4886939525604,591970304,41441,"e1d24f2008718ad6b5a3752fc22cd22b891ffbde6966dec873f1af5856a8b760","closed",FALSE
"mv07h_ph_metric_v1","ph__20260808__SRA645804_SRS2823405__cell_topology_v1",20260808,"SRA645804_SRS2823405","cell_topology_v1",384,383,367,0,1.15056548829592e-06,TRUE,"ripserr","0.3.0","primary","","ff51c410b3b2bd7862a39a754211c198fa4f9cdc7d7cf9c397693c2ee7b5f780","mv07h_ph_record_v1:38ef5b7de6a069272a402d61a2dccffd40241db5aa791a89eea885e42afdfad1",13.0367388725281,603205632,29686,"9704bcb94bad5f23a9fbfd1f9e9e6567e029bb33db0c7ac83ca95f0098133f29","closed",FALSE
"mv07h_ph_metric_v1","ph__20260808__SRA645804_SRS2823405__gene_topology_v1",20260808,"SRA645804_SRS2823405","gene_topology_v1",500,499,497,0,1.32039977138462e-07,TRUE,"ripserr","0.3.0","primary","","c55d89beefe82e7f0615ce33141b005ea804537507246de4ad044919b0a03ea6","mv07h_ph_record_v1:c11341ab7848f7fce32fefed2ce6377433740401054b4b8f8a8750fafbb1326f",12.7752935886383,647315456,38312,"bdad4c5828ff77527e623430c81115b1e967af56cc2361acf37c70f26b7c065e","closed",FALSE
"mv07h_ph_metric_v1","ph__20260808__SRA645804_SRS2823406__cell_topology_v1",20260808,"SRA645804_SRS2823406","cell_topology_v1",384,383,291,0,8.19664253744436e-07,TRUE,"ripserr","0.3.0","primary","","2a3c7521728129e2fbb57e70cfd35a19afa5efcf5cba4195c93a89875126f60e","mv07h_ph_record_v1:37c0fde84f2f223fbc1521ab1e4bda6f50140d6520d01353c53719a3856356e0",12.5304663181305,581627904,27026,"d1e6bb67d51f38d8461e8f6c85f5560d41011cd5f13f4573efdb877761d4632b","closed",FALSE
"mv07h_ph_metric_v1","ph__20260808__SRA645804_SRS2823406__gene_topology_v1",20260808,"SRA645804_SRS2823406","gene_topology_v1",500,499,554,0,1.31654909982922e-07,TRUE,"ripserr","0.3.0","primary","","2bd03077f3b900520bc5a34acb6ae5e17e9b03d69829f8730db309ffaa3c92b1","mv07h_ph_record_v1:dd6dc40cafcbed9d308602cd79a427d025d432e3849388cb7ada8e351cf12f7f",12.5405468940735,582094848,40361,"8265309e9380e4c8e4807a5067fd2e7a9ff0e9650cf8fbb5aa97caa80be7085e","closed",FALSE
"mv07h_ph_metric_v1","ph__20260808__SRA645804_SRS2823407__cell_topology_v1",20260808,"SRA645804_SRS2823407","cell_topology_v1",384,383,194,0,9.00602753291918e-07,TRUE,"ripserr","0.3.0","primary","","fc954fe03e54e450d3bf4ce9e648437e6ecf40e88ed966e76b9b37646332607b","mv07h_ph_record_v1:431e8f8de0deb5fc9aae3934558d4bd183a50fbd15b4cb6b5175c44532a7fa3c",12.4987330436707,669474816,23631,"979e8c29caf63af0bc881b97f47281d605c712d6c55ab9449a4a65da7c666751","closed",FALSE
"mv07h_ph_metric_v1","ph__20260808__SRA645804_SRS2823407__gene_topology_v1",20260808,"SRA645804_SRS2823407","gene_topology_v1",500,499,362,0,1.28958745639115e-07,TRUE,"ripserr","0.3.0","primary","","027b35758360352e0cf04cb16e5323242285ca1a6f11d5905f19703547fff99d","mv07h_ph_record_v1:d3fb540a682730436ba1109085bf498dc3e6652e82130313f55a55f19cc62a09",12.7920787334442,667406336,33587,"23d6969ba802d6901ccc9578854937e4f5bcbbe4baeb7b08644dbf6194f2ea90","closed",FALSE
"mv07h_ph_metric_v1","ph__20260808__SRA645804_SRS2823408__cell_topology_v1",20260808,"SRA645804_SRS2823408","cell_topology_v1",384,383,149,0,1.39685984366396e-06,TRUE,"ripserr","0.3.0","primary","","9e60f7a629cc452c9667b21cae66b5b48466c06c4360f31cfa14fdf580c3dadc","mv07h_ph_record_v1:be0ca525dc2498db097f70e783343d482050f6f402485934a2cfa91848648e70",12.5778467655182,581914624,22056,"a701a048516d35c7df1d31ad5f729f22fba0514a6c81935c7b86d482d522a31f","closed",FALSE
"mv07h_ph_metric_v1","ph__20260808__SRA645804_SRS2823408__gene_topology_v1",20260808,"SRA645804_SRS2823408","gene_topology_v1",500,499,184,0,1.2717746806708e-07,TRUE,"ripserr","0.3.0","primary","","773096cf029416eecbcc5b223fd742299395b87e2c688f2aadf50b889549bbb7","mv07h_ph_record_v1:d3b4ce159bbb2c472f01430ce04f7c44b82e273e3eb086d82e471a5fee40c51b",12.8552670478821,592891904,27357,"0e3789f73d852915dbe034ad336ff2cc26ac6302255018de6e6bf4073760e714","closed",FALSE
"mv07h_ph_metric_v1","ph__20260808__SRA645804_SRS2823409__cell_topology_v1",20260808,"SRA645804_SRS2823409","cell_topology_v1",384,383,216,0,1.02729783911114e-06,TRUE,"ripserr","0.3.0","primary","","0876765336a4e40177a7e4226502f5da0d7074f8bf44980f42a3f8dfa822c67d","mv07h_ph_record_v1:d20a2d44e8a1ad68fa298baef040a7f7f0028a59c8eb5f75ecc7b29a409b78a8",12.8285851478577,577556480,24401,"afac27ed561d74b60327348135d1856a2496b5bb1a83effe26e8c8839395fba4","closed",FALSE
"mv07h_ph_metric_v1","ph__20260808__SRA645804_SRS2823409__gene_topology_v1",20260808,"SRA645804_SRS2823409","gene_topology_v1",500,499,309,0,1.29437601035256e-07,TRUE,"ripserr","0.3.0","primary","","6dbd01233155cd9881858a2f3bc0b12825f9d3cc01daf73706bcff4f543f9167","mv07h_ph_record_v1:763ad3f33d6d35fb798d2b19286a532703735a63e1cc908c61f935bc40bb3c85",12.8281128406525,592748544,31732,"286cca658344dcb58e485e5846bca61e12fc7b33f00dff232d59dac4fc129e0a","closed",FALSE
"mv07h_ph_metric_v1","ph__20260808__SRA645804_SRS2823410__cell_topology_v1",20260808,"SRA645804_SRS2823410","cell_topology_v1",384,383,206,0,1.26727049657178e-06,TRUE,"ripserr","0.3.0","primary","","644dfbadcdbc797ef166ac7c64010e34d2a011c07db4d30c4edb929215b0ae7a","mv07h_ph_record_v1:b5c6571f0c8d95acea0b6150870873e68db5387cbf0af58266748c65b66987e0",12.274040222168,581791744,24051,"f9b8e36294284e5d1fa7743440f28396df0f6820ed483612132fc6dfcdb244b5","closed",FALSE
"mv07h_ph_metric_v1","ph__20260808__SRA645804_SRS2823410__gene_topology_v1",20260808,"SRA645804_SRS2823410","gene_topology_v1",500,499,106,0,1.30142681285061e-07,TRUE,"ripserr","0.3.0","primary","","ce62f780c474a40ae3ab948776128ef628180a59f285b31026fddae15fcb78e4","mv07h_ph_record_v1:b672d2d25e3c4c8b7a01f51fbf11e53c041c1c428fdc3b67b718316a00dfccaf",12.8118960857391,577306624,24627,"362c421ca160880be140500f40819ba74a6ef7d10eb90ebb0543fd0beaf843fb","closed",FALSE
"mv07h_ph_metric_v1","ph__20260808__SRA645804_SRS2823411__cell_topology_v1",20260808,"SRA645804_SRS2823411","cell_topology_v1",384,383,166,0,9.41772516694168e-07,TRUE,"ripserr","0.3.0","primary","","680b5103819bbd1417a0fd12281c0cf85c4d949b7f662daea239f9606e9b6a37","mv07h_ph_record_v1:7f5127676cea96571219a3a21c62d140bb1eaaea00e419ba368effe4575648cf",12.6001603603363,641740800,22651,"f0172a6a92fe131321adbbeb7909d3876c110d22b189976eb83f2de418655b59","closed",FALSE
"mv07h_ph_metric_v1","ph__20260808__SRA645804_SRS2823411__gene_topology_v1",20260808,"SRA645804_SRS2823411","gene_topology_v1",500,499,209,0,1.26870747491211e-07,TRUE,"ripserr","0.3.0","primary","","bcdff2f680a209387b46ceece60dbd0580492b25a83c6941a79937bf2ff608ce","mv07h_ph_record_v1:3cd83a4f953432be804fdab9bdeecac2725c643a9207575743fa75b0885d3393",12.782829284668,581799936,28232,"ca86ad6dc3073cf2c31a7a06c89646726ee5af5275007393f47df29b0e4f8ce4","closed",FALSE
"mv07h_ph_metric_v1","ph__20260808__SRA645804_SRS2823412__cell_topology_v1",20260808,"SRA645804_SRS2823412","cell_topology_v1",384,383,190,0,1.02124820843072e-06,TRUE,"ripserr","0.3.0","primary","","cb8bdaacbdecbd63df35263a75a6ea3661351fb9a57c4fea14ed096b7afe9c3f","mv07h_ph_record_v1:d856f8be8d0cea78a485e73ee2c83a5056e23a31371b94c3be43f69eff483239",12.5994324684143,719720448,23491,"cd5ed18fb80041e226a94c408cb245ca1765b5979ff1e55762ef6e52954325ca","closed",FALSE
"mv07h_ph_metric_v1","ph__20260808__SRA645804_SRS2823412__gene_topology_v1",20260808,"SRA645804_SRS2823412","gene_topology_v1",500,499,137,0,1.30174333953132e-07,TRUE,"ripserr","0.3.0","primary","","b11ca8712501d1f1a96ed67250d8cb9f895176f35768c8d7d6a8d431b15cb6c0","mv07h_ph_record_v1:b7957cc9cab934a3428184c6a5d2d961819a06fa91dbc038fa0cf2dc657b8492",12.5284588336945,577359872,25712,"a86c6425ad23463b87cbd9329c6cfe3c4411438b9ebd9fbd612f9267c2b84135","closed",FALSE
"mv07h_ph_metric_v1","ph__20260808__SRA645804_SRS3572594__cell_topology_v1",20260808,"SRA645804_SRS3572594","cell_topology_v1",384,383,199,0,1.12354949762302e-06,TRUE,"ripserr","0.3.0","primary","","93061cb6f82b151f6e84779e48dd4dce63f4878ceba5189eb6150cd5269feb61","mv07h_ph_record_v1:a29ee1be7c6cde2eabe275b03e99cd613023f5f9e243dd5ce00583ee1ef925fa",12.7815833091736,633249792,23806,"146e8548b50cfcfe3165657226785cf5233ac0bde92f964dab56c8b47845ef0e","closed",FALSE
"mv07h_ph_metric_v1","ph__20260808__SRA645804_SRS3572594__gene_topology_v1",20260808,"SRA645804_SRS3572594","gene_topology_v1",500,499,143,0,1.29448500172132e-07,TRUE,"ripserr","0.3.0","primary","","c3cd1ee2063f2e5c359974cdc46f767899504683eb0ac7d91b22a9517c6a37a2","mv07h_ph_record_v1:b91e755ca7d3663981bb5022172a7dbdf0763711416c8bd6889955b671023fc8",12.2523863315582,619331584,25922,"8d66f8295bd550e5b61d5845582f04383610646bbc1775adf976857e0849587b","closed",FALSE
"mv07h_ph_metric_v1","ph__20260808__SRA667709_SRS3065426__cell_topology_v1",20260808,"SRA667709_SRS3065426","cell_topology_v1",384,383,212,0,9.52395719792987e-07,TRUE,"ripserr","0.3.0","primary","","0c3564e0199c2196f4d40e01923b597cbfff900345bddea8e567fc1c986f86d4","mv07h_ph_record_v1:802f525773cea073b04e637326354980131fd7cc6349dc600ca71907c0e02af1",12.0056264400482,709353472,24261,"404d6b611378b926c896f396d46931744bdcc4dfe8f456dc03fafff759fd3ca1","closed",FALSE
"mv07h_ph_metric_v1","ph__20260808__SRA667709_SRS3065426__gene_topology_v1",20260808,"SRA667709_SRS3065426","gene_topology_v1",500,499,327,0,1.30634660834691e-07,TRUE,"ripserr","0.3.0","primary","","4b60670f1759424b4c6198fccf1f5140c6d328958a155810170c17df9beb438e","mv07h_ph_record_v1:510b385a6f4c02c06c0f653cf75cc53e83fbf62aaf9db2e7a6e2f5a1ab564f20",12.2813394069672,591503360,32362,"86be39a4474d46ccefcf38048a303d731609dae6379480b4bd2bb7f0c5a4be4d","closed",FALSE
"mv07h_ph_metric_v1","ph__20260808__SRA667709_SRS3065427__cell_topology_v1",20260808,"SRA667709_SRS3065427","cell_topology_v1",384,383,228,0,9.08063096359793e-07,TRUE,"ripserr","0.3.0","primary","","9da86e709203b90ca41447796b7fd4d30824902ee6a6b4118a7c00b138a01879","mv07h_ph_record_v1:c1426e6478ec57237590326c6ec5020726150618a964f597464b421dadf0f7bf",12.1602909564972,639315968,24821,"961c6c193df7a7db3197ea41197bbfa0a6a4b631a23fd4f7b9aafa82a278787a","closed",FALSE
"mv07h_ph_metric_v1","ph__20260808__SRA667709_SRS3065427__gene_topology_v1",20260808,"SRA667709_SRS3065427","gene_topology_v1",500,499,485,0,1.29700595352967e-07,TRUE,"ripserr","0.3.0","primary","","bde8ea5881db92e6c3226ebf957c59113aaab023e0e354ea53dc9fb1f717018f","mv07h_ph_record_v1:2c7607969d4d2caa12546f1d26f819dec0aa62e2ab0ca982e863002b7ac1c39b",11.8790812492371,701620224,37892,"75bd94c7ae8edf5e08078cc770920b062d19cf64b55e70298526292f0608cb9b","closed",FALSE
"mv07h_ph_metric_v1","ph__20260808__SRA667709_SRS3065428__cell_topology_v1",20260808,"SRA667709_SRS3065428","cell_topology_v1",384,383,209,0,9.65046465865384e-07,TRUE,"ripserr","0.3.0","primary","","f98e6b53a3150453cc3c2c0a904cb3ce32ec3c0a9d1c3b4d814689619bb2758f","mv07h_ph_record_v1:960044fc1f1d8a9124924577fab9c6f89d7d852b0eee972fb03123144cc133aa",12.4460535049438,581947392,24156,"badc6c4a4d16fb06ed3a95b1e77f4e668b30dc9b024cd8d5dd47833865a9d5db","closed",FALSE
"mv07h_ph_metric_v1","ph__20260808__SRA667709_SRS3065428__gene_topology_v1",20260808,"SRA667709_SRS3065428","gene_topology_v1",500,499,273,0,1.29512899331913e-07,TRUE,"ripserr","0.3.0","primary","","0bcc1b44bb1b4ccf273e630b3f43fd25a395c77ceee490020b5e0c756ecbbb79","mv07h_ph_record_v1:ff10d8f06f24df15a192d4f5efc6947e03cdbf7f55d400ef6e0ce614eb2edcd2",13.2141804695129,671870976,30472,"78e693fe26691bd4aea2a19663df70215c7057d83cc52f0c8febb32813a5423a","closed",FALSE
"mv07h_ph_metric_v1","ph__20260808__SRA667709_SRS3065429__cell_topology_v1",20260808,"SRA667709_SRS3065429","cell_topology_v1",384,383,208,0,1.06983464178792e-06,TRUE,"ripserr","0.3.0","primary","","cef6a2c265e40b9a9d48f8fefe4fad39ea6529b9f4abffe43b9f5a32dfe0c54c","mv07h_ph_record_v1:423cc9e052edd7cbff767b052e3c4181caa8dacf345d34c272ae9fdead7d2a31",14.7728970050812,694071296,24121,"f5d83b758a2d4b243ff6675a132b34e635f4a4e5740494f4443fd380eeddb8ce","closed",FALSE
"mv07h_ph_metric_v1","ph__20260808__SRA667709_SRS3065429__gene_topology_v1",20260808,"SRA667709_SRS3065429","gene_topology_v1",500,499,322,0,1.2781610007707e-07,TRUE,"ripserr","0.3.0","primary","","d7bd165bc5e4d63730bff6c8771c10538ba8eb6d5377714428f7399cba2ab9c6","mv07h_ph_record_v1:764075370dbe2aabe4b72a506ff4a82231c51019cc0ca403c3f63e2c607c53fb",13.4785799980164,581890048,32187,"b4f4d5ad07327cd36c93def52d1ce4580812e8fdeef07dcfc05219b8217ad757","closed",FALSE
"mv07h_ph_metric_v1","ph__20260808__SRA667709_SRS3065430__cell_topology_v1",20260808,"SRA667709_SRS3065430","cell_topology_v1",384,383,204,0,8.59973597540156e-07,TRUE,"ripserr","0.3.0","primary","","3ae9cc5069c5492d6df381dde7723848429983fafeabf5d4e46b53a7e43944fb","mv07h_ph_record_v1:b6179aaf0cb5c46b13437b1694fdb21918c00cef4ef5191f35a098f2de64bee0",12.7698931694031,688709632,23981,"a074548eb52284a0b4c387395274b7600cdfb8de126392fc84cf3adcd932fa9b","closed",FALSE
"mv07h_ph_metric_v1","ph__20260808__SRA667709_SRS3065430__gene_topology_v1",20260808,"SRA667709_SRS3065430","gene_topology_v1",500,499,327,0,1.29565793070265e-07,TRUE,"ripserr","0.3.0","primary","","ca1a79662f5c42e5d089e1d0f6bfaba5243cbf717065413ba6b8884560ca3115","mv07h_ph_record_v1:5fd6172c502424ad0d022c14bc9fda19b7208c0545c48506472011eaf5d9735e",12.9837884902954,600522752,32362,"f112146f0460774ed8ea5dcb6e9a5a63b27d88234af48ea3049c431a6618d2bf","closed",FALSE
"mv07h_ph_metric_v1","ph__20260808__SRA667709_SRS3065431__cell_topology_v1",20260808,"SRA667709_SRS3065431","cell_topology_v1",384,383,189,0,9.63634801007077e-07,TRUE,"ripserr","0.3.0","primary","","c534916e9dea08ac9ce6d7b9c044be69205ca3d29cc17ec3e286995aa0cd501f","mv07h_ph_record_v1:b6d159453acd837abd7f99765a09bd66eed47636fd086d98e099d7db744b04eb",13.0115060806274,687235072,23456,"bb1260136ebd3b79f4015eb4cf0dc72eeea3ddbf982a1cacc1068a617effbf0d","closed",FALSE
"mv07h_ph_metric_v1","ph__20260808__SRA667709_SRS3065431__gene_topology_v1",20260808,"SRA667709_SRS3065431","gene_topology_v1",500,499,361,0,1.2886058060686e-07,TRUE,"ripserr","0.3.0","primary","","d50afbc41a6bb054b31479f54ddac2d3bd59f86f32a7084db0f1d90d4da4f956","mv07h_ph_record_v1:0aa46777c7abb4093681d02f0f745b3666dd31f4692b0d0c8a2d71855d7efa8e",12.7580432891846,581615616,33552,"487c12ec5b9c6e258af244394b3e1ee9ab056ca8070bf09c25517ca0d3576f47","closed",FALSE
"mv07h_ph_metric_v1","ph__20260808__SRA701877_SRS3279684__cell_topology_v1",20260808,"SRA701877_SRS3279684","cell_topology_v1",384,383,304,0,1.13026911925545e-06,TRUE,"ripserr","0.3.0","primary","","165e4397d1b02af3ba2e3596205d5ff177d70b3be9281d5e673906ac0b5b74ca","mv07h_ph_record_v1:6d91bc604926a9e2b7d6edd554a5d01950499e2f684c6bee4070e23f44d77490",13.1048803329468,661753856,27481,"66d157a75bf9a59f90395fe4a87e3fd354999a2c7bc8fe387f08783296cdad04","closed",FALSE
"mv07h_ph_metric_v1","ph__20260808__SRA701877_SRS3279684__gene_topology_v1",20260808,"SRA701877_SRS3279684","gene_topology_v1",500,499,719,0,1.32262607000709e-07,TRUE,"ripserr","0.3.0","primary","","f91bd6ce6ed70e782087b1bec1e46f6e1c11c43c39ecd65432f917538303a526","mv07h_ph_record_v1:179c55d47ee67be6ce7ccd76af46fa9daa4ec8f3554ce40cdee6fe2fd97d5681",13.0040009021759,684056576,46301,"312fcdf486c2fe2b25e24b9a9639fce4e6747876013dbe0b26870c025f55383d","closed",FALSE
"mv07h_ph_metric_v1","ph__20260808__SRA701877_SRS3279685__cell_topology_v1",20260808,"SRA701877_SRS3279685","cell_topology_v1",384,383,322,0,1.12315616681774e-06,TRUE,"ripserr","0.3.0","primary","","b76e5bc5f5aced3bc64f063abed314596dcf3e56bce9b22a932dd139bf48bdd3","mv07h_ph_record_v1:6e92952e858e7191229ccc8e94b78ebc7819ffe43847bf9b25d1d25b4e70abfd",13.0646169185638,614776832,28111,"f498cadb389905e02ff69e21e87d5ad820b56942c9bdc17a5e9f4c6004891319","closed",FALSE
"mv07h_ph_metric_v1","ph__20260808__SRA701877_SRS3279685__gene_topology_v1",20260808,"SRA701877_SRS3279685","gene_topology_v1",500,499,834,0,1.32292754938171e-07,TRUE,"ripserr","0.3.0","primary","","1a72d04aff37b3b60f403df67075fc187d19ca2a2ea6e2b933fb2a1ac02df584","mv07h_ph_record_v1:6f0b95bffd92a789ef29c12d4b9609b63f2dea664150c20d4d28db0335ec4d30",13.2793765068054,619290624,50441,"5f795cd2e5ea234faa9d132f5bcce719ef4ebf79c14d12d0b673b28dfcb28084","closed",FALSE
"mv07h_ph_metric_v1","ph__20260808__SRA701877_SRS3279686__cell_topology_v1",20260808,"SRA701877_SRS3279686","cell_topology_v1",384,383,321,0,1.171094267988e-06,TRUE,"ripserr","0.3.0","primary","","3d1c5ba39b69744d57898ef26d1e37f80bfd36d7a7a8929e642bb430757e8618","mv07h_ph_record_v1:ae586a9ec7e31a786c1556190e223c263f1821c42da36758009583ad56c3da91",12.478310585022,577765376,28076,"c00322be1947a21d35c5e95be15a3835667293d64a19daca23b498e5560089fb","closed",FALSE
"mv07h_ph_metric_v1","ph__20260808__SRA701877_SRS3279686__gene_topology_v1",20260808,"SRA701877_SRS3279686","gene_topology_v1",500,499,842,0,1.31789440460609e-07,TRUE,"ripserr","0.3.0","primary","","8cfa2cad0cf77a66c9757d3434ceea06ae7901aab3c398c044639228efc4087d","mv07h_ph_record_v1:ff76c51f9c2d45f5a37fe9ec5412e2569a434bc0ab3813fe1a52711e66b7523d",12.4808654785156,597360640,50729,"47a192ea05ebb10a546cc7c1ded0a9fcdf377d41620385b71bdffb559aeccbb3","closed",FALSE
"mv07h_ph_metric_v1","ph__20260808__SRA701877_SRS3279687__cell_topology_v1",20260808,"SRA701877_SRS3279687","cell_topology_v1",384,383,331,0,1.53196663808423e-06,TRUE,"ripserr","0.3.0","primary","","52df2a43ef864ac55bd7d7df039cc17886175ef499e5f217463ea7ca88d489e6","mv07h_ph_record_v1:1f220e9b699ee83283123e3a6d69fc0138d2012414f1b3c6dabcabdfc8dffb17",13.0285449028015,581713920,28426,"89b8d4b82a5f11e64cdec55a3f37140ca05bfc2b06962bd5685e6936b5c561b5","closed",FALSE
"mv07h_ph_metric_v1","ph__20260808__SRA701877_SRS3279687__gene_topology_v1",20260808,"SRA701877_SRS3279687","gene_topology_v1",500,499,763,0,1.33120687941258e-07,TRUE,"ripserr","0.3.0","primary","","1a8bc2a2c36fd46d31cd5767d8525f5dbe929b37e76b1b5831e26354b9b37fb7","mv07h_ph_record_v1:9dedd91dfb6112b8bfbf11c51a943da7de884897e83ea6ca6419b52b953c50ba",12.8066880702972,645255168,47885,"b48f9d867fd7116ef7ce73e83f075a89a832c05bb782fa63183fdd70cdc2d614","closed",FALSE
"mv07h_ph_metric_v1","ph__20260808__SRA701877_SRS3279688__cell_topology_v1",20260808,"SRA701877_SRS3279688","cell_topology_v1",384,383,351,0,1.10231532814512e-06,TRUE,"ripserr","0.3.0","primary","","24bd278122a8841b8a32cbec0a5e42d3d8f2fe36bef348fdcbe910e85afebb7b","mv07h_ph_record_v1:d75b838da2ee1085d3afb1f401b504edddaaab7e64119a10b9d9ad3388349a1a",12.8198988437653,581849088,29126,"77aa4162400bfd4df9df278c55b8a8c31a87f4ff0cc8090e93873c521f5c8ad6","closed",FALSE
"mv07h_ph_metric_v1","ph__20260808__SRA701877_SRS3279688__gene_topology_v1",20260808,"SRA701877_SRS3279688","gene_topology_v1",500,499,1026,0,1.32948639165056e-07,TRUE,"ripserr","0.3.0","primary","","d34e3a2fd24473269e0d0e1d7829d2ebcb648eea46ee16ffb27aed3de77d9f6d","mv07h_ph_record_v1:7a27df8baf1cfb42403ba37f9930e89d965ab29d73e1a4121601a525d9f5b915",13.2937335968018,666124288,57353,"95537a10317018c7ddafe2507e9653deae774aba95b5bb3f3a3c5726d1543dc2","closed",FALSE
"mv07h_ph_metric_v1","ph__20260808__SRA701877_SRS3279689__cell_topology_v1",20260808,"SRA701877_SRS3279689","cell_topology_v1",384,383,330,0,1.50903867590221e-06,TRUE,"ripserr","0.3.0","primary","","9c0432e47e47ff4c8e814b53d6284643336052d6896b40cfc832d106a02e6650","mv07h_ph_record_v1:603bdba4bd03fb111cc0de0afe97499090a872ddcfdde46ceeeba8517bf1ac2b",12.2505538463593,688480256,28391,"fcc26684aa2a8607be13b95898d6ab04e09dbfdd15a6ed41840695d4e5b62bcb","closed",FALSE
"mv07h_ph_metric_v1","ph__20260808__SRA701877_SRS3279689__gene_topology_v1",20260808,"SRA701877_SRS3279689","gene_topology_v1",500,499,916,0,1.31051516007326e-07,TRUE,"ripserr","0.3.0","primary","","bbaba1fed31f6d40cb2eb518915cb0b4e5a700c0af835a37eccec6cf43529ff5","mv07h_ph_record_v1:e865eaefc960775683f69517a13783761f65883050e498d5606563ea9c5ce550",13.5652613639832,685711360,53393,"4f65ed53a9fb36bdb19b4bed1809919954cee8739fecdb6833b5ff6e55cc9e63","closed",FALSE
"mv07h_ph_metric_v1","ph__20260808__SRA701877_SRS3279690__cell_topology_v1",20260808,"SRA701877_SRS3279690","cell_topology_v1",384,383,286,0,1.39218158298832e-06,TRUE,"ripserr","0.3.0","primary","","449e7bd02c1c47ec4915bc8f01384c035d4bcf9db006dc5ada84d793681b069b","mv07h_ph_record_v1:fcb09d642378c8bf7f4568f9d15fe8c22c570cd8d02a21b9acea0fa9e217d4da",12.7775318622589,616615936,26851,"9be46a11b291ce7250594008813092166f2652f9cf5587927cb05095815875bf","closed",FALSE
"mv07h_ph_metric_v1","ph__20260808__SRA701877_SRS3279690__gene_topology_v1",20260808,"SRA701877_SRS3279690","gene_topology_v1",500,499,749,0,1.32220271683364e-07,TRUE,"ripserr","0.3.0","primary","","e75c92f68138c56b4741c57657267951990a9643699d51edaca6f0e9cd3aba54","mv07h_ph_record_v1:89aba399bcc83269507759c8ac19a9ff06f431d12bbf64aeca3be4f1ea263d72",12.9174280166626,582565888,47381,"ff242ec79988f8cbabc1768591c529310bd63731f91e1f164c42ab6ee6eb6526","closed",FALSE
"mv07h_ph_metric_v1","ph__20260808__SRA701877_SRS3279691__cell_topology_v1",20260808,"SRA701877_SRS3279691","cell_topology_v1",384,383,355,0,1.19262687677889e-06,TRUE,"ripserr","0.3.0","primary","","fd0e31bc5ddf296ff5385bdb5653ad0a0f358153e4c5b24f35a4e228b61a2597","mv07h_ph_record_v1:0f3c53ab001edf9abe6fc2955fa79fa909ffb6eaff51e969fa8fc61fb7358bcc",12.5589559078217,591482880,29266,"76ca288b804724e84126f9e10fa774f6d943e01fb31984afcf760be0bc0d3c53","closed",FALSE
"mv07h_ph_metric_v1","ph__20260808__SRA701877_SRS3279691__gene_topology_v1",20260808,"SRA701877_SRS3279691","gene_topology_v1",500,499,629,0,1.31656299315049e-07,TRUE,"ripserr","0.3.0","primary","","ec602edca436f8fd60df1a9c71c8e15edc25e9a577dc3f3bd2722879ab552bb8","mv07h_ph_record_v1:d7a6dd83912306d9c0a51f46e5a8453832bd015584c227b12f57b3e57a908464",13.0899226665497,710819840,43061,"afc151078185bd672eeeb277acfba91ad4dbb0100391821e33a03a1b57ad9006","closed",FALSE
"mv07h_ph_metric_v1","ph__20260808__SRA701877_SRS3279692__cell_topology_v1",20260808,"SRA701877_SRS3279692","cell_topology_v1",384,383,287,0,1.27309547118087e-06,TRUE,"ripserr","0.3.0","primary","","50e6976f1392c3261b50bd29d6d9ef90de21d15ba66712ebe4547eb7da1136ae","mv07h_ph_record_v1:eb51eb6ab8a22fbb4c96bf0989bdde5b34260766b895e4484511c77afece1e66",12.8390276432037,581742592,26886,"01fc274b13397d56fdfbe9bf4b2e310bd9f30b2f41d8b800c056f438af60e62f","closed",FALSE
"mv07h_ph_metric_v1","ph__20260808__SRA701877_SRS3279692__gene_topology_v1",20260808,"SRA701877_SRS3279692","gene_topology_v1",500,499,651,0,1.30948423991158e-07,TRUE,"ripserr","0.3.0","primary","","a04e4da789893444f9b47ea74b07e8d3695ad644b31cfa0515d7b490f2f49412","mv07h_ph_record_v1:96c62230da8b658c53fe07088d87086ba8387ff3375a5ecd2a161ec34583c952",13.3228580951691,696213504,43853,"dcd803cfa0da411c85847604d5c513fdc0efe46f816be5ab7a9e01017ef77257","closed",FALSE
"mv07h_ph_metric_v1","ph__20260808__SRA701877_SRS3279693__cell_topology_v1",20260808,"SRA701877_SRS3279693","cell_topology_v1",384,383,319,0,1.23117089351876e-06,TRUE,"ripserr","0.3.0","primary","","fbff339571f428d43ab1e5c2ab4d6cc23f5fc80aadf98b13385371642fb87cba","mv07h_ph_record_v1:09f33cd1cc483550083c87916da04727c49a43a0258c9dc5c92a4a12fc1cb4ad",12.8036687374115,681693184,28006,"33a09b11bf94c177ba57e0e34e2b224db823ab22ef9ac20f5dfad5e58ea439d3","closed",FALSE
"mv07h_ph_metric_v1","ph__20260808__SRA701877_SRS3279693__gene_topology_v1",20260808,"SRA701877_SRS3279693","gene_topology_v1",500,499,984,0,1.31448957928463e-07,TRUE,"ripserr","0.3.0","primary","","2f80ed236c96f44111cb99b3a261d67b9ef3a706aba542ea7afa917c94b57322","mv07h_ph_record_v1:020ba85bba5a068c82f0bff7eac05cf973ce30fd35ba15535d60d56b271754ba",12.7903692722321,648101888,55841,"5ad6a879771a027bafd26681f78ebbffbc5de8bab28248e88e39660e9f319f23","closed",FALSE
"mv07h_ph_metric_v1","ph__20260808__SRA701877_SRS3279694__cell_topology_v1",20260808,"SRA701877_SRS3279694","cell_topology_v1",384,383,337,0,1.06603311169638e-06,TRUE,"ripserr","0.3.0","primary","","013f111fdbc2696bc131033f664a9688e08c891e9b3c7e7503653f8bf177ffce","mv07h_ph_record_v1:2ca869b7652af6097965cf0c51c2d2e4518e2fd83027ba4fedbdcaf2a67bf6ee",12.5378921031952,581562368,28636,"1ebcfeb0e4cb307631fce6ca4a64bb6f4f0f58bc513f0ad9f94a570551524963","closed",FALSE
"mv07h_ph_metric_v1","ph__20260808__SRA701877_SRS3279694__gene_topology_v1",20260808,"SRA701877_SRS3279694","gene_topology_v1",500,499,1407,0,1.31333627348248e-07,TRUE,"ripserr","0.3.0","primary","","402b87f7a23b8d49f6ee907ebaafcb1fe3a65879b8be0cfeeb250e39aa7d659d","mv07h_ph_record_v1:93150ea0b35d9d7e4510f14424ce6731de6fca2ce20e68a077ae74b9a1339791",13.1154310703278,582524928,71069,"4df61babf53f6739bf6734d221983ad02304413e399702b3ffc2cd79c942fc82","closed",FALSE
"mv07h_ph_metric_v1","ph__20260808__SRA701877_SRS3279695__cell_topology_v1",20260808,"SRA701877_SRS3279695","cell_topology_v1",384,383,333,0,1.78934666013096e-06,TRUE,"ripserr","0.3.0","primary","","3e90ac8976b57cc4f06824b1ebed36e99133b934fdcab56d5e0ff193b6ebeb4f","mv07h_ph_record_v1:e7349e1d30ef99149f5003dd1977348171aa2afc9c700701e1666c93362edd25",13.5764052867889,581824512,28496,"b878ba86b794afa685ee78a18460e5fa104304b89898a00c5ca531fe79774c60","closed",FALSE
"mv07h_ph_metric_v1","ph__20260808__SRA701877_SRS3279695__gene_topology_v1",20260808,"SRA701877_SRS3279695","gene_topology_v1",500,499,1044,0,1.31432153220948e-07,TRUE,"ripserr","0.3.0","primary","","3b7880afdd75c244115e10d426d6e79874f199101634c611623cf03bb7e47cc0","mv07h_ph_record_v1:7b3414ee518c73901cb3d9f223d2acce572323b7840121c469f7fe9c09e68ff7",13.3530738353729,605241344,58001,"7c9788bb2f39bee8979e415962c39255275ecac985ef143b7bcdd4648d12e89f","closed",FALSE
"mv07h_ph_metric_v1","ph__20260808__SRA703206_SRS3296611__cell_topology_v1",20260808,"SRA703206_SRS3296611","cell_topology_v1",384,383,376,0,8.28864949523154e-07,TRUE,"ripserr","0.3.0","primary","","be8be05afd4b46395c675760ee219d55c8cd226dc96cfb2495f7a351474b6ee2","mv07h_ph_record_v1:3fae0304d812d882397ed0ab966dac072d7000fdb1c9dcdbd7406527cf509745",13.0797255039215,581570560,30001,"79396784e8def648b8aa5dac5ef200b91ab731173118ecc2e6390332b76058bc","closed",FALSE
"mv07h_ph_metric_v1","ph__20260808__SRA703206_SRS3296611__gene_topology_v1",20260808,"SRA703206_SRS3296611","gene_topology_v1",500,499,772,0,1.31068780723584e-07,TRUE,"ripserr","0.3.0","primary","","5a5a44d3d8a52a20a71396d8bac0af86dfeacf278caae38c0235100ebb7e6831","mv07h_ph_record_v1:08e4eac8129b505b5ac77df60fe11ce15d1ebbfed974de61345b56d7f44eb2e7",14.1977829933167,644726784,48209,"8f48b3faa70a854aa8b3cc424d802ac290b69d5e1a505ce93623208a709f262a","closed",FALSE
"mv07h_ph_metric_v1","ph__20260808__SRA703206_SRS3296612__cell_topology_v1",20260808,"SRA703206_SRS3296612","cell_topology_v1",384,383,384,0,8.47588433000668e-07,TRUE,"ripserr","0.3.0","primary","","1b88953ee05714465a2d3d27c59ad1c379474e8a898c90459f28722869a61760","mv07h_ph_record_v1:2bd8fa3fbeb7935cb8747a3476738d1d4ac3a39c6022858475649cf001f178f6",13.0801196098328,581783552,30281,"01a925ac6efe35a3080eb119ff6681d634694dd59c84e918f05675c878fb05a1","closed",FALSE
"mv07h_ph_metric_v1","ph__20260808__SRA703206_SRS3296612__gene_topology_v1",20260808,"SRA703206_SRS3296612","gene_topology_v1",500,499,1333,0,1.29656845546804e-07,TRUE,"ripserr","0.3.0","primary","","2f8b907998f9414e0e7f9a51ac619d394411dcc18b1af9c5c38655936c9e3f07","mv07h_ph_record_v1:031bcb38421073a5287c0e194bfeae818d9da7cdd62e9e5a2c85c099435b02ab",13.3197238445282,581111808,68405,"ce4df4ee65bc3dbde4036fea632cb94f12ed4053509a598443d499f43bd8bc8e","closed",FALSE
"mv07h_ph_metric_v1","ph__20260808__SRA703206_SRS3296613__cell_topology_v1",20260808,"SRA703206_SRS3296613","cell_topology_v1",384,383,386,0,1.82083370420411e-06,TRUE,"ripserr","0.3.0","primary","","6600073b9e704f7f066128246110d2f571ece4a299549895300cb11421804b6b","mv07h_ph_record_v1:b5e988730d595951d0026bb2e062280aa2a98b21850411dc8f059583cf34241c",12.9299991130829,581988352,30351,"dbcf7fe88093cad438740a6036fb6b85a25758f02b54918619a8effa406d72f6","closed",FALSE
"mv07h_ph_metric_v1","ph__20260808__SRA703206_SRS3296613__gene_topology_v1",20260808,"SRA703206_SRS3296613","gene_topology_v1",500,499,1321,0,1.30738527761144e-07,TRUE,"ripserr","0.3.0","primary","","e628f05679e0705259825c3be7f35c25fcc0d11c4566783828d8795b9a134bb4","mv07h_ph_record_v1:3d89459a36e22928366fb6d3179b6525c0e9586093b980a91a3da7c074b03133",12.6742870807648,600899584,67973,"c673822b37007fe2d5e33c0eed026c5fbfb8bcc17df84b2df4f6a44737c7d743","closed",FALSE
"mv07h_ph_metric_v1","ph__20260808__SRA703206_SRS3296614__cell_topology_v1",20260808,"SRA703206_SRS3296614","cell_topology_v1",384,383,386,0,1.63019456384138e-06,TRUE,"ripserr","0.3.0","primary","","71e26fe7238e0ac49c3354ca20bbb47023edfb99ab4d6edc664f32dfc622ffb6","mv07h_ph_record_v1:66e7a04d22b7a3ddc5c51839f3f61e4045d7ccfb55cb796924c735fd88194440",12.4541301727295,679825408,30351,"03f38c4c16796dec3930a4b12033af7f810ef8b30e518529b7f036900126aef4","closed",FALSE
"mv07h_ph_metric_v1","ph__20260808__SRA703206_SRS3296614__gene_topology_v1",20260808,"SRA703206_SRS3296614","gene_topology_v1",500,499,1195,0,1.30952168474719e-07,TRUE,"ripserr","0.3.0","primary","","26687b080323f66b7d51ab5a85ed339dd0da61ad8592188511a85ae5a95268c9","mv07h_ph_record_v1:93ce6fbe95b44bffaebe0e11d5643b4bc11b8936564dd1fca5d1f23c3165aa31",12.7993133068085,669376512,63437,"b23e0e6ca3b65a547e7e8a088d2ab9f70c983824f2d52d5a77e97497d7911a86","closed",FALSE
"mv07h_ph_metric_v1","ph__20260808__SRA713577_SRS3363004__cell_topology_v1",20260808,"SRA713577_SRS3363004","cell_topology_v1",384,383,397,0,9.4363070336661e-07,TRUE,"ripserr","0.3.0","primary","","d04c68c31bd611d67d0ce37799c5b3e7dbfcc9325c1abb85fe41fe19a1612e43","mv07h_ph_record_v1:b31f7dfcbd59fad44e40bc5b4e8e7dc2c8d8ba91642ea0f089351a994fdd8454",12.4219489097595,582033408,30736,"221ffe92c4e249b5957760ea1d9265a95341cfc06902b4edfebd304d8e545681","closed",FALSE
"mv07h_ph_metric_v1","ph__20260808__SRA713577_SRS3363004__gene_topology_v1",20260808,"SRA713577_SRS3363004","gene_topology_v1",500,499,1614,0,1.32078422149699e-07,TRUE,"ripserr","0.3.0","primary","","45d84aad905910f2b041514e8d05607423f01ca4bf6e7d06d97b2fd8d8d47776","mv07h_ph_record_v1:78f423bb8a3befe49fa66dce80e0ab35e621d3df357b799f4fb02fefe4b4a511",13.0081713199615,607547392,78521,"e2aea9a3477f210f0f16adddb512938df23200d2bea8bc71322e1aa971d2e780","closed",FALSE
"mv07h_ph_metric_v1","ph__20260808__SRA716608_SRS3391629__cell_topology_v1",20260808,"SRA716608_SRS3391629","cell_topology_v1",384,383,325,0,7.67446603903734e-07,TRUE,"ripserr","0.3.0","primary","","421a086c69b983f01353c6db367534a0f0a2a6baa240c570b455f4830d69987f","mv07h_ph_record_v1:88ac4c135c145edf3ec073d0f0af4bab633145dd2f71d96240028d2eec8931fd",12.1799688339233,689557504,28216,"fccf63ce1e8930090d3100f32bacb6d057eb0dafbfb80be6f93871cd70e58c58","closed",FALSE
"mv07h_ph_metric_v1","ph__20260808__SRA716608_SRS3391629__gene_topology_v1",20260808,"SRA716608_SRS3391629","gene_topology_v1",500,499,975,0,1.32689781181109e-07,TRUE,"ripserr","0.3.0","primary","","60689c1980895295338f7b04627032a0774bf168b84b74617d493a3a820155b3","mv07h_ph_record_v1:7cd6038dd632dcd552723b002308aa7b7467e3b41ac2430c567d618c2b770c79",13.2570114135742,672759808,55517,"52c66daf49e46b245b52327546559a5fdb0837f745826de852e9d827672733e2","closed",FALSE
"mv07h_ph_metric_v1","ph__20260808__SRA716608_SRS3391630__cell_topology_v1",20260808,"SRA716608_SRS3391630","cell_topology_v1",384,383,333,0,1.04140632637575e-06,TRUE,"ripserr","0.3.0","primary","","dd80b125b16907697dfdeda7a086eb62a2033832ef2982df337b14a792dfc437","mv07h_ph_record_v1:d18fb48f08e654b28a528478ce2ae8d30ff4755c44b1213a620a2c708387d2de",12.733781337738,630071296,28496,"28a837877ed603ad35b31c25248bc92032c5f41853e258adf94a469f9bbcfefb","closed",FALSE
"mv07h_ph_metric_v1","ph__20260808__SRA716608_SRS3391630__gene_topology_v1",20260808,"SRA716608_SRS3391630","gene_topology_v1",500,499,1330,0,1.32152752552006e-07,TRUE,"ripserr","0.3.0","primary","","2b0192e2e9deec5208f75288cdb842502125b714fdee45208d978af8b1d31d09","mv07h_ph_record_v1:da91f98a623ba2c562ef5ac7b172f7df0505c608262f5e4282d0343506f19bde",14.5329947471619,681611264,68297,"1c687d4ec11125a0fb6369538d1be3b0ef157db0a1492512c44a22deec270d70","closed",FALSE
"mv07h_ph_metric_v1","ph__20260808__SRA716608_SRS3391631__cell_topology_v1",20260808,"SRA716608_SRS3391631","cell_topology_v1",384,383,317,0,7.8123745924479e-07,TRUE,"ripserr","0.3.0","primary","","f90696dcebb92004beb91e82bbdfab8c79352480f2c04c7271e976e784c832c2","mv07h_ph_record_v1:9cf01d71414e878a3dea69bc1eaa740ff5040b15e564776a704ddf9d1db7f23f",12.7268083095551,598286336,27936,"a9203e5995da8a9c53ebdf7a8fedb8e63d02a410f189e09fb180d8c89cd0a654","closed",FALSE
"mv07h_ph_metric_v1","ph__20260808__SRA716608_SRS3391631__gene_topology_v1",20260808,"SRA716608_SRS3391631","gene_topology_v1",500,499,618,0,1.31201147456813e-07,TRUE,"ripserr","0.3.0","primary","","849e66699de9e91bd4d4caf64189cf5c6380bf5b01ed599a9ae04b9999027b71","mv07h_ph_record_v1:7528a6de82b4c1bccf03d3e8217feaa208e897c2db119b3219971fea910f4dd3",12.4484345912933,715558912,42665,"afbbc619429c725a0ecb248d18f0eb2dbe138fd0592fd523b8aae2768e9f862e","closed",FALSE
"mv07h_ph_metric_v1","ph__20260808__SRA716608_SRS3391632__cell_topology_v1",20260808,"SRA716608_SRS3391632","cell_topology_v1",384,383,265,0,1.45260624244263e-06,TRUE,"ripserr","0.3.0","primary","","3ad1ba0660562f41702e8b0b0f3cb8120833346dfc34ef23d0791714882c80ee","mv07h_ph_record_v1:f2c3008fff70ceaf04c3a61ddb201832b6513e6ac42994d68a308027df69d62c",12.2913765907288,581873664,26116,"bdb8f07110ffa5c10217e9bed88da7c69719625fbf0b6110aa20b096a72cc463","closed",FALSE
"mv07h_ph_metric_v1","ph__20260808__SRA716608_SRS3391632__gene_topology_v1",20260808,"SRA716608_SRS3391632","gene_topology_v1",500,499,459,0,1.27452570619214e-07,TRUE,"ripserr","0.3.0","primary","","3e0e234218696758bbd7b60b013560fe3c02336504faf2a51370410fd736ca3d","mv07h_ph_record_v1:b9af1e5d1ab10868ee93d395e82b370032b7187aa2a12b3fc97cc567d795d89e",12.4720442295074,581828608,36982,"673b6029c55c9ca3a8610007af40e666cd22b053f010eaad6e058afb96b62d8d","closed",FALSE
"mv07h_ph_metric_v1","ph__20260808__SRA716608_SRS3391633__cell_topology_v1",20260808,"SRA716608_SRS3391633","cell_topology_v1",384,383,337,0,9.07990547879523e-07,TRUE,"ripserr","0.3.0","primary","","7f1c371a741f7076342a40fbed3c174511e33afdf2947dddd0ae8dee6229f0e3","mv07h_ph_record_v1:b91b2c43e6d08765209d1e5a62a0d5ad306dd4455111147012c132e8a246a20a",12.2259566783905,722325504,28636,"1dcc4522590e5b1fd08c97176a9c50625a8df977ffb257633ab711b9e845751b","closed",FALSE
"mv07h_ph_metric_v1","ph__20260808__SRA716608_SRS3391633__gene_topology_v1",20260808,"SRA716608_SRS3391633","gene_topology_v1",500,499,1853,0,1.31175810454505e-07,TRUE,"ripserr","0.3.0","primary","","b52c8325ee61be2111b8c90c2b4cd1653e34d458287bc280ceb8608d05feb911","mv07h_ph_record_v1:223e3fb5bd365e5e70b5e049e66e828c2f21837ac78077e82322bd02c000fe45",12.7533893585205,646250496,87125,"3b83a13566bf1058bd2453e8e51395edb05b848ea769024fb19e0ff5f370297f","closed",FALSE
"mv07h_ph_metric_v1","ph__20260808__SRA728025_SRS3454421__cell_topology_v1",20260808,"SRA728025_SRS3454421","cell_topology_v1",384,383,265,0,1.13897201509349e-06,TRUE,"ripserr","0.3.0","primary","","066e05f69d962365c90578686b28b9f8642c74dadca55efecc3aee1acecc4c5f","mv07h_ph_record_v1:be93ccf9dbf4377e02e65d7cd9250f4619134b7b4921839030952baae9f8b5e1",11.9736678600311,709537792,26116,"56684c889bf99de2d7c9336bf8fbe3c433a698f05a9f0a29325090304c45fbd1","closed",FALSE
"mv07h_ph_metric_v1","ph__20260808__SRA728025_SRS3454421__gene_topology_v1",20260808,"SRA728025_SRS3454421","gene_topology_v1",500,499,320,0,1.30804276921336e-07,TRUE,"ripserr","0.3.0","primary","","102dcd9cc981ee281381c7cbc870209742c1b540a4d9a6c59caf31b6c9a8bd6a","mv07h_ph_record_v1:ee06e2127fdb4171e7864e1245d5dee72c8b52d86f43887980dc4fb16e8b24f1",12.2433078289032,581885952,32117,"dd0d453ad21beadeee4da98c96b4a0df227dd0c8ff2d7285bd696594ce96923d","closed",FALSE
"mv07h_ph_metric_v1","ph__20260808__SRA728025_SRS3454422__cell_topology_v1",20260808,"SRA728025_SRS3454422","cell_topology_v1",384,383,269,0,1.13564648150658e-06,TRUE,"ripserr","0.3.0","primary","","56ac452cf977ad922c874e9a73d1fff3853f07cc81b60940d1d7f2d64c4000e4","mv07h_ph_record_v1:6ae515cf15438448fee8f6bb92d2125981c70f2ba92237729d51ff90dbbd8667",12.0358440876007,688746496,26256,"9e9824e57f33ef4f5c6729897f300304ea7669bd331929d8a507ed3afa8cdfdb","closed",FALSE
"mv07h_ph_metric_v1","ph__20260808__SRA728025_SRS3454422__gene_topology_v1",20260808,"SRA728025_SRS3454422","gene_topology_v1",500,499,267,0,1.29439043341497e-07,TRUE,"ripserr","0.3.0","primary","","0bbf931d4e742695607b529d8c77f2c85e2df5e74d8e5c3086921af07ae806ee","mv07h_ph_record_v1:e08dd68e876db355d352819a0980e8a592cb45c9bf85928f1592d01b7ce5f542",12.0037105083466,711262208,30262,"27494f7b37e2c0354fbb416b728c4237635f7f38e30eb2c6898af6d57c1e5b95","closed",FALSE
"mv07h_ph_metric_v1","ph__20260808__SRA728025_SRS3454423__cell_topology_v1",20260808,"SRA728025_SRS3454423","cell_topology_v1",384,383,232,0,1.05216399925752e-06,TRUE,"ripserr","0.3.0","primary","","25cd132582bf3a698d1fcb17cd2a8c849ee0756feed83a6d749488841626f518","mv07h_ph_record_v1:ee01de71c166c73ad70cbe19fac6890827185a2c5d08bd2b528fa0ccb13e2ed2",12.003470659256,682188800,24961,"49227706b5168caf933dbde7112636e7a2dafd41d325a8f8d58813b15de34f1b","closed",FALSE
"mv07h_ph_metric_v1","ph__20260808__SRA728025_SRS3454423__gene_topology_v1",20260808,"SRA728025_SRS3454423","gene_topology_v1",500,499,272,0,1.29567957649536e-07,TRUE,"ripserr","0.3.0","primary","","78e3abc71000f22a0d4535a6f2a03d870f64833f759ba2434e8d440a8c298cfe","mv07h_ph_record_v1:4b4e6174e23e4c189939dcb7f0f12fe73aa8d46679be408519120b941dfe321d",12.524078130722,581861376,30437,"84d2f6307fd9a215f8cbb0bb053398966f20ea7b3f5f7971e76c6a77a6605e4d","closed",FALSE
"mv07h_ph_metric_v1","ph__20260808__SRA728025_SRS3454424__cell_topology_v1",20260808,"SRA728025_SRS3454424","cell_topology_v1",384,383,266,0,1.49870618737227e-06,TRUE,"ripserr","0.3.0","primary","","d8c008f32c0207c09a0b13ced70a3a4460e04dd0cff8cc97b8c66e5f0c0fdfe7","mv07h_ph_record_v1:8afcb8941dec5deec98c0d15bd54f6e1536c723453fb0a390aaa2d4bbface8d0",12.7742800712585,590802944,26151,"96f8a721b6ab4dedc51c103f76094aa3abe69bb8d8f5c707c49b7b1f62df9fcd","closed",FALSE
"mv07h_ph_metric_v1","ph__20260808__SRA728025_SRS3454424__gene_topology_v1",20260808,"SRA728025_SRS3454424","gene_topology_v1",500,499,250,0,1.27908455559929e-07,TRUE,"ripserr","0.3.0","primary","","5138596e2165d4d232602c40ad995520ed566c959c555283dd15d5d3484f5ff0","mv07h_ph_record_v1:7810fa939cfe232e672269f2796d6eb2ea025f8996ca574bd18b25692c6376f2",12.533186674118,611328000,29667,"3dd490baf9fdbc94738b6b375bfea96d3bd2324c6c517b731b2707d493faff4c","closed",FALSE
"mv07h_ph_metric_v1","ph__20260808__SRA728025_SRS3454425__cell_topology_v1",20260808,"SRA728025_SRS3454425","cell_topology_v1",384,383,258,0,1.24740422391349e-06,TRUE,"ripserr","0.3.0","primary","","82f3ce8938d9ce84db556ae8ca973b5d1f5a2eb98896944cff3709eeb79a11d4","mv07h_ph_record_v1:f46e96f705dbe4f1e4956595fc2809761e9347ef3a7130d9d409d5a1b60fd54f",12.5318510532379,577683456,25871,"d55afffd112e29e62bb09398b7ab723bb0a3006f28d7f2ad29a963b1e625fa4d","closed",FALSE
"mv07h_ph_metric_v1","ph__20260808__SRA728025_SRS3454425__gene_topology_v1",20260808,"SRA728025_SRS3454425","gene_topology_v1",500,499,353,0,1.29543369918353e-07,TRUE,"ripserr","0.3.0","primary","","6b401773bdbd740a0d435d06afa5249358c1622181f33926234715a1fbda4cd3","mv07h_ph_record_v1:5e09f3b81c1abf10777ae8b9be20811a5b0aee22ad51493a9694e09e1cfddd46",12.337726354599,646606848,33272,"e82dd150e48a61b09bd0fece0f200f0cbe8ff102d19293ff2e965ea4e8227788","closed",FALSE
"mv07h_ph_metric_v1","ph__20260808__SRA728025_SRS3454426__cell_topology_v1",20260808,"SRA728025_SRS3454426","cell_topology_v1",384,383,263,0,1.12108782813014e-06,TRUE,"ripserr","0.3.0","primary","","e2883f7775895c2b9bc8eb63143b7e1052d642a54a657ca089cc80ef91055de7","mv07h_ph_record_v1:1ccc2e7804d2eb110eda2855dd45a03a6da0b1276adbd6f9abcd85e55d84626d",12.269927740097,577613824,26046,"f014ce17f5bf2c91783fbdb6d25533a1a930ab8e8214e184db4e2153ee3597b6","closed",FALSE
"mv07h_ph_metric_v1","ph__20260808__SRA728025_SRS3454426__gene_topology_v1",20260808,"SRA728025_SRS3454426","gene_topology_v1",500,499,396,0,1.31309219313185e-07,TRUE,"ripserr","0.3.0","primary","","0c6d6f4e3e056e7c0cd259b4665e8b42a5e7edbcdd591a3493bc7711bce644b0","mv07h_ph_record_v1:7d119e7b3b4b23d0c5d43d34e32a72ee69b535f593f9c79e576e419c73e4fff1",12.7943992614746,581926912,34777,"d77dc76c58df34b7dd5bf5b1817a6d4a9cf6161416b4c6da161fe1774864a578","closed",FALSE
"mv07h_ph_metric_v1","ph__20260808__SRA728025_SRS3454427__cell_topology_v1",20260808,"SRA728025_SRS3454427","cell_topology_v1",384,383,279,0,1.28525443294658e-06,TRUE,"ripserr","0.3.0","primary","","67246b87abdbeace9a0cb7ae5e064f2fff1621d9496d2f78b2a4997f3a3f2ef0","mv07h_ph_record_v1:5b67d7d32816fa4adb38adde26b54286e941781893803bc5a4215ee5512b73af",12.5277123451233,617840640,26606,"9b42b4379be9bb47bd46b0abeecc7025588f90e5bf29277306dc1449340d6aa0","closed",FALSE
"mv07h_ph_metric_v1","ph__20260808__SRA728025_SRS3454427__gene_topology_v1",20260808,"SRA728025_SRS3454427","gene_topology_v1",500,499,386,0,1.29575343639998e-07,TRUE,"ripserr","0.3.0","primary","","ba3fb7d8ac4b76a7446e2795a3e86751c29b1a2f816c5c5543fdea4323c77391","mv07h_ph_record_v1:5375b4be7ab6d8ce81395228a25b5d2c5cfce2eeddbbb3546e85b49b2cbb1638",12.5556840896606,580059136,34427,"587c53b7d8bdae065ce40000d908238b571793c84a62a2e61d78c5ed3e22f48b","closed",FALSE
"mv07h_ph_metric_v1","ph__20260808__SRA728025_SRS3454428__cell_topology_v1",20260808,"SRA728025_SRS3454428","cell_topology_v1",384,383,277,0,1.48482854081139e-06,TRUE,"ripserr","0.3.0","primary","","f46dfe8f34ba8f1b693466f492b5c42e4531c9a7959a448daa97e8d767808811","mv07h_ph_record_v1:ca5d65c2feb25a4b7b9c335800dbe6d460f7ae9c28786199040157814f799527",12.2862105369568,686268416,26536,"b3069a61ef04b0bcc2b81f2637f885adb1d778f6b0e4cefaa595453a862c7c1e","closed",FALSE
"mv07h_ph_metric_v1","ph__20260808__SRA728025_SRS3454428__gene_topology_v1",20260808,"SRA728025_SRS3454428","gene_topology_v1",500,499,336,0,1.32059384703295e-07,TRUE,"ripserr","0.3.0","primary","","3f152d804040ba8c73b161627765ff46673ffbfccc69231de422db080a546972","mv07h_ph_record_v1:fa6dfa0e0190ae3275cc91c3ed7d280292971e9cbfcddaef1d4b4cd7b3ad5852",12.0915703773499,708108288,32677,"047190033c943b09a3b5836bb3fd4a7957a442fa984ebefe2aca31da6abd4c5b","closed",FALSE
"mv07h_ph_metric_v1","ph__20260808__SRA728025_SRS3454430__cell_topology_v1",20260808,"SRA728025_SRS3454430","cell_topology_v1",384,383,292,0,1.16743891906384e-06,TRUE,"ripserr","0.3.0","primary","","c8ab3a3fa75657a6c67ae11f14b54d5d400be6a1c6015eb90cc8d4b493d8e59e","mv07h_ph_record_v1:cd939d342bcdf33e8f065885e50823e617cd551f2be92db95097be064d1f24ee",12.0607397556305,723611648,27061,"3710b88ede8e65cc7731320e488d058dcf7bacb5bac6cf8e66ba4c8ee47bca26","closed",FALSE
"mv07h_ph_metric_v1","ph__20260808__SRA728025_SRS3454430__gene_topology_v1",20260808,"SRA728025_SRS3454430","gene_topology_v1",500,499,230,0,1.31095316715691e-07,TRUE,"ripserr","0.3.0","primary","","6818c6f9d87cfeae1fc4bf48cdb38e089703b74a071bd1f5e594aa52b515b038","mv07h_ph_record_v1:f3a398b75b5e6f3b2dcf9dbd4461696f6350e103843bee45d63cdb8b0dea6d9d",12.5928206443787,633667584,28967,"a4f59a111665054a9c8d0233452c592554dcfa3064bd5fc6c2e1ba3a97c1911f","closed",FALSE
"mv07h_ph_metric_v1","ph__20260808__SRA740174_SRS3548780__cell_topology_v1",20260808,"SRA740174_SRS3548780","cell_topology_v1",384,383,312,0,1.10721374496396e-06,TRUE,"ripserr","0.3.0","primary","","ee4f296521b747c6495755b328afc31d0f9679f3edeacd233af5d23a92aa21a7","mv07h_ph_record_v1:c741e4b15209e618511280a8361aab742fb8ce5ba8956487e7c26fed9e43bafb",12.3301148414612,705486848,27761,"41b6fbaad01a91fbb50b41c283fe66a3dfc143d3c1db0e7c32838f4acea079b4","closed",FALSE
"mv07h_ph_metric_v1","ph__20260808__SRA740174_SRS3548780__gene_topology_v1",20260808,"SRA740174_SRS3548780","gene_topology_v1",500,499,738,0,1.30024643054708e-07,TRUE,"ripserr","0.3.0","primary","","94220643f9f5c1700725645c02d4b6d8c576f1ddb59077c68573db636648777a","mv07h_ph_record_v1:d7f6715f9e5a80d5d2aa7c3a83dc21316094b04ed7cae044c5de43e0068349a4",12.6117866039276,639356928,46985,"b6bb2491d8d309251b29bce320921ad961a9874fb0da2464b66b6be4b83bc667","closed",FALSE
"mv07h_ph_metric_v1","ph__20260808__SRA740174_SRS3548781__cell_topology_v1",20260808,"SRA740174_SRS3548781","cell_topology_v1",384,383,278,0,1.03170604472416e-06,TRUE,"ripserr","0.3.0","primary","","d94c0a96d1cffb74b947ecd0e4f716aa1b125efd19a294c1855e04e615bf159c","mv07h_ph_record_v1:adb87856ec459c777d22691419547460311c722c085460b3766369ffe53a2508",12.5569412708282,643289088,26571,"0ab13bb89ba09c73a0ef8de9e8ddbb681d94fc7fae747e3ff517416ce295ccc7","closed",FALSE
"mv07h_ph_metric_v1","ph__20260808__SRA740174_SRS3548781__gene_topology_v1",20260808,"SRA740174_SRS3548781","gene_topology_v1",500,499,501,0,1.31483896444517e-07,TRUE,"ripserr","0.3.0","primary","","2d3bc02c200016958220a22a4ba3fe6190cb0993e996a1fe2be44cd68288da80","mv07h_ph_record_v1:d15f7913b760d074ed2807a2280ce80222097bb0229731a484d17fc846c54fa3",12.8825142383575,582447104,38453,"776ff44d5d51891db7f9e599b4faf92bf655784a4fc7242a1cd7bb1f27f55626","closed",FALSE
"mv07h_ph_metric_v1","ph__20260808__SRA740174_SRS3548782__cell_topology_v1",20260808,"SRA740174_SRS3548782","cell_topology_v1",384,383,310,0,9.79559234440094e-07,TRUE,"ripserr","0.3.0","primary","","6b0e4f38271450714ed43837eaff24695925367af2d64f2038a820d095d7a175","mv07h_ph_record_v1:a25e645c23a4b8c104207d91d28c7d35ad300c913f523f8a4c07d556209a5399",11.9106919765472,581664768,27691,"325d5af9088f615cf392aae67e98577ef09ed8e2152200289dee9f9d29521866","closed",FALSE
"mv07h_ph_metric_v1","ph__20260808__SRA740174_SRS3548782__gene_topology_v1",20260808,"SRA740174_SRS3548782","gene_topology_v1",500,499,729,0,1.30461604287869e-07,TRUE,"ripserr","0.3.0","primary","","f32232970e3596106022e651e9f3ba5f8b8b089e1cc8025fe6a8080bcf7060aa","mv07h_ph_record_v1:f6a7c362b0388978d6db2afbe2b4636ac9c3c5045e614d351a4140800c1329cc",12.1864669322968,597790720,46661,"cd2a62bdc9a013cb9ae567729d35b35e280bda5b708729eb198c0d39997dd129","closed",FALSE
"mv07h_ph_metric_v1","ph__20260808__SRA740174_SRS3548783__cell_topology_v1",20260808,"SRA740174_SRS3548783","cell_topology_v1",384,383,264,0,1.84350147630838e-06,TRUE,"ripserr","0.3.0","primary","","7397721c38fa013a0e22e9d34941c7460082bc592eca05f353c8728e84389846","mv07h_ph_record_v1:7c3fe59148060196d3552fd132a78ea93e3f3c1d9cde16167a2365290683f054",11.6695413589478,677101568,26081,"4fa20b6bfec95b744d4f6200312e59ea9342f50021d73448521fd0e4ab582323","closed",FALSE
"mv07h_ph_metric_v1","ph__20260808__SRA740174_SRS3548783__gene_topology_v1",20260808,"SRA740174_SRS3548783","gene_topology_v1",500,499,567,0,1.29680178936098e-07,TRUE,"ripserr","0.3.0","primary","","84243a837e819e2de47d531c19eb5a0a598958b108928b35372b0623ee2a5170","mv07h_ph_record_v1:ce5511135d85fe972dc2dfb2a402f647291ff0b4677ef2ca48b744a55de8e030",12.4399044513702,649347072,40829,"bb7d74dd26e714f6a87df767d7abdf5475b34365c184176f5037248fcd186fcb","closed",FALSE
"mv07h_ph_metric_v1","ph__20260808__SRA742961_SRS3565195__cell_topology_v1",20260808,"SRA742961_SRS3565195","cell_topology_v1",384,383,371,0,9.4924318341502e-07,TRUE,"ripserr","0.3.0","primary","","453a0a6d46136e595bb02692164df79f34aeb0f8ae790f9929911285907672b4","mv07h_ph_record_v1:f198cc45333414f75dc239c70059e5c08d105fee9a8cbf04e52ed2f1acc74408",12.1693115234375,581865472,29826,"157cb1e768e96b68a2eeb12252a0d8841e94665d1d2374347186c6af278ef9d7","closed",FALSE
"mv07h_ph_metric_v1","ph__20260808__SRA742961_SRS3565195__gene_topology_v1",20260808,"SRA742961_SRS3565195","gene_topology_v1",500,499,1296,0,1.30922271067623e-07,TRUE,"ripserr","0.3.0","primary","","f76d9b475343eda7d8a9bc4c6b0f97c1136ddde4f91b5a855edbfb1ccd9caab2","mv07h_ph_record_v1:ce69b59d30d8a251838effbdb4657c4720b9d823d0112a13af083257d54efd32",12.4301884174347,710537216,67073,"1675e2c8ccce98db2fd0a3fe113f05c0a6c32ed262b4f5ce1fd9847b109dbdb7","closed",FALSE
"mv07h_ph_metric_v1","ph__20260808__SRA742961_SRS3565196__cell_topology_v1",20260808,"SRA742961_SRS3565196","cell_topology_v1",384,383,421,0,9.25803292288437e-07,TRUE,"ripserr","0.3.0","primary","","3f2b07bf442637f0325cc6159bf29cdf15aad3383e00bc52c3267ab1d4325be6","mv07h_ph_record_v1:13222899a8d9e82208071610ad4fb85cd09af02adea45843df4800df09395c48",11.997837305069,654065664,31576,"def0e3da40b26225bb6e5a39a7022f27d086ddffe6cd3bed70144453b5773e81","closed",FALSE
"mv07h_ph_metric_v1","ph__20260808__SRA742961_SRS3565196__gene_topology_v1",20260808,"SRA742961_SRS3565196","gene_topology_v1",500,499,1844,0,1.31087824832169e-07,TRUE,"ripserr","0.3.0","primary","","8a2b3f4dc37decb69a21187bb30b8b64207d8d593170edd999246ed103476dde","mv07h_ph_record_v1:ba7f93892f57a2da913febe600331b9da26d149c49580ca89c7157370993690c",12.6980917453766,580182016,86801,"07eb95b95be3413ebc5203d42bba40dac85dab766add46f87764f05a938994ae","closed",FALSE
"mv07h_ph_metric_v1","ph__20260808__SRA742961_SRS3565197__cell_topology_v1",20260808,"SRA742961_SRS3565197","cell_topology_v1",384,383,436,0,9.43989511981674e-07,TRUE,"ripserr","0.3.0","primary","","eb19373ccf4cfd51d86acaa56ab62454e9f98994a76c43cec2f371810be9b075","mv07h_ph_record_v1:e1dc8e8a4181a372e9894d085d5bf776d7ca81d6d4469453abc3be1c630207db",12.20392370224,671678464,32101,"e93f59ecb890c3cba8ab407f5061afb5c2da944f097c421709f55054d19a7bbd","closed",FALSE
"mv07h_ph_metric_v1","ph__20260808__SRA742961_SRS3565197__gene_topology_v1",20260808,"SRA742961_SRS3565197","gene_topology_v1",500,499,1642,0,1.31117121437852e-07,TRUE,"ripserr","0.3.0","primary","","a8252bc9d2e2767edf8b1fda8bf154aeb0761db7e15b4b6e4fd8fc7cb6ee7b51","mv07h_ph_record_v1:08d45df08c4f91738a596832e916aa24d7b3789301e63a50846063613a4cd74f",12.4624676704407,592904192,79529,"9a14d4a37d8f00287fc42dc6f5c6555fb24c96d6768449d1708c0ade9421d22d","closed",FALSE
"mv07h_ph_metric_v1","ph__20260808__SRA742961_SRS3565198__cell_topology_v1",20260808,"SRA742961_SRS3565198","cell_topology_v1",384,383,392,0,8.80554784699868e-07,TRUE,"ripserr","0.3.0","primary","","c85b71681d74639631ef23fe137f8da18fa38884f38a9fd45369daccfa2e02c1","mv07h_ph_record_v1:450ecedbfa694816f5f86518142ed90cfdc0d371cfcddcce7c9262d1585d7397",12.2097010612488,614215680,30561,"e9f15680ebf1c1577cefbe5321e827721bbf39855b7d76ec8a8426214781a6cb","closed",FALSE
"mv07h_ph_metric_v1","ph__20260808__SRA742961_SRS3565198__gene_topology_v1",20260808,"SRA742961_SRS3565198","gene_topology_v1",500,499,1666,0,1.31957121012252e-07,TRUE,"ripserr","0.3.0","primary","","58c7c3cff7fbfb0cacfa157e7b1f9315bc90db78800e3a1e4549dfb3714deae2","mv07h_ph_record_v1:62f1d7cfdef20d9d5f11b98103ec90dce90a6d7b1c44c0cc33270729126460b0",12.7542943954468,583315456,80393,"6f01f39834f6d8e6478b531da42f402696182d97d67364452aceb16ea9c904f4","closed",FALSE
"mv07h_ph_metric_v1","ph__20260808__SRA742961_SRS3565199__cell_topology_v1",20260808,"SRA742961_SRS3565199","cell_topology_v1",384,383,405,0,9.75959269390193e-07,TRUE,"ripserr","0.3.0","primary","","6c5254f5c7e6fa1abcbaa31c351a84d93bfa1a39c10026cc0bc21c4b46688958","mv07h_ph_record_v1:45d2b525568349a99663227eb519936eadb83a59840ad365ddf47fd72b3bc925",12.247930765152,581836800,31016,"83e85726d339c47575e61e9597a3b44681940c99da2b65f9040f45a5ccd62a61","closed",FALSE
"mv07h_ph_metric_v1","ph__20260808__SRA742961_SRS3565199__gene_topology_v1",20260808,"SRA742961_SRS3565199","gene_topology_v1",500,499,1601,0,1.30768747800909e-07,TRUE,"ripserr","0.3.0","primary","","66dcd10226d5f65d9dee0bf221984402ee93692a53ee7127b15021ebb8538210","mv07h_ph_record_v1:69d95af0a7ce0b2bd8f62311e771e2c6c3e3279616867709f366e7b9f29bcc5a",12.8085553646088,583991296,78053,"cc06e5bbe4d1de62d620da25028b01ca8533e655e136822f97df529ea465941f","closed",FALSE
"mv07h_ph_metric_v1","ph__20260808__SRA742961_SRS3565201__cell_topology_v1",20260808,"SRA742961_SRS3565201","cell_topology_v1",384,383,401,0,7.9769324570489e-07,TRUE,"ripserr","0.3.0","primary","","e356d43a760548edbdd75eb6d6ed76aec5c7da097556d26294cb9616681a3f3a","mv07h_ph_record_v1:907688649a5f39a9f79ca0d433a0364c196797602109b3d50c1f768af6cdb7df",12.2365281581879,706646016,30876,"7d229cc562d0490cf5a3e21c56fe4cedf1f001c94987990f70cda511f3096df2","closed",FALSE
"mv07h_ph_metric_v1","ph__20260808__SRA742961_SRS3565201__gene_topology_v1",20260808,"SRA742961_SRS3565201","gene_topology_v1",500,499,2049,0,1.31363627187284e-07,TRUE,"ripserr","0.3.0","primary","","aa7f9ccb923f30a1005d8c827a2be909803cb2945bb6b924cf0fc51fe4ff2577","mv07h_ph_record_v1:5073eb2d35cafed00a56c5fcfce28b764bf0baf1496ef1bb7204e70c48501a35",12.5054016113281,676659200,94181,"e5355868ea4a2f4098da1897a5705b3711508b24dde537433348df883d87cc32","closed",FALSE
"mv07h_ph_metric_v1","ph__20260808__SRA742961_SRS3565202__cell_topology_v1",20260808,"SRA742961_SRS3565202","cell_topology_v1",384,383,327,0,9.65766248708286e-07,TRUE,"ripserr","0.3.0","primary","","9e048e0587ddaaa95675bd8ad9b2159f7a7db698972c6469dff86f1536b8067a","mv07h_ph_record_v1:9cd6798315ed8e3bc1665ce9c296cd2e280477eb6eda4bcfa03acbaf2e5c9108",12.7516641616821,628121600,28286,"92271997d9775962270cdea5d29f9afef6ab8a25747ebc0b6d6c82ae81fa26ca","closed",FALSE
"mv07h_ph_metric_v1","ph__20260808__SRA742961_SRS3565202__gene_topology_v1",20260808,"SRA742961_SRS3565202","gene_topology_v1",500,499,1212,0,1.30869334543529e-07,TRUE,"ripserr","0.3.0","primary","","be045225a0fb4268310989feefb4e42135ac282eabccdd556a70898e6afd6adb","mv07h_ph_record_v1:ab440c3066602590780c5a7fcd170e3ade56f925ef2831cadbd7cdefb1d30c0f",12.7678351402283,582557696,64049,"1a727144c2c40e932578942e8e87324e597fc186431c03077bccd7e66fed9c7a","closed",FALSE
"mv07h_ph_metric_v1","ph__20260808__SRA742961_SRS3565203__cell_topology_v1",20260808,"SRA742961_SRS3565203","cell_topology_v1",384,383,411,0,9.3263186943071e-07,TRUE,"ripserr","0.3.0","primary","","01d1e938923106ed83830c5d5b973eebf4dcc4a41493ece0561c3005d7829419","mv07h_ph_record_v1:9c445de020e14e3f7627d992a900579817f2b01b94df38ef54a570aa485f1cad",12.2306656837463,728334336,31226,"cf38b28922db429ddc634e08ae0e2d390b159f640e3cf68355cdc9825073f48a","closed",FALSE
"mv07h_ph_metric_v1","ph__20260808__SRA742961_SRS3565203__gene_topology_v1",20260808,"SRA742961_SRS3565203","gene_topology_v1",500,499,1972,0,1.31771490747486e-07,TRUE,"ripserr","0.3.0","primary","","ba157304878ed566b340c34eedbc317df1a2566f5c6febfb8fb18bb83dd0a0f4","mv07h_ph_record_v1:10271ed236954c872ce5c2e578db87607b3e9675247a90b96d24506a6d9dcbad",12.803092956543,696070144,91409,"d2855ccac544037cf11c8ab6255d0ae948d9a02fc36f8ff70165fd60bddf627a","closed",FALSE
"mv07h_ph_metric_v1","ph__20260808__SRA742961_SRS3565204__cell_topology_v1",20260808,"SRA742961_SRS3565204","cell_topology_v1",384,383,387,0,8.76857592457836e-07,TRUE,"ripserr","0.3.0","primary","","4c5e04aae97a9dd5e54ed682a37ce6386b5a4cb8cfa1a68c5a4f9529d4e36c94","mv07h_ph_record_v1:619152c11706c5be36c7b0bbbfea5744aa66240ae6f6c8de91f4a4eee53742eb",12.2428712844849,581754880,30386,"2e01be5f34fd977eed06dcaaeac1cabbf2cec8b42864d8fc8a87b78bcbcac78a","closed",FALSE
"mv07h_ph_metric_v1","ph__20260808__SRA742961_SRS3565204__gene_topology_v1",20260808,"SRA742961_SRS3565204","gene_topology_v1",500,499,1420,0,1.31396991290984e-07,TRUE,"ripserr","0.3.0","primary","","b31f4a1d16ba70bc17b636fee2b492477f18d6f697955bd288839e5111612a56","mv07h_ph_record_v1:c13b4e7ab92c4909334f48ff390248094247ec89b9e9b65ad5250d0ed01d3020",12.5006449222565,649535488,71537,"530a1acd24c63bc6ca7e6f2c8b7764fa7eb18c4743da3b0d7310da38f71e020d","closed",FALSE
"mv07h_ph_metric_v1","ph__20260808__SRA742961_SRS3565205__cell_topology_v1",20260808,"SRA742961_SRS3565205","cell_topology_v1",384,383,427,0,8.17015384432326e-07,TRUE,"ripserr","0.3.0","primary","","663aced9b0fe034c45d34f4b6d56f5616b0f2cab0603eee3a27e3319f7dab24b","mv07h_ph_record_v1:b2acf3296585579a7483e54db3872c687c547306e554655b696318c34f71514d",12.5325322151184,581918720,31786,"cc8cdb5f4b513bf5ebe1f7d89297299d38eda2f6eed2f4e1b22f545ef3d87134","closed",FALSE
"mv07h_ph_metric_v1","ph__20260808__SRA742961_SRS3565205__gene_topology_v1",20260808,"SRA742961_SRS3565205","gene_topology_v1",500,499,2020,0,1.31812329584745e-07,TRUE,"ripserr","0.3.0","primary","","12aded42fde6d5801533edb7eac2e7477981209e2f6fb9baac02a4b335740f07","mv07h_ph_record_v1:166a650cd05e1cb8f6056a4e5d16db73fdffec2e59a286555b7dce845bd7a8d8",13.2766437530518,693739520,93137,"b18ff6957ecfdaaa715f4af8fb1c3d34c36744b79d347075362c77b1e20a1fc5","closed",FALSE
"mv07h_ph_metric_v1","ph__20260808__SRA742961_SRS3565206__cell_topology_v1",20260808,"SRA742961_SRS3565206","cell_topology_v1",384,383,469,0,7.77715879438659e-07,TRUE,"ripserr","0.3.0","primary","","a8b312786f781bf2ad67172ba82694937ed95418e0f4ffacee992412c3121ab3","mv07h_ph_record_v1:bdf80883dbc453c9f08cb533870f382f76780f7d71addacac7b43cc13fd1f080",12.561262845993,581799936,33256,"ea46f86d0f25b5e6fce3343341aac73cd4f8e1e1619f73a43efd54c6dfda24f9","closed",FALSE
"mv07h_ph_metric_v1","ph__20260808__SRA742961_SRS3565206__gene_topology_v1",20260808,"SRA742961_SRS3565206","gene_topology_v1",500,499,2300,0,1.31759345539266e-07,TRUE,"ripserr","0.3.0","primary","","866ca1dbe4c994335fe6f8d61456a9f26f9039c16876db6ed0787fa604061a58","mv07h_ph_record_v1:e6f4d965b7020afb3b72528e00a5044adb68d778759ddf16ad9fb35f5c2ca578",13.0574719905853,593096704,103217,"28f8963c0308ffa4a5bd1a392d90120d96a59d5d0a8f799cd881ec6b5f3e5947","closed",FALSE
"mv07h_ph_metric_v1","ph__20260808__SRA742961_SRS3565207__cell_topology_v1",20260808,"SRA742961_SRS3565207","cell_topology_v1",384,383,331,0,8.99823597805061e-07,TRUE,"ripserr","0.3.0","primary","","d143e3d6a9608b49c06297eff907afe9a58d1d7062b8696284d6b54bf011f3c7","mv07h_ph_record_v1:bdd9a08bbd44d3c881e97ed305f441086c70820e067a03d0a8176dc9b3f77771",12.1460120677948,655167488,28426,"52409e40b02f3e9cd60fc7a629dc80b53b1412b1920de9f0457fe429163b79da","closed",FALSE
"mv07h_ph_metric_v1","ph__20260808__SRA742961_SRS3565207__gene_topology_v1",20260808,"SRA742961_SRS3565207","gene_topology_v1",500,499,1637,0,1.31014428930958e-07,TRUE,"ripserr","0.3.0","primary","","e1f7a33b79876caa1882ecec626d1886b56083b326a179696ebe554dfc114df8","mv07h_ph_record_v1:61930f0b46b4412edb227341fcb39ade269745b53ebf01a2364fa73618475ac2",13.3160667419434,583131136,79349,"7dfc8980bae38da29bf9288350808fa1454ed0ebb6852dde28b2841a607548a2","closed",FALSE
"mv07h_ph_metric_v1","ph__20260808__SRA742961_SRS3565208__cell_topology_v1",20260808,"SRA742961_SRS3565208","cell_topology_v1",384,383,417,0,8.3149975159093e-07,TRUE,"ripserr","0.3.0","primary","","c39aaea98c6f7347dbce24a3d497ecec2d6af2e6e7c3a317e107191ddc390a48","mv07h_ph_record_v1:2096b47c1f92209b9a352f7e60ceda4451de8112467c139fcb1492518f435a34",12.2757060527802,649580544,31436,"0187bb8063113ee25dc59e91bed911d342f1bd9f718aae47a775ad077a87fba8","closed",FALSE
"mv07h_ph_metric_v1","ph__20260808__SRA742961_SRS3565208__gene_topology_v1",20260808,"SRA742961_SRS3565208","gene_topology_v1",500,499,2209,0,1.31707959574754e-07,TRUE,"ripserr","0.3.0","primary","","bac907ee113dcd6703414b12cb0f3cadaa3e7e8e3a9ad90fd77f68b93a316709","mv07h_ph_record_v1:ab62dfd34302f27e3ac9a173f7f6642f56390d5394cbe5adcd89bb2f4b9bb271",13.0601108074188,618119168,99941,"1fcaef449839967a1ba3b0e1f7e82221aa61051ec9f1d75188c406632467e269","closed",FALSE
"mv07h_ph_metric_v1","ph__20260808__SRA742961_SRS3565209__cell_topology_v1",20260808,"SRA742961_SRS3565209","cell_topology_v1",384,383,409,0,9.22819626248682e-07,TRUE,"ripserr","0.3.0","primary","","43f04789886db73cccac3e82b95ab893bac66617775082b81228740c4d4b339e","mv07h_ph_record_v1:c27f66ea5fa6f8846d474ce8c94027f69cceeb6cb26d452d3ff8398e0c6301dc",12.5278239250183,722509824,31156,"13ace7e69725461c54c7ef9d3b7d59ee15123c76e0a35d4400bb5ade984bec65","closed",FALSE
"mv07h_ph_metric_v1","ph__20260808__SRA742961_SRS3565209__gene_topology_v1",20260808,"SRA742961_SRS3565209","gene_topology_v1",500,499,2131,0,1.31582355525969e-07,TRUE,"ripserr","0.3.0","primary","","e7873662c0f63da6ecfd41c7c42d8e554e9dc8f2efd46cf93af411a958bed8dc","mv07h_ph_record_v1:f4f139e437f2198bdef9590a31cb3effd13ac32231366bb87205e9aef3718d30",13.5843765735626,670822400,97133,"2eecf0e3af873811f0bed81514a91c3dea89525b928b1f1fdd2b651f94104710","closed",FALSE
"mv07h_ph_metric_v1","ph__20260808__SRA742961_SRS3565210__cell_topology_v1",20260808,"SRA742961_SRS3565210","cell_topology_v1",384,383,350,0,1.0780346744912e-06,TRUE,"ripserr","0.3.0","primary","","ffb907530ef0775088e0d1954de3fc7e66cc9e343ffafea69d2e0a5fb7340262","mv07h_ph_record_v1:6024498ebd55235f170bc619c88b4df567169781df34066af51b16a92d3158bb",12.343930721283,711102464,29091,"39e4efefc68e638db7f7abe994140d1d35b5f58420ab788d870a674a23dd5ff8","closed",FALSE
"mv07h_ph_metric_v1","ph__20260808__SRA742961_SRS3565210__gene_topology_v1",20260808,"SRA742961_SRS3565210","gene_topology_v1",500,499,1255,0,1.30609912564085e-07,TRUE,"ripserr","0.3.0","primary","","48cf9617243a50d5ab8e9596a8dced2420f15a1b56d34dc35e2e3388092b839d","mv07h_ph_record_v1:8cf54567466ed04a5198d5529f7b6b2f37442969b453d9df04c17d0455a75693",12.5458199977875,625655808,65597,"d0365be30b029e96bba5e3796f8e3ca38b1adc93b97f94d3cc5b9d3ffe7bce01","closed",FALSE
"mv07h_ph_metric_v1","ph__20260808__SRA742961_SRS3565211__cell_topology_v1",20260808,"SRA742961_SRS3565211","cell_topology_v1",384,383,407,0,1.13550367493307e-06,TRUE,"ripserr","0.3.0","primary","","095a7f3dbacc666a23bd87a229348dc94801e5ee32e64654caea07eb0017b4ae","mv07h_ph_record_v1:297005c2f1c9a7f1f048f7d0a6d728330893167c85de9d2cbaf6feb13c38f05a",12.0185985565186,581775360,31086,"c4d12b617390aabb769fa4a027b8e4acad86c2fa587b8893be3083527cd57fc7","closed",FALSE
"mv07h_ph_metric_v1","ph__20260808__SRA742961_SRS3565211__gene_topology_v1",20260808,"SRA742961_SRS3565211","gene_topology_v1",500,499,1679,0,1.31847294413744e-07,TRUE,"ripserr","0.3.0","primary","","3107688dbfa74d7e3d6cea705f1d216b763271ef6abce7e66add168de4699ffc","mv07h_ph_record_v1:e460bd5b1c10f164915af4194f2975e766c72ca2edb6258938cf7fc014e8e31f",12.5397126674652,657444864,80861,"dcdf4ee6708149efb33e6e0dc133690fe3856377e2461ccadb2263a6519e89fb","closed",FALSE
"mv07h_ph_metric_v1","ph__20260808__SRA749327_SRS3693910__cell_topology_v1",20260808,"SRA749327_SRS3693910","cell_topology_v1",384,383,363,0,8.50237236279207e-07,TRUE,"ripserr","0.3.0","primary","","b313356b0133486108f84599655aaea28296872c43df586360899a22421387c2","mv07h_ph_record_v1:95c17dd40e53679a956d29bc93754bec3b7e39cc96f0eb97fc5eb6115356de06",11.7797260284424,607420416,29546,"a28c1e433292891ade4d27e956e8175f85fd77dd283edff116c9095c3a62b593","closed",FALSE
"mv07h_ph_metric_v1","ph__20260808__SRA749327_SRS3693910__gene_topology_v1",20260808,"SRA749327_SRS3693910","gene_topology_v1",500,499,1612,0,1.31484885913698e-07,TRUE,"ripserr","0.3.0","primary","","08d9f2d912cc4bca57095f0f250018177e235a17c8c1252505de9b6eb09e98e2","mv07h_ph_record_v1:d08b449bae0a66531f1719d459658ab9f4f73b34f929dcf418b5f0a93878c957",12.2786629199982,579674112,78449,"c73bdebd8e9d8e98fc8b1cf6f32f60a1cbb9be3421319d58413afe5683952640","closed",FALSE
"mv07h_ph_metric_v1","ph__20260808__SRA749327_SRS3693911__cell_topology_v1",20260808,"SRA749327_SRS3693911","cell_topology_v1",384,383,379,0,7.37245156360844e-07,TRUE,"ripserr","0.3.0","primary","","294f6502281fb515d325ead8efdfefd41a1d5ebf3c5dc9f4a8a63be95237d12e","mv07h_ph_record_v1:ec839a995f1eb9d936d301183b6b57bb6ada487587783f7e5f0c187f637f089f",12.3788952827454,581767168,30106,"092ac5d80b72b73d0245be3da549c0a120e6cb8728e18b9d308ea153e422170f","closed",FALSE
"mv07h_ph_metric_v1","ph__20260808__SRA749327_SRS3693911__gene_topology_v1",20260808,"SRA749327_SRS3693911","gene_topology_v1",500,499,1593,0,1.31862324308828e-07,TRUE,"ripserr","0.3.0","primary","","4d94a05108b2723e42d3ab1e8cc496c45b0d4896c44e872aa97fddfffe23428b","mv07h_ph_record_v1:8443900e02805e32d9a01d627cdff0a520c8643ed5459569888e0d3cd2a3081e",12.6972515583038,654032896,77765,"802223b2f0a09bc8fe2d0b0c809759841ead97c9d8699e083df510bac66bcc5b","closed",FALSE
"mv07h_ph_metric_v1","ph__20260808__SRA749327_SRS3693912__cell_topology_v1",20260808,"SRA749327_SRS3693912","cell_topology_v1",384,383,380,0,7.47364319204768e-07,TRUE,"ripserr","0.3.0","primary","","b2a900892496bb2fdaac9967dba628a4e607dff18e94bc0c3dfb61592d9e47dc","mv07h_ph_record_v1:3348500b9819aa45ff48e0ec562d105a91076f700ade2ac18b0462eab5732c1e",11.910206079483,688668672,30141,"edbc0ef9e9187d47a4f81a65b49b3358d34025616aab0a224ff23d3f02ef17ae","closed",FALSE
"mv07h_ph_metric_v1","ph__20260808__SRA749327_SRS3693912__gene_topology_v1",20260808,"SRA749327_SRS3693912","gene_topology_v1",500,499,1613,0,1.32548926737234e-07,TRUE,"ripserr","0.3.0","primary","","b23d2c3edd567270f5f9d20ca0f5afb2d65a72c914f6e701c5ed147568117205","mv07h_ph_record_v1:53dfab4afaff5da3ff5a9e7c2a9b583395011b1635b09dbeaaa7ad5b2ede8d25",12.1724812984467,581570560,78485,"2ec37f54eb2ecb91d4f1ad817d5ca7849f7be7c8e62f8b2a4a2487fa2fcb895f","closed",FALSE
"mv07h_ph_metric_v1","ph__20260808__SRA749327_SRS3693913__cell_topology_v1",20260808,"SRA749327_SRS3693913","cell_topology_v1",384,383,382,0,6.20544345107903e-07,TRUE,"ripserr","0.3.0","primary","","4be9ea80958bbde1bbfb2ceab3bf45e9b4d6ae025165116a39138795153cc603","mv07h_ph_record_v1:351f3d74bf3dcf612b11521b5adb3a7c7552102b2cd65ba0a9db5c4eb3cc6f7f",12.1698896884918,686407680,30211,"b3153f24a33eaf0c8dbe62388e47953512db1f4a464eb0ae518999f3eefd7e1a","closed",FALSE
"mv07h_ph_metric_v1","ph__20260808__SRA749327_SRS3693913__gene_topology_v1",20260808,"SRA749327_SRS3693913","gene_topology_v1",500,499,1638,0,1.32015548060191e-07,TRUE,"ripserr","0.3.0","primary","","1be8af0d4a6ebb4e33764da5b11900cdcdbf10ccf85ddcf5de900f3fbd90fb7f","mv07h_ph_record_v1:5a92425030fe3e004f561940767766a64345a5832a67bfccd608e6aa7bc30348",12.6948301792145,612536320,79385,"dce368c29554e356722756b592e831ddfe1a7ebde9c67b7167e75c8ef315c261","closed",FALSE
"mv07h_ph_metric_v1","ph__20260808__SRA760933_SRS3693061__cell_topology_v1",20260808,"SRA760933_SRS3693061","cell_topology_v1",384,383,337,0,1.00668739996746e-06,TRUE,"ripserr","0.3.0","primary","","757d88ccf86d3372a45c79fa941d69e8c97b07727d18eb8c3942e625c8659e19","mv07h_ph_record_v1:f9e8d98034752f551785bca7a8ddc9d1c85ffee32bcfa3e725806bea95b382ac",11.9164633750916,688111616,28636,"78863d4f11d70fec2bf7bb6e06eb5a61b01fd796f5bc2c2bffb783ddaf8e8399","closed",FALSE
"mv07h_ph_metric_v1","ph__20260808__SRA760933_SRS3693061__gene_topology_v1",20260808,"SRA760933_SRS3693061","gene_topology_v1",500,499,506,0,1.31469621475806e-07,TRUE,"ripserr","0.3.0","primary","","0b87f3cd2a3b29d5a1eb9a8261247d820c95ca00b7cdab7c61a499cd27c9ad6f","mv07h_ph_record_v1:cbd24fd17aa83540a49966c4428b86b9dd90b873ee3026d88d82239f74644fc0",12.4973883628845,581947392,38633,"90fdccc530ec8d3526a3fd4abf3c0637a93fcf0ed321b74b91a185b1f3e42f3d","closed",FALSE
"mv07h_ph_metric_v1","ph__20260808__SRA779509_SRS3805245__cell_topology_v1",20260808,"SRA779509_SRS3805245","cell_topology_v1",384,383,306,0,9.74259880359225e-07,TRUE,"ripserr","0.3.0","primary","","f4c6b5266a5e813a08aca94acf197f29d0294567bc741df6374f8c5eaf242913","mv07h_ph_record_v1:91470166a7a36bd035b2c910f4a814dfcb57ab8664bf833c4cd114ce3f89e6d0",12.2825434207916,589467648,27551,"1f0999a02c23b9e49bc8a51d998b5fd4e59b04e8fcd19824fc833033b5dc0323","closed",FALSE
"mv07h_ph_metric_v1","ph__20260808__SRA779509_SRS3805245__gene_topology_v1",20260808,"SRA779509_SRS3805245","gene_topology_v1",500,499,765,0,1.30638091066905e-07,TRUE,"ripserr","0.3.0","primary","","21e0a272432abe114cd57a0dd03a7f88687f4707f02347fe23fdb7cb2f784220","mv07h_ph_record_v1:698effe694e74b43f944e11079982e1e3a00c6d03bc90250c3ded152ee890e42",12.2119646072388,582488064,47957,"c670370fc165ebd3d80793805dfa085face61a35a4794324ea317e539f70709a","closed",FALSE
"mv07h_ph_metric_v1","ph__20260808__SRA779509_SRS3805246__cell_topology_v1",20260808,"SRA779509_SRS3805246","cell_topology_v1",384,383,365,0,8.39235953730102e-07,TRUE,"ripserr","0.3.0","primary","","7763cd9ecb19c5bf4c98b15cbf235c594593da94d312d2ed940522277cf7368c","mv07h_ph_record_v1:ca9874f6437e856ce162238a721677077e4cce97e691390b8b38e0cd3bc0718a",12.2167918682098,581718016,29616,"c37b19228eaa75b8d850fcb97a6115adc1a546624d1bbb7477d7bc26e30dfdb1","closed",FALSE
"mv07h_ph_metric_v1","ph__20260808__SRA779509_SRS3805246__gene_topology_v1",20260808,"SRA779509_SRS3805246","gene_topology_v1",500,499,1012,0,1.31470429981728e-07,TRUE,"ripserr","0.3.0","primary","","b5e3db3f24f4efde2b7f67bf46194cc5c5bb4e3f3302552ac276abdc8d3144f4","mv07h_ph_record_v1:b320022baae6c1362993710f6d854093f31387ca4195f0bf037d52dc887f1cdf",12.7432098388672,658374656,56849,"a72dd0acb27fc42a8f39702e62aadff3b59a08802f891dcac84e29fd251f4c97","closed",FALSE
"mv07h_ph_metric_v1","ph__20260808__SRA779509_SRS3805247__cell_topology_v1",20260808,"SRA779509_SRS3805247","cell_topology_v1",384,383,302,0,9.62867636646012e-07,TRUE,"ripserr","0.3.0","primary","","6d3db4eee4fea4c5f7a825dc7da9aec203a984eb3ecd457307ac1e7c12a47adb","mv07h_ph_record_v1:ca62cee78105498ae6e4b34fc271ca9d4b78446682c20889bc5c526a721883f8",11.9335458278656,581894144,27411,"166330789db3c9c96bae67670785e2a14e20c65fd8b18cd44a4523fbab7f7eb3","closed",FALSE
"mv07h_ph_metric_v1","ph__20260808__SRA779509_SRS3805247__gene_topology_v1",20260808,"SRA779509_SRS3805247","gene_topology_v1",500,499,872,0,1.31226479833258e-07,TRUE,"ripserr","0.3.0","primary","","0b90c3288e7c8359dda462e148b755202e227b37d529462148344c494dbfb220","mv07h_ph_record_v1:3f871468dd6e38e4556d7af624af6ba04f9c59ade5a573ee9ee6b210cdedd792",12.4742217063904,577204224,51809,"67831aa3243f9a955b36312b48d6515ba4ea15b7ebd357f757f39e3024f841ea","closed",FALSE
"mv07h_ph_metric_v1","ph__20260808__SRA779509_SRS3805248__cell_topology_v1",20260808,"SRA779509_SRS3805248","cell_topology_v1",384,383,342,0,6.64598070079775e-07,TRUE,"ripserr","0.3.0","primary","","1a4ff4c50b751c5ceaa6492863f26d7faf99792d67fd21fbc3efbf31a753a66b","mv07h_ph_record_v1:b326fd6c8f939e9eb0642c162ad26145208a8da130643b1bbdc9ba677b0cd491",11.7385039329529,685301760,28811,"f992c639e196e81899e154761f7925959b616dc1d43acf285c5a498ca6b20336","closed",FALSE
"mv07h_ph_metric_v1","ph__20260808__SRA779509_SRS3805248__gene_topology_v1",20260808,"SRA779509_SRS3805248","gene_topology_v1",500,499,1008,0,1.31179463532173e-07,TRUE,"ripserr","0.3.0","primary","","401078505c08ca129edaf1f03c57311ef1c955485193af883f49c69c3873c8b6","mv07h_ph_record_v1:b6b176a2b3006e8be98f50c8329f0f81fb1b2d5a990f6a2326d4cb5c3cc1ee41",11.9356436729431,579731456,56705,"fba46a36b480beaed5dbb7ea13564b712381f5e63d0c5932119dfdbea8e3bfdb","closed",FALSE
"mv07h_ph_metric_v1","ph__20260808__SRA779509_SRS3805249__cell_topology_v1",20260808,"SRA779509_SRS3805249","cell_topology_v1",384,383,335,0,7.92908265452698e-07,TRUE,"ripserr","0.3.0","primary","","f1fa20008307a32ec6998e913758c3f9185afb2ca4e959577260480b854475aa","mv07h_ph_record_v1:34726116447001d631381f8e4f352a0b6b00d00786617aa729b02b0f004fa339",11.9613456726074,698277888,28566,"ca8f4a283e64a7f03e0a1bb847dcdf4e0c5a00c7072efaf3cd90b3a0793cc010","closed",FALSE
"mv07h_ph_metric_v1","ph__20260808__SRA779509_SRS3805249__gene_topology_v1",20260808,"SRA779509_SRS3805249","gene_topology_v1",500,499,1612,0,1.31768602590717e-07,TRUE,"ripserr","0.3.0","primary","","8d333ff2bce62aaf234187023ab1ba266640fa0d5e2e84fe6022238ac3fd49eb","mv07h_ph_record_v1:e08c5a6dfaf2a788e4c53a47dee99391bd11780a93c18ae7bbd184f6b6afbcae",12.4534437656403,583110656,78449,"5061753116386ff29310eb81fe87555b731df10e6e49b073240abd99990056b7","closed",FALSE
"mv07h_ph_metric_v1","ph__20260808__SRA779509_SRS3805250__cell_topology_v1",20260808,"SRA779509_SRS3805250","cell_topology_v1",384,383,352,0,7.67042731620712e-07,TRUE,"ripserr","0.3.0","primary","","dbb2e1120b4664bd83dca360afc239dbc4a824d81e64516a2ac1a4ba9f5cf2f7","mv07h_ph_record_v1:a99a66ef3b7aa24d97addf576283ffc40a2151fd66c8e0468cb0389e60b76367",12.2045278549194,716443648,29161,"6c6100991ef9f9ee68e29dbff398b3f2c020e9c97a598a835bcc094d2842cbc2","closed",FALSE
"mv07h_ph_metric_v1","ph__20260808__SRA779509_SRS3805250__gene_topology_v1",20260808,"SRA779509_SRS3805250","gene_topology_v1",500,499,949,0,1.3127464146107e-07,TRUE,"ripserr","0.3.0","primary","","503a744b8946edb6f72a92e4d27017247ad83ced28b13d4d91b3885ceaa76417","mv07h_ph_record_v1:68ff9b235dc0113b2200e389892b483c3399fc22b042e484d906abd151aedac8",11.9311456680298,646836224,54581,"2cf5cf248c5daa7e7b2a98c6e1715112facaef0489b5d40d7bce259018d350d3","closed",FALSE
"mv07h_ph_metric_v1","ph__20260808__SRA779509_SRS3805251__cell_topology_v1",20260808,"SRA779509_SRS3805251","cell_topology_v1",384,383,230,0,9.13032483036726e-07,TRUE,"ripserr","0.3.0","primary","","6f76b98697c758082a6118b0751bc385294279b7f7dcc859e66aad98483127ce","mv07h_ph_record_v1:157b6a09c591338ca7cd2c19395e4d84843a0d26ed1dd07eda1de62a699d8970",11.4139242172241,725508096,24891,"f72b885ffea61ca6e2e9e64141ce184fbe936b88297102e15826ab578e3c19b1","closed",FALSE
"mv07h_ph_metric_v1","ph__20260808__SRA779509_SRS3805251__gene_topology_v1",20260808,"SRA779509_SRS3805251","gene_topology_v1",500,499,371,0,1.29877037493258e-07,TRUE,"ripserr","0.3.0","primary","","ddbd5fb7648e4a639ccbda882ad0272a53461805f1282d0dc1561c7515d83111","mv07h_ph_record_v1:cb69290974cf9ab120291a195485e81258a5fb6ae9463cfae126b2099589fb08",12.2413151264191,581799936,33902,"b7e6f49fa54e963e067bc437e4857b1ab4d7d3025aef66f99ec8e996fd500bef","closed",FALSE
"mv07h_ph_metric_v1","ph__20260808__SRA779509_SRS3805252__cell_topology_v1",20260808,"SRA779509_SRS3805252","cell_topology_v1",384,383,348,0,1.11999008306475e-06,TRUE,"ripserr","0.3.0","primary","","51e74405cf3fee0c043ca1920283e07241d5d953b392e7c33766c4872500c60f","mv07h_ph_record_v1:2b69ffea03c7a22985adfe839443c0659e820e0483bf33c21d0ad57be960af67",11.1797370910645,703700992,29021,"de0d1000594db978a037b69843eecbcbc9eb208e2ddb06b293be21d5650d1611","closed",FALSE
"mv07h_ph_metric_v1","ph__20260808__SRA779509_SRS3805252__gene_topology_v1",20260808,"SRA779509_SRS3805252","gene_topology_v1",500,499,1365,0,1.32450658703205e-07,TRUE,"ripserr","0.3.0","primary","","76134cd44934602ad55b44f66e51269005d71522217d2a6961163d5ebe0f4157","mv07h_ph_record_v1:1a2efce1d5e78aea8a3418726f4963e6f5f17c77df8ba48ef5d5fc76ae5dce56",11.6926307678223,582459392,69557,"ec43b2129fffee2dee4ae8468558a5a43bdd7ea5ab021bc95ed69f5e1af6415c","closed",FALSE
"mv07h_ph_metric_v1","ph__20260808__SRA779509_SRS3805253__cell_topology_v1",20260808,"SRA779509_SRS3805253","cell_topology_v1",384,383,356,0,1.17499587932585e-06,TRUE,"ripserr","0.3.0","primary","","6a38fb98db8dc2078b539111d2b0dbef3108d018af49ec0c52052c647631aeb5","mv07h_ph_record_v1:1c8dc6367eaf931268f920ae38665d7c5684298c52889037c66a904eb80ccfa7",11.4240698814392,581873664,29301,"b160190ce9fde6c1b4b92b58c8054b6901935bc1ce5c55ee40629dc15e27a7a1","closed",FALSE
"mv07h_ph_metric_v1","ph__20260808__SRA779509_SRS3805253__gene_topology_v1",20260808,"SRA779509_SRS3805253","gene_topology_v1",500,499,1106,0,1.31198950715534e-07,TRUE,"ripserr","0.3.0","primary","","3d0736f36746893ee3f4516abadb595302bccdc5378c210c054e33287e09486f","mv07h_ph_record_v1:357cd405d535b502e0d604774832b6f32e96596ac815a4b6b9a1d712295c8a36",11.7066426277161,579706880,60233,"5639f55ea1fb35b5b1ee96c7fe363248dd3bab5752525d3b5a1e95eb4580027e","closed",FALSE
"mv07h_ph_metric_v1","ph__20260808__SRA779509_SRS3805254__cell_topology_v1",20260808,"SRA779509_SRS3805254","cell_topology_v1",384,383,331,0,1.05417419852073e-06,TRUE,"ripserr","0.3.0","primary","","2b43bd7c9e191393dbca5687b251cacd73c8c2f41a0dcf498dad7f3ea0c1cdf9","mv07h_ph_record_v1:a2e2c7ffbdd2bbbd6577f350c9d21ca94027b0683fbf8530e20cbf6a0de858bc",11.703147649765,581824512,28426,"0e12c8bb288ee06352204ab5ed1ebdefa8c1ffa79cf23c5d594ea36afe96b814","closed",FALSE
"mv07h_ph_metric_v1","ph__20260808__SRA779509_SRS3805254__gene_topology_v1",20260808,"SRA779509_SRS3805254","gene_topology_v1",500,499,595,0,1.30845018449287e-07,TRUE,"ripserr","0.3.0","primary","","55cd3e356b9bb793bc0a47eaa8f795135d6b10d6c8777fb9c2cd88eba9152803","mv07h_ph_record_v1:85e6e2c89175477f5784b36938aa2903a7c4916b2b5980accdd5e6af58962494",11.9699161052704,864256000,41837,"429f67981564f4742acb3f14df8b4a97c2a1061188573ef17eaeae7670e9357c","closed",FALSE
"mv07h_ph_metric_v1","ph__20260808__SRA779509_SRS3805255__cell_topology_v1",20260808,"SRA779509_SRS3805255","cell_topology_v1",384,383,408,0,1.200584634944e-06,TRUE,"ripserr","0.3.0","primary","","96b0a4305c934260cc1205513c1aad10fbe6bc13cd16eeebb0bd635e97fde90b","mv07h_ph_record_v1:ce5409fd9d575eaa5549748c6a2d6798f2ad5ef587352be071f5cb2f5217f9aa",13.6144092082977,671666176,31121,"87298b2575aa5be2b90d2b28ac055ddd018f65069f3852b9f63c3a0c8d8411e5","closed",FALSE
"mv07h_ph_metric_v1","ph__20260808__SRA779509_SRS3805255__gene_topology_v1",20260808,"SRA779509_SRS3805255","gene_topology_v1",500,499,1563,0,1.32442433166372e-07,TRUE,"ripserr","0.3.0","primary","","3d01c1e5f5ea82a8539b9a87c06c743ca2dd27f68e564033e7807dcae1cd94cd","mv07h_ph_record_v1:fca1a6bc231dd7caded2cf41854d6d6b7daf040b2a08e49ae92d57a93fbc095e",13.2966594696045,640471040,76685,"50e8913a66e0889143dde17292efd0f487edad216095f4bc718ebf329a43b655","closed",FALSE
"mv07h_ph_metric_v1","ph__20260808__SRA779509_SRS3805256__cell_topology_v1",20260808,"SRA779509_SRS3805256","cell_topology_v1",384,383,382,0,1.02342598348795e-06,TRUE,"ripserr","0.3.0","primary","","de67b51aad4fb5b54cbeb54bd571792e36a103de5855fe7e3273e793bed9f775","mv07h_ph_record_v1:9cae72b59d248ee7bb9a0a23e95d22fe142e48861df41def8e1a2d0ab2d3a400",12.5809071063995,581656576,30211,"59c5ec3d8254b65535f02bf2aa2196efa1d4b725d73be2989190414896c0fe8b","closed",FALSE
"mv07h_ph_metric_v1","ph__20260808__SRA779509_SRS3805256__gene_topology_v1",20260808,"SRA779509_SRS3805256","gene_topology_v1",500,499,985,0,1.3154939732028e-07,TRUE,"ripserr","0.3.0","primary","","402b5af33a98365956741da54e77421ee291b6593bf8099ab94bc71c062e658a","mv07h_ph_record_v1:845944d0233ce1b8e751916f7cea5f33b93ac5c12bda352acf5d5fcc52171c19",12.5173726081848,607064064,55877,"e6fc8755e13677216c45a021ee7300aea2247b4e25f7cc8ddd77cb28f2539049","closed",FALSE
"mv07h_ph_metric_v1","ph__20260808__SRA779509_SRS3805257__cell_topology_v1",20260808,"SRA779509_SRS3805257","cell_topology_v1",384,383,285,0,8.2669771262633e-07,TRUE,"ripserr","0.3.0","primary","","b7bfd760766a3d7a16e1d0af5665b396e2736b4fc23c32199a67a1e5701964a3","mv07h_ph_record_v1:c0aaa2eb8f73260826bb8b04a987c8b36f5bd30f3bd756066c97d848698b7af8",12.8068315982819,633020416,26816,"a27670a59ff12214d504edefd031307b3a416a560ed778200b4be58d3e3037be","closed",FALSE
"mv07h_ph_metric_v1","ph__20260808__SRA779509_SRS3805257__gene_topology_v1",20260808,"SRA779509_SRS3805257","gene_topology_v1",500,499,653,0,1.30780392797011e-07,TRUE,"ripserr","0.3.0","primary","","8c3a876a7027e34a5b028f33fd2ef213be3e4ad42ee6b042a480ba2fc498d2ec","mv07h_ph_record_v1:cab332ea2c441cacc3cccaf08fbf511dd24c89e4a60624ff456921330e98223e",12.5248866081238,580169728,43925,"c783e76d2fe6320b787b711a3ae5f374dd701dbacb7a563e7b59ed40543b431c","closed",FALSE
"mv07h_ph_metric_v1","ph__20260808__SRA779509_SRS3805258__cell_topology_v1",20260808,"SRA779509_SRS3805258","cell_topology_v1",384,383,392,0,1.18493166166646e-06,TRUE,"ripserr","0.3.0","primary","","962afcfc02daea43a30a197ed36492058c2432fa970a2563378843a3ad03ebef","mv07h_ph_record_v1:d848b64e0832c1681d7fc75638359dbf9c856f571d1389a1edfd445dcebb6c8c",12.3008790016174,581791744,30561,"38de9e852f2c0a22cad2b642009c8e514245cc9369e03c5bd85e3c1a3ead9029","closed",FALSE
"mv07h_ph_metric_v1","ph__20260808__SRA779509_SRS3805258__gene_topology_v1",20260808,"SRA779509_SRS3805258","gene_topology_v1",500,499,1397,0,1.32341302431934e-07,TRUE,"ripserr","0.3.0","primary","","aad7a3fa15a9874cfc98603a7ef878c49780c41d6a3f288832a82199722cb1b2","mv07h_ph_record_v1:2b3ecbd44052864ac0d8ac33f79a3c555b097b01c9e1e787d0cd401f73e02b97",12.3708572387695,693583872,70709,"1684522bc6fa9ff2a22b25d7dacfd56ab8c015a5c389bfdd9f4f722cad79366a","closed",FALSE
"mv07h_ph_metric_v1","ph__20260808__SRA779509_SRS3805259__cell_topology_v1",20260808,"SRA779509_SRS3805259","cell_topology_v1",384,383,329,0,9.93999095840567e-07,TRUE,"ripserr","0.3.0","primary","","0435fdc35b6ea422dc67aa6b4af2fafb29d95564da5e1d99f0edcf23dba160e4","mv07h_ph_record_v1:3fadc3bbdab9862c543c2f68f3c66ebe83e35ab27052a1e58851973bd77013cf",12.794002532959,581644288,28356,"4f4c680827902b85f8c7bc776e906738ffde9a3bde0116b69a2db845f0045c8b","closed",FALSE
"mv07h_ph_metric_v1","ph__20260808__SRA779509_SRS3805259__gene_topology_v1",20260808,"SRA779509_SRS3805259","gene_topology_v1",500,499,1356,0,1.32021890350083e-07,TRUE,"ripserr","0.3.0","primary","","a31b928f0aba86845f0ecd4d68792894ea9d143aa8e2f3c3ec30b812a3f9d2dd","mv07h_ph_record_v1:9cff81c99fe40475e795abd8da2eb0fa056b7a24dbce00527de4881c82f15752",12.2833905220032,622985216,69233,"f582658e4f578d49ca7c351e15f6dede9486ebf80d9d9685aafa6fda468f655f","closed",FALSE
"mv07h_ph_metric_v1","ph__20260808__SRA779509_SRS3805260__cell_topology_v1",20260808,"SRA779509_SRS3805260","cell_topology_v1",384,383,347,0,9.30311870014168e-07,TRUE,"ripserr","0.3.0","primary","","f053a9512aad2df13e08e878ec3a6fc33a2fac7a44b535037acf68ea4098ad2d","mv07h_ph_record_v1:7d24f13e3e220feef1314da777047f7a7c1873b0d9162577225f61c2356c976c",13.0759327411652,581767168,28986,"01d1d5a94a936a9098924dd4badaa29970fcd81d9e3e227c94f45cac4b94e79c","closed",FALSE
"mv07h_ph_metric_v1","ph__20260808__SRA779509_SRS3805260__gene_topology_v1",20260808,"SRA779509_SRS3805260","gene_topology_v1",500,499,1038,0,1.31767964423792e-07,TRUE,"ripserr","0.3.0","primary","","f701b269b1db0c6326c972fd09e77ab5029b2446cae0cc8e40d480305cbd399a","mv07h_ph_record_v1:7dfc45382ecb1710fadb9b1cf25a51ac4e97dbc490efe637bd8f27d04419cd5d",12.289098739624,579489792,57785,"a14d79ba410721dec6f1b99a04326e0c4fa1725965d1f2c07d04036672835ac2","closed",FALSE
"mv07h_ph_metric_v1","ph__20260808__SRA779509_SRS3805261__cell_topology_v1",20260808,"SRA779509_SRS3805261","cell_topology_v1",384,383,294,0,8.07896800837547e-07,TRUE,"ripserr","0.3.0","primary","","6409dd50731be6f7793f349479758848b9b63af36743835f0ddb15acafe15328","mv07h_ph_record_v1:e619b767d4c8b9a6bf64fa0ad109fc41fc8f6d85d27554d4c98f36d8c10507a2",12.0287368297577,581750784,27131,"ad7868714cbaa37a76adaf311ddb16dbcba7e11844d1fa4556f9853c157aacb9","closed",FALSE
"mv07h_ph_metric_v1","ph__20260808__SRA779509_SRS3805261__gene_topology_v1",20260808,"SRA779509_SRS3805261","gene_topology_v1",500,499,899,0,1.30811210356532e-07,TRUE,"ripserr","0.3.0","primary","","de5aa0c5ad8bf8e23a08f5af37d238b21abb2ca3ece1f9678da7b1c4f4354a00","mv07h_ph_record_v1:8bbe10710fdd724c4aa483263fab678132018024d8375de7dacff672c9f2a85e",13.605322599411,582488064,52781,"c26eae232fca3ef71e1222973eceb6b4a9e226f47db665bc93d1a9ec1acdb084","closed",FALSE
"mv07h_ph_metric_v1","ph__20260808__SRA779509_SRS3805262__cell_topology_v1",20260808,"SRA779509_SRS3805262","cell_topology_v1",384,383,249,0,1.15553575227054e-06,TRUE,"ripserr","0.3.0","primary","","871f167442d35dc946619f8972143472079f772eca9c30bf69b7414d1341ebaf","mv07h_ph_record_v1:8ffc49887ee1e0920de8b1fbf77ddd51eebbce61dba3b83493725764011744fe",12.1866562366486,709410816,25556,"c5586ce3c46d376ebfe8cd78eb87634ae70cd2a9fef8a2d551a775c708b50f06","closed",FALSE
"mv07h_ph_metric_v1","ph__20260808__SRA779509_SRS3805262__gene_topology_v1",20260808,"SRA779509_SRS3805262","gene_topology_v1",500,499,281,0,1.33333700494548e-07,TRUE,"ripserr","0.3.0","primary","","9525da09b3f9abfd58c81d0c37df7befecff9170382b895006f537eeb028374b","mv07h_ph_record_v1:8dc0a21c87303f5e73628206ace4c57efb887898a6675c97f284962434b290c7",11.9188585281372,702910464,30752,"ab749405c662ac978da55710596ad2dec5d1c2612eb1fd74bec6d56598cd50c0","closed",FALSE
"mv07h_ph_metric_v1","ph__20260808__SRA779509_SRS3805263__cell_topology_v1",20260808,"SRA779509_SRS3805263","cell_topology_v1",384,383,376,0,1.01810068819233e-06,TRUE,"ripserr","0.3.0","primary","","467c97270a562d21b55a63f54f0d72e28c2e3c656017e1412bc756d1563d25d8","mv07h_ph_record_v1:349c89353c39f2878e79629db710d71f6c04c4c16be6984cb1c8f6b4afb9f667",12.1773509979248,591282176,30001,"77ed4795cc6f80d5bdca5e2a9572358d54520ba86d18be78e822556616431ab7","closed",FALSE
"mv07h_ph_metric_v1","ph__20260808__SRA779509_SRS3805263__gene_topology_v1",20260808,"SRA779509_SRS3805263","gene_topology_v1",500,499,1343,0,1.31382806575289e-07,TRUE,"ripserr","0.3.0","primary","","f71c4c092d303fca7be8f272bd9ebf52c2dcbab69300b44c971f675c825b861c","mv07h_ph_record_v1:2c78cdaf979840d0931c83cb047d074e19f882da7d98b033edfd78e3e7826ce1",12.7022726535797,613679104,68765,"44f6a7c5f2234da08888dddb8cefc142d60e1f52f16e86c67781c4d65aefc3e1","closed",FALSE
"mv07h_ph_metric_v1","ph__20260808__SRA779509_SRS3805264__cell_topology_v1",20260808,"SRA779509_SRS3805264","cell_topology_v1",384,383,416,0,1.12595881960397e-06,TRUE,"ripserr","0.3.0","primary","","6e050ea798131b1ab2ead2c03cace582a66d4db928c632de8d28e6c405b392a9","mv07h_ph_record_v1:71864ee65e22131fce9a43176053a50f3949ebdf77198a1123f13a31c7dcb338",12.1854457855225,581619712,31401,"2d25edcc183821424c0caeee3b6cf88c3e8b29b4973921388453978a87eb8ac3","closed",FALSE
"mv07h_ph_metric_v1","ph__20260808__SRA779509_SRS3805264__gene_topology_v1",20260808,"SRA779509_SRS3805264","gene_topology_v1",500,499,1457,0,1.32145477550292e-07,TRUE,"ripserr","0.3.0","primary","","0731466100b42535cd37c9deb1bb733d8241e50fe92d11dfb9e5dcf402274bc0","mv07h_ph_record_v1:3b160a382c5545f20cce4cfb306fc5a90aa99d7e32be91f17afec323ac42eb48",12.8468751907349,582717440,72869,"e11e39400a01e272bb418b4446e5da409b756af851a555cac6b66130811d9eed","closed",FALSE
"mv07h_ph_metric_v1","ph__20260808__SRA779509_SRS3805265__cell_topology_v1",20260808,"SRA779509_SRS3805265","cell_topology_v1",384,383,428,0,1.10626593920495e-06,TRUE,"ripserr","0.3.0","primary","","b7c563e919c6e7f5ba9b4465fb90099684e50e921eadee7da077cb972b6bfff3","mv07h_ph_record_v1:ee0f5452e98384f22d990903be3824290ec0f132999b72d0028116df5d9d3028",12.4871914386749,584601600,31821,"272217813b31e55dcd90790404376c0365a31ebc58dafd9231312fe4539ddcc8","closed",FALSE
"mv07h_ph_metric_v1","ph__20260808__SRA779509_SRS3805265__gene_topology_v1",20260808,"SRA779509_SRS3805265","gene_topology_v1",500,499,1888,0,1.32258262798988e-07,TRUE,"ripserr","0.3.0","primary","","91f83bdd856a4a39c208aa3d46d8e011ee01c65e1f5435ca5fcd71f77d2f1465","mv07h_ph_record_v1:e576f99a11e18b08f506d55aa2119d3ea315ee836f0b48f0c89d3ef4e6630af8",14.2858567237854,608325632,88385,"c8d00390258fc88acfa09deb9c7894c055e3f8d9025ea2664e04532b59e85489","closed",FALSE
"mv07h_ph_metric_v1","ph__20260808__SRA779509_SRS3805266__cell_topology_v1",20260808,"SRA779509_SRS3805266","cell_topology_v1",384,383,335,0,9.33011046792941e-07,TRUE,"ripserr","0.3.0","primary","","aebeb47767270c622de52cbb2a574520b875ba4934a668d35529be020d0faf77","mv07h_ph_record_v1:3485f87b8d2ea8d4e780b8e4b35e57f454f1411f86e91f24e081d27a4297104e",12.2001826763153,589234176,28566,"08669ac2f5f23ab70834287ec3c3df01512faf04f86f5e343d4081c902e8111a","closed",FALSE
"mv07h_ph_metric_v1","ph__20260808__SRA779509_SRS3805266__gene_topology_v1",20260808,"SRA779509_SRS3805266","gene_topology_v1",500,499,832,0,1.31218518256889e-07,TRUE,"ripserr","0.3.0","primary","","78155f4fb92bc6c4fac759acb7dd4b488d4f844d0b7c293f71f1cf9c7f1eefbc","mv07h_ph_record_v1:33fa10aca9f09192a730c7f1b82a3af17a53acdf418a0a05e0b8c8d3827f40ea",12.7258503437042,622084096,50369,"1c9fd7b45bfc646387b695fd33b970cba71d0e7efd741acaac845936244aa0c3","closed",FALSE
"mv07h_ph_metric_v1","ph__20260808__SRA779509_SRS3805267__cell_topology_v1",20260808,"SRA779509_SRS3805267","cell_topology_v1",384,383,369,0,7.62315191850597e-07,TRUE,"ripserr","0.3.0","primary","","520426658a5684affd2824d508b83c1c414a2253038a734423832564ac1fb879","mv07h_ph_record_v1:0ada46b00c424b9e7423627cfd208e3ff12e1b236b4bd3883a67307b843ca23c",12.207991361618,582549504,29756,"eb3052a39b4148897c9080140f0654513cfd2e70a5991b2c208d30483ed01f13","closed",FALSE
"mv07h_ph_metric_v1","ph__20260808__SRA779509_SRS3805267__gene_topology_v1",20260808,"SRA779509_SRS3805267","gene_topology_v1",500,499,1008,0,1.31761118538239e-07,TRUE,"ripserr","0.3.0","primary","","22012f1b5974ebd652fd09f8411ab5b0a94013518d33244ae07766f3f43bca58","mv07h_ph_record_v1:fdd3008c6f416d534cc5941f0b90c3e49bb3d20defaafc66b0d08395d7e37d38",12.468325138092,649080832,56705,"dc3cdc217b7024ff4680c3884b3b90297cd14ecc2a429bdf6f23317ff7d9632a","closed",FALSE
"mv07h_ph_metric_v1","ph__20260808__SRA779509_SRS3805268__cell_topology_v1",20260808,"SRA779509_SRS3805268","cell_topology_v1",384,383,331,0,9.93875361103474e-07,TRUE,"ripserr","0.3.0","primary","","8786f61e81a7a836d780c9ffc4c94e04837cb3bbb9a6142185f5e1efe3b7c338","mv07h_ph_record_v1:20d0cf6eeb3e052ad2ebd8c723885388cffb4ff1316f0fa711616fe88966ec69",12.7784848213196,681033728,28426,"c03e8ff0813c87beb326b43a3a761d46fc9af346d473ee3c5bb456a7606d91a2","closed",FALSE
"mv07h_ph_metric_v1","ph__20260808__SRA779509_SRS3805268__gene_topology_v1",20260808,"SRA779509_SRS3805268","gene_topology_v1",500,499,898,0,1.30515684304993e-07,TRUE,"ripserr","0.3.0","primary","","68fcb852bd99e55a0e462d2d7a4f993ba13be6e8cc332a44140de7377f55d992","mv07h_ph_record_v1:bbc030680b182f8d21581375ab18645b2db9a96b0795aaafb6c5fde588318bda",12.756368637085,725934080,52745,"9d1b0445d59c823264462ff41b9f500ac66eea4f1f0a524045daa8cc2ea5d2f9","closed",FALSE
"mv07h_ph_metric_v1","ph__20260808__SRA779509_SRS3805269__cell_topology_v1",20260808,"SRA779509_SRS3805269","cell_topology_v1",384,383,361,0,9.30948384753289e-07,TRUE,"ripserr","0.3.0","primary","","58bfc178227ec7bbb6ad0b6eb2c95d2e0d28240534fe38ebdc987e0e6b438c98","mv07h_ph_record_v1:68d5b4dfb6c03aeee535e4c2ec31d1750aa02efe0a519181ff98c753f44ba489",13.2627875804901,581857280,29476,"8e486b13d4eaa0f39610284205798d8e032c22ff63224379509bd35c99c72c0d","closed",FALSE
"mv07h_ph_metric_v1","ph__20260808__SRA779509_SRS3805269__gene_topology_v1",20260808,"SRA779509_SRS3805269","gene_topology_v1",500,499,1480,0,1.31588704597076e-07,TRUE,"ripserr","0.3.0","primary","","b7c05f62542ac13ab88321eab62606d464623db6d31ad98fde947177dc51223d","mv07h_ph_record_v1:7569e18f8d4fb16bd9ded8dde91213855493957bef99345b3f3c08d6dcffe235",13.2735333442688,590315520,73697,"b65712eb711a83422271bdf487e2f6c05a5b19926942d6066acb75f48e0f1c6f","closed",FALSE
"mv07h_ph_metric_v1","ph__20260808__SRA784242_SRS3822680__cell_topology_v1",20260808,"SRA784242_SRS3822680","cell_topology_v1",384,383,317,0,9.50932918907151e-07,TRUE,"ripserr","0.3.0","primary","","d0eaef2612ff2fef928269ae79b088d3a8d9f5a78497275553c01cf90a4407b1","mv07h_ph_record_v1:0b39262f97ab217bffae4a2e66d7a1f85e622edd9d8d08e6fb305b1bfa5bbf4b",11.9733324050903,702230528,27936,"dbef9c4d98f003af37f045f59768cdb33d4380510f3eeabd0e2b53412af3d3d1","closed",FALSE
"mv07h_ph_metric_v1","ph__20260808__SRA784242_SRS3822680__gene_topology_v1",20260808,"SRA784242_SRS3822680","gene_topology_v1",500,499,1164,0,1.31103607204072e-07,TRUE,"ripserr","0.3.0","primary","","a641e11e972aeb73c691184de73a4de50b0351428b4c53b18bbbee4c70be529a","mv07h_ph_record_v1:cffa9144e67e0525f1b4c044c475e745c56933361068f4b88cefca8d1bbd8634",12.7823929786682,614486016,62321,"a6b77ac2e88da4f428b3fa6404bd3b7302c624dc1ad12129dbcd5048b655cd4a","closed",FALSE
"mv07h_ph_metric_v1","ph__20260808__SRA784242_SRS3822682__cell_topology_v1",20260808,"SRA784242_SRS3822682","cell_topology_v1",384,383,338,0,8.76827648668825e-07,TRUE,"ripserr","0.3.0","primary","","6fed9e22374ab03d753c22deada1657bcc66611a04abbabb7baa5ed9bb148a9d","mv07h_ph_record_v1:0c5b6b4929e57db14d23c496f5a8b19d9def36eccfb1bb5d098af40769670adc",12.5493030548096,637333504,28671,"1b5dc648ad85c17bffc844a314db4c320c3fd8318b98439323fe649cc3958ec6","closed",FALSE
"mv07h_ph_metric_v1","ph__20260808__SRA784242_SRS3822682__gene_topology_v1",20260808,"SRA784242_SRS3822682","gene_topology_v1",500,499,982,0,1.31105900265329e-07,TRUE,"ripserr","0.3.0","primary","","62d515b41430dd2185bbfd76d00c16f62248c388e3ac8e1a399fe3b91fca776e","mv07h_ph_record_v1:cf493841742d6c5f18107282eedb5e82fdcf3fe3da90b51b6f82cd408a492e3d",12.5040555000305,579452928,55769,"00a8b75a96a9560278e9ce8c343e43d93dca3f57450558b8ccd3089e0aa6cfa8","closed",FALSE
"mv07h_ph_metric_v1","ph__20260808__SRA784242_SRS3822683__cell_topology_v1",20260808,"SRA784242_SRS3822683","cell_topology_v1",384,383,409,0,1.18313170336606e-06,TRUE,"ripserr","0.3.0","primary","","1cda7bf62c8cc305af13e8f14881edf0afba961ffe30a3d5d777eb2fadcca84c","mv07h_ph_record_v1:55d2bd4cfff413797eb9929ff16aaeaa847742e96c3457391b060c8d506d0198",12.2492880821228,717201408,31156,"1598c6e2f40da6b7f7edf3b25ac4712a122d2b79a911c086c9a08733f583eaed","closed",FALSE
"mv07h_ph_metric_v1","ph__20260808__SRA784242_SRS3822683__gene_topology_v1",20260808,"SRA784242_SRS3822683","gene_topology_v1",500,499,1263,0,1.31757516291009e-07,TRUE,"ripserr","0.3.0","primary","","ae96a081a6b4393e7221e8f0524c1034a04d98fd558ad90e06d733208ad6869a","mv07h_ph_record_v1:d5de3776e13f5d699109d10b029bebc820adc3389ca34d8dd50d879f3fe493e9",12.7940666675568,600760320,65885,"7961b5cdd120a8c68e009b584c53a4d55436789dd55c0ba69286d8823499aea3","closed",FALSE
"mv07h_ph_metric_v1","ph__20260808__SRA784242_SRS3822686__cell_topology_v1",20260808,"SRA784242_SRS3822686","cell_topology_v1",384,383,312,0,1.0943677564865e-06,TRUE,"ripserr","0.3.0","primary","","75101fef7238aac0210ab8d77aef41c28d85bad690e192903f0aa023084ca110","mv07h_ph_record_v1:63c5cc740e7731484e5b9ffa9c4a1c5fe9abf4f4690104ae4d05e7785a194d70",12.3118135929108,634769408,27761,"e77b0812611e2d0021d7e323d0a6300c1541d6f31fdfe9c0d832cb7eeaba8a82","closed",FALSE
"mv07h_ph_metric_v1","ph__20260808__SRA784242_SRS3822686__gene_topology_v1",20260808,"SRA784242_SRS3822686","gene_topology_v1",500,499,1307,0,1.31355899258076e-07,TRUE,"ripserr","0.3.0","primary","","274ed6edabe2495797e9e6427d8368bf5de5d7f52088a98994093638e2c33598","mv07h_ph_record_v1:240b55f684f23c5785aa36afa619cbdff508490649e655082c532c910714a69e",12.3319282531738,735576064,67469,"23bfe83d678f470edb9127c0452d8c67471f573f9abe209283a824f86cabcd2e","closed",FALSE
"mv07h_ph_metric_v1","ph__20260808__SRA826293_SRS4181123__cell_topology_v1",20260808,"SRA826293_SRS4181123","cell_topology_v1",384,383,400,0,7.99105645947405e-07,TRUE,"ripserr","0.3.0","primary","","1306750ed723d2d541c4cecf968b15d4b6220a215aeb77f76b9655c208731fa4","mv07h_ph_record_v1:aae18732095d2360d3fb2e5466677770d0a53d4b4ca8a08c3741026fbe0d64bd",12.0326600074768,577839104,30841,"579f8f535b85697c96236e6094626fb2dc9000ca1443a7877bc5d4cb91f0e183","closed",FALSE
"mv07h_ph_metric_v1","ph__20260808__SRA826293_SRS4181123__gene_topology_v1",20260808,"SRA826293_SRS4181123","gene_topology_v1",500,499,2098,0,1.32022681671939e-07,TRUE,"ripserr","0.3.0","primary","","ff4932dcf0b76d786ab5a125c44df308e9c2f0b91e36f08d36839cff05c12af1","mv07h_ph_record_v1:dac0bfcbc3ea71e41d674a049484db06906e68c7a8932b8724f3c32229c9c764",12.3646490573883,580239360,95945,"82af6946a0a8bc04cf555a9efbd0114567fa9504c112f465f6854db87d8266a8","closed",FALSE
"mv07h_ph_metric_v1","ph__20260808__SRA826293_SRS4181124__cell_topology_v1",20260808,"SRA826293_SRS4181124","cell_topology_v1",384,383,380,0,7.16160972233404e-07,TRUE,"ripserr","0.3.0","primary","","e531a9c35eb463efa419991504c6650cd3efafdaad6d291f20a5701c149f9cad","mv07h_ph_record_v1:2e157864df8fdff12a803264be8b890a986574c827a43b701025a181c5c6976d",11.7777147293091,581591040,30141,"e3a690116981fd5402f4d21c89d39d3a94eb89c1627bf12f4337d483b66b59c2","closed",FALSE
"mv07h_ph_metric_v1","ph__20260808__SRA826293_SRS4181124__gene_topology_v1",20260808,"SRA826293_SRS4181124","gene_topology_v1",500,499,1857,0,1.30936516806158e-07,TRUE,"ripserr","0.3.0","primary","","0acb18c379afda597615ca01e585eafdfe551938b5a1a545189ce5430f216b4a","mv07h_ph_record_v1:5f2451b2513347c353bfee7f8c5629a744dbe5a7095a434ea7591908d02d45c9",12.3707058429718,580116480,87269,"107b935140ff1b51e0c7096add1555578b4361bb13266ec67f090dbc5b248a26","closed",FALSE
"mv07h_ph_metric_v1","ph__20260808__SRA826293_SRS4181125__cell_topology_v1",20260808,"SRA826293_SRS4181125","cell_topology_v1",384,383,419,0,7.33469870674285e-07,TRUE,"ripserr","0.3.0","primary","","297d807b385f521d54f8ed6a7009f279ca5bcef6f83c790a9eabfd9cc079e84f","mv07h_ph_record_v1:0ff9be0f1145c3395339f57124ce9485b8a8cde9d3aa3e3b06894598cd6416db",12.5552971363068,659607552,31506,"0c99d57776cd406d5706cbabab52363de1461c2c91f3e445fe569379adf98892","closed",FALSE
"mv07h_ph_metric_v1","ph__20260808__SRA826293_SRS4181125__gene_topology_v1",20260808,"SRA826293_SRS4181125","gene_topology_v1",500,499,2514,0,1.32798004983423e-07,TRUE,"ripserr","0.3.0","primary","","febe241440a712a61d418b54234228d83427f0a49142ec75006bba4367e3a9b8","mv07h_ph_record_v1:064f9ab03d22be9f138deaf841fee1e93fa3825fddd8ed0e94c935deb5e33b9e",13.3419108390808,632115200,110921,"df5fb1dfd19b2aade40fca84c30fea6c4db5e6a5ba94eb478885f3f65b49d5fa","closed",FALSE
"mv07h_ph_metric_v1","ph__20260808__SRA826293_SRS4181126__cell_topology_v1",20260808,"SRA826293_SRS4181126","cell_topology_v1",384,383,397,0,1.01206934785488e-06,TRUE,"ripserr","0.3.0","primary","","f39910d3ee0bd711ad7003b152001bf7610186cf52087048a67e23bc5a8b1e69","mv07h_ph_record_v1:c08d87ebaa1f8d89d09aead045e48c89302e7886ec5f018feadf4dee9c23f15c",12.0350077152252,688672768,30736,"425f7171da8abd52722ed28c96df36c645217180a3693ad6ddf8d7060addf290","closed",FALSE
"mv07h_ph_metric_v1","ph__20260808__SRA826293_SRS4181126__gene_topology_v1",20260808,"SRA826293_SRS4181126","gene_topology_v1",500,499,1779,0,1.31605534022586e-07,TRUE,"ripserr","0.3.0","primary","","4730fe10edcb44eceef5b27a63a0ee668dc4fb08276bdd7be2ed2e41eaa6fefd","mv07h_ph_record_v1:6b6193acf1cc21e3d2d099d3b1e34b3acc670fab2e02065fe88efb2747dfc3ac",12.8787984848022,671727616,84461,"1ec3501b0b7ba7f2eb8e8c09ba55eecc8d1765e95f797e08348897e6431ba90e","closed",FALSE
"mv07h_ph_metric_v1","ph__20260808__SRA826293_SRS4181127__cell_topology_v1",20260808,"SRA826293_SRS4181127","cell_topology_v1",384,383,294,0,8.32052430664272e-07,TRUE,"ripserr","0.3.0","primary","","7b6992f4422dda72cb0c4b51fb0b873ae62476b12d999bf9cb278fd971d6c419","mv07h_ph_record_v1:218e53370a2056c3ac9d73dc3fbc84fd9d73144304c6b480596dde1cc0206832",12.0305051803589,665796608,27131,"83e1b45f8ed1f6cc720aff6db4c12d3257f0fc504cc10a2ec22ce1d52a155d09","closed",FALSE
"mv07h_ph_metric_v1","ph__20260808__SRA826293_SRS4181127__gene_topology_v1",20260808,"SRA826293_SRS4181127","gene_topology_v1",500,499,642,0,1.30921090869297e-07,TRUE,"ripserr","0.3.0","primary","","634a685b5b146a7f9a6db181f45de7591f483b841ecfd0c6437b06b2a6171e22","mv07h_ph_record_v1:6afabaf97f0dee97aedacf13f560e2a5f7acaaa23b21988051f5a703e96bac2e",12.8071591854095,721420288,43529,"19ff12a21d0a987875c8b71c7f9f640f436d5510614e46ab1aece1216966bdbe","closed",FALSE
"mv07h_ph_metric_v1","ph__20260808__SRA826293_SRS4181128__cell_topology_v1",20260808,"SRA826293_SRS4181128","cell_topology_v1",384,383,284,0,1.84095871474451e-06,TRUE,"ripserr","0.3.0","primary","","cdfd2d54054e6aad66ad701b16ea47750e82ea61503813a7c1231fbd89242376","mv07h_ph_record_v1:352bec1b05b81d44ab2944f07aea71d8a6ca1e1fdafbf91af57deeb76b63f435",12.5604481697083,675631104,26781,"397205431ce6ca767d47309fe182abc5fbe2c09cbdc3a92ae8044c812f5e34d5","closed",FALSE
"mv07h_ph_metric_v1","ph__20260808__SRA826293_SRS4181128__gene_topology_v1",20260808,"SRA826293_SRS4181128","gene_topology_v1",500,499,486,0,1.3164487212111e-07,TRUE,"ripserr","0.3.0","primary","","c31403ec5e537c9079153185ade31f8a76d6caa51349833186fa4e3dbf28a639","mv07h_ph_record_v1:8e7ff820810728d056f1b3d55bec3df9bbe2568da82082c8c81ed1b353835c8e",12.5654194355011,634155008,37927,"c06fa85029b8282c27e410cfb015520324866355b2fc411973926edffa4e088e","closed",FALSE
"mv07h_ph_metric_v1","ph__20260808__SRA826293_SRS4181129__cell_topology_v1",20260808,"SRA826293_SRS4181129","cell_topology_v1",384,383,378,0,1.13454586125328e-06,TRUE,"ripserr","0.3.0","primary","","6d5f4b45f520e5d7bc1d21dff5b4963ac5ee516e6f0a81559c356cd864ac90aa","mv07h_ph_record_v1:f40d557db239c4625e4ba4af93009e4d791e6b35697a363bf5cb8cfb9abec823",12.3083753585815,709840896,30071,"b29e9da65b1f91280c80188e61559966fbef5f11958395bddb897265deffc940","closed",FALSE
"mv07h_ph_metric_v1","ph__20260808__SRA826293_SRS4181129__gene_topology_v1",20260808,"SRA826293_SRS4181129","gene_topology_v1",500,499,1302,0,1.31896709272797e-07,TRUE,"ripserr","0.3.0","primary","","e8a65c3c53cc0a9f56e0dd046712f73179c598fe0b0f49bce963e10fa3d56303","mv07h_ph_record_v1:9de983bd40b43805de98bf06b968f7df7dd2d1b06a8b42f4cd430c10f310d7de",12.6680345535278,621592576,67289,"f4b6aed8b4839c2f56075277061921dfd9f5b635677cd140cced03d1f56815e0","closed",FALSE
"mv07h_ph_metric_v1","ph__20260808__SRA826293_SRS4181130__cell_topology_v1",20260808,"SRA826293_SRS4181130","cell_topology_v1",384,383,241,0,7.74113074297194e-07,TRUE,"ripserr","0.3.0","primary","","90bf9117b2dce9a04d1deec5edc466879e29f3e31849774e06cd75201df77a4e","mv07h_ph_record_v1:99f105eb7cbd3a9afa43e4910081c7b0feea41a88db7a627c597520e460b37bd",12.4330112934113,578002944,25276,"b866968e4fd9bf39a30e7018910ba79981cdf8878880adc973a75295b0d5b47a","closed",FALSE
"mv07h_ph_metric_v1","ph__20260808__SRA826293_SRS4181130__gene_topology_v1",20260808,"SRA826293_SRS4181130","gene_topology_v1",500,499,627,0,1.30521263526408e-07,TRUE,"ripserr","0.3.0","primary","","0804f834a67d85aad9721df62556b838ded82c0f18caf207407a23cc0950df61","mv07h_ph_record_v1:3fea7e82fe07a80560d9943d9de1eaabe2539054848153e8a3118153fcb77815",12.6906251907349,648118272,42989,"3c1e94dd12f0964ebdbc4dc27bb83ea68e0b2ea67a491df64cc62c3e8438f41d","closed",FALSE
"mv07h_ph_metric_v1","ph__20260808__SRA850958_SRS4386101__cell_topology_v1",20260808,"SRA850958_SRS4386101","cell_topology_v1",384,383,429,0,5.14618225924361e-07,TRUE,"ripserr","0.3.0","primary","","a6094b303493c40af62f260443a143a266ebb9811b942649e110277381ffe2b0","mv07h_ph_record_v1:751d51458230a8a0ce95cc1610a7ffec4934fc5c0f7f8e283801914101ddd28d",12.432680606842,581967872,31856,"ac5114044c4da55875974458e13f3d82508371deed35bbd957839da12ceedfc3","closed",FALSE
"mv07h_ph_metric_v1","ph__20260808__SRA850958_SRS4386101__gene_topology_v1",20260808,"SRA850958_SRS4386101","gene_topology_v1",500,499,2672,0,1.31376010359945e-07,TRUE,"ripserr","0.3.0","primary","","e709df21440139ede288e8ff470a23a45a7c0dee3a76cc77f2cb2780b7d0496c","mv07h_ph_record_v1:3c584c6bbae041c478368b8046baf47dc30d678d8e6adf76aeae4766d0de175d",13.7305192947388,593043456,116609,"c19e6d82004d31e3a057df9b7a78c1ef0aad322c3c3aaaf4df5b792e7a4847ef","closed",FALSE
"mv07h_ph_metric_v1","ph__20260808__SRA850958_SRS4386109__cell_topology_v1",20260808,"SRA850958_SRS4386109","cell_topology_v1",384,383,367,0,7.02175340246884e-07,TRUE,"ripserr","0.3.0","primary","","4bab3a5e4c3ecf5bacc785d5dfbd321366703956edc8b669d0b5fb969f331860","mv07h_ph_record_v1:8bc7ab51e5aef7e99c4a61d4450f2cc3e1c21538612537430521a73fec7f719a",12.6965987682343,641753088,29686,"8ccd40c8e26dae0a7f89f518e003483511b12f5d3e1508f803149dcf39ac1a2a","closed",FALSE
"mv07h_ph_metric_v1","ph__20260808__SRA850958_SRS4386109__gene_topology_v1",20260808,"SRA850958_SRS4386109","gene_topology_v1",500,499,1548,0,1.3259211014321e-07,TRUE,"ripserr","0.3.0","primary","","7166c3080b6919dfc438df4c0ac862b372fed33bf1b9dd5c1e4b68c6758548cb","mv07h_ph_record_v1:59238d4bc91184bf5323c31265406e48a34dd71071128a8146e96c53c5c5f939",12.9557642936707,579731456,76145,"b147a2aa478250db1cdc13fef4bca846b1e1f2057c04bf44e8b926830b3d3d78","closed",FALSE
"mv07h_ph_metric_v1","ph__20260808__SRA850958_SRS4386110__cell_topology_v1",20260808,"SRA850958_SRS4386110","cell_topology_v1",384,383,343,0,5.32901509876149e-07,TRUE,"ripserr","0.3.0","primary","","b30118b21dbd6aa56f6a5db5e85507696e8bf1b7a63236aea1a587b0a45a7922","mv07h_ph_record_v1:2ce96154f903029b21d68492c4be0a81bc66679b78599de93a2401c770de903a",12.7781522274017,644292608,28846,"ebb99cea67ab0b3caa24370d26bf83d98bfd7152cb1e774f13ae78c658cfcbe4","closed",FALSE
"mv07h_ph_metric_v1","ph__20260808__SRA850958_SRS4386110__gene_topology_v1",20260808,"SRA850958_SRS4386110","gene_topology_v1",500,499,1544,0,1.31165720087781e-07,TRUE,"ripserr","0.3.0","primary","","25e5ea0a5dc5cb4bc997af5fd65a8fae24fef4e4873f315cb3fbcbaa045209e8","mv07h_ph_record_v1:e275c7f5281f3167f9b6bef9dfb00257fe5970326cca7604e8e91e11bd364c87",12.9764399528503,584495104,76001,"9b914f30c8c0747934de57cf39a9aa9c3ae9ba73af5b06bc0efa3c307c62a207","closed",FALSE
"mv07h_ph_metric_v1","ph__20260808__SRA850958_SRS4386111__cell_topology_v1",20260808,"SRA850958_SRS4386111","cell_topology_v1",384,383,361,0,5.12039886664925e-07,TRUE,"ripserr","0.3.0","primary","","273ec7d7952d9cdd577e9b2e8210e04f3a1318294b80b26b80885d763f243ac9","mv07h_ph_record_v1:e907d7930eb4915050ed7fbbf6232ed6442c19edc47cd2b8abda36a81ce29ecd",12.7355382442474,581861376,29476,"b13360a0f8277a67eba50bb4871fbb5710b20d4541a00a1d894d43d5e7a3a4b1","closed",FALSE
"mv07h_ph_metric_v1","ph__20260808__SRA850958_SRS4386111__gene_topology_v1",20260808,"SRA850958_SRS4386111","gene_topology_v1",500,499,1942,0,1.31951653844049e-07,TRUE,"ripserr","0.3.0","primary","","edccd9eac82143892edc59ac877d9ea0cdf37f82deb8493a0e497d22469ce2c4","mv07h_ph_record_v1:70aaea83d9fa4615f11a7fd0b65991a0d2dca7c52608cdc9a062073cca325982",12.7756156921387,655867904,90329,"45e47ba293c259a9fe18ca61f159f20e51fc7493ebeb1e3a5eb886f40648ac26","closed",FALSE
"mv07h_ph_metric_v1","ph__20260808__SRA850958_SRS4386112__cell_topology_v1",20260808,"SRA850958_SRS4386112","cell_topology_v1",384,383,384,0,7.41894403331519e-07,TRUE,"ripserr","0.3.0","primary","","9dc955a7ddb2994baf3cf10014e8e52445ea49196bd891edfce98ad9ba27e731","mv07h_ph_record_v1:332d85aacc9b192d88d6fdc8a0bfb423c3d49ebdd1e1135b022dda8c3bc94778",12.2338101863861,581595136,30281,"06223e71eee788e48047f5b837711fa81df67ce8c43a4e9f3dc61b27b60b14cb","closed",FALSE
"mv07h_ph_metric_v1","ph__20260808__SRA850958_SRS4386112__gene_topology_v1",20260808,"SRA850958_SRS4386112","gene_topology_v1",500,499,1997,0,1.31726377688482e-07,TRUE,"ripserr","0.3.0","primary","","155e8c879a251f8cd9dcaed41c471b602546cdf0f6a6121c4652aee9348a09d9","mv07h_ph_record_v1:b9f8cb7f5537bf6351ca88e3f423f9c8cb23126965cdd55a3e98f10c587645c3",13.5069854259491,599760896,92309,"e4ced7069020be5afeefb5a7cf3ca8f493374fdfb3350c4ccfd266ea14418380","closed",FALSE
"mv07h_ph_metric_v1","ph__20260808__SRA850958_SRS4386113__cell_topology_v1",20260808,"SRA850958_SRS4386113","cell_topology_v1",384,383,396,0,4.64600268358928e-07,TRUE,"ripserr","0.3.0","primary","","0959d49232c46cf6152d71bb7cc9920c546b1c32321462437760d6dec937ed52","mv07h_ph_record_v1:4e707e1942576737288a3cc24b2ffee5d83de78a6cc3ddb80cf30894ca3973a1",12.5387446880341,621666304,30701,"3c75d748e6dcf2c653f55184d6d54656ccdabb5973acc99ddcaacfc4e6d47a14","closed",FALSE
"mv07h_ph_metric_v1","ph__20260808__SRA850958_SRS4386113__gene_topology_v1",20260808,"SRA850958_SRS4386113","gene_topology_v1",500,499,1957,0,1.32244647896808e-07,TRUE,"ripserr","0.3.0","primary","","1f13076dfe27e8c9e3f7de2a9633f8dae764cc2ccd2ff8bfc2d412d47f56edaa","mv07h_ph_record_v1:c8f7234bd4866715344be9aeec756a88810a51815ad194557a6c11cbc0646241",12.7547023296356,579940352,90869,"a7e0b85b2b26b8c86c0423e192aab2d3db18bccc87ac90a2461f3d94485d42dc","closed",FALSE
"mv07h_ph_metric_v1","ph__20260809__SRA550660_SRS2089635__cell_topology_v1",20260809,"SRA550660_SRS2089635","cell_topology_v1",384,383,387,0,7.59483123058268e-07,TRUE,"ripserr","0.3.0","primary","","3d2b5cd0f87a9d5e0a19c1ef3d59b1c368ecbb9f0280e4cabbf06aa4861bb19a","mv07h_ph_record_v1:42c61d81017e47aa66d9d0d76ad7ad88ae379e80b5c3455a2abe95bb9d50c339",12.4860463142395,671506432,30386,"e228175b4172ef6742c9d0d2024c0e2344ff57088d040d9fc1a799f41c302b67","closed",FALSE
"mv07h_ph_metric_v1","ph__20260809__SRA550660_SRS2089635__gene_topology_v1",20260809,"SRA550660_SRS2089635","gene_topology_v1",500,499,1823,0,1.31621506664922e-07,TRUE,"ripserr","0.3.0","primary","","617cd91632f6fb470048de96c018d28b8196b056c37d1dc0c6228ad267265180","mv07h_ph_record_v1:7cd68b6a12e23c673e708cdf8e2a1bc3bf7f21575c3ee3daee67103aa4b5b31a",12.7509951591492,599265280,86045,"33a3c8554bea4dcc577489eedcf1e68410cc7aa0f54ba15d4337727261c7977f","closed",FALSE
"mv07h_ph_metric_v1","ph__20260809__SRA550660_SRS2089636__cell_topology_v1",20260809,"SRA550660_SRS2089636","cell_topology_v1",384,383,427,0,7.68602738116462e-07,TRUE,"ripserr","0.3.0","primary","","e3e0a29cc66e22d435eb7115a9be4d06d0b4e05b6764e1ff6776d5e9b7d91f46","mv07h_ph_record_v1:f735a59252ba1951145744738008b9fe4c9483b05e9f1a6620ad9e34915413e2",12.5036098957062,581910528,31786,"6d41b6e77a5d5423899a6121dd9e571b1bbea7908d2ad09c06c78f8ce1783cef","closed",FALSE
"mv07h_ph_metric_v1","ph__20260809__SRA550660_SRS2089636__gene_topology_v1",20260809,"SRA550660_SRS2089636","gene_topology_v1",500,499,1881,0,1.32311506383719e-07,TRUE,"ripserr","0.3.0","primary","","5a0742f2483f53f27991ce24d071e407ead9f046fd26a3fbc1dfc382d0e69c54","mv07h_ph_record_v1:4fef1cbaded3d9b3b839b6247d749ae9e97241d3e7911ddcec747b6cea0e9fab",13.2939722537994,735207424,88133,"b91df05636c003ef08c9759586ceef35c6ee52efa76c259ac7044346725c0b04","closed",FALSE
"mv07h_ph_metric_v1","ph__20260809__SRA550660_SRS2089637__cell_topology_v1",20260809,"SRA550660_SRS2089637","cell_topology_v1",384,383,339,0,7.27817037821622e-07,TRUE,"ripserr","0.3.0","primary","","6ee2cf245fdffc447d812cd741e1dc766c78d8e55622ee48ace7bbcba06d9def","mv07h_ph_record_v1:b4b74a83e7881f499feda3174cc983eefc3f8c4b14377473dd54854a2b039b69",12.5566613674164,581677056,28706,"fbe235c2ed04c82f1dab7b53540a717ed0c9068c02de1145a4a30eaf808f56cb","closed",FALSE
"mv07h_ph_metric_v1","ph__20260809__SRA550660_SRS2089637__gene_topology_v1",20260809,"SRA550660_SRS2089637","gene_topology_v1",500,499,1508,0,1.32104611507125e-07,TRUE,"ripserr","0.3.0","primary","","62a909ea73a68aa20e246d95bc9a7f97fd2f35b92b027423ff4a155f0caf1d16","mv07h_ph_record_v1:ffe65e1d5a92ad7c20319eeb52da6223517eb1815b0181b26a9fa4b6c5c8d731",13.0432870388031,667500544,74705,"5a311d0c9a5d637f06a2e51705f1d5098e315ae8eb7eb0d7746304fd70216f54","closed",FALSE
"mv07h_ph_metric_v1","ph__20260809__SRA550660_SRS2089638__cell_topology_v1",20260809,"SRA550660_SRS2089638","cell_topology_v1",384,383,360,0,6.73396060956546e-07,TRUE,"ripserr","0.3.0","primary","","0cf49471ff3f092eca33c6995aac391b6f4232c882212ae64a29f9583cbe6cba","mv07h_ph_record_v1:083188ffea39b0c007cb43e6069687ccaceb138643b9b0dfe57af28ce740906e",12.5129206180573,668524544,29441,"d19a4725d603ddbfb6d32ea1251fca91f35d9fd39b8787017a813e57f3214c2f","closed",FALSE
"mv07h_ph_metric_v1","ph__20260809__SRA550660_SRS2089638__gene_topology_v1",20260809,"SRA550660_SRS2089638","gene_topology_v1",500,499,2104,0,1.3343806896972e-07,TRUE,"ripserr","0.3.0","primary","","e440db5adeefb50bcd3e57bf9c7f1f86bda6e41c70f0eab363ca2ccb83c1271e","mv07h_ph_record_v1:cd9e9ba8ce9e504b4377be30e80c219f0d5c87bd533c38fae5e59c3604facd4d",13.0499520301819,593092608,96161,"d528e8fae589bdfbd554512927362602352930eec316a935e983378e0bc8e8e8","closed",FALSE
"mv07h_ph_metric_v1","ph__20260809__SRA550660_SRS2089639__cell_topology_v1",20260809,"SRA550660_SRS2089639","cell_topology_v1",384,383,389,0,6.56036012391209e-07,TRUE,"ripserr","0.3.0","primary","","8eca39826a5a25e2e468798791c456e2435a70b33ae7dcb98676533f87d98248","mv07h_ph_record_v1:a7a6e2a9bd00307b55adf4a877d5b7c599810b9705577e3169d0038aa90b082e",12.2515573501587,715456512,30456,"0063e0aece447c5427783bf618683a12775de82c5e0c17ed3e06ff6842607bc2","closed",FALSE
"mv07h_ph_metric_v1","ph__20260809__SRA550660_SRS2089639__gene_topology_v1",20260809,"SRA550660_SRS2089639","gene_topology_v1",500,499,1737,0,1.31981469618709e-07,TRUE,"ripserr","0.3.0","primary","","53ec9507e18647e1ad9f41598011a2be6efbea3eb804d82ab20bd8707617e98f","mv07h_ph_record_v1:e55dfd71ac4397d9a975e17719fc34b05ca5361d44fea18ca77a1be812aad640",13.0406739711761,642801664,82949,"70e409eea66ba92373fc6b83bbe16f79cf94c54ab7effbde933f140d4ad43804","closed",FALSE
"mv07h_ph_metric_v1","ph__20260809__SRA621638_SRS2610283__cell_topology_v1",20260809,"SRA621638_SRS2610283","cell_topology_v1",384,383,309,0,1.12809428776906e-06,TRUE,"ripserr","0.3.0","primary","","3a831a8a3c101fef421bbe471a273185f34546adce31e417c26f5d1709ad06c7","mv07h_ph_record_v1:d4b3f6be6e987ab49f6d1521640fcd704b6b2de90e18495289d4edcb20eff13e",12.5311794281006,684650496,27656,"a43a8b10bc7c9edb0a9720e24e5baf642c8617b5bb03ba30f33802fc0b0e8d25","closed",FALSE
"mv07h_ph_metric_v1","ph__20260809__SRA621638_SRS2610283__gene_topology_v1",20260809,"SRA621638_SRS2610283","gene_topology_v1",500,499,1189,0,1.32131868168491e-07,TRUE,"ripserr","0.3.0","primary","","7e1712a1320efb2e27c64e3d7a11226543adb2507eab08d25f9fa1ef4175dc65","mv07h_ph_record_v1:2009d80267b19bb8b641f842fdbd61a88e5ed62efde02c5d64c974c7d0321dc9",12.6044020652771,594382848,63221,"4948aa2e2305c3ee168a8ec3bf9a8819e1215705720560512aeb7245b88da959","closed",FALSE
"mv07h_ph_metric_v1","ph__20260809__SRA621638_SRS2610285__cell_topology_v1",20260809,"SRA621638_SRS2610285","cell_topology_v1",384,383,419,0,1.43564703800065e-06,TRUE,"ripserr","0.3.0","primary","","220e856aec573274b52709fe362c8d1888857becf79e77f643b7c2da369ed887","mv07h_ph_record_v1:ff7c125145226e48108ced3141582d39e369bc39668ff7ff98593d2bf304db70",12.5820405483246,594669568,31506,"c0811db5aa0779b3d7ec7d594edbbb564b4810689ab0e6303d7a92cb08978f6a","closed",FALSE
"mv07h_ph_metric_v1","ph__20260809__SRA621638_SRS2610285__gene_topology_v1",20260809,"SRA621638_SRS2610285","gene_topology_v1",500,499,2147,0,1.3195794420376e-07,TRUE,"ripserr","0.3.0","primary","","d08e5af76998ad8a013ea2f072ea0348a6ecbeaab70b46bc8efe71a6a094c997","mv07h_ph_record_v1:080c4a4670ada84a45cc192aa07b09a296f2d33351e3a7151f3205bc5ac9773d",13.1159739494324,686448640,97709,"8c496a140dd63e2b304d040eed145e1c863d18a852bc94d2718f067a9cdea9fa","closed",FALSE
"mv07h_ph_metric_v1","ph__20260809__SRA628554_SRS2664364__cell_topology_v1",20260809,"SRA628554_SRS2664364","cell_topology_v1",384,383,512,0,5.52100868074888e-07,TRUE,"ripserr","0.3.0","primary","","a70c155403c2e43e807fc46e913c6b393c046aa0923f469890c1f389e1a2d5fc","mv07h_ph_record_v1:eec887ef6afe17dfb4a22efd6738d278533c4043c72a3c563ac8578ac9c85555",12.5266890525818,582066176,34761,"f3c47e9a07fe0c6bf6a5e06d7ecdbe997d48141316118a8e256d0fc96ea258ad","closed",FALSE
"mv07h_ph_metric_v1","ph__20260809__SRA628554_SRS2664364__gene_topology_v1",20260809,"SRA628554_SRS2664364","gene_topology_v1",500,499,3185,0,1.32790464757194e-07,TRUE,"ripserr","0.3.0","primary","","535544a3d7d09384db89e4e42d944ec1be4543e26285b8a3677f070753fa5380","mv07h_ph_record_v1:454759bb68f8e6176dcc4d3f7f162275ffc24a3b148dec4541e59cb84363cbdc",50.9438459873199,1347731456,135077,"327c3853d3cc9e48dca5ab9adcec1538de3182f7c049d5c3e2ce0e9eadf3f23c","closed",FALSE
"mv07h_ph_metric_v1","ph__20260809__SRA628554_SRS2664365__cell_topology_v1",20260809,"SRA628554_SRS2664365","cell_topology_v1",384,383,500,0,7.34127669940459e-07,TRUE,"ripserr","0.3.0","primary","","849ea111ab45394e5c2092e4bd49ddbf2e349fba9eec95e2f42e2e1409e674ac","mv07h_ph_record_v1:95f01ddca448c19684f3a42ddaf753b0639b468846cf9b508687763f3982c543",12.3492820262909,699916288,34341,"a3cb1b926277fa47b7a5dfa613aebd604f282d6ab8f991c44a83729a4abdb50b","closed",FALSE
"mv07h_ph_metric_v1","ph__20260809__SRA628554_SRS2664365__gene_topology_v1",20260809,"SRA628554_SRS2664365","gene_topology_v1",500,499,2604,0,1.32286656659944e-07,TRUE,"ripserr","0.3.0","primary","","ac1e5f0cf7352c668e27d51bd57adb23ede8a7f18b2af04e05b216810a1aa028","mv07h_ph_record_v1:b80923ce26659dc2afc240eb999222eb3c94ddf5759f637898f9be6051d6ce2c",14.1242642402649,733609984,114161,"a5cf7ea4e2c3f27ed8b18547db34aba11a0c9e5e3d25781c85f06ac8d475cbaa","closed",FALSE
"mv07h_ph_metric_v1","ph__20260809__SRA645804_SRS2823404__cell_topology_v1",20260809,"SRA645804_SRS2823404","cell_topology_v1",384,383,367,0,8.21841267759006e-07,TRUE,"ripserr","0.3.0","primary","","a034633107341120ce7753065932fa1e93aaa538ae1013ac85d5778cefb1bca9","mv07h_ph_record_v1:5d3328be58eac31b9b9f0a2e119df87e0f73f911adf4f5c3ba98993bf89fa63a",12.3069593906403,581779456,29686,"743c837e130b729e913fb3fc3f44f817897efec96b8a11ad461558bff27fd341","closed",FALSE
"mv07h_ph_metric_v1","ph__20260809__SRA645804_SRS2823404__gene_topology_v1",20260809,"SRA645804_SRS2823404","gene_topology_v1",500,499,602,0,1.32893648841711e-07,TRUE,"ripserr","0.3.0","primary","","6053bfdf794a0a4042f7e21d88ba3221062f9bd09bffedb9e575057ed3691784","mv07h_ph_record_v1:0ac79125875d77c7b40adb43ee9e9a065c93808c4ee7c8d82eb48792e4cd6f7e",12.3022615909576,675667968,42089,"aff5a0916cca5de705fcea94f4e2c435c865f99ea10373f45de62965ea423932","closed",FALSE
"mv07h_ph_metric_v1","ph__20260809__SRA645804_SRS2823405__cell_topology_v1",20260809,"SRA645804_SRS2823405","cell_topology_v1",384,383,360,0,1.35367229549542e-06,TRUE,"ripserr","0.3.0","primary","","0f29847eb6e71c8af6f3ac793f2737aa40f68a7f760aa41a6d11cbfdb8e90ff3","mv07h_ph_record_v1:bd213ef9eef4d687ffb3f23ac35bd9220573ebbf226224ed0856ff9276688683",12.5991966724396,638873600,29441,"27cdff88786e4c1dbccf42790ef2ef708b340763052d326882e2938ee3beb9a9","closed",FALSE
"mv07h_ph_metric_v1","ph__20260809__SRA645804_SRS2823405__gene_topology_v1",20260809,"SRA645804_SRS2823405","gene_topology_v1",500,499,600,0,1.32455756280858e-07,TRUE,"ripserr","0.3.0","primary","","ba066f1cae9f80bb147b1e814d1cab53a4096e0f76c0ff32bb223311c9030e05","mv07h_ph_record_v1:e386dda7cee5e0203d7efb99c64c9810b6c417f9d6ce312fd884e639062a374a",12.4273166656494,577474560,42017,"46a91bd501d2a9a376c38944b8422762a4545ebd71c7a48761b16f53f517b615","closed",FALSE
"mv07h_ph_metric_v1","ph__20260809__SRA645804_SRS2823406__cell_topology_v1",20260809,"SRA645804_SRS2823406","cell_topology_v1",384,383,311,0,9.29792031044867e-07,TRUE,"ripserr","0.3.0","primary","","5ec4b487e45066633f37737d258b8b820f2d58aac8900b90f7b52be14b09620e","mv07h_ph_record_v1:c5dfe53a6bd58abffbb2e9ae1c27cffb260ce308d3aac39726eab7b9d96fed3c",12.17391705513,663982080,27726,"927b594472b1b80d36869a20278528f1678607ada36d2f18908ec29082bb0726","closed",FALSE
"mv07h_ph_metric_v1","ph__20260809__SRA645804_SRS2823406__gene_topology_v1",20260809,"SRA645804_SRS2823406","gene_topology_v1",500,499,495,0,1.31945418302875e-07,TRUE,"ripserr","0.3.0","primary","","fd8793a20b86c78e76d8321086c2992ee3c2df27c9bb54586ed7fc4c56ccb9e3","mv07h_ph_record_v1:4e6cc1a48bc37513b9973a37d1d2c2fa1a89e0b5e459353b26fe1ebc80604991",12.4361658096313,687702016,38242,"f0f719bb7ad6c55def70c9b91d3ef2a312e39de452c112ebadf8c636f04f8652","closed",FALSE
"mv07h_ph_metric_v1","ph__20260809__SRA645804_SRS2823407__cell_topology_v1",20260809,"SRA645804_SRS2823407","cell_topology_v1",384,383,209,0,9.28040764900323e-07,TRUE,"ripserr","0.3.0","primary","","148a5fb9e83b3cbea58e292e4de9377ae427fafabc0474b44332fdbf21da26fc","mv07h_ph_record_v1:a4fda1ebf93568fb8aa8d0ecad6e1b9a3991da49011da1ff09df105e827cce2c",12.1725344657898,707977216,24156,"afa2ce1c13e095682be53cf06579ff7f98f4c9d248fc5573d327652884ecbd8e","closed",FALSE
"mv07h_ph_metric_v1","ph__20260809__SRA645804_SRS2823407__gene_topology_v1",20260809,"SRA645804_SRS2823407","gene_topology_v1",500,499,348,0,1.29573896588857e-07,TRUE,"ripserr","0.3.0","primary","","0c7749fe33c28beeec5181aee12c66f104c8f481bd6737fde6043ac23137d5c5","mv07h_ph_record_v1:60c15747c5ad263e2de313b1219b423b77c1c634e5d09e5c965832d64c394b31",12.6863644123077,586977280,33097,"9f429c054a253c3ac74985ff987f52db8733a4b3f502cf8df6a724b17c0b12bb","closed",FALSE
"mv07h_ph_metric_v1","ph__20260809__SRA645804_SRS2823408__cell_topology_v1",20260809,"SRA645804_SRS2823408","cell_topology_v1",384,383,188,0,1.46739533334596e-06,TRUE,"ripserr","0.3.0","primary","","2417ad7d6b9e079fad78ea948ac9c942e031c93f9d85dea1a607f8a87c08dee3","mv07h_ph_record_v1:7aa90d3f5aa187d492c1605568ed45f10fa726af7a53d9c4d2463af634d994ea",12.4439761638641,616402944,23421,"73e4bd96832815db7edd4deb98b90d42b85a0dc7e904817caecbb3998b934cfb","closed",FALSE
"mv07h_ph_metric_v1","ph__20260809__SRA645804_SRS2823408__gene_topology_v1",20260809,"SRA645804_SRS2823408","gene_topology_v1",500,499,162,0,1.27856714029303e-07,TRUE,"ripserr","0.3.0","primary","","167a63ae96616cd1474f71c0d9781fbe306b5049d98449059948a80d27834020","mv07h_ph_record_v1:15eadeb421f9c4770ab30f2c7e69b8221cdb7c9b7761ac5118e895d1344179ab",12.5135540962219,601571328,26587,"db2bfd8c2b9c06d3acf58566e60e6dbdb083a2c0a0fddd4238ee8114bbf66736","closed",FALSE
"mv07h_ph_metric_v1","ph__20260809__SRA645804_SRS2823409__cell_topology_v1",20260809,"SRA645804_SRS2823409","cell_topology_v1",384,383,201,0,1.07104038317501e-06,TRUE,"ripserr","0.3.0","primary","","32a872a39918a3661169f9ac67541abe620004625dbc0a7c77b95cc15f9f2108","mv07h_ph_record_v1:e9bc7ac5bea1c669ad8e51adea7791313b22346abced3ed5d5d604877a99066c",12.4677398204803,660000768,23876,"c782801c2c6308c51604310d8294699440512b552a9692cb89e86fda263403af","closed",FALSE
"mv07h_ph_metric_v1","ph__20260809__SRA645804_SRS2823409__gene_topology_v1",20260809,"SRA645804_SRS2823409","gene_topology_v1",500,499,325,0,1.29284300425919e-07,TRUE,"ripserr","0.3.0","primary","","37acf9ab39f003e9a5bc88c815390c29d6c8cbb1dcfd0d82a46a81688598c460","mv07h_ph_record_v1:91f8e9cb07b426518d888c86c15ca1cdd6e3f3e6f31738a9037314c6f6299624",12.7725224494934,709943296,32292,"023593bbb5047c7c496122b1ef29d0f62022a1fc95c23a1fa117b51ba45e07ab","closed",FALSE
"mv07h_ph_metric_v1","ph__20260809__SRA645804_SRS2823410__cell_topology_v1",20260809,"SRA645804_SRS2823410","cell_topology_v1",384,383,219,0,1.44876573430201e-06,TRUE,"ripserr","0.3.0","primary","","ad331d6c57c59060657fd4d5c5a8ac961cc940c0e294c62f920b7c49c7e185f7","mv07h_ph_record_v1:22a191ddcfe3677b29d0dd24292cfd908f74a76bcfebbb47a9b6e6296f32b941",12.2197442054749,728317952,24506,"1b34f7e10ab2c6668a823de80daac04183d9b98e6f958b9b7d17259a2cd606e5","closed",FALSE
"mv07h_ph_metric_v1","ph__20260809__SRA645804_SRS2823410__gene_topology_v1",20260809,"SRA645804_SRS2823410","gene_topology_v1",500,499,107,0,1.30337566340236e-07,TRUE,"ripserr","0.3.0","primary","","efbb9ac47981f329b4f78348b3b2a908586b8aaa4dbce055b81f6ca52ed04c7e","mv07h_ph_record_v1:8ad79c4d454b02f73d98d140f473bb0022b420175c6db83640331ec6fba70aa0",12.4806759357452,598675456,24662,"f5d15dfb14d170e5bbf9b6e87b3439d4fdb732ad80f7d77033ab17c03c6a231d","closed",FALSE
"mv07h_ph_metric_v1","ph__20260809__SRA645804_SRS2823411__cell_topology_v1",20260809,"SRA645804_SRS2823411","cell_topology_v1",384,383,183,0,1.10394548852312e-06,TRUE,"ripserr","0.3.0","primary","","ca168cbea2e708e5724a9ab6e146d4b32974fb20e5ab718930d2c5e31bf740a8","mv07h_ph_record_v1:958edc59cb38ab7ce22c602d698c2002eaec8744c969d130c491ab84a1e28a4e",12.2318751811981,648929280,23246,"0e0a545bd079a19a23ddd7536923d8d4ff874cd8dbedd2454cf2121a90821c1a","closed",FALSE
"mv07h_ph_metric_v1","ph__20260809__SRA645804_SRS2823411__gene_topology_v1",20260809,"SRA645804_SRS2823411","gene_topology_v1",500,499,231,0,1.26908605398344e-07,TRUE,"ripserr","0.3.0","primary","","474352191e243c79af49a688d5516ba43e63d3d01b06d68134a5c84bb7f00a1f","mv07h_ph_record_v1:563e6d350a873e87ff4a45cb6a841c79488ff259a7c4ddb2908f15e37e8dbb4f",13.3319852352142,682815488,29002,"b184bdf7006a69fa1c08c2ca48016562a06c7365299589337804c7167df909cd","closed",FALSE
"mv07h_ph_metric_v1","ph__20260809__SRA645804_SRS2823412__cell_topology_v1",20260809,"SRA645804_SRS2823412","cell_topology_v1",384,383,207,0,1.18068762325945e-06,TRUE,"ripserr","0.3.0","primary","","12efdfbf248abc5fea04589302b872d556746debf86b695686775b5daba67080","mv07h_ph_record_v1:6708b58e64fe9c4470f4034f10670f99a669c54538f07bb27a93402e1eacc335",12.491950750351,615309312,24086,"bf2c8a8dc54654e5b745b17cbcb5302e7e363f2ce05b91ed8bbece7f26b90126","closed",FALSE
"mv07h_ph_metric_v1","ph__20260809__SRA645804_SRS2823412__gene_topology_v1",20260809,"SRA645804_SRS2823412","gene_topology_v1",500,499,115,0,1.29938564640236e-07,TRUE,"ripserr","0.3.0","primary","","94e964e68462abd9a23bc13f304f3d3c89ecadd8f7ceee0fc25a3fee268e971a","mv07h_ph_record_v1:897b446886d5a1488368917aa3b829f3ede3b6cc1a669b2a7e77c2d6224d845c",12.7637438774109,581750784,24942,"cfcc01a47090b27a54725b22478eb94cedf9b9e97c83612a71b16f478eb856ea","closed",FALSE
"mv07h_ph_metric_v1","ph__20260809__SRA645804_SRS3572594__cell_topology_v1",20260809,"SRA645804_SRS3572594","cell_topology_v1",384,383,180,0,1.10389676296067e-06,TRUE,"ripserr","0.3.0","primary","","16b678064a32fdd2086d6e53664c76819029360f56793e7790728f8d49682ed0","mv07h_ph_record_v1:3ee4d72d5d92b35b4df26ebb3b419f007edb3d93a4bf51e7868fdd841b8614f7",12.249972820282,655798272,23141,"02e0d184ff97f830a1e726fca48e27a34d0c940a2d40506d795f7a6e8cb80251","closed",FALSE
"mv07h_ph_metric_v1","ph__20260809__SRA645804_SRS3572594__gene_topology_v1",20260809,"SRA645804_SRS3572594","gene_topology_v1",500,499,125,0,1.30039161348602e-07,TRUE,"ripserr","0.3.0","primary","","6bb19250718da30eca2153f6888a6f2f3bb6ac92f4f95729d9cf162a201eb6f5","mv07h_ph_record_v1:549d31e2e643cb357d48bf2fcc5c1c894c7819e89755bd0c6b8bdd8f27ee5205",12.519510269165,582004736,25292,"0e509fe9180211133b179092da3c57fd3748835da62c3a4447e7bbbd7fea6111","closed",FALSE
"mv07h_ph_metric_v1","ph__20260809__SRA667709_SRS3065426__cell_topology_v1",20260809,"SRA667709_SRS3065426","cell_topology_v1",384,383,218,0,1.04802908791104e-06,TRUE,"ripserr","0.3.0","primary","","72c926513b2604eea8a4c9436e05278729d12f7dd651b1bcbf3cbf520997eb64","mv07h_ph_record_v1:504e297c0d038eeb9bd72f79e310661fe950f16c37f8ab5a6c0142bed8c7c5c0",12.2473382949829,688750592,24471,"5974b13e8eaf68349cc1c631b19c76c8b45680d04f406be939d6f5bc8c9de5f1","closed",FALSE
"mv07h_ph_metric_v1","ph__20260809__SRA667709_SRS3065426__gene_topology_v1",20260809,"SRA667709_SRS3065426","gene_topology_v1",500,499,265,0,1.27976824354634e-07,TRUE,"ripserr","0.3.0","primary","","bd17a6539b65fa04cce5965cbc2aa8a0c3b64c8b2d5232c02a4e1b46e8b818ad","mv07h_ph_record_v1:2d7854ad2d7690d4e4b4e4bcb134238f50587000aeeeff1a7254f16a40e7064c",12.497955083847,581595136,30192,"b47583d2d7f92f35f675c9889d2fb44fd9b83a643fc5296769ff8b320aa27ed5","closed",FALSE
"mv07h_ph_metric_v1","ph__20260809__SRA667709_SRS3065427__cell_topology_v1",20260809,"SRA667709_SRS3065427","cell_topology_v1",384,383,240,0,9.51230476371014e-07,TRUE,"ripserr","0.3.0","primary","","5d5d71315186420c771f774bf84ab9c13de37818713d8409cbb38ea11e329802","mv07h_ph_record_v1:50e51912e464fc6e08a4d1197614d63eef7dd8e88537bd47410ccf307bdae7d0",12.5679392814636,705441792,25241,"28d1ea702e9b7c96b2e66b7f4b3eaac577fe3816d3af1804537d0eb85e4aa81d","closed",FALSE
"mv07h_ph_metric_v1","ph__20260809__SRA667709_SRS3065427__gene_topology_v1",20260809,"SRA667709_SRS3065427","gene_topology_v1",500,499,483,0,1.29592391524684e-07,TRUE,"ripserr","0.3.0","primary","","a535e97497a64e51f9715283f0476ae69c61abef8471ffd8cee25b5c106d082a","mv07h_ph_record_v1:86afc43f716db788ebc508ac4dd4e96172a69fffe4419b77cb3b1461d2b72fa2",12.8541903495789,718716928,37822,"5c92dd556dab647b8658706ab9e326bd47a13368f7c1a1ac2ceef526eb92beec","closed",FALSE
"mv07h_ph_metric_v1","ph__20260809__SRA667709_SRS3065428__cell_topology_v1",20260809,"SRA667709_SRS3065428","cell_topology_v1",384,383,188,0,1.07282033801671e-06,TRUE,"ripserr","0.3.0","primary","","2cbd3951dc65aea07fc5ccf204db230903ee77fe8d29165e0a23b52adf366013","mv07h_ph_record_v1:f756e26fcc2a544b89915b6071aac0c866872e373b97a5b74257158d920f11be",13.017119884491,577589248,23421,"552b96cd834b6356647e9b3d03fa2eea99dbbd1ea0a64b8f0ae171bd7d416db4","closed",FALSE
"mv07h_ph_metric_v1","ph__20260809__SRA667709_SRS3065428__gene_topology_v1",20260809,"SRA667709_SRS3065428","gene_topology_v1",500,499,281,0,1.28854591718163e-07,TRUE,"ripserr","0.3.0","primary","","9edd6c9ccbf67f822f17cdbdf046aceaee77d99b9534949ff48d17869d017bda","mv07h_ph_record_v1:e7005dd47dad9b5b356a82b29c5b800ed69a3de891e8a9b2c6fbedce30a7d628",13.0244202613831,581783552,30752,"c9c4fbd869d990d265580c5cca3e2b3e551cc73f38f964251e052f67f1d24f6c","closed",FALSE
"mv07h_ph_metric_v1","ph__20260809__SRA667709_SRS3065429__cell_topology_v1",20260809,"SRA667709_SRS3065429","cell_topology_v1",384,383,230,0,1.1503548476161e-06,TRUE,"ripserr","0.3.0","primary","","ce67cf621092644cf982c827332c34e71e82cb1e16918350c116ab05b5702df2","mv07h_ph_record_v1:f81e62305a950de706888c75aa95c296092a185f5d151d0da0e64d7b9c5f0a0d",12.785792350769,678772736,24891,"1940d75a1f76047e671f483dae1bbc2ef208dfbd25766bb7e72f2a92b53e0876","closed",FALSE
"mv07h_ph_metric_v1","ph__20260809__SRA667709_SRS3065429__gene_topology_v1",20260809,"SRA667709_SRS3065429","gene_topology_v1",500,499,363,0,1.27389140131605e-07,TRUE,"ripserr","0.3.0","primary","","fe12f80f181071689aaa97a3d24be5f1cbe570ba83d654b2f6de97c00e302b30","mv07h_ph_record_v1:df33e62124194bd63def40fde146c2cb3a757369032964b0e3c9977d7ba62f02",12.7898824214935,706146304,33622,"15841c3079cf7bed2fd7191f9a4438c65fd27a9e8a9a6ccca197ba20feda1015","closed",FALSE
"mv07h_ph_metric_v1","ph__20260809__SRA667709_SRS3065430__cell_topology_v1",20260809,"SRA667709_SRS3065430","cell_topology_v1",384,383,219,0,8.5800722011235e-07,TRUE,"ripserr","0.3.0","primary","","34127c1b2b1aa8bcc6693e6ce2b27f5362d5092f9fbf4f0707b97a51a697163f","mv07h_ph_record_v1:594bdb441493886558ccc1e2d8a1eee11cfe09dcd30b88004d20c2aa287db22d",12.3175778388977,611573760,24506,"7625322810ca0a466d9007deaad59c7836cb5b2b8f1750bf066cc36579541a2d","closed",FALSE
"mv07h_ph_metric_v1","ph__20260809__SRA667709_SRS3065430__gene_topology_v1",20260809,"SRA667709_SRS3065430","gene_topology_v1",500,499,392,0,1.29808977582437e-07,TRUE,"ripserr","0.3.0","primary","","3ccf125cf8d04ebf4b291a3ddb52cacca9f6a25867d71755d8bf328c56d2cbef","mv07h_ph_record_v1:8ce6e89dbed46d6c53346ea80dc67831a7c79dc708a7fdc7a61bb4809f7de4c7",12.8310017585754,588840960,34637,"737639249283e153e11a57ff4aa4d231996b1490c1292609a177f8dccbd5d39b","closed",FALSE
"mv07h_ph_metric_v1","ph__20260809__SRA667709_SRS3065431__cell_topology_v1",20260809,"SRA667709_SRS3065431","cell_topology_v1",384,383,216,0,1.2179616974408e-06,TRUE,"ripserr","0.3.0","primary","","ad64167687315523d345e7eeb87d1286e8673b9468441c19c68a61990b88e4a1","mv07h_ph_record_v1:7cc61774dac24e246b75818bcda072353c1fb6e629400c449f1fc15fdb7b6342",12.5442678928375,665022464,24401,"6d1494d16db7f80292f90e9e054b852eab441be10226449b82421f90a9273ec0","closed",FALSE
"mv07h_ph_metric_v1","ph__20260809__SRA667709_SRS3065431__gene_topology_v1",20260809,"SRA667709_SRS3065431","gene_topology_v1",500,499,396,0,1.27538863596515e-07,TRUE,"ripserr","0.3.0","primary","","62a367b221f1b9e4dc9973a937f05cad00f159f76865afd2bc856ba163f8b366","mv07h_ph_record_v1:58a92c86ec1af2d24c375465dc50cd6965148fd80ca68984d96f6dafbf6534f1",12.2677359580994,680046592,34777,"3eac499b6f83462dcef1ced32900133e683b84eb708e9afa86e90497195ad9d1","closed",FALSE
"mv07h_ph_metric_v1","ph__20260809__SRA701877_SRS3279684__cell_topology_v1",20260809,"SRA701877_SRS3279684","cell_topology_v1",384,383,331,0,1.26540992124754e-06,TRUE,"ripserr","0.3.0","primary","","2ed8cec63e4c3f3330cc70e243eca69b0560d43f02eb125b5c8a6002d78541ae","mv07h_ph_record_v1:96a5c5eade3aab10b72f9050f5f16e94238af3efd4e485bf227ce9d2d3eda95f",12.5255975723267,726474752,28426,"6d99889cbf326b3d271466cd5cb765ffa69801c2a6557b928e29d4d5c0beb5c7","closed",FALSE
"mv07h_ph_metric_v1","ph__20260809__SRA701877_SRS3279684__gene_topology_v1",20260809,"SRA701877_SRS3279684","gene_topology_v1",500,499,883,0,1.31908098286967e-07,TRUE,"ripserr","0.3.0","primary","","46226f98ad5c5cf0054a4c93d864e9b22e95ef1987975f0ea88702f71ba0a940","mv07h_ph_record_v1:395ce0e3244e7e26b8ab1993af7d5f41ad24cac87d40a605d814fd7ce44b9a62",12.7897477149963,579530752,52205,"a9d4ea90e93a0d8c9bf8fbd2412b6eb9c837ec193f5ad11fea9d994a4aadc584","closed",FALSE
"mv07h_ph_metric_v1","ph__20260809__SRA701877_SRS3279685__cell_topology_v1",20260809,"SRA701877_SRS3279685","cell_topology_v1",384,383,331,0,1.15775696365092e-06,TRUE,"ripserr","0.3.0","primary","","61d8811a0e9f6561c8ae836a2adce7a996fe3401219e402e620d2359ca67d678","mv07h_ph_record_v1:0602f1d94385739ebb78d30b3a3e3f21ad0301667e96e97b15418a8bbf42c6b6",12.3051073551178,577748992,28426,"4f72094ff292650ec5b214c426c78c04225e54ddbaa8a6bde374ab63d3d01e1a","closed",FALSE
"mv07h_ph_metric_v1","ph__20260809__SRA701877_SRS3279685__gene_topology_v1",20260809,"SRA701877_SRS3279685","gene_topology_v1",500,499,909,0,1.3171296908795e-07,TRUE,"ripserr","0.3.0","primary","","2ee0bb1bd8fcbf872ae6902b9709ed90737d17e52bb9e3170711f422d468d8e0","mv07h_ph_record_v1:88cad934de9db0d3c712e41a1f37ac8fda9899e7d2fbeac2423a1e38797ca972",12.7868642807007,622305280,53141,"a5e02a6ad520b7bfb1ed77959e2d608f0168d51e26b03c09a788b75250b37548","closed",FALSE
"mv07h_ph_metric_v1","ph__20260809__SRA701877_SRS3279686__cell_topology_v1",20260809,"SRA701877_SRS3279686","cell_topology_v1",384,383,309,0,1.23170510371206e-06,TRUE,"ripserr","0.3.0","primary","","0523b6ea6e8b82679e2704d036258af0f5542dd2f4554837e7e8ef8f3fa64894","mv07h_ph_record_v1:8d920fcc0762cc8e9157ba9e2c412a6fa433527e54eff735b3c4986387dc62f9",12.0128648281097,582045696,27656,"88e46409bde8bee06be6c7a3e54a8c2fa1f615ed06da76f9917b98f537cea5f8","closed",FALSE
"mv07h_ph_metric_v1","ph__20260809__SRA701877_SRS3279686__gene_topology_v1",20260809,"SRA701877_SRS3279686","gene_topology_v1",500,499,954,0,1.31831336544879e-07,TRUE,"ripserr","0.3.0","primary","","f1fd8dff72ad2990ee026819a75f098a6560452a652590991be189bcdc9a83d7","mv07h_ph_record_v1:b851d7ea5953881f1f2c0d99a7aabc7518f4a4602ce9335a228de7501e714598",12.5293140411377,579317760,54761,"7751add4b2deedd0ae9de07adb16c37c3d3024b1c20d1ba11d55de9916ef7552","closed",FALSE
"mv07h_ph_metric_v1","ph__20260809__SRA701877_SRS3279687__cell_topology_v1",20260809,"SRA701877_SRS3279687","cell_topology_v1",384,383,298,0,1.39407238274443e-06,TRUE,"ripserr","0.3.0","primary","","73ed90553379a902a16308b40b890242d4630d4ee5cddcb26fdf2d8c8fd6f627","mv07h_ph_record_v1:464bc610e7197b631eb44f014dcf8d2c5ef93f5c8b91bfd0cd9de5344137e1e7",11.9928457736969,712085504,27271,"c32db1a5debc4c4e18f6379d02d55cf90080199f9d5ad77dcc4e3f5cbc302489","closed",FALSE
"mv07h_ph_metric_v1","ph__20260809__SRA701877_SRS3279687__gene_topology_v1",20260809,"SRA701877_SRS3279687","gene_topology_v1",500,499,830,0,1.30928429756476e-07,TRUE,"ripserr","0.3.0","primary","","4ef587ae27e56dbe04594ff901f261dcb65a37c25d0f433049c8a072bf3a096b","mv07h_ph_record_v1:754b1652d28cc6cdccb35cc00ffa8875e0b748bfe7c4a8cbe2b3c597d4922230",12.2609601020813,710135808,50297,"eb2485902b23d28cd50ae9376856b28eeee8a6c927045dc5c0bb670c49d53930","closed",FALSE
"mv07h_ph_metric_v1","ph__20260809__SRA701877_SRS3279688__cell_topology_v1",20260809,"SRA701877_SRS3279688","cell_topology_v1",384,383,359,0,1.14777077801217e-06,TRUE,"ripserr","0.3.0","primary","","abf0adb8970213141e1fc184686d7c90389b5c1d8a67c3ba533b7d74470b1422","mv07h_ph_record_v1:fdb217995fdc7412e5007da0c1e88ae21f589563f37118871eea4eabafdf6f83",11.2167019844055,581906432,29406,"622a1b8fae42ea3299f52fc546398b4a5af254ac04e8efba2cdad9de67ef88bb","closed",FALSE
"mv07h_ph_metric_v1","ph__20260809__SRA701877_SRS3279688__gene_topology_v1",20260809,"SRA701877_SRS3279688","gene_topology_v1",500,499,1045,0,1.31492744901051e-07,TRUE,"ripserr","0.3.0","primary","","7c7d2013e7f3bf8f4ae85d0c8c552ce414edb62878e46e6860fbc4e99c3156a0","mv07h_ph_record_v1:14915d8029e8fec80ccb3f38c368d71b069eec3dd98928ffc548e9087b540d0b",11.7818684577942,625659904,58037,"9a79d8f5803e7ae7771b92f2f3adff79df0fcd48c25a861457000ebcdb858d49","closed",FALSE
"mv07h_ph_metric_v1","ph__20260809__SRA701877_SRS3279689__cell_topology_v1",20260809,"SRA701877_SRS3279689","cell_topology_v1",384,383,361,0,1.96011175391936e-06,TRUE,"ripserr","0.3.0","primary","","0d5a83b5a924025ed53b860c61738f4c6c9dd4eb53d07515270e485426700344","mv07h_ph_record_v1:8e751df6d00b435029a41dc96ac5fa9cc9c61b0a97bf75b4f66ccd9fed5fefa1",11.4813804626465,647172096,29476,"56c2cc49433ec4da46de3d97a9de87e6fb3d8dc158d258ff8c12889d25757acd","closed",FALSE
"mv07h_ph_metric_v1","ph__20260809__SRA701877_SRS3279689__gene_topology_v1",20260809,"SRA701877_SRS3279689","gene_topology_v1",500,499,903,0,1.32623258861674e-07,TRUE,"ripserr","0.3.0","primary","","4dd6d4ab17c0b57aaabe5d2efe7de3fee23d553cdd5bd22ad6ec750c55ba7f64","mv07h_ph_record_v1:943cd0b3cfccdf29963b72deb8d47b7ae71f2401d20280c1e78cd6d588aab72b",11.6429886817932,588484608,52925,"3e9c619e2bc816c453940d20b4357563739350baff8f57363c53e6ecb41dcaf8","closed",FALSE
"mv07h_ph_metric_v1","ph__20260809__SRA701877_SRS3279690__cell_topology_v1",20260809,"SRA701877_SRS3279690","cell_topology_v1",384,383,305,0,1.38810106441596e-06,TRUE,"ripserr","0.3.0","primary","","ccfb8ffbffc1bb5a1e05e0c211a8b36d7c3498c29ae02f593d2f097377ffb31c","mv07h_ph_record_v1:d7b444732403ba7a981a5d5efa1050b9f927a55a6f41ab4fe5d09a28a9a2ad5a",11.8947639465332,701779968,27516,"7f1d7161423bd84d8698f6e56243c16b0d49f1d39bd56b89e525609b481f50d3","closed",FALSE
"mv07h_ph_metric_v1","ph__20260809__SRA701877_SRS3279690__gene_topology_v1",20260809,"SRA701877_SRS3279690","gene_topology_v1",500,499,816,0,1.30677072325999e-07,TRUE,"ripserr","0.3.0","primary","","6a7a42595f1b18fada7d6cf338adda54813e38467dc94aee1ec7265925f19eff","mv07h_ph_record_v1:5a0bae586c443c974cc38da2ddb4d5ec984e2c42af7de77ef242789cd2d9f2a2",12.6679992675781,580308992,49793,"f9b6f847b458c679777498bf3e77c17bb0bf7e52f144b5203ebc19028cf76023","closed",FALSE
"mv07h_ph_metric_v1","ph__20260809__SRA701877_SRS3279691__cell_topology_v1",20260809,"SRA701877_SRS3279691","cell_topology_v1",384,383,305,0,1.07878340621928e-06,TRUE,"ripserr","0.3.0","primary","","7d62a9ed862e1a059214124b929d47faeb1d03896af20df2911cdbf4d6092a33","mv07h_ph_record_v1:897d80f45a4b8d8c69cb2c946ca35310bbe75f8404e6bfd9ca6f389771d6ac50",12.7418119907379,683483136,27516,"34fb1f0c3ab0dd7340af873fbc89a94dec800ee63c45755ed2b98aab5e1ffd7e","closed",FALSE
"mv07h_ph_metric_v1","ph__20260809__SRA701877_SRS3279691__gene_topology_v1",20260809,"SRA701877_SRS3279691","gene_topology_v1",500,499,747,0,1.30804610273604e-07,TRUE,"ripserr","0.3.0","primary","","aacebe76b8eee006a999e5885e48d8dd11925c2ac7f3f7c984ce2e7cd2bdd891","mv07h_ph_record_v1:0d2f5e9cc741ccf37fc86533ef8b2766941ff5235e8934c6b86e287760a9710d",13.2227735519409,644173824,47309,"840572724617437696930feb4bd62bc8123d900f660a7d685346b71e038b030e","closed",FALSE
"mv07h_ph_metric_v1","ph__20260809__SRA701877_SRS3279692__cell_topology_v1",20260809,"SRA701877_SRS3279692","cell_topology_v1",384,383,272,0,1.65482566539377e-06,TRUE,"ripserr","0.3.0","primary","","91ce53c22fcc5e2f8974c4cebcf75dedb79d94465ebc81d36a1e3054ea6b8fe0","mv07h_ph_record_v1:5b87dd210700ec2eddf7a023f032ca5704bf31250cca2672417f4ac0929b7d84",12.7813889980316,599728128,26361,"313824abd1adb2e1e8f7ae884579b577c0e9832bfb7423af2ceaa657350572bb","closed",FALSE
"mv07h_ph_metric_v1","ph__20260809__SRA701877_SRS3279692__gene_topology_v1",20260809,"SRA701877_SRS3279692","gene_topology_v1",500,499,616,0,1.31306091622556e-07,TRUE,"ripserr","0.3.0","primary","","02bfa5512188a11656522eb4a1ce819a8b95c9e4705475e7190c796fd973f079","mv07h_ph_record_v1:b145b9a252f4876439f1ffb460abfca9707a1dbb245899308adb816ba8e13b04",13.5029475688934,639746048,42593,"fb3d23ec7a47fe22b38c4bc29780bf706a875c8c17d6e7722596521034d965dd","closed",FALSE
"mv07h_ph_metric_v1","ph__20260809__SRA701877_SRS3279693__cell_topology_v1",20260809,"SRA701877_SRS3279693","cell_topology_v1",384,383,328,0,1.26634454314576e-06,TRUE,"ripserr","0.3.0","primary","","e4e712a30e2cb9beeb671aa69fed61220b2b5ed26cf0009d7a3021da55b775da","mv07h_ph_record_v1:5877e3c6d8a5eab809794a54440a044d1762d37cbdf3090aa0bdd9e491f4652e",12.4817843437195,716156928,28321,"5e44dcbc4f89729c1cb736a26706884a1807932e2618562a1243b1d0895402bb","closed",FALSE
"mv07h_ph_metric_v1","ph__20260809__SRA701877_SRS3279693__gene_topology_v1",20260809,"SRA701877_SRS3279693","gene_topology_v1",500,499,1013,0,1.30812834774529e-07,TRUE,"ripserr","0.3.0","primary","","d43c4fb4b23f6250e7c50ae91d9347ef0f38d92ffeebbcc72c667fea58530873","mv07h_ph_record_v1:747f014d88dfdeb3f860654223bc3543c02b494ce76fd685aea920e59cb388fd",13.2567558288574,713363456,56885,"1946f5c56068a33973f0f9e9f8615e71488a200a0a64b7e7f7b749aca696bd9f","closed",FALSE
"mv07h_ph_metric_v1","ph__20260809__SRA701877_SRS3279694__cell_topology_v1",20260809,"SRA701877_SRS3279694","cell_topology_v1",384,383,335,0,1.12588052181008e-06,TRUE,"ripserr","0.3.0","primary","","0e5ed2e8d4e6f4d430f06eec34ba886ee2a4a1b61522ce7a28e899dfcda93338","mv07h_ph_record_v1:dc438cb163929b455970a0585832815d274f7bb634ba882ad21fd8a965d4dd0b",13.777242898941,581787648,28566,"9fa8bd09cd2249a64c70744cac5358521b42825f36b9e6cd18633c1a62049aec","closed",FALSE
"mv07h_ph_metric_v1","ph__20260809__SRA701877_SRS3279694__gene_topology_v1",20260809,"SRA701877_SRS3279694","gene_topology_v1",500,499,1442,0,1.30904726900917e-07,TRUE,"ripserr","0.3.0","primary","","565dde773952aaf6e0d2d7135388c034d407b29f843cc7715db133ead6891706","mv07h_ph_record_v1:9a06a3afe1d06ff1afbf2d4ede03988285372d2980c307c689e8b1ecb4e6b6db",12.7503156661987,582537216,72329,"08c4c2c215da46b2a45e9f36fbb084e986ada7173acebef0232e3f8e02cd2755","closed",FALSE
"mv07h_ph_metric_v1","ph__20260809__SRA701877_SRS3279695__cell_topology_v1",20260809,"SRA701877_SRS3279695","cell_topology_v1",384,383,324,0,1.37160820096893e-06,TRUE,"ripserr","0.3.0","primary","","cd5260494146850d065457eec9af2c4c7562919a41484cca8c2e912086d855c6","mv07h_ph_record_v1:f006f16590689e7d1747288f9dd116f422c0f588b42aaee7e5fae4b12c11ed0c",12.4909605979919,648052736,28181,"276b40146fb57027068b3663b355bf1df9a56968ae7e5cee4f9cae593c5b5308","closed",FALSE
"mv07h_ph_metric_v1","ph__20260809__SRA701877_SRS3279695__gene_topology_v1",20260809,"SRA701877_SRS3279695","gene_topology_v1",500,499,1041,0,1.3154472112035e-07,TRUE,"ripserr","0.3.0","primary","","416c715f3bfde676fe4d9f84d24b209c65c24cfa8df285be9f1c0154c29d72f1","mv07h_ph_record_v1:3d62aea55adaa845c91861541e9469972b44086a4d702aa39ceea225b2118a2c",13.0620436668396,705802240,57893,"f7439ae5e62836e04a505edc275964e82405db8d6b8b68fed50f1b705d308028","closed",FALSE
"mv07h_ph_metric_v1","ph__20260809__SRA703206_SRS3296611__cell_topology_v1",20260809,"SRA703206_SRS3296611","cell_topology_v1",384,383,364,0,7.67966976195614e-07,TRUE,"ripserr","0.3.0","primary","","2d434ee9a61f17c0d465dc315b51e34c21192e4aa49b54f6a3689182b4dd05e5","mv07h_ph_record_v1:3d66812600ca6265bc087e4d69fab0f642ec3a2692fb2684c6d8cd58d9be7ae2",12.7630047798157,665100288,29581,"1b53d512a01e69f21ef46b7141221f855e61e6b76abbf6ae09329a6efa4ffe25","closed",FALSE
"mv07h_ph_metric_v1","ph__20260809__SRA703206_SRS3296611__gene_topology_v1",20260809,"SRA703206_SRS3296611","gene_topology_v1",500,499,856,0,1.29005237316017e-07,TRUE,"ripserr","0.3.0","primary","","e677d67e1f4cb241e53a62bca69ac03f49ee607d161e15d02c2092f1fafade9c","mv07h_ph_record_v1:eee432f2be53dd4da306982a54b168f07ecd5296ed6aa46ca48c2b45fdbdc366",12.4995973110199,581591040,51233,"4f817929783c10726670c4bac47f8973ad5fd17cfe9e8c0779b269635f2910b0","closed",FALSE
"mv07h_ph_metric_v1","ph__20260809__SRA703206_SRS3296612__cell_topology_v1",20260809,"SRA703206_SRS3296612","cell_topology_v1",384,383,332,0,8.87690211978968e-07,TRUE,"ripserr","0.3.0","primary","","954721435108dbb14401fe6c6761665da58de4d07bfa449703d56f6654bb0ce9","mv07h_ph_record_v1:6bed37ef72fe4b67024012a771eb111dcf942fd556af8dacb172137610100b6d",12.854701757431,720535552,28461,"bb230d6493966a4468151e1fc9447f731eeb3dcb19b7ada6ba72e60fb4afb71a","closed",FALSE
"mv07h_ph_metric_v1","ph__20260809__SRA703206_SRS3296612__gene_topology_v1",20260809,"SRA703206_SRS3296612","gene_topology_v1",500,499,1260,0,1.31703737698897e-07,TRUE,"ripserr","0.3.0","primary","","cc2d922e30f8e4f1c2d730612d21a13b3c778f56a0fc3a1e57515d3502ca3f05","mv07h_ph_record_v1:0fd7cfe476f24a6e7a9b1c0f48e514556f1325a6f8568337506f3b159d6895f0",17.7178223133087,581009408,65777,"3c8304ca4521df8bd8e177fc96f3fde708db1c271536c8504d3a763e60919a55","closed",FALSE
"mv07h_ph_metric_v1","ph__20260809__SRA703206_SRS3296613__cell_topology_v1",20260809,"SRA703206_SRS3296613","cell_topology_v1",384,383,403,0,1.66972210575042e-06,TRUE,"ripserr","0.3.0","primary","","a7ad21dd33bc8a2f25b2d4558495074e6b278d99a185e9cf861990a52b534ea6","mv07h_ph_record_v1:65518ea9fc8765fe4862b291b687d7a58c68c0e8d0c8b4372fb58cb0234b6de3",12.7642006874084,660987904,30946,"09ca98ac4d5d791bc00a3b17c8406f0562b050fbafaf76cfade471232303eb9e","closed",FALSE
"mv07h_ph_metric_v1","ph__20260809__SRA703206_SRS3296613__gene_topology_v1",20260809,"SRA703206_SRS3296613","gene_topology_v1",500,499,1053,0,1.30754104626879e-07,TRUE,"ripserr","0.3.0","primary","","099277f5883ffa39c97ad037cb8dc9dc51aa1ca6c36952d2603f967dd01b891a","mv07h_ph_record_v1:51b4452fe09ce0d28e0dcc60df0d77bd284436fa79edb790c97963c10d8bc175",12.9441068172455,651452416,58325,"b3d37e27a4bca128e03e4170fe707be216560e92e4c22f3a126ed8d6e53aaf93","closed",FALSE
"mv07h_ph_metric_v1","ph__20260809__SRA703206_SRS3296614__cell_topology_v1",20260809,"SRA703206_SRS3296614","cell_topology_v1",384,383,357,0,1.5410928961115e-06,TRUE,"ripserr","0.3.0","primary","","56807ce6d2bd19bddc3ac4f5371e96d42836bb405e463251e2d23c7bb382128c","mv07h_ph_record_v1:2c062f6fbf77cf9ee1879c57f80d6ca2b060f2b0ad8aa0dbd3d06b3db800fd1c",12.7854015827179,581885952,29336,"98d61fa21bb4a9572143e5afc944f0ce7e1ef281a637e5c270938b09ea0506d4","closed",FALSE
"mv07h_ph_metric_v1","ph__20260809__SRA703206_SRS3296614__gene_topology_v1",20260809,"SRA703206_SRS3296614","gene_topology_v1",500,499,1141,0,1.3145617199716e-07,TRUE,"ripserr","0.3.0","primary","","5d6fb0f5e90ecd28f45b735b77cf573e1167a1d888fcd2cdb0e573031b256640","mv07h_ph_record_v1:348a6ba1dad7d6c46509b6e9eeaa7f4299d8b9b5fe3628ba4805a3916655cb44",12.777544260025,579457024,61493,"1e65fbda7b4733e7c038f57e2f9f5a3a770a572c833f873ef77e934a79f4b7f0","closed",FALSE
"mv07h_ph_metric_v1","ph__20260809__SRA713577_SRS3363004__cell_topology_v1",20260809,"SRA713577_SRS3363004","cell_topology_v1",384,383,386,0,9.47039674590802e-07,TRUE,"ripserr","0.3.0","primary","","38067ba4e1069df49632842f8fe8651e4de934341a99efe47ee854cc193b4917","mv07h_ph_record_v1:631ce98ed0fcb26e75b4eb0e142c6614a85065b0af9f26f5bfb29f6483e8c59b",12.793613910675,627900416,30351,"8b0f364fa0459620d185efd9ae0f1365a12ad27ca6e87a978d5843ddb3d05bd3","closed",FALSE
"mv07h_ph_metric_v1","ph__20260809__SRA713577_SRS3363004__gene_topology_v1",20260809,"SRA713577_SRS3363004","gene_topology_v1",500,499,1612,0,1.31810304913001e-07,TRUE,"ripserr","0.3.0","primary","","218000a9f44fd9f2fae7982d5e5d602acaf6e7818c7fd4bcba9ccaf00fad6574","mv07h_ph_record_v1:8f4ab59a3cc3f8efb31a70ccc1d739d87be33e70c805dfd972aaed8474ef9d2e",12.7717730998993,583344128,78449,"29c4567d0bb60b677b39f13ebc14eb1bd9ff1507f626fbc2746406f4545148eb","closed",FALSE
"mv07h_ph_metric_v1","ph__20260809__SRA716608_SRS3391629__cell_topology_v1",20260809,"SRA716608_SRS3391629","cell_topology_v1",384,383,297,0,1.01557679217526e-06,TRUE,"ripserr","0.3.0","primary","","b5c12f6a000207321e4caf96ad20defa632926a0a93431308ab95c743c1f1f5a","mv07h_ph_record_v1:07c5a15e16636848b35b1f1b4a313352246bb76a04b224391c2cb48c0f206aae",12.5584545135498,648142848,27236,"76085d0189d49d04e1dd405001c8a67b072301fe3424ddd9f2a88bfeeddcdc7f","closed",FALSE
"mv07h_ph_metric_v1","ph__20260809__SRA716608_SRS3391629__gene_topology_v1",20260809,"SRA716608_SRS3391629","gene_topology_v1",500,499,1057,0,1.30653483744559e-07,TRUE,"ripserr","0.3.0","primary","","b35606cffab8e89bd6c423e11ac8362a1ca1246b0b4cc4dc2cc4a4471fa5c7d8","mv07h_ph_record_v1:425b95196bbe075749d622ff1ee0d4ed91d0ddff1a6c6d6f1d86e6250877cfc6",14.471138715744,714506240,58469,"230a23c253810abf0cef78b82bb1e48a91d346e09b19598b2df6a4f99ae218d7","closed",FALSE
"mv07h_ph_metric_v1","ph__20260809__SRA716608_SRS3391630__cell_topology_v1",20260809,"SRA716608_SRS3391630","cell_topology_v1",384,383,310,0,1.09029804272167e-06,TRUE,"ripserr","0.3.0","primary","","473f8f22897feae3716bd8d222b95aacc636f7ea3985bad829dea749c2650a70","mv07h_ph_record_v1:924155d9f89e747c019f595603152ad78b665639c8c4c09018cc4ce1da8239d1",13.0644371509552,581812224,27691,"94fa66b3f8648b941f1143f81fb59824f10c5e20885cc3f74edc8f1f7ec7f37e","closed",FALSE
"mv07h_ph_metric_v1","ph__20260809__SRA716608_SRS3391630__gene_topology_v1",20260809,"SRA716608_SRS3391630","gene_topology_v1",500,499,1289,0,1.31008137378108e-07,TRUE,"ripserr","0.3.0","primary","","a07d8fbe238955d9d59afb085ade4e3699fb43582773ff43292f66ec07555675","mv07h_ph_record_v1:4a312b84826b559e4bcf5eb3864a4b1c4dd5b24c504e7c48b7418e8908e31b6b",14.6193904876709,580628480,66821,"c6031d9b4c5d0e011edc893b2d0c36987f1af12000f4bf1890f4a804ada2f8fb","closed",FALSE
"mv07h_ph_metric_v1","ph__20260809__SRA716608_SRS3391631__cell_topology_v1",20260809,"SRA716608_SRS3391631","cell_topology_v1",384,383,277,0,7.69910354087978e-07,TRUE,"ripserr","0.3.0","primary","","593c9521bc4af463ad966260c5ad84375855f9eefeeb3c235bcfd802c6c64071","mv07h_ph_record_v1:5fa072fda95f7e35c53eaad82623ceaefc6a29a95d98c2b27bba4b012f75d735",12.0233852863312,581894144,26536,"3f86742ef45fe6afa14beaa4856d03f6bf54fd08864ce3b89780a65aae81bc84","closed",FALSE
"mv07h_ph_metric_v1","ph__20260809__SRA716608_SRS3391631__gene_topology_v1",20260809,"SRA716608_SRS3391631","gene_topology_v1",500,499,547,0,1.30665434741453e-07,TRUE,"ripserr","0.3.0","primary","","f6167d0ccb5bcd79e29a08bf64d8fd8fb76d23eee10a9aa4983b2add7480e665","mv07h_ph_record_v1:200fb0f53d169c6551d1fa7b1cb66237f9b19f64e43484c6d0962a9e49640933",12.2887120246887,578646016,40109,"c3669bc442af7c0445fd350b35cde393aca65f6b159f8771cc9cf587a6b5bb0d","closed",FALSE
"mv07h_ph_metric_v1","ph__20260809__SRA716608_SRS3391632__cell_topology_v1",20260809,"SRA716608_SRS3391632","cell_topology_v1",384,383,260,0,1.40643956802336e-06,TRUE,"ripserr","0.3.0","primary","","f893b8de2793271018bf328da9a555af4b189d5cc8631d887171d6b68c22ad62","mv07h_ph_record_v1:1d934a20ee31b3df82de3bec87f4d55922bd6151d7db1c442c6d746f892ecf31",12.0330169200897,581914624,25941,"40e40fd86383820f962db35364403aa085f062efccb2d16825b96fde9794e0b6","closed",FALSE
"mv07h_ph_metric_v1","ph__20260809__SRA716608_SRS3391632__gene_topology_v1",20260809,"SRA716608_SRS3391632","gene_topology_v1",500,499,496,0,1.28320923583578e-07,TRUE,"ripserr","0.3.0","primary","","0d3448c23fab2f37ef102bd1b5b6dccc83bc4dff463db27d1331d2c84912254a","mv07h_ph_record_v1:ae63945848e4423c2caff3b0284a005293fe1edeec94648b61db92889cb38ecc",12.075692653656,628621312,38277,"6370aeb83f6140f5b2dcf1a2d7b2ce1e48f7476ebcd39037c8aa4afecb3e46ce","closed",FALSE
"mv07h_ph_metric_v1","ph__20260809__SRA716608_SRS3391633__cell_topology_v1",20260809,"SRA716608_SRS3391633","cell_topology_v1",384,383,337,0,9.12625085585574e-07,TRUE,"ripserr","0.3.0","primary","","cdf8f653178ad9b4bea63470a7b05a3c10e0467fa4593cfa12f93b85bdbc7449","mv07h_ph_record_v1:9dc36438d85acec79f77d22e902260007bf5e1b7a29571d455dd960f86079415",11.7450942993164,689786880,28636,"4f634aeaf99541a47592210bbb2b3ccb4aeb06bd672ee426b23bc2832c6ab623","closed",FALSE
"mv07h_ph_metric_v1","ph__20260809__SRA716608_SRS3391633__gene_topology_v1",20260809,"SRA716608_SRS3391633","gene_topology_v1",500,499,1826,0,1.30672152733413e-07,TRUE,"ripserr","0.3.0","primary","","5736805745e737b4ebd5236735cc3d8dc6cfbbea9f97a0f810207a5cc8c7a88f","mv07h_ph_record_v1:adab79cc5becdf59f3e13f7e092c440c3c00be5a4db595161b56bd3cfd55c94e",12.2902417182922,664834048,86153,"ce294ca89cc041fe371fc5a33292fc4dff31a9df1724fd948e8f00df9abd2cd2","closed",FALSE
"mv07h_ph_metric_v1","ph__20260809__SRA728025_SRS3454421__cell_topology_v1",20260809,"SRA728025_SRS3454421","cell_topology_v1",384,383,265,0,1.12738224297122e-06,TRUE,"ripserr","0.3.0","primary","","c6f8438b7025737d7fb22a54af295a8864033e3dc74c8ee70fc27363b3f67262","mv07h_ph_record_v1:bd28944f02c76f3636be29442a512e5b06b0f3f8ca2c552595b7c53bacbb8e10",12.0281512737274,582045696,26116,"25ffff4fd13401105a6ae405ffcd5aa393f0b2ac94793cebac404778101a7861","closed",FALSE
"mv07h_ph_metric_v1","ph__20260809__SRA728025_SRS3454421__gene_topology_v1",20260809,"SRA728025_SRS3454421","gene_topology_v1",500,499,355,0,1.30718983166198e-07,TRUE,"ripserr","0.3.0","primary","","4c53984796747e5bc7ede23f8dde789c1815e5aad7a8babc4f3f6aa01e719d67","mv07h_ph_record_v1:28ac89d678f7dfcab3ca3cc28d7c9dd30dba24d8fc5a5b42b549f33e37b93e86",12.5354628562927,581640192,33342,"0d0f33a639ae6b2063bda85d05a5ff968ce2d361739119b947298170a7645799","closed",FALSE
"mv07h_ph_metric_v1","ph__20260809__SRA728025_SRS3454422__cell_topology_v1",20260809,"SRA728025_SRS3454422","cell_topology_v1",384,383,259,0,1.18021480153979e-06,TRUE,"ripserr","0.3.0","primary","","f447f85529b7e163d351128d4ec55046d966d0f40accbfd5716a8eadad677574","mv07h_ph_record_v1:2ccb3a1c3a47f0f9f2b99dfa3c03148abe76c3d6dbfb400004cafb16264a1ec2",12.0386233329773,632467456,25906,"a0fda8cf24890af995390ebb6987581a9b904914863216b2bc8a7fa309318ab4","closed",FALSE
"mv07h_ph_metric_v1","ph__20260809__SRA728025_SRS3454422__gene_topology_v1",20260809,"SRA728025_SRS3454422","gene_topology_v1",500,499,275,0,1.30098648522831e-07,TRUE,"ripserr","0.3.0","primary","","39b5d53293208522d8d6e5b839d747af08b3432b1f8e7709763bd7951ebb491d","mv07h_ph_record_v1:e90baff2d6ebb1cf81ca5598071016f86cf87a76117a93ec608872edb2dcda7e",12.6205451488495,646914048,30542,"312c1cd73478c4678cf13ee934336d0de7f99e46b033e147e2cdbd390e90b7a2","closed",FALSE
"mv07h_ph_metric_v1","ph__20260809__SRA728025_SRS3454423__cell_topology_v1",20260809,"SRA728025_SRS3454423","cell_topology_v1",384,383,227,0,1.04376433642769e-06,TRUE,"ripserr","0.3.0","primary","","45407f9a182a57e661d4d4ff30b6fc49eaf36df4a3982cd04c187b784ae47ed0","mv07h_ph_record_v1:2ae04551c1e362142bcb713cd8fee31298e456ff928d826a08d8cca3a88b5b59",12.2142601013184,712794112,24786,"fc3af0f2f6778ec685510907c05a117a21322f6b6e71f766ae604862d4c4484b","closed",FALSE
"mv07h_ph_metric_v1","ph__20260809__SRA728025_SRS3454423__gene_topology_v1",20260809,"SRA728025_SRS3454423","gene_topology_v1",500,499,284,0,1.29026955943549e-07,TRUE,"ripserr","0.3.0","primary","","1d5bcdc28116007f5db253967c05d417b714de53730b35333dc44295577c9c5e","mv07h_ph_record_v1:9c8af3ac91c3808536a73cac90a8f9ce4088a4861afe092f4ba5a75b97ff018f",12.6758880615234,664424448,30857,"9048bfae04f49125d1c6897306547a3f53b1a28e10eeb73ad08a194011f89fd9","closed",FALSE
"mv07h_ph_metric_v1","ph__20260809__SRA728025_SRS3454424__cell_topology_v1",20260809,"SRA728025_SRS3454424","cell_topology_v1",384,383,261,0,1.58623418275535e-06,TRUE,"ripserr","0.3.0","primary","","42da29339c488ccaf1a15cc038874a67e6f6df7457ee51d6fee2eff0eb099a6f","mv07h_ph_record_v1:c7cf803784699ba036cbd57c45c7d7d7afaaf4856ec6464e87ab89c95c8599f5",12.683322429657,582025216,25976,"af289d1ecd05784930e37abea49b78d46d7d4132e29abf8dc046c8e637f8f096","closed",FALSE
"mv07h_ph_metric_v1","ph__20260809__SRA728025_SRS3454424__gene_topology_v1",20260809,"SRA728025_SRS3454424","gene_topology_v1",500,499,266,0,1.29995853455074e-07,TRUE,"ripserr","0.3.0","primary","","4eb0703fb37678630a87872b9f95b3d2955df577d5271914ae2ffc7881495d38","mv07h_ph_record_v1:16bbda924f35d921d60dc79606b33213fadd15b4f4b38919e280b07d8cd57bf7",12.6945374011993,595021824,30227,"c1670d899d29d3d39d35898853561c0e1a70a54cbfcae8d2c91595664240e25d","closed",FALSE
"mv07h_ph_metric_v1","ph__20260809__SRA728025_SRS3454425__cell_topology_v1",20260809,"SRA728025_SRS3454425","cell_topology_v1",384,383,250,0,1.23293913356335e-06,TRUE,"ripserr","0.3.0","primary","","7aa0c93f812d9b55d72e6d26ae26e3e53bb5a1c2db59ce58d845f5837935fc44","mv07h_ph_record_v1:fe91d7915726d2ecb8c901d0acde99a5bcb8f0ae1498ca1cb9bc9603f4c1d538",12.1698973178864,677486592,25591,"25e0aa756a9a3ae7b3a4255d0c18006916aa1cf3dee27ca97d360e32c9b7f00b","closed",FALSE
"mv07h_ph_metric_v1","ph__20260809__SRA728025_SRS3454425__gene_topology_v1",20260809,"SRA728025_SRS3454425","gene_topology_v1",500,499,364,0,1.29166345127266e-07,TRUE,"ripserr","0.3.0","primary","","afc059e3449b21418ebf305d55e659fe5ab25648bafe0a7ee58554efc835363f","mv07h_ph_record_v1:215304afe96820b35b74f30125e80a56bd42a19de3fa50857952693df66a44bd",12.4265141487122,594583552,33657,"f9b33f1c8aefebee12ca65622bacaf2b1f71951df30cf38d603eff0cbb23e0b5","closed",FALSE
"mv07h_ph_metric_v1","ph__20260809__SRA728025_SRS3454426__cell_topology_v1",20260809,"SRA728025_SRS3454426","cell_topology_v1",384,383,274,0,1.12853507591823e-06,TRUE,"ripserr","0.3.0","primary","","8e3b2c3cad55e7014bab6fb8290e00114c04951180517e3ab8f626a73a7282f3","mv07h_ph_record_v1:e9f2503f306738110c03ad3a91094543fff8c2a8c10576d20f8c6afc6d859b52",11.9727811813354,674967552,26431,"09654fd6748da4e62b6079f7849964fad613c49a64ea4a800e831577fbd01b04","closed",FALSE
"mv07h_ph_metric_v1","ph__20260809__SRA728025_SRS3454426__gene_topology_v1",20260809,"SRA728025_SRS3454426","gene_topology_v1",500,499,430,0,1.31493761342785e-07,TRUE,"ripserr","0.3.0","primary","","b23fd79c3b6785bde01b54de7a7082ca403371d44dcc4cc42a56da5e94c7f1bc","mv07h_ph_record_v1:963eec92f654581bc3f2332149bce5a8529b0ea7a7123bffd72b4245dd7ee4aa",12.2626852989197,595951616,35967,"685d0195fd4c361b620dd660e456e4991900abdf95f968bdcc2ad61dc4074b71","closed",FALSE
"mv07h_ph_metric_v1","ph__20260809__SRA728025_SRS3454427__cell_topology_v1",20260809,"SRA728025_SRS3454427","cell_topology_v1",384,383,283,0,1.16618042341733e-06,TRUE,"ripserr","0.3.0","primary","","586f1d6546a4e13f1da8147a9b5e2df0e869a2dee82ef655dbeb4bc48de790a5","mv07h_ph_record_v1:bed06bb542f09ad7af95544dcf0e913cdb490cb682f4bc37bce92113a1678cc6",12.7280647754669,581828608,26746,"a18bb5be216c84fedba3672ea7c80513ffac51d74b8139e8a806f0b7855c9f4f","closed",FALSE
"mv07h_ph_metric_v1","ph__20260809__SRA728025_SRS3454427__gene_topology_v1",20260809,"SRA728025_SRS3454427","gene_topology_v1",500,499,380,0,1.3142904992675e-07,TRUE,"ripserr","0.3.0","primary","","5661499ca7ebaea29a9a8f0bed73665a57648f27c3b3f3158096f5a5878a70b2","mv07h_ph_record_v1:0cfd7d696344f50f895de670f3bb0bccf5adbfb13aaae3a7c91d9d5339326d08",16.5996525287628,644710400,34217,"e2575fe782fd6f327ce72f019d8baa677f5a93bdf394fbab04c27069112d14f3","closed",FALSE
"mv07h_ph_metric_v1","ph__20260809__SRA728025_SRS3454428__cell_topology_v1",20260809,"SRA728025_SRS3454428","cell_topology_v1",384,383,279,0,1.15990042220194e-06,TRUE,"ripserr","0.3.0","primary","","825be8702d3f67107357fe549f6da23a1c33751b18cfb734adabbd390126b0f6","mv07h_ph_record_v1:7b733ef2aff46bbf7d22defd53f1456432e52445b1a265033a7fbb1755983354",12.4824788570404,671948800,26606,"3794eae11c1d4559f6c9e2344d9a481f14f4366adbc95420ef09999c27b0cf7e","closed",FALSE
"mv07h_ph_metric_v1","ph__20260809__SRA728025_SRS3454428__gene_topology_v1",20260809,"SRA728025_SRS3454428","gene_topology_v1",500,499,373,0,1.3027008604727e-07,TRUE,"ripserr","0.3.0","primary","","8a8ca0ca4500b5c0e45f404b4eaa937d5c74d3ffe08e5aafeb5d209e3f80c745","mv07h_ph_record_v1:283edcb015a19e9a522ab244282cb81b876cd071caa36dda61ce11b4102f4c2d",12.7186462879181,581890048,33972,"a2f0e8de91519ad7e19698170ff9171aa5ed33142dab7379bf9e39e7b6f3aef6","closed",FALSE
"mv07h_ph_metric_v1","ph__20260809__SRA728025_SRS3454430__cell_topology_v1",20260809,"SRA728025_SRS3454430","cell_topology_v1",384,383,278,0,9.37796544239288e-07,TRUE,"ripserr","0.3.0","primary","","6ff7c484f22b0d36b5f58663c182ec8f61081e37cc944209872a86131cc3f493","mv07h_ph_record_v1:52a8804422fd6f32b71e33feb238d91eb263b8e5ffcada4498ac69a6ba761c15",12.5448215007782,581705728,26571,"36d2ef1b5a27c76ff610fd32e6632e4e2eca5e7017d732def1a8f859dc6eea35","closed",FALSE
"mv07h_ph_metric_v1","ph__20260809__SRA728025_SRS3454430__gene_topology_v1",20260809,"SRA728025_SRS3454430","gene_topology_v1",500,499,277,0,1.30283011380458e-07,TRUE,"ripserr","0.3.0","primary","","abddc423806f5db4456f968be53c66eea80db6e2e7b5c6d08d31afb1787dbec3","mv07h_ph_record_v1:8b1f6b8c7e4a4172e2e48bdf697bcb4eb056567bf58a204370af1e07d146894c",12.7541167736053,620277760,30612,"667e9650791df601993879ea27cfe7321579da43c879f0878e10c2d662d6aaf1","closed",FALSE
"mv07h_ph_metric_v1","ph__20260809__SRA740174_SRS3548780__cell_topology_v1",20260809,"SRA740174_SRS3548780","cell_topology_v1",384,383,291,0,1.03701403597258e-06,TRUE,"ripserr","0.3.0","primary","","35009c1e6d55319d9cb30aafd0cce21e7fc31edbddd18fab27a8eca16b74d9db","mv07h_ph_record_v1:a615d0f587acda2ea243252eed42c11fa67f053c9a7a7950f8821542994765aa",12.4980685710907,613412864,27026,"c1ee1c694d7d3540e75e4ed9742e51b630d3ad3022f79ffc60181455236d022c","closed",FALSE
"mv07h_ph_metric_v1","ph__20260809__SRA740174_SRS3548780__gene_topology_v1",20260809,"SRA740174_SRS3548780","gene_topology_v1",500,499,781,0,1.30006923391373e-07,TRUE,"ripserr","0.3.0","primary","","7885436e4b9724615105b74c51900dbe717073d9025ce7bbfe9c146093df810c","mv07h_ph_record_v1:ed16617e3a3d81b5c26d73b88e733ed00fbc0780b9948eac54fb48aff23c6b03",12.3079986572266,641974272,48533,"f7e7e04457602b44f56af7460caf07329e04da42507583822bfbe7832470e359","closed",FALSE
"mv07h_ph_metric_v1","ph__20260809__SRA740174_SRS3548781__cell_topology_v1",20260809,"SRA740174_SRS3548781","cell_topology_v1",384,383,266,0,2.21286016713786e-06,TRUE,"ripserr","0.3.0","primary","","217920691e575cf2d35a80971f506895055a5128c0ab11564b51c9da414f3116","mv07h_ph_record_v1:8a823a9265fc641df2c717084037a02945498464033ac1b6234fa52c10199e6c",14.0471081733704,698454016,26151,"83fc1af786c7e923bec8befa72bbde12ff928f65f5db5d0aeeae4184cb219095","closed",FALSE
"mv07h_ph_metric_v1","ph__20260809__SRA740174_SRS3548781__gene_topology_v1",20260809,"SRA740174_SRS3548781","gene_topology_v1",500,499,490,0,1.29446408216549e-07,TRUE,"ripserr","0.3.0","primary","","b9cfa05273628c0ee134250d2e578764f979f7c31997cb70dce02b5ba037cbf3","mv07h_ph_record_v1:f23ed76fe0a0ab762b382e820c66a15a912039bf73f00a19a0f8c11d4c3a788a",12.2463698387146,582152192,38067,"8f1422f899024fd743e7594b4b16128c2e2bfb223a7214ab257b80968bbbb39f","closed",FALSE
"mv07h_ph_metric_v1","ph__20260809__SRA740174_SRS3548782__cell_topology_v1",20260809,"SRA740174_SRS3548782","cell_topology_v1",384,383,298,0,8.49015272380247e-07,TRUE,"ripserr","0.3.0","primary","","2f0557b564c6d4f115c7ce62259c39d0b92b612b471edd75e922df387fa31837","mv07h_ph_record_v1:893fe4f76cb2890ea26186e9f9b0c2b8348823ccbf8b0479d422e418141f11ab",12.2398617267609,583274496,27271,"d815bbc4c37e53236241a0620be4bd18b5ae1053e0558fcf5af07edda22d2333","closed",FALSE
"mv07h_ph_metric_v1","ph__20260809__SRA740174_SRS3548782__gene_topology_v1",20260809,"SRA740174_SRS3548782","gene_topology_v1",500,499,655,0,1.29918538448003e-07,TRUE,"ripserr","0.3.0","primary","","e8a732daf9442fec27c2a21c9df04b44775ae9388687088211e379ad1c466f78","mv07h_ph_record_v1:330ff059d10790f12a6c485644b653223b739a163d1335d2c45f4d7d5ebe1970",12.2463467121124,722636800,43997,"0cc88615a0ff749cce0c9679a5304de01462bb3d833ad65d09bf7501f1a80418","closed",FALSE
"mv07h_ph_metric_v1","ph__20260809__SRA740174_SRS3548783__cell_topology_v1",20260809,"SRA740174_SRS3548783","cell_topology_v1",384,383,261,0,1.17148323064169e-06,TRUE,"ripserr","0.3.0","primary","","062cf4763e72a41704be90086b5c4403c3ccc11566dbb3a2064979fd5d75f322","mv07h_ph_record_v1:3ef331805692c890d59953118eab93a12bdf9074bd89e684bc4d394a55b669e6",11.750440120697,680181760,25976,"edd3af72f8f762a851cfdb39c8b773d0fe51b2d24ae188266a6d2555970f33f1","closed",FALSE
"mv07h_ph_metric_v1","ph__20260809__SRA740174_SRS3548783__gene_topology_v1",20260809,"SRA740174_SRS3548783","gene_topology_v1",500,499,509,0,1.29653456850605e-07,TRUE,"ripserr","0.3.0","primary","","2d8d42fcc154e2bffcc0a0002e881203214227b692c83520887e7b4ed3bec4a4","mv07h_ph_record_v1:42feb25ad1c07c39f92d9230f3e9a5ab43d7775d647759281ed95f8382013b0b",12.7705850601196,582033408,38741,"026dc6eeb575554a42420b9ca65325a412ebfb22d3b2bcdfc5814f99a0432505","closed",FALSE
"mv07h_ph_metric_v1","ph__20260809__SRA742961_SRS3565195__cell_topology_v1",20260809,"SRA742961_SRS3565195","cell_topology_v1",384,383,358,0,9.1749056868274e-07,TRUE,"ripserr","0.3.0","primary","","27174e6afe96231e7f4fd82d520384f0d789a862a5cb282bb9fde1f07df7ae90","mv07h_ph_record_v1:4204a6f000feb2f38a31a1f048a482667b430ee073629086bcd5bf415a16c339",13.0893933773041,624173056,29371,"4d4467b45398985019f1dc35098718ffcadbe55cab5000e8246c804e9d104e62","closed",FALSE
"mv07h_ph_metric_v1","ph__20260809__SRA742961_SRS3565195__gene_topology_v1",20260809,"SRA742961_SRS3565195","gene_topology_v1",500,499,1292,0,1.31198091110586e-07,TRUE,"ripserr","0.3.0","primary","","c458a8ce0e95a7915eec96ead36940781d1b3a169869341715809b81c415b100","mv07h_ph_record_v1:3f0b0f095ad5494a69e52b6cc5a40c78e8597eeda4f7163b4ddf029e37fa075c",13.3205766677856,716808192,66929,"683a2f80bb6ecdb628aded2d2021b0e264dfff594f904330a7d8939627bb075e","closed",FALSE
"mv07h_ph_metric_v1","ph__20260809__SRA742961_SRS3565196__cell_topology_v1",20260809,"SRA742961_SRS3565196","cell_topology_v1",384,383,414,0,8.78534268232937e-07,TRUE,"ripserr","0.3.0","primary","","21c0248922e2d55b04c672223c65d1fccc4d4bae1ab33c3e38345560145b43d7","mv07h_ph_record_v1:ae20f9f79a0eace4e1dce8633b3d2ec6df4c587b5a1936d8a1a6166bda21852d",13.050594329834,639725568,31331,"4ee618dba04406fa471a86608345057fb5e4272ff8fc0ee6ee61acff27f8d5e4","closed",FALSE
"mv07h_ph_metric_v1","ph__20260809__SRA742961_SRS3565196__gene_topology_v1",20260809,"SRA742961_SRS3565196","gene_topology_v1",500,499,1667,0,1.31791101861873e-07,TRUE,"ripserr","0.3.0","primary","","8c5717603bb6ecc410f9c43dcf8a4fc4d26fa53ba3e5e88ae2268939ca74bbab","mv07h_ph_record_v1:95a859a890ca4aad0ff0ff672babb0ddb0927c17842ed456d51ee9ca866edfe8",13.3741388320923,583925760,80429,"38bdb82f86652f3e69dbb7f88798e8f3b405949aeb81b3bd7a8315f4bb3cee6e","closed",FALSE
"mv07h_ph_metric_v1","ph__20260809__SRA742961_SRS3565197__cell_topology_v1",20260809,"SRA742961_SRS3565197","cell_topology_v1",384,383,412,0,8.92733478182634e-07,TRUE,"ripserr","0.3.0","primary","","a93890f1031bd4774274ca17d0f8d2cbdff1584edfe6c531a5249ce09b093c20","mv07h_ph_record_v1:dbfced4880e8775f95b36b38b3445ad7dc5bc4a0f09a8221581847c1a8955b6c",12.7954745292664,581869568,31261,"10ee0b5b5a0b208c66fdecb25fcaa55088fc90748f7f55abfe2e2eececf7c1ac","closed",FALSE
"mv07h_ph_metric_v1","ph__20260809__SRA742961_SRS3565197__gene_topology_v1",20260809,"SRA742961_SRS3565197","gene_topology_v1",500,499,1638,0,1.31471177137334e-07,TRUE,"ripserr","0.3.0","primary","","2df316ac7165c761d28285b5614c4948b13e59c0872f4ed81f4165308d47b5fb","mv07h_ph_record_v1:55c7ef81c0abfad5f6a5b5568fbccf7bde937d8cd735d1adf82bbbe4e2195084",13.0421304702759,647217152,79385,"4b39f65b2085ca9e63bdfe0db89f3adde6ced5a6ea4e1c4f3f668fb3f73a4e42","closed",FALSE
"mv07h_ph_metric_v1","ph__20260809__SRA742961_SRS3565198__cell_topology_v1",20260809,"SRA742961_SRS3565198","cell_topology_v1",384,383,375,0,9.22133967927801e-07,TRUE,"ripserr","0.3.0","primary","","5f3cf5ce0582cad2e3f57eb0f4cbb0cb5d58ef855d30a8e66547c27e9b19ff74","mv07h_ph_record_v1:a4a0e19eee8cd1a3965ece06ccb71d27a63564dac4f85a83863b988a7696f139",12.5635230541229,677634048,29966,"d1ae4ba740683af97ca2826b897f994b704911357e3b8e75dc882875a5a3a4c3","closed",FALSE
"mv07h_ph_metric_v1","ph__20260809__SRA742961_SRS3565198__gene_topology_v1",20260809,"SRA742961_SRS3565198","gene_topology_v1",500,499,1602,0,1.31133810059098e-07,TRUE,"ripserr","0.3.0","primary","","c14ada4b06fdebe0486faa6affb4b6a208344a9ecf9e85c87235cce08404ef17","mv07h_ph_record_v1:7ca6de93f95d6c5d916751b44079b0bfe2c144a69ba76769cd030b015ff0d632",13.0462970733643,676859904,78089,"98834fc77e76e4220891a0eb0e866f2002e23eaea03cf1f105585932b477814e","closed",FALSE
"mv07h_ph_metric_v1","ph__20260809__SRA742961_SRS3565199__cell_topology_v1",20260809,"SRA742961_SRS3565199","cell_topology_v1",384,383,366,0,8.00750631236805e-07,TRUE,"ripserr","0.3.0","primary","","511c42d29234d0d52ebf2e15b8602d71a2da715336f387dda8b63d3f761801c4","mv07h_ph_record_v1:37f695f4fd044cf385c1f359cda90812086a5188ec7dfb72cd911f038f040f33",12.8239181041718,581648384,29651,"06927fd7f41cc4edd68120190939076ca43f162e6ba7eda2b56431b15f518363","closed",FALSE
"mv07h_ph_metric_v1","ph__20260809__SRA742961_SRS3565199__gene_topology_v1",20260809,"SRA742961_SRS3565199","gene_topology_v1",500,499,1518,0,1.30819988700189e-07,TRUE,"ripserr","0.3.0","primary","","83acc005efcd5f7e6f81ae7a7a51e0c5209b5bd7208e572b5c14bff3d4cfe5d2","mv07h_ph_record_v1:e9f42f1029dddae695a918cd0085a4abaf707d6f9a6aba97ec2a37cd68d63d5c",13.9045212268829,647766016,75065,"d6755758afd8aff34a0f412a7ee7787b7780f026e7e6143c43d67b051d19a85b","closed",FALSE
"mv07h_ph_metric_v1","ph__20260809__SRA742961_SRS3565201__cell_topology_v1",20260809,"SRA742961_SRS3565201","cell_topology_v1",384,383,435,0,8.22114563000841e-07,TRUE,"ripserr","0.3.0","primary","","eb09ae3f2604cc5a08c9a2624b21845008594e45a9376aa7d61cccf25c07d4d7","mv07h_ph_record_v1:11925bebe9a1467e50e0ab6afef2bc074c63a12f15a5b4c1e646eb3800b32831",12.307229757309,581894144,32066,"20a7b988ca0a55304a17a1868bec627521308ed5ebe103a083ffafb4a53febea","closed",FALSE
"mv07h_ph_metric_v1","ph__20260809__SRA742961_SRS3565201__gene_topology_v1",20260809,"SRA742961_SRS3565201","gene_topology_v1",500,499,1938,0,1.31356829903961e-07,TRUE,"ripserr","0.3.0","primary","","fde078fab1a3a686d4ab4d372737be5bb58edae3cfd5525be90b2b7a76a704a0","mv07h_ph_record_v1:c0126d2d5dbac10b47e557397b109cb08955f062839309832f6f07153128a0d6",13.0929672718048,582307840,90185,"175f1912f4226b000b1a4c05ee0a3f19529fcd021ebed443997c9761a46225d0","closed",FALSE
"mv07h_ph_metric_v1","ph__20260809__SRA742961_SRS3565202__cell_topology_v1",20260809,"SRA742961_SRS3565202","cell_topology_v1",384,383,327,0,1.084318132236e-06,TRUE,"ripserr","0.3.0","primary","","4e50fd53189aec3d3113bbf10dd49181759f45573b01875a953cab0c141c73a1","mv07h_ph_record_v1:8a5d9ca7aa5bee7cbe8befbf00cfb7223234cb7ff6b3c9e072a91d74d8ad7e14",12.5931522846222,582041600,28286,"dfb90e84df02039552e8ca153643e96cc5eb0da478b9f80efff625398503714b","closed",FALSE
"mv07h_ph_metric_v1","ph__20260809__SRA742961_SRS3565202__gene_topology_v1",20260809,"SRA742961_SRS3565202","gene_topology_v1",500,499,1213,0,1.31374223557421e-07,TRUE,"ripserr","0.3.0","primary","","84de4400aad012a6ae4f9d5bb232d65fbe1b2a7927180da83c47e174b99ff60e","mv07h_ph_record_v1:6ddb84b05fc8b9408d7142408ec1f57a9fbc9d4d583faca7274ad296f2730156",12.912859916687,628604928,64085,"b2ec4a753eb7d56f99e21bb6256ac16471fcad652c6e9a72b160436062cc7a28","closed",FALSE
"mv07h_ph_metric_v1","ph__20260809__SRA742961_SRS3565203__cell_topology_v1",20260809,"SRA742961_SRS3565203","cell_topology_v1",384,383,402,0,9.12194286109852e-07,TRUE,"ripserr","0.3.0","primary","","b7f42665058adff40b86d9d394a225c7e8f7a6fbd1e238041400ad735990b7cf","mv07h_ph_record_v1:d968e24fa6a60beaeacb1017c3c10dc0fd94a7ee1cf1f89a20647590e8ca78ba",12.8183481693268,583798784,30911,"5031e23f72d6dd04d56b408f38d90dd99406488d6668a5e7bdd557097f38533f","closed",FALSE
"mv07h_ph_metric_v1","ph__20260809__SRA742961_SRS3565203__gene_topology_v1",20260809,"SRA742961_SRS3565203","gene_topology_v1",500,499,2143,0,1.31895709238291e-07,TRUE,"ripserr","0.3.0","primary","","6802620d762c78d47cc93614e664302d742644bf3f999144744441f661aa6a61","mv07h_ph_record_v1:3730ef70de614c5ab741db8cbdbc4ad753950f1d56cc8c64a59af3bdb0cfa231",13.3558282852173,669884416,97565,"0f2a5db744da45096a5eabc09917e8963c075594c9184a8f94079a1585f2ef12","closed",FALSE
"mv07h_ph_metric_v1","ph__20260809__SRA742961_SRS3565204__cell_topology_v1",20260809,"SRA742961_SRS3565204","cell_topology_v1",384,383,420,0,1.04216496214765e-06,TRUE,"ripserr","0.3.0","primary","","e617d950dcb5427ae830c234bc2c2710fbf400b5c4af22020492e5517d922ab0","mv07h_ph_record_v1:1fcb12ec5f779e2ac95aa3bfd7e0bed5fe6007229dc26680a808372193cbd823",12.6908874511719,628207616,31541,"3e33d909051ed65ddb3be8f160819651d7963e59582e0e8bed7e1ee4e1998dde","closed",FALSE
"mv07h_ph_metric_v1","ph__20260809__SRA742961_SRS3565204__gene_topology_v1",20260809,"SRA742961_SRS3565204","gene_topology_v1",500,499,1508,0,1.30730910189869e-07,TRUE,"ripserr","0.3.0","primary","","8be9645ab473fd97a55ff52051ab9a63db710ecbfd370b82688fbed16c3d92cd","mv07h_ph_record_v1:0a79802fe5a5aabbfc257ba0e9999b8f11c51730c7c6d2ae12daf5482aa63b3c",13.2060170173645,693506048,74705,"9f195b2bf6a1ffb01106dba4e126149a35f84a0c5e1b719bef237e76599245d3","closed",FALSE
"mv07h_ph_metric_v1","ph__20260809__SRA742961_SRS3565205__cell_topology_v1",20260809,"SRA742961_SRS3565205","cell_topology_v1",384,383,376,0,1.2318052329867e-06,TRUE,"ripserr","0.3.0","primary","","d633c185f1dbc83436520c33ba09c0641db1bd769b6f740bed25530f6ed6009b","mv07h_ph_record_v1:b5ff1f04c16840735a26762a4f92798d47c672df62ef0684bd9ad57a8fa8a86b",12.1873607635498,581943296,30001,"e5dcf34adde8d6a679955181b579de81dcb759de643509772c54864f6ce628b1","closed",FALSE
"mv07h_ph_metric_v1","ph__20260809__SRA742961_SRS3565205__gene_topology_v1",20260809,"SRA742961_SRS3565205","gene_topology_v1",500,499,2134,0,1.3115040241711e-07,TRUE,"ripserr","0.3.0","primary","","a81c8be314c467c0b7a669a8b465b72e9081f2a49a95387e32fdd28730ed65a3","mv07h_ph_record_v1:9b694e121529fc517e101d53f51a33cffc3303bae36069ebb7ad8c5088581fea",13.2052760124207,586997760,97241,"7c062f6e898630482713ead481529c51ced65ffd4db6327121b5d75d6e1ca541","closed",FALSE
"mv07h_ph_metric_v1","ph__20260809__SRA742961_SRS3565206__cell_topology_v1",20260809,"SRA742961_SRS3565206","cell_topology_v1",384,383,441,0,9.78477734297567e-07,TRUE,"ripserr","0.3.0","primary","","815ad9cb538d74c4aed1970409bbef8032c105f1ab5fd08fef378ebe159512d0","mv07h_ph_record_v1:4fd12dc57a7064905d11298d5401cddafc949dd4a40a2f7984c4f09ac16667c8",15.023021697998,651251712,32276,"78e39e37907d1cb6df9950d4a6f591c63aaa9b85db1fda7596eb5ff9554ae8d2","closed",FALSE
"mv07h_ph_metric_v1","ph__20260809__SRA742961_SRS3565206__gene_topology_v1",20260809,"SRA742961_SRS3565206","gene_topology_v1",500,499,2149,0,1.31306478111199e-07,TRUE,"ripserr","0.3.0","primary","","b168c620905c1c34dbf1a077dd1871c788bf629e9f32fbd9fbf6519f00e0bf8e","mv07h_ph_record_v1:2081d8f643429c2ce603cdf68d8945c5e04f98d5f61fcc44b711e9f0f993e1d7",13.0485036373138,677863424,97781,"b43cae3b46a29f06ff51a66857142c790483b78748dfb41c98b09f59e83eae69","closed",FALSE
"mv07h_ph_metric_v1","ph__20260809__SRA742961_SRS3565207__cell_topology_v1",20260809,"SRA742961_SRS3565207","cell_topology_v1",384,383,376,0,1.05921374099703e-06,TRUE,"ripserr","0.3.0","primary","","a9b62a0d287770a9087ef3f88702ffe5661a35fa9f781a91c6159d04da41386c","mv07h_ph_record_v1:6daa04ee92433d7bf16808094bfd7d407c2ad206970f8cfac774728d6a4e0d95",12.2201173305511,662265856,30001,"cfd6cd52f30fd400e0d990b12d792eb09186e12a6e8b84b4f3db48c7729fe0c9","closed",FALSE
"mv07h_ph_metric_v1","ph__20260809__SRA742961_SRS3565207__gene_topology_v1",20260809,"SRA742961_SRS3565207","gene_topology_v1",500,499,1844,0,1.30977645925032e-07,TRUE,"ripserr","0.3.0","primary","","cb57826cf57fc81483729c03da054e6794f97d4c067783b294c66058077e7f9f","mv07h_ph_record_v1:de47a9768c0cbc215f2bdec38ae17f48971883bde450a1ba585fb6c9849f7f20",12.5454051494598,709500928,86801,"767c16b7325d9e12c09e7976629739a87d4e7dd40941696ea0a4db774cc5bff3","closed",FALSE
"mv07h_ph_metric_v1","ph__20260809__SRA742961_SRS3565208__cell_topology_v1",20260809,"SRA742961_SRS3565208","cell_topology_v1",384,383,389,0,7.62904573503341e-07,TRUE,"ripserr","0.3.0","primary","","20ef6d616f1203790ff1f6ef810372edf9f7efddf006857d0b41b40672c708ad","mv07h_ph_record_v1:8edfd689995e69cffb16876c6cddaf985c77be5618e337c0d622a1ff7560c5a2",12.7203912734985,581828608,30456,"6c2a25d2e5d77478974f3d1d82f62c1e56020d461bb81fbbd025647b428cf9c9","closed",FALSE
"mv07h_ph_metric_v1","ph__20260809__SRA742961_SRS3565208__gene_topology_v1",20260809,"SRA742961_SRS3565208","gene_topology_v1",500,499,2105,0,1.30885055842387e-07,TRUE,"ripserr","0.3.0","primary","","886d75b1d98ac773f7ea26ecc40ed275789945dc274d1852dc61cae0b6cae896","mv07h_ph_record_v1:2edcf7ce5d8ae635fc6d3908cae8eef736be6bcb975cc65925d279496cb9a025",12.995570898056,622424064,96197,"e8a6bdf68c2e36fdf5128e6de7738ae751fb729659948e3d41f49732cb02800d","closed",FALSE
"mv07h_ph_metric_v1","ph__20260809__SRA742961_SRS3565209__cell_topology_v1",20260809,"SRA742961_SRS3565209","cell_topology_v1",384,383,380,0,9.09858091283905e-07,TRUE,"ripserr","0.3.0","primary","","32f3b807804d949f488aa194a92b8d0d16b97176acbcaeac4e0bd383ebf88913","mv07h_ph_record_v1:89e87d4a3abc75558b3b62aee852beba48c49edeb72eba42ac84efaaa100a86e",12.7206749916077,581701632,30141,"ba0dd7a04a1019a8a94cb827de7e185614b7f50e5215df72d8ab9506447897ed","closed",FALSE
"mv07h_ph_metric_v1","ph__20260809__SRA742961_SRS3565209__gene_topology_v1",20260809,"SRA742961_SRS3565209","gene_topology_v1",500,499,2178,0,1.31897138388705e-07,TRUE,"ripserr","0.3.0","primary","","33ff414ab0a7ef72e018dba23df4cdda3da04d079d4ff9becc027951d6e9b715","mv07h_ph_record_v1:19744f724e81459ff2da31163f34dd6ec2d5096bc7b6bc7a51fefabf17898101",13.3109629154205,601579520,98825,"0527c6b9a9a45a3934acff6e1ee9500db89280c960ae645007807ff4cc5ffcbe","closed",FALSE
"mv07h_ph_metric_v1","ph__20260809__SRA742961_SRS3565210__cell_topology_v1",20260809,"SRA742961_SRS3565210","cell_topology_v1",384,383,323,0,1.15455052386316e-06,TRUE,"ripserr","0.3.0","primary","","4db7723ac19dbd10c44be1fe13456540e6ddb4708d5f2565c425adb019afffa7","mv07h_ph_record_v1:c1a132b093d9cd2cbb56b3b2b31dc5b3c98a58d2e11a6203b23b8f424006193b",12.5142250061035,581816320,28146,"605092ff81b1becf5959f3653246e05dd4044d1cd405b0b16df997f87a4e9a16","closed",FALSE
"mv07h_ph_metric_v1","ph__20260809__SRA742961_SRS3565210__gene_topology_v1",20260809,"SRA742961_SRS3565210","gene_topology_v1",500,499,1128,0,1.3024539829695e-07,TRUE,"ripserr","0.3.0","primary","","4e87d78aee214d8ba0d1b94c94fd83598486297da7cb63cf0249887491720691","mv07h_ph_record_v1:282a356d613841340fb9d765c3bbfb175f29e282d3ab2f8e27e222576927dd0d",13.0546891689301,660914176,61025,"27a5a86f7b02216597a11573db8b5af937c7faa304c37b900bae1091e03c0f74","closed",FALSE
"mv07h_ph_metric_v1","ph__20260809__SRA742961_SRS3565211__cell_topology_v1",20260809,"SRA742961_SRS3565211","cell_topology_v1",384,383,416,0,1.17460749561363e-06,TRUE,"ripserr","0.3.0","primary","","b01093141085d5f685c7f33bfb580a4bce5c6d786896a4cd273bc8f87a8c5c03","mv07h_ph_record_v1:b6d5ae5b5a3678cff5e22e854b444802254a4a6a327c77687216b378c9ac151b",12.515732049942,708055040,31401,"9e0b9ba39eb3e54b42fd0faaeafb6ecf61dcada7551af45747c7083ba414d2ad","closed",FALSE
"mv07h_ph_metric_v1","ph__20260809__SRA742961_SRS3565211__gene_topology_v1",20260809,"SRA742961_SRS3565211","gene_topology_v1",500,499,1732,0,1.31093270590901e-07,TRUE,"ripserr","0.3.0","primary","","0e72f296740cb754d2cfed4dc16759481b5be73923fa17fe3ee04cbe71f39fdd","mv07h_ph_record_v1:6bed0b60e18d3edf81d6ef2520af7eeb33c1ab1b1c4747bae8fa59e154ffe506",12.7902636528015,580280320,82769,"dd131dd531c516e096caebdd649fc676d5b17498583a4e1c6b9a3a0bfd452260","closed",FALSE
"mv07h_ph_metric_v1","ph__20260809__SRA749327_SRS3693910__cell_topology_v1",20260809,"SRA749327_SRS3693910","cell_topology_v1",384,383,341,0,8.79410913308647e-07,TRUE,"ripserr","0.3.0","primary","","a11be10102bc747c5931e36a26a918f412078aebbbe104fb6f8ed6df50ba97f0","mv07h_ph_record_v1:ffb39cdd9bfcd2197dfb2d643d9dc3c7b24df15be42caa5608067fdef4fdbd4f",12.4922807216644,635215872,28776,"b107fd8faa5136170a38822c5b6c0ee198b37964b431550c8b74f78c158e869f","closed",FALSE
"mv07h_ph_metric_v1","ph__20260809__SRA749327_SRS3693910__gene_topology_v1",20260809,"SRA749327_SRS3693910","gene_topology_v1",500,499,1611,0,1.32467251064032e-07,TRUE,"ripserr","0.3.0","primary","","4709aeca6eafb239064a39991e0f9a4282f174d70eb6ec40630b079a8e94b454","mv07h_ph_record_v1:5f3f2d8aa981f70a0272bda63a1df03fa1d447842096027c134e08e307ef2e9e",13.032915353775,583815168,78413,"35d41f1922c1879e8a396de57b9528e40569c4865c6fe0eb0bfedacbae374073","closed",FALSE
"mv07h_ph_metric_v1","ph__20260809__SRA749327_SRS3693911__cell_topology_v1",20260809,"SRA749327_SRS3693911","cell_topology_v1",384,383,352,0,7.4705765398685e-07,TRUE,"ripserr","0.3.0","primary","","b9beaf80239895d4e14835a84958f0ef19c6398cf7bdf0e77a5c3447eabdfe4b","mv07h_ph_record_v1:bf3e52f696def4a58193850f5740183b150cdb2e2601432caf7cb73492c19065",12.5634143352509,624123904,29161,"32a5d7fc78ea10337515569bffb2cfaab3ae11aa9541088ac63a176a195f434d","closed",FALSE
"mv07h_ph_metric_v1","ph__20260809__SRA749327_SRS3693911__gene_topology_v1",20260809,"SRA749327_SRS3693911","gene_topology_v1",500,499,1458,0,1.31233921815701e-07,TRUE,"ripserr","0.3.0","primary","","bfc383f03fd9d81f47c14ab695ce20bc73d3a1824a76d4b0cc785a5bc38bc9fe","mv07h_ph_record_v1:97046615fd33eb13ed6202a9609137bea1c523534f1268d229bed539bf2d4c23",12.797126531601,590950400,72905,"662a9f0f7aa6e764d0db970f571a7be30d762ee0aa82408ad0ea79bce2109a7a","closed",FALSE
"mv07h_ph_metric_v1","ph__20260809__SRA749327_SRS3693912__cell_topology_v1",20260809,"SRA749327_SRS3693912","cell_topology_v1",384,383,363,0,7.2211580492891e-07,TRUE,"ripserr","0.3.0","primary","","843622a5f655d7e4eadf20e36a30589829bb8c4e8d4b57b679fe572f329da7fb","mv07h_ph_record_v1:7e2859580cc1fad22aae50e9ff197eb78c8eb34ceec6523826293571bdddf0f6",12.5108478069305,596021248,29546,"f1c98c8d33d4c2769a7c43441bf3018918ede2e9fcae0f49876f0a8001674405","closed",FALSE
"mv07h_ph_metric_v1","ph__20260809__SRA749327_SRS3693912__gene_topology_v1",20260809,"SRA749327_SRS3693912","gene_topology_v1",500,499,1645,0,1.31731279866484e-07,TRUE,"ripserr","0.3.0","primary","","c9927021081d725f019d79949758a49ecd8e7dd2597db5ea87751bb24b2fe983","mv07h_ph_record_v1:587cef001689c83a33d27eebdb203198f735c47b0703f5956bb4210bfd0e5aa4",12.7857542037964,579756032,79637,"a683be9396a1eaecb58372bac4af21c6bea64ebad56b180568f4e0482a66dda0","closed",FALSE
"mv07h_ph_metric_v1","ph__20260809__SRA749327_SRS3693913__cell_topology_v1",20260809,"SRA749327_SRS3693913","cell_topology_v1",384,383,362,0,5.59702878401e-07,TRUE,"ripserr","0.3.0","primary","","876c071d7c5b1189071b460dc309e9ee621486434ce81b27ec77da8c7a9462b7","mv07h_ph_record_v1:24e915601b5f4dd3972f928166946890c6f2db1c6f7507ebcc9cc09ec6a7a3a7",12.5191242694855,661704704,29511,"ffa547a7c65c135c8d22e01af149315b643547b624cfb0a5e82ebda5e29805b5","closed",FALSE
"mv07h_ph_metric_v1","ph__20260809__SRA749327_SRS3693913__gene_topology_v1",20260809,"SRA749327_SRS3693913","gene_topology_v1",500,499,1727,0,1.32969628139766e-07,TRUE,"ripserr","0.3.0","primary","","41a1fe269c6c63a3c073ae18dd19a64743eae0a28a83a940c6ce41a3d2333bab","mv07h_ph_record_v1:ada2d5e6342db00dc6bff3306a1a2c891d714db27dae7810d3b7b9a0d8cc2331",13.1125144958496,593334272,82589,"69f8c0de184efa8147c7ffd16944e951b8481c530de01619b14f4adcd4f879cf","closed",FALSE
"mv07h_ph_metric_v1","ph__20260809__SRA760933_SRS3693061__cell_topology_v1",20260809,"SRA760933_SRS3693061","cell_topology_v1",384,383,292,0,1.08884933091443e-06,TRUE,"ripserr","0.3.0","primary","","7cf18645913392c2c6f906c5725f63ab80cbd8c68ef451a393931e16819f25a4","mv07h_ph_record_v1:58598aec5610a402abcb18e399c198ba3caef041fa77ac9e26f8f3f82dfa2662",13.1420233249664,629030912,27061,"62ef6c86724e36300089d162dffdde2a35c7c9c063781bb7aa6a62287ccf4490","closed",FALSE
"mv07h_ph_metric_v1","ph__20260809__SRA760933_SRS3693061__gene_topology_v1",20260809,"SRA760933_SRS3693061","gene_topology_v1",500,499,499,0,1.31975582684459e-07,TRUE,"ripserr","0.3.0","primary","","314785c01e5cc2d9f4b6061ebebebbb28868160854f0d4c4f42232e1b65f8ba2","mv07h_ph_record_v1:e88254b2a3621f932cbd3612df02c15e8e416202fb3a1d437f3aac6865e05b7e",12.5196416378021,581844992,38382,"de4905d6fb2fc28a83d9a4a657983915e7a4c2b609fc309435b7fe3199c397bb","closed",FALSE
"mv07h_ph_metric_v1","ph__20260809__SRA779509_SRS3805245__cell_topology_v1",20260809,"SRA779509_SRS3805245","cell_topology_v1",384,383,289,0,1.17233691658298e-06,TRUE,"ripserr","0.3.0","primary","","4c8b7c84b1741c7acff098c2e41a2b83677e726a0899d0c86be3d3b160a500a2","mv07h_ph_record_v1:1764aea2c57beb0e08dc4c40c140085d3fb9015883c4ed30beb1cb263904009c",12.5190398693085,577646592,26956,"9b0703bb4c98497bd61f9e2091a4a5fc14839d1694e0f55f4f07c225bb4f4ac3","closed",FALSE
"mv07h_ph_metric_v1","ph__20260809__SRA779509_SRS3805245__gene_topology_v1",20260809,"SRA779509_SRS3805245","gene_topology_v1",500,499,612,0,1.31376499368455e-07,TRUE,"ripserr","0.3.0","primary","","deaf437f23a79f44d42dc561b46fa5c2d4ea042ea2d89391b3268622a3ba0025","mv07h_ph_record_v1:009d80e6ca05c1780d218dd99fabe218643f1b8710430216bf25b70aea245288",13.1193842887878,580272128,42449,"6c00adbcd6b2ba0bf3f3b1214fef234a9b9297b710688211edf4db707d5c0874","closed",FALSE
"mv07h_ph_metric_v1","ph__20260809__SRA779509_SRS3805246__cell_topology_v1",20260809,"SRA779509_SRS3805246","cell_topology_v1",384,383,351,0,7.02641499631765e-07,TRUE,"ripserr","0.3.0","primary","","33ec828e9978674ece0a32d59e38554048aab34aea8e7b97420016026a20461b","mv07h_ph_record_v1:2bbc6bd4211fac730b5bffb11140b98401a84fd1728d2e85dc042ed2aec445f7",13.0688471794128,585224192,29126,"b888f318ee02c3568ff566c5ab6685391b5fbde469ec239cccc5148ffbebc7f3","closed",FALSE
"mv07h_ph_metric_v1","ph__20260809__SRA779509_SRS3805246__gene_topology_v1",20260809,"SRA779509_SRS3805246","gene_topology_v1",500,499,1014,0,1.31982067324256e-07,TRUE,"ripserr","0.3.0","primary","","67852fcc60bf85053c348c58b4ef5b94fa63a5c715322850fd32d73faf11c9e9","mv07h_ph_record_v1:d859776bf579f842ed5633008dd5a51268694ad6363f5ae00207f4be17b85093",13.1697986125946,685187072,56921,"f97c8f47b832080cf2505980e7363e8a347f556dea1cf0deed15e4c6900c1589","closed",FALSE
"mv07h_ph_metric_v1","ph__20260809__SRA779509_SRS3805247__cell_topology_v1",20260809,"SRA779509_SRS3805247","cell_topology_v1",384,383,361,0,6.61795562765988e-07,TRUE,"ripserr","0.3.0","primary","","6469694922311fa186a9f3ad409a43c976722611148627aa957c2b1ff12d0075","mv07h_ph_record_v1:4a9b696020543d325653e4f546c0b35d220c313d9f2818fbe0719519bda6bba3",12.6001789569855,701915136,29476,"7d8e1755a8bb109e7e13deb4c67582c8fd31b997ad7a50043376b12c1db8a3f9","closed",FALSE
"mv07h_ph_metric_v1","ph__20260809__SRA779509_SRS3805247__gene_topology_v1",20260809,"SRA779509_SRS3805247","gene_topology_v1",500,499,1102,0,1.30958470949766e-07,TRUE,"ripserr","0.3.0","primary","","4996228658edfbea3658fac19d73a1950e69d6c82c39b289ef021314fdacd03b","mv07h_ph_record_v1:3958970cd21b44d3433f48ffbe0190341c4b1ee75614f705272a2fa1c76176ad",13.0636024475098,657559552,60089,"8d1176bf72cf7ce1f2819fc8f02a008b9ee9d6bfa35fff410392d52f9553adf8","closed",FALSE
"mv07h_ph_metric_v1","ph__20260809__SRA779509_SRS3805248__cell_topology_v1",20260809,"SRA779509_SRS3805248","cell_topology_v1",384,383,325,0,6.66246622604525e-07,TRUE,"ripserr","0.3.0","primary","","07066ac79faa8476bea2368ce444bd10121f7f48f58d186d80af9a488c10730e","mv07h_ph_record_v1:d07e8f502bc7558185dd83a9af6abf485064db49cd00bfd5bafc31ad7a028707",12.3893721103668,577482752,28216,"1443b8787c9067ce8f7cf87370d2a13c681c50ec0c4a90b6b422346b2cedda23","closed",FALSE
"mv07h_ph_metric_v1","ph__20260809__SRA779509_SRS3805248__gene_topology_v1",20260809,"SRA779509_SRS3805248","gene_topology_v1",500,499,1076,0,1.31850865872201e-07,TRUE,"ripserr","0.3.0","primary","","32888c6541c07151861cba816558816507879059d5a6323fb838c56e2aaba1df","mv07h_ph_record_v1:cb5718752101249074d29d477abff46bec60f562520be382de8aa53363670f95",13.8984622955322,608882688,59153,"c1ca33c1f0946f6091b8c4caf1266263037ce726820a4f706a04e02fc3924b5c","closed",FALSE
"mv07h_ph_metric_v1","ph__20260809__SRA779509_SRS3805249__cell_topology_v1",20260809,"SRA779509_SRS3805249","cell_topology_v1",384,383,332,0,7.56859453923394e-07,TRUE,"ripserr","0.3.0","primary","","9efc43c0eba5d7c74c5ca31954e5b2ea4c12f5b90656b24743f235af29835965","mv07h_ph_record_v1:146f4559218c66cf6678c1f3cf0b7120fa31d35b89e317c7395a410473e53bc4",12.5771048069,634306560,28461,"4af66cf9b60402a8164b2b3bad71413550125c81c1384962ec074da38f663b18","closed",FALSE
"mv07h_ph_metric_v1","ph__20260809__SRA779509_SRS3805249__gene_topology_v1",20260809,"SRA779509_SRS3805249","gene_topology_v1",500,499,1546,0,1.32135264504088e-07,TRUE,"ripserr","0.3.0","primary","","80e0f40ef3d1352a2f5c1b45c0daa47f4079ab4dabb1e366190792df4bf1019a","mv07h_ph_record_v1:99fe9fd019ce6c2442faec433318040945373072962b161d9e253b81990b831e",12.8807983398438,590286848,76073,"5be4c5ffbb42e0ba3465f7f52312980a7b7c1dda5231bc74c9bbf59fb880f2e6","closed",FALSE
"mv07h_ph_metric_v1","ph__20260809__SRA779509_SRS3805250__cell_topology_v1",20260809,"SRA779509_SRS3805250","cell_topology_v1",384,383,307,0,7.71512464814438e-07,TRUE,"ripserr","0.3.0","primary","","57e19d644214b30613bd430b80244d568722cb116aee08eac5924c8743c697dd","mv07h_ph_record_v1:f3b9e893c7ee89be4121d2320c978d114cc25d6015ed3ddde877a4bd43f28d29",13.3762981891632,666992640,27586,"f5046ae3ad349890668d304d323aa9516a2ec63a6bab12cf8a960da2fe0f80eb","closed",FALSE
"mv07h_ph_metric_v1","ph__20260809__SRA779509_SRS3805250__gene_topology_v1",20260809,"SRA779509_SRS3805250","gene_topology_v1",500,499,953,0,1.30478142996694e-07,TRUE,"ripserr","0.3.0","primary","","91160393984fcf39dce27f7e00d5b5086adafe9cc6a65897b5ef93da3523319f","mv07h_ph_record_v1:40316acdef952ff32f8fa623338cd23baa24fd3a95f5a3851cee6bc6c5364215",12.9506504535675,579588096,54725,"9af0be0b6363ad54ffe7ed7d8dc527474e37fae4925f52b1ce58cd2835603583","closed",FALSE
"mv07h_ph_metric_v1","ph__20260809__SRA779509_SRS3805251__cell_topology_v1",20260809,"SRA779509_SRS3805251","cell_topology_v1",384,383,235,0,9.89210052828266e-07,TRUE,"ripserr","0.3.0","primary","","dba3f1a91d9114e7e87f49efcca95cdd5649b81002a190a1d07a9aae8c5b6ed5","mv07h_ph_record_v1:7ad10b620e008488ddf287b3e8a0feefa86ebf8fa8498b947f25fd55d84aa41f",12.4347281455994,577626112,25066,"20069acda2c99dff96312cd4ab4f1c60f02fe2897361920d95dda333a9a1e8c1","closed",FALSE
"mv07h_ph_metric_v1","ph__20260809__SRA779509_SRS3805251__gene_topology_v1",20260809,"SRA779509_SRS3805251","gene_topology_v1",500,499,357,0,1.2908702630019e-07,TRUE,"ripserr","0.3.0","primary","","f1ad5b31facc3952399d30f8038f06c05143bab41227139501332fe53d2ecf8d","mv07h_ph_record_v1:ae091611a46aa6cb7c8ff01ffcde02e2e33eb525770fc43ff98bb367ab6d0f70",12.6900334358215,577388544,33412,"f48cb1eb0fa1cc533e090049bb03e2f3b1e1ae5574cd8a992407e2ff8a7fd47d","closed",FALSE
"mv07h_ph_metric_v1","ph__20260809__SRA779509_SRS3805252__cell_topology_v1",20260809,"SRA779509_SRS3805252","cell_topology_v1",384,383,332,0,9.82497820112287e-07,TRUE,"ripserr","0.3.0","primary","","45b2126d4407b5e9ca6d58780e1b827d23330df4f877bcd2a1ecce0223736292","mv07h_ph_record_v1:9ac9310daaf2595db01028ab27d84b26142de0e8ba87e998d186b019351e5091",12.439962387085,717950976,28461,"1073452186b08347b62a3ef12a5413b2597f582551f571e094d1bda393fc3606","closed",FALSE
"mv07h_ph_metric_v1","ph__20260809__SRA779509_SRS3805252__gene_topology_v1",20260809,"SRA779509_SRS3805252","gene_topology_v1",500,499,1275,0,1.31125693040028e-07,TRUE,"ripserr","0.3.0","primary","","b7b66ff7cca570ed17325319ce260848bdb4af86ae481511db7b92b06e03ca3a","mv07h_ph_record_v1:de1dcce1b48eb23fdc9f6091dbb9ea97804abda718bd4ea770e291581496eddc",13.2217121124268,632180736,66317,"1af9251d34f8ec6cfe17eb7b4f0b8b501ddcfc4b022bde02ad16806a24cffa13","closed",FALSE
"mv07h_ph_metric_v1","ph__20260809__SRA779509_SRS3805253__cell_topology_v1",20260809,"SRA779509_SRS3805253","cell_topology_v1",384,383,337,0,1.06058287646594e-06,TRUE,"ripserr","0.3.0","primary","","382808856162918a5fc67686da7b913ff63c55d8bad1b21c38e699bb5f702f61","mv07h_ph_record_v1:dca66020abe797fecffdb543b3cfb3ff4454ccebe9f9733110360f4d6090543d",12.7469696998596,581783552,28636,"b3a0227a25d5daf35439978d6d9da5fef9e1d9d830f0db4d66fbaff351e426df","closed",FALSE
"mv07h_ph_metric_v1","ph__20260809__SRA779509_SRS3805253__gene_topology_v1",20260809,"SRA779509_SRS3805253","gene_topology_v1",500,499,1249,0,1.31359578189642e-07,TRUE,"ripserr","0.3.0","primary","","7ba89bf8a48ff0faad16e53e7655426cd305c2952616e8e61c06bac8313e9998","mv07h_ph_record_v1:6c5207676e2bde20ab9d0e6a19e09b2a87bda72cfefba02c6f0cc3bd1aedddc0",12.7236483097076,704114688,65381,"84000cd7483502a69fafc1617acded6f96cf1ee1cf170ff0eeda935d13ff8db9","closed",FALSE
"mv07h_ph_metric_v1","ph__20260809__SRA779509_SRS3805254__cell_topology_v1",20260809,"SRA779509_SRS3805254","cell_topology_v1",384,383,277,0,9.15500917964077e-07,TRUE,"ripserr","0.3.0","primary","","3393b97a6afe56b52c30ab7bb8621bf44afad830f318151d339b43bee9a07547","mv07h_ph_record_v1:0f1ecb993c37250ef4c7ab977dc3b2578cac1c14189e60ba26e6737d6dec761f",12.211953163147,692772864,26536,"4a421be8a8208b4e2b02a15f958b7a772f2b171ab9f68268fdd3b2ce8762723b","closed",FALSE
"mv07h_ph_metric_v1","ph__20260809__SRA779509_SRS3805254__gene_topology_v1",20260809,"SRA779509_SRS3805254","gene_topology_v1",500,499,857,0,1.30302834003259e-07,TRUE,"ripserr","0.3.0","primary","","b48533181b2e216748641d551453f4c88879a45d1a6c62980ad75e6f140cee80","mv07h_ph_record_v1:e546e51a5772eb09990946ef8b60304fa5137cf14db98b97cbe8b6ecc580b135",13.0087780952454,668012544,51269,"df91b825ca2cd9b7abcde1098916bfc25a365edefaa39d8e4beeb319e4709d46","closed",FALSE
"mv07h_ph_metric_v1","ph__20260809__SRA779509_SRS3805255__cell_topology_v1",20260809,"SRA779509_SRS3805255","cell_topology_v1",384,383,417,0,9.14427320068108e-07,TRUE,"ripserr","0.3.0","primary","","7368b9fea26ba9876c558cf2e43a115edc2614998c5d09d05590c664028b6b7f","mv07h_ph_record_v1:eff6fab10d3f3411309c015a61f514f5098ae385f980cb6dd27391cb26f84642",12.7506542205811,595566592,31436,"3bb9838c53d5d29eb9a0baa2fce3626129355b755e4b540d94b12b766ea81738","closed",FALSE
"mv07h_ph_metric_v1","ph__20260809__SRA779509_SRS3805255__gene_topology_v1",20260809,"SRA779509_SRS3805255","gene_topology_v1",500,499,1757,0,1.32371793009393e-07,TRUE,"ripserr","0.3.0","primary","","ce93b0e36e47609d94fe3454e82420cee5521222223bbcfc5bc27ac5bd23a49e","mv07h_ph_record_v1:df59f438d4d5f843a6f0f12df0dc976682355dc7a1f8d84a6ab1b78bfea10122",12.4753708839417,626753536,83669,"2743103b487e13cae80b1a3854c0e107fe8798d468a24ebd2be1c580bd2ea817","closed",FALSE
"mv07h_ph_metric_v1","ph__20260809__SRA779509_SRS3805256__cell_topology_v1",20260809,"SRA779509_SRS3805256","cell_topology_v1",384,383,294,0,1.2629425920378e-06,TRUE,"ripserr","0.3.0","primary","","12c2b307c25b8297eeb2245cb753fc21cf2d9418804b3d7c3db3517d6f4d0824","mv07h_ph_record_v1:e1f191a49dc8c4e4ee04c3cf9a231653b4945fa62b83aa84793fd4f6050dc897",11.9583003520966,681590784,27131,"7fe3c987f9d3925c6ba23e91446b232ac68b9bc2d88bba8c2be6202d950b3c20","closed",FALSE
"mv07h_ph_metric_v1","ph__20260809__SRA779509_SRS3805256__gene_topology_v1",20260809,"SRA779509_SRS3805256","gene_topology_v1",500,499,1041,0,1.32814834306024e-07,TRUE,"ripserr","0.3.0","primary","","23345c8b08dc56836cc545694faad65b70262ed3b59ab1666f6a8caf6798cc99","mv07h_ph_record_v1:4ca173447a2949cdaeb7a5f2343f0c35a64957d3993cf7440545224c36c74156",12.7550287246704,598806528,57893,"47a7c1bf22067f907d46c8e1d6c32aca3de3a785420b2e4c54170f2c9cab91fd","closed",FALSE
"mv07h_ph_metric_v1","ph__20260809__SRA779509_SRS3805257__cell_topology_v1",20260809,"SRA779509_SRS3805257","cell_topology_v1",384,383,314,0,9.25707794432558e-07,TRUE,"ripserr","0.3.0","primary","","47d215a265eb8af7395ed843eabbd33dfab7c03f279b96a20f037080c3d68483","mv07h_ph_record_v1:eca5240be0b2dde626b84920ede8de0ced2e6133011f930d25a7db9b211bdd9a",12.2180416584015,582008832,27831,"e10ad597549802900dce30609159277bc264bf849f3222d390e1fa677de7b11b","closed",FALSE
"mv07h_ph_metric_v1","ph__20260809__SRA779509_SRS3805257__gene_topology_v1",20260809,"SRA779509_SRS3805257","gene_topology_v1",500,499,709,0,1.31946527853814e-07,TRUE,"ripserr","0.3.0","primary","","b7438737fcee75166c7a2675180c9cb2828f8caac2829e65ebf6e76fa7bac73c","mv07h_ph_record_v1:949e73905c4f205a0b9af2934a3307070f4afc8e1372661b38a9f02243cc8c5e",12.1869819164276,615223296,45941,"0931a605257358ff3958916e2da613ff770b7ed8f5cbd0812138b24d42f2c41e","closed",FALSE
"mv07h_ph_metric_v1","ph__20260809__SRA779509_SRS3805258__cell_topology_v1",20260809,"SRA779509_SRS3805258","cell_topology_v1",384,383,385,0,1.00574273857269e-06,TRUE,"ripserr","0.3.0","primary","","bc5377e78f9f472e0b09caeb0d1def2dab0a6551c34773b21d562149ffc550c2","mv07h_ph_record_v1:c5f2aed2e02af990f64c31298a6c6d5744fb3669f292fed6f6fa0094c4c3e772",11.6849117279053,583081984,30316,"942144bb7d2620240e6a57a8ccc475d9128e1db736e4bb5f1399699bb82c3363","closed",FALSE
"mv07h_ph_metric_v1","ph__20260809__SRA779509_SRS3805258__gene_topology_v1",20260809,"SRA779509_SRS3805258","gene_topology_v1",500,499,1454,0,1.3273329392051e-07,TRUE,"ripserr","0.3.0","primary","","27491007f99a37adb53bd7ae5643284c0dd04059ef0f577e3fcd7e4c21a1591b","mv07h_ph_record_v1:0d057e7911ad43eed20cdbf8f29720791739a720502d24fda651fd9603fbce12",12.1921243667603,582647808,72761,"e463f0f1fa911f249e6ba747ace3ee877644c287d42bc62a1b7838c7e4c11618","closed",FALSE
"mv07h_ph_metric_v1","ph__20260809__SRA779509_SRS3805259__cell_topology_v1",20260809,"SRA779509_SRS3805259","cell_topology_v1",384,383,315,0,9.25551939519923e-07,TRUE,"ripserr","0.3.0","primary","","54c9d9edc630a71469f93b36e0e92f187ff1e5a33ac037a69a70c480d0d7e241","mv07h_ph_record_v1:a36b97bf8d9d0725e76d28e2adbcfa2b95f65ed634a51451565e4847bdc3602b",12.2363612651825,581771264,27866,"e1df73294ac3bfcccd894e1e1f707d36205a42575c57d11361b8c55c5232e353","closed",FALSE
"mv07h_ph_metric_v1","ph__20260809__SRA779509_SRS3805259__gene_topology_v1",20260809,"SRA779509_SRS3805259","gene_topology_v1",500,499,1424,0,1.31481332230956e-07,TRUE,"ripserr","0.3.0","primary","","2b791847614c5d0bacf137efc15ac8f60a35d402065004319aa361c260ae0714","mv07h_ph_record_v1:4e691008e1ab9c3d2d92fbd05f26097401af630c7756cb6c239f26d6af6e5b12",12.4759001731873,644481024,71681,"d77b460d1f291469244553079c69f3b90cc3f47ae82550e5d620e9141c6946ad","closed",FALSE
"mv07h_ph_metric_v1","ph__20260809__SRA779509_SRS3805260__cell_topology_v1",20260809,"SRA779509_SRS3805260","cell_topology_v1",384,383,309,0,7.37535909720135e-07,TRUE,"ripserr","0.3.0","primary","","84aa580bda4c6f84db24646fa0215ff921dbf43d0bc69b2a3f9b00ed64463a0b","mv07h_ph_record_v1:0583a36fb3ff7c93f7e4260fddce940ec92e10796a24d41f6727015142d18f4d",14.6653296947479,372903936,27656,"1d4bad6577e82da224214dae630c17b0a7c5c3a1cffceae3c060dfed1b70ccd5","closed",FALSE
"mv07h_ph_metric_v1","ph__20260809__SRA779509_SRS3805260__gene_topology_v1",20260809,"SRA779509_SRS3805260","gene_topology_v1",500,499,1133,0,1.31333321192559e-07,TRUE,"ripserr","0.3.0","primary","","d43e3c98d60181ca5cfc6f9ec4f1b8b0da57a6b300f1cd79ebe63b3d7279ce8c","mv07h_ph_record_v1:0ba2015d2bcb42bed0faa3f03fa3d1debf21c052ce3b8bfa15433bc4c4bf6075",13.3038132190704,582549504,61205,"701d869dd71b13807ef3150db0609fa10c1cc0557fc0ef7e255119a29f417d57","closed",FALSE
"mv07h_ph_metric_v1","ph__20260809__SRA779509_SRS3805261__cell_topology_v1",20260809,"SRA779509_SRS3805261","cell_topology_v1",384,383,296,0,1.03883116202049e-06,TRUE,"ripserr","0.3.0","primary","","76ef9549bc2b79f84ad6cd3b012957ba9940f233e316e3edbb0cbb35e599a1d7","mv07h_ph_record_v1:cde1207a8d3a4e722de00dfe5dd3e12947f3b26e22635a067b486fda95107135",12.8054292201996,700993536,27201,"698f5bde6225d3068ec493921695d39899e90d52dc24690f82a21b6167979470","closed",FALSE
"mv07h_ph_metric_v1","ph__20260809__SRA779509_SRS3805261__gene_topology_v1",20260809,"SRA779509_SRS3805261","gene_topology_v1",500,499,880,0,1.30989276349331e-07,TRUE,"ripserr","0.3.0","primary","","abd94858fd75ba9bb92970b1f3e66dbf4256ff7ba43265dec07e29cd1aca0fd6","mv07h_ph_record_v1:a99ffa1d2e730ef385712e8d12a5e304c72421fe15fca46c72a70ea64f964827",13.2987699508667,683401216,52097,"ac2de2a302b73e62a1ed45e6ea8b72517cacb7bae50884f454e9dd0df5760da3","closed",FALSE
"mv07h_ph_metric_v1","ph__20260809__SRA779509_SRS3805262__cell_topology_v1",20260809,"SRA779509_SRS3805262","cell_topology_v1",384,383,275,0,1.32540949427693e-06,TRUE,"ripserr","0.3.0","primary","","6d3b29f7e8d9f21795f0d6c70f065cff004db94ca67f42a91566a0235939175c","mv07h_ph_record_v1:9c569a7686b9cee2081e4c35661ba643b0a3e0696dc82d8988a1d0d77c483419",12.7859556674957,611188736,26466,"1dbaefbc1767f4b7fd2301258ab210f3a2cf6700d6d4da25f6983cfeb2950d47","closed",FALSE
"mv07h_ph_metric_v1","ph__20260809__SRA779509_SRS3805262__gene_topology_v1",20260809,"SRA779509_SRS3805262","gene_topology_v1",500,499,320,0,1.29190275286536e-07,TRUE,"ripserr","0.3.0","primary","","c9d39fbfa5f3518e7988eacfe0af7f42125bc5b9b0d1d01258a10f08683963d0","mv07h_ph_record_v1:e014e36f87599b9679f35423056e68a5c454d3fbb58393e585c9a9c63b456a84",12.5519368648529,703475712,32117,"ba957ac1afc5a157b8b5b68060243fe512b3be38196c63a0b3ddd22ee10bdfdc","closed",FALSE
"mv07h_ph_metric_v1","ph__20260809__SRA779509_SRS3805263__cell_topology_v1",20260809,"SRA779509_SRS3805263","cell_topology_v1",384,383,343,0,1.00771866908244e-06,TRUE,"ripserr","0.3.0","primary","","0837f16666ff124a08466a6668985c90142c94031090f77d12409f84525267df","mv07h_ph_record_v1:09688782082054a34d6d02e04c12259506e0283c137e0ff2d13b6ae0d8b4cfdb",12.585333108902,697466880,28846,"b2803b266e8f58f19bbaeeba48733ce8108ddb655b1e65664ddf7b2c83739b34","closed",FALSE
"mv07h_ph_metric_v1","ph__20260809__SRA779509_SRS3805263__gene_topology_v1",20260809,"SRA779509_SRS3805263","gene_topology_v1",500,499,1201,0,1.30876708550037e-07,TRUE,"ripserr","0.3.0","primary","","bd505569e50070c21593229fb6679c25a748eed317e822ebb787d34477025537","mv07h_ph_record_v1:de119ccef7a75c94070bbe1a77d554d377d1f176575f991ea84de36226a68f0c",12.8486685752869,627830784,63653,"f631b487b8440892124b05ac9ee4616b741502b2e31daabb1b71c5505831f3d0","closed",FALSE
"mv07h_ph_metric_v1","ph__20260809__SRA779509_SRS3805264__cell_topology_v1",20260809,"SRA779509_SRS3805264","cell_topology_v1",384,383,396,0,9.32910306374211e-07,TRUE,"ripserr","0.3.0","primary","","5c9b6dcb879188f667ecf1b4dad1a42314833dd690d529d32a2d0d1477f32638","mv07h_ph_record_v1:18e2a55d3c6b2a1c1f28c9eef49a3b79bfc2d85e78d3b19f8cb428e4e6bd0599",13.0379502773285,626249728,30701,"a4dc8cf461fffdbcd00b0950abe70d297c0aa95081f5d0f3619ea5ec2a5cf6a5","closed",FALSE
"mv07h_ph_metric_v1","ph__20260809__SRA779509_SRS3805264__gene_topology_v1",20260809,"SRA779509_SRS3805264","gene_topology_v1",500,499,1750,0,1.31655790017521e-07,TRUE,"ripserr","0.3.0","primary","","0f11c5988db7af4da70c9e0400ab4eb76bccbd843caa4d1ad1b9de2d0287d61d","mv07h_ph_record_v1:4fd697e3b1e1b6daadc7a182567621abd9031e8ac41d47bff9a38dd4d68d1617",14.3604974746704,708710400,83417,"26c0f9f3b69e6470a29bbd5df839bf859ccaea4586ca9fcad57794d48f253d5a","closed",FALSE
"mv07h_ph_metric_v1","ph__20260809__SRA779509_SRS3805265__cell_topology_v1",20260809,"SRA779509_SRS3805265","cell_topology_v1",384,383,401,0,9.356140396395e-07,TRUE,"ripserr","0.3.0","primary","","5e173853d2598ded7c374e3c1cd4f497d76875690c19aee8e372315aca186633","mv07h_ph_record_v1:fc420ec6adfde9384866013d713bbd9449c9740c9bc13aa466e050eceb0b38fb",12.5545475482941,717729792,30876,"056e7a2b5d5de55e8bb6eaac99ded9bf3b2e3493226dc4fffb719856e6f4f4aa","closed",FALSE
"mv07h_ph_metric_v1","ph__20260809__SRA779509_SRS3805265__gene_topology_v1",20260809,"SRA779509_SRS3805265","gene_topology_v1",500,499,1885,0,1.32673757199195e-07,TRUE,"ripserr","0.3.0","primary","","fb36c9978a6606f5f2f592cba59f5ed76cfa70aa2b8e63508e1abfa980d24f75","mv07h_ph_record_v1:c2b67ff60a27cc9892624e5e1c7704b14f25885deadb2b711a9af066304b8566",12.7933967113495,632881152,88277,"ba609cd5f76fb46e50d0d502fecdfcddcc802c122c2543859ec72e2ec3a7a227","closed",FALSE
"mv07h_ph_metric_v1","ph__20260809__SRA779509_SRS3805266__cell_topology_v1",20260809,"SRA779509_SRS3805266","cell_topology_v1",384,383,339,0,1.23251281603802e-06,TRUE,"ripserr","0.3.0","primary","","be7ca7c6b12faf4e521114afb4117cd27433d6492d4c33f26aa110ae42053584","mv07h_ph_record_v1:2f29b7abf81ceaa78878c10cc7d561b1c36d46dd49bc46c3998cef8193419c67",12.5407204627991,677912576,28706,"a2b5c93db0ae67024fd4f38dfbd7af64bea2ecf07e4b3f16832d332d19a4dbed","closed",FALSE
"mv07h_ph_metric_v1","ph__20260809__SRA779509_SRS3805266__gene_topology_v1",20260809,"SRA779509_SRS3805266","gene_topology_v1",500,499,851,0,1.31408856402552e-07,TRUE,"ripserr","0.3.0","primary","","10256da1c61e655f4256b538c1462f8b316d821eb5e759e76dc0fa78247bb713","mv07h_ph_record_v1:e98d035c58f02f79b5e007e219c3fb2274c054402c9aad0a294117e30f12da9a",12.6164512634277,694784000,51053,"624089ce2fdaa19bf2af20fe25ec7e46b6e42513aebe3386b93c4d2abe8184f1","closed",FALSE
"mv07h_ph_metric_v1","ph__20260809__SRA779509_SRS3805267__cell_topology_v1",20260809,"SRA779509_SRS3805267","cell_topology_v1",384,383,362,0,1.20719121586171e-06,TRUE,"ripserr","0.3.0","primary","","6cf6ed9bf8661253d31d9a42d05ff523d3b719206f52f6793a3a541de2d5c24f","mv07h_ph_record_v1:d55b4f72404cd77624a2fa017977fd6d20af1f920d624552618c16ebd451eeb5",12.2953510284424,677072896,29511,"e322cf28c34f866ba5f0c76082a6fd8d70f749205d6085787bddafa327615640","closed",FALSE
"mv07h_ph_metric_v1","ph__20260809__SRA779509_SRS3805267__gene_topology_v1",20260809,"SRA779509_SRS3805267","gene_topology_v1",500,499,970,0,1.31630685966415e-07,TRUE,"ripserr","0.3.0","primary","","2cd3631175810f76d2f73656d5b5269ada3c8714829f0a8a56b9239d38a6edcc","mv07h_ph_record_v1:5192e65872588fbc34bb10ebd00ce0d7c6648d71d0cc801706d735e15de885ef",12.5461251735687,581324800,55337,"d3ac7a31d24bf2cb22d3a4f5414d6325fe33b6fb0bffef2b1359596734988fbf","closed",FALSE
"mv07h_ph_metric_v1","ph__20260809__SRA779509_SRS3805268__cell_topology_v1",20260809,"SRA779509_SRS3805268","cell_topology_v1",384,383,325,0,1.04014716011882e-06,TRUE,"ripserr","0.3.0","primary","","1964a5442bd87bc58cf6f4f01a86b2047b6a80a10d42246c58e4c2430263a352","mv07h_ph_record_v1:6b6ef089485f856aecad72f95737e8a7c79f6dbbf123e6c72fc4d54e4ff60fa0",12.5537142753601,581644288,28216,"48bd67989ed43dd645eeffe3ebb62cfebbb071f56bf4658ec56f92218582d44a","closed",FALSE
"mv07h_ph_metric_v1","ph__20260809__SRA779509_SRS3805268__gene_topology_v1",20260809,"SRA779509_SRS3805268","gene_topology_v1",500,499,886,0,1.30373089244511e-07,TRUE,"ripserr","0.3.0","primary","","2109fc39552089cc97986c43f3d4634171653871b0ec216f1d9170d268d8f198","mv07h_ph_record_v1:47039f28064ba69d238307bd88f7049f1b72303319c51c8a631e17d1590edd97",12.5631420612335,578748416,52313,"c6a013e2851eff6e1648d88661867c678cadc01202289ddcc0c926883d3e096a","closed",FALSE
"mv07h_ph_metric_v1","ph__20260809__SRA779509_SRS3805269__cell_topology_v1",20260809,"SRA779509_SRS3805269","cell_topology_v1",384,383,348,0,1.00178808659665e-06,TRUE,"ripserr","0.3.0","primary","","d9e8290a0096cb7647dd03632673a09cd8fca247f803ca5282b303ea813a84c9","mv07h_ph_record_v1:07a6f21ae913ddef4125cabda770a626500c6d7ab85e0f583ad666d4f029dd7a",12.039183139801,679337984,29021,"177f70de2ba951ec261bfb43f8ec9e1d057e1269e7e222c8c0fc2794c05c4d18","closed",FALSE
"mv07h_ph_metric_v1","ph__20260809__SRA779509_SRS3805269__gene_topology_v1",20260809,"SRA779509_SRS3805269","gene_topology_v1",500,499,1235,0,1.31038255695174e-07,TRUE,"ripserr","0.3.0","primary","","6e3265968ae2e667c35ea49c358816a1125b124d91ce76ed2ead3b8d17601aee","mv07h_ph_record_v1:6af20a77f0c1d20c4e4204e4c2eb8e39e0c3d12d803a3507d33c942e096166fb",12.8268887996674,664952832,64877,"6b2b96dcacc86435ec8ca6ef20822c2457933323c09054612170b72eadcc4832","closed",FALSE
"mv07h_ph_metric_v1","ph__20260809__SRA784242_SRS3822680__cell_topology_v1",20260809,"SRA784242_SRS3822680","cell_topology_v1",384,383,323,0,8.89531791446455e-07,TRUE,"ripserr","0.3.0","primary","","c0c56abc740beff54da44a8e933156db2f032bfed178d44d2d84341309561969","mv07h_ph_record_v1:f465da368b01acc601a679ddb6b001cb7d3dcd34d529f58eb0d7a739e245b56d",13.1938288211823,581554176,28146,"641c59c2f4a3ecc4481b055047c5b2d29efaea2c470d22b400c251873efdb20c","closed",FALSE
"mv07h_ph_metric_v1","ph__20260809__SRA784242_SRS3822680__gene_topology_v1",20260809,"SRA784242_SRS3822680","gene_topology_v1",500,499,1128,0,1.31305769721128e-07,TRUE,"ripserr","0.3.0","primary","","b0837cd8de92b48266ecd8a309060597957d282ca97e992a7e057f625cc2482e","mv07h_ph_record_v1:ed6baef6a7fdf62b11540603aa92bae7f6d9183c3bc7cdbc5b0385228ff80fb9",12.6922705173492,657039360,61025,"01f847003c915b722d1661fc19013ec07ab1f18bfb03aed4e4f70f017ffbf6fa","closed",FALSE
"mv07h_ph_metric_v1","ph__20260809__SRA784242_SRS3822682__cell_topology_v1",20260809,"SRA784242_SRS3822682","cell_topology_v1",384,383,365,0,8.49727924553558e-07,TRUE,"ripserr","0.3.0","primary","","ec300f733afa3646c5910d56d9f68613bd72c23d5e3637a20b337eb6df11b2bd","mv07h_ph_record_v1:626327b5483036ef688a3132f96e2fefd2d2c20d06aabf0bef2c500a84fdbe5e",12.7095596790314,636887040,29616,"5563e2807464ad3c37c8cbb610fe8a72060ba6f78f4b09cb88ea9bcc64c22c10","closed",FALSE
"mv07h_ph_metric_v1","ph__20260809__SRA784242_SRS3822682__gene_topology_v1",20260809,"SRA784242_SRS3822682","gene_topology_v1",500,499,1031,0,1.3161263217538e-07,TRUE,"ripserr","0.3.0","primary","","0b16111c13dd1b6c49542d7c7230d20268d0fb297a0c1cf8d6b1ad3a0fd83543","mv07h_ph_record_v1:82722c48d4313c717dcd88ad3e774bf9af84f7daf134e5bc5b3f96ad6efc6adc",12.7171876430511,581767168,57533,"cede7d79413c376b42e21fe24615f369e09e0dddf66f720e781887984420b3a8","closed",FALSE
"mv07h_ph_metric_v1","ph__20260809__SRA784242_SRS3822683__cell_topology_v1",20260809,"SRA784242_SRS3822683","cell_topology_v1",384,383,385,0,1.13191771018629e-06,TRUE,"ripserr","0.3.0","primary","","2a875d776ead9a07da3e9822b36b22c8c4037479b6ed3f7258dc5d05af4d8345","mv07h_ph_record_v1:b0eb2e5a5cfb3f8c0f112ef861829b0398ad367ac873916eedc2b53c19219d9a",12.6835911273956,605884416,30316,"8cd4898a0134d503fbaafbfc4b4ec35fc2ad6425e917c1ea62ae90ce64729d98","closed",FALSE
"mv07h_ph_metric_v1","ph__20260809__SRA784242_SRS3822683__gene_topology_v1",20260809,"SRA784242_SRS3822683","gene_topology_v1",500,499,1252,0,1.30554757094637e-07,TRUE,"ripserr","0.3.0","primary","","67b55383cfaf5dfb035277b504b9853380dc59c9e245fbeb1771c50e2505e375","mv07h_ph_record_v1:fdd8a392c1661ebea0731e2641d02f91fcb6175050757c68549a4477fd5edab9",12.78666639328,698925056,65489,"99b95bc1c6355f06a354f922f03304c780be2af6d5f61e2d48e49ef13c815632","closed",FALSE
"mv07h_ph_metric_v1","ph__20260809__SRA784242_SRS3822686__cell_topology_v1",20260809,"SRA784242_SRS3822686","cell_topology_v1",384,383,336,0,1.19231892576442e-06,TRUE,"ripserr","0.3.0","primary","","414e1cc6e765188a2483cc5cc8424dfd1765c6996cb74ac22f888e5b09328b58","mv07h_ph_record_v1:c4b9453a1cdaf879be9d4440023f0c02d71d4809ddbf4cf05b2434957dcf5bbc",12.2056908607483,647135232,28601,"3caf393c2aa130b7ea183594cadb7fe3553301bb95e7f0352e8a8d642b57068d","closed",FALSE
"mv07h_ph_metric_v1","ph__20260809__SRA784242_SRS3822686__gene_topology_v1",20260809,"SRA784242_SRS3822686","gene_topology_v1",500,499,1213,0,1.31456874512481e-07,TRUE,"ripserr","0.3.0","primary","","98364b645ae4bc1d86847f43db7ba3256c06c23f0ad887312a9e42f1d4d47d85","mv07h_ph_record_v1:35a70e8554527b77c19bc0580ce4e4040e4bfd472dc6ef9b9525a1324989a3eb",12.7338259220123,608178176,64085,"8acf0a20fd83165cee665ea1d5ce1a46fe401a8e2bee1d961139d1c2a5c9c41e","closed",FALSE
"mv07h_ph_metric_v1","ph__20260809__SRA826293_SRS4181123__cell_topology_v1",20260809,"SRA826293_SRS4181123","cell_topology_v1",384,383,395,0,8.01270121909877e-07,TRUE,"ripserr","0.3.0","primary","","62a2c80d85c4915791f66ec7b4b6f6e68bae8b480254981004a0237c0b214fec","mv07h_ph_record_v1:a1ac3144b00d5180d47c28bfafb72f1fd86290f9a08801709d4c579ac3815cf3",12.7332463264465,676614144,30666,"4b6501584b0c8e68b8a7b6e557e50b633fbdcd53471d9b869b3b54188a98e965","closed",FALSE
"mv07h_ph_metric_v1","ph__20260809__SRA826293_SRS4181123__gene_topology_v1",20260809,"SRA826293_SRS4181123","gene_topology_v1",500,499,2059,0,1.31325021509313e-07,TRUE,"ripserr","0.3.0","primary","","c344ad19bd90fdb25390b358983707a86a079f7717504d6babfaf4bcdaa6cdbc","mv07h_ph_record_v1:bce0e67ea28670fd311e0400ab597a37491fa5c1463d898185af11abf484c973",12.9670376777649,649379840,94541,"24b9f6bfdcb65b4e54ddf04bc3cfb2c1f7d1d520ecfdf97cae1ef84caf37b7a4","closed",FALSE
"mv07h_ph_metric_v1","ph__20260809__SRA826293_SRS4181124__cell_topology_v1",20260809,"SRA826293_SRS4181124","cell_topology_v1",384,383,389,0,1.06033003859117e-06,TRUE,"ripserr","0.3.0","primary","","2fa30a99231a83c5627a0a093c35a7c032df40ae908b6cb3c166c3cd05cdd2b0","mv07h_ph_record_v1:fa236ba834c819eb21596015353bc16505dc1f41c73b698e6a83304392a97b46",12.2056014537811,586231808,30456,"29f8b63c27ca16ca00d68777b5d72af032a7e454e0f226227dcefe4db46ba8b4","closed",FALSE
"mv07h_ph_metric_v1","ph__20260809__SRA826293_SRS4181124__gene_topology_v1",20260809,"SRA826293_SRS4181124","gene_topology_v1",500,499,1925,0,1.32207947818458e-07,TRUE,"ripserr","0.3.0","primary","","1bb1107ac683f54bebf54ef881fe4b68217f0430e5ddf6f8dce0ce6c689fe9ac","mv07h_ph_record_v1:b8f6ebae94f9522baf2fbcb67e0e895b347761ea5434e816024eed8633bcf8f1",13.2456774711609,646483968,89717,"ceeb9ac658ad412d948ad36aa962c9cfa9e37de41dae3a727b3284a9e8656f5a","closed",FALSE
"mv07h_ph_metric_v1","ph__20260809__SRA826293_SRS4181125__cell_topology_v1",20260809,"SRA826293_SRS4181125","cell_topology_v1",384,383,389,0,9.39143452094617e-07,TRUE,"ripserr","0.3.0","primary","","dcf505147c45eda183c210052c7cf694e0af246e5c41e7442f377278ef6a8689","mv07h_ph_record_v1:3e7bca0a402aa73440b585651ce0927ce862892bc14e3094658db8c3da867d51",12.2165911197662,581844992,30456,"625a6ede22612158fe0aae778ec1cdb8d57d6ceafd638ab1a54291be1e141b37","closed",FALSE
"mv07h_ph_metric_v1","ph__20260809__SRA826293_SRS4181125__gene_topology_v1",20260809,"SRA826293_SRS4181125","gene_topology_v1",500,499,2587,0,1.31655968899824e-07,TRUE,"ripserr","0.3.0","primary","","54de5eeb01396e02517d418105fe5af28d578f9b00f0db87be415bf8bb3f5f20","mv07h_ph_record_v1:049e02e01c38833f585a283b224bd020c0d0c9bf4a8e33e44dc786d681fab531",13.2628111839294,712462336,113549,"33500befab4bf58204da8e9a2385821a437be064c5f8cbe9e4a7721510af4e67","closed",FALSE
"mv07h_ph_metric_v1","ph__20260809__SRA826293_SRS4181126__cell_topology_v1",20260809,"SRA826293_SRS4181126","cell_topology_v1",384,383,390,0,7.83438866303618e-07,TRUE,"ripserr","0.3.0","primary","","f40000fb561239164a20aebecc3f222cea94b0fcceee17ff4a8f71a665be0e94","mv07h_ph_record_v1:7a7083a6bcabe71e2d2273bcae93dc6b17a907a9bf7ef9936c0ae7f35a122139",12.5019943714142,621752320,30491,"22144c40417e9905f6f2928159be0358b02b3425ed18c77fc68a2bd811768e99","closed",FALSE
"mv07h_ph_metric_v1","ph__20260809__SRA826293_SRS4181126__gene_topology_v1",20260809,"SRA826293_SRS4181126","gene_topology_v1",500,499,1815,0,1.32615169498553e-07,TRUE,"ripserr","0.3.0","primary","","a1cfc072fb78e856971b833267da5fc4b61dc7eb0ecd5b8c7541d24a31c51700","mv07h_ph_record_v1:f6da4130f056b179e647e377f19c6f2e19338cf5c69773b0ee171c420d33d290",12.7530012130737,586801152,85757,"2b82f794c19cf9efa5470091ed8e56f41e7fe14393545f5fa3316e24a34388c5","closed",FALSE
"mv07h_ph_metric_v1","ph__20260809__SRA826293_SRS4181127__cell_topology_v1",20260809,"SRA826293_SRS4181127","cell_topology_v1",384,383,312,0,8.96217904432499e-07,TRUE,"ripserr","0.3.0","primary","","07f97121a920b0700d17aef14c0d99eee4d3864e10f2fe3b4199c1a07d968f55","mv07h_ph_record_v1:35c6bf59998ef5508e8d0e1c47ed814e7fbe821a804f822c0a1068d236b78841",13.0446786880493,581808128,27761,"1de5ae2a9789e078896437fd5911a4a5df2a822b3411a2625dd41a50b1e71dc7","closed",FALSE
"mv07h_ph_metric_v1","ph__20260809__SRA826293_SRS4181127__gene_topology_v1",20260809,"SRA826293_SRS4181127","gene_topology_v1",500,499,672,0,1.30705542876427e-07,TRUE,"ripserr","0.3.0","primary","","45f731ef4524c6d0e2ea257830b8da15a37d59aaf967b19c014ee75e003c7c77","mv07h_ph_record_v1:f5d0394bb4245c6d9899c12f8126cce65f9ef3970cf66dfc1950568cf04ba8de",12.5744502544403,582266880,44609,"671db8cc98dbdb06fdc991367282fba950fac9cd9c4573e6f050ee8d9ea2c562","closed",FALSE
"mv07h_ph_metric_v1","ph__20260809__SRA826293_SRS4181128__cell_topology_v1",20260809,"SRA826293_SRS4181128","cell_topology_v1",384,383,294,0,1.69063731206077e-06,TRUE,"ripserr","0.3.0","primary","","fce8d5a5da57e41f8680873f6a5502939993995fdeb4f6ecaa46db4ec20d05d3","mv07h_ph_record_v1:bbce7713f6e7b7af2403bc5beb085d5a0a07f722cce443b6cf5a130d3737aab1",12.3086249828339,611319808,27131,"dc69ca1db3864d8c9647fcea8bf85a31405b9b09a3d8029c34038aa86567a51b","closed",FALSE
"mv07h_ph_metric_v1","ph__20260809__SRA826293_SRS4181128__gene_topology_v1",20260809,"SRA826293_SRS4181128","gene_topology_v1",500,499,446,0,1.31061311759745e-07,TRUE,"ripserr","0.3.0","primary","","212fce473a2c1decfc9797b4b5a0a5c4190e961d4e2e7606cebf6ce63af5eec6","mv07h_ph_record_v1:7ea1d245a24f0b97dbe25fe51fb68684fac278d9d4a1cc6a78df73920c408cc7",12.7821629047394,640651264,36527,"11bb4127d58895804af8cd581ecf8bad5bf89d63b2c36244f07d33bf2ae425a6","closed",FALSE
"mv07h_ph_metric_v1","ph__20260809__SRA826293_SRS4181129__cell_topology_v1",20260809,"SRA826293_SRS4181129","cell_topology_v1",384,383,323,0,1.10661232946473e-06,TRUE,"ripserr","0.3.0","primary","","10490c08c504c1f438026acaf5a1b2435874a876a42847e18e2c607512603f4e","mv07h_ph_record_v1:7e43521578ac9097ee5bc8d3d4dab9c3bcbbb343202e40e08454c45bcc79dd1b",12.570573091507,609300480,28146,"d9f425b7198fa2ed166e9ac6ea98f61b3c7551547fcfae8e659494094f13dcd3","closed",FALSE
"mv07h_ph_metric_v1","ph__20260809__SRA826293_SRS4181129__gene_topology_v1",20260809,"SRA826293_SRS4181129","gene_topology_v1",500,499,1197,0,1.3090262813235e-07,TRUE,"ripserr","0.3.0","primary","","d14ad7073c38bb7e6cf8135792edddcec9ba402b20278ce41694d1ab68157d1f","mv07h_ph_record_v1:ed00aed677c18cf2ebd52e717806b9f0083ff2a0113b175056110b8f5d6d6779",12.8020920753479,681197568,63509,"83ee45a4929fed71f4d8d4f891b8740084ef4d683b14cb8edf6f00938ed7c50d","closed",FALSE
"mv07h_ph_metric_v1","ph__20260809__SRA826293_SRS4181130__cell_topology_v1",20260809,"SRA826293_SRS4181130","cell_topology_v1",384,383,282,0,8.95715237090154e-07,TRUE,"ripserr","0.3.0","primary","","21cecee8146ee8d53f7699c14111ddede63a24ba7eafd6e56d76d1c55359b44c","mv07h_ph_record_v1:fc5350ed0fc36239f62e1bb1cf0afe3bc435fc714f7512c26a8060bd7bd43d2d",12.5269110202789,590680064,26711,"d2408edd7095a2a253adaf56c2968e95b3772ac94b5402c7b0390c2b634868b2","closed",FALSE
"mv07h_ph_metric_v1","ph__20260809__SRA826293_SRS4181130__gene_topology_v1",20260809,"SRA826293_SRS4181130","gene_topology_v1",500,499,602,0,1.3054263059802e-07,TRUE,"ripserr","0.3.0","primary","","d4cf08a88a7f8acf5536a884903014c8a587348593f662390f3556d11718b803","mv07h_ph_record_v1:45c5a74dc52a94cdfacebf9b8528ea5ec6bc019849e4de30eabc4f0b11127e40",12.6192805767059,686628864,42089,"3839595bba805ee6edc8f2eaee4a2d410dc2a5b5d15be27e774bc5a8e3244d37","closed",FALSE
"mv07h_ph_metric_v1","ph__20260809__SRA850958_SRS4386101__cell_topology_v1",20260809,"SRA850958_SRS4386101","cell_topology_v1",384,383,416,0,4.29847248870302e-07,TRUE,"ripserr","0.3.0","primary","","4e0b7be6ec0276028e78c67360b4901291606dab2153f36e5daba0a155977003","mv07h_ph_record_v1:76418ac79f539a7bede780c551ab34cd81cc3af0b152d8d2226c2cde9ac64512",12.5865013599396,723099648,31401,"e37e820ba1c2be9cbb4cf88aa57745fd6ec71b0f4602de63bd3e3b6a099b3247","closed",FALSE
"mv07h_ph_metric_v1","ph__20260809__SRA850958_SRS4386101__gene_topology_v1",20260809,"SRA850958_SRS4386101","gene_topology_v1",500,499,2596,0,1.3219722028573e-07,TRUE,"ripserr","0.3.0","primary","","dafd52cb4d2c92558b3a9432db016989f00d440e0363ce19c612bd5916cb46c5","mv07h_ph_record_v1:5f9955a5d0e8090a78aa040a2c7d293315372904c1940777dee1041a34789394",14.3631238937378,659550208,113873,"886d132edcd354fbd3d052f07f049be5593fad8cb39f2a12fd282222e2607016","closed",FALSE
"mv07h_ph_metric_v1","ph__20260809__SRA850958_SRS4386109__cell_topology_v1",20260809,"SRA850958_SRS4386109","cell_topology_v1",384,383,374,0,5.71665371522234e-07,TRUE,"ripserr","0.3.0","primary","","6b35db896c6f645e5d474909708449b587ca78ff7f8a697c2f994ad1d9d4ca5c","mv07h_ph_record_v1:2cd407cb2e728a68681c2e415d3328140bf917ef755a21a16f403c458f9229cf",13.070728302002,581685248,29931,"122179ce733a2a5e7b439fcf399f4a222be2883bf0ca99ebb928ac23f697dcdd","closed",FALSE
"mv07h_ph_metric_v1","ph__20260809__SRA850958_SRS4386109__gene_topology_v1",20260809,"SRA850958_SRS4386109","gene_topology_v1",500,499,1447,0,1.32007784601797e-07,TRUE,"ripserr","0.3.0","primary","","24345c97ca344f2d8e81cf8b26f861eae2f6c1611a774584b8265d1847dc443d","mv07h_ph_record_v1:b6a94f27cbfa951c8b86933cb7fb40f01e61327af11c21b6eaa03d527513f0a7",12.8032813072205,582791168,72509,"2f3197b6c469c3187b1eae762afbb8404d58d26cd243daa2f7888058bc2c1426","closed",FALSE
"mv07h_ph_metric_v1","ph__20260809__SRA850958_SRS4386110__cell_topology_v1",20260809,"SRA850958_SRS4386110","cell_topology_v1",384,383,325,0,5.1235068778199e-07,TRUE,"ripserr","0.3.0","primary","","9cd14af44f4e14ac07b5f17018fa849b10193398bf4e7e2517d36969025a6675","mv07h_ph_record_v1:ea1620178bde0c5948fd93c67fec0aef7aec9af7447fe81cea37ae607902e73e",12.5375118255615,708825088,28216,"483d133dea6f3b2b24ed92a78af606291814bd3504e22662ea8259daa0640065","closed",FALSE
"mv07h_ph_metric_v1","ph__20260809__SRA850958_SRS4386110__gene_topology_v1",20260809,"SRA850958_SRS4386110","gene_topology_v1",500,499,1518,0,1.32123570194917e-07,TRUE,"ripserr","0.3.0","primary","","774b4edd3a4dc0621f7fda5d1981dd3548516c062cf7e8cc708d7a998f3496c7","mv07h_ph_record_v1:22c2545671c57bda6792146f5bd7725d902887d3b9a456d261a865c72e97bab2",12.5615060329437,582107136,75065,"0f57094c3d6a2ce927f61ff4ee82ce797c553378941d95787314d9c34112209b","closed",FALSE
"mv07h_ph_metric_v1","ph__20260809__SRA850958_SRS4386111__cell_topology_v1",20260809,"SRA850958_SRS4386111","cell_topology_v1",384,383,342,0,5.38325951424082e-07,TRUE,"ripserr","0.3.0","primary","","39f47b3e9154380cc4cecfcd1673293efeddf063f9f4240428cc5f60e7cda35e","mv07h_ph_record_v1:8d76e17310f673ffe0e3ef08d8837fdaf71fd6b0516a94ecc90d43ed1a92fb2d",12.6401193141937,665956352,28811,"7e12ca0b0b770010b0872de682d15edd814a2831ddc1595388af0de45051301a","closed",FALSE
"mv07h_ph_metric_v1","ph__20260809__SRA850958_SRS4386111__gene_topology_v1",20260809,"SRA850958_SRS4386111","gene_topology_v1",500,499,1911,0,1.3155985231139e-07,TRUE,"ripserr","0.3.0","primary","","73566f2655ef2b4de1059564b7cdf98d57da97e95aa44ba684426957178cd933","mv07h_ph_record_v1:f87fe01a284d32c72e3c71d2fad6703a657a436627e17b81866e46e351340fba",12.8040235042572,714780672,89213,"2077abb83f71de90c221a7da1b6d696bd1436d29643e9bf981a4e5f40abb0d8d","closed",FALSE
"mv07h_ph_metric_v1","ph__20260809__SRA850958_SRS4386112__cell_topology_v1",20260809,"SRA850958_SRS4386112","cell_topology_v1",384,383,383,0,4.98841265558722e-07,TRUE,"ripserr","0.3.0","primary","","a9806b4a6e21eb33dc7c2514586aedf1728a99fbc046f60f1bcee8d9e1e19031","mv07h_ph_record_v1:a049c443143e57c378f72cc6d3a5cf4f1e2b09bdbf141618528178a459031bdf",12.3084065914154,581668864,30246,"9e095a348af45d1d7f133da91095184437b4d08dd78e15b6afbda9d041b192c9","closed",FALSE
"mv07h_ph_metric_v1","ph__20260809__SRA850958_SRS4386112__gene_topology_v1",20260809,"SRA850958_SRS4386112","gene_topology_v1",500,499,2172,0,1.31341966725122e-07,TRUE,"ripserr","0.3.0","primary","","293bf06c6de50748850e8da1288737885f741bd12be02f01bf8f5bc90426a38e","mv07h_ph_record_v1:4afed6d9608dba7299a3c55c7df98c541259b47df021713b9bcf137f9e2a3b7c",12.8155810832977,695304192,98609,"3b8f83aee557ba6597ab7e820cc5a958207b0c194bf3ec8e6d3964ed139ab62e","closed",FALSE
"mv07h_ph_metric_v1","ph__20260809__SRA850958_SRS4386113__cell_topology_v1",20260809,"SRA850958_SRS4386113","cell_topology_v1",384,383,365,0,7.49572844485142e-07,TRUE,"ripserr","0.3.0","primary","","a93ccd3c2f48f8ffb82f123af04ba8306418a8f2b96c03a7eb9c54326cf70c0a","mv07h_ph_record_v1:b9790d00fbd921543f21bc2140298668e37ba7f509685ee806103303bcd6aed9",12.2975792884827,723996672,29616,"9919859eac392c158c5061378b89ec67f9f8919659750170a32fb23c42c795db","closed",FALSE
"mv07h_ph_metric_v1","ph__20260809__SRA850958_SRS4386113__gene_topology_v1",20260809,"SRA850958_SRS4386113","gene_topology_v1",500,499,1879,0,1.31748861401147e-07,TRUE,"ripserr","0.3.0","primary","","d16e62c1009bd07d6e2d25d40ff3e00ad25a2c106d854bd00411aa1400651e51","mv07h_ph_record_v1:1a896bc692fce88f4bc4e64709daacace17b3849bc8ea6cfd363fe6e002b3c4b",12.5547513961792,579964928,88061,"65b9dffadbebaca0d672ea59c8f9ae7d482cd59dbe0b004338eca7717448d802","closed",FALSE
