"contract_id","job_order","job_id","dataset_scope","unit_id","seed","representation_id","panel_id","panel_genes","homology_dimensions","filtration","field","engine_policy","elapsed_cap_seconds","rss_cap_bytes","workers","retries","authorization_state","outcome_label_state","biological_outcomes_computed"
"mv08n_ph_queue_v1",1,"mv08n_ph:internal124:SRA550660_SRS2089635:20260805:sct_data_all_qc_fit_selected384:exact500","internal124","SRA550660_SRS2089635",20260805,"sct_data_all_qc_fit_selected384","exact500",500,"H0;H1_separate","complete_vietoris_rips",2,"Ripserr_primary;GUDHI_exact_resource_fallback",1800,12884901888,1,0,"closed","closed",FALSE
"mv08n_ph_queue_v1",2,"mv08n_ph:internal124:SRA550660_SRS2089635:20260805:sct_pearson_residual_all_qc_fit_selected384:exact500","internal124","SRA550660_SRS2089635",20260805,"sct_pearson_residual_all_qc_fit_selected384","exact500",500,"H0;H1_separate","complete_vietoris_rips",2,"Ripserr_primary;GUDHI_exact_resource_fallback",1800,12884901888,1,0,"closed","closed",FALSE
"mv08n_ph_queue_v1",3,"mv08n_ph:internal124:SRA550660_SRS2089636:20260805:sct_data_all_qc_fit_selected384:exact500","internal124","SRA550660_SRS2089636",20260805,"sct_data_all_qc_fit_selected384","exact500",500,"H0;H1_separate","complete_vietoris_rips",2,"Ripserr_primary;GUDHI_exact_resource_fallback",1800,12884901888,1,0,"closed","closed",FALSE
"mv08n_ph_queue_v1",4,"mv08n_ph:internal124:SRA550660_SRS2089636:20260805:sct_pearson_residual_all_qc_fit_selected384:exact500","internal124","SRA550660_SRS2089636",20260805,"sct_pearson_residual_all_qc_fit_selected384","exact500",500,"H0;H1_separate","complete_vietoris_rips",2,"Ripserr_primary;GUDHI_exact_resource_fallback",1800,12884901888,1,0,"closed","closed",FALSE
"mv08n_ph_queue_v1",5,"mv08n_ph:internal124:SRA550660_SRS2089637:20260805:sct_data_all_qc_fit_selected384:exact500","internal124","SRA550660_SRS2089637",20260805,"sct_data_all_qc_fit_selected384","exact500",500,"H0;H1_separate","complete_vietoris_rips",2,"Ripserr_primary;GUDHI_exact_resource_fallback",1800,12884901888,1,0,"closed","closed",FALSE
"mv08n_ph_queue_v1",6,"mv08n_ph:internal124:SRA550660_SRS2089637:20260805:sct_pearson_residual_all_qc_fit_selected384:exact500","internal124","SRA550660_SRS2089637",20260805,"sct_pearson_residual_all_qc_fit_selected384","exact500",500,"H0;H1_separate","complete_vietoris_rips",2,"Ripserr_primary;GUDHI_exact_resource_fallback",1800,12884901888,1,0,"closed","closed",FALSE
"mv08n_ph_queue_v1",7,"mv08n_ph:internal124:SRA550660_SRS2089638:20260805:sct_data_all_qc_fit_selected384:exact500","internal124","SRA550660_SRS2089638",20260805,"sct_data_all_qc_fit_selected384","exact500",500,"H0;H1_separate","complete_vietoris_rips",2,"Ripserr_primary;GUDHI_exact_resource_fallback",1800,12884901888,1,0,"closed","closed",FALSE
"mv08n_ph_queue_v1",8,"mv08n_ph:internal124:SRA550660_SRS2089638:20260805:sct_pearson_residual_all_qc_fit_selected384:exact500","internal124","SRA550660_SRS2089638",20260805,"sct_pearson_residual_all_qc_fit_selected384","exact500",500,"H0;H1_separate","complete_vietoris_rips",2,"Ripserr_primary;GUDHI_exact_resource_fallback",1800,12884901888,1,0,"closed","closed",FALSE
"mv08n_ph_queue_v1",9,"mv08n_ph:internal124:SRA550660_SRS2089639:20260805:sct_data_all_qc_fit_selected384:exact500","internal124","SRA550660_SRS2089639",20260805,"sct_data_all_qc_fit_selected384","exact500",500,"H0;H1_separate","complete_vietoris_rips",2,"Ripserr_primary;GUDHI_exact_resource_fallback",1800,12884901888,1,0,"closed","closed",FALSE
"mv08n_ph_queue_v1",10,"mv08n_ph:internal124:SRA550660_SRS2089639:20260805:sct_pearson_residual_all_qc_fit_selected384:exact500","internal124","SRA550660_SRS2089639",20260805,"sct_pearson_residual_all_qc_fit_selected384","exact500",500,"H0;H1_separate","complete_vietoris_rips",2,"Ripserr_primary;GUDHI_exact_resource_fallback",1800,12884901888,1,0,"closed","closed",FALSE
"mv08n_ph_queue_v1",11,"mv08n_ph:internal124:SRA621638_SRS2610283:20260805:sct_data_all_qc_fit_selected384:exact500","internal124","SRA621638_SRS2610283",20260805,"sct_data_all_qc_fit_selected384","exact500",500,"H0;H1_separate","complete_vietoris_rips",2,"Ripserr_primary;GUDHI_exact_resource_fallback",1800,12884901888,1,0,"closed","closed",FALSE
"mv08n_ph_queue_v1",12,"mv08n_ph:internal124:SRA621638_SRS2610283:20260805:sct_pearson_residual_all_qc_fit_selected384:exact500","internal124","SRA621638_SRS2610283",20260805,"sct_pearson_residual_all_qc_fit_selected384","exact500",500,"H0;H1_separate","complete_vietoris_rips",2,"Ripserr_primary;GUDHI_exact_resource_fallback",1800,12884901888,1,0,"closed","closed",FALSE
"mv08n_ph_queue_v1",13,"mv08n_ph:internal124:SRA621638_SRS2610285:20260805:sct_data_all_qc_fit_selected384:exact500","internal124","SRA621638_SRS2610285",20260805,"sct_data_all_qc_fit_selected384","exact500",500,"H0;H1_separate","complete_vietoris_rips",2,"Ripserr_primary;GUDHI_exact_resource_fallback",1800,12884901888,1,0,"closed","closed",FALSE
"mv08n_ph_queue_v1",14,"mv08n_ph:internal124:SRA621638_SRS2610285:20260805:sct_pearson_residual_all_qc_fit_selected384:exact500","internal124","SRA621638_SRS2610285",20260805,"sct_pearson_residual_all_qc_fit_selected384","exact500",500,"H0;H1_separate","complete_vietoris_rips",2,"Ripserr_primary;GUDHI_exact_resource_fallback",1800,12884901888,1,0,"closed","closed",FALSE
"mv08n_ph_queue_v1",15,"mv08n_ph:internal124:SRA628554_SRS2664364:20260805:sct_data_all_qc_fit_selected384:exact500","internal124","SRA628554_SRS2664364",20260805,"sct_data_all_qc_fit_selected384","exact500",500,"H0;H1_separate","complete_vietoris_rips",2,"Ripserr_primary;GUDHI_exact_resource_fallback",1800,12884901888,1,0,"closed","closed",FALSE
"mv08n_ph_queue_v1",16,"mv08n_ph:internal124:SRA628554_SRS2664364:20260805:sct_pearson_residual_all_qc_fit_selected384:exact500","internal124","SRA628554_SRS2664364",20260805,"sct_pearson_residual_all_qc_fit_selected384","exact500",500,"H0;H1_separate","complete_vietoris_rips",2,"Ripserr_primary;GUDHI_exact_resource_fallback",1800,12884901888,1,0,"closed","closed",FALSE
"mv08n_ph_queue_v1",17,"mv08n_ph:internal124:SRA628554_SRS2664365:20260805:sct_data_all_qc_fit_selected384:exact500","internal124","SRA628554_SRS2664365",20260805,"sct_data_all_qc_fit_selected384","exact500",500,"H0;H1_separate","complete_vietoris_rips",2,"Ripserr_primary;GUDHI_exact_resource_fallback",1800,12884901888,1,0,"closed","closed",FALSE
"mv08n_ph_queue_v1",18,"mv08n_ph:internal124:SRA628554_SRS2664365:20260805:sct_pearson_residual_all_qc_fit_selected384:exact500","internal124","SRA628554_SRS2664365",20260805,"sct_pearson_residual_all_qc_fit_selected384","exact500",500,"H0;H1_separate","complete_vietoris_rips",2,"Ripserr_primary;GUDHI_exact_resource_fallback",1800,12884901888,1,0,"closed","closed",FALSE
"mv08n_ph_queue_v1",19,"mv08n_ph:internal124:SRA645804_SRS2823404:20260805:sct_data_all_qc_fit_selected384:exact500","internal124","SRA645804_SRS2823404",20260805,"sct_data_all_qc_fit_selected384","exact500",500,"H0;H1_separate","complete_vietoris_rips",2,"Ripserr_primary;GUDHI_exact_resource_fallback",1800,12884901888,1,0,"closed","closed",FALSE
"mv08n_ph_queue_v1",20,"mv08n_ph:internal124:SRA645804_SRS2823404:20260805:sct_pearson_residual_all_qc_fit_selected384:exact500","internal124","SRA645804_SRS2823404",20260805,"sct_pearson_residual_all_qc_fit_selected384","exact500",500,"H0;H1_separate","complete_vietoris_rips",2,"Ripserr_primary;GUDHI_exact_resource_fallback",1800,12884901888,1,0,"closed","closed",FALSE
"mv08n_ph_queue_v1",21,"mv08n_ph:internal124:SRA645804_SRS2823405:20260805:sct_data_all_qc_fit_selected384:exact500","internal124","SRA645804_SRS2823405",20260805,"sct_data_all_qc_fit_selected384","exact500",500,"H0;H1_separate","complete_vietoris_rips",2,"Ripserr_primary;GUDHI_exact_resource_fallback",1800,12884901888,1,0,"closed","closed",FALSE
"mv08n_ph_queue_v1",22,"mv08n_ph:internal124:SRA645804_SRS2823405:20260805:sct_pearson_residual_all_qc_fit_selected384:exact500","internal124","SRA645804_SRS2823405",20260805,"sct_pearson_residual_all_qc_fit_selected384","exact500",500,"H0;H1_separate","complete_vietoris_rips",2,"Ripserr_primary;GUDHI_exact_resource_fallback",1800,12884901888,1,0,"closed","closed",FALSE
"mv08n_ph_queue_v1",23,"mv08n_ph:internal124:SRA645804_SRS2823406:20260805:sct_data_all_qc_fit_selected384:exact500","internal124","SRA645804_SRS2823406",20260805,"sct_data_all_qc_fit_selected384","exact500",500,"H0;H1_separate","complete_vietoris_rips",2,"Ripserr_primary;GUDHI_exact_resource_fallback",1800,12884901888,1,0,"closed","closed",FALSE
"mv08n_ph_queue_v1",24,"mv08n_ph:internal124:SRA645804_SRS2823406:20260805:sct_pearson_residual_all_qc_fit_selected384:exact500","internal124","SRA645804_SRS2823406",20260805,"sct_pearson_residual_all_qc_fit_selected384","exact500",500,"H0;H1_separate","complete_vietoris_rips",2,"Ripserr_primary;GUDHI_exact_resource_fallback",1800,12884901888,1,0,"closed","closed",FALSE
"mv08n_ph_queue_v1",25,"mv08n_ph:internal124:SRA645804_SRS2823407:20260805:sct_data_all_qc_fit_selected384:exact500","internal124","SRA645804_SRS2823407",20260805,"sct_data_all_qc_fit_selected384","exact500",500,"H0;H1_separate","complete_vietoris_rips",2,"Ripserr_primary;GUDHI_exact_resource_fallback",1800,12884901888,1,0,"closed","closed",FALSE
"mv08n_ph_queue_v1",26,"mv08n_ph:internal124:SRA645804_SRS2823407:20260805:sct_pearson_residual_all_qc_fit_selected384:exact500","internal124","SRA645804_SRS2823407",20260805,"sct_pearson_residual_all_qc_fit_selected384","exact500",500,"H0;H1_separate","complete_vietoris_rips",2,"Ripserr_primary;GUDHI_exact_resource_fallback",1800,12884901888,1,0,"closed","closed",FALSE
"mv08n_ph_queue_v1",27,"mv08n_ph:internal124:SRA645804_SRS2823408:20260805:sct_data_all_qc_fit_selected384:exact500","internal124","SRA645804_SRS2823408",20260805,"sct_data_all_qc_fit_selected384","exact500",500,"H0;H1_separate","complete_vietoris_rips",2,"Ripserr_primary;GUDHI_exact_resource_fallback",1800,12884901888,1,0,"closed","closed",FALSE
"mv08n_ph_queue_v1",28,"mv08n_ph:internal124:SRA645804_SRS2823408:20260805:sct_pearson_residual_all_qc_fit_selected384:exact500","internal124","SRA645804_SRS2823408",20260805,"sct_pearson_residual_all_qc_fit_selected384","exact500",500,"H0;H1_separate","complete_vietoris_rips",2,"Ripserr_primary;GUDHI_exact_resource_fallback",1800,12884901888,1,0,"closed","closed",FALSE
"mv08n_ph_queue_v1",29,"mv08n_ph:internal124:SRA645804_SRS2823409:20260805:sct_data_all_qc_fit_selected384:exact500","internal124","SRA645804_SRS2823409",20260805,"sct_data_all_qc_fit_selected384","exact500",500,"H0;H1_separate","complete_vietoris_rips",2,"Ripserr_primary;GUDHI_exact_resource_fallback",1800,12884901888,1,0,"closed","closed",FALSE
"mv08n_ph_queue_v1",30,"mv08n_ph:internal124:SRA645804_SRS2823409:20260805:sct_pearson_residual_all_qc_fit_selected384:exact500","internal124","SRA645804_SRS2823409",20260805,"sct_pearson_residual_all_qc_fit_selected384","exact500",500,"H0;H1_separate","complete_vietoris_rips",2,"Ripserr_primary;GUDHI_exact_resource_fallback",1800,12884901888,1,0,"closed","closed",FALSE
"mv08n_ph_queue_v1",31,"mv08n_ph:internal124:SRA645804_SRS2823410:20260805:sct_data_all_qc_fit_selected384:exact500","internal124","SRA645804_SRS2823410",20260805,"sct_data_all_qc_fit_selected384","exact500",500,"H0;H1_separate","complete_vietoris_rips",2,"Ripserr_primary;GUDHI_exact_resource_fallback",1800,12884901888,1,0,"closed","closed",FALSE
"mv08n_ph_queue_v1",32,"mv08n_ph:internal124:SRA645804_SRS2823410:20260805:sct_pearson_residual_all_qc_fit_selected384:exact500","internal124","SRA645804_SRS2823410",20260805,"sct_pearson_residual_all_qc_fit_selected384","exact500",500,"H0;H1_separate","complete_vietoris_rips",2,"Ripserr_primary;GUDHI_exact_resource_fallback",1800,12884901888,1,0,"closed","closed",FALSE
"mv08n_ph_queue_v1",33,"mv08n_ph:internal124:SRA645804_SRS2823411:20260805:sct_data_all_qc_fit_selected384:exact500","internal124","SRA645804_SRS2823411",20260805,"sct_data_all_qc_fit_selected384","exact500",500,"H0;H1_separate","complete_vietoris_rips",2,"Ripserr_primary;GUDHI_exact_resource_fallback",1800,12884901888,1,0,"closed","closed",FALSE
"mv08n_ph_queue_v1",34,"mv08n_ph:internal124:SRA645804_SRS2823411:20260805:sct_pearson_residual_all_qc_fit_selected384:exact500","internal124","SRA645804_SRS2823411",20260805,"sct_pearson_residual_all_qc_fit_selected384","exact500",500,"H0;H1_separate","complete_vietoris_rips",2,"Ripserr_primary;GUDHI_exact_resource_fallback",1800,12884901888,1,0,"closed","closed",FALSE
"mv08n_ph_queue_v1",35,"mv08n_ph:internal124:SRA645804_SRS2823412:20260805:sct_data_all_qc_fit_selected384:exact500","internal124","SRA645804_SRS2823412",20260805,"sct_data_all_qc_fit_selected384","exact500",500,"H0;H1_separate","complete_vietoris_rips",2,"Ripserr_primary;GUDHI_exact_resource_fallback",1800,12884901888,1,0,"closed","closed",FALSE
"mv08n_ph_queue_v1",36,"mv08n_ph:internal124:SRA645804_SRS2823412:20260805:sct_pearson_residual_all_qc_fit_selected384:exact500","internal124","SRA645804_SRS2823412",20260805,"sct_pearson_residual_all_qc_fit_selected384","exact500",500,"H0;H1_separate","complete_vietoris_rips",2,"Ripserr_primary;GUDHI_exact_resource_fallback",1800,12884901888,1,0,"closed","closed",FALSE
"mv08n_ph_queue_v1",37,"mv08n_ph:internal124:SRA645804_SRS3572594:20260805:sct_data_all_qc_fit_selected384:exact500","internal124","SRA645804_SRS3572594",20260805,"sct_data_all_qc_fit_selected384","exact500",500,"H0;H1_separate","complete_vietoris_rips",2,"Ripserr_primary;GUDHI_exact_resource_fallback",1800,12884901888,1,0,"closed","closed",FALSE
"mv08n_ph_queue_v1",38,"mv08n_ph:internal124:SRA645804_SRS3572594:20260805:sct_pearson_residual_all_qc_fit_selected384:exact500","internal124","SRA645804_SRS3572594",20260805,"sct_pearson_residual_all_qc_fit_selected384","exact500",500,"H0;H1_separate","complete_vietoris_rips",2,"Ripserr_primary;GUDHI_exact_resource_fallback",1800,12884901888,1,0,"closed","closed",FALSE
"mv08n_ph_queue_v1",39,"mv08n_ph:internal124:SRA667709_SRS3065426:20260805:sct_data_all_qc_fit_selected384:exact500","internal124","SRA667709_SRS3065426",20260805,"sct_data_all_qc_fit_selected384","exact500",500,"H0;H1_separate","complete_vietoris_rips",2,"Ripserr_primary;GUDHI_exact_resource_fallback",1800,12884901888,1,0,"closed","closed",FALSE
"mv08n_ph_queue_v1",40,"mv08n_ph:internal124:SRA667709_SRS3065426:20260805:sct_pearson_residual_all_qc_fit_selected384:exact500","internal124","SRA667709_SRS3065426",20260805,"sct_pearson_residual_all_qc_fit_selected384","exact500",500,"H0;H1_separate","complete_vietoris_rips",2,"Ripserr_primary;GUDHI_exact_resource_fallback",1800,12884901888,1,0,"closed","closed",FALSE
"mv08n_ph_queue_v1",41,"mv08n_ph:internal124:SRA667709_SRS3065427:20260805:sct_data_all_qc_fit_selected384:exact500","internal124","SRA667709_SRS3065427",20260805,"sct_data_all_qc_fit_selected384","exact500",500,"H0;H1_separate","complete_vietoris_rips",2,"Ripserr_primary;GUDHI_exact_resource_fallback",1800,12884901888,1,0,"closed","closed",FALSE
"mv08n_ph_queue_v1",42,"mv08n_ph:internal124:SRA667709_SRS3065427:20260805:sct_pearson_residual_all_qc_fit_selected384:exact500","internal124","SRA667709_SRS3065427",20260805,"sct_pearson_residual_all_qc_fit_selected384","exact500",500,"H0;H1_separate","complete_vietoris_rips",2,"Ripserr_primary;GUDHI_exact_resource_fallback",1800,12884901888,1,0,"closed","closed",FALSE
"mv08n_ph_queue_v1",43,"mv08n_ph:internal124:SRA667709_SRS3065428:20260805:sct_data_all_qc_fit_selected384:exact500","internal124","SRA667709_SRS3065428",20260805,"sct_data_all_qc_fit_selected384","exact500",500,"H0;H1_separate","complete_vietoris_rips",2,"Ripserr_primary;GUDHI_exact_resource_fallback",1800,12884901888,1,0,"closed","closed",FALSE
"mv08n_ph_queue_v1",44,"mv08n_ph:internal124:SRA667709_SRS3065428:20260805:sct_pearson_residual_all_qc_fit_selected384:exact500","internal124","SRA667709_SRS3065428",20260805,"sct_pearson_residual_all_qc_fit_selected384","exact500",500,"H0;H1_separate","complete_vietoris_rips",2,"Ripserr_primary;GUDHI_exact_resource_fallback",1800,12884901888,1,0,"closed","closed",FALSE
"mv08n_ph_queue_v1",45,"mv08n_ph:internal124:SRA667709_SRS3065429:20260805:sct_data_all_qc_fit_selected384:exact500","internal124","SRA667709_SRS3065429",20260805,"sct_data_all_qc_fit_selected384","exact500",500,"H0;H1_separate","complete_vietoris_rips",2,"Ripserr_primary;GUDHI_exact_resource_fallback",1800,12884901888,1,0,"closed","closed",FALSE
"mv08n_ph_queue_v1",46,"mv08n_ph:internal124:SRA667709_SRS3065429:20260805:sct_pearson_residual_all_qc_fit_selected384:exact500","internal124","SRA667709_SRS3065429",20260805,"sct_pearson_residual_all_qc_fit_selected384","exact500",500,"H0;H1_separate","complete_vietoris_rips",2,"Ripserr_primary;GUDHI_exact_resource_fallback",1800,12884901888,1,0,"closed","closed",FALSE
"mv08n_ph_queue_v1",47,"mv08n_ph:internal124:SRA667709_SRS3065430:20260805:sct_data_all_qc_fit_selected384:exact500","internal124","SRA667709_SRS3065430",20260805,"sct_data_all_qc_fit_selected384","exact500",500,"H0;H1_separate","complete_vietoris_rips",2,"Ripserr_primary;GUDHI_exact_resource_fallback",1800,12884901888,1,0,"closed","closed",FALSE
"mv08n_ph_queue_v1",48,"mv08n_ph:internal124:SRA667709_SRS3065430:20260805:sct_pearson_residual_all_qc_fit_selected384:exact500","internal124","SRA667709_SRS3065430",20260805,"sct_pearson_residual_all_qc_fit_selected384","exact500",500,"H0;H1_separate","complete_vietoris_rips",2,"Ripserr_primary;GUDHI_exact_resource_fallback",1800,12884901888,1,0,"closed","closed",FALSE
"mv08n_ph_queue_v1",49,"mv08n_ph:internal124:SRA667709_SRS3065431:20260805:sct_data_all_qc_fit_selected384:exact500","internal124","SRA667709_SRS3065431",20260805,"sct_data_all_qc_fit_selected384","exact500",500,"H0;H1_separate","complete_vietoris_rips",2,"Ripserr_primary;GUDHI_exact_resource_fallback",1800,12884901888,1,0,"closed","closed",FALSE
"mv08n_ph_queue_v1",50,"mv08n_ph:internal124:SRA667709_SRS3065431:20260805:sct_pearson_residual_all_qc_fit_selected384:exact500","internal124","SRA667709_SRS3065431",20260805,"sct_pearson_residual_all_qc_fit_selected384","exact500",500,"H0;H1_separate","complete_vietoris_rips",2,"Ripserr_primary;GUDHI_exact_resource_fallback",1800,12884901888,1,0,"closed","closed",FALSE
"mv08n_ph_queue_v1",51,"mv08n_ph:internal124:SRA701877_SRS3279684:20260805:sct_data_all_qc_fit_selected384:exact500","internal124","SRA701877_SRS3279684",20260805,"sct_data_all_qc_fit_selected384","exact500",500,"H0;H1_separate","complete_vietoris_rips",2,"Ripserr_primary;GUDHI_exact_resource_fallback",1800,12884901888,1,0,"closed","closed",FALSE
"mv08n_ph_queue_v1",52,"mv08n_ph:internal124:SRA701877_SRS3279684:20260805:sct_pearson_residual_all_qc_fit_selected384:exact500","internal124","SRA701877_SRS3279684",20260805,"sct_pearson_residual_all_qc_fit_selected384","exact500",500,"H0;H1_separate","complete_vietoris_rips",2,"Ripserr_primary;GUDHI_exact_resource_fallback",1800,12884901888,1,0,"closed","closed",FALSE
"mv08n_ph_queue_v1",53,"mv08n_ph:internal124:SRA701877_SRS3279685:20260805:sct_data_all_qc_fit_selected384:exact500","internal124","SRA701877_SRS3279685",20260805,"sct_data_all_qc_fit_selected384","exact500",500,"H0;H1_separate","complete_vietoris_rips",2,"Ripserr_primary;GUDHI_exact_resource_fallback",1800,12884901888,1,0,"closed","closed",FALSE
"mv08n_ph_queue_v1",54,"mv08n_ph:internal124:SRA701877_SRS3279685:20260805:sct_pearson_residual_all_qc_fit_selected384:exact500","internal124","SRA701877_SRS3279685",20260805,"sct_pearson_residual_all_qc_fit_selected384","exact500",500,"H0;H1_separate","complete_vietoris_rips",2,"Ripserr_primary;GUDHI_exact_resource_fallback",1800,12884901888,1,0,"closed","closed",FALSE
"mv08n_ph_queue_v1",55,"mv08n_ph:internal124:SRA701877_SRS3279686:20260805:sct_data_all_qc_fit_selected384:exact500","internal124","SRA701877_SRS3279686",20260805,"sct_data_all_qc_fit_selected384","exact500",500,"H0;H1_separate","complete_vietoris_rips",2,"Ripserr_primary;GUDHI_exact_resource_fallback",1800,12884901888,1,0,"closed","closed",FALSE
"mv08n_ph_queue_v1",56,"mv08n_ph:internal124:SRA701877_SRS3279686:20260805:sct_pearson_residual_all_qc_fit_selected384:exact500","internal124","SRA701877_SRS3279686",20260805,"sct_pearson_residual_all_qc_fit_selected384","exact500",500,"H0;H1_separate","complete_vietoris_rips",2,"Ripserr_primary;GUDHI_exact_resource_fallback",1800,12884901888,1,0,"closed","closed",FALSE
"mv08n_ph_queue_v1",57,"mv08n_ph:internal124:SRA701877_SRS3279687:20260805:sct_data_all_qc_fit_selected384:exact500","internal124","SRA701877_SRS3279687",20260805,"sct_data_all_qc_fit_selected384","exact500",500,"H0;H1_separate","complete_vietoris_rips",2,"Ripserr_primary;GUDHI_exact_resource_fallback",1800,12884901888,1,0,"closed","closed",FALSE
"mv08n_ph_queue_v1",58,"mv08n_ph:internal124:SRA701877_SRS3279687:20260805:sct_pearson_residual_all_qc_fit_selected384:exact500","internal124","SRA701877_SRS3279687",20260805,"sct_pearson_residual_all_qc_fit_selected384","exact500",500,"H0;H1_separate","complete_vietoris_rips",2,"Ripserr_primary;GUDHI_exact_resource_fallback",1800,12884901888,1,0,"closed","closed",FALSE
"mv08n_ph_queue_v1",59,"mv08n_ph:internal124:SRA701877_SRS3279688:20260805:sct_data_all_qc_fit_selected384:exact500","internal124","SRA701877_SRS3279688",20260805,"sct_data_all_qc_fit_selected384","exact500",500,"H0;H1_separate","complete_vietoris_rips",2,"Ripserr_primary;GUDHI_exact_resource_fallback",1800,12884901888,1,0,"closed","closed",FALSE
"mv08n_ph_queue_v1",60,"mv08n_ph:internal124:SRA701877_SRS3279688:20260805:sct_pearson_residual_all_qc_fit_selected384:exact500","internal124","SRA701877_SRS3279688",20260805,"sct_pearson_residual_all_qc_fit_selected384","exact500",500,"H0;H1_separate","complete_vietoris_rips",2,"Ripserr_primary;GUDHI_exact_resource_fallback",1800,12884901888,1,0,"closed","closed",FALSE
"mv08n_ph_queue_v1",61,"mv08n_ph:internal124:SRA701877_SRS3279689:20260805:sct_data_all_qc_fit_selected384:exact500","internal124","SRA701877_SRS3279689",20260805,"sct_data_all_qc_fit_selected384","exact500",500,"H0;H1_separate","complete_vietoris_rips",2,"Ripserr_primary;GUDHI_exact_resource_fallback",1800,12884901888,1,0,"closed","closed",FALSE
"mv08n_ph_queue_v1",62,"mv08n_ph:internal124:SRA701877_SRS3279689:20260805:sct_pearson_residual_all_qc_fit_selected384:exact500","internal124","SRA701877_SRS3279689",20260805,"sct_pearson_residual_all_qc_fit_selected384","exact500",500,"H0;H1_separate","complete_vietoris_rips",2,"Ripserr_primary;GUDHI_exact_resource_fallback",1800,12884901888,1,0,"closed","closed",FALSE
"mv08n_ph_queue_v1",63,"mv08n_ph:internal124:SRA701877_SRS3279690:20260805:sct_data_all_qc_fit_selected384:exact500","internal124","SRA701877_SRS3279690",20260805,"sct_data_all_qc_fit_selected384","exact500",500,"H0;H1_separate","complete_vietoris_rips",2,"Ripserr_primary;GUDHI_exact_resource_fallback",1800,12884901888,1,0,"closed","closed",FALSE
"mv08n_ph_queue_v1",64,"mv08n_ph:internal124:SRA701877_SRS3279690:20260805:sct_pearson_residual_all_qc_fit_selected384:exact500","internal124","SRA701877_SRS3279690",20260805,"sct_pearson_residual_all_qc_fit_selected384","exact500",500,"H0;H1_separate","complete_vietoris_rips",2,"Ripserr_primary;GUDHI_exact_resource_fallback",1800,12884901888,1,0,"closed","closed",FALSE
"mv08n_ph_queue_v1",65,"mv08n_ph:internal124:SRA701877_SRS3279691:20260805:sct_data_all_qc_fit_selected384:exact500","internal124","SRA701877_SRS3279691",20260805,"sct_data_all_qc_fit_selected384","exact500",500,"H0;H1_separate","complete_vietoris_rips",2,"Ripserr_primary;GUDHI_exact_resource_fallback",1800,12884901888,1,0,"closed","closed",FALSE
"mv08n_ph_queue_v1",66,"mv08n_ph:internal124:SRA701877_SRS3279691:20260805:sct_pearson_residual_all_qc_fit_selected384:exact500","internal124","SRA701877_SRS3279691",20260805,"sct_pearson_residual_all_qc_fit_selected384","exact500",500,"H0;H1_separate","complete_vietoris_rips",2,"Ripserr_primary;GUDHI_exact_resource_fallback",1800,12884901888,1,0,"closed","closed",FALSE
"mv08n_ph_queue_v1",67,"mv08n_ph:internal124:SRA701877_SRS3279692:20260805:sct_data_all_qc_fit_selected384:exact500","internal124","SRA701877_SRS3279692",20260805,"sct_data_all_qc_fit_selected384","exact500",500,"H0;H1_separate","complete_vietoris_rips",2,"Ripserr_primary;GUDHI_exact_resource_fallback",1800,12884901888,1,0,"closed","closed",FALSE
"mv08n_ph_queue_v1",68,"mv08n_ph:internal124:SRA701877_SRS3279692:20260805:sct_pearson_residual_all_qc_fit_selected384:exact500","internal124","SRA701877_SRS3279692",20260805,"sct_pearson_residual_all_qc_fit_selected384","exact500",500,"H0;H1_separate","complete_vietoris_rips",2,"Ripserr_primary;GUDHI_exact_resource_fallback",1800,12884901888,1,0,"closed","closed",FALSE
"mv08n_ph_queue_v1",69,"mv08n_ph:internal124:SRA701877_SRS3279693:20260805:sct_data_all_qc_fit_selected384:exact500","internal124","SRA701877_SRS3279693",20260805,"sct_data_all_qc_fit_selected384","exact500",500,"H0;H1_separate","complete_vietoris_rips",2,"Ripserr_primary;GUDHI_exact_resource_fallback",1800,12884901888,1,0,"closed","closed",FALSE
"mv08n_ph_queue_v1",70,"mv08n_ph:internal124:SRA701877_SRS3279693:20260805:sct_pearson_residual_all_qc_fit_selected384:exact500","internal124","SRA701877_SRS3279693",20260805,"sct_pearson_residual_all_qc_fit_selected384","exact500",500,"H0;H1_separate","complete_vietoris_rips",2,"Ripserr_primary;GUDHI_exact_resource_fallback",1800,12884901888,1,0,"closed","closed",FALSE
"mv08n_ph_queue_v1",71,"mv08n_ph:internal124:SRA701877_SRS3279694:20260805:sct_data_all_qc_fit_selected384:exact500","internal124","SRA701877_SRS3279694",20260805,"sct_data_all_qc_fit_selected384","exact500",500,"H0;H1_separate","complete_vietoris_rips",2,"Ripserr_primary;GUDHI_exact_resource_fallback",1800,12884901888,1,0,"closed","closed",FALSE
"mv08n_ph_queue_v1",72,"mv08n_ph:internal124:SRA701877_SRS3279694:20260805:sct_pearson_residual_all_qc_fit_selected384:exact500","internal124","SRA701877_SRS3279694",20260805,"sct_pearson_residual_all_qc_fit_selected384","exact500",500,"H0;H1_separate","complete_vietoris_rips",2,"Ripserr_primary;GUDHI_exact_resource_fallback",1800,12884901888,1,0,"closed","closed",FALSE
"mv08n_ph_queue_v1",73,"mv08n_ph:internal124:SRA701877_SRS3279695:20260805:sct_data_all_qc_fit_selected384:exact500","internal124","SRA701877_SRS3279695",20260805,"sct_data_all_qc_fit_selected384","exact500",500,"H0;H1_separate","complete_vietoris_rips",2,"Ripserr_primary;GUDHI_exact_resource_fallback",1800,12884901888,1,0,"closed","closed",FALSE
"mv08n_ph_queue_v1",74,"mv08n_ph:internal124:SRA701877_SRS3279695:20260805:sct_pearson_residual_all_qc_fit_selected384:exact500","internal124","SRA701877_SRS3279695",20260805,"sct_pearson_residual_all_qc_fit_selected384","exact500",500,"H0;H1_separate","complete_vietoris_rips",2,"Ripserr_primary;GUDHI_exact_resource_fallback",1800,12884901888,1,0,"closed","closed",FALSE
"mv08n_ph_queue_v1",75,"mv08n_ph:internal124:SRA703206_SRS3296611:20260805:sct_data_all_qc_fit_selected384:exact500","internal124","SRA703206_SRS3296611",20260805,"sct_data_all_qc_fit_selected384","exact500",500,"H0;H1_separate","complete_vietoris_rips",2,"Ripserr_primary;GUDHI_exact_resource_fallback",1800,12884901888,1,0,"closed","closed",FALSE
"mv08n_ph_queue_v1",76,"mv08n_ph:internal124:SRA703206_SRS3296611:20260805:sct_pearson_residual_all_qc_fit_selected384:exact500","internal124","SRA703206_SRS3296611",20260805,"sct_pearson_residual_all_qc_fit_selected384","exact500",500,"H0;H1_separate","complete_vietoris_rips",2,"Ripserr_primary;GUDHI_exact_resource_fallback",1800,12884901888,1,0,"closed","closed",FALSE
"mv08n_ph_queue_v1",77,"mv08n_ph:internal124:SRA703206_SRS3296612:20260805:sct_data_all_qc_fit_selected384:exact500","internal124","SRA703206_SRS3296612",20260805,"sct_data_all_qc_fit_selected384","exact500",500,"H0;H1_separate","complete_vietoris_rips",2,"Ripserr_primary;GUDHI_exact_resource_fallback",1800,12884901888,1,0,"closed","closed",FALSE
"mv08n_ph_queue_v1",78,"mv08n_ph:internal124:SRA703206_SRS3296612:20260805:sct_pearson_residual_all_qc_fit_selected384:exact500","internal124","SRA703206_SRS3296612",20260805,"sct_pearson_residual_all_qc_fit_selected384","exact500",500,"H0;H1_separate","complete_vietoris_rips",2,"Ripserr_primary;GUDHI_exact_resource_fallback",1800,12884901888,1,0,"closed","closed",FALSE
"mv08n_ph_queue_v1",79,"mv08n_ph:internal124:SRA703206_SRS3296613:20260805:sct_data_all_qc_fit_selected384:exact500","internal124","SRA703206_SRS3296613",20260805,"sct_data_all_qc_fit_selected384","exact500",500,"H0;H1_separate","complete_vietoris_rips",2,"Ripserr_primary;GUDHI_exact_resource_fallback",1800,12884901888,1,0,"closed","closed",FALSE
"mv08n_ph_queue_v1",80,"mv08n_ph:internal124:SRA703206_SRS3296613:20260805:sct_pearson_residual_all_qc_fit_selected384:exact500","internal124","SRA703206_SRS3296613",20260805,"sct_pearson_residual_all_qc_fit_selected384","exact500",500,"H0;H1_separate","complete_vietoris_rips",2,"Ripserr_primary;GUDHI_exact_resource_fallback",1800,12884901888,1,0,"closed","closed",FALSE
"mv08n_ph_queue_v1",81,"mv08n_ph:internal124:SRA703206_SRS3296614:20260805:sct_data_all_qc_fit_selected384:exact500","internal124","SRA703206_SRS3296614",20260805,"sct_data_all_qc_fit_selected384","exact500",500,"H0;H1_separate","complete_vietoris_rips",2,"Ripserr_primary;GUDHI_exact_resource_fallback",1800,12884901888,1,0,"closed","closed",FALSE
"mv08n_ph_queue_v1",82,"mv08n_ph:internal124:SRA703206_SRS3296614:20260805:sct_pearson_residual_all_qc_fit_selected384:exact500","internal124","SRA703206_SRS3296614",20260805,"sct_pearson_residual_all_qc_fit_selected384","exact500",500,"H0;H1_separate","complete_vietoris_rips",2,"Ripserr_primary;GUDHI_exact_resource_fallback",1800,12884901888,1,0,"closed","closed",FALSE
"mv08n_ph_queue_v1",83,"mv08n_ph:internal124:SRA713577_SRS3363004:20260805:sct_data_all_qc_fit_selected384:exact500","internal124","SRA713577_SRS3363004",20260805,"sct_data_all_qc_fit_selected384","exact500",500,"H0;H1_separate","complete_vietoris_rips",2,"Ripserr_primary;GUDHI_exact_resource_fallback",1800,12884901888,1,0,"closed","closed",FALSE
"mv08n_ph_queue_v1",84,"mv08n_ph:internal124:SRA713577_SRS3363004:20260805:sct_pearson_residual_all_qc_fit_selected384:exact500","internal124","SRA713577_SRS3363004",20260805,"sct_pearson_residual_all_qc_fit_selected384","exact500",500,"H0;H1_separate","complete_vietoris_rips",2,"Ripserr_primary;GUDHI_exact_resource_fallback",1800,12884901888,1,0,"closed","closed",FALSE
"mv08n_ph_queue_v1",85,"mv08n_ph:internal124:SRA716608_SRS3391629:20260805:sct_data_all_qc_fit_selected384:exact500","internal124","SRA716608_SRS3391629",20260805,"sct_data_all_qc_fit_selected384","exact500",500,"H0;H1_separate","complete_vietoris_rips",2,"Ripserr_primary;GUDHI_exact_resource_fallback",1800,12884901888,1,0,"closed","closed",FALSE
"mv08n_ph_queue_v1",86,"mv08n_ph:internal124:SRA716608_SRS3391629:20260805:sct_pearson_residual_all_qc_fit_selected384:exact500","internal124","SRA716608_SRS3391629",20260805,"sct_pearson_residual_all_qc_fit_selected384","exact500",500,"H0;H1_separate","complete_vietoris_rips",2,"Ripserr_primary;GUDHI_exact_resource_fallback",1800,12884901888,1,0,"closed","closed",FALSE
"mv08n_ph_queue_v1",87,"mv08n_ph:internal124:SRA716608_SRS3391630:20260805:sct_data_all_qc_fit_selected384:exact500","internal124","SRA716608_SRS3391630",20260805,"sct_data_all_qc_fit_selected384","exact500",500,"H0;H1_separate","complete_vietoris_rips",2,"Ripserr_primary;GUDHI_exact_resource_fallback",1800,12884901888,1,0,"closed","closed",FALSE
"mv08n_ph_queue_v1",88,"mv08n_ph:internal124:SRA716608_SRS3391630:20260805:sct_pearson_residual_all_qc_fit_selected384:exact500","internal124","SRA716608_SRS3391630",20260805,"sct_pearson_residual_all_qc_fit_selected384","exact500",500,"H0;H1_separate","complete_vietoris_rips",2,"Ripserr_primary;GUDHI_exact_resource_fallback",1800,12884901888,1,0,"closed","closed",FALSE
"mv08n_ph_queue_v1",89,"mv08n_ph:internal124:SRA716608_SRS3391631:20260805:sct_data_all_qc_fit_selected384:exact500","internal124","SRA716608_SRS3391631",20260805,"sct_data_all_qc_fit_selected384","exact500",500,"H0;H1_separate","complete_vietoris_rips",2,"Ripserr_primary;GUDHI_exact_resource_fallback",1800,12884901888,1,0,"closed","closed",FALSE
"mv08n_ph_queue_v1",90,"mv08n_ph:internal124:SRA716608_SRS3391631:20260805:sct_pearson_residual_all_qc_fit_selected384:exact500","internal124","SRA716608_SRS3391631",20260805,"sct_pearson_residual_all_qc_fit_selected384","exact500",500,"H0;H1_separate","complete_vietoris_rips",2,"Ripserr_primary;GUDHI_exact_resource_fallback",1800,12884901888,1,0,"closed","closed",FALSE
"mv08n_ph_queue_v1",91,"mv08n_ph:internal124:SRA716608_SRS3391632:20260805:sct_data_all_qc_fit_selected384:exact500","internal124","SRA716608_SRS3391632",20260805,"sct_data_all_qc_fit_selected384","exact500",500,"H0;H1_separate","complete_vietoris_rips",2,"Ripserr_primary;GUDHI_exact_resource_fallback",1800,12884901888,1,0,"closed","closed",FALSE
"mv08n_ph_queue_v1",92,"mv08n_ph:internal124:SRA716608_SRS3391632:20260805:sct_pearson_residual_all_qc_fit_selected384:exact500","internal124","SRA716608_SRS3391632",20260805,"sct_pearson_residual_all_qc_fit_selected384","exact500",500,"H0;H1_separate","complete_vietoris_rips",2,"Ripserr_primary;GUDHI_exact_resource_fallback",1800,12884901888,1,0,"closed","closed",FALSE
"mv08n_ph_queue_v1",93,"mv08n_ph:internal124:SRA716608_SRS3391633:20260805:sct_data_all_qc_fit_selected384:exact500","internal124","SRA716608_SRS3391633",20260805,"sct_data_all_qc_fit_selected384","exact500",500,"H0;H1_separate","complete_vietoris_rips",2,"Ripserr_primary;GUDHI_exact_resource_fallback",1800,12884901888,1,0,"closed","closed",FALSE
"mv08n_ph_queue_v1",94,"mv08n_ph:internal124:SRA716608_SRS3391633:20260805:sct_pearson_residual_all_qc_fit_selected384:exact500","internal124","SRA716608_SRS3391633",20260805,"sct_pearson_residual_all_qc_fit_selected384","exact500",500,"H0;H1_separate","complete_vietoris_rips",2,"Ripserr_primary;GUDHI_exact_resource_fallback",1800,12884901888,1,0,"closed","closed",FALSE
"mv08n_ph_queue_v1",95,"mv08n_ph:internal124:SRA728025_SRS3454421:20260805:sct_data_all_qc_fit_selected384:exact500","internal124","SRA728025_SRS3454421",20260805,"sct_data_all_qc_fit_selected384","exact500",500,"H0;H1_separate","complete_vietoris_rips",2,"Ripserr_primary;GUDHI_exact_resource_fallback",1800,12884901888,1,0,"closed","closed",FALSE
"mv08n_ph_queue_v1",96,"mv08n_ph:internal124:SRA728025_SRS3454421:20260805:sct_pearson_residual_all_qc_fit_selected384:exact500","internal124","SRA728025_SRS3454421",20260805,"sct_pearson_residual_all_qc_fit_selected384","exact500",500,"H0;H1_separate","complete_vietoris_rips",2,"Ripserr_primary;GUDHI_exact_resource_fallback",1800,12884901888,1,0,"closed","closed",FALSE
"mv08n_ph_queue_v1",97,"mv08n_ph:internal124:SRA728025_SRS3454422:20260805:sct_data_all_qc_fit_selected384:exact500","internal124","SRA728025_SRS3454422",20260805,"sct_data_all_qc_fit_selected384","exact500",500,"H0;H1_separate","complete_vietoris_rips",2,"Ripserr_primary;GUDHI_exact_resource_fallback",1800,12884901888,1,0,"closed","closed",FALSE
"mv08n_ph_queue_v1",98,"mv08n_ph:internal124:SRA728025_SRS3454422:20260805:sct_pearson_residual_all_qc_fit_selected384:exact500","internal124","SRA728025_SRS3454422",20260805,"sct_pearson_residual_all_qc_fit_selected384","exact500",500,"H0;H1_separate","complete_vietoris_rips",2,"Ripserr_primary;GUDHI_exact_resource_fallback",1800,12884901888,1,0,"closed","closed",FALSE
"mv08n_ph_queue_v1",99,"mv08n_ph:internal124:SRA728025_SRS3454423:20260805:sct_data_all_qc_fit_selected384:exact500","internal124","SRA728025_SRS3454423",20260805,"sct_data_all_qc_fit_selected384","exact500",500,"H0;H1_separate","complete_vietoris_rips",2,"Ripserr_primary;GUDHI_exact_resource_fallback",1800,12884901888,1,0,"closed","closed",FALSE
"mv08n_ph_queue_v1",100,"mv08n_ph:internal124:SRA728025_SRS3454423:20260805:sct_pearson_residual_all_qc_fit_selected384:exact500","internal124","SRA728025_SRS3454423",20260805,"sct_pearson_residual_all_qc_fit_selected384","exact500",500,"H0;H1_separate","complete_vietoris_rips",2,"Ripserr_primary;GUDHI_exact_resource_fallback",1800,12884901888,1,0,"closed","closed",FALSE
"mv08n_ph_queue_v1",101,"mv08n_ph:internal124:SRA728025_SRS3454424:20260805:sct_data_all_qc_fit_selected384:exact500","internal124","SRA728025_SRS3454424",20260805,"sct_data_all_qc_fit_selected384","exact500",500,"H0;H1_separate","complete_vietoris_rips",2,"Ripserr_primary;GUDHI_exact_resource_fallback",1800,12884901888,1,0,"closed","closed",FALSE
"mv08n_ph_queue_v1",102,"mv08n_ph:internal124:SRA728025_SRS3454424:20260805:sct_pearson_residual_all_qc_fit_selected384:exact500","internal124","SRA728025_SRS3454424",20260805,"sct_pearson_residual_all_qc_fit_selected384","exact500",500,"H0;H1_separate","complete_vietoris_rips",2,"Ripserr_primary;GUDHI_exact_resource_fallback",1800,12884901888,1,0,"closed","closed",FALSE
"mv08n_ph_queue_v1",103,"mv08n_ph:internal124:SRA728025_SRS3454425:20260805:sct_data_all_qc_fit_selected384:exact500","internal124","SRA728025_SRS3454425",20260805,"sct_data_all_qc_fit_selected384","exact500",500,"H0;H1_separate","complete_vietoris_rips",2,"Ripserr_primary;GUDHI_exact_resource_fallback",1800,12884901888,1,0,"closed","closed",FALSE
"mv08n_ph_queue_v1",104,"mv08n_ph:internal124:SRA728025_SRS3454425:20260805:sct_pearson_residual_all_qc_fit_selected384:exact500","internal124","SRA728025_SRS3454425",20260805,"sct_pearson_residual_all_qc_fit_selected384","exact500",500,"H0;H1_separate","complete_vietoris_rips",2,"Ripserr_primary;GUDHI_exact_resource_fallback",1800,12884901888,1,0,"closed","closed",FALSE
"mv08n_ph_queue_v1",105,"mv08n_ph:internal124:SRA728025_SRS3454426:20260805:sct_data_all_qc_fit_selected384:exact500","internal124","SRA728025_SRS3454426",20260805,"sct_data_all_qc_fit_selected384","exact500",500,"H0;H1_separate","complete_vietoris_rips",2,"Ripserr_primary;GUDHI_exact_resource_fallback",1800,12884901888,1,0,"closed","closed",FALSE
"mv08n_ph_queue_v1",106,"mv08n_ph:internal124:SRA728025_SRS3454426:20260805:sct_pearson_residual_all_qc_fit_selected384:exact500","internal124","SRA728025_SRS3454426",20260805,"sct_pearson_residual_all_qc_fit_selected384","exact500",500,"H0;H1_separate","complete_vietoris_rips",2,"Ripserr_primary;GUDHI_exact_resource_fallback",1800,12884901888,1,0,"closed","closed",FALSE
"mv08n_ph_queue_v1",107,"mv08n_ph:internal124:SRA728025_SRS3454427:20260805:sct_data_all_qc_fit_selected384:exact500","internal124","SRA728025_SRS3454427",20260805,"sct_data_all_qc_fit_selected384","exact500",500,"H0;H1_separate","complete_vietoris_rips",2,"Ripserr_primary;GUDHI_exact_resource_fallback",1800,12884901888,1,0,"closed","closed",FALSE
"mv08n_ph_queue_v1",108,"mv08n_ph:internal124:SRA728025_SRS3454427:20260805:sct_pearson_residual_all_qc_fit_selected384:exact500","internal124","SRA728025_SRS3454427",20260805,"sct_pearson_residual_all_qc_fit_selected384","exact500",500,"H0;H1_separate","complete_vietoris_rips",2,"Ripserr_primary;GUDHI_exact_resource_fallback",1800,12884901888,1,0,"closed","closed",FALSE
"mv08n_ph_queue_v1",109,"mv08n_ph:internal124:SRA728025_SRS3454428:20260805:sct_data_all_qc_fit_selected384:exact500","internal124","SRA728025_SRS3454428",20260805,"sct_data_all_qc_fit_selected384","exact500",500,"H0;H1_separate","complete_vietoris_rips",2,"Ripserr_primary;GUDHI_exact_resource_fallback",1800,12884901888,1,0,"closed","closed",FALSE
"mv08n_ph_queue_v1",110,"mv08n_ph:internal124:SRA728025_SRS3454428:20260805:sct_pearson_residual_all_qc_fit_selected384:exact500","internal124","SRA728025_SRS3454428",20260805,"sct_pearson_residual_all_qc_fit_selected384","exact500",500,"H0;H1_separate","complete_vietoris_rips",2,"Ripserr_primary;GUDHI_exact_resource_fallback",1800,12884901888,1,0,"closed","closed",FALSE
"mv08n_ph_queue_v1",111,"mv08n_ph:internal124:SRA728025_SRS3454430:20260805:sct_data_all_qc_fit_selected384:exact500","internal124","SRA728025_SRS3454430",20260805,"sct_data_all_qc_fit_selected384","exact500",500,"H0;H1_separate","complete_vietoris_rips",2,"Ripserr_primary;GUDHI_exact_resource_fallback",1800,12884901888,1,0,"closed","closed",FALSE
"mv08n_ph_queue_v1",112,"mv08n_ph:internal124:SRA728025_SRS3454430:20260805:sct_pearson_residual_all_qc_fit_selected384:exact500","internal124","SRA728025_SRS3454430",20260805,"sct_pearson_residual_all_qc_fit_selected384","exact500",500,"H0;H1_separate","complete_vietoris_rips",2,"Ripserr_primary;GUDHI_exact_resource_fallback",1800,12884901888,1,0,"closed","closed",FALSE
"mv08n_ph_queue_v1",113,"mv08n_ph:internal124:SRA740174_SRS3548780:20260805:sct_data_all_qc_fit_selected384:exact500","internal124","SRA740174_SRS3548780",20260805,"sct_data_all_qc_fit_selected384","exact500",500,"H0;H1_separate","complete_vietoris_rips",2,"Ripserr_primary;GUDHI_exact_resource_fallback",1800,12884901888,1,0,"closed","closed",FALSE
"mv08n_ph_queue_v1",114,"mv08n_ph:internal124:SRA740174_SRS3548780:20260805:sct_pearson_residual_all_qc_fit_selected384:exact500","internal124","SRA740174_SRS3548780",20260805,"sct_pearson_residual_all_qc_fit_selected384","exact500",500,"H0;H1_separate","complete_vietoris_rips",2,"Ripserr_primary;GUDHI_exact_resource_fallback",1800,12884901888,1,0,"closed","closed",FALSE
"mv08n_ph_queue_v1",115,"mv08n_ph:internal124:SRA740174_SRS3548781:20260805:sct_data_all_qc_fit_selected384:exact500","internal124","SRA740174_SRS3548781",20260805,"sct_data_all_qc_fit_selected384","exact500",500,"H0;H1_separate","complete_vietoris_rips",2,"Ripserr_primary;GUDHI_exact_resource_fallback",1800,12884901888,1,0,"closed","closed",FALSE
"mv08n_ph_queue_v1",116,"mv08n_ph:internal124:SRA740174_SRS3548781:20260805:sct_pearson_residual_all_qc_fit_selected384:exact500","internal124","SRA740174_SRS3548781",20260805,"sct_pearson_residual_all_qc_fit_selected384","exact500",500,"H0;H1_separate","complete_vietoris_rips",2,"Ripserr_primary;GUDHI_exact_resource_fallback",1800,12884901888,1,0,"closed","closed",FALSE
"mv08n_ph_queue_v1",117,"mv08n_ph:internal124:SRA740174_SRS3548782:20260805:sct_data_all_qc_fit_selected384:exact500","internal124","SRA740174_SRS3548782",20260805,"sct_data_all_qc_fit_selected384","exact500",500,"H0;H1_separate","complete_vietoris_rips",2,"Ripserr_primary;GUDHI_exact_resource_fallback",1800,12884901888,1,0,"closed","closed",FALSE
"mv08n_ph_queue_v1",118,"mv08n_ph:internal124:SRA740174_SRS3548782:20260805:sct_pearson_residual_all_qc_fit_selected384:exact500","internal124","SRA740174_SRS3548782",20260805,"sct_pearson_residual_all_qc_fit_selected384","exact500",500,"H0;H1_separate","complete_vietoris_rips",2,"Ripserr_primary;GUDHI_exact_resource_fallback",1800,12884901888,1,0,"closed","closed",FALSE
"mv08n_ph_queue_v1",119,"mv08n_ph:internal124:SRA740174_SRS3548783:20260805:sct_data_all_qc_fit_selected384:exact500","internal124","SRA740174_SRS3548783",20260805,"sct_data_all_qc_fit_selected384","exact500",500,"H0;H1_separate","complete_vietoris_rips",2,"Ripserr_primary;GUDHI_exact_resource_fallback",1800,12884901888,1,0,"closed","closed",FALSE
"mv08n_ph_queue_v1",120,"mv08n_ph:internal124:SRA740174_SRS3548783:20260805:sct_pearson_residual_all_qc_fit_selected384:exact500","internal124","SRA740174_SRS3548783",20260805,"sct_pearson_residual_all_qc_fit_selected384","exact500",500,"H0;H1_separate","complete_vietoris_rips",2,"Ripserr_primary;GUDHI_exact_resource_fallback",1800,12884901888,1,0,"closed","closed",FALSE
"mv08n_ph_queue_v1",121,"mv08n_ph:internal124:SRA742961_SRS3565195:20260805:sct_data_all_qc_fit_selected384:exact500","internal124","SRA742961_SRS3565195",20260805,"sct_data_all_qc_fit_selected384","exact500",500,"H0;H1_separate","complete_vietoris_rips",2,"Ripserr_primary;GUDHI_exact_resource_fallback",1800,12884901888,1,0,"closed","closed",FALSE
"mv08n_ph_queue_v1",122,"mv08n_ph:internal124:SRA742961_SRS3565195:20260805:sct_pearson_residual_all_qc_fit_selected384:exact500","internal124","SRA742961_SRS3565195",20260805,"sct_pearson_residual_all_qc_fit_selected384","exact500",500,"H0;H1_separate","complete_vietoris_rips",2,"Ripserr_primary;GUDHI_exact_resource_fallback",1800,12884901888,1,0,"closed","closed",FALSE
"mv08n_ph_queue_v1",123,"mv08n_ph:internal124:SRA742961_SRS3565196:20260805:sct_data_all_qc_fit_selected384:exact500","internal124","SRA742961_SRS3565196",20260805,"sct_data_all_qc_fit_selected384","exact500",500,"H0;H1_separate","complete_vietoris_rips",2,"Ripserr_primary;GUDHI_exact_resource_fallback",1800,12884901888,1,0,"closed","closed",FALSE
"mv08n_ph_queue_v1",124,"mv08n_ph:internal124:SRA742961_SRS3565196:20260805:sct_pearson_residual_all_qc_fit_selected384:exact500","internal124","SRA742961_SRS3565196",20260805,"sct_pearson_residual_all_qc_fit_selected384","exact500",500,"H0;H1_separate","complete_vietoris_rips",2,"Ripserr_primary;GUDHI_exact_resource_fallback",1800,12884901888,1,0,"closed","closed",FALSE
"mv08n_ph_queue_v1",125,"mv08n_ph:internal124:SRA742961_SRS3565197:20260805:sct_data_all_qc_fit_selected384:exact500","internal124","SRA742961_SRS3565197",20260805,"sct_data_all_qc_fit_selected384","exact500",500,"H0;H1_separate","complete_vietoris_rips",2,"Ripserr_primary;GUDHI_exact_resource_fallback",1800,12884901888,1,0,"closed","closed",FALSE
"mv08n_ph_queue_v1",126,"mv08n_ph:internal124:SRA742961_SRS3565197:20260805:sct_pearson_residual_all_qc_fit_selected384:exact500","internal124","SRA742961_SRS3565197",20260805,"sct_pearson_residual_all_qc_fit_selected384","exact500",500,"H0;H1_separate","complete_vietoris_rips",2,"Ripserr_primary;GUDHI_exact_resource_fallback",1800,12884901888,1,0,"closed","closed",FALSE
"mv08n_ph_queue_v1",127,"mv08n_ph:internal124:SRA742961_SRS3565198:20260805:sct_data_all_qc_fit_selected384:exact500","internal124","SRA742961_SRS3565198",20260805,"sct_data_all_qc_fit_selected384","exact500",500,"H0;H1_separate","complete_vietoris_rips",2,"Ripserr_primary;GUDHI_exact_resource_fallback",1800,12884901888,1,0,"closed","closed",FALSE
"mv08n_ph_queue_v1",128,"mv08n_ph:internal124:SRA742961_SRS3565198:20260805:sct_pearson_residual_all_qc_fit_selected384:exact500","internal124","SRA742961_SRS3565198",20260805,"sct_pearson_residual_all_qc_fit_selected384","exact500",500,"H0;H1_separate","complete_vietoris_rips",2,"Ripserr_primary;GUDHI_exact_resource_fallback",1800,12884901888,1,0,"closed","closed",FALSE
"mv08n_ph_queue_v1",129,"mv08n_ph:internal124:SRA742961_SRS3565199:20260805:sct_data_all_qc_fit_selected384:exact500","internal124","SRA742961_SRS3565199",20260805,"sct_data_all_qc_fit_selected384","exact500",500,"H0;H1_separate","complete_vietoris_rips",2,"Ripserr_primary;GUDHI_exact_resource_fallback",1800,12884901888,1,0,"closed","closed",FALSE
"mv08n_ph_queue_v1",130,"mv08n_ph:internal124:SRA742961_SRS3565199:20260805:sct_pearson_residual_all_qc_fit_selected384:exact500","internal124","SRA742961_SRS3565199",20260805,"sct_pearson_residual_all_qc_fit_selected384","exact500",500,"H0;H1_separate","complete_vietoris_rips",2,"Ripserr_primary;GUDHI_exact_resource_fallback",1800,12884901888,1,0,"closed","closed",FALSE
"mv08n_ph_queue_v1",131,"mv08n_ph:internal124:SRA742961_SRS3565201:20260805:sct_data_all_qc_fit_selected384:exact500","internal124","SRA742961_SRS3565201",20260805,"sct_data_all_qc_fit_selected384","exact500",500,"H0;H1_separate","complete_vietoris_rips",2,"Ripserr_primary;GUDHI_exact_resource_fallback",1800,12884901888,1,0,"closed","closed",FALSE
"mv08n_ph_queue_v1",132,"mv08n_ph:internal124:SRA742961_SRS3565201:20260805:sct_pearson_residual_all_qc_fit_selected384:exact500","internal124","SRA742961_SRS3565201",20260805,"sct_pearson_residual_all_qc_fit_selected384","exact500",500,"H0;H1_separate","complete_vietoris_rips",2,"Ripserr_primary;GUDHI_exact_resource_fallback",1800,12884901888,1,0,"closed","closed",FALSE
"mv08n_ph_queue_v1",133,"mv08n_ph:internal124:SRA742961_SRS3565202:20260805:sct_data_all_qc_fit_selected384:exact500","internal124","SRA742961_SRS3565202",20260805,"sct_data_all_qc_fit_selected384","exact500",500,"H0;H1_separate","complete_vietoris_rips",2,"Ripserr_primary;GUDHI_exact_resource_fallback",1800,12884901888,1,0,"closed","closed",FALSE
"mv08n_ph_queue_v1",134,"mv08n_ph:internal124:SRA742961_SRS3565202:20260805:sct_pearson_residual_all_qc_fit_selected384:exact500","internal124","SRA742961_SRS3565202",20260805,"sct_pearson_residual_all_qc_fit_selected384","exact500",500,"H0;H1_separate","complete_vietoris_rips",2,"Ripserr_primary;GUDHI_exact_resource_fallback",1800,12884901888,1,0,"closed","closed",FALSE
"mv08n_ph_queue_v1",135,"mv08n_ph:internal124:SRA742961_SRS3565203:20260805:sct_data_all_qc_fit_selected384:exact500","internal124","SRA742961_SRS3565203",20260805,"sct_data_all_qc_fit_selected384","exact500",500,"H0;H1_separate","complete_vietoris_rips",2,"Ripserr_primary;GUDHI_exact_resource_fallback",1800,12884901888,1,0,"closed","closed",FALSE
"mv08n_ph_queue_v1",136,"mv08n_ph:internal124:SRA742961_SRS3565203:20260805:sct_pearson_residual_all_qc_fit_selected384:exact500","internal124","SRA742961_SRS3565203",20260805,"sct_pearson_residual_all_qc_fit_selected384","exact500",500,"H0;H1_separate","complete_vietoris_rips",2,"Ripserr_primary;GUDHI_exact_resource_fallback",1800,12884901888,1,0,"closed","closed",FALSE
"mv08n_ph_queue_v1",137,"mv08n_ph:internal124:SRA742961_SRS3565204:20260805:sct_data_all_qc_fit_selected384:exact500","internal124","SRA742961_SRS3565204",20260805,"sct_data_all_qc_fit_selected384","exact500",500,"H0;H1_separate","complete_vietoris_rips",2,"Ripserr_primary;GUDHI_exact_resource_fallback",1800,12884901888,1,0,"closed","closed",FALSE
"mv08n_ph_queue_v1",138,"mv08n_ph:internal124:SRA742961_SRS3565204:20260805:sct_pearson_residual_all_qc_fit_selected384:exact500","internal124","SRA742961_SRS3565204",20260805,"sct_pearson_residual_all_qc_fit_selected384","exact500",500,"H0;H1_separate","complete_vietoris_rips",2,"Ripserr_primary;GUDHI_exact_resource_fallback",1800,12884901888,1,0,"closed","closed",FALSE
"mv08n_ph_queue_v1",139,"mv08n_ph:internal124:SRA742961_SRS3565205:20260805:sct_data_all_qc_fit_selected384:exact500","internal124","SRA742961_SRS3565205",20260805,"sct_data_all_qc_fit_selected384","exact500",500,"H0;H1_separate","complete_vietoris_rips",2,"Ripserr_primary;GUDHI_exact_resource_fallback",1800,12884901888,1,0,"closed","closed",FALSE
"mv08n_ph_queue_v1",140,"mv08n_ph:internal124:SRA742961_SRS3565205:20260805:sct_pearson_residual_all_qc_fit_selected384:exact500","internal124","SRA742961_SRS3565205",20260805,"sct_pearson_residual_all_qc_fit_selected384","exact500",500,"H0;H1_separate","complete_vietoris_rips",2,"Ripserr_primary;GUDHI_exact_resource_fallback",1800,12884901888,1,0,"closed","closed",FALSE
"mv08n_ph_queue_v1",141,"mv08n_ph:internal124:SRA742961_SRS3565206:20260805:sct_data_all_qc_fit_selected384:exact500","internal124","SRA742961_SRS3565206",20260805,"sct_data_all_qc_fit_selected384","exact500",500,"H0;H1_separate","complete_vietoris_rips",2,"Ripserr_primary;GUDHI_exact_resource_fallback",1800,12884901888,1,0,"closed","closed",FALSE
"mv08n_ph_queue_v1",142,"mv08n_ph:internal124:SRA742961_SRS3565206:20260805:sct_pearson_residual_all_qc_fit_selected384:exact500","internal124","SRA742961_SRS3565206",20260805,"sct_pearson_residual_all_qc_fit_selected384","exact500",500,"H0;H1_separate","complete_vietoris_rips",2,"Ripserr_primary;GUDHI_exact_resource_fallback",1800,12884901888,1,0,"closed","closed",FALSE
"mv08n_ph_queue_v1",143,"mv08n_ph:internal124:SRA742961_SRS3565207:20260805:sct_data_all_qc_fit_selected384:exact500","internal124","SRA742961_SRS3565207",20260805,"sct_data_all_qc_fit_selected384","exact500",500,"H0;H1_separate","complete_vietoris_rips",2,"Ripserr_primary;GUDHI_exact_resource_fallback",1800,12884901888,1,0,"closed","closed",FALSE
"mv08n_ph_queue_v1",144,"mv08n_ph:internal124:SRA742961_SRS3565207:20260805:sct_pearson_residual_all_qc_fit_selected384:exact500","internal124","SRA742961_SRS3565207",20260805,"sct_pearson_residual_all_qc_fit_selected384","exact500",500,"H0;H1_separate","complete_vietoris_rips",2,"Ripserr_primary;GUDHI_exact_resource_fallback",1800,12884901888,1,0,"closed","closed",FALSE
"mv08n_ph_queue_v1",145,"mv08n_ph:internal124:SRA742961_SRS3565208:20260805:sct_data_all_qc_fit_selected384:exact500","internal124","SRA742961_SRS3565208",20260805,"sct_data_all_qc_fit_selected384","exact500",500,"H0;H1_separate","complete_vietoris_rips",2,"Ripserr_primary;GUDHI_exact_resource_fallback",1800,12884901888,1,0,"closed","closed",FALSE
"mv08n_ph_queue_v1",146,"mv08n_ph:internal124:SRA742961_SRS3565208:20260805:sct_pearson_residual_all_qc_fit_selected384:exact500","internal124","SRA742961_SRS3565208",20260805,"sct_pearson_residual_all_qc_fit_selected384","exact500",500,"H0;H1_separate","complete_vietoris_rips",2,"Ripserr_primary;GUDHI_exact_resource_fallback",1800,12884901888,1,0,"closed","closed",FALSE
"mv08n_ph_queue_v1",147,"mv08n_ph:internal124:SRA742961_SRS3565209:20260805:sct_data_all_qc_fit_selected384:exact500","internal124","SRA742961_SRS3565209",20260805,"sct_data_all_qc_fit_selected384","exact500",500,"H0;H1_separate","complete_vietoris_rips",2,"Ripserr_primary;GUDHI_exact_resource_fallback",1800,12884901888,1,0,"closed","closed",FALSE
"mv08n_ph_queue_v1",148,"mv08n_ph:internal124:SRA742961_SRS3565209:20260805:sct_pearson_residual_all_qc_fit_selected384:exact500","internal124","SRA742961_SRS3565209",20260805,"sct_pearson_residual_all_qc_fit_selected384","exact500",500,"H0;H1_separate","complete_vietoris_rips",2,"Ripserr_primary;GUDHI_exact_resource_fallback",1800,12884901888,1,0,"closed","closed",FALSE
"mv08n_ph_queue_v1",149,"mv08n_ph:internal124:SRA742961_SRS3565210:20260805:sct_data_all_qc_fit_selected384:exact500","internal124","SRA742961_SRS3565210",20260805,"sct_data_all_qc_fit_selected384","exact500",500,"H0;H1_separate","complete_vietoris_rips",2,"Ripserr_primary;GUDHI_exact_resource_fallback",1800,12884901888,1,0,"closed","closed",FALSE
"mv08n_ph_queue_v1",150,"mv08n_ph:internal124:SRA742961_SRS3565210:20260805:sct_pearson_residual_all_qc_fit_selected384:exact500","internal124","SRA742961_SRS3565210",20260805,"sct_pearson_residual_all_qc_fit_selected384","exact500",500,"H0;H1_separate","complete_vietoris_rips",2,"Ripserr_primary;GUDHI_exact_resource_fallback",1800,12884901888,1,0,"closed","closed",FALSE
"mv08n_ph_queue_v1",151,"mv08n_ph:internal124:SRA742961_SRS3565211:20260805:sct_data_all_qc_fit_selected384:exact500","internal124","SRA742961_SRS3565211",20260805,"sct_data_all_qc_fit_selected384","exact500",500,"H0;H1_separate","complete_vietoris_rips",2,"Ripserr_primary;GUDHI_exact_resource_fallback",1800,12884901888,1,0,"closed","closed",FALSE
"mv08n_ph_queue_v1",152,"mv08n_ph:internal124:SRA742961_SRS3565211:20260805:sct_pearson_residual_all_qc_fit_selected384:exact500","internal124","SRA742961_SRS3565211",20260805,"sct_pearson_residual_all_qc_fit_selected384","exact500",500,"H0;H1_separate","complete_vietoris_rips",2,"Ripserr_primary;GUDHI_exact_resource_fallback",1800,12884901888,1,0,"closed","closed",FALSE
"mv08n_ph_queue_v1",153,"mv08n_ph:internal124:SRA749327_SRS3693910:20260805:sct_data_all_qc_fit_selected384:exact500","internal124","SRA749327_SRS3693910",20260805,"sct_data_all_qc_fit_selected384","exact500",500,"H0;H1_separate","complete_vietoris_rips",2,"Ripserr_primary;GUDHI_exact_resource_fallback",1800,12884901888,1,0,"closed","closed",FALSE
"mv08n_ph_queue_v1",154,"mv08n_ph:internal124:SRA749327_SRS3693910:20260805:sct_pearson_residual_all_qc_fit_selected384:exact500","internal124","SRA749327_SRS3693910",20260805,"sct_pearson_residual_all_qc_fit_selected384","exact500",500,"H0;H1_separate","complete_vietoris_rips",2,"Ripserr_primary;GUDHI_exact_resource_fallback",1800,12884901888,1,0,"closed","closed",FALSE
"mv08n_ph_queue_v1",155,"mv08n_ph:internal124:SRA749327_SRS3693911:20260805:sct_data_all_qc_fit_selected384:exact500","internal124","SRA749327_SRS3693911",20260805,"sct_data_all_qc_fit_selected384","exact500",500,"H0;H1_separate","complete_vietoris_rips",2,"Ripserr_primary;GUDHI_exact_resource_fallback",1800,12884901888,1,0,"closed","closed",FALSE
"mv08n_ph_queue_v1",156,"mv08n_ph:internal124:SRA749327_SRS3693911:20260805:sct_pearson_residual_all_qc_fit_selected384:exact500","internal124","SRA749327_SRS3693911",20260805,"sct_pearson_residual_all_qc_fit_selected384","exact500",500,"H0;H1_separate","complete_vietoris_rips",2,"Ripserr_primary;GUDHI_exact_resource_fallback",1800,12884901888,1,0,"closed","closed",FALSE
"mv08n_ph_queue_v1",157,"mv08n_ph:internal124:SRA749327_SRS3693912:20260805:sct_data_all_qc_fit_selected384:exact500","internal124","SRA749327_SRS3693912",20260805,"sct_data_all_qc_fit_selected384","exact500",500,"H0;H1_separate","complete_vietoris_rips",2,"Ripserr_primary;GUDHI_exact_resource_fallback",1800,12884901888,1,0,"closed","closed",FALSE
"mv08n_ph_queue_v1",158,"mv08n_ph:internal124:SRA749327_SRS3693912:20260805:sct_pearson_residual_all_qc_fit_selected384:exact500","internal124","SRA749327_SRS3693912",20260805,"sct_pearson_residual_all_qc_fit_selected384","exact500",500,"H0;H1_separate","complete_vietoris_rips",2,"Ripserr_primary;GUDHI_exact_resource_fallback",1800,12884901888,1,0,"closed","closed",FALSE
"mv08n_ph_queue_v1",159,"mv08n_ph:internal124:SRA749327_SRS3693913:20260805:sct_data_all_qc_fit_selected384:exact500","internal124","SRA749327_SRS3693913",20260805,"sct_data_all_qc_fit_selected384","exact500",500,"H0;H1_separate","complete_vietoris_rips",2,"Ripserr_primary;GUDHI_exact_resource_fallback",1800,12884901888,1,0,"closed","closed",FALSE
"mv08n_ph_queue_v1",160,"mv08n_ph:internal124:SRA749327_SRS3693913:20260805:sct_pearson_residual_all_qc_fit_selected384:exact500","internal124","SRA749327_SRS3693913",20260805,"sct_pearson_residual_all_qc_fit_selected384","exact500",500,"H0;H1_separate","complete_vietoris_rips",2,"Ripserr_primary;GUDHI_exact_resource_fallback",1800,12884901888,1,0,"closed","closed",FALSE
"mv08n_ph_queue_v1",161,"mv08n_ph:internal124:SRA760933_SRS3693061:20260805:sct_data_all_qc_fit_selected384:exact500","internal124","SRA760933_SRS3693061",20260805,"sct_data_all_qc_fit_selected384","exact500",500,"H0;H1_separate","complete_vietoris_rips",2,"Ripserr_primary;GUDHI_exact_resource_fallback",1800,12884901888,1,0,"closed","closed",FALSE
"mv08n_ph_queue_v1",162,"mv08n_ph:internal124:SRA760933_SRS3693061:20260805:sct_pearson_residual_all_qc_fit_selected384:exact500","internal124","SRA760933_SRS3693061",20260805,"sct_pearson_residual_all_qc_fit_selected384","exact500",500,"H0;H1_separate","complete_vietoris_rips",2,"Ripserr_primary;GUDHI_exact_resource_fallback",1800,12884901888,1,0,"closed","closed",FALSE
"mv08n_ph_queue_v1",163,"mv08n_ph:internal124:SRA779509_SRS3805245:20260805:sct_data_all_qc_fit_selected384:exact500","internal124","SRA779509_SRS3805245",20260805,"sct_data_all_qc_fit_selected384","exact500",500,"H0;H1_separate","complete_vietoris_rips",2,"Ripserr_primary;GUDHI_exact_resource_fallback",1800,12884901888,1,0,"closed","closed",FALSE
"mv08n_ph_queue_v1",164,"mv08n_ph:internal124:SRA779509_SRS3805245:20260805:sct_pearson_residual_all_qc_fit_selected384:exact500","internal124","SRA779509_SRS3805245",20260805,"sct_pearson_residual_all_qc_fit_selected384","exact500",500,"H0;H1_separate","complete_vietoris_rips",2,"Ripserr_primary;GUDHI_exact_resource_fallback",1800,12884901888,1,0,"closed","closed",FALSE
"mv08n_ph_queue_v1",165,"mv08n_ph:internal124:SRA779509_SRS3805246:20260805:sct_data_all_qc_fit_selected384:exact500","internal124","SRA779509_SRS3805246",20260805,"sct_data_all_qc_fit_selected384","exact500",500,"H0;H1_separate","complete_vietoris_rips",2,"Ripserr_primary;GUDHI_exact_resource_fallback",1800,12884901888,1,0,"closed","closed",FALSE
"mv08n_ph_queue_v1",166,"mv08n_ph:internal124:SRA779509_SRS3805246:20260805:sct_pearson_residual_all_qc_fit_selected384:exact500","internal124","SRA779509_SRS3805246",20260805,"sct_pearson_residual_all_qc_fit_selected384","exact500",500,"H0;H1_separate","complete_vietoris_rips",2,"Ripserr_primary;GUDHI_exact_resource_fallback",1800,12884901888,1,0,"closed","closed",FALSE
"mv08n_ph_queue_v1",167,"mv08n_ph:internal124:SRA779509_SRS3805247:20260805:sct_data_all_qc_fit_selected384:exact500","internal124","SRA779509_SRS3805247",20260805,"sct_data_all_qc_fit_selected384","exact500",500,"H0;H1_separate","complete_vietoris_rips",2,"Ripserr_primary;GUDHI_exact_resource_fallback",1800,12884901888,1,0,"closed","closed",FALSE
"mv08n_ph_queue_v1",168,"mv08n_ph:internal124:SRA779509_SRS3805247:20260805:sct_pearson_residual_all_qc_fit_selected384:exact500","internal124","SRA779509_SRS3805247",20260805,"sct_pearson_residual_all_qc_fit_selected384","exact500",500,"H0;H1_separate","complete_vietoris_rips",2,"Ripserr_primary;GUDHI_exact_resource_fallback",1800,12884901888,1,0,"closed","closed",FALSE
"mv08n_ph_queue_v1",169,"mv08n_ph:internal124:SRA779509_SRS3805248:20260805:sct_data_all_qc_fit_selected384:exact500","internal124","SRA779509_SRS3805248",20260805,"sct_data_all_qc_fit_selected384","exact500",500,"H0;H1_separate","complete_vietoris_rips",2,"Ripserr_primary;GUDHI_exact_resource_fallback",1800,12884901888,1,0,"closed","closed",FALSE
"mv08n_ph_queue_v1",170,"mv08n_ph:internal124:SRA779509_SRS3805248:20260805:sct_pearson_residual_all_qc_fit_selected384:exact500","internal124","SRA779509_SRS3805248",20260805,"sct_pearson_residual_all_qc_fit_selected384","exact500",500,"H0;H1_separate","complete_vietoris_rips",2,"Ripserr_primary;GUDHI_exact_resource_fallback",1800,12884901888,1,0,"closed","closed",FALSE
"mv08n_ph_queue_v1",171,"mv08n_ph:internal124:SRA779509_SRS3805249:20260805:sct_data_all_qc_fit_selected384:exact500","internal124","SRA779509_SRS3805249",20260805,"sct_data_all_qc_fit_selected384","exact500",500,"H0;H1_separate","complete_vietoris_rips",2,"Ripserr_primary;GUDHI_exact_resource_fallback",1800,12884901888,1,0,"closed","closed",FALSE
"mv08n_ph_queue_v1",172,"mv08n_ph:internal124:SRA779509_SRS3805249:20260805:sct_pearson_residual_all_qc_fit_selected384:exact500","internal124","SRA779509_SRS3805249",20260805,"sct_pearson_residual_all_qc_fit_selected384","exact500",500,"H0;H1_separate","complete_vietoris_rips",2,"Ripserr_primary;GUDHI_exact_resource_fallback",1800,12884901888,1,0,"closed","closed",FALSE
"mv08n_ph_queue_v1",173,"mv08n_ph:internal124:SRA779509_SRS3805250:20260805:sct_data_all_qc_fit_selected384:exact500","internal124","SRA779509_SRS3805250",20260805,"sct_data_all_qc_fit_selected384","exact500",500,"H0;H1_separate","complete_vietoris_rips",2,"Ripserr_primary;GUDHI_exact_resource_fallback",1800,12884901888,1,0,"closed","closed",FALSE
"mv08n_ph_queue_v1",174,"mv08n_ph:internal124:SRA779509_SRS3805250:20260805:sct_pearson_residual_all_qc_fit_selected384:exact500","internal124","SRA779509_SRS3805250",20260805,"sct_pearson_residual_all_qc_fit_selected384","exact500",500,"H0;H1_separate","complete_vietoris_rips",2,"Ripserr_primary;GUDHI_exact_resource_fallback",1800,12884901888,1,0,"closed","closed",FALSE
"mv08n_ph_queue_v1",175,"mv08n_ph:internal124:SRA779509_SRS3805251:20260805:sct_data_all_qc_fit_selected384:exact500","internal124","SRA779509_SRS3805251",20260805,"sct_data_all_qc_fit_selected384","exact500",500,"H0;H1_separate","complete_vietoris_rips",2,"Ripserr_primary;GUDHI_exact_resource_fallback",1800,12884901888,1,0,"closed","closed",FALSE
"mv08n_ph_queue_v1",176,"mv08n_ph:internal124:SRA779509_SRS3805251:20260805:sct_pearson_residual_all_qc_fit_selected384:exact500","internal124","SRA779509_SRS3805251",20260805,"sct_pearson_residual_all_qc_fit_selected384","exact500",500,"H0;H1_separate","complete_vietoris_rips",2,"Ripserr_primary;GUDHI_exact_resource_fallback",1800,12884901888,1,0,"closed","closed",FALSE
"mv08n_ph_queue_v1",177,"mv08n_ph:internal124:SRA779509_SRS3805252:20260805:sct_data_all_qc_fit_selected384:exact500","internal124","SRA779509_SRS3805252",20260805,"sct_data_all_qc_fit_selected384","exact500",500,"H0;H1_separate","complete_vietoris_rips",2,"Ripserr_primary;GUDHI_exact_resource_fallback",1800,12884901888,1,0,"closed","closed",FALSE
"mv08n_ph_queue_v1",178,"mv08n_ph:internal124:SRA779509_SRS3805252:20260805:sct_pearson_residual_all_qc_fit_selected384:exact500","internal124","SRA779509_SRS3805252",20260805,"sct_pearson_residual_all_qc_fit_selected384","exact500",500,"H0;H1_separate","complete_vietoris_rips",2,"Ripserr_primary;GUDHI_exact_resource_fallback",1800,12884901888,1,0,"closed","closed",FALSE
"mv08n_ph_queue_v1",179,"mv08n_ph:internal124:SRA779509_SRS3805253:20260805:sct_data_all_qc_fit_selected384:exact500","internal124","SRA779509_SRS3805253",20260805,"sct_data_all_qc_fit_selected384","exact500",500,"H0;H1_separate","complete_vietoris_rips",2,"Ripserr_primary;GUDHI_exact_resource_fallback",1800,12884901888,1,0,"closed","closed",FALSE
"mv08n_ph_queue_v1",180,"mv08n_ph:internal124:SRA779509_SRS3805253:20260805:sct_pearson_residual_all_qc_fit_selected384:exact500","internal124","SRA779509_SRS3805253",20260805,"sct_pearson_residual_all_qc_fit_selected384","exact500",500,"H0;H1_separate","complete_vietoris_rips",2,"Ripserr_primary;GUDHI_exact_resource_fallback",1800,12884901888,1,0,"closed","closed",FALSE
"mv08n_ph_queue_v1",181,"mv08n_ph:internal124:SRA779509_SRS3805254:20260805:sct_data_all_qc_fit_selected384:exact500","internal124","SRA779509_SRS3805254",20260805,"sct_data_all_qc_fit_selected384","exact500",500,"H0;H1_separate","complete_vietoris_rips",2,"Ripserr_primary;GUDHI_exact_resource_fallback",1800,12884901888,1,0,"closed","closed",FALSE
"mv08n_ph_queue_v1",182,"mv08n_ph:internal124:SRA779509_SRS3805254:20260805:sct_pearson_residual_all_qc_fit_selected384:exact500","internal124","SRA779509_SRS3805254",20260805,"sct_pearson_residual_all_qc_fit_selected384","exact500",500,"H0;H1_separate","complete_vietoris_rips",2,"Ripserr_primary;GUDHI_exact_resource_fallback",1800,12884901888,1,0,"closed","closed",FALSE
"mv08n_ph_queue_v1",183,"mv08n_ph:internal124:SRA779509_SRS3805255:20260805:sct_data_all_qc_fit_selected384:exact500","internal124","SRA779509_SRS3805255",20260805,"sct_data_all_qc_fit_selected384","exact500",500,"H0;H1_separate","complete_vietoris_rips",2,"Ripserr_primary;GUDHI_exact_resource_fallback",1800,12884901888,1,0,"closed","closed",FALSE
"mv08n_ph_queue_v1",184,"mv08n_ph:internal124:SRA779509_SRS3805255:20260805:sct_pearson_residual_all_qc_fit_selected384:exact500","internal124","SRA779509_SRS3805255",20260805,"sct_pearson_residual_all_qc_fit_selected384","exact500",500,"H0;H1_separate","complete_vietoris_rips",2,"Ripserr_primary;GUDHI_exact_resource_fallback",1800,12884901888,1,0,"closed","closed",FALSE
"mv08n_ph_queue_v1",185,"mv08n_ph:internal124:SRA779509_SRS3805256:20260805:sct_data_all_qc_fit_selected384:exact500","internal124","SRA779509_SRS3805256",20260805,"sct_data_all_qc_fit_selected384","exact500",500,"H0;H1_separate","complete_vietoris_rips",2,"Ripserr_primary;GUDHI_exact_resource_fallback",1800,12884901888,1,0,"closed","closed",FALSE
"mv08n_ph_queue_v1",186,"mv08n_ph:internal124:SRA779509_SRS3805256:20260805:sct_pearson_residual_all_qc_fit_selected384:exact500","internal124","SRA779509_SRS3805256",20260805,"sct_pearson_residual_all_qc_fit_selected384","exact500",500,"H0;H1_separate","complete_vietoris_rips",2,"Ripserr_primary;GUDHI_exact_resource_fallback",1800,12884901888,1,0,"closed","closed",FALSE
"mv08n_ph_queue_v1",187,"mv08n_ph:internal124:SRA779509_SRS3805257:20260805:sct_data_all_qc_fit_selected384:exact500","internal124","SRA779509_SRS3805257",20260805,"sct_data_all_qc_fit_selected384","exact500",500,"H0;H1_separate","complete_vietoris_rips",2,"Ripserr_primary;GUDHI_exact_resource_fallback",1800,12884901888,1,0,"closed","closed",FALSE
"mv08n_ph_queue_v1",188,"mv08n_ph:internal124:SRA779509_SRS3805257:20260805:sct_pearson_residual_all_qc_fit_selected384:exact500","internal124","SRA779509_SRS3805257",20260805,"sct_pearson_residual_all_qc_fit_selected384","exact500",500,"H0;H1_separate","complete_vietoris_rips",2,"Ripserr_primary;GUDHI_exact_resource_fallback",1800,12884901888,1,0,"closed","closed",FALSE
"mv08n_ph_queue_v1",189,"mv08n_ph:internal124:SRA779509_SRS3805258:20260805:sct_data_all_qc_fit_selected384:exact500","internal124","SRA779509_SRS3805258",20260805,"sct_data_all_qc_fit_selected384","exact500",500,"H0;H1_separate","complete_vietoris_rips",2,"Ripserr_primary;GUDHI_exact_resource_fallback",1800,12884901888,1,0,"closed","closed",FALSE
"mv08n_ph_queue_v1",190,"mv08n_ph:internal124:SRA779509_SRS3805258:20260805:sct_pearson_residual_all_qc_fit_selected384:exact500","internal124","SRA779509_SRS3805258",20260805,"sct_pearson_residual_all_qc_fit_selected384","exact500",500,"H0;H1_separate","complete_vietoris_rips",2,"Ripserr_primary;GUDHI_exact_resource_fallback",1800,12884901888,1,0,"closed","closed",FALSE
"mv08n_ph_queue_v1",191,"mv08n_ph:internal124:SRA779509_SRS3805259:20260805:sct_data_all_qc_fit_selected384:exact500","internal124","SRA779509_SRS3805259",20260805,"sct_data_all_qc_fit_selected384","exact500",500,"H0;H1_separate","complete_vietoris_rips",2,"Ripserr_primary;GUDHI_exact_resource_fallback",1800,12884901888,1,0,"closed","closed",FALSE
"mv08n_ph_queue_v1",192,"mv08n_ph:internal124:SRA779509_SRS3805259:20260805:sct_pearson_residual_all_qc_fit_selected384:exact500","internal124","SRA779509_SRS3805259",20260805,"sct_pearson_residual_all_qc_fit_selected384","exact500",500,"H0;H1_separate","complete_vietoris_rips",2,"Ripserr_primary;GUDHI_exact_resource_fallback",1800,12884901888,1,0,"closed","closed",FALSE
"mv08n_ph_queue_v1",193,"mv08n_ph:internal124:SRA779509_SRS3805260:20260805:sct_data_all_qc_fit_selected384:exact500","internal124","SRA779509_SRS3805260",20260805,"sct_data_all_qc_fit_selected384","exact500",500,"H0;H1_separate","complete_vietoris_rips",2,"Ripserr_primary;GUDHI_exact_resource_fallback",1800,12884901888,1,0,"closed","closed",FALSE
"mv08n_ph_queue_v1",194,"mv08n_ph:internal124:SRA779509_SRS3805260:20260805:sct_pearson_residual_all_qc_fit_selected384:exact500","internal124","SRA779509_SRS3805260",20260805,"sct_pearson_residual_all_qc_fit_selected384","exact500",500,"H0;H1_separate","complete_vietoris_rips",2,"Ripserr_primary;GUDHI_exact_resource_fallback",1800,12884901888,1,0,"closed","closed",FALSE
"mv08n_ph_queue_v1",195,"mv08n_ph:internal124:SRA779509_SRS3805261:20260805:sct_data_all_qc_fit_selected384:exact500","internal124","SRA779509_SRS3805261",20260805,"sct_data_all_qc_fit_selected384","exact500",500,"H0;H1_separate","complete_vietoris_rips",2,"Ripserr_primary;GUDHI_exact_resource_fallback",1800,12884901888,1,0,"closed","closed",FALSE
"mv08n_ph_queue_v1",196,"mv08n_ph:internal124:SRA779509_SRS3805261:20260805:sct_pearson_residual_all_qc_fit_selected384:exact500","internal124","SRA779509_SRS3805261",20260805,"sct_pearson_residual_all_qc_fit_selected384","exact500",500,"H0;H1_separate","complete_vietoris_rips",2,"Ripserr_primary;GUDHI_exact_resource_fallback",1800,12884901888,1,0,"closed","closed",FALSE
"mv08n_ph_queue_v1",197,"mv08n_ph:internal124:SRA779509_SRS3805262:20260805:sct_data_all_qc_fit_selected384:exact500","internal124","SRA779509_SRS3805262",20260805,"sct_data_all_qc_fit_selected384","exact500",500,"H0;H1_separate","complete_vietoris_rips",2,"Ripserr_primary;GUDHI_exact_resource_fallback",1800,12884901888,1,0,"closed","closed",FALSE
"mv08n_ph_queue_v1",198,"mv08n_ph:internal124:SRA779509_SRS3805262:20260805:sct_pearson_residual_all_qc_fit_selected384:exact500","internal124","SRA779509_SRS3805262",20260805,"sct_pearson_residual_all_qc_fit_selected384","exact500",500,"H0;H1_separate","complete_vietoris_rips",2,"Ripserr_primary;GUDHI_exact_resource_fallback",1800,12884901888,1,0,"closed","closed",FALSE
"mv08n_ph_queue_v1",199,"mv08n_ph:internal124:SRA779509_SRS3805263:20260805:sct_data_all_qc_fit_selected384:exact500","internal124","SRA779509_SRS3805263",20260805,"sct_data_all_qc_fit_selected384","exact500",500,"H0;H1_separate","complete_vietoris_rips",2,"Ripserr_primary;GUDHI_exact_resource_fallback",1800,12884901888,1,0,"closed","closed",FALSE
"mv08n_ph_queue_v1",200,"mv08n_ph:internal124:SRA779509_SRS3805263:20260805:sct_pearson_residual_all_qc_fit_selected384:exact500","internal124","SRA779509_SRS3805263",20260805,"sct_pearson_residual_all_qc_fit_selected384","exact500",500,"H0;H1_separate","complete_vietoris_rips",2,"Ripserr_primary;GUDHI_exact_resource_fallback",1800,12884901888,1,0,"closed","closed",FALSE
"mv08n_ph_queue_v1",201,"mv08n_ph:internal124:SRA779509_SRS3805264:20260805:sct_data_all_qc_fit_selected384:exact500","internal124","SRA779509_SRS3805264",20260805,"sct_data_all_qc_fit_selected384","exact500",500,"H0;H1_separate","complete_vietoris_rips",2,"Ripserr_primary;GUDHI_exact_resource_fallback",1800,12884901888,1,0,"closed","closed",FALSE
"mv08n_ph_queue_v1",202,"mv08n_ph:internal124:SRA779509_SRS3805264:20260805:sct_pearson_residual_all_qc_fit_selected384:exact500","internal124","SRA779509_SRS3805264",20260805,"sct_pearson_residual_all_qc_fit_selected384","exact500",500,"H0;H1_separate","complete_vietoris_rips",2,"Ripserr_primary;GUDHI_exact_resource_fallback",1800,12884901888,1,0,"closed","closed",FALSE
"mv08n_ph_queue_v1",203,"mv08n_ph:internal124:SRA779509_SRS3805265:20260805:sct_data_all_qc_fit_selected384:exact500","internal124","SRA779509_SRS3805265",20260805,"sct_data_all_qc_fit_selected384","exact500",500,"H0;H1_separate","complete_vietoris_rips",2,"Ripserr_primary;GUDHI_exact_resource_fallback",1800,12884901888,1,0,"closed","closed",FALSE
"mv08n_ph_queue_v1",204,"mv08n_ph:internal124:SRA779509_SRS3805265:20260805:sct_pearson_residual_all_qc_fit_selected384:exact500","internal124","SRA779509_SRS3805265",20260805,"sct_pearson_residual_all_qc_fit_selected384","exact500",500,"H0;H1_separate","complete_vietoris_rips",2,"Ripserr_primary;GUDHI_exact_resource_fallback",1800,12884901888,1,0,"closed","closed",FALSE
"mv08n_ph_queue_v1",205,"mv08n_ph:internal124:SRA779509_SRS3805266:20260805:sct_data_all_qc_fit_selected384:exact500","internal124","SRA779509_SRS3805266",20260805,"sct_data_all_qc_fit_selected384","exact500",500,"H0;H1_separate","complete_vietoris_rips",2,"Ripserr_primary;GUDHI_exact_resource_fallback",1800,12884901888,1,0,"closed","closed",FALSE
"mv08n_ph_queue_v1",206,"mv08n_ph:internal124:SRA779509_SRS3805266:20260805:sct_pearson_residual_all_qc_fit_selected384:exact500","internal124","SRA779509_SRS3805266",20260805,"sct_pearson_residual_all_qc_fit_selected384","exact500",500,"H0;H1_separate","complete_vietoris_rips",2,"Ripserr_primary;GUDHI_exact_resource_fallback",1800,12884901888,1,0,"closed","closed",FALSE
"mv08n_ph_queue_v1",207,"mv08n_ph:internal124:SRA779509_SRS3805267:20260805:sct_data_all_qc_fit_selected384:exact500","internal124","SRA779509_SRS3805267",20260805,"sct_data_all_qc_fit_selected384","exact500",500,"H0;H1_separate","complete_vietoris_rips",2,"Ripserr_primary;GUDHI_exact_resource_fallback",1800,12884901888,1,0,"closed","closed",FALSE
"mv08n_ph_queue_v1",208,"mv08n_ph:internal124:SRA779509_SRS3805267:20260805:sct_pearson_residual_all_qc_fit_selected384:exact500","internal124","SRA779509_SRS3805267",20260805,"sct_pearson_residual_all_qc_fit_selected384","exact500",500,"H0;H1_separate","complete_vietoris_rips",2,"Ripserr_primary;GUDHI_exact_resource_fallback",1800,12884901888,1,0,"closed","closed",FALSE
"mv08n_ph_queue_v1",209,"mv08n_ph:internal124:SRA779509_SRS3805268:20260805:sct_data_all_qc_fit_selected384:exact500","internal124","SRA779509_SRS3805268",20260805,"sct_data_all_qc_fit_selected384","exact500",500,"H0;H1_separate","complete_vietoris_rips",2,"Ripserr_primary;GUDHI_exact_resource_fallback",1800,12884901888,1,0,"closed","closed",FALSE
"mv08n_ph_queue_v1",210,"mv08n_ph:internal124:SRA779509_SRS3805268:20260805:sct_pearson_residual_all_qc_fit_selected384:exact500","internal124","SRA779509_SRS3805268",20260805,"sct_pearson_residual_all_qc_fit_selected384","exact500",500,"H0;H1_separate","complete_vietoris_rips",2,"Ripserr_primary;GUDHI_exact_resource_fallback",1800,12884901888,1,0,"closed","closed",FALSE
"mv08n_ph_queue_v1",211,"mv08n_ph:internal124:SRA779509_SRS3805269:20260805:sct_data_all_qc_fit_selected384:exact500","internal124","SRA779509_SRS3805269",20260805,"sct_data_all_qc_fit_selected384","exact500",500,"H0;H1_separate","complete_vietoris_rips",2,"Ripserr_primary;GUDHI_exact_resource_fallback",1800,12884901888,1,0,"closed","closed",FALSE
"mv08n_ph_queue_v1",212,"mv08n_ph:internal124:SRA779509_SRS3805269:20260805:sct_pearson_residual_all_qc_fit_selected384:exact500","internal124","SRA779509_SRS3805269",20260805,"sct_pearson_residual_all_qc_fit_selected384","exact500",500,"H0;H1_separate","complete_vietoris_rips",2,"Ripserr_primary;GUDHI_exact_resource_fallback",1800,12884901888,1,0,"closed","closed",FALSE
"mv08n_ph_queue_v1",213,"mv08n_ph:internal124:SRA784242_SRS3822680:20260805:sct_data_all_qc_fit_selected384:exact500","internal124","SRA784242_SRS3822680",20260805,"sct_data_all_qc_fit_selected384","exact500",500,"H0;H1_separate","complete_vietoris_rips",2,"Ripserr_primary;GUDHI_exact_resource_fallback",1800,12884901888,1,0,"closed","closed",FALSE
"mv08n_ph_queue_v1",214,"mv08n_ph:internal124:SRA784242_SRS3822680:20260805:sct_pearson_residual_all_qc_fit_selected384:exact500","internal124","SRA784242_SRS3822680",20260805,"sct_pearson_residual_all_qc_fit_selected384","exact500",500,"H0;H1_separate","complete_vietoris_rips",2,"Ripserr_primary;GUDHI_exact_resource_fallback",1800,12884901888,1,0,"closed","closed",FALSE
"mv08n_ph_queue_v1",215,"mv08n_ph:internal124:SRA784242_SRS3822682:20260805:sct_data_all_qc_fit_selected384:exact500","internal124","SRA784242_SRS3822682",20260805,"sct_data_all_qc_fit_selected384","exact500",500,"H0;H1_separate","complete_vietoris_rips",2,"Ripserr_primary;GUDHI_exact_resource_fallback",1800,12884901888,1,0,"closed","closed",FALSE
"mv08n_ph_queue_v1",216,"mv08n_ph:internal124:SRA784242_SRS3822682:20260805:sct_pearson_residual_all_qc_fit_selected384:exact500","internal124","SRA784242_SRS3822682",20260805,"sct_pearson_residual_all_qc_fit_selected384","exact500",500,"H0;H1_separate","complete_vietoris_rips",2,"Ripserr_primary;GUDHI_exact_resource_fallback",1800,12884901888,1,0,"closed","closed",FALSE
"mv08n_ph_queue_v1",217,"mv08n_ph:internal124:SRA784242_SRS3822683:20260805:sct_data_all_qc_fit_selected384:exact500","internal124","SRA784242_SRS3822683",20260805,"sct_data_all_qc_fit_selected384","exact500",500,"H0;H1_separate","complete_vietoris_rips",2,"Ripserr_primary;GUDHI_exact_resource_fallback",1800,12884901888,1,0,"closed","closed",FALSE
"mv08n_ph_queue_v1",218,"mv08n_ph:internal124:SRA784242_SRS3822683:20260805:sct_pearson_residual_all_qc_fit_selected384:exact500","internal124","SRA784242_SRS3822683",20260805,"sct_pearson_residual_all_qc_fit_selected384","exact500",500,"H0;H1_separate","complete_vietoris_rips",2,"Ripserr_primary;GUDHI_exact_resource_fallback",1800,12884901888,1,0,"closed","closed",FALSE
"mv08n_ph_queue_v1",219,"mv08n_ph:internal124:SRA784242_SRS3822686:20260805:sct_data_all_qc_fit_selected384:exact500","internal124","SRA784242_SRS3822686",20260805,"sct_data_all_qc_fit_selected384","exact500",500,"H0;H1_separate","complete_vietoris_rips",2,"Ripserr_primary;GUDHI_exact_resource_fallback",1800,12884901888,1,0,"closed","closed",FALSE
"mv08n_ph_queue_v1",220,"mv08n_ph:internal124:SRA784242_SRS3822686:20260805:sct_pearson_residual_all_qc_fit_selected384:exact500","internal124","SRA784242_SRS3822686",20260805,"sct_pearson_residual_all_qc_fit_selected384","exact500",500,"H0;H1_separate","complete_vietoris_rips",2,"Ripserr_primary;GUDHI_exact_resource_fallback",1800,12884901888,1,0,"closed","closed",FALSE
"mv08n_ph_queue_v1",221,"mv08n_ph:internal124:SRA826293_SRS4181123:20260805:sct_data_all_qc_fit_selected384:exact500","internal124","SRA826293_SRS4181123",20260805,"sct_data_all_qc_fit_selected384","exact500",500,"H0;H1_separate","complete_vietoris_rips",2,"Ripserr_primary;GUDHI_exact_resource_fallback",1800,12884901888,1,0,"closed","closed",FALSE
"mv08n_ph_queue_v1",222,"mv08n_ph:internal124:SRA826293_SRS4181123:20260805:sct_pearson_residual_all_qc_fit_selected384:exact500","internal124","SRA826293_SRS4181123",20260805,"sct_pearson_residual_all_qc_fit_selected384","exact500",500,"H0;H1_separate","complete_vietoris_rips",2,"Ripserr_primary;GUDHI_exact_resource_fallback",1800,12884901888,1,0,"closed","closed",FALSE
"mv08n_ph_queue_v1",223,"mv08n_ph:internal124:SRA826293_SRS4181124:20260805:sct_data_all_qc_fit_selected384:exact500","internal124","SRA826293_SRS4181124",20260805,"sct_data_all_qc_fit_selected384","exact500",500,"H0;H1_separate","complete_vietoris_rips",2,"Ripserr_primary;GUDHI_exact_resource_fallback",1800,12884901888,1,0,"closed","closed",FALSE
"mv08n_ph_queue_v1",224,"mv08n_ph:internal124:SRA826293_SRS4181124:20260805:sct_pearson_residual_all_qc_fit_selected384:exact500","internal124","SRA826293_SRS4181124",20260805,"sct_pearson_residual_all_qc_fit_selected384","exact500",500,"H0;H1_separate","complete_vietoris_rips",2,"Ripserr_primary;GUDHI_exact_resource_fallback",1800,12884901888,1,0,"closed","closed",FALSE
"mv08n_ph_queue_v1",225,"mv08n_ph:internal124:SRA826293_SRS4181125:20260805:sct_data_all_qc_fit_selected384:exact500","internal124","SRA826293_SRS4181125",20260805,"sct_data_all_qc_fit_selected384","exact500",500,"H0;H1_separate","complete_vietoris_rips",2,"Ripserr_primary;GUDHI_exact_resource_fallback",1800,12884901888,1,0,"closed","closed",FALSE
"mv08n_ph_queue_v1",226,"mv08n_ph:internal124:SRA826293_SRS4181125:20260805:sct_pearson_residual_all_qc_fit_selected384:exact500","internal124","SRA826293_SRS4181125",20260805,"sct_pearson_residual_all_qc_fit_selected384","exact500",500,"H0;H1_separate","complete_vietoris_rips",2,"Ripserr_primary;GUDHI_exact_resource_fallback",1800,12884901888,1,0,"closed","closed",FALSE
"mv08n_ph_queue_v1",227,"mv08n_ph:internal124:SRA826293_SRS4181126:20260805:sct_data_all_qc_fit_selected384:exact500","internal124","SRA826293_SRS4181126",20260805,"sct_data_all_qc_fit_selected384","exact500",500,"H0;H1_separate","complete_vietoris_rips",2,"Ripserr_primary;GUDHI_exact_resource_fallback",1800,12884901888,1,0,"closed","closed",FALSE
"mv08n_ph_queue_v1",228,"mv08n_ph:internal124:SRA826293_SRS4181126:20260805:sct_pearson_residual_all_qc_fit_selected384:exact500","internal124","SRA826293_SRS4181126",20260805,"sct_pearson_residual_all_qc_fit_selected384","exact500",500,"H0;H1_separate","complete_vietoris_rips",2,"Ripserr_primary;GUDHI_exact_resource_fallback",1800,12884901888,1,0,"closed","closed",FALSE
"mv08n_ph_queue_v1",229,"mv08n_ph:internal124:SRA826293_SRS4181127:20260805:sct_data_all_qc_fit_selected384:exact500","internal124","SRA826293_SRS4181127",20260805,"sct_data_all_qc_fit_selected384","exact500",500,"H0;H1_separate","complete_vietoris_rips",2,"Ripserr_primary;GUDHI_exact_resource_fallback",1800,12884901888,1,0,"closed","closed",FALSE
"mv08n_ph_queue_v1",230,"mv08n_ph:internal124:SRA826293_SRS4181127:20260805:sct_pearson_residual_all_qc_fit_selected384:exact500","internal124","SRA826293_SRS4181127",20260805,"sct_pearson_residual_all_qc_fit_selected384","exact500",500,"H0;H1_separate","complete_vietoris_rips",2,"Ripserr_primary;GUDHI_exact_resource_fallback",1800,12884901888,1,0,"closed","closed",FALSE
"mv08n_ph_queue_v1",231,"mv08n_ph:internal124:SRA826293_SRS4181128:20260805:sct_data_all_qc_fit_selected384:exact500","internal124","SRA826293_SRS4181128",20260805,"sct_data_all_qc_fit_selected384","exact500",500,"H0;H1_separate","complete_vietoris_rips",2,"Ripserr_primary;GUDHI_exact_resource_fallback",1800,12884901888,1,0,"closed","closed",FALSE
"mv08n_ph_queue_v1",232,"mv08n_ph:internal124:SRA826293_SRS4181128:20260805:sct_pearson_residual_all_qc_fit_selected384:exact500","internal124","SRA826293_SRS4181128",20260805,"sct_pearson_residual_all_qc_fit_selected384","exact500",500,"H0;H1_separate","complete_vietoris_rips",2,"Ripserr_primary;GUDHI_exact_resource_fallback",1800,12884901888,1,0,"closed","closed",FALSE
"mv08n_ph_queue_v1",233,"mv08n_ph:internal124:SRA826293_SRS4181129:20260805:sct_data_all_qc_fit_selected384:exact500","internal124","SRA826293_SRS4181129",20260805,"sct_data_all_qc_fit_selected384","exact500",500,"H0;H1_separate","complete_vietoris_rips",2,"Ripserr_primary;GUDHI_exact_resource_fallback",1800,12884901888,1,0,"closed","closed",FALSE
"mv08n_ph_queue_v1",234,"mv08n_ph:internal124:SRA826293_SRS4181129:20260805:sct_pearson_residual_all_qc_fit_selected384:exact500","internal124","SRA826293_SRS4181129",20260805,"sct_pearson_residual_all_qc_fit_selected384","exact500",500,"H0;H1_separate","complete_vietoris_rips",2,"Ripserr_primary;GUDHI_exact_resource_fallback",1800,12884901888,1,0,"closed","closed",FALSE
"mv08n_ph_queue_v1",235,"mv08n_ph:internal124:SRA826293_SRS4181130:20260805:sct_data_all_qc_fit_selected384:exact500","internal124","SRA826293_SRS4181130",20260805,"sct_data_all_qc_fit_selected384","exact500",500,"H0;H1_separate","complete_vietoris_rips",2,"Ripserr_primary;GUDHI_exact_resource_fallback",1800,12884901888,1,0,"closed","closed",FALSE
"mv08n_ph_queue_v1",236,"mv08n_ph:internal124:SRA826293_SRS4181130:20260805:sct_pearson_residual_all_qc_fit_selected384:exact500","internal124","SRA826293_SRS4181130",20260805,"sct_pearson_residual_all_qc_fit_selected384","exact500",500,"H0;H1_separate","complete_vietoris_rips",2,"Ripserr_primary;GUDHI_exact_resource_fallback",1800,12884901888,1,0,"closed","closed",FALSE
"mv08n_ph_queue_v1",237,"mv08n_ph:internal124:SRA850958_SRS4386101:20260805:sct_data_all_qc_fit_selected384:exact500","internal124","SRA850958_SRS4386101",20260805,"sct_data_all_qc_fit_selected384","exact500",500,"H0;H1_separate","complete_vietoris_rips",2,"Ripserr_primary;GUDHI_exact_resource_fallback",1800,12884901888,1,0,"closed","closed",FALSE
"mv08n_ph_queue_v1",238,"mv08n_ph:internal124:SRA850958_SRS4386101:20260805:sct_pearson_residual_all_qc_fit_selected384:exact500","internal124","SRA850958_SRS4386101",20260805,"sct_pearson_residual_all_qc_fit_selected384","exact500",500,"H0;H1_separate","complete_vietoris_rips",2,"Ripserr_primary;GUDHI_exact_resource_fallback",1800,12884901888,1,0,"closed","closed",FALSE
"mv08n_ph_queue_v1",239,"mv08n_ph:internal124:SRA850958_SRS4386109:20260805:sct_data_all_qc_fit_selected384:exact500","internal124","SRA850958_SRS4386109",20260805,"sct_data_all_qc_fit_selected384","exact500",500,"H0;H1_separate","complete_vietoris_rips",2,"Ripserr_primary;GUDHI_exact_resource_fallback",1800,12884901888,1,0,"closed","closed",FALSE
"mv08n_ph_queue_v1",240,"mv08n_ph:internal124:SRA850958_SRS4386109:20260805:sct_pearson_residual_all_qc_fit_selected384:exact500","internal124","SRA850958_SRS4386109",20260805,"sct_pearson_residual_all_qc_fit_selected384","exact500",500,"H0;H1_separate","complete_vietoris_rips",2,"Ripserr_primary;GUDHI_exact_resource_fallback",1800,12884901888,1,0,"closed","closed",FALSE
"mv08n_ph_queue_v1",241,"mv08n_ph:internal124:SRA850958_SRS4386110:20260805:sct_data_all_qc_fit_selected384:exact500","internal124","SRA850958_SRS4386110",20260805,"sct_data_all_qc_fit_selected384","exact500",500,"H0;H1_separate","complete_vietoris_rips",2,"Ripserr_primary;GUDHI_exact_resource_fallback",1800,12884901888,1,0,"closed","closed",FALSE
"mv08n_ph_queue_v1",242,"mv08n_ph:internal124:SRA850958_SRS4386110:20260805:sct_pearson_residual_all_qc_fit_selected384:exact500","internal124","SRA850958_SRS4386110",20260805,"sct_pearson_residual_all_qc_fit_selected384","exact500",500,"H0;H1_separate","complete_vietoris_rips",2,"Ripserr_primary;GUDHI_exact_resource_fallback",1800,12884901888,1,0,"closed","closed",FALSE
"mv08n_ph_queue_v1",243,"mv08n_ph:internal124:SRA850958_SRS4386111:20260805:sct_data_all_qc_fit_selected384:exact500","internal124","SRA850958_SRS4386111",20260805,"sct_data_all_qc_fit_selected384","exact500",500,"H0;H1_separate","complete_vietoris_rips",2,"Ripserr_primary;GUDHI_exact_resource_fallback",1800,12884901888,1,0,"closed","closed",FALSE
"mv08n_ph_queue_v1",244,"mv08n_ph:internal124:SRA850958_SRS4386111:20260805:sct_pearson_residual_all_qc_fit_selected384:exact500","internal124","SRA850958_SRS4386111",20260805,"sct_pearson_residual_all_qc_fit_selected384","exact500",500,"H0;H1_separate","complete_vietoris_rips",2,"Ripserr_primary;GUDHI_exact_resource_fallback",1800,12884901888,1,0,"closed","closed",FALSE
"mv08n_ph_queue_v1",245,"mv08n_ph:internal124:SRA850958_SRS4386112:20260805:sct_data_all_qc_fit_selected384:exact500","internal124","SRA850958_SRS4386112",20260805,"sct_data_all_qc_fit_selected384","exact500",500,"H0;H1_separate","complete_vietoris_rips",2,"Ripserr_primary;GUDHI_exact_resource_fallback",1800,12884901888,1,0,"closed","closed",FALSE
"mv08n_ph_queue_v1",246,"mv08n_ph:internal124:SRA850958_SRS4386112:20260805:sct_pearson_residual_all_qc_fit_selected384:exact500","internal124","SRA850958_SRS4386112",20260805,"sct_pearson_residual_all_qc_fit_selected384","exact500",500,"H0;H1_separate","complete_vietoris_rips",2,"Ripserr_primary;GUDHI_exact_resource_fallback",1800,12884901888,1,0,"closed","closed",FALSE
"mv08n_ph_queue_v1",247,"mv08n_ph:internal124:SRA850958_SRS4386113:20260805:sct_data_all_qc_fit_selected384:exact500","internal124","SRA850958_SRS4386113",20260805,"sct_data_all_qc_fit_selected384","exact500",500,"H0;H1_separate","complete_vietoris_rips",2,"Ripserr_primary;GUDHI_exact_resource_fallback",1800,12884901888,1,0,"closed","closed",FALSE
"mv08n_ph_queue_v1",248,"mv08n_ph:internal124:SRA850958_SRS4386113:20260805:sct_pearson_residual_all_qc_fit_selected384:exact500","internal124","SRA850958_SRS4386113",20260805,"sct_pearson_residual_all_qc_fit_selected384","exact500",500,"H0;H1_separate","complete_vietoris_rips",2,"Ripserr_primary;GUDHI_exact_resource_fallback",1800,12884901888,1,0,"closed","closed",FALSE
"mv08n_ph_queue_v1",249,"mv08n_ph:internal124:SRA550660_SRS2089635:20260806:sct_data_all_qc_fit_selected384:exact500","internal124","SRA550660_SRS2089635",20260806,"sct_data_all_qc_fit_selected384","exact500",500,"H0;H1_separate","complete_vietoris_rips",2,"Ripserr_primary;GUDHI_exact_resource_fallback",1800,12884901888,1,0,"closed","closed",FALSE
"mv08n_ph_queue_v1",250,"mv08n_ph:internal124:SRA550660_SRS2089635:20260806:sct_pearson_residual_all_qc_fit_selected384:exact500","internal124","SRA550660_SRS2089635",20260806,"sct_pearson_residual_all_qc_fit_selected384","exact500",500,"H0;H1_separate","complete_vietoris_rips",2,"Ripserr_primary;GUDHI_exact_resource_fallback",1800,12884901888,1,0,"closed","closed",FALSE
"mv08n_ph_queue_v1",251,"mv08n_ph:internal124:SRA550660_SRS2089636:20260806:sct_data_all_qc_fit_selected384:exact500","internal124","SRA550660_SRS2089636",20260806,"sct_data_all_qc_fit_selected384","exact500",500,"H0;H1_separate","complete_vietoris_rips",2,"Ripserr_primary;GUDHI_exact_resource_fallback",1800,12884901888,1,0,"closed","closed",FALSE
"mv08n_ph_queue_v1",252,"mv08n_ph:internal124:SRA550660_SRS2089636:20260806:sct_pearson_residual_all_qc_fit_selected384:exact500","internal124","SRA550660_SRS2089636",20260806,"sct_pearson_residual_all_qc_fit_selected384","exact500",500,"H0;H1_separate","complete_vietoris_rips",2,"Ripserr_primary;GUDHI_exact_resource_fallback",1800,12884901888,1,0,"closed","closed",FALSE
"mv08n_ph_queue_v1",253,"mv08n_ph:internal124:SRA550660_SRS2089637:20260806:sct_data_all_qc_fit_selected384:exact500","internal124","SRA550660_SRS2089637",20260806,"sct_data_all_qc_fit_selected384","exact500",500,"H0;H1_separate","complete_vietoris_rips",2,"Ripserr_primary;GUDHI_exact_resource_fallback",1800,12884901888,1,0,"closed","closed",FALSE
"mv08n_ph_queue_v1",254,"mv08n_ph:internal124:SRA550660_SRS2089637:20260806:sct_pearson_residual_all_qc_fit_selected384:exact500","internal124","SRA550660_SRS2089637",20260806,"sct_pearson_residual_all_qc_fit_selected384","exact500",500,"H0;H1_separate","complete_vietoris_rips",2,"Ripserr_primary;GUDHI_exact_resource_fallback",1800,12884901888,1,0,"closed","closed",FALSE
"mv08n_ph_queue_v1",255,"mv08n_ph:internal124:SRA550660_SRS2089638:20260806:sct_data_all_qc_fit_selected384:exact500","internal124","SRA550660_SRS2089638",20260806,"sct_data_all_qc_fit_selected384","exact500",500,"H0;H1_separate","complete_vietoris_rips",2,"Ripserr_primary;GUDHI_exact_resource_fallback",1800,12884901888,1,0,"closed","closed",FALSE
"mv08n_ph_queue_v1",256,"mv08n_ph:internal124:SRA550660_SRS2089638:20260806:sct_pearson_residual_all_qc_fit_selected384:exact500","internal124","SRA550660_SRS2089638",20260806,"sct_pearson_residual_all_qc_fit_selected384","exact500",500,"H0;H1_separate","complete_vietoris_rips",2,"Ripserr_primary;GUDHI_exact_resource_fallback",1800,12884901888,1,0,"closed","closed",FALSE
"mv08n_ph_queue_v1",257,"mv08n_ph:internal124:SRA550660_SRS2089639:20260806:sct_data_all_qc_fit_selected384:exact500","internal124","SRA550660_SRS2089639",20260806,"sct_data_all_qc_fit_selected384","exact500",500,"H0;H1_separate","complete_vietoris_rips",2,"Ripserr_primary;GUDHI_exact_resource_fallback",1800,12884901888,1,0,"closed","closed",FALSE
"mv08n_ph_queue_v1",258,"mv08n_ph:internal124:SRA550660_SRS2089639:20260806:sct_pearson_residual_all_qc_fit_selected384:exact500","internal124","SRA550660_SRS2089639",20260806,"sct_pearson_residual_all_qc_fit_selected384","exact500",500,"H0;H1_separate","complete_vietoris_rips",2,"Ripserr_primary;GUDHI_exact_resource_fallback",1800,12884901888,1,0,"closed","closed",FALSE
"mv08n_ph_queue_v1",259,"mv08n_ph:internal124:SRA621638_SRS2610283:20260806:sct_data_all_qc_fit_selected384:exact500","internal124","SRA621638_SRS2610283",20260806,"sct_data_all_qc_fit_selected384","exact500",500,"H0;H1_separate","complete_vietoris_rips",2,"Ripserr_primary;GUDHI_exact_resource_fallback",1800,12884901888,1,0,"closed","closed",FALSE
"mv08n_ph_queue_v1",260,"mv08n_ph:internal124:SRA621638_SRS2610283:20260806:sct_pearson_residual_all_qc_fit_selected384:exact500","internal124","SRA621638_SRS2610283",20260806,"sct_pearson_residual_all_qc_fit_selected384","exact500",500,"H0;H1_separate","complete_vietoris_rips",2,"Ripserr_primary;GUDHI_exact_resource_fallback",1800,12884901888,1,0,"closed","closed",FALSE
"mv08n_ph_queue_v1",261,"mv08n_ph:internal124:SRA621638_SRS2610285:20260806:sct_data_all_qc_fit_selected384:exact500","internal124","SRA621638_SRS2610285",20260806,"sct_data_all_qc_fit_selected384","exact500",500,"H0;H1_separate","complete_vietoris_rips",2,"Ripserr_primary;GUDHI_exact_resource_fallback",1800,12884901888,1,0,"closed","closed",FALSE
"mv08n_ph_queue_v1",262,"mv08n_ph:internal124:SRA621638_SRS2610285:20260806:sct_pearson_residual_all_qc_fit_selected384:exact500","internal124","SRA621638_SRS2610285",20260806,"sct_pearson_residual_all_qc_fit_selected384","exact500",500,"H0;H1_separate","complete_vietoris_rips",2,"Ripserr_primary;GUDHI_exact_resource_fallback",1800,12884901888,1,0,"closed","closed",FALSE
"mv08n_ph_queue_v1",263,"mv08n_ph:internal124:SRA628554_SRS2664364:20260806:sct_data_all_qc_fit_selected384:exact500","internal124","SRA628554_SRS2664364",20260806,"sct_data_all_qc_fit_selected384","exact500",500,"H0;H1_separate","complete_vietoris_rips",2,"Ripserr_primary;GUDHI_exact_resource_fallback",1800,12884901888,1,0,"closed","closed",FALSE
"mv08n_ph_queue_v1",264,"mv08n_ph:internal124:SRA628554_SRS2664364:20260806:sct_pearson_residual_all_qc_fit_selected384:exact500","internal124","SRA628554_SRS2664364",20260806,"sct_pearson_residual_all_qc_fit_selected384","exact500",500,"H0;H1_separate","complete_vietoris_rips",2,"Ripserr_primary;GUDHI_exact_resource_fallback",1800,12884901888,1,0,"closed","closed",FALSE
"mv08n_ph_queue_v1",265,"mv08n_ph:internal124:SRA628554_SRS2664365:20260806:sct_data_all_qc_fit_selected384:exact500","internal124","SRA628554_SRS2664365",20260806,"sct_data_all_qc_fit_selected384","exact500",500,"H0;H1_separate","complete_vietoris_rips",2,"Ripserr_primary;GUDHI_exact_resource_fallback",1800,12884901888,1,0,"closed","closed",FALSE
"mv08n_ph_queue_v1",266,"mv08n_ph:internal124:SRA628554_SRS2664365:20260806:sct_pearson_residual_all_qc_fit_selected384:exact500","internal124","SRA628554_SRS2664365",20260806,"sct_pearson_residual_all_qc_fit_selected384","exact500",500,"H0;H1_separate","complete_vietoris_rips",2,"Ripserr_primary;GUDHI_exact_resource_fallback",1800,12884901888,1,0,"closed","closed",FALSE
"mv08n_ph_queue_v1",267,"mv08n_ph:internal124:SRA645804_SRS2823404:20260806:sct_data_all_qc_fit_selected384:exact500","internal124","SRA645804_SRS2823404",20260806,"sct_data_all_qc_fit_selected384","exact500",500,"H0;H1_separate","complete_vietoris_rips",2,"Ripserr_primary;GUDHI_exact_resource_fallback",1800,12884901888,1,0,"closed","closed",FALSE
"mv08n_ph_queue_v1",268,"mv08n_ph:internal124:SRA645804_SRS2823404:20260806:sct_pearson_residual_all_qc_fit_selected384:exact500","internal124","SRA645804_SRS2823404",20260806,"sct_pearson_residual_all_qc_fit_selected384","exact500",500,"H0;H1_separate","complete_vietoris_rips",2,"Ripserr_primary;GUDHI_exact_resource_fallback",1800,12884901888,1,0,"closed","closed",FALSE
"mv08n_ph_queue_v1",269,"mv08n_ph:internal124:SRA645804_SRS2823405:20260806:sct_data_all_qc_fit_selected384:exact500","internal124","SRA645804_SRS2823405",20260806,"sct_data_all_qc_fit_selected384","exact500",500,"H0;H1_separate","complete_vietoris_rips",2,"Ripserr_primary;GUDHI_exact_resource_fallback",1800,12884901888,1,0,"closed","closed",FALSE
"mv08n_ph_queue_v1",270,"mv08n_ph:internal124:SRA645804_SRS2823405:20260806:sct_pearson_residual_all_qc_fit_selected384:exact500","internal124","SRA645804_SRS2823405",20260806,"sct_pearson_residual_all_qc_fit_selected384","exact500",500,"H0;H1_separate","complete_vietoris_rips",2,"Ripserr_primary;GUDHI_exact_resource_fallback",1800,12884901888,1,0,"closed","closed",FALSE
"mv08n_ph_queue_v1",271,"mv08n_ph:internal124:SRA645804_SRS2823406:20260806:sct_data_all_qc_fit_selected384:exact500","internal124","SRA645804_SRS2823406",20260806,"sct_data_all_qc_fit_selected384","exact500",500,"H0;H1_separate","complete_vietoris_rips",2,"Ripserr_primary;GUDHI_exact_resource_fallback",1800,12884901888,1,0,"closed","closed",FALSE
"mv08n_ph_queue_v1",272,"mv08n_ph:internal124:SRA645804_SRS2823406:20260806:sct_pearson_residual_all_qc_fit_selected384:exact500","internal124","SRA645804_SRS2823406",20260806,"sct_pearson_residual_all_qc_fit_selected384","exact500",500,"H0;H1_separate","complete_vietoris_rips",2,"Ripserr_primary;GUDHI_exact_resource_fallback",1800,12884901888,1,0,"closed","closed",FALSE
"mv08n_ph_queue_v1",273,"mv08n_ph:internal124:SRA645804_SRS2823407:20260806:sct_data_all_qc_fit_selected384:exact500","internal124","SRA645804_SRS2823407",20260806,"sct_data_all_qc_fit_selected384","exact500",500,"H0;H1_separate","complete_vietoris_rips",2,"Ripserr_primary;GUDHI_exact_resource_fallback",1800,12884901888,1,0,"closed","closed",FALSE
"mv08n_ph_queue_v1",274,"mv08n_ph:internal124:SRA645804_SRS2823407:20260806:sct_pearson_residual_all_qc_fit_selected384:exact500","internal124","SRA645804_SRS2823407",20260806,"sct_pearson_residual_all_qc_fit_selected384","exact500",500,"H0;H1_separate","complete_vietoris_rips",2,"Ripserr_primary;GUDHI_exact_resource_fallback",1800,12884901888,1,0,"closed","closed",FALSE
"mv08n_ph_queue_v1",275,"mv08n_ph:internal124:SRA645804_SRS2823408:20260806:sct_data_all_qc_fit_selected384:exact500","internal124","SRA645804_SRS2823408",20260806,"sct_data_all_qc_fit_selected384","exact500",500,"H0;H1_separate","complete_vietoris_rips",2,"Ripserr_primary;GUDHI_exact_resource_fallback",1800,12884901888,1,0,"closed","closed",FALSE
"mv08n_ph_queue_v1",276,"mv08n_ph:internal124:SRA645804_SRS2823408:20260806:sct_pearson_residual_all_qc_fit_selected384:exact500","internal124","SRA645804_SRS2823408",20260806,"sct_pearson_residual_all_qc_fit_selected384","exact500",500,"H0;H1_separate","complete_vietoris_rips",2,"Ripserr_primary;GUDHI_exact_resource_fallback",1800,12884901888,1,0,"closed","closed",FALSE
"mv08n_ph_queue_v1",277,"mv08n_ph:internal124:SRA645804_SRS2823409:20260806:sct_data_all_qc_fit_selected384:exact500","internal124","SRA645804_SRS2823409",20260806,"sct_data_all_qc_fit_selected384","exact500",500,"H0;H1_separate","complete_vietoris_rips",2,"Ripserr_primary;GUDHI_exact_resource_fallback",1800,12884901888,1,0,"closed","closed",FALSE
"mv08n_ph_queue_v1",278,"mv08n_ph:internal124:SRA645804_SRS2823409:20260806:sct_pearson_residual_all_qc_fit_selected384:exact500","internal124","SRA645804_SRS2823409",20260806,"sct_pearson_residual_all_qc_fit_selected384","exact500",500,"H0;H1_separate","complete_vietoris_rips",2,"Ripserr_primary;GUDHI_exact_resource_fallback",1800,12884901888,1,0,"closed","closed",FALSE
"mv08n_ph_queue_v1",279,"mv08n_ph:internal124:SRA645804_SRS2823410:20260806:sct_data_all_qc_fit_selected384:exact500","internal124","SRA645804_SRS2823410",20260806,"sct_data_all_qc_fit_selected384","exact500",500,"H0;H1_separate","complete_vietoris_rips",2,"Ripserr_primary;GUDHI_exact_resource_fallback",1800,12884901888,1,0,"closed","closed",FALSE
"mv08n_ph_queue_v1",280,"mv08n_ph:internal124:SRA645804_SRS2823410:20260806:sct_pearson_residual_all_qc_fit_selected384:exact500","internal124","SRA645804_SRS2823410",20260806,"sct_pearson_residual_all_qc_fit_selected384","exact500",500,"H0;H1_separate","complete_vietoris_rips",2,"Ripserr_primary;GUDHI_exact_resource_fallback",1800,12884901888,1,0,"closed","closed",FALSE
"mv08n_ph_queue_v1",281,"mv08n_ph:internal124:SRA645804_SRS2823411:20260806:sct_data_all_qc_fit_selected384:exact500","internal124","SRA645804_SRS2823411",20260806,"sct_data_all_qc_fit_selected384","exact500",500,"H0;H1_separate","complete_vietoris_rips",2,"Ripserr_primary;GUDHI_exact_resource_fallback",1800,12884901888,1,0,"closed","closed",FALSE
"mv08n_ph_queue_v1",282,"mv08n_ph:internal124:SRA645804_SRS2823411:20260806:sct_pearson_residual_all_qc_fit_selected384:exact500","internal124","SRA645804_SRS2823411",20260806,"sct_pearson_residual_all_qc_fit_selected384","exact500",500,"H0;H1_separate","complete_vietoris_rips",2,"Ripserr_primary;GUDHI_exact_resource_fallback",1800,12884901888,1,0,"closed","closed",FALSE
"mv08n_ph_queue_v1",283,"mv08n_ph:internal124:SRA645804_SRS2823412:20260806:sct_data_all_qc_fit_selected384:exact500","internal124","SRA645804_SRS2823412",20260806,"sct_data_all_qc_fit_selected384","exact500",500,"H0;H1_separate","complete_vietoris_rips",2,"Ripserr_primary;GUDHI_exact_resource_fallback",1800,12884901888,1,0,"closed","closed",FALSE
"mv08n_ph_queue_v1",284,"mv08n_ph:internal124:SRA645804_SRS2823412:20260806:sct_pearson_residual_all_qc_fit_selected384:exact500","internal124","SRA645804_SRS2823412",20260806,"sct_pearson_residual_all_qc_fit_selected384","exact500",500,"H0;H1_separate","complete_vietoris_rips",2,"Ripserr_primary;GUDHI_exact_resource_fallback",1800,12884901888,1,0,"closed","closed",FALSE
"mv08n_ph_queue_v1",285,"mv08n_ph:internal124:SRA645804_SRS3572594:20260806:sct_data_all_qc_fit_selected384:exact500","internal124","SRA645804_SRS3572594",20260806,"sct_data_all_qc_fit_selected384","exact500",500,"H0;H1_separate","complete_vietoris_rips",2,"Ripserr_primary;GUDHI_exact_resource_fallback",1800,12884901888,1,0,"closed","closed",FALSE
"mv08n_ph_queue_v1",286,"mv08n_ph:internal124:SRA645804_SRS3572594:20260806:sct_pearson_residual_all_qc_fit_selected384:exact500","internal124","SRA645804_SRS3572594",20260806,"sct_pearson_residual_all_qc_fit_selected384","exact500",500,"H0;H1_separate","complete_vietoris_rips",2,"Ripserr_primary;GUDHI_exact_resource_fallback",1800,12884901888,1,0,"closed","closed",FALSE
"mv08n_ph_queue_v1",287,"mv08n_ph:internal124:SRA667709_SRS3065426:20260806:sct_data_all_qc_fit_selected384:exact500","internal124","SRA667709_SRS3065426",20260806,"sct_data_all_qc_fit_selected384","exact500",500,"H0;H1_separate","complete_vietoris_rips",2,"Ripserr_primary;GUDHI_exact_resource_fallback",1800,12884901888,1,0,"closed","closed",FALSE
"mv08n_ph_queue_v1",288,"mv08n_ph:internal124:SRA667709_SRS3065426:20260806:sct_pearson_residual_all_qc_fit_selected384:exact500","internal124","SRA667709_SRS3065426",20260806,"sct_pearson_residual_all_qc_fit_selected384","exact500",500,"H0;H1_separate","complete_vietoris_rips",2,"Ripserr_primary;GUDHI_exact_resource_fallback",1800,12884901888,1,0,"closed","closed",FALSE
"mv08n_ph_queue_v1",289,"mv08n_ph:internal124:SRA667709_SRS3065427:20260806:sct_data_all_qc_fit_selected384:exact500","internal124","SRA667709_SRS3065427",20260806,"sct_data_all_qc_fit_selected384","exact500",500,"H0;H1_separate","complete_vietoris_rips",2,"Ripserr_primary;GUDHI_exact_resource_fallback",1800,12884901888,1,0,"closed","closed",FALSE
"mv08n_ph_queue_v1",290,"mv08n_ph:internal124:SRA667709_SRS3065427:20260806:sct_pearson_residual_all_qc_fit_selected384:exact500","internal124","SRA667709_SRS3065427",20260806,"sct_pearson_residual_all_qc_fit_selected384","exact500",500,"H0;H1_separate","complete_vietoris_rips",2,"Ripserr_primary;GUDHI_exact_resource_fallback",1800,12884901888,1,0,"closed","closed",FALSE
"mv08n_ph_queue_v1",291,"mv08n_ph:internal124:SRA667709_SRS3065428:20260806:sct_data_all_qc_fit_selected384:exact500","internal124","SRA667709_SRS3065428",20260806,"sct_data_all_qc_fit_selected384","exact500",500,"H0;H1_separate","complete_vietoris_rips",2,"Ripserr_primary;GUDHI_exact_resource_fallback",1800,12884901888,1,0,"closed","closed",FALSE
"mv08n_ph_queue_v1",292,"mv08n_ph:internal124:SRA667709_SRS3065428:20260806:sct_pearson_residual_all_qc_fit_selected384:exact500","internal124","SRA667709_SRS3065428",20260806,"sct_pearson_residual_all_qc_fit_selected384","exact500",500,"H0;H1_separate","complete_vietoris_rips",2,"Ripserr_primary;GUDHI_exact_resource_fallback",1800,12884901888,1,0,"closed","closed",FALSE
"mv08n_ph_queue_v1",293,"mv08n_ph:internal124:SRA667709_SRS3065429:20260806:sct_data_all_qc_fit_selected384:exact500","internal124","SRA667709_SRS3065429",20260806,"sct_data_all_qc_fit_selected384","exact500",500,"H0;H1_separate","complete_vietoris_rips",2,"Ripserr_primary;GUDHI_exact_resource_fallback",1800,12884901888,1,0,"closed","closed",FALSE
"mv08n_ph_queue_v1",294,"mv08n_ph:internal124:SRA667709_SRS3065429:20260806:sct_pearson_residual_all_qc_fit_selected384:exact500","internal124","SRA667709_SRS3065429",20260806,"sct_pearson_residual_all_qc_fit_selected384","exact500",500,"H0;H1_separate","complete_vietoris_rips",2,"Ripserr_primary;GUDHI_exact_resource_fallback",1800,12884901888,1,0,"closed","closed",FALSE
"mv08n_ph_queue_v1",295,"mv08n_ph:internal124:SRA667709_SRS3065430:20260806:sct_data_all_qc_fit_selected384:exact500","internal124","SRA667709_SRS3065430",20260806,"sct_data_all_qc_fit_selected384","exact500",500,"H0;H1_separate","complete_vietoris_rips",2,"Ripserr_primary;GUDHI_exact_resource_fallback",1800,12884901888,1,0,"closed","closed",FALSE
"mv08n_ph_queue_v1",296,"mv08n_ph:internal124:SRA667709_SRS3065430:20260806:sct_pearson_residual_all_qc_fit_selected384:exact500","internal124","SRA667709_SRS3065430",20260806,"sct_pearson_residual_all_qc_fit_selected384","exact500",500,"H0;H1_separate","complete_vietoris_rips",2,"Ripserr_primary;GUDHI_exact_resource_fallback",1800,12884901888,1,0,"closed","closed",FALSE
"mv08n_ph_queue_v1",297,"mv08n_ph:internal124:SRA667709_SRS3065431:20260806:sct_data_all_qc_fit_selected384:exact500","internal124","SRA667709_SRS3065431",20260806,"sct_data_all_qc_fit_selected384","exact500",500,"H0;H1_separate","complete_vietoris_rips",2,"Ripserr_primary;GUDHI_exact_resource_fallback",1800,12884901888,1,0,"closed","closed",FALSE
"mv08n_ph_queue_v1",298,"mv08n_ph:internal124:SRA667709_SRS3065431:20260806:sct_pearson_residual_all_qc_fit_selected384:exact500","internal124","SRA667709_SRS3065431",20260806,"sct_pearson_residual_all_qc_fit_selected384","exact500",500,"H0;H1_separate","complete_vietoris_rips",2,"Ripserr_primary;GUDHI_exact_resource_fallback",1800,12884901888,1,0,"closed","closed",FALSE
"mv08n_ph_queue_v1",299,"mv08n_ph:internal124:SRA701877_SRS3279684:20260806:sct_data_all_qc_fit_selected384:exact500","internal124","SRA701877_SRS3279684",20260806,"sct_data_all_qc_fit_selected384","exact500",500,"H0;H1_separate","complete_vietoris_rips",2,"Ripserr_primary;GUDHI_exact_resource_fallback",1800,12884901888,1,0,"closed","closed",FALSE
"mv08n_ph_queue_v1",300,"mv08n_ph:internal124:SRA701877_SRS3279684:20260806:sct_pearson_residual_all_qc_fit_selected384:exact500","internal124","SRA701877_SRS3279684",20260806,"sct_pearson_residual_all_qc_fit_selected384","exact500",500,"H0;H1_separate","complete_vietoris_rips",2,"Ripserr_primary;GUDHI_exact_resource_fallback",1800,12884901888,1,0,"closed","closed",FALSE
"mv08n_ph_queue_v1",301,"mv08n_ph:internal124:SRA701877_SRS3279685:20260806:sct_data_all_qc_fit_selected384:exact500","internal124","SRA701877_SRS3279685",20260806,"sct_data_all_qc_fit_selected384","exact500",500,"H0;H1_separate","complete_vietoris_rips",2,"Ripserr_primary;GUDHI_exact_resource_fallback",1800,12884901888,1,0,"closed","closed",FALSE
"mv08n_ph_queue_v1",302,"mv08n_ph:internal124:SRA701877_SRS3279685:20260806:sct_pearson_residual_all_qc_fit_selected384:exact500","internal124","SRA701877_SRS3279685",20260806,"sct_pearson_residual_all_qc_fit_selected384","exact500",500,"H0;H1_separate","complete_vietoris_rips",2,"Ripserr_primary;GUDHI_exact_resource_fallback",1800,12884901888,1,0,"closed","closed",FALSE
"mv08n_ph_queue_v1",303,"mv08n_ph:internal124:SRA701877_SRS3279686:20260806:sct_data_all_qc_fit_selected384:exact500","internal124","SRA701877_SRS3279686",20260806,"sct_data_all_qc_fit_selected384","exact500",500,"H0;H1_separate","complete_vietoris_rips",2,"Ripserr_primary;GUDHI_exact_resource_fallback",1800,12884901888,1,0,"closed","closed",FALSE
"mv08n_ph_queue_v1",304,"mv08n_ph:internal124:SRA701877_SRS3279686:20260806:sct_pearson_residual_all_qc_fit_selected384:exact500","internal124","SRA701877_SRS3279686",20260806,"sct_pearson_residual_all_qc_fit_selected384","exact500",500,"H0;H1_separate","complete_vietoris_rips",2,"Ripserr_primary;GUDHI_exact_resource_fallback",1800,12884901888,1,0,"closed","closed",FALSE
"mv08n_ph_queue_v1",305,"mv08n_ph:internal124:SRA701877_SRS3279687:20260806:sct_data_all_qc_fit_selected384:exact500","internal124","SRA701877_SRS3279687",20260806,"sct_data_all_qc_fit_selected384","exact500",500,"H0;H1_separate","complete_vietoris_rips",2,"Ripserr_primary;GUDHI_exact_resource_fallback",1800,12884901888,1,0,"closed","closed",FALSE
"mv08n_ph_queue_v1",306,"mv08n_ph:internal124:SRA701877_SRS3279687:20260806:sct_pearson_residual_all_qc_fit_selected384:exact500","internal124","SRA701877_SRS3279687",20260806,"sct_pearson_residual_all_qc_fit_selected384","exact500",500,"H0;H1_separate","complete_vietoris_rips",2,"Ripserr_primary;GUDHI_exact_resource_fallback",1800,12884901888,1,0,"closed","closed",FALSE
"mv08n_ph_queue_v1",307,"mv08n_ph:internal124:SRA701877_SRS3279688:20260806:sct_data_all_qc_fit_selected384:exact500","internal124","SRA701877_SRS3279688",20260806,"sct_data_all_qc_fit_selected384","exact500",500,"H0;H1_separate","complete_vietoris_rips",2,"Ripserr_primary;GUDHI_exact_resource_fallback",1800,12884901888,1,0,"closed","closed",FALSE
"mv08n_ph_queue_v1",308,"mv08n_ph:internal124:SRA701877_SRS3279688:20260806:sct_pearson_residual_all_qc_fit_selected384:exact500","internal124","SRA701877_SRS3279688",20260806,"sct_pearson_residual_all_qc_fit_selected384","exact500",500,"H0;H1_separate","complete_vietoris_rips",2,"Ripserr_primary;GUDHI_exact_resource_fallback",1800,12884901888,1,0,"closed","closed",FALSE
"mv08n_ph_queue_v1",309,"mv08n_ph:internal124:SRA701877_SRS3279689:20260806:sct_data_all_qc_fit_selected384:exact500","internal124","SRA701877_SRS3279689",20260806,"sct_data_all_qc_fit_selected384","exact500",500,"H0;H1_separate","complete_vietoris_rips",2,"Ripserr_primary;GUDHI_exact_resource_fallback",1800,12884901888,1,0,"closed","closed",FALSE
"mv08n_ph_queue_v1",310,"mv08n_ph:internal124:SRA701877_SRS3279689:20260806:sct_pearson_residual_all_qc_fit_selected384:exact500","internal124","SRA701877_SRS3279689",20260806,"sct_pearson_residual_all_qc_fit_selected384","exact500",500,"H0;H1_separate","complete_vietoris_rips",2,"Ripserr_primary;GUDHI_exact_resource_fallback",1800,12884901888,1,0,"closed","closed",FALSE
"mv08n_ph_queue_v1",311,"mv08n_ph:internal124:SRA701877_SRS3279690:20260806:sct_data_all_qc_fit_selected384:exact500","internal124","SRA701877_SRS3279690",20260806,"sct_data_all_qc_fit_selected384","exact500",500,"H0;H1_separate","complete_vietoris_rips",2,"Ripserr_primary;GUDHI_exact_resource_fallback",1800,12884901888,1,0,"closed","closed",FALSE
"mv08n_ph_queue_v1",312,"mv08n_ph:internal124:SRA701877_SRS3279690:20260806:sct_pearson_residual_all_qc_fit_selected384:exact500","internal124","SRA701877_SRS3279690",20260806,"sct_pearson_residual_all_qc_fit_selected384","exact500",500,"H0;H1_separate","complete_vietoris_rips",2,"Ripserr_primary;GUDHI_exact_resource_fallback",1800,12884901888,1,0,"closed","closed",FALSE
"mv08n_ph_queue_v1",313,"mv08n_ph:internal124:SRA701877_SRS3279691:20260806:sct_data_all_qc_fit_selected384:exact500","internal124","SRA701877_SRS3279691",20260806,"sct_data_all_qc_fit_selected384","exact500",500,"H0;H1_separate","complete_vietoris_rips",2,"Ripserr_primary;GUDHI_exact_resource_fallback",1800,12884901888,1,0,"closed","closed",FALSE
"mv08n_ph_queue_v1",314,"mv08n_ph:internal124:SRA701877_SRS3279691:20260806:sct_pearson_residual_all_qc_fit_selected384:exact500","internal124","SRA701877_SRS3279691",20260806,"sct_pearson_residual_all_qc_fit_selected384","exact500",500,"H0;H1_separate","complete_vietoris_rips",2,"Ripserr_primary;GUDHI_exact_resource_fallback",1800,12884901888,1,0,"closed","closed",FALSE
"mv08n_ph_queue_v1",315,"mv08n_ph:internal124:SRA701877_SRS3279692:20260806:sct_data_all_qc_fit_selected384:exact500","internal124","SRA701877_SRS3279692",20260806,"sct_data_all_qc_fit_selected384","exact500",500,"H0;H1_separate","complete_vietoris_rips",2,"Ripserr_primary;GUDHI_exact_resource_fallback",1800,12884901888,1,0,"closed","closed",FALSE
"mv08n_ph_queue_v1",316,"mv08n_ph:internal124:SRA701877_SRS3279692:20260806:sct_pearson_residual_all_qc_fit_selected384:exact500","internal124","SRA701877_SRS3279692",20260806,"sct_pearson_residual_all_qc_fit_selected384","exact500",500,"H0;H1_separate","complete_vietoris_rips",2,"Ripserr_primary;GUDHI_exact_resource_fallback",1800,12884901888,1,0,"closed","closed",FALSE
"mv08n_ph_queue_v1",317,"mv08n_ph:internal124:SRA701877_SRS3279693:20260806:sct_data_all_qc_fit_selected384:exact500","internal124","SRA701877_SRS3279693",20260806,"sct_data_all_qc_fit_selected384","exact500",500,"H0;H1_separate","complete_vietoris_rips",2,"Ripserr_primary;GUDHI_exact_resource_fallback",1800,12884901888,1,0,"closed","closed",FALSE
"mv08n_ph_queue_v1",318,"mv08n_ph:internal124:SRA701877_SRS3279693:20260806:sct_pearson_residual_all_qc_fit_selected384:exact500","internal124","SRA701877_SRS3279693",20260806,"sct_pearson_residual_all_qc_fit_selected384","exact500",500,"H0;H1_separate","complete_vietoris_rips",2,"Ripserr_primary;GUDHI_exact_resource_fallback",1800,12884901888,1,0,"closed","closed",FALSE
"mv08n_ph_queue_v1",319,"mv08n_ph:internal124:SRA701877_SRS3279694:20260806:sct_data_all_qc_fit_selected384:exact500","internal124","SRA701877_SRS3279694",20260806,"sct_data_all_qc_fit_selected384","exact500",500,"H0;H1_separate","complete_vietoris_rips",2,"Ripserr_primary;GUDHI_exact_resource_fallback",1800,12884901888,1,0,"closed","closed",FALSE
"mv08n_ph_queue_v1",320,"mv08n_ph:internal124:SRA701877_SRS3279694:20260806:sct_pearson_residual_all_qc_fit_selected384:exact500","internal124","SRA701877_SRS3279694",20260806,"sct_pearson_residual_all_qc_fit_selected384","exact500",500,"H0;H1_separate","complete_vietoris_rips",2,"Ripserr_primary;GUDHI_exact_resource_fallback",1800,12884901888,1,0,"closed","closed",FALSE
"mv08n_ph_queue_v1",321,"mv08n_ph:internal124:SRA701877_SRS3279695:20260806:sct_data_all_qc_fit_selected384:exact500","internal124","SRA701877_SRS3279695",20260806,"sct_data_all_qc_fit_selected384","exact500",500,"H0;H1_separate","complete_vietoris_rips",2,"Ripserr_primary;GUDHI_exact_resource_fallback",1800,12884901888,1,0,"closed","closed",FALSE
"mv08n_ph_queue_v1",322,"mv08n_ph:internal124:SRA701877_SRS3279695:20260806:sct_pearson_residual_all_qc_fit_selected384:exact500","internal124","SRA701877_SRS3279695",20260806,"sct_pearson_residual_all_qc_fit_selected384","exact500",500,"H0;H1_separate","complete_vietoris_rips",2,"Ripserr_primary;GUDHI_exact_resource_fallback",1800,12884901888,1,0,"closed","closed",FALSE
"mv08n_ph_queue_v1",323,"mv08n_ph:internal124:SRA703206_SRS3296611:20260806:sct_data_all_qc_fit_selected384:exact500","internal124","SRA703206_SRS3296611",20260806,"sct_data_all_qc_fit_selected384","exact500",500,"H0;H1_separate","complete_vietoris_rips",2,"Ripserr_primary;GUDHI_exact_resource_fallback",1800,12884901888,1,0,"closed","closed",FALSE
"mv08n_ph_queue_v1",324,"mv08n_ph:internal124:SRA703206_SRS3296611:20260806:sct_pearson_residual_all_qc_fit_selected384:exact500","internal124","SRA703206_SRS3296611",20260806,"sct_pearson_residual_all_qc_fit_selected384","exact500",500,"H0;H1_separate","complete_vietoris_rips",2,"Ripserr_primary;GUDHI_exact_resource_fallback",1800,12884901888,1,0,"closed","closed",FALSE
"mv08n_ph_queue_v1",325,"mv08n_ph:internal124:SRA703206_SRS3296612:20260806:sct_data_all_qc_fit_selected384:exact500","internal124","SRA703206_SRS3296612",20260806,"sct_data_all_qc_fit_selected384","exact500",500,"H0;H1_separate","complete_vietoris_rips",2,"Ripserr_primary;GUDHI_exact_resource_fallback",1800,12884901888,1,0,"closed","closed",FALSE
"mv08n_ph_queue_v1",326,"mv08n_ph:internal124:SRA703206_SRS3296612:20260806:sct_pearson_residual_all_qc_fit_selected384:exact500","internal124","SRA703206_SRS3296612",20260806,"sct_pearson_residual_all_qc_fit_selected384","exact500",500,"H0;H1_separate","complete_vietoris_rips",2,"Ripserr_primary;GUDHI_exact_resource_fallback",1800,12884901888,1,0,"closed","closed",FALSE
"mv08n_ph_queue_v1",327,"mv08n_ph:internal124:SRA703206_SRS3296613:20260806:sct_data_all_qc_fit_selected384:exact500","internal124","SRA703206_SRS3296613",20260806,"sct_data_all_qc_fit_selected384","exact500",500,"H0;H1_separate","complete_vietoris_rips",2,"Ripserr_primary;GUDHI_exact_resource_fallback",1800,12884901888,1,0,"closed","closed",FALSE
"mv08n_ph_queue_v1",328,"mv08n_ph:internal124:SRA703206_SRS3296613:20260806:sct_pearson_residual_all_qc_fit_selected384:exact500","internal124","SRA703206_SRS3296613",20260806,"sct_pearson_residual_all_qc_fit_selected384","exact500",500,"H0;H1_separate","complete_vietoris_rips",2,"Ripserr_primary;GUDHI_exact_resource_fallback",1800,12884901888,1,0,"closed","closed",FALSE
"mv08n_ph_queue_v1",329,"mv08n_ph:internal124:SRA703206_SRS3296614:20260806:sct_data_all_qc_fit_selected384:exact500","internal124","SRA703206_SRS3296614",20260806,"sct_data_all_qc_fit_selected384","exact500",500,"H0;H1_separate","complete_vietoris_rips",2,"Ripserr_primary;GUDHI_exact_resource_fallback",1800,12884901888,1,0,"closed","closed",FALSE
"mv08n_ph_queue_v1",330,"mv08n_ph:internal124:SRA703206_SRS3296614:20260806:sct_pearson_residual_all_qc_fit_selected384:exact500","internal124","SRA703206_SRS3296614",20260806,"sct_pearson_residual_all_qc_fit_selected384","exact500",500,"H0;H1_separate","complete_vietoris_rips",2,"Ripserr_primary;GUDHI_exact_resource_fallback",1800,12884901888,1,0,"closed","closed",FALSE
"mv08n_ph_queue_v1",331,"mv08n_ph:internal124:SRA713577_SRS3363004:20260806:sct_data_all_qc_fit_selected384:exact500","internal124","SRA713577_SRS3363004",20260806,"sct_data_all_qc_fit_selected384","exact500",500,"H0;H1_separate","complete_vietoris_rips",2,"Ripserr_primary;GUDHI_exact_resource_fallback",1800,12884901888,1,0,"closed","closed",FALSE
"mv08n_ph_queue_v1",332,"mv08n_ph:internal124:SRA713577_SRS3363004:20260806:sct_pearson_residual_all_qc_fit_selected384:exact500","internal124","SRA713577_SRS3363004",20260806,"sct_pearson_residual_all_qc_fit_selected384","exact500",500,"H0;H1_separate","complete_vietoris_rips",2,"Ripserr_primary;GUDHI_exact_resource_fallback",1800,12884901888,1,0,"closed","closed",FALSE
"mv08n_ph_queue_v1",333,"mv08n_ph:internal124:SRA716608_SRS3391629:20260806:sct_data_all_qc_fit_selected384:exact500","internal124","SRA716608_SRS3391629",20260806,"sct_data_all_qc_fit_selected384","exact500",500,"H0;H1_separate","complete_vietoris_rips",2,"Ripserr_primary;GUDHI_exact_resource_fallback",1800,12884901888,1,0,"closed","closed",FALSE
"mv08n_ph_queue_v1",334,"mv08n_ph:internal124:SRA716608_SRS3391629:20260806:sct_pearson_residual_all_qc_fit_selected384:exact500","internal124","SRA716608_SRS3391629",20260806,"sct_pearson_residual_all_qc_fit_selected384","exact500",500,"H0;H1_separate","complete_vietoris_rips",2,"Ripserr_primary;GUDHI_exact_resource_fallback",1800,12884901888,1,0,"closed","closed",FALSE
"mv08n_ph_queue_v1",335,"mv08n_ph:internal124:SRA716608_SRS3391630:20260806:sct_data_all_qc_fit_selected384:exact500","internal124","SRA716608_SRS3391630",20260806,"sct_data_all_qc_fit_selected384","exact500",500,"H0;H1_separate","complete_vietoris_rips",2,"Ripserr_primary;GUDHI_exact_resource_fallback",1800,12884901888,1,0,"closed","closed",FALSE
"mv08n_ph_queue_v1",336,"mv08n_ph:internal124:SRA716608_SRS3391630:20260806:sct_pearson_residual_all_qc_fit_selected384:exact500","internal124","SRA716608_SRS3391630",20260806,"sct_pearson_residual_all_qc_fit_selected384","exact500",500,"H0;H1_separate","complete_vietoris_rips",2,"Ripserr_primary;GUDHI_exact_resource_fallback",1800,12884901888,1,0,"closed","closed",FALSE
"mv08n_ph_queue_v1",337,"mv08n_ph:internal124:SRA716608_SRS3391631:20260806:sct_data_all_qc_fit_selected384:exact500","internal124","SRA716608_SRS3391631",20260806,"sct_data_all_qc_fit_selected384","exact500",500,"H0;H1_separate","complete_vietoris_rips",2,"Ripserr_primary;GUDHI_exact_resource_fallback",1800,12884901888,1,0,"closed","closed",FALSE
"mv08n_ph_queue_v1",338,"mv08n_ph:internal124:SRA716608_SRS3391631:20260806:sct_pearson_residual_all_qc_fit_selected384:exact500","internal124","SRA716608_SRS3391631",20260806,"sct_pearson_residual_all_qc_fit_selected384","exact500",500,"H0;H1_separate","complete_vietoris_rips",2,"Ripserr_primary;GUDHI_exact_resource_fallback",1800,12884901888,1,0,"closed","closed",FALSE
"mv08n_ph_queue_v1",339,"mv08n_ph:internal124:SRA716608_SRS3391632:20260806:sct_data_all_qc_fit_selected384:exact500","internal124","SRA716608_SRS3391632",20260806,"sct_data_all_qc_fit_selected384","exact500",500,"H0;H1_separate","complete_vietoris_rips",2,"Ripserr_primary;GUDHI_exact_resource_fallback",1800,12884901888,1,0,"closed","closed",FALSE
"mv08n_ph_queue_v1",340,"mv08n_ph:internal124:SRA716608_SRS3391632:20260806:sct_pearson_residual_all_qc_fit_selected384:exact500","internal124","SRA716608_SRS3391632",20260806,"sct_pearson_residual_all_qc_fit_selected384","exact500",500,"H0;H1_separate","complete_vietoris_rips",2,"Ripserr_primary;GUDHI_exact_resource_fallback",1800,12884901888,1,0,"closed","closed",FALSE
"mv08n_ph_queue_v1",341,"mv08n_ph:internal124:SRA716608_SRS3391633:20260806:sct_data_all_qc_fit_selected384:exact500","internal124","SRA716608_SRS3391633",20260806,"sct_data_all_qc_fit_selected384","exact500",500,"H0;H1_separate","complete_vietoris_rips",2,"Ripserr_primary;GUDHI_exact_resource_fallback",1800,12884901888,1,0,"closed","closed",FALSE
"mv08n_ph_queue_v1",342,"mv08n_ph:internal124:SRA716608_SRS3391633:20260806:sct_pearson_residual_all_qc_fit_selected384:exact500","internal124","SRA716608_SRS3391633",20260806,"sct_pearson_residual_all_qc_fit_selected384","exact500",500,"H0;H1_separate","complete_vietoris_rips",2,"Ripserr_primary;GUDHI_exact_resource_fallback",1800,12884901888,1,0,"closed","closed",FALSE
"mv08n_ph_queue_v1",343,"mv08n_ph:internal124:SRA728025_SRS3454421:20260806:sct_data_all_qc_fit_selected384:exact500","internal124","SRA728025_SRS3454421",20260806,"sct_data_all_qc_fit_selected384","exact500",500,"H0;H1_separate","complete_vietoris_rips",2,"Ripserr_primary;GUDHI_exact_resource_fallback",1800,12884901888,1,0,"closed","closed",FALSE
"mv08n_ph_queue_v1",344,"mv08n_ph:internal124:SRA728025_SRS3454421:20260806:sct_pearson_residual_all_qc_fit_selected384:exact500","internal124","SRA728025_SRS3454421",20260806,"sct_pearson_residual_all_qc_fit_selected384","exact500",500,"H0;H1_separate","complete_vietoris_rips",2,"Ripserr_primary;GUDHI_exact_resource_fallback",1800,12884901888,1,0,"closed","closed",FALSE
"mv08n_ph_queue_v1",345,"mv08n_ph:internal124:SRA728025_SRS3454422:20260806:sct_data_all_qc_fit_selected384:exact500","internal124","SRA728025_SRS3454422",20260806,"sct_data_all_qc_fit_selected384","exact500",500,"H0;H1_separate","complete_vietoris_rips",2,"Ripserr_primary;GUDHI_exact_resource_fallback",1800,12884901888,1,0,"closed","closed",FALSE
"mv08n_ph_queue_v1",346,"mv08n_ph:internal124:SRA728025_SRS3454422:20260806:sct_pearson_residual_all_qc_fit_selected384:exact500","internal124","SRA728025_SRS3454422",20260806,"sct_pearson_residual_all_qc_fit_selected384","exact500",500,"H0;H1_separate","complete_vietoris_rips",2,"Ripserr_primary;GUDHI_exact_resource_fallback",1800,12884901888,1,0,"closed","closed",FALSE
"mv08n_ph_queue_v1",347,"mv08n_ph:internal124:SRA728025_SRS3454423:20260806:sct_data_all_qc_fit_selected384:exact500","internal124","SRA728025_SRS3454423",20260806,"sct_data_all_qc_fit_selected384","exact500",500,"H0;H1_separate","complete_vietoris_rips",2,"Ripserr_primary;GUDHI_exact_resource_fallback",1800,12884901888,1,0,"closed","closed",FALSE
"mv08n_ph_queue_v1",348,"mv08n_ph:internal124:SRA728025_SRS3454423:20260806:sct_pearson_residual_all_qc_fit_selected384:exact500","internal124","SRA728025_SRS3454423",20260806,"sct_pearson_residual_all_qc_fit_selected384","exact500",500,"H0;H1_separate","complete_vietoris_rips",2,"Ripserr_primary;GUDHI_exact_resource_fallback",1800,12884901888,1,0,"closed","closed",FALSE
"mv08n_ph_queue_v1",349,"mv08n_ph:internal124:SRA728025_SRS3454424:20260806:sct_data_all_qc_fit_selected384:exact500","internal124","SRA728025_SRS3454424",20260806,"sct_data_all_qc_fit_selected384","exact500",500,"H0;H1_separate","complete_vietoris_rips",2,"Ripserr_primary;GUDHI_exact_resource_fallback",1800,12884901888,1,0,"closed","closed",FALSE
"mv08n_ph_queue_v1",350,"mv08n_ph:internal124:SRA728025_SRS3454424:20260806:sct_pearson_residual_all_qc_fit_selected384:exact500","internal124","SRA728025_SRS3454424",20260806,"sct_pearson_residual_all_qc_fit_selected384","exact500",500,"H0;H1_separate","complete_vietoris_rips",2,"Ripserr_primary;GUDHI_exact_resource_fallback",1800,12884901888,1,0,"closed","closed",FALSE
"mv08n_ph_queue_v1",351,"mv08n_ph:internal124:SRA728025_SRS3454425:20260806:sct_data_all_qc_fit_selected384:exact500","internal124","SRA728025_SRS3454425",20260806,"sct_data_all_qc_fit_selected384","exact500",500,"H0;H1_separate","complete_vietoris_rips",2,"Ripserr_primary;GUDHI_exact_resource_fallback",1800,12884901888,1,0,"closed","closed",FALSE
"mv08n_ph_queue_v1",352,"mv08n_ph:internal124:SRA728025_SRS3454425:20260806:sct_pearson_residual_all_qc_fit_selected384:exact500","internal124","SRA728025_SRS3454425",20260806,"sct_pearson_residual_all_qc_fit_selected384","exact500",500,"H0;H1_separate","complete_vietoris_rips",2,"Ripserr_primary;GUDHI_exact_resource_fallback",1800,12884901888,1,0,"closed","closed",FALSE
"mv08n_ph_queue_v1",353,"mv08n_ph:internal124:SRA728025_SRS3454426:20260806:sct_data_all_qc_fit_selected384:exact500","internal124","SRA728025_SRS3454426",20260806,"sct_data_all_qc_fit_selected384","exact500",500,"H0;H1_separate","complete_vietoris_rips",2,"Ripserr_primary;GUDHI_exact_resource_fallback",1800,12884901888,1,0,"closed","closed",FALSE
"mv08n_ph_queue_v1",354,"mv08n_ph:internal124:SRA728025_SRS3454426:20260806:sct_pearson_residual_all_qc_fit_selected384:exact500","internal124","SRA728025_SRS3454426",20260806,"sct_pearson_residual_all_qc_fit_selected384","exact500",500,"H0;H1_separate","complete_vietoris_rips",2,"Ripserr_primary;GUDHI_exact_resource_fallback",1800,12884901888,1,0,"closed","closed",FALSE
"mv08n_ph_queue_v1",355,"mv08n_ph:internal124:SRA728025_SRS3454427:20260806:sct_data_all_qc_fit_selected384:exact500","internal124","SRA728025_SRS3454427",20260806,"sct_data_all_qc_fit_selected384","exact500",500,"H0;H1_separate","complete_vietoris_rips",2,"Ripserr_primary;GUDHI_exact_resource_fallback",1800,12884901888,1,0,"closed","closed",FALSE
"mv08n_ph_queue_v1",356,"mv08n_ph:internal124:SRA728025_SRS3454427:20260806:sct_pearson_residual_all_qc_fit_selected384:exact500","internal124","SRA728025_SRS3454427",20260806,"sct_pearson_residual_all_qc_fit_selected384","exact500",500,"H0;H1_separate","complete_vietoris_rips",2,"Ripserr_primary;GUDHI_exact_resource_fallback",1800,12884901888,1,0,"closed","closed",FALSE
"mv08n_ph_queue_v1",357,"mv08n_ph:internal124:SRA728025_SRS3454428:20260806:sct_data_all_qc_fit_selected384:exact500","internal124","SRA728025_SRS3454428",20260806,"sct_data_all_qc_fit_selected384","exact500",500,"H0;H1_separate","complete_vietoris_rips",2,"Ripserr_primary;GUDHI_exact_resource_fallback",1800,12884901888,1,0,"closed","closed",FALSE
"mv08n_ph_queue_v1",358,"mv08n_ph:internal124:SRA728025_SRS3454428:20260806:sct_pearson_residual_all_qc_fit_selected384:exact500","internal124","SRA728025_SRS3454428",20260806,"sct_pearson_residual_all_qc_fit_selected384","exact500",500,"H0;H1_separate","complete_vietoris_rips",2,"Ripserr_primary;GUDHI_exact_resource_fallback",1800,12884901888,1,0,"closed","closed",FALSE
"mv08n_ph_queue_v1",359,"mv08n_ph:internal124:SRA728025_SRS3454430:20260806:sct_data_all_qc_fit_selected384:exact500","internal124","SRA728025_SRS3454430",20260806,"sct_data_all_qc_fit_selected384","exact500",500,"H0;H1_separate","complete_vietoris_rips",2,"Ripserr_primary;GUDHI_exact_resource_fallback",1800,12884901888,1,0,"closed","closed",FALSE
"mv08n_ph_queue_v1",360,"mv08n_ph:internal124:SRA728025_SRS3454430:20260806:sct_pearson_residual_all_qc_fit_selected384:exact500","internal124","SRA728025_SRS3454430",20260806,"sct_pearson_residual_all_qc_fit_selected384","exact500",500,"H0;H1_separate","complete_vietoris_rips",2,"Ripserr_primary;GUDHI_exact_resource_fallback",1800,12884901888,1,0,"closed","closed",FALSE
"mv08n_ph_queue_v1",361,"mv08n_ph:internal124:SRA740174_SRS3548780:20260806:sct_data_all_qc_fit_selected384:exact500","internal124","SRA740174_SRS3548780",20260806,"sct_data_all_qc_fit_selected384","exact500",500,"H0;H1_separate","complete_vietoris_rips",2,"Ripserr_primary;GUDHI_exact_resource_fallback",1800,12884901888,1,0,"closed","closed",FALSE
"mv08n_ph_queue_v1",362,"mv08n_ph:internal124:SRA740174_SRS3548780:20260806:sct_pearson_residual_all_qc_fit_selected384:exact500","internal124","SRA740174_SRS3548780",20260806,"sct_pearson_residual_all_qc_fit_selected384","exact500",500,"H0;H1_separate","complete_vietoris_rips",2,"Ripserr_primary;GUDHI_exact_resource_fallback",1800,12884901888,1,0,"closed","closed",FALSE
"mv08n_ph_queue_v1",363,"mv08n_ph:internal124:SRA740174_SRS3548781:20260806:sct_data_all_qc_fit_selected384:exact500","internal124","SRA740174_SRS3548781",20260806,"sct_data_all_qc_fit_selected384","exact500",500,"H0;H1_separate","complete_vietoris_rips",2,"Ripserr_primary;GUDHI_exact_resource_fallback",1800,12884901888,1,0,"closed","closed",FALSE
"mv08n_ph_queue_v1",364,"mv08n_ph:internal124:SRA740174_SRS3548781:20260806:sct_pearson_residual_all_qc_fit_selected384:exact500","internal124","SRA740174_SRS3548781",20260806,"sct_pearson_residual_all_qc_fit_selected384","exact500",500,"H0;H1_separate","complete_vietoris_rips",2,"Ripserr_primary;GUDHI_exact_resource_fallback",1800,12884901888,1,0,"closed","closed",FALSE
"mv08n_ph_queue_v1",365,"mv08n_ph:internal124:SRA740174_SRS3548782:20260806:sct_data_all_qc_fit_selected384:exact500","internal124","SRA740174_SRS3548782",20260806,"sct_data_all_qc_fit_selected384","exact500",500,"H0;H1_separate","complete_vietoris_rips",2,"Ripserr_primary;GUDHI_exact_resource_fallback",1800,12884901888,1,0,"closed","closed",FALSE
"mv08n_ph_queue_v1",366,"mv08n_ph:internal124:SRA740174_SRS3548782:20260806:sct_pearson_residual_all_qc_fit_selected384:exact500","internal124","SRA740174_SRS3548782",20260806,"sct_pearson_residual_all_qc_fit_selected384","exact500",500,"H0;H1_separate","complete_vietoris_rips",2,"Ripserr_primary;GUDHI_exact_resource_fallback",1800,12884901888,1,0,"closed","closed",FALSE
"mv08n_ph_queue_v1",367,"mv08n_ph:internal124:SRA740174_SRS3548783:20260806:sct_data_all_qc_fit_selected384:exact500","internal124","SRA740174_SRS3548783",20260806,"sct_data_all_qc_fit_selected384","exact500",500,"H0;H1_separate","complete_vietoris_rips",2,"Ripserr_primary;GUDHI_exact_resource_fallback",1800,12884901888,1,0,"closed","closed",FALSE
"mv08n_ph_queue_v1",368,"mv08n_ph:internal124:SRA740174_SRS3548783:20260806:sct_pearson_residual_all_qc_fit_selected384:exact500","internal124","SRA740174_SRS3548783",20260806,"sct_pearson_residual_all_qc_fit_selected384","exact500",500,"H0;H1_separate","complete_vietoris_rips",2,"Ripserr_primary;GUDHI_exact_resource_fallback",1800,12884901888,1,0,"closed","closed",FALSE
"mv08n_ph_queue_v1",369,"mv08n_ph:internal124:SRA742961_SRS3565195:20260806:sct_data_all_qc_fit_selected384:exact500","internal124","SRA742961_SRS3565195",20260806,"sct_data_all_qc_fit_selected384","exact500",500,"H0;H1_separate","complete_vietoris_rips",2,"Ripserr_primary;GUDHI_exact_resource_fallback",1800,12884901888,1,0,"closed","closed",FALSE
"mv08n_ph_queue_v1",370,"mv08n_ph:internal124:SRA742961_SRS3565195:20260806:sct_pearson_residual_all_qc_fit_selected384:exact500","internal124","SRA742961_SRS3565195",20260806,"sct_pearson_residual_all_qc_fit_selected384","exact500",500,"H0;H1_separate","complete_vietoris_rips",2,"Ripserr_primary;GUDHI_exact_resource_fallback",1800,12884901888,1,0,"closed","closed",FALSE
"mv08n_ph_queue_v1",371,"mv08n_ph:internal124:SRA742961_SRS3565196:20260806:sct_data_all_qc_fit_selected384:exact500","internal124","SRA742961_SRS3565196",20260806,"sct_data_all_qc_fit_selected384","exact500",500,"H0;H1_separate","complete_vietoris_rips",2,"Ripserr_primary;GUDHI_exact_resource_fallback",1800,12884901888,1,0,"closed","closed",FALSE
"mv08n_ph_queue_v1",372,"mv08n_ph:internal124:SRA742961_SRS3565196:20260806:sct_pearson_residual_all_qc_fit_selected384:exact500","internal124","SRA742961_SRS3565196",20260806,"sct_pearson_residual_all_qc_fit_selected384","exact500",500,"H0;H1_separate","complete_vietoris_rips",2,"Ripserr_primary;GUDHI_exact_resource_fallback",1800,12884901888,1,0,"closed","closed",FALSE
"mv08n_ph_queue_v1",373,"mv08n_ph:internal124:SRA742961_SRS3565197:20260806:sct_data_all_qc_fit_selected384:exact500","internal124","SRA742961_SRS3565197",20260806,"sct_data_all_qc_fit_selected384","exact500",500,"H0;H1_separate","complete_vietoris_rips",2,"Ripserr_primary;GUDHI_exact_resource_fallback",1800,12884901888,1,0,"closed","closed",FALSE
"mv08n_ph_queue_v1",374,"mv08n_ph:internal124:SRA742961_SRS3565197:20260806:sct_pearson_residual_all_qc_fit_selected384:exact500","internal124","SRA742961_SRS3565197",20260806,"sct_pearson_residual_all_qc_fit_selected384","exact500",500,"H0;H1_separate","complete_vietoris_rips",2,"Ripserr_primary;GUDHI_exact_resource_fallback",1800,12884901888,1,0,"closed","closed",FALSE
"mv08n_ph_queue_v1",375,"mv08n_ph:internal124:SRA742961_SRS3565198:20260806:sct_data_all_qc_fit_selected384:exact500","internal124","SRA742961_SRS3565198",20260806,"sct_data_all_qc_fit_selected384","exact500",500,"H0;H1_separate","complete_vietoris_rips",2,"Ripserr_primary;GUDHI_exact_resource_fallback",1800,12884901888,1,0,"closed","closed",FALSE
"mv08n_ph_queue_v1",376,"mv08n_ph:internal124:SRA742961_SRS3565198:20260806:sct_pearson_residual_all_qc_fit_selected384:exact500","internal124","SRA742961_SRS3565198",20260806,"sct_pearson_residual_all_qc_fit_selected384","exact500",500,"H0;H1_separate","complete_vietoris_rips",2,"Ripserr_primary;GUDHI_exact_resource_fallback",1800,12884901888,1,0,"closed","closed",FALSE
"mv08n_ph_queue_v1",377,"mv08n_ph:internal124:SRA742961_SRS3565199:20260806:sct_data_all_qc_fit_selected384:exact500","internal124","SRA742961_SRS3565199",20260806,"sct_data_all_qc_fit_selected384","exact500",500,"H0;H1_separate","complete_vietoris_rips",2,"Ripserr_primary;GUDHI_exact_resource_fallback",1800,12884901888,1,0,"closed","closed",FALSE
"mv08n_ph_queue_v1",378,"mv08n_ph:internal124:SRA742961_SRS3565199:20260806:sct_pearson_residual_all_qc_fit_selected384:exact500","internal124","SRA742961_SRS3565199",20260806,"sct_pearson_residual_all_qc_fit_selected384","exact500",500,"H0;H1_separate","complete_vietoris_rips",2,"Ripserr_primary;GUDHI_exact_resource_fallback",1800,12884901888,1,0,"closed","closed",FALSE
"mv08n_ph_queue_v1",379,"mv08n_ph:internal124:SRA742961_SRS3565201:20260806:sct_data_all_qc_fit_selected384:exact500","internal124","SRA742961_SRS3565201",20260806,"sct_data_all_qc_fit_selected384","exact500",500,"H0;H1_separate","complete_vietoris_rips",2,"Ripserr_primary;GUDHI_exact_resource_fallback",1800,12884901888,1,0,"closed","closed",FALSE
"mv08n_ph_queue_v1",380,"mv08n_ph:internal124:SRA742961_SRS3565201:20260806:sct_pearson_residual_all_qc_fit_selected384:exact500","internal124","SRA742961_SRS3565201",20260806,"sct_pearson_residual_all_qc_fit_selected384","exact500",500,"H0;H1_separate","complete_vietoris_rips",2,"Ripserr_primary;GUDHI_exact_resource_fallback",1800,12884901888,1,0,"closed","closed",FALSE
"mv08n_ph_queue_v1",381,"mv08n_ph:internal124:SRA742961_SRS3565202:20260806:sct_data_all_qc_fit_selected384:exact500","internal124","SRA742961_SRS3565202",20260806,"sct_data_all_qc_fit_selected384","exact500",500,"H0;H1_separate","complete_vietoris_rips",2,"Ripserr_primary;GUDHI_exact_resource_fallback",1800,12884901888,1,0,"closed","closed",FALSE
"mv08n_ph_queue_v1",382,"mv08n_ph:internal124:SRA742961_SRS3565202:20260806:sct_pearson_residual_all_qc_fit_selected384:exact500","internal124","SRA742961_SRS3565202",20260806,"sct_pearson_residual_all_qc_fit_selected384","exact500",500,"H0;H1_separate","complete_vietoris_rips",2,"Ripserr_primary;GUDHI_exact_resource_fallback",1800,12884901888,1,0,"closed","closed",FALSE
"mv08n_ph_queue_v1",383,"mv08n_ph:internal124:SRA742961_SRS3565203:20260806:sct_data_all_qc_fit_selected384:exact500","internal124","SRA742961_SRS3565203",20260806,"sct_data_all_qc_fit_selected384","exact500",500,"H0;H1_separate","complete_vietoris_rips",2,"Ripserr_primary;GUDHI_exact_resource_fallback",1800,12884901888,1,0,"closed","closed",FALSE
"mv08n_ph_queue_v1",384,"mv08n_ph:internal124:SRA742961_SRS3565203:20260806:sct_pearson_residual_all_qc_fit_selected384:exact500","internal124","SRA742961_SRS3565203",20260806,"sct_pearson_residual_all_qc_fit_selected384","exact500",500,"H0;H1_separate","complete_vietoris_rips",2,"Ripserr_primary;GUDHI_exact_resource_fallback",1800,12884901888,1,0,"closed","closed",FALSE
"mv08n_ph_queue_v1",385,"mv08n_ph:internal124:SRA742961_SRS3565204:20260806:sct_data_all_qc_fit_selected384:exact500","internal124","SRA742961_SRS3565204",20260806,"sct_data_all_qc_fit_selected384","exact500",500,"H0;H1_separate","complete_vietoris_rips",2,"Ripserr_primary;GUDHI_exact_resource_fallback",1800,12884901888,1,0,"closed","closed",FALSE
"mv08n_ph_queue_v1",386,"mv08n_ph:internal124:SRA742961_SRS3565204:20260806:sct_pearson_residual_all_qc_fit_selected384:exact500","internal124","SRA742961_SRS3565204",20260806,"sct_pearson_residual_all_qc_fit_selected384","exact500",500,"H0;H1_separate","complete_vietoris_rips",2,"Ripserr_primary;GUDHI_exact_resource_fallback",1800,12884901888,1,0,"closed","closed",FALSE
"mv08n_ph_queue_v1",387,"mv08n_ph:internal124:SRA742961_SRS3565205:20260806:sct_data_all_qc_fit_selected384:exact500","internal124","SRA742961_SRS3565205",20260806,"sct_data_all_qc_fit_selected384","exact500",500,"H0;H1_separate","complete_vietoris_rips",2,"Ripserr_primary;GUDHI_exact_resource_fallback",1800,12884901888,1,0,"closed","closed",FALSE
"mv08n_ph_queue_v1",388,"mv08n_ph:internal124:SRA742961_SRS3565205:20260806:sct_pearson_residual_all_qc_fit_selected384:exact500","internal124","SRA742961_SRS3565205",20260806,"sct_pearson_residual_all_qc_fit_selected384","exact500",500,"H0;H1_separate","complete_vietoris_rips",2,"Ripserr_primary;GUDHI_exact_resource_fallback",1800,12884901888,1,0,"closed","closed",FALSE
"mv08n_ph_queue_v1",389,"mv08n_ph:internal124:SRA742961_SRS3565206:20260806:sct_data_all_qc_fit_selected384:exact500","internal124","SRA742961_SRS3565206",20260806,"sct_data_all_qc_fit_selected384","exact500",500,"H0;H1_separate","complete_vietoris_rips",2,"Ripserr_primary;GUDHI_exact_resource_fallback",1800,12884901888,1,0,"closed","closed",FALSE
"mv08n_ph_queue_v1",390,"mv08n_ph:internal124:SRA742961_SRS3565206:20260806:sct_pearson_residual_all_qc_fit_selected384:exact500","internal124","SRA742961_SRS3565206",20260806,"sct_pearson_residual_all_qc_fit_selected384","exact500",500,"H0;H1_separate","complete_vietoris_rips",2,"Ripserr_primary;GUDHI_exact_resource_fallback",1800,12884901888,1,0,"closed","closed",FALSE
"mv08n_ph_queue_v1",391,"mv08n_ph:internal124:SRA742961_SRS3565207:20260806:sct_data_all_qc_fit_selected384:exact500","internal124","SRA742961_SRS3565207",20260806,"sct_data_all_qc_fit_selected384","exact500",500,"H0;H1_separate","complete_vietoris_rips",2,"Ripserr_primary;GUDHI_exact_resource_fallback",1800,12884901888,1,0,"closed","closed",FALSE
"mv08n_ph_queue_v1",392,"mv08n_ph:internal124:SRA742961_SRS3565207:20260806:sct_pearson_residual_all_qc_fit_selected384:exact500","internal124","SRA742961_SRS3565207",20260806,"sct_pearson_residual_all_qc_fit_selected384","exact500",500,"H0;H1_separate","complete_vietoris_rips",2,"Ripserr_primary;GUDHI_exact_resource_fallback",1800,12884901888,1,0,"closed","closed",FALSE
"mv08n_ph_queue_v1",393,"mv08n_ph:internal124:SRA742961_SRS3565208:20260806:sct_data_all_qc_fit_selected384:exact500","internal124","SRA742961_SRS3565208",20260806,"sct_data_all_qc_fit_selected384","exact500",500,"H0;H1_separate","complete_vietoris_rips",2,"Ripserr_primary;GUDHI_exact_resource_fallback",1800,12884901888,1,0,"closed","closed",FALSE
"mv08n_ph_queue_v1",394,"mv08n_ph:internal124:SRA742961_SRS3565208:20260806:sct_pearson_residual_all_qc_fit_selected384:exact500","internal124","SRA742961_SRS3565208",20260806,"sct_pearson_residual_all_qc_fit_selected384","exact500",500,"H0;H1_separate","complete_vietoris_rips",2,"Ripserr_primary;GUDHI_exact_resource_fallback",1800,12884901888,1,0,"closed","closed",FALSE
"mv08n_ph_queue_v1",395,"mv08n_ph:internal124:SRA742961_SRS3565209:20260806:sct_data_all_qc_fit_selected384:exact500","internal124","SRA742961_SRS3565209",20260806,"sct_data_all_qc_fit_selected384","exact500",500,"H0;H1_separate","complete_vietoris_rips",2,"Ripserr_primary;GUDHI_exact_resource_fallback",1800,12884901888,1,0,"closed","closed",FALSE
"mv08n_ph_queue_v1",396,"mv08n_ph:internal124:SRA742961_SRS3565209:20260806:sct_pearson_residual_all_qc_fit_selected384:exact500","internal124","SRA742961_SRS3565209",20260806,"sct_pearson_residual_all_qc_fit_selected384","exact500",500,"H0;H1_separate","complete_vietoris_rips",2,"Ripserr_primary;GUDHI_exact_resource_fallback",1800,12884901888,1,0,"closed","closed",FALSE
"mv08n_ph_queue_v1",397,"mv08n_ph:internal124:SRA742961_SRS3565210:20260806:sct_data_all_qc_fit_selected384:exact500","internal124","SRA742961_SRS3565210",20260806,"sct_data_all_qc_fit_selected384","exact500",500,"H0;H1_separate","complete_vietoris_rips",2,"Ripserr_primary;GUDHI_exact_resource_fallback",1800,12884901888,1,0,"closed","closed",FALSE
"mv08n_ph_queue_v1",398,"mv08n_ph:internal124:SRA742961_SRS3565210:20260806:sct_pearson_residual_all_qc_fit_selected384:exact500","internal124","SRA742961_SRS3565210",20260806,"sct_pearson_residual_all_qc_fit_selected384","exact500",500,"H0;H1_separate","complete_vietoris_rips",2,"Ripserr_primary;GUDHI_exact_resource_fallback",1800,12884901888,1,0,"closed","closed",FALSE
"mv08n_ph_queue_v1",399,"mv08n_ph:internal124:SRA742961_SRS3565211:20260806:sct_data_all_qc_fit_selected384:exact500","internal124","SRA742961_SRS3565211",20260806,"sct_data_all_qc_fit_selected384","exact500",500,"H0;H1_separate","complete_vietoris_rips",2,"Ripserr_primary;GUDHI_exact_resource_fallback",1800,12884901888,1,0,"closed","closed",FALSE
"mv08n_ph_queue_v1",400,"mv08n_ph:internal124:SRA742961_SRS3565211:20260806:sct_pearson_residual_all_qc_fit_selected384:exact500","internal124","SRA742961_SRS3565211",20260806,"sct_pearson_residual_all_qc_fit_selected384","exact500",500,"H0;H1_separate","complete_vietoris_rips",2,"Ripserr_primary;GUDHI_exact_resource_fallback",1800,12884901888,1,0,"closed","closed",FALSE
"mv08n_ph_queue_v1",401,"mv08n_ph:internal124:SRA749327_SRS3693910:20260806:sct_data_all_qc_fit_selected384:exact500","internal124","SRA749327_SRS3693910",20260806,"sct_data_all_qc_fit_selected384","exact500",500,"H0;H1_separate","complete_vietoris_rips",2,"Ripserr_primary;GUDHI_exact_resource_fallback",1800,12884901888,1,0,"closed","closed",FALSE
"mv08n_ph_queue_v1",402,"mv08n_ph:internal124:SRA749327_SRS3693910:20260806:sct_pearson_residual_all_qc_fit_selected384:exact500","internal124","SRA749327_SRS3693910",20260806,"sct_pearson_residual_all_qc_fit_selected384","exact500",500,"H0;H1_separate","complete_vietoris_rips",2,"Ripserr_primary;GUDHI_exact_resource_fallback",1800,12884901888,1,0,"closed","closed",FALSE
"mv08n_ph_queue_v1",403,"mv08n_ph:internal124:SRA749327_SRS3693911:20260806:sct_data_all_qc_fit_selected384:exact500","internal124","SRA749327_SRS3693911",20260806,"sct_data_all_qc_fit_selected384","exact500",500,"H0;H1_separate","complete_vietoris_rips",2,"Ripserr_primary;GUDHI_exact_resource_fallback",1800,12884901888,1,0,"closed","closed",FALSE
"mv08n_ph_queue_v1",404,"mv08n_ph:internal124:SRA749327_SRS3693911:20260806:sct_pearson_residual_all_qc_fit_selected384:exact500","internal124","SRA749327_SRS3693911",20260806,"sct_pearson_residual_all_qc_fit_selected384","exact500",500,"H0;H1_separate","complete_vietoris_rips",2,"Ripserr_primary;GUDHI_exact_resource_fallback",1800,12884901888,1,0,"closed","closed",FALSE
"mv08n_ph_queue_v1",405,"mv08n_ph:internal124:SRA749327_SRS3693912:20260806:sct_data_all_qc_fit_selected384:exact500","internal124","SRA749327_SRS3693912",20260806,"sct_data_all_qc_fit_selected384","exact500",500,"H0;H1_separate","complete_vietoris_rips",2,"Ripserr_primary;GUDHI_exact_resource_fallback",1800,12884901888,1,0,"closed","closed",FALSE
"mv08n_ph_queue_v1",406,"mv08n_ph:internal124:SRA749327_SRS3693912:20260806:sct_pearson_residual_all_qc_fit_selected384:exact500","internal124","SRA749327_SRS3693912",20260806,"sct_pearson_residual_all_qc_fit_selected384","exact500",500,"H0;H1_separate","complete_vietoris_rips",2,"Ripserr_primary;GUDHI_exact_resource_fallback",1800,12884901888,1,0,"closed","closed",FALSE
"mv08n_ph_queue_v1",407,"mv08n_ph:internal124:SRA749327_SRS3693913:20260806:sct_data_all_qc_fit_selected384:exact500","internal124","SRA749327_SRS3693913",20260806,"sct_data_all_qc_fit_selected384","exact500",500,"H0;H1_separate","complete_vietoris_rips",2,"Ripserr_primary;GUDHI_exact_resource_fallback",1800,12884901888,1,0,"closed","closed",FALSE
"mv08n_ph_queue_v1",408,"mv08n_ph:internal124:SRA749327_SRS3693913:20260806:sct_pearson_residual_all_qc_fit_selected384:exact500","internal124","SRA749327_SRS3693913",20260806,"sct_pearson_residual_all_qc_fit_selected384","exact500",500,"H0;H1_separate","complete_vietoris_rips",2,"Ripserr_primary;GUDHI_exact_resource_fallback",1800,12884901888,1,0,"closed","closed",FALSE
"mv08n_ph_queue_v1",409,"mv08n_ph:internal124:SRA760933_SRS3693061:20260806:sct_data_all_qc_fit_selected384:exact500","internal124","SRA760933_SRS3693061",20260806,"sct_data_all_qc_fit_selected384","exact500",500,"H0;H1_separate","complete_vietoris_rips",2,"Ripserr_primary;GUDHI_exact_resource_fallback",1800,12884901888,1,0,"closed","closed",FALSE
"mv08n_ph_queue_v1",410,"mv08n_ph:internal124:SRA760933_SRS3693061:20260806:sct_pearson_residual_all_qc_fit_selected384:exact500","internal124","SRA760933_SRS3693061",20260806,"sct_pearson_residual_all_qc_fit_selected384","exact500",500,"H0;H1_separate","complete_vietoris_rips",2,"Ripserr_primary;GUDHI_exact_resource_fallback",1800,12884901888,1,0,"closed","closed",FALSE
"mv08n_ph_queue_v1",411,"mv08n_ph:internal124:SRA779509_SRS3805245:20260806:sct_data_all_qc_fit_selected384:exact500","internal124","SRA779509_SRS3805245",20260806,"sct_data_all_qc_fit_selected384","exact500",500,"H0;H1_separate","complete_vietoris_rips",2,"Ripserr_primary;GUDHI_exact_resource_fallback",1800,12884901888,1,0,"closed","closed",FALSE
"mv08n_ph_queue_v1",412,"mv08n_ph:internal124:SRA779509_SRS3805245:20260806:sct_pearson_residual_all_qc_fit_selected384:exact500","internal124","SRA779509_SRS3805245",20260806,"sct_pearson_residual_all_qc_fit_selected384","exact500",500,"H0;H1_separate","complete_vietoris_rips",2,"Ripserr_primary;GUDHI_exact_resource_fallback",1800,12884901888,1,0,"closed","closed",FALSE
"mv08n_ph_queue_v1",413,"mv08n_ph:internal124:SRA779509_SRS3805246:20260806:sct_data_all_qc_fit_selected384:exact500","internal124","SRA779509_SRS3805246",20260806,"sct_data_all_qc_fit_selected384","exact500",500,"H0;H1_separate","complete_vietoris_rips",2,"Ripserr_primary;GUDHI_exact_resource_fallback",1800,12884901888,1,0,"closed","closed",FALSE
"mv08n_ph_queue_v1",414,"mv08n_ph:internal124:SRA779509_SRS3805246:20260806:sct_pearson_residual_all_qc_fit_selected384:exact500","internal124","SRA779509_SRS3805246",20260806,"sct_pearson_residual_all_qc_fit_selected384","exact500",500,"H0;H1_separate","complete_vietoris_rips",2,"Ripserr_primary;GUDHI_exact_resource_fallback",1800,12884901888,1,0,"closed","closed",FALSE
"mv08n_ph_queue_v1",415,"mv08n_ph:internal124:SRA779509_SRS3805247:20260806:sct_data_all_qc_fit_selected384:exact500","internal124","SRA779509_SRS3805247",20260806,"sct_data_all_qc_fit_selected384","exact500",500,"H0;H1_separate","complete_vietoris_rips",2,"Ripserr_primary;GUDHI_exact_resource_fallback",1800,12884901888,1,0,"closed","closed",FALSE
"mv08n_ph_queue_v1",416,"mv08n_ph:internal124:SRA779509_SRS3805247:20260806:sct_pearson_residual_all_qc_fit_selected384:exact500","internal124","SRA779509_SRS3805247",20260806,"sct_pearson_residual_all_qc_fit_selected384","exact500",500,"H0;H1_separate","complete_vietoris_rips",2,"Ripserr_primary;GUDHI_exact_resource_fallback",1800,12884901888,1,0,"closed","closed",FALSE
"mv08n_ph_queue_v1",417,"mv08n_ph:internal124:SRA779509_SRS3805248:20260806:sct_data_all_qc_fit_selected384:exact500","internal124","SRA779509_SRS3805248",20260806,"sct_data_all_qc_fit_selected384","exact500",500,"H0;H1_separate","complete_vietoris_rips",2,"Ripserr_primary;GUDHI_exact_resource_fallback",1800,12884901888,1,0,"closed","closed",FALSE
"mv08n_ph_queue_v1",418,"mv08n_ph:internal124:SRA779509_SRS3805248:20260806:sct_pearson_residual_all_qc_fit_selected384:exact500","internal124","SRA779509_SRS3805248",20260806,"sct_pearson_residual_all_qc_fit_selected384","exact500",500,"H0;H1_separate","complete_vietoris_rips",2,"Ripserr_primary;GUDHI_exact_resource_fallback",1800,12884901888,1,0,"closed","closed",FALSE
"mv08n_ph_queue_v1",419,"mv08n_ph:internal124:SRA779509_SRS3805249:20260806:sct_data_all_qc_fit_selected384:exact500","internal124","SRA779509_SRS3805249",20260806,"sct_data_all_qc_fit_selected384","exact500",500,"H0;H1_separate","complete_vietoris_rips",2,"Ripserr_primary;GUDHI_exact_resource_fallback",1800,12884901888,1,0,"closed","closed",FALSE
"mv08n_ph_queue_v1",420,"mv08n_ph:internal124:SRA779509_SRS3805249:20260806:sct_pearson_residual_all_qc_fit_selected384:exact500","internal124","SRA779509_SRS3805249",20260806,"sct_pearson_residual_all_qc_fit_selected384","exact500",500,"H0;H1_separate","complete_vietoris_rips",2,"Ripserr_primary;GUDHI_exact_resource_fallback",1800,12884901888,1,0,"closed","closed",FALSE
"mv08n_ph_queue_v1",421,"mv08n_ph:internal124:SRA779509_SRS3805250:20260806:sct_data_all_qc_fit_selected384:exact500","internal124","SRA779509_SRS3805250",20260806,"sct_data_all_qc_fit_selected384","exact500",500,"H0;H1_separate","complete_vietoris_rips",2,"Ripserr_primary;GUDHI_exact_resource_fallback",1800,12884901888,1,0,"closed","closed",FALSE
"mv08n_ph_queue_v1",422,"mv08n_ph:internal124:SRA779509_SRS3805250:20260806:sct_pearson_residual_all_qc_fit_selected384:exact500","internal124","SRA779509_SRS3805250",20260806,"sct_pearson_residual_all_qc_fit_selected384","exact500",500,"H0;H1_separate","complete_vietoris_rips",2,"Ripserr_primary;GUDHI_exact_resource_fallback",1800,12884901888,1,0,"closed","closed",FALSE
"mv08n_ph_queue_v1",423,"mv08n_ph:internal124:SRA779509_SRS3805251:20260806:sct_data_all_qc_fit_selected384:exact500","internal124","SRA779509_SRS3805251",20260806,"sct_data_all_qc_fit_selected384","exact500",500,"H0;H1_separate","complete_vietoris_rips",2,"Ripserr_primary;GUDHI_exact_resource_fallback",1800,12884901888,1,0,"closed","closed",FALSE
"mv08n_ph_queue_v1",424,"mv08n_ph:internal124:SRA779509_SRS3805251:20260806:sct_pearson_residual_all_qc_fit_selected384:exact500","internal124","SRA779509_SRS3805251",20260806,"sct_pearson_residual_all_qc_fit_selected384","exact500",500,"H0;H1_separate","complete_vietoris_rips",2,"Ripserr_primary;GUDHI_exact_resource_fallback",1800,12884901888,1,0,"closed","closed",FALSE
"mv08n_ph_queue_v1",425,"mv08n_ph:internal124:SRA779509_SRS3805252:20260806:sct_data_all_qc_fit_selected384:exact500","internal124","SRA779509_SRS3805252",20260806,"sct_data_all_qc_fit_selected384","exact500",500,"H0;H1_separate","complete_vietoris_rips",2,"Ripserr_primary;GUDHI_exact_resource_fallback",1800,12884901888,1,0,"closed","closed",FALSE
"mv08n_ph_queue_v1",426,"mv08n_ph:internal124:SRA779509_SRS3805252:20260806:sct_pearson_residual_all_qc_fit_selected384:exact500","internal124","SRA779509_SRS3805252",20260806,"sct_pearson_residual_all_qc_fit_selected384","exact500",500,"H0;H1_separate","complete_vietoris_rips",2,"Ripserr_primary;GUDHI_exact_resource_fallback",1800,12884901888,1,0,"closed","closed",FALSE
"mv08n_ph_queue_v1",427,"mv08n_ph:internal124:SRA779509_SRS3805253:20260806:sct_data_all_qc_fit_selected384:exact500","internal124","SRA779509_SRS3805253",20260806,"sct_data_all_qc_fit_selected384","exact500",500,"H0;H1_separate","complete_vietoris_rips",2,"Ripserr_primary;GUDHI_exact_resource_fallback",1800,12884901888,1,0,"closed","closed",FALSE
"mv08n_ph_queue_v1",428,"mv08n_ph:internal124:SRA779509_SRS3805253:20260806:sct_pearson_residual_all_qc_fit_selected384:exact500","internal124","SRA779509_SRS3805253",20260806,"sct_pearson_residual_all_qc_fit_selected384","exact500",500,"H0;H1_separate","complete_vietoris_rips",2,"Ripserr_primary;GUDHI_exact_resource_fallback",1800,12884901888,1,0,"closed","closed",FALSE
"mv08n_ph_queue_v1",429,"mv08n_ph:internal124:SRA779509_SRS3805254:20260806:sct_data_all_qc_fit_selected384:exact500","internal124","SRA779509_SRS3805254",20260806,"sct_data_all_qc_fit_selected384","exact500",500,"H0;H1_separate","complete_vietoris_rips",2,"Ripserr_primary;GUDHI_exact_resource_fallback",1800,12884901888,1,0,"closed","closed",FALSE
"mv08n_ph_queue_v1",430,"mv08n_ph:internal124:SRA779509_SRS3805254:20260806:sct_pearson_residual_all_qc_fit_selected384:exact500","internal124","SRA779509_SRS3805254",20260806,"sct_pearson_residual_all_qc_fit_selected384","exact500",500,"H0;H1_separate","complete_vietoris_rips",2,"Ripserr_primary;GUDHI_exact_resource_fallback",1800,12884901888,1,0,"closed","closed",FALSE
"mv08n_ph_queue_v1",431,"mv08n_ph:internal124:SRA779509_SRS3805255:20260806:sct_data_all_qc_fit_selected384:exact500","internal124","SRA779509_SRS3805255",20260806,"sct_data_all_qc_fit_selected384","exact500",500,"H0;H1_separate","complete_vietoris_rips",2,"Ripserr_primary;GUDHI_exact_resource_fallback",1800,12884901888,1,0,"closed","closed",FALSE
"mv08n_ph_queue_v1",432,"mv08n_ph:internal124:SRA779509_SRS3805255:20260806:sct_pearson_residual_all_qc_fit_selected384:exact500","internal124","SRA779509_SRS3805255",20260806,"sct_pearson_residual_all_qc_fit_selected384","exact500",500,"H0;H1_separate","complete_vietoris_rips",2,"Ripserr_primary;GUDHI_exact_resource_fallback",1800,12884901888,1,0,"closed","closed",FALSE
"mv08n_ph_queue_v1",433,"mv08n_ph:internal124:SRA779509_SRS3805256:20260806:sct_data_all_qc_fit_selected384:exact500","internal124","SRA779509_SRS3805256",20260806,"sct_data_all_qc_fit_selected384","exact500",500,"H0;H1_separate","complete_vietoris_rips",2,"Ripserr_primary;GUDHI_exact_resource_fallback",1800,12884901888,1,0,"closed","closed",FALSE
"mv08n_ph_queue_v1",434,"mv08n_ph:internal124:SRA779509_SRS3805256:20260806:sct_pearson_residual_all_qc_fit_selected384:exact500","internal124","SRA779509_SRS3805256",20260806,"sct_pearson_residual_all_qc_fit_selected384","exact500",500,"H0;H1_separate","complete_vietoris_rips",2,"Ripserr_primary;GUDHI_exact_resource_fallback",1800,12884901888,1,0,"closed","closed",FALSE
"mv08n_ph_queue_v1",435,"mv08n_ph:internal124:SRA779509_SRS3805257:20260806:sct_data_all_qc_fit_selected384:exact500","internal124","SRA779509_SRS3805257",20260806,"sct_data_all_qc_fit_selected384","exact500",500,"H0;H1_separate","complete_vietoris_rips",2,"Ripserr_primary;GUDHI_exact_resource_fallback",1800,12884901888,1,0,"closed","closed",FALSE
"mv08n_ph_queue_v1",436,"mv08n_ph:internal124:SRA779509_SRS3805257:20260806:sct_pearson_residual_all_qc_fit_selected384:exact500","internal124","SRA779509_SRS3805257",20260806,"sct_pearson_residual_all_qc_fit_selected384","exact500",500,"H0;H1_separate","complete_vietoris_rips",2,"Ripserr_primary;GUDHI_exact_resource_fallback",1800,12884901888,1,0,"closed","closed",FALSE
"mv08n_ph_queue_v1",437,"mv08n_ph:internal124:SRA779509_SRS3805258:20260806:sct_data_all_qc_fit_selected384:exact500","internal124","SRA779509_SRS3805258",20260806,"sct_data_all_qc_fit_selected384","exact500",500,"H0;H1_separate","complete_vietoris_rips",2,"Ripserr_primary;GUDHI_exact_resource_fallback",1800,12884901888,1,0,"closed","closed",FALSE
"mv08n_ph_queue_v1",438,"mv08n_ph:internal124:SRA779509_SRS3805258:20260806:sct_pearson_residual_all_qc_fit_selected384:exact500","internal124","SRA779509_SRS3805258",20260806,"sct_pearson_residual_all_qc_fit_selected384","exact500",500,"H0;H1_separate","complete_vietoris_rips",2,"Ripserr_primary;GUDHI_exact_resource_fallback",1800,12884901888,1,0,"closed","closed",FALSE
"mv08n_ph_queue_v1",439,"mv08n_ph:internal124:SRA779509_SRS3805259:20260806:sct_data_all_qc_fit_selected384:exact500","internal124","SRA779509_SRS3805259",20260806,"sct_data_all_qc_fit_selected384","exact500",500,"H0;H1_separate","complete_vietoris_rips",2,"Ripserr_primary;GUDHI_exact_resource_fallback",1800,12884901888,1,0,"closed","closed",FALSE
"mv08n_ph_queue_v1",440,"mv08n_ph:internal124:SRA779509_SRS3805259:20260806:sct_pearson_residual_all_qc_fit_selected384:exact500","internal124","SRA779509_SRS3805259",20260806,"sct_pearson_residual_all_qc_fit_selected384","exact500",500,"H0;H1_separate","complete_vietoris_rips",2,"Ripserr_primary;GUDHI_exact_resource_fallback",1800,12884901888,1,0,"closed","closed",FALSE
"mv08n_ph_queue_v1",441,"mv08n_ph:internal124:SRA779509_SRS3805260:20260806:sct_data_all_qc_fit_selected384:exact500","internal124","SRA779509_SRS3805260",20260806,"sct_data_all_qc_fit_selected384","exact500",500,"H0;H1_separate","complete_vietoris_rips",2,"Ripserr_primary;GUDHI_exact_resource_fallback",1800,12884901888,1,0,"closed","closed",FALSE
"mv08n_ph_queue_v1",442,"mv08n_ph:internal124:SRA779509_SRS3805260:20260806:sct_pearson_residual_all_qc_fit_selected384:exact500","internal124","SRA779509_SRS3805260",20260806,"sct_pearson_residual_all_qc_fit_selected384","exact500",500,"H0;H1_separate","complete_vietoris_rips",2,"Ripserr_primary;GUDHI_exact_resource_fallback",1800,12884901888,1,0,"closed","closed",FALSE
"mv08n_ph_queue_v1",443,"mv08n_ph:internal124:SRA779509_SRS3805261:20260806:sct_data_all_qc_fit_selected384:exact500","internal124","SRA779509_SRS3805261",20260806,"sct_data_all_qc_fit_selected384","exact500",500,"H0;H1_separate","complete_vietoris_rips",2,"Ripserr_primary;GUDHI_exact_resource_fallback",1800,12884901888,1,0,"closed","closed",FALSE
"mv08n_ph_queue_v1",444,"mv08n_ph:internal124:SRA779509_SRS3805261:20260806:sct_pearson_residual_all_qc_fit_selected384:exact500","internal124","SRA779509_SRS3805261",20260806,"sct_pearson_residual_all_qc_fit_selected384","exact500",500,"H0;H1_separate","complete_vietoris_rips",2,"Ripserr_primary;GUDHI_exact_resource_fallback",1800,12884901888,1,0,"closed","closed",FALSE
"mv08n_ph_queue_v1",445,"mv08n_ph:internal124:SRA779509_SRS3805262:20260806:sct_data_all_qc_fit_selected384:exact500","internal124","SRA779509_SRS3805262",20260806,"sct_data_all_qc_fit_selected384","exact500",500,"H0;H1_separate","complete_vietoris_rips",2,"Ripserr_primary;GUDHI_exact_resource_fallback",1800,12884901888,1,0,"closed","closed",FALSE
"mv08n_ph_queue_v1",446,"mv08n_ph:internal124:SRA779509_SRS3805262:20260806:sct_pearson_residual_all_qc_fit_selected384:exact500","internal124","SRA779509_SRS3805262",20260806,"sct_pearson_residual_all_qc_fit_selected384","exact500",500,"H0;H1_separate","complete_vietoris_rips",2,"Ripserr_primary;GUDHI_exact_resource_fallback",1800,12884901888,1,0,"closed","closed",FALSE
"mv08n_ph_queue_v1",447,"mv08n_ph:internal124:SRA779509_SRS3805263:20260806:sct_data_all_qc_fit_selected384:exact500","internal124","SRA779509_SRS3805263",20260806,"sct_data_all_qc_fit_selected384","exact500",500,"H0;H1_separate","complete_vietoris_rips",2,"Ripserr_primary;GUDHI_exact_resource_fallback",1800,12884901888,1,0,"closed","closed",FALSE
"mv08n_ph_queue_v1",448,"mv08n_ph:internal124:SRA779509_SRS3805263:20260806:sct_pearson_residual_all_qc_fit_selected384:exact500","internal124","SRA779509_SRS3805263",20260806,"sct_pearson_residual_all_qc_fit_selected384","exact500",500,"H0;H1_separate","complete_vietoris_rips",2,"Ripserr_primary;GUDHI_exact_resource_fallback",1800,12884901888,1,0,"closed","closed",FALSE
"mv08n_ph_queue_v1",449,"mv08n_ph:internal124:SRA779509_SRS3805264:20260806:sct_data_all_qc_fit_selected384:exact500","internal124","SRA779509_SRS3805264",20260806,"sct_data_all_qc_fit_selected384","exact500",500,"H0;H1_separate","complete_vietoris_rips",2,"Ripserr_primary;GUDHI_exact_resource_fallback",1800,12884901888,1,0,"closed","closed",FALSE
"mv08n_ph_queue_v1",450,"mv08n_ph:internal124:SRA779509_SRS3805264:20260806:sct_pearson_residual_all_qc_fit_selected384:exact500","internal124","SRA779509_SRS3805264",20260806,"sct_pearson_residual_all_qc_fit_selected384","exact500",500,"H0;H1_separate","complete_vietoris_rips",2,"Ripserr_primary;GUDHI_exact_resource_fallback",1800,12884901888,1,0,"closed","closed",FALSE
"mv08n_ph_queue_v1",451,"mv08n_ph:internal124:SRA779509_SRS3805265:20260806:sct_data_all_qc_fit_selected384:exact500","internal124","SRA779509_SRS3805265",20260806,"sct_data_all_qc_fit_selected384","exact500",500,"H0;H1_separate","complete_vietoris_rips",2,"Ripserr_primary;GUDHI_exact_resource_fallback",1800,12884901888,1,0,"closed","closed",FALSE
"mv08n_ph_queue_v1",452,"mv08n_ph:internal124:SRA779509_SRS3805265:20260806:sct_pearson_residual_all_qc_fit_selected384:exact500","internal124","SRA779509_SRS3805265",20260806,"sct_pearson_residual_all_qc_fit_selected384","exact500",500,"H0;H1_separate","complete_vietoris_rips",2,"Ripserr_primary;GUDHI_exact_resource_fallback",1800,12884901888,1,0,"closed","closed",FALSE
"mv08n_ph_queue_v1",453,"mv08n_ph:internal124:SRA779509_SRS3805266:20260806:sct_data_all_qc_fit_selected384:exact500","internal124","SRA779509_SRS3805266",20260806,"sct_data_all_qc_fit_selected384","exact500",500,"H0;H1_separate","complete_vietoris_rips",2,"Ripserr_primary;GUDHI_exact_resource_fallback",1800,12884901888,1,0,"closed","closed",FALSE
"mv08n_ph_queue_v1",454,"mv08n_ph:internal124:SRA779509_SRS3805266:20260806:sct_pearson_residual_all_qc_fit_selected384:exact500","internal124","SRA779509_SRS3805266",20260806,"sct_pearson_residual_all_qc_fit_selected384","exact500",500,"H0;H1_separate","complete_vietoris_rips",2,"Ripserr_primary;GUDHI_exact_resource_fallback",1800,12884901888,1,0,"closed","closed",FALSE
"mv08n_ph_queue_v1",455,"mv08n_ph:internal124:SRA779509_SRS3805267:20260806:sct_data_all_qc_fit_selected384:exact500","internal124","SRA779509_SRS3805267",20260806,"sct_data_all_qc_fit_selected384","exact500",500,"H0;H1_separate","complete_vietoris_rips",2,"Ripserr_primary;GUDHI_exact_resource_fallback",1800,12884901888,1,0,"closed","closed",FALSE
"mv08n_ph_queue_v1",456,"mv08n_ph:internal124:SRA779509_SRS3805267:20260806:sct_pearson_residual_all_qc_fit_selected384:exact500","internal124","SRA779509_SRS3805267",20260806,"sct_pearson_residual_all_qc_fit_selected384","exact500",500,"H0;H1_separate","complete_vietoris_rips",2,"Ripserr_primary;GUDHI_exact_resource_fallback",1800,12884901888,1,0,"closed","closed",FALSE
"mv08n_ph_queue_v1",457,"mv08n_ph:internal124:SRA779509_SRS3805268:20260806:sct_data_all_qc_fit_selected384:exact500","internal124","SRA779509_SRS3805268",20260806,"sct_data_all_qc_fit_selected384","exact500",500,"H0;H1_separate","complete_vietoris_rips",2,"Ripserr_primary;GUDHI_exact_resource_fallback",1800,12884901888,1,0,"closed","closed",FALSE
"mv08n_ph_queue_v1",458,"mv08n_ph:internal124:SRA779509_SRS3805268:20260806:sct_pearson_residual_all_qc_fit_selected384:exact500","internal124","SRA779509_SRS3805268",20260806,"sct_pearson_residual_all_qc_fit_selected384","exact500",500,"H0;H1_separate","complete_vietoris_rips",2,"Ripserr_primary;GUDHI_exact_resource_fallback",1800,12884901888,1,0,"closed","closed",FALSE
"mv08n_ph_queue_v1",459,"mv08n_ph:internal124:SRA779509_SRS3805269:20260806:sct_data_all_qc_fit_selected384:exact500","internal124","SRA779509_SRS3805269",20260806,"sct_data_all_qc_fit_selected384","exact500",500,"H0;H1_separate","complete_vietoris_rips",2,"Ripserr_primary;GUDHI_exact_resource_fallback",1800,12884901888,1,0,"closed","closed",FALSE
"mv08n_ph_queue_v1",460,"mv08n_ph:internal124:SRA779509_SRS3805269:20260806:sct_pearson_residual_all_qc_fit_selected384:exact500","internal124","SRA779509_SRS3805269",20260806,"sct_pearson_residual_all_qc_fit_selected384","exact500",500,"H0;H1_separate","complete_vietoris_rips",2,"Ripserr_primary;GUDHI_exact_resource_fallback",1800,12884901888,1,0,"closed","closed",FALSE
"mv08n_ph_queue_v1",461,"mv08n_ph:internal124:SRA784242_SRS3822680:20260806:sct_data_all_qc_fit_selected384:exact500","internal124","SRA784242_SRS3822680",20260806,"sct_data_all_qc_fit_selected384","exact500",500,"H0;H1_separate","complete_vietoris_rips",2,"Ripserr_primary;GUDHI_exact_resource_fallback",1800,12884901888,1,0,"closed","closed",FALSE
"mv08n_ph_queue_v1",462,"mv08n_ph:internal124:SRA784242_SRS3822680:20260806:sct_pearson_residual_all_qc_fit_selected384:exact500","internal124","SRA784242_SRS3822680",20260806,"sct_pearson_residual_all_qc_fit_selected384","exact500",500,"H0;H1_separate","complete_vietoris_rips",2,"Ripserr_primary;GUDHI_exact_resource_fallback",1800,12884901888,1,0,"closed","closed",FALSE
"mv08n_ph_queue_v1",463,"mv08n_ph:internal124:SRA784242_SRS3822682:20260806:sct_data_all_qc_fit_selected384:exact500","internal124","SRA784242_SRS3822682",20260806,"sct_data_all_qc_fit_selected384","exact500",500,"H0;H1_separate","complete_vietoris_rips",2,"Ripserr_primary;GUDHI_exact_resource_fallback",1800,12884901888,1,0,"closed","closed",FALSE
"mv08n_ph_queue_v1",464,"mv08n_ph:internal124:SRA784242_SRS3822682:20260806:sct_pearson_residual_all_qc_fit_selected384:exact500","internal124","SRA784242_SRS3822682",20260806,"sct_pearson_residual_all_qc_fit_selected384","exact500",500,"H0;H1_separate","complete_vietoris_rips",2,"Ripserr_primary;GUDHI_exact_resource_fallback",1800,12884901888,1,0,"closed","closed",FALSE
"mv08n_ph_queue_v1",465,"mv08n_ph:internal124:SRA784242_SRS3822683:20260806:sct_data_all_qc_fit_selected384:exact500","internal124","SRA784242_SRS3822683",20260806,"sct_data_all_qc_fit_selected384","exact500",500,"H0;H1_separate","complete_vietoris_rips",2,"Ripserr_primary;GUDHI_exact_resource_fallback",1800,12884901888,1,0,"closed","closed",FALSE
"mv08n_ph_queue_v1",466,"mv08n_ph:internal124:SRA784242_SRS3822683:20260806:sct_pearson_residual_all_qc_fit_selected384:exact500","internal124","SRA784242_SRS3822683",20260806,"sct_pearson_residual_all_qc_fit_selected384","exact500",500,"H0;H1_separate","complete_vietoris_rips",2,"Ripserr_primary;GUDHI_exact_resource_fallback",1800,12884901888,1,0,"closed","closed",FALSE
"mv08n_ph_queue_v1",467,"mv08n_ph:internal124:SRA784242_SRS3822686:20260806:sct_data_all_qc_fit_selected384:exact500","internal124","SRA784242_SRS3822686",20260806,"sct_data_all_qc_fit_selected384","exact500",500,"H0;H1_separate","complete_vietoris_rips",2,"Ripserr_primary;GUDHI_exact_resource_fallback",1800,12884901888,1,0,"closed","closed",FALSE
"mv08n_ph_queue_v1",468,"mv08n_ph:internal124:SRA784242_SRS3822686:20260806:sct_pearson_residual_all_qc_fit_selected384:exact500","internal124","SRA784242_SRS3822686",20260806,"sct_pearson_residual_all_qc_fit_selected384","exact500",500,"H0;H1_separate","complete_vietoris_rips",2,"Ripserr_primary;GUDHI_exact_resource_fallback",1800,12884901888,1,0,"closed","closed",FALSE
"mv08n_ph_queue_v1",469,"mv08n_ph:internal124:SRA826293_SRS4181123:20260806:sct_data_all_qc_fit_selected384:exact500","internal124","SRA826293_SRS4181123",20260806,"sct_data_all_qc_fit_selected384","exact500",500,"H0;H1_separate","complete_vietoris_rips",2,"Ripserr_primary;GUDHI_exact_resource_fallback",1800,12884901888,1,0,"closed","closed",FALSE
"mv08n_ph_queue_v1",470,"mv08n_ph:internal124:SRA826293_SRS4181123:20260806:sct_pearson_residual_all_qc_fit_selected384:exact500","internal124","SRA826293_SRS4181123",20260806,"sct_pearson_residual_all_qc_fit_selected384","exact500",500,"H0;H1_separate","complete_vietoris_rips",2,"Ripserr_primary;GUDHI_exact_resource_fallback",1800,12884901888,1,0,"closed","closed",FALSE
"mv08n_ph_queue_v1",471,"mv08n_ph:internal124:SRA826293_SRS4181124:20260806:sct_data_all_qc_fit_selected384:exact500","internal124","SRA826293_SRS4181124",20260806,"sct_data_all_qc_fit_selected384","exact500",500,"H0;H1_separate","complete_vietoris_rips",2,"Ripserr_primary;GUDHI_exact_resource_fallback",1800,12884901888,1,0,"closed","closed",FALSE
"mv08n_ph_queue_v1",472,"mv08n_ph:internal124:SRA826293_SRS4181124:20260806:sct_pearson_residual_all_qc_fit_selected384:exact500","internal124","SRA826293_SRS4181124",20260806,"sct_pearson_residual_all_qc_fit_selected384","exact500",500,"H0;H1_separate","complete_vietoris_rips",2,"Ripserr_primary;GUDHI_exact_resource_fallback",1800,12884901888,1,0,"closed","closed",FALSE
"mv08n_ph_queue_v1",473,"mv08n_ph:internal124:SRA826293_SRS4181125:20260806:sct_data_all_qc_fit_selected384:exact500","internal124","SRA826293_SRS4181125",20260806,"sct_data_all_qc_fit_selected384","exact500",500,"H0;H1_separate","complete_vietoris_rips",2,"Ripserr_primary;GUDHI_exact_resource_fallback",1800,12884901888,1,0,"closed","closed",FALSE
"mv08n_ph_queue_v1",474,"mv08n_ph:internal124:SRA826293_SRS4181125:20260806:sct_pearson_residual_all_qc_fit_selected384:exact500","internal124","SRA826293_SRS4181125",20260806,"sct_pearson_residual_all_qc_fit_selected384","exact500",500,"H0;H1_separate","complete_vietoris_rips",2,"Ripserr_primary;GUDHI_exact_resource_fallback",1800,12884901888,1,0,"closed","closed",FALSE
"mv08n_ph_queue_v1",475,"mv08n_ph:internal124:SRA826293_SRS4181126:20260806:sct_data_all_qc_fit_selected384:exact500","internal124","SRA826293_SRS4181126",20260806,"sct_data_all_qc_fit_selected384","exact500",500,"H0;H1_separate","complete_vietoris_rips",2,"Ripserr_primary;GUDHI_exact_resource_fallback",1800,12884901888,1,0,"closed","closed",FALSE
"mv08n_ph_queue_v1",476,"mv08n_ph:internal124:SRA826293_SRS4181126:20260806:sct_pearson_residual_all_qc_fit_selected384:exact500","internal124","SRA826293_SRS4181126",20260806,"sct_pearson_residual_all_qc_fit_selected384","exact500",500,"H0;H1_separate","complete_vietoris_rips",2,"Ripserr_primary;GUDHI_exact_resource_fallback",1800,12884901888,1,0,"closed","closed",FALSE
"mv08n_ph_queue_v1",477,"mv08n_ph:internal124:SRA826293_SRS4181127:20260806:sct_data_all_qc_fit_selected384:exact500","internal124","SRA826293_SRS4181127",20260806,"sct_data_all_qc_fit_selected384","exact500",500,"H0;H1_separate","complete_vietoris_rips",2,"Ripserr_primary;GUDHI_exact_resource_fallback",1800,12884901888,1,0,"closed","closed",FALSE
"mv08n_ph_queue_v1",478,"mv08n_ph:internal124:SRA826293_SRS4181127:20260806:sct_pearson_residual_all_qc_fit_selected384:exact500","internal124","SRA826293_SRS4181127",20260806,"sct_pearson_residual_all_qc_fit_selected384","exact500",500,"H0;H1_separate","complete_vietoris_rips",2,"Ripserr_primary;GUDHI_exact_resource_fallback",1800,12884901888,1,0,"closed","closed",FALSE
"mv08n_ph_queue_v1",479,"mv08n_ph:internal124:SRA826293_SRS4181128:20260806:sct_data_all_qc_fit_selected384:exact500","internal124","SRA826293_SRS4181128",20260806,"sct_data_all_qc_fit_selected384","exact500",500,"H0;H1_separate","complete_vietoris_rips",2,"Ripserr_primary;GUDHI_exact_resource_fallback",1800,12884901888,1,0,"closed","closed",FALSE
"mv08n_ph_queue_v1",480,"mv08n_ph:internal124:SRA826293_SRS4181128:20260806:sct_pearson_residual_all_qc_fit_selected384:exact500","internal124","SRA826293_SRS4181128",20260806,"sct_pearson_residual_all_qc_fit_selected384","exact500",500,"H0;H1_separate","complete_vietoris_rips",2,"Ripserr_primary;GUDHI_exact_resource_fallback",1800,12884901888,1,0,"closed","closed",FALSE
"mv08n_ph_queue_v1",481,"mv08n_ph:internal124:SRA826293_SRS4181129:20260806:sct_data_all_qc_fit_selected384:exact500","internal124","SRA826293_SRS4181129",20260806,"sct_data_all_qc_fit_selected384","exact500",500,"H0;H1_separate","complete_vietoris_rips",2,"Ripserr_primary;GUDHI_exact_resource_fallback",1800,12884901888,1,0,"closed","closed",FALSE
"mv08n_ph_queue_v1",482,"mv08n_ph:internal124:SRA826293_SRS4181129:20260806:sct_pearson_residual_all_qc_fit_selected384:exact500","internal124","SRA826293_SRS4181129",20260806,"sct_pearson_residual_all_qc_fit_selected384","exact500",500,"H0;H1_separate","complete_vietoris_rips",2,"Ripserr_primary;GUDHI_exact_resource_fallback",1800,12884901888,1,0,"closed","closed",FALSE
"mv08n_ph_queue_v1",483,"mv08n_ph:internal124:SRA826293_SRS4181130:20260806:sct_data_all_qc_fit_selected384:exact500","internal124","SRA826293_SRS4181130",20260806,"sct_data_all_qc_fit_selected384","exact500",500,"H0;H1_separate","complete_vietoris_rips",2,"Ripserr_primary;GUDHI_exact_resource_fallback",1800,12884901888,1,0,"closed","closed",FALSE
"mv08n_ph_queue_v1",484,"mv08n_ph:internal124:SRA826293_SRS4181130:20260806:sct_pearson_residual_all_qc_fit_selected384:exact500","internal124","SRA826293_SRS4181130",20260806,"sct_pearson_residual_all_qc_fit_selected384","exact500",500,"H0;H1_separate","complete_vietoris_rips",2,"Ripserr_primary;GUDHI_exact_resource_fallback",1800,12884901888,1,0,"closed","closed",FALSE
"mv08n_ph_queue_v1",485,"mv08n_ph:internal124:SRA850958_SRS4386101:20260806:sct_data_all_qc_fit_selected384:exact500","internal124","SRA850958_SRS4386101",20260806,"sct_data_all_qc_fit_selected384","exact500",500,"H0;H1_separate","complete_vietoris_rips",2,"Ripserr_primary;GUDHI_exact_resource_fallback",1800,12884901888,1,0,"closed","closed",FALSE
"mv08n_ph_queue_v1",486,"mv08n_ph:internal124:SRA850958_SRS4386101:20260806:sct_pearson_residual_all_qc_fit_selected384:exact500","internal124","SRA850958_SRS4386101",20260806,"sct_pearson_residual_all_qc_fit_selected384","exact500",500,"H0;H1_separate","complete_vietoris_rips",2,"Ripserr_primary;GUDHI_exact_resource_fallback",1800,12884901888,1,0,"closed","closed",FALSE
"mv08n_ph_queue_v1",487,"mv08n_ph:internal124:SRA850958_SRS4386109:20260806:sct_data_all_qc_fit_selected384:exact500","internal124","SRA850958_SRS4386109",20260806,"sct_data_all_qc_fit_selected384","exact500",500,"H0;H1_separate","complete_vietoris_rips",2,"Ripserr_primary;GUDHI_exact_resource_fallback",1800,12884901888,1,0,"closed","closed",FALSE
"mv08n_ph_queue_v1",488,"mv08n_ph:internal124:SRA850958_SRS4386109:20260806:sct_pearson_residual_all_qc_fit_selected384:exact500","internal124","SRA850958_SRS4386109",20260806,"sct_pearson_residual_all_qc_fit_selected384","exact500",500,"H0;H1_separate","complete_vietoris_rips",2,"Ripserr_primary;GUDHI_exact_resource_fallback",1800,12884901888,1,0,"closed","closed",FALSE
"mv08n_ph_queue_v1",489,"mv08n_ph:internal124:SRA850958_SRS4386110:20260806:sct_data_all_qc_fit_selected384:exact500","internal124","SRA850958_SRS4386110",20260806,"sct_data_all_qc_fit_selected384","exact500",500,"H0;H1_separate","complete_vietoris_rips",2,"Ripserr_primary;GUDHI_exact_resource_fallback",1800,12884901888,1,0,"closed","closed",FALSE
"mv08n_ph_queue_v1",490,"mv08n_ph:internal124:SRA850958_SRS4386110:20260806:sct_pearson_residual_all_qc_fit_selected384:exact500","internal124","SRA850958_SRS4386110",20260806,"sct_pearson_residual_all_qc_fit_selected384","exact500",500,"H0;H1_separate","complete_vietoris_rips",2,"Ripserr_primary;GUDHI_exact_resource_fallback",1800,12884901888,1,0,"closed","closed",FALSE
"mv08n_ph_queue_v1",491,"mv08n_ph:internal124:SRA850958_SRS4386111:20260806:sct_data_all_qc_fit_selected384:exact500","internal124","SRA850958_SRS4386111",20260806,"sct_data_all_qc_fit_selected384","exact500",500,"H0;H1_separate","complete_vietoris_rips",2,"Ripserr_primary;GUDHI_exact_resource_fallback",1800,12884901888,1,0,"closed","closed",FALSE
"mv08n_ph_queue_v1",492,"mv08n_ph:internal124:SRA850958_SRS4386111:20260806:sct_pearson_residual_all_qc_fit_selected384:exact500","internal124","SRA850958_SRS4386111",20260806,"sct_pearson_residual_all_qc_fit_selected384","exact500",500,"H0;H1_separate","complete_vietoris_rips",2,"Ripserr_primary;GUDHI_exact_resource_fallback",1800,12884901888,1,0,"closed","closed",FALSE
"mv08n_ph_queue_v1",493,"mv08n_ph:internal124:SRA850958_SRS4386112:20260806:sct_data_all_qc_fit_selected384:exact500","internal124","SRA850958_SRS4386112",20260806,"sct_data_all_qc_fit_selected384","exact500",500,"H0;H1_separate","complete_vietoris_rips",2,"Ripserr_primary;GUDHI_exact_resource_fallback",1800,12884901888,1,0,"closed","closed",FALSE
"mv08n_ph_queue_v1",494,"mv08n_ph:internal124:SRA850958_SRS4386112:20260806:sct_pearson_residual_all_qc_fit_selected384:exact500","internal124","SRA850958_SRS4386112",20260806,"sct_pearson_residual_all_qc_fit_selected384","exact500",500,"H0;H1_separate","complete_vietoris_rips",2,"Ripserr_primary;GUDHI_exact_resource_fallback",1800,12884901888,1,0,"closed","closed",FALSE
"mv08n_ph_queue_v1",495,"mv08n_ph:internal124:SRA850958_SRS4386113:20260806:sct_data_all_qc_fit_selected384:exact500","internal124","SRA850958_SRS4386113",20260806,"sct_data_all_qc_fit_selected384","exact500",500,"H0;H1_separate","complete_vietoris_rips",2,"Ripserr_primary;GUDHI_exact_resource_fallback",1800,12884901888,1,0,"closed","closed",FALSE
"mv08n_ph_queue_v1",496,"mv08n_ph:internal124:SRA850958_SRS4386113:20260806:sct_pearson_residual_all_qc_fit_selected384:exact500","internal124","SRA850958_SRS4386113",20260806,"sct_pearson_residual_all_qc_fit_selected384","exact500",500,"H0;H1_separate","complete_vietoris_rips",2,"Ripserr_primary;GUDHI_exact_resource_fallback",1800,12884901888,1,0,"closed","closed",FALSE
"mv08n_ph_queue_v1",497,"mv08n_ph:internal124:SRA550660_SRS2089635:20260807:sct_data_all_qc_fit_selected384:exact500","internal124","SRA550660_SRS2089635",20260807,"sct_data_all_qc_fit_selected384","exact500",500,"H0;H1_separate","complete_vietoris_rips",2,"Ripserr_primary;GUDHI_exact_resource_fallback",1800,12884901888,1,0,"closed","closed",FALSE
"mv08n_ph_queue_v1",498,"mv08n_ph:internal124:SRA550660_SRS2089635:20260807:sct_pearson_residual_all_qc_fit_selected384:exact500","internal124","SRA550660_SRS2089635",20260807,"sct_pearson_residual_all_qc_fit_selected384","exact500",500,"H0;H1_separate","complete_vietoris_rips",2,"Ripserr_primary;GUDHI_exact_resource_fallback",1800,12884901888,1,0,"closed","closed",FALSE
"mv08n_ph_queue_v1",499,"mv08n_ph:internal124:SRA550660_SRS2089636:20260807:sct_data_all_qc_fit_selected384:exact500","internal124","SRA550660_SRS2089636",20260807,"sct_data_all_qc_fit_selected384","exact500",500,"H0;H1_separate","complete_vietoris_rips",2,"Ripserr_primary;GUDHI_exact_resource_fallback",1800,12884901888,1,0,"closed","closed",FALSE
"mv08n_ph_queue_v1",500,"mv08n_ph:internal124:SRA550660_SRS2089636:20260807:sct_pearson_residual_all_qc_fit_selected384:exact500","internal124","SRA550660_SRS2089636",20260807,"sct_pearson_residual_all_qc_fit_selected384","exact500",500,"H0;H1_separate","complete_vietoris_rips",2,"Ripserr_primary;GUDHI_exact_resource_fallback",1800,12884901888,1,0,"closed","closed",FALSE
"mv08n_ph_queue_v1",501,"mv08n_ph:internal124:SRA550660_SRS2089637:20260807:sct_data_all_qc_fit_selected384:exact500","internal124","SRA550660_SRS2089637",20260807,"sct_data_all_qc_fit_selected384","exact500",500,"H0;H1_separate","complete_vietoris_rips",2,"Ripserr_primary;GUDHI_exact_resource_fallback",1800,12884901888,1,0,"closed","closed",FALSE
"mv08n_ph_queue_v1",502,"mv08n_ph:internal124:SRA550660_SRS2089637:20260807:sct_pearson_residual_all_qc_fit_selected384:exact500","internal124","SRA550660_SRS2089637",20260807,"sct_pearson_residual_all_qc_fit_selected384","exact500",500,"H0;H1_separate","complete_vietoris_rips",2,"Ripserr_primary;GUDHI_exact_resource_fallback",1800,12884901888,1,0,"closed","closed",FALSE
"mv08n_ph_queue_v1",503,"mv08n_ph:internal124:SRA550660_SRS2089638:20260807:sct_data_all_qc_fit_selected384:exact500","internal124","SRA550660_SRS2089638",20260807,"sct_data_all_qc_fit_selected384","exact500",500,"H0;H1_separate","complete_vietoris_rips",2,"Ripserr_primary;GUDHI_exact_resource_fallback",1800,12884901888,1,0,"closed","closed",FALSE
"mv08n_ph_queue_v1",504,"mv08n_ph:internal124:SRA550660_SRS2089638:20260807:sct_pearson_residual_all_qc_fit_selected384:exact500","internal124","SRA550660_SRS2089638",20260807,"sct_pearson_residual_all_qc_fit_selected384","exact500",500,"H0;H1_separate","complete_vietoris_rips",2,"Ripserr_primary;GUDHI_exact_resource_fallback",1800,12884901888,1,0,"closed","closed",FALSE
"mv08n_ph_queue_v1",505,"mv08n_ph:internal124:SRA550660_SRS2089639:20260807:sct_data_all_qc_fit_selected384:exact500","internal124","SRA550660_SRS2089639",20260807,"sct_data_all_qc_fit_selected384","exact500",500,"H0;H1_separate","complete_vietoris_rips",2,"Ripserr_primary;GUDHI_exact_resource_fallback",1800,12884901888,1,0,"closed","closed",FALSE
"mv08n_ph_queue_v1",506,"mv08n_ph:internal124:SRA550660_SRS2089639:20260807:sct_pearson_residual_all_qc_fit_selected384:exact500","internal124","SRA550660_SRS2089639",20260807,"sct_pearson_residual_all_qc_fit_selected384","exact500",500,"H0;H1_separate","complete_vietoris_rips",2,"Ripserr_primary;GUDHI_exact_resource_fallback",1800,12884901888,1,0,"closed","closed",FALSE
"mv08n_ph_queue_v1",507,"mv08n_ph:internal124:SRA621638_SRS2610283:20260807:sct_data_all_qc_fit_selected384:exact500","internal124","SRA621638_SRS2610283",20260807,"sct_data_all_qc_fit_selected384","exact500",500,"H0;H1_separate","complete_vietoris_rips",2,"Ripserr_primary;GUDHI_exact_resource_fallback",1800,12884901888,1,0,"closed","closed",FALSE
"mv08n_ph_queue_v1",508,"mv08n_ph:internal124:SRA621638_SRS2610283:20260807:sct_pearson_residual_all_qc_fit_selected384:exact500","internal124","SRA621638_SRS2610283",20260807,"sct_pearson_residual_all_qc_fit_selected384","exact500",500,"H0;H1_separate","complete_vietoris_rips",2,"Ripserr_primary;GUDHI_exact_resource_fallback",1800,12884901888,1,0,"closed","closed",FALSE
"mv08n_ph_queue_v1",509,"mv08n_ph:internal124:SRA621638_SRS2610285:20260807:sct_data_all_qc_fit_selected384:exact500","internal124","SRA621638_SRS2610285",20260807,"sct_data_all_qc_fit_selected384","exact500",500,"H0;H1_separate","complete_vietoris_rips",2,"Ripserr_primary;GUDHI_exact_resource_fallback",1800,12884901888,1,0,"closed","closed",FALSE
"mv08n_ph_queue_v1",510,"mv08n_ph:internal124:SRA621638_SRS2610285:20260807:sct_pearson_residual_all_qc_fit_selected384:exact500","internal124","SRA621638_SRS2610285",20260807,"sct_pearson_residual_all_qc_fit_selected384","exact500",500,"H0;H1_separate","complete_vietoris_rips",2,"Ripserr_primary;GUDHI_exact_resource_fallback",1800,12884901888,1,0,"closed","closed",FALSE
"mv08n_ph_queue_v1",511,"mv08n_ph:internal124:SRA628554_SRS2664364:20260807:sct_data_all_qc_fit_selected384:exact500","internal124","SRA628554_SRS2664364",20260807,"sct_data_all_qc_fit_selected384","exact500",500,"H0;H1_separate","complete_vietoris_rips",2,"Ripserr_primary;GUDHI_exact_resource_fallback",1800,12884901888,1,0,"closed","closed",FALSE
"mv08n_ph_queue_v1",512,"mv08n_ph:internal124:SRA628554_SRS2664364:20260807:sct_pearson_residual_all_qc_fit_selected384:exact500","internal124","SRA628554_SRS2664364",20260807,"sct_pearson_residual_all_qc_fit_selected384","exact500",500,"H0;H1_separate","complete_vietoris_rips",2,"Ripserr_primary;GUDHI_exact_resource_fallback",1800,12884901888,1,0,"closed","closed",FALSE
"mv08n_ph_queue_v1",513,"mv08n_ph:internal124:SRA628554_SRS2664365:20260807:sct_data_all_qc_fit_selected384:exact500","internal124","SRA628554_SRS2664365",20260807,"sct_data_all_qc_fit_selected384","exact500",500,"H0;H1_separate","complete_vietoris_rips",2,"Ripserr_primary;GUDHI_exact_resource_fallback",1800,12884901888,1,0,"closed","closed",FALSE
"mv08n_ph_queue_v1",514,"mv08n_ph:internal124:SRA628554_SRS2664365:20260807:sct_pearson_residual_all_qc_fit_selected384:exact500","internal124","SRA628554_SRS2664365",20260807,"sct_pearson_residual_all_qc_fit_selected384","exact500",500,"H0;H1_separate","complete_vietoris_rips",2,"Ripserr_primary;GUDHI_exact_resource_fallback",1800,12884901888,1,0,"closed","closed",FALSE
"mv08n_ph_queue_v1",515,"mv08n_ph:internal124:SRA645804_SRS2823404:20260807:sct_data_all_qc_fit_selected384:exact500","internal124","SRA645804_SRS2823404",20260807,"sct_data_all_qc_fit_selected384","exact500",500,"H0;H1_separate","complete_vietoris_rips",2,"Ripserr_primary;GUDHI_exact_resource_fallback",1800,12884901888,1,0,"closed","closed",FALSE
"mv08n_ph_queue_v1",516,"mv08n_ph:internal124:SRA645804_SRS2823404:20260807:sct_pearson_residual_all_qc_fit_selected384:exact500","internal124","SRA645804_SRS2823404",20260807,"sct_pearson_residual_all_qc_fit_selected384","exact500",500,"H0;H1_separate","complete_vietoris_rips",2,"Ripserr_primary;GUDHI_exact_resource_fallback",1800,12884901888,1,0,"closed","closed",FALSE
"mv08n_ph_queue_v1",517,"mv08n_ph:internal124:SRA645804_SRS2823405:20260807:sct_data_all_qc_fit_selected384:exact500","internal124","SRA645804_SRS2823405",20260807,"sct_data_all_qc_fit_selected384","exact500",500,"H0;H1_separate","complete_vietoris_rips",2,"Ripserr_primary;GUDHI_exact_resource_fallback",1800,12884901888,1,0,"closed","closed",FALSE
"mv08n_ph_queue_v1",518,"mv08n_ph:internal124:SRA645804_SRS2823405:20260807:sct_pearson_residual_all_qc_fit_selected384:exact500","internal124","SRA645804_SRS2823405",20260807,"sct_pearson_residual_all_qc_fit_selected384","exact500",500,"H0;H1_separate","complete_vietoris_rips",2,"Ripserr_primary;GUDHI_exact_resource_fallback",1800,12884901888,1,0,"closed","closed",FALSE
"mv08n_ph_queue_v1",519,"mv08n_ph:internal124:SRA645804_SRS2823406:20260807:sct_data_all_qc_fit_selected384:exact500","internal124","SRA645804_SRS2823406",20260807,"sct_data_all_qc_fit_selected384","exact500",500,"H0;H1_separate","complete_vietoris_rips",2,"Ripserr_primary;GUDHI_exact_resource_fallback",1800,12884901888,1,0,"closed","closed",FALSE
"mv08n_ph_queue_v1",520,"mv08n_ph:internal124:SRA645804_SRS2823406:20260807:sct_pearson_residual_all_qc_fit_selected384:exact500","internal124","SRA645804_SRS2823406",20260807,"sct_pearson_residual_all_qc_fit_selected384","exact500",500,"H0;H1_separate","complete_vietoris_rips",2,"Ripserr_primary;GUDHI_exact_resource_fallback",1800,12884901888,1,0,"closed","closed",FALSE
"mv08n_ph_queue_v1",521,"mv08n_ph:internal124:SRA645804_SRS2823407:20260807:sct_data_all_qc_fit_selected384:exact500","internal124","SRA645804_SRS2823407",20260807,"sct_data_all_qc_fit_selected384","exact500",500,"H0;H1_separate","complete_vietoris_rips",2,"Ripserr_primary;GUDHI_exact_resource_fallback",1800,12884901888,1,0,"closed","closed",FALSE
"mv08n_ph_queue_v1",522,"mv08n_ph:internal124:SRA645804_SRS2823407:20260807:sct_pearson_residual_all_qc_fit_selected384:exact500","internal124","SRA645804_SRS2823407",20260807,"sct_pearson_residual_all_qc_fit_selected384","exact500",500,"H0;H1_separate","complete_vietoris_rips",2,"Ripserr_primary;GUDHI_exact_resource_fallback",1800,12884901888,1,0,"closed","closed",FALSE
"mv08n_ph_queue_v1",523,"mv08n_ph:internal124:SRA645804_SRS2823408:20260807:sct_data_all_qc_fit_selected384:exact500","internal124","SRA645804_SRS2823408",20260807,"sct_data_all_qc_fit_selected384","exact500",500,"H0;H1_separate","complete_vietoris_rips",2,"Ripserr_primary;GUDHI_exact_resource_fallback",1800,12884901888,1,0,"closed","closed",FALSE
"mv08n_ph_queue_v1",524,"mv08n_ph:internal124:SRA645804_SRS2823408:20260807:sct_pearson_residual_all_qc_fit_selected384:exact500","internal124","SRA645804_SRS2823408",20260807,"sct_pearson_residual_all_qc_fit_selected384","exact500",500,"H0;H1_separate","complete_vietoris_rips",2,"Ripserr_primary;GUDHI_exact_resource_fallback",1800,12884901888,1,0,"closed","closed",FALSE
"mv08n_ph_queue_v1",525,"mv08n_ph:internal124:SRA645804_SRS2823409:20260807:sct_data_all_qc_fit_selected384:exact500","internal124","SRA645804_SRS2823409",20260807,"sct_data_all_qc_fit_selected384","exact500",500,"H0;H1_separate","complete_vietoris_rips",2,"Ripserr_primary;GUDHI_exact_resource_fallback",1800,12884901888,1,0,"closed","closed",FALSE
"mv08n_ph_queue_v1",526,"mv08n_ph:internal124:SRA645804_SRS2823409:20260807:sct_pearson_residual_all_qc_fit_selected384:exact500","internal124","SRA645804_SRS2823409",20260807,"sct_pearson_residual_all_qc_fit_selected384","exact500",500,"H0;H1_separate","complete_vietoris_rips",2,"Ripserr_primary;GUDHI_exact_resource_fallback",1800,12884901888,1,0,"closed","closed",FALSE
"mv08n_ph_queue_v1",527,"mv08n_ph:internal124:SRA645804_SRS2823410:20260807:sct_data_all_qc_fit_selected384:exact500","internal124","SRA645804_SRS2823410",20260807,"sct_data_all_qc_fit_selected384","exact500",500,"H0;H1_separate","complete_vietoris_rips",2,"Ripserr_primary;GUDHI_exact_resource_fallback",1800,12884901888,1,0,"closed","closed",FALSE
"mv08n_ph_queue_v1",528,"mv08n_ph:internal124:SRA645804_SRS2823410:20260807:sct_pearson_residual_all_qc_fit_selected384:exact500","internal124","SRA645804_SRS2823410",20260807,"sct_pearson_residual_all_qc_fit_selected384","exact500",500,"H0;H1_separate","complete_vietoris_rips",2,"Ripserr_primary;GUDHI_exact_resource_fallback",1800,12884901888,1,0,"closed","closed",FALSE
"mv08n_ph_queue_v1",529,"mv08n_ph:internal124:SRA645804_SRS2823411:20260807:sct_data_all_qc_fit_selected384:exact500","internal124","SRA645804_SRS2823411",20260807,"sct_data_all_qc_fit_selected384","exact500",500,"H0;H1_separate","complete_vietoris_rips",2,"Ripserr_primary;GUDHI_exact_resource_fallback",1800,12884901888,1,0,"closed","closed",FALSE
"mv08n_ph_queue_v1",530,"mv08n_ph:internal124:SRA645804_SRS2823411:20260807:sct_pearson_residual_all_qc_fit_selected384:exact500","internal124","SRA645804_SRS2823411",20260807,"sct_pearson_residual_all_qc_fit_selected384","exact500",500,"H0;H1_separate","complete_vietoris_rips",2,"Ripserr_primary;GUDHI_exact_resource_fallback",1800,12884901888,1,0,"closed","closed",FALSE
"mv08n_ph_queue_v1",531,"mv08n_ph:internal124:SRA645804_SRS2823412:20260807:sct_data_all_qc_fit_selected384:exact500","internal124","SRA645804_SRS2823412",20260807,"sct_data_all_qc_fit_selected384","exact500",500,"H0;H1_separate","complete_vietoris_rips",2,"Ripserr_primary;GUDHI_exact_resource_fallback",1800,12884901888,1,0,"closed","closed",FALSE
"mv08n_ph_queue_v1",532,"mv08n_ph:internal124:SRA645804_SRS2823412:20260807:sct_pearson_residual_all_qc_fit_selected384:exact500","internal124","SRA645804_SRS2823412",20260807,"sct_pearson_residual_all_qc_fit_selected384","exact500",500,"H0;H1_separate","complete_vietoris_rips",2,"Ripserr_primary;GUDHI_exact_resource_fallback",1800,12884901888,1,0,"closed","closed",FALSE
"mv08n_ph_queue_v1",533,"mv08n_ph:internal124:SRA645804_SRS3572594:20260807:sct_data_all_qc_fit_selected384:exact500","internal124","SRA645804_SRS3572594",20260807,"sct_data_all_qc_fit_selected384","exact500",500,"H0;H1_separate","complete_vietoris_rips",2,"Ripserr_primary;GUDHI_exact_resource_fallback",1800,12884901888,1,0,"closed","closed",FALSE
"mv08n_ph_queue_v1",534,"mv08n_ph:internal124:SRA645804_SRS3572594:20260807:sct_pearson_residual_all_qc_fit_selected384:exact500","internal124","SRA645804_SRS3572594",20260807,"sct_pearson_residual_all_qc_fit_selected384","exact500",500,"H0;H1_separate","complete_vietoris_rips",2,"Ripserr_primary;GUDHI_exact_resource_fallback",1800,12884901888,1,0,"closed","closed",FALSE
"mv08n_ph_queue_v1",535,"mv08n_ph:internal124:SRA667709_SRS3065426:20260807:sct_data_all_qc_fit_selected384:exact500","internal124","SRA667709_SRS3065426",20260807,"sct_data_all_qc_fit_selected384","exact500",500,"H0;H1_separate","complete_vietoris_rips",2,"Ripserr_primary;GUDHI_exact_resource_fallback",1800,12884901888,1,0,"closed","closed",FALSE
"mv08n_ph_queue_v1",536,"mv08n_ph:internal124:SRA667709_SRS3065426:20260807:sct_pearson_residual_all_qc_fit_selected384:exact500","internal124","SRA667709_SRS3065426",20260807,"sct_pearson_residual_all_qc_fit_selected384","exact500",500,"H0;H1_separate","complete_vietoris_rips",2,"Ripserr_primary;GUDHI_exact_resource_fallback",1800,12884901888,1,0,"closed","closed",FALSE
"mv08n_ph_queue_v1",537,"mv08n_ph:internal124:SRA667709_SRS3065427:20260807:sct_data_all_qc_fit_selected384:exact500","internal124","SRA667709_SRS3065427",20260807,"sct_data_all_qc_fit_selected384","exact500",500,"H0;H1_separate","complete_vietoris_rips",2,"Ripserr_primary;GUDHI_exact_resource_fallback",1800,12884901888,1,0,"closed","closed",FALSE
"mv08n_ph_queue_v1",538,"mv08n_ph:internal124:SRA667709_SRS3065427:20260807:sct_pearson_residual_all_qc_fit_selected384:exact500","internal124","SRA667709_SRS3065427",20260807,"sct_pearson_residual_all_qc_fit_selected384","exact500",500,"H0;H1_separate","complete_vietoris_rips",2,"Ripserr_primary;GUDHI_exact_resource_fallback",1800,12884901888,1,0,"closed","closed",FALSE
"mv08n_ph_queue_v1",539,"mv08n_ph:internal124:SRA667709_SRS3065428:20260807:sct_data_all_qc_fit_selected384:exact500","internal124","SRA667709_SRS3065428",20260807,"sct_data_all_qc_fit_selected384","exact500",500,"H0;H1_separate","complete_vietoris_rips",2,"Ripserr_primary;GUDHI_exact_resource_fallback",1800,12884901888,1,0,"closed","closed",FALSE
"mv08n_ph_queue_v1",540,"mv08n_ph:internal124:SRA667709_SRS3065428:20260807:sct_pearson_residual_all_qc_fit_selected384:exact500","internal124","SRA667709_SRS3065428",20260807,"sct_pearson_residual_all_qc_fit_selected384","exact500",500,"H0;H1_separate","complete_vietoris_rips",2,"Ripserr_primary;GUDHI_exact_resource_fallback",1800,12884901888,1,0,"closed","closed",FALSE
"mv08n_ph_queue_v1",541,"mv08n_ph:internal124:SRA667709_SRS3065429:20260807:sct_data_all_qc_fit_selected384:exact500","internal124","SRA667709_SRS3065429",20260807,"sct_data_all_qc_fit_selected384","exact500",500,"H0;H1_separate","complete_vietoris_rips",2,"Ripserr_primary;GUDHI_exact_resource_fallback",1800,12884901888,1,0,"closed","closed",FALSE
"mv08n_ph_queue_v1",542,"mv08n_ph:internal124:SRA667709_SRS3065429:20260807:sct_pearson_residual_all_qc_fit_selected384:exact500","internal124","SRA667709_SRS3065429",20260807,"sct_pearson_residual_all_qc_fit_selected384","exact500",500,"H0;H1_separate","complete_vietoris_rips",2,"Ripserr_primary;GUDHI_exact_resource_fallback",1800,12884901888,1,0,"closed","closed",FALSE
"mv08n_ph_queue_v1",543,"mv08n_ph:internal124:SRA667709_SRS3065430:20260807:sct_data_all_qc_fit_selected384:exact500","internal124","SRA667709_SRS3065430",20260807,"sct_data_all_qc_fit_selected384","exact500",500,"H0;H1_separate","complete_vietoris_rips",2,"Ripserr_primary;GUDHI_exact_resource_fallback",1800,12884901888,1,0,"closed","closed",FALSE
"mv08n_ph_queue_v1",544,"mv08n_ph:internal124:SRA667709_SRS3065430:20260807:sct_pearson_residual_all_qc_fit_selected384:exact500","internal124","SRA667709_SRS3065430",20260807,"sct_pearson_residual_all_qc_fit_selected384","exact500",500,"H0;H1_separate","complete_vietoris_rips",2,"Ripserr_primary;GUDHI_exact_resource_fallback",1800,12884901888,1,0,"closed","closed",FALSE
"mv08n_ph_queue_v1",545,"mv08n_ph:internal124:SRA667709_SRS3065431:20260807:sct_data_all_qc_fit_selected384:exact500","internal124","SRA667709_SRS3065431",20260807,"sct_data_all_qc_fit_selected384","exact500",500,"H0;H1_separate","complete_vietoris_rips",2,"Ripserr_primary;GUDHI_exact_resource_fallback",1800,12884901888,1,0,"closed","closed",FALSE
"mv08n_ph_queue_v1",546,"mv08n_ph:internal124:SRA667709_SRS3065431:20260807:sct_pearson_residual_all_qc_fit_selected384:exact500","internal124","SRA667709_SRS3065431",20260807,"sct_pearson_residual_all_qc_fit_selected384","exact500",500,"H0;H1_separate","complete_vietoris_rips",2,"Ripserr_primary;GUDHI_exact_resource_fallback",1800,12884901888,1,0,"closed","closed",FALSE
"mv08n_ph_queue_v1",547,"mv08n_ph:internal124:SRA701877_SRS3279684:20260807:sct_data_all_qc_fit_selected384:exact500","internal124","SRA701877_SRS3279684",20260807,"sct_data_all_qc_fit_selected384","exact500",500,"H0;H1_separate","complete_vietoris_rips",2,"Ripserr_primary;GUDHI_exact_resource_fallback",1800,12884901888,1,0,"closed","closed",FALSE
"mv08n_ph_queue_v1",548,"mv08n_ph:internal124:SRA701877_SRS3279684:20260807:sct_pearson_residual_all_qc_fit_selected384:exact500","internal124","SRA701877_SRS3279684",20260807,"sct_pearson_residual_all_qc_fit_selected384","exact500",500,"H0;H1_separate","complete_vietoris_rips",2,"Ripserr_primary;GUDHI_exact_resource_fallback",1800,12884901888,1,0,"closed","closed",FALSE
"mv08n_ph_queue_v1",549,"mv08n_ph:internal124:SRA701877_SRS3279685:20260807:sct_data_all_qc_fit_selected384:exact500","internal124","SRA701877_SRS3279685",20260807,"sct_data_all_qc_fit_selected384","exact500",500,"H0;H1_separate","complete_vietoris_rips",2,"Ripserr_primary;GUDHI_exact_resource_fallback",1800,12884901888,1,0,"closed","closed",FALSE
"mv08n_ph_queue_v1",550,"mv08n_ph:internal124:SRA701877_SRS3279685:20260807:sct_pearson_residual_all_qc_fit_selected384:exact500","internal124","SRA701877_SRS3279685",20260807,"sct_pearson_residual_all_qc_fit_selected384","exact500",500,"H0;H1_separate","complete_vietoris_rips",2,"Ripserr_primary;GUDHI_exact_resource_fallback",1800,12884901888,1,0,"closed","closed",FALSE
"mv08n_ph_queue_v1",551,"mv08n_ph:internal124:SRA701877_SRS3279686:20260807:sct_data_all_qc_fit_selected384:exact500","internal124","SRA701877_SRS3279686",20260807,"sct_data_all_qc_fit_selected384","exact500",500,"H0;H1_separate","complete_vietoris_rips",2,"Ripserr_primary;GUDHI_exact_resource_fallback",1800,12884901888,1,0,"closed","closed",FALSE
"mv08n_ph_queue_v1",552,"mv08n_ph:internal124:SRA701877_SRS3279686:20260807:sct_pearson_residual_all_qc_fit_selected384:exact500","internal124","SRA701877_SRS3279686",20260807,"sct_pearson_residual_all_qc_fit_selected384","exact500",500,"H0;H1_separate","complete_vietoris_rips",2,"Ripserr_primary;GUDHI_exact_resource_fallback",1800,12884901888,1,0,"closed","closed",FALSE
"mv08n_ph_queue_v1",553,"mv08n_ph:internal124:SRA701877_SRS3279687:20260807:sct_data_all_qc_fit_selected384:exact500","internal124","SRA701877_SRS3279687",20260807,"sct_data_all_qc_fit_selected384","exact500",500,"H0;H1_separate","complete_vietoris_rips",2,"Ripserr_primary;GUDHI_exact_resource_fallback",1800,12884901888,1,0,"closed","closed",FALSE
"mv08n_ph_queue_v1",554,"mv08n_ph:internal124:SRA701877_SRS3279687:20260807:sct_pearson_residual_all_qc_fit_selected384:exact500","internal124","SRA701877_SRS3279687",20260807,"sct_pearson_residual_all_qc_fit_selected384","exact500",500,"H0;H1_separate","complete_vietoris_rips",2,"Ripserr_primary;GUDHI_exact_resource_fallback",1800,12884901888,1,0,"closed","closed",FALSE
"mv08n_ph_queue_v1",555,"mv08n_ph:internal124:SRA701877_SRS3279688:20260807:sct_data_all_qc_fit_selected384:exact500","internal124","SRA701877_SRS3279688",20260807,"sct_data_all_qc_fit_selected384","exact500",500,"H0;H1_separate","complete_vietoris_rips",2,"Ripserr_primary;GUDHI_exact_resource_fallback",1800,12884901888,1,0,"closed","closed",FALSE
"mv08n_ph_queue_v1",556,"mv08n_ph:internal124:SRA701877_SRS3279688:20260807:sct_pearson_residual_all_qc_fit_selected384:exact500","internal124","SRA701877_SRS3279688",20260807,"sct_pearson_residual_all_qc_fit_selected384","exact500",500,"H0;H1_separate","complete_vietoris_rips",2,"Ripserr_primary;GUDHI_exact_resource_fallback",1800,12884901888,1,0,"closed","closed",FALSE
"mv08n_ph_queue_v1",557,"mv08n_ph:internal124:SRA701877_SRS3279689:20260807:sct_data_all_qc_fit_selected384:exact500","internal124","SRA701877_SRS3279689",20260807,"sct_data_all_qc_fit_selected384","exact500",500,"H0;H1_separate","complete_vietoris_rips",2,"Ripserr_primary;GUDHI_exact_resource_fallback",1800,12884901888,1,0,"closed","closed",FALSE
"mv08n_ph_queue_v1",558,"mv08n_ph:internal124:SRA701877_SRS3279689:20260807:sct_pearson_residual_all_qc_fit_selected384:exact500","internal124","SRA701877_SRS3279689",20260807,"sct_pearson_residual_all_qc_fit_selected384","exact500",500,"H0;H1_separate","complete_vietoris_rips",2,"Ripserr_primary;GUDHI_exact_resource_fallback",1800,12884901888,1,0,"closed","closed",FALSE
"mv08n_ph_queue_v1",559,"mv08n_ph:internal124:SRA701877_SRS3279690:20260807:sct_data_all_qc_fit_selected384:exact500","internal124","SRA701877_SRS3279690",20260807,"sct_data_all_qc_fit_selected384","exact500",500,"H0;H1_separate","complete_vietoris_rips",2,"Ripserr_primary;GUDHI_exact_resource_fallback",1800,12884901888,1,0,"closed","closed",FALSE
"mv08n_ph_queue_v1",560,"mv08n_ph:internal124:SRA701877_SRS3279690:20260807:sct_pearson_residual_all_qc_fit_selected384:exact500","internal124","SRA701877_SRS3279690",20260807,"sct_pearson_residual_all_qc_fit_selected384","exact500",500,"H0;H1_separate","complete_vietoris_rips",2,"Ripserr_primary;GUDHI_exact_resource_fallback",1800,12884901888,1,0,"closed","closed",FALSE
"mv08n_ph_queue_v1",561,"mv08n_ph:internal124:SRA701877_SRS3279691:20260807:sct_data_all_qc_fit_selected384:exact500","internal124","SRA701877_SRS3279691",20260807,"sct_data_all_qc_fit_selected384","exact500",500,"H0;H1_separate","complete_vietoris_rips",2,"Ripserr_primary;GUDHI_exact_resource_fallback",1800,12884901888,1,0,"closed","closed",FALSE
"mv08n_ph_queue_v1",562,"mv08n_ph:internal124:SRA701877_SRS3279691:20260807:sct_pearson_residual_all_qc_fit_selected384:exact500","internal124","SRA701877_SRS3279691",20260807,"sct_pearson_residual_all_qc_fit_selected384","exact500",500,"H0;H1_separate","complete_vietoris_rips",2,"Ripserr_primary;GUDHI_exact_resource_fallback",1800,12884901888,1,0,"closed","closed",FALSE
"mv08n_ph_queue_v1",563,"mv08n_ph:internal124:SRA701877_SRS3279692:20260807:sct_data_all_qc_fit_selected384:exact500","internal124","SRA701877_SRS3279692",20260807,"sct_data_all_qc_fit_selected384","exact500",500,"H0;H1_separate","complete_vietoris_rips",2,"Ripserr_primary;GUDHI_exact_resource_fallback",1800,12884901888,1,0,"closed","closed",FALSE
"mv08n_ph_queue_v1",564,"mv08n_ph:internal124:SRA701877_SRS3279692:20260807:sct_pearson_residual_all_qc_fit_selected384:exact500","internal124","SRA701877_SRS3279692",20260807,"sct_pearson_residual_all_qc_fit_selected384","exact500",500,"H0;H1_separate","complete_vietoris_rips",2,"Ripserr_primary;GUDHI_exact_resource_fallback",1800,12884901888,1,0,"closed","closed",FALSE
"mv08n_ph_queue_v1",565,"mv08n_ph:internal124:SRA701877_SRS3279693:20260807:sct_data_all_qc_fit_selected384:exact500","internal124","SRA701877_SRS3279693",20260807,"sct_data_all_qc_fit_selected384","exact500",500,"H0;H1_separate","complete_vietoris_rips",2,"Ripserr_primary;GUDHI_exact_resource_fallback",1800,12884901888,1,0,"closed","closed",FALSE
"mv08n_ph_queue_v1",566,"mv08n_ph:internal124:SRA701877_SRS3279693:20260807:sct_pearson_residual_all_qc_fit_selected384:exact500","internal124","SRA701877_SRS3279693",20260807,"sct_pearson_residual_all_qc_fit_selected384","exact500",500,"H0;H1_separate","complete_vietoris_rips",2,"Ripserr_primary;GUDHI_exact_resource_fallback",1800,12884901888,1,0,"closed","closed",FALSE
"mv08n_ph_queue_v1",567,"mv08n_ph:internal124:SRA701877_SRS3279694:20260807:sct_data_all_qc_fit_selected384:exact500","internal124","SRA701877_SRS3279694",20260807,"sct_data_all_qc_fit_selected384","exact500",500,"H0;H1_separate","complete_vietoris_rips",2,"Ripserr_primary;GUDHI_exact_resource_fallback",1800,12884901888,1,0,"closed","closed",FALSE
"mv08n_ph_queue_v1",568,"mv08n_ph:internal124:SRA701877_SRS3279694:20260807:sct_pearson_residual_all_qc_fit_selected384:exact500","internal124","SRA701877_SRS3279694",20260807,"sct_pearson_residual_all_qc_fit_selected384","exact500",500,"H0;H1_separate","complete_vietoris_rips",2,"Ripserr_primary;GUDHI_exact_resource_fallback",1800,12884901888,1,0,"closed","closed",FALSE
"mv08n_ph_queue_v1",569,"mv08n_ph:internal124:SRA701877_SRS3279695:20260807:sct_data_all_qc_fit_selected384:exact500","internal124","SRA701877_SRS3279695",20260807,"sct_data_all_qc_fit_selected384","exact500",500,"H0;H1_separate","complete_vietoris_rips",2,"Ripserr_primary;GUDHI_exact_resource_fallback",1800,12884901888,1,0,"closed","closed",FALSE
"mv08n_ph_queue_v1",570,"mv08n_ph:internal124:SRA701877_SRS3279695:20260807:sct_pearson_residual_all_qc_fit_selected384:exact500","internal124","SRA701877_SRS3279695",20260807,"sct_pearson_residual_all_qc_fit_selected384","exact500",500,"H0;H1_separate","complete_vietoris_rips",2,"Ripserr_primary;GUDHI_exact_resource_fallback",1800,12884901888,1,0,"closed","closed",FALSE
"mv08n_ph_queue_v1",571,"mv08n_ph:internal124:SRA703206_SRS3296611:20260807:sct_data_all_qc_fit_selected384:exact500","internal124","SRA703206_SRS3296611",20260807,"sct_data_all_qc_fit_selected384","exact500",500,"H0;H1_separate","complete_vietoris_rips",2,"Ripserr_primary;GUDHI_exact_resource_fallback",1800,12884901888,1,0,"closed","closed",FALSE
"mv08n_ph_queue_v1",572,"mv08n_ph:internal124:SRA703206_SRS3296611:20260807:sct_pearson_residual_all_qc_fit_selected384:exact500","internal124","SRA703206_SRS3296611",20260807,"sct_pearson_residual_all_qc_fit_selected384","exact500",500,"H0;H1_separate","complete_vietoris_rips",2,"Ripserr_primary;GUDHI_exact_resource_fallback",1800,12884901888,1,0,"closed","closed",FALSE
"mv08n_ph_queue_v1",573,"mv08n_ph:internal124:SRA703206_SRS3296612:20260807:sct_data_all_qc_fit_selected384:exact500","internal124","SRA703206_SRS3296612",20260807,"sct_data_all_qc_fit_selected384","exact500",500,"H0;H1_separate","complete_vietoris_rips",2,"Ripserr_primary;GUDHI_exact_resource_fallback",1800,12884901888,1,0,"closed","closed",FALSE
"mv08n_ph_queue_v1",574,"mv08n_ph:internal124:SRA703206_SRS3296612:20260807:sct_pearson_residual_all_qc_fit_selected384:exact500","internal124","SRA703206_SRS3296612",20260807,"sct_pearson_residual_all_qc_fit_selected384","exact500",500,"H0;H1_separate","complete_vietoris_rips",2,"Ripserr_primary;GUDHI_exact_resource_fallback",1800,12884901888,1,0,"closed","closed",FALSE
"mv08n_ph_queue_v1",575,"mv08n_ph:internal124:SRA703206_SRS3296613:20260807:sct_data_all_qc_fit_selected384:exact500","internal124","SRA703206_SRS3296613",20260807,"sct_data_all_qc_fit_selected384","exact500",500,"H0;H1_separate","complete_vietoris_rips",2,"Ripserr_primary;GUDHI_exact_resource_fallback",1800,12884901888,1,0,"closed","closed",FALSE
"mv08n_ph_queue_v1",576,"mv08n_ph:internal124:SRA703206_SRS3296613:20260807:sct_pearson_residual_all_qc_fit_selected384:exact500","internal124","SRA703206_SRS3296613",20260807,"sct_pearson_residual_all_qc_fit_selected384","exact500",500,"H0;H1_separate","complete_vietoris_rips",2,"Ripserr_primary;GUDHI_exact_resource_fallback",1800,12884901888,1,0,"closed","closed",FALSE
"mv08n_ph_queue_v1",577,"mv08n_ph:internal124:SRA703206_SRS3296614:20260807:sct_data_all_qc_fit_selected384:exact500","internal124","SRA703206_SRS3296614",20260807,"sct_data_all_qc_fit_selected384","exact500",500,"H0;H1_separate","complete_vietoris_rips",2,"Ripserr_primary;GUDHI_exact_resource_fallback",1800,12884901888,1,0,"closed","closed",FALSE
"mv08n_ph_queue_v1",578,"mv08n_ph:internal124:SRA703206_SRS3296614:20260807:sct_pearson_residual_all_qc_fit_selected384:exact500","internal124","SRA703206_SRS3296614",20260807,"sct_pearson_residual_all_qc_fit_selected384","exact500",500,"H0;H1_separate","complete_vietoris_rips",2,"Ripserr_primary;GUDHI_exact_resource_fallback",1800,12884901888,1,0,"closed","closed",FALSE
"mv08n_ph_queue_v1",579,"mv08n_ph:internal124:SRA713577_SRS3363004:20260807:sct_data_all_qc_fit_selected384:exact500","internal124","SRA713577_SRS3363004",20260807,"sct_data_all_qc_fit_selected384","exact500",500,"H0;H1_separate","complete_vietoris_rips",2,"Ripserr_primary;GUDHI_exact_resource_fallback",1800,12884901888,1,0,"closed","closed",FALSE
"mv08n_ph_queue_v1",580,"mv08n_ph:internal124:SRA713577_SRS3363004:20260807:sct_pearson_residual_all_qc_fit_selected384:exact500","internal124","SRA713577_SRS3363004",20260807,"sct_pearson_residual_all_qc_fit_selected384","exact500",500,"H0;H1_separate","complete_vietoris_rips",2,"Ripserr_primary;GUDHI_exact_resource_fallback",1800,12884901888,1,0,"closed","closed",FALSE
"mv08n_ph_queue_v1",581,"mv08n_ph:internal124:SRA716608_SRS3391629:20260807:sct_data_all_qc_fit_selected384:exact500","internal124","SRA716608_SRS3391629",20260807,"sct_data_all_qc_fit_selected384","exact500",500,"H0;H1_separate","complete_vietoris_rips",2,"Ripserr_primary;GUDHI_exact_resource_fallback",1800,12884901888,1,0,"closed","closed",FALSE
"mv08n_ph_queue_v1",582,"mv08n_ph:internal124:SRA716608_SRS3391629:20260807:sct_pearson_residual_all_qc_fit_selected384:exact500","internal124","SRA716608_SRS3391629",20260807,"sct_pearson_residual_all_qc_fit_selected384","exact500",500,"H0;H1_separate","complete_vietoris_rips",2,"Ripserr_primary;GUDHI_exact_resource_fallback",1800,12884901888,1,0,"closed","closed",FALSE
"mv08n_ph_queue_v1",583,"mv08n_ph:internal124:SRA716608_SRS3391630:20260807:sct_data_all_qc_fit_selected384:exact500","internal124","SRA716608_SRS3391630",20260807,"sct_data_all_qc_fit_selected384","exact500",500,"H0;H1_separate","complete_vietoris_rips",2,"Ripserr_primary;GUDHI_exact_resource_fallback",1800,12884901888,1,0,"closed","closed",FALSE
"mv08n_ph_queue_v1",584,"mv08n_ph:internal124:SRA716608_SRS3391630:20260807:sct_pearson_residual_all_qc_fit_selected384:exact500","internal124","SRA716608_SRS3391630",20260807,"sct_pearson_residual_all_qc_fit_selected384","exact500",500,"H0;H1_separate","complete_vietoris_rips",2,"Ripserr_primary;GUDHI_exact_resource_fallback",1800,12884901888,1,0,"closed","closed",FALSE
"mv08n_ph_queue_v1",585,"mv08n_ph:internal124:SRA716608_SRS3391631:20260807:sct_data_all_qc_fit_selected384:exact500","internal124","SRA716608_SRS3391631",20260807,"sct_data_all_qc_fit_selected384","exact500",500,"H0;H1_separate","complete_vietoris_rips",2,"Ripserr_primary;GUDHI_exact_resource_fallback",1800,12884901888,1,0,"closed","closed",FALSE
"mv08n_ph_queue_v1",586,"mv08n_ph:internal124:SRA716608_SRS3391631:20260807:sct_pearson_residual_all_qc_fit_selected384:exact500","internal124","SRA716608_SRS3391631",20260807,"sct_pearson_residual_all_qc_fit_selected384","exact500",500,"H0;H1_separate","complete_vietoris_rips",2,"Ripserr_primary;GUDHI_exact_resource_fallback",1800,12884901888,1,0,"closed","closed",FALSE
"mv08n_ph_queue_v1",587,"mv08n_ph:internal124:SRA716608_SRS3391632:20260807:sct_data_all_qc_fit_selected384:exact500","internal124","SRA716608_SRS3391632",20260807,"sct_data_all_qc_fit_selected384","exact500",500,"H0;H1_separate","complete_vietoris_rips",2,"Ripserr_primary;GUDHI_exact_resource_fallback",1800,12884901888,1,0,"closed","closed",FALSE
"mv08n_ph_queue_v1",588,"mv08n_ph:internal124:SRA716608_SRS3391632:20260807:sct_pearson_residual_all_qc_fit_selected384:exact500","internal124","SRA716608_SRS3391632",20260807,"sct_pearson_residual_all_qc_fit_selected384","exact500",500,"H0;H1_separate","complete_vietoris_rips",2,"Ripserr_primary;GUDHI_exact_resource_fallback",1800,12884901888,1,0,"closed","closed",FALSE
"mv08n_ph_queue_v1",589,"mv08n_ph:internal124:SRA716608_SRS3391633:20260807:sct_data_all_qc_fit_selected384:exact500","internal124","SRA716608_SRS3391633",20260807,"sct_data_all_qc_fit_selected384","exact500",500,"H0;H1_separate","complete_vietoris_rips",2,"Ripserr_primary;GUDHI_exact_resource_fallback",1800,12884901888,1,0,"closed","closed",FALSE
"mv08n_ph_queue_v1",590,"mv08n_ph:internal124:SRA716608_SRS3391633:20260807:sct_pearson_residual_all_qc_fit_selected384:exact500","internal124","SRA716608_SRS3391633",20260807,"sct_pearson_residual_all_qc_fit_selected384","exact500",500,"H0;H1_separate","complete_vietoris_rips",2,"Ripserr_primary;GUDHI_exact_resource_fallback",1800,12884901888,1,0,"closed","closed",FALSE
"mv08n_ph_queue_v1",591,"mv08n_ph:internal124:SRA728025_SRS3454421:20260807:sct_data_all_qc_fit_selected384:exact500","internal124","SRA728025_SRS3454421",20260807,"sct_data_all_qc_fit_selected384","exact500",500,"H0;H1_separate","complete_vietoris_rips",2,"Ripserr_primary;GUDHI_exact_resource_fallback",1800,12884901888,1,0,"closed","closed",FALSE
"mv08n_ph_queue_v1",592,"mv08n_ph:internal124:SRA728025_SRS3454421:20260807:sct_pearson_residual_all_qc_fit_selected384:exact500","internal124","SRA728025_SRS3454421",20260807,"sct_pearson_residual_all_qc_fit_selected384","exact500",500,"H0;H1_separate","complete_vietoris_rips",2,"Ripserr_primary;GUDHI_exact_resource_fallback",1800,12884901888,1,0,"closed","closed",FALSE
"mv08n_ph_queue_v1",593,"mv08n_ph:internal124:SRA728025_SRS3454422:20260807:sct_data_all_qc_fit_selected384:exact500","internal124","SRA728025_SRS3454422",20260807,"sct_data_all_qc_fit_selected384","exact500",500,"H0;H1_separate","complete_vietoris_rips",2,"Ripserr_primary;GUDHI_exact_resource_fallback",1800,12884901888,1,0,"closed","closed",FALSE
"mv08n_ph_queue_v1",594,"mv08n_ph:internal124:SRA728025_SRS3454422:20260807:sct_pearson_residual_all_qc_fit_selected384:exact500","internal124","SRA728025_SRS3454422",20260807,"sct_pearson_residual_all_qc_fit_selected384","exact500",500,"H0;H1_separate","complete_vietoris_rips",2,"Ripserr_primary;GUDHI_exact_resource_fallback",1800,12884901888,1,0,"closed","closed",FALSE
"mv08n_ph_queue_v1",595,"mv08n_ph:internal124:SRA728025_SRS3454423:20260807:sct_data_all_qc_fit_selected384:exact500","internal124","SRA728025_SRS3454423",20260807,"sct_data_all_qc_fit_selected384","exact500",500,"H0;H1_separate","complete_vietoris_rips",2,"Ripserr_primary;GUDHI_exact_resource_fallback",1800,12884901888,1,0,"closed","closed",FALSE
"mv08n_ph_queue_v1",596,"mv08n_ph:internal124:SRA728025_SRS3454423:20260807:sct_pearson_residual_all_qc_fit_selected384:exact500","internal124","SRA728025_SRS3454423",20260807,"sct_pearson_residual_all_qc_fit_selected384","exact500",500,"H0;H1_separate","complete_vietoris_rips",2,"Ripserr_primary;GUDHI_exact_resource_fallback",1800,12884901888,1,0,"closed","closed",FALSE
"mv08n_ph_queue_v1",597,"mv08n_ph:internal124:SRA728025_SRS3454424:20260807:sct_data_all_qc_fit_selected384:exact500","internal124","SRA728025_SRS3454424",20260807,"sct_data_all_qc_fit_selected384","exact500",500,"H0;H1_separate","complete_vietoris_rips",2,"Ripserr_primary;GUDHI_exact_resource_fallback",1800,12884901888,1,0,"closed","closed",FALSE
"mv08n_ph_queue_v1",598,"mv08n_ph:internal124:SRA728025_SRS3454424:20260807:sct_pearson_residual_all_qc_fit_selected384:exact500","internal124","SRA728025_SRS3454424",20260807,"sct_pearson_residual_all_qc_fit_selected384","exact500",500,"H0;H1_separate","complete_vietoris_rips",2,"Ripserr_primary;GUDHI_exact_resource_fallback",1800,12884901888,1,0,"closed","closed",FALSE
"mv08n_ph_queue_v1",599,"mv08n_ph:internal124:SRA728025_SRS3454425:20260807:sct_data_all_qc_fit_selected384:exact500","internal124","SRA728025_SRS3454425",20260807,"sct_data_all_qc_fit_selected384","exact500",500,"H0;H1_separate","complete_vietoris_rips",2,"Ripserr_primary;GUDHI_exact_resource_fallback",1800,12884901888,1,0,"closed","closed",FALSE
"mv08n_ph_queue_v1",600,"mv08n_ph:internal124:SRA728025_SRS3454425:20260807:sct_pearson_residual_all_qc_fit_selected384:exact500","internal124","SRA728025_SRS3454425",20260807,"sct_pearson_residual_all_qc_fit_selected384","exact500",500,"H0;H1_separate","complete_vietoris_rips",2,"Ripserr_primary;GUDHI_exact_resource_fallback",1800,12884901888,1,0,"closed","closed",FALSE
"mv08n_ph_queue_v1",601,"mv08n_ph:internal124:SRA728025_SRS3454426:20260807:sct_data_all_qc_fit_selected384:exact500","internal124","SRA728025_SRS3454426",20260807,"sct_data_all_qc_fit_selected384","exact500",500,"H0;H1_separate","complete_vietoris_rips",2,"Ripserr_primary;GUDHI_exact_resource_fallback",1800,12884901888,1,0,"closed","closed",FALSE
"mv08n_ph_queue_v1",602,"mv08n_ph:internal124:SRA728025_SRS3454426:20260807:sct_pearson_residual_all_qc_fit_selected384:exact500","internal124","SRA728025_SRS3454426",20260807,"sct_pearson_residual_all_qc_fit_selected384","exact500",500,"H0;H1_separate","complete_vietoris_rips",2,"Ripserr_primary;GUDHI_exact_resource_fallback",1800,12884901888,1,0,"closed","closed",FALSE
"mv08n_ph_queue_v1",603,"mv08n_ph:internal124:SRA728025_SRS3454427:20260807:sct_data_all_qc_fit_selected384:exact500","internal124","SRA728025_SRS3454427",20260807,"sct_data_all_qc_fit_selected384","exact500",500,"H0;H1_separate","complete_vietoris_rips",2,"Ripserr_primary;GUDHI_exact_resource_fallback",1800,12884901888,1,0,"closed","closed",FALSE
"mv08n_ph_queue_v1",604,"mv08n_ph:internal124:SRA728025_SRS3454427:20260807:sct_pearson_residual_all_qc_fit_selected384:exact500","internal124","SRA728025_SRS3454427",20260807,"sct_pearson_residual_all_qc_fit_selected384","exact500",500,"H0;H1_separate","complete_vietoris_rips",2,"Ripserr_primary;GUDHI_exact_resource_fallback",1800,12884901888,1,0,"closed","closed",FALSE
"mv08n_ph_queue_v1",605,"mv08n_ph:internal124:SRA728025_SRS3454428:20260807:sct_data_all_qc_fit_selected384:exact500","internal124","SRA728025_SRS3454428",20260807,"sct_data_all_qc_fit_selected384","exact500",500,"H0;H1_separate","complete_vietoris_rips",2,"Ripserr_primary;GUDHI_exact_resource_fallback",1800,12884901888,1,0,"closed","closed",FALSE
"mv08n_ph_queue_v1",606,"mv08n_ph:internal124:SRA728025_SRS3454428:20260807:sct_pearson_residual_all_qc_fit_selected384:exact500","internal124","SRA728025_SRS3454428",20260807,"sct_pearson_residual_all_qc_fit_selected384","exact500",500,"H0;H1_separate","complete_vietoris_rips",2,"Ripserr_primary;GUDHI_exact_resource_fallback",1800,12884901888,1,0,"closed","closed",FALSE
"mv08n_ph_queue_v1",607,"mv08n_ph:internal124:SRA728025_SRS3454430:20260807:sct_data_all_qc_fit_selected384:exact500","internal124","SRA728025_SRS3454430",20260807,"sct_data_all_qc_fit_selected384","exact500",500,"H0;H1_separate","complete_vietoris_rips",2,"Ripserr_primary;GUDHI_exact_resource_fallback",1800,12884901888,1,0,"closed","closed",FALSE
"mv08n_ph_queue_v1",608,"mv08n_ph:internal124:SRA728025_SRS3454430:20260807:sct_pearson_residual_all_qc_fit_selected384:exact500","internal124","SRA728025_SRS3454430",20260807,"sct_pearson_residual_all_qc_fit_selected384","exact500",500,"H0;H1_separate","complete_vietoris_rips",2,"Ripserr_primary;GUDHI_exact_resource_fallback",1800,12884901888,1,0,"closed","closed",FALSE
"mv08n_ph_queue_v1",609,"mv08n_ph:internal124:SRA740174_SRS3548780:20260807:sct_data_all_qc_fit_selected384:exact500","internal124","SRA740174_SRS3548780",20260807,"sct_data_all_qc_fit_selected384","exact500",500,"H0;H1_separate","complete_vietoris_rips",2,"Ripserr_primary;GUDHI_exact_resource_fallback",1800,12884901888,1,0,"closed","closed",FALSE
"mv08n_ph_queue_v1",610,"mv08n_ph:internal124:SRA740174_SRS3548780:20260807:sct_pearson_residual_all_qc_fit_selected384:exact500","internal124","SRA740174_SRS3548780",20260807,"sct_pearson_residual_all_qc_fit_selected384","exact500",500,"H0;H1_separate","complete_vietoris_rips",2,"Ripserr_primary;GUDHI_exact_resource_fallback",1800,12884901888,1,0,"closed","closed",FALSE
"mv08n_ph_queue_v1",611,"mv08n_ph:internal124:SRA740174_SRS3548781:20260807:sct_data_all_qc_fit_selected384:exact500","internal124","SRA740174_SRS3548781",20260807,"sct_data_all_qc_fit_selected384","exact500",500,"H0;H1_separate","complete_vietoris_rips",2,"Ripserr_primary;GUDHI_exact_resource_fallback",1800,12884901888,1,0,"closed","closed",FALSE
"mv08n_ph_queue_v1",612,"mv08n_ph:internal124:SRA740174_SRS3548781:20260807:sct_pearson_residual_all_qc_fit_selected384:exact500","internal124","SRA740174_SRS3548781",20260807,"sct_pearson_residual_all_qc_fit_selected384","exact500",500,"H0;H1_separate","complete_vietoris_rips",2,"Ripserr_primary;GUDHI_exact_resource_fallback",1800,12884901888,1,0,"closed","closed",FALSE
"mv08n_ph_queue_v1",613,"mv08n_ph:internal124:SRA740174_SRS3548782:20260807:sct_data_all_qc_fit_selected384:exact500","internal124","SRA740174_SRS3548782",20260807,"sct_data_all_qc_fit_selected384","exact500",500,"H0;H1_separate","complete_vietoris_rips",2,"Ripserr_primary;GUDHI_exact_resource_fallback",1800,12884901888,1,0,"closed","closed",FALSE
"mv08n_ph_queue_v1",614,"mv08n_ph:internal124:SRA740174_SRS3548782:20260807:sct_pearson_residual_all_qc_fit_selected384:exact500","internal124","SRA740174_SRS3548782",20260807,"sct_pearson_residual_all_qc_fit_selected384","exact500",500,"H0;H1_separate","complete_vietoris_rips",2,"Ripserr_primary;GUDHI_exact_resource_fallback",1800,12884901888,1,0,"closed","closed",FALSE
"mv08n_ph_queue_v1",615,"mv08n_ph:internal124:SRA740174_SRS3548783:20260807:sct_data_all_qc_fit_selected384:exact500","internal124","SRA740174_SRS3548783",20260807,"sct_data_all_qc_fit_selected384","exact500",500,"H0;H1_separate","complete_vietoris_rips",2,"Ripserr_primary;GUDHI_exact_resource_fallback",1800,12884901888,1,0,"closed","closed",FALSE
"mv08n_ph_queue_v1",616,"mv08n_ph:internal124:SRA740174_SRS3548783:20260807:sct_pearson_residual_all_qc_fit_selected384:exact500","internal124","SRA740174_SRS3548783",20260807,"sct_pearson_residual_all_qc_fit_selected384","exact500",500,"H0;H1_separate","complete_vietoris_rips",2,"Ripserr_primary;GUDHI_exact_resource_fallback",1800,12884901888,1,0,"closed","closed",FALSE
"mv08n_ph_queue_v1",617,"mv08n_ph:internal124:SRA742961_SRS3565195:20260807:sct_data_all_qc_fit_selected384:exact500","internal124","SRA742961_SRS3565195",20260807,"sct_data_all_qc_fit_selected384","exact500",500,"H0;H1_separate","complete_vietoris_rips",2,"Ripserr_primary;GUDHI_exact_resource_fallback",1800,12884901888,1,0,"closed","closed",FALSE
"mv08n_ph_queue_v1",618,"mv08n_ph:internal124:SRA742961_SRS3565195:20260807:sct_pearson_residual_all_qc_fit_selected384:exact500","internal124","SRA742961_SRS3565195",20260807,"sct_pearson_residual_all_qc_fit_selected384","exact500",500,"H0;H1_separate","complete_vietoris_rips",2,"Ripserr_primary;GUDHI_exact_resource_fallback",1800,12884901888,1,0,"closed","closed",FALSE
"mv08n_ph_queue_v1",619,"mv08n_ph:internal124:SRA742961_SRS3565196:20260807:sct_data_all_qc_fit_selected384:exact500","internal124","SRA742961_SRS3565196",20260807,"sct_data_all_qc_fit_selected384","exact500",500,"H0;H1_separate","complete_vietoris_rips",2,"Ripserr_primary;GUDHI_exact_resource_fallback",1800,12884901888,1,0,"closed","closed",FALSE
"mv08n_ph_queue_v1",620,"mv08n_ph:internal124:SRA742961_SRS3565196:20260807:sct_pearson_residual_all_qc_fit_selected384:exact500","internal124","SRA742961_SRS3565196",20260807,"sct_pearson_residual_all_qc_fit_selected384","exact500",500,"H0;H1_separate","complete_vietoris_rips",2,"Ripserr_primary;GUDHI_exact_resource_fallback",1800,12884901888,1,0,"closed","closed",FALSE
"mv08n_ph_queue_v1",621,"mv08n_ph:internal124:SRA742961_SRS3565197:20260807:sct_data_all_qc_fit_selected384:exact500","internal124","SRA742961_SRS3565197",20260807,"sct_data_all_qc_fit_selected384","exact500",500,"H0;H1_separate","complete_vietoris_rips",2,"Ripserr_primary;GUDHI_exact_resource_fallback",1800,12884901888,1,0,"closed","closed",FALSE
"mv08n_ph_queue_v1",622,"mv08n_ph:internal124:SRA742961_SRS3565197:20260807:sct_pearson_residual_all_qc_fit_selected384:exact500","internal124","SRA742961_SRS3565197",20260807,"sct_pearson_residual_all_qc_fit_selected384","exact500",500,"H0;H1_separate","complete_vietoris_rips",2,"Ripserr_primary;GUDHI_exact_resource_fallback",1800,12884901888,1,0,"closed","closed",FALSE
"mv08n_ph_queue_v1",623,"mv08n_ph:internal124:SRA742961_SRS3565198:20260807:sct_data_all_qc_fit_selected384:exact500","internal124","SRA742961_SRS3565198",20260807,"sct_data_all_qc_fit_selected384","exact500",500,"H0;H1_separate","complete_vietoris_rips",2,"Ripserr_primary;GUDHI_exact_resource_fallback",1800,12884901888,1,0,"closed","closed",FALSE
"mv08n_ph_queue_v1",624,"mv08n_ph:internal124:SRA742961_SRS3565198:20260807:sct_pearson_residual_all_qc_fit_selected384:exact500","internal124","SRA742961_SRS3565198",20260807,"sct_pearson_residual_all_qc_fit_selected384","exact500",500,"H0;H1_separate","complete_vietoris_rips",2,"Ripserr_primary;GUDHI_exact_resource_fallback",1800,12884901888,1,0,"closed","closed",FALSE
"mv08n_ph_queue_v1",625,"mv08n_ph:internal124:SRA742961_SRS3565199:20260807:sct_data_all_qc_fit_selected384:exact500","internal124","SRA742961_SRS3565199",20260807,"sct_data_all_qc_fit_selected384","exact500",500,"H0;H1_separate","complete_vietoris_rips",2,"Ripserr_primary;GUDHI_exact_resource_fallback",1800,12884901888,1,0,"closed","closed",FALSE
"mv08n_ph_queue_v1",626,"mv08n_ph:internal124:SRA742961_SRS3565199:20260807:sct_pearson_residual_all_qc_fit_selected384:exact500","internal124","SRA742961_SRS3565199",20260807,"sct_pearson_residual_all_qc_fit_selected384","exact500",500,"H0;H1_separate","complete_vietoris_rips",2,"Ripserr_primary;GUDHI_exact_resource_fallback",1800,12884901888,1,0,"closed","closed",FALSE
"mv08n_ph_queue_v1",627,"mv08n_ph:internal124:SRA742961_SRS3565201:20260807:sct_data_all_qc_fit_selected384:exact500","internal124","SRA742961_SRS3565201",20260807,"sct_data_all_qc_fit_selected384","exact500",500,"H0;H1_separate","complete_vietoris_rips",2,"Ripserr_primary;GUDHI_exact_resource_fallback",1800,12884901888,1,0,"closed","closed",FALSE
"mv08n_ph_queue_v1",628,"mv08n_ph:internal124:SRA742961_SRS3565201:20260807:sct_pearson_residual_all_qc_fit_selected384:exact500","internal124","SRA742961_SRS3565201",20260807,"sct_pearson_residual_all_qc_fit_selected384","exact500",500,"H0;H1_separate","complete_vietoris_rips",2,"Ripserr_primary;GUDHI_exact_resource_fallback",1800,12884901888,1,0,"closed","closed",FALSE
"mv08n_ph_queue_v1",629,"mv08n_ph:internal124:SRA742961_SRS3565202:20260807:sct_data_all_qc_fit_selected384:exact500","internal124","SRA742961_SRS3565202",20260807,"sct_data_all_qc_fit_selected384","exact500",500,"H0;H1_separate","complete_vietoris_rips",2,"Ripserr_primary;GUDHI_exact_resource_fallback",1800,12884901888,1,0,"closed","closed",FALSE
"mv08n_ph_queue_v1",630,"mv08n_ph:internal124:SRA742961_SRS3565202:20260807:sct_pearson_residual_all_qc_fit_selected384:exact500","internal124","SRA742961_SRS3565202",20260807,"sct_pearson_residual_all_qc_fit_selected384","exact500",500,"H0;H1_separate","complete_vietoris_rips",2,"Ripserr_primary;GUDHI_exact_resource_fallback",1800,12884901888,1,0,"closed","closed",FALSE
"mv08n_ph_queue_v1",631,"mv08n_ph:internal124:SRA742961_SRS3565203:20260807:sct_data_all_qc_fit_selected384:exact500","internal124","SRA742961_SRS3565203",20260807,"sct_data_all_qc_fit_selected384","exact500",500,"H0;H1_separate","complete_vietoris_rips",2,"Ripserr_primary;GUDHI_exact_resource_fallback",1800,12884901888,1,0,"closed","closed",FALSE
"mv08n_ph_queue_v1",632,"mv08n_ph:internal124:SRA742961_SRS3565203:20260807:sct_pearson_residual_all_qc_fit_selected384:exact500","internal124","SRA742961_SRS3565203",20260807,"sct_pearson_residual_all_qc_fit_selected384","exact500",500,"H0;H1_separate","complete_vietoris_rips",2,"Ripserr_primary;GUDHI_exact_resource_fallback",1800,12884901888,1,0,"closed","closed",FALSE
"mv08n_ph_queue_v1",633,"mv08n_ph:internal124:SRA742961_SRS3565204:20260807:sct_data_all_qc_fit_selected384:exact500","internal124","SRA742961_SRS3565204",20260807,"sct_data_all_qc_fit_selected384","exact500",500,"H0;H1_separate","complete_vietoris_rips",2,"Ripserr_primary;GUDHI_exact_resource_fallback",1800,12884901888,1,0,"closed","closed",FALSE
"mv08n_ph_queue_v1",634,"mv08n_ph:internal124:SRA742961_SRS3565204:20260807:sct_pearson_residual_all_qc_fit_selected384:exact500","internal124","SRA742961_SRS3565204",20260807,"sct_pearson_residual_all_qc_fit_selected384","exact500",500,"H0;H1_separate","complete_vietoris_rips",2,"Ripserr_primary;GUDHI_exact_resource_fallback",1800,12884901888,1,0,"closed","closed",FALSE
"mv08n_ph_queue_v1",635,"mv08n_ph:internal124:SRA742961_SRS3565205:20260807:sct_data_all_qc_fit_selected384:exact500","internal124","SRA742961_SRS3565205",20260807,"sct_data_all_qc_fit_selected384","exact500",500,"H0;H1_separate","complete_vietoris_rips",2,"Ripserr_primary;GUDHI_exact_resource_fallback",1800,12884901888,1,0,"closed","closed",FALSE
"mv08n_ph_queue_v1",636,"mv08n_ph:internal124:SRA742961_SRS3565205:20260807:sct_pearson_residual_all_qc_fit_selected384:exact500","internal124","SRA742961_SRS3565205",20260807,"sct_pearson_residual_all_qc_fit_selected384","exact500",500,"H0;H1_separate","complete_vietoris_rips",2,"Ripserr_primary;GUDHI_exact_resource_fallback",1800,12884901888,1,0,"closed","closed",FALSE
"mv08n_ph_queue_v1",637,"mv08n_ph:internal124:SRA742961_SRS3565206:20260807:sct_data_all_qc_fit_selected384:exact500","internal124","SRA742961_SRS3565206",20260807,"sct_data_all_qc_fit_selected384","exact500",500,"H0;H1_separate","complete_vietoris_rips",2,"Ripserr_primary;GUDHI_exact_resource_fallback",1800,12884901888,1,0,"closed","closed",FALSE
"mv08n_ph_queue_v1",638,"mv08n_ph:internal124:SRA742961_SRS3565206:20260807:sct_pearson_residual_all_qc_fit_selected384:exact500","internal124","SRA742961_SRS3565206",20260807,"sct_pearson_residual_all_qc_fit_selected384","exact500",500,"H0;H1_separate","complete_vietoris_rips",2,"Ripserr_primary;GUDHI_exact_resource_fallback",1800,12884901888,1,0,"closed","closed",FALSE
"mv08n_ph_queue_v1",639,"mv08n_ph:internal124:SRA742961_SRS3565207:20260807:sct_data_all_qc_fit_selected384:exact500","internal124","SRA742961_SRS3565207",20260807,"sct_data_all_qc_fit_selected384","exact500",500,"H0;H1_separate","complete_vietoris_rips",2,"Ripserr_primary;GUDHI_exact_resource_fallback",1800,12884901888,1,0,"closed","closed",FALSE
"mv08n_ph_queue_v1",640,"mv08n_ph:internal124:SRA742961_SRS3565207:20260807:sct_pearson_residual_all_qc_fit_selected384:exact500","internal124","SRA742961_SRS3565207",20260807,"sct_pearson_residual_all_qc_fit_selected384","exact500",500,"H0;H1_separate","complete_vietoris_rips",2,"Ripserr_primary;GUDHI_exact_resource_fallback",1800,12884901888,1,0,"closed","closed",FALSE
"mv08n_ph_queue_v1",641,"mv08n_ph:internal124:SRA742961_SRS3565208:20260807:sct_data_all_qc_fit_selected384:exact500","internal124","SRA742961_SRS3565208",20260807,"sct_data_all_qc_fit_selected384","exact500",500,"H0;H1_separate","complete_vietoris_rips",2,"Ripserr_primary;GUDHI_exact_resource_fallback",1800,12884901888,1,0,"closed","closed",FALSE
"mv08n_ph_queue_v1",642,"mv08n_ph:internal124:SRA742961_SRS3565208:20260807:sct_pearson_residual_all_qc_fit_selected384:exact500","internal124","SRA742961_SRS3565208",20260807,"sct_pearson_residual_all_qc_fit_selected384","exact500",500,"H0;H1_separate","complete_vietoris_rips",2,"Ripserr_primary;GUDHI_exact_resource_fallback",1800,12884901888,1,0,"closed","closed",FALSE
"mv08n_ph_queue_v1",643,"mv08n_ph:internal124:SRA742961_SRS3565209:20260807:sct_data_all_qc_fit_selected384:exact500","internal124","SRA742961_SRS3565209",20260807,"sct_data_all_qc_fit_selected384","exact500",500,"H0;H1_separate","complete_vietoris_rips",2,"Ripserr_primary;GUDHI_exact_resource_fallback",1800,12884901888,1,0,"closed","closed",FALSE
"mv08n_ph_queue_v1",644,"mv08n_ph:internal124:SRA742961_SRS3565209:20260807:sct_pearson_residual_all_qc_fit_selected384:exact500","internal124","SRA742961_SRS3565209",20260807,"sct_pearson_residual_all_qc_fit_selected384","exact500",500,"H0;H1_separate","complete_vietoris_rips",2,"Ripserr_primary;GUDHI_exact_resource_fallback",1800,12884901888,1,0,"closed","closed",FALSE
"mv08n_ph_queue_v1",645,"mv08n_ph:internal124:SRA742961_SRS3565210:20260807:sct_data_all_qc_fit_selected384:exact500","internal124","SRA742961_SRS3565210",20260807,"sct_data_all_qc_fit_selected384","exact500",500,"H0;H1_separate","complete_vietoris_rips",2,"Ripserr_primary;GUDHI_exact_resource_fallback",1800,12884901888,1,0,"closed","closed",FALSE
"mv08n_ph_queue_v1",646,"mv08n_ph:internal124:SRA742961_SRS3565210:20260807:sct_pearson_residual_all_qc_fit_selected384:exact500","internal124","SRA742961_SRS3565210",20260807,"sct_pearson_residual_all_qc_fit_selected384","exact500",500,"H0;H1_separate","complete_vietoris_rips",2,"Ripserr_primary;GUDHI_exact_resource_fallback",1800,12884901888,1,0,"closed","closed",FALSE
"mv08n_ph_queue_v1",647,"mv08n_ph:internal124:SRA742961_SRS3565211:20260807:sct_data_all_qc_fit_selected384:exact500","internal124","SRA742961_SRS3565211",20260807,"sct_data_all_qc_fit_selected384","exact500",500,"H0;H1_separate","complete_vietoris_rips",2,"Ripserr_primary;GUDHI_exact_resource_fallback",1800,12884901888,1,0,"closed","closed",FALSE
"mv08n_ph_queue_v1",648,"mv08n_ph:internal124:SRA742961_SRS3565211:20260807:sct_pearson_residual_all_qc_fit_selected384:exact500","internal124","SRA742961_SRS3565211",20260807,"sct_pearson_residual_all_qc_fit_selected384","exact500",500,"H0;H1_separate","complete_vietoris_rips",2,"Ripserr_primary;GUDHI_exact_resource_fallback",1800,12884901888,1,0,"closed","closed",FALSE
"mv08n_ph_queue_v1",649,"mv08n_ph:internal124:SRA749327_SRS3693910:20260807:sct_data_all_qc_fit_selected384:exact500","internal124","SRA749327_SRS3693910",20260807,"sct_data_all_qc_fit_selected384","exact500",500,"H0;H1_separate","complete_vietoris_rips",2,"Ripserr_primary;GUDHI_exact_resource_fallback",1800,12884901888,1,0,"closed","closed",FALSE
"mv08n_ph_queue_v1",650,"mv08n_ph:internal124:SRA749327_SRS3693910:20260807:sct_pearson_residual_all_qc_fit_selected384:exact500","internal124","SRA749327_SRS3693910",20260807,"sct_pearson_residual_all_qc_fit_selected384","exact500",500,"H0;H1_separate","complete_vietoris_rips",2,"Ripserr_primary;GUDHI_exact_resource_fallback",1800,12884901888,1,0,"closed","closed",FALSE
"mv08n_ph_queue_v1",651,"mv08n_ph:internal124:SRA749327_SRS3693911:20260807:sct_data_all_qc_fit_selected384:exact500","internal124","SRA749327_SRS3693911",20260807,"sct_data_all_qc_fit_selected384","exact500",500,"H0;H1_separate","complete_vietoris_rips",2,"Ripserr_primary;GUDHI_exact_resource_fallback",1800,12884901888,1,0,"closed","closed",FALSE
"mv08n_ph_queue_v1",652,"mv08n_ph:internal124:SRA749327_SRS3693911:20260807:sct_pearson_residual_all_qc_fit_selected384:exact500","internal124","SRA749327_SRS3693911",20260807,"sct_pearson_residual_all_qc_fit_selected384","exact500",500,"H0;H1_separate","complete_vietoris_rips",2,"Ripserr_primary;GUDHI_exact_resource_fallback",1800,12884901888,1,0,"closed","closed",FALSE
"mv08n_ph_queue_v1",653,"mv08n_ph:internal124:SRA749327_SRS3693912:20260807:sct_data_all_qc_fit_selected384:exact500","internal124","SRA749327_SRS3693912",20260807,"sct_data_all_qc_fit_selected384","exact500",500,"H0;H1_separate","complete_vietoris_rips",2,"Ripserr_primary;GUDHI_exact_resource_fallback",1800,12884901888,1,0,"closed","closed",FALSE
"mv08n_ph_queue_v1",654,"mv08n_ph:internal124:SRA749327_SRS3693912:20260807:sct_pearson_residual_all_qc_fit_selected384:exact500","internal124","SRA749327_SRS3693912",20260807,"sct_pearson_residual_all_qc_fit_selected384","exact500",500,"H0;H1_separate","complete_vietoris_rips",2,"Ripserr_primary;GUDHI_exact_resource_fallback",1800,12884901888,1,0,"closed","closed",FALSE
"mv08n_ph_queue_v1",655,"mv08n_ph:internal124:SRA749327_SRS3693913:20260807:sct_data_all_qc_fit_selected384:exact500","internal124","SRA749327_SRS3693913",20260807,"sct_data_all_qc_fit_selected384","exact500",500,"H0;H1_separate","complete_vietoris_rips",2,"Ripserr_primary;GUDHI_exact_resource_fallback",1800,12884901888,1,0,"closed","closed",FALSE
"mv08n_ph_queue_v1",656,"mv08n_ph:internal124:SRA749327_SRS3693913:20260807:sct_pearson_residual_all_qc_fit_selected384:exact500","internal124","SRA749327_SRS3693913",20260807,"sct_pearson_residual_all_qc_fit_selected384","exact500",500,"H0;H1_separate","complete_vietoris_rips",2,"Ripserr_primary;GUDHI_exact_resource_fallback",1800,12884901888,1,0,"closed","closed",FALSE
"mv08n_ph_queue_v1",657,"mv08n_ph:internal124:SRA760933_SRS3693061:20260807:sct_data_all_qc_fit_selected384:exact500","internal124","SRA760933_SRS3693061",20260807,"sct_data_all_qc_fit_selected384","exact500",500,"H0;H1_separate","complete_vietoris_rips",2,"Ripserr_primary;GUDHI_exact_resource_fallback",1800,12884901888,1,0,"closed","closed",FALSE
"mv08n_ph_queue_v1",658,"mv08n_ph:internal124:SRA760933_SRS3693061:20260807:sct_pearson_residual_all_qc_fit_selected384:exact500","internal124","SRA760933_SRS3693061",20260807,"sct_pearson_residual_all_qc_fit_selected384","exact500",500,"H0;H1_separate","complete_vietoris_rips",2,"Ripserr_primary;GUDHI_exact_resource_fallback",1800,12884901888,1,0,"closed","closed",FALSE
"mv08n_ph_queue_v1",659,"mv08n_ph:internal124:SRA779509_SRS3805245:20260807:sct_data_all_qc_fit_selected384:exact500","internal124","SRA779509_SRS3805245",20260807,"sct_data_all_qc_fit_selected384","exact500",500,"H0;H1_separate","complete_vietoris_rips",2,"Ripserr_primary;GUDHI_exact_resource_fallback",1800,12884901888,1,0,"closed","closed",FALSE
"mv08n_ph_queue_v1",660,"mv08n_ph:internal124:SRA779509_SRS3805245:20260807:sct_pearson_residual_all_qc_fit_selected384:exact500","internal124","SRA779509_SRS3805245",20260807,"sct_pearson_residual_all_qc_fit_selected384","exact500",500,"H0;H1_separate","complete_vietoris_rips",2,"Ripserr_primary;GUDHI_exact_resource_fallback",1800,12884901888,1,0,"closed","closed",FALSE
"mv08n_ph_queue_v1",661,"mv08n_ph:internal124:SRA779509_SRS3805246:20260807:sct_data_all_qc_fit_selected384:exact500","internal124","SRA779509_SRS3805246",20260807,"sct_data_all_qc_fit_selected384","exact500",500,"H0;H1_separate","complete_vietoris_rips",2,"Ripserr_primary;GUDHI_exact_resource_fallback",1800,12884901888,1,0,"closed","closed",FALSE
"mv08n_ph_queue_v1",662,"mv08n_ph:internal124:SRA779509_SRS3805246:20260807:sct_pearson_residual_all_qc_fit_selected384:exact500","internal124","SRA779509_SRS3805246",20260807,"sct_pearson_residual_all_qc_fit_selected384","exact500",500,"H0;H1_separate","complete_vietoris_rips",2,"Ripserr_primary;GUDHI_exact_resource_fallback",1800,12884901888,1,0,"closed","closed",FALSE
"mv08n_ph_queue_v1",663,"mv08n_ph:internal124:SRA779509_SRS3805247:20260807:sct_data_all_qc_fit_selected384:exact500","internal124","SRA779509_SRS3805247",20260807,"sct_data_all_qc_fit_selected384","exact500",500,"H0;H1_separate","complete_vietoris_rips",2,"Ripserr_primary;GUDHI_exact_resource_fallback",1800,12884901888,1,0,"closed","closed",FALSE
"mv08n_ph_queue_v1",664,"mv08n_ph:internal124:SRA779509_SRS3805247:20260807:sct_pearson_residual_all_qc_fit_selected384:exact500","internal124","SRA779509_SRS3805247",20260807,"sct_pearson_residual_all_qc_fit_selected384","exact500",500,"H0;H1_separate","complete_vietoris_rips",2,"Ripserr_primary;GUDHI_exact_resource_fallback",1800,12884901888,1,0,"closed","closed",FALSE
"mv08n_ph_queue_v1",665,"mv08n_ph:internal124:SRA779509_SRS3805248:20260807:sct_data_all_qc_fit_selected384:exact500","internal124","SRA779509_SRS3805248",20260807,"sct_data_all_qc_fit_selected384","exact500",500,"H0;H1_separate","complete_vietoris_rips",2,"Ripserr_primary;GUDHI_exact_resource_fallback",1800,12884901888,1,0,"closed","closed",FALSE
"mv08n_ph_queue_v1",666,"mv08n_ph:internal124:SRA779509_SRS3805248:20260807:sct_pearson_residual_all_qc_fit_selected384:exact500","internal124","SRA779509_SRS3805248",20260807,"sct_pearson_residual_all_qc_fit_selected384","exact500",500,"H0;H1_separate","complete_vietoris_rips",2,"Ripserr_primary;GUDHI_exact_resource_fallback",1800,12884901888,1,0,"closed","closed",FALSE
"mv08n_ph_queue_v1",667,"mv08n_ph:internal124:SRA779509_SRS3805249:20260807:sct_data_all_qc_fit_selected384:exact500","internal124","SRA779509_SRS3805249",20260807,"sct_data_all_qc_fit_selected384","exact500",500,"H0;H1_separate","complete_vietoris_rips",2,"Ripserr_primary;GUDHI_exact_resource_fallback",1800,12884901888,1,0,"closed","closed",FALSE
"mv08n_ph_queue_v1",668,"mv08n_ph:internal124:SRA779509_SRS3805249:20260807:sct_pearson_residual_all_qc_fit_selected384:exact500","internal124","SRA779509_SRS3805249",20260807,"sct_pearson_residual_all_qc_fit_selected384","exact500",500,"H0;H1_separate","complete_vietoris_rips",2,"Ripserr_primary;GUDHI_exact_resource_fallback",1800,12884901888,1,0,"closed","closed",FALSE
"mv08n_ph_queue_v1",669,"mv08n_ph:internal124:SRA779509_SRS3805250:20260807:sct_data_all_qc_fit_selected384:exact500","internal124","SRA779509_SRS3805250",20260807,"sct_data_all_qc_fit_selected384","exact500",500,"H0;H1_separate","complete_vietoris_rips",2,"Ripserr_primary;GUDHI_exact_resource_fallback",1800,12884901888,1,0,"closed","closed",FALSE
"mv08n_ph_queue_v1",670,"mv08n_ph:internal124:SRA779509_SRS3805250:20260807:sct_pearson_residual_all_qc_fit_selected384:exact500","internal124","SRA779509_SRS3805250",20260807,"sct_pearson_residual_all_qc_fit_selected384","exact500",500,"H0;H1_separate","complete_vietoris_rips",2,"Ripserr_primary;GUDHI_exact_resource_fallback",1800,12884901888,1,0,"closed","closed",FALSE
"mv08n_ph_queue_v1",671,"mv08n_ph:internal124:SRA779509_SRS3805251:20260807:sct_data_all_qc_fit_selected384:exact500","internal124","SRA779509_SRS3805251",20260807,"sct_data_all_qc_fit_selected384","exact500",500,"H0;H1_separate","complete_vietoris_rips",2,"Ripserr_primary;GUDHI_exact_resource_fallback",1800,12884901888,1,0,"closed","closed",FALSE
"mv08n_ph_queue_v1",672,"mv08n_ph:internal124:SRA779509_SRS3805251:20260807:sct_pearson_residual_all_qc_fit_selected384:exact500","internal124","SRA779509_SRS3805251",20260807,"sct_pearson_residual_all_qc_fit_selected384","exact500",500,"H0;H1_separate","complete_vietoris_rips",2,"Ripserr_primary;GUDHI_exact_resource_fallback",1800,12884901888,1,0,"closed","closed",FALSE
"mv08n_ph_queue_v1",673,"mv08n_ph:internal124:SRA779509_SRS3805252:20260807:sct_data_all_qc_fit_selected384:exact500","internal124","SRA779509_SRS3805252",20260807,"sct_data_all_qc_fit_selected384","exact500",500,"H0;H1_separate","complete_vietoris_rips",2,"Ripserr_primary;GUDHI_exact_resource_fallback",1800,12884901888,1,0,"closed","closed",FALSE
"mv08n_ph_queue_v1",674,"mv08n_ph:internal124:SRA779509_SRS3805252:20260807:sct_pearson_residual_all_qc_fit_selected384:exact500","internal124","SRA779509_SRS3805252",20260807,"sct_pearson_residual_all_qc_fit_selected384","exact500",500,"H0;H1_separate","complete_vietoris_rips",2,"Ripserr_primary;GUDHI_exact_resource_fallback",1800,12884901888,1,0,"closed","closed",FALSE
"mv08n_ph_queue_v1",675,"mv08n_ph:internal124:SRA779509_SRS3805253:20260807:sct_data_all_qc_fit_selected384:exact500","internal124","SRA779509_SRS3805253",20260807,"sct_data_all_qc_fit_selected384","exact500",500,"H0;H1_separate","complete_vietoris_rips",2,"Ripserr_primary;GUDHI_exact_resource_fallback",1800,12884901888,1,0,"closed","closed",FALSE
"mv08n_ph_queue_v1",676,"mv08n_ph:internal124:SRA779509_SRS3805253:20260807:sct_pearson_residual_all_qc_fit_selected384:exact500","internal124","SRA779509_SRS3805253",20260807,"sct_pearson_residual_all_qc_fit_selected384","exact500",500,"H0;H1_separate","complete_vietoris_rips",2,"Ripserr_primary;GUDHI_exact_resource_fallback",1800,12884901888,1,0,"closed","closed",FALSE
"mv08n_ph_queue_v1",677,"mv08n_ph:internal124:SRA779509_SRS3805254:20260807:sct_data_all_qc_fit_selected384:exact500","internal124","SRA779509_SRS3805254",20260807,"sct_data_all_qc_fit_selected384","exact500",500,"H0;H1_separate","complete_vietoris_rips",2,"Ripserr_primary;GUDHI_exact_resource_fallback",1800,12884901888,1,0,"closed","closed",FALSE
"mv08n_ph_queue_v1",678,"mv08n_ph:internal124:SRA779509_SRS3805254:20260807:sct_pearson_residual_all_qc_fit_selected384:exact500","internal124","SRA779509_SRS3805254",20260807,"sct_pearson_residual_all_qc_fit_selected384","exact500",500,"H0;H1_separate","complete_vietoris_rips",2,"Ripserr_primary;GUDHI_exact_resource_fallback",1800,12884901888,1,0,"closed","closed",FALSE
"mv08n_ph_queue_v1",679,"mv08n_ph:internal124:SRA779509_SRS3805255:20260807:sct_data_all_qc_fit_selected384:exact500","internal124","SRA779509_SRS3805255",20260807,"sct_data_all_qc_fit_selected384","exact500",500,"H0;H1_separate","complete_vietoris_rips",2,"Ripserr_primary;GUDHI_exact_resource_fallback",1800,12884901888,1,0,"closed","closed",FALSE
"mv08n_ph_queue_v1",680,"mv08n_ph:internal124:SRA779509_SRS3805255:20260807:sct_pearson_residual_all_qc_fit_selected384:exact500","internal124","SRA779509_SRS3805255",20260807,"sct_pearson_residual_all_qc_fit_selected384","exact500",500,"H0;H1_separate","complete_vietoris_rips",2,"Ripserr_primary;GUDHI_exact_resource_fallback",1800,12884901888,1,0,"closed","closed",FALSE
"mv08n_ph_queue_v1",681,"mv08n_ph:internal124:SRA779509_SRS3805256:20260807:sct_data_all_qc_fit_selected384:exact500","internal124","SRA779509_SRS3805256",20260807,"sct_data_all_qc_fit_selected384","exact500",500,"H0;H1_separate","complete_vietoris_rips",2,"Ripserr_primary;GUDHI_exact_resource_fallback",1800,12884901888,1,0,"closed","closed",FALSE
"mv08n_ph_queue_v1",682,"mv08n_ph:internal124:SRA779509_SRS3805256:20260807:sct_pearson_residual_all_qc_fit_selected384:exact500","internal124","SRA779509_SRS3805256",20260807,"sct_pearson_residual_all_qc_fit_selected384","exact500",500,"H0;H1_separate","complete_vietoris_rips",2,"Ripserr_primary;GUDHI_exact_resource_fallback",1800,12884901888,1,0,"closed","closed",FALSE
"mv08n_ph_queue_v1",683,"mv08n_ph:internal124:SRA779509_SRS3805257:20260807:sct_data_all_qc_fit_selected384:exact500","internal124","SRA779509_SRS3805257",20260807,"sct_data_all_qc_fit_selected384","exact500",500,"H0;H1_separate","complete_vietoris_rips",2,"Ripserr_primary;GUDHI_exact_resource_fallback",1800,12884901888,1,0,"closed","closed",FALSE
"mv08n_ph_queue_v1",684,"mv08n_ph:internal124:SRA779509_SRS3805257:20260807:sct_pearson_residual_all_qc_fit_selected384:exact500","internal124","SRA779509_SRS3805257",20260807,"sct_pearson_residual_all_qc_fit_selected384","exact500",500,"H0;H1_separate","complete_vietoris_rips",2,"Ripserr_primary;GUDHI_exact_resource_fallback",1800,12884901888,1,0,"closed","closed",FALSE
"mv08n_ph_queue_v1",685,"mv08n_ph:internal124:SRA779509_SRS3805258:20260807:sct_data_all_qc_fit_selected384:exact500","internal124","SRA779509_SRS3805258",20260807,"sct_data_all_qc_fit_selected384","exact500",500,"H0;H1_separate","complete_vietoris_rips",2,"Ripserr_primary;GUDHI_exact_resource_fallback",1800,12884901888,1,0,"closed","closed",FALSE
"mv08n_ph_queue_v1",686,"mv08n_ph:internal124:SRA779509_SRS3805258:20260807:sct_pearson_residual_all_qc_fit_selected384:exact500","internal124","SRA779509_SRS3805258",20260807,"sct_pearson_residual_all_qc_fit_selected384","exact500",500,"H0;H1_separate","complete_vietoris_rips",2,"Ripserr_primary;GUDHI_exact_resource_fallback",1800,12884901888,1,0,"closed","closed",FALSE
"mv08n_ph_queue_v1",687,"mv08n_ph:internal124:SRA779509_SRS3805259:20260807:sct_data_all_qc_fit_selected384:exact500","internal124","SRA779509_SRS3805259",20260807,"sct_data_all_qc_fit_selected384","exact500",500,"H0;H1_separate","complete_vietoris_rips",2,"Ripserr_primary;GUDHI_exact_resource_fallback",1800,12884901888,1,0,"closed","closed",FALSE
"mv08n_ph_queue_v1",688,"mv08n_ph:internal124:SRA779509_SRS3805259:20260807:sct_pearson_residual_all_qc_fit_selected384:exact500","internal124","SRA779509_SRS3805259",20260807,"sct_pearson_residual_all_qc_fit_selected384","exact500",500,"H0;H1_separate","complete_vietoris_rips",2,"Ripserr_primary;GUDHI_exact_resource_fallback",1800,12884901888,1,0,"closed","closed",FALSE
"mv08n_ph_queue_v1",689,"mv08n_ph:internal124:SRA779509_SRS3805260:20260807:sct_data_all_qc_fit_selected384:exact500","internal124","SRA779509_SRS3805260",20260807,"sct_data_all_qc_fit_selected384","exact500",500,"H0;H1_separate","complete_vietoris_rips",2,"Ripserr_primary;GUDHI_exact_resource_fallback",1800,12884901888,1,0,"closed","closed",FALSE
"mv08n_ph_queue_v1",690,"mv08n_ph:internal124:SRA779509_SRS3805260:20260807:sct_pearson_residual_all_qc_fit_selected384:exact500","internal124","SRA779509_SRS3805260",20260807,"sct_pearson_residual_all_qc_fit_selected384","exact500",500,"H0;H1_separate","complete_vietoris_rips",2,"Ripserr_primary;GUDHI_exact_resource_fallback",1800,12884901888,1,0,"closed","closed",FALSE
"mv08n_ph_queue_v1",691,"mv08n_ph:internal124:SRA779509_SRS3805261:20260807:sct_data_all_qc_fit_selected384:exact500","internal124","SRA779509_SRS3805261",20260807,"sct_data_all_qc_fit_selected384","exact500",500,"H0;H1_separate","complete_vietoris_rips",2,"Ripserr_primary;GUDHI_exact_resource_fallback",1800,12884901888,1,0,"closed","closed",FALSE
"mv08n_ph_queue_v1",692,"mv08n_ph:internal124:SRA779509_SRS3805261:20260807:sct_pearson_residual_all_qc_fit_selected384:exact500","internal124","SRA779509_SRS3805261",20260807,"sct_pearson_residual_all_qc_fit_selected384","exact500",500,"H0;H1_separate","complete_vietoris_rips",2,"Ripserr_primary;GUDHI_exact_resource_fallback",1800,12884901888,1,0,"closed","closed",FALSE
"mv08n_ph_queue_v1",693,"mv08n_ph:internal124:SRA779509_SRS3805262:20260807:sct_data_all_qc_fit_selected384:exact500","internal124","SRA779509_SRS3805262",20260807,"sct_data_all_qc_fit_selected384","exact500",500,"H0;H1_separate","complete_vietoris_rips",2,"Ripserr_primary;GUDHI_exact_resource_fallback",1800,12884901888,1,0,"closed","closed",FALSE
"mv08n_ph_queue_v1",694,"mv08n_ph:internal124:SRA779509_SRS3805262:20260807:sct_pearson_residual_all_qc_fit_selected384:exact500","internal124","SRA779509_SRS3805262",20260807,"sct_pearson_residual_all_qc_fit_selected384","exact500",500,"H0;H1_separate","complete_vietoris_rips",2,"Ripserr_primary;GUDHI_exact_resource_fallback",1800,12884901888,1,0,"closed","closed",FALSE
"mv08n_ph_queue_v1",695,"mv08n_ph:internal124:SRA779509_SRS3805263:20260807:sct_data_all_qc_fit_selected384:exact500","internal124","SRA779509_SRS3805263",20260807,"sct_data_all_qc_fit_selected384","exact500",500,"H0;H1_separate","complete_vietoris_rips",2,"Ripserr_primary;GUDHI_exact_resource_fallback",1800,12884901888,1,0,"closed","closed",FALSE
"mv08n_ph_queue_v1",696,"mv08n_ph:internal124:SRA779509_SRS3805263:20260807:sct_pearson_residual_all_qc_fit_selected384:exact500","internal124","SRA779509_SRS3805263",20260807,"sct_pearson_residual_all_qc_fit_selected384","exact500",500,"H0;H1_separate","complete_vietoris_rips",2,"Ripserr_primary;GUDHI_exact_resource_fallback",1800,12884901888,1,0,"closed","closed",FALSE
"mv08n_ph_queue_v1",697,"mv08n_ph:internal124:SRA779509_SRS3805264:20260807:sct_data_all_qc_fit_selected384:exact500","internal124","SRA779509_SRS3805264",20260807,"sct_data_all_qc_fit_selected384","exact500",500,"H0;H1_separate","complete_vietoris_rips",2,"Ripserr_primary;GUDHI_exact_resource_fallback",1800,12884901888,1,0,"closed","closed",FALSE
"mv08n_ph_queue_v1",698,"mv08n_ph:internal124:SRA779509_SRS3805264:20260807:sct_pearson_residual_all_qc_fit_selected384:exact500","internal124","SRA779509_SRS3805264",20260807,"sct_pearson_residual_all_qc_fit_selected384","exact500",500,"H0;H1_separate","complete_vietoris_rips",2,"Ripserr_primary;GUDHI_exact_resource_fallback",1800,12884901888,1,0,"closed","closed",FALSE
"mv08n_ph_queue_v1",699,"mv08n_ph:internal124:SRA779509_SRS3805265:20260807:sct_data_all_qc_fit_selected384:exact500","internal124","SRA779509_SRS3805265",20260807,"sct_data_all_qc_fit_selected384","exact500",500,"H0;H1_separate","complete_vietoris_rips",2,"Ripserr_primary;GUDHI_exact_resource_fallback",1800,12884901888,1,0,"closed","closed",FALSE
"mv08n_ph_queue_v1",700,"mv08n_ph:internal124:SRA779509_SRS3805265:20260807:sct_pearson_residual_all_qc_fit_selected384:exact500","internal124","SRA779509_SRS3805265",20260807,"sct_pearson_residual_all_qc_fit_selected384","exact500",500,"H0;H1_separate","complete_vietoris_rips",2,"Ripserr_primary;GUDHI_exact_resource_fallback",1800,12884901888,1,0,"closed","closed",FALSE
"mv08n_ph_queue_v1",701,"mv08n_ph:internal124:SRA779509_SRS3805266:20260807:sct_data_all_qc_fit_selected384:exact500","internal124","SRA779509_SRS3805266",20260807,"sct_data_all_qc_fit_selected384","exact500",500,"H0;H1_separate","complete_vietoris_rips",2,"Ripserr_primary;GUDHI_exact_resource_fallback",1800,12884901888,1,0,"closed","closed",FALSE
"mv08n_ph_queue_v1",702,"mv08n_ph:internal124:SRA779509_SRS3805266:20260807:sct_pearson_residual_all_qc_fit_selected384:exact500","internal124","SRA779509_SRS3805266",20260807,"sct_pearson_residual_all_qc_fit_selected384","exact500",500,"H0;H1_separate","complete_vietoris_rips",2,"Ripserr_primary;GUDHI_exact_resource_fallback",1800,12884901888,1,0,"closed","closed",FALSE
"mv08n_ph_queue_v1",703,"mv08n_ph:internal124:SRA779509_SRS3805267:20260807:sct_data_all_qc_fit_selected384:exact500","internal124","SRA779509_SRS3805267",20260807,"sct_data_all_qc_fit_selected384","exact500",500,"H0;H1_separate","complete_vietoris_rips",2,"Ripserr_primary;GUDHI_exact_resource_fallback",1800,12884901888,1,0,"closed","closed",FALSE
"mv08n_ph_queue_v1",704,"mv08n_ph:internal124:SRA779509_SRS3805267:20260807:sct_pearson_residual_all_qc_fit_selected384:exact500","internal124","SRA779509_SRS3805267",20260807,"sct_pearson_residual_all_qc_fit_selected384","exact500",500,"H0;H1_separate","complete_vietoris_rips",2,"Ripserr_primary;GUDHI_exact_resource_fallback",1800,12884901888,1,0,"closed","closed",FALSE
"mv08n_ph_queue_v1",705,"mv08n_ph:internal124:SRA779509_SRS3805268:20260807:sct_data_all_qc_fit_selected384:exact500","internal124","SRA779509_SRS3805268",20260807,"sct_data_all_qc_fit_selected384","exact500",500,"H0;H1_separate","complete_vietoris_rips",2,"Ripserr_primary;GUDHI_exact_resource_fallback",1800,12884901888,1,0,"closed","closed",FALSE
"mv08n_ph_queue_v1",706,"mv08n_ph:internal124:SRA779509_SRS3805268:20260807:sct_pearson_residual_all_qc_fit_selected384:exact500","internal124","SRA779509_SRS3805268",20260807,"sct_pearson_residual_all_qc_fit_selected384","exact500",500,"H0;H1_separate","complete_vietoris_rips",2,"Ripserr_primary;GUDHI_exact_resource_fallback",1800,12884901888,1,0,"closed","closed",FALSE
"mv08n_ph_queue_v1",707,"mv08n_ph:internal124:SRA779509_SRS3805269:20260807:sct_data_all_qc_fit_selected384:exact500","internal124","SRA779509_SRS3805269",20260807,"sct_data_all_qc_fit_selected384","exact500",500,"H0;H1_separate","complete_vietoris_rips",2,"Ripserr_primary;GUDHI_exact_resource_fallback",1800,12884901888,1,0,"closed","closed",FALSE
"mv08n_ph_queue_v1",708,"mv08n_ph:internal124:SRA779509_SRS3805269:20260807:sct_pearson_residual_all_qc_fit_selected384:exact500","internal124","SRA779509_SRS3805269",20260807,"sct_pearson_residual_all_qc_fit_selected384","exact500",500,"H0;H1_separate","complete_vietoris_rips",2,"Ripserr_primary;GUDHI_exact_resource_fallback",1800,12884901888,1,0,"closed","closed",FALSE
"mv08n_ph_queue_v1",709,"mv08n_ph:internal124:SRA784242_SRS3822680:20260807:sct_data_all_qc_fit_selected384:exact500","internal124","SRA784242_SRS3822680",20260807,"sct_data_all_qc_fit_selected384","exact500",500,"H0;H1_separate","complete_vietoris_rips",2,"Ripserr_primary;GUDHI_exact_resource_fallback",1800,12884901888,1,0,"closed","closed",FALSE
"mv08n_ph_queue_v1",710,"mv08n_ph:internal124:SRA784242_SRS3822680:20260807:sct_pearson_residual_all_qc_fit_selected384:exact500","internal124","SRA784242_SRS3822680",20260807,"sct_pearson_residual_all_qc_fit_selected384","exact500",500,"H0;H1_separate","complete_vietoris_rips",2,"Ripserr_primary;GUDHI_exact_resource_fallback",1800,12884901888,1,0,"closed","closed",FALSE
"mv08n_ph_queue_v1",711,"mv08n_ph:internal124:SRA784242_SRS3822682:20260807:sct_data_all_qc_fit_selected384:exact500","internal124","SRA784242_SRS3822682",20260807,"sct_data_all_qc_fit_selected384","exact500",500,"H0;H1_separate","complete_vietoris_rips",2,"Ripserr_primary;GUDHI_exact_resource_fallback",1800,12884901888,1,0,"closed","closed",FALSE
"mv08n_ph_queue_v1",712,"mv08n_ph:internal124:SRA784242_SRS3822682:20260807:sct_pearson_residual_all_qc_fit_selected384:exact500","internal124","SRA784242_SRS3822682",20260807,"sct_pearson_residual_all_qc_fit_selected384","exact500",500,"H0;H1_separate","complete_vietoris_rips",2,"Ripserr_primary;GUDHI_exact_resource_fallback",1800,12884901888,1,0,"closed","closed",FALSE
"mv08n_ph_queue_v1",713,"mv08n_ph:internal124:SRA784242_SRS3822683:20260807:sct_data_all_qc_fit_selected384:exact500","internal124","SRA784242_SRS3822683",20260807,"sct_data_all_qc_fit_selected384","exact500",500,"H0;H1_separate","complete_vietoris_rips",2,"Ripserr_primary;GUDHI_exact_resource_fallback",1800,12884901888,1,0,"closed","closed",FALSE
"mv08n_ph_queue_v1",714,"mv08n_ph:internal124:SRA784242_SRS3822683:20260807:sct_pearson_residual_all_qc_fit_selected384:exact500","internal124","SRA784242_SRS3822683",20260807,"sct_pearson_residual_all_qc_fit_selected384","exact500",500,"H0;H1_separate","complete_vietoris_rips",2,"Ripserr_primary;GUDHI_exact_resource_fallback",1800,12884901888,1,0,"closed","closed",FALSE
"mv08n_ph_queue_v1",715,"mv08n_ph:internal124:SRA784242_SRS3822686:20260807:sct_data_all_qc_fit_selected384:exact500","internal124","SRA784242_SRS3822686",20260807,"sct_data_all_qc_fit_selected384","exact500",500,"H0;H1_separate","complete_vietoris_rips",2,"Ripserr_primary;GUDHI_exact_resource_fallback",1800,12884901888,1,0,"closed","closed",FALSE
"mv08n_ph_queue_v1",716,"mv08n_ph:internal124:SRA784242_SRS3822686:20260807:sct_pearson_residual_all_qc_fit_selected384:exact500","internal124","SRA784242_SRS3822686",20260807,"sct_pearson_residual_all_qc_fit_selected384","exact500",500,"H0;H1_separate","complete_vietoris_rips",2,"Ripserr_primary;GUDHI_exact_resource_fallback",1800,12884901888,1,0,"closed","closed",FALSE
"mv08n_ph_queue_v1",717,"mv08n_ph:internal124:SRA826293_SRS4181123:20260807:sct_data_all_qc_fit_selected384:exact500","internal124","SRA826293_SRS4181123",20260807,"sct_data_all_qc_fit_selected384","exact500",500,"H0;H1_separate","complete_vietoris_rips",2,"Ripserr_primary;GUDHI_exact_resource_fallback",1800,12884901888,1,0,"closed","closed",FALSE
"mv08n_ph_queue_v1",718,"mv08n_ph:internal124:SRA826293_SRS4181123:20260807:sct_pearson_residual_all_qc_fit_selected384:exact500","internal124","SRA826293_SRS4181123",20260807,"sct_pearson_residual_all_qc_fit_selected384","exact500",500,"H0;H1_separate","complete_vietoris_rips",2,"Ripserr_primary;GUDHI_exact_resource_fallback",1800,12884901888,1,0,"closed","closed",FALSE
"mv08n_ph_queue_v1",719,"mv08n_ph:internal124:SRA826293_SRS4181124:20260807:sct_data_all_qc_fit_selected384:exact500","internal124","SRA826293_SRS4181124",20260807,"sct_data_all_qc_fit_selected384","exact500",500,"H0;H1_separate","complete_vietoris_rips",2,"Ripserr_primary;GUDHI_exact_resource_fallback",1800,12884901888,1,0,"closed","closed",FALSE
"mv08n_ph_queue_v1",720,"mv08n_ph:internal124:SRA826293_SRS4181124:20260807:sct_pearson_residual_all_qc_fit_selected384:exact500","internal124","SRA826293_SRS4181124",20260807,"sct_pearson_residual_all_qc_fit_selected384","exact500",500,"H0;H1_separate","complete_vietoris_rips",2,"Ripserr_primary;GUDHI_exact_resource_fallback",1800,12884901888,1,0,"closed","closed",FALSE
"mv08n_ph_queue_v1",721,"mv08n_ph:internal124:SRA826293_SRS4181125:20260807:sct_data_all_qc_fit_selected384:exact500","internal124","SRA826293_SRS4181125",20260807,"sct_data_all_qc_fit_selected384","exact500",500,"H0;H1_separate","complete_vietoris_rips",2,"Ripserr_primary;GUDHI_exact_resource_fallback",1800,12884901888,1,0,"closed","closed",FALSE
"mv08n_ph_queue_v1",722,"mv08n_ph:internal124:SRA826293_SRS4181125:20260807:sct_pearson_residual_all_qc_fit_selected384:exact500","internal124","SRA826293_SRS4181125",20260807,"sct_pearson_residual_all_qc_fit_selected384","exact500",500,"H0;H1_separate","complete_vietoris_rips",2,"Ripserr_primary;GUDHI_exact_resource_fallback",1800,12884901888,1,0,"closed","closed",FALSE
"mv08n_ph_queue_v1",723,"mv08n_ph:internal124:SRA826293_SRS4181126:20260807:sct_data_all_qc_fit_selected384:exact500","internal124","SRA826293_SRS4181126",20260807,"sct_data_all_qc_fit_selected384","exact500",500,"H0;H1_separate","complete_vietoris_rips",2,"Ripserr_primary;GUDHI_exact_resource_fallback",1800,12884901888,1,0,"closed","closed",FALSE
"mv08n_ph_queue_v1",724,"mv08n_ph:internal124:SRA826293_SRS4181126:20260807:sct_pearson_residual_all_qc_fit_selected384:exact500","internal124","SRA826293_SRS4181126",20260807,"sct_pearson_residual_all_qc_fit_selected384","exact500",500,"H0;H1_separate","complete_vietoris_rips",2,"Ripserr_primary;GUDHI_exact_resource_fallback",1800,12884901888,1,0,"closed","closed",FALSE
"mv08n_ph_queue_v1",725,"mv08n_ph:internal124:SRA826293_SRS4181127:20260807:sct_data_all_qc_fit_selected384:exact500","internal124","SRA826293_SRS4181127",20260807,"sct_data_all_qc_fit_selected384","exact500",500,"H0;H1_separate","complete_vietoris_rips",2,"Ripserr_primary;GUDHI_exact_resource_fallback",1800,12884901888,1,0,"closed","closed",FALSE
"mv08n_ph_queue_v1",726,"mv08n_ph:internal124:SRA826293_SRS4181127:20260807:sct_pearson_residual_all_qc_fit_selected384:exact500","internal124","SRA826293_SRS4181127",20260807,"sct_pearson_residual_all_qc_fit_selected384","exact500",500,"H0;H1_separate","complete_vietoris_rips",2,"Ripserr_primary;GUDHI_exact_resource_fallback",1800,12884901888,1,0,"closed","closed",FALSE
"mv08n_ph_queue_v1",727,"mv08n_ph:internal124:SRA826293_SRS4181128:20260807:sct_data_all_qc_fit_selected384:exact500","internal124","SRA826293_SRS4181128",20260807,"sct_data_all_qc_fit_selected384","exact500",500,"H0;H1_separate","complete_vietoris_rips",2,"Ripserr_primary;GUDHI_exact_resource_fallback",1800,12884901888,1,0,"closed","closed",FALSE
"mv08n_ph_queue_v1",728,"mv08n_ph:internal124:SRA826293_SRS4181128:20260807:sct_pearson_residual_all_qc_fit_selected384:exact500","internal124","SRA826293_SRS4181128",20260807,"sct_pearson_residual_all_qc_fit_selected384","exact500",500,"H0;H1_separate","complete_vietoris_rips",2,"Ripserr_primary;GUDHI_exact_resource_fallback",1800,12884901888,1,0,"closed","closed",FALSE
"mv08n_ph_queue_v1",729,"mv08n_ph:internal124:SRA826293_SRS4181129:20260807:sct_data_all_qc_fit_selected384:exact500","internal124","SRA826293_SRS4181129",20260807,"sct_data_all_qc_fit_selected384","exact500",500,"H0;H1_separate","complete_vietoris_rips",2,"Ripserr_primary;GUDHI_exact_resource_fallback",1800,12884901888,1,0,"closed","closed",FALSE
"mv08n_ph_queue_v1",730,"mv08n_ph:internal124:SRA826293_SRS4181129:20260807:sct_pearson_residual_all_qc_fit_selected384:exact500","internal124","SRA826293_SRS4181129",20260807,"sct_pearson_residual_all_qc_fit_selected384","exact500",500,"H0;H1_separate","complete_vietoris_rips",2,"Ripserr_primary;GUDHI_exact_resource_fallback",1800,12884901888,1,0,"closed","closed",FALSE
"mv08n_ph_queue_v1",731,"mv08n_ph:internal124:SRA826293_SRS4181130:20260807:sct_data_all_qc_fit_selected384:exact500","internal124","SRA826293_SRS4181130",20260807,"sct_data_all_qc_fit_selected384","exact500",500,"H0;H1_separate","complete_vietoris_rips",2,"Ripserr_primary;GUDHI_exact_resource_fallback",1800,12884901888,1,0,"closed","closed",FALSE
"mv08n_ph_queue_v1",732,"mv08n_ph:internal124:SRA826293_SRS4181130:20260807:sct_pearson_residual_all_qc_fit_selected384:exact500","internal124","SRA826293_SRS4181130",20260807,"sct_pearson_residual_all_qc_fit_selected384","exact500",500,"H0;H1_separate","complete_vietoris_rips",2,"Ripserr_primary;GUDHI_exact_resource_fallback",1800,12884901888,1,0,"closed","closed",FALSE
"mv08n_ph_queue_v1",733,"mv08n_ph:internal124:SRA850958_SRS4386101:20260807:sct_data_all_qc_fit_selected384:exact500","internal124","SRA850958_SRS4386101",20260807,"sct_data_all_qc_fit_selected384","exact500",500,"H0;H1_separate","complete_vietoris_rips",2,"Ripserr_primary;GUDHI_exact_resource_fallback",1800,12884901888,1,0,"closed","closed",FALSE
"mv08n_ph_queue_v1",734,"mv08n_ph:internal124:SRA850958_SRS4386101:20260807:sct_pearson_residual_all_qc_fit_selected384:exact500","internal124","SRA850958_SRS4386101",20260807,"sct_pearson_residual_all_qc_fit_selected384","exact500",500,"H0;H1_separate","complete_vietoris_rips",2,"Ripserr_primary;GUDHI_exact_resource_fallback",1800,12884901888,1,0,"closed","closed",FALSE
"mv08n_ph_queue_v1",735,"mv08n_ph:internal124:SRA850958_SRS4386109:20260807:sct_data_all_qc_fit_selected384:exact500","internal124","SRA850958_SRS4386109",20260807,"sct_data_all_qc_fit_selected384","exact500",500,"H0;H1_separate","complete_vietoris_rips",2,"Ripserr_primary;GUDHI_exact_resource_fallback",1800,12884901888,1,0,"closed","closed",FALSE
"mv08n_ph_queue_v1",736,"mv08n_ph:internal124:SRA850958_SRS4386109:20260807:sct_pearson_residual_all_qc_fit_selected384:exact500","internal124","SRA850958_SRS4386109",20260807,"sct_pearson_residual_all_qc_fit_selected384","exact500",500,"H0;H1_separate","complete_vietoris_rips",2,"Ripserr_primary;GUDHI_exact_resource_fallback",1800,12884901888,1,0,"closed","closed",FALSE
"mv08n_ph_queue_v1",737,"mv08n_ph:internal124:SRA850958_SRS4386110:20260807:sct_data_all_qc_fit_selected384:exact500","internal124","SRA850958_SRS4386110",20260807,"sct_data_all_qc_fit_selected384","exact500",500,"H0;H1_separate","complete_vietoris_rips",2,"Ripserr_primary;GUDHI_exact_resource_fallback",1800,12884901888,1,0,"closed","closed",FALSE
"mv08n_ph_queue_v1",738,"mv08n_ph:internal124:SRA850958_SRS4386110:20260807:sct_pearson_residual_all_qc_fit_selected384:exact500","internal124","SRA850958_SRS4386110",20260807,"sct_pearson_residual_all_qc_fit_selected384","exact500",500,"H0;H1_separate","complete_vietoris_rips",2,"Ripserr_primary;GUDHI_exact_resource_fallback",1800,12884901888,1,0,"closed","closed",FALSE
"mv08n_ph_queue_v1",739,"mv08n_ph:internal124:SRA850958_SRS4386111:20260807:sct_data_all_qc_fit_selected384:exact500","internal124","SRA850958_SRS4386111",20260807,"sct_data_all_qc_fit_selected384","exact500",500,"H0;H1_separate","complete_vietoris_rips",2,"Ripserr_primary;GUDHI_exact_resource_fallback",1800,12884901888,1,0,"closed","closed",FALSE
"mv08n_ph_queue_v1",740,"mv08n_ph:internal124:SRA850958_SRS4386111:20260807:sct_pearson_residual_all_qc_fit_selected384:exact500","internal124","SRA850958_SRS4386111",20260807,"sct_pearson_residual_all_qc_fit_selected384","exact500",500,"H0;H1_separate","complete_vietoris_rips",2,"Ripserr_primary;GUDHI_exact_resource_fallback",1800,12884901888,1,0,"closed","closed",FALSE
"mv08n_ph_queue_v1",741,"mv08n_ph:internal124:SRA850958_SRS4386112:20260807:sct_data_all_qc_fit_selected384:exact500","internal124","SRA850958_SRS4386112",20260807,"sct_data_all_qc_fit_selected384","exact500",500,"H0;H1_separate","complete_vietoris_rips",2,"Ripserr_primary;GUDHI_exact_resource_fallback",1800,12884901888,1,0,"closed","closed",FALSE
"mv08n_ph_queue_v1",742,"mv08n_ph:internal124:SRA850958_SRS4386112:20260807:sct_pearson_residual_all_qc_fit_selected384:exact500","internal124","SRA850958_SRS4386112",20260807,"sct_pearson_residual_all_qc_fit_selected384","exact500",500,"H0;H1_separate","complete_vietoris_rips",2,"Ripserr_primary;GUDHI_exact_resource_fallback",1800,12884901888,1,0,"closed","closed",FALSE
"mv08n_ph_queue_v1",743,"mv08n_ph:internal124:SRA850958_SRS4386113:20260807:sct_data_all_qc_fit_selected384:exact500","internal124","SRA850958_SRS4386113",20260807,"sct_data_all_qc_fit_selected384","exact500",500,"H0;H1_separate","complete_vietoris_rips",2,"Ripserr_primary;GUDHI_exact_resource_fallback",1800,12884901888,1,0,"closed","closed",FALSE
"mv08n_ph_queue_v1",744,"mv08n_ph:internal124:SRA850958_SRS4386113:20260807:sct_pearson_residual_all_qc_fit_selected384:exact500","internal124","SRA850958_SRS4386113",20260807,"sct_pearson_residual_all_qc_fit_selected384","exact500",500,"H0;H1_separate","complete_vietoris_rips",2,"Ripserr_primary;GUDHI_exact_resource_fallback",1800,12884901888,1,0,"closed","closed",FALSE
"mv08n_ph_queue_v1",745,"mv08n_ph:internal124:SRA550660_SRS2089635:20260808:sct_data_all_qc_fit_selected384:exact500","internal124","SRA550660_SRS2089635",20260808,"sct_data_all_qc_fit_selected384","exact500",500,"H0;H1_separate","complete_vietoris_rips",2,"Ripserr_primary;GUDHI_exact_resource_fallback",1800,12884901888,1,0,"closed","closed",FALSE
"mv08n_ph_queue_v1",746,"mv08n_ph:internal124:SRA550660_SRS2089635:20260808:sct_pearson_residual_all_qc_fit_selected384:exact500","internal124","SRA550660_SRS2089635",20260808,"sct_pearson_residual_all_qc_fit_selected384","exact500",500,"H0;H1_separate","complete_vietoris_rips",2,"Ripserr_primary;GUDHI_exact_resource_fallback",1800,12884901888,1,0,"closed","closed",FALSE
"mv08n_ph_queue_v1",747,"mv08n_ph:internal124:SRA550660_SRS2089636:20260808:sct_data_all_qc_fit_selected384:exact500","internal124","SRA550660_SRS2089636",20260808,"sct_data_all_qc_fit_selected384","exact500",500,"H0;H1_separate","complete_vietoris_rips",2,"Ripserr_primary;GUDHI_exact_resource_fallback",1800,12884901888,1,0,"closed","closed",FALSE
"mv08n_ph_queue_v1",748,"mv08n_ph:internal124:SRA550660_SRS2089636:20260808:sct_pearson_residual_all_qc_fit_selected384:exact500","internal124","SRA550660_SRS2089636",20260808,"sct_pearson_residual_all_qc_fit_selected384","exact500",500,"H0;H1_separate","complete_vietoris_rips",2,"Ripserr_primary;GUDHI_exact_resource_fallback",1800,12884901888,1,0,"closed","closed",FALSE
"mv08n_ph_queue_v1",749,"mv08n_ph:internal124:SRA550660_SRS2089637:20260808:sct_data_all_qc_fit_selected384:exact500","internal124","SRA550660_SRS2089637",20260808,"sct_data_all_qc_fit_selected384","exact500",500,"H0;H1_separate","complete_vietoris_rips",2,"Ripserr_primary;GUDHI_exact_resource_fallback",1800,12884901888,1,0,"closed","closed",FALSE
"mv08n_ph_queue_v1",750,"mv08n_ph:internal124:SRA550660_SRS2089637:20260808:sct_pearson_residual_all_qc_fit_selected384:exact500","internal124","SRA550660_SRS2089637",20260808,"sct_pearson_residual_all_qc_fit_selected384","exact500",500,"H0;H1_separate","complete_vietoris_rips",2,"Ripserr_primary;GUDHI_exact_resource_fallback",1800,12884901888,1,0,"closed","closed",FALSE
"mv08n_ph_queue_v1",751,"mv08n_ph:internal124:SRA550660_SRS2089638:20260808:sct_data_all_qc_fit_selected384:exact500","internal124","SRA550660_SRS2089638",20260808,"sct_data_all_qc_fit_selected384","exact500",500,"H0;H1_separate","complete_vietoris_rips",2,"Ripserr_primary;GUDHI_exact_resource_fallback",1800,12884901888,1,0,"closed","closed",FALSE
"mv08n_ph_queue_v1",752,"mv08n_ph:internal124:SRA550660_SRS2089638:20260808:sct_pearson_residual_all_qc_fit_selected384:exact500","internal124","SRA550660_SRS2089638",20260808,"sct_pearson_residual_all_qc_fit_selected384","exact500",500,"H0;H1_separate","complete_vietoris_rips",2,"Ripserr_primary;GUDHI_exact_resource_fallback",1800,12884901888,1,0,"closed","closed",FALSE
"mv08n_ph_queue_v1",753,"mv08n_ph:internal124:SRA550660_SRS2089639:20260808:sct_data_all_qc_fit_selected384:exact500","internal124","SRA550660_SRS2089639",20260808,"sct_data_all_qc_fit_selected384","exact500",500,"H0;H1_separate","complete_vietoris_rips",2,"Ripserr_primary;GUDHI_exact_resource_fallback",1800,12884901888,1,0,"closed","closed",FALSE
"mv08n_ph_queue_v1",754,"mv08n_ph:internal124:SRA550660_SRS2089639:20260808:sct_pearson_residual_all_qc_fit_selected384:exact500","internal124","SRA550660_SRS2089639",20260808,"sct_pearson_residual_all_qc_fit_selected384","exact500",500,"H0;H1_separate","complete_vietoris_rips",2,"Ripserr_primary;GUDHI_exact_resource_fallback",1800,12884901888,1,0,"closed","closed",FALSE
"mv08n_ph_queue_v1",755,"mv08n_ph:internal124:SRA621638_SRS2610283:20260808:sct_data_all_qc_fit_selected384:exact500","internal124","SRA621638_SRS2610283",20260808,"sct_data_all_qc_fit_selected384","exact500",500,"H0;H1_separate","complete_vietoris_rips",2,"Ripserr_primary;GUDHI_exact_resource_fallback",1800,12884901888,1,0,"closed","closed",FALSE
"mv08n_ph_queue_v1",756,"mv08n_ph:internal124:SRA621638_SRS2610283:20260808:sct_pearson_residual_all_qc_fit_selected384:exact500","internal124","SRA621638_SRS2610283",20260808,"sct_pearson_residual_all_qc_fit_selected384","exact500",500,"H0;H1_separate","complete_vietoris_rips",2,"Ripserr_primary;GUDHI_exact_resource_fallback",1800,12884901888,1,0,"closed","closed",FALSE
"mv08n_ph_queue_v1",757,"mv08n_ph:internal124:SRA621638_SRS2610285:20260808:sct_data_all_qc_fit_selected384:exact500","internal124","SRA621638_SRS2610285",20260808,"sct_data_all_qc_fit_selected384","exact500",500,"H0;H1_separate","complete_vietoris_rips",2,"Ripserr_primary;GUDHI_exact_resource_fallback",1800,12884901888,1,0,"closed","closed",FALSE
"mv08n_ph_queue_v1",758,"mv08n_ph:internal124:SRA621638_SRS2610285:20260808:sct_pearson_residual_all_qc_fit_selected384:exact500","internal124","SRA621638_SRS2610285",20260808,"sct_pearson_residual_all_qc_fit_selected384","exact500",500,"H0;H1_separate","complete_vietoris_rips",2,"Ripserr_primary;GUDHI_exact_resource_fallback",1800,12884901888,1,0,"closed","closed",FALSE
"mv08n_ph_queue_v1",759,"mv08n_ph:internal124:SRA628554_SRS2664364:20260808:sct_data_all_qc_fit_selected384:exact500","internal124","SRA628554_SRS2664364",20260808,"sct_data_all_qc_fit_selected384","exact500",500,"H0;H1_separate","complete_vietoris_rips",2,"Ripserr_primary;GUDHI_exact_resource_fallback",1800,12884901888,1,0,"closed","closed",FALSE
"mv08n_ph_queue_v1",760,"mv08n_ph:internal124:SRA628554_SRS2664364:20260808:sct_pearson_residual_all_qc_fit_selected384:exact500","internal124","SRA628554_SRS2664364",20260808,"sct_pearson_residual_all_qc_fit_selected384","exact500",500,"H0;H1_separate","complete_vietoris_rips",2,"Ripserr_primary;GUDHI_exact_resource_fallback",1800,12884901888,1,0,"closed","closed",FALSE
"mv08n_ph_queue_v1",761,"mv08n_ph:internal124:SRA628554_SRS2664365:20260808:sct_data_all_qc_fit_selected384:exact500","internal124","SRA628554_SRS2664365",20260808,"sct_data_all_qc_fit_selected384","exact500",500,"H0;H1_separate","complete_vietoris_rips",2,"Ripserr_primary;GUDHI_exact_resource_fallback",1800,12884901888,1,0,"closed","closed",FALSE
"mv08n_ph_queue_v1",762,"mv08n_ph:internal124:SRA628554_SRS2664365:20260808:sct_pearson_residual_all_qc_fit_selected384:exact500","internal124","SRA628554_SRS2664365",20260808,"sct_pearson_residual_all_qc_fit_selected384","exact500",500,"H0;H1_separate","complete_vietoris_rips",2,"Ripserr_primary;GUDHI_exact_resource_fallback",1800,12884901888,1,0,"closed","closed",FALSE
"mv08n_ph_queue_v1",763,"mv08n_ph:internal124:SRA645804_SRS2823404:20260808:sct_data_all_qc_fit_selected384:exact500","internal124","SRA645804_SRS2823404",20260808,"sct_data_all_qc_fit_selected384","exact500",500,"H0;H1_separate","complete_vietoris_rips",2,"Ripserr_primary;GUDHI_exact_resource_fallback",1800,12884901888,1,0,"closed","closed",FALSE
"mv08n_ph_queue_v1",764,"mv08n_ph:internal124:SRA645804_SRS2823404:20260808:sct_pearson_residual_all_qc_fit_selected384:exact500","internal124","SRA645804_SRS2823404",20260808,"sct_pearson_residual_all_qc_fit_selected384","exact500",500,"H0;H1_separate","complete_vietoris_rips",2,"Ripserr_primary;GUDHI_exact_resource_fallback",1800,12884901888,1,0,"closed","closed",FALSE
"mv08n_ph_queue_v1",765,"mv08n_ph:internal124:SRA645804_SRS2823405:20260808:sct_data_all_qc_fit_selected384:exact500","internal124","SRA645804_SRS2823405",20260808,"sct_data_all_qc_fit_selected384","exact500",500,"H0;H1_separate","complete_vietoris_rips",2,"Ripserr_primary;GUDHI_exact_resource_fallback",1800,12884901888,1,0,"closed","closed",FALSE
"mv08n_ph_queue_v1",766,"mv08n_ph:internal124:SRA645804_SRS2823405:20260808:sct_pearson_residual_all_qc_fit_selected384:exact500","internal124","SRA645804_SRS2823405",20260808,"sct_pearson_residual_all_qc_fit_selected384","exact500",500,"H0;H1_separate","complete_vietoris_rips",2,"Ripserr_primary;GUDHI_exact_resource_fallback",1800,12884901888,1,0,"closed","closed",FALSE
"mv08n_ph_queue_v1",767,"mv08n_ph:internal124:SRA645804_SRS2823406:20260808:sct_data_all_qc_fit_selected384:exact500","internal124","SRA645804_SRS2823406",20260808,"sct_data_all_qc_fit_selected384","exact500",500,"H0;H1_separate","complete_vietoris_rips",2,"Ripserr_primary;GUDHI_exact_resource_fallback",1800,12884901888,1,0,"closed","closed",FALSE
"mv08n_ph_queue_v1",768,"mv08n_ph:internal124:SRA645804_SRS2823406:20260808:sct_pearson_residual_all_qc_fit_selected384:exact500","internal124","SRA645804_SRS2823406",20260808,"sct_pearson_residual_all_qc_fit_selected384","exact500",500,"H0;H1_separate","complete_vietoris_rips",2,"Ripserr_primary;GUDHI_exact_resource_fallback",1800,12884901888,1,0,"closed","closed",FALSE
"mv08n_ph_queue_v1",769,"mv08n_ph:internal124:SRA645804_SRS2823407:20260808:sct_data_all_qc_fit_selected384:exact500","internal124","SRA645804_SRS2823407",20260808,"sct_data_all_qc_fit_selected384","exact500",500,"H0;H1_separate","complete_vietoris_rips",2,"Ripserr_primary;GUDHI_exact_resource_fallback",1800,12884901888,1,0,"closed","closed",FALSE
"mv08n_ph_queue_v1",770,"mv08n_ph:internal124:SRA645804_SRS2823407:20260808:sct_pearson_residual_all_qc_fit_selected384:exact500","internal124","SRA645804_SRS2823407",20260808,"sct_pearson_residual_all_qc_fit_selected384","exact500",500,"H0;H1_separate","complete_vietoris_rips",2,"Ripserr_primary;GUDHI_exact_resource_fallback",1800,12884901888,1,0,"closed","closed",FALSE
"mv08n_ph_queue_v1",771,"mv08n_ph:internal124:SRA645804_SRS2823408:20260808:sct_data_all_qc_fit_selected384:exact500","internal124","SRA645804_SRS2823408",20260808,"sct_data_all_qc_fit_selected384","exact500",500,"H0;H1_separate","complete_vietoris_rips",2,"Ripserr_primary;GUDHI_exact_resource_fallback",1800,12884901888,1,0,"closed","closed",FALSE
"mv08n_ph_queue_v1",772,"mv08n_ph:internal124:SRA645804_SRS2823408:20260808:sct_pearson_residual_all_qc_fit_selected384:exact500","internal124","SRA645804_SRS2823408",20260808,"sct_pearson_residual_all_qc_fit_selected384","exact500",500,"H0;H1_separate","complete_vietoris_rips",2,"Ripserr_primary;GUDHI_exact_resource_fallback",1800,12884901888,1,0,"closed","closed",FALSE
"mv08n_ph_queue_v1",773,"mv08n_ph:internal124:SRA645804_SRS2823409:20260808:sct_data_all_qc_fit_selected384:exact500","internal124","SRA645804_SRS2823409",20260808,"sct_data_all_qc_fit_selected384","exact500",500,"H0;H1_separate","complete_vietoris_rips",2,"Ripserr_primary;GUDHI_exact_resource_fallback",1800,12884901888,1,0,"closed","closed",FALSE
"mv08n_ph_queue_v1",774,"mv08n_ph:internal124:SRA645804_SRS2823409:20260808:sct_pearson_residual_all_qc_fit_selected384:exact500","internal124","SRA645804_SRS2823409",20260808,"sct_pearson_residual_all_qc_fit_selected384","exact500",500,"H0;H1_separate","complete_vietoris_rips",2,"Ripserr_primary;GUDHI_exact_resource_fallback",1800,12884901888,1,0,"closed","closed",FALSE
"mv08n_ph_queue_v1",775,"mv08n_ph:internal124:SRA645804_SRS2823410:20260808:sct_data_all_qc_fit_selected384:exact500","internal124","SRA645804_SRS2823410",20260808,"sct_data_all_qc_fit_selected384","exact500",500,"H0;H1_separate","complete_vietoris_rips",2,"Ripserr_primary;GUDHI_exact_resource_fallback",1800,12884901888,1,0,"closed","closed",FALSE
"mv08n_ph_queue_v1",776,"mv08n_ph:internal124:SRA645804_SRS2823410:20260808:sct_pearson_residual_all_qc_fit_selected384:exact500","internal124","SRA645804_SRS2823410",20260808,"sct_pearson_residual_all_qc_fit_selected384","exact500",500,"H0;H1_separate","complete_vietoris_rips",2,"Ripserr_primary;GUDHI_exact_resource_fallback",1800,12884901888,1,0,"closed","closed",FALSE
"mv08n_ph_queue_v1",777,"mv08n_ph:internal124:SRA645804_SRS2823411:20260808:sct_data_all_qc_fit_selected384:exact500","internal124","SRA645804_SRS2823411",20260808,"sct_data_all_qc_fit_selected384","exact500",500,"H0;H1_separate","complete_vietoris_rips",2,"Ripserr_primary;GUDHI_exact_resource_fallback",1800,12884901888,1,0,"closed","closed",FALSE
"mv08n_ph_queue_v1",778,"mv08n_ph:internal124:SRA645804_SRS2823411:20260808:sct_pearson_residual_all_qc_fit_selected384:exact500","internal124","SRA645804_SRS2823411",20260808,"sct_pearson_residual_all_qc_fit_selected384","exact500",500,"H0;H1_separate","complete_vietoris_rips",2,"Ripserr_primary;GUDHI_exact_resource_fallback",1800,12884901888,1,0,"closed","closed",FALSE
"mv08n_ph_queue_v1",779,"mv08n_ph:internal124:SRA645804_SRS2823412:20260808:sct_data_all_qc_fit_selected384:exact500","internal124","SRA645804_SRS2823412",20260808,"sct_data_all_qc_fit_selected384","exact500",500,"H0;H1_separate","complete_vietoris_rips",2,"Ripserr_primary;GUDHI_exact_resource_fallback",1800,12884901888,1,0,"closed","closed",FALSE
"mv08n_ph_queue_v1",780,"mv08n_ph:internal124:SRA645804_SRS2823412:20260808:sct_pearson_residual_all_qc_fit_selected384:exact500","internal124","SRA645804_SRS2823412",20260808,"sct_pearson_residual_all_qc_fit_selected384","exact500",500,"H0;H1_separate","complete_vietoris_rips",2,"Ripserr_primary;GUDHI_exact_resource_fallback",1800,12884901888,1,0,"closed","closed",FALSE
"mv08n_ph_queue_v1",781,"mv08n_ph:internal124:SRA645804_SRS3572594:20260808:sct_data_all_qc_fit_selected384:exact500","internal124","SRA645804_SRS3572594",20260808,"sct_data_all_qc_fit_selected384","exact500",500,"H0;H1_separate","complete_vietoris_rips",2,"Ripserr_primary;GUDHI_exact_resource_fallback",1800,12884901888,1,0,"closed","closed",FALSE
"mv08n_ph_queue_v1",782,"mv08n_ph:internal124:SRA645804_SRS3572594:20260808:sct_pearson_residual_all_qc_fit_selected384:exact500","internal124","SRA645804_SRS3572594",20260808,"sct_pearson_residual_all_qc_fit_selected384","exact500",500,"H0;H1_separate","complete_vietoris_rips",2,"Ripserr_primary;GUDHI_exact_resource_fallback",1800,12884901888,1,0,"closed","closed",FALSE
"mv08n_ph_queue_v1",783,"mv08n_ph:internal124:SRA667709_SRS3065426:20260808:sct_data_all_qc_fit_selected384:exact500","internal124","SRA667709_SRS3065426",20260808,"sct_data_all_qc_fit_selected384","exact500",500,"H0;H1_separate","complete_vietoris_rips",2,"Ripserr_primary;GUDHI_exact_resource_fallback",1800,12884901888,1,0,"closed","closed",FALSE
"mv08n_ph_queue_v1",784,"mv08n_ph:internal124:SRA667709_SRS3065426:20260808:sct_pearson_residual_all_qc_fit_selected384:exact500","internal124","SRA667709_SRS3065426",20260808,"sct_pearson_residual_all_qc_fit_selected384","exact500",500,"H0;H1_separate","complete_vietoris_rips",2,"Ripserr_primary;GUDHI_exact_resource_fallback",1800,12884901888,1,0,"closed","closed",FALSE
"mv08n_ph_queue_v1",785,"mv08n_ph:internal124:SRA667709_SRS3065427:20260808:sct_data_all_qc_fit_selected384:exact500","internal124","SRA667709_SRS3065427",20260808,"sct_data_all_qc_fit_selected384","exact500",500,"H0;H1_separate","complete_vietoris_rips",2,"Ripserr_primary;GUDHI_exact_resource_fallback",1800,12884901888,1,0,"closed","closed",FALSE
"mv08n_ph_queue_v1",786,"mv08n_ph:internal124:SRA667709_SRS3065427:20260808:sct_pearson_residual_all_qc_fit_selected384:exact500","internal124","SRA667709_SRS3065427",20260808,"sct_pearson_residual_all_qc_fit_selected384","exact500",500,"H0;H1_separate","complete_vietoris_rips",2,"Ripserr_primary;GUDHI_exact_resource_fallback",1800,12884901888,1,0,"closed","closed",FALSE
"mv08n_ph_queue_v1",787,"mv08n_ph:internal124:SRA667709_SRS3065428:20260808:sct_data_all_qc_fit_selected384:exact500","internal124","SRA667709_SRS3065428",20260808,"sct_data_all_qc_fit_selected384","exact500",500,"H0;H1_separate","complete_vietoris_rips",2,"Ripserr_primary;GUDHI_exact_resource_fallback",1800,12884901888,1,0,"closed","closed",FALSE
"mv08n_ph_queue_v1",788,"mv08n_ph:internal124:SRA667709_SRS3065428:20260808:sct_pearson_residual_all_qc_fit_selected384:exact500","internal124","SRA667709_SRS3065428",20260808,"sct_pearson_residual_all_qc_fit_selected384","exact500",500,"H0;H1_separate","complete_vietoris_rips",2,"Ripserr_primary;GUDHI_exact_resource_fallback",1800,12884901888,1,0,"closed","closed",FALSE
"mv08n_ph_queue_v1",789,"mv08n_ph:internal124:SRA667709_SRS3065429:20260808:sct_data_all_qc_fit_selected384:exact500","internal124","SRA667709_SRS3065429",20260808,"sct_data_all_qc_fit_selected384","exact500",500,"H0;H1_separate","complete_vietoris_rips",2,"Ripserr_primary;GUDHI_exact_resource_fallback",1800,12884901888,1,0,"closed","closed",FALSE
"mv08n_ph_queue_v1",790,"mv08n_ph:internal124:SRA667709_SRS3065429:20260808:sct_pearson_residual_all_qc_fit_selected384:exact500","internal124","SRA667709_SRS3065429",20260808,"sct_pearson_residual_all_qc_fit_selected384","exact500",500,"H0;H1_separate","complete_vietoris_rips",2,"Ripserr_primary;GUDHI_exact_resource_fallback",1800,12884901888,1,0,"closed","closed",FALSE
"mv08n_ph_queue_v1",791,"mv08n_ph:internal124:SRA667709_SRS3065430:20260808:sct_data_all_qc_fit_selected384:exact500","internal124","SRA667709_SRS3065430",20260808,"sct_data_all_qc_fit_selected384","exact500",500,"H0;H1_separate","complete_vietoris_rips",2,"Ripserr_primary;GUDHI_exact_resource_fallback",1800,12884901888,1,0,"closed","closed",FALSE
"mv08n_ph_queue_v1",792,"mv08n_ph:internal124:SRA667709_SRS3065430:20260808:sct_pearson_residual_all_qc_fit_selected384:exact500","internal124","SRA667709_SRS3065430",20260808,"sct_pearson_residual_all_qc_fit_selected384","exact500",500,"H0;H1_separate","complete_vietoris_rips",2,"Ripserr_primary;GUDHI_exact_resource_fallback",1800,12884901888,1,0,"closed","closed",FALSE
"mv08n_ph_queue_v1",793,"mv08n_ph:internal124:SRA667709_SRS3065431:20260808:sct_data_all_qc_fit_selected384:exact500","internal124","SRA667709_SRS3065431",20260808,"sct_data_all_qc_fit_selected384","exact500",500,"H0;H1_separate","complete_vietoris_rips",2,"Ripserr_primary;GUDHI_exact_resource_fallback",1800,12884901888,1,0,"closed","closed",FALSE
"mv08n_ph_queue_v1",794,"mv08n_ph:internal124:SRA667709_SRS3065431:20260808:sct_pearson_residual_all_qc_fit_selected384:exact500","internal124","SRA667709_SRS3065431",20260808,"sct_pearson_residual_all_qc_fit_selected384","exact500",500,"H0;H1_separate","complete_vietoris_rips",2,"Ripserr_primary;GUDHI_exact_resource_fallback",1800,12884901888,1,0,"closed","closed",FALSE
"mv08n_ph_queue_v1",795,"mv08n_ph:internal124:SRA701877_SRS3279684:20260808:sct_data_all_qc_fit_selected384:exact500","internal124","SRA701877_SRS3279684",20260808,"sct_data_all_qc_fit_selected384","exact500",500,"H0;H1_separate","complete_vietoris_rips",2,"Ripserr_primary;GUDHI_exact_resource_fallback",1800,12884901888,1,0,"closed","closed",FALSE
"mv08n_ph_queue_v1",796,"mv08n_ph:internal124:SRA701877_SRS3279684:20260808:sct_pearson_residual_all_qc_fit_selected384:exact500","internal124","SRA701877_SRS3279684",20260808,"sct_pearson_residual_all_qc_fit_selected384","exact500",500,"H0;H1_separate","complete_vietoris_rips",2,"Ripserr_primary;GUDHI_exact_resource_fallback",1800,12884901888,1,0,"closed","closed",FALSE
"mv08n_ph_queue_v1",797,"mv08n_ph:internal124:SRA701877_SRS3279685:20260808:sct_data_all_qc_fit_selected384:exact500","internal124","SRA701877_SRS3279685",20260808,"sct_data_all_qc_fit_selected384","exact500",500,"H0;H1_separate","complete_vietoris_rips",2,"Ripserr_primary;GUDHI_exact_resource_fallback",1800,12884901888,1,0,"closed","closed",FALSE
"mv08n_ph_queue_v1",798,"mv08n_ph:internal124:SRA701877_SRS3279685:20260808:sct_pearson_residual_all_qc_fit_selected384:exact500","internal124","SRA701877_SRS3279685",20260808,"sct_pearson_residual_all_qc_fit_selected384","exact500",500,"H0;H1_separate","complete_vietoris_rips",2,"Ripserr_primary;GUDHI_exact_resource_fallback",1800,12884901888,1,0,"closed","closed",FALSE
"mv08n_ph_queue_v1",799,"mv08n_ph:internal124:SRA701877_SRS3279686:20260808:sct_data_all_qc_fit_selected384:exact500","internal124","SRA701877_SRS3279686",20260808,"sct_data_all_qc_fit_selected384","exact500",500,"H0;H1_separate","complete_vietoris_rips",2,"Ripserr_primary;GUDHI_exact_resource_fallback",1800,12884901888,1,0,"closed","closed",FALSE
"mv08n_ph_queue_v1",800,"mv08n_ph:internal124:SRA701877_SRS3279686:20260808:sct_pearson_residual_all_qc_fit_selected384:exact500","internal124","SRA701877_SRS3279686",20260808,"sct_pearson_residual_all_qc_fit_selected384","exact500",500,"H0;H1_separate","complete_vietoris_rips",2,"Ripserr_primary;GUDHI_exact_resource_fallback",1800,12884901888,1,0,"closed","closed",FALSE
"mv08n_ph_queue_v1",801,"mv08n_ph:internal124:SRA701877_SRS3279687:20260808:sct_data_all_qc_fit_selected384:exact500","internal124","SRA701877_SRS3279687",20260808,"sct_data_all_qc_fit_selected384","exact500",500,"H0;H1_separate","complete_vietoris_rips",2,"Ripserr_primary;GUDHI_exact_resource_fallback",1800,12884901888,1,0,"closed","closed",FALSE
"mv08n_ph_queue_v1",802,"mv08n_ph:internal124:SRA701877_SRS3279687:20260808:sct_pearson_residual_all_qc_fit_selected384:exact500","internal124","SRA701877_SRS3279687",20260808,"sct_pearson_residual_all_qc_fit_selected384","exact500",500,"H0;H1_separate","complete_vietoris_rips",2,"Ripserr_primary;GUDHI_exact_resource_fallback",1800,12884901888,1,0,"closed","closed",FALSE
"mv08n_ph_queue_v1",803,"mv08n_ph:internal124:SRA701877_SRS3279688:20260808:sct_data_all_qc_fit_selected384:exact500","internal124","SRA701877_SRS3279688",20260808,"sct_data_all_qc_fit_selected384","exact500",500,"H0;H1_separate","complete_vietoris_rips",2,"Ripserr_primary;GUDHI_exact_resource_fallback",1800,12884901888,1,0,"closed","closed",FALSE
"mv08n_ph_queue_v1",804,"mv08n_ph:internal124:SRA701877_SRS3279688:20260808:sct_pearson_residual_all_qc_fit_selected384:exact500","internal124","SRA701877_SRS3279688",20260808,"sct_pearson_residual_all_qc_fit_selected384","exact500",500,"H0;H1_separate","complete_vietoris_rips",2,"Ripserr_primary;GUDHI_exact_resource_fallback",1800,12884901888,1,0,"closed","closed",FALSE
"mv08n_ph_queue_v1",805,"mv08n_ph:internal124:SRA701877_SRS3279689:20260808:sct_data_all_qc_fit_selected384:exact500","internal124","SRA701877_SRS3279689",20260808,"sct_data_all_qc_fit_selected384","exact500",500,"H0;H1_separate","complete_vietoris_rips",2,"Ripserr_primary;GUDHI_exact_resource_fallback",1800,12884901888,1,0,"closed","closed",FALSE
"mv08n_ph_queue_v1",806,"mv08n_ph:internal124:SRA701877_SRS3279689:20260808:sct_pearson_residual_all_qc_fit_selected384:exact500","internal124","SRA701877_SRS3279689",20260808,"sct_pearson_residual_all_qc_fit_selected384","exact500",500,"H0;H1_separate","complete_vietoris_rips",2,"Ripserr_primary;GUDHI_exact_resource_fallback",1800,12884901888,1,0,"closed","closed",FALSE
"mv08n_ph_queue_v1",807,"mv08n_ph:internal124:SRA701877_SRS3279690:20260808:sct_data_all_qc_fit_selected384:exact500","internal124","SRA701877_SRS3279690",20260808,"sct_data_all_qc_fit_selected384","exact500",500,"H0;H1_separate","complete_vietoris_rips",2,"Ripserr_primary;GUDHI_exact_resource_fallback",1800,12884901888,1,0,"closed","closed",FALSE
"mv08n_ph_queue_v1",808,"mv08n_ph:internal124:SRA701877_SRS3279690:20260808:sct_pearson_residual_all_qc_fit_selected384:exact500","internal124","SRA701877_SRS3279690",20260808,"sct_pearson_residual_all_qc_fit_selected384","exact500",500,"H0;H1_separate","complete_vietoris_rips",2,"Ripserr_primary;GUDHI_exact_resource_fallback",1800,12884901888,1,0,"closed","closed",FALSE
"mv08n_ph_queue_v1",809,"mv08n_ph:internal124:SRA701877_SRS3279691:20260808:sct_data_all_qc_fit_selected384:exact500","internal124","SRA701877_SRS3279691",20260808,"sct_data_all_qc_fit_selected384","exact500",500,"H0;H1_separate","complete_vietoris_rips",2,"Ripserr_primary;GUDHI_exact_resource_fallback",1800,12884901888,1,0,"closed","closed",FALSE
"mv08n_ph_queue_v1",810,"mv08n_ph:internal124:SRA701877_SRS3279691:20260808:sct_pearson_residual_all_qc_fit_selected384:exact500","internal124","SRA701877_SRS3279691",20260808,"sct_pearson_residual_all_qc_fit_selected384","exact500",500,"H0;H1_separate","complete_vietoris_rips",2,"Ripserr_primary;GUDHI_exact_resource_fallback",1800,12884901888,1,0,"closed","closed",FALSE
"mv08n_ph_queue_v1",811,"mv08n_ph:internal124:SRA701877_SRS3279692:20260808:sct_data_all_qc_fit_selected384:exact500","internal124","SRA701877_SRS3279692",20260808,"sct_data_all_qc_fit_selected384","exact500",500,"H0;H1_separate","complete_vietoris_rips",2,"Ripserr_primary;GUDHI_exact_resource_fallback",1800,12884901888,1,0,"closed","closed",FALSE
"mv08n_ph_queue_v1",812,"mv08n_ph:internal124:SRA701877_SRS3279692:20260808:sct_pearson_residual_all_qc_fit_selected384:exact500","internal124","SRA701877_SRS3279692",20260808,"sct_pearson_residual_all_qc_fit_selected384","exact500",500,"H0;H1_separate","complete_vietoris_rips",2,"Ripserr_primary;GUDHI_exact_resource_fallback",1800,12884901888,1,0,"closed","closed",FALSE
"mv08n_ph_queue_v1",813,"mv08n_ph:internal124:SRA701877_SRS3279693:20260808:sct_data_all_qc_fit_selected384:exact500","internal124","SRA701877_SRS3279693",20260808,"sct_data_all_qc_fit_selected384","exact500",500,"H0;H1_separate","complete_vietoris_rips",2,"Ripserr_primary;GUDHI_exact_resource_fallback",1800,12884901888,1,0,"closed","closed",FALSE
"mv08n_ph_queue_v1",814,"mv08n_ph:internal124:SRA701877_SRS3279693:20260808:sct_pearson_residual_all_qc_fit_selected384:exact500","internal124","SRA701877_SRS3279693",20260808,"sct_pearson_residual_all_qc_fit_selected384","exact500",500,"H0;H1_separate","complete_vietoris_rips",2,"Ripserr_primary;GUDHI_exact_resource_fallback",1800,12884901888,1,0,"closed","closed",FALSE
"mv08n_ph_queue_v1",815,"mv08n_ph:internal124:SRA701877_SRS3279694:20260808:sct_data_all_qc_fit_selected384:exact500","internal124","SRA701877_SRS3279694",20260808,"sct_data_all_qc_fit_selected384","exact500",500,"H0;H1_separate","complete_vietoris_rips",2,"Ripserr_primary;GUDHI_exact_resource_fallback",1800,12884901888,1,0,"closed","closed",FALSE
"mv08n_ph_queue_v1",816,"mv08n_ph:internal124:SRA701877_SRS3279694:20260808:sct_pearson_residual_all_qc_fit_selected384:exact500","internal124","SRA701877_SRS3279694",20260808,"sct_pearson_residual_all_qc_fit_selected384","exact500",500,"H0;H1_separate","complete_vietoris_rips",2,"Ripserr_primary;GUDHI_exact_resource_fallback",1800,12884901888,1,0,"closed","closed",FALSE
"mv08n_ph_queue_v1",817,"mv08n_ph:internal124:SRA701877_SRS3279695:20260808:sct_data_all_qc_fit_selected384:exact500","internal124","SRA701877_SRS3279695",20260808,"sct_data_all_qc_fit_selected384","exact500",500,"H0;H1_separate","complete_vietoris_rips",2,"Ripserr_primary;GUDHI_exact_resource_fallback",1800,12884901888,1,0,"closed","closed",FALSE
"mv08n_ph_queue_v1",818,"mv08n_ph:internal124:SRA701877_SRS3279695:20260808:sct_pearson_residual_all_qc_fit_selected384:exact500","internal124","SRA701877_SRS3279695",20260808,"sct_pearson_residual_all_qc_fit_selected384","exact500",500,"H0;H1_separate","complete_vietoris_rips",2,"Ripserr_primary;GUDHI_exact_resource_fallback",1800,12884901888,1,0,"closed","closed",FALSE
"mv08n_ph_queue_v1",819,"mv08n_ph:internal124:SRA703206_SRS3296611:20260808:sct_data_all_qc_fit_selected384:exact500","internal124","SRA703206_SRS3296611",20260808,"sct_data_all_qc_fit_selected384","exact500",500,"H0;H1_separate","complete_vietoris_rips",2,"Ripserr_primary;GUDHI_exact_resource_fallback",1800,12884901888,1,0,"closed","closed",FALSE
"mv08n_ph_queue_v1",820,"mv08n_ph:internal124:SRA703206_SRS3296611:20260808:sct_pearson_residual_all_qc_fit_selected384:exact500","internal124","SRA703206_SRS3296611",20260808,"sct_pearson_residual_all_qc_fit_selected384","exact500",500,"H0;H1_separate","complete_vietoris_rips",2,"Ripserr_primary;GUDHI_exact_resource_fallback",1800,12884901888,1,0,"closed","closed",FALSE
"mv08n_ph_queue_v1",821,"mv08n_ph:internal124:SRA703206_SRS3296612:20260808:sct_data_all_qc_fit_selected384:exact500","internal124","SRA703206_SRS3296612",20260808,"sct_data_all_qc_fit_selected384","exact500",500,"H0;H1_separate","complete_vietoris_rips",2,"Ripserr_primary;GUDHI_exact_resource_fallback",1800,12884901888,1,0,"closed","closed",FALSE
"mv08n_ph_queue_v1",822,"mv08n_ph:internal124:SRA703206_SRS3296612:20260808:sct_pearson_residual_all_qc_fit_selected384:exact500","internal124","SRA703206_SRS3296612",20260808,"sct_pearson_residual_all_qc_fit_selected384","exact500",500,"H0;H1_separate","complete_vietoris_rips",2,"Ripserr_primary;GUDHI_exact_resource_fallback",1800,12884901888,1,0,"closed","closed",FALSE
"mv08n_ph_queue_v1",823,"mv08n_ph:internal124:SRA703206_SRS3296613:20260808:sct_data_all_qc_fit_selected384:exact500","internal124","SRA703206_SRS3296613",20260808,"sct_data_all_qc_fit_selected384","exact500",500,"H0;H1_separate","complete_vietoris_rips",2,"Ripserr_primary;GUDHI_exact_resource_fallback",1800,12884901888,1,0,"closed","closed",FALSE
"mv08n_ph_queue_v1",824,"mv08n_ph:internal124:SRA703206_SRS3296613:20260808:sct_pearson_residual_all_qc_fit_selected384:exact500","internal124","SRA703206_SRS3296613",20260808,"sct_pearson_residual_all_qc_fit_selected384","exact500",500,"H0;H1_separate","complete_vietoris_rips",2,"Ripserr_primary;GUDHI_exact_resource_fallback",1800,12884901888,1,0,"closed","closed",FALSE
"mv08n_ph_queue_v1",825,"mv08n_ph:internal124:SRA703206_SRS3296614:20260808:sct_data_all_qc_fit_selected384:exact500","internal124","SRA703206_SRS3296614",20260808,"sct_data_all_qc_fit_selected384","exact500",500,"H0;H1_separate","complete_vietoris_rips",2,"Ripserr_primary;GUDHI_exact_resource_fallback",1800,12884901888,1,0,"closed","closed",FALSE
"mv08n_ph_queue_v1",826,"mv08n_ph:internal124:SRA703206_SRS3296614:20260808:sct_pearson_residual_all_qc_fit_selected384:exact500","internal124","SRA703206_SRS3296614",20260808,"sct_pearson_residual_all_qc_fit_selected384","exact500",500,"H0;H1_separate","complete_vietoris_rips",2,"Ripserr_primary;GUDHI_exact_resource_fallback",1800,12884901888,1,0,"closed","closed",FALSE
"mv08n_ph_queue_v1",827,"mv08n_ph:internal124:SRA713577_SRS3363004:20260808:sct_data_all_qc_fit_selected384:exact500","internal124","SRA713577_SRS3363004",20260808,"sct_data_all_qc_fit_selected384","exact500",500,"H0;H1_separate","complete_vietoris_rips",2,"Ripserr_primary;GUDHI_exact_resource_fallback",1800,12884901888,1,0,"closed","closed",FALSE
"mv08n_ph_queue_v1",828,"mv08n_ph:internal124:SRA713577_SRS3363004:20260808:sct_pearson_residual_all_qc_fit_selected384:exact500","internal124","SRA713577_SRS3363004",20260808,"sct_pearson_residual_all_qc_fit_selected384","exact500",500,"H0;H1_separate","complete_vietoris_rips",2,"Ripserr_primary;GUDHI_exact_resource_fallback",1800,12884901888,1,0,"closed","closed",FALSE
"mv08n_ph_queue_v1",829,"mv08n_ph:internal124:SRA716608_SRS3391629:20260808:sct_data_all_qc_fit_selected384:exact500","internal124","SRA716608_SRS3391629",20260808,"sct_data_all_qc_fit_selected384","exact500",500,"H0;H1_separate","complete_vietoris_rips",2,"Ripserr_primary;GUDHI_exact_resource_fallback",1800,12884901888,1,0,"closed","closed",FALSE
"mv08n_ph_queue_v1",830,"mv08n_ph:internal124:SRA716608_SRS3391629:20260808:sct_pearson_residual_all_qc_fit_selected384:exact500","internal124","SRA716608_SRS3391629",20260808,"sct_pearson_residual_all_qc_fit_selected384","exact500",500,"H0;H1_separate","complete_vietoris_rips",2,"Ripserr_primary;GUDHI_exact_resource_fallback",1800,12884901888,1,0,"closed","closed",FALSE
"mv08n_ph_queue_v1",831,"mv08n_ph:internal124:SRA716608_SRS3391630:20260808:sct_data_all_qc_fit_selected384:exact500","internal124","SRA716608_SRS3391630",20260808,"sct_data_all_qc_fit_selected384","exact500",500,"H0;H1_separate","complete_vietoris_rips",2,"Ripserr_primary;GUDHI_exact_resource_fallback",1800,12884901888,1,0,"closed","closed",FALSE
"mv08n_ph_queue_v1",832,"mv08n_ph:internal124:SRA716608_SRS3391630:20260808:sct_pearson_residual_all_qc_fit_selected384:exact500","internal124","SRA716608_SRS3391630",20260808,"sct_pearson_residual_all_qc_fit_selected384","exact500",500,"H0;H1_separate","complete_vietoris_rips",2,"Ripserr_primary;GUDHI_exact_resource_fallback",1800,12884901888,1,0,"closed","closed",FALSE
"mv08n_ph_queue_v1",833,"mv08n_ph:internal124:SRA716608_SRS3391631:20260808:sct_data_all_qc_fit_selected384:exact500","internal124","SRA716608_SRS3391631",20260808,"sct_data_all_qc_fit_selected384","exact500",500,"H0;H1_separate","complete_vietoris_rips",2,"Ripserr_primary;GUDHI_exact_resource_fallback",1800,12884901888,1,0,"closed","closed",FALSE
"mv08n_ph_queue_v1",834,"mv08n_ph:internal124:SRA716608_SRS3391631:20260808:sct_pearson_residual_all_qc_fit_selected384:exact500","internal124","SRA716608_SRS3391631",20260808,"sct_pearson_residual_all_qc_fit_selected384","exact500",500,"H0;H1_separate","complete_vietoris_rips",2,"Ripserr_primary;GUDHI_exact_resource_fallback",1800,12884901888,1,0,"closed","closed",FALSE
"mv08n_ph_queue_v1",835,"mv08n_ph:internal124:SRA716608_SRS3391632:20260808:sct_data_all_qc_fit_selected384:exact500","internal124","SRA716608_SRS3391632",20260808,"sct_data_all_qc_fit_selected384","exact500",500,"H0;H1_separate","complete_vietoris_rips",2,"Ripserr_primary;GUDHI_exact_resource_fallback",1800,12884901888,1,0,"closed","closed",FALSE
"mv08n_ph_queue_v1",836,"mv08n_ph:internal124:SRA716608_SRS3391632:20260808:sct_pearson_residual_all_qc_fit_selected384:exact500","internal124","SRA716608_SRS3391632",20260808,"sct_pearson_residual_all_qc_fit_selected384","exact500",500,"H0;H1_separate","complete_vietoris_rips",2,"Ripserr_primary;GUDHI_exact_resource_fallback",1800,12884901888,1,0,"closed","closed",FALSE
"mv08n_ph_queue_v1",837,"mv08n_ph:internal124:SRA716608_SRS3391633:20260808:sct_data_all_qc_fit_selected384:exact500","internal124","SRA716608_SRS3391633",20260808,"sct_data_all_qc_fit_selected384","exact500",500,"H0;H1_separate","complete_vietoris_rips",2,"Ripserr_primary;GUDHI_exact_resource_fallback",1800,12884901888,1,0,"closed","closed",FALSE
"mv08n_ph_queue_v1",838,"mv08n_ph:internal124:SRA716608_SRS3391633:20260808:sct_pearson_residual_all_qc_fit_selected384:exact500","internal124","SRA716608_SRS3391633",20260808,"sct_pearson_residual_all_qc_fit_selected384","exact500",500,"H0;H1_separate","complete_vietoris_rips",2,"Ripserr_primary;GUDHI_exact_resource_fallback",1800,12884901888,1,0,"closed","closed",FALSE
"mv08n_ph_queue_v1",839,"mv08n_ph:internal124:SRA728025_SRS3454421:20260808:sct_data_all_qc_fit_selected384:exact500","internal124","SRA728025_SRS3454421",20260808,"sct_data_all_qc_fit_selected384","exact500",500,"H0;H1_separate","complete_vietoris_rips",2,"Ripserr_primary;GUDHI_exact_resource_fallback",1800,12884901888,1,0,"closed","closed",FALSE
"mv08n_ph_queue_v1",840,"mv08n_ph:internal124:SRA728025_SRS3454421:20260808:sct_pearson_residual_all_qc_fit_selected384:exact500","internal124","SRA728025_SRS3454421",20260808,"sct_pearson_residual_all_qc_fit_selected384","exact500",500,"H0;H1_separate","complete_vietoris_rips",2,"Ripserr_primary;GUDHI_exact_resource_fallback",1800,12884901888,1,0,"closed","closed",FALSE
"mv08n_ph_queue_v1",841,"mv08n_ph:internal124:SRA728025_SRS3454422:20260808:sct_data_all_qc_fit_selected384:exact500","internal124","SRA728025_SRS3454422",20260808,"sct_data_all_qc_fit_selected384","exact500",500,"H0;H1_separate","complete_vietoris_rips",2,"Ripserr_primary;GUDHI_exact_resource_fallback",1800,12884901888,1,0,"closed","closed",FALSE
"mv08n_ph_queue_v1",842,"mv08n_ph:internal124:SRA728025_SRS3454422:20260808:sct_pearson_residual_all_qc_fit_selected384:exact500","internal124","SRA728025_SRS3454422",20260808,"sct_pearson_residual_all_qc_fit_selected384","exact500",500,"H0;H1_separate","complete_vietoris_rips",2,"Ripserr_primary;GUDHI_exact_resource_fallback",1800,12884901888,1,0,"closed","closed",FALSE
"mv08n_ph_queue_v1",843,"mv08n_ph:internal124:SRA728025_SRS3454423:20260808:sct_data_all_qc_fit_selected384:exact500","internal124","SRA728025_SRS3454423",20260808,"sct_data_all_qc_fit_selected384","exact500",500,"H0;H1_separate","complete_vietoris_rips",2,"Ripserr_primary;GUDHI_exact_resource_fallback",1800,12884901888,1,0,"closed","closed",FALSE
"mv08n_ph_queue_v1",844,"mv08n_ph:internal124:SRA728025_SRS3454423:20260808:sct_pearson_residual_all_qc_fit_selected384:exact500","internal124","SRA728025_SRS3454423",20260808,"sct_pearson_residual_all_qc_fit_selected384","exact500",500,"H0;H1_separate","complete_vietoris_rips",2,"Ripserr_primary;GUDHI_exact_resource_fallback",1800,12884901888,1,0,"closed","closed",FALSE
"mv08n_ph_queue_v1",845,"mv08n_ph:internal124:SRA728025_SRS3454424:20260808:sct_data_all_qc_fit_selected384:exact500","internal124","SRA728025_SRS3454424",20260808,"sct_data_all_qc_fit_selected384","exact500",500,"H0;H1_separate","complete_vietoris_rips",2,"Ripserr_primary;GUDHI_exact_resource_fallback",1800,12884901888,1,0,"closed","closed",FALSE
"mv08n_ph_queue_v1",846,"mv08n_ph:internal124:SRA728025_SRS3454424:20260808:sct_pearson_residual_all_qc_fit_selected384:exact500","internal124","SRA728025_SRS3454424",20260808,"sct_pearson_residual_all_qc_fit_selected384","exact500",500,"H0;H1_separate","complete_vietoris_rips",2,"Ripserr_primary;GUDHI_exact_resource_fallback",1800,12884901888,1,0,"closed","closed",FALSE
"mv08n_ph_queue_v1",847,"mv08n_ph:internal124:SRA728025_SRS3454425:20260808:sct_data_all_qc_fit_selected384:exact500","internal124","SRA728025_SRS3454425",20260808,"sct_data_all_qc_fit_selected384","exact500",500,"H0;H1_separate","complete_vietoris_rips",2,"Ripserr_primary;GUDHI_exact_resource_fallback",1800,12884901888,1,0,"closed","closed",FALSE
"mv08n_ph_queue_v1",848,"mv08n_ph:internal124:SRA728025_SRS3454425:20260808:sct_pearson_residual_all_qc_fit_selected384:exact500","internal124","SRA728025_SRS3454425",20260808,"sct_pearson_residual_all_qc_fit_selected384","exact500",500,"H0;H1_separate","complete_vietoris_rips",2,"Ripserr_primary;GUDHI_exact_resource_fallback",1800,12884901888,1,0,"closed","closed",FALSE
"mv08n_ph_queue_v1",849,"mv08n_ph:internal124:SRA728025_SRS3454426:20260808:sct_data_all_qc_fit_selected384:exact500","internal124","SRA728025_SRS3454426",20260808,"sct_data_all_qc_fit_selected384","exact500",500,"H0;H1_separate","complete_vietoris_rips",2,"Ripserr_primary;GUDHI_exact_resource_fallback",1800,12884901888,1,0,"closed","closed",FALSE
"mv08n_ph_queue_v1",850,"mv08n_ph:internal124:SRA728025_SRS3454426:20260808:sct_pearson_residual_all_qc_fit_selected384:exact500","internal124","SRA728025_SRS3454426",20260808,"sct_pearson_residual_all_qc_fit_selected384","exact500",500,"H0;H1_separate","complete_vietoris_rips",2,"Ripserr_primary;GUDHI_exact_resource_fallback",1800,12884901888,1,0,"closed","closed",FALSE
"mv08n_ph_queue_v1",851,"mv08n_ph:internal124:SRA728025_SRS3454427:20260808:sct_data_all_qc_fit_selected384:exact500","internal124","SRA728025_SRS3454427",20260808,"sct_data_all_qc_fit_selected384","exact500",500,"H0;H1_separate","complete_vietoris_rips",2,"Ripserr_primary;GUDHI_exact_resource_fallback",1800,12884901888,1,0,"closed","closed",FALSE
"mv08n_ph_queue_v1",852,"mv08n_ph:internal124:SRA728025_SRS3454427:20260808:sct_pearson_residual_all_qc_fit_selected384:exact500","internal124","SRA728025_SRS3454427",20260808,"sct_pearson_residual_all_qc_fit_selected384","exact500",500,"H0;H1_separate","complete_vietoris_rips",2,"Ripserr_primary;GUDHI_exact_resource_fallback",1800,12884901888,1,0,"closed","closed",FALSE
"mv08n_ph_queue_v1",853,"mv08n_ph:internal124:SRA728025_SRS3454428:20260808:sct_data_all_qc_fit_selected384:exact500","internal124","SRA728025_SRS3454428",20260808,"sct_data_all_qc_fit_selected384","exact500",500,"H0;H1_separate","complete_vietoris_rips",2,"Ripserr_primary;GUDHI_exact_resource_fallback",1800,12884901888,1,0,"closed","closed",FALSE
"mv08n_ph_queue_v1",854,"mv08n_ph:internal124:SRA728025_SRS3454428:20260808:sct_pearson_residual_all_qc_fit_selected384:exact500","internal124","SRA728025_SRS3454428",20260808,"sct_pearson_residual_all_qc_fit_selected384","exact500",500,"H0;H1_separate","complete_vietoris_rips",2,"Ripserr_primary;GUDHI_exact_resource_fallback",1800,12884901888,1,0,"closed","closed",FALSE
"mv08n_ph_queue_v1",855,"mv08n_ph:internal124:SRA728025_SRS3454430:20260808:sct_data_all_qc_fit_selected384:exact500","internal124","SRA728025_SRS3454430",20260808,"sct_data_all_qc_fit_selected384","exact500",500,"H0;H1_separate","complete_vietoris_rips",2,"Ripserr_primary;GUDHI_exact_resource_fallback",1800,12884901888,1,0,"closed","closed",FALSE
"mv08n_ph_queue_v1",856,"mv08n_ph:internal124:SRA728025_SRS3454430:20260808:sct_pearson_residual_all_qc_fit_selected384:exact500","internal124","SRA728025_SRS3454430",20260808,"sct_pearson_residual_all_qc_fit_selected384","exact500",500,"H0;H1_separate","complete_vietoris_rips",2,"Ripserr_primary;GUDHI_exact_resource_fallback",1800,12884901888,1,0,"closed","closed",FALSE
"mv08n_ph_queue_v1",857,"mv08n_ph:internal124:SRA740174_SRS3548780:20260808:sct_data_all_qc_fit_selected384:exact500","internal124","SRA740174_SRS3548780",20260808,"sct_data_all_qc_fit_selected384","exact500",500,"H0;H1_separate","complete_vietoris_rips",2,"Ripserr_primary;GUDHI_exact_resource_fallback",1800,12884901888,1,0,"closed","closed",FALSE
"mv08n_ph_queue_v1",858,"mv08n_ph:internal124:SRA740174_SRS3548780:20260808:sct_pearson_residual_all_qc_fit_selected384:exact500","internal124","SRA740174_SRS3548780",20260808,"sct_pearson_residual_all_qc_fit_selected384","exact500",500,"H0;H1_separate","complete_vietoris_rips",2,"Ripserr_primary;GUDHI_exact_resource_fallback",1800,12884901888,1,0,"closed","closed",FALSE
"mv08n_ph_queue_v1",859,"mv08n_ph:internal124:SRA740174_SRS3548781:20260808:sct_data_all_qc_fit_selected384:exact500","internal124","SRA740174_SRS3548781",20260808,"sct_data_all_qc_fit_selected384","exact500",500,"H0;H1_separate","complete_vietoris_rips",2,"Ripserr_primary;GUDHI_exact_resource_fallback",1800,12884901888,1,0,"closed","closed",FALSE
"mv08n_ph_queue_v1",860,"mv08n_ph:internal124:SRA740174_SRS3548781:20260808:sct_pearson_residual_all_qc_fit_selected384:exact500","internal124","SRA740174_SRS3548781",20260808,"sct_pearson_residual_all_qc_fit_selected384","exact500",500,"H0;H1_separate","complete_vietoris_rips",2,"Ripserr_primary;GUDHI_exact_resource_fallback",1800,12884901888,1,0,"closed","closed",FALSE
"mv08n_ph_queue_v1",861,"mv08n_ph:internal124:SRA740174_SRS3548782:20260808:sct_data_all_qc_fit_selected384:exact500","internal124","SRA740174_SRS3548782",20260808,"sct_data_all_qc_fit_selected384","exact500",500,"H0;H1_separate","complete_vietoris_rips",2,"Ripserr_primary;GUDHI_exact_resource_fallback",1800,12884901888,1,0,"closed","closed",FALSE
"mv08n_ph_queue_v1",862,"mv08n_ph:internal124:SRA740174_SRS3548782:20260808:sct_pearson_residual_all_qc_fit_selected384:exact500","internal124","SRA740174_SRS3548782",20260808,"sct_pearson_residual_all_qc_fit_selected384","exact500",500,"H0;H1_separate","complete_vietoris_rips",2,"Ripserr_primary;GUDHI_exact_resource_fallback",1800,12884901888,1,0,"closed","closed",FALSE
"mv08n_ph_queue_v1",863,"mv08n_ph:internal124:SRA740174_SRS3548783:20260808:sct_data_all_qc_fit_selected384:exact500","internal124","SRA740174_SRS3548783",20260808,"sct_data_all_qc_fit_selected384","exact500",500,"H0;H1_separate","complete_vietoris_rips",2,"Ripserr_primary;GUDHI_exact_resource_fallback",1800,12884901888,1,0,"closed","closed",FALSE
"mv08n_ph_queue_v1",864,"mv08n_ph:internal124:SRA740174_SRS3548783:20260808:sct_pearson_residual_all_qc_fit_selected384:exact500","internal124","SRA740174_SRS3548783",20260808,"sct_pearson_residual_all_qc_fit_selected384","exact500",500,"H0;H1_separate","complete_vietoris_rips",2,"Ripserr_primary;GUDHI_exact_resource_fallback",1800,12884901888,1,0,"closed","closed",FALSE
"mv08n_ph_queue_v1",865,"mv08n_ph:internal124:SRA742961_SRS3565195:20260808:sct_data_all_qc_fit_selected384:exact500","internal124","SRA742961_SRS3565195",20260808,"sct_data_all_qc_fit_selected384","exact500",500,"H0;H1_separate","complete_vietoris_rips",2,"Ripserr_primary;GUDHI_exact_resource_fallback",1800,12884901888,1,0,"closed","closed",FALSE
"mv08n_ph_queue_v1",866,"mv08n_ph:internal124:SRA742961_SRS3565195:20260808:sct_pearson_residual_all_qc_fit_selected384:exact500","internal124","SRA742961_SRS3565195",20260808,"sct_pearson_residual_all_qc_fit_selected384","exact500",500,"H0;H1_separate","complete_vietoris_rips",2,"Ripserr_primary;GUDHI_exact_resource_fallback",1800,12884901888,1,0,"closed","closed",FALSE
"mv08n_ph_queue_v1",867,"mv08n_ph:internal124:SRA742961_SRS3565196:20260808:sct_data_all_qc_fit_selected384:exact500","internal124","SRA742961_SRS3565196",20260808,"sct_data_all_qc_fit_selected384","exact500",500,"H0;H1_separate","complete_vietoris_rips",2,"Ripserr_primary;GUDHI_exact_resource_fallback",1800,12884901888,1,0,"closed","closed",FALSE
"mv08n_ph_queue_v1",868,"mv08n_ph:internal124:SRA742961_SRS3565196:20260808:sct_pearson_residual_all_qc_fit_selected384:exact500","internal124","SRA742961_SRS3565196",20260808,"sct_pearson_residual_all_qc_fit_selected384","exact500",500,"H0;H1_separate","complete_vietoris_rips",2,"Ripserr_primary;GUDHI_exact_resource_fallback",1800,12884901888,1,0,"closed","closed",FALSE
"mv08n_ph_queue_v1",869,"mv08n_ph:internal124:SRA742961_SRS3565197:20260808:sct_data_all_qc_fit_selected384:exact500","internal124","SRA742961_SRS3565197",20260808,"sct_data_all_qc_fit_selected384","exact500",500,"H0;H1_separate","complete_vietoris_rips",2,"Ripserr_primary;GUDHI_exact_resource_fallback",1800,12884901888,1,0,"closed","closed",FALSE
"mv08n_ph_queue_v1",870,"mv08n_ph:internal124:SRA742961_SRS3565197:20260808:sct_pearson_residual_all_qc_fit_selected384:exact500","internal124","SRA742961_SRS3565197",20260808,"sct_pearson_residual_all_qc_fit_selected384","exact500",500,"H0;H1_separate","complete_vietoris_rips",2,"Ripserr_primary;GUDHI_exact_resource_fallback",1800,12884901888,1,0,"closed","closed",FALSE
"mv08n_ph_queue_v1",871,"mv08n_ph:internal124:SRA742961_SRS3565198:20260808:sct_data_all_qc_fit_selected384:exact500","internal124","SRA742961_SRS3565198",20260808,"sct_data_all_qc_fit_selected384","exact500",500,"H0;H1_separate","complete_vietoris_rips",2,"Ripserr_primary;GUDHI_exact_resource_fallback",1800,12884901888,1,0,"closed","closed",FALSE
"mv08n_ph_queue_v1",872,"mv08n_ph:internal124:SRA742961_SRS3565198:20260808:sct_pearson_residual_all_qc_fit_selected384:exact500","internal124","SRA742961_SRS3565198",20260808,"sct_pearson_residual_all_qc_fit_selected384","exact500",500,"H0;H1_separate","complete_vietoris_rips",2,"Ripserr_primary;GUDHI_exact_resource_fallback",1800,12884901888,1,0,"closed","closed",FALSE
"mv08n_ph_queue_v1",873,"mv08n_ph:internal124:SRA742961_SRS3565199:20260808:sct_data_all_qc_fit_selected384:exact500","internal124","SRA742961_SRS3565199",20260808,"sct_data_all_qc_fit_selected384","exact500",500,"H0;H1_separate","complete_vietoris_rips",2,"Ripserr_primary;GUDHI_exact_resource_fallback",1800,12884901888,1,0,"closed","closed",FALSE
"mv08n_ph_queue_v1",874,"mv08n_ph:internal124:SRA742961_SRS3565199:20260808:sct_pearson_residual_all_qc_fit_selected384:exact500","internal124","SRA742961_SRS3565199",20260808,"sct_pearson_residual_all_qc_fit_selected384","exact500",500,"H0;H1_separate","complete_vietoris_rips",2,"Ripserr_primary;GUDHI_exact_resource_fallback",1800,12884901888,1,0,"closed","closed",FALSE
"mv08n_ph_queue_v1",875,"mv08n_ph:internal124:SRA742961_SRS3565201:20260808:sct_data_all_qc_fit_selected384:exact500","internal124","SRA742961_SRS3565201",20260808,"sct_data_all_qc_fit_selected384","exact500",500,"H0;H1_separate","complete_vietoris_rips",2,"Ripserr_primary;GUDHI_exact_resource_fallback",1800,12884901888,1,0,"closed","closed",FALSE
"mv08n_ph_queue_v1",876,"mv08n_ph:internal124:SRA742961_SRS3565201:20260808:sct_pearson_residual_all_qc_fit_selected384:exact500","internal124","SRA742961_SRS3565201",20260808,"sct_pearson_residual_all_qc_fit_selected384","exact500",500,"H0;H1_separate","complete_vietoris_rips",2,"Ripserr_primary;GUDHI_exact_resource_fallback",1800,12884901888,1,0,"closed","closed",FALSE
"mv08n_ph_queue_v1",877,"mv08n_ph:internal124:SRA742961_SRS3565202:20260808:sct_data_all_qc_fit_selected384:exact500","internal124","SRA742961_SRS3565202",20260808,"sct_data_all_qc_fit_selected384","exact500",500,"H0;H1_separate","complete_vietoris_rips",2,"Ripserr_primary;GUDHI_exact_resource_fallback",1800,12884901888,1,0,"closed","closed",FALSE
"mv08n_ph_queue_v1",878,"mv08n_ph:internal124:SRA742961_SRS3565202:20260808:sct_pearson_residual_all_qc_fit_selected384:exact500","internal124","SRA742961_SRS3565202",20260808,"sct_pearson_residual_all_qc_fit_selected384","exact500",500,"H0;H1_separate","complete_vietoris_rips",2,"Ripserr_primary;GUDHI_exact_resource_fallback",1800,12884901888,1,0,"closed","closed",FALSE
"mv08n_ph_queue_v1",879,"mv08n_ph:internal124:SRA742961_SRS3565203:20260808:sct_data_all_qc_fit_selected384:exact500","internal124","SRA742961_SRS3565203",20260808,"sct_data_all_qc_fit_selected384","exact500",500,"H0;H1_separate","complete_vietoris_rips",2,"Ripserr_primary;GUDHI_exact_resource_fallback",1800,12884901888,1,0,"closed","closed",FALSE
"mv08n_ph_queue_v1",880,"mv08n_ph:internal124:SRA742961_SRS3565203:20260808:sct_pearson_residual_all_qc_fit_selected384:exact500","internal124","SRA742961_SRS3565203",20260808,"sct_pearson_residual_all_qc_fit_selected384","exact500",500,"H0;H1_separate","complete_vietoris_rips",2,"Ripserr_primary;GUDHI_exact_resource_fallback",1800,12884901888,1,0,"closed","closed",FALSE
"mv08n_ph_queue_v1",881,"mv08n_ph:internal124:SRA742961_SRS3565204:20260808:sct_data_all_qc_fit_selected384:exact500","internal124","SRA742961_SRS3565204",20260808,"sct_data_all_qc_fit_selected384","exact500",500,"H0;H1_separate","complete_vietoris_rips",2,"Ripserr_primary;GUDHI_exact_resource_fallback",1800,12884901888,1,0,"closed","closed",FALSE
"mv08n_ph_queue_v1",882,"mv08n_ph:internal124:SRA742961_SRS3565204:20260808:sct_pearson_residual_all_qc_fit_selected384:exact500","internal124","SRA742961_SRS3565204",20260808,"sct_pearson_residual_all_qc_fit_selected384","exact500",500,"H0;H1_separate","complete_vietoris_rips",2,"Ripserr_primary;GUDHI_exact_resource_fallback",1800,12884901888,1,0,"closed","closed",FALSE
"mv08n_ph_queue_v1",883,"mv08n_ph:internal124:SRA742961_SRS3565205:20260808:sct_data_all_qc_fit_selected384:exact500","internal124","SRA742961_SRS3565205",20260808,"sct_data_all_qc_fit_selected384","exact500",500,"H0;H1_separate","complete_vietoris_rips",2,"Ripserr_primary;GUDHI_exact_resource_fallback",1800,12884901888,1,0,"closed","closed",FALSE
"mv08n_ph_queue_v1",884,"mv08n_ph:internal124:SRA742961_SRS3565205:20260808:sct_pearson_residual_all_qc_fit_selected384:exact500","internal124","SRA742961_SRS3565205",20260808,"sct_pearson_residual_all_qc_fit_selected384","exact500",500,"H0;H1_separate","complete_vietoris_rips",2,"Ripserr_primary;GUDHI_exact_resource_fallback",1800,12884901888,1,0,"closed","closed",FALSE
"mv08n_ph_queue_v1",885,"mv08n_ph:internal124:SRA742961_SRS3565206:20260808:sct_data_all_qc_fit_selected384:exact500","internal124","SRA742961_SRS3565206",20260808,"sct_data_all_qc_fit_selected384","exact500",500,"H0;H1_separate","complete_vietoris_rips",2,"Ripserr_primary;GUDHI_exact_resource_fallback",1800,12884901888,1,0,"closed","closed",FALSE
"mv08n_ph_queue_v1",886,"mv08n_ph:internal124:SRA742961_SRS3565206:20260808:sct_pearson_residual_all_qc_fit_selected384:exact500","internal124","SRA742961_SRS3565206",20260808,"sct_pearson_residual_all_qc_fit_selected384","exact500",500,"H0;H1_separate","complete_vietoris_rips",2,"Ripserr_primary;GUDHI_exact_resource_fallback",1800,12884901888,1,0,"closed","closed",FALSE
"mv08n_ph_queue_v1",887,"mv08n_ph:internal124:SRA742961_SRS3565207:20260808:sct_data_all_qc_fit_selected384:exact500","internal124","SRA742961_SRS3565207",20260808,"sct_data_all_qc_fit_selected384","exact500",500,"H0;H1_separate","complete_vietoris_rips",2,"Ripserr_primary;GUDHI_exact_resource_fallback",1800,12884901888,1,0,"closed","closed",FALSE
"mv08n_ph_queue_v1",888,"mv08n_ph:internal124:SRA742961_SRS3565207:20260808:sct_pearson_residual_all_qc_fit_selected384:exact500","internal124","SRA742961_SRS3565207",20260808,"sct_pearson_residual_all_qc_fit_selected384","exact500",500,"H0;H1_separate","complete_vietoris_rips",2,"Ripserr_primary;GUDHI_exact_resource_fallback",1800,12884901888,1,0,"closed","closed",FALSE
"mv08n_ph_queue_v1",889,"mv08n_ph:internal124:SRA742961_SRS3565208:20260808:sct_data_all_qc_fit_selected384:exact500","internal124","SRA742961_SRS3565208",20260808,"sct_data_all_qc_fit_selected384","exact500",500,"H0;H1_separate","complete_vietoris_rips",2,"Ripserr_primary;GUDHI_exact_resource_fallback",1800,12884901888,1,0,"closed","closed",FALSE
"mv08n_ph_queue_v1",890,"mv08n_ph:internal124:SRA742961_SRS3565208:20260808:sct_pearson_residual_all_qc_fit_selected384:exact500","internal124","SRA742961_SRS3565208",20260808,"sct_pearson_residual_all_qc_fit_selected384","exact500",500,"H0;H1_separate","complete_vietoris_rips",2,"Ripserr_primary;GUDHI_exact_resource_fallback",1800,12884901888,1,0,"closed","closed",FALSE
"mv08n_ph_queue_v1",891,"mv08n_ph:internal124:SRA742961_SRS3565209:20260808:sct_data_all_qc_fit_selected384:exact500","internal124","SRA742961_SRS3565209",20260808,"sct_data_all_qc_fit_selected384","exact500",500,"H0;H1_separate","complete_vietoris_rips",2,"Ripserr_primary;GUDHI_exact_resource_fallback",1800,12884901888,1,0,"closed","closed",FALSE
"mv08n_ph_queue_v1",892,"mv08n_ph:internal124:SRA742961_SRS3565209:20260808:sct_pearson_residual_all_qc_fit_selected384:exact500","internal124","SRA742961_SRS3565209",20260808,"sct_pearson_residual_all_qc_fit_selected384","exact500",500,"H0;H1_separate","complete_vietoris_rips",2,"Ripserr_primary;GUDHI_exact_resource_fallback",1800,12884901888,1,0,"closed","closed",FALSE
"mv08n_ph_queue_v1",893,"mv08n_ph:internal124:SRA742961_SRS3565210:20260808:sct_data_all_qc_fit_selected384:exact500","internal124","SRA742961_SRS3565210",20260808,"sct_data_all_qc_fit_selected384","exact500",500,"H0;H1_separate","complete_vietoris_rips",2,"Ripserr_primary;GUDHI_exact_resource_fallback",1800,12884901888,1,0,"closed","closed",FALSE
"mv08n_ph_queue_v1",894,"mv08n_ph:internal124:SRA742961_SRS3565210:20260808:sct_pearson_residual_all_qc_fit_selected384:exact500","internal124","SRA742961_SRS3565210",20260808,"sct_pearson_residual_all_qc_fit_selected384","exact500",500,"H0;H1_separate","complete_vietoris_rips",2,"Ripserr_primary;GUDHI_exact_resource_fallback",1800,12884901888,1,0,"closed","closed",FALSE
"mv08n_ph_queue_v1",895,"mv08n_ph:internal124:SRA742961_SRS3565211:20260808:sct_data_all_qc_fit_selected384:exact500","internal124","SRA742961_SRS3565211",20260808,"sct_data_all_qc_fit_selected384","exact500",500,"H0;H1_separate","complete_vietoris_rips",2,"Ripserr_primary;GUDHI_exact_resource_fallback",1800,12884901888,1,0,"closed","closed",FALSE
"mv08n_ph_queue_v1",896,"mv08n_ph:internal124:SRA742961_SRS3565211:20260808:sct_pearson_residual_all_qc_fit_selected384:exact500","internal124","SRA742961_SRS3565211",20260808,"sct_pearson_residual_all_qc_fit_selected384","exact500",500,"H0;H1_separate","complete_vietoris_rips",2,"Ripserr_primary;GUDHI_exact_resource_fallback",1800,12884901888,1,0,"closed","closed",FALSE
"mv08n_ph_queue_v1",897,"mv08n_ph:internal124:SRA749327_SRS3693910:20260808:sct_data_all_qc_fit_selected384:exact500","internal124","SRA749327_SRS3693910",20260808,"sct_data_all_qc_fit_selected384","exact500",500,"H0;H1_separate","complete_vietoris_rips",2,"Ripserr_primary;GUDHI_exact_resource_fallback",1800,12884901888,1,0,"closed","closed",FALSE
"mv08n_ph_queue_v1",898,"mv08n_ph:internal124:SRA749327_SRS3693910:20260808:sct_pearson_residual_all_qc_fit_selected384:exact500","internal124","SRA749327_SRS3693910",20260808,"sct_pearson_residual_all_qc_fit_selected384","exact500",500,"H0;H1_separate","complete_vietoris_rips",2,"Ripserr_primary;GUDHI_exact_resource_fallback",1800,12884901888,1,0,"closed","closed",FALSE
"mv08n_ph_queue_v1",899,"mv08n_ph:internal124:SRA749327_SRS3693911:20260808:sct_data_all_qc_fit_selected384:exact500","internal124","SRA749327_SRS3693911",20260808,"sct_data_all_qc_fit_selected384","exact500",500,"H0;H1_separate","complete_vietoris_rips",2,"Ripserr_primary;GUDHI_exact_resource_fallback",1800,12884901888,1,0,"closed","closed",FALSE
"mv08n_ph_queue_v1",900,"mv08n_ph:internal124:SRA749327_SRS3693911:20260808:sct_pearson_residual_all_qc_fit_selected384:exact500","internal124","SRA749327_SRS3693911",20260808,"sct_pearson_residual_all_qc_fit_selected384","exact500",500,"H0;H1_separate","complete_vietoris_rips",2,"Ripserr_primary;GUDHI_exact_resource_fallback",1800,12884901888,1,0,"closed","closed",FALSE
"mv08n_ph_queue_v1",901,"mv08n_ph:internal124:SRA749327_SRS3693912:20260808:sct_data_all_qc_fit_selected384:exact500","internal124","SRA749327_SRS3693912",20260808,"sct_data_all_qc_fit_selected384","exact500",500,"H0;H1_separate","complete_vietoris_rips",2,"Ripserr_primary;GUDHI_exact_resource_fallback",1800,12884901888,1,0,"closed","closed",FALSE
"mv08n_ph_queue_v1",902,"mv08n_ph:internal124:SRA749327_SRS3693912:20260808:sct_pearson_residual_all_qc_fit_selected384:exact500","internal124","SRA749327_SRS3693912",20260808,"sct_pearson_residual_all_qc_fit_selected384","exact500",500,"H0;H1_separate","complete_vietoris_rips",2,"Ripserr_primary;GUDHI_exact_resource_fallback",1800,12884901888,1,0,"closed","closed",FALSE
"mv08n_ph_queue_v1",903,"mv08n_ph:internal124:SRA749327_SRS3693913:20260808:sct_data_all_qc_fit_selected384:exact500","internal124","SRA749327_SRS3693913",20260808,"sct_data_all_qc_fit_selected384","exact500",500,"H0;H1_separate","complete_vietoris_rips",2,"Ripserr_primary;GUDHI_exact_resource_fallback",1800,12884901888,1,0,"closed","closed",FALSE
"mv08n_ph_queue_v1",904,"mv08n_ph:internal124:SRA749327_SRS3693913:20260808:sct_pearson_residual_all_qc_fit_selected384:exact500","internal124","SRA749327_SRS3693913",20260808,"sct_pearson_residual_all_qc_fit_selected384","exact500",500,"H0;H1_separate","complete_vietoris_rips",2,"Ripserr_primary;GUDHI_exact_resource_fallback",1800,12884901888,1,0,"closed","closed",FALSE
"mv08n_ph_queue_v1",905,"mv08n_ph:internal124:SRA760933_SRS3693061:20260808:sct_data_all_qc_fit_selected384:exact500","internal124","SRA760933_SRS3693061",20260808,"sct_data_all_qc_fit_selected384","exact500",500,"H0;H1_separate","complete_vietoris_rips",2,"Ripserr_primary;GUDHI_exact_resource_fallback",1800,12884901888,1,0,"closed","closed",FALSE
"mv08n_ph_queue_v1",906,"mv08n_ph:internal124:SRA760933_SRS3693061:20260808:sct_pearson_residual_all_qc_fit_selected384:exact500","internal124","SRA760933_SRS3693061",20260808,"sct_pearson_residual_all_qc_fit_selected384","exact500",500,"H0;H1_separate","complete_vietoris_rips",2,"Ripserr_primary;GUDHI_exact_resource_fallback",1800,12884901888,1,0,"closed","closed",FALSE
"mv08n_ph_queue_v1",907,"mv08n_ph:internal124:SRA779509_SRS3805245:20260808:sct_data_all_qc_fit_selected384:exact500","internal124","SRA779509_SRS3805245",20260808,"sct_data_all_qc_fit_selected384","exact500",500,"H0;H1_separate","complete_vietoris_rips",2,"Ripserr_primary;GUDHI_exact_resource_fallback",1800,12884901888,1,0,"closed","closed",FALSE
"mv08n_ph_queue_v1",908,"mv08n_ph:internal124:SRA779509_SRS3805245:20260808:sct_pearson_residual_all_qc_fit_selected384:exact500","internal124","SRA779509_SRS3805245",20260808,"sct_pearson_residual_all_qc_fit_selected384","exact500",500,"H0;H1_separate","complete_vietoris_rips",2,"Ripserr_primary;GUDHI_exact_resource_fallback",1800,12884901888,1,0,"closed","closed",FALSE
"mv08n_ph_queue_v1",909,"mv08n_ph:internal124:SRA779509_SRS3805246:20260808:sct_data_all_qc_fit_selected384:exact500","internal124","SRA779509_SRS3805246",20260808,"sct_data_all_qc_fit_selected384","exact500",500,"H0;H1_separate","complete_vietoris_rips",2,"Ripserr_primary;GUDHI_exact_resource_fallback",1800,12884901888,1,0,"closed","closed",FALSE
"mv08n_ph_queue_v1",910,"mv08n_ph:internal124:SRA779509_SRS3805246:20260808:sct_pearson_residual_all_qc_fit_selected384:exact500","internal124","SRA779509_SRS3805246",20260808,"sct_pearson_residual_all_qc_fit_selected384","exact500",500,"H0;H1_separate","complete_vietoris_rips",2,"Ripserr_primary;GUDHI_exact_resource_fallback",1800,12884901888,1,0,"closed","closed",FALSE
"mv08n_ph_queue_v1",911,"mv08n_ph:internal124:SRA779509_SRS3805247:20260808:sct_data_all_qc_fit_selected384:exact500","internal124","SRA779509_SRS3805247",20260808,"sct_data_all_qc_fit_selected384","exact500",500,"H0;H1_separate","complete_vietoris_rips",2,"Ripserr_primary;GUDHI_exact_resource_fallback",1800,12884901888,1,0,"closed","closed",FALSE
"mv08n_ph_queue_v1",912,"mv08n_ph:internal124:SRA779509_SRS3805247:20260808:sct_pearson_residual_all_qc_fit_selected384:exact500","internal124","SRA779509_SRS3805247",20260808,"sct_pearson_residual_all_qc_fit_selected384","exact500",500,"H0;H1_separate","complete_vietoris_rips",2,"Ripserr_primary;GUDHI_exact_resource_fallback",1800,12884901888,1,0,"closed","closed",FALSE
"mv08n_ph_queue_v1",913,"mv08n_ph:internal124:SRA779509_SRS3805248:20260808:sct_data_all_qc_fit_selected384:exact500","internal124","SRA779509_SRS3805248",20260808,"sct_data_all_qc_fit_selected384","exact500",500,"H0;H1_separate","complete_vietoris_rips",2,"Ripserr_primary;GUDHI_exact_resource_fallback",1800,12884901888,1,0,"closed","closed",FALSE
"mv08n_ph_queue_v1",914,"mv08n_ph:internal124:SRA779509_SRS3805248:20260808:sct_pearson_residual_all_qc_fit_selected384:exact500","internal124","SRA779509_SRS3805248",20260808,"sct_pearson_residual_all_qc_fit_selected384","exact500",500,"H0;H1_separate","complete_vietoris_rips",2,"Ripserr_primary;GUDHI_exact_resource_fallback",1800,12884901888,1,0,"closed","closed",FALSE
"mv08n_ph_queue_v1",915,"mv08n_ph:internal124:SRA779509_SRS3805249:20260808:sct_data_all_qc_fit_selected384:exact500","internal124","SRA779509_SRS3805249",20260808,"sct_data_all_qc_fit_selected384","exact500",500,"H0;H1_separate","complete_vietoris_rips",2,"Ripserr_primary;GUDHI_exact_resource_fallback",1800,12884901888,1,0,"closed","closed",FALSE
"mv08n_ph_queue_v1",916,"mv08n_ph:internal124:SRA779509_SRS3805249:20260808:sct_pearson_residual_all_qc_fit_selected384:exact500","internal124","SRA779509_SRS3805249",20260808,"sct_pearson_residual_all_qc_fit_selected384","exact500",500,"H0;H1_separate","complete_vietoris_rips",2,"Ripserr_primary;GUDHI_exact_resource_fallback",1800,12884901888,1,0,"closed","closed",FALSE
"mv08n_ph_queue_v1",917,"mv08n_ph:internal124:SRA779509_SRS3805250:20260808:sct_data_all_qc_fit_selected384:exact500","internal124","SRA779509_SRS3805250",20260808,"sct_data_all_qc_fit_selected384","exact500",500,"H0;H1_separate","complete_vietoris_rips",2,"Ripserr_primary;GUDHI_exact_resource_fallback",1800,12884901888,1,0,"closed","closed",FALSE
"mv08n_ph_queue_v1",918,"mv08n_ph:internal124:SRA779509_SRS3805250:20260808:sct_pearson_residual_all_qc_fit_selected384:exact500","internal124","SRA779509_SRS3805250",20260808,"sct_pearson_residual_all_qc_fit_selected384","exact500",500,"H0;H1_separate","complete_vietoris_rips",2,"Ripserr_primary;GUDHI_exact_resource_fallback",1800,12884901888,1,0,"closed","closed",FALSE
"mv08n_ph_queue_v1",919,"mv08n_ph:internal124:SRA779509_SRS3805251:20260808:sct_data_all_qc_fit_selected384:exact500","internal124","SRA779509_SRS3805251",20260808,"sct_data_all_qc_fit_selected384","exact500",500,"H0;H1_separate","complete_vietoris_rips",2,"Ripserr_primary;GUDHI_exact_resource_fallback",1800,12884901888,1,0,"closed","closed",FALSE
"mv08n_ph_queue_v1",920,"mv08n_ph:internal124:SRA779509_SRS3805251:20260808:sct_pearson_residual_all_qc_fit_selected384:exact500","internal124","SRA779509_SRS3805251",20260808,"sct_pearson_residual_all_qc_fit_selected384","exact500",500,"H0;H1_separate","complete_vietoris_rips",2,"Ripserr_primary;GUDHI_exact_resource_fallback",1800,12884901888,1,0,"closed","closed",FALSE
"mv08n_ph_queue_v1",921,"mv08n_ph:internal124:SRA779509_SRS3805252:20260808:sct_data_all_qc_fit_selected384:exact500","internal124","SRA779509_SRS3805252",20260808,"sct_data_all_qc_fit_selected384","exact500",500,"H0;H1_separate","complete_vietoris_rips",2,"Ripserr_primary;GUDHI_exact_resource_fallback",1800,12884901888,1,0,"closed","closed",FALSE
"mv08n_ph_queue_v1",922,"mv08n_ph:internal124:SRA779509_SRS3805252:20260808:sct_pearson_residual_all_qc_fit_selected384:exact500","internal124","SRA779509_SRS3805252",20260808,"sct_pearson_residual_all_qc_fit_selected384","exact500",500,"H0;H1_separate","complete_vietoris_rips",2,"Ripserr_primary;GUDHI_exact_resource_fallback",1800,12884901888,1,0,"closed","closed",FALSE
"mv08n_ph_queue_v1",923,"mv08n_ph:internal124:SRA779509_SRS3805253:20260808:sct_data_all_qc_fit_selected384:exact500","internal124","SRA779509_SRS3805253",20260808,"sct_data_all_qc_fit_selected384","exact500",500,"H0;H1_separate","complete_vietoris_rips",2,"Ripserr_primary;GUDHI_exact_resource_fallback",1800,12884901888,1,0,"closed","closed",FALSE
"mv08n_ph_queue_v1",924,"mv08n_ph:internal124:SRA779509_SRS3805253:20260808:sct_pearson_residual_all_qc_fit_selected384:exact500","internal124","SRA779509_SRS3805253",20260808,"sct_pearson_residual_all_qc_fit_selected384","exact500",500,"H0;H1_separate","complete_vietoris_rips",2,"Ripserr_primary;GUDHI_exact_resource_fallback",1800,12884901888,1,0,"closed","closed",FALSE
"mv08n_ph_queue_v1",925,"mv08n_ph:internal124:SRA779509_SRS3805254:20260808:sct_data_all_qc_fit_selected384:exact500","internal124","SRA779509_SRS3805254",20260808,"sct_data_all_qc_fit_selected384","exact500",500,"H0;H1_separate","complete_vietoris_rips",2,"Ripserr_primary;GUDHI_exact_resource_fallback",1800,12884901888,1,0,"closed","closed",FALSE
"mv08n_ph_queue_v1",926,"mv08n_ph:internal124:SRA779509_SRS3805254:20260808:sct_pearson_residual_all_qc_fit_selected384:exact500","internal124","SRA779509_SRS3805254",20260808,"sct_pearson_residual_all_qc_fit_selected384","exact500",500,"H0;H1_separate","complete_vietoris_rips",2,"Ripserr_primary;GUDHI_exact_resource_fallback",1800,12884901888,1,0,"closed","closed",FALSE
"mv08n_ph_queue_v1",927,"mv08n_ph:internal124:SRA779509_SRS3805255:20260808:sct_data_all_qc_fit_selected384:exact500","internal124","SRA779509_SRS3805255",20260808,"sct_data_all_qc_fit_selected384","exact500",500,"H0;H1_separate","complete_vietoris_rips",2,"Ripserr_primary;GUDHI_exact_resource_fallback",1800,12884901888,1,0,"closed","closed",FALSE
"mv08n_ph_queue_v1",928,"mv08n_ph:internal124:SRA779509_SRS3805255:20260808:sct_pearson_residual_all_qc_fit_selected384:exact500","internal124","SRA779509_SRS3805255",20260808,"sct_pearson_residual_all_qc_fit_selected384","exact500",500,"H0;H1_separate","complete_vietoris_rips",2,"Ripserr_primary;GUDHI_exact_resource_fallback",1800,12884901888,1,0,"closed","closed",FALSE
"mv08n_ph_queue_v1",929,"mv08n_ph:internal124:SRA779509_SRS3805256:20260808:sct_data_all_qc_fit_selected384:exact500","internal124","SRA779509_SRS3805256",20260808,"sct_data_all_qc_fit_selected384","exact500",500,"H0;H1_separate","complete_vietoris_rips",2,"Ripserr_primary;GUDHI_exact_resource_fallback",1800,12884901888,1,0,"closed","closed",FALSE
"mv08n_ph_queue_v1",930,"mv08n_ph:internal124:SRA779509_SRS3805256:20260808:sct_pearson_residual_all_qc_fit_selected384:exact500","internal124","SRA779509_SRS3805256",20260808,"sct_pearson_residual_all_qc_fit_selected384","exact500",500,"H0;H1_separate","complete_vietoris_rips",2,"Ripserr_primary;GUDHI_exact_resource_fallback",1800,12884901888,1,0,"closed","closed",FALSE
"mv08n_ph_queue_v1",931,"mv08n_ph:internal124:SRA779509_SRS3805257:20260808:sct_data_all_qc_fit_selected384:exact500","internal124","SRA779509_SRS3805257",20260808,"sct_data_all_qc_fit_selected384","exact500",500,"H0;H1_separate","complete_vietoris_rips",2,"Ripserr_primary;GUDHI_exact_resource_fallback",1800,12884901888,1,0,"closed","closed",FALSE
"mv08n_ph_queue_v1",932,"mv08n_ph:internal124:SRA779509_SRS3805257:20260808:sct_pearson_residual_all_qc_fit_selected384:exact500","internal124","SRA779509_SRS3805257",20260808,"sct_pearson_residual_all_qc_fit_selected384","exact500",500,"H0;H1_separate","complete_vietoris_rips",2,"Ripserr_primary;GUDHI_exact_resource_fallback",1800,12884901888,1,0,"closed","closed",FALSE
"mv08n_ph_queue_v1",933,"mv08n_ph:internal124:SRA779509_SRS3805258:20260808:sct_data_all_qc_fit_selected384:exact500","internal124","SRA779509_SRS3805258",20260808,"sct_data_all_qc_fit_selected384","exact500",500,"H0;H1_separate","complete_vietoris_rips",2,"Ripserr_primary;GUDHI_exact_resource_fallback",1800,12884901888,1,0,"closed","closed",FALSE
"mv08n_ph_queue_v1",934,"mv08n_ph:internal124:SRA779509_SRS3805258:20260808:sct_pearson_residual_all_qc_fit_selected384:exact500","internal124","SRA779509_SRS3805258",20260808,"sct_pearson_residual_all_qc_fit_selected384","exact500",500,"H0;H1_separate","complete_vietoris_rips",2,"Ripserr_primary;GUDHI_exact_resource_fallback",1800,12884901888,1,0,"closed","closed",FALSE
"mv08n_ph_queue_v1",935,"mv08n_ph:internal124:SRA779509_SRS3805259:20260808:sct_data_all_qc_fit_selected384:exact500","internal124","SRA779509_SRS3805259",20260808,"sct_data_all_qc_fit_selected384","exact500",500,"H0;H1_separate","complete_vietoris_rips",2,"Ripserr_primary;GUDHI_exact_resource_fallback",1800,12884901888,1,0,"closed","closed",FALSE
"mv08n_ph_queue_v1",936,"mv08n_ph:internal124:SRA779509_SRS3805259:20260808:sct_pearson_residual_all_qc_fit_selected384:exact500","internal124","SRA779509_SRS3805259",20260808,"sct_pearson_residual_all_qc_fit_selected384","exact500",500,"H0;H1_separate","complete_vietoris_rips",2,"Ripserr_primary;GUDHI_exact_resource_fallback",1800,12884901888,1,0,"closed","closed",FALSE
"mv08n_ph_queue_v1",937,"mv08n_ph:internal124:SRA779509_SRS3805260:20260808:sct_data_all_qc_fit_selected384:exact500","internal124","SRA779509_SRS3805260",20260808,"sct_data_all_qc_fit_selected384","exact500",500,"H0;H1_separate","complete_vietoris_rips",2,"Ripserr_primary;GUDHI_exact_resource_fallback",1800,12884901888,1,0,"closed","closed",FALSE
"mv08n_ph_queue_v1",938,"mv08n_ph:internal124:SRA779509_SRS3805260:20260808:sct_pearson_residual_all_qc_fit_selected384:exact500","internal124","SRA779509_SRS3805260",20260808,"sct_pearson_residual_all_qc_fit_selected384","exact500",500,"H0;H1_separate","complete_vietoris_rips",2,"Ripserr_primary;GUDHI_exact_resource_fallback",1800,12884901888,1,0,"closed","closed",FALSE
"mv08n_ph_queue_v1",939,"mv08n_ph:internal124:SRA779509_SRS3805261:20260808:sct_data_all_qc_fit_selected384:exact500","internal124","SRA779509_SRS3805261",20260808,"sct_data_all_qc_fit_selected384","exact500",500,"H0;H1_separate","complete_vietoris_rips",2,"Ripserr_primary;GUDHI_exact_resource_fallback",1800,12884901888,1,0,"closed","closed",FALSE
"mv08n_ph_queue_v1",940,"mv08n_ph:internal124:SRA779509_SRS3805261:20260808:sct_pearson_residual_all_qc_fit_selected384:exact500","internal124","SRA779509_SRS3805261",20260808,"sct_pearson_residual_all_qc_fit_selected384","exact500",500,"H0;H1_separate","complete_vietoris_rips",2,"Ripserr_primary;GUDHI_exact_resource_fallback",1800,12884901888,1,0,"closed","closed",FALSE
"mv08n_ph_queue_v1",941,"mv08n_ph:internal124:SRA779509_SRS3805262:20260808:sct_data_all_qc_fit_selected384:exact500","internal124","SRA779509_SRS3805262",20260808,"sct_data_all_qc_fit_selected384","exact500",500,"H0;H1_separate","complete_vietoris_rips",2,"Ripserr_primary;GUDHI_exact_resource_fallback",1800,12884901888,1,0,"closed","closed",FALSE
"mv08n_ph_queue_v1",942,"mv08n_ph:internal124:SRA779509_SRS3805262:20260808:sct_pearson_residual_all_qc_fit_selected384:exact500","internal124","SRA779509_SRS3805262",20260808,"sct_pearson_residual_all_qc_fit_selected384","exact500",500,"H0;H1_separate","complete_vietoris_rips",2,"Ripserr_primary;GUDHI_exact_resource_fallback",1800,12884901888,1,0,"closed","closed",FALSE
"mv08n_ph_queue_v1",943,"mv08n_ph:internal124:SRA779509_SRS3805263:20260808:sct_data_all_qc_fit_selected384:exact500","internal124","SRA779509_SRS3805263",20260808,"sct_data_all_qc_fit_selected384","exact500",500,"H0;H1_separate","complete_vietoris_rips",2,"Ripserr_primary;GUDHI_exact_resource_fallback",1800,12884901888,1,0,"closed","closed",FALSE
"mv08n_ph_queue_v1",944,"mv08n_ph:internal124:SRA779509_SRS3805263:20260808:sct_pearson_residual_all_qc_fit_selected384:exact500","internal124","SRA779509_SRS3805263",20260808,"sct_pearson_residual_all_qc_fit_selected384","exact500",500,"H0;H1_separate","complete_vietoris_rips",2,"Ripserr_primary;GUDHI_exact_resource_fallback",1800,12884901888,1,0,"closed","closed",FALSE
"mv08n_ph_queue_v1",945,"mv08n_ph:internal124:SRA779509_SRS3805264:20260808:sct_data_all_qc_fit_selected384:exact500","internal124","SRA779509_SRS3805264",20260808,"sct_data_all_qc_fit_selected384","exact500",500,"H0;H1_separate","complete_vietoris_rips",2,"Ripserr_primary;GUDHI_exact_resource_fallback",1800,12884901888,1,0,"closed","closed",FALSE
"mv08n_ph_queue_v1",946,"mv08n_ph:internal124:SRA779509_SRS3805264:20260808:sct_pearson_residual_all_qc_fit_selected384:exact500","internal124","SRA779509_SRS3805264",20260808,"sct_pearson_residual_all_qc_fit_selected384","exact500",500,"H0;H1_separate","complete_vietoris_rips",2,"Ripserr_primary;GUDHI_exact_resource_fallback",1800,12884901888,1,0,"closed","closed",FALSE
"mv08n_ph_queue_v1",947,"mv08n_ph:internal124:SRA779509_SRS3805265:20260808:sct_data_all_qc_fit_selected384:exact500","internal124","SRA779509_SRS3805265",20260808,"sct_data_all_qc_fit_selected384","exact500",500,"H0;H1_separate","complete_vietoris_rips",2,"Ripserr_primary;GUDHI_exact_resource_fallback",1800,12884901888,1,0,"closed","closed",FALSE
"mv08n_ph_queue_v1",948,"mv08n_ph:internal124:SRA779509_SRS3805265:20260808:sct_pearson_residual_all_qc_fit_selected384:exact500","internal124","SRA779509_SRS3805265",20260808,"sct_pearson_residual_all_qc_fit_selected384","exact500",500,"H0;H1_separate","complete_vietoris_rips",2,"Ripserr_primary;GUDHI_exact_resource_fallback",1800,12884901888,1,0,"closed","closed",FALSE
"mv08n_ph_queue_v1",949,"mv08n_ph:internal124:SRA779509_SRS3805266:20260808:sct_data_all_qc_fit_selected384:exact500","internal124","SRA779509_SRS3805266",20260808,"sct_data_all_qc_fit_selected384","exact500",500,"H0;H1_separate","complete_vietoris_rips",2,"Ripserr_primary;GUDHI_exact_resource_fallback",1800,12884901888,1,0,"closed","closed",FALSE
"mv08n_ph_queue_v1",950,"mv08n_ph:internal124:SRA779509_SRS3805266:20260808:sct_pearson_residual_all_qc_fit_selected384:exact500","internal124","SRA779509_SRS3805266",20260808,"sct_pearson_residual_all_qc_fit_selected384","exact500",500,"H0;H1_separate","complete_vietoris_rips",2,"Ripserr_primary;GUDHI_exact_resource_fallback",1800,12884901888,1,0,"closed","closed",FALSE
"mv08n_ph_queue_v1",951,"mv08n_ph:internal124:SRA779509_SRS3805267:20260808:sct_data_all_qc_fit_selected384:exact500","internal124","SRA779509_SRS3805267",20260808,"sct_data_all_qc_fit_selected384","exact500",500,"H0;H1_separate","complete_vietoris_rips",2,"Ripserr_primary;GUDHI_exact_resource_fallback",1800,12884901888,1,0,"closed","closed",FALSE
"mv08n_ph_queue_v1",952,"mv08n_ph:internal124:SRA779509_SRS3805267:20260808:sct_pearson_residual_all_qc_fit_selected384:exact500","internal124","SRA779509_SRS3805267",20260808,"sct_pearson_residual_all_qc_fit_selected384","exact500",500,"H0;H1_separate","complete_vietoris_rips",2,"Ripserr_primary;GUDHI_exact_resource_fallback",1800,12884901888,1,0,"closed","closed",FALSE
"mv08n_ph_queue_v1",953,"mv08n_ph:internal124:SRA779509_SRS3805268:20260808:sct_data_all_qc_fit_selected384:exact500","internal124","SRA779509_SRS3805268",20260808,"sct_data_all_qc_fit_selected384","exact500",500,"H0;H1_separate","complete_vietoris_rips",2,"Ripserr_primary;GUDHI_exact_resource_fallback",1800,12884901888,1,0,"closed","closed",FALSE
"mv08n_ph_queue_v1",954,"mv08n_ph:internal124:SRA779509_SRS3805268:20260808:sct_pearson_residual_all_qc_fit_selected384:exact500","internal124","SRA779509_SRS3805268",20260808,"sct_pearson_residual_all_qc_fit_selected384","exact500",500,"H0;H1_separate","complete_vietoris_rips",2,"Ripserr_primary;GUDHI_exact_resource_fallback",1800,12884901888,1,0,"closed","closed",FALSE
"mv08n_ph_queue_v1",955,"mv08n_ph:internal124:SRA779509_SRS3805269:20260808:sct_data_all_qc_fit_selected384:exact500","internal124","SRA779509_SRS3805269",20260808,"sct_data_all_qc_fit_selected384","exact500",500,"H0;H1_separate","complete_vietoris_rips",2,"Ripserr_primary;GUDHI_exact_resource_fallback",1800,12884901888,1,0,"closed","closed",FALSE
"mv08n_ph_queue_v1",956,"mv08n_ph:internal124:SRA779509_SRS3805269:20260808:sct_pearson_residual_all_qc_fit_selected384:exact500","internal124","SRA779509_SRS3805269",20260808,"sct_pearson_residual_all_qc_fit_selected384","exact500",500,"H0;H1_separate","complete_vietoris_rips",2,"Ripserr_primary;GUDHI_exact_resource_fallback",1800,12884901888,1,0,"closed","closed",FALSE
"mv08n_ph_queue_v1",957,"mv08n_ph:internal124:SRA784242_SRS3822680:20260808:sct_data_all_qc_fit_selected384:exact500","internal124","SRA784242_SRS3822680",20260808,"sct_data_all_qc_fit_selected384","exact500",500,"H0;H1_separate","complete_vietoris_rips",2,"Ripserr_primary;GUDHI_exact_resource_fallback",1800,12884901888,1,0,"closed","closed",FALSE
"mv08n_ph_queue_v1",958,"mv08n_ph:internal124:SRA784242_SRS3822680:20260808:sct_pearson_residual_all_qc_fit_selected384:exact500","internal124","SRA784242_SRS3822680",20260808,"sct_pearson_residual_all_qc_fit_selected384","exact500",500,"H0;H1_separate","complete_vietoris_rips",2,"Ripserr_primary;GUDHI_exact_resource_fallback",1800,12884901888,1,0,"closed","closed",FALSE
"mv08n_ph_queue_v1",959,"mv08n_ph:internal124:SRA784242_SRS3822682:20260808:sct_data_all_qc_fit_selected384:exact500","internal124","SRA784242_SRS3822682",20260808,"sct_data_all_qc_fit_selected384","exact500",500,"H0;H1_separate","complete_vietoris_rips",2,"Ripserr_primary;GUDHI_exact_resource_fallback",1800,12884901888,1,0,"closed","closed",FALSE
"mv08n_ph_queue_v1",960,"mv08n_ph:internal124:SRA784242_SRS3822682:20260808:sct_pearson_residual_all_qc_fit_selected384:exact500","internal124","SRA784242_SRS3822682",20260808,"sct_pearson_residual_all_qc_fit_selected384","exact500",500,"H0;H1_separate","complete_vietoris_rips",2,"Ripserr_primary;GUDHI_exact_resource_fallback",1800,12884901888,1,0,"closed","closed",FALSE
"mv08n_ph_queue_v1",961,"mv08n_ph:internal124:SRA784242_SRS3822683:20260808:sct_data_all_qc_fit_selected384:exact500","internal124","SRA784242_SRS3822683",20260808,"sct_data_all_qc_fit_selected384","exact500",500,"H0;H1_separate","complete_vietoris_rips",2,"Ripserr_primary;GUDHI_exact_resource_fallback",1800,12884901888,1,0,"closed","closed",FALSE
"mv08n_ph_queue_v1",962,"mv08n_ph:internal124:SRA784242_SRS3822683:20260808:sct_pearson_residual_all_qc_fit_selected384:exact500","internal124","SRA784242_SRS3822683",20260808,"sct_pearson_residual_all_qc_fit_selected384","exact500",500,"H0;H1_separate","complete_vietoris_rips",2,"Ripserr_primary;GUDHI_exact_resource_fallback",1800,12884901888,1,0,"closed","closed",FALSE
"mv08n_ph_queue_v1",963,"mv08n_ph:internal124:SRA784242_SRS3822686:20260808:sct_data_all_qc_fit_selected384:exact500","internal124","SRA784242_SRS3822686",20260808,"sct_data_all_qc_fit_selected384","exact500",500,"H0;H1_separate","complete_vietoris_rips",2,"Ripserr_primary;GUDHI_exact_resource_fallback",1800,12884901888,1,0,"closed","closed",FALSE
"mv08n_ph_queue_v1",964,"mv08n_ph:internal124:SRA784242_SRS3822686:20260808:sct_pearson_residual_all_qc_fit_selected384:exact500","internal124","SRA784242_SRS3822686",20260808,"sct_pearson_residual_all_qc_fit_selected384","exact500",500,"H0;H1_separate","complete_vietoris_rips",2,"Ripserr_primary;GUDHI_exact_resource_fallback",1800,12884901888,1,0,"closed","closed",FALSE
"mv08n_ph_queue_v1",965,"mv08n_ph:internal124:SRA826293_SRS4181123:20260808:sct_data_all_qc_fit_selected384:exact500","internal124","SRA826293_SRS4181123",20260808,"sct_data_all_qc_fit_selected384","exact500",500,"H0;H1_separate","complete_vietoris_rips",2,"Ripserr_primary;GUDHI_exact_resource_fallback",1800,12884901888,1,0,"closed","closed",FALSE
"mv08n_ph_queue_v1",966,"mv08n_ph:internal124:SRA826293_SRS4181123:20260808:sct_pearson_residual_all_qc_fit_selected384:exact500","internal124","SRA826293_SRS4181123",20260808,"sct_pearson_residual_all_qc_fit_selected384","exact500",500,"H0;H1_separate","complete_vietoris_rips",2,"Ripserr_primary;GUDHI_exact_resource_fallback",1800,12884901888,1,0,"closed","closed",FALSE
"mv08n_ph_queue_v1",967,"mv08n_ph:internal124:SRA826293_SRS4181124:20260808:sct_data_all_qc_fit_selected384:exact500","internal124","SRA826293_SRS4181124",20260808,"sct_data_all_qc_fit_selected384","exact500",500,"H0;H1_separate","complete_vietoris_rips",2,"Ripserr_primary;GUDHI_exact_resource_fallback",1800,12884901888,1,0,"closed","closed",FALSE
"mv08n_ph_queue_v1",968,"mv08n_ph:internal124:SRA826293_SRS4181124:20260808:sct_pearson_residual_all_qc_fit_selected384:exact500","internal124","SRA826293_SRS4181124",20260808,"sct_pearson_residual_all_qc_fit_selected384","exact500",500,"H0;H1_separate","complete_vietoris_rips",2,"Ripserr_primary;GUDHI_exact_resource_fallback",1800,12884901888,1,0,"closed","closed",FALSE
"mv08n_ph_queue_v1",969,"mv08n_ph:internal124:SRA826293_SRS4181125:20260808:sct_data_all_qc_fit_selected384:exact500","internal124","SRA826293_SRS4181125",20260808,"sct_data_all_qc_fit_selected384","exact500",500,"H0;H1_separate","complete_vietoris_rips",2,"Ripserr_primary;GUDHI_exact_resource_fallback",1800,12884901888,1,0,"closed","closed",FALSE
"mv08n_ph_queue_v1",970,"mv08n_ph:internal124:SRA826293_SRS4181125:20260808:sct_pearson_residual_all_qc_fit_selected384:exact500","internal124","SRA826293_SRS4181125",20260808,"sct_pearson_residual_all_qc_fit_selected384","exact500",500,"H0;H1_separate","complete_vietoris_rips",2,"Ripserr_primary;GUDHI_exact_resource_fallback",1800,12884901888,1,0,"closed","closed",FALSE
"mv08n_ph_queue_v1",971,"mv08n_ph:internal124:SRA826293_SRS4181126:20260808:sct_data_all_qc_fit_selected384:exact500","internal124","SRA826293_SRS4181126",20260808,"sct_data_all_qc_fit_selected384","exact500",500,"H0;H1_separate","complete_vietoris_rips",2,"Ripserr_primary;GUDHI_exact_resource_fallback",1800,12884901888,1,0,"closed","closed",FALSE
"mv08n_ph_queue_v1",972,"mv08n_ph:internal124:SRA826293_SRS4181126:20260808:sct_pearson_residual_all_qc_fit_selected384:exact500","internal124","SRA826293_SRS4181126",20260808,"sct_pearson_residual_all_qc_fit_selected384","exact500",500,"H0;H1_separate","complete_vietoris_rips",2,"Ripserr_primary;GUDHI_exact_resource_fallback",1800,12884901888,1,0,"closed","closed",FALSE
"mv08n_ph_queue_v1",973,"mv08n_ph:internal124:SRA826293_SRS4181127:20260808:sct_data_all_qc_fit_selected384:exact500","internal124","SRA826293_SRS4181127",20260808,"sct_data_all_qc_fit_selected384","exact500",500,"H0;H1_separate","complete_vietoris_rips",2,"Ripserr_primary;GUDHI_exact_resource_fallback",1800,12884901888,1,0,"closed","closed",FALSE
"mv08n_ph_queue_v1",974,"mv08n_ph:internal124:SRA826293_SRS4181127:20260808:sct_pearson_residual_all_qc_fit_selected384:exact500","internal124","SRA826293_SRS4181127",20260808,"sct_pearson_residual_all_qc_fit_selected384","exact500",500,"H0;H1_separate","complete_vietoris_rips",2,"Ripserr_primary;GUDHI_exact_resource_fallback",1800,12884901888,1,0,"closed","closed",FALSE
"mv08n_ph_queue_v1",975,"mv08n_ph:internal124:SRA826293_SRS4181128:20260808:sct_data_all_qc_fit_selected384:exact500","internal124","SRA826293_SRS4181128",20260808,"sct_data_all_qc_fit_selected384","exact500",500,"H0;H1_separate","complete_vietoris_rips",2,"Ripserr_primary;GUDHI_exact_resource_fallback",1800,12884901888,1,0,"closed","closed",FALSE
"mv08n_ph_queue_v1",976,"mv08n_ph:internal124:SRA826293_SRS4181128:20260808:sct_pearson_residual_all_qc_fit_selected384:exact500","internal124","SRA826293_SRS4181128",20260808,"sct_pearson_residual_all_qc_fit_selected384","exact500",500,"H0;H1_separate","complete_vietoris_rips",2,"Ripserr_primary;GUDHI_exact_resource_fallback",1800,12884901888,1,0,"closed","closed",FALSE
"mv08n_ph_queue_v1",977,"mv08n_ph:internal124:SRA826293_SRS4181129:20260808:sct_data_all_qc_fit_selected384:exact500","internal124","SRA826293_SRS4181129",20260808,"sct_data_all_qc_fit_selected384","exact500",500,"H0;H1_separate","complete_vietoris_rips",2,"Ripserr_primary;GUDHI_exact_resource_fallback",1800,12884901888,1,0,"closed","closed",FALSE
"mv08n_ph_queue_v1",978,"mv08n_ph:internal124:SRA826293_SRS4181129:20260808:sct_pearson_residual_all_qc_fit_selected384:exact500","internal124","SRA826293_SRS4181129",20260808,"sct_pearson_residual_all_qc_fit_selected384","exact500",500,"H0;H1_separate","complete_vietoris_rips",2,"Ripserr_primary;GUDHI_exact_resource_fallback",1800,12884901888,1,0,"closed","closed",FALSE
"mv08n_ph_queue_v1",979,"mv08n_ph:internal124:SRA826293_SRS4181130:20260808:sct_data_all_qc_fit_selected384:exact500","internal124","SRA826293_SRS4181130",20260808,"sct_data_all_qc_fit_selected384","exact500",500,"H0;H1_separate","complete_vietoris_rips",2,"Ripserr_primary;GUDHI_exact_resource_fallback",1800,12884901888,1,0,"closed","closed",FALSE
"mv08n_ph_queue_v1",980,"mv08n_ph:internal124:SRA826293_SRS4181130:20260808:sct_pearson_residual_all_qc_fit_selected384:exact500","internal124","SRA826293_SRS4181130",20260808,"sct_pearson_residual_all_qc_fit_selected384","exact500",500,"H0;H1_separate","complete_vietoris_rips",2,"Ripserr_primary;GUDHI_exact_resource_fallback",1800,12884901888,1,0,"closed","closed",FALSE
"mv08n_ph_queue_v1",981,"mv08n_ph:internal124:SRA850958_SRS4386101:20260808:sct_data_all_qc_fit_selected384:exact500","internal124","SRA850958_SRS4386101",20260808,"sct_data_all_qc_fit_selected384","exact500",500,"H0;H1_separate","complete_vietoris_rips",2,"Ripserr_primary;GUDHI_exact_resource_fallback",1800,12884901888,1,0,"closed","closed",FALSE
"mv08n_ph_queue_v1",982,"mv08n_ph:internal124:SRA850958_SRS4386101:20260808:sct_pearson_residual_all_qc_fit_selected384:exact500","internal124","SRA850958_SRS4386101",20260808,"sct_pearson_residual_all_qc_fit_selected384","exact500",500,"H0;H1_separate","complete_vietoris_rips",2,"Ripserr_primary;GUDHI_exact_resource_fallback",1800,12884901888,1,0,"closed","closed",FALSE
"mv08n_ph_queue_v1",983,"mv08n_ph:internal124:SRA850958_SRS4386109:20260808:sct_data_all_qc_fit_selected384:exact500","internal124","SRA850958_SRS4386109",20260808,"sct_data_all_qc_fit_selected384","exact500",500,"H0;H1_separate","complete_vietoris_rips",2,"Ripserr_primary;GUDHI_exact_resource_fallback",1800,12884901888,1,0,"closed","closed",FALSE
"mv08n_ph_queue_v1",984,"mv08n_ph:internal124:SRA850958_SRS4386109:20260808:sct_pearson_residual_all_qc_fit_selected384:exact500","internal124","SRA850958_SRS4386109",20260808,"sct_pearson_residual_all_qc_fit_selected384","exact500",500,"H0;H1_separate","complete_vietoris_rips",2,"Ripserr_primary;GUDHI_exact_resource_fallback",1800,12884901888,1,0,"closed","closed",FALSE
"mv08n_ph_queue_v1",985,"mv08n_ph:internal124:SRA850958_SRS4386110:20260808:sct_data_all_qc_fit_selected384:exact500","internal124","SRA850958_SRS4386110",20260808,"sct_data_all_qc_fit_selected384","exact500",500,"H0;H1_separate","complete_vietoris_rips",2,"Ripserr_primary;GUDHI_exact_resource_fallback",1800,12884901888,1,0,"closed","closed",FALSE
"mv08n_ph_queue_v1",986,"mv08n_ph:internal124:SRA850958_SRS4386110:20260808:sct_pearson_residual_all_qc_fit_selected384:exact500","internal124","SRA850958_SRS4386110",20260808,"sct_pearson_residual_all_qc_fit_selected384","exact500",500,"H0;H1_separate","complete_vietoris_rips",2,"Ripserr_primary;GUDHI_exact_resource_fallback",1800,12884901888,1,0,"closed","closed",FALSE
"mv08n_ph_queue_v1",987,"mv08n_ph:internal124:SRA850958_SRS4386111:20260808:sct_data_all_qc_fit_selected384:exact500","internal124","SRA850958_SRS4386111",20260808,"sct_data_all_qc_fit_selected384","exact500",500,"H0;H1_separate","complete_vietoris_rips",2,"Ripserr_primary;GUDHI_exact_resource_fallback",1800,12884901888,1,0,"closed","closed",FALSE
"mv08n_ph_queue_v1",988,"mv08n_ph:internal124:SRA850958_SRS4386111:20260808:sct_pearson_residual_all_qc_fit_selected384:exact500","internal124","SRA850958_SRS4386111",20260808,"sct_pearson_residual_all_qc_fit_selected384","exact500",500,"H0;H1_separate","complete_vietoris_rips",2,"Ripserr_primary;GUDHI_exact_resource_fallback",1800,12884901888,1,0,"closed","closed",FALSE
"mv08n_ph_queue_v1",989,"mv08n_ph:internal124:SRA850958_SRS4386112:20260808:sct_data_all_qc_fit_selected384:exact500","internal124","SRA850958_SRS4386112",20260808,"sct_data_all_qc_fit_selected384","exact500",500,"H0;H1_separate","complete_vietoris_rips",2,"Ripserr_primary;GUDHI_exact_resource_fallback",1800,12884901888,1,0,"closed","closed",FALSE
"mv08n_ph_queue_v1",990,"mv08n_ph:internal124:SRA850958_SRS4386112:20260808:sct_pearson_residual_all_qc_fit_selected384:exact500","internal124","SRA850958_SRS4386112",20260808,"sct_pearson_residual_all_qc_fit_selected384","exact500",500,"H0;H1_separate","complete_vietoris_rips",2,"Ripserr_primary;GUDHI_exact_resource_fallback",1800,12884901888,1,0,"closed","closed",FALSE
"mv08n_ph_queue_v1",991,"mv08n_ph:internal124:SRA850958_SRS4386113:20260808:sct_data_all_qc_fit_selected384:exact500","internal124","SRA850958_SRS4386113",20260808,"sct_data_all_qc_fit_selected384","exact500",500,"H0;H1_separate","complete_vietoris_rips",2,"Ripserr_primary;GUDHI_exact_resource_fallback",1800,12884901888,1,0,"closed","closed",FALSE
"mv08n_ph_queue_v1",992,"mv08n_ph:internal124:SRA850958_SRS4386113:20260808:sct_pearson_residual_all_qc_fit_selected384:exact500","internal124","SRA850958_SRS4386113",20260808,"sct_pearson_residual_all_qc_fit_selected384","exact500",500,"H0;H1_separate","complete_vietoris_rips",2,"Ripserr_primary;GUDHI_exact_resource_fallback",1800,12884901888,1,0,"closed","closed",FALSE
"mv08n_ph_queue_v1",993,"mv08n_ph:internal124:SRA550660_SRS2089635:20260809:sct_data_all_qc_fit_selected384:exact500","internal124","SRA550660_SRS2089635",20260809,"sct_data_all_qc_fit_selected384","exact500",500,"H0;H1_separate","complete_vietoris_rips",2,"Ripserr_primary;GUDHI_exact_resource_fallback",1800,12884901888,1,0,"closed","closed",FALSE
"mv08n_ph_queue_v1",994,"mv08n_ph:internal124:SRA550660_SRS2089635:20260809:sct_pearson_residual_all_qc_fit_selected384:exact500","internal124","SRA550660_SRS2089635",20260809,"sct_pearson_residual_all_qc_fit_selected384","exact500",500,"H0;H1_separate","complete_vietoris_rips",2,"Ripserr_primary;GUDHI_exact_resource_fallback",1800,12884901888,1,0,"closed","closed",FALSE
"mv08n_ph_queue_v1",995,"mv08n_ph:internal124:SRA550660_SRS2089636:20260809:sct_data_all_qc_fit_selected384:exact500","internal124","SRA550660_SRS2089636",20260809,"sct_data_all_qc_fit_selected384","exact500",500,"H0;H1_separate","complete_vietoris_rips",2,"Ripserr_primary;GUDHI_exact_resource_fallback",1800,12884901888,1,0,"closed","closed",FALSE
"mv08n_ph_queue_v1",996,"mv08n_ph:internal124:SRA550660_SRS2089636:20260809:sct_pearson_residual_all_qc_fit_selected384:exact500","internal124","SRA550660_SRS2089636",20260809,"sct_pearson_residual_all_qc_fit_selected384","exact500",500,"H0;H1_separate","complete_vietoris_rips",2,"Ripserr_primary;GUDHI_exact_resource_fallback",1800,12884901888,1,0,"closed","closed",FALSE
"mv08n_ph_queue_v1",997,"mv08n_ph:internal124:SRA550660_SRS2089637:20260809:sct_data_all_qc_fit_selected384:exact500","internal124","SRA550660_SRS2089637",20260809,"sct_data_all_qc_fit_selected384","exact500",500,"H0;H1_separate","complete_vietoris_rips",2,"Ripserr_primary;GUDHI_exact_resource_fallback",1800,12884901888,1,0,"closed","closed",FALSE
"mv08n_ph_queue_v1",998,"mv08n_ph:internal124:SRA550660_SRS2089637:20260809:sct_pearson_residual_all_qc_fit_selected384:exact500","internal124","SRA550660_SRS2089637",20260809,"sct_pearson_residual_all_qc_fit_selected384","exact500",500,"H0;H1_separate","complete_vietoris_rips",2,"Ripserr_primary;GUDHI_exact_resource_fallback",1800,12884901888,1,0,"closed","closed",FALSE
"mv08n_ph_queue_v1",999,"mv08n_ph:internal124:SRA550660_SRS2089638:20260809:sct_data_all_qc_fit_selected384:exact500","internal124","SRA550660_SRS2089638",20260809,"sct_data_all_qc_fit_selected384","exact500",500,"H0;H1_separate","complete_vietoris_rips",2,"Ripserr_primary;GUDHI_exact_resource_fallback",1800,12884901888,1,0,"closed","closed",FALSE
"mv08n_ph_queue_v1",1000,"mv08n_ph:internal124:SRA550660_SRS2089638:20260809:sct_pearson_residual_all_qc_fit_selected384:exact500","internal124","SRA550660_SRS2089638",20260809,"sct_pearson_residual_all_qc_fit_selected384","exact500",500,"H0;H1_separate","complete_vietoris_rips",2,"Ripserr_primary;GUDHI_exact_resource_fallback",1800,12884901888,1,0,"closed","closed",FALSE
"mv08n_ph_queue_v1",1001,"mv08n_ph:internal124:SRA550660_SRS2089639:20260809:sct_data_all_qc_fit_selected384:exact500","internal124","SRA550660_SRS2089639",20260809,"sct_data_all_qc_fit_selected384","exact500",500,"H0;H1_separate","complete_vietoris_rips",2,"Ripserr_primary;GUDHI_exact_resource_fallback",1800,12884901888,1,0,"closed","closed",FALSE
"mv08n_ph_queue_v1",1002,"mv08n_ph:internal124:SRA550660_SRS2089639:20260809:sct_pearson_residual_all_qc_fit_selected384:exact500","internal124","SRA550660_SRS2089639",20260809,"sct_pearson_residual_all_qc_fit_selected384","exact500",500,"H0;H1_separate","complete_vietoris_rips",2,"Ripserr_primary;GUDHI_exact_resource_fallback",1800,12884901888,1,0,"closed","closed",FALSE
"mv08n_ph_queue_v1",1003,"mv08n_ph:internal124:SRA621638_SRS2610283:20260809:sct_data_all_qc_fit_selected384:exact500","internal124","SRA621638_SRS2610283",20260809,"sct_data_all_qc_fit_selected384","exact500",500,"H0;H1_separate","complete_vietoris_rips",2,"Ripserr_primary;GUDHI_exact_resource_fallback",1800,12884901888,1,0,"closed","closed",FALSE
"mv08n_ph_queue_v1",1004,"mv08n_ph:internal124:SRA621638_SRS2610283:20260809:sct_pearson_residual_all_qc_fit_selected384:exact500","internal124","SRA621638_SRS2610283",20260809,"sct_pearson_residual_all_qc_fit_selected384","exact500",500,"H0;H1_separate","complete_vietoris_rips",2,"Ripserr_primary;GUDHI_exact_resource_fallback",1800,12884901888,1,0,"closed","closed",FALSE
"mv08n_ph_queue_v1",1005,"mv08n_ph:internal124:SRA621638_SRS2610285:20260809:sct_data_all_qc_fit_selected384:exact500","internal124","SRA621638_SRS2610285",20260809,"sct_data_all_qc_fit_selected384","exact500",500,"H0;H1_separate","complete_vietoris_rips",2,"Ripserr_primary;GUDHI_exact_resource_fallback",1800,12884901888,1,0,"closed","closed",FALSE
"mv08n_ph_queue_v1",1006,"mv08n_ph:internal124:SRA621638_SRS2610285:20260809:sct_pearson_residual_all_qc_fit_selected384:exact500","internal124","SRA621638_SRS2610285",20260809,"sct_pearson_residual_all_qc_fit_selected384","exact500",500,"H0;H1_separate","complete_vietoris_rips",2,"Ripserr_primary;GUDHI_exact_resource_fallback",1800,12884901888,1,0,"closed","closed",FALSE
"mv08n_ph_queue_v1",1007,"mv08n_ph:internal124:SRA628554_SRS2664364:20260809:sct_data_all_qc_fit_selected384:exact500","internal124","SRA628554_SRS2664364",20260809,"sct_data_all_qc_fit_selected384","exact500",500,"H0;H1_separate","complete_vietoris_rips",2,"Ripserr_primary;GUDHI_exact_resource_fallback",1800,12884901888,1,0,"closed","closed",FALSE
"mv08n_ph_queue_v1",1008,"mv08n_ph:internal124:SRA628554_SRS2664364:20260809:sct_pearson_residual_all_qc_fit_selected384:exact500","internal124","SRA628554_SRS2664364",20260809,"sct_pearson_residual_all_qc_fit_selected384","exact500",500,"H0;H1_separate","complete_vietoris_rips",2,"Ripserr_primary;GUDHI_exact_resource_fallback",1800,12884901888,1,0,"closed","closed",FALSE
"mv08n_ph_queue_v1",1009,"mv08n_ph:internal124:SRA628554_SRS2664365:20260809:sct_data_all_qc_fit_selected384:exact500","internal124","SRA628554_SRS2664365",20260809,"sct_data_all_qc_fit_selected384","exact500",500,"H0;H1_separate","complete_vietoris_rips",2,"Ripserr_primary;GUDHI_exact_resource_fallback",1800,12884901888,1,0,"closed","closed",FALSE
"mv08n_ph_queue_v1",1010,"mv08n_ph:internal124:SRA628554_SRS2664365:20260809:sct_pearson_residual_all_qc_fit_selected384:exact500","internal124","SRA628554_SRS2664365",20260809,"sct_pearson_residual_all_qc_fit_selected384","exact500",500,"H0;H1_separate","complete_vietoris_rips",2,"Ripserr_primary;GUDHI_exact_resource_fallback",1800,12884901888,1,0,"closed","closed",FALSE
"mv08n_ph_queue_v1",1011,"mv08n_ph:internal124:SRA645804_SRS2823404:20260809:sct_data_all_qc_fit_selected384:exact500","internal124","SRA645804_SRS2823404",20260809,"sct_data_all_qc_fit_selected384","exact500",500,"H0;H1_separate","complete_vietoris_rips",2,"Ripserr_primary;GUDHI_exact_resource_fallback",1800,12884901888,1,0,"closed","closed",FALSE
"mv08n_ph_queue_v1",1012,"mv08n_ph:internal124:SRA645804_SRS2823404:20260809:sct_pearson_residual_all_qc_fit_selected384:exact500","internal124","SRA645804_SRS2823404",20260809,"sct_pearson_residual_all_qc_fit_selected384","exact500",500,"H0;H1_separate","complete_vietoris_rips",2,"Ripserr_primary;GUDHI_exact_resource_fallback",1800,12884901888,1,0,"closed","closed",FALSE
"mv08n_ph_queue_v1",1013,"mv08n_ph:internal124:SRA645804_SRS2823405:20260809:sct_data_all_qc_fit_selected384:exact500","internal124","SRA645804_SRS2823405",20260809,"sct_data_all_qc_fit_selected384","exact500",500,"H0;H1_separate","complete_vietoris_rips",2,"Ripserr_primary;GUDHI_exact_resource_fallback",1800,12884901888,1,0,"closed","closed",FALSE
"mv08n_ph_queue_v1",1014,"mv08n_ph:internal124:SRA645804_SRS2823405:20260809:sct_pearson_residual_all_qc_fit_selected384:exact500","internal124","SRA645804_SRS2823405",20260809,"sct_pearson_residual_all_qc_fit_selected384","exact500",500,"H0;H1_separate","complete_vietoris_rips",2,"Ripserr_primary;GUDHI_exact_resource_fallback",1800,12884901888,1,0,"closed","closed",FALSE
"mv08n_ph_queue_v1",1015,"mv08n_ph:internal124:SRA645804_SRS2823406:20260809:sct_data_all_qc_fit_selected384:exact500","internal124","SRA645804_SRS2823406",20260809,"sct_data_all_qc_fit_selected384","exact500",500,"H0;H1_separate","complete_vietoris_rips",2,"Ripserr_primary;GUDHI_exact_resource_fallback",1800,12884901888,1,0,"closed","closed",FALSE
"mv08n_ph_queue_v1",1016,"mv08n_ph:internal124:SRA645804_SRS2823406:20260809:sct_pearson_residual_all_qc_fit_selected384:exact500","internal124","SRA645804_SRS2823406",20260809,"sct_pearson_residual_all_qc_fit_selected384","exact500",500,"H0;H1_separate","complete_vietoris_rips",2,"Ripserr_primary;GUDHI_exact_resource_fallback",1800,12884901888,1,0,"closed","closed",FALSE
"mv08n_ph_queue_v1",1017,"mv08n_ph:internal124:SRA645804_SRS2823407:20260809:sct_data_all_qc_fit_selected384:exact500","internal124","SRA645804_SRS2823407",20260809,"sct_data_all_qc_fit_selected384","exact500",500,"H0;H1_separate","complete_vietoris_rips",2,"Ripserr_primary;GUDHI_exact_resource_fallback",1800,12884901888,1,0,"closed","closed",FALSE
"mv08n_ph_queue_v1",1018,"mv08n_ph:internal124:SRA645804_SRS2823407:20260809:sct_pearson_residual_all_qc_fit_selected384:exact500","internal124","SRA645804_SRS2823407",20260809,"sct_pearson_residual_all_qc_fit_selected384","exact500",500,"H0;H1_separate","complete_vietoris_rips",2,"Ripserr_primary;GUDHI_exact_resource_fallback",1800,12884901888,1,0,"closed","closed",FALSE
"mv08n_ph_queue_v1",1019,"mv08n_ph:internal124:SRA645804_SRS2823408:20260809:sct_data_all_qc_fit_selected384:exact500","internal124","SRA645804_SRS2823408",20260809,"sct_data_all_qc_fit_selected384","exact500",500,"H0;H1_separate","complete_vietoris_rips",2,"Ripserr_primary;GUDHI_exact_resource_fallback",1800,12884901888,1,0,"closed","closed",FALSE
"mv08n_ph_queue_v1",1020,"mv08n_ph:internal124:SRA645804_SRS2823408:20260809:sct_pearson_residual_all_qc_fit_selected384:exact500","internal124","SRA645804_SRS2823408",20260809,"sct_pearson_residual_all_qc_fit_selected384","exact500",500,"H0;H1_separate","complete_vietoris_rips",2,"Ripserr_primary;GUDHI_exact_resource_fallback",1800,12884901888,1,0,"closed","closed",FALSE
"mv08n_ph_queue_v1",1021,"mv08n_ph:internal124:SRA645804_SRS2823409:20260809:sct_data_all_qc_fit_selected384:exact500","internal124","SRA645804_SRS2823409",20260809,"sct_data_all_qc_fit_selected384","exact500",500,"H0;H1_separate","complete_vietoris_rips",2,"Ripserr_primary;GUDHI_exact_resource_fallback",1800,12884901888,1,0,"closed","closed",FALSE
"mv08n_ph_queue_v1",1022,"mv08n_ph:internal124:SRA645804_SRS2823409:20260809:sct_pearson_residual_all_qc_fit_selected384:exact500","internal124","SRA645804_SRS2823409",20260809,"sct_pearson_residual_all_qc_fit_selected384","exact500",500,"H0;H1_separate","complete_vietoris_rips",2,"Ripserr_primary;GUDHI_exact_resource_fallback",1800,12884901888,1,0,"closed","closed",FALSE
"mv08n_ph_queue_v1",1023,"mv08n_ph:internal124:SRA645804_SRS2823410:20260809:sct_data_all_qc_fit_selected384:exact500","internal124","SRA645804_SRS2823410",20260809,"sct_data_all_qc_fit_selected384","exact500",500,"H0;H1_separate","complete_vietoris_rips",2,"Ripserr_primary;GUDHI_exact_resource_fallback",1800,12884901888,1,0,"closed","closed",FALSE
"mv08n_ph_queue_v1",1024,"mv08n_ph:internal124:SRA645804_SRS2823410:20260809:sct_pearson_residual_all_qc_fit_selected384:exact500","internal124","SRA645804_SRS2823410",20260809,"sct_pearson_residual_all_qc_fit_selected384","exact500",500,"H0;H1_separate","complete_vietoris_rips",2,"Ripserr_primary;GUDHI_exact_resource_fallback",1800,12884901888,1,0,"closed","closed",FALSE
"mv08n_ph_queue_v1",1025,"mv08n_ph:internal124:SRA645804_SRS2823411:20260809:sct_data_all_qc_fit_selected384:exact500","internal124","SRA645804_SRS2823411",20260809,"sct_data_all_qc_fit_selected384","exact500",500,"H0;H1_separate","complete_vietoris_rips",2,"Ripserr_primary;GUDHI_exact_resource_fallback",1800,12884901888,1,0,"closed","closed",FALSE
"mv08n_ph_queue_v1",1026,"mv08n_ph:internal124:SRA645804_SRS2823411:20260809:sct_pearson_residual_all_qc_fit_selected384:exact500","internal124","SRA645804_SRS2823411",20260809,"sct_pearson_residual_all_qc_fit_selected384","exact500",500,"H0;H1_separate","complete_vietoris_rips",2,"Ripserr_primary;GUDHI_exact_resource_fallback",1800,12884901888,1,0,"closed","closed",FALSE
"mv08n_ph_queue_v1",1027,"mv08n_ph:internal124:SRA645804_SRS2823412:20260809:sct_data_all_qc_fit_selected384:exact500","internal124","SRA645804_SRS2823412",20260809,"sct_data_all_qc_fit_selected384","exact500",500,"H0;H1_separate","complete_vietoris_rips",2,"Ripserr_primary;GUDHI_exact_resource_fallback",1800,12884901888,1,0,"closed","closed",FALSE
"mv08n_ph_queue_v1",1028,"mv08n_ph:internal124:SRA645804_SRS2823412:20260809:sct_pearson_residual_all_qc_fit_selected384:exact500","internal124","SRA645804_SRS2823412",20260809,"sct_pearson_residual_all_qc_fit_selected384","exact500",500,"H0;H1_separate","complete_vietoris_rips",2,"Ripserr_primary;GUDHI_exact_resource_fallback",1800,12884901888,1,0,"closed","closed",FALSE
"mv08n_ph_queue_v1",1029,"mv08n_ph:internal124:SRA645804_SRS3572594:20260809:sct_data_all_qc_fit_selected384:exact500","internal124","SRA645804_SRS3572594",20260809,"sct_data_all_qc_fit_selected384","exact500",500,"H0;H1_separate","complete_vietoris_rips",2,"Ripserr_primary;GUDHI_exact_resource_fallback",1800,12884901888,1,0,"closed","closed",FALSE
"mv08n_ph_queue_v1",1030,"mv08n_ph:internal124:SRA645804_SRS3572594:20260809:sct_pearson_residual_all_qc_fit_selected384:exact500","internal124","SRA645804_SRS3572594",20260809,"sct_pearson_residual_all_qc_fit_selected384","exact500",500,"H0;H1_separate","complete_vietoris_rips",2,"Ripserr_primary;GUDHI_exact_resource_fallback",1800,12884901888,1,0,"closed","closed",FALSE
"mv08n_ph_queue_v1",1031,"mv08n_ph:internal124:SRA667709_SRS3065426:20260809:sct_data_all_qc_fit_selected384:exact500","internal124","SRA667709_SRS3065426",20260809,"sct_data_all_qc_fit_selected384","exact500",500,"H0;H1_separate","complete_vietoris_rips",2,"Ripserr_primary;GUDHI_exact_resource_fallback",1800,12884901888,1,0,"closed","closed",FALSE
"mv08n_ph_queue_v1",1032,"mv08n_ph:internal124:SRA667709_SRS3065426:20260809:sct_pearson_residual_all_qc_fit_selected384:exact500","internal124","SRA667709_SRS3065426",20260809,"sct_pearson_residual_all_qc_fit_selected384","exact500",500,"H0;H1_separate","complete_vietoris_rips",2,"Ripserr_primary;GUDHI_exact_resource_fallback",1800,12884901888,1,0,"closed","closed",FALSE
"mv08n_ph_queue_v1",1033,"mv08n_ph:internal124:SRA667709_SRS3065427:20260809:sct_data_all_qc_fit_selected384:exact500","internal124","SRA667709_SRS3065427",20260809,"sct_data_all_qc_fit_selected384","exact500",500,"H0;H1_separate","complete_vietoris_rips",2,"Ripserr_primary;GUDHI_exact_resource_fallback",1800,12884901888,1,0,"closed","closed",FALSE
"mv08n_ph_queue_v1",1034,"mv08n_ph:internal124:SRA667709_SRS3065427:20260809:sct_pearson_residual_all_qc_fit_selected384:exact500","internal124","SRA667709_SRS3065427",20260809,"sct_pearson_residual_all_qc_fit_selected384","exact500",500,"H0;H1_separate","complete_vietoris_rips",2,"Ripserr_primary;GUDHI_exact_resource_fallback",1800,12884901888,1,0,"closed","closed",FALSE
"mv08n_ph_queue_v1",1035,"mv08n_ph:internal124:SRA667709_SRS3065428:20260809:sct_data_all_qc_fit_selected384:exact500","internal124","SRA667709_SRS3065428",20260809,"sct_data_all_qc_fit_selected384","exact500",500,"H0;H1_separate","complete_vietoris_rips",2,"Ripserr_primary;GUDHI_exact_resource_fallback",1800,12884901888,1,0,"closed","closed",FALSE
"mv08n_ph_queue_v1",1036,"mv08n_ph:internal124:SRA667709_SRS3065428:20260809:sct_pearson_residual_all_qc_fit_selected384:exact500","internal124","SRA667709_SRS3065428",20260809,"sct_pearson_residual_all_qc_fit_selected384","exact500",500,"H0;H1_separate","complete_vietoris_rips",2,"Ripserr_primary;GUDHI_exact_resource_fallback",1800,12884901888,1,0,"closed","closed",FALSE
"mv08n_ph_queue_v1",1037,"mv08n_ph:internal124:SRA667709_SRS3065429:20260809:sct_data_all_qc_fit_selected384:exact500","internal124","SRA667709_SRS3065429",20260809,"sct_data_all_qc_fit_selected384","exact500",500,"H0;H1_separate","complete_vietoris_rips",2,"Ripserr_primary;GUDHI_exact_resource_fallback",1800,12884901888,1,0,"closed","closed",FALSE
"mv08n_ph_queue_v1",1038,"mv08n_ph:internal124:SRA667709_SRS3065429:20260809:sct_pearson_residual_all_qc_fit_selected384:exact500","internal124","SRA667709_SRS3065429",20260809,"sct_pearson_residual_all_qc_fit_selected384","exact500",500,"H0;H1_separate","complete_vietoris_rips",2,"Ripserr_primary;GUDHI_exact_resource_fallback",1800,12884901888,1,0,"closed","closed",FALSE
"mv08n_ph_queue_v1",1039,"mv08n_ph:internal124:SRA667709_SRS3065430:20260809:sct_data_all_qc_fit_selected384:exact500","internal124","SRA667709_SRS3065430",20260809,"sct_data_all_qc_fit_selected384","exact500",500,"H0;H1_separate","complete_vietoris_rips",2,"Ripserr_primary;GUDHI_exact_resource_fallback",1800,12884901888,1,0,"closed","closed",FALSE
"mv08n_ph_queue_v1",1040,"mv08n_ph:internal124:SRA667709_SRS3065430:20260809:sct_pearson_residual_all_qc_fit_selected384:exact500","internal124","SRA667709_SRS3065430",20260809,"sct_pearson_residual_all_qc_fit_selected384","exact500",500,"H0;H1_separate","complete_vietoris_rips",2,"Ripserr_primary;GUDHI_exact_resource_fallback",1800,12884901888,1,0,"closed","closed",FALSE
"mv08n_ph_queue_v1",1041,"mv08n_ph:internal124:SRA667709_SRS3065431:20260809:sct_data_all_qc_fit_selected384:exact500","internal124","SRA667709_SRS3065431",20260809,"sct_data_all_qc_fit_selected384","exact500",500,"H0;H1_separate","complete_vietoris_rips",2,"Ripserr_primary;GUDHI_exact_resource_fallback",1800,12884901888,1,0,"closed","closed",FALSE
"mv08n_ph_queue_v1",1042,"mv08n_ph:internal124:SRA667709_SRS3065431:20260809:sct_pearson_residual_all_qc_fit_selected384:exact500","internal124","SRA667709_SRS3065431",20260809,"sct_pearson_residual_all_qc_fit_selected384","exact500",500,"H0;H1_separate","complete_vietoris_rips",2,"Ripserr_primary;GUDHI_exact_resource_fallback",1800,12884901888,1,0,"closed","closed",FALSE
"mv08n_ph_queue_v1",1043,"mv08n_ph:internal124:SRA701877_SRS3279684:20260809:sct_data_all_qc_fit_selected384:exact500","internal124","SRA701877_SRS3279684",20260809,"sct_data_all_qc_fit_selected384","exact500",500,"H0;H1_separate","complete_vietoris_rips",2,"Ripserr_primary;GUDHI_exact_resource_fallback",1800,12884901888,1,0,"closed","closed",FALSE
"mv08n_ph_queue_v1",1044,"mv08n_ph:internal124:SRA701877_SRS3279684:20260809:sct_pearson_residual_all_qc_fit_selected384:exact500","internal124","SRA701877_SRS3279684",20260809,"sct_pearson_residual_all_qc_fit_selected384","exact500",500,"H0;H1_separate","complete_vietoris_rips",2,"Ripserr_primary;GUDHI_exact_resource_fallback",1800,12884901888,1,0,"closed","closed",FALSE
"mv08n_ph_queue_v1",1045,"mv08n_ph:internal124:SRA701877_SRS3279685:20260809:sct_data_all_qc_fit_selected384:exact500","internal124","SRA701877_SRS3279685",20260809,"sct_data_all_qc_fit_selected384","exact500",500,"H0;H1_separate","complete_vietoris_rips",2,"Ripserr_primary;GUDHI_exact_resource_fallback",1800,12884901888,1,0,"closed","closed",FALSE
"mv08n_ph_queue_v1",1046,"mv08n_ph:internal124:SRA701877_SRS3279685:20260809:sct_pearson_residual_all_qc_fit_selected384:exact500","internal124","SRA701877_SRS3279685",20260809,"sct_pearson_residual_all_qc_fit_selected384","exact500",500,"H0;H1_separate","complete_vietoris_rips",2,"Ripserr_primary;GUDHI_exact_resource_fallback",1800,12884901888,1,0,"closed","closed",FALSE
"mv08n_ph_queue_v1",1047,"mv08n_ph:internal124:SRA701877_SRS3279686:20260809:sct_data_all_qc_fit_selected384:exact500","internal124","SRA701877_SRS3279686",20260809,"sct_data_all_qc_fit_selected384","exact500",500,"H0;H1_separate","complete_vietoris_rips",2,"Ripserr_primary;GUDHI_exact_resource_fallback",1800,12884901888,1,0,"closed","closed",FALSE
"mv08n_ph_queue_v1",1048,"mv08n_ph:internal124:SRA701877_SRS3279686:20260809:sct_pearson_residual_all_qc_fit_selected384:exact500","internal124","SRA701877_SRS3279686",20260809,"sct_pearson_residual_all_qc_fit_selected384","exact500",500,"H0;H1_separate","complete_vietoris_rips",2,"Ripserr_primary;GUDHI_exact_resource_fallback",1800,12884901888,1,0,"closed","closed",FALSE
"mv08n_ph_queue_v1",1049,"mv08n_ph:internal124:SRA701877_SRS3279687:20260809:sct_data_all_qc_fit_selected384:exact500","internal124","SRA701877_SRS3279687",20260809,"sct_data_all_qc_fit_selected384","exact500",500,"H0;H1_separate","complete_vietoris_rips",2,"Ripserr_primary;GUDHI_exact_resource_fallback",1800,12884901888,1,0,"closed","closed",FALSE
"mv08n_ph_queue_v1",1050,"mv08n_ph:internal124:SRA701877_SRS3279687:20260809:sct_pearson_residual_all_qc_fit_selected384:exact500","internal124","SRA701877_SRS3279687",20260809,"sct_pearson_residual_all_qc_fit_selected384","exact500",500,"H0;H1_separate","complete_vietoris_rips",2,"Ripserr_primary;GUDHI_exact_resource_fallback",1800,12884901888,1,0,"closed","closed",FALSE
"mv08n_ph_queue_v1",1051,"mv08n_ph:internal124:SRA701877_SRS3279688:20260809:sct_data_all_qc_fit_selected384:exact500","internal124","SRA701877_SRS3279688",20260809,"sct_data_all_qc_fit_selected384","exact500",500,"H0;H1_separate","complete_vietoris_rips",2,"Ripserr_primary;GUDHI_exact_resource_fallback",1800,12884901888,1,0,"closed","closed",FALSE
"mv08n_ph_queue_v1",1052,"mv08n_ph:internal124:SRA701877_SRS3279688:20260809:sct_pearson_residual_all_qc_fit_selected384:exact500","internal124","SRA701877_SRS3279688",20260809,"sct_pearson_residual_all_qc_fit_selected384","exact500",500,"H0;H1_separate","complete_vietoris_rips",2,"Ripserr_primary;GUDHI_exact_resource_fallback",1800,12884901888,1,0,"closed","closed",FALSE
"mv08n_ph_queue_v1",1053,"mv08n_ph:internal124:SRA701877_SRS3279689:20260809:sct_data_all_qc_fit_selected384:exact500","internal124","SRA701877_SRS3279689",20260809,"sct_data_all_qc_fit_selected384","exact500",500,"H0;H1_separate","complete_vietoris_rips",2,"Ripserr_primary;GUDHI_exact_resource_fallback",1800,12884901888,1,0,"closed","closed",FALSE
"mv08n_ph_queue_v1",1054,"mv08n_ph:internal124:SRA701877_SRS3279689:20260809:sct_pearson_residual_all_qc_fit_selected384:exact500","internal124","SRA701877_SRS3279689",20260809,"sct_pearson_residual_all_qc_fit_selected384","exact500",500,"H0;H1_separate","complete_vietoris_rips",2,"Ripserr_primary;GUDHI_exact_resource_fallback",1800,12884901888,1,0,"closed","closed",FALSE
"mv08n_ph_queue_v1",1055,"mv08n_ph:internal124:SRA701877_SRS3279690:20260809:sct_data_all_qc_fit_selected384:exact500","internal124","SRA701877_SRS3279690",20260809,"sct_data_all_qc_fit_selected384","exact500",500,"H0;H1_separate","complete_vietoris_rips",2,"Ripserr_primary;GUDHI_exact_resource_fallback",1800,12884901888,1,0,"closed","closed",FALSE
"mv08n_ph_queue_v1",1056,"mv08n_ph:internal124:SRA701877_SRS3279690:20260809:sct_pearson_residual_all_qc_fit_selected384:exact500","internal124","SRA701877_SRS3279690",20260809,"sct_pearson_residual_all_qc_fit_selected384","exact500",500,"H0;H1_separate","complete_vietoris_rips",2,"Ripserr_primary;GUDHI_exact_resource_fallback",1800,12884901888,1,0,"closed","closed",FALSE
"mv08n_ph_queue_v1",1057,"mv08n_ph:internal124:SRA701877_SRS3279691:20260809:sct_data_all_qc_fit_selected384:exact500","internal124","SRA701877_SRS3279691",20260809,"sct_data_all_qc_fit_selected384","exact500",500,"H0;H1_separate","complete_vietoris_rips",2,"Ripserr_primary;GUDHI_exact_resource_fallback",1800,12884901888,1,0,"closed","closed",FALSE
"mv08n_ph_queue_v1",1058,"mv08n_ph:internal124:SRA701877_SRS3279691:20260809:sct_pearson_residual_all_qc_fit_selected384:exact500","internal124","SRA701877_SRS3279691",20260809,"sct_pearson_residual_all_qc_fit_selected384","exact500",500,"H0;H1_separate","complete_vietoris_rips",2,"Ripserr_primary;GUDHI_exact_resource_fallback",1800,12884901888,1,0,"closed","closed",FALSE
"mv08n_ph_queue_v1",1059,"mv08n_ph:internal124:SRA701877_SRS3279692:20260809:sct_data_all_qc_fit_selected384:exact500","internal124","SRA701877_SRS3279692",20260809,"sct_data_all_qc_fit_selected384","exact500",500,"H0;H1_separate","complete_vietoris_rips",2,"Ripserr_primary;GUDHI_exact_resource_fallback",1800,12884901888,1,0,"closed","closed",FALSE
"mv08n_ph_queue_v1",1060,"mv08n_ph:internal124:SRA701877_SRS3279692:20260809:sct_pearson_residual_all_qc_fit_selected384:exact500","internal124","SRA701877_SRS3279692",20260809,"sct_pearson_residual_all_qc_fit_selected384","exact500",500,"H0;H1_separate","complete_vietoris_rips",2,"Ripserr_primary;GUDHI_exact_resource_fallback",1800,12884901888,1,0,"closed","closed",FALSE
"mv08n_ph_queue_v1",1061,"mv08n_ph:internal124:SRA701877_SRS3279693:20260809:sct_data_all_qc_fit_selected384:exact500","internal124","SRA701877_SRS3279693",20260809,"sct_data_all_qc_fit_selected384","exact500",500,"H0;H1_separate","complete_vietoris_rips",2,"Ripserr_primary;GUDHI_exact_resource_fallback",1800,12884901888,1,0,"closed","closed",FALSE
"mv08n_ph_queue_v1",1062,"mv08n_ph:internal124:SRA701877_SRS3279693:20260809:sct_pearson_residual_all_qc_fit_selected384:exact500","internal124","SRA701877_SRS3279693",20260809,"sct_pearson_residual_all_qc_fit_selected384","exact500",500,"H0;H1_separate","complete_vietoris_rips",2,"Ripserr_primary;GUDHI_exact_resource_fallback",1800,12884901888,1,0,"closed","closed",FALSE
"mv08n_ph_queue_v1",1063,"mv08n_ph:internal124:SRA701877_SRS3279694:20260809:sct_data_all_qc_fit_selected384:exact500","internal124","SRA701877_SRS3279694",20260809,"sct_data_all_qc_fit_selected384","exact500",500,"H0;H1_separate","complete_vietoris_rips",2,"Ripserr_primary;GUDHI_exact_resource_fallback",1800,12884901888,1,0,"closed","closed",FALSE
"mv08n_ph_queue_v1",1064,"mv08n_ph:internal124:SRA701877_SRS3279694:20260809:sct_pearson_residual_all_qc_fit_selected384:exact500","internal124","SRA701877_SRS3279694",20260809,"sct_pearson_residual_all_qc_fit_selected384","exact500",500,"H0;H1_separate","complete_vietoris_rips",2,"Ripserr_primary;GUDHI_exact_resource_fallback",1800,12884901888,1,0,"closed","closed",FALSE
"mv08n_ph_queue_v1",1065,"mv08n_ph:internal124:SRA701877_SRS3279695:20260809:sct_data_all_qc_fit_selected384:exact500","internal124","SRA701877_SRS3279695",20260809,"sct_data_all_qc_fit_selected384","exact500",500,"H0;H1_separate","complete_vietoris_rips",2,"Ripserr_primary;GUDHI_exact_resource_fallback",1800,12884901888,1,0,"closed","closed",FALSE
"mv08n_ph_queue_v1",1066,"mv08n_ph:internal124:SRA701877_SRS3279695:20260809:sct_pearson_residual_all_qc_fit_selected384:exact500","internal124","SRA701877_SRS3279695",20260809,"sct_pearson_residual_all_qc_fit_selected384","exact500",500,"H0;H1_separate","complete_vietoris_rips",2,"Ripserr_primary;GUDHI_exact_resource_fallback",1800,12884901888,1,0,"closed","closed",FALSE
"mv08n_ph_queue_v1",1067,"mv08n_ph:internal124:SRA703206_SRS3296611:20260809:sct_data_all_qc_fit_selected384:exact500","internal124","SRA703206_SRS3296611",20260809,"sct_data_all_qc_fit_selected384","exact500",500,"H0;H1_separate","complete_vietoris_rips",2,"Ripserr_primary;GUDHI_exact_resource_fallback",1800,12884901888,1,0,"closed","closed",FALSE
"mv08n_ph_queue_v1",1068,"mv08n_ph:internal124:SRA703206_SRS3296611:20260809:sct_pearson_residual_all_qc_fit_selected384:exact500","internal124","SRA703206_SRS3296611",20260809,"sct_pearson_residual_all_qc_fit_selected384","exact500",500,"H0;H1_separate","complete_vietoris_rips",2,"Ripserr_primary;GUDHI_exact_resource_fallback",1800,12884901888,1,0,"closed","closed",FALSE
"mv08n_ph_queue_v1",1069,"mv08n_ph:internal124:SRA703206_SRS3296612:20260809:sct_data_all_qc_fit_selected384:exact500","internal124","SRA703206_SRS3296612",20260809,"sct_data_all_qc_fit_selected384","exact500",500,"H0;H1_separate","complete_vietoris_rips",2,"Ripserr_primary;GUDHI_exact_resource_fallback",1800,12884901888,1,0,"closed","closed",FALSE
"mv08n_ph_queue_v1",1070,"mv08n_ph:internal124:SRA703206_SRS3296612:20260809:sct_pearson_residual_all_qc_fit_selected384:exact500","internal124","SRA703206_SRS3296612",20260809,"sct_pearson_residual_all_qc_fit_selected384","exact500",500,"H0;H1_separate","complete_vietoris_rips",2,"Ripserr_primary;GUDHI_exact_resource_fallback",1800,12884901888,1,0,"closed","closed",FALSE
"mv08n_ph_queue_v1",1071,"mv08n_ph:internal124:SRA703206_SRS3296613:20260809:sct_data_all_qc_fit_selected384:exact500","internal124","SRA703206_SRS3296613",20260809,"sct_data_all_qc_fit_selected384","exact500",500,"H0;H1_separate","complete_vietoris_rips",2,"Ripserr_primary;GUDHI_exact_resource_fallback",1800,12884901888,1,0,"closed","closed",FALSE
"mv08n_ph_queue_v1",1072,"mv08n_ph:internal124:SRA703206_SRS3296613:20260809:sct_pearson_residual_all_qc_fit_selected384:exact500","internal124","SRA703206_SRS3296613",20260809,"sct_pearson_residual_all_qc_fit_selected384","exact500",500,"H0;H1_separate","complete_vietoris_rips",2,"Ripserr_primary;GUDHI_exact_resource_fallback",1800,12884901888,1,0,"closed","closed",FALSE
"mv08n_ph_queue_v1",1073,"mv08n_ph:internal124:SRA703206_SRS3296614:20260809:sct_data_all_qc_fit_selected384:exact500","internal124","SRA703206_SRS3296614",20260809,"sct_data_all_qc_fit_selected384","exact500",500,"H0;H1_separate","complete_vietoris_rips",2,"Ripserr_primary;GUDHI_exact_resource_fallback",1800,12884901888,1,0,"closed","closed",FALSE
"mv08n_ph_queue_v1",1074,"mv08n_ph:internal124:SRA703206_SRS3296614:20260809:sct_pearson_residual_all_qc_fit_selected384:exact500","internal124","SRA703206_SRS3296614",20260809,"sct_pearson_residual_all_qc_fit_selected384","exact500",500,"H0;H1_separate","complete_vietoris_rips",2,"Ripserr_primary;GUDHI_exact_resource_fallback",1800,12884901888,1,0,"closed","closed",FALSE
"mv08n_ph_queue_v1",1075,"mv08n_ph:internal124:SRA713577_SRS3363004:20260809:sct_data_all_qc_fit_selected384:exact500","internal124","SRA713577_SRS3363004",20260809,"sct_data_all_qc_fit_selected384","exact500",500,"H0;H1_separate","complete_vietoris_rips",2,"Ripserr_primary;GUDHI_exact_resource_fallback",1800,12884901888,1,0,"closed","closed",FALSE
"mv08n_ph_queue_v1",1076,"mv08n_ph:internal124:SRA713577_SRS3363004:20260809:sct_pearson_residual_all_qc_fit_selected384:exact500","internal124","SRA713577_SRS3363004",20260809,"sct_pearson_residual_all_qc_fit_selected384","exact500",500,"H0;H1_separate","complete_vietoris_rips",2,"Ripserr_primary;GUDHI_exact_resource_fallback",1800,12884901888,1,0,"closed","closed",FALSE
"mv08n_ph_queue_v1",1077,"mv08n_ph:internal124:SRA716608_SRS3391629:20260809:sct_data_all_qc_fit_selected384:exact500","internal124","SRA716608_SRS3391629",20260809,"sct_data_all_qc_fit_selected384","exact500",500,"H0;H1_separate","complete_vietoris_rips",2,"Ripserr_primary;GUDHI_exact_resource_fallback",1800,12884901888,1,0,"closed","closed",FALSE
"mv08n_ph_queue_v1",1078,"mv08n_ph:internal124:SRA716608_SRS3391629:20260809:sct_pearson_residual_all_qc_fit_selected384:exact500","internal124","SRA716608_SRS3391629",20260809,"sct_pearson_residual_all_qc_fit_selected384","exact500",500,"H0;H1_separate","complete_vietoris_rips",2,"Ripserr_primary;GUDHI_exact_resource_fallback",1800,12884901888,1,0,"closed","closed",FALSE
"mv08n_ph_queue_v1",1079,"mv08n_ph:internal124:SRA716608_SRS3391630:20260809:sct_data_all_qc_fit_selected384:exact500","internal124","SRA716608_SRS3391630",20260809,"sct_data_all_qc_fit_selected384","exact500",500,"H0;H1_separate","complete_vietoris_rips",2,"Ripserr_primary;GUDHI_exact_resource_fallback",1800,12884901888,1,0,"closed","closed",FALSE
"mv08n_ph_queue_v1",1080,"mv08n_ph:internal124:SRA716608_SRS3391630:20260809:sct_pearson_residual_all_qc_fit_selected384:exact500","internal124","SRA716608_SRS3391630",20260809,"sct_pearson_residual_all_qc_fit_selected384","exact500",500,"H0;H1_separate","complete_vietoris_rips",2,"Ripserr_primary;GUDHI_exact_resource_fallback",1800,12884901888,1,0,"closed","closed",FALSE
"mv08n_ph_queue_v1",1081,"mv08n_ph:internal124:SRA716608_SRS3391631:20260809:sct_data_all_qc_fit_selected384:exact500","internal124","SRA716608_SRS3391631",20260809,"sct_data_all_qc_fit_selected384","exact500",500,"H0;H1_separate","complete_vietoris_rips",2,"Ripserr_primary;GUDHI_exact_resource_fallback",1800,12884901888,1,0,"closed","closed",FALSE
"mv08n_ph_queue_v1",1082,"mv08n_ph:internal124:SRA716608_SRS3391631:20260809:sct_pearson_residual_all_qc_fit_selected384:exact500","internal124","SRA716608_SRS3391631",20260809,"sct_pearson_residual_all_qc_fit_selected384","exact500",500,"H0;H1_separate","complete_vietoris_rips",2,"Ripserr_primary;GUDHI_exact_resource_fallback",1800,12884901888,1,0,"closed","closed",FALSE
"mv08n_ph_queue_v1",1083,"mv08n_ph:internal124:SRA716608_SRS3391632:20260809:sct_data_all_qc_fit_selected384:exact500","internal124","SRA716608_SRS3391632",20260809,"sct_data_all_qc_fit_selected384","exact500",500,"H0;H1_separate","complete_vietoris_rips",2,"Ripserr_primary;GUDHI_exact_resource_fallback",1800,12884901888,1,0,"closed","closed",FALSE
"mv08n_ph_queue_v1",1084,"mv08n_ph:internal124:SRA716608_SRS3391632:20260809:sct_pearson_residual_all_qc_fit_selected384:exact500","internal124","SRA716608_SRS3391632",20260809,"sct_pearson_residual_all_qc_fit_selected384","exact500",500,"H0;H1_separate","complete_vietoris_rips",2,"Ripserr_primary;GUDHI_exact_resource_fallback",1800,12884901888,1,0,"closed","closed",FALSE
"mv08n_ph_queue_v1",1085,"mv08n_ph:internal124:SRA716608_SRS3391633:20260809:sct_data_all_qc_fit_selected384:exact500","internal124","SRA716608_SRS3391633",20260809,"sct_data_all_qc_fit_selected384","exact500",500,"H0;H1_separate","complete_vietoris_rips",2,"Ripserr_primary;GUDHI_exact_resource_fallback",1800,12884901888,1,0,"closed","closed",FALSE
"mv08n_ph_queue_v1",1086,"mv08n_ph:internal124:SRA716608_SRS3391633:20260809:sct_pearson_residual_all_qc_fit_selected384:exact500","internal124","SRA716608_SRS3391633",20260809,"sct_pearson_residual_all_qc_fit_selected384","exact500",500,"H0;H1_separate","complete_vietoris_rips",2,"Ripserr_primary;GUDHI_exact_resource_fallback",1800,12884901888,1,0,"closed","closed",FALSE
"mv08n_ph_queue_v1",1087,"mv08n_ph:internal124:SRA728025_SRS3454421:20260809:sct_data_all_qc_fit_selected384:exact500","internal124","SRA728025_SRS3454421",20260809,"sct_data_all_qc_fit_selected384","exact500",500,"H0;H1_separate","complete_vietoris_rips",2,"Ripserr_primary;GUDHI_exact_resource_fallback",1800,12884901888,1,0,"closed","closed",FALSE
"mv08n_ph_queue_v1",1088,"mv08n_ph:internal124:SRA728025_SRS3454421:20260809:sct_pearson_residual_all_qc_fit_selected384:exact500","internal124","SRA728025_SRS3454421",20260809,"sct_pearson_residual_all_qc_fit_selected384","exact500",500,"H0;H1_separate","complete_vietoris_rips",2,"Ripserr_primary;GUDHI_exact_resource_fallback",1800,12884901888,1,0,"closed","closed",FALSE
"mv08n_ph_queue_v1",1089,"mv08n_ph:internal124:SRA728025_SRS3454422:20260809:sct_data_all_qc_fit_selected384:exact500","internal124","SRA728025_SRS3454422",20260809,"sct_data_all_qc_fit_selected384","exact500",500,"H0;H1_separate","complete_vietoris_rips",2,"Ripserr_primary;GUDHI_exact_resource_fallback",1800,12884901888,1,0,"closed","closed",FALSE
"mv08n_ph_queue_v1",1090,"mv08n_ph:internal124:SRA728025_SRS3454422:20260809:sct_pearson_residual_all_qc_fit_selected384:exact500","internal124","SRA728025_SRS3454422",20260809,"sct_pearson_residual_all_qc_fit_selected384","exact500",500,"H0;H1_separate","complete_vietoris_rips",2,"Ripserr_primary;GUDHI_exact_resource_fallback",1800,12884901888,1,0,"closed","closed",FALSE
"mv08n_ph_queue_v1",1091,"mv08n_ph:internal124:SRA728025_SRS3454423:20260809:sct_data_all_qc_fit_selected384:exact500","internal124","SRA728025_SRS3454423",20260809,"sct_data_all_qc_fit_selected384","exact500",500,"H0;H1_separate","complete_vietoris_rips",2,"Ripserr_primary;GUDHI_exact_resource_fallback",1800,12884901888,1,0,"closed","closed",FALSE
"mv08n_ph_queue_v1",1092,"mv08n_ph:internal124:SRA728025_SRS3454423:20260809:sct_pearson_residual_all_qc_fit_selected384:exact500","internal124","SRA728025_SRS3454423",20260809,"sct_pearson_residual_all_qc_fit_selected384","exact500",500,"H0;H1_separate","complete_vietoris_rips",2,"Ripserr_primary;GUDHI_exact_resource_fallback",1800,12884901888,1,0,"closed","closed",FALSE
"mv08n_ph_queue_v1",1093,"mv08n_ph:internal124:SRA728025_SRS3454424:20260809:sct_data_all_qc_fit_selected384:exact500","internal124","SRA728025_SRS3454424",20260809,"sct_data_all_qc_fit_selected384","exact500",500,"H0;H1_separate","complete_vietoris_rips",2,"Ripserr_primary;GUDHI_exact_resource_fallback",1800,12884901888,1,0,"closed","closed",FALSE
"mv08n_ph_queue_v1",1094,"mv08n_ph:internal124:SRA728025_SRS3454424:20260809:sct_pearson_residual_all_qc_fit_selected384:exact500","internal124","SRA728025_SRS3454424",20260809,"sct_pearson_residual_all_qc_fit_selected384","exact500",500,"H0;H1_separate","complete_vietoris_rips",2,"Ripserr_primary;GUDHI_exact_resource_fallback",1800,12884901888,1,0,"closed","closed",FALSE
"mv08n_ph_queue_v1",1095,"mv08n_ph:internal124:SRA728025_SRS3454425:20260809:sct_data_all_qc_fit_selected384:exact500","internal124","SRA728025_SRS3454425",20260809,"sct_data_all_qc_fit_selected384","exact500",500,"H0;H1_separate","complete_vietoris_rips",2,"Ripserr_primary;GUDHI_exact_resource_fallback",1800,12884901888,1,0,"closed","closed",FALSE
"mv08n_ph_queue_v1",1096,"mv08n_ph:internal124:SRA728025_SRS3454425:20260809:sct_pearson_residual_all_qc_fit_selected384:exact500","internal124","SRA728025_SRS3454425",20260809,"sct_pearson_residual_all_qc_fit_selected384","exact500",500,"H0;H1_separate","complete_vietoris_rips",2,"Ripserr_primary;GUDHI_exact_resource_fallback",1800,12884901888,1,0,"closed","closed",FALSE
"mv08n_ph_queue_v1",1097,"mv08n_ph:internal124:SRA728025_SRS3454426:20260809:sct_data_all_qc_fit_selected384:exact500","internal124","SRA728025_SRS3454426",20260809,"sct_data_all_qc_fit_selected384","exact500",500,"H0;H1_separate","complete_vietoris_rips",2,"Ripserr_primary;GUDHI_exact_resource_fallback",1800,12884901888,1,0,"closed","closed",FALSE
"mv08n_ph_queue_v1",1098,"mv08n_ph:internal124:SRA728025_SRS3454426:20260809:sct_pearson_residual_all_qc_fit_selected384:exact500","internal124","SRA728025_SRS3454426",20260809,"sct_pearson_residual_all_qc_fit_selected384","exact500",500,"H0;H1_separate","complete_vietoris_rips",2,"Ripserr_primary;GUDHI_exact_resource_fallback",1800,12884901888,1,0,"closed","closed",FALSE
"mv08n_ph_queue_v1",1099,"mv08n_ph:internal124:SRA728025_SRS3454427:20260809:sct_data_all_qc_fit_selected384:exact500","internal124","SRA728025_SRS3454427",20260809,"sct_data_all_qc_fit_selected384","exact500",500,"H0;H1_separate","complete_vietoris_rips",2,"Ripserr_primary;GUDHI_exact_resource_fallback",1800,12884901888,1,0,"closed","closed",FALSE
"mv08n_ph_queue_v1",1100,"mv08n_ph:internal124:SRA728025_SRS3454427:20260809:sct_pearson_residual_all_qc_fit_selected384:exact500","internal124","SRA728025_SRS3454427",20260809,"sct_pearson_residual_all_qc_fit_selected384","exact500",500,"H0;H1_separate","complete_vietoris_rips",2,"Ripserr_primary;GUDHI_exact_resource_fallback",1800,12884901888,1,0,"closed","closed",FALSE
"mv08n_ph_queue_v1",1101,"mv08n_ph:internal124:SRA728025_SRS3454428:20260809:sct_data_all_qc_fit_selected384:exact500","internal124","SRA728025_SRS3454428",20260809,"sct_data_all_qc_fit_selected384","exact500",500,"H0;H1_separate","complete_vietoris_rips",2,"Ripserr_primary;GUDHI_exact_resource_fallback",1800,12884901888,1,0,"closed","closed",FALSE
"mv08n_ph_queue_v1",1102,"mv08n_ph:internal124:SRA728025_SRS3454428:20260809:sct_pearson_residual_all_qc_fit_selected384:exact500","internal124","SRA728025_SRS3454428",20260809,"sct_pearson_residual_all_qc_fit_selected384","exact500",500,"H0;H1_separate","complete_vietoris_rips",2,"Ripserr_primary;GUDHI_exact_resource_fallback",1800,12884901888,1,0,"closed","closed",FALSE
"mv08n_ph_queue_v1",1103,"mv08n_ph:internal124:SRA728025_SRS3454430:20260809:sct_data_all_qc_fit_selected384:exact500","internal124","SRA728025_SRS3454430",20260809,"sct_data_all_qc_fit_selected384","exact500",500,"H0;H1_separate","complete_vietoris_rips",2,"Ripserr_primary;GUDHI_exact_resource_fallback",1800,12884901888,1,0,"closed","closed",FALSE
"mv08n_ph_queue_v1",1104,"mv08n_ph:internal124:SRA728025_SRS3454430:20260809:sct_pearson_residual_all_qc_fit_selected384:exact500","internal124","SRA728025_SRS3454430",20260809,"sct_pearson_residual_all_qc_fit_selected384","exact500",500,"H0;H1_separate","complete_vietoris_rips",2,"Ripserr_primary;GUDHI_exact_resource_fallback",1800,12884901888,1,0,"closed","closed",FALSE
"mv08n_ph_queue_v1",1105,"mv08n_ph:internal124:SRA740174_SRS3548780:20260809:sct_data_all_qc_fit_selected384:exact500","internal124","SRA740174_SRS3548780",20260809,"sct_data_all_qc_fit_selected384","exact500",500,"H0;H1_separate","complete_vietoris_rips",2,"Ripserr_primary;GUDHI_exact_resource_fallback",1800,12884901888,1,0,"closed","closed",FALSE
"mv08n_ph_queue_v1",1106,"mv08n_ph:internal124:SRA740174_SRS3548780:20260809:sct_pearson_residual_all_qc_fit_selected384:exact500","internal124","SRA740174_SRS3548780",20260809,"sct_pearson_residual_all_qc_fit_selected384","exact500",500,"H0;H1_separate","complete_vietoris_rips",2,"Ripserr_primary;GUDHI_exact_resource_fallback",1800,12884901888,1,0,"closed","closed",FALSE
"mv08n_ph_queue_v1",1107,"mv08n_ph:internal124:SRA740174_SRS3548781:20260809:sct_data_all_qc_fit_selected384:exact500","internal124","SRA740174_SRS3548781",20260809,"sct_data_all_qc_fit_selected384","exact500",500,"H0;H1_separate","complete_vietoris_rips",2,"Ripserr_primary;GUDHI_exact_resource_fallback",1800,12884901888,1,0,"closed","closed",FALSE
"mv08n_ph_queue_v1",1108,"mv08n_ph:internal124:SRA740174_SRS3548781:20260809:sct_pearson_residual_all_qc_fit_selected384:exact500","internal124","SRA740174_SRS3548781",20260809,"sct_pearson_residual_all_qc_fit_selected384","exact500",500,"H0;H1_separate","complete_vietoris_rips",2,"Ripserr_primary;GUDHI_exact_resource_fallback",1800,12884901888,1,0,"closed","closed",FALSE
"mv08n_ph_queue_v1",1109,"mv08n_ph:internal124:SRA740174_SRS3548782:20260809:sct_data_all_qc_fit_selected384:exact500","internal124","SRA740174_SRS3548782",20260809,"sct_data_all_qc_fit_selected384","exact500",500,"H0;H1_separate","complete_vietoris_rips",2,"Ripserr_primary;GUDHI_exact_resource_fallback",1800,12884901888,1,0,"closed","closed",FALSE
"mv08n_ph_queue_v1",1110,"mv08n_ph:internal124:SRA740174_SRS3548782:20260809:sct_pearson_residual_all_qc_fit_selected384:exact500","internal124","SRA740174_SRS3548782",20260809,"sct_pearson_residual_all_qc_fit_selected384","exact500",500,"H0;H1_separate","complete_vietoris_rips",2,"Ripserr_primary;GUDHI_exact_resource_fallback",1800,12884901888,1,0,"closed","closed",FALSE
"mv08n_ph_queue_v1",1111,"mv08n_ph:internal124:SRA740174_SRS3548783:20260809:sct_data_all_qc_fit_selected384:exact500","internal124","SRA740174_SRS3548783",20260809,"sct_data_all_qc_fit_selected384","exact500",500,"H0;H1_separate","complete_vietoris_rips",2,"Ripserr_primary;GUDHI_exact_resource_fallback",1800,12884901888,1,0,"closed","closed",FALSE
"mv08n_ph_queue_v1",1112,"mv08n_ph:internal124:SRA740174_SRS3548783:20260809:sct_pearson_residual_all_qc_fit_selected384:exact500","internal124","SRA740174_SRS3548783",20260809,"sct_pearson_residual_all_qc_fit_selected384","exact500",500,"H0;H1_separate","complete_vietoris_rips",2,"Ripserr_primary;GUDHI_exact_resource_fallback",1800,12884901888,1,0,"closed","closed",FALSE
"mv08n_ph_queue_v1",1113,"mv08n_ph:internal124:SRA742961_SRS3565195:20260809:sct_data_all_qc_fit_selected384:exact500","internal124","SRA742961_SRS3565195",20260809,"sct_data_all_qc_fit_selected384","exact500",500,"H0;H1_separate","complete_vietoris_rips",2,"Ripserr_primary;GUDHI_exact_resource_fallback",1800,12884901888,1,0,"closed","closed",FALSE
"mv08n_ph_queue_v1",1114,"mv08n_ph:internal124:SRA742961_SRS3565195:20260809:sct_pearson_residual_all_qc_fit_selected384:exact500","internal124","SRA742961_SRS3565195",20260809,"sct_pearson_residual_all_qc_fit_selected384","exact500",500,"H0;H1_separate","complete_vietoris_rips",2,"Ripserr_primary;GUDHI_exact_resource_fallback",1800,12884901888,1,0,"closed","closed",FALSE
"mv08n_ph_queue_v1",1115,"mv08n_ph:internal124:SRA742961_SRS3565196:20260809:sct_data_all_qc_fit_selected384:exact500","internal124","SRA742961_SRS3565196",20260809,"sct_data_all_qc_fit_selected384","exact500",500,"H0;H1_separate","complete_vietoris_rips",2,"Ripserr_primary;GUDHI_exact_resource_fallback",1800,12884901888,1,0,"closed","closed",FALSE
"mv08n_ph_queue_v1",1116,"mv08n_ph:internal124:SRA742961_SRS3565196:20260809:sct_pearson_residual_all_qc_fit_selected384:exact500","internal124","SRA742961_SRS3565196",20260809,"sct_pearson_residual_all_qc_fit_selected384","exact500",500,"H0;H1_separate","complete_vietoris_rips",2,"Ripserr_primary;GUDHI_exact_resource_fallback",1800,12884901888,1,0,"closed","closed",FALSE
"mv08n_ph_queue_v1",1117,"mv08n_ph:internal124:SRA742961_SRS3565197:20260809:sct_data_all_qc_fit_selected384:exact500","internal124","SRA742961_SRS3565197",20260809,"sct_data_all_qc_fit_selected384","exact500",500,"H0;H1_separate","complete_vietoris_rips",2,"Ripserr_primary;GUDHI_exact_resource_fallback",1800,12884901888,1,0,"closed","closed",FALSE
"mv08n_ph_queue_v1",1118,"mv08n_ph:internal124:SRA742961_SRS3565197:20260809:sct_pearson_residual_all_qc_fit_selected384:exact500","internal124","SRA742961_SRS3565197",20260809,"sct_pearson_residual_all_qc_fit_selected384","exact500",500,"H0;H1_separate","complete_vietoris_rips",2,"Ripserr_primary;GUDHI_exact_resource_fallback",1800,12884901888,1,0,"closed","closed",FALSE
"mv08n_ph_queue_v1",1119,"mv08n_ph:internal124:SRA742961_SRS3565198:20260809:sct_data_all_qc_fit_selected384:exact500","internal124","SRA742961_SRS3565198",20260809,"sct_data_all_qc_fit_selected384","exact500",500,"H0;H1_separate","complete_vietoris_rips",2,"Ripserr_primary;GUDHI_exact_resource_fallback",1800,12884901888,1,0,"closed","closed",FALSE
"mv08n_ph_queue_v1",1120,"mv08n_ph:internal124:SRA742961_SRS3565198:20260809:sct_pearson_residual_all_qc_fit_selected384:exact500","internal124","SRA742961_SRS3565198",20260809,"sct_pearson_residual_all_qc_fit_selected384","exact500",500,"H0;H1_separate","complete_vietoris_rips",2,"Ripserr_primary;GUDHI_exact_resource_fallback",1800,12884901888,1,0,"closed","closed",FALSE
"mv08n_ph_queue_v1",1121,"mv08n_ph:internal124:SRA742961_SRS3565199:20260809:sct_data_all_qc_fit_selected384:exact500","internal124","SRA742961_SRS3565199",20260809,"sct_data_all_qc_fit_selected384","exact500",500,"H0;H1_separate","complete_vietoris_rips",2,"Ripserr_primary;GUDHI_exact_resource_fallback",1800,12884901888,1,0,"closed","closed",FALSE
"mv08n_ph_queue_v1",1122,"mv08n_ph:internal124:SRA742961_SRS3565199:20260809:sct_pearson_residual_all_qc_fit_selected384:exact500","internal124","SRA742961_SRS3565199",20260809,"sct_pearson_residual_all_qc_fit_selected384","exact500",500,"H0;H1_separate","complete_vietoris_rips",2,"Ripserr_primary;GUDHI_exact_resource_fallback",1800,12884901888,1,0,"closed","closed",FALSE
"mv08n_ph_queue_v1",1123,"mv08n_ph:internal124:SRA742961_SRS3565201:20260809:sct_data_all_qc_fit_selected384:exact500","internal124","SRA742961_SRS3565201",20260809,"sct_data_all_qc_fit_selected384","exact500",500,"H0;H1_separate","complete_vietoris_rips",2,"Ripserr_primary;GUDHI_exact_resource_fallback",1800,12884901888,1,0,"closed","closed",FALSE
"mv08n_ph_queue_v1",1124,"mv08n_ph:internal124:SRA742961_SRS3565201:20260809:sct_pearson_residual_all_qc_fit_selected384:exact500","internal124","SRA742961_SRS3565201",20260809,"sct_pearson_residual_all_qc_fit_selected384","exact500",500,"H0;H1_separate","complete_vietoris_rips",2,"Ripserr_primary;GUDHI_exact_resource_fallback",1800,12884901888,1,0,"closed","closed",FALSE
"mv08n_ph_queue_v1",1125,"mv08n_ph:internal124:SRA742961_SRS3565202:20260809:sct_data_all_qc_fit_selected384:exact500","internal124","SRA742961_SRS3565202",20260809,"sct_data_all_qc_fit_selected384","exact500",500,"H0;H1_separate","complete_vietoris_rips",2,"Ripserr_primary;GUDHI_exact_resource_fallback",1800,12884901888,1,0,"closed","closed",FALSE
"mv08n_ph_queue_v1",1126,"mv08n_ph:internal124:SRA742961_SRS3565202:20260809:sct_pearson_residual_all_qc_fit_selected384:exact500","internal124","SRA742961_SRS3565202",20260809,"sct_pearson_residual_all_qc_fit_selected384","exact500",500,"H0;H1_separate","complete_vietoris_rips",2,"Ripserr_primary;GUDHI_exact_resource_fallback",1800,12884901888,1,0,"closed","closed",FALSE
"mv08n_ph_queue_v1",1127,"mv08n_ph:internal124:SRA742961_SRS3565203:20260809:sct_data_all_qc_fit_selected384:exact500","internal124","SRA742961_SRS3565203",20260809,"sct_data_all_qc_fit_selected384","exact500",500,"H0;H1_separate","complete_vietoris_rips",2,"Ripserr_primary;GUDHI_exact_resource_fallback",1800,12884901888,1,0,"closed","closed",FALSE
"mv08n_ph_queue_v1",1128,"mv08n_ph:internal124:SRA742961_SRS3565203:20260809:sct_pearson_residual_all_qc_fit_selected384:exact500","internal124","SRA742961_SRS3565203",20260809,"sct_pearson_residual_all_qc_fit_selected384","exact500",500,"H0;H1_separate","complete_vietoris_rips",2,"Ripserr_primary;GUDHI_exact_resource_fallback",1800,12884901888,1,0,"closed","closed",FALSE
"mv08n_ph_queue_v1",1129,"mv08n_ph:internal124:SRA742961_SRS3565204:20260809:sct_data_all_qc_fit_selected384:exact500","internal124","SRA742961_SRS3565204",20260809,"sct_data_all_qc_fit_selected384","exact500",500,"H0;H1_separate","complete_vietoris_rips",2,"Ripserr_primary;GUDHI_exact_resource_fallback",1800,12884901888,1,0,"closed","closed",FALSE
"mv08n_ph_queue_v1",1130,"mv08n_ph:internal124:SRA742961_SRS3565204:20260809:sct_pearson_residual_all_qc_fit_selected384:exact500","internal124","SRA742961_SRS3565204",20260809,"sct_pearson_residual_all_qc_fit_selected384","exact500",500,"H0;H1_separate","complete_vietoris_rips",2,"Ripserr_primary;GUDHI_exact_resource_fallback",1800,12884901888,1,0,"closed","closed",FALSE
"mv08n_ph_queue_v1",1131,"mv08n_ph:internal124:SRA742961_SRS3565205:20260809:sct_data_all_qc_fit_selected384:exact500","internal124","SRA742961_SRS3565205",20260809,"sct_data_all_qc_fit_selected384","exact500",500,"H0;H1_separate","complete_vietoris_rips",2,"Ripserr_primary;GUDHI_exact_resource_fallback",1800,12884901888,1,0,"closed","closed",FALSE
"mv08n_ph_queue_v1",1132,"mv08n_ph:internal124:SRA742961_SRS3565205:20260809:sct_pearson_residual_all_qc_fit_selected384:exact500","internal124","SRA742961_SRS3565205",20260809,"sct_pearson_residual_all_qc_fit_selected384","exact500",500,"H0;H1_separate","complete_vietoris_rips",2,"Ripserr_primary;GUDHI_exact_resource_fallback",1800,12884901888,1,0,"closed","closed",FALSE
"mv08n_ph_queue_v1",1133,"mv08n_ph:internal124:SRA742961_SRS3565206:20260809:sct_data_all_qc_fit_selected384:exact500","internal124","SRA742961_SRS3565206",20260809,"sct_data_all_qc_fit_selected384","exact500",500,"H0;H1_separate","complete_vietoris_rips",2,"Ripserr_primary;GUDHI_exact_resource_fallback",1800,12884901888,1,0,"closed","closed",FALSE
"mv08n_ph_queue_v1",1134,"mv08n_ph:internal124:SRA742961_SRS3565206:20260809:sct_pearson_residual_all_qc_fit_selected384:exact500","internal124","SRA742961_SRS3565206",20260809,"sct_pearson_residual_all_qc_fit_selected384","exact500",500,"H0;H1_separate","complete_vietoris_rips",2,"Ripserr_primary;GUDHI_exact_resource_fallback",1800,12884901888,1,0,"closed","closed",FALSE
"mv08n_ph_queue_v1",1135,"mv08n_ph:internal124:SRA742961_SRS3565207:20260809:sct_data_all_qc_fit_selected384:exact500","internal124","SRA742961_SRS3565207",20260809,"sct_data_all_qc_fit_selected384","exact500",500,"H0;H1_separate","complete_vietoris_rips",2,"Ripserr_primary;GUDHI_exact_resource_fallback",1800,12884901888,1,0,"closed","closed",FALSE
"mv08n_ph_queue_v1",1136,"mv08n_ph:internal124:SRA742961_SRS3565207:20260809:sct_pearson_residual_all_qc_fit_selected384:exact500","internal124","SRA742961_SRS3565207",20260809,"sct_pearson_residual_all_qc_fit_selected384","exact500",500,"H0;H1_separate","complete_vietoris_rips",2,"Ripserr_primary;GUDHI_exact_resource_fallback",1800,12884901888,1,0,"closed","closed",FALSE
"mv08n_ph_queue_v1",1137,"mv08n_ph:internal124:SRA742961_SRS3565208:20260809:sct_data_all_qc_fit_selected384:exact500","internal124","SRA742961_SRS3565208",20260809,"sct_data_all_qc_fit_selected384","exact500",500,"H0;H1_separate","complete_vietoris_rips",2,"Ripserr_primary;GUDHI_exact_resource_fallback",1800,12884901888,1,0,"closed","closed",FALSE
"mv08n_ph_queue_v1",1138,"mv08n_ph:internal124:SRA742961_SRS3565208:20260809:sct_pearson_residual_all_qc_fit_selected384:exact500","internal124","SRA742961_SRS3565208",20260809,"sct_pearson_residual_all_qc_fit_selected384","exact500",500,"H0;H1_separate","complete_vietoris_rips",2,"Ripserr_primary;GUDHI_exact_resource_fallback",1800,12884901888,1,0,"closed","closed",FALSE
"mv08n_ph_queue_v1",1139,"mv08n_ph:internal124:SRA742961_SRS3565209:20260809:sct_data_all_qc_fit_selected384:exact500","internal124","SRA742961_SRS3565209",20260809,"sct_data_all_qc_fit_selected384","exact500",500,"H0;H1_separate","complete_vietoris_rips",2,"Ripserr_primary;GUDHI_exact_resource_fallback",1800,12884901888,1,0,"closed","closed",FALSE
"mv08n_ph_queue_v1",1140,"mv08n_ph:internal124:SRA742961_SRS3565209:20260809:sct_pearson_residual_all_qc_fit_selected384:exact500","internal124","SRA742961_SRS3565209",20260809,"sct_pearson_residual_all_qc_fit_selected384","exact500",500,"H0;H1_separate","complete_vietoris_rips",2,"Ripserr_primary;GUDHI_exact_resource_fallback",1800,12884901888,1,0,"closed","closed",FALSE
"mv08n_ph_queue_v1",1141,"mv08n_ph:internal124:SRA742961_SRS3565210:20260809:sct_data_all_qc_fit_selected384:exact500","internal124","SRA742961_SRS3565210",20260809,"sct_data_all_qc_fit_selected384","exact500",500,"H0;H1_separate","complete_vietoris_rips",2,"Ripserr_primary;GUDHI_exact_resource_fallback",1800,12884901888,1,0,"closed","closed",FALSE
"mv08n_ph_queue_v1",1142,"mv08n_ph:internal124:SRA742961_SRS3565210:20260809:sct_pearson_residual_all_qc_fit_selected384:exact500","internal124","SRA742961_SRS3565210",20260809,"sct_pearson_residual_all_qc_fit_selected384","exact500",500,"H0;H1_separate","complete_vietoris_rips",2,"Ripserr_primary;GUDHI_exact_resource_fallback",1800,12884901888,1,0,"closed","closed",FALSE
"mv08n_ph_queue_v1",1143,"mv08n_ph:internal124:SRA742961_SRS3565211:20260809:sct_data_all_qc_fit_selected384:exact500","internal124","SRA742961_SRS3565211",20260809,"sct_data_all_qc_fit_selected384","exact500",500,"H0;H1_separate","complete_vietoris_rips",2,"Ripserr_primary;GUDHI_exact_resource_fallback",1800,12884901888,1,0,"closed","closed",FALSE
"mv08n_ph_queue_v1",1144,"mv08n_ph:internal124:SRA742961_SRS3565211:20260809:sct_pearson_residual_all_qc_fit_selected384:exact500","internal124","SRA742961_SRS3565211",20260809,"sct_pearson_residual_all_qc_fit_selected384","exact500",500,"H0;H1_separate","complete_vietoris_rips",2,"Ripserr_primary;GUDHI_exact_resource_fallback",1800,12884901888,1,0,"closed","closed",FALSE
"mv08n_ph_queue_v1",1145,"mv08n_ph:internal124:SRA749327_SRS3693910:20260809:sct_data_all_qc_fit_selected384:exact500","internal124","SRA749327_SRS3693910",20260809,"sct_data_all_qc_fit_selected384","exact500",500,"H0;H1_separate","complete_vietoris_rips",2,"Ripserr_primary;GUDHI_exact_resource_fallback",1800,12884901888,1,0,"closed","closed",FALSE
"mv08n_ph_queue_v1",1146,"mv08n_ph:internal124:SRA749327_SRS3693910:20260809:sct_pearson_residual_all_qc_fit_selected384:exact500","internal124","SRA749327_SRS3693910",20260809,"sct_pearson_residual_all_qc_fit_selected384","exact500",500,"H0;H1_separate","complete_vietoris_rips",2,"Ripserr_primary;GUDHI_exact_resource_fallback",1800,12884901888,1,0,"closed","closed",FALSE
"mv08n_ph_queue_v1",1147,"mv08n_ph:internal124:SRA749327_SRS3693911:20260809:sct_data_all_qc_fit_selected384:exact500","internal124","SRA749327_SRS3693911",20260809,"sct_data_all_qc_fit_selected384","exact500",500,"H0;H1_separate","complete_vietoris_rips",2,"Ripserr_primary;GUDHI_exact_resource_fallback",1800,12884901888,1,0,"closed","closed",FALSE
"mv08n_ph_queue_v1",1148,"mv08n_ph:internal124:SRA749327_SRS3693911:20260809:sct_pearson_residual_all_qc_fit_selected384:exact500","internal124","SRA749327_SRS3693911",20260809,"sct_pearson_residual_all_qc_fit_selected384","exact500",500,"H0;H1_separate","complete_vietoris_rips",2,"Ripserr_primary;GUDHI_exact_resource_fallback",1800,12884901888,1,0,"closed","closed",FALSE
"mv08n_ph_queue_v1",1149,"mv08n_ph:internal124:SRA749327_SRS3693912:20260809:sct_data_all_qc_fit_selected384:exact500","internal124","SRA749327_SRS3693912",20260809,"sct_data_all_qc_fit_selected384","exact500",500,"H0;H1_separate","complete_vietoris_rips",2,"Ripserr_primary;GUDHI_exact_resource_fallback",1800,12884901888,1,0,"closed","closed",FALSE
"mv08n_ph_queue_v1",1150,"mv08n_ph:internal124:SRA749327_SRS3693912:20260809:sct_pearson_residual_all_qc_fit_selected384:exact500","internal124","SRA749327_SRS3693912",20260809,"sct_pearson_residual_all_qc_fit_selected384","exact500",500,"H0;H1_separate","complete_vietoris_rips",2,"Ripserr_primary;GUDHI_exact_resource_fallback",1800,12884901888,1,0,"closed","closed",FALSE
"mv08n_ph_queue_v1",1151,"mv08n_ph:internal124:SRA749327_SRS3693913:20260809:sct_data_all_qc_fit_selected384:exact500","internal124","SRA749327_SRS3693913",20260809,"sct_data_all_qc_fit_selected384","exact500",500,"H0;H1_separate","complete_vietoris_rips",2,"Ripserr_primary;GUDHI_exact_resource_fallback",1800,12884901888,1,0,"closed","closed",FALSE
"mv08n_ph_queue_v1",1152,"mv08n_ph:internal124:SRA749327_SRS3693913:20260809:sct_pearson_residual_all_qc_fit_selected384:exact500","internal124","SRA749327_SRS3693913",20260809,"sct_pearson_residual_all_qc_fit_selected384","exact500",500,"H0;H1_separate","complete_vietoris_rips",2,"Ripserr_primary;GUDHI_exact_resource_fallback",1800,12884901888,1,0,"closed","closed",FALSE
"mv08n_ph_queue_v1",1153,"mv08n_ph:internal124:SRA760933_SRS3693061:20260809:sct_data_all_qc_fit_selected384:exact500","internal124","SRA760933_SRS3693061",20260809,"sct_data_all_qc_fit_selected384","exact500",500,"H0;H1_separate","complete_vietoris_rips",2,"Ripserr_primary;GUDHI_exact_resource_fallback",1800,12884901888,1,0,"closed","closed",FALSE
"mv08n_ph_queue_v1",1154,"mv08n_ph:internal124:SRA760933_SRS3693061:20260809:sct_pearson_residual_all_qc_fit_selected384:exact500","internal124","SRA760933_SRS3693061",20260809,"sct_pearson_residual_all_qc_fit_selected384","exact500",500,"H0;H1_separate","complete_vietoris_rips",2,"Ripserr_primary;GUDHI_exact_resource_fallback",1800,12884901888,1,0,"closed","closed",FALSE
"mv08n_ph_queue_v1",1155,"mv08n_ph:internal124:SRA779509_SRS3805245:20260809:sct_data_all_qc_fit_selected384:exact500","internal124","SRA779509_SRS3805245",20260809,"sct_data_all_qc_fit_selected384","exact500",500,"H0;H1_separate","complete_vietoris_rips",2,"Ripserr_primary;GUDHI_exact_resource_fallback",1800,12884901888,1,0,"closed","closed",FALSE
"mv08n_ph_queue_v1",1156,"mv08n_ph:internal124:SRA779509_SRS3805245:20260809:sct_pearson_residual_all_qc_fit_selected384:exact500","internal124","SRA779509_SRS3805245",20260809,"sct_pearson_residual_all_qc_fit_selected384","exact500",500,"H0;H1_separate","complete_vietoris_rips",2,"Ripserr_primary;GUDHI_exact_resource_fallback",1800,12884901888,1,0,"closed","closed",FALSE
"mv08n_ph_queue_v1",1157,"mv08n_ph:internal124:SRA779509_SRS3805246:20260809:sct_data_all_qc_fit_selected384:exact500","internal124","SRA779509_SRS3805246",20260809,"sct_data_all_qc_fit_selected384","exact500",500,"H0;H1_separate","complete_vietoris_rips",2,"Ripserr_primary;GUDHI_exact_resource_fallback",1800,12884901888,1,0,"closed","closed",FALSE
"mv08n_ph_queue_v1",1158,"mv08n_ph:internal124:SRA779509_SRS3805246:20260809:sct_pearson_residual_all_qc_fit_selected384:exact500","internal124","SRA779509_SRS3805246",20260809,"sct_pearson_residual_all_qc_fit_selected384","exact500",500,"H0;H1_separate","complete_vietoris_rips",2,"Ripserr_primary;GUDHI_exact_resource_fallback",1800,12884901888,1,0,"closed","closed",FALSE
"mv08n_ph_queue_v1",1159,"mv08n_ph:internal124:SRA779509_SRS3805247:20260809:sct_data_all_qc_fit_selected384:exact500","internal124","SRA779509_SRS3805247",20260809,"sct_data_all_qc_fit_selected384","exact500",500,"H0;H1_separate","complete_vietoris_rips",2,"Ripserr_primary;GUDHI_exact_resource_fallback",1800,12884901888,1,0,"closed","closed",FALSE
"mv08n_ph_queue_v1",1160,"mv08n_ph:internal124:SRA779509_SRS3805247:20260809:sct_pearson_residual_all_qc_fit_selected384:exact500","internal124","SRA779509_SRS3805247",20260809,"sct_pearson_residual_all_qc_fit_selected384","exact500",500,"H0;H1_separate","complete_vietoris_rips",2,"Ripserr_primary;GUDHI_exact_resource_fallback",1800,12884901888,1,0,"closed","closed",FALSE
"mv08n_ph_queue_v1",1161,"mv08n_ph:internal124:SRA779509_SRS3805248:20260809:sct_data_all_qc_fit_selected384:exact500","internal124","SRA779509_SRS3805248",20260809,"sct_data_all_qc_fit_selected384","exact500",500,"H0;H1_separate","complete_vietoris_rips",2,"Ripserr_primary;GUDHI_exact_resource_fallback",1800,12884901888,1,0,"closed","closed",FALSE
"mv08n_ph_queue_v1",1162,"mv08n_ph:internal124:SRA779509_SRS3805248:20260809:sct_pearson_residual_all_qc_fit_selected384:exact500","internal124","SRA779509_SRS3805248",20260809,"sct_pearson_residual_all_qc_fit_selected384","exact500",500,"H0;H1_separate","complete_vietoris_rips",2,"Ripserr_primary;GUDHI_exact_resource_fallback",1800,12884901888,1,0,"closed","closed",FALSE
"mv08n_ph_queue_v1",1163,"mv08n_ph:internal124:SRA779509_SRS3805249:20260809:sct_data_all_qc_fit_selected384:exact500","internal124","SRA779509_SRS3805249",20260809,"sct_data_all_qc_fit_selected384","exact500",500,"H0;H1_separate","complete_vietoris_rips",2,"Ripserr_primary;GUDHI_exact_resource_fallback",1800,12884901888,1,0,"closed","closed",FALSE
"mv08n_ph_queue_v1",1164,"mv08n_ph:internal124:SRA779509_SRS3805249:20260809:sct_pearson_residual_all_qc_fit_selected384:exact500","internal124","SRA779509_SRS3805249",20260809,"sct_pearson_residual_all_qc_fit_selected384","exact500",500,"H0;H1_separate","complete_vietoris_rips",2,"Ripserr_primary;GUDHI_exact_resource_fallback",1800,12884901888,1,0,"closed","closed",FALSE
"mv08n_ph_queue_v1",1165,"mv08n_ph:internal124:SRA779509_SRS3805250:20260809:sct_data_all_qc_fit_selected384:exact500","internal124","SRA779509_SRS3805250",20260809,"sct_data_all_qc_fit_selected384","exact500",500,"H0;H1_separate","complete_vietoris_rips",2,"Ripserr_primary;GUDHI_exact_resource_fallback",1800,12884901888,1,0,"closed","closed",FALSE
"mv08n_ph_queue_v1",1166,"mv08n_ph:internal124:SRA779509_SRS3805250:20260809:sct_pearson_residual_all_qc_fit_selected384:exact500","internal124","SRA779509_SRS3805250",20260809,"sct_pearson_residual_all_qc_fit_selected384","exact500",500,"H0;H1_separate","complete_vietoris_rips",2,"Ripserr_primary;GUDHI_exact_resource_fallback",1800,12884901888,1,0,"closed","closed",FALSE
"mv08n_ph_queue_v1",1167,"mv08n_ph:internal124:SRA779509_SRS3805251:20260809:sct_data_all_qc_fit_selected384:exact500","internal124","SRA779509_SRS3805251",20260809,"sct_data_all_qc_fit_selected384","exact500",500,"H0;H1_separate","complete_vietoris_rips",2,"Ripserr_primary;GUDHI_exact_resource_fallback",1800,12884901888,1,0,"closed","closed",FALSE
"mv08n_ph_queue_v1",1168,"mv08n_ph:internal124:SRA779509_SRS3805251:20260809:sct_pearson_residual_all_qc_fit_selected384:exact500","internal124","SRA779509_SRS3805251",20260809,"sct_pearson_residual_all_qc_fit_selected384","exact500",500,"H0;H1_separate","complete_vietoris_rips",2,"Ripserr_primary;GUDHI_exact_resource_fallback",1800,12884901888,1,0,"closed","closed",FALSE
"mv08n_ph_queue_v1",1169,"mv08n_ph:internal124:SRA779509_SRS3805252:20260809:sct_data_all_qc_fit_selected384:exact500","internal124","SRA779509_SRS3805252",20260809,"sct_data_all_qc_fit_selected384","exact500",500,"H0;H1_separate","complete_vietoris_rips",2,"Ripserr_primary;GUDHI_exact_resource_fallback",1800,12884901888,1,0,"closed","closed",FALSE
"mv08n_ph_queue_v1",1170,"mv08n_ph:internal124:SRA779509_SRS3805252:20260809:sct_pearson_residual_all_qc_fit_selected384:exact500","internal124","SRA779509_SRS3805252",20260809,"sct_pearson_residual_all_qc_fit_selected384","exact500",500,"H0;H1_separate","complete_vietoris_rips",2,"Ripserr_primary;GUDHI_exact_resource_fallback",1800,12884901888,1,0,"closed","closed",FALSE
"mv08n_ph_queue_v1",1171,"mv08n_ph:internal124:SRA779509_SRS3805253:20260809:sct_data_all_qc_fit_selected384:exact500","internal124","SRA779509_SRS3805253",20260809,"sct_data_all_qc_fit_selected384","exact500",500,"H0;H1_separate","complete_vietoris_rips",2,"Ripserr_primary;GUDHI_exact_resource_fallback",1800,12884901888,1,0,"closed","closed",FALSE
"mv08n_ph_queue_v1",1172,"mv08n_ph:internal124:SRA779509_SRS3805253:20260809:sct_pearson_residual_all_qc_fit_selected384:exact500","internal124","SRA779509_SRS3805253",20260809,"sct_pearson_residual_all_qc_fit_selected384","exact500",500,"H0;H1_separate","complete_vietoris_rips",2,"Ripserr_primary;GUDHI_exact_resource_fallback",1800,12884901888,1,0,"closed","closed",FALSE
"mv08n_ph_queue_v1",1173,"mv08n_ph:internal124:SRA779509_SRS3805254:20260809:sct_data_all_qc_fit_selected384:exact500","internal124","SRA779509_SRS3805254",20260809,"sct_data_all_qc_fit_selected384","exact500",500,"H0;H1_separate","complete_vietoris_rips",2,"Ripserr_primary;GUDHI_exact_resource_fallback",1800,12884901888,1,0,"closed","closed",FALSE
"mv08n_ph_queue_v1",1174,"mv08n_ph:internal124:SRA779509_SRS3805254:20260809:sct_pearson_residual_all_qc_fit_selected384:exact500","internal124","SRA779509_SRS3805254",20260809,"sct_pearson_residual_all_qc_fit_selected384","exact500",500,"H0;H1_separate","complete_vietoris_rips",2,"Ripserr_primary;GUDHI_exact_resource_fallback",1800,12884901888,1,0,"closed","closed",FALSE
"mv08n_ph_queue_v1",1175,"mv08n_ph:internal124:SRA779509_SRS3805255:20260809:sct_data_all_qc_fit_selected384:exact500","internal124","SRA779509_SRS3805255",20260809,"sct_data_all_qc_fit_selected384","exact500",500,"H0;H1_separate","complete_vietoris_rips",2,"Ripserr_primary;GUDHI_exact_resource_fallback",1800,12884901888,1,0,"closed","closed",FALSE
"mv08n_ph_queue_v1",1176,"mv08n_ph:internal124:SRA779509_SRS3805255:20260809:sct_pearson_residual_all_qc_fit_selected384:exact500","internal124","SRA779509_SRS3805255",20260809,"sct_pearson_residual_all_qc_fit_selected384","exact500",500,"H0;H1_separate","complete_vietoris_rips",2,"Ripserr_primary;GUDHI_exact_resource_fallback",1800,12884901888,1,0,"closed","closed",FALSE
"mv08n_ph_queue_v1",1177,"mv08n_ph:internal124:SRA779509_SRS3805256:20260809:sct_data_all_qc_fit_selected384:exact500","internal124","SRA779509_SRS3805256",20260809,"sct_data_all_qc_fit_selected384","exact500",500,"H0;H1_separate","complete_vietoris_rips",2,"Ripserr_primary;GUDHI_exact_resource_fallback",1800,12884901888,1,0,"closed","closed",FALSE
"mv08n_ph_queue_v1",1178,"mv08n_ph:internal124:SRA779509_SRS3805256:20260809:sct_pearson_residual_all_qc_fit_selected384:exact500","internal124","SRA779509_SRS3805256",20260809,"sct_pearson_residual_all_qc_fit_selected384","exact500",500,"H0;H1_separate","complete_vietoris_rips",2,"Ripserr_primary;GUDHI_exact_resource_fallback",1800,12884901888,1,0,"closed","closed",FALSE
"mv08n_ph_queue_v1",1179,"mv08n_ph:internal124:SRA779509_SRS3805257:20260809:sct_data_all_qc_fit_selected384:exact500","internal124","SRA779509_SRS3805257",20260809,"sct_data_all_qc_fit_selected384","exact500",500,"H0;H1_separate","complete_vietoris_rips",2,"Ripserr_primary;GUDHI_exact_resource_fallback",1800,12884901888,1,0,"closed","closed",FALSE
"mv08n_ph_queue_v1",1180,"mv08n_ph:internal124:SRA779509_SRS3805257:20260809:sct_pearson_residual_all_qc_fit_selected384:exact500","internal124","SRA779509_SRS3805257",20260809,"sct_pearson_residual_all_qc_fit_selected384","exact500",500,"H0;H1_separate","complete_vietoris_rips",2,"Ripserr_primary;GUDHI_exact_resource_fallback",1800,12884901888,1,0,"closed","closed",FALSE
"mv08n_ph_queue_v1",1181,"mv08n_ph:internal124:SRA779509_SRS3805258:20260809:sct_data_all_qc_fit_selected384:exact500","internal124","SRA779509_SRS3805258",20260809,"sct_data_all_qc_fit_selected384","exact500",500,"H0;H1_separate","complete_vietoris_rips",2,"Ripserr_primary;GUDHI_exact_resource_fallback",1800,12884901888,1,0,"closed","closed",FALSE
"mv08n_ph_queue_v1",1182,"mv08n_ph:internal124:SRA779509_SRS3805258:20260809:sct_pearson_residual_all_qc_fit_selected384:exact500","internal124","SRA779509_SRS3805258",20260809,"sct_pearson_residual_all_qc_fit_selected384","exact500",500,"H0;H1_separate","complete_vietoris_rips",2,"Ripserr_primary;GUDHI_exact_resource_fallback",1800,12884901888,1,0,"closed","closed",FALSE
"mv08n_ph_queue_v1",1183,"mv08n_ph:internal124:SRA779509_SRS3805259:20260809:sct_data_all_qc_fit_selected384:exact500","internal124","SRA779509_SRS3805259",20260809,"sct_data_all_qc_fit_selected384","exact500",500,"H0;H1_separate","complete_vietoris_rips",2,"Ripserr_primary;GUDHI_exact_resource_fallback",1800,12884901888,1,0,"closed","closed",FALSE
"mv08n_ph_queue_v1",1184,"mv08n_ph:internal124:SRA779509_SRS3805259:20260809:sct_pearson_residual_all_qc_fit_selected384:exact500","internal124","SRA779509_SRS3805259",20260809,"sct_pearson_residual_all_qc_fit_selected384","exact500",500,"H0;H1_separate","complete_vietoris_rips",2,"Ripserr_primary;GUDHI_exact_resource_fallback",1800,12884901888,1,0,"closed","closed",FALSE
"mv08n_ph_queue_v1",1185,"mv08n_ph:internal124:SRA779509_SRS3805260:20260809:sct_data_all_qc_fit_selected384:exact500","internal124","SRA779509_SRS3805260",20260809,"sct_data_all_qc_fit_selected384","exact500",500,"H0;H1_separate","complete_vietoris_rips",2,"Ripserr_primary;GUDHI_exact_resource_fallback",1800,12884901888,1,0,"closed","closed",FALSE
"mv08n_ph_queue_v1",1186,"mv08n_ph:internal124:SRA779509_SRS3805260:20260809:sct_pearson_residual_all_qc_fit_selected384:exact500","internal124","SRA779509_SRS3805260",20260809,"sct_pearson_residual_all_qc_fit_selected384","exact500",500,"H0;H1_separate","complete_vietoris_rips",2,"Ripserr_primary;GUDHI_exact_resource_fallback",1800,12884901888,1,0,"closed","closed",FALSE
"mv08n_ph_queue_v1",1187,"mv08n_ph:internal124:SRA779509_SRS3805261:20260809:sct_data_all_qc_fit_selected384:exact500","internal124","SRA779509_SRS3805261",20260809,"sct_data_all_qc_fit_selected384","exact500",500,"H0;H1_separate","complete_vietoris_rips",2,"Ripserr_primary;GUDHI_exact_resource_fallback",1800,12884901888,1,0,"closed","closed",FALSE
"mv08n_ph_queue_v1",1188,"mv08n_ph:internal124:SRA779509_SRS3805261:20260809:sct_pearson_residual_all_qc_fit_selected384:exact500","internal124","SRA779509_SRS3805261",20260809,"sct_pearson_residual_all_qc_fit_selected384","exact500",500,"H0;H1_separate","complete_vietoris_rips",2,"Ripserr_primary;GUDHI_exact_resource_fallback",1800,12884901888,1,0,"closed","closed",FALSE
"mv08n_ph_queue_v1",1189,"mv08n_ph:internal124:SRA779509_SRS3805262:20260809:sct_data_all_qc_fit_selected384:exact500","internal124","SRA779509_SRS3805262",20260809,"sct_data_all_qc_fit_selected384","exact500",500,"H0;H1_separate","complete_vietoris_rips",2,"Ripserr_primary;GUDHI_exact_resource_fallback",1800,12884901888,1,0,"closed","closed",FALSE
"mv08n_ph_queue_v1",1190,"mv08n_ph:internal124:SRA779509_SRS3805262:20260809:sct_pearson_residual_all_qc_fit_selected384:exact500","internal124","SRA779509_SRS3805262",20260809,"sct_pearson_residual_all_qc_fit_selected384","exact500",500,"H0;H1_separate","complete_vietoris_rips",2,"Ripserr_primary;GUDHI_exact_resource_fallback",1800,12884901888,1,0,"closed","closed",FALSE
"mv08n_ph_queue_v1",1191,"mv08n_ph:internal124:SRA779509_SRS3805263:20260809:sct_data_all_qc_fit_selected384:exact500","internal124","SRA779509_SRS3805263",20260809,"sct_data_all_qc_fit_selected384","exact500",500,"H0;H1_separate","complete_vietoris_rips",2,"Ripserr_primary;GUDHI_exact_resource_fallback",1800,12884901888,1,0,"closed","closed",FALSE
"mv08n_ph_queue_v1",1192,"mv08n_ph:internal124:SRA779509_SRS3805263:20260809:sct_pearson_residual_all_qc_fit_selected384:exact500","internal124","SRA779509_SRS3805263",20260809,"sct_pearson_residual_all_qc_fit_selected384","exact500",500,"H0;H1_separate","complete_vietoris_rips",2,"Ripserr_primary;GUDHI_exact_resource_fallback",1800,12884901888,1,0,"closed","closed",FALSE
"mv08n_ph_queue_v1",1193,"mv08n_ph:internal124:SRA779509_SRS3805264:20260809:sct_data_all_qc_fit_selected384:exact500","internal124","SRA779509_SRS3805264",20260809,"sct_data_all_qc_fit_selected384","exact500",500,"H0;H1_separate","complete_vietoris_rips",2,"Ripserr_primary;GUDHI_exact_resource_fallback",1800,12884901888,1,0,"closed","closed",FALSE
"mv08n_ph_queue_v1",1194,"mv08n_ph:internal124:SRA779509_SRS3805264:20260809:sct_pearson_residual_all_qc_fit_selected384:exact500","internal124","SRA779509_SRS3805264",20260809,"sct_pearson_residual_all_qc_fit_selected384","exact500",500,"H0;H1_separate","complete_vietoris_rips",2,"Ripserr_primary;GUDHI_exact_resource_fallback",1800,12884901888,1,0,"closed","closed",FALSE
"mv08n_ph_queue_v1",1195,"mv08n_ph:internal124:SRA779509_SRS3805265:20260809:sct_data_all_qc_fit_selected384:exact500","internal124","SRA779509_SRS3805265",20260809,"sct_data_all_qc_fit_selected384","exact500",500,"H0;H1_separate","complete_vietoris_rips",2,"Ripserr_primary;GUDHI_exact_resource_fallback",1800,12884901888,1,0,"closed","closed",FALSE
"mv08n_ph_queue_v1",1196,"mv08n_ph:internal124:SRA779509_SRS3805265:20260809:sct_pearson_residual_all_qc_fit_selected384:exact500","internal124","SRA779509_SRS3805265",20260809,"sct_pearson_residual_all_qc_fit_selected384","exact500",500,"H0;H1_separate","complete_vietoris_rips",2,"Ripserr_primary;GUDHI_exact_resource_fallback",1800,12884901888,1,0,"closed","closed",FALSE
"mv08n_ph_queue_v1",1197,"mv08n_ph:internal124:SRA779509_SRS3805266:20260809:sct_data_all_qc_fit_selected384:exact500","internal124","SRA779509_SRS3805266",20260809,"sct_data_all_qc_fit_selected384","exact500",500,"H0;H1_separate","complete_vietoris_rips",2,"Ripserr_primary;GUDHI_exact_resource_fallback",1800,12884901888,1,0,"closed","closed",FALSE
"mv08n_ph_queue_v1",1198,"mv08n_ph:internal124:SRA779509_SRS3805266:20260809:sct_pearson_residual_all_qc_fit_selected384:exact500","internal124","SRA779509_SRS3805266",20260809,"sct_pearson_residual_all_qc_fit_selected384","exact500",500,"H0;H1_separate","complete_vietoris_rips",2,"Ripserr_primary;GUDHI_exact_resource_fallback",1800,12884901888,1,0,"closed","closed",FALSE
"mv08n_ph_queue_v1",1199,"mv08n_ph:internal124:SRA779509_SRS3805267:20260809:sct_data_all_qc_fit_selected384:exact500","internal124","SRA779509_SRS3805267",20260809,"sct_data_all_qc_fit_selected384","exact500",500,"H0;H1_separate","complete_vietoris_rips",2,"Ripserr_primary;GUDHI_exact_resource_fallback",1800,12884901888,1,0,"closed","closed",FALSE
"mv08n_ph_queue_v1",1200,"mv08n_ph:internal124:SRA779509_SRS3805267:20260809:sct_pearson_residual_all_qc_fit_selected384:exact500","internal124","SRA779509_SRS3805267",20260809,"sct_pearson_residual_all_qc_fit_selected384","exact500",500,"H0;H1_separate","complete_vietoris_rips",2,"Ripserr_primary;GUDHI_exact_resource_fallback",1800,12884901888,1,0,"closed","closed",FALSE
"mv08n_ph_queue_v1",1201,"mv08n_ph:internal124:SRA779509_SRS3805268:20260809:sct_data_all_qc_fit_selected384:exact500","internal124","SRA779509_SRS3805268",20260809,"sct_data_all_qc_fit_selected384","exact500",500,"H0;H1_separate","complete_vietoris_rips",2,"Ripserr_primary;GUDHI_exact_resource_fallback",1800,12884901888,1,0,"closed","closed",FALSE
"mv08n_ph_queue_v1",1202,"mv08n_ph:internal124:SRA779509_SRS3805268:20260809:sct_pearson_residual_all_qc_fit_selected384:exact500","internal124","SRA779509_SRS3805268",20260809,"sct_pearson_residual_all_qc_fit_selected384","exact500",500,"H0;H1_separate","complete_vietoris_rips",2,"Ripserr_primary;GUDHI_exact_resource_fallback",1800,12884901888,1,0,"closed","closed",FALSE
"mv08n_ph_queue_v1",1203,"mv08n_ph:internal124:SRA779509_SRS3805269:20260809:sct_data_all_qc_fit_selected384:exact500","internal124","SRA779509_SRS3805269",20260809,"sct_data_all_qc_fit_selected384","exact500",500,"H0;H1_separate","complete_vietoris_rips",2,"Ripserr_primary;GUDHI_exact_resource_fallback",1800,12884901888,1,0,"closed","closed",FALSE
"mv08n_ph_queue_v1",1204,"mv08n_ph:internal124:SRA779509_SRS3805269:20260809:sct_pearson_residual_all_qc_fit_selected384:exact500","internal124","SRA779509_SRS3805269",20260809,"sct_pearson_residual_all_qc_fit_selected384","exact500",500,"H0;H1_separate","complete_vietoris_rips",2,"Ripserr_primary;GUDHI_exact_resource_fallback",1800,12884901888,1,0,"closed","closed",FALSE
"mv08n_ph_queue_v1",1205,"mv08n_ph:internal124:SRA784242_SRS3822680:20260809:sct_data_all_qc_fit_selected384:exact500","internal124","SRA784242_SRS3822680",20260809,"sct_data_all_qc_fit_selected384","exact500",500,"H0;H1_separate","complete_vietoris_rips",2,"Ripserr_primary;GUDHI_exact_resource_fallback",1800,12884901888,1,0,"closed","closed",FALSE
"mv08n_ph_queue_v1",1206,"mv08n_ph:internal124:SRA784242_SRS3822680:20260809:sct_pearson_residual_all_qc_fit_selected384:exact500","internal124","SRA784242_SRS3822680",20260809,"sct_pearson_residual_all_qc_fit_selected384","exact500",500,"H0;H1_separate","complete_vietoris_rips",2,"Ripserr_primary;GUDHI_exact_resource_fallback",1800,12884901888,1,0,"closed","closed",FALSE
"mv08n_ph_queue_v1",1207,"mv08n_ph:internal124:SRA784242_SRS3822682:20260809:sct_data_all_qc_fit_selected384:exact500","internal124","SRA784242_SRS3822682",20260809,"sct_data_all_qc_fit_selected384","exact500",500,"H0;H1_separate","complete_vietoris_rips",2,"Ripserr_primary;GUDHI_exact_resource_fallback",1800,12884901888,1,0,"closed","closed",FALSE
"mv08n_ph_queue_v1",1208,"mv08n_ph:internal124:SRA784242_SRS3822682:20260809:sct_pearson_residual_all_qc_fit_selected384:exact500","internal124","SRA784242_SRS3822682",20260809,"sct_pearson_residual_all_qc_fit_selected384","exact500",500,"H0;H1_separate","complete_vietoris_rips",2,"Ripserr_primary;GUDHI_exact_resource_fallback",1800,12884901888,1,0,"closed","closed",FALSE
"mv08n_ph_queue_v1",1209,"mv08n_ph:internal124:SRA784242_SRS3822683:20260809:sct_data_all_qc_fit_selected384:exact500","internal124","SRA784242_SRS3822683",20260809,"sct_data_all_qc_fit_selected384","exact500",500,"H0;H1_separate","complete_vietoris_rips",2,"Ripserr_primary;GUDHI_exact_resource_fallback",1800,12884901888,1,0,"closed","closed",FALSE
"mv08n_ph_queue_v1",1210,"mv08n_ph:internal124:SRA784242_SRS3822683:20260809:sct_pearson_residual_all_qc_fit_selected384:exact500","internal124","SRA784242_SRS3822683",20260809,"sct_pearson_residual_all_qc_fit_selected384","exact500",500,"H0;H1_separate","complete_vietoris_rips",2,"Ripserr_primary;GUDHI_exact_resource_fallback",1800,12884901888,1,0,"closed","closed",FALSE
"mv08n_ph_queue_v1",1211,"mv08n_ph:internal124:SRA784242_SRS3822686:20260809:sct_data_all_qc_fit_selected384:exact500","internal124","SRA784242_SRS3822686",20260809,"sct_data_all_qc_fit_selected384","exact500",500,"H0;H1_separate","complete_vietoris_rips",2,"Ripserr_primary;GUDHI_exact_resource_fallback",1800,12884901888,1,0,"closed","closed",FALSE
"mv08n_ph_queue_v1",1212,"mv08n_ph:internal124:SRA784242_SRS3822686:20260809:sct_pearson_residual_all_qc_fit_selected384:exact500","internal124","SRA784242_SRS3822686",20260809,"sct_pearson_residual_all_qc_fit_selected384","exact500",500,"H0;H1_separate","complete_vietoris_rips",2,"Ripserr_primary;GUDHI_exact_resource_fallback",1800,12884901888,1,0,"closed","closed",FALSE
"mv08n_ph_queue_v1",1213,"mv08n_ph:internal124:SRA826293_SRS4181123:20260809:sct_data_all_qc_fit_selected384:exact500","internal124","SRA826293_SRS4181123",20260809,"sct_data_all_qc_fit_selected384","exact500",500,"H0;H1_separate","complete_vietoris_rips",2,"Ripserr_primary;GUDHI_exact_resource_fallback",1800,12884901888,1,0,"closed","closed",FALSE
"mv08n_ph_queue_v1",1214,"mv08n_ph:internal124:SRA826293_SRS4181123:20260809:sct_pearson_residual_all_qc_fit_selected384:exact500","internal124","SRA826293_SRS4181123",20260809,"sct_pearson_residual_all_qc_fit_selected384","exact500",500,"H0;H1_separate","complete_vietoris_rips",2,"Ripserr_primary;GUDHI_exact_resource_fallback",1800,12884901888,1,0,"closed","closed",FALSE
"mv08n_ph_queue_v1",1215,"mv08n_ph:internal124:SRA826293_SRS4181124:20260809:sct_data_all_qc_fit_selected384:exact500","internal124","SRA826293_SRS4181124",20260809,"sct_data_all_qc_fit_selected384","exact500",500,"H0;H1_separate","complete_vietoris_rips",2,"Ripserr_primary;GUDHI_exact_resource_fallback",1800,12884901888,1,0,"closed","closed",FALSE
"mv08n_ph_queue_v1",1216,"mv08n_ph:internal124:SRA826293_SRS4181124:20260809:sct_pearson_residual_all_qc_fit_selected384:exact500","internal124","SRA826293_SRS4181124",20260809,"sct_pearson_residual_all_qc_fit_selected384","exact500",500,"H0;H1_separate","complete_vietoris_rips",2,"Ripserr_primary;GUDHI_exact_resource_fallback",1800,12884901888,1,0,"closed","closed",FALSE
"mv08n_ph_queue_v1",1217,"mv08n_ph:internal124:SRA826293_SRS4181125:20260809:sct_data_all_qc_fit_selected384:exact500","internal124","SRA826293_SRS4181125",20260809,"sct_data_all_qc_fit_selected384","exact500",500,"H0;H1_separate","complete_vietoris_rips",2,"Ripserr_primary;GUDHI_exact_resource_fallback",1800,12884901888,1,0,"closed","closed",FALSE
"mv08n_ph_queue_v1",1218,"mv08n_ph:internal124:SRA826293_SRS4181125:20260809:sct_pearson_residual_all_qc_fit_selected384:exact500","internal124","SRA826293_SRS4181125",20260809,"sct_pearson_residual_all_qc_fit_selected384","exact500",500,"H0;H1_separate","complete_vietoris_rips",2,"Ripserr_primary;GUDHI_exact_resource_fallback",1800,12884901888,1,0,"closed","closed",FALSE
"mv08n_ph_queue_v1",1219,"mv08n_ph:internal124:SRA826293_SRS4181126:20260809:sct_data_all_qc_fit_selected384:exact500","internal124","SRA826293_SRS4181126",20260809,"sct_data_all_qc_fit_selected384","exact500",500,"H0;H1_separate","complete_vietoris_rips",2,"Ripserr_primary;GUDHI_exact_resource_fallback",1800,12884901888,1,0,"closed","closed",FALSE
"mv08n_ph_queue_v1",1220,"mv08n_ph:internal124:SRA826293_SRS4181126:20260809:sct_pearson_residual_all_qc_fit_selected384:exact500","internal124","SRA826293_SRS4181126",20260809,"sct_pearson_residual_all_qc_fit_selected384","exact500",500,"H0;H1_separate","complete_vietoris_rips",2,"Ripserr_primary;GUDHI_exact_resource_fallback",1800,12884901888,1,0,"closed","closed",FALSE
"mv08n_ph_queue_v1",1221,"mv08n_ph:internal124:SRA826293_SRS4181127:20260809:sct_data_all_qc_fit_selected384:exact500","internal124","SRA826293_SRS4181127",20260809,"sct_data_all_qc_fit_selected384","exact500",500,"H0;H1_separate","complete_vietoris_rips",2,"Ripserr_primary;GUDHI_exact_resource_fallback",1800,12884901888,1,0,"closed","closed",FALSE
"mv08n_ph_queue_v1",1222,"mv08n_ph:internal124:SRA826293_SRS4181127:20260809:sct_pearson_residual_all_qc_fit_selected384:exact500","internal124","SRA826293_SRS4181127",20260809,"sct_pearson_residual_all_qc_fit_selected384","exact500",500,"H0;H1_separate","complete_vietoris_rips",2,"Ripserr_primary;GUDHI_exact_resource_fallback",1800,12884901888,1,0,"closed","closed",FALSE
"mv08n_ph_queue_v1",1223,"mv08n_ph:internal124:SRA826293_SRS4181128:20260809:sct_data_all_qc_fit_selected384:exact500","internal124","SRA826293_SRS4181128",20260809,"sct_data_all_qc_fit_selected384","exact500",500,"H0;H1_separate","complete_vietoris_rips",2,"Ripserr_primary;GUDHI_exact_resource_fallback",1800,12884901888,1,0,"closed","closed",FALSE
"mv08n_ph_queue_v1",1224,"mv08n_ph:internal124:SRA826293_SRS4181128:20260809:sct_pearson_residual_all_qc_fit_selected384:exact500","internal124","SRA826293_SRS4181128",20260809,"sct_pearson_residual_all_qc_fit_selected384","exact500",500,"H0;H1_separate","complete_vietoris_rips",2,"Ripserr_primary;GUDHI_exact_resource_fallback",1800,12884901888,1,0,"closed","closed",FALSE
"mv08n_ph_queue_v1",1225,"mv08n_ph:internal124:SRA826293_SRS4181129:20260809:sct_data_all_qc_fit_selected384:exact500","internal124","SRA826293_SRS4181129",20260809,"sct_data_all_qc_fit_selected384","exact500",500,"H0;H1_separate","complete_vietoris_rips",2,"Ripserr_primary;GUDHI_exact_resource_fallback",1800,12884901888,1,0,"closed","closed",FALSE
"mv08n_ph_queue_v1",1226,"mv08n_ph:internal124:SRA826293_SRS4181129:20260809:sct_pearson_residual_all_qc_fit_selected384:exact500","internal124","SRA826293_SRS4181129",20260809,"sct_pearson_residual_all_qc_fit_selected384","exact500",500,"H0;H1_separate","complete_vietoris_rips",2,"Ripserr_primary;GUDHI_exact_resource_fallback",1800,12884901888,1,0,"closed","closed",FALSE
"mv08n_ph_queue_v1",1227,"mv08n_ph:internal124:SRA826293_SRS4181130:20260809:sct_data_all_qc_fit_selected384:exact500","internal124","SRA826293_SRS4181130",20260809,"sct_data_all_qc_fit_selected384","exact500",500,"H0;H1_separate","complete_vietoris_rips",2,"Ripserr_primary;GUDHI_exact_resource_fallback",1800,12884901888,1,0,"closed","closed",FALSE
"mv08n_ph_queue_v1",1228,"mv08n_ph:internal124:SRA826293_SRS4181130:20260809:sct_pearson_residual_all_qc_fit_selected384:exact500","internal124","SRA826293_SRS4181130",20260809,"sct_pearson_residual_all_qc_fit_selected384","exact500",500,"H0;H1_separate","complete_vietoris_rips",2,"Ripserr_primary;GUDHI_exact_resource_fallback",1800,12884901888,1,0,"closed","closed",FALSE
"mv08n_ph_queue_v1",1229,"mv08n_ph:internal124:SRA850958_SRS4386101:20260809:sct_data_all_qc_fit_selected384:exact500","internal124","SRA850958_SRS4386101",20260809,"sct_data_all_qc_fit_selected384","exact500",500,"H0;H1_separate","complete_vietoris_rips",2,"Ripserr_primary;GUDHI_exact_resource_fallback",1800,12884901888,1,0,"closed","closed",FALSE
"mv08n_ph_queue_v1",1230,"mv08n_ph:internal124:SRA850958_SRS4386101:20260809:sct_pearson_residual_all_qc_fit_selected384:exact500","internal124","SRA850958_SRS4386101",20260809,"sct_pearson_residual_all_qc_fit_selected384","exact500",500,"H0;H1_separate","complete_vietoris_rips",2,"Ripserr_primary;GUDHI_exact_resource_fallback",1800,12884901888,1,0,"closed","closed",FALSE
"mv08n_ph_queue_v1",1231,"mv08n_ph:internal124:SRA850958_SRS4386109:20260809:sct_data_all_qc_fit_selected384:exact500","internal124","SRA850958_SRS4386109",20260809,"sct_data_all_qc_fit_selected384","exact500",500,"H0;H1_separate","complete_vietoris_rips",2,"Ripserr_primary;GUDHI_exact_resource_fallback",1800,12884901888,1,0,"closed","closed",FALSE
"mv08n_ph_queue_v1",1232,"mv08n_ph:internal124:SRA850958_SRS4386109:20260809:sct_pearson_residual_all_qc_fit_selected384:exact500","internal124","SRA850958_SRS4386109",20260809,"sct_pearson_residual_all_qc_fit_selected384","exact500",500,"H0;H1_separate","complete_vietoris_rips",2,"Ripserr_primary;GUDHI_exact_resource_fallback",1800,12884901888,1,0,"closed","closed",FALSE
"mv08n_ph_queue_v1",1233,"mv08n_ph:internal124:SRA850958_SRS4386110:20260809:sct_data_all_qc_fit_selected384:exact500","internal124","SRA850958_SRS4386110",20260809,"sct_data_all_qc_fit_selected384","exact500",500,"H0;H1_separate","complete_vietoris_rips",2,"Ripserr_primary;GUDHI_exact_resource_fallback",1800,12884901888,1,0,"closed","closed",FALSE
"mv08n_ph_queue_v1",1234,"mv08n_ph:internal124:SRA850958_SRS4386110:20260809:sct_pearson_residual_all_qc_fit_selected384:exact500","internal124","SRA850958_SRS4386110",20260809,"sct_pearson_residual_all_qc_fit_selected384","exact500",500,"H0;H1_separate","complete_vietoris_rips",2,"Ripserr_primary;GUDHI_exact_resource_fallback",1800,12884901888,1,0,"closed","closed",FALSE
"mv08n_ph_queue_v1",1235,"mv08n_ph:internal124:SRA850958_SRS4386111:20260809:sct_data_all_qc_fit_selected384:exact500","internal124","SRA850958_SRS4386111",20260809,"sct_data_all_qc_fit_selected384","exact500",500,"H0;H1_separate","complete_vietoris_rips",2,"Ripserr_primary;GUDHI_exact_resource_fallback",1800,12884901888,1,0,"closed","closed",FALSE
"mv08n_ph_queue_v1",1236,"mv08n_ph:internal124:SRA850958_SRS4386111:20260809:sct_pearson_residual_all_qc_fit_selected384:exact500","internal124","SRA850958_SRS4386111",20260809,"sct_pearson_residual_all_qc_fit_selected384","exact500",500,"H0;H1_separate","complete_vietoris_rips",2,"Ripserr_primary;GUDHI_exact_resource_fallback",1800,12884901888,1,0,"closed","closed",FALSE
"mv08n_ph_queue_v1",1237,"mv08n_ph:internal124:SRA850958_SRS4386112:20260809:sct_data_all_qc_fit_selected384:exact500","internal124","SRA850958_SRS4386112",20260809,"sct_data_all_qc_fit_selected384","exact500",500,"H0;H1_separate","complete_vietoris_rips",2,"Ripserr_primary;GUDHI_exact_resource_fallback",1800,12884901888,1,0,"closed","closed",FALSE
"mv08n_ph_queue_v1",1238,"mv08n_ph:internal124:SRA850958_SRS4386112:20260809:sct_pearson_residual_all_qc_fit_selected384:exact500","internal124","SRA850958_SRS4386112",20260809,"sct_pearson_residual_all_qc_fit_selected384","exact500",500,"H0;H1_separate","complete_vietoris_rips",2,"Ripserr_primary;GUDHI_exact_resource_fallback",1800,12884901888,1,0,"closed","closed",FALSE
"mv08n_ph_queue_v1",1239,"mv08n_ph:internal124:SRA850958_SRS4386113:20260809:sct_data_all_qc_fit_selected384:exact500","internal124","SRA850958_SRS4386113",20260809,"sct_data_all_qc_fit_selected384","exact500",500,"H0;H1_separate","complete_vietoris_rips",2,"Ripserr_primary;GUDHI_exact_resource_fallback",1800,12884901888,1,0,"closed","closed",FALSE
"mv08n_ph_queue_v1",1240,"mv08n_ph:internal124:SRA850958_SRS4386113:20260809:sct_pearson_residual_all_qc_fit_selected384:exact500","internal124","SRA850958_SRS4386113",20260809,"sct_pearson_residual_all_qc_fit_selected384","exact500",500,"H0;H1_separate","complete_vietoris_rips",2,"Ripserr_primary;GUDHI_exact_resource_fallback",1800,12884901888,1,0,"closed","closed",FALSE
"mv08n_ph_queue_v1",1241,"mv08n_ph:external8:HCA_BM_001:20260805:sct_data_selected384_fit:common475","external8","HCA_BM_001",20260805,"sct_data_selected384_fit","common475",475,"H0;H1_separate","complete_vietoris_rips",2,"Ripserr_primary;GUDHI_exact_resource_fallback",1800,12884901888,1,0,"closed","closed",FALSE
"mv08n_ph_queue_v1",1242,"mv08n_ph:external8:HCA_BM_001:20260805:sct_data_all_qc_fit_selected384:common475","external8","HCA_BM_001",20260805,"sct_data_all_qc_fit_selected384","common475",475,"H0;H1_separate","complete_vietoris_rips",2,"Ripserr_primary;GUDHI_exact_resource_fallback",1800,12884901888,1,0,"closed","closed",FALSE
"mv08n_ph_queue_v1",1243,"mv08n_ph:external8:HCA_BM_001:20260805:sct_pearson_residual_all_qc_fit_selected384:common475","external8","HCA_BM_001",20260805,"sct_pearson_residual_all_qc_fit_selected384","common475",475,"H0;H1_separate","complete_vietoris_rips",2,"Ripserr_primary;GUDHI_exact_resource_fallback",1800,12884901888,1,0,"closed","closed",FALSE
"mv08n_ph_queue_v1",1244,"mv08n_ph:external8:HCA_BM_001:20260805:sct_pearson_residual_all_qc_fit_selected384:exact500","external8","HCA_BM_001",20260805,"sct_pearson_residual_all_qc_fit_selected384","exact500",500,"H0;H1_separate","complete_vietoris_rips",2,"Ripserr_primary;GUDHI_exact_resource_fallback",1800,12884901888,1,0,"closed","closed",FALSE
"mv08n_ph_queue_v1",1245,"mv08n_ph:external8:HCA_BM_002:20260805:sct_data_selected384_fit:common475","external8","HCA_BM_002",20260805,"sct_data_selected384_fit","common475",475,"H0;H1_separate","complete_vietoris_rips",2,"Ripserr_primary;GUDHI_exact_resource_fallback",1800,12884901888,1,0,"closed","closed",FALSE
"mv08n_ph_queue_v1",1246,"mv08n_ph:external8:HCA_BM_002:20260805:sct_data_all_qc_fit_selected384:common475","external8","HCA_BM_002",20260805,"sct_data_all_qc_fit_selected384","common475",475,"H0;H1_separate","complete_vietoris_rips",2,"Ripserr_primary;GUDHI_exact_resource_fallback",1800,12884901888,1,0,"closed","closed",FALSE
"mv08n_ph_queue_v1",1247,"mv08n_ph:external8:HCA_BM_002:20260805:sct_pearson_residual_all_qc_fit_selected384:common475","external8","HCA_BM_002",20260805,"sct_pearson_residual_all_qc_fit_selected384","common475",475,"H0;H1_separate","complete_vietoris_rips",2,"Ripserr_primary;GUDHI_exact_resource_fallback",1800,12884901888,1,0,"closed","closed",FALSE
"mv08n_ph_queue_v1",1248,"mv08n_ph:external8:HCA_BM_002:20260805:sct_pearson_residual_all_qc_fit_selected384:exact500","external8","HCA_BM_002",20260805,"sct_pearson_residual_all_qc_fit_selected384","exact500",500,"H0;H1_separate","complete_vietoris_rips",2,"Ripserr_primary;GUDHI_exact_resource_fallback",1800,12884901888,1,0,"closed","closed",FALSE
"mv08n_ph_queue_v1",1249,"mv08n_ph:external8:HCA_BM_003:20260805:sct_data_selected384_fit:common475","external8","HCA_BM_003",20260805,"sct_data_selected384_fit","common475",475,"H0;H1_separate","complete_vietoris_rips",2,"Ripserr_primary;GUDHI_exact_resource_fallback",1800,12884901888,1,0,"closed","closed",FALSE
"mv08n_ph_queue_v1",1250,"mv08n_ph:external8:HCA_BM_003:20260805:sct_data_all_qc_fit_selected384:common475","external8","HCA_BM_003",20260805,"sct_data_all_qc_fit_selected384","common475",475,"H0;H1_separate","complete_vietoris_rips",2,"Ripserr_primary;GUDHI_exact_resource_fallback",1800,12884901888,1,0,"closed","closed",FALSE
"mv08n_ph_queue_v1",1251,"mv08n_ph:external8:HCA_BM_003:20260805:sct_pearson_residual_all_qc_fit_selected384:common475","external8","HCA_BM_003",20260805,"sct_pearson_residual_all_qc_fit_selected384","common475",475,"H0;H1_separate","complete_vietoris_rips",2,"Ripserr_primary;GUDHI_exact_resource_fallback",1800,12884901888,1,0,"closed","closed",FALSE
"mv08n_ph_queue_v1",1252,"mv08n_ph:external8:HCA_BM_003:20260805:sct_pearson_residual_all_qc_fit_selected384:exact500","external8","HCA_BM_003",20260805,"sct_pearson_residual_all_qc_fit_selected384","exact500",500,"H0;H1_separate","complete_vietoris_rips",2,"Ripserr_primary;GUDHI_exact_resource_fallback",1800,12884901888,1,0,"closed","closed",FALSE
"mv08n_ph_queue_v1",1253,"mv08n_ph:external8:HCA_BM_004:20260805:sct_data_selected384_fit:common475","external8","HCA_BM_004",20260805,"sct_data_selected384_fit","common475",475,"H0;H1_separate","complete_vietoris_rips",2,"Ripserr_primary;GUDHI_exact_resource_fallback",1800,12884901888,1,0,"closed","closed",FALSE
"mv08n_ph_queue_v1",1254,"mv08n_ph:external8:HCA_BM_004:20260805:sct_data_all_qc_fit_selected384:common475","external8","HCA_BM_004",20260805,"sct_data_all_qc_fit_selected384","common475",475,"H0;H1_separate","complete_vietoris_rips",2,"Ripserr_primary;GUDHI_exact_resource_fallback",1800,12884901888,1,0,"closed","closed",FALSE
"mv08n_ph_queue_v1",1255,"mv08n_ph:external8:HCA_BM_004:20260805:sct_pearson_residual_all_qc_fit_selected384:common475","external8","HCA_BM_004",20260805,"sct_pearson_residual_all_qc_fit_selected384","common475",475,"H0;H1_separate","complete_vietoris_rips",2,"Ripserr_primary;GUDHI_exact_resource_fallback",1800,12884901888,1,0,"closed","closed",FALSE
"mv08n_ph_queue_v1",1256,"mv08n_ph:external8:HCA_BM_004:20260805:sct_pearson_residual_all_qc_fit_selected384:exact500","external8","HCA_BM_004",20260805,"sct_pearson_residual_all_qc_fit_selected384","exact500",500,"H0;H1_separate","complete_vietoris_rips",2,"Ripserr_primary;GUDHI_exact_resource_fallback",1800,12884901888,1,0,"closed","closed",FALSE
"mv08n_ph_queue_v1",1257,"mv08n_ph:external8:HCA_BM_005:20260805:sct_data_selected384_fit:common475","external8","HCA_BM_005",20260805,"sct_data_selected384_fit","common475",475,"H0;H1_separate","complete_vietoris_rips",2,"Ripserr_primary;GUDHI_exact_resource_fallback",1800,12884901888,1,0,"closed","closed",FALSE
"mv08n_ph_queue_v1",1258,"mv08n_ph:external8:HCA_BM_005:20260805:sct_data_all_qc_fit_selected384:common475","external8","HCA_BM_005",20260805,"sct_data_all_qc_fit_selected384","common475",475,"H0;H1_separate","complete_vietoris_rips",2,"Ripserr_primary;GUDHI_exact_resource_fallback",1800,12884901888,1,0,"closed","closed",FALSE
"mv08n_ph_queue_v1",1259,"mv08n_ph:external8:HCA_BM_005:20260805:sct_pearson_residual_all_qc_fit_selected384:common475","external8","HCA_BM_005",20260805,"sct_pearson_residual_all_qc_fit_selected384","common475",475,"H0;H1_separate","complete_vietoris_rips",2,"Ripserr_primary;GUDHI_exact_resource_fallback",1800,12884901888,1,0,"closed","closed",FALSE
"mv08n_ph_queue_v1",1260,"mv08n_ph:external8:HCA_BM_005:20260805:sct_pearson_residual_all_qc_fit_selected384:exact500","external8","HCA_BM_005",20260805,"sct_pearson_residual_all_qc_fit_selected384","exact500",500,"H0;H1_separate","complete_vietoris_rips",2,"Ripserr_primary;GUDHI_exact_resource_fallback",1800,12884901888,1,0,"closed","closed",FALSE
"mv08n_ph_queue_v1",1261,"mv08n_ph:external8:HCA_BM_006:20260805:sct_data_selected384_fit:common475","external8","HCA_BM_006",20260805,"sct_data_selected384_fit","common475",475,"H0;H1_separate","complete_vietoris_rips",2,"Ripserr_primary;GUDHI_exact_resource_fallback",1800,12884901888,1,0,"closed","closed",FALSE
"mv08n_ph_queue_v1",1262,"mv08n_ph:external8:HCA_BM_006:20260805:sct_data_all_qc_fit_selected384:common475","external8","HCA_BM_006",20260805,"sct_data_all_qc_fit_selected384","common475",475,"H0;H1_separate","complete_vietoris_rips",2,"Ripserr_primary;GUDHI_exact_resource_fallback",1800,12884901888,1,0,"closed","closed",FALSE
"mv08n_ph_queue_v1",1263,"mv08n_ph:external8:HCA_BM_006:20260805:sct_pearson_residual_all_qc_fit_selected384:common475","external8","HCA_BM_006",20260805,"sct_pearson_residual_all_qc_fit_selected384","common475",475,"H0;H1_separate","complete_vietoris_rips",2,"Ripserr_primary;GUDHI_exact_resource_fallback",1800,12884901888,1,0,"closed","closed",FALSE
"mv08n_ph_queue_v1",1264,"mv08n_ph:external8:HCA_BM_006:20260805:sct_pearson_residual_all_qc_fit_selected384:exact500","external8","HCA_BM_006",20260805,"sct_pearson_residual_all_qc_fit_selected384","exact500",500,"H0;H1_separate","complete_vietoris_rips",2,"Ripserr_primary;GUDHI_exact_resource_fallback",1800,12884901888,1,0,"closed","closed",FALSE
"mv08n_ph_queue_v1",1265,"mv08n_ph:external8:HCA_BM_007:20260805:sct_data_selected384_fit:common475","external8","HCA_BM_007",20260805,"sct_data_selected384_fit","common475",475,"H0;H1_separate","complete_vietoris_rips",2,"Ripserr_primary;GUDHI_exact_resource_fallback",1800,12884901888,1,0,"closed","closed",FALSE
"mv08n_ph_queue_v1",1266,"mv08n_ph:external8:HCA_BM_007:20260805:sct_data_all_qc_fit_selected384:common475","external8","HCA_BM_007",20260805,"sct_data_all_qc_fit_selected384","common475",475,"H0;H1_separate","complete_vietoris_rips",2,"Ripserr_primary;GUDHI_exact_resource_fallback",1800,12884901888,1,0,"closed","closed",FALSE
"mv08n_ph_queue_v1",1267,"mv08n_ph:external8:HCA_BM_007:20260805:sct_pearson_residual_all_qc_fit_selected384:common475","external8","HCA_BM_007",20260805,"sct_pearson_residual_all_qc_fit_selected384","common475",475,"H0;H1_separate","complete_vietoris_rips",2,"Ripserr_primary;GUDHI_exact_resource_fallback",1800,12884901888,1,0,"closed","closed",FALSE
"mv08n_ph_queue_v1",1268,"mv08n_ph:external8:HCA_BM_007:20260805:sct_pearson_residual_all_qc_fit_selected384:exact500","external8","HCA_BM_007",20260805,"sct_pearson_residual_all_qc_fit_selected384","exact500",500,"H0;H1_separate","complete_vietoris_rips",2,"Ripserr_primary;GUDHI_exact_resource_fallback",1800,12884901888,1,0,"closed","closed",FALSE
"mv08n_ph_queue_v1",1269,"mv08n_ph:external8:HCA_BM_008:20260805:sct_data_selected384_fit:common475","external8","HCA_BM_008",20260805,"sct_data_selected384_fit","common475",475,"H0;H1_separate","complete_vietoris_rips",2,"Ripserr_primary;GUDHI_exact_resource_fallback",1800,12884901888,1,0,"closed","closed",FALSE
"mv08n_ph_queue_v1",1270,"mv08n_ph:external8:HCA_BM_008:20260805:sct_data_all_qc_fit_selected384:common475","external8","HCA_BM_008",20260805,"sct_data_all_qc_fit_selected384","common475",475,"H0;H1_separate","complete_vietoris_rips",2,"Ripserr_primary;GUDHI_exact_resource_fallback",1800,12884901888,1,0,"closed","closed",FALSE
"mv08n_ph_queue_v1",1271,"mv08n_ph:external8:HCA_BM_008:20260805:sct_pearson_residual_all_qc_fit_selected384:common475","external8","HCA_BM_008",20260805,"sct_pearson_residual_all_qc_fit_selected384","common475",475,"H0;H1_separate","complete_vietoris_rips",2,"Ripserr_primary;GUDHI_exact_resource_fallback",1800,12884901888,1,0,"closed","closed",FALSE
"mv08n_ph_queue_v1",1272,"mv08n_ph:external8:HCA_BM_008:20260805:sct_pearson_residual_all_qc_fit_selected384:exact500","external8","HCA_BM_008",20260805,"sct_pearson_residual_all_qc_fit_selected384","exact500",500,"H0;H1_separate","complete_vietoris_rips",2,"Ripserr_primary;GUDHI_exact_resource_fallback",1800,12884901888,1,0,"closed","closed",FALSE
