"execution_head","catalog_order","stack_id","representation_id","panel_id","seed","homology_dimension","payload_set_sha256","pair_axis_sha256","contract_id","method_id","k","mean_silhouette","median_silhouette","minimum_silhouette","negative_silhouette_fraction","minimum_cluster_size","maximum_cluster_size","singleton_clusters","outcome_label_state","biological_outcomes_computed"
"06c0dd6c129d8567651081156272cfe972e52c7d",1,"existing_selectedfit_data_exact500","existing_selectedfit_data_exact500","exact500",20260805,"H0","238012bb63401f93286a80ab1e016b243e11d6bcb3f6120ee93892903dc8ed17","9fc531b3bcf7c6df277ab2eeab9702346f860b3c1e05aa2f162ce8e5fc76ee35","mv10_partition_quality_v1","pam_dissimilarity_v1",2,0.618874281501679,0.676190528329361,0.0486769279208607,0,28,96,0,"closed",FALSE
"06c0dd6c129d8567651081156272cfe972e52c7d",1,"existing_selectedfit_data_exact500","existing_selectedfit_data_exact500","exact500",20260805,"H0","238012bb63401f93286a80ab1e016b243e11d6bcb3f6120ee93892903dc8ed17","9fc531b3bcf7c6df277ab2eeab9702346f860b3c1e05aa2f162ce8e5fc76ee35","mv10_partition_quality_v1","pam_dissimilarity_v1",3,0.469487718916871,0.531750999965386,-0.0408521265284734,0.00806451612903226,26,56,0,"closed",FALSE
"06c0dd6c129d8567651081156272cfe972e52c7d",1,"existing_selectedfit_data_exact500","existing_selectedfit_data_exact500","exact500",20260805,"H0","238012bb63401f93286a80ab1e016b243e11d6bcb3f6120ee93892903dc8ed17","9fc531b3bcf7c6df277ab2eeab9702346f860b3c1e05aa2f162ce8e5fc76ee35","mv10_partition_quality_v1","pam_dissimilarity_v1",4,0.396558168127998,0.463853795404303,-0.135124656917221,0.0403225806451613,24,40,0,"closed",FALSE
"06c0dd6c129d8567651081156272cfe972e52c7d",1,"existing_selectedfit_data_exact500","existing_selectedfit_data_exact500","exact500",20260805,"H0","238012bb63401f93286a80ab1e016b243e11d6bcb3f6120ee93892903dc8ed17","9fc531b3bcf7c6df277ab2eeab9702346f860b3c1e05aa2f162ce8e5fc76ee35","mv10_partition_quality_v1","pam_dissimilarity_v1",5,0.415952457883985,0.464687119237384,-0.135124656917221,0.032258064516129,6,40,0,"closed",FALSE
"06c0dd6c129d8567651081156272cfe972e52c7d",1,"existing_selectedfit_data_exact500","existing_selectedfit_data_exact500","exact500",20260805,"H0","238012bb63401f93286a80ab1e016b243e11d6bcb3f6120ee93892903dc8ed17","9fc531b3bcf7c6df277ab2eeab9702346f860b3c1e05aa2f162ce8e5fc76ee35","mv10_partition_quality_v1","pam_dissimilarity_v1",6,0.388096489515867,0.432181212359789,-0.0596913974436923,0.0241935483870968,6,38,0,"closed",FALSE
"06c0dd6c129d8567651081156272cfe972e52c7d",1,"existing_selectedfit_data_exact500","existing_selectedfit_data_exact500","exact500",20260805,"H0","238012bb63401f93286a80ab1e016b243e11d6bcb3f6120ee93892903dc8ed17","9fc531b3bcf7c6df277ab2eeab9702346f860b3c1e05aa2f162ce8e5fc76ee35","mv10_partition_quality_v1","pam_dissimilarity_v1",7,0.36590212880388,0.401472635681266,-0.080984441590783,0.032258064516129,6,27,0,"closed",FALSE
"06c0dd6c129d8567651081156272cfe972e52c7d",1,"existing_selectedfit_data_exact500","existing_selectedfit_data_exact500","exact500",20260805,"H0","238012bb63401f93286a80ab1e016b243e11d6bcb3f6120ee93892903dc8ed17","9fc531b3bcf7c6df277ab2eeab9702346f860b3c1e05aa2f162ce8e5fc76ee35","mv10_partition_quality_v1","pam_dissimilarity_v1",8,0.336627786148526,0.36466150363764,-0.080984441590783,0.0403225806451613,5,27,0,"closed",FALSE
"06c0dd6c129d8567651081156272cfe972e52c7d",1,"existing_selectedfit_data_exact500","existing_selectedfit_data_exact500","exact500",20260805,"H0","238012bb63401f93286a80ab1e016b243e11d6bcb3f6120ee93892903dc8ed17","9fc531b3bcf7c6df277ab2eeab9702346f860b3c1e05aa2f162ce8e5fc76ee35","mv10_partition_quality_v1","pam_dissimilarity_v1",9,0.354076875201691,0.38512293705747,-0.073020887069657,0.0241935483870968,5,22,0,"closed",FALSE
"06c0dd6c129d8567651081156272cfe972e52c7d",1,"existing_selectedfit_data_exact500","existing_selectedfit_data_exact500","exact500",20260805,"H0","238012bb63401f93286a80ab1e016b243e11d6bcb3f6120ee93892903dc8ed17","9fc531b3bcf7c6df277ab2eeab9702346f860b3c1e05aa2f162ce8e5fc76ee35","mv10_partition_quality_v1","pam_dissimilarity_v1",10,0.363302968102275,0.391407112255622,-0.073020887069657,0.0161290322580645,5,22,0,"closed",FALSE
"06c0dd6c129d8567651081156272cfe972e52c7d",1,"existing_selectedfit_data_exact500","existing_selectedfit_data_exact500","exact500",20260805,"H0","238012bb63401f93286a80ab1e016b243e11d6bcb3f6120ee93892903dc8ed17","9fc531b3bcf7c6df277ab2eeab9702346f860b3c1e05aa2f162ce8e5fc76ee35","mv10_partition_quality_v1","hclust_average_v1",2,0.626276900132477,0.681684401141187,-0.0192780620054698,0.0161290322580645,26,98,0,"closed",FALSE
"06c0dd6c129d8567651081156272cfe972e52c7d",1,"existing_selectedfit_data_exact500","existing_selectedfit_data_exact500","exact500",20260805,"H0","238012bb63401f93286a80ab1e016b243e11d6bcb3f6120ee93892903dc8ed17","9fc531b3bcf7c6df277ab2eeab9702346f860b3c1e05aa2f162ce8e5fc76ee35","mv10_partition_quality_v1","hclust_average_v1",3,0.581131767828301,0.65287514561147,-0.227317739538108,0.032258064516129,5,98,0,"closed",FALSE
"06c0dd6c129d8567651081156272cfe972e52c7d",1,"existing_selectedfit_data_exact500","existing_selectedfit_data_exact500","exact500",20260805,"H0","238012bb63401f93286a80ab1e016b243e11d6bcb3f6120ee93892903dc8ed17","9fc531b3bcf7c6df277ab2eeab9702346f860b3c1e05aa2f162ce8e5fc76ee35","mv10_partition_quality_v1","hclust_average_v1",4,0.4635729422832,0.532452403355223,-0.276255255553565,0.0564516129032258,5,65,0,"closed",FALSE
"06c0dd6c129d8567651081156272cfe972e52c7d",1,"existing_selectedfit_data_exact500","existing_selectedfit_data_exact500","exact500",20260805,"H0","238012bb63401f93286a80ab1e016b243e11d6bcb3f6120ee93892903dc8ed17","9fc531b3bcf7c6df277ab2eeab9702346f860b3c1e05aa2f162ce8e5fc76ee35","mv10_partition_quality_v1","hclust_average_v1",5,0.420945385022837,0.50413905548735,-0.391242056302657,0.0806451612903226,4,65,0,"closed",FALSE
"06c0dd6c129d8567651081156272cfe972e52c7d",1,"existing_selectedfit_data_exact500","existing_selectedfit_data_exact500","exact500",20260805,"H0","238012bb63401f93286a80ab1e016b243e11d6bcb3f6120ee93892903dc8ed17","9fc531b3bcf7c6df277ab2eeab9702346f860b3c1e05aa2f162ce8e5fc76ee35","mv10_partition_quality_v1","hclust_average_v1",6,0.394155039869964,0.450097886705057,-0.241544042480927,0.0564516129032258,4,47,0,"closed",FALSE
"06c0dd6c129d8567651081156272cfe972e52c7d",1,"existing_selectedfit_data_exact500","existing_selectedfit_data_exact500","exact500",20260805,"H0","238012bb63401f93286a80ab1e016b243e11d6bcb3f6120ee93892903dc8ed17","9fc531b3bcf7c6df277ab2eeab9702346f860b3c1e05aa2f162ce8e5fc76ee35","mv10_partition_quality_v1","hclust_average_v1",7,0.365415831080051,0.407797799504555,-0.241544042480927,0.0564516129032258,4,47,0,"closed",FALSE
"06c0dd6c129d8567651081156272cfe972e52c7d",1,"existing_selectedfit_data_exact500","existing_selectedfit_data_exact500","exact500",20260805,"H0","238012bb63401f93286a80ab1e016b243e11d6bcb3f6120ee93892903dc8ed17","9fc531b3bcf7c6df277ab2eeab9702346f860b3c1e05aa2f162ce8e5fc76ee35","mv10_partition_quality_v1","hclust_average_v1",8,0.37694291323173,0.428695255257229,-0.241544042480927,0.0483870967741935,4,47,0,"closed",FALSE
"06c0dd6c129d8567651081156272cfe972e52c7d",1,"existing_selectedfit_data_exact500","existing_selectedfit_data_exact500","exact500",20260805,"H0","238012bb63401f93286a80ab1e016b243e11d6bcb3f6120ee93892903dc8ed17","9fc531b3bcf7c6df277ab2eeab9702346f860b3c1e05aa2f162ce8e5fc76ee35","mv10_partition_quality_v1","hclust_average_v1",9,0.367043526852509,0.416666736105934,-0.241544042480927,0.0483870967741935,1,47,1,"closed",FALSE
"06c0dd6c129d8567651081156272cfe972e52c7d",1,"existing_selectedfit_data_exact500","existing_selectedfit_data_exact500","exact500",20260805,"H0","238012bb63401f93286a80ab1e016b243e11d6bcb3f6120ee93892903dc8ed17","9fc531b3bcf7c6df277ab2eeab9702346f860b3c1e05aa2f162ce8e5fc76ee35","mv10_partition_quality_v1","hclust_average_v1",10,0.32516549759331,0.351397842629698,-0.364697938340521,0.0725806451612903,1,35,1,"closed",FALSE
"06c0dd6c129d8567651081156272cfe972e52c7d",1,"existing_selectedfit_data_exact500","existing_selectedfit_data_exact500","exact500",20260805,"H0","238012bb63401f93286a80ab1e016b243e11d6bcb3f6120ee93892903dc8ed17","9fc531b3bcf7c6df277ab2eeab9702346f860b3c1e05aa2f162ce8e5fc76ee35","mv10_partition_quality_v1","hclust_complete_v1",2,0.626276900132477,0.681684401141187,-0.0192780620054698,0.0161290322580645,26,98,0,"closed",FALSE
"06c0dd6c129d8567651081156272cfe972e52c7d",1,"existing_selectedfit_data_exact500","existing_selectedfit_data_exact500","exact500",20260805,"H0","238012bb63401f93286a80ab1e016b243e11d6bcb3f6120ee93892903dc8ed17","9fc531b3bcf7c6df277ab2eeab9702346f860b3c1e05aa2f162ce8e5fc76ee35","mv10_partition_quality_v1","hclust_complete_v1",3,0.466769504230126,0.535169309173082,-0.276255255553565,0.0483870967741935,26,65,0,"closed",FALSE
"06c0dd6c129d8567651081156272cfe972e52c7d",1,"existing_selectedfit_data_exact500","existing_selectedfit_data_exact500","exact500",20260805,"H0","238012bb63401f93286a80ab1e016b243e11d6bcb3f6120ee93892903dc8ed17","9fc531b3bcf7c6df277ab2eeab9702346f860b3c1e05aa2f162ce8e5fc76ee35","mv10_partition_quality_v1","hclust_complete_v1",4,0.4635729422832,0.532452403355223,-0.276255255553565,0.0564516129032258,5,65,0,"closed",FALSE
"06c0dd6c129d8567651081156272cfe972e52c7d",1,"existing_selectedfit_data_exact500","existing_selectedfit_data_exact500","exact500",20260805,"H0","238012bb63401f93286a80ab1e016b243e11d6bcb3f6120ee93892903dc8ed17","9fc531b3bcf7c6df277ab2eeab9702346f860b3c1e05aa2f162ce8e5fc76ee35","mv10_partition_quality_v1","hclust_complete_v1",5,0.420945385022837,0.50413905548735,-0.391242056302657,0.0806451612903226,4,65,0,"closed",FALSE
"06c0dd6c129d8567651081156272cfe972e52c7d",1,"existing_selectedfit_data_exact500","existing_selectedfit_data_exact500","exact500",20260805,"H0","238012bb63401f93286a80ab1e016b243e11d6bcb3f6120ee93892903dc8ed17","9fc531b3bcf7c6df277ab2eeab9702346f860b3c1e05aa2f162ce8e5fc76ee35","mv10_partition_quality_v1","hclust_complete_v1",6,0.390503238393165,0.451545187768658,-0.261719720743532,0.0645161290322581,4,48,0,"closed",FALSE
"06c0dd6c129d8567651081156272cfe972e52c7d",1,"existing_selectedfit_data_exact500","existing_selectedfit_data_exact500","exact500",20260805,"H0","238012bb63401f93286a80ab1e016b243e11d6bcb3f6120ee93892903dc8ed17","9fc531b3bcf7c6df277ab2eeab9702346f860b3c1e05aa2f162ce8e5fc76ee35","mv10_partition_quality_v1","hclust_complete_v1",7,0.357303341038168,0.430205675674902,-0.311353908478341,0.0725806451612903,4,48,0,"closed",FALSE
"06c0dd6c129d8567651081156272cfe972e52c7d",1,"existing_selectedfit_data_exact500","existing_selectedfit_data_exact500","exact500",20260805,"H0","238012bb63401f93286a80ab1e016b243e11d6bcb3f6120ee93892903dc8ed17","9fc531b3bcf7c6df277ab2eeab9702346f860b3c1e05aa2f162ce8e5fc76ee35","mv10_partition_quality_v1","hclust_complete_v1",8,0.34778084657918,0.425626414307092,-0.261719720743532,0.0967741935483871,3,48,0,"closed",FALSE
"06c0dd6c129d8567651081156272cfe972e52c7d",1,"existing_selectedfit_data_exact500","existing_selectedfit_data_exact500","exact500",20260805,"H0","238012bb63401f93286a80ab1e016b243e11d6bcb3f6120ee93892903dc8ed17","9fc531b3bcf7c6df277ab2eeab9702346f860b3c1e05aa2f162ce8e5fc76ee35","mv10_partition_quality_v1","hclust_complete_v1",9,0.307048558339111,0.335467107559273,-0.316181794715944,0.104838709677419,3,32,0,"closed",FALSE
"06c0dd6c129d8567651081156272cfe972e52c7d",1,"existing_selectedfit_data_exact500","existing_selectedfit_data_exact500","exact500",20260805,"H0","238012bb63401f93286a80ab1e016b243e11d6bcb3f6120ee93892903dc8ed17","9fc531b3bcf7c6df277ab2eeab9702346f860b3c1e05aa2f162ce8e5fc76ee35","mv10_partition_quality_v1","hclust_complete_v1",10,0.326595967472684,0.364056720254438,-0.364697938340521,0.0806451612903226,3,29,0,"closed",FALSE
"06c0dd6c129d8567651081156272cfe972e52c7d",1,"existing_selectedfit_data_exact500","existing_selectedfit_data_exact500","exact500",20260805,"H0","238012bb63401f93286a80ab1e016b243e11d6bcb3f6120ee93892903dc8ed17","9fc531b3bcf7c6df277ab2eeab9702346f860b3c1e05aa2f162ce8e5fc76ee35","mv10_partition_quality_v1","hclust_single_diagnostic_v1",2,0.562999116198617,0.710462637632714,-0.659270915486422,0.0967741935483871,5,119,0,"closed",FALSE
"06c0dd6c129d8567651081156272cfe972e52c7d",1,"existing_selectedfit_data_exact500","existing_selectedfit_data_exact500","exact500",20260805,"H0","238012bb63401f93286a80ab1e016b243e11d6bcb3f6120ee93892903dc8ed17","9fc531b3bcf7c6df277ab2eeab9702346f860b3c1e05aa2f162ce8e5fc76ee35","mv10_partition_quality_v1","hclust_single_diagnostic_v1",3,0.581131767828301,0.65287514561147,-0.227317739538108,0.032258064516129,5,98,0,"closed",FALSE
"06c0dd6c129d8567651081156272cfe972e52c7d",1,"existing_selectedfit_data_exact500","existing_selectedfit_data_exact500","exact500",20260805,"H0","238012bb63401f93286a80ab1e016b243e11d6bcb3f6120ee93892903dc8ed17","9fc531b3bcf7c6df277ab2eeab9702346f860b3c1e05aa2f162ce8e5fc76ee35","mv10_partition_quality_v1","hclust_single_diagnostic_v1",4,0.561290657477307,0.648143750106327,-0.227317739538108,0.032258064516129,1,98,1,"closed",FALSE
"06c0dd6c129d8567651081156272cfe972e52c7d",1,"existing_selectedfit_data_exact500","existing_selectedfit_data_exact500","exact500",20260805,"H0","238012bb63401f93286a80ab1e016b243e11d6bcb3f6120ee93892903dc8ed17","9fc531b3bcf7c6df277ab2eeab9702346f860b3c1e05aa2f162ce8e5fc76ee35","mv10_partition_quality_v1","hclust_single_diagnostic_v1",5,0.422729855399391,0.545091963089761,-0.65641930951495,0.112903225806452,1,97,2,"closed",FALSE
"06c0dd6c129d8567651081156272cfe972e52c7d",1,"existing_selectedfit_data_exact500","existing_selectedfit_data_exact500","exact500",20260805,"H0","238012bb63401f93286a80ab1e016b243e11d6bcb3f6120ee93892903dc8ed17","9fc531b3bcf7c6df277ab2eeab9702346f860b3c1e05aa2f162ce8e5fc76ee35","mv10_partition_quality_v1","hclust_single_diagnostic_v1",6,0.374489741216237,0.454590201387162,-0.65641930951495,0.137096774193548,1,97,3,"closed",FALSE
"06c0dd6c129d8567651081156272cfe972e52c7d",1,"existing_selectedfit_data_exact500","existing_selectedfit_data_exact500","exact500",20260805,"H0","238012bb63401f93286a80ab1e016b243e11d6bcb3f6120ee93892903dc8ed17","9fc531b3bcf7c6df277ab2eeab9702346f860b3c1e05aa2f162ce8e5fc76ee35","mv10_partition_quality_v1","hclust_single_diagnostic_v1",7,0.370535553732576,0.454590201387162,-0.65641930951495,0.137096774193548,1,97,3,"closed",FALSE
"06c0dd6c129d8567651081156272cfe972e52c7d",1,"existing_selectedfit_data_exact500","existing_selectedfit_data_exact500","exact500",20260805,"H0","238012bb63401f93286a80ab1e016b243e11d6bcb3f6120ee93892903dc8ed17","9fc531b3bcf7c6df277ab2eeab9702346f860b3c1e05aa2f162ce8e5fc76ee35","mv10_partition_quality_v1","hclust_single_diagnostic_v1",8,0.36560311920367,0.454590201387162,-0.65641930951495,0.137096774193548,1,97,5,"closed",FALSE
"06c0dd6c129d8567651081156272cfe972e52c7d",1,"existing_selectedfit_data_exact500","existing_selectedfit_data_exact500","exact500",20260805,"H0","238012bb63401f93286a80ab1e016b243e11d6bcb3f6120ee93892903dc8ed17","9fc531b3bcf7c6df277ab2eeab9702346f860b3c1e05aa2f162ce8e5fc76ee35","mv10_partition_quality_v1","hclust_single_diagnostic_v1",9,0.364339487964215,0.454590201387162,-0.65641930951495,0.137096774193548,1,97,7,"closed",FALSE
"06c0dd6c129d8567651081156272cfe972e52c7d",1,"existing_selectedfit_data_exact500","existing_selectedfit_data_exact500","exact500",20260805,"H0","238012bb63401f93286a80ab1e016b243e11d6bcb3f6120ee93892903dc8ed17","9fc531b3bcf7c6df277ab2eeab9702346f860b3c1e05aa2f162ce8e5fc76ee35","mv10_partition_quality_v1","hclust_single_diagnostic_v1",10,0.290485978042427,0.416029086082047,-0.611991006960245,0.161290322580645,1,94,7,"closed",FALSE
"06c0dd6c129d8567651081156272cfe972e52c7d",1,"existing_selectedfit_data_exact500","existing_selectedfit_data_exact500","exact500",20260805,"H0","238012bb63401f93286a80ab1e016b243e11d6bcb3f6120ee93892903dc8ed17","9fc531b3bcf7c6df277ab2eeab9702346f860b3c1e05aa2f162ce8e5fc76ee35","mv10_partition_quality_v1","diana_dissimilarity_v1",2,0.618874281501679,0.676190528329361,0.0486769279208607,0,28,96,0,"closed",FALSE
"06c0dd6c129d8567651081156272cfe972e52c7d",1,"existing_selectedfit_data_exact500","existing_selectedfit_data_exact500","exact500",20260805,"H0","238012bb63401f93286a80ab1e016b243e11d6bcb3f6120ee93892903dc8ed17","9fc531b3bcf7c6df277ab2eeab9702346f860b3c1e05aa2f162ce8e5fc76ee35","mv10_partition_quality_v1","diana_dissimilarity_v1",3,0.567046507308587,0.641914956759184,-0.132874488372973,0.0241935483870968,6,96,0,"closed",FALSE
"06c0dd6c129d8567651081156272cfe972e52c7d",1,"existing_selectedfit_data_exact500","existing_selectedfit_data_exact500","exact500",20260805,"H0","238012bb63401f93286a80ab1e016b243e11d6bcb3f6120ee93892903dc8ed17","9fc531b3bcf7c6df277ab2eeab9702346f860b3c1e05aa2f162ce8e5fc76ee35","mv10_partition_quality_v1","diana_dissimilarity_v1",4,0.464990770536093,0.529014722219243,-0.0191076555844542,0.0161290322580645,6,56,0,"closed",FALSE
"06c0dd6c129d8567651081156272cfe972e52c7d",1,"existing_selectedfit_data_exact500","existing_selectedfit_data_exact500","exact500",20260805,"H0","238012bb63401f93286a80ab1e016b243e11d6bcb3f6120ee93892903dc8ed17","9fc531b3bcf7c6df277ab2eeab9702346f860b3c1e05aa2f162ce8e5fc76ee35","mv10_partition_quality_v1","diana_dissimilarity_v1",5,0.428297082082871,0.5056583176337,-0.108703072707678,0.0403225806451613,4,56,0,"closed",FALSE
"06c0dd6c129d8567651081156272cfe972e52c7d",1,"existing_selectedfit_data_exact500","existing_selectedfit_data_exact500","exact500",20260805,"H0","238012bb63401f93286a80ab1e016b243e11d6bcb3f6120ee93892903dc8ed17","9fc531b3bcf7c6df277ab2eeab9702346f860b3c1e05aa2f162ce8e5fc76ee35","mv10_partition_quality_v1","diana_dissimilarity_v1",6,0.37780984090103,0.408888001217812,-0.12971054235536,0.0483870967741935,4,56,0,"closed",FALSE
"06c0dd6c129d8567651081156272cfe972e52c7d",1,"existing_selectedfit_data_exact500","existing_selectedfit_data_exact500","exact500",20260805,"H0","238012bb63401f93286a80ab1e016b243e11d6bcb3f6120ee93892903dc8ed17","9fc531b3bcf7c6df277ab2eeab9702346f860b3c1e05aa2f162ce8e5fc76ee35","mv10_partition_quality_v1","diana_dissimilarity_v1",7,0.349393476054235,0.393044295392603,-0.258763272205435,0.0645161290322581,4,36,0,"closed",FALSE
"06c0dd6c129d8567651081156272cfe972e52c7d",1,"existing_selectedfit_data_exact500","existing_selectedfit_data_exact500","exact500",20260805,"H0","238012bb63401f93286a80ab1e016b243e11d6bcb3f6120ee93892903dc8ed17","9fc531b3bcf7c6df277ab2eeab9702346f860b3c1e05aa2f162ce8e5fc76ee35","mv10_partition_quality_v1","diana_dissimilarity_v1",8,0.321313877395606,0.374260002482179,-0.299191966404103,0.0806451612903226,1,36,1,"closed",FALSE
"06c0dd6c129d8567651081156272cfe972e52c7d",1,"existing_selectedfit_data_exact500","existing_selectedfit_data_exact500","exact500",20260805,"H0","238012bb63401f93286a80ab1e016b243e11d6bcb3f6120ee93892903dc8ed17","9fc531b3bcf7c6df277ab2eeab9702346f860b3c1e05aa2f162ce8e5fc76ee35","mv10_partition_quality_v1","diana_dissimilarity_v1",9,0.323382069770147,0.354197926867743,-0.258763272205435,0.0645161290322581,1,36,1,"closed",FALSE
"06c0dd6c129d8567651081156272cfe972e52c7d",1,"existing_selectedfit_data_exact500","existing_selectedfit_data_exact500","exact500",20260805,"H0","238012bb63401f93286a80ab1e016b243e11d6bcb3f6120ee93892903dc8ed17","9fc531b3bcf7c6df277ab2eeab9702346f860b3c1e05aa2f162ce8e5fc76ee35","mv10_partition_quality_v1","diana_dissimilarity_v1",10,0.311796036811968,0.339472707395713,-0.29392719573685,0.0645161290322581,1,36,1,"closed",FALSE
"06c0dd6c129d8567651081156272cfe972e52c7d",2,"existing_selectedfit_data_exact500","existing_selectedfit_data_exact500","exact500",20260805,"H1","38200e588b082bfbacfc486f31865a2c0e163b0a1e122d5313806a323e134af6","9fc531b3bcf7c6df277ab2eeab9702346f860b3c1e05aa2f162ce8e5fc76ee35","mv10_partition_quality_v1","pam_dissimilarity_v1",2,0.366945074809343,0.400922860397435,-0.0347147401882324,0.00806451612903226,49,75,0,"closed",FALSE
"06c0dd6c129d8567651081156272cfe972e52c7d",2,"existing_selectedfit_data_exact500","existing_selectedfit_data_exact500","exact500",20260805,"H1","38200e588b082bfbacfc486f31865a2c0e163b0a1e122d5313806a323e134af6","9fc531b3bcf7c6df277ab2eeab9702346f860b3c1e05aa2f162ce8e5fc76ee35","mv10_partition_quality_v1","pam_dissimilarity_v1",3,0.311852930439738,0.336652817954671,-0.14318616894906,0.0483870967741935,34,45,0,"closed",FALSE
"06c0dd6c129d8567651081156272cfe972e52c7d",2,"existing_selectedfit_data_exact500","existing_selectedfit_data_exact500","exact500",20260805,"H1","38200e588b082bfbacfc486f31865a2c0e163b0a1e122d5313806a323e134af6","9fc531b3bcf7c6df277ab2eeab9702346f860b3c1e05aa2f162ce8e5fc76ee35","mv10_partition_quality_v1","pam_dissimilarity_v1",4,0.29821598177384,0.332575893255384,-0.14318616894906,0.0403225806451613,12,45,0,"closed",FALSE
"06c0dd6c129d8567651081156272cfe972e52c7d",2,"existing_selectedfit_data_exact500","existing_selectedfit_data_exact500","exact500",20260805,"H1","38200e588b082bfbacfc486f31865a2c0e163b0a1e122d5313806a323e134af6","9fc531b3bcf7c6df277ab2eeab9702346f860b3c1e05aa2f162ce8e5fc76ee35","mv10_partition_quality_v1","pam_dissimilarity_v1",5,0.242376001484329,0.281867684470805,-0.158336769160798,0.0564516129032258,12,34,0,"closed",FALSE
"06c0dd6c129d8567651081156272cfe972e52c7d",2,"existing_selectedfit_data_exact500","existing_selectedfit_data_exact500","exact500",20260805,"H1","38200e588b082bfbacfc486f31865a2c0e163b0a1e122d5313806a323e134af6","9fc531b3bcf7c6df277ab2eeab9702346f860b3c1e05aa2f162ce8e5fc76ee35","mv10_partition_quality_v1","pam_dissimilarity_v1",6,0.227478896929477,0.266910307857255,-0.17262607843166,0.0725806451612903,6,34,0,"closed",FALSE
"06c0dd6c129d8567651081156272cfe972e52c7d",2,"existing_selectedfit_data_exact500","existing_selectedfit_data_exact500","exact500",20260805,"H1","38200e588b082bfbacfc486f31865a2c0e163b0a1e122d5313806a323e134af6","9fc531b3bcf7c6df277ab2eeab9702346f860b3c1e05aa2f162ce8e5fc76ee35","mv10_partition_quality_v1","pam_dissimilarity_v1",7,0.201011353551951,0.216226410991754,-0.128422594348246,0.0403225806451613,6,29,0,"closed",FALSE
"06c0dd6c129d8567651081156272cfe972e52c7d",2,"existing_selectedfit_data_exact500","existing_selectedfit_data_exact500","exact500",20260805,"H1","38200e588b082bfbacfc486f31865a2c0e163b0a1e122d5313806a323e134af6","9fc531b3bcf7c6df277ab2eeab9702346f860b3c1e05aa2f162ce8e5fc76ee35","mv10_partition_quality_v1","pam_dissimilarity_v1",8,0.183399247606076,0.192042117079689,-0.120625410709513,0.0645161290322581,8,27,0,"closed",FALSE
"06c0dd6c129d8567651081156272cfe972e52c7d",2,"existing_selectedfit_data_exact500","existing_selectedfit_data_exact500","exact500",20260805,"H1","38200e588b082bfbacfc486f31865a2c0e163b0a1e122d5313806a323e134af6","9fc531b3bcf7c6df277ab2eeab9702346f860b3c1e05aa2f162ce8e5fc76ee35","mv10_partition_quality_v1","pam_dissimilarity_v1",9,0.188042602728672,0.20952784476674,-0.103969377222253,0.0967741935483871,6,26,0,"closed",FALSE
"06c0dd6c129d8567651081156272cfe972e52c7d",2,"existing_selectedfit_data_exact500","existing_selectedfit_data_exact500","exact500",20260805,"H1","38200e588b082bfbacfc486f31865a2c0e163b0a1e122d5313806a323e134af6","9fc531b3bcf7c6df277ab2eeab9702346f860b3c1e05aa2f162ce8e5fc76ee35","mv10_partition_quality_v1","pam_dissimilarity_v1",10,0.180191003770848,0.18012049707393,-0.154408868112069,0.0887096774193548,6,18,0,"closed",FALSE
"06c0dd6c129d8567651081156272cfe972e52c7d",2,"existing_selectedfit_data_exact500","existing_selectedfit_data_exact500","exact500",20260805,"H1","38200e588b082bfbacfc486f31865a2c0e163b0a1e122d5313806a323e134af6","9fc531b3bcf7c6df277ab2eeab9702346f860b3c1e05aa2f162ce8e5fc76ee35","mv10_partition_quality_v1","hclust_average_v1",2,0.408925921351278,0.478179753563855,-0.503618130511458,0.0645161290322581,3,121,0,"closed",FALSE
"06c0dd6c129d8567651081156272cfe972e52c7d",2,"existing_selectedfit_data_exact500","existing_selectedfit_data_exact500","exact500",20260805,"H1","38200e588b082bfbacfc486f31865a2c0e163b0a1e122d5313806a323e134af6","9fc531b3bcf7c6df277ab2eeab9702346f860b3c1e05aa2f162ce8e5fc76ee35","mv10_partition_quality_v1","hclust_average_v1",3,0.330683730078663,0.382981669217798,-0.39190186708557,0.0806451612903226,3,81,0,"closed",FALSE
"06c0dd6c129d8567651081156272cfe972e52c7d",2,"existing_selectedfit_data_exact500","existing_selectedfit_data_exact500","exact500",20260805,"H1","38200e588b082bfbacfc486f31865a2c0e163b0a1e122d5313806a323e134af6","9fc531b3bcf7c6df277ab2eeab9702346f860b3c1e05aa2f162ce8e5fc76ee35","mv10_partition_quality_v1","hclust_average_v1",4,0.308882120811699,0.349003551692374,-0.258052604319341,0.0645161290322581,3,54,0,"closed",FALSE
"06c0dd6c129d8567651081156272cfe972e52c7d",2,"existing_selectedfit_data_exact500","existing_selectedfit_data_exact500","exact500",20260805,"H1","38200e588b082bfbacfc486f31865a2c0e163b0a1e122d5313806a323e134af6","9fc531b3bcf7c6df277ab2eeab9702346f860b3c1e05aa2f162ce8e5fc76ee35","mv10_partition_quality_v1","hclust_average_v1",5,0.293159367883562,0.341837376084525,-0.307308996747803,0.0725806451612903,1,54,1,"closed",FALSE
"06c0dd6c129d8567651081156272cfe972e52c7d",2,"existing_selectedfit_data_exact500","existing_selectedfit_data_exact500","exact500",20260805,"H1","38200e588b082bfbacfc486f31865a2c0e163b0a1e122d5313806a323e134af6","9fc531b3bcf7c6df277ab2eeab9702346f860b3c1e05aa2f162ce8e5fc76ee35","mv10_partition_quality_v1","hclust_average_v1",6,0.26708345538848,0.322156207000384,-0.307308996747803,0.0887096774193548,1,54,1,"closed",FALSE
"06c0dd6c129d8567651081156272cfe972e52c7d",2,"existing_selectedfit_data_exact500","existing_selectedfit_data_exact500","exact500",20260805,"H1","38200e588b082bfbacfc486f31865a2c0e163b0a1e122d5313806a323e134af6","9fc531b3bcf7c6df277ab2eeab9702346f860b3c1e05aa2f162ce8e5fc76ee35","mv10_partition_quality_v1","hclust_average_v1",7,0.246859853545273,0.285230845174396,-0.30877230671019,0.0967741935483871,1,54,1,"closed",FALSE
"06c0dd6c129d8567651081156272cfe972e52c7d",2,"existing_selectedfit_data_exact500","existing_selectedfit_data_exact500","exact500",20260805,"H1","38200e588b082bfbacfc486f31865a2c0e163b0a1e122d5313806a323e134af6","9fc531b3bcf7c6df277ab2eeab9702346f860b3c1e05aa2f162ce8e5fc76ee35","mv10_partition_quality_v1","hclust_average_v1",8,0.19220312196553,0.207972677626258,-0.246962683218519,0.0887096774193548,1,45,1,"closed",FALSE
"06c0dd6c129d8567651081156272cfe972e52c7d",2,"existing_selectedfit_data_exact500","existing_selectedfit_data_exact500","exact500",20260805,"H1","38200e588b082bfbacfc486f31865a2c0e163b0a1e122d5313806a323e134af6","9fc531b3bcf7c6df277ab2eeab9702346f860b3c1e05aa2f162ce8e5fc76ee35","mv10_partition_quality_v1","hclust_average_v1",9,0.186201907639662,0.203671528808115,-0.246962683218519,0.0887096774193548,1,45,2,"closed",FALSE
"06c0dd6c129d8567651081156272cfe972e52c7d",2,"existing_selectedfit_data_exact500","existing_selectedfit_data_exact500","exact500",20260805,"H1","38200e588b082bfbacfc486f31865a2c0e163b0a1e122d5313806a323e134af6","9fc531b3bcf7c6df277ab2eeab9702346f860b3c1e05aa2f162ce8e5fc76ee35","mv10_partition_quality_v1","hclust_average_v1",10,0.194215384295255,0.212347623494004,-0.246962683218519,0.0967741935483871,1,45,2,"closed",FALSE
"06c0dd6c129d8567651081156272cfe972e52c7d",2,"existing_selectedfit_data_exact500","existing_selectedfit_data_exact500","exact500",20260805,"H1","38200e588b082bfbacfc486f31865a2c0e163b0a1e122d5313806a323e134af6","9fc531b3bcf7c6df277ab2eeab9702346f860b3c1e05aa2f162ce8e5fc76ee35","mv10_partition_quality_v1","hclust_complete_v1",2,0.366711242842108,0.40676504533254,-0.0120792997125737,0.00806451612903226,49,75,0,"closed",FALSE
"06c0dd6c129d8567651081156272cfe972e52c7d",2,"existing_selectedfit_data_exact500","existing_selectedfit_data_exact500","exact500",20260805,"H1","38200e588b082bfbacfc486f31865a2c0e163b0a1e122d5313806a323e134af6","9fc531b3bcf7c6df277ab2eeab9702346f860b3c1e05aa2f162ce8e5fc76ee35","mv10_partition_quality_v1","hclust_complete_v1",3,0.34203994266872,0.384440089379547,-0.285027076063385,0.0483870967741935,3,75,0,"closed",FALSE
"06c0dd6c129d8567651081156272cfe972e52c7d",2,"existing_selectedfit_data_exact500","existing_selectedfit_data_exact500","exact500",20260805,"H1","38200e588b082bfbacfc486f31865a2c0e163b0a1e122d5313806a323e134af6","9fc531b3bcf7c6df277ab2eeab9702346f860b3c1e05aa2f162ce8e5fc76ee35","mv10_partition_quality_v1","hclust_complete_v1",4,0.310392662708476,0.334745546056543,-0.285027076063385,0.0483870967741935,3,48,0,"closed",FALSE
"06c0dd6c129d8567651081156272cfe972e52c7d",2,"existing_selectedfit_data_exact500","existing_selectedfit_data_exact500","exact500",20260805,"H1","38200e588b082bfbacfc486f31865a2c0e163b0a1e122d5313806a323e134af6","9fc531b3bcf7c6df277ab2eeab9702346f860b3c1e05aa2f162ce8e5fc76ee35","mv10_partition_quality_v1","hclust_complete_v1",5,0.255731501939103,0.28880420756746,-0.118563403797232,0.0403225806451613,3,48,0,"closed",FALSE
"06c0dd6c129d8567651081156272cfe972e52c7d",2,"existing_selectedfit_data_exact500","existing_selectedfit_data_exact500","exact500",20260805,"H1","38200e588b082bfbacfc486f31865a2c0e163b0a1e122d5313806a323e134af6","9fc531b3bcf7c6df277ab2eeab9702346f860b3c1e05aa2f162ce8e5fc76ee35","mv10_partition_quality_v1","hclust_complete_v1",6,0.235337012733469,0.261520409630187,-0.158872966666116,0.0645161290322581,3,48,0,"closed",FALSE
"06c0dd6c129d8567651081156272cfe972e52c7d",2,"existing_selectedfit_data_exact500","existing_selectedfit_data_exact500","exact500",20260805,"H1","38200e588b082bfbacfc486f31865a2c0e163b0a1e122d5313806a323e134af6","9fc531b3bcf7c6df277ab2eeab9702346f860b3c1e05aa2f162ce8e5fc76ee35","mv10_partition_quality_v1","hclust_complete_v1",7,0.200100154142335,0.225259762112582,-0.118563403797232,0.0887096774193548,3,38,0,"closed",FALSE
"06c0dd6c129d8567651081156272cfe972e52c7d",2,"existing_selectedfit_data_exact500","existing_selectedfit_data_exact500","exact500",20260805,"H1","38200e588b082bfbacfc486f31865a2c0e163b0a1e122d5313806a323e134af6","9fc531b3bcf7c6df277ab2eeab9702346f860b3c1e05aa2f162ce8e5fc76ee35","mv10_partition_quality_v1","hclust_complete_v1",8,0.197467973575053,0.213115110017544,-0.142530170156283,0.112903225806452,3,38,0,"closed",FALSE
"06c0dd6c129d8567651081156272cfe972e52c7d",2,"existing_selectedfit_data_exact500","existing_selectedfit_data_exact500","exact500",20260805,"H1","38200e588b082bfbacfc486f31865a2c0e163b0a1e122d5313806a323e134af6","9fc531b3bcf7c6df277ab2eeab9702346f860b3c1e05aa2f162ce8e5fc76ee35","mv10_partition_quality_v1","hclust_complete_v1",9,0.198217498226877,0.213115110017544,-0.142530170156283,0.0967741935483871,1,38,1,"closed",FALSE
"06c0dd6c129d8567651081156272cfe972e52c7d",2,"existing_selectedfit_data_exact500","existing_selectedfit_data_exact500","exact500",20260805,"H1","38200e588b082bfbacfc486f31865a2c0e163b0a1e122d5313806a323e134af6","9fc531b3bcf7c6df277ab2eeab9702346f860b3c1e05aa2f162ce8e5fc76ee35","mv10_partition_quality_v1","hclust_complete_v1",10,0.213608387300741,0.24066457768444,-0.0886415698196183,0.0806451612903226,1,38,1,"closed",FALSE
"06c0dd6c129d8567651081156272cfe972e52c7d",2,"existing_selectedfit_data_exact500","existing_selectedfit_data_exact500","exact500",20260805,"H1","38200e588b082bfbacfc486f31865a2c0e163b0a1e122d5313806a323e134af6","9fc531b3bcf7c6df277ab2eeab9702346f860b3c1e05aa2f162ce8e5fc76ee35","mv10_partition_quality_v1","hclust_single_diagnostic_v1",2,0.258517991925598,0.393027676925289,-0.507605499847017,0.201612903225806,1,123,1,"closed",FALSE
"06c0dd6c129d8567651081156272cfe972e52c7d",2,"existing_selectedfit_data_exact500","existing_selectedfit_data_exact500","exact500",20260805,"H1","38200e588b082bfbacfc486f31865a2c0e163b0a1e122d5313806a323e134af6","9fc531b3bcf7c6df277ab2eeab9702346f860b3c1e05aa2f162ce8e5fc76ee35","mv10_partition_quality_v1","hclust_single_diagnostic_v1",3,0.139809501448076,0.243986045807044,-0.530925863894844,0.298387096774194,1,122,2,"closed",FALSE
"06c0dd6c129d8567651081156272cfe972e52c7d",2,"existing_selectedfit_data_exact500","existing_selectedfit_data_exact500","exact500",20260805,"H1","38200e588b082bfbacfc486f31865a2c0e163b0a1e122d5313806a323e134af6","9fc531b3bcf7c6df277ab2eeab9702346f860b3c1e05aa2f162ce8e5fc76ee35","mv10_partition_quality_v1","hclust_single_diagnostic_v1",4,0.147895736683263,0.248923869638147,-0.59127976913691,0.282258064516129,1,121,3,"closed",FALSE
"06c0dd6c129d8567651081156272cfe972e52c7d",2,"existing_selectedfit_data_exact500","existing_selectedfit_data_exact500","exact500",20260805,"H1","38200e588b082bfbacfc486f31865a2c0e163b0a1e122d5313806a323e134af6","9fc531b3bcf7c6df277ab2eeab9702346f860b3c1e05aa2f162ce8e5fc76ee35","mv10_partition_quality_v1","hclust_single_diagnostic_v1",5,0.140028948773113,0.253322018047435,-0.590048633273834,0.282258064516129,1,120,4,"closed",FALSE
"06c0dd6c129d8567651081156272cfe972e52c7d",2,"existing_selectedfit_data_exact500","existing_selectedfit_data_exact500","exact500",20260805,"H1","38200e588b082bfbacfc486f31865a2c0e163b0a1e122d5313806a323e134af6","9fc531b3bcf7c6df277ab2eeab9702346f860b3c1e05aa2f162ce8e5fc76ee35","mv10_partition_quality_v1","hclust_single_diagnostic_v1",6,0.116363891911991,0.231748278869794,-0.588989682289382,0.282258064516129,1,119,5,"closed",FALSE
"06c0dd6c129d8567651081156272cfe972e52c7d",2,"existing_selectedfit_data_exact500","existing_selectedfit_data_exact500","exact500",20260805,"H1","38200e588b082bfbacfc486f31865a2c0e163b0a1e122d5313806a323e134af6","9fc531b3bcf7c6df277ab2eeab9702346f860b3c1e05aa2f162ce8e5fc76ee35","mv10_partition_quality_v1","hclust_single_diagnostic_v1",7,0.0385856406672398,0.122176798729023,-0.588207362433403,0.338709677419355,1,118,6,"closed",FALSE
"06c0dd6c129d8567651081156272cfe972e52c7d",2,"existing_selectedfit_data_exact500","existing_selectedfit_data_exact500","exact500",20260805,"H1","38200e588b082bfbacfc486f31865a2c0e163b0a1e122d5313806a323e134af6","9fc531b3bcf7c6df277ab2eeab9702346f860b3c1e05aa2f162ce8e5fc76ee35","mv10_partition_quality_v1","hclust_single_diagnostic_v1",8,0.0405429430578888,0.124130535086535,-0.58737016218085,0.330645161290323,1,117,7,"closed",FALSE
"06c0dd6c129d8567651081156272cfe972e52c7d",2,"existing_selectedfit_data_exact500","existing_selectedfit_data_exact500","exact500",20260805,"H1","38200e588b082bfbacfc486f31865a2c0e163b0a1e122d5313806a323e134af6","9fc531b3bcf7c6df277ab2eeab9702346f860b3c1e05aa2f162ce8e5fc76ee35","mv10_partition_quality_v1","hclust_single_diagnostic_v1",9,-0.0227959786894502,0,-0.58670147619298,0.443548387096774,1,116,8,"closed",FALSE
"06c0dd6c129d8567651081156272cfe972e52c7d",2,"existing_selectedfit_data_exact500","existing_selectedfit_data_exact500","exact500",20260805,"H1","38200e588b082bfbacfc486f31865a2c0e163b0a1e122d5313806a323e134af6","9fc531b3bcf7c6df277ab2eeab9702346f860b3c1e05aa2f162ce8e5fc76ee35","mv10_partition_quality_v1","hclust_single_diagnostic_v1",10,-0.105834753655387,-0.0962414761003557,-0.586211728043875,0.57258064516129,1,115,9,"closed",FALSE
"06c0dd6c129d8567651081156272cfe972e52c7d",2,"existing_selectedfit_data_exact500","existing_selectedfit_data_exact500","exact500",20260805,"H1","38200e588b082bfbacfc486f31865a2c0e163b0a1e122d5313806a323e134af6","9fc531b3bcf7c6df277ab2eeab9702346f860b3c1e05aa2f162ce8e5fc76ee35","mv10_partition_quality_v1","diana_dissimilarity_v1",2,0.365634351504298,0.403536569719345,0.0120792997125737,0,50,74,0,"closed",FALSE
"06c0dd6c129d8567651081156272cfe972e52c7d",2,"existing_selectedfit_data_exact500","existing_selectedfit_data_exact500","exact500",20260805,"H1","38200e588b082bfbacfc486f31865a2c0e163b0a1e122d5313806a323e134af6","9fc531b3bcf7c6df277ab2eeab9702346f860b3c1e05aa2f162ce8e5fc76ee35","mv10_partition_quality_v1","diana_dissimilarity_v1",3,0.332741798055852,0.372296866733974,-0.0720406271200526,0.0161290322580645,6,74,0,"closed",FALSE
"06c0dd6c129d8567651081156272cfe972e52c7d",2,"existing_selectedfit_data_exact500","existing_selectedfit_data_exact500","exact500",20260805,"H1","38200e588b082bfbacfc486f31865a2c0e163b0a1e122d5313806a323e134af6","9fc531b3bcf7c6df277ab2eeab9702346f860b3c1e05aa2f162ce8e5fc76ee35","mv10_partition_quality_v1","diana_dissimilarity_v1",4,0.310229195188018,0.331632877571149,-0.134852149289841,0.0241935483870968,6,46,0,"closed",FALSE
"06c0dd6c129d8567651081156272cfe972e52c7d",2,"existing_selectedfit_data_exact500","existing_selectedfit_data_exact500","exact500",20260805,"H1","38200e588b082bfbacfc486f31865a2c0e163b0a1e122d5313806a323e134af6","9fc531b3bcf7c6df277ab2eeab9702346f860b3c1e05aa2f162ce8e5fc76ee35","mv10_partition_quality_v1","diana_dissimilarity_v1",5,0.257314066359574,0.285209259234965,-0.0249755218693523,0.00806451612903226,6,46,0,"closed",FALSE
"06c0dd6c129d8567651081156272cfe972e52c7d",2,"existing_selectedfit_data_exact500","existing_selectedfit_data_exact500","exact500",20260805,"H1","38200e588b082bfbacfc486f31865a2c0e163b0a1e122d5313806a323e134af6","9fc531b3bcf7c6df277ab2eeab9702346f860b3c1e05aa2f162ce8e5fc76ee35","mv10_partition_quality_v1","diana_dissimilarity_v1",6,0.231623499619934,0.249385970205648,-0.0301141191109497,0.0241935483870968,4,46,0,"closed",FALSE
"06c0dd6c129d8567651081156272cfe972e52c7d",2,"existing_selectedfit_data_exact500","existing_selectedfit_data_exact500","exact500",20260805,"H1","38200e588b082bfbacfc486f31865a2c0e163b0a1e122d5313806a323e134af6","9fc531b3bcf7c6df277ab2eeab9702346f860b3c1e05aa2f162ce8e5fc76ee35","mv10_partition_quality_v1","diana_dissimilarity_v1",7,0.228675090751317,0.246896910712202,-0.086405620082333,0.0483870967741935,4,46,0,"closed",FALSE
"06c0dd6c129d8567651081156272cfe972e52c7d",2,"existing_selectedfit_data_exact500","existing_selectedfit_data_exact500","exact500",20260805,"H1","38200e588b082bfbacfc486f31865a2c0e163b0a1e122d5313806a323e134af6","9fc531b3bcf7c6df277ab2eeab9702346f860b3c1e05aa2f162ce8e5fc76ee35","mv10_partition_quality_v1","diana_dissimilarity_v1",8,0.227340716580662,0.245369138093787,-0.086405620082333,0.0483870967741935,2,46,0,"closed",FALSE
"06c0dd6c129d8567651081156272cfe972e52c7d",2,"existing_selectedfit_data_exact500","existing_selectedfit_data_exact500","exact500",20260805,"H1","38200e588b082bfbacfc486f31865a2c0e163b0a1e122d5313806a323e134af6","9fc531b3bcf7c6df277ab2eeab9702346f860b3c1e05aa2f162ce8e5fc76ee35","mv10_partition_quality_v1","diana_dissimilarity_v1",9,0.202174155308139,0.208563553978152,-0.107500886742835,0.0483870967741935,2,37,0,"closed",FALSE
"06c0dd6c129d8567651081156272cfe972e52c7d",2,"existing_selectedfit_data_exact500","existing_selectedfit_data_exact500","exact500",20260805,"H1","38200e588b082bfbacfc486f31865a2c0e163b0a1e122d5313806a323e134af6","9fc531b3bcf7c6df277ab2eeab9702346f860b3c1e05aa2f162ce8e5fc76ee35","mv10_partition_quality_v1","diana_dissimilarity_v1",10,0.19942982919205,0.211086806010834,-0.270596959886546,0.0645161290322581,2,30,0,"closed",FALSE
"06c0dd6c129d8567651081156272cfe972e52c7d",3,"existing_selectedfit_data_exact500","existing_selectedfit_data_exact500","exact500",20260806,"H0","3a2bbe689a5cd6b4d3145385b51ef1501b3023bb86afcaa704632442af9a7322","9fc531b3bcf7c6df277ab2eeab9702346f860b3c1e05aa2f162ce8e5fc76ee35","mv10_partition_quality_v1","pam_dissimilarity_v1",2,0.631087706428757,0.687998649467242,0.0101101890248685,0,28,96,0,"closed",FALSE
"06c0dd6c129d8567651081156272cfe972e52c7d",3,"existing_selectedfit_data_exact500","existing_selectedfit_data_exact500","exact500",20260806,"H0","3a2bbe689a5cd6b4d3145385b51ef1501b3023bb86afcaa704632442af9a7322","9fc531b3bcf7c6df277ab2eeab9702346f860b3c1e05aa2f162ce8e5fc76ee35","mv10_partition_quality_v1","pam_dissimilarity_v1",3,0.4600296156826,0.53255813176238,-0.103023369886589,0.0403225806451613,26,50,0,"closed",FALSE
"06c0dd6c129d8567651081156272cfe972e52c7d",3,"existing_selectedfit_data_exact500","existing_selectedfit_data_exact500","exact500",20260806,"H0","3a2bbe689a5cd6b4d3145385b51ef1501b3023bb86afcaa704632442af9a7322","9fc531b3bcf7c6df277ab2eeab9702346f860b3c1e05aa2f162ce8e5fc76ee35","mv10_partition_quality_v1","pam_dissimilarity_v1",4,0.403432271169987,0.443514478814812,-0.0880709186391895,0.0403225806451613,24,37,0,"closed",FALSE
"06c0dd6c129d8567651081156272cfe972e52c7d",3,"existing_selectedfit_data_exact500","existing_selectedfit_data_exact500","exact500",20260806,"H0","3a2bbe689a5cd6b4d3145385b51ef1501b3023bb86afcaa704632442af9a7322","9fc531b3bcf7c6df277ab2eeab9702346f860b3c1e05aa2f162ce8e5fc76ee35","mv10_partition_quality_v1","pam_dissimilarity_v1",5,0.411158457995639,0.443290651370074,-0.0988290539022537,0.0403225806451613,6,37,0,"closed",FALSE
"06c0dd6c129d8567651081156272cfe972e52c7d",3,"existing_selectedfit_data_exact500","existing_selectedfit_data_exact500","exact500",20260806,"H0","3a2bbe689a5cd6b4d3145385b51ef1501b3023bb86afcaa704632442af9a7322","9fc531b3bcf7c6df277ab2eeab9702346f860b3c1e05aa2f162ce8e5fc76ee35","mv10_partition_quality_v1","pam_dissimilarity_v1",6,0.356816345182545,0.37799187546151,-0.0988290539022537,0.032258064516129,6,34,0,"closed",FALSE
"06c0dd6c129d8567651081156272cfe972e52c7d",3,"existing_selectedfit_data_exact500","existing_selectedfit_data_exact500","exact500",20260806,"H0","3a2bbe689a5cd6b4d3145385b51ef1501b3023bb86afcaa704632442af9a7322","9fc531b3bcf7c6df277ab2eeab9702346f860b3c1e05aa2f162ce8e5fc76ee35","mv10_partition_quality_v1","pam_dissimilarity_v1",7,0.361633059617136,0.410229908968557,-0.0988290539022537,0.0483870967741935,6,25,0,"closed",FALSE
"06c0dd6c129d8567651081156272cfe972e52c7d",3,"existing_selectedfit_data_exact500","existing_selectedfit_data_exact500","exact500",20260806,"H0","3a2bbe689a5cd6b4d3145385b51ef1501b3023bb86afcaa704632442af9a7322","9fc531b3bcf7c6df277ab2eeab9702346f860b3c1e05aa2f162ce8e5fc76ee35","mv10_partition_quality_v1","pam_dissimilarity_v1",8,0.367561858375046,0.41559073661554,-0.263176664878721,0.0483870967741935,6,22,0,"closed",FALSE
"06c0dd6c129d8567651081156272cfe972e52c7d",3,"existing_selectedfit_data_exact500","existing_selectedfit_data_exact500","exact500",20260806,"H0","3a2bbe689a5cd6b4d3145385b51ef1501b3023bb86afcaa704632442af9a7322","9fc531b3bcf7c6df277ab2eeab9702346f860b3c1e05aa2f162ce8e5fc76ee35","mv10_partition_quality_v1","pam_dissimilarity_v1",9,0.342518367864678,0.376817872625679,-0.263176664878721,0.0564516129032258,5,22,0,"closed",FALSE
"06c0dd6c129d8567651081156272cfe972e52c7d",3,"existing_selectedfit_data_exact500","existing_selectedfit_data_exact500","exact500",20260806,"H0","3a2bbe689a5cd6b4d3145385b51ef1501b3023bb86afcaa704632442af9a7322","9fc531b3bcf7c6df277ab2eeab9702346f860b3c1e05aa2f162ce8e5fc76ee35","mv10_partition_quality_v1","pam_dissimilarity_v1",10,0.338916659265691,0.378768383289598,-0.263176664878721,0.0483870967741935,5,22,0,"closed",FALSE
"06c0dd6c129d8567651081156272cfe972e52c7d",3,"existing_selectedfit_data_exact500","existing_selectedfit_data_exact500","exact500",20260806,"H0","3a2bbe689a5cd6b4d3145385b51ef1501b3023bb86afcaa704632442af9a7322","9fc531b3bcf7c6df277ab2eeab9702346f860b3c1e05aa2f162ce8e5fc76ee35","mv10_partition_quality_v1","hclust_average_v1",2,0.638285085748746,0.695397341681244,-0.0424370033374066,0.00806451612903226,26,98,0,"closed",FALSE
"06c0dd6c129d8567651081156272cfe972e52c7d",3,"existing_selectedfit_data_exact500","existing_selectedfit_data_exact500","exact500",20260806,"H0","3a2bbe689a5cd6b4d3145385b51ef1501b3023bb86afcaa704632442af9a7322","9fc531b3bcf7c6df277ab2eeab9702346f860b3c1e05aa2f162ce8e5fc76ee35","mv10_partition_quality_v1","hclust_average_v1",3,0.472242482804237,0.573683985066302,-0.651473728348387,0.0725806451612903,1,97,1,"closed",FALSE
"06c0dd6c129d8567651081156272cfe972e52c7d",3,"existing_selectedfit_data_exact500","existing_selectedfit_data_exact500","exact500",20260806,"H0","3a2bbe689a5cd6b4d3145385b51ef1501b3023bb86afcaa704632442af9a7322","9fc531b3bcf7c6df277ab2eeab9702346f860b3c1e05aa2f162ce8e5fc76ee35","mv10_partition_quality_v1","hclust_average_v1",4,0.441268226899287,0.530173609194803,-0.651473728348387,0.0806451612903226,1,97,1,"closed",FALSE
"06c0dd6c129d8567651081156272cfe972e52c7d",3,"existing_selectedfit_data_exact500","existing_selectedfit_data_exact500","exact500",20260806,"H0","3a2bbe689a5cd6b4d3145385b51ef1501b3023bb86afcaa704632442af9a7322","9fc531b3bcf7c6df277ab2eeab9702346f860b3c1e05aa2f162ce8e5fc76ee35","mv10_partition_quality_v1","hclust_average_v1",5,0.435858268822146,0.521249192153554,-0.358588050845516,0.0645161290322581,1,64,1,"closed",FALSE
"06c0dd6c129d8567651081156272cfe972e52c7d",3,"existing_selectedfit_data_exact500","existing_selectedfit_data_exact500","exact500",20260806,"H0","3a2bbe689a5cd6b4d3145385b51ef1501b3023bb86afcaa704632442af9a7322","9fc531b3bcf7c6df277ab2eeab9702346f860b3c1e05aa2f162ce8e5fc76ee35","mv10_partition_quality_v1","hclust_average_v1",6,0.374075814250348,0.45976402842713,-0.360440252559579,0.0887096774193548,1,64,2,"closed",FALSE
"06c0dd6c129d8567651081156272cfe972e52c7d",3,"existing_selectedfit_data_exact500","existing_selectedfit_data_exact500","exact500",20260806,"H0","3a2bbe689a5cd6b4d3145385b51ef1501b3023bb86afcaa704632442af9a7322","9fc531b3bcf7c6df277ab2eeab9702346f860b3c1e05aa2f162ce8e5fc76ee35","mv10_partition_quality_v1","hclust_average_v1",7,0.360427871995302,0.436715021746244,-0.360440252559579,0.0967741935483871,1,64,2,"closed",FALSE
"06c0dd6c129d8567651081156272cfe972e52c7d",3,"existing_selectedfit_data_exact500","existing_selectedfit_data_exact500","exact500",20260806,"H0","3a2bbe689a5cd6b4d3145385b51ef1501b3023bb86afcaa704632442af9a7322","9fc531b3bcf7c6df277ab2eeab9702346f860b3c1e05aa2f162ce8e5fc76ee35","mv10_partition_quality_v1","hclust_average_v1",8,0.334532494160853,0.404398513264328,-0.358588050845516,0.112903225806452,1,48,2,"closed",FALSE
"06c0dd6c129d8567651081156272cfe972e52c7d",3,"existing_selectedfit_data_exact500","existing_selectedfit_data_exact500","exact500",20260806,"H0","3a2bbe689a5cd6b4d3145385b51ef1501b3023bb86afcaa704632442af9a7322","9fc531b3bcf7c6df277ab2eeab9702346f860b3c1e05aa2f162ce8e5fc76ee35","mv10_partition_quality_v1","hclust_average_v1",9,0.334219148022974,0.401209241066755,-0.358588050845516,0.112903225806452,1,48,2,"closed",FALSE
"06c0dd6c129d8567651081156272cfe972e52c7d",3,"existing_selectedfit_data_exact500","existing_selectedfit_data_exact500","exact500",20260806,"H0","3a2bbe689a5cd6b4d3145385b51ef1501b3023bb86afcaa704632442af9a7322","9fc531b3bcf7c6df277ab2eeab9702346f860b3c1e05aa2f162ce8e5fc76ee35","mv10_partition_quality_v1","hclust_average_v1",10,0.343398149901737,0.404398513264328,-0.358588050845516,0.0967741935483871,1,48,2,"closed",FALSE
"06c0dd6c129d8567651081156272cfe972e52c7d",3,"existing_selectedfit_data_exact500","existing_selectedfit_data_exact500","exact500",20260806,"H0","3a2bbe689a5cd6b4d3145385b51ef1501b3023bb86afcaa704632442af9a7322","9fc531b3bcf7c6df277ab2eeab9702346f860b3c1e05aa2f162ce8e5fc76ee35","mv10_partition_quality_v1","hclust_complete_v1",2,0.638285085748746,0.695397341681244,-0.0424370033374066,0.00806451612903226,26,98,0,"closed",FALSE
"06c0dd6c129d8567651081156272cfe972e52c7d",3,"existing_selectedfit_data_exact500","existing_selectedfit_data_exact500","exact500",20260806,"H0","3a2bbe689a5cd6b4d3145385b51ef1501b3023bb86afcaa704632442af9a7322","9fc531b3bcf7c6df277ab2eeab9702346f860b3c1e05aa2f162ce8e5fc76ee35","mv10_partition_quality_v1","hclust_complete_v1",3,0.484506107920771,0.545626692460426,-0.0205941912765977,0.00806451612903226,26,59,0,"closed",FALSE
"06c0dd6c129d8567651081156272cfe972e52c7d",3,"existing_selectedfit_data_exact500","existing_selectedfit_data_exact500","exact500",20260806,"H0","3a2bbe689a5cd6b4d3145385b51ef1501b3023bb86afcaa704632442af9a7322","9fc531b3bcf7c6df277ab2eeab9702346f860b3c1e05aa2f162ce8e5fc76ee35","mv10_partition_quality_v1","hclust_complete_v1",4,0.478478891963785,0.539993600911184,-0.0205941912765977,0.00806451612903226,5,59,0,"closed",FALSE
"06c0dd6c129d8567651081156272cfe972e52c7d",3,"existing_selectedfit_data_exact500","existing_selectedfit_data_exact500","exact500",20260806,"H0","3a2bbe689a5cd6b4d3145385b51ef1501b3023bb86afcaa704632442af9a7322","9fc531b3bcf7c6df277ab2eeab9702346f860b3c1e05aa2f162ce8e5fc76ee35","mv10_partition_quality_v1","hclust_complete_v1",5,0.432768123422419,0.513247002493882,-0.177402152667512,0.0483870967741935,4,59,0,"closed",FALSE
"06c0dd6c129d8567651081156272cfe972e52c7d",3,"existing_selectedfit_data_exact500","existing_selectedfit_data_exact500","exact500",20260806,"H0","3a2bbe689a5cd6b4d3145385b51ef1501b3023bb86afcaa704632442af9a7322","9fc531b3bcf7c6df277ab2eeab9702346f860b3c1e05aa2f162ce8e5fc76ee35","mv10_partition_quality_v1","hclust_complete_v1",6,0.365684614514018,0.4537854476703,-0.387923343741061,0.0967741935483871,4,48,0,"closed",FALSE
"06c0dd6c129d8567651081156272cfe972e52c7d",3,"existing_selectedfit_data_exact500","existing_selectedfit_data_exact500","exact500",20260806,"H0","3a2bbe689a5cd6b4d3145385b51ef1501b3023bb86afcaa704632442af9a7322","9fc531b3bcf7c6df277ab2eeab9702346f860b3c1e05aa2f162ce8e5fc76ee35","mv10_partition_quality_v1","hclust_complete_v1",7,0.329283474664811,0.403700345960815,-0.387923343741061,0.112903225806452,4,48,0,"closed",FALSE
"06c0dd6c129d8567651081156272cfe972e52c7d",3,"existing_selectedfit_data_exact500","existing_selectedfit_data_exact500","exact500",20260806,"H0","3a2bbe689a5cd6b4d3145385b51ef1501b3023bb86afcaa704632442af9a7322","9fc531b3bcf7c6df277ab2eeab9702346f860b3c1e05aa2f162ce8e5fc76ee35","mv10_partition_quality_v1","hclust_complete_v1",8,0.339983381873486,0.414324105299449,-0.387923343741061,0.0967741935483871,4,48,0,"closed",FALSE
"06c0dd6c129d8567651081156272cfe972e52c7d",3,"existing_selectedfit_data_exact500","existing_selectedfit_data_exact500","exact500",20260806,"H0","3a2bbe689a5cd6b4d3145385b51ef1501b3023bb86afcaa704632442af9a7322","9fc531b3bcf7c6df277ab2eeab9702346f860b3c1e05aa2f162ce8e5fc76ee35","mv10_partition_quality_v1","hclust_complete_v1",9,0.284489100492085,0.318481171944085,-0.3973308473885,0.137096774193548,4,37,0,"closed",FALSE
"06c0dd6c129d8567651081156272cfe972e52c7d",3,"existing_selectedfit_data_exact500","existing_selectedfit_data_exact500","exact500",20260806,"H0","3a2bbe689a5cd6b4d3145385b51ef1501b3023bb86afcaa704632442af9a7322","9fc531b3bcf7c6df277ab2eeab9702346f860b3c1e05aa2f162ce8e5fc76ee35","mv10_partition_quality_v1","hclust_complete_v1",10,0.283777956464056,0.318481171944085,-0.3973308473885,0.137096774193548,2,37,0,"closed",FALSE
"06c0dd6c129d8567651081156272cfe972e52c7d",3,"existing_selectedfit_data_exact500","existing_selectedfit_data_exact500","exact500",20260806,"H0","3a2bbe689a5cd6b4d3145385b51ef1501b3023bb86afcaa704632442af9a7322","9fc531b3bcf7c6df277ab2eeab9702346f860b3c1e05aa2f162ce8e5fc76ee35","mv10_partition_quality_v1","hclust_single_diagnostic_v1",2,0.558052466412893,0.717459762415221,-0.760402749878095,0.112903225806452,2,122,0,"closed",FALSE
"06c0dd6c129d8567651081156272cfe972e52c7d",3,"existing_selectedfit_data_exact500","existing_selectedfit_data_exact500","exact500",20260806,"H0","3a2bbe689a5cd6b4d3145385b51ef1501b3023bb86afcaa704632442af9a7322","9fc531b3bcf7c6df277ab2eeab9702346f860b3c1e05aa2f162ce8e5fc76ee35","mv10_partition_quality_v1","hclust_single_diagnostic_v1",3,0.504160557312055,0.682147357182089,-0.731484620705654,0.129032258064516,2,119,0,"closed",FALSE
"06c0dd6c129d8567651081156272cfe972e52c7d",3,"existing_selectedfit_data_exact500","existing_selectedfit_data_exact500","exact500",20260806,"H0","3a2bbe689a5cd6b4d3145385b51ef1501b3023bb86afcaa704632442af9a7322","9fc531b3bcf7c6df277ab2eeab9702346f860b3c1e05aa2f162ce8e5fc76ee35","mv10_partition_quality_v1","hclust_single_diagnostic_v1",4,0.217915736499838,0.427918581317734,-0.7324625607459,0.225806451612903,1,118,1,"closed",FALSE
"06c0dd6c129d8567651081156272cfe972e52c7d",3,"existing_selectedfit_data_exact500","existing_selectedfit_data_exact500","exact500",20260806,"H0","3a2bbe689a5cd6b4d3145385b51ef1501b3023bb86afcaa704632442af9a7322","9fc531b3bcf7c6df277ab2eeab9702346f860b3c1e05aa2f162ce8e5fc76ee35","mv10_partition_quality_v1","hclust_single_diagnostic_v1",5,0.452401084235124,0.55470951096597,-0.524267639486137,0.0887096774193548,1,98,1,"closed",FALSE
"06c0dd6c129d8567651081156272cfe972e52c7d",3,"existing_selectedfit_data_exact500","existing_selectedfit_data_exact500","exact500",20260806,"H0","3a2bbe689a5cd6b4d3145385b51ef1501b3023bb86afcaa704632442af9a7322","9fc531b3bcf7c6df277ab2eeab9702346f860b3c1e05aa2f162ce8e5fc76ee35","mv10_partition_quality_v1","hclust_single_diagnostic_v1",6,0.442211428672424,0.55470951096597,-0.524267639486137,0.0887096774193548,1,98,2,"closed",FALSE
"06c0dd6c129d8567651081156272cfe972e52c7d",3,"existing_selectedfit_data_exact500","existing_selectedfit_data_exact500","exact500",20260806,"H0","3a2bbe689a5cd6b4d3145385b51ef1501b3023bb86afcaa704632442af9a7322","9fc531b3bcf7c6df277ab2eeab9702346f860b3c1e05aa2f162ce8e5fc76ee35","mv10_partition_quality_v1","hclust_single_diagnostic_v1",7,0.437000411600805,0.55470951096597,-0.524267639486137,0.0887096774193548,1,98,4,"closed",FALSE
"06c0dd6c129d8567651081156272cfe972e52c7d",3,"existing_selectedfit_data_exact500","existing_selectedfit_data_exact500","exact500",20260806,"H0","3a2bbe689a5cd6b4d3145385b51ef1501b3023bb86afcaa704632442af9a7322","9fc531b3bcf7c6df277ab2eeab9702346f860b3c1e05aa2f162ce8e5fc76ee35","mv10_partition_quality_v1","hclust_single_diagnostic_v1",8,0.313583944476058,0.40418701954171,-0.651473728348387,0.153225806451613,1,97,5,"closed",FALSE
"06c0dd6c129d8567651081156272cfe972e52c7d",3,"existing_selectedfit_data_exact500","existing_selectedfit_data_exact500","exact500",20260806,"H0","3a2bbe689a5cd6b4d3145385b51ef1501b3023bb86afcaa704632442af9a7322","9fc531b3bcf7c6df277ab2eeab9702346f860b3c1e05aa2f162ce8e5fc76ee35","mv10_partition_quality_v1","hclust_single_diagnostic_v1",9,0.309671422845234,0.40418701954171,-0.651473728348387,0.153225806451613,1,97,7,"closed",FALSE
"06c0dd6c129d8567651081156272cfe972e52c7d",3,"existing_selectedfit_data_exact500","existing_selectedfit_data_exact500","exact500",20260806,"H0","3a2bbe689a5cd6b4d3145385b51ef1501b3023bb86afcaa704632442af9a7322","9fc531b3bcf7c6df277ab2eeab9702346f860b3c1e05aa2f162ce8e5fc76ee35","mv10_partition_quality_v1","hclust_single_diagnostic_v1",10,0.26351611600444,0.356692033809937,-0.651473728348387,0.201612903225806,1,97,8,"closed",FALSE
"06c0dd6c129d8567651081156272cfe972e52c7d",3,"existing_selectedfit_data_exact500","existing_selectedfit_data_exact500","exact500",20260806,"H0","3a2bbe689a5cd6b4d3145385b51ef1501b3023bb86afcaa704632442af9a7322","9fc531b3bcf7c6df277ab2eeab9702346f860b3c1e05aa2f162ce8e5fc76ee35","mv10_partition_quality_v1","diana_dissimilarity_v1",2,0.631087706428757,0.687998649467242,0.0101101890248685,0,28,96,0,"closed",FALSE
"06c0dd6c129d8567651081156272cfe972e52c7d",3,"existing_selectedfit_data_exact500","existing_selectedfit_data_exact500","exact500",20260806,"H0","3a2bbe689a5cd6b4d3145385b51ef1501b3023bb86afcaa704632442af9a7322","9fc531b3bcf7c6df277ab2eeab9702346f860b3c1e05aa2f162ce8e5fc76ee35","mv10_partition_quality_v1","diana_dissimilarity_v1",3,0.584468581716659,0.64605428480847,0.00159345288112116,0,5,96,0,"closed",FALSE
"06c0dd6c129d8567651081156272cfe972e52c7d",3,"existing_selectedfit_data_exact500","existing_selectedfit_data_exact500","exact500",20260806,"H0","3a2bbe689a5cd6b4d3145385b51ef1501b3023bb86afcaa704632442af9a7322","9fc531b3bcf7c6df277ab2eeab9702346f860b3c1e05aa2f162ce8e5fc76ee35","mv10_partition_quality_v1","diana_dissimilarity_v1",4,0.478024542615979,0.53746218009864,-0.0983993028051143,0.00806451612903226,5,58,0,"closed",FALSE
"06c0dd6c129d8567651081156272cfe972e52c7d",3,"existing_selectedfit_data_exact500","existing_selectedfit_data_exact500","exact500",20260806,"H0","3a2bbe689a5cd6b4d3145385b51ef1501b3023bb86afcaa704632442af9a7322","9fc531b3bcf7c6df277ab2eeab9702346f860b3c1e05aa2f162ce8e5fc76ee35","mv10_partition_quality_v1","diana_dissimilarity_v1",5,0.405653859529236,0.473820241538777,-0.16389220607859,0.0241935483870968,4,58,0,"closed",FALSE
"06c0dd6c129d8567651081156272cfe972e52c7d",3,"existing_selectedfit_data_exact500","existing_selectedfit_data_exact500","exact500",20260806,"H0","3a2bbe689a5cd6b4d3145385b51ef1501b3023bb86afcaa704632442af9a7322","9fc531b3bcf7c6df277ab2eeab9702346f860b3c1e05aa2f162ce8e5fc76ee35","mv10_partition_quality_v1","diana_dissimilarity_v1",6,0.339966266272103,0.42664189537581,-0.230771776530099,0.0725806451612903,4,58,0,"closed",FALSE
"06c0dd6c129d8567651081156272cfe972e52c7d",3,"existing_selectedfit_data_exact500","existing_selectedfit_data_exact500","exact500",20260806,"H0","3a2bbe689a5cd6b4d3145385b51ef1501b3023bb86afcaa704632442af9a7322","9fc531b3bcf7c6df277ab2eeab9702346f860b3c1e05aa2f162ce8e5fc76ee35","mv10_partition_quality_v1","diana_dissimilarity_v1",7,0.357175733977452,0.403614969692166,-0.0395212064407194,0.0161290322580645,4,35,0,"closed",FALSE
"06c0dd6c129d8567651081156272cfe972e52c7d",3,"existing_selectedfit_data_exact500","existing_selectedfit_data_exact500","exact500",20260806,"H0","3a2bbe689a5cd6b4d3145385b51ef1501b3023bb86afcaa704632442af9a7322","9fc531b3bcf7c6df277ab2eeab9702346f860b3c1e05aa2f162ce8e5fc76ee35","mv10_partition_quality_v1","diana_dissimilarity_v1",8,0.362401347973338,0.399070175879129,-0.050721033058831,0.0241935483870968,4,35,0,"closed",FALSE
"06c0dd6c129d8567651081156272cfe972e52c7d",3,"existing_selectedfit_data_exact500","existing_selectedfit_data_exact500","exact500",20260806,"H0","3a2bbe689a5cd6b4d3145385b51ef1501b3023bb86afcaa704632442af9a7322","9fc531b3bcf7c6df277ab2eeab9702346f860b3c1e05aa2f162ce8e5fc76ee35","mv10_partition_quality_v1","diana_dissimilarity_v1",9,0.34843092948984,0.400515183807913,-0.22261617732591,0.0403225806451613,4,26,0,"closed",FALSE
"06c0dd6c129d8567651081156272cfe972e52c7d",3,"existing_selectedfit_data_exact500","existing_selectedfit_data_exact500","exact500",20260806,"H0","3a2bbe689a5cd6b4d3145385b51ef1501b3023bb86afcaa704632442af9a7322","9fc531b3bcf7c6df277ab2eeab9702346f860b3c1e05aa2f162ce8e5fc76ee35","mv10_partition_quality_v1","diana_dissimilarity_v1",10,0.341982490370106,0.400515183807913,-0.22261617732591,0.0403225806451613,2,26,0,"closed",FALSE
"06c0dd6c129d8567651081156272cfe972e52c7d",4,"existing_selectedfit_data_exact500","existing_selectedfit_data_exact500","exact500",20260806,"H1","2e768b927a5e180ca8e23877fdc273649f7fadb7a4f85ab1ebd094a6e4004eb7","9fc531b3bcf7c6df277ab2eeab9702346f860b3c1e05aa2f162ce8e5fc76ee35","mv10_partition_quality_v1","pam_dissimilarity_v1",2,0.359436620399876,0.408926558192091,0.0183092224773204,0,58,66,0,"closed",FALSE
"06c0dd6c129d8567651081156272cfe972e52c7d",4,"existing_selectedfit_data_exact500","existing_selectedfit_data_exact500","exact500",20260806,"H1","2e768b927a5e180ca8e23877fdc273649f7fadb7a4f85ab1ebd094a6e4004eb7","9fc531b3bcf7c6df277ab2eeab9702346f860b3c1e05aa2f162ce8e5fc76ee35","mv10_partition_quality_v1","pam_dissimilarity_v1",3,0.323590870210835,0.340992084004134,-0.0537923406100407,0.0161290322580645,28,52,0,"closed",FALSE
"06c0dd6c129d8567651081156272cfe972e52c7d",4,"existing_selectedfit_data_exact500","existing_selectedfit_data_exact500","exact500",20260806,"H1","2e768b927a5e180ca8e23877fdc273649f7fadb7a4f85ab1ebd094a6e4004eb7","9fc531b3bcf7c6df277ab2eeab9702346f860b3c1e05aa2f162ce8e5fc76ee35","mv10_partition_quality_v1","pam_dissimilarity_v1",4,0.25669099553063,0.280761923893474,-0.0963511102989866,0.0403225806451613,23,39,0,"closed",FALSE
"06c0dd6c129d8567651081156272cfe972e52c7d",4,"existing_selectedfit_data_exact500","existing_selectedfit_data_exact500","exact500",20260806,"H1","2e768b927a5e180ca8e23877fdc273649f7fadb7a4f85ab1ebd094a6e4004eb7","9fc531b3bcf7c6df277ab2eeab9702346f860b3c1e05aa2f162ce8e5fc76ee35","mv10_partition_quality_v1","pam_dissimilarity_v1",5,0.271820906609868,0.292080316403004,-0.0393994834115417,0.0161290322580645,6,48,0,"closed",FALSE
"06c0dd6c129d8567651081156272cfe972e52c7d",4,"existing_selectedfit_data_exact500","existing_selectedfit_data_exact500","exact500",20260806,"H1","2e768b927a5e180ca8e23877fdc273649f7fadb7a4f85ab1ebd094a6e4004eb7","9fc531b3bcf7c6df277ab2eeab9702346f860b3c1e05aa2f162ce8e5fc76ee35","mv10_partition_quality_v1","pam_dissimilarity_v1",6,0.214347503542725,0.223439206145152,-0.0910163179343454,0.0645161290322581,6,28,0,"closed",FALSE
"06c0dd6c129d8567651081156272cfe972e52c7d",4,"existing_selectedfit_data_exact500","existing_selectedfit_data_exact500","exact500",20260806,"H1","2e768b927a5e180ca8e23877fdc273649f7fadb7a4f85ab1ebd094a6e4004eb7","9fc531b3bcf7c6df277ab2eeab9702346f860b3c1e05aa2f162ce8e5fc76ee35","mv10_partition_quality_v1","pam_dissimilarity_v1",7,0.189637176237843,0.191035538966746,-0.0884092383790075,0.0887096774193548,6,27,0,"closed",FALSE
"06c0dd6c129d8567651081156272cfe972e52c7d",4,"existing_selectedfit_data_exact500","existing_selectedfit_data_exact500","exact500",20260806,"H1","2e768b927a5e180ca8e23877fdc273649f7fadb7a4f85ab1ebd094a6e4004eb7","9fc531b3bcf7c6df277ab2eeab9702346f860b3c1e05aa2f162ce8e5fc76ee35","mv10_partition_quality_v1","pam_dissimilarity_v1",8,0.182978073967078,0.178378035725246,-0.115679704605508,0.104838709677419,6,23,0,"closed",FALSE
"06c0dd6c129d8567651081156272cfe972e52c7d",4,"existing_selectedfit_data_exact500","existing_selectedfit_data_exact500","exact500",20260806,"H1","2e768b927a5e180ca8e23877fdc273649f7fadb7a4f85ab1ebd094a6e4004eb7","9fc531b3bcf7c6df277ab2eeab9702346f860b3c1e05aa2f162ce8e5fc76ee35","mv10_partition_quality_v1","pam_dissimilarity_v1",9,0.150688545398096,0.153333874053522,-0.180368680610181,0.137096774193548,6,20,0,"closed",FALSE
"06c0dd6c129d8567651081156272cfe972e52c7d",4,"existing_selectedfit_data_exact500","existing_selectedfit_data_exact500","exact500",20260806,"H1","2e768b927a5e180ca8e23877fdc273649f7fadb7a4f85ab1ebd094a6e4004eb7","9fc531b3bcf7c6df277ab2eeab9702346f860b3c1e05aa2f162ce8e5fc76ee35","mv10_partition_quality_v1","pam_dissimilarity_v1",10,0.144115739948105,0.147091570666962,-0.268787918708089,0.145161290322581,5,20,0,"closed",FALSE
"06c0dd6c129d8567651081156272cfe972e52c7d",4,"existing_selectedfit_data_exact500","existing_selectedfit_data_exact500","exact500",20260806,"H1","2e768b927a5e180ca8e23877fdc273649f7fadb7a4f85ab1ebd094a6e4004eb7","9fc531b3bcf7c6df277ab2eeab9702346f860b3c1e05aa2f162ce8e5fc76ee35","mv10_partition_quality_v1","hclust_average_v1",2,0.359222842374359,0.441056554414043,-0.322196140155081,0.0887096774193548,7,117,0,"closed",FALSE
"06c0dd6c129d8567651081156272cfe972e52c7d",4,"existing_selectedfit_data_exact500","existing_selectedfit_data_exact500","exact500",20260806,"H1","2e768b927a5e180ca8e23877fdc273649f7fadb7a4f85ab1ebd094a6e4004eb7","9fc531b3bcf7c6df277ab2eeab9702346f860b3c1e05aa2f162ce8e5fc76ee35","mv10_partition_quality_v1","hclust_average_v1",3,0.290409873520353,0.373323956224031,-0.259853342516742,0.120967741935484,7,90,0,"closed",FALSE
"06c0dd6c129d8567651081156272cfe972e52c7d",4,"existing_selectedfit_data_exact500","existing_selectedfit_data_exact500","exact500",20260806,"H1","2e768b927a5e180ca8e23877fdc273649f7fadb7a4f85ab1ebd094a6e4004eb7","9fc531b3bcf7c6df277ab2eeab9702346f860b3c1e05aa2f162ce8e5fc76ee35","mv10_partition_quality_v1","hclust_average_v1",4,0.265733130961571,0.333011112889822,-0.337525280614815,0.145161290322581,2,90,0,"closed",FALSE
"06c0dd6c129d8567651081156272cfe972e52c7d",4,"existing_selectedfit_data_exact500","existing_selectedfit_data_exact500","exact500",20260806,"H1","2e768b927a5e180ca8e23877fdc273649f7fadb7a4f85ab1ebd094a6e4004eb7","9fc531b3bcf7c6df277ab2eeab9702346f860b3c1e05aa2f162ce8e5fc76ee35","mv10_partition_quality_v1","hclust_average_v1",5,0.314628077886644,0.334452940207974,-0.10704619970802,0.0241935483870968,2,53,0,"closed",FALSE
"06c0dd6c129d8567651081156272cfe972e52c7d",4,"existing_selectedfit_data_exact500","existing_selectedfit_data_exact500","exact500",20260806,"H1","2e768b927a5e180ca8e23877fdc273649f7fadb7a4f85ab1ebd094a6e4004eb7","9fc531b3bcf7c6df277ab2eeab9702346f860b3c1e05aa2f162ce8e5fc76ee35","mv10_partition_quality_v1","hclust_average_v1",6,0.289917834497865,0.321552686529271,-0.234790483613082,0.0483870967741935,1,53,1,"closed",FALSE
"06c0dd6c129d8567651081156272cfe972e52c7d",4,"existing_selectedfit_data_exact500","existing_selectedfit_data_exact500","exact500",20260806,"H1","2e768b927a5e180ca8e23877fdc273649f7fadb7a4f85ab1ebd094a6e4004eb7","9fc531b3bcf7c6df277ab2eeab9702346f860b3c1e05aa2f162ce8e5fc76ee35","mv10_partition_quality_v1","hclust_average_v1",7,0.274567965397967,0.304676540585222,-0.234790483613082,0.0725806451612903,1,53,1,"closed",FALSE
"06c0dd6c129d8567651081156272cfe972e52c7d",4,"existing_selectedfit_data_exact500","existing_selectedfit_data_exact500","exact500",20260806,"H1","2e768b927a5e180ca8e23877fdc273649f7fadb7a4f85ab1ebd094a6e4004eb7","9fc531b3bcf7c6df277ab2eeab9702346f860b3c1e05aa2f162ce8e5fc76ee35","mv10_partition_quality_v1","hclust_average_v1",8,0.236268397678806,0.24224553386228,-0.234790483613082,0.0806451612903226,1,53,1,"closed",FALSE
"06c0dd6c129d8567651081156272cfe972e52c7d",4,"existing_selectedfit_data_exact500","existing_selectedfit_data_exact500","exact500",20260806,"H1","2e768b927a5e180ca8e23877fdc273649f7fadb7a4f85ab1ebd094a6e4004eb7","9fc531b3bcf7c6df277ab2eeab9702346f860b3c1e05aa2f162ce8e5fc76ee35","mv10_partition_quality_v1","hclust_average_v1",9,0.224796700829661,0.234071839413347,-0.234790483613082,0.104838709677419,1,53,3,"closed",FALSE
"06c0dd6c129d8567651081156272cfe972e52c7d",4,"existing_selectedfit_data_exact500","existing_selectedfit_data_exact500","exact500",20260806,"H1","2e768b927a5e180ca8e23877fdc273649f7fadb7a4f85ab1ebd094a6e4004eb7","9fc531b3bcf7c6df277ab2eeab9702346f860b3c1e05aa2f162ce8e5fc76ee35","mv10_partition_quality_v1","hclust_average_v1",10,0.207115425758114,0.22155664531401,-0.22880274543189,0.0887096774193548,1,44,3,"closed",FALSE
"06c0dd6c129d8567651081156272cfe972e52c7d",4,"existing_selectedfit_data_exact500","existing_selectedfit_data_exact500","exact500",20260806,"H1","2e768b927a5e180ca8e23877fdc273649f7fadb7a4f85ab1ebd094a6e4004eb7","9fc531b3bcf7c6df277ab2eeab9702346f860b3c1e05aa2f162ce8e5fc76ee35","mv10_partition_quality_v1","hclust_complete_v1",2,0.36385394239011,0.411323498632103,-0.175558279392057,0.0403225806451613,44,80,0,"closed",FALSE
"06c0dd6c129d8567651081156272cfe972e52c7d",4,"existing_selectedfit_data_exact500","existing_selectedfit_data_exact500","exact500",20260806,"H1","2e768b927a5e180ca8e23877fdc273649f7fadb7a4f85ab1ebd094a6e4004eb7","9fc531b3bcf7c6df277ab2eeab9702346f860b3c1e05aa2f162ce8e5fc76ee35","mv10_partition_quality_v1","hclust_complete_v1",3,0.349042584575397,0.399639102838511,-0.21981141557111,0.0967741935483871,2,80,0,"closed",FALSE
"06c0dd6c129d8567651081156272cfe972e52c7d",4,"existing_selectedfit_data_exact500","existing_selectedfit_data_exact500","exact500",20260806,"H1","2e768b927a5e180ca8e23877fdc273649f7fadb7a4f85ab1ebd094a6e4004eb7","9fc531b3bcf7c6df277ab2eeab9702346f860b3c1e05aa2f162ce8e5fc76ee35","mv10_partition_quality_v1","hclust_complete_v1",4,0.326350602159808,0.348358272213519,-0.0818199735370222,0.0403225806451613,2,53,0,"closed",FALSE
"06c0dd6c129d8567651081156272cfe972e52c7d",4,"existing_selectedfit_data_exact500","existing_selectedfit_data_exact500","exact500",20260806,"H1","2e768b927a5e180ca8e23877fdc273649f7fadb7a4f85ab1ebd094a6e4004eb7","9fc531b3bcf7c6df277ab2eeab9702346f860b3c1e05aa2f162ce8e5fc76ee35","mv10_partition_quality_v1","hclust_complete_v1",5,0.268012319749912,0.304166157812371,-0.261276445873345,0.0483870967741935,2,53,0,"closed",FALSE
"06c0dd6c129d8567651081156272cfe972e52c7d",4,"existing_selectedfit_data_exact500","existing_selectedfit_data_exact500","exact500",20260806,"H1","2e768b927a5e180ca8e23877fdc273649f7fadb7a4f85ab1ebd094a6e4004eb7","9fc531b3bcf7c6df277ab2eeab9702346f860b3c1e05aa2f162ce8e5fc76ee35","mv10_partition_quality_v1","hclust_complete_v1",6,0.271327263427789,0.302991170565903,-0.261276445873345,0.0403225806451613,2,53,0,"closed",FALSE
"06c0dd6c129d8567651081156272cfe972e52c7d",4,"existing_selectedfit_data_exact500","existing_selectedfit_data_exact500","exact500",20260806,"H1","2e768b927a5e180ca8e23877fdc273649f7fadb7a4f85ab1ebd094a6e4004eb7","9fc531b3bcf7c6df277ab2eeab9702346f860b3c1e05aa2f162ce8e5fc76ee35","mv10_partition_quality_v1","hclust_complete_v1",7,0.234082588120938,0.261748254336449,-0.261276445873345,0.0483870967741935,2,53,0,"closed",FALSE
"06c0dd6c129d8567651081156272cfe972e52c7d",4,"existing_selectedfit_data_exact500","existing_selectedfit_data_exact500","exact500",20260806,"H1","2e768b927a5e180ca8e23877fdc273649f7fadb7a4f85ab1ebd094a6e4004eb7","9fc531b3bcf7c6df277ab2eeab9702346f860b3c1e05aa2f162ce8e5fc76ee35","mv10_partition_quality_v1","hclust_complete_v1",8,0.226744937391224,0.245135969120306,-0.062032286044503,0.032258064516129,2,44,0,"closed",FALSE
"06c0dd6c129d8567651081156272cfe972e52c7d",4,"existing_selectedfit_data_exact500","existing_selectedfit_data_exact500","exact500",20260806,"H1","2e768b927a5e180ca8e23877fdc273649f7fadb7a4f85ab1ebd094a6e4004eb7","9fc531b3bcf7c6df277ab2eeab9702346f860b3c1e05aa2f162ce8e5fc76ee35","mv10_partition_quality_v1","hclust_complete_v1",9,0.182430215650582,0.203136109009595,-0.190605642793158,0.0645161290322581,2,23,0,"closed",FALSE
"06c0dd6c129d8567651081156272cfe972e52c7d",4,"existing_selectedfit_data_exact500","existing_selectedfit_data_exact500","exact500",20260806,"H1","2e768b927a5e180ca8e23877fdc273649f7fadb7a4f85ab1ebd094a6e4004eb7","9fc531b3bcf7c6df277ab2eeab9702346f860b3c1e05aa2f162ce8e5fc76ee35","mv10_partition_quality_v1","hclust_complete_v1",10,0.182093235422877,0.197688642344856,-0.190605642793158,0.0806451612903226,2,23,0,"closed",FALSE
"06c0dd6c129d8567651081156272cfe972e52c7d",4,"existing_selectedfit_data_exact500","existing_selectedfit_data_exact500","exact500",20260806,"H1","2e768b927a5e180ca8e23877fdc273649f7fadb7a4f85ab1ebd094a6e4004eb7","9fc531b3bcf7c6df277ab2eeab9702346f860b3c1e05aa2f162ce8e5fc76ee35","mv10_partition_quality_v1","hclust_single_diagnostic_v1",2,0.375586103901191,0.489001747550715,-0.446344892665335,0.0806451612903226,1,123,1,"closed",FALSE
"06c0dd6c129d8567651081156272cfe972e52c7d",4,"existing_selectedfit_data_exact500","existing_selectedfit_data_exact500","exact500",20260806,"H1","2e768b927a5e180ca8e23877fdc273649f7fadb7a4f85ab1ebd094a6e4004eb7","9fc531b3bcf7c6df277ab2eeab9702346f860b3c1e05aa2f162ce8e5fc76ee35","mv10_partition_quality_v1","hclust_single_diagnostic_v1",3,0.197780503862716,0.297441215749619,-0.480516093102811,0.233870967741935,1,122,2,"closed",FALSE
"06c0dd6c129d8567651081156272cfe972e52c7d",4,"existing_selectedfit_data_exact500","existing_selectedfit_data_exact500","exact500",20260806,"H1","2e768b927a5e180ca8e23877fdc273649f7fadb7a4f85ab1ebd094a6e4004eb7","9fc531b3bcf7c6df277ab2eeab9702346f860b3c1e05aa2f162ce8e5fc76ee35","mv10_partition_quality_v1","hclust_single_diagnostic_v1",4,0.0592902482333592,0.129964661475463,-0.481970582316488,0.346774193548387,1,121,3,"closed",FALSE
"06c0dd6c129d8567651081156272cfe972e52c7d",4,"existing_selectedfit_data_exact500","existing_selectedfit_data_exact500","exact500",20260806,"H1","2e768b927a5e180ca8e23877fdc273649f7fadb7a4f85ab1ebd094a6e4004eb7","9fc531b3bcf7c6df277ab2eeab9702346f860b3c1e05aa2f162ce8e5fc76ee35","mv10_partition_quality_v1","hclust_single_diagnostic_v1",5,0.0669446124475961,0.137207838669697,-0.589136747479224,0.32258064516129,1,120,4,"closed",FALSE
"06c0dd6c129d8567651081156272cfe972e52c7d",4,"existing_selectedfit_data_exact500","existing_selectedfit_data_exact500","exact500",20260806,"H1","2e768b927a5e180ca8e23877fdc273649f7fadb7a4f85ab1ebd094a6e4004eb7","9fc531b3bcf7c6df277ab2eeab9702346f860b3c1e05aa2f162ce8e5fc76ee35","mv10_partition_quality_v1","hclust_single_diagnostic_v1",6,0.0682666909512876,0.138616968002562,-0.519012317402512,0.330645161290323,1,119,5,"closed",FALSE
"06c0dd6c129d8567651081156272cfe972e52c7d",4,"existing_selectedfit_data_exact500","existing_selectedfit_data_exact500","exact500",20260806,"H1","2e768b927a5e180ca8e23877fdc273649f7fadb7a4f85ab1ebd094a6e4004eb7","9fc531b3bcf7c6df277ab2eeab9702346f860b3c1e05aa2f162ce8e5fc76ee35","mv10_partition_quality_v1","hclust_single_diagnostic_v1",7,0.06602158968215,0.142651436723105,-0.517160164006777,0.32258064516129,1,118,6,"closed",FALSE
"06c0dd6c129d8567651081156272cfe972e52c7d",4,"existing_selectedfit_data_exact500","existing_selectedfit_data_exact500","exact500",20260806,"H1","2e768b927a5e180ca8e23877fdc273649f7fadb7a4f85ab1ebd094a6e4004eb7","9fc531b3bcf7c6df277ab2eeab9702346f860b3c1e05aa2f162ce8e5fc76ee35","mv10_partition_quality_v1","hclust_single_diagnostic_v1",8,-0.0823438032048428,-0.0706462895070009,-0.51652640566631,0.57258064516129,1,117,7,"closed",FALSE
"06c0dd6c129d8567651081156272cfe972e52c7d",4,"existing_selectedfit_data_exact500","existing_selectedfit_data_exact500","exact500",20260806,"H1","2e768b927a5e180ca8e23877fdc273649f7fadb7a4f85ab1ebd094a6e4004eb7","9fc531b3bcf7c6df277ab2eeab9702346f860b3c1e05aa2f162ce8e5fc76ee35","mv10_partition_quality_v1","hclust_single_diagnostic_v1",9,-0.0891356544072552,-0.0671981734444067,-0.515215159485572,0.564516129032258,1,116,8,"closed",FALSE
"06c0dd6c129d8567651081156272cfe972e52c7d",4,"existing_selectedfit_data_exact500","existing_selectedfit_data_exact500","exact500",20260806,"H1","2e768b927a5e180ca8e23877fdc273649f7fadb7a4f85ab1ebd094a6e4004eb7","9fc531b3bcf7c6df277ab2eeab9702346f860b3c1e05aa2f162ce8e5fc76ee35","mv10_partition_quality_v1","hclust_single_diagnostic_v1",10,-0.160473309849238,-0.155720249239529,-0.514885628084445,0.725806451612903,1,115,9,"closed",FALSE
"06c0dd6c129d8567651081156272cfe972e52c7d",4,"existing_selectedfit_data_exact500","existing_selectedfit_data_exact500","exact500",20260806,"H1","2e768b927a5e180ca8e23877fdc273649f7fadb7a4f85ab1ebd094a6e4004eb7","9fc531b3bcf7c6df277ab2eeab9702346f860b3c1e05aa2f162ce8e5fc76ee35","mv10_partition_quality_v1","diana_dissimilarity_v1",2,0.359436620399876,0.408926558192091,0.0183092224773204,0,58,66,0,"closed",FALSE
"06c0dd6c129d8567651081156272cfe972e52c7d",4,"existing_selectedfit_data_exact500","existing_selectedfit_data_exact500","exact500",20260806,"H1","2e768b927a5e180ca8e23877fdc273649f7fadb7a4f85ab1ebd094a6e4004eb7","9fc531b3bcf7c6df277ab2eeab9702346f860b3c1e05aa2f162ce8e5fc76ee35","mv10_partition_quality_v1","diana_dissimilarity_v1",3,0.335297306632322,0.378334731662286,-0.0402046685991436,0.0241935483870968,6,66,0,"closed",FALSE
"06c0dd6c129d8567651081156272cfe972e52c7d",4,"existing_selectedfit_data_exact500","existing_selectedfit_data_exact500","exact500",20260806,"H1","2e768b927a5e180ca8e23877fdc273649f7fadb7a4f85ab1ebd094a6e4004eb7","9fc531b3bcf7c6df277ab2eeab9702346f860b3c1e05aa2f162ce8e5fc76ee35","mv10_partition_quality_v1","diana_dissimilarity_v1",4,0.294418951437502,0.317001063942923,-0.170345088442228,0.0645161290322581,6,52,0,"closed",FALSE
"06c0dd6c129d8567651081156272cfe972e52c7d",4,"existing_selectedfit_data_exact500","existing_selectedfit_data_exact500","exact500",20260806,"H1","2e768b927a5e180ca8e23877fdc273649f7fadb7a4f85ab1ebd094a6e4004eb7","9fc531b3bcf7c6df277ab2eeab9702346f860b3c1e05aa2f162ce8e5fc76ee35","mv10_partition_quality_v1","diana_dissimilarity_v1",5,0.230823367284376,0.248368649679258,-0.0796970350668024,0.032258064516129,6,39,0,"closed",FALSE
"06c0dd6c129d8567651081156272cfe972e52c7d",4,"existing_selectedfit_data_exact500","existing_selectedfit_data_exact500","exact500",20260806,"H1","2e768b927a5e180ca8e23877fdc273649f7fadb7a4f85ab1ebd094a6e4004eb7","9fc531b3bcf7c6df277ab2eeab9702346f860b3c1e05aa2f162ce8e5fc76ee35","mv10_partition_quality_v1","diana_dissimilarity_v1",6,0.204429505445787,0.21294470898203,-0.0796970350668024,0.0403225806451613,6,39,0,"closed",FALSE
"06c0dd6c129d8567651081156272cfe972e52c7d",4,"existing_selectedfit_data_exact500","existing_selectedfit_data_exact500","exact500",20260806,"H1","2e768b927a5e180ca8e23877fdc273649f7fadb7a4f85ab1ebd094a6e4004eb7","9fc531b3bcf7c6df277ab2eeab9702346f860b3c1e05aa2f162ce8e5fc76ee35","mv10_partition_quality_v1","diana_dissimilarity_v1",7,0.196388963125957,0.2087962570743,-0.204097263841038,0.0483870967741935,6,39,0,"closed",FALSE
"06c0dd6c129d8567651081156272cfe972e52c7d",4,"existing_selectedfit_data_exact500","existing_selectedfit_data_exact500","exact500",20260806,"H1","2e768b927a5e180ca8e23877fdc273649f7fadb7a4f85ab1ebd094a6e4004eb7","9fc531b3bcf7c6df277ab2eeab9702346f860b3c1e05aa2f162ce8e5fc76ee35","mv10_partition_quality_v1","diana_dissimilarity_v1",8,0.198777199642529,0.208987979371649,-0.204097263841038,0.0483870967741935,2,39,0,"closed",FALSE
"06c0dd6c129d8567651081156272cfe972e52c7d",4,"existing_selectedfit_data_exact500","existing_selectedfit_data_exact500","exact500",20260806,"H1","2e768b927a5e180ca8e23877fdc273649f7fadb7a4f85ab1ebd094a6e4004eb7","9fc531b3bcf7c6df277ab2eeab9702346f860b3c1e05aa2f162ce8e5fc76ee35","mv10_partition_quality_v1","diana_dissimilarity_v1",9,0.161172755490262,0.16341248828931,-0.204097263841038,0.0403225806451613,2,21,0,"closed",FALSE
"06c0dd6c129d8567651081156272cfe972e52c7d",4,"existing_selectedfit_data_exact500","existing_selectedfit_data_exact500","exact500",20260806,"H1","2e768b927a5e180ca8e23877fdc273649f7fadb7a4f85ab1ebd094a6e4004eb7","9fc531b3bcf7c6df277ab2eeab9702346f860b3c1e05aa2f162ce8e5fc76ee35","mv10_partition_quality_v1","diana_dissimilarity_v1",10,0.161298713640694,0.153268617898428,-0.204097263841038,0.0403225806451613,2,21,0,"closed",FALSE
"06c0dd6c129d8567651081156272cfe972e52c7d",5,"existing_selectedfit_data_exact500","existing_selectedfit_data_exact500","exact500",20260807,"H0","ce7bcf1e15a3e7cc3b880ed4b967dc4ee24790da41d69fe38182e2dc8ac0b08a","9fc531b3bcf7c6df277ab2eeab9702346f860b3c1e05aa2f162ce8e5fc76ee35","mv10_partition_quality_v1","pam_dissimilarity_v1",2,0.59937557467536,0.652567705857258,-0.0912848279882343,0.0241935483870968,31,93,0,"closed",FALSE
"06c0dd6c129d8567651081156272cfe972e52c7d",5,"existing_selectedfit_data_exact500","existing_selectedfit_data_exact500","exact500",20260807,"H0","ce7bcf1e15a3e7cc3b880ed4b967dc4ee24790da41d69fe38182e2dc8ac0b08a","9fc531b3bcf7c6df277ab2eeab9702346f860b3c1e05aa2f162ce8e5fc76ee35","mv10_partition_quality_v1","pam_dissimilarity_v1",3,0.449474198927664,0.522145609259536,-0.0648396526625785,0.032258064516129,26,57,0,"closed",FALSE
"06c0dd6c129d8567651081156272cfe972e52c7d",5,"existing_selectedfit_data_exact500","existing_selectedfit_data_exact500","exact500",20260807,"H0","ce7bcf1e15a3e7cc3b880ed4b967dc4ee24790da41d69fe38182e2dc8ac0b08a","9fc531b3bcf7c6df277ab2eeab9702346f860b3c1e05aa2f162ce8e5fc76ee35","mv10_partition_quality_v1","pam_dissimilarity_v1",4,0.379769084159232,0.43343553286262,-0.15321759360701,0.0483870967741935,24,41,0,"closed",FALSE
"06c0dd6c129d8567651081156272cfe972e52c7d",5,"existing_selectedfit_data_exact500","existing_selectedfit_data_exact500","exact500",20260807,"H0","ce7bcf1e15a3e7cc3b880ed4b967dc4ee24790da41d69fe38182e2dc8ac0b08a","9fc531b3bcf7c6df277ab2eeab9702346f860b3c1e05aa2f162ce8e5fc76ee35","mv10_partition_quality_v1","pam_dissimilarity_v1",5,0.409766241510016,0.44821446112178,-0.15321759360701,0.0241935483870968,5,41,0,"closed",FALSE
"06c0dd6c129d8567651081156272cfe972e52c7d",5,"existing_selectedfit_data_exact500","existing_selectedfit_data_exact500","exact500",20260807,"H0","ce7bcf1e15a3e7cc3b880ed4b967dc4ee24790da41d69fe38182e2dc8ac0b08a","9fc531b3bcf7c6df277ab2eeab9702346f860b3c1e05aa2f162ce8e5fc76ee35","mv10_partition_quality_v1","pam_dissimilarity_v1",6,0.368302989526739,0.379154724379503,-0.141165122239084,0.0161290322580645,5,33,0,"closed",FALSE
"06c0dd6c129d8567651081156272cfe972e52c7d",5,"existing_selectedfit_data_exact500","existing_selectedfit_data_exact500","exact500",20260807,"H0","ce7bcf1e15a3e7cc3b880ed4b967dc4ee24790da41d69fe38182e2dc8ac0b08a","9fc531b3bcf7c6df277ab2eeab9702346f860b3c1e05aa2f162ce8e5fc76ee35","mv10_partition_quality_v1","pam_dissimilarity_v1",7,0.330693159911428,0.358921539087327,-0.141165122239084,0.0241935483870968,5,33,0,"closed",FALSE
"06c0dd6c129d8567651081156272cfe972e52c7d",5,"existing_selectedfit_data_exact500","existing_selectedfit_data_exact500","exact500",20260807,"H0","ce7bcf1e15a3e7cc3b880ed4b967dc4ee24790da41d69fe38182e2dc8ac0b08a","9fc531b3bcf7c6df277ab2eeab9702346f860b3c1e05aa2f162ce8e5fc76ee35","mv10_partition_quality_v1","pam_dissimilarity_v1",8,0.299001513094643,0.329683589664174,-0.0311761193087596,0.0403225806451613,5,24,0,"closed",FALSE
"06c0dd6c129d8567651081156272cfe972e52c7d",5,"existing_selectedfit_data_exact500","existing_selectedfit_data_exact500","exact500",20260807,"H0","ce7bcf1e15a3e7cc3b880ed4b967dc4ee24790da41d69fe38182e2dc8ac0b08a","9fc531b3bcf7c6df277ab2eeab9702346f860b3c1e05aa2f162ce8e5fc76ee35","mv10_partition_quality_v1","pam_dissimilarity_v1",9,0.314588438840473,0.356540162461374,-0.17334567270087,0.0645161290322581,5,24,0,"closed",FALSE
"06c0dd6c129d8567651081156272cfe972e52c7d",5,"existing_selectedfit_data_exact500","existing_selectedfit_data_exact500","exact500",20260807,"H0","ce7bcf1e15a3e7cc3b880ed4b967dc4ee24790da41d69fe38182e2dc8ac0b08a","9fc531b3bcf7c6df277ab2eeab9702346f860b3c1e05aa2f162ce8e5fc76ee35","mv10_partition_quality_v1","pam_dissimilarity_v1",10,0.327358877403223,0.358730495286757,-0.17334567270087,0.0564516129032258,5,24,0,"closed",FALSE
"06c0dd6c129d8567651081156272cfe972e52c7d",5,"existing_selectedfit_data_exact500","existing_selectedfit_data_exact500","exact500",20260807,"H0","ce7bcf1e15a3e7cc3b880ed4b967dc4ee24790da41d69fe38182e2dc8ac0b08a","9fc531b3bcf7c6df277ab2eeab9702346f860b3c1e05aa2f162ce8e5fc76ee35","mv10_partition_quality_v1","hclust_average_v1",2,0.620494873141886,0.678391406213899,-0.0723893907109016,0.0161290322580645,26,98,0,"closed",FALSE
"06c0dd6c129d8567651081156272cfe972e52c7d",5,"existing_selectedfit_data_exact500","existing_selectedfit_data_exact500","exact500",20260807,"H0","ce7bcf1e15a3e7cc3b880ed4b967dc4ee24790da41d69fe38182e2dc8ac0b08a","9fc531b3bcf7c6df277ab2eeab9702346f860b3c1e05aa2f162ce8e5fc76ee35","mv10_partition_quality_v1","hclust_average_v1",3,0.580457025244423,0.654279354244298,-0.284916465419252,0.0403225806451613,5,98,0,"closed",FALSE
"06c0dd6c129d8567651081156272cfe972e52c7d",5,"existing_selectedfit_data_exact500","existing_selectedfit_data_exact500","exact500",20260807,"H0","ce7bcf1e15a3e7cc3b880ed4b967dc4ee24790da41d69fe38182e2dc8ac0b08a","9fc531b3bcf7c6df277ab2eeab9702346f860b3c1e05aa2f162ce8e5fc76ee35","mv10_partition_quality_v1","hclust_average_v1",4,0.394913372643515,0.516582929974795,-0.612502524157842,0.112903225806452,4,94,0,"closed",FALSE
"06c0dd6c129d8567651081156272cfe972e52c7d",5,"existing_selectedfit_data_exact500","existing_selectedfit_data_exact500","exact500",20260807,"H0","ce7bcf1e15a3e7cc3b880ed4b967dc4ee24790da41d69fe38182e2dc8ac0b08a","9fc531b3bcf7c6df277ab2eeab9702346f860b3c1e05aa2f162ce8e5fc76ee35","mv10_partition_quality_v1","hclust_average_v1",5,0.348190818904584,0.460134392218113,-0.528334973195237,0.169354838709677,4,72,0,"closed",FALSE
"06c0dd6c129d8567651081156272cfe972e52c7d",5,"existing_selectedfit_data_exact500","existing_selectedfit_data_exact500","exact500",20260807,"H0","ce7bcf1e15a3e7cc3b880ed4b967dc4ee24790da41d69fe38182e2dc8ac0b08a","9fc531b3bcf7c6df277ab2eeab9702346f860b3c1e05aa2f162ce8e5fc76ee35","mv10_partition_quality_v1","hclust_average_v1",6,0.384710942985732,0.43391283838743,-0.217856812087484,0.0161290322580645,4,42,0,"closed",FALSE
"06c0dd6c129d8567651081156272cfe972e52c7d",5,"existing_selectedfit_data_exact500","existing_selectedfit_data_exact500","exact500",20260807,"H0","ce7bcf1e15a3e7cc3b880ed4b967dc4ee24790da41d69fe38182e2dc8ac0b08a","9fc531b3bcf7c6df277ab2eeab9702346f860b3c1e05aa2f162ce8e5fc76ee35","mv10_partition_quality_v1","hclust_average_v1",7,0.367145919892021,0.419709997093313,-0.217856812087484,0.0161290322580645,2,42,0,"closed",FALSE
"06c0dd6c129d8567651081156272cfe972e52c7d",5,"existing_selectedfit_data_exact500","existing_selectedfit_data_exact500","exact500",20260807,"H0","ce7bcf1e15a3e7cc3b880ed4b967dc4ee24790da41d69fe38182e2dc8ac0b08a","9fc531b3bcf7c6df277ab2eeab9702346f860b3c1e05aa2f162ce8e5fc76ee35","mv10_partition_quality_v1","hclust_average_v1",8,0.337430049513758,0.38025010663189,-0.217856812087484,0.0241935483870968,2,42,0,"closed",FALSE
"06c0dd6c129d8567651081156272cfe972e52c7d",5,"existing_selectedfit_data_exact500","existing_selectedfit_data_exact500","exact500",20260807,"H0","ce7bcf1e15a3e7cc3b880ed4b967dc4ee24790da41d69fe38182e2dc8ac0b08a","9fc531b3bcf7c6df277ab2eeab9702346f860b3c1e05aa2f162ce8e5fc76ee35","mv10_partition_quality_v1","hclust_average_v1",9,0.350658155295971,0.400055852637216,-0.217856812087484,0.0161290322580645,2,42,0,"closed",FALSE
"06c0dd6c129d8567651081156272cfe972e52c7d",5,"existing_selectedfit_data_exact500","existing_selectedfit_data_exact500","exact500",20260807,"H0","ce7bcf1e15a3e7cc3b880ed4b967dc4ee24790da41d69fe38182e2dc8ac0b08a","9fc531b3bcf7c6df277ab2eeab9702346f860b3c1e05aa2f162ce8e5fc76ee35","mv10_partition_quality_v1","hclust_average_v1",10,0.320423143846377,0.376793386911722,-0.260150812633511,0.0483870967741935,1,41,1,"closed",FALSE
"06c0dd6c129d8567651081156272cfe972e52c7d",5,"existing_selectedfit_data_exact500","existing_selectedfit_data_exact500","exact500",20260807,"H0","ce7bcf1e15a3e7cc3b880ed4b967dc4ee24790da41d69fe38182e2dc8ac0b08a","9fc531b3bcf7c6df277ab2eeab9702346f860b3c1e05aa2f162ce8e5fc76ee35","mv10_partition_quality_v1","hclust_complete_v1",2,0.620494873141886,0.678391406213899,-0.0723893907109016,0.0161290322580645,26,98,0,"closed",FALSE
"06c0dd6c129d8567651081156272cfe972e52c7d",5,"existing_selectedfit_data_exact500","existing_selectedfit_data_exact500","exact500",20260807,"H0","ce7bcf1e15a3e7cc3b880ed4b967dc4ee24790da41d69fe38182e2dc8ac0b08a","9fc531b3bcf7c6df277ab2eeab9702346f860b3c1e05aa2f162ce8e5fc76ee35","mv10_partition_quality_v1","hclust_complete_v1",3,0.4026989193047,0.526751024334249,-0.594197488042387,0.137096774193548,12,86,0,"closed",FALSE
"06c0dd6c129d8567651081156272cfe972e52c7d",5,"existing_selectedfit_data_exact500","existing_selectedfit_data_exact500","exact500",20260807,"H0","ce7bcf1e15a3e7cc3b880ed4b967dc4ee24790da41d69fe38182e2dc8ac0b08a","9fc531b3bcf7c6df277ab2eeab9702346f860b3c1e05aa2f162ce8e5fc76ee35","mv10_partition_quality_v1","hclust_complete_v1",4,0.394495175719004,0.517253046596186,-0.594197488042387,0.161290322580645,5,86,0,"closed",FALSE
"06c0dd6c129d8567651081156272cfe972e52c7d",5,"existing_selectedfit_data_exact500","existing_selectedfit_data_exact500","exact500",20260807,"H0","ce7bcf1e15a3e7cc3b880ed4b967dc4ee24790da41d69fe38182e2dc8ac0b08a","9fc531b3bcf7c6df277ab2eeab9702346f860b3c1e05aa2f162ce8e5fc76ee35","mv10_partition_quality_v1","hclust_complete_v1",5,0.373672485895364,0.466334824200787,-0.481747537780608,0.145161290322581,5,64,0,"closed",FALSE
"06c0dd6c129d8567651081156272cfe972e52c7d",5,"existing_selectedfit_data_exact500","existing_selectedfit_data_exact500","exact500",20260807,"H0","ce7bcf1e15a3e7cc3b880ed4b967dc4ee24790da41d69fe38182e2dc8ac0b08a","9fc531b3bcf7c6df277ab2eeab9702346f860b3c1e05aa2f162ce8e5fc76ee35","mv10_partition_quality_v1","hclust_complete_v1",6,0.36765185400322,0.410077588706568,-0.161246731408774,0.0645161290322581,5,42,0,"closed",FALSE
"06c0dd6c129d8567651081156272cfe972e52c7d",5,"existing_selectedfit_data_exact500","existing_selectedfit_data_exact500","exact500",20260807,"H0","ce7bcf1e15a3e7cc3b880ed4b967dc4ee24790da41d69fe38182e2dc8ac0b08a","9fc531b3bcf7c6df277ab2eeab9702346f860b3c1e05aa2f162ce8e5fc76ee35","mv10_partition_quality_v1","hclust_complete_v1",7,0.323108205204395,0.385603855263928,-0.239842623907864,0.0887096774193548,5,42,0,"closed",FALSE
"06c0dd6c129d8567651081156272cfe972e52c7d",5,"existing_selectedfit_data_exact500","existing_selectedfit_data_exact500","exact500",20260807,"H0","ce7bcf1e15a3e7cc3b880ed4b967dc4ee24790da41d69fe38182e2dc8ac0b08a","9fc531b3bcf7c6df277ab2eeab9702346f860b3c1e05aa2f162ce8e5fc76ee35","mv10_partition_quality_v1","hclust_complete_v1",8,0.342452342040853,0.399501682691915,-0.161246731408774,0.0645161290322581,5,42,0,"closed",FALSE
"06c0dd6c129d8567651081156272cfe972e52c7d",5,"existing_selectedfit_data_exact500","existing_selectedfit_data_exact500","exact500",20260807,"H0","ce7bcf1e15a3e7cc3b880ed4b967dc4ee24790da41d69fe38182e2dc8ac0b08a","9fc531b3bcf7c6df277ab2eeab9702346f860b3c1e05aa2f162ce8e5fc76ee35","mv10_partition_quality_v1","hclust_complete_v1",9,0.32708710038637,0.375756731103223,-0.148742183268134,0.0725806451612903,5,29,0,"closed",FALSE
"06c0dd6c129d8567651081156272cfe972e52c7d",5,"existing_selectedfit_data_exact500","existing_selectedfit_data_exact500","exact500",20260807,"H0","ce7bcf1e15a3e7cc3b880ed4b967dc4ee24790da41d69fe38182e2dc8ac0b08a","9fc531b3bcf7c6df277ab2eeab9702346f860b3c1e05aa2f162ce8e5fc76ee35","mv10_partition_quality_v1","hclust_complete_v1",10,0.317864601398014,0.348426783145213,-0.186007366572009,0.0725806451612903,1,29,1,"closed",FALSE
"06c0dd6c129d8567651081156272cfe972e52c7d",5,"existing_selectedfit_data_exact500","existing_selectedfit_data_exact500","exact500",20260807,"H0","ce7bcf1e15a3e7cc3b880ed4b967dc4ee24790da41d69fe38182e2dc8ac0b08a","9fc531b3bcf7c6df277ab2eeab9702346f860b3c1e05aa2f162ce8e5fc76ee35","mv10_partition_quality_v1","hclust_single_diagnostic_v1",2,0.583213307528736,0.716882190563191,-0.498230673145743,0.0887096774193548,5,119,0,"closed",FALSE
"06c0dd6c129d8567651081156272cfe972e52c7d",5,"existing_selectedfit_data_exact500","existing_selectedfit_data_exact500","exact500",20260807,"H0","ce7bcf1e15a3e7cc3b880ed4b967dc4ee24790da41d69fe38182e2dc8ac0b08a","9fc531b3bcf7c6df277ab2eeab9702346f860b3c1e05aa2f162ce8e5fc76ee35","mv10_partition_quality_v1","hclust_single_diagnostic_v1",3,0.531489137368975,0.692244219188703,-0.597740902168898,0.112903225806452,2,119,0,"closed",FALSE
"06c0dd6c129d8567651081156272cfe972e52c7d",5,"existing_selectedfit_data_exact500","existing_selectedfit_data_exact500","exact500",20260807,"H0","ce7bcf1e15a3e7cc3b880ed4b967dc4ee24790da41d69fe38182e2dc8ac0b08a","9fc531b3bcf7c6df277ab2eeab9702346f860b3c1e05aa2f162ce8e5fc76ee35","mv10_partition_quality_v1","hclust_single_diagnostic_v1",4,0.524160068817613,0.692244219188703,-0.597740902168898,0.112903225806452,1,119,2,"closed",FALSE
"06c0dd6c129d8567651081156272cfe972e52c7d",5,"existing_selectedfit_data_exact500","existing_selectedfit_data_exact500","exact500",20260807,"H0","ce7bcf1e15a3e7cc3b880ed4b967dc4ee24790da41d69fe38182e2dc8ac0b08a","9fc531b3bcf7c6df277ab2eeab9702346f860b3c1e05aa2f162ce8e5fc76ee35","mv10_partition_quality_v1","hclust_single_diagnostic_v1",5,0.240954598488101,0.368755054708144,-0.686502246008473,0.217741935483871,1,118,3,"closed",FALSE
"06c0dd6c129d8567651081156272cfe972e52c7d",5,"existing_selectedfit_data_exact500","existing_selectedfit_data_exact500","exact500",20260807,"H0","ce7bcf1e15a3e7cc3b880ed4b967dc4ee24790da41d69fe38182e2dc8ac0b08a","9fc531b3bcf7c6df277ab2eeab9702346f860b3c1e05aa2f162ce8e5fc76ee35","mv10_partition_quality_v1","hclust_single_diagnostic_v1",6,0.0503244882439487,0.159435432240835,-0.7307336927331,0.338709677419355,1,117,4,"closed",FALSE
"06c0dd6c129d8567651081156272cfe972e52c7d",5,"existing_selectedfit_data_exact500","existing_selectedfit_data_exact500","exact500",20260807,"H0","ce7bcf1e15a3e7cc3b880ed4b967dc4ee24790da41d69fe38182e2dc8ac0b08a","9fc531b3bcf7c6df277ab2eeab9702346f860b3c1e05aa2f162ce8e5fc76ee35","mv10_partition_quality_v1","hclust_single_diagnostic_v1",7,0.0453084623519498,0.145315889692231,-0.7307336927331,0.338709677419355,1,117,5,"closed",FALSE
"06c0dd6c129d8567651081156272cfe972e52c7d",5,"existing_selectedfit_data_exact500","existing_selectedfit_data_exact500","exact500",20260807,"H0","ce7bcf1e15a3e7cc3b880ed4b967dc4ee24790da41d69fe38182e2dc8ac0b08a","9fc531b3bcf7c6df277ab2eeab9702346f860b3c1e05aa2f162ce8e5fc76ee35","mv10_partition_quality_v1","hclust_single_diagnostic_v1",8,0.290880695682438,0.37544377972969,-0.608399806865844,0.169354838709677,1,97,5,"closed",FALSE
"06c0dd6c129d8567651081156272cfe972e52c7d",5,"existing_selectedfit_data_exact500","existing_selectedfit_data_exact500","exact500",20260807,"H0","ce7bcf1e15a3e7cc3b880ed4b967dc4ee24790da41d69fe38182e2dc8ac0b08a","9fc531b3bcf7c6df277ab2eeab9702346f860b3c1e05aa2f162ce8e5fc76ee35","mv10_partition_quality_v1","hclust_single_diagnostic_v1",9,0.288980564471511,0.37544377972969,-0.608399806865844,0.169354838709677,1,97,7,"closed",FALSE
"06c0dd6c129d8567651081156272cfe972e52c7d",5,"existing_selectedfit_data_exact500","existing_selectedfit_data_exact500","exact500",20260807,"H0","ce7bcf1e15a3e7cc3b880ed4b967dc4ee24790da41d69fe38182e2dc8ac0b08a","9fc531b3bcf7c6df277ab2eeab9702346f860b3c1e05aa2f162ce8e5fc76ee35","mv10_partition_quality_v1","hclust_single_diagnostic_v1",10,0.284042962782025,0.365502720572879,-0.608399806865844,0.153225806451613,1,97,7,"closed",FALSE
"06c0dd6c129d8567651081156272cfe972e52c7d",5,"existing_selectedfit_data_exact500","existing_selectedfit_data_exact500","exact500",20260807,"H0","ce7bcf1e15a3e7cc3b880ed4b967dc4ee24790da41d69fe38182e2dc8ac0b08a","9fc531b3bcf7c6df277ab2eeab9702346f860b3c1e05aa2f162ce8e5fc76ee35","mv10_partition_quality_v1","diana_dissimilarity_v1",2,0.614754664893342,0.670712206109582,0.0463339976967611,0,28,96,0,"closed",FALSE
"06c0dd6c129d8567651081156272cfe972e52c7d",5,"existing_selectedfit_data_exact500","existing_selectedfit_data_exact500","exact500",20260807,"H0","ce7bcf1e15a3e7cc3b880ed4b967dc4ee24790da41d69fe38182e2dc8ac0b08a","9fc531b3bcf7c6df277ab2eeab9702346f860b3c1e05aa2f162ce8e5fc76ee35","mv10_partition_quality_v1","diana_dissimilarity_v1",3,0.577626727035146,0.649773601297908,-0.163296615108018,0.0241935483870968,5,96,0,"closed",FALSE
"06c0dd6c129d8567651081156272cfe972e52c7d",5,"existing_selectedfit_data_exact500","existing_selectedfit_data_exact500","exact500",20260807,"H0","ce7bcf1e15a3e7cc3b880ed4b967dc4ee24790da41d69fe38182e2dc8ac0b08a","9fc531b3bcf7c6df277ab2eeab9702346f860b3c1e05aa2f162ce8e5fc76ee35","mv10_partition_quality_v1","diana_dissimilarity_v1",4,0.457438086439716,0.528279607947049,-0.102272829455228,0.0161290322580645,5,49,0,"closed",FALSE
"06c0dd6c129d8567651081156272cfe972e52c7d",5,"existing_selectedfit_data_exact500","existing_selectedfit_data_exact500","exact500",20260807,"H0","ce7bcf1e15a3e7cc3b880ed4b967dc4ee24790da41d69fe38182e2dc8ac0b08a","9fc531b3bcf7c6df277ab2eeab9702346f860b3c1e05aa2f162ce8e5fc76ee35","mv10_partition_quality_v1","diana_dissimilarity_v1",5,0.39955080409238,0.446584991132516,-0.259953706988583,0.0645161290322581,5,49,0,"closed",FALSE
"06c0dd6c129d8567651081156272cfe972e52c7d",5,"existing_selectedfit_data_exact500","existing_selectedfit_data_exact500","exact500",20260807,"H0","ce7bcf1e15a3e7cc3b880ed4b967dc4ee24790da41d69fe38182e2dc8ac0b08a","9fc531b3bcf7c6df277ab2eeab9702346f860b3c1e05aa2f162ce8e5fc76ee35","mv10_partition_quality_v1","diana_dissimilarity_v1",6,0.334912398727612,0.372119246667181,-0.259953706988583,0.0725806451612903,5,49,0,"closed",FALSE
"06c0dd6c129d8567651081156272cfe972e52c7d",5,"existing_selectedfit_data_exact500","existing_selectedfit_data_exact500","exact500",20260807,"H0","ce7bcf1e15a3e7cc3b880ed4b967dc4ee24790da41d69fe38182e2dc8ac0b08a","9fc531b3bcf7c6df277ab2eeab9702346f860b3c1e05aa2f162ce8e5fc76ee35","mv10_partition_quality_v1","diana_dissimilarity_v1",7,0.322332886085201,0.335024977564736,-0.0291763789106563,0.0161290322580645,5,33,0,"closed",FALSE
"06c0dd6c129d8567651081156272cfe972e52c7d",5,"existing_selectedfit_data_exact500","existing_selectedfit_data_exact500","exact500",20260807,"H0","ce7bcf1e15a3e7cc3b880ed4b967dc4ee24790da41d69fe38182e2dc8ac0b08a","9fc531b3bcf7c6df277ab2eeab9702346f860b3c1e05aa2f162ce8e5fc76ee35","mv10_partition_quality_v1","diana_dissimilarity_v1",8,0.316305120146512,0.317425134532714,-0.3320733902458,0.032258064516129,4,33,0,"closed",FALSE
"06c0dd6c129d8567651081156272cfe972e52c7d",5,"existing_selectedfit_data_exact500","existing_selectedfit_data_exact500","exact500",20260807,"H0","ce7bcf1e15a3e7cc3b880ed4b967dc4ee24790da41d69fe38182e2dc8ac0b08a","9fc531b3bcf7c6df277ab2eeab9702346f860b3c1e05aa2f162ce8e5fc76ee35","mv10_partition_quality_v1","diana_dissimilarity_v1",9,0.298348251856897,0.309753117014841,-0.3320733902458,0.0887096774193548,4,33,0,"closed",FALSE
"06c0dd6c129d8567651081156272cfe972e52c7d",5,"existing_selectedfit_data_exact500","existing_selectedfit_data_exact500","exact500",20260807,"H0","ce7bcf1e15a3e7cc3b880ed4b967dc4ee24790da41d69fe38182e2dc8ac0b08a","9fc531b3bcf7c6df277ab2eeab9702346f860b3c1e05aa2f162ce8e5fc76ee35","mv10_partition_quality_v1","diana_dissimilarity_v1",10,0.284847204479803,0.288853384141363,-0.3320733902458,0.0887096774193548,1,33,1,"closed",FALSE
"06c0dd6c129d8567651081156272cfe972e52c7d",6,"existing_selectedfit_data_exact500","existing_selectedfit_data_exact500","exact500",20260807,"H1","7bae8549067be74526c16bb7848ea42746d4929fb3d3dd996a8ad174c935661c","9fc531b3bcf7c6df277ab2eeab9702346f860b3c1e05aa2f162ce8e5fc76ee35","mv10_partition_quality_v1","pam_dissimilarity_v1",2,0.347741111699771,0.39311235938789,-0.030598793272708,0.032258064516129,51,73,0,"closed",FALSE
"06c0dd6c129d8567651081156272cfe972e52c7d",6,"existing_selectedfit_data_exact500","existing_selectedfit_data_exact500","exact500",20260807,"H1","7bae8549067be74526c16bb7848ea42746d4929fb3d3dd996a8ad174c935661c","9fc531b3bcf7c6df277ab2eeab9702346f860b3c1e05aa2f162ce8e5fc76ee35","mv10_partition_quality_v1","pam_dissimilarity_v1",3,0.307257941585376,0.345880796018375,-0.0237484555611327,0.00806451612903226,32,54,0,"closed",FALSE
"06c0dd6c129d8567651081156272cfe972e52c7d",6,"existing_selectedfit_data_exact500","existing_selectedfit_data_exact500","exact500",20260807,"H1","7bae8549067be74526c16bb7848ea42746d4929fb3d3dd996a8ad174c935661c","9fc531b3bcf7c6df277ab2eeab9702346f860b3c1e05aa2f162ce8e5fc76ee35","mv10_partition_quality_v1","pam_dissimilarity_v1",4,0.225014605140217,0.256432832025297,-0.208723965013084,0.0483870967741935,29,34,0,"closed",FALSE
"06c0dd6c129d8567651081156272cfe972e52c7d",6,"existing_selectedfit_data_exact500","existing_selectedfit_data_exact500","exact500",20260807,"H1","7bae8549067be74526c16bb7848ea42746d4929fb3d3dd996a8ad174c935661c","9fc531b3bcf7c6df277ab2eeab9702346f860b3c1e05aa2f162ce8e5fc76ee35","mv10_partition_quality_v1","pam_dissimilarity_v1",5,0.235946913225,0.25172397263548,-0.0704235219782466,0.0161290322580645,6,32,0,"closed",FALSE
"06c0dd6c129d8567651081156272cfe972e52c7d",6,"existing_selectedfit_data_exact500","existing_selectedfit_data_exact500","exact500",20260807,"H1","7bae8549067be74526c16bb7848ea42746d4929fb3d3dd996a8ad174c935661c","9fc531b3bcf7c6df277ab2eeab9702346f860b3c1e05aa2f162ce8e5fc76ee35","mv10_partition_quality_v1","pam_dissimilarity_v1",6,0.191275483541395,0.208046926638785,-0.0910571810885722,0.0725806451612903,6,29,0,"closed",FALSE
"06c0dd6c129d8567651081156272cfe972e52c7d",6,"existing_selectedfit_data_exact500","existing_selectedfit_data_exact500","exact500",20260807,"H1","7bae8549067be74526c16bb7848ea42746d4929fb3d3dd996a8ad174c935661c","9fc531b3bcf7c6df277ab2eeab9702346f860b3c1e05aa2f162ce8e5fc76ee35","mv10_partition_quality_v1","pam_dissimilarity_v1",7,0.182899450776901,0.212141878420238,-0.176273071916109,0.104838709677419,6,29,0,"closed",FALSE
"06c0dd6c129d8567651081156272cfe972e52c7d",6,"existing_selectedfit_data_exact500","existing_selectedfit_data_exact500","exact500",20260807,"H1","7bae8549067be74526c16bb7848ea42746d4929fb3d3dd996a8ad174c935661c","9fc531b3bcf7c6df277ab2eeab9702346f860b3c1e05aa2f162ce8e5fc76ee35","mv10_partition_quality_v1","pam_dissimilarity_v1",8,0.181761837815139,0.210137938547711,-0.176273071916109,0.120967741935484,6,29,0,"closed",FALSE
"06c0dd6c129d8567651081156272cfe972e52c7d",6,"existing_selectedfit_data_exact500","existing_selectedfit_data_exact500","exact500",20260807,"H1","7bae8549067be74526c16bb7848ea42746d4929fb3d3dd996a8ad174c935661c","9fc531b3bcf7c6df277ab2eeab9702346f860b3c1e05aa2f162ce8e5fc76ee35","mv10_partition_quality_v1","pam_dissimilarity_v1",9,0.186495335124228,0.210681212207737,-0.161302130005701,0.104838709677419,6,29,0,"closed",FALSE
"06c0dd6c129d8567651081156272cfe972e52c7d",6,"existing_selectedfit_data_exact500","existing_selectedfit_data_exact500","exact500",20260807,"H1","7bae8549067be74526c16bb7848ea42746d4929fb3d3dd996a8ad174c935661c","9fc531b3bcf7c6df277ab2eeab9702346f860b3c1e05aa2f162ce8e5fc76ee35","mv10_partition_quality_v1","pam_dissimilarity_v1",10,0.156873126902674,0.161938677629838,-0.148801928518601,0.120967741935484,6,25,0,"closed",FALSE
"06c0dd6c129d8567651081156272cfe972e52c7d",6,"existing_selectedfit_data_exact500","existing_selectedfit_data_exact500","exact500",20260807,"H1","7bae8549067be74526c16bb7848ea42746d4929fb3d3dd996a8ad174c935661c","9fc531b3bcf7c6df277ab2eeab9702346f860b3c1e05aa2f162ce8e5fc76ee35","mv10_partition_quality_v1","hclust_average_v1",2,0.360201860351745,0.442097641053434,-0.281941388195844,0.0967741935483871,6,118,0,"closed",FALSE
"06c0dd6c129d8567651081156272cfe972e52c7d",6,"existing_selectedfit_data_exact500","existing_selectedfit_data_exact500","exact500",20260807,"H1","7bae8549067be74526c16bb7848ea42746d4929fb3d3dd996a8ad174c935661c","9fc531b3bcf7c6df277ab2eeab9702346f860b3c1e05aa2f162ce8e5fc76ee35","mv10_partition_quality_v1","hclust_average_v1",3,0.303410384086325,0.367136385837117,-0.288366926395204,0.0645161290322581,6,72,0,"closed",FALSE
"06c0dd6c129d8567651081156272cfe972e52c7d",6,"existing_selectedfit_data_exact500","existing_selectedfit_data_exact500","exact500",20260807,"H1","7bae8549067be74526c16bb7848ea42746d4929fb3d3dd996a8ad174c935661c","9fc531b3bcf7c6df277ab2eeab9702346f860b3c1e05aa2f162ce8e5fc76ee35","mv10_partition_quality_v1","hclust_average_v1",4,0.267877712614101,0.312165008626962,-0.229670618316481,0.0725806451612903,6,46,0,"closed",FALSE
"06c0dd6c129d8567651081156272cfe972e52c7d",6,"existing_selectedfit_data_exact500","existing_selectedfit_data_exact500","exact500",20260807,"H1","7bae8549067be74526c16bb7848ea42746d4929fb3d3dd996a8ad174c935661c","9fc531b3bcf7c6df277ab2eeab9702346f860b3c1e05aa2f162ce8e5fc76ee35","mv10_partition_quality_v1","hclust_average_v1",5,0.249970237675689,0.304452725835295,-0.229670618316481,0.0967741935483871,1,46,1,"closed",FALSE
"06c0dd6c129d8567651081156272cfe972e52c7d",6,"existing_selectedfit_data_exact500","existing_selectedfit_data_exact500","exact500",20260807,"H1","7bae8549067be74526c16bb7848ea42746d4929fb3d3dd996a8ad174c935661c","9fc531b3bcf7c6df277ab2eeab9702346f860b3c1e05aa2f162ce8e5fc76ee35","mv10_partition_quality_v1","hclust_average_v1",6,0.24079232116455,0.291204367460647,-0.233370385317363,0.129032258064516,1,46,2,"closed",FALSE
"06c0dd6c129d8567651081156272cfe972e52c7d",6,"existing_selectedfit_data_exact500","existing_selectedfit_data_exact500","exact500",20260807,"H1","7bae8549067be74526c16bb7848ea42746d4929fb3d3dd996a8ad174c935661c","9fc531b3bcf7c6df277ab2eeab9702346f860b3c1e05aa2f162ce8e5fc76ee35","mv10_partition_quality_v1","hclust_average_v1",7,0.214365808863904,0.270770031236012,-0.233370385317363,0.161290322580645,1,46,3,"closed",FALSE
"06c0dd6c129d8567651081156272cfe972e52c7d",6,"existing_selectedfit_data_exact500","existing_selectedfit_data_exact500","exact500",20260807,"H1","7bae8549067be74526c16bb7848ea42746d4929fb3d3dd996a8ad174c935661c","9fc531b3bcf7c6df277ab2eeab9702346f860b3c1e05aa2f162ce8e5fc76ee35","mv10_partition_quality_v1","hclust_average_v1",8,0.194693822803084,0.221744190622922,-0.230575780770833,0.137096774193548,1,45,3,"closed",FALSE
"06c0dd6c129d8567651081156272cfe972e52c7d",6,"existing_selectedfit_data_exact500","existing_selectedfit_data_exact500","exact500",20260807,"H1","7bae8549067be74526c16bb7848ea42746d4929fb3d3dd996a8ad174c935661c","9fc531b3bcf7c6df277ab2eeab9702346f860b3c1e05aa2f162ce8e5fc76ee35","mv10_partition_quality_v1","hclust_average_v1",9,0.173685389198794,0.174516420583262,-0.283125385018572,0.129032258064516,1,45,3,"closed",FALSE
"06c0dd6c129d8567651081156272cfe972e52c7d",6,"existing_selectedfit_data_exact500","existing_selectedfit_data_exact500","exact500",20260807,"H1","7bae8549067be74526c16bb7848ea42746d4929fb3d3dd996a8ad174c935661c","9fc531b3bcf7c6df277ab2eeab9702346f860b3c1e05aa2f162ce8e5fc76ee35","mv10_partition_quality_v1","hclust_average_v1",10,0.157768650493775,0.160363628466504,-0.262886108218094,0.129032258064516,1,41,3,"closed",FALSE
"06c0dd6c129d8567651081156272cfe972e52c7d",6,"existing_selectedfit_data_exact500","existing_selectedfit_data_exact500","exact500",20260807,"H1","7bae8549067be74526c16bb7848ea42746d4929fb3d3dd996a8ad174c935661c","9fc531b3bcf7c6df277ab2eeab9702346f860b3c1e05aa2f162ce8e5fc76ee35","mv10_partition_quality_v1","hclust_complete_v1",2,0.350646315487596,0.394944553083189,-0.158123375121354,0.0483870967741935,42,82,0,"closed",FALSE
"06c0dd6c129d8567651081156272cfe972e52c7d",6,"existing_selectedfit_data_exact500","existing_selectedfit_data_exact500","exact500",20260807,"H1","7bae8549067be74526c16bb7848ea42746d4929fb3d3dd996a8ad174c935661c","9fc531b3bcf7c6df277ab2eeab9702346f860b3c1e05aa2f162ce8e5fc76ee35","mv10_partition_quality_v1","hclust_complete_v1",3,0.31434504743738,0.369646059336489,-0.23711605307107,0.0806451612903226,5,82,0,"closed",FALSE
"06c0dd6c129d8567651081156272cfe972e52c7d",6,"existing_selectedfit_data_exact500","existing_selectedfit_data_exact500","exact500",20260807,"H1","7bae8549067be74526c16bb7848ea42746d4929fb3d3dd996a8ad174c935661c","9fc531b3bcf7c6df277ab2eeab9702346f860b3c1e05aa2f162ce8e5fc76ee35","mv10_partition_quality_v1","hclust_complete_v1",4,0.305241042312421,0.32597382218614,-0.173741632664383,0.0241935483870968,5,53,0,"closed",FALSE
"06c0dd6c129d8567651081156272cfe972e52c7d",6,"existing_selectedfit_data_exact500","existing_selectedfit_data_exact500","exact500",20260807,"H1","7bae8549067be74526c16bb7848ea42746d4929fb3d3dd996a8ad174c935661c","9fc531b3bcf7c6df277ab2eeab9702346f860b3c1e05aa2f162ce8e5fc76ee35","mv10_partition_quality_v1","hclust_complete_v1",5,0.271148444597665,0.295432995832904,-0.0939690235234077,0.0403225806451613,5,53,0,"closed",FALSE
"06c0dd6c129d8567651081156272cfe972e52c7d",6,"existing_selectedfit_data_exact500","existing_selectedfit_data_exact500","exact500",20260807,"H1","7bae8549067be74526c16bb7848ea42746d4929fb3d3dd996a8ad174c935661c","9fc531b3bcf7c6df277ab2eeab9702346f860b3c1e05aa2f162ce8e5fc76ee35","mv10_partition_quality_v1","hclust_complete_v1",6,0.247331693365828,0.281162334079777,-0.109781710812971,0.0564516129032258,5,42,0,"closed",FALSE
"06c0dd6c129d8567651081156272cfe972e52c7d",6,"existing_selectedfit_data_exact500","existing_selectedfit_data_exact500","exact500",20260807,"H1","7bae8549067be74526c16bb7848ea42746d4929fb3d3dd996a8ad174c935661c","9fc531b3bcf7c6df277ab2eeab9702346f860b3c1e05aa2f162ce8e5fc76ee35","mv10_partition_quality_v1","hclust_complete_v1",7,0.195126452851453,0.217858283869098,-0.19724508450522,0.0967741935483871,5,31,0,"closed",FALSE
"06c0dd6c129d8567651081156272cfe972e52c7d",6,"existing_selectedfit_data_exact500","existing_selectedfit_data_exact500","exact500",20260807,"H1","7bae8549067be74526c16bb7848ea42746d4929fb3d3dd996a8ad174c935661c","9fc531b3bcf7c6df277ab2eeab9702346f860b3c1e05aa2f162ce8e5fc76ee35","mv10_partition_quality_v1","hclust_complete_v1",8,0.198159339995988,0.229817883022506,-0.19724508450522,0.0967741935483871,5,31,0,"closed",FALSE
"06c0dd6c129d8567651081156272cfe972e52c7d",6,"existing_selectedfit_data_exact500","existing_selectedfit_data_exact500","exact500",20260807,"H1","7bae8549067be74526c16bb7848ea42746d4929fb3d3dd996a8ad174c935661c","9fc531b3bcf7c6df277ab2eeab9702346f860b3c1e05aa2f162ce8e5fc76ee35","mv10_partition_quality_v1","hclust_complete_v1",9,0.194782428027189,0.213949157569712,-0.19724508450522,0.0967741935483871,1,31,1,"closed",FALSE
"06c0dd6c129d8567651081156272cfe972e52c7d",6,"existing_selectedfit_data_exact500","existing_selectedfit_data_exact500","exact500",20260807,"H1","7bae8549067be74526c16bb7848ea42746d4929fb3d3dd996a8ad174c935661c","9fc531b3bcf7c6df277ab2eeab9702346f860b3c1e05aa2f162ce8e5fc76ee35","mv10_partition_quality_v1","hclust_complete_v1",10,0.18424669449869,0.193405952043214,-0.141784168481863,0.0887096774193548,1,31,1,"closed",FALSE
"06c0dd6c129d8567651081156272cfe972e52c7d",6,"existing_selectedfit_data_exact500","existing_selectedfit_data_exact500","exact500",20260807,"H1","7bae8549067be74526c16bb7848ea42746d4929fb3d3dd996a8ad174c935661c","9fc531b3bcf7c6df277ab2eeab9702346f860b3c1e05aa2f162ce8e5fc76ee35","mv10_partition_quality_v1","hclust_single_diagnostic_v1",2,0.349336803765701,0.483247256031999,-0.490802535495003,0.129032258064516,1,123,1,"closed",FALSE
"06c0dd6c129d8567651081156272cfe972e52c7d",6,"existing_selectedfit_data_exact500","existing_selectedfit_data_exact500","exact500",20260807,"H1","7bae8549067be74526c16bb7848ea42746d4929fb3d3dd996a8ad174c935661c","9fc531b3bcf7c6df277ab2eeab9702346f860b3c1e05aa2f162ce8e5fc76ee35","mv10_partition_quality_v1","hclust_single_diagnostic_v1",3,0.113677703495851,0.208592137000508,-0.488365252466324,0.354838709677419,1,122,2,"closed",FALSE
"06c0dd6c129d8567651081156272cfe972e52c7d",6,"existing_selectedfit_data_exact500","existing_selectedfit_data_exact500","exact500",20260807,"H1","7bae8549067be74526c16bb7848ea42746d4929fb3d3dd996a8ad174c935661c","9fc531b3bcf7c6df277ab2eeab9702346f860b3c1e05aa2f162ce8e5fc76ee35","mv10_partition_quality_v1","hclust_single_diagnostic_v1",4,0.121295896251662,0.216008725995626,-0.586180692176269,0.338709677419355,1,121,3,"closed",FALSE
"06c0dd6c129d8567651081156272cfe972e52c7d",6,"existing_selectedfit_data_exact500","existing_selectedfit_data_exact500","exact500",20260807,"H1","7bae8549067be74526c16bb7848ea42746d4929fb3d3dd996a8ad174c935661c","9fc531b3bcf7c6df277ab2eeab9702346f860b3c1e05aa2f162ce8e5fc76ee35","mv10_partition_quality_v1","hclust_single_diagnostic_v1",5,0.0602762241680804,0.139097728213805,-0.585299672990911,0.346774193548387,1,120,4,"closed",FALSE
"06c0dd6c129d8567651081156272cfe972e52c7d",6,"existing_selectedfit_data_exact500","existing_selectedfit_data_exact500","exact500",20260807,"H1","7bae8549067be74526c16bb7848ea42746d4929fb3d3dd996a8ad174c935661c","9fc531b3bcf7c6df277ab2eeab9702346f860b3c1e05aa2f162ce8e5fc76ee35","mv10_partition_quality_v1","hclust_single_diagnostic_v1",6,0.0694200806446344,0.148209332388798,-0.583408488576863,0.32258064516129,1,118,4,"closed",FALSE
"06c0dd6c129d8567651081156272cfe972e52c7d",6,"existing_selectedfit_data_exact500","existing_selectedfit_data_exact500","exact500",20260807,"H1","7bae8549067be74526c16bb7848ea42746d4929fb3d3dd996a8ad174c935661c","9fc531b3bcf7c6df277ab2eeab9702346f860b3c1e05aa2f162ce8e5fc76ee35","mv10_partition_quality_v1","hclust_single_diagnostic_v1",7,0.0753106366961172,0.153900384741365,-0.582289169552781,0.314516129032258,1,117,5,"closed",FALSE
"06c0dd6c129d8567651081156272cfe972e52c7d",6,"existing_selectedfit_data_exact500","existing_selectedfit_data_exact500","exact500",20260807,"H1","7bae8549067be74526c16bb7848ea42746d4929fb3d3dd996a8ad174c935661c","9fc531b3bcf7c6df277ab2eeab9702346f860b3c1e05aa2f162ce8e5fc76ee35","mv10_partition_quality_v1","hclust_single_diagnostic_v1",8,0.0490130153365947,0.138276210501355,-0.581348076446331,0.338709677419355,1,116,6,"closed",FALSE
"06c0dd6c129d8567651081156272cfe972e52c7d",6,"existing_selectedfit_data_exact500","existing_selectedfit_data_exact500","exact500",20260807,"H1","7bae8549067be74526c16bb7848ea42746d4929fb3d3dd996a8ad174c935661c","9fc531b3bcf7c6df277ab2eeab9702346f860b3c1e05aa2f162ce8e5fc76ee35","mv10_partition_quality_v1","hclust_single_diagnostic_v1",9,0.045795591503764,0.136300675124008,-0.581348076446331,0.338709677419355,1,116,8,"closed",FALSE
"06c0dd6c129d8567651081156272cfe972e52c7d",6,"existing_selectedfit_data_exact500","existing_selectedfit_data_exact500","exact500",20260807,"H1","7bae8549067be74526c16bb7848ea42746d4929fb3d3dd996a8ad174c935661c","9fc531b3bcf7c6df277ab2eeab9702346f860b3c1e05aa2f162ce8e5fc76ee35","mv10_partition_quality_v1","hclust_single_diagnostic_v1",10,0.0197716417775523,0.0742083776901935,-0.579764425650966,0.387096774193548,1,114,8,"closed",FALSE
"06c0dd6c129d8567651081156272cfe972e52c7d",6,"existing_selectedfit_data_exact500","existing_selectedfit_data_exact500","exact500",20260807,"H1","7bae8549067be74526c16bb7848ea42746d4929fb3d3dd996a8ad174c935661c","9fc531b3bcf7c6df277ab2eeab9702346f860b3c1e05aa2f162ce8e5fc76ee35","mv10_partition_quality_v1","diana_dissimilarity_v1",2,0.346539607160777,0.394035759983224,0.00637967737840834,0,56,68,0,"closed",FALSE
"06c0dd6c129d8567651081156272cfe972e52c7d",6,"existing_selectedfit_data_exact500","existing_selectedfit_data_exact500","exact500",20260807,"H1","7bae8549067be74526c16bb7848ea42746d4929fb3d3dd996a8ad174c935661c","9fc531b3bcf7c6df277ab2eeab9702346f860b3c1e05aa2f162ce8e5fc76ee35","mv10_partition_quality_v1","diana_dissimilarity_v1",3,0.316141229693111,0.374000593175924,-0.10074475967014,0.0483870967741935,6,68,0,"closed",FALSE
"06c0dd6c129d8567651081156272cfe972e52c7d",6,"existing_selectedfit_data_exact500","existing_selectedfit_data_exact500","exact500",20260807,"H1","7bae8549067be74526c16bb7848ea42746d4929fb3d3dd996a8ad174c935661c","9fc531b3bcf7c6df277ab2eeab9702346f860b3c1e05aa2f162ce8e5fc76ee35","mv10_partition_quality_v1","diana_dissimilarity_v1",4,0.275005896317052,0.315913748826918,-0.126911781904203,0.0564516129032258,6,50,0,"closed",FALSE
"06c0dd6c129d8567651081156272cfe972e52c7d",6,"existing_selectedfit_data_exact500","existing_selectedfit_data_exact500","exact500",20260807,"H1","7bae8549067be74526c16bb7848ea42746d4929fb3d3dd996a8ad174c935661c","9fc531b3bcf7c6df277ab2eeab9702346f860b3c1e05aa2f162ce8e5fc76ee35","mv10_partition_quality_v1","diana_dissimilarity_v1",5,0.23358329432311,0.252544957418316,-0.12374211431266,0.0483870967741935,6,40,0,"closed",FALSE
"06c0dd6c129d8567651081156272cfe972e52c7d",6,"existing_selectedfit_data_exact500","existing_selectedfit_data_exact500","exact500",20260807,"H1","7bae8549067be74526c16bb7848ea42746d4929fb3d3dd996a8ad174c935661c","9fc531b3bcf7c6df277ab2eeab9702346f860b3c1e05aa2f162ce8e5fc76ee35","mv10_partition_quality_v1","diana_dissimilarity_v1",6,0.222008093033359,0.236163457780106,-0.0800404014130535,0.032258064516129,6,33,0,"closed",FALSE
"06c0dd6c129d8567651081156272cfe972e52c7d",6,"existing_selectedfit_data_exact500","existing_selectedfit_data_exact500","exact500",20260807,"H1","7bae8549067be74526c16bb7848ea42746d4929fb3d3dd996a8ad174c935661c","9fc531b3bcf7c6df277ab2eeab9702346f860b3c1e05aa2f162ce8e5fc76ee35","mv10_partition_quality_v1","diana_dissimilarity_v1",7,0.21359430487016,0.223559403443881,-0.0800404014130535,0.032258064516129,1,33,1,"closed",FALSE
"06c0dd6c129d8567651081156272cfe972e52c7d",6,"existing_selectedfit_data_exact500","existing_selectedfit_data_exact500","exact500",20260807,"H1","7bae8549067be74526c16bb7848ea42746d4929fb3d3dd996a8ad174c935661c","9fc531b3bcf7c6df277ab2eeab9702346f860b3c1e05aa2f162ce8e5fc76ee35","mv10_partition_quality_v1","diana_dissimilarity_v1",8,0.208192771045046,0.22398068148042,-0.0800404014130535,0.0483870967741935,1,33,1,"closed",FALSE
"06c0dd6c129d8567651081156272cfe972e52c7d",6,"existing_selectedfit_data_exact500","existing_selectedfit_data_exact500","exact500",20260807,"H1","7bae8549067be74526c16bb7848ea42746d4929fb3d3dd996a8ad174c935661c","9fc531b3bcf7c6df277ab2eeab9702346f860b3c1e05aa2f162ce8e5fc76ee35","mv10_partition_quality_v1","diana_dissimilarity_v1",9,0.168537079324663,0.195924395403598,-0.229265907628366,0.0806451612903226,1,28,1,"closed",FALSE
"06c0dd6c129d8567651081156272cfe972e52c7d",6,"existing_selectedfit_data_exact500","existing_selectedfit_data_exact500","exact500",20260807,"H1","7bae8549067be74526c16bb7848ea42746d4929fb3d3dd996a8ad174c935661c","9fc531b3bcf7c6df277ab2eeab9702346f860b3c1e05aa2f162ce8e5fc76ee35","mv10_partition_quality_v1","diana_dissimilarity_v1",10,0.160337583740448,0.141972575019035,-0.162123316870151,0.0645161290322581,1,25,1,"closed",FALSE
"06c0dd6c129d8567651081156272cfe972e52c7d",7,"existing_selectedfit_data_exact500","existing_selectedfit_data_exact500","exact500",20260808,"H0","5ceed8202960172aa96e76228cf867fbfd4e58de4e477815328d0eb892e62732","9fc531b3bcf7c6df277ab2eeab9702346f860b3c1e05aa2f162ce8e5fc76ee35","mv10_partition_quality_v1","pam_dissimilarity_v1",2,0.625078185627842,0.684057274543366,-0.0569374279636983,0.00806451612903226,27,97,0,"closed",FALSE
"06c0dd6c129d8567651081156272cfe972e52c7d",7,"existing_selectedfit_data_exact500","existing_selectedfit_data_exact500","exact500",20260808,"H0","5ceed8202960172aa96e76228cf867fbfd4e58de4e477815328d0eb892e62732","9fc531b3bcf7c6df277ab2eeab9702346f860b3c1e05aa2f162ce8e5fc76ee35","mv10_partition_quality_v1","pam_dissimilarity_v1",3,0.472229850045826,0.539247378504629,0.00620764787305611,0,26,51,0,"closed",FALSE
"06c0dd6c129d8567651081156272cfe972e52c7d",7,"existing_selectedfit_data_exact500","existing_selectedfit_data_exact500","exact500",20260808,"H0","5ceed8202960172aa96e76228cf867fbfd4e58de4e477815328d0eb892e62732","9fc531b3bcf7c6df277ab2eeab9702346f860b3c1e05aa2f162ce8e5fc76ee35","mv10_partition_quality_v1","pam_dissimilarity_v1",4,0.385418656418985,0.437429249076875,-0.0988530665571563,0.0483870967741935,26,37,0,"closed",FALSE
"06c0dd6c129d8567651081156272cfe972e52c7d",7,"existing_selectedfit_data_exact500","existing_selectedfit_data_exact500","exact500",20260808,"H0","5ceed8202960172aa96e76228cf867fbfd4e58de4e477815328d0eb892e62732","9fc531b3bcf7c6df277ab2eeab9702346f860b3c1e05aa2f162ce8e5fc76ee35","mv10_partition_quality_v1","pam_dissimilarity_v1",5,0.404057069819386,0.447682553027677,-0.0630207732374953,0.0403225806451613,5,37,0,"closed",FALSE
"06c0dd6c129d8567651081156272cfe972e52c7d",7,"existing_selectedfit_data_exact500","existing_selectedfit_data_exact500","exact500",20260808,"H0","5ceed8202960172aa96e76228cf867fbfd4e58de4e477815328d0eb892e62732","9fc531b3bcf7c6df277ab2eeab9702346f860b3c1e05aa2f162ce8e5fc76ee35","mv10_partition_quality_v1","pam_dissimilarity_v1",6,0.376119653778598,0.415985781880715,-0.0740867919726905,0.0241935483870968,5,29,0,"closed",FALSE
"06c0dd6c129d8567651081156272cfe972e52c7d",7,"existing_selectedfit_data_exact500","existing_selectedfit_data_exact500","exact500",20260808,"H0","5ceed8202960172aa96e76228cf867fbfd4e58de4e477815328d0eb892e62732","9fc531b3bcf7c6df277ab2eeab9702346f860b3c1e05aa2f162ce8e5fc76ee35","mv10_partition_quality_v1","pam_dissimilarity_v1",7,0.370928787920655,0.410431652170586,-0.138552607119948,0.00806451612903226,5,26,0,"closed",FALSE
"06c0dd6c129d8567651081156272cfe972e52c7d",7,"existing_selectedfit_data_exact500","existing_selectedfit_data_exact500","exact500",20260808,"H0","5ceed8202960172aa96e76228cf867fbfd4e58de4e477815328d0eb892e62732","9fc531b3bcf7c6df277ab2eeab9702346f860b3c1e05aa2f162ce8e5fc76ee35","mv10_partition_quality_v1","pam_dissimilarity_v1",8,0.360257520822102,0.375302822239016,-0.171879812911311,0.0403225806451613,5,25,0,"closed",FALSE
"06c0dd6c129d8567651081156272cfe972e52c7d",7,"existing_selectedfit_data_exact500","existing_selectedfit_data_exact500","exact500",20260808,"H0","5ceed8202960172aa96e76228cf867fbfd4e58de4e477815328d0eb892e62732","9fc531b3bcf7c6df277ab2eeab9702346f860b3c1e05aa2f162ce8e5fc76ee35","mv10_partition_quality_v1","pam_dissimilarity_v1",9,0.337903224046255,0.346138777371051,-0.171879812911311,0.0241935483870968,5,25,0,"closed",FALSE
"06c0dd6c129d8567651081156272cfe972e52c7d",7,"existing_selectedfit_data_exact500","existing_selectedfit_data_exact500","exact500",20260808,"H0","5ceed8202960172aa96e76228cf867fbfd4e58de4e477815328d0eb892e62732","9fc531b3bcf7c6df277ab2eeab9702346f860b3c1e05aa2f162ce8e5fc76ee35","mv10_partition_quality_v1","pam_dissimilarity_v1",10,0.332233035866109,0.340451881286551,-0.0264897318330424,0.0161290322580645,5,23,0,"closed",FALSE
"06c0dd6c129d8567651081156272cfe972e52c7d",7,"existing_selectedfit_data_exact500","existing_selectedfit_data_exact500","exact500",20260808,"H0","5ceed8202960172aa96e76228cf867fbfd4e58de4e477815328d0eb892e62732","9fc531b3bcf7c6df277ab2eeab9702346f860b3c1e05aa2f162ce8e5fc76ee35","mv10_partition_quality_v1","hclust_average_v1",2,0.631085990222835,0.688307670990304,0.0569374279636983,0,26,98,0,"closed",FALSE
"06c0dd6c129d8567651081156272cfe972e52c7d",7,"existing_selectedfit_data_exact500","existing_selectedfit_data_exact500","exact500",20260808,"H0","5ceed8202960172aa96e76228cf867fbfd4e58de4e477815328d0eb892e62732","9fc531b3bcf7c6df277ab2eeab9702346f860b3c1e05aa2f162ce8e5fc76ee35","mv10_partition_quality_v1","hclust_average_v1",3,0.586550699281963,0.65650717059326,-0.162165666035185,0.0161290322580645,5,98,0,"closed",FALSE
"06c0dd6c129d8567651081156272cfe972e52c7d",7,"existing_selectedfit_data_exact500","existing_selectedfit_data_exact500","exact500",20260808,"H0","5ceed8202960172aa96e76228cf867fbfd4e58de4e477815328d0eb892e62732","9fc531b3bcf7c6df277ab2eeab9702346f860b3c1e05aa2f162ce8e5fc76ee35","mv10_partition_quality_v1","hclust_average_v1",4,0.397454118471515,0.500917997138858,-0.642132938438658,0.104838709677419,4,94,0,"closed",FALSE
"06c0dd6c129d8567651081156272cfe972e52c7d",7,"existing_selectedfit_data_exact500","existing_selectedfit_data_exact500","exact500",20260808,"H0","5ceed8202960172aa96e76228cf867fbfd4e58de4e477815328d0eb892e62732","9fc531b3bcf7c6df277ab2eeab9702346f860b3c1e05aa2f162ce8e5fc76ee35","mv10_partition_quality_v1","hclust_average_v1",5,0.373534137584624,0.455533035467544,-0.528100905479542,0.137096774193548,4,64,0,"closed",FALSE
"06c0dd6c129d8567651081156272cfe972e52c7d",7,"existing_selectedfit_data_exact500","existing_selectedfit_data_exact500","exact500",20260808,"H0","5ceed8202960172aa96e76228cf867fbfd4e58de4e477815328d0eb892e62732","9fc531b3bcf7c6df277ab2eeab9702346f860b3c1e05aa2f162ce8e5fc76ee35","mv10_partition_quality_v1","hclust_average_v1",6,0.359565407128909,0.452449495437572,-0.528100905479542,0.137096774193548,2,64,0,"closed",FALSE
"06c0dd6c129d8567651081156272cfe972e52c7d",7,"existing_selectedfit_data_exact500","existing_selectedfit_data_exact500","exact500",20260808,"H0","5ceed8202960172aa96e76228cf867fbfd4e58de4e477815328d0eb892e62732","9fc531b3bcf7c6df277ab2eeab9702346f860b3c1e05aa2f162ce8e5fc76ee35","mv10_partition_quality_v1","hclust_average_v1",7,0.327440979184579,0.396202966586932,-0.528100905479542,0.145161290322581,2,64,0,"closed",FALSE
"06c0dd6c129d8567651081156272cfe972e52c7d",7,"existing_selectedfit_data_exact500","existing_selectedfit_data_exact500","exact500",20260808,"H0","5ceed8202960172aa96e76228cf867fbfd4e58de4e477815328d0eb892e62732","9fc531b3bcf7c6df277ab2eeab9702346f860b3c1e05aa2f162ce8e5fc76ee35","mv10_partition_quality_v1","hclust_average_v1",8,0.350435458912028,0.395421161552931,-0.212183382241141,0.032258064516129,2,36,0,"closed",FALSE
"06c0dd6c129d8567651081156272cfe972e52c7d",7,"existing_selectedfit_data_exact500","existing_selectedfit_data_exact500","exact500",20260808,"H0","5ceed8202960172aa96e76228cf867fbfd4e58de4e477815328d0eb892e62732","9fc531b3bcf7c6df277ab2eeab9702346f860b3c1e05aa2f162ce8e5fc76ee35","mv10_partition_quality_v1","hclust_average_v1",9,0.360579681565011,0.403200889648721,-0.212183382241141,0.0241935483870968,2,36,0,"closed",FALSE
"06c0dd6c129d8567651081156272cfe972e52c7d",7,"existing_selectedfit_data_exact500","existing_selectedfit_data_exact500","exact500",20260808,"H0","5ceed8202960172aa96e76228cf867fbfd4e58de4e477815328d0eb892e62732","9fc531b3bcf7c6df277ab2eeab9702346f860b3c1e05aa2f162ce8e5fc76ee35","mv10_partition_quality_v1","hclust_average_v1",10,0.349867005660306,0.396340242876388,-0.212183382241141,0.0241935483870968,1,36,1,"closed",FALSE
"06c0dd6c129d8567651081156272cfe972e52c7d",7,"existing_selectedfit_data_exact500","existing_selectedfit_data_exact500","exact500",20260808,"H0","5ceed8202960172aa96e76228cf867fbfd4e58de4e477815328d0eb892e62732","9fc531b3bcf7c6df277ab2eeab9702346f860b3c1e05aa2f162ce8e5fc76ee35","mv10_partition_quality_v1","hclust_complete_v1",2,0.572034388600985,0.638742173163876,-0.20721079654127,0.0483870967741935,34,90,0,"closed",FALSE
"06c0dd6c129d8567651081156272cfe972e52c7d",7,"existing_selectedfit_data_exact500","existing_selectedfit_data_exact500","exact500",20260808,"H0","5ceed8202960172aa96e76228cf867fbfd4e58de4e477815328d0eb892e62732","9fc531b3bcf7c6df277ab2eeab9702346f860b3c1e05aa2f162ce8e5fc76ee35","mv10_partition_quality_v1","hclust_complete_v1",3,0.533213496005272,0.60766641203224,-0.0121654168824359,0.0161290322580645,5,90,0,"closed",FALSE
"06c0dd6c129d8567651081156272cfe972e52c7d",7,"existing_selectedfit_data_exact500","existing_selectedfit_data_exact500","exact500",20260808,"H0","5ceed8202960172aa96e76228cf867fbfd4e58de4e477815328d0eb892e62732","9fc531b3bcf7c6df277ab2eeab9702346f860b3c1e05aa2f162ce8e5fc76ee35","mv10_partition_quality_v1","hclust_complete_v1",4,0.417198310022768,0.517899852939934,-0.397581027894588,0.0806451612903226,5,47,0,"closed",FALSE
"06c0dd6c129d8567651081156272cfe972e52c7d",7,"existing_selectedfit_data_exact500","existing_selectedfit_data_exact500","exact500",20260808,"H0","5ceed8202960172aa96e76228cf867fbfd4e58de4e477815328d0eb892e62732","9fc531b3bcf7c6df277ab2eeab9702346f860b3c1e05aa2f162ce8e5fc76ee35","mv10_partition_quality_v1","hclust_complete_v1",5,0.392141310393391,0.460263271012089,-0.196993459173828,0.0645161290322581,5,47,0,"closed",FALSE
"06c0dd6c129d8567651081156272cfe972e52c7d",7,"existing_selectedfit_data_exact500","existing_selectedfit_data_exact500","exact500",20260808,"H0","5ceed8202960172aa96e76228cf867fbfd4e58de4e477815328d0eb892e62732","9fc531b3bcf7c6df277ab2eeab9702346f860b3c1e05aa2f162ce8e5fc76ee35","mv10_partition_quality_v1","hclust_complete_v1",6,0.355425718912366,0.38841318158536,-0.355220764490848,0.0725806451612903,4,47,0,"closed",FALSE
"06c0dd6c129d8567651081156272cfe972e52c7d",7,"existing_selectedfit_data_exact500","existing_selectedfit_data_exact500","exact500",20260808,"H0","5ceed8202960172aa96e76228cf867fbfd4e58de4e477815328d0eb892e62732","9fc531b3bcf7c6df277ab2eeab9702346f860b3c1e05aa2f162ce8e5fc76ee35","mv10_partition_quality_v1","hclust_complete_v1",7,0.307277805336965,0.36815322390484,-0.447583360384966,0.112903225806452,4,47,0,"closed",FALSE
"06c0dd6c129d8567651081156272cfe972e52c7d",7,"existing_selectedfit_data_exact500","existing_selectedfit_data_exact500","exact500",20260808,"H0","5ceed8202960172aa96e76228cf867fbfd4e58de4e477815328d0eb892e62732","9fc531b3bcf7c6df277ab2eeab9702346f860b3c1e05aa2f162ce8e5fc76ee35","mv10_partition_quality_v1","hclust_complete_v1",8,0.268631903691159,0.30348682823503,-0.355220764490848,0.145161290322581,4,39,0,"closed",FALSE
"06c0dd6c129d8567651081156272cfe972e52c7d",7,"existing_selectedfit_data_exact500","existing_selectedfit_data_exact500","exact500",20260808,"H0","5ceed8202960172aa96e76228cf867fbfd4e58de4e477815328d0eb892e62732","9fc531b3bcf7c6df277ab2eeab9702346f860b3c1e05aa2f162ce8e5fc76ee35","mv10_partition_quality_v1","hclust_complete_v1",9,0.234727478841114,0.256817855154302,-0.323773658898182,0.145161290322581,4,27,0,"closed",FALSE
"06c0dd6c129d8567651081156272cfe972e52c7d",7,"existing_selectedfit_data_exact500","existing_selectedfit_data_exact500","exact500",20260808,"H0","5ceed8202960172aa96e76228cf867fbfd4e58de4e477815328d0eb892e62732","9fc531b3bcf7c6df277ab2eeab9702346f860b3c1e05aa2f162ce8e5fc76ee35","mv10_partition_quality_v1","hclust_complete_v1",10,0.241462107817545,0.265106983484179,-0.323773658898182,0.137096774193548,4,27,0,"closed",FALSE
"06c0dd6c129d8567651081156272cfe972e52c7d",7,"existing_selectedfit_data_exact500","existing_selectedfit_data_exact500","exact500",20260808,"H0","5ceed8202960172aa96e76228cf867fbfd4e58de4e477815328d0eb892e62732","9fc531b3bcf7c6df277ab2eeab9702346f860b3c1e05aa2f162ce8e5fc76ee35","mv10_partition_quality_v1","hclust_single_diagnostic_v1",2,0.569361720276628,0.709068476433545,-0.532127880682057,0.0967741935483871,5,119,0,"closed",FALSE
"06c0dd6c129d8567651081156272cfe972e52c7d",7,"existing_selectedfit_data_exact500","existing_selectedfit_data_exact500","exact500",20260808,"H0","5ceed8202960172aa96e76228cf867fbfd4e58de4e477815328d0eb892e62732","9fc531b3bcf7c6df277ab2eeab9702346f860b3c1e05aa2f162ce8e5fc76ee35","mv10_partition_quality_v1","hclust_single_diagnostic_v1",3,0.516050091642122,0.679448327961353,-0.653031500845003,0.129032258064516,2,119,0,"closed",FALSE
"06c0dd6c129d8567651081156272cfe972e52c7d",7,"existing_selectedfit_data_exact500","existing_selectedfit_data_exact500","exact500",20260808,"H0","5ceed8202960172aa96e76228cf867fbfd4e58de4e477815328d0eb892e62732","9fc531b3bcf7c6df277ab2eeab9702346f860b3c1e05aa2f162ce8e5fc76ee35","mv10_partition_quality_v1","hclust_single_diagnostic_v1",4,0.569711650783033,0.630328008592202,-0.162165666035185,0.0161290322580645,2,98,0,"closed",FALSE
"06c0dd6c129d8567651081156272cfe972e52c7d",7,"existing_selectedfit_data_exact500","existing_selectedfit_data_exact500","exact500",20260808,"H0","5ceed8202960172aa96e76228cf867fbfd4e58de4e477815328d0eb892e62732","9fc531b3bcf7c6df277ab2eeab9702346f860b3c1e05aa2f162ce8e5fc76ee35","mv10_partition_quality_v1","hclust_single_diagnostic_v1",5,0.55248026745532,0.623198040948114,-0.162165666035185,0.0241935483870968,1,98,1,"closed",FALSE
"06c0dd6c129d8567651081156272cfe972e52c7d",7,"existing_selectedfit_data_exact500","existing_selectedfit_data_exact500","exact500",20260808,"H0","5ceed8202960172aa96e76228cf867fbfd4e58de4e477815328d0eb892e62732","9fc531b3bcf7c6df277ab2eeab9702346f860b3c1e05aa2f162ce8e5fc76ee35","mv10_partition_quality_v1","hclust_single_diagnostic_v1",6,0.424930752097845,0.538924348809039,-0.384402678412028,0.0806451612903226,1,98,2,"closed",FALSE
"06c0dd6c129d8567651081156272cfe972e52c7d",7,"existing_selectedfit_data_exact500","existing_selectedfit_data_exact500","exact500",20260808,"H0","5ceed8202960172aa96e76228cf867fbfd4e58de4e477815328d0eb892e62732","9fc531b3bcf7c6df277ab2eeab9702346f860b3c1e05aa2f162ce8e5fc76ee35","mv10_partition_quality_v1","hclust_single_diagnostic_v1",7,0.422310250991565,0.538924348809039,-0.384402678412028,0.0806451612903226,1,98,4,"closed",FALSE
"06c0dd6c129d8567651081156272cfe972e52c7d",7,"existing_selectedfit_data_exact500","existing_selectedfit_data_exact500","exact500",20260808,"H0","5ceed8202960172aa96e76228cf867fbfd4e58de4e477815328d0eb892e62732","9fc531b3bcf7c6df277ab2eeab9702346f860b3c1e05aa2f162ce8e5fc76ee35","mv10_partition_quality_v1","hclust_single_diagnostic_v1",8,0.28480438838489,0.375805261519288,-0.688410858950889,0.161290322580645,1,97,5,"closed",FALSE
"06c0dd6c129d8567651081156272cfe972e52c7d",7,"existing_selectedfit_data_exact500","existing_selectedfit_data_exact500","exact500",20260808,"H0","5ceed8202960172aa96e76228cf867fbfd4e58de4e477815328d0eb892e62732","9fc531b3bcf7c6df277ab2eeab9702346f860b3c1e05aa2f162ce8e5fc76ee35","mv10_partition_quality_v1","hclust_single_diagnostic_v1",9,0.277594497011282,0.360477899511992,-0.688410858950889,0.161290322580645,1,97,7,"closed",FALSE
"06c0dd6c129d8567651081156272cfe972e52c7d",7,"existing_selectedfit_data_exact500","existing_selectedfit_data_exact500","exact500",20260808,"H0","5ceed8202960172aa96e76228cf867fbfd4e58de4e477815328d0eb892e62732","9fc531b3bcf7c6df277ab2eeab9702346f860b3c1e05aa2f162ce8e5fc76ee35","mv10_partition_quality_v1","hclust_single_diagnostic_v1",10,0.261270967605156,0.329013808921743,-0.688410858950889,0.193548387096774,1,97,7,"closed",FALSE
"06c0dd6c129d8567651081156272cfe972e52c7d",7,"existing_selectedfit_data_exact500","existing_selectedfit_data_exact500","exact500",20260808,"H0","5ceed8202960172aa96e76228cf867fbfd4e58de4e477815328d0eb892e62732","9fc531b3bcf7c6df277ab2eeab9702346f860b3c1e05aa2f162ce8e5fc76ee35","mv10_partition_quality_v1","diana_dissimilarity_v1",2,0.631085990222835,0.688307670990304,0.0569374279636983,0,26,98,0,"closed",FALSE
"06c0dd6c129d8567651081156272cfe972e52c7d",7,"existing_selectedfit_data_exact500","existing_selectedfit_data_exact500","exact500",20260808,"H0","5ceed8202960172aa96e76228cf867fbfd4e58de4e477815328d0eb892e62732","9fc531b3bcf7c6df277ab2eeab9702346f860b3c1e05aa2f162ce8e5fc76ee35","mv10_partition_quality_v1","diana_dissimilarity_v1",3,0.472229850045826,0.539247378504629,0.00620764787305611,0,26,51,0,"closed",FALSE
"06c0dd6c129d8567651081156272cfe972e52c7d",7,"existing_selectedfit_data_exact500","existing_selectedfit_data_exact500","exact500",20260808,"H0","5ceed8202960172aa96e76228cf867fbfd4e58de4e477815328d0eb892e62732","9fc531b3bcf7c6df277ab2eeab9702346f860b3c1e05aa2f162ce8e5fc76ee35","mv10_partition_quality_v1","diana_dissimilarity_v1",4,0.478155614526674,0.537822683829175,0.00620764787305611,0,5,51,0,"closed",FALSE
"06c0dd6c129d8567651081156272cfe972e52c7d",7,"existing_selectedfit_data_exact500","existing_selectedfit_data_exact500","exact500",20260808,"H0","5ceed8202960172aa96e76228cf867fbfd4e58de4e477815328d0eb892e62732","9fc531b3bcf7c6df277ab2eeab9702346f860b3c1e05aa2f162ce8e5fc76ee35","mv10_partition_quality_v1","diana_dissimilarity_v1",5,0.412080354793557,0.454990984260898,-0.189449445878213,0.0645161290322581,5,51,0,"closed",FALSE
"06c0dd6c129d8567651081156272cfe972e52c7d",7,"existing_selectedfit_data_exact500","existing_selectedfit_data_exact500","exact500",20260808,"H0","5ceed8202960172aa96e76228cf867fbfd4e58de4e477815328d0eb892e62732","9fc531b3bcf7c6df277ab2eeab9702346f860b3c1e05aa2f162ce8e5fc76ee35","mv10_partition_quality_v1","diana_dissimilarity_v1",6,0.368222178557818,0.397746208925389,-0.03709417390611,0.0241935483870968,5,33,0,"closed",FALSE
"06c0dd6c129d8567651081156272cfe972e52c7d",7,"existing_selectedfit_data_exact500","existing_selectedfit_data_exact500","exact500",20260808,"H0","5ceed8202960172aa96e76228cf867fbfd4e58de4e477815328d0eb892e62732","9fc531b3bcf7c6df277ab2eeab9702346f860b3c1e05aa2f162ce8e5fc76ee35","mv10_partition_quality_v1","diana_dissimilarity_v1",7,0.329911388326052,0.353230628437155,-0.03709417390611,0.0241935483870968,5,33,0,"closed",FALSE
"06c0dd6c129d8567651081156272cfe972e52c7d",7,"existing_selectedfit_data_exact500","existing_selectedfit_data_exact500","exact500",20260808,"H0","5ceed8202960172aa96e76228cf867fbfd4e58de4e477815328d0eb892e62732","9fc531b3bcf7c6df277ab2eeab9702346f860b3c1e05aa2f162ce8e5fc76ee35","mv10_partition_quality_v1","diana_dissimilarity_v1",8,0.304958871565205,0.32838090171083,-0.236972184173354,0.0645161290322581,5,33,0,"closed",FALSE
"06c0dd6c129d8567651081156272cfe972e52c7d",7,"existing_selectedfit_data_exact500","existing_selectedfit_data_exact500","exact500",20260808,"H0","5ceed8202960172aa96e76228cf867fbfd4e58de4e477815328d0eb892e62732","9fc531b3bcf7c6df277ab2eeab9702346f860b3c1e05aa2f162ce8e5fc76ee35","mv10_partition_quality_v1","diana_dissimilarity_v1",9,0.31105236590069,0.332230640755246,-0.236972184173354,0.0725806451612903,5,33,0,"closed",FALSE
"06c0dd6c129d8567651081156272cfe972e52c7d",7,"existing_selectedfit_data_exact500","existing_selectedfit_data_exact500","exact500",20260808,"H0","5ceed8202960172aa96e76228cf867fbfd4e58de4e477815328d0eb892e62732","9fc531b3bcf7c6df277ab2eeab9702346f860b3c1e05aa2f162ce8e5fc76ee35","mv10_partition_quality_v1","diana_dissimilarity_v1",10,0.31208753131115,0.335435163114492,-0.236972184173354,0.0725806451612903,2,33,0,"closed",FALSE
"06c0dd6c129d8567651081156272cfe972e52c7d",8,"existing_selectedfit_data_exact500","existing_selectedfit_data_exact500","exact500",20260808,"H1","b4fe5107de9d51f3069be57caf8e966b7e56f8e34500dd079d5764e8981eb9c4","9fc531b3bcf7c6df277ab2eeab9702346f860b3c1e05aa2f162ce8e5fc76ee35","mv10_partition_quality_v1","pam_dissimilarity_v1",2,0.358933819315175,0.406586544526698,-0.094798084907228,0.0161290322580645,50,74,0,"closed",FALSE
"06c0dd6c129d8567651081156272cfe972e52c7d",8,"existing_selectedfit_data_exact500","existing_selectedfit_data_exact500","exact500",20260808,"H1","b4fe5107de9d51f3069be57caf8e966b7e56f8e34500dd079d5764e8981eb9c4","9fc531b3bcf7c6df277ab2eeab9702346f860b3c1e05aa2f162ce8e5fc76ee35","mv10_partition_quality_v1","pam_dissimilarity_v1",3,0.295166085918479,0.328386486078665,-0.116254012643369,0.0645161290322581,34,45,0,"closed",FALSE
"06c0dd6c129d8567651081156272cfe972e52c7d",8,"existing_selectedfit_data_exact500","existing_selectedfit_data_exact500","exact500",20260808,"H1","b4fe5107de9d51f3069be57caf8e966b7e56f8e34500dd079d5764e8981eb9c4","9fc531b3bcf7c6df277ab2eeab9702346f860b3c1e05aa2f162ce8e5fc76ee35","mv10_partition_quality_v1","pam_dissimilarity_v1",4,0.229376912214087,0.247334900325167,-0.152374873281002,0.0483870967741935,23,39,0,"closed",FALSE
"06c0dd6c129d8567651081156272cfe972e52c7d",8,"existing_selectedfit_data_exact500","existing_selectedfit_data_exact500","exact500",20260808,"H1","b4fe5107de9d51f3069be57caf8e966b7e56f8e34500dd079d5764e8981eb9c4","9fc531b3bcf7c6df277ab2eeab9702346f860b3c1e05aa2f162ce8e5fc76ee35","mv10_partition_quality_v1","pam_dissimilarity_v1",5,0.246848517070756,0.263287873076541,-0.0147132262321182,0.0161290322580645,6,35,0,"closed",FALSE
"06c0dd6c129d8567651081156272cfe972e52c7d",8,"existing_selectedfit_data_exact500","existing_selectedfit_data_exact500","exact500",20260808,"H1","b4fe5107de9d51f3069be57caf8e966b7e56f8e34500dd079d5764e8981eb9c4","9fc531b3bcf7c6df277ab2eeab9702346f860b3c1e05aa2f162ce8e5fc76ee35","mv10_partition_quality_v1","pam_dissimilarity_v1",6,0.222987653800397,0.24088560768077,-0.0630970793264558,0.0483870967741935,6,32,0,"closed",FALSE
"06c0dd6c129d8567651081156272cfe972e52c7d",8,"existing_selectedfit_data_exact500","existing_selectedfit_data_exact500","exact500",20260808,"H1","b4fe5107de9d51f3069be57caf8e966b7e56f8e34500dd079d5764e8981eb9c4","9fc531b3bcf7c6df277ab2eeab9702346f860b3c1e05aa2f162ce8e5fc76ee35","mv10_partition_quality_v1","pam_dissimilarity_v1",7,0.20276545637655,0.224160028084241,-0.132817845884899,0.0967741935483871,6,27,0,"closed",FALSE
"06c0dd6c129d8567651081156272cfe972e52c7d",8,"existing_selectedfit_data_exact500","existing_selectedfit_data_exact500","exact500",20260808,"H1","b4fe5107de9d51f3069be57caf8e966b7e56f8e34500dd079d5764e8981eb9c4","9fc531b3bcf7c6df277ab2eeab9702346f860b3c1e05aa2f162ce8e5fc76ee35","mv10_partition_quality_v1","pam_dissimilarity_v1",8,0.184917697507729,0.199601760753338,-0.132817845884899,0.112903225806452,6,27,0,"closed",FALSE
"06c0dd6c129d8567651081156272cfe972e52c7d",8,"existing_selectedfit_data_exact500","existing_selectedfit_data_exact500","exact500",20260808,"H1","b4fe5107de9d51f3069be57caf8e966b7e56f8e34500dd079d5764e8981eb9c4","9fc531b3bcf7c6df277ab2eeab9702346f860b3c1e05aa2f162ce8e5fc76ee35","mv10_partition_quality_v1","pam_dissimilarity_v1",9,0.174566447391376,0.199106275167357,-0.149926113751089,0.104838709677419,5,24,0,"closed",FALSE
"06c0dd6c129d8567651081156272cfe972e52c7d",8,"existing_selectedfit_data_exact500","existing_selectedfit_data_exact500","exact500",20260808,"H1","b4fe5107de9d51f3069be57caf8e966b7e56f8e34500dd079d5764e8981eb9c4","9fc531b3bcf7c6df277ab2eeab9702346f860b3c1e05aa2f162ce8e5fc76ee35","mv10_partition_quality_v1","pam_dissimilarity_v1",10,0.156609010877893,0.172763523201929,-0.286223429045725,0.129032258064516,5,21,0,"closed",FALSE
"06c0dd6c129d8567651081156272cfe972e52c7d",8,"existing_selectedfit_data_exact500","existing_selectedfit_data_exact500","exact500",20260808,"H1","b4fe5107de9d51f3069be57caf8e966b7e56f8e34500dd079d5764e8981eb9c4","9fc531b3bcf7c6df277ab2eeab9702346f860b3c1e05aa2f162ce8e5fc76ee35","mv10_partition_quality_v1","hclust_average_v1",2,0.411722684551977,0.470299335816672,-0.439264311088007,0.032258064516129,2,122,0,"closed",FALSE
"06c0dd6c129d8567651081156272cfe972e52c7d",8,"existing_selectedfit_data_exact500","existing_selectedfit_data_exact500","exact500",20260808,"H1","b4fe5107de9d51f3069be57caf8e966b7e56f8e34500dd079d5764e8981eb9c4","9fc531b3bcf7c6df277ab2eeab9702346f860b3c1e05aa2f162ce8e5fc76ee35","mv10_partition_quality_v1","hclust_average_v1",3,0.334737626430825,0.394246575812914,-0.238293088946886,0.0806451612903226,2,76,0,"closed",FALSE
"06c0dd6c129d8567651081156272cfe972e52c7d",8,"existing_selectedfit_data_exact500","existing_selectedfit_data_exact500","exact500",20260808,"H1","b4fe5107de9d51f3069be57caf8e966b7e56f8e34500dd079d5764e8981eb9c4","9fc531b3bcf7c6df277ab2eeab9702346f860b3c1e05aa2f162ce8e5fc76ee35","mv10_partition_quality_v1","hclust_average_v1",4,0.308136074333032,0.367628178373318,-0.236462359280078,0.104838709677419,1,76,1,"closed",FALSE
"06c0dd6c129d8567651081156272cfe972e52c7d",8,"existing_selectedfit_data_exact500","existing_selectedfit_data_exact500","exact500",20260808,"H1","b4fe5107de9d51f3069be57caf8e966b7e56f8e34500dd079d5764e8981eb9c4","9fc531b3bcf7c6df277ab2eeab9702346f860b3c1e05aa2f162ce8e5fc76ee35","mv10_partition_quality_v1","hclust_average_v1",5,0.286729815573456,0.328087853162561,-0.236462359280078,0.0564516129032258,1,49,1,"closed",FALSE
"06c0dd6c129d8567651081156272cfe972e52c7d",8,"existing_selectedfit_data_exact500","existing_selectedfit_data_exact500","exact500",20260808,"H1","b4fe5107de9d51f3069be57caf8e966b7e56f8e34500dd079d5764e8981eb9c4","9fc531b3bcf7c6df277ab2eeab9702346f860b3c1e05aa2f162ce8e5fc76ee35","mv10_partition_quality_v1","hclust_average_v1",6,0.250579648270745,0.268987477343636,-0.236462359280078,0.0725806451612903,1,49,1,"closed",FALSE
"06c0dd6c129d8567651081156272cfe972e52c7d",8,"existing_selectedfit_data_exact500","existing_selectedfit_data_exact500","exact500",20260808,"H1","b4fe5107de9d51f3069be57caf8e966b7e56f8e34500dd079d5764e8981eb9c4","9fc531b3bcf7c6df277ab2eeab9702346f860b3c1e05aa2f162ce8e5fc76ee35","mv10_partition_quality_v1","hclust_average_v1",7,0.225314171607383,0.25110654309599,-0.146500379996093,0.0806451612903226,1,49,1,"closed",FALSE
"06c0dd6c129d8567651081156272cfe972e52c7d",8,"existing_selectedfit_data_exact500","existing_selectedfit_data_exact500","exact500",20260808,"H1","b4fe5107de9d51f3069be57caf8e966b7e56f8e34500dd079d5764e8981eb9c4","9fc531b3bcf7c6df277ab2eeab9702346f860b3c1e05aa2f162ce8e5fc76ee35","mv10_partition_quality_v1","hclust_average_v1",8,0.220609026535011,0.237907362482933,-0.179172030831504,0.0645161290322581,1,38,1,"closed",FALSE
"06c0dd6c129d8567651081156272cfe972e52c7d",8,"existing_selectedfit_data_exact500","existing_selectedfit_data_exact500","exact500",20260808,"H1","b4fe5107de9d51f3069be57caf8e966b7e56f8e34500dd079d5764e8981eb9c4","9fc531b3bcf7c6df277ab2eeab9702346f860b3c1e05aa2f162ce8e5fc76ee35","mv10_partition_quality_v1","hclust_average_v1",9,0.209329865675302,0.22949633585674,-0.179172030831504,0.0725806451612903,1,38,1,"closed",FALSE
"06c0dd6c129d8567651081156272cfe972e52c7d",8,"existing_selectedfit_data_exact500","existing_selectedfit_data_exact500","exact500",20260808,"H1","b4fe5107de9d51f3069be57caf8e966b7e56f8e34500dd079d5764e8981eb9c4","9fc531b3bcf7c6df277ab2eeab9702346f860b3c1e05aa2f162ce8e5fc76ee35","mv10_partition_quality_v1","hclust_average_v1",10,0.200361810657799,0.217222699805519,-0.25808256176208,0.0645161290322581,1,38,1,"closed",FALSE
"06c0dd6c129d8567651081156272cfe972e52c7d",8,"existing_selectedfit_data_exact500","existing_selectedfit_data_exact500","exact500",20260808,"H1","b4fe5107de9d51f3069be57caf8e966b7e56f8e34500dd079d5764e8981eb9c4","9fc531b3bcf7c6df277ab2eeab9702346f860b3c1e05aa2f162ce8e5fc76ee35","mv10_partition_quality_v1","hclust_complete_v1",2,0.355969431040626,0.398581387702708,-0.108125736595425,0.0483870967741935,45,79,0,"closed",FALSE
"06c0dd6c129d8567651081156272cfe972e52c7d",8,"existing_selectedfit_data_exact500","existing_selectedfit_data_exact500","exact500",20260808,"H1","b4fe5107de9d51f3069be57caf8e966b7e56f8e34500dd079d5764e8981eb9c4","9fc531b3bcf7c6df277ab2eeab9702346f860b3c1e05aa2f162ce8e5fc76ee35","mv10_partition_quality_v1","hclust_complete_v1",3,0.320517386461415,0.37077365238223,-0.21615087486904,0.0967741935483871,6,79,0,"closed",FALSE
"06c0dd6c129d8567651081156272cfe972e52c7d",8,"existing_selectedfit_data_exact500","existing_selectedfit_data_exact500","exact500",20260808,"H1","b4fe5107de9d51f3069be57caf8e966b7e56f8e34500dd079d5764e8981eb9c4","9fc531b3bcf7c6df277ab2eeab9702346f860b3c1e05aa2f162ce8e5fc76ee35","mv10_partition_quality_v1","hclust_complete_v1",4,0.314226322559747,0.330523451298134,0.0100215717013757,0,6,52,0,"closed",FALSE
"06c0dd6c129d8567651081156272cfe972e52c7d",8,"existing_selectedfit_data_exact500","existing_selectedfit_data_exact500","exact500",20260808,"H1","b4fe5107de9d51f3069be57caf8e966b7e56f8e34500dd079d5764e8981eb9c4","9fc531b3bcf7c6df277ab2eeab9702346f860b3c1e05aa2f162ce8e5fc76ee35","mv10_partition_quality_v1","hclust_complete_v1",5,0.302171232586756,0.329822190300496,-0.0455608201635089,0.00806451612903226,1,52,1,"closed",FALSE
"06c0dd6c129d8567651081156272cfe972e52c7d",8,"existing_selectedfit_data_exact500","existing_selectedfit_data_exact500","exact500",20260808,"H1","b4fe5107de9d51f3069be57caf8e966b7e56f8e34500dd079d5764e8981eb9c4","9fc531b3bcf7c6df277ab2eeab9702346f860b3c1e05aa2f162ce8e5fc76ee35","mv10_partition_quality_v1","hclust_complete_v1",6,0.2291285919592,0.253722735296689,-0.2176940817553,0.0645161290322581,1,39,1,"closed",FALSE
"06c0dd6c129d8567651081156272cfe972e52c7d",8,"existing_selectedfit_data_exact500","existing_selectedfit_data_exact500","exact500",20260808,"H1","b4fe5107de9d51f3069be57caf8e966b7e56f8e34500dd079d5764e8981eb9c4","9fc531b3bcf7c6df277ab2eeab9702346f860b3c1e05aa2f162ce8e5fc76ee35","mv10_partition_quality_v1","hclust_complete_v1",7,0.196202914515038,0.204214286498631,-0.2176940817553,0.0887096774193548,1,39,1,"closed",FALSE
"06c0dd6c129d8567651081156272cfe972e52c7d",8,"existing_selectedfit_data_exact500","existing_selectedfit_data_exact500","exact500",20260808,"H1","b4fe5107de9d51f3069be57caf8e966b7e56f8e34500dd079d5764e8981eb9c4","9fc531b3bcf7c6df277ab2eeab9702346f860b3c1e05aa2f162ce8e5fc76ee35","mv10_partition_quality_v1","hclust_complete_v1",8,0.172779331707184,0.185545472248122,-0.2176940817553,0.104838709677419,1,39,1,"closed",FALSE
"06c0dd6c129d8567651081156272cfe972e52c7d",8,"existing_selectedfit_data_exact500","existing_selectedfit_data_exact500","exact500",20260808,"H1","b4fe5107de9d51f3069be57caf8e966b7e56f8e34500dd079d5764e8981eb9c4","9fc531b3bcf7c6df277ab2eeab9702346f860b3c1e05aa2f162ce8e5fc76ee35","mv10_partition_quality_v1","hclust_complete_v1",9,0.179237929482727,0.183826009156386,-0.168014245703344,0.0806451612903226,1,30,1,"closed",FALSE
"06c0dd6c129d8567651081156272cfe972e52c7d",8,"existing_selectedfit_data_exact500","existing_selectedfit_data_exact500","exact500",20260808,"H1","b4fe5107de9d51f3069be57caf8e966b7e56f8e34500dd079d5764e8981eb9c4","9fc531b3bcf7c6df277ab2eeab9702346f860b3c1e05aa2f162ce8e5fc76ee35","mv10_partition_quality_v1","hclust_complete_v1",10,0.176980842496744,0.176666256068863,-0.168014245703344,0.0806451612903226,1,30,1,"closed",FALSE
"06c0dd6c129d8567651081156272cfe972e52c7d",8,"existing_selectedfit_data_exact500","existing_selectedfit_data_exact500","exact500",20260808,"H1","b4fe5107de9d51f3069be57caf8e966b7e56f8e34500dd079d5764e8981eb9c4","9fc531b3bcf7c6df277ab2eeab9702346f860b3c1e05aa2f162ce8e5fc76ee35","mv10_partition_quality_v1","hclust_single_diagnostic_v1",2,0.357137805460727,0.481586236201831,-0.453964164124562,0.129032258064516,1,123,1,"closed",FALSE
"06c0dd6c129d8567651081156272cfe972e52c7d",8,"existing_selectedfit_data_exact500","existing_selectedfit_data_exact500","exact500",20260808,"H1","b4fe5107de9d51f3069be57caf8e966b7e56f8e34500dd079d5764e8981eb9c4","9fc531b3bcf7c6df277ab2eeab9702346f860b3c1e05aa2f162ce8e5fc76ee35","mv10_partition_quality_v1","hclust_single_diagnostic_v1",3,0.0219248859837834,0.0960245556023556,-0.497476494294819,0.419354838709677,1,122,2,"closed",FALSE
"06c0dd6c129d8567651081156272cfe972e52c7d",8,"existing_selectedfit_data_exact500","existing_selectedfit_data_exact500","exact500",20260808,"H1","b4fe5107de9d51f3069be57caf8e966b7e56f8e34500dd079d5764e8981eb9c4","9fc531b3bcf7c6df277ab2eeab9702346f860b3c1e05aa2f162ce8e5fc76ee35","mv10_partition_quality_v1","hclust_single_diagnostic_v1",4,0.0498210659264786,0.137106138845332,-0.464814916733353,0.379032258064516,1,118,2,"closed",FALSE
"06c0dd6c129d8567651081156272cfe972e52c7d",8,"existing_selectedfit_data_exact500","existing_selectedfit_data_exact500","exact500",20260808,"H1","b4fe5107de9d51f3069be57caf8e966b7e56f8e34500dd079d5764e8981eb9c4","9fc531b3bcf7c6df277ab2eeab9702346f860b3c1e05aa2f162ce8e5fc76ee35","mv10_partition_quality_v1","hclust_single_diagnostic_v1",5,0.0378958742654521,0.128765106350224,-0.495469035585062,0.370967741935484,1,117,3,"closed",FALSE
"06c0dd6c129d8567651081156272cfe972e52c7d",8,"existing_selectedfit_data_exact500","existing_selectedfit_data_exact500","exact500",20260808,"H1","b4fe5107de9d51f3069be57caf8e966b7e56f8e34500dd079d5764e8981eb9c4","9fc531b3bcf7c6df277ab2eeab9702346f860b3c1e05aa2f162ce8e5fc76ee35","mv10_partition_quality_v1","hclust_single_diagnostic_v1",6,0.058210458707486,0.146931540863172,-0.489406794925927,0.346774193548387,1,115,3,"closed",FALSE
"06c0dd6c129d8567651081156272cfe972e52c7d",8,"existing_selectedfit_data_exact500","existing_selectedfit_data_exact500","exact500",20260808,"H1","b4fe5107de9d51f3069be57caf8e966b7e56f8e34500dd079d5764e8981eb9c4","9fc531b3bcf7c6df277ab2eeab9702346f860b3c1e05aa2f162ce8e5fc76ee35","mv10_partition_quality_v1","hclust_single_diagnostic_v1",7,0.0616705067069926,0.148639585261719,-0.547731332989993,0.338709677419355,1,114,4,"closed",FALSE
"06c0dd6c129d8567651081156272cfe972e52c7d",8,"existing_selectedfit_data_exact500","existing_selectedfit_data_exact500","exact500",20260808,"H1","b4fe5107de9d51f3069be57caf8e966b7e56f8e34500dd079d5764e8981eb9c4","9fc531b3bcf7c6df277ab2eeab9702346f860b3c1e05aa2f162ce8e5fc76ee35","mv10_partition_quality_v1","hclust_single_diagnostic_v1",8,0.0421224890071989,0.123944748898638,-0.583236229602052,0.362903225806452,1,114,6,"closed",FALSE
"06c0dd6c129d8567651081156272cfe972e52c7d",8,"existing_selectedfit_data_exact500","existing_selectedfit_data_exact500","exact500",20260808,"H1","b4fe5107de9d51f3069be57caf8e966b7e56f8e34500dd079d5764e8981eb9c4","9fc531b3bcf7c6df277ab2eeab9702346f860b3c1e05aa2f162ce8e5fc76ee35","mv10_partition_quality_v1","hclust_single_diagnostic_v1",9,0.0285234683557126,0.0875715877432525,-0.581697654617345,0.362903225806452,1,113,7,"closed",FALSE
"06c0dd6c129d8567651081156272cfe972e52c7d",8,"existing_selectedfit_data_exact500","existing_selectedfit_data_exact500","exact500",20260808,"H1","b4fe5107de9d51f3069be57caf8e966b7e56f8e34500dd079d5764e8981eb9c4","9fc531b3bcf7c6df277ab2eeab9702346f860b3c1e05aa2f162ce8e5fc76ee35","mv10_partition_quality_v1","hclust_single_diagnostic_v1",10,0.0172438516773346,0.0703630825533053,-0.581697654617345,0.370967741935484,1,113,8,"closed",FALSE
"06c0dd6c129d8567651081156272cfe972e52c7d",8,"existing_selectedfit_data_exact500","existing_selectedfit_data_exact500","exact500",20260808,"H1","b4fe5107de9d51f3069be57caf8e966b7e56f8e34500dd079d5764e8981eb9c4","9fc531b3bcf7c6df277ab2eeab9702346f860b3c1e05aa2f162ce8e5fc76ee35","mv10_partition_quality_v1","diana_dissimilarity_v1",2,0.353239944373459,0.40264925274492,0.0261546495965724,0,57,67,0,"closed",FALSE
"06c0dd6c129d8567651081156272cfe972e52c7d",8,"existing_selectedfit_data_exact500","existing_selectedfit_data_exact500","exact500",20260808,"H1","b4fe5107de9d51f3069be57caf8e966b7e56f8e34500dd079d5764e8981eb9c4","9fc531b3bcf7c6df277ab2eeab9702346f860b3c1e05aa2f162ce8e5fc76ee35","mv10_partition_quality_v1","diana_dissimilarity_v1",3,0.325602023829017,0.358839901604695,-0.0787165976081591,0.032258064516129,6,67,0,"closed",FALSE
"06c0dd6c129d8567651081156272cfe972e52c7d",8,"existing_selectedfit_data_exact500","existing_selectedfit_data_exact500","exact500",20260808,"H1","b4fe5107de9d51f3069be57caf8e966b7e56f8e34500dd079d5764e8981eb9c4","9fc531b3bcf7c6df277ab2eeab9702346f860b3c1e05aa2f162ce8e5fc76ee35","mv10_partition_quality_v1","diana_dissimilarity_v1",4,0.291549666920876,0.311083124946404,-0.138238603719057,0.0483870967741935,6,51,0,"closed",FALSE
"06c0dd6c129d8567651081156272cfe972e52c7d",8,"existing_selectedfit_data_exact500","existing_selectedfit_data_exact500","exact500",20260808,"H1","b4fe5107de9d51f3069be57caf8e966b7e56f8e34500dd079d5764e8981eb9c4","9fc531b3bcf7c6df277ab2eeab9702346f860b3c1e05aa2f162ce8e5fc76ee35","mv10_partition_quality_v1","diana_dissimilarity_v1",5,0.275289603629136,0.303365431562016,-0.153863109419807,0.0564516129032258,1,51,1,"closed",FALSE
"06c0dd6c129d8567651081156272cfe972e52c7d",8,"existing_selectedfit_data_exact500","existing_selectedfit_data_exact500","exact500",20260808,"H1","b4fe5107de9d51f3069be57caf8e966b7e56f8e34500dd079d5764e8981eb9c4","9fc531b3bcf7c6df277ab2eeab9702346f860b3c1e05aa2f162ce8e5fc76ee35","mv10_partition_quality_v1","diana_dissimilarity_v1",6,0.229511814922215,0.241164087742882,-0.0881386137370698,0.032258064516129,1,40,1,"closed",FALSE
"06c0dd6c129d8567651081156272cfe972e52c7d",8,"existing_selectedfit_data_exact500","existing_selectedfit_data_exact500","exact500",20260808,"H1","b4fe5107de9d51f3069be57caf8e966b7e56f8e34500dd079d5764e8981eb9c4","9fc531b3bcf7c6df277ab2eeab9702346f860b3c1e05aa2f162ce8e5fc76ee35","mv10_partition_quality_v1","diana_dissimilarity_v1",7,0.191647999214518,0.187028010716215,-0.0881386137370698,0.032258064516129,1,40,1,"closed",FALSE
"06c0dd6c129d8567651081156272cfe972e52c7d",8,"existing_selectedfit_data_exact500","existing_selectedfit_data_exact500","exact500",20260808,"H1","b4fe5107de9d51f3069be57caf8e966b7e56f8e34500dd079d5764e8981eb9c4","9fc531b3bcf7c6df277ab2eeab9702346f860b3c1e05aa2f162ce8e5fc76ee35","mv10_partition_quality_v1","diana_dissimilarity_v1",8,0.188223389637572,0.176991000857534,0,0,1,29,1,"closed",FALSE
"06c0dd6c129d8567651081156272cfe972e52c7d",8,"existing_selectedfit_data_exact500","existing_selectedfit_data_exact500","exact500",20260808,"H1","b4fe5107de9d51f3069be57caf8e966b7e56f8e34500dd079d5764e8981eb9c4","9fc531b3bcf7c6df277ab2eeab9702346f860b3c1e05aa2f162ce8e5fc76ee35","mv10_partition_quality_v1","diana_dissimilarity_v1",9,0.182027447605211,0.16253962144223,-0.199661224460957,0.0241935483870968,1,29,1,"closed",FALSE
"06c0dd6c129d8567651081156272cfe972e52c7d",8,"existing_selectedfit_data_exact500","existing_selectedfit_data_exact500","exact500",20260808,"H1","b4fe5107de9d51f3069be57caf8e966b7e56f8e34500dd079d5764e8981eb9c4","9fc531b3bcf7c6df277ab2eeab9702346f860b3c1e05aa2f162ce8e5fc76ee35","mv10_partition_quality_v1","diana_dissimilarity_v1",10,0.180358272966792,0.16253962144223,-0.199661224460957,0.0241935483870968,1,29,1,"closed",FALSE
"06c0dd6c129d8567651081156272cfe972e52c7d",9,"existing_selectedfit_data_exact500","existing_selectedfit_data_exact500","exact500",20260809,"H0","513bf7635e65642140a02d0cd5181548671fe9851d6a8f9134f38c55b0ab0377","9fc531b3bcf7c6df277ab2eeab9702346f860b3c1e05aa2f162ce8e5fc76ee35","mv10_partition_quality_v1","pam_dissimilarity_v1",2,0.610976518212084,0.670656222824981,0.00792908013213407,0,29,95,0,"closed",FALSE
"06c0dd6c129d8567651081156272cfe972e52c7d",9,"existing_selectedfit_data_exact500","existing_selectedfit_data_exact500","exact500",20260809,"H0","513bf7635e65642140a02d0cd5181548671fe9851d6a8f9134f38c55b0ab0377","9fc531b3bcf7c6df277ab2eeab9702346f860b3c1e05aa2f162ce8e5fc76ee35","mv10_partition_quality_v1","pam_dissimilarity_v1",3,0.478530890803927,0.53819461545966,-0.114330439204076,0.00806451612903226,27,59,0,"closed",FALSE
"06c0dd6c129d8567651081156272cfe972e52c7d",9,"existing_selectedfit_data_exact500","existing_selectedfit_data_exact500","exact500",20260809,"H0","513bf7635e65642140a02d0cd5181548671fe9851d6a8f9134f38c55b0ab0377","9fc531b3bcf7c6df277ab2eeab9702346f860b3c1e05aa2f162ce8e5fc76ee35","mv10_partition_quality_v1","pam_dissimilarity_v1",4,0.405403469039477,0.475287149862222,-0.212587452426277,0.0241935483870968,17,45,0,"closed",FALSE
"06c0dd6c129d8567651081156272cfe972e52c7d",9,"existing_selectedfit_data_exact500","existing_selectedfit_data_exact500","exact500",20260809,"H0","513bf7635e65642140a02d0cd5181548671fe9851d6a8f9134f38c55b0ab0377","9fc531b3bcf7c6df277ab2eeab9702346f860b3c1e05aa2f162ce8e5fc76ee35","mv10_partition_quality_v1","pam_dissimilarity_v1",5,0.43306230807085,0.481837478426415,-0.000246734108295184,0.00806451612903226,5,45,0,"closed",FALSE
"06c0dd6c129d8567651081156272cfe972e52c7d",9,"existing_selectedfit_data_exact500","existing_selectedfit_data_exact500","exact500",20260809,"H0","513bf7635e65642140a02d0cd5181548671fe9851d6a8f9134f38c55b0ab0377","9fc531b3bcf7c6df277ab2eeab9702346f860b3c1e05aa2f162ce8e5fc76ee35","mv10_partition_quality_v1","pam_dissimilarity_v1",6,0.39824367416204,0.445612512878197,-0.0198249408442384,0.00806451612903226,5,44,0,"closed",FALSE
"06c0dd6c129d8567651081156272cfe972e52c7d",9,"existing_selectedfit_data_exact500","existing_selectedfit_data_exact500","exact500",20260809,"H0","513bf7635e65642140a02d0cd5181548671fe9851d6a8f9134f38c55b0ab0377","9fc531b3bcf7c6df277ab2eeab9702346f860b3c1e05aa2f162ce8e5fc76ee35","mv10_partition_quality_v1","pam_dissimilarity_v1",7,0.353987658002044,0.371642418399923,-0.122654149558093,0.0483870967741935,5,33,0,"closed",FALSE
"06c0dd6c129d8567651081156272cfe972e52c7d",9,"existing_selectedfit_data_exact500","existing_selectedfit_data_exact500","exact500",20260809,"H0","513bf7635e65642140a02d0cd5181548671fe9851d6a8f9134f38c55b0ab0377","9fc531b3bcf7c6df277ab2eeab9702346f860b3c1e05aa2f162ce8e5fc76ee35","mv10_partition_quality_v1","pam_dissimilarity_v1",8,0.363430400583093,0.403308558098665,-0.135892286809215,0.0483870967741935,5,24,0,"closed",FALSE
"06c0dd6c129d8567651081156272cfe972e52c7d",9,"existing_selectedfit_data_exact500","existing_selectedfit_data_exact500","exact500",20260809,"H0","513bf7635e65642140a02d0cd5181548671fe9851d6a8f9134f38c55b0ab0377","9fc531b3bcf7c6df277ab2eeab9702346f860b3c1e05aa2f162ce8e5fc76ee35","mv10_partition_quality_v1","pam_dissimilarity_v1",9,0.335928084946873,0.370101566460404,-0.135892286809215,0.0564516129032258,5,24,0,"closed",FALSE
"06c0dd6c129d8567651081156272cfe972e52c7d",9,"existing_selectedfit_data_exact500","existing_selectedfit_data_exact500","exact500",20260809,"H0","513bf7635e65642140a02d0cd5181548671fe9851d6a8f9134f38c55b0ab0377","9fc531b3bcf7c6df277ab2eeab9702346f860b3c1e05aa2f162ce8e5fc76ee35","mv10_partition_quality_v1","pam_dissimilarity_v1",10,0.350980950460559,0.379001413016652,-0.264236403557531,0.0483870967741935,5,24,0,"closed",FALSE
"06c0dd6c129d8567651081156272cfe972e52c7d",9,"existing_selectedfit_data_exact500","existing_selectedfit_data_exact500","exact500",20260809,"H0","513bf7635e65642140a02d0cd5181548671fe9851d6a8f9134f38c55b0ab0377","9fc531b3bcf7c6df277ab2eeab9702346f860b3c1e05aa2f162ce8e5fc76ee35","mv10_partition_quality_v1","hclust_average_v1",2,0.618849289121941,0.68049494716506,-0.158698520501539,0.00806451612903226,26,98,0,"closed",FALSE
"06c0dd6c129d8567651081156272cfe972e52c7d",9,"existing_selectedfit_data_exact500","existing_selectedfit_data_exact500","exact500",20260809,"H0","513bf7635e65642140a02d0cd5181548671fe9851d6a8f9134f38c55b0ab0377","9fc531b3bcf7c6df277ab2eeab9702346f860b3c1e05aa2f162ce8e5fc76ee35","mv10_partition_quality_v1","hclust_average_v1",3,0.458208831023211,0.56960342506319,-0.605520262663196,0.0887096774193548,1,97,1,"closed",FALSE
"06c0dd6c129d8567651081156272cfe972e52c7d",9,"existing_selectedfit_data_exact500","existing_selectedfit_data_exact500","exact500",20260809,"H0","513bf7635e65642140a02d0cd5181548671fe9851d6a8f9134f38c55b0ab0377","9fc531b3bcf7c6df277ab2eeab9702346f860b3c1e05aa2f162ce8e5fc76ee35","mv10_partition_quality_v1","hclust_average_v1",4,0.433322597159967,0.55558872999683,-0.605520262663196,0.112903225806452,1,97,1,"closed",FALSE
"06c0dd6c129d8567651081156272cfe972e52c7d",9,"existing_selectedfit_data_exact500","existing_selectedfit_data_exact500","exact500",20260809,"H0","513bf7635e65642140a02d0cd5181548671fe9851d6a8f9134f38c55b0ab0377","9fc531b3bcf7c6df277ab2eeab9702346f860b3c1e05aa2f162ce8e5fc76ee35","mv10_partition_quality_v1","hclust_average_v1",5,0.447211872895241,0.504742339932939,-0.291168440815516,0.0403225806451613,1,61,1,"closed",FALSE
"06c0dd6c129d8567651081156272cfe972e52c7d",9,"existing_selectedfit_data_exact500","existing_selectedfit_data_exact500","exact500",20260809,"H0","513bf7635e65642140a02d0cd5181548671fe9851d6a8f9134f38c55b0ab0377","9fc531b3bcf7c6df277ab2eeab9702346f860b3c1e05aa2f162ce8e5fc76ee35","mv10_partition_quality_v1","hclust_average_v1",6,0.404173884261236,0.452710739368479,-0.291168440815516,0.0483870967741935,1,47,1,"closed",FALSE
"06c0dd6c129d8567651081156272cfe972e52c7d",9,"existing_selectedfit_data_exact500","existing_selectedfit_data_exact500","exact500",20260809,"H0","513bf7635e65642140a02d0cd5181548671fe9851d6a8f9134f38c55b0ab0377","9fc531b3bcf7c6df277ab2eeab9702346f860b3c1e05aa2f162ce8e5fc76ee35","mv10_partition_quality_v1","hclust_average_v1",7,0.378393440300793,0.430110322301887,-0.291168440815516,0.0403225806451613,1,47,1,"closed",FALSE
"06c0dd6c129d8567651081156272cfe972e52c7d",9,"existing_selectedfit_data_exact500","existing_selectedfit_data_exact500","exact500",20260809,"H0","513bf7635e65642140a02d0cd5181548671fe9851d6a8f9134f38c55b0ab0377","9fc531b3bcf7c6df277ab2eeab9702346f860b3c1e05aa2f162ce8e5fc76ee35","mv10_partition_quality_v1","hclust_average_v1",8,0.374092583408247,0.428834696213532,-0.291168440815516,0.0403225806451613,1,47,1,"closed",FALSE
"06c0dd6c129d8567651081156272cfe972e52c7d",9,"existing_selectedfit_data_exact500","existing_selectedfit_data_exact500","exact500",20260809,"H0","513bf7635e65642140a02d0cd5181548671fe9851d6a8f9134f38c55b0ab0377","9fc531b3bcf7c6df277ab2eeab9702346f860b3c1e05aa2f162ce8e5fc76ee35","mv10_partition_quality_v1","hclust_average_v1",9,0.389581291263453,0.439806773832746,-0.291168440815516,0.0403225806451613,1,47,1,"closed",FALSE
"06c0dd6c129d8567651081156272cfe972e52c7d",9,"existing_selectedfit_data_exact500","existing_selectedfit_data_exact500","exact500",20260809,"H0","513bf7635e65642140a02d0cd5181548671fe9851d6a8f9134f38c55b0ab0377","9fc531b3bcf7c6df277ab2eeab9702346f860b3c1e05aa2f162ce8e5fc76ee35","mv10_partition_quality_v1","hclust_average_v1",10,0.383140835505475,0.434255909696783,-0.291168440815516,0.0403225806451613,1,47,2,"closed",FALSE
"06c0dd6c129d8567651081156272cfe972e52c7d",9,"existing_selectedfit_data_exact500","existing_selectedfit_data_exact500","exact500",20260809,"H0","513bf7635e65642140a02d0cd5181548671fe9851d6a8f9134f38c55b0ab0377","9fc531b3bcf7c6df277ab2eeab9702346f860b3c1e05aa2f162ce8e5fc76ee35","mv10_partition_quality_v1","hclust_complete_v1",2,0.618849289121941,0.68049494716506,-0.158698520501539,0.00806451612903226,26,98,0,"closed",FALSE
"06c0dd6c129d8567651081156272cfe972e52c7d",9,"existing_selectedfit_data_exact500","existing_selectedfit_data_exact500","exact500",20260809,"H0","513bf7635e65642140a02d0cd5181548671fe9851d6a8f9134f38c55b0ab0377","9fc531b3bcf7c6df277ab2eeab9702346f860b3c1e05aa2f162ce8e5fc76ee35","mv10_partition_quality_v1","hclust_complete_v1",3,0.477787341832322,0.534004705746487,-0.224918486830653,0.0161290322580645,26,62,0,"closed",FALSE
"06c0dd6c129d8567651081156272cfe972e52c7d",9,"existing_selectedfit_data_exact500","existing_selectedfit_data_exact500","exact500",20260809,"H0","513bf7635e65642140a02d0cd5181548671fe9851d6a8f9134f38c55b0ab0377","9fc531b3bcf7c6df277ab2eeab9702346f860b3c1e05aa2f162ce8e5fc76ee35","mv10_partition_quality_v1","hclust_complete_v1",4,0.478829971998877,0.536884062312626,-0.224918486830653,0.0241935483870968,5,62,0,"closed",FALSE
"06c0dd6c129d8567651081156272cfe972e52c7d",9,"existing_selectedfit_data_exact500","existing_selectedfit_data_exact500","exact500",20260809,"H0","513bf7635e65642140a02d0cd5181548671fe9851d6a8f9134f38c55b0ab0377","9fc531b3bcf7c6df277ab2eeab9702346f860b3c1e05aa2f162ce8e5fc76ee35","mv10_partition_quality_v1","hclust_complete_v1",5,0.427327166282457,0.480326131582292,-0.181254867059131,0.032258064516129,5,47,0,"closed",FALSE
"06c0dd6c129d8567651081156272cfe972e52c7d",9,"existing_selectedfit_data_exact500","existing_selectedfit_data_exact500","exact500",20260809,"H0","513bf7635e65642140a02d0cd5181548671fe9851d6a8f9134f38c55b0ab0377","9fc531b3bcf7c6df277ab2eeab9702346f860b3c1e05aa2f162ce8e5fc76ee35","mv10_partition_quality_v1","hclust_complete_v1",6,0.400590384414277,0.450308808748031,-0.181254867059131,0.032258064516129,4,47,0,"closed",FALSE
"06c0dd6c129d8567651081156272cfe972e52c7d",9,"existing_selectedfit_data_exact500","existing_selectedfit_data_exact500","exact500",20260809,"H0","513bf7635e65642140a02d0cd5181548671fe9851d6a8f9134f38c55b0ab0377","9fc531b3bcf7c6df277ab2eeab9702346f860b3c1e05aa2f162ce8e5fc76ee35","mv10_partition_quality_v1","hclust_complete_v1",7,0.369963253496571,0.411307542734797,-0.181254867059131,0.032258064516129,4,47,0,"closed",FALSE
"06c0dd6c129d8567651081156272cfe972e52c7d",9,"existing_selectedfit_data_exact500","existing_selectedfit_data_exact500","exact500",20260809,"H0","513bf7635e65642140a02d0cd5181548671fe9851d6a8f9134f38c55b0ab0377","9fc531b3bcf7c6df277ab2eeab9702346f860b3c1e05aa2f162ce8e5fc76ee35","mv10_partition_quality_v1","hclust_complete_v1",8,0.388539486685586,0.424556901749765,-0.181254867059131,0.0241935483870968,4,47,0,"closed",FALSE
"06c0dd6c129d8567651081156272cfe972e52c7d",9,"existing_selectedfit_data_exact500","existing_selectedfit_data_exact500","exact500",20260809,"H0","513bf7635e65642140a02d0cd5181548671fe9851d6a8f9134f38c55b0ab0377","9fc531b3bcf7c6df277ab2eeab9702346f860b3c1e05aa2f162ce8e5fc76ee35","mv10_partition_quality_v1","hclust_complete_v1",9,0.327779864422994,0.340611754098755,-0.0920309079024111,0.032258064516129,4,32,0,"closed",FALSE
"06c0dd6c129d8567651081156272cfe972e52c7d",9,"existing_selectedfit_data_exact500","existing_selectedfit_data_exact500","exact500",20260809,"H0","513bf7635e65642140a02d0cd5181548671fe9851d6a8f9134f38c55b0ab0377","9fc531b3bcf7c6df277ab2eeab9702346f860b3c1e05aa2f162ce8e5fc76ee35","mv10_partition_quality_v1","hclust_complete_v1",10,0.340609410535984,0.378290210185685,-0.251891306719898,0.0483870967741935,4,32,0,"closed",FALSE
"06c0dd6c129d8567651081156272cfe972e52c7d",9,"existing_selectedfit_data_exact500","existing_selectedfit_data_exact500","exact500",20260809,"H0","513bf7635e65642140a02d0cd5181548671fe9851d6a8f9134f38c55b0ab0377","9fc531b3bcf7c6df277ab2eeab9702346f860b3c1e05aa2f162ce8e5fc76ee35","mv10_partition_quality_v1","hclust_single_diagnostic_v1",2,0.575141683328461,0.716313473487899,-0.566142627345528,0.0887096774193548,5,119,0,"closed",FALSE
"06c0dd6c129d8567651081156272cfe972e52c7d",9,"existing_selectedfit_data_exact500","existing_selectedfit_data_exact500","exact500",20260809,"H0","513bf7635e65642140a02d0cd5181548671fe9851d6a8f9134f38c55b0ab0377","9fc531b3bcf7c6df277ab2eeab9702346f860b3c1e05aa2f162ce8e5fc76ee35","mv10_partition_quality_v1","hclust_single_diagnostic_v1",3,0.526026442691185,0.692111174326624,-0.667199809457306,0.120967741935484,2,119,0,"closed",FALSE
"06c0dd6c129d8567651081156272cfe972e52c7d",9,"existing_selectedfit_data_exact500","existing_selectedfit_data_exact500","exact500",20260809,"H0","513bf7635e65642140a02d0cd5181548671fe9851d6a8f9134f38c55b0ab0377","9fc531b3bcf7c6df277ab2eeab9702346f860b3c1e05aa2f162ce8e5fc76ee35","mv10_partition_quality_v1","hclust_single_diagnostic_v1",4,0.250647902103265,0.433373074191043,-0.683632683158003,0.25,1,118,1,"closed",FALSE
"06c0dd6c129d8567651081156272cfe972e52c7d",9,"existing_selectedfit_data_exact500","existing_selectedfit_data_exact500","exact500",20260809,"H0","513bf7635e65642140a02d0cd5181548671fe9851d6a8f9134f38c55b0ab0377","9fc531b3bcf7c6df277ab2eeab9702346f860b3c1e05aa2f162ce8e5fc76ee35","mv10_partition_quality_v1","hclust_single_diagnostic_v1",5,0.062223642369097,0.181082099222158,-0.691818506220472,0.379032258064516,1,117,2,"closed",FALSE
"06c0dd6c129d8567651081156272cfe972e52c7d",9,"existing_selectedfit_data_exact500","existing_selectedfit_data_exact500","exact500",20260809,"H0","513bf7635e65642140a02d0cd5181548671fe9851d6a8f9134f38c55b0ab0377","9fc531b3bcf7c6df277ab2eeab9702346f860b3c1e05aa2f162ce8e5fc76ee35","mv10_partition_quality_v1","hclust_single_diagnostic_v1",6,0.0553460633742937,0.181082099222158,-0.705549001764035,0.379032258064516,1,117,3,"closed",FALSE
"06c0dd6c129d8567651081156272cfe972e52c7d",9,"existing_selectedfit_data_exact500","existing_selectedfit_data_exact500","exact500",20260809,"H0","513bf7635e65642140a02d0cd5181548671fe9851d6a8f9134f38c55b0ab0377","9fc531b3bcf7c6df277ab2eeab9702346f860b3c1e05aa2f162ce8e5fc76ee35","mv10_partition_quality_v1","hclust_single_diagnostic_v1",7,0.30664823592528,0.407850512603804,-0.605520262663196,0.185483870967742,1,97,3,"closed",FALSE
"06c0dd6c129d8567651081156272cfe972e52c7d",9,"existing_selectedfit_data_exact500","existing_selectedfit_data_exact500","exact500",20260809,"H0","513bf7635e65642140a02d0cd5181548671fe9851d6a8f9134f38c55b0ab0377","9fc531b3bcf7c6df277ab2eeab9702346f860b3c1e05aa2f162ce8e5fc76ee35","mv10_partition_quality_v1","hclust_single_diagnostic_v1",8,0.220602101998235,0.345698560958461,-0.64319939419201,0.233870967741935,1,96,4,"closed",FALSE
"06c0dd6c129d8567651081156272cfe972e52c7d",9,"existing_selectedfit_data_exact500","existing_selectedfit_data_exact500","exact500",20260809,"H0","513bf7635e65642140a02d0cd5181548671fe9851d6a8f9134f38c55b0ab0377","9fc531b3bcf7c6df277ab2eeab9702346f860b3c1e05aa2f162ce8e5fc76ee35","mv10_partition_quality_v1","hclust_single_diagnostic_v1",9,0.196449916947563,0.335047698853245,-0.64319939419201,0.274193548387097,1,96,5,"closed",FALSE
"06c0dd6c129d8567651081156272cfe972e52c7d",9,"existing_selectedfit_data_exact500","existing_selectedfit_data_exact500","exact500",20260809,"H0","513bf7635e65642140a02d0cd5181548671fe9851d6a8f9134f38c55b0ab0377","9fc531b3bcf7c6df277ab2eeab9702346f860b3c1e05aa2f162ce8e5fc76ee35","mv10_partition_quality_v1","hclust_single_diagnostic_v1",10,0.219437214651171,0.353841951063432,-0.64319939419201,0.225806451612903,1,96,5,"closed",FALSE
"06c0dd6c129d8567651081156272cfe972e52c7d",9,"existing_selectedfit_data_exact500","existing_selectedfit_data_exact500","exact500",20260809,"H0","513bf7635e65642140a02d0cd5181548671fe9851d6a8f9134f38c55b0ab0377","9fc531b3bcf7c6df277ab2eeab9702346f860b3c1e05aa2f162ce8e5fc76ee35","mv10_partition_quality_v1","diana_dissimilarity_v1",2,0.610976518212084,0.670656222824981,0.00792908013213407,0,29,95,0,"closed",FALSE
"06c0dd6c129d8567651081156272cfe972e52c7d",9,"existing_selectedfit_data_exact500","existing_selectedfit_data_exact500","exact500",20260809,"H0","513bf7635e65642140a02d0cd5181548671fe9851d6a8f9134f38c55b0ab0377","9fc531b3bcf7c6df277ab2eeab9702346f860b3c1e05aa2f162ce8e5fc76ee35","mv10_partition_quality_v1","diana_dissimilarity_v1",3,0.571422948518181,0.640605342890121,-0.172337521358979,0.0241935483870968,5,95,0,"closed",FALSE
"06c0dd6c129d8567651081156272cfe972e52c7d",9,"existing_selectedfit_data_exact500","existing_selectedfit_data_exact500","exact500",20260809,"H0","513bf7635e65642140a02d0cd5181548671fe9851d6a8f9134f38c55b0ab0377","9fc531b3bcf7c6df277ab2eeab9702346f860b3c1e05aa2f162ce8e5fc76ee35","mv10_partition_quality_v1","diana_dissimilarity_v1",4,0.481018342978455,0.544696585427983,-0.0851617205691582,0.0161290322580645,5,58,0,"closed",FALSE
"06c0dd6c129d8567651081156272cfe972e52c7d",9,"existing_selectedfit_data_exact500","existing_selectedfit_data_exact500","exact500",20260809,"H0","513bf7635e65642140a02d0cd5181548671fe9851d6a8f9134f38c55b0ab0377","9fc531b3bcf7c6df277ab2eeab9702346f860b3c1e05aa2f162ce8e5fc76ee35","mv10_partition_quality_v1","diana_dissimilarity_v1",5,0.40839376384729,0.480646579794021,-0.36688089618607,0.0403225806451613,5,58,0,"closed",FALSE
"06c0dd6c129d8567651081156272cfe972e52c7d",9,"existing_selectedfit_data_exact500","existing_selectedfit_data_exact500","exact500",20260809,"H0","513bf7635e65642140a02d0cd5181548671fe9851d6a8f9134f38c55b0ab0377","9fc531b3bcf7c6df277ab2eeab9702346f860b3c1e05aa2f162ce8e5fc76ee35","mv10_partition_quality_v1","diana_dissimilarity_v1",6,0.346743169556866,0.402597928791302,-0.36688089618607,0.0806451612903226,5,58,0,"closed",FALSE
"06c0dd6c129d8567651081156272cfe972e52c7d",9,"existing_selectedfit_data_exact500","existing_selectedfit_data_exact500","exact500",20260809,"H0","513bf7635e65642140a02d0cd5181548671fe9851d6a8f9134f38c55b0ab0377","9fc531b3bcf7c6df277ab2eeab9702346f860b3c1e05aa2f162ce8e5fc76ee35","mv10_partition_quality_v1","diana_dissimilarity_v1",7,0.342551354723839,0.363520403724584,-0.0222196459763687,0.0161290322580645,5,38,0,"closed",FALSE
"06c0dd6c129d8567651081156272cfe972e52c7d",9,"existing_selectedfit_data_exact500","existing_selectedfit_data_exact500","exact500",20260809,"H0","513bf7635e65642140a02d0cd5181548671fe9851d6a8f9134f38c55b0ab0377","9fc531b3bcf7c6df277ab2eeab9702346f860b3c1e05aa2f162ce8e5fc76ee35","mv10_partition_quality_v1","diana_dissimilarity_v1",8,0.330326137875511,0.357708317931021,-0.407679141788039,0.0241935483870968,5,38,0,"closed",FALSE
"06c0dd6c129d8567651081156272cfe972e52c7d",9,"existing_selectedfit_data_exact500","existing_selectedfit_data_exact500","exact500",20260809,"H0","513bf7635e65642140a02d0cd5181548671fe9851d6a8f9134f38c55b0ab0377","9fc531b3bcf7c6df277ab2eeab9702346f860b3c1e05aa2f162ce8e5fc76ee35","mv10_partition_quality_v1","diana_dissimilarity_v1",9,0.297634050446936,0.35006115701438,-0.407679141788039,0.0483870967741935,5,26,0,"closed",FALSE
"06c0dd6c129d8567651081156272cfe972e52c7d",9,"existing_selectedfit_data_exact500","existing_selectedfit_data_exact500","exact500",20260809,"H0","513bf7635e65642140a02d0cd5181548671fe9851d6a8f9134f38c55b0ab0377","9fc531b3bcf7c6df277ab2eeab9702346f860b3c1e05aa2f162ce8e5fc76ee35","mv10_partition_quality_v1","diana_dissimilarity_v1",10,0.291516064882974,0.342975040528018,-0.322113102968435,0.0564516129032258,1,26,1,"closed",FALSE
"06c0dd6c129d8567651081156272cfe972e52c7d",10,"existing_selectedfit_data_exact500","existing_selectedfit_data_exact500","exact500",20260809,"H1","1a672d34d9ce89052ae82d598650e1000ace69e4a09372ffda1b248aa458c2be","9fc531b3bcf7c6df277ab2eeab9702346f860b3c1e05aa2f162ce8e5fc76ee35","mv10_partition_quality_v1","pam_dissimilarity_v1",2,0.347327590123226,0.389222837006518,-0.0182100027024288,0.00806451612903226,50,74,0,"closed",FALSE
"06c0dd6c129d8567651081156272cfe972e52c7d",10,"existing_selectedfit_data_exact500","existing_selectedfit_data_exact500","exact500",20260809,"H1","1a672d34d9ce89052ae82d598650e1000ace69e4a09372ffda1b248aa458c2be","9fc531b3bcf7c6df277ab2eeab9702346f860b3c1e05aa2f162ce8e5fc76ee35","mv10_partition_quality_v1","pam_dissimilarity_v1",3,0.306201133381113,0.33293485870087,-0.0422769104055754,0.0403225806451613,32,60,0,"closed",FALSE
"06c0dd6c129d8567651081156272cfe972e52c7d",10,"existing_selectedfit_data_exact500","existing_selectedfit_data_exact500","exact500",20260809,"H1","1a672d34d9ce89052ae82d598650e1000ace69e4a09372ffda1b248aa458c2be","9fc531b3bcf7c6df277ab2eeab9702346f860b3c1e05aa2f162ce8e5fc76ee35","mv10_partition_quality_v1","pam_dissimilarity_v1",4,0.240657746981644,0.258899117801105,-0.170590240619185,0.0725806451612903,21,41,0,"closed",FALSE
"06c0dd6c129d8567651081156272cfe972e52c7d",10,"existing_selectedfit_data_exact500","existing_selectedfit_data_exact500","exact500",20260809,"H1","1a672d34d9ce89052ae82d598650e1000ace69e4a09372ffda1b248aa458c2be","9fc531b3bcf7c6df277ab2eeab9702346f860b3c1e05aa2f162ce8e5fc76ee35","mv10_partition_quality_v1","pam_dissimilarity_v1",5,0.177474950573884,0.204245662354996,-0.197570457005408,0.0806451612903226,21,28,0,"closed",FALSE
"06c0dd6c129d8567651081156272cfe972e52c7d",10,"existing_selectedfit_data_exact500","existing_selectedfit_data_exact500","exact500",20260809,"H1","1a672d34d9ce89052ae82d598650e1000ace69e4a09372ffda1b248aa458c2be","9fc531b3bcf7c6df277ab2eeab9702346f860b3c1e05aa2f162ce8e5fc76ee35","mv10_partition_quality_v1","pam_dissimilarity_v1",6,0.19193572372631,0.194589734605599,-0.123941157006733,0.0403225806451613,7,28,0,"closed",FALSE
"06c0dd6c129d8567651081156272cfe972e52c7d",10,"existing_selectedfit_data_exact500","existing_selectedfit_data_exact500","exact500",20260809,"H1","1a672d34d9ce89052ae82d598650e1000ace69e4a09372ffda1b248aa458c2be","9fc531b3bcf7c6df277ab2eeab9702346f860b3c1e05aa2f162ce8e5fc76ee35","mv10_partition_quality_v1","pam_dissimilarity_v1",7,0.174021764412613,0.177499398637608,-0.291528101622945,0.0725806451612903,7,28,0,"closed",FALSE
"06c0dd6c129d8567651081156272cfe972e52c7d",10,"existing_selectedfit_data_exact500","existing_selectedfit_data_exact500","exact500",20260809,"H1","1a672d34d9ce89052ae82d598650e1000ace69e4a09372ffda1b248aa458c2be","9fc531b3bcf7c6df277ab2eeab9702346f860b3c1e05aa2f162ce8e5fc76ee35","mv10_partition_quality_v1","pam_dissimilarity_v1",8,0.166779795692553,0.173960826159775,-0.291528101622945,0.0806451612903226,7,27,0,"closed",FALSE
"06c0dd6c129d8567651081156272cfe972e52c7d",10,"existing_selectedfit_data_exact500","existing_selectedfit_data_exact500","exact500",20260809,"H1","1a672d34d9ce89052ae82d598650e1000ace69e4a09372ffda1b248aa458c2be","9fc531b3bcf7c6df277ab2eeab9702346f860b3c1e05aa2f162ce8e5fc76ee35","mv10_partition_quality_v1","pam_dissimilarity_v1",9,0.167024807790252,0.18447450829708,-0.291528101622945,0.112903225806452,7,27,0,"closed",FALSE
"06c0dd6c129d8567651081156272cfe972e52c7d",10,"existing_selectedfit_data_exact500","existing_selectedfit_data_exact500","exact500",20260809,"H1","1a672d34d9ce89052ae82d598650e1000ace69e4a09372ffda1b248aa458c2be","9fc531b3bcf7c6df277ab2eeab9702346f860b3c1e05aa2f162ce8e5fc76ee35","mv10_partition_quality_v1","pam_dissimilarity_v1",10,0.166118539536488,0.176515479851326,-0.291528101622945,0.104838709677419,7,23,0,"closed",FALSE
"06c0dd6c129d8567651081156272cfe972e52c7d",10,"existing_selectedfit_data_exact500","existing_selectedfit_data_exact500","exact500",20260809,"H1","1a672d34d9ce89052ae82d598650e1000ace69e4a09372ffda1b248aa458c2be","9fc531b3bcf7c6df277ab2eeab9702346f860b3c1e05aa2f162ce8e5fc76ee35","mv10_partition_quality_v1","hclust_average_v1",2,0.361470970882197,0.44507500095483,-0.282403343541456,0.0806451612903226,8,116,0,"closed",FALSE
"06c0dd6c129d8567651081156272cfe972e52c7d",10,"existing_selectedfit_data_exact500","existing_selectedfit_data_exact500","exact500",20260809,"H1","1a672d34d9ce89052ae82d598650e1000ace69e4a09372ffda1b248aa458c2be","9fc531b3bcf7c6df277ab2eeab9702346f860b3c1e05aa2f162ce8e5fc76ee35","mv10_partition_quality_v1","hclust_average_v1",3,0.299687492400435,0.348313047717463,-0.248614638927484,0.0887096774193548,8,88,0,"closed",FALSE
"06c0dd6c129d8567651081156272cfe972e52c7d",10,"existing_selectedfit_data_exact500","existing_selectedfit_data_exact500","exact500",20260809,"H1","1a672d34d9ce89052ae82d598650e1000ace69e4a09372ffda1b248aa458c2be","9fc531b3bcf7c6df277ab2eeab9702346f860b3c1e05aa2f162ce8e5fc76ee35","mv10_partition_quality_v1","hclust_average_v1",4,0.269767202569973,0.300691978482673,-0.279659130370519,0.0967741935483871,2,88,0,"closed",FALSE
"06c0dd6c129d8567651081156272cfe972e52c7d",10,"existing_selectedfit_data_exact500","existing_selectedfit_data_exact500","exact500",20260809,"H1","1a672d34d9ce89052ae82d598650e1000ace69e4a09372ffda1b248aa458c2be","9fc531b3bcf7c6df277ab2eeab9702346f860b3c1e05aa2f162ce8e5fc76ee35","mv10_partition_quality_v1","hclust_average_v1",5,0.233611998960251,0.285106792679152,-0.331372289676365,0.137096774193548,2,88,0,"closed",FALSE
"06c0dd6c129d8567651081156272cfe972e52c7d",10,"existing_selectedfit_data_exact500","existing_selectedfit_data_exact500","exact500",20260809,"H1","1a672d34d9ce89052ae82d598650e1000ace69e4a09372ffda1b248aa458c2be","9fc531b3bcf7c6df277ab2eeab9702346f860b3c1e05aa2f162ce8e5fc76ee35","mv10_partition_quality_v1","hclust_average_v1",6,0.277933203873086,0.299477128883745,-0.117768834620088,0.0241935483870968,2,48,0,"closed",FALSE
"06c0dd6c129d8567651081156272cfe972e52c7d",10,"existing_selectedfit_data_exact500","existing_selectedfit_data_exact500","exact500",20260809,"H1","1a672d34d9ce89052ae82d598650e1000ace69e4a09372ffda1b248aa458c2be","9fc531b3bcf7c6df277ab2eeab9702346f860b3c1e05aa2f162ce8e5fc76ee35","mv10_partition_quality_v1","hclust_average_v1",7,0.268671168971797,0.29073928346443,-0.415979317835603,0.0483870967741935,2,48,0,"closed",FALSE
"06c0dd6c129d8567651081156272cfe972e52c7d",10,"existing_selectedfit_data_exact500","existing_selectedfit_data_exact500","exact500",20260809,"H1","1a672d34d9ce89052ae82d598650e1000ace69e4a09372ffda1b248aa458c2be","9fc531b3bcf7c6df277ab2eeab9702346f860b3c1e05aa2f162ce8e5fc76ee35","mv10_partition_quality_v1","hclust_average_v1",8,0.239754730257919,0.273892214892472,-0.406603341069967,0.0725806451612903,1,48,1,"closed",FALSE
"06c0dd6c129d8567651081156272cfe972e52c7d",10,"existing_selectedfit_data_exact500","existing_selectedfit_data_exact500","exact500",20260809,"H1","1a672d34d9ce89052ae82d598650e1000ace69e4a09372ffda1b248aa458c2be","9fc531b3bcf7c6df277ab2eeab9702346f860b3c1e05aa2f162ce8e5fc76ee35","mv10_partition_quality_v1","hclust_average_v1",9,0.218023455925127,0.242518768122451,-0.406603341069967,0.0806451612903226,1,48,1,"closed",FALSE
"06c0dd6c129d8567651081156272cfe972e52c7d",10,"existing_selectedfit_data_exact500","existing_selectedfit_data_exact500","exact500",20260809,"H1","1a672d34d9ce89052ae82d598650e1000ace69e4a09372ffda1b248aa458c2be","9fc531b3bcf7c6df277ab2eeab9702346f860b3c1e05aa2f162ce8e5fc76ee35","mv10_partition_quality_v1","hclust_average_v1",10,0.213597422031611,0.231758695698204,-0.406603341069967,0.0806451612903226,1,48,3,"closed",FALSE
"06c0dd6c129d8567651081156272cfe972e52c7d",10,"existing_selectedfit_data_exact500","existing_selectedfit_data_exact500","exact500",20260809,"H1","1a672d34d9ce89052ae82d598650e1000ace69e4a09372ffda1b248aa458c2be","9fc531b3bcf7c6df277ab2eeab9702346f860b3c1e05aa2f162ce8e5fc76ee35","mv10_partition_quality_v1","hclust_complete_v1",2,0.28387510869982,0.365786153687126,-0.365055262067105,0.129032258064516,24,100,0,"closed",FALSE
"06c0dd6c129d8567651081156272cfe972e52c7d",10,"existing_selectedfit_data_exact500","existing_selectedfit_data_exact500","exact500",20260809,"H1","1a672d34d9ce89052ae82d598650e1000ace69e4a09372ffda1b248aa458c2be","9fc531b3bcf7c6df277ab2eeab9702346f860b3c1e05aa2f162ce8e5fc76ee35","mv10_partition_quality_v1","hclust_complete_v1",3,0.283915170491962,0.33816713885211,-0.207200931846895,0.0645161290322581,24,69,0,"closed",FALSE
"06c0dd6c129d8567651081156272cfe972e52c7d",10,"existing_selectedfit_data_exact500","existing_selectedfit_data_exact500","exact500",20260809,"H1","1a672d34d9ce89052ae82d598650e1000ace69e4a09372ffda1b248aa458c2be","9fc531b3bcf7c6df277ab2eeab9702346f860b3c1e05aa2f162ce8e5fc76ee35","mv10_partition_quality_v1","hclust_complete_v1",4,0.269817134427887,0.335189557251119,-0.290516298174031,0.104838709677419,2,69,0,"closed",FALSE
"06c0dd6c129d8567651081156272cfe972e52c7d",10,"existing_selectedfit_data_exact500","existing_selectedfit_data_exact500","exact500",20260809,"H1","1a672d34d9ce89052ae82d598650e1000ace69e4a09372ffda1b248aa458c2be","9fc531b3bcf7c6df277ab2eeab9702346f860b3c1e05aa2f162ce8e5fc76ee35","mv10_partition_quality_v1","hclust_complete_v1",5,0.23792632910721,0.270543395315342,-0.283559153604953,0.0806451612903226,2,48,0,"closed",FALSE
"06c0dd6c129d8567651081156272cfe972e52c7d",10,"existing_selectedfit_data_exact500","existing_selectedfit_data_exact500","exact500",20260809,"H1","1a672d34d9ce89052ae82d598650e1000ace69e4a09372ffda1b248aa458c2be","9fc531b3bcf7c6df277ab2eeab9702346f860b3c1e05aa2f162ce8e5fc76ee35","mv10_partition_quality_v1","hclust_complete_v1",6,0.22789232692451,0.258647404644149,-0.283559153604953,0.0806451612903226,2,48,0,"closed",FALSE
"06c0dd6c129d8567651081156272cfe972e52c7d",10,"existing_selectedfit_data_exact500","existing_selectedfit_data_exact500","exact500",20260809,"H1","1a672d34d9ce89052ae82d598650e1000ace69e4a09372ffda1b248aa458c2be","9fc531b3bcf7c6df277ab2eeab9702346f860b3c1e05aa2f162ce8e5fc76ee35","mv10_partition_quality_v1","hclust_complete_v1",7,0.233949042157097,0.26384803033337,-0.283559153604953,0.0564516129032258,2,48,0,"closed",FALSE
"06c0dd6c129d8567651081156272cfe972e52c7d",10,"existing_selectedfit_data_exact500","existing_selectedfit_data_exact500","exact500",20260809,"H1","1a672d34d9ce89052ae82d598650e1000ace69e4a09372ffda1b248aa458c2be","9fc531b3bcf7c6df277ab2eeab9702346f860b3c1e05aa2f162ce8e5fc76ee35","mv10_partition_quality_v1","hclust_complete_v1",8,0.167581914726823,0.18962879980859,-0.246593845020049,0.129032258064516,2,41,0,"closed",FALSE
"06c0dd6c129d8567651081156272cfe972e52c7d",10,"existing_selectedfit_data_exact500","existing_selectedfit_data_exact500","exact500",20260809,"H1","1a672d34d9ce89052ae82d598650e1000ace69e4a09372ffda1b248aa458c2be","9fc531b3bcf7c6df277ab2eeab9702346f860b3c1e05aa2f162ce8e5fc76ee35","mv10_partition_quality_v1","hclust_complete_v1",9,0.163678792489046,0.178595249946124,-0.246593845020049,0.120967741935484,2,41,0,"closed",FALSE
"06c0dd6c129d8567651081156272cfe972e52c7d",10,"existing_selectedfit_data_exact500","existing_selectedfit_data_exact500","exact500",20260809,"H1","1a672d34d9ce89052ae82d598650e1000ace69e4a09372ffda1b248aa458c2be","9fc531b3bcf7c6df277ab2eeab9702346f860b3c1e05aa2f162ce8e5fc76ee35","mv10_partition_quality_v1","hclust_complete_v1",10,0.161348501783432,0.174180121536842,-0.246593845020049,0.137096774193548,2,41,0,"closed",FALSE
"06c0dd6c129d8567651081156272cfe972e52c7d",10,"existing_selectedfit_data_exact500","existing_selectedfit_data_exact500","exact500",20260809,"H1","1a672d34d9ce89052ae82d598650e1000ace69e4a09372ffda1b248aa458c2be","9fc531b3bcf7c6df277ab2eeab9702346f860b3c1e05aa2f162ce8e5fc76ee35","mv10_partition_quality_v1","hclust_single_diagnostic_v1",2,0.332574451527174,0.42603719085043,-0.495331196044169,0.0967741935483871,1,123,1,"closed",FALSE
"06c0dd6c129d8567651081156272cfe972e52c7d",10,"existing_selectedfit_data_exact500","existing_selectedfit_data_exact500","exact500",20260809,"H1","1a672d34d9ce89052ae82d598650e1000ace69e4a09372ffda1b248aa458c2be","9fc531b3bcf7c6df277ab2eeab9702346f860b3c1e05aa2f162ce8e5fc76ee35","mv10_partition_quality_v1","hclust_single_diagnostic_v1",3,0.298740301004668,0.417058110154754,-0.462181348384542,0.17741935483871,1,122,2,"closed",FALSE
"06c0dd6c129d8567651081156272cfe972e52c7d",10,"existing_selectedfit_data_exact500","existing_selectedfit_data_exact500","exact500",20260809,"H1","1a672d34d9ce89052ae82d598650e1000ace69e4a09372ffda1b248aa458c2be","9fc531b3bcf7c6df277ab2eeab9702346f860b3c1e05aa2f162ce8e5fc76ee35","mv10_partition_quality_v1","hclust_single_diagnostic_v1",4,0.154800026854927,0.27769934320067,-0.463379305907188,0.217741935483871,1,121,3,"closed",FALSE
"06c0dd6c129d8567651081156272cfe972e52c7d",10,"existing_selectedfit_data_exact500","existing_selectedfit_data_exact500","exact500",20260809,"H1","1a672d34d9ce89052ae82d598650e1000ace69e4a09372ffda1b248aa458c2be","9fc531b3bcf7c6df277ab2eeab9702346f860b3c1e05aa2f162ce8e5fc76ee35","mv10_partition_quality_v1","hclust_single_diagnostic_v1",5,0.142688063636235,0.252100981003427,-0.513197558887957,0.225806451612903,1,120,4,"closed",FALSE
"06c0dd6c129d8567651081156272cfe972e52c7d",10,"existing_selectedfit_data_exact500","existing_selectedfit_data_exact500","exact500",20260809,"H1","1a672d34d9ce89052ae82d598650e1000ace69e4a09372ffda1b248aa458c2be","9fc531b3bcf7c6df277ab2eeab9702346f860b3c1e05aa2f162ce8e5fc76ee35","mv10_partition_quality_v1","hclust_single_diagnostic_v1",6,0.0816472129008773,0.210532610266555,-0.514516004181236,0.306451612903226,1,119,5,"closed",FALSE
"06c0dd6c129d8567651081156272cfe972e52c7d",10,"existing_selectedfit_data_exact500","existing_selectedfit_data_exact500","exact500",20260809,"H1","1a672d34d9ce89052ae82d598650e1000ace69e4a09372ffda1b248aa458c2be","9fc531b3bcf7c6df277ab2eeab9702346f860b3c1e05aa2f162ce8e5fc76ee35","mv10_partition_quality_v1","hclust_single_diagnostic_v1",7,-0.00118695210738976,0.0510661286203765,-0.547544164367756,0.419354838709677,1,118,6,"closed",FALSE
"06c0dd6c129d8567651081156272cfe972e52c7d",10,"existing_selectedfit_data_exact500","existing_selectedfit_data_exact500","exact500",20260809,"H1","1a672d34d9ce89052ae82d598650e1000ace69e4a09372ffda1b248aa458c2be","9fc531b3bcf7c6df277ab2eeab9702346f860b3c1e05aa2f162ce8e5fc76ee35","mv10_partition_quality_v1","hclust_single_diagnostic_v1",8,0.00238963151984608,0.0557003426987441,-0.545170460998406,0.403225806451613,1,117,7,"closed",FALSE
"06c0dd6c129d8567651081156272cfe972e52c7d",10,"existing_selectedfit_data_exact500","existing_selectedfit_data_exact500","exact500",20260809,"H1","1a672d34d9ce89052ae82d598650e1000ace69e4a09372ffda1b248aa458c2be","9fc531b3bcf7c6df277ab2eeab9702346f860b3c1e05aa2f162ce8e5fc76ee35","mv10_partition_quality_v1","hclust_single_diagnostic_v1",9,0.0267276971623283,0.0837190885639223,-0.544974289323119,0.379032258064516,1,115,7,"closed",FALSE
"06c0dd6c129d8567651081156272cfe972e52c7d",10,"existing_selectedfit_data_exact500","existing_selectedfit_data_exact500","exact500",20260809,"H1","1a672d34d9ce89052ae82d598650e1000ace69e4a09372ffda1b248aa458c2be","9fc531b3bcf7c6df277ab2eeab9702346f860b3c1e05aa2f162ce8e5fc76ee35","mv10_partition_quality_v1","hclust_single_diagnostic_v1",10,0.0334703599194734,0.0880342844902013,-0.542651556358019,0.346774193548387,1,114,8,"closed",FALSE
"06c0dd6c129d8567651081156272cfe972e52c7d",10,"existing_selectedfit_data_exact500","existing_selectedfit_data_exact500","exact500",20260809,"H1","1a672d34d9ce89052ae82d598650e1000ace69e4a09372ffda1b248aa458c2be","9fc531b3bcf7c6df277ab2eeab9702346f860b3c1e05aa2f162ce8e5fc76ee35","mv10_partition_quality_v1","diana_dissimilarity_v1",2,0.345430502233503,0.384581824228857,0.00273918133271918,0,51,73,0,"closed",FALSE
"06c0dd6c129d8567651081156272cfe972e52c7d",10,"existing_selectedfit_data_exact500","existing_selectedfit_data_exact500","exact500",20260809,"H1","1a672d34d9ce89052ae82d598650e1000ace69e4a09372ffda1b248aa458c2be","9fc531b3bcf7c6df277ab2eeab9702346f860b3c1e05aa2f162ce8e5fc76ee35","mv10_partition_quality_v1","diana_dissimilarity_v1",3,0.315600330192419,0.362134552774869,-0.122898934048943,0.0645161290322581,7,73,0,"closed",FALSE
"06c0dd6c129d8567651081156272cfe972e52c7d",10,"existing_selectedfit_data_exact500","existing_selectedfit_data_exact500","exact500",20260809,"H1","1a672d34d9ce89052ae82d598650e1000ace69e4a09372ffda1b248aa458c2be","9fc531b3bcf7c6df277ab2eeab9702346f860b3c1e05aa2f162ce8e5fc76ee35","mv10_partition_quality_v1","diana_dissimilarity_v1",4,0.293933033712889,0.3024170902716,-0.181005892736842,0.0241935483870968,7,45,0,"closed",FALSE
"06c0dd6c129d8567651081156272cfe972e52c7d",10,"existing_selectedfit_data_exact500","existing_selectedfit_data_exact500","exact500",20260809,"H1","1a672d34d9ce89052ae82d598650e1000ace69e4a09372ffda1b248aa458c2be","9fc531b3bcf7c6df277ab2eeab9702346f860b3c1e05aa2f162ce8e5fc76ee35","mv10_partition_quality_v1","diana_dissimilarity_v1",5,0.229656685985256,0.252594819680828,-0.0783564045878714,0.0403225806451613,7,45,0,"closed",FALSE
"06c0dd6c129d8567651081156272cfe972e52c7d",10,"existing_selectedfit_data_exact500","existing_selectedfit_data_exact500","exact500",20260809,"H1","1a672d34d9ce89052ae82d598650e1000ace69e4a09372ffda1b248aa458c2be","9fc531b3bcf7c6df277ab2eeab9702346f860b3c1e05aa2f162ce8e5fc76ee35","mv10_partition_quality_v1","diana_dissimilarity_v1",6,0.222454889693653,0.252251524653389,-0.0783564045878714,0.0483870967741935,2,45,0,"closed",FALSE
"06c0dd6c129d8567651081156272cfe972e52c7d",10,"existing_selectedfit_data_exact500","existing_selectedfit_data_exact500","exact500",20260809,"H1","1a672d34d9ce89052ae82d598650e1000ace69e4a09372ffda1b248aa458c2be","9fc531b3bcf7c6df277ab2eeab9702346f860b3c1e05aa2f162ce8e5fc76ee35","mv10_partition_quality_v1","diana_dissimilarity_v1",7,0.220298598935901,0.240514635856642,-0.0599310369357976,0.0403225806451613,2,45,0,"closed",FALSE
"06c0dd6c129d8567651081156272cfe972e52c7d",10,"existing_selectedfit_data_exact500","existing_selectedfit_data_exact500","exact500",20260809,"H1","1a672d34d9ce89052ae82d598650e1000ace69e4a09372ffda1b248aa458c2be","9fc531b3bcf7c6df277ab2eeab9702346f860b3c1e05aa2f162ce8e5fc76ee35","mv10_partition_quality_v1","diana_dissimilarity_v1",8,0.199779371997432,0.208993835687374,-0.0599310369357976,0.0483870967741935,2,45,0,"closed",FALSE
"06c0dd6c129d8567651081156272cfe972e52c7d",10,"existing_selectedfit_data_exact500","existing_selectedfit_data_exact500","exact500",20260809,"H1","1a672d34d9ce89052ae82d598650e1000ace69e4a09372ffda1b248aa458c2be","9fc531b3bcf7c6df277ab2eeab9702346f860b3c1e05aa2f162ce8e5fc76ee35","mv10_partition_quality_v1","diana_dissimilarity_v1",9,0.186285982672517,0.17500017506056,-0.0465551234044685,0.00806451612903226,2,35,0,"closed",FALSE
"06c0dd6c129d8567651081156272cfe972e52c7d",10,"existing_selectedfit_data_exact500","existing_selectedfit_data_exact500","exact500",20260809,"H1","1a672d34d9ce89052ae82d598650e1000ace69e4a09372ffda1b248aa458c2be","9fc531b3bcf7c6df277ab2eeab9702346f860b3c1e05aa2f162ce8e5fc76ee35","mv10_partition_quality_v1","diana_dissimilarity_v1",10,0.179419817497222,0.17500017506056,-0.122563697279078,0.0403225806451613,1,35,1,"closed",FALSE
"06c0dd6c129d8567651081156272cfe972e52c7d",11,"allqc_data_exact500","sct_data_all_qc_fit_selected384","exact500",20260805,"H0","9881c938c0aa37f404a81dd2889bd470cdd7f3dab8850e92f9cd0aecb96b08bd","9fc531b3bcf7c6df277ab2eeab9702346f860b3c1e05aa2f162ce8e5fc76ee35","mv10_partition_quality_v1","pam_dissimilarity_v1",2,0.613695450737632,0.673856366990852,-0.0233103193400815,0.00806451612903226,29,95,0,"closed",FALSE
"06c0dd6c129d8567651081156272cfe972e52c7d",11,"allqc_data_exact500","sct_data_all_qc_fit_selected384","exact500",20260805,"H0","9881c938c0aa37f404a81dd2889bd470cdd7f3dab8850e92f9cd0aecb96b08bd","9fc531b3bcf7c6df277ab2eeab9702346f860b3c1e05aa2f162ce8e5fc76ee35","mv10_partition_quality_v1","pam_dissimilarity_v1",3,0.467548461070121,0.530997739496974,0.0121873810956187,0,26,55,0,"closed",FALSE
"06c0dd6c129d8567651081156272cfe972e52c7d",11,"allqc_data_exact500","sct_data_all_qc_fit_selected384","exact500",20260805,"H0","9881c938c0aa37f404a81dd2889bd470cdd7f3dab8850e92f9cd0aecb96b08bd","9fc531b3bcf7c6df277ab2eeab9702346f860b3c1e05aa2f162ce8e5fc76ee35","mv10_partition_quality_v1","pam_dissimilarity_v1",4,0.396915417568429,0.447696339328826,-0.115260222087324,0.0403225806451613,21,41,0,"closed",FALSE
"06c0dd6c129d8567651081156272cfe972e52c7d",11,"allqc_data_exact500","sct_data_all_qc_fit_selected384","exact500",20260805,"H0","9881c938c0aa37f404a81dd2889bd470cdd7f3dab8850e92f9cd0aecb96b08bd","9fc531b3bcf7c6df277ab2eeab9702346f860b3c1e05aa2f162ce8e5fc76ee35","mv10_partition_quality_v1","pam_dissimilarity_v1",5,0.42021950030548,0.462275672654447,-0.115260222087324,0.032258064516129,6,41,0,"closed",FALSE
"06c0dd6c129d8567651081156272cfe972e52c7d",11,"allqc_data_exact500","sct_data_all_qc_fit_selected384","exact500",20260805,"H0","9881c938c0aa37f404a81dd2889bd470cdd7f3dab8850e92f9cd0aecb96b08bd","9fc531b3bcf7c6df277ab2eeab9702346f860b3c1e05aa2f162ce8e5fc76ee35","mv10_partition_quality_v1","pam_dissimilarity_v1",6,0.392576680454153,0.433277940491027,-0.069180521667202,0.032258064516129,6,40,0,"closed",FALSE
"06c0dd6c129d8567651081156272cfe972e52c7d",11,"allqc_data_exact500","sct_data_all_qc_fit_selected384","exact500",20260805,"H0","9881c938c0aa37f404a81dd2889bd470cdd7f3dab8850e92f9cd0aecb96b08bd","9fc531b3bcf7c6df277ab2eeab9702346f860b3c1e05aa2f162ce8e5fc76ee35","mv10_partition_quality_v1","pam_dissimilarity_v1",7,0.3672378627928,0.402541114025327,-0.112236018245714,0.032258064516129,6,30,0,"closed",FALSE
"06c0dd6c129d8567651081156272cfe972e52c7d",11,"allqc_data_exact500","sct_data_all_qc_fit_selected384","exact500",20260805,"H0","9881c938c0aa37f404a81dd2889bd470cdd7f3dab8850e92f9cd0aecb96b08bd","9fc531b3bcf7c6df277ab2eeab9702346f860b3c1e05aa2f162ce8e5fc76ee35","mv10_partition_quality_v1","pam_dissimilarity_v1",8,0.374453169218096,0.398724651336144,-0.0875175595702769,0.0403225806451613,6,23,0,"closed",FALSE
"06c0dd6c129d8567651081156272cfe972e52c7d",11,"allqc_data_exact500","sct_data_all_qc_fit_selected384","exact500",20260805,"H0","9881c938c0aa37f404a81dd2889bd470cdd7f3dab8850e92f9cd0aecb96b08bd","9fc531b3bcf7c6df277ab2eeab9702346f860b3c1e05aa2f162ce8e5fc76ee35","mv10_partition_quality_v1","pam_dissimilarity_v1",9,0.333934122974978,0.358317503168719,-0.0875175595702769,0.0564516129032258,5,23,0,"closed",FALSE
"06c0dd6c129d8567651081156272cfe972e52c7d",11,"allqc_data_exact500","sct_data_all_qc_fit_selected384","exact500",20260805,"H0","9881c938c0aa37f404a81dd2889bd470cdd7f3dab8850e92f9cd0aecb96b08bd","9fc531b3bcf7c6df277ab2eeab9702346f860b3c1e05aa2f162ce8e5fc76ee35","mv10_partition_quality_v1","pam_dissimilarity_v1",10,0.346515606396053,0.382982013107873,-0.210471192559296,0.0564516129032258,4,23,0,"closed",FALSE
"06c0dd6c129d8567651081156272cfe972e52c7d",11,"allqc_data_exact500","sct_data_all_qc_fit_selected384","exact500",20260805,"H0","9881c938c0aa37f404a81dd2889bd470cdd7f3dab8850e92f9cd0aecb96b08bd","9fc531b3bcf7c6df277ab2eeab9702346f860b3c1e05aa2f162ce8e5fc76ee35","mv10_partition_quality_v1","hclust_average_v1",2,0.626481187291436,0.682841166386476,-0.00979511674772148,0.00806451612903226,26,98,0,"closed",FALSE
"06c0dd6c129d8567651081156272cfe972e52c7d",11,"allqc_data_exact500","sct_data_all_qc_fit_selected384","exact500",20260805,"H0","9881c938c0aa37f404a81dd2889bd470cdd7f3dab8850e92f9cd0aecb96b08bd","9fc531b3bcf7c6df277ab2eeab9702346f860b3c1e05aa2f162ce8e5fc76ee35","mv10_partition_quality_v1","hclust_average_v1",3,0.58316383344457,0.653111639768672,-0.219015135065923,0.032258064516129,5,98,0,"closed",FALSE
"06c0dd6c129d8567651081156272cfe972e52c7d",11,"allqc_data_exact500","sct_data_all_qc_fit_selected384","exact500",20260805,"H0","9881c938c0aa37f404a81dd2889bd470cdd7f3dab8850e92f9cd0aecb96b08bd","9fc531b3bcf7c6df277ab2eeab9702346f860b3c1e05aa2f162ce8e5fc76ee35","mv10_partition_quality_v1","hclust_average_v1",4,0.469333482181194,0.54164926706354,-0.215766007811496,0.0483870967741935,5,67,0,"closed",FALSE
"06c0dd6c129d8567651081156272cfe972e52c7d",11,"allqc_data_exact500","sct_data_all_qc_fit_selected384","exact500",20260805,"H0","9881c938c0aa37f404a81dd2889bd470cdd7f3dab8850e92f9cd0aecb96b08bd","9fc531b3bcf7c6df277ab2eeab9702346f860b3c1e05aa2f162ce8e5fc76ee35","mv10_partition_quality_v1","hclust_average_v1",5,0.426177610181522,0.518692249734389,-0.352490303731516,0.0725806451612903,4,67,0,"closed",FALSE
"06c0dd6c129d8567651081156272cfe972e52c7d",11,"allqc_data_exact500","sct_data_all_qc_fit_selected384","exact500",20260805,"H0","9881c938c0aa37f404a81dd2889bd470cdd7f3dab8850e92f9cd0aecb96b08bd","9fc531b3bcf7c6df277ab2eeab9702346f860b3c1e05aa2f162ce8e5fc76ee35","mv10_partition_quality_v1","hclust_average_v1",6,0.402981371917842,0.457431278953798,-0.202787272901557,0.0645161290322581,4,49,0,"closed",FALSE
"06c0dd6c129d8567651081156272cfe972e52c7d",11,"allqc_data_exact500","sct_data_all_qc_fit_selected384","exact500",20260805,"H0","9881c938c0aa37f404a81dd2889bd470cdd7f3dab8850e92f9cd0aecb96b08bd","9fc531b3bcf7c6df277ab2eeab9702346f860b3c1e05aa2f162ce8e5fc76ee35","mv10_partition_quality_v1","hclust_average_v1",7,0.370578831113302,0.412340646811522,-0.202787272901557,0.0645161290322581,4,49,0,"closed",FALSE
"06c0dd6c129d8567651081156272cfe972e52c7d",11,"allqc_data_exact500","sct_data_all_qc_fit_selected384","exact500",20260805,"H0","9881c938c0aa37f404a81dd2889bd470cdd7f3dab8850e92f9cd0aecb96b08bd","9fc531b3bcf7c6df277ab2eeab9702346f860b3c1e05aa2f162ce8e5fc76ee35","mv10_partition_quality_v1","hclust_average_v1",8,0.357347968625903,0.403328428785732,-0.202787272901557,0.0725806451612903,1,49,1,"closed",FALSE
"06c0dd6c129d8567651081156272cfe972e52c7d",11,"allqc_data_exact500","sct_data_all_qc_fit_selected384","exact500",20260805,"H0","9881c938c0aa37f404a81dd2889bd470cdd7f3dab8850e92f9cd0aecb96b08bd","9fc531b3bcf7c6df277ab2eeab9702346f860b3c1e05aa2f162ce8e5fc76ee35","mv10_partition_quality_v1","hclust_average_v1",9,0.367293125830935,0.42492384909147,-0.202787272901557,0.0645161290322581,1,49,1,"closed",FALSE
"06c0dd6c129d8567651081156272cfe972e52c7d",11,"allqc_data_exact500","sct_data_all_qc_fit_selected384","exact500",20260805,"H0","9881c938c0aa37f404a81dd2889bd470cdd7f3dab8850e92f9cd0aecb96b08bd","9fc531b3bcf7c6df277ab2eeab9702346f860b3c1e05aa2f162ce8e5fc76ee35","mv10_partition_quality_v1","hclust_average_v1",10,0.313385636012014,0.341090679548292,-0.337966491504385,0.104838709677419,1,39,1,"closed",FALSE
"06c0dd6c129d8567651081156272cfe972e52c7d",11,"allqc_data_exact500","sct_data_all_qc_fit_selected384","exact500",20260805,"H0","9881c938c0aa37f404a81dd2889bd470cdd7f3dab8850e92f9cd0aecb96b08bd","9fc531b3bcf7c6df277ab2eeab9702346f860b3c1e05aa2f162ce8e5fc76ee35","mv10_partition_quality_v1","hclust_complete_v1",2,0.626481187291436,0.682841166386476,-0.00979511674772148,0.00806451612903226,26,98,0,"closed",FALSE
"06c0dd6c129d8567651081156272cfe972e52c7d",11,"allqc_data_exact500","sct_data_all_qc_fit_selected384","exact500",20260805,"H0","9881c938c0aa37f404a81dd2889bd470cdd7f3dab8850e92f9cd0aecb96b08bd","9fc531b3bcf7c6df277ab2eeab9702346f860b3c1e05aa2f162ce8e5fc76ee35","mv10_partition_quality_v1","hclust_complete_v1",3,0.450379735786858,0.525056953495519,-0.2255815036609,0.0483870967741935,26,57,0,"closed",FALSE
"06c0dd6c129d8567651081156272cfe972e52c7d",11,"allqc_data_exact500","sct_data_all_qc_fit_selected384","exact500",20260805,"H0","9881c938c0aa37f404a81dd2889bd470cdd7f3dab8850e92f9cd0aecb96b08bd","9fc531b3bcf7c6df277ab2eeab9702346f860b3c1e05aa2f162ce8e5fc76ee35","mv10_partition_quality_v1","hclust_complete_v1",4,0.454041954561461,0.529156753443575,-0.2255815036609,0.0564516129032258,5,57,0,"closed",FALSE
"06c0dd6c129d8567651081156272cfe972e52c7d",11,"allqc_data_exact500","sct_data_all_qc_fit_selected384","exact500",20260805,"H0","9881c938c0aa37f404a81dd2889bd470cdd7f3dab8850e92f9cd0aecb96b08bd","9fc531b3bcf7c6df277ab2eeab9702346f860b3c1e05aa2f162ce8e5fc76ee35","mv10_partition_quality_v1","hclust_complete_v1",5,0.414654407589293,0.501181892496671,-0.318978436216439,0.0645161290322581,4,57,0,"closed",FALSE
"06c0dd6c129d8567651081156272cfe972e52c7d",11,"allqc_data_exact500","sct_data_all_qc_fit_selected384","exact500",20260805,"H0","9881c938c0aa37f404a81dd2889bd470cdd7f3dab8850e92f9cd0aecb96b08bd","9fc531b3bcf7c6df277ab2eeab9702346f860b3c1e05aa2f162ce8e5fc76ee35","mv10_partition_quality_v1","hclust_complete_v1",6,0.371734706736799,0.435384688195839,-0.331751628714679,0.0887096774193548,4,39,0,"closed",FALSE
"06c0dd6c129d8567651081156272cfe972e52c7d",11,"allqc_data_exact500","sct_data_all_qc_fit_selected384","exact500",20260805,"H0","9881c938c0aa37f404a81dd2889bd470cdd7f3dab8850e92f9cd0aecb96b08bd","9fc531b3bcf7c6df277ab2eeab9702346f860b3c1e05aa2f162ce8e5fc76ee35","mv10_partition_quality_v1","hclust_complete_v1",7,0.330542074807347,0.378020097466633,-0.331751628714679,0.0967741935483871,4,39,0,"closed",FALSE
"06c0dd6c129d8567651081156272cfe972e52c7d",11,"allqc_data_exact500","sct_data_all_qc_fit_selected384","exact500",20260805,"H0","9881c938c0aa37f404a81dd2889bd470cdd7f3dab8850e92f9cd0aecb96b08bd","9fc531b3bcf7c6df277ab2eeab9702346f860b3c1e05aa2f162ce8e5fc76ee35","mv10_partition_quality_v1","hclust_complete_v1",8,0.342730227209924,0.393811094217827,-0.331751628714679,0.0887096774193548,4,39,0,"closed",FALSE
"06c0dd6c129d8567651081156272cfe972e52c7d",11,"allqc_data_exact500","sct_data_all_qc_fit_selected384","exact500",20260805,"H0","9881c938c0aa37f404a81dd2889bd470cdd7f3dab8850e92f9cd0aecb96b08bd","9fc531b3bcf7c6df277ab2eeab9702346f860b3c1e05aa2f162ce8e5fc76ee35","mv10_partition_quality_v1","hclust_complete_v1",9,0.329096206068362,0.366744734033723,-0.290655023085781,0.0887096774193548,4,39,0,"closed",FALSE
"06c0dd6c129d8567651081156272cfe972e52c7d",11,"allqc_data_exact500","sct_data_all_qc_fit_selected384","exact500",20260805,"H0","9881c938c0aa37f404a81dd2889bd470cdd7f3dab8850e92f9cd0aecb96b08bd","9fc531b3bcf7c6df277ab2eeab9702346f860b3c1e05aa2f162ce8e5fc76ee35","mv10_partition_quality_v1","hclust_complete_v1",10,0.309773586055327,0.344629897217645,-0.290655023085781,0.0967741935483871,4,34,0,"closed",FALSE
"06c0dd6c129d8567651081156272cfe972e52c7d",11,"allqc_data_exact500","sct_data_all_qc_fit_selected384","exact500",20260805,"H0","9881c938c0aa37f404a81dd2889bd470cdd7f3dab8850e92f9cd0aecb96b08bd","9fc531b3bcf7c6df277ab2eeab9702346f860b3c1e05aa2f162ce8e5fc76ee35","mv10_partition_quality_v1","hclust_single_diagnostic_v1",2,0.566933489021948,0.710418978202754,-0.639944757548413,0.0967741935483871,5,119,0,"closed",FALSE
"06c0dd6c129d8567651081156272cfe972e52c7d",11,"allqc_data_exact500","sct_data_all_qc_fit_selected384","exact500",20260805,"H0","9881c938c0aa37f404a81dd2889bd470cdd7f3dab8850e92f9cd0aecb96b08bd","9fc531b3bcf7c6df277ab2eeab9702346f860b3c1e05aa2f162ce8e5fc76ee35","mv10_partition_quality_v1","hclust_single_diagnostic_v1",3,0.528601224818303,0.69203275958212,-0.686645689625605,0.112903225806452,1,119,1,"closed",FALSE
"06c0dd6c129d8567651081156272cfe972e52c7d",11,"allqc_data_exact500","sct_data_all_qc_fit_selected384","exact500",20260805,"H0","9881c938c0aa37f404a81dd2889bd470cdd7f3dab8850e92f9cd0aecb96b08bd","9fc531b3bcf7c6df277ab2eeab9702346f860b3c1e05aa2f162ce8e5fc76ee35","mv10_partition_quality_v1","hclust_single_diagnostic_v1",4,0.564874404283423,0.648414612078137,-0.219015135065923,0.032258064516129,1,98,1,"closed",FALSE
"06c0dd6c129d8567651081156272cfe972e52c7d",11,"allqc_data_exact500","sct_data_all_qc_fit_selected384","exact500",20260805,"H0","9881c938c0aa37f404a81dd2889bd470cdd7f3dab8850e92f9cd0aecb96b08bd","9fc531b3bcf7c6df277ab2eeab9702346f860b3c1e05aa2f162ce8e5fc76ee35","mv10_partition_quality_v1","hclust_single_diagnostic_v1",5,0.427591019348734,0.549891404468077,-0.659522761312315,0.112903225806452,1,97,2,"closed",FALSE
"06c0dd6c129d8567651081156272cfe972e52c7d",11,"allqc_data_exact500","sct_data_all_qc_fit_selected384","exact500",20260805,"H0","9881c938c0aa37f404a81dd2889bd470cdd7f3dab8850e92f9cd0aecb96b08bd","9fc531b3bcf7c6df277ab2eeab9702346f860b3c1e05aa2f162ce8e5fc76ee35","mv10_partition_quality_v1","hclust_single_diagnostic_v1",6,0.421248016988594,0.544445209786051,-0.659522761312315,0.112903225806452,1,97,2,"closed",FALSE
"06c0dd6c129d8567651081156272cfe972e52c7d",11,"allqc_data_exact500","sct_data_all_qc_fit_selected384","exact500",20260805,"H0","9881c938c0aa37f404a81dd2889bd470cdd7f3dab8850e92f9cd0aecb96b08bd","9fc531b3bcf7c6df277ab2eeab9702346f860b3c1e05aa2f162ce8e5fc76ee35","mv10_partition_quality_v1","hclust_single_diagnostic_v1",7,0.373795924164816,0.453443065795583,-0.659522761312315,0.129032258064516,1,97,3,"closed",FALSE
"06c0dd6c129d8567651081156272cfe972e52c7d",11,"allqc_data_exact500","sct_data_all_qc_fit_selected384","exact500",20260805,"H0","9881c938c0aa37f404a81dd2889bd470cdd7f3dab8850e92f9cd0aecb96b08bd","9fc531b3bcf7c6df277ab2eeab9702346f860b3c1e05aa2f162ce8e5fc76ee35","mv10_partition_quality_v1","hclust_single_diagnostic_v1",8,0.301344661851381,0.412308665824077,-0.589769122588131,0.153225806451613,1,94,3,"closed",FALSE
"06c0dd6c129d8567651081156272cfe972e52c7d",11,"allqc_data_exact500","sct_data_all_qc_fit_selected384","exact500",20260805,"H0","9881c938c0aa37f404a81dd2889bd470cdd7f3dab8850e92f9cd0aecb96b08bd","9fc531b3bcf7c6df277ab2eeab9702346f860b3c1e05aa2f162ce8e5fc76ee35","mv10_partition_quality_v1","hclust_single_diagnostic_v1",9,0.296884549897121,0.412308665824077,-0.589769122588131,0.153225806451613,1,94,5,"closed",FALSE
"06c0dd6c129d8567651081156272cfe972e52c7d",11,"allqc_data_exact500","sct_data_all_qc_fit_selected384","exact500",20260805,"H0","9881c938c0aa37f404a81dd2889bd470cdd7f3dab8850e92f9cd0aecb96b08bd","9fc531b3bcf7c6df277ab2eeab9702346f860b3c1e05aa2f162ce8e5fc76ee35","mv10_partition_quality_v1","hclust_single_diagnostic_v1",10,0.268926787658145,0.370964938731952,-0.589769122588131,0.169354838709677,1,94,5,"closed",FALSE
"06c0dd6c129d8567651081156272cfe972e52c7d",11,"allqc_data_exact500","sct_data_all_qc_fit_selected384","exact500",20260805,"H0","9881c938c0aa37f404a81dd2889bd470cdd7f3dab8850e92f9cd0aecb96b08bd","9fc531b3bcf7c6df277ab2eeab9702346f860b3c1e05aa2f162ce8e5fc76ee35","mv10_partition_quality_v1","diana_dissimilarity_v1",2,0.617869609125748,0.677513352767778,0.00663501378937451,0,28,96,0,"closed",FALSE
"06c0dd6c129d8567651081156272cfe972e52c7d",11,"allqc_data_exact500","sct_data_all_qc_fit_selected384","exact500",20260805,"H0","9881c938c0aa37f404a81dd2889bd470cdd7f3dab8850e92f9cd0aecb96b08bd","9fc531b3bcf7c6df277ab2eeab9702346f860b3c1e05aa2f162ce8e5fc76ee35","mv10_partition_quality_v1","diana_dissimilarity_v1",3,0.566945103494972,0.639936008180831,-0.218075007260433,0.0241935483870968,6,96,0,"closed",FALSE
"06c0dd6c129d8567651081156272cfe972e52c7d",11,"allqc_data_exact500","sct_data_all_qc_fit_selected384","exact500",20260805,"H0","9881c938c0aa37f404a81dd2889bd470cdd7f3dab8850e92f9cd0aecb96b08bd","9fc531b3bcf7c6df277ab2eeab9702346f860b3c1e05aa2f162ce8e5fc76ee35","mv10_partition_quality_v1","diana_dissimilarity_v1",4,0.464983557391085,0.531532749034266,-0.0692213604777048,0.00806451612903226,6,57,0,"closed",FALSE
"06c0dd6c129d8567651081156272cfe972e52c7d",11,"allqc_data_exact500","sct_data_all_qc_fit_selected384","exact500",20260805,"H0","9881c938c0aa37f404a81dd2889bd470cdd7f3dab8850e92f9cd0aecb96b08bd","9fc531b3bcf7c6df277ab2eeab9702346f860b3c1e05aa2f162ce8e5fc76ee35","mv10_partition_quality_v1","diana_dissimilarity_v1",5,0.42876211960237,0.51181232170025,-0.114459969148844,0.0403225806451613,4,57,0,"closed",FALSE
"06c0dd6c129d8567651081156272cfe972e52c7d",11,"allqc_data_exact500","sct_data_all_qc_fit_selected384","exact500",20260805,"H0","9881c938c0aa37f404a81dd2889bd470cdd7f3dab8850e92f9cd0aecb96b08bd","9fc531b3bcf7c6df277ab2eeab9702346f860b3c1e05aa2f162ce8e5fc76ee35","mv10_partition_quality_v1","diana_dissimilarity_v1",6,0.352652544958259,0.395727471690801,-0.475607986389217,0.0806451612903226,3,57,0,"closed",FALSE
"06c0dd6c129d8567651081156272cfe972e52c7d",11,"allqc_data_exact500","sct_data_all_qc_fit_selected384","exact500",20260805,"H0","9881c938c0aa37f404a81dd2889bd470cdd7f3dab8850e92f9cd0aecb96b08bd","9fc531b3bcf7c6df277ab2eeab9702346f860b3c1e05aa2f162ce8e5fc76ee35","mv10_partition_quality_v1","diana_dissimilarity_v1",7,0.352009808157324,0.401565825502827,-0.150292787293998,0.0564516129032258,3,37,0,"closed",FALSE
"06c0dd6c129d8567651081156272cfe972e52c7d",11,"allqc_data_exact500","sct_data_all_qc_fit_selected384","exact500",20260805,"H0","9881c938c0aa37f404a81dd2889bd470cdd7f3dab8850e92f9cd0aecb96b08bd","9fc531b3bcf7c6df277ab2eeab9702346f860b3c1e05aa2f162ce8e5fc76ee35","mv10_partition_quality_v1","diana_dissimilarity_v1",8,0.317242483809018,0.347729061060996,-0.413495743607223,0.0645161290322581,1,37,1,"closed",FALSE
"06c0dd6c129d8567651081156272cfe972e52c7d",11,"allqc_data_exact500","sct_data_all_qc_fit_selected384","exact500",20260805,"H0","9881c938c0aa37f404a81dd2889bd470cdd7f3dab8850e92f9cd0aecb96b08bd","9fc531b3bcf7c6df277ab2eeab9702346f860b3c1e05aa2f162ce8e5fc76ee35","mv10_partition_quality_v1","diana_dissimilarity_v1",9,0.327117568614037,0.374210888472993,-0.331530250565469,0.0725806451612903,1,37,1,"closed",FALSE
"06c0dd6c129d8567651081156272cfe972e52c7d",11,"allqc_data_exact500","sct_data_all_qc_fit_selected384","exact500",20260805,"H0","9881c938c0aa37f404a81dd2889bd470cdd7f3dab8850e92f9cd0aecb96b08bd","9fc531b3bcf7c6df277ab2eeab9702346f860b3c1e05aa2f162ce8e5fc76ee35","mv10_partition_quality_v1","diana_dissimilarity_v1",10,0.287216631578729,0.337677733401873,-0.331530250565469,0.0967741935483871,1,35,1,"closed",FALSE
"06c0dd6c129d8567651081156272cfe972e52c7d",12,"allqc_data_exact500","sct_data_all_qc_fit_selected384","exact500",20260805,"H1","c137f95a58f21525e00e339e610f7ed7d7d68b731e0c8ad7b84638dc78e5cfb7","9fc531b3bcf7c6df277ab2eeab9702346f860b3c1e05aa2f162ce8e5fc76ee35","mv10_partition_quality_v1","pam_dissimilarity_v1",2,0.366320438066765,0.394932267663499,-0.00601116057463381,0.00806451612903226,49,75,0,"closed",FALSE
"06c0dd6c129d8567651081156272cfe972e52c7d",12,"allqc_data_exact500","sct_data_all_qc_fit_selected384","exact500",20260805,"H1","c137f95a58f21525e00e339e610f7ed7d7d68b731e0c8ad7b84638dc78e5cfb7","9fc531b3bcf7c6df277ab2eeab9702346f860b3c1e05aa2f162ce8e5fc76ee35","mv10_partition_quality_v1","pam_dissimilarity_v1",3,0.311571336556787,0.338338075223855,-0.0826679003937104,0.032258064516129,32,47,0,"closed",FALSE
"06c0dd6c129d8567651081156272cfe972e52c7d",12,"allqc_data_exact500","sct_data_all_qc_fit_selected384","exact500",20260805,"H1","c137f95a58f21525e00e339e610f7ed7d7d68b731e0c8ad7b84638dc78e5cfb7","9fc531b3bcf7c6df277ab2eeab9702346f860b3c1e05aa2f162ce8e5fc76ee35","mv10_partition_quality_v1","pam_dissimilarity_v1",4,0.299247567330986,0.335101042993725,-0.0849511456232768,0.0403225806451613,12,47,0,"closed",FALSE
"06c0dd6c129d8567651081156272cfe972e52c7d",12,"allqc_data_exact500","sct_data_all_qc_fit_selected384","exact500",20260805,"H1","c137f95a58f21525e00e339e610f7ed7d7d68b731e0c8ad7b84638dc78e5cfb7","9fc531b3bcf7c6df277ab2eeab9702346f860b3c1e05aa2f162ce8e5fc76ee35","mv10_partition_quality_v1","pam_dissimilarity_v1",5,0.226169574105372,0.252291644571758,-0.142609195448245,0.0887096774193548,12,32,0,"closed",FALSE
"06c0dd6c129d8567651081156272cfe972e52c7d",12,"allqc_data_exact500","sct_data_all_qc_fit_selected384","exact500",20260805,"H1","c137f95a58f21525e00e339e610f7ed7d7d68b731e0c8ad7b84638dc78e5cfb7","9fc531b3bcf7c6df277ab2eeab9702346f860b3c1e05aa2f162ce8e5fc76ee35","mv10_partition_quality_v1","pam_dissimilarity_v1",6,0.203355477803707,0.247714023217269,-0.140249470079046,0.137096774193548,12,29,0,"closed",FALSE
"06c0dd6c129d8567651081156272cfe972e52c7d",12,"allqc_data_exact500","sct_data_all_qc_fit_selected384","exact500",20260805,"H1","c137f95a58f21525e00e339e610f7ed7d7d68b731e0c8ad7b84638dc78e5cfb7","9fc531b3bcf7c6df277ab2eeab9702346f860b3c1e05aa2f162ce8e5fc76ee35","mv10_partition_quality_v1","pam_dissimilarity_v1",7,0.213913349655665,0.255615111735206,-0.169421929041409,0.0887096774193548,6,29,0,"closed",FALSE
"06c0dd6c129d8567651081156272cfe972e52c7d",12,"allqc_data_exact500","sct_data_all_qc_fit_selected384","exact500",20260805,"H1","c137f95a58f21525e00e339e610f7ed7d7d68b731e0c8ad7b84638dc78e5cfb7","9fc531b3bcf7c6df277ab2eeab9702346f860b3c1e05aa2f162ce8e5fc76ee35","mv10_partition_quality_v1","pam_dissimilarity_v1",8,0.185479149672193,0.194300730060769,-0.161486898125496,0.104838709677419,6,24,0,"closed",FALSE
"06c0dd6c129d8567651081156272cfe972e52c7d",12,"allqc_data_exact500","sct_data_all_qc_fit_selected384","exact500",20260805,"H1","c137f95a58f21525e00e339e610f7ed7d7d68b731e0c8ad7b84638dc78e5cfb7","9fc531b3bcf7c6df277ab2eeab9702346f860b3c1e05aa2f162ce8e5fc76ee35","mv10_partition_quality_v1","pam_dissimilarity_v1",9,0.206127080563398,0.212171411388431,-0.123506254072856,0.0645161290322581,6,25,0,"closed",FALSE
"06c0dd6c129d8567651081156272cfe972e52c7d",12,"allqc_data_exact500","sct_data_all_qc_fit_selected384","exact500",20260805,"H1","c137f95a58f21525e00e339e610f7ed7d7d68b731e0c8ad7b84638dc78e5cfb7","9fc531b3bcf7c6df277ab2eeab9702346f860b3c1e05aa2f162ce8e5fc76ee35","mv10_partition_quality_v1","pam_dissimilarity_v1",10,0.193457745305146,0.210625479639712,-0.217733217368144,0.0887096774193548,5,27,0,"closed",FALSE
"06c0dd6c129d8567651081156272cfe972e52c7d",12,"allqc_data_exact500","sct_data_all_qc_fit_selected384","exact500",20260805,"H1","c137f95a58f21525e00e339e610f7ed7d7d68b731e0c8ad7b84638dc78e5cfb7","9fc531b3bcf7c6df277ab2eeab9702346f860b3c1e05aa2f162ce8e5fc76ee35","mv10_partition_quality_v1","hclust_average_v1",2,0.370670660329057,0.453989211232303,-0.304324729159341,0.0725806451612903,6,118,0,"closed",FALSE
"06c0dd6c129d8567651081156272cfe972e52c7d",12,"allqc_data_exact500","sct_data_all_qc_fit_selected384","exact500",20260805,"H1","c137f95a58f21525e00e339e610f7ed7d7d68b731e0c8ad7b84638dc78e5cfb7","9fc531b3bcf7c6df277ab2eeab9702346f860b3c1e05aa2f162ce8e5fc76ee35","mv10_partition_quality_v1","hclust_average_v1",3,0.336391396503346,0.377190222890472,-0.122141564990812,0.0241935483870968,6,76,0,"closed",FALSE
"06c0dd6c129d8567651081156272cfe972e52c7d",12,"allqc_data_exact500","sct_data_all_qc_fit_selected384","exact500",20260805,"H1","c137f95a58f21525e00e339e610f7ed7d7d68b731e0c8ad7b84638dc78e5cfb7","9fc531b3bcf7c6df277ab2eeab9702346f860b3c1e05aa2f162ce8e5fc76ee35","mv10_partition_quality_v1","hclust_average_v1",4,0.311552567134489,0.324286125014315,-0.0797429524306608,0.0161290322580645,6,49,0,"closed",FALSE
"06c0dd6c129d8567651081156272cfe972e52c7d",12,"allqc_data_exact500","sct_data_all_qc_fit_selected384","exact500",20260805,"H1","c137f95a58f21525e00e339e610f7ed7d7d68b731e0c8ad7b84638dc78e5cfb7","9fc531b3bcf7c6df277ab2eeab9702346f860b3c1e05aa2f162ce8e5fc76ee35","mv10_partition_quality_v1","hclust_average_v1",5,0.296075623602016,0.322475431457632,-0.0797429524306608,0.0403225806451613,1,49,1,"closed",FALSE
"06c0dd6c129d8567651081156272cfe972e52c7d",12,"allqc_data_exact500","sct_data_all_qc_fit_selected384","exact500",20260805,"H1","c137f95a58f21525e00e339e610f7ed7d7d68b731e0c8ad7b84638dc78e5cfb7","9fc531b3bcf7c6df277ab2eeab9702346f860b3c1e05aa2f162ce8e5fc76ee35","mv10_partition_quality_v1","hclust_average_v1",6,0.275826037930113,0.307828556092408,-0.138199068257509,0.0564516129032258,1,49,1,"closed",FALSE
"06c0dd6c129d8567651081156272cfe972e52c7d",12,"allqc_data_exact500","sct_data_all_qc_fit_selected384","exact500",20260805,"H1","c137f95a58f21525e00e339e610f7ed7d7d68b731e0c8ad7b84638dc78e5cfb7","9fc531b3bcf7c6df277ab2eeab9702346f860b3c1e05aa2f162ce8e5fc76ee35","mv10_partition_quality_v1","hclust_average_v1",7,0.264954662773718,0.305737919039757,-0.151148935915694,0.0806451612903226,1,49,2,"closed",FALSE
"06c0dd6c129d8567651081156272cfe972e52c7d",12,"allqc_data_exact500","sct_data_all_qc_fit_selected384","exact500",20260805,"H1","c137f95a58f21525e00e339e610f7ed7d7d68b731e0c8ad7b84638dc78e5cfb7","9fc531b3bcf7c6df277ab2eeab9702346f860b3c1e05aa2f162ce8e5fc76ee35","mv10_partition_quality_v1","hclust_average_v1",8,0.233543066098345,0.260908453406787,-0.144215655156436,0.0725806451612903,1,49,2,"closed",FALSE
"06c0dd6c129d8567651081156272cfe972e52c7d",12,"allqc_data_exact500","sct_data_all_qc_fit_selected384","exact500",20260805,"H1","c137f95a58f21525e00e339e610f7ed7d7d68b731e0c8ad7b84638dc78e5cfb7","9fc531b3bcf7c6df277ab2eeab9702346f860b3c1e05aa2f162ce8e5fc76ee35","mv10_partition_quality_v1","hclust_average_v1",9,0.184602051682649,0.208084984095751,-0.144215655156436,0.0725806451612903,1,40,2,"closed",FALSE
"06c0dd6c129d8567651081156272cfe972e52c7d",12,"allqc_data_exact500","sct_data_all_qc_fit_selected384","exact500",20260805,"H1","c137f95a58f21525e00e339e610f7ed7d7d68b731e0c8ad7b84638dc78e5cfb7","9fc531b3bcf7c6df277ab2eeab9702346f860b3c1e05aa2f162ce8e5fc76ee35","mv10_partition_quality_v1","hclust_average_v1",10,0.195126331564027,0.218935653567606,-0.144215655156436,0.0725806451612903,1,40,2,"closed",FALSE
"06c0dd6c129d8567651081156272cfe972e52c7d",12,"allqc_data_exact500","sct_data_all_qc_fit_selected384","exact500",20260805,"H1","c137f95a58f21525e00e339e610f7ed7d7d68b731e0c8ad7b84638dc78e5cfb7","9fc531b3bcf7c6df277ab2eeab9702346f860b3c1e05aa2f162ce8e5fc76ee35","mv10_partition_quality_v1","hclust_complete_v1",2,0.365287323899387,0.391791708039198,-0.138417856591814,0.032258064516129,44,80,0,"closed",FALSE
"06c0dd6c129d8567651081156272cfe972e52c7d",12,"allqc_data_exact500","sct_data_all_qc_fit_selected384","exact500",20260805,"H1","c137f95a58f21525e00e339e610f7ed7d7d68b731e0c8ad7b84638dc78e5cfb7","9fc531b3bcf7c6df277ab2eeab9702346f860b3c1e05aa2f162ce8e5fc76ee35","mv10_partition_quality_v1","hclust_complete_v1",3,0.331776617023294,0.376705615200896,-0.231184873311663,0.0564516129032258,6,80,0,"closed",FALSE
"06c0dd6c129d8567651081156272cfe972e52c7d",12,"allqc_data_exact500","sct_data_all_qc_fit_selected384","exact500",20260805,"H1","c137f95a58f21525e00e339e610f7ed7d7d68b731e0c8ad7b84638dc78e5cfb7","9fc531b3bcf7c6df277ab2eeab9702346f860b3c1e05aa2f162ce8e5fc76ee35","mv10_partition_quality_v1","hclust_complete_v1",4,0.303365715732746,0.333270683279422,-0.122750275996344,0.032258064516129,6,44,0,"closed",FALSE
"06c0dd6c129d8567651081156272cfe972e52c7d",12,"allqc_data_exact500","sct_data_all_qc_fit_selected384","exact500",20260805,"H1","c137f95a58f21525e00e339e610f7ed7d7d68b731e0c8ad7b84638dc78e5cfb7","9fc531b3bcf7c6df277ab2eeab9702346f860b3c1e05aa2f162ce8e5fc76ee35","mv10_partition_quality_v1","hclust_complete_v1",5,0.259833379619057,0.275433174077989,-0.0870781803111152,0.0483870967741935,6,44,0,"closed",FALSE
"06c0dd6c129d8567651081156272cfe972e52c7d",12,"allqc_data_exact500","sct_data_all_qc_fit_selected384","exact500",20260805,"H1","c137f95a58f21525e00e339e610f7ed7d7d68b731e0c8ad7b84638dc78e5cfb7","9fc531b3bcf7c6df277ab2eeab9702346f860b3c1e05aa2f162ce8e5fc76ee35","mv10_partition_quality_v1","hclust_complete_v1",6,0.230140945451556,0.248291046505989,-0.207223958507115,0.104838709677419,6,44,0,"closed",FALSE
"06c0dd6c129d8567651081156272cfe972e52c7d",12,"allqc_data_exact500","sct_data_all_qc_fit_selected384","exact500",20260805,"H1","c137f95a58f21525e00e339e610f7ed7d7d68b731e0c8ad7b84638dc78e5cfb7","9fc531b3bcf7c6df277ab2eeab9702346f860b3c1e05aa2f162ce8e5fc76ee35","mv10_partition_quality_v1","hclust_complete_v1",7,0.222355208732832,0.230676710331761,-0.207223958507115,0.104838709677419,1,44,1,"closed",FALSE
"06c0dd6c129d8567651081156272cfe972e52c7d",12,"allqc_data_exact500","sct_data_all_qc_fit_selected384","exact500",20260805,"H1","c137f95a58f21525e00e339e610f7ed7d7d68b731e0c8ad7b84638dc78e5cfb7","9fc531b3bcf7c6df277ab2eeab9702346f860b3c1e05aa2f162ce8e5fc76ee35","mv10_partition_quality_v1","hclust_complete_v1",8,0.189256549301364,0.195029675466268,-0.207223958507115,0.0806451612903226,1,44,1,"closed",FALSE
"06c0dd6c129d8567651081156272cfe972e52c7d",12,"allqc_data_exact500","sct_data_all_qc_fit_selected384","exact500",20260805,"H1","c137f95a58f21525e00e339e610f7ed7d7d68b731e0c8ad7b84638dc78e5cfb7","9fc531b3bcf7c6df277ab2eeab9702346f860b3c1e05aa2f162ce8e5fc76ee35","mv10_partition_quality_v1","hclust_complete_v1",9,0.178095612154389,0.174352154845965,-0.207223958507115,0.0725806451612903,1,28,1,"closed",FALSE
"06c0dd6c129d8567651081156272cfe972e52c7d",12,"allqc_data_exact500","sct_data_all_qc_fit_selected384","exact500",20260805,"H1","c137f95a58f21525e00e339e610f7ed7d7d68b731e0c8ad7b84638dc78e5cfb7","9fc531b3bcf7c6df277ab2eeab9702346f860b3c1e05aa2f162ce8e5fc76ee35","mv10_partition_quality_v1","hclust_complete_v1",10,0.184166640710512,0.189876998787443,-0.190931008194776,0.0725806451612903,1,26,1,"closed",FALSE
"06c0dd6c129d8567651081156272cfe972e52c7d",12,"allqc_data_exact500","sct_data_all_qc_fit_selected384","exact500",20260805,"H1","c137f95a58f21525e00e339e610f7ed7d7d68b731e0c8ad7b84638dc78e5cfb7","9fc531b3bcf7c6df277ab2eeab9702346f860b3c1e05aa2f162ce8e5fc76ee35","mv10_partition_quality_v1","hclust_single_diagnostic_v1",2,0.461265340217412,0.518936139436818,-0.564125239441499,0.0403225806451613,1,123,1,"closed",FALSE
"06c0dd6c129d8567651081156272cfe972e52c7d",12,"allqc_data_exact500","sct_data_all_qc_fit_selected384","exact500",20260805,"H1","c137f95a58f21525e00e339e610f7ed7d7d68b731e0c8ad7b84638dc78e5cfb7","9fc531b3bcf7c6df277ab2eeab9702346f860b3c1e05aa2f162ce8e5fc76ee35","mv10_partition_quality_v1","hclust_single_diagnostic_v1",3,0.372868508675652,0.494189690853708,-0.565680316755598,0.0887096774193548,1,122,2,"closed",FALSE
"06c0dd6c129d8567651081156272cfe972e52c7d",12,"allqc_data_exact500","sct_data_all_qc_fit_selected384","exact500",20260805,"H1","c137f95a58f21525e00e339e610f7ed7d7d68b731e0c8ad7b84638dc78e5cfb7","9fc531b3bcf7c6df277ab2eeab9702346f860b3c1e05aa2f162ce8e5fc76ee35","mv10_partition_quality_v1","hclust_single_diagnostic_v1",4,0.154240576663649,0.253056601063994,-0.564343453085796,0.290322580645161,1,121,3,"closed",FALSE
"06c0dd6c129d8567651081156272cfe972e52c7d",12,"allqc_data_exact500","sct_data_all_qc_fit_selected384","exact500",20260805,"H1","c137f95a58f21525e00e339e610f7ed7d7d68b731e0c8ad7b84638dc78e5cfb7","9fc531b3bcf7c6df277ab2eeab9702346f860b3c1e05aa2f162ce8e5fc76ee35","mv10_partition_quality_v1","hclust_single_diagnostic_v1",5,0.136630828506317,0.248180380486136,-0.561945659670785,0.282258064516129,1,119,3,"closed",FALSE
"06c0dd6c129d8567651081156272cfe972e52c7d",12,"allqc_data_exact500","sct_data_all_qc_fit_selected384","exact500",20260805,"H1","c137f95a58f21525e00e339e610f7ed7d7d68b731e0c8ad7b84638dc78e5cfb7","9fc531b3bcf7c6df277ab2eeab9702346f860b3c1e05aa2f162ce8e5fc76ee35","mv10_partition_quality_v1","hclust_single_diagnostic_v1",6,0.124383409693577,0.244825115231934,-0.561945659670785,0.282258064516129,1,119,5,"closed",FALSE
"06c0dd6c129d8567651081156272cfe972e52c7d",12,"allqc_data_exact500","sct_data_all_qc_fit_selected384","exact500",20260805,"H1","c137f95a58f21525e00e339e610f7ed7d7d68b731e0c8ad7b84638dc78e5cfb7","9fc531b3bcf7c6df277ab2eeab9702346f860b3c1e05aa2f162ce8e5fc76ee35","mv10_partition_quality_v1","hclust_single_diagnostic_v1",7,0.0677018002158317,0.203705229912952,-0.560824871212249,0.338709677419355,1,118,6,"closed",FALSE
"06c0dd6c129d8567651081156272cfe972e52c7d",12,"allqc_data_exact500","sct_data_all_qc_fit_selected384","exact500",20260805,"H1","c137f95a58f21525e00e339e610f7ed7d7d68b731e0c8ad7b84638dc78e5cfb7","9fc531b3bcf7c6df277ab2eeab9702346f860b3c1e05aa2f162ce8e5fc76ee35","mv10_partition_quality_v1","hclust_single_diagnostic_v1",8,0.0367067230180309,0.135541539197308,-0.559887311648233,0.346774193548387,1,117,7,"closed",FALSE
"06c0dd6c129d8567651081156272cfe972e52c7d",12,"allqc_data_exact500","sct_data_all_qc_fit_selected384","exact500",20260805,"H1","c137f95a58f21525e00e339e610f7ed7d7d68b731e0c8ad7b84638dc78e5cfb7","9fc531b3bcf7c6df277ab2eeab9702346f860b3c1e05aa2f162ce8e5fc76ee35","mv10_partition_quality_v1","hclust_single_diagnostic_v1",9,0.0222459116136451,0.112711458364436,-0.568603558501799,0.346774193548387,1,116,8,"closed",FALSE
"06c0dd6c129d8567651081156272cfe972e52c7d",12,"allqc_data_exact500","sct_data_all_qc_fit_selected384","exact500",20260805,"H1","c137f95a58f21525e00e339e610f7ed7d7d68b731e0c8ad7b84638dc78e5cfb7","9fc531b3bcf7c6df277ab2eeab9702346f860b3c1e05aa2f162ce8e5fc76ee35","mv10_partition_quality_v1","hclust_single_diagnostic_v1",10,0.0283816292788263,0.116824913096668,-0.558063664357206,0.338709677419355,1,115,9,"closed",FALSE
"06c0dd6c129d8567651081156272cfe972e52c7d",12,"allqc_data_exact500","sct_data_all_qc_fit_selected384","exact500",20260805,"H1","c137f95a58f21525e00e339e610f7ed7d7d68b731e0c8ad7b84638dc78e5cfb7","9fc531b3bcf7c6df277ab2eeab9702346f860b3c1e05aa2f162ce8e5fc76ee35","mv10_partition_quality_v1","diana_dissimilarity_v1",2,0.364424207309088,0.399201328905783,0.00601116057463381,0,50,74,0,"closed",FALSE
"06c0dd6c129d8567651081156272cfe972e52c7d",12,"allqc_data_exact500","sct_data_all_qc_fit_selected384","exact500",20260805,"H1","c137f95a58f21525e00e339e610f7ed7d7d68b731e0c8ad7b84638dc78e5cfb7","9fc531b3bcf7c6df277ab2eeab9702346f860b3c1e05aa2f162ce8e5fc76ee35","mv10_partition_quality_v1","diana_dissimilarity_v1",3,0.334943828173246,0.373902714418493,-0.0726413197346821,0.00806451612903226,6,74,0,"closed",FALSE
"06c0dd6c129d8567651081156272cfe972e52c7d",12,"allqc_data_exact500","sct_data_all_qc_fit_selected384","exact500",20260805,"H1","c137f95a58f21525e00e339e610f7ed7d7d68b731e0c8ad7b84638dc78e5cfb7","9fc531b3bcf7c6df277ab2eeab9702346f860b3c1e05aa2f162ce8e5fc76ee35","mv10_partition_quality_v1","diana_dissimilarity_v1",4,0.305337704312238,0.325587308758587,-0.140343263640773,0.0241935483870968,6,46,0,"closed",FALSE
"06c0dd6c129d8567651081156272cfe972e52c7d",12,"allqc_data_exact500","sct_data_all_qc_fit_selected384","exact500",20260805,"H1","c137f95a58f21525e00e339e610f7ed7d7d68b731e0c8ad7b84638dc78e5cfb7","9fc531b3bcf7c6df277ab2eeab9702346f860b3c1e05aa2f162ce8e5fc76ee35","mv10_partition_quality_v1","diana_dissimilarity_v1",5,0.251444022962652,0.267669923312598,-0.0134837610018632,0.00806451612903226,6,46,0,"closed",FALSE
"06c0dd6c129d8567651081156272cfe972e52c7d",12,"allqc_data_exact500","sct_data_all_qc_fit_selected384","exact500",20260805,"H1","c137f95a58f21525e00e339e610f7ed7d7d68b731e0c8ad7b84638dc78e5cfb7","9fc531b3bcf7c6df277ab2eeab9702346f860b3c1e05aa2f162ce8e5fc76ee35","mv10_partition_quality_v1","diana_dissimilarity_v1",6,0.233818051485296,0.255422770508167,-0.0292212522791328,0.0241935483870968,3,46,0,"closed",FALSE
"06c0dd6c129d8567651081156272cfe972e52c7d",12,"allqc_data_exact500","sct_data_all_qc_fit_selected384","exact500",20260805,"H1","c137f95a58f21525e00e339e610f7ed7d7d68b731e0c8ad7b84638dc78e5cfb7","9fc531b3bcf7c6df277ab2eeab9702346f860b3c1e05aa2f162ce8e5fc76ee35","mv10_partition_quality_v1","diana_dissimilarity_v1",7,0.226299921248995,0.247561422357375,-0.0292212522791328,0.0241935483870968,1,46,1,"closed",FALSE
"06c0dd6c129d8567651081156272cfe972e52c7d",12,"allqc_data_exact500","sct_data_all_qc_fit_selected384","exact500",20260805,"H1","c137f95a58f21525e00e339e610f7ed7d7d68b731e0c8ad7b84638dc78e5cfb7","9fc531b3bcf7c6df277ab2eeab9702346f860b3c1e05aa2f162ce8e5fc76ee35","mv10_partition_quality_v1","diana_dissimilarity_v1",8,0.22059251582516,0.237782685472512,-0.0357291207428421,0.032258064516129,1,46,2,"closed",FALSE
"06c0dd6c129d8567651081156272cfe972e52c7d",12,"allqc_data_exact500","sct_data_all_qc_fit_selected384","exact500",20260805,"H1","c137f95a58f21525e00e339e610f7ed7d7d68b731e0c8ad7b84638dc78e5cfb7","9fc531b3bcf7c6df277ab2eeab9702346f860b3c1e05aa2f162ce8e5fc76ee35","mv10_partition_quality_v1","diana_dissimilarity_v1",9,0.225073574194606,0.247561422357375,-0.135760314361167,0.0725806451612903,1,46,2,"closed",FALSE
"06c0dd6c129d8567651081156272cfe972e52c7d",12,"allqc_data_exact500","sct_data_all_qc_fit_selected384","exact500",20260805,"H1","c137f95a58f21525e00e339e610f7ed7d7d68b731e0c8ad7b84638dc78e5cfb7","9fc531b3bcf7c6df277ab2eeab9702346f860b3c1e05aa2f162ce8e5fc76ee35","mv10_partition_quality_v1","diana_dissimilarity_v1",10,0.191494656019298,0.200705858281315,-0.181521915226161,0.0725806451612903,1,46,2,"closed",FALSE
"06c0dd6c129d8567651081156272cfe972e52c7d",13,"allqc_data_exact500","sct_data_all_qc_fit_selected384","exact500",20260806,"H0","a4347e2f224e04adbd59a56cd18d913f0dcb1fc25152bd0a99e9732f834f2002","9fc531b3bcf7c6df277ab2eeab9702346f860b3c1e05aa2f162ce8e5fc76ee35","mv10_partition_quality_v1","pam_dissimilarity_v1",2,0.633947425425317,0.687169302275866,0.0443746475719154,0,28,96,0,"closed",FALSE
"06c0dd6c129d8567651081156272cfe972e52c7d",13,"allqc_data_exact500","sct_data_all_qc_fit_selected384","exact500",20260806,"H0","a4347e2f224e04adbd59a56cd18d913f0dcb1fc25152bd0a99e9732f834f2002","9fc531b3bcf7c6df277ab2eeab9702346f860b3c1e05aa2f162ce8e5fc76ee35","mv10_partition_quality_v1","pam_dissimilarity_v1",3,0.474007665756551,0.538152335307426,-0.048640791626164,0.00806451612903226,26,55,0,"closed",FALSE
"06c0dd6c129d8567651081156272cfe972e52c7d",13,"allqc_data_exact500","sct_data_all_qc_fit_selected384","exact500",20260806,"H0","a4347e2f224e04adbd59a56cd18d913f0dcb1fc25152bd0a99e9732f834f2002","9fc531b3bcf7c6df277ab2eeab9702346f860b3c1e05aa2f162ce8e5fc76ee35","mv10_partition_quality_v1","pam_dissimilarity_v1",4,0.401479781761068,0.439930386092468,-0.0699587072903398,0.0241935483870968,25,37,0,"closed",FALSE
"06c0dd6c129d8567651081156272cfe972e52c7d",13,"allqc_data_exact500","sct_data_all_qc_fit_selected384","exact500",20260806,"H0","a4347e2f224e04adbd59a56cd18d913f0dcb1fc25152bd0a99e9732f834f2002","9fc531b3bcf7c6df277ab2eeab9702346f860b3c1e05aa2f162ce8e5fc76ee35","mv10_partition_quality_v1","pam_dissimilarity_v1",5,0.414677988373671,0.45395043325068,-0.0635619166212601,0.0161290322580645,5,37,0,"closed",FALSE
"06c0dd6c129d8567651081156272cfe972e52c7d",13,"allqc_data_exact500","sct_data_all_qc_fit_selected384","exact500",20260806,"H0","a4347e2f224e04adbd59a56cd18d913f0dcb1fc25152bd0a99e9732f834f2002","9fc531b3bcf7c6df277ab2eeab9702346f860b3c1e05aa2f162ce8e5fc76ee35","mv10_partition_quality_v1","pam_dissimilarity_v1",6,0.365369182668061,0.377522962155623,-0.0754504413311169,0.0241935483870968,5,34,0,"closed",FALSE
"06c0dd6c129d8567651081156272cfe972e52c7d",13,"allqc_data_exact500","sct_data_all_qc_fit_selected384","exact500",20260806,"H0","a4347e2f224e04adbd59a56cd18d913f0dcb1fc25152bd0a99e9732f834f2002","9fc531b3bcf7c6df277ab2eeab9702346f860b3c1e05aa2f162ce8e5fc76ee35","mv10_partition_quality_v1","pam_dissimilarity_v1",7,0.367130891725201,0.410932579579637,-0.0577093030196137,0.0241935483870968,5,25,0,"closed",FALSE
"06c0dd6c129d8567651081156272cfe972e52c7d",13,"allqc_data_exact500","sct_data_all_qc_fit_selected384","exact500",20260806,"H0","a4347e2f224e04adbd59a56cd18d913f0dcb1fc25152bd0a99e9732f834f2002","9fc531b3bcf7c6df277ab2eeab9702346f860b3c1e05aa2f162ce8e5fc76ee35","mv10_partition_quality_v1","pam_dissimilarity_v1",8,0.332755606863557,0.371587533319042,-0.0577093030196137,0.0403225806451613,5,25,0,"closed",FALSE
"06c0dd6c129d8567651081156272cfe972e52c7d",13,"allqc_data_exact500","sct_data_all_qc_fit_selected384","exact500",20260806,"H0","a4347e2f224e04adbd59a56cd18d913f0dcb1fc25152bd0a99e9732f834f2002","9fc531b3bcf7c6df277ab2eeab9702346f860b3c1e05aa2f162ce8e5fc76ee35","mv10_partition_quality_v1","pam_dissimilarity_v1",9,0.334870788456636,0.365671146125091,-0.187067336984286,0.0645161290322581,5,22,0,"closed",FALSE
"06c0dd6c129d8567651081156272cfe972e52c7d",13,"allqc_data_exact500","sct_data_all_qc_fit_selected384","exact500",20260806,"H0","a4347e2f224e04adbd59a56cd18d913f0dcb1fc25152bd0a99e9732f834f2002","9fc531b3bcf7c6df277ab2eeab9702346f860b3c1e05aa2f162ce8e5fc76ee35","mv10_partition_quality_v1","pam_dissimilarity_v1",10,0.311843728510618,0.354786593245724,-0.187067336984286,0.0645161290322581,5,20,0,"closed",FALSE
"06c0dd6c129d8567651081156272cfe972e52c7d",13,"allqc_data_exact500","sct_data_all_qc_fit_selected384","exact500",20260806,"H0","a4347e2f224e04adbd59a56cd18d913f0dcb1fc25152bd0a99e9732f834f2002","9fc531b3bcf7c6df277ab2eeab9702346f860b3c1e05aa2f162ce8e5fc76ee35","mv10_partition_quality_v1","hclust_average_v1",2,0.639303404680725,0.695793789089381,-0.0786738201723445,0.0161290322580645,26,98,0,"closed",FALSE
"06c0dd6c129d8567651081156272cfe972e52c7d",13,"allqc_data_exact500","sct_data_all_qc_fit_selected384","exact500",20260806,"H0","a4347e2f224e04adbd59a56cd18d913f0dcb1fc25152bd0a99e9732f834f2002","9fc531b3bcf7c6df277ab2eeab9702346f860b3c1e05aa2f162ce8e5fc76ee35","mv10_partition_quality_v1","hclust_average_v1",3,0.474322375267558,0.574780678709278,-0.65652361792132,0.0725806451612903,1,97,1,"closed",FALSE
"06c0dd6c129d8567651081156272cfe972e52c7d",13,"allqc_data_exact500","sct_data_all_qc_fit_selected384","exact500",20260806,"H0","a4347e2f224e04adbd59a56cd18d913f0dcb1fc25152bd0a99e9732f834f2002","9fc531b3bcf7c6df277ab2eeab9702346f860b3c1e05aa2f162ce8e5fc76ee35","mv10_partition_quality_v1","hclust_average_v1",4,0.445111404704173,0.548144077601043,-0.65652361792132,0.0725806451612903,1,97,1,"closed",FALSE
"06c0dd6c129d8567651081156272cfe972e52c7d",13,"allqc_data_exact500","sct_data_all_qc_fit_selected384","exact500",20260806,"H0","a4347e2f224e04adbd59a56cd18d913f0dcb1fc25152bd0a99e9732f834f2002","9fc531b3bcf7c6df277ab2eeab9702346f860b3c1e05aa2f162ce8e5fc76ee35","mv10_partition_quality_v1","hclust_average_v1",5,0.444641732158408,0.5341274246088,-0.392294932198572,0.0564516129032258,1,62,1,"closed",FALSE
"06c0dd6c129d8567651081156272cfe972e52c7d",13,"allqc_data_exact500","sct_data_all_qc_fit_selected384","exact500",20260806,"H0","a4347e2f224e04adbd59a56cd18d913f0dcb1fc25152bd0a99e9732f834f2002","9fc531b3bcf7c6df277ab2eeab9702346f860b3c1e05aa2f162ce8e5fc76ee35","mv10_partition_quality_v1","hclust_average_v1",6,0.383819208076462,0.474552978258113,-0.431739564595014,0.0806451612903226,1,62,2,"closed",FALSE
"06c0dd6c129d8567651081156272cfe972e52c7d",13,"allqc_data_exact500","sct_data_all_qc_fit_selected384","exact500",20260806,"H0","a4347e2f224e04adbd59a56cd18d913f0dcb1fc25152bd0a99e9732f834f2002","9fc531b3bcf7c6df277ab2eeab9702346f860b3c1e05aa2f162ce8e5fc76ee35","mv10_partition_quality_v1","hclust_average_v1",7,0.369706720401669,0.439737151683847,-0.431739564595014,0.0887096774193548,1,62,2,"closed",FALSE
"06c0dd6c129d8567651081156272cfe972e52c7d",13,"allqc_data_exact500","sct_data_all_qc_fit_selected384","exact500",20260806,"H0","a4347e2f224e04adbd59a56cd18d913f0dcb1fc25152bd0a99e9732f834f2002","9fc531b3bcf7c6df277ab2eeab9702346f860b3c1e05aa2f162ce8e5fc76ee35","mv10_partition_quality_v1","hclust_average_v1",8,0.343558465260707,0.388765427618494,-0.392294932198572,0.0645161290322581,1,37,2,"closed",FALSE
"06c0dd6c129d8567651081156272cfe972e52c7d",13,"allqc_data_exact500","sct_data_all_qc_fit_selected384","exact500",20260806,"H0","a4347e2f224e04adbd59a56cd18d913f0dcb1fc25152bd0a99e9732f834f2002","9fc531b3bcf7c6df277ab2eeab9702346f860b3c1e05aa2f162ce8e5fc76ee35","mv10_partition_quality_v1","hclust_average_v1",9,0.340207481495409,0.38035162664096,-0.392294932198572,0.0564516129032258,1,37,2,"closed",FALSE
"06c0dd6c129d8567651081156272cfe972e52c7d",13,"allqc_data_exact500","sct_data_all_qc_fit_selected384","exact500",20260806,"H0","a4347e2f224e04adbd59a56cd18d913f0dcb1fc25152bd0a99e9732f834f2002","9fc531b3bcf7c6df277ab2eeab9702346f860b3c1e05aa2f162ce8e5fc76ee35","mv10_partition_quality_v1","hclust_average_v1",10,0.350406078981277,0.388765427618494,-0.392294932198572,0.0483870967741935,1,37,2,"closed",FALSE
"06c0dd6c129d8567651081156272cfe972e52c7d",13,"allqc_data_exact500","sct_data_all_qc_fit_selected384","exact500",20260806,"H0","a4347e2f224e04adbd59a56cd18d913f0dcb1fc25152bd0a99e9732f834f2002","9fc531b3bcf7c6df277ab2eeab9702346f860b3c1e05aa2f162ce8e5fc76ee35","mv10_partition_quality_v1","hclust_complete_v1",2,0.395328715854164,0.486746160379875,-0.464860245375283,0.161290322580645,60,64,0,"closed",FALSE
"06c0dd6c129d8567651081156272cfe972e52c7d",13,"allqc_data_exact500","sct_data_all_qc_fit_selected384","exact500",20260806,"H0","a4347e2f224e04adbd59a56cd18d913f0dcb1fc25152bd0a99e9732f834f2002","9fc531b3bcf7c6df277ab2eeab9702346f860b3c1e05aa2f162ce8e5fc76ee35","mv10_partition_quality_v1","hclust_complete_v1",3,0.373029600180712,0.431608663129619,-0.459594792839694,0.145161290322581,5,60,0,"closed",FALSE
"06c0dd6c129d8567651081156272cfe972e52c7d",13,"allqc_data_exact500","sct_data_all_qc_fit_selected384","exact500",20260806,"H0","a4347e2f224e04adbd59a56cd18d913f0dcb1fc25152bd0a99e9732f834f2002","9fc531b3bcf7c6df277ab2eeab9702346f860b3c1e05aa2f162ce8e5fc76ee35","mv10_partition_quality_v1","hclust_complete_v1",4,0.427884948244945,0.52455957112571,-0.350796090277993,0.0806451612903226,5,60,0,"closed",FALSE
"06c0dd6c129d8567651081156272cfe972e52c7d",13,"allqc_data_exact500","sct_data_all_qc_fit_selected384","exact500",20260806,"H0","a4347e2f224e04adbd59a56cd18d913f0dcb1fc25152bd0a99e9732f834f2002","9fc531b3bcf7c6df277ab2eeab9702346f860b3c1e05aa2f162ce8e5fc76ee35","mv10_partition_quality_v1","hclust_complete_v1",5,0.384232734287181,0.471473219667028,-0.374144508983214,0.112903225806452,4,56,0,"closed",FALSE
"06c0dd6c129d8567651081156272cfe972e52c7d",13,"allqc_data_exact500","sct_data_all_qc_fit_selected384","exact500",20260806,"H0","a4347e2f224e04adbd59a56cd18d913f0dcb1fc25152bd0a99e9732f834f2002","9fc531b3bcf7c6df277ab2eeab9702346f860b3c1e05aa2f162ce8e5fc76ee35","mv10_partition_quality_v1","hclust_complete_v1",6,0.331364883028304,0.38155784935924,-0.374144508983214,0.112903225806452,4,56,0,"closed",FALSE
"06c0dd6c129d8567651081156272cfe972e52c7d",13,"allqc_data_exact500","sct_data_all_qc_fit_selected384","exact500",20260806,"H0","a4347e2f224e04adbd59a56cd18d913f0dcb1fc25152bd0a99e9732f834f2002","9fc531b3bcf7c6df277ab2eeab9702346f860b3c1e05aa2f162ce8e5fc76ee35","mv10_partition_quality_v1","hclust_complete_v1",7,0.309405515896033,0.35069480253517,-0.253702421513298,0.0806451612903226,4,37,0,"closed",FALSE
"06c0dd6c129d8567651081156272cfe972e52c7d",13,"allqc_data_exact500","sct_data_all_qc_fit_selected384","exact500",20260806,"H0","a4347e2f224e04adbd59a56cd18d913f0dcb1fc25152bd0a99e9732f834f2002","9fc531b3bcf7c6df277ab2eeab9702346f860b3c1e05aa2f162ce8e5fc76ee35","mv10_partition_quality_v1","hclust_complete_v1",8,0.318317039260487,0.359941925267856,-0.253702421513298,0.112903225806452,4,37,0,"closed",FALSE
"06c0dd6c129d8567651081156272cfe972e52c7d",13,"allqc_data_exact500","sct_data_all_qc_fit_selected384","exact500",20260806,"H0","a4347e2f224e04adbd59a56cd18d913f0dcb1fc25152bd0a99e9732f834f2002","9fc531b3bcf7c6df277ab2eeab9702346f860b3c1e05aa2f162ce8e5fc76ee35","mv10_partition_quality_v1","hclust_complete_v1",9,0.276825259151147,0.318539971714651,-0.320986801655141,0.137096774193548,4,31,0,"closed",FALSE
"06c0dd6c129d8567651081156272cfe972e52c7d",13,"allqc_data_exact500","sct_data_all_qc_fit_selected384","exact500",20260806,"H0","a4347e2f224e04adbd59a56cd18d913f0dcb1fc25152bd0a99e9732f834f2002","9fc531b3bcf7c6df277ab2eeab9702346f860b3c1e05aa2f162ce8e5fc76ee35","mv10_partition_quality_v1","hclust_complete_v1",10,0.284389192008276,0.329756494352492,-0.308177251117695,0.129032258064516,2,31,0,"closed",FALSE
"06c0dd6c129d8567651081156272cfe972e52c7d",13,"allqc_data_exact500","sct_data_all_qc_fit_selected384","exact500",20260806,"H0","a4347e2f224e04adbd59a56cd18d913f0dcb1fc25152bd0a99e9732f834f2002","9fc531b3bcf7c6df277ab2eeab9702346f860b3c1e05aa2f162ce8e5fc76ee35","mv10_partition_quality_v1","hclust_single_diagnostic_v1",2,0.55977886568169,0.715037124609269,-0.611991293988545,0.104838709677419,5,119,0,"closed",FALSE
"06c0dd6c129d8567651081156272cfe972e52c7d",13,"allqc_data_exact500","sct_data_all_qc_fit_selected384","exact500",20260806,"H0","a4347e2f224e04adbd59a56cd18d913f0dcb1fc25152bd0a99e9732f834f2002","9fc531b3bcf7c6df277ab2eeab9702346f860b3c1e05aa2f162ce8e5fc76ee35","mv10_partition_quality_v1","hclust_single_diagnostic_v1",3,0.508181426804642,0.684762152707644,-0.712809193083722,0.120967741935484,2,119,0,"closed",FALSE
"06c0dd6c129d8567651081156272cfe972e52c7d",13,"allqc_data_exact500","sct_data_all_qc_fit_selected384","exact500",20260806,"H0","a4347e2f224e04adbd59a56cd18d913f0dcb1fc25152bd0a99e9732f834f2002","9fc531b3bcf7c6df277ab2eeab9702346f860b3c1e05aa2f162ce8e5fc76ee35","mv10_partition_quality_v1","hclust_single_diagnostic_v1",4,0.216886414032293,0.425965590110772,-0.713852406645548,0.225806451612903,1,118,1,"closed",FALSE
"06c0dd6c129d8567651081156272cfe972e52c7d",13,"allqc_data_exact500","sct_data_all_qc_fit_selected384","exact500",20260806,"H0","a4347e2f224e04adbd59a56cd18d913f0dcb1fc25152bd0a99e9732f834f2002","9fc531b3bcf7c6df277ab2eeab9702346f860b3c1e05aa2f162ce8e5fc76ee35","mv10_partition_quality_v1","hclust_single_diagnostic_v1",5,0.209363572080424,0.412507485803199,-0.748917433096275,0.225806451612903,1,118,2,"closed",FALSE
"06c0dd6c129d8567651081156272cfe972e52c7d",13,"allqc_data_exact500","sct_data_all_qc_fit_selected384","exact500",20260806,"H0","a4347e2f224e04adbd59a56cd18d913f0dcb1fc25152bd0a99e9732f834f2002","9fc531b3bcf7c6df277ab2eeab9702346f860b3c1e05aa2f162ce8e5fc76ee35","mv10_partition_quality_v1","hclust_single_diagnostic_v1",6,0.204333636103398,0.412507485803199,-0.748917433096275,0.225806451612903,1,118,4,"closed",FALSE
"06c0dd6c129d8567651081156272cfe972e52c7d",13,"allqc_data_exact500","sct_data_all_qc_fit_selected384","exact500",20260806,"H0","a4347e2f224e04adbd59a56cd18d913f0dcb1fc25152bd0a99e9732f834f2002","9fc531b3bcf7c6df277ab2eeab9702346f860b3c1e05aa2f162ce8e5fc76ee35","mv10_partition_quality_v1","hclust_single_diagnostic_v1",7,0.438060610383712,0.542685311758367,-0.578930240067112,0.0887096774193548,1,98,4,"closed",FALSE
"06c0dd6c129d8567651081156272cfe972e52c7d",13,"allqc_data_exact500","sct_data_all_qc_fit_selected384","exact500",20260806,"H0","a4347e2f224e04adbd59a56cd18d913f0dcb1fc25152bd0a99e9732f834f2002","9fc531b3bcf7c6df277ab2eeab9702346f860b3c1e05aa2f162ce8e5fc76ee35","mv10_partition_quality_v1","hclust_single_diagnostic_v1",8,0.316257860684535,0.411048247013151,-0.65652361792132,0.137096774193548,1,97,5,"closed",FALSE
"06c0dd6c129d8567651081156272cfe972e52c7d",13,"allqc_data_exact500","sct_data_all_qc_fit_selected384","exact500",20260806,"H0","a4347e2f224e04adbd59a56cd18d913f0dcb1fc25152bd0a99e9732f834f2002","9fc531b3bcf7c6df277ab2eeab9702346f860b3c1e05aa2f162ce8e5fc76ee35","mv10_partition_quality_v1","hclust_single_diagnostic_v1",9,0.202010457341674,0.329405776589009,-0.653361387921325,0.217741935483871,1,96,6,"closed",FALSE
"06c0dd6c129d8567651081156272cfe972e52c7d",13,"allqc_data_exact500","sct_data_all_qc_fit_selected384","exact500",20260806,"H0","a4347e2f224e04adbd59a56cd18d913f0dcb1fc25152bd0a99e9732f834f2002","9fc531b3bcf7c6df277ab2eeab9702346f860b3c1e05aa2f162ce8e5fc76ee35","mv10_partition_quality_v1","hclust_single_diagnostic_v1",10,0.197423050004052,0.329405776589009,-0.653361387921325,0.217741935483871,1,96,8,"closed",FALSE
"06c0dd6c129d8567651081156272cfe972e52c7d",13,"allqc_data_exact500","sct_data_all_qc_fit_selected384","exact500",20260806,"H0","a4347e2f224e04adbd59a56cd18d913f0dcb1fc25152bd0a99e9732f834f2002","9fc531b3bcf7c6df277ab2eeab9702346f860b3c1e05aa2f162ce8e5fc76ee35","mv10_partition_quality_v1","diana_dissimilarity_v1",2,0.633947425425317,0.687169302275866,0.0443746475719154,0,28,96,0,"closed",FALSE
"06c0dd6c129d8567651081156272cfe972e52c7d",13,"allqc_data_exact500","sct_data_all_qc_fit_selected384","exact500",20260806,"H0","a4347e2f224e04adbd59a56cd18d913f0dcb1fc25152bd0a99e9732f834f2002","9fc531b3bcf7c6df277ab2eeab9702346f860b3c1e05aa2f162ce8e5fc76ee35","mv10_partition_quality_v1","diana_dissimilarity_v1",3,0.589177350554424,0.652213033067607,0.0120029883445643,0,5,96,0,"closed",FALSE
"06c0dd6c129d8567651081156272cfe972e52c7d",13,"allqc_data_exact500","sct_data_all_qc_fit_selected384","exact500",20260806,"H0","a4347e2f224e04adbd59a56cd18d913f0dcb1fc25152bd0a99e9732f834f2002","9fc531b3bcf7c6df277ab2eeab9702346f860b3c1e05aa2f162ce8e5fc76ee35","mv10_partition_quality_v1","diana_dissimilarity_v1",4,0.481475107054833,0.538142872723997,-0.0130530834724392,0.00806451612903226,5,58,0,"closed",FALSE
"06c0dd6c129d8567651081156272cfe972e52c7d",13,"allqc_data_exact500","sct_data_all_qc_fit_selected384","exact500",20260806,"H0","a4347e2f224e04adbd59a56cd18d913f0dcb1fc25152bd0a99e9732f834f2002","9fc531b3bcf7c6df277ab2eeab9702346f860b3c1e05aa2f162ce8e5fc76ee35","mv10_partition_quality_v1","diana_dissimilarity_v1",5,0.432338026240681,0.48844275114515,-0.0148297399302764,0.00806451612903226,5,58,0,"closed",FALSE
"06c0dd6c129d8567651081156272cfe972e52c7d",13,"allqc_data_exact500","sct_data_all_qc_fit_selected384","exact500",20260806,"H0","a4347e2f224e04adbd59a56cd18d913f0dcb1fc25152bd0a99e9732f834f2002","9fc531b3bcf7c6df277ab2eeab9702346f860b3c1e05aa2f162ce8e5fc76ee35","mv10_partition_quality_v1","diana_dissimilarity_v1",6,0.362994138414494,0.43366763047063,-0.218450519649195,0.0645161290322581,5,58,0,"closed",FALSE
"06c0dd6c129d8567651081156272cfe972e52c7d",13,"allqc_data_exact500","sct_data_all_qc_fit_selected384","exact500",20260806,"H0","a4347e2f224e04adbd59a56cd18d913f0dcb1fc25152bd0a99e9732f834f2002","9fc531b3bcf7c6df277ab2eeab9702346f860b3c1e05aa2f162ce8e5fc76ee35","mv10_partition_quality_v1","diana_dissimilarity_v1",7,0.360964807651388,0.390924435133268,-0.0351907118673597,0.0161290322580645,5,35,0,"closed",FALSE
"06c0dd6c129d8567651081156272cfe972e52c7d",13,"allqc_data_exact500","sct_data_all_qc_fit_selected384","exact500",20260806,"H0","a4347e2f224e04adbd59a56cd18d913f0dcb1fc25152bd0a99e9732f834f2002","9fc531b3bcf7c6df277ab2eeab9702346f860b3c1e05aa2f162ce8e5fc76ee35","mv10_partition_quality_v1","diana_dissimilarity_v1",8,0.362234938318917,0.40768045637637,-0.148013493450802,0.0161290322580645,3,35,0,"closed",FALSE
"06c0dd6c129d8567651081156272cfe972e52c7d",13,"allqc_data_exact500","sct_data_all_qc_fit_selected384","exact500",20260806,"H0","a4347e2f224e04adbd59a56cd18d913f0dcb1fc25152bd0a99e9732f834f2002","9fc531b3bcf7c6df277ab2eeab9702346f860b3c1e05aa2f162ce8e5fc76ee35","mv10_partition_quality_v1","diana_dissimilarity_v1",9,0.339980982356974,0.402554037467465,-0.148013493450802,0.032258064516129,3,26,0,"closed",FALSE
"06c0dd6c129d8567651081156272cfe972e52c7d",13,"allqc_data_exact500","sct_data_all_qc_fit_selected384","exact500",20260806,"H0","a4347e2f224e04adbd59a56cd18d913f0dcb1fc25152bd0a99e9732f834f2002","9fc531b3bcf7c6df277ab2eeab9702346f860b3c1e05aa2f162ce8e5fc76ee35","mv10_partition_quality_v1","diana_dissimilarity_v1",10,0.328907589048297,0.375479005520083,-0.148013493450802,0.0403225806451613,1,26,1,"closed",FALSE
"06c0dd6c129d8567651081156272cfe972e52c7d",14,"allqc_data_exact500","sct_data_all_qc_fit_selected384","exact500",20260806,"H1","8e40b1a07cd3fa694912ddaf66af997db22fa0fc1d76441dcec913182ba6f2f8","9fc531b3bcf7c6df277ab2eeab9702346f860b3c1e05aa2f162ce8e5fc76ee35","mv10_partition_quality_v1","pam_dissimilarity_v1",2,0.356171593745486,0.402944770660241,0.000464341079056914,0,55,69,0,"closed",FALSE
"06c0dd6c129d8567651081156272cfe972e52c7d",14,"allqc_data_exact500","sct_data_all_qc_fit_selected384","exact500",20260806,"H1","8e40b1a07cd3fa694912ddaf66af997db22fa0fc1d76441dcec913182ba6f2f8","9fc531b3bcf7c6df277ab2eeab9702346f860b3c1e05aa2f162ce8e5fc76ee35","mv10_partition_quality_v1","pam_dissimilarity_v1",3,0.317880736984322,0.342003228207303,-0.0835128041289778,0.032258064516129,29,51,0,"closed",FALSE
"06c0dd6c129d8567651081156272cfe972e52c7d",14,"allqc_data_exact500","sct_data_all_qc_fit_selected384","exact500",20260806,"H1","8e40b1a07cd3fa694912ddaf66af997db22fa0fc1d76441dcec913182ba6f2f8","9fc531b3bcf7c6df277ab2eeab9702346f860b3c1e05aa2f162ce8e5fc76ee35","mv10_partition_quality_v1","pam_dissimilarity_v1",4,0.282012736640044,0.307501193815496,-0.0773015023647736,0.0564516129032258,18,48,0,"closed",FALSE
"06c0dd6c129d8567651081156272cfe972e52c7d",14,"allqc_data_exact500","sct_data_all_qc_fit_selected384","exact500",20260806,"H1","8e40b1a07cd3fa694912ddaf66af997db22fa0fc1d76441dcec913182ba6f2f8","9fc531b3bcf7c6df277ab2eeab9702346f860b3c1e05aa2f162ce8e5fc76ee35","mv10_partition_quality_v1","pam_dissimilarity_v1",5,0.215953926058501,0.227450450849535,-0.224213216102744,0.0645161290322581,7,35,0,"closed",FALSE
"06c0dd6c129d8567651081156272cfe972e52c7d",14,"allqc_data_exact500","sct_data_all_qc_fit_selected384","exact500",20260806,"H1","8e40b1a07cd3fa694912ddaf66af997db22fa0fc1d76441dcec913182ba6f2f8","9fc531b3bcf7c6df277ab2eeab9702346f860b3c1e05aa2f162ce8e5fc76ee35","mv10_partition_quality_v1","pam_dissimilarity_v1",6,0.206326435278029,0.213891262998578,-0.333486592050697,0.0645161290322581,7,29,0,"closed",FALSE
"06c0dd6c129d8567651081156272cfe972e52c7d",14,"allqc_data_exact500","sct_data_all_qc_fit_selected384","exact500",20260806,"H1","8e40b1a07cd3fa694912ddaf66af997db22fa0fc1d76441dcec913182ba6f2f8","9fc531b3bcf7c6df277ab2eeab9702346f860b3c1e05aa2f162ce8e5fc76ee35","mv10_partition_quality_v1","pam_dissimilarity_v1",7,0.185402397006983,0.187671691615985,-0.0642869571648296,0.0887096774193548,6,29,0,"closed",FALSE
"06c0dd6c129d8567651081156272cfe972e52c7d",14,"allqc_data_exact500","sct_data_all_qc_fit_selected384","exact500",20260806,"H1","8e40b1a07cd3fa694912ddaf66af997db22fa0fc1d76441dcec913182ba6f2f8","9fc531b3bcf7c6df277ab2eeab9702346f860b3c1e05aa2f162ce8e5fc76ee35","mv10_partition_quality_v1","pam_dissimilarity_v1",8,0.169057753407605,0.18046466272398,-0.0780044950816097,0.0806451612903226,6,27,0,"closed",FALSE
"06c0dd6c129d8567651081156272cfe972e52c7d",14,"allqc_data_exact500","sct_data_all_qc_fit_selected384","exact500",20260806,"H1","8e40b1a07cd3fa694912ddaf66af997db22fa0fc1d76441dcec913182ba6f2f8","9fc531b3bcf7c6df277ab2eeab9702346f860b3c1e05aa2f162ce8e5fc76ee35","mv10_partition_quality_v1","pam_dissimilarity_v1",9,0.15557596121374,0.16480912000758,-0.0780044950816097,0.0806451612903226,6,20,0,"closed",FALSE
"06c0dd6c129d8567651081156272cfe972e52c7d",14,"allqc_data_exact500","sct_data_all_qc_fit_selected384","exact500",20260806,"H1","8e40b1a07cd3fa694912ddaf66af997db22fa0fc1d76441dcec913182ba6f2f8","9fc531b3bcf7c6df277ab2eeab9702346f860b3c1e05aa2f162ce8e5fc76ee35","mv10_partition_quality_v1","pam_dissimilarity_v1",10,0.159175462258131,0.165944791697502,-0.168755322831324,0.0725806451612903,6,21,0,"closed",FALSE
"06c0dd6c129d8567651081156272cfe972e52c7d",14,"allqc_data_exact500","sct_data_all_qc_fit_selected384","exact500",20260806,"H1","8e40b1a07cd3fa694912ddaf66af997db22fa0fc1d76441dcec913182ba6f2f8","9fc531b3bcf7c6df277ab2eeab9702346f860b3c1e05aa2f162ce8e5fc76ee35","mv10_partition_quality_v1","hclust_average_v1",2,0.3722396570492,0.444847088479503,-0.304636270805585,0.0806451612903226,7,117,0,"closed",FALSE
"06c0dd6c129d8567651081156272cfe972e52c7d",14,"allqc_data_exact500","sct_data_all_qc_fit_selected384","exact500",20260806,"H1","8e40b1a07cd3fa694912ddaf66af997db22fa0fc1d76441dcec913182ba6f2f8","9fc531b3bcf7c6df277ab2eeab9702346f860b3c1e05aa2f162ce8e5fc76ee35","mv10_partition_quality_v1","hclust_average_v1",3,0.301480389813481,0.378968078577407,-0.241280201496658,0.0887096774193548,7,90,0,"closed",FALSE
"06c0dd6c129d8567651081156272cfe972e52c7d",14,"allqc_data_exact500","sct_data_all_qc_fit_selected384","exact500",20260806,"H1","8e40b1a07cd3fa694912ddaf66af997db22fa0fc1d76441dcec913182ba6f2f8","9fc531b3bcf7c6df277ab2eeab9702346f860b3c1e05aa2f162ce8e5fc76ee35","mv10_partition_quality_v1","hclust_average_v1",4,0.278485368222809,0.349240979244271,-0.302819001012395,0.112903225806452,2,90,0,"closed",FALSE
"06c0dd6c129d8567651081156272cfe972e52c7d",14,"allqc_data_exact500","sct_data_all_qc_fit_selected384","exact500",20260806,"H1","8e40b1a07cd3fa694912ddaf66af997db22fa0fc1d76441dcec913182ba6f2f8","9fc531b3bcf7c6df277ab2eeab9702346f860b3c1e05aa2f162ce8e5fc76ee35","mv10_partition_quality_v1","hclust_average_v1",5,0.241056938520894,0.291899977173673,-0.302819001012395,0.137096774193548,1,90,1,"closed",FALSE
"06c0dd6c129d8567651081156272cfe972e52c7d",14,"allqc_data_exact500","sct_data_all_qc_fit_selected384","exact500",20260806,"H1","8e40b1a07cd3fa694912ddaf66af997db22fa0fc1d76441dcec913182ba6f2f8","9fc531b3bcf7c6df277ab2eeab9702346f860b3c1e05aa2f162ce8e5fc76ee35","mv10_partition_quality_v1","hclust_average_v1",6,0.297194029791155,0.328981592566466,-0.17609047988071,0.0403225806451613,1,53,1,"closed",FALSE
"06c0dd6c129d8567651081156272cfe972e52c7d",14,"allqc_data_exact500","sct_data_all_qc_fit_selected384","exact500",20260806,"H1","8e40b1a07cd3fa694912ddaf66af997db22fa0fc1d76441dcec913182ba6f2f8","9fc531b3bcf7c6df277ab2eeab9702346f860b3c1e05aa2f162ce8e5fc76ee35","mv10_partition_quality_v1","hclust_average_v1",7,0.287643894975116,0.321251740465065,-0.17609047988071,0.0483870967741935,1,53,2,"closed",FALSE
"06c0dd6c129d8567651081156272cfe972e52c7d",14,"allqc_data_exact500","sct_data_all_qc_fit_selected384","exact500",20260806,"H1","8e40b1a07cd3fa694912ddaf66af997db22fa0fc1d76441dcec913182ba6f2f8","9fc531b3bcf7c6df277ab2eeab9702346f860b3c1e05aa2f162ce8e5fc76ee35","mv10_partition_quality_v1","hclust_average_v1",8,0.261326596977797,0.288604338213194,-0.205474296398682,0.0483870967741935,1,53,3,"closed",FALSE
"06c0dd6c129d8567651081156272cfe972e52c7d",14,"allqc_data_exact500","sct_data_all_qc_fit_selected384","exact500",20260806,"H1","8e40b1a07cd3fa694912ddaf66af997db22fa0fc1d76441dcec913182ba6f2f8","9fc531b3bcf7c6df277ab2eeab9702346f860b3c1e05aa2f162ce8e5fc76ee35","mv10_partition_quality_v1","hclust_average_v1",9,0.248403566719552,0.272224140532363,-0.205474296398682,0.0564516129032258,1,53,5,"closed",FALSE
"06c0dd6c129d8567651081156272cfe972e52c7d",14,"allqc_data_exact500","sct_data_all_qc_fit_selected384","exact500",20260806,"H1","8e40b1a07cd3fa694912ddaf66af997db22fa0fc1d76441dcec913182ba6f2f8","9fc531b3bcf7c6df277ab2eeab9702346f860b3c1e05aa2f162ce8e5fc76ee35","mv10_partition_quality_v1","hclust_average_v1",10,0.226571205458119,0.239721709205451,-0.205474296398682,0.0725806451612903,1,53,5,"closed",FALSE
"06c0dd6c129d8567651081156272cfe972e52c7d",14,"allqc_data_exact500","sct_data_all_qc_fit_selected384","exact500",20260806,"H1","8e40b1a07cd3fa694912ddaf66af997db22fa0fc1d76441dcec913182ba6f2f8","9fc531b3bcf7c6df277ab2eeab9702346f860b3c1e05aa2f162ce8e5fc76ee35","mv10_partition_quality_v1","hclust_complete_v1",2,0.358509852086197,0.40083580195588,-0.187578726710838,0.032258064516129,44,80,0,"closed",FALSE
"06c0dd6c129d8567651081156272cfe972e52c7d",14,"allqc_data_exact500","sct_data_all_qc_fit_selected384","exact500",20260806,"H1","8e40b1a07cd3fa694912ddaf66af997db22fa0fc1d76441dcec913182ba6f2f8","9fc531b3bcf7c6df277ab2eeab9702346f860b3c1e05aa2f162ce8e5fc76ee35","mv10_partition_quality_v1","hclust_complete_v1",3,0.341957580641306,0.401578164138769,-0.233123990021659,0.0967741935483871,2,80,0,"closed",FALSE
"06c0dd6c129d8567651081156272cfe972e52c7d",14,"allqc_data_exact500","sct_data_all_qc_fit_selected384","exact500",20260806,"H1","8e40b1a07cd3fa694912ddaf66af997db22fa0fc1d76441dcec913182ba6f2f8","9fc531b3bcf7c6df277ab2eeab9702346f860b3c1e05aa2f162ce8e5fc76ee35","mv10_partition_quality_v1","hclust_complete_v1",4,0.316348957030322,0.346739697010654,-0.135534051470478,0.0564516129032258,2,52,0,"closed",FALSE
"06c0dd6c129d8567651081156272cfe972e52c7d",14,"allqc_data_exact500","sct_data_all_qc_fit_selected384","exact500",20260806,"H1","8e40b1a07cd3fa694912ddaf66af997db22fa0fc1d76441dcec913182ba6f2f8","9fc531b3bcf7c6df277ab2eeab9702346f860b3c1e05aa2f162ce8e5fc76ee35","mv10_partition_quality_v1","hclust_complete_v1",5,0.262951622223663,0.304741414129449,-0.270507138639274,0.0564516129032258,2,52,0,"closed",FALSE
"06c0dd6c129d8567651081156272cfe972e52c7d",14,"allqc_data_exact500","sct_data_all_qc_fit_selected384","exact500",20260806,"H1","8e40b1a07cd3fa694912ddaf66af997db22fa0fc1d76441dcec913182ba6f2f8","9fc531b3bcf7c6df277ab2eeab9702346f860b3c1e05aa2f162ce8e5fc76ee35","mv10_partition_quality_v1","hclust_complete_v1",6,0.243264406449992,0.291878701905852,-0.270507138639274,0.0806451612903226,1,52,1,"closed",FALSE
"06c0dd6c129d8567651081156272cfe972e52c7d",14,"allqc_data_exact500","sct_data_all_qc_fit_selected384","exact500",20260806,"H1","8e40b1a07cd3fa694912ddaf66af997db22fa0fc1d76441dcec913182ba6f2f8","9fc531b3bcf7c6df277ab2eeab9702346f860b3c1e05aa2f162ce8e5fc76ee35","mv10_partition_quality_v1","hclust_complete_v1",7,0.246255299147852,0.291878701905852,-0.270507138639274,0.0806451612903226,1,52,1,"closed",FALSE
"06c0dd6c129d8567651081156272cfe972e52c7d",14,"allqc_data_exact500","sct_data_all_qc_fit_selected384","exact500",20260806,"H1","8e40b1a07cd3fa694912ddaf66af997db22fa0fc1d76441dcec913182ba6f2f8","9fc531b3bcf7c6df277ab2eeab9702346f860b3c1e05aa2f162ce8e5fc76ee35","mv10_partition_quality_v1","hclust_complete_v1",8,0.235386110797466,0.255574283838826,-0.189056531106225,0.0483870967741935,1,43,1,"closed",FALSE
"06c0dd6c129d8567651081156272cfe972e52c7d",14,"allqc_data_exact500","sct_data_all_qc_fit_selected384","exact500",20260806,"H1","8e40b1a07cd3fa694912ddaf66af997db22fa0fc1d76441dcec913182ba6f2f8","9fc531b3bcf7c6df277ab2eeab9702346f860b3c1e05aa2f162ce8e5fc76ee35","mv10_partition_quality_v1","hclust_complete_v1",9,0.223786342097965,0.228934101418835,-0.163620034971998,0.032258064516129,1,43,1,"closed",FALSE
"06c0dd6c129d8567651081156272cfe972e52c7d",14,"allqc_data_exact500","sct_data_all_qc_fit_selected384","exact500",20260806,"H1","8e40b1a07cd3fa694912ddaf66af997db22fa0fc1d76441dcec913182ba6f2f8","9fc531b3bcf7c6df277ab2eeab9702346f860b3c1e05aa2f162ce8e5fc76ee35","mv10_partition_quality_v1","hclust_complete_v1",10,0.213709172451225,0.222555076259955,-0.163620034971998,0.0403225806451613,1,43,2,"closed",FALSE
"06c0dd6c129d8567651081156272cfe972e52c7d",14,"allqc_data_exact500","sct_data_all_qc_fit_selected384","exact500",20260806,"H1","8e40b1a07cd3fa694912ddaf66af997db22fa0fc1d76441dcec913182ba6f2f8","9fc531b3bcf7c6df277ab2eeab9702346f860b3c1e05aa2f162ce8e5fc76ee35","mv10_partition_quality_v1","hclust_single_diagnostic_v1",2,0.386094761769822,0.491009756889751,-0.454508559732645,0.0887096774193548,1,123,1,"closed",FALSE
"06c0dd6c129d8567651081156272cfe972e52c7d",14,"allqc_data_exact500","sct_data_all_qc_fit_selected384","exact500",20260806,"H1","8e40b1a07cd3fa694912ddaf66af997db22fa0fc1d76441dcec913182ba6f2f8","9fc531b3bcf7c6df277ab2eeab9702346f860b3c1e05aa2f162ce8e5fc76ee35","mv10_partition_quality_v1","hclust_single_diagnostic_v1",3,0.39075087455035,0.490725884147439,-0.577671964495848,0.0725806451612903,1,122,2,"closed",FALSE
"06c0dd6c129d8567651081156272cfe972e52c7d",14,"allqc_data_exact500","sct_data_all_qc_fit_selected384","exact500",20260806,"H1","8e40b1a07cd3fa694912ddaf66af997db22fa0fc1d76441dcec913182ba6f2f8","9fc531b3bcf7c6df277ab2eeab9702346f860b3c1e05aa2f162ce8e5fc76ee35","mv10_partition_quality_v1","hclust_single_diagnostic_v1",4,0.213269812949359,0.324515352932779,-0.57631297962326,0.209677419354839,1,121,3,"closed",FALSE
"06c0dd6c129d8567651081156272cfe972e52c7d",14,"allqc_data_exact500","sct_data_all_qc_fit_selected384","exact500",20260806,"H1","8e40b1a07cd3fa694912ddaf66af997db22fa0fc1d76441dcec913182ba6f2f8","9fc531b3bcf7c6df277ab2eeab9702346f860b3c1e05aa2f162ce8e5fc76ee35","mv10_partition_quality_v1","hclust_single_diagnostic_v1",5,0.0791372723684019,0.17898255819615,-0.575247807380857,0.330645161290323,1,120,4,"closed",FALSE
"06c0dd6c129d8567651081156272cfe972e52c7d",14,"allqc_data_exact500","sct_data_all_qc_fit_selected384","exact500",20260806,"H1","8e40b1a07cd3fa694912ddaf66af997db22fa0fc1d76441dcec913182ba6f2f8","9fc531b3bcf7c6df277ab2eeab9702346f860b3c1e05aa2f162ce8e5fc76ee35","mv10_partition_quality_v1","hclust_single_diagnostic_v1",6,0.0777250960971145,0.18328893754637,-0.574318922414342,0.32258064516129,1,119,5,"closed",FALSE
"06c0dd6c129d8567651081156272cfe972e52c7d",14,"allqc_data_exact500","sct_data_all_qc_fit_selected384","exact500",20260806,"H1","8e40b1a07cd3fa694912ddaf66af997db22fa0fc1d76441dcec913182ba6f2f8","9fc531b3bcf7c6df277ab2eeab9702346f860b3c1e05aa2f162ce8e5fc76ee35","mv10_partition_quality_v1","hclust_single_diagnostic_v1",7,0.0767038863860574,0.17270266714895,-0.555323113881196,0.32258064516129,1,118,6,"closed",FALSE
"06c0dd6c129d8567651081156272cfe972e52c7d",14,"allqc_data_exact500","sct_data_all_qc_fit_selected384","exact500",20260806,"H1","8e40b1a07cd3fa694912ddaf66af997db22fa0fc1d76441dcec913182ba6f2f8","9fc531b3bcf7c6df277ab2eeab9702346f860b3c1e05aa2f162ce8e5fc76ee35","mv10_partition_quality_v1","hclust_single_diagnostic_v1",8,0.0635883670740371,0.155563857982904,-0.553736861215092,0.330645161290323,1,117,7,"closed",FALSE
"06c0dd6c129d8567651081156272cfe972e52c7d",14,"allqc_data_exact500","sct_data_all_qc_fit_selected384","exact500",20260806,"H1","8e40b1a07cd3fa694912ddaf66af997db22fa0fc1d76441dcec913182ba6f2f8","9fc531b3bcf7c6df277ab2eeab9702346f860b3c1e05aa2f162ce8e5fc76ee35","mv10_partition_quality_v1","hclust_single_diagnostic_v1",9,0.0788993405253833,0.175871174440445,-0.550113167758804,0.306451612903226,1,115,7,"closed",FALSE
"06c0dd6c129d8567651081156272cfe972e52c7d",14,"allqc_data_exact500","sct_data_all_qc_fit_selected384","exact500",20260806,"H1","8e40b1a07cd3fa694912ddaf66af997db22fa0fc1d76441dcec913182ba6f2f8","9fc531b3bcf7c6df277ab2eeab9702346f860b3c1e05aa2f162ce8e5fc76ee35","mv10_partition_quality_v1","hclust_single_diagnostic_v1",10,-0.00297475668558218,0.0255571080993699,-0.550858465553309,0.419354838709677,1,114,8,"closed",FALSE
"06c0dd6c129d8567651081156272cfe972e52c7d",14,"allqc_data_exact500","sct_data_all_qc_fit_selected384","exact500",20260806,"H1","8e40b1a07cd3fa694912ddaf66af997db22fa0fc1d76441dcec913182ba6f2f8","9fc531b3bcf7c6df277ab2eeab9702346f860b3c1e05aa2f162ce8e5fc76ee35","mv10_partition_quality_v1","diana_dissimilarity_v1",2,0.356171593745486,0.402944770660241,0.000464341079056914,0,55,69,0,"closed",FALSE
"06c0dd6c129d8567651081156272cfe972e52c7d",14,"allqc_data_exact500","sct_data_all_qc_fit_selected384","exact500",20260806,"H1","8e40b1a07cd3fa694912ddaf66af997db22fa0fc1d76441dcec913182ba6f2f8","9fc531b3bcf7c6df277ab2eeab9702346f860b3c1e05aa2f162ce8e5fc76ee35","mv10_partition_quality_v1","diana_dissimilarity_v1",3,0.336250771925642,0.381083339560704,-0.118139612698201,0.0241935483870968,6,69,0,"closed",FALSE
"06c0dd6c129d8567651081156272cfe972e52c7d",14,"allqc_data_exact500","sct_data_all_qc_fit_selected384","exact500",20260806,"H1","8e40b1a07cd3fa694912ddaf66af997db22fa0fc1d76441dcec913182ba6f2f8","9fc531b3bcf7c6df277ab2eeab9702346f860b3c1e05aa2f162ce8e5fc76ee35","mv10_partition_quality_v1","diana_dissimilarity_v1",4,0.30521172757732,0.327101860560378,-0.15450372681019,0.0564516129032258,6,49,0,"closed",FALSE
"06c0dd6c129d8567651081156272cfe972e52c7d",14,"allqc_data_exact500","sct_data_all_qc_fit_selected384","exact500",20260806,"H1","8e40b1a07cd3fa694912ddaf66af997db22fa0fc1d76441dcec913182ba6f2f8","9fc531b3bcf7c6df277ab2eeab9702346f860b3c1e05aa2f162ce8e5fc76ee35","mv10_partition_quality_v1","diana_dissimilarity_v1",5,0.227244039017376,0.245984613790921,-0.130414059509198,0.0241935483870968,6,42,0,"closed",FALSE
"06c0dd6c129d8567651081156272cfe972e52c7d",14,"allqc_data_exact500","sct_data_all_qc_fit_selected384","exact500",20260806,"H1","8e40b1a07cd3fa694912ddaf66af997db22fa0fc1d76441dcec913182ba6f2f8","9fc531b3bcf7c6df277ab2eeab9702346f860b3c1e05aa2f162ce8e5fc76ee35","mv10_partition_quality_v1","diana_dissimilarity_v1",6,0.208200882554796,0.225230881964575,-0.130414059509198,0.0241935483870968,4,42,0,"closed",FALSE
"06c0dd6c129d8567651081156272cfe972e52c7d",14,"allqc_data_exact500","sct_data_all_qc_fit_selected384","exact500",20260806,"H1","8e40b1a07cd3fa694912ddaf66af997db22fa0fc1d76441dcec913182ba6f2f8","9fc531b3bcf7c6df277ab2eeab9702346f860b3c1e05aa2f162ce8e5fc76ee35","mv10_partition_quality_v1","diana_dissimilarity_v1",7,0.203722555463394,0.214626260226832,-0.22936630103568,0.0403225806451613,4,42,0,"closed",FALSE
"06c0dd6c129d8567651081156272cfe972e52c7d",14,"allqc_data_exact500","sct_data_all_qc_fit_selected384","exact500",20260806,"H1","8e40b1a07cd3fa694912ddaf66af997db22fa0fc1d76441dcec913182ba6f2f8","9fc531b3bcf7c6df277ab2eeab9702346f860b3c1e05aa2f162ce8e5fc76ee35","mv10_partition_quality_v1","diana_dissimilarity_v1",8,0.20284578726836,0.215317107769529,-0.22936630103568,0.0483870967741935,1,42,1,"closed",FALSE
"06c0dd6c129d8567651081156272cfe972e52c7d",14,"allqc_data_exact500","sct_data_all_qc_fit_selected384","exact500",20260806,"H1","8e40b1a07cd3fa694912ddaf66af997db22fa0fc1d76441dcec913182ba6f2f8","9fc531b3bcf7c6df277ab2eeab9702346f860b3c1e05aa2f162ce8e5fc76ee35","mv10_partition_quality_v1","diana_dissimilarity_v1",9,0.20154938331665,0.214626260226832,-0.22936630103568,0.0483870967741935,1,42,2,"closed",FALSE
"06c0dd6c129d8567651081156272cfe972e52c7d",14,"allqc_data_exact500","sct_data_all_qc_fit_selected384","exact500",20260806,"H1","8e40b1a07cd3fa694912ddaf66af997db22fa0fc1d76441dcec913182ba6f2f8","9fc531b3bcf7c6df277ab2eeab9702346f860b3c1e05aa2f162ce8e5fc76ee35","mv10_partition_quality_v1","diana_dissimilarity_v1",10,0.155234529397126,0.161523181511851,-0.22936630103568,0.129032258064516,1,23,2,"closed",FALSE
"06c0dd6c129d8567651081156272cfe972e52c7d",15,"allqc_data_exact500","sct_data_all_qc_fit_selected384","exact500",20260807,"H0","fe761a31cc561ef79930189d65a68441f72b77ae25e277a60544eb18190095f1","9fc531b3bcf7c6df277ab2eeab9702346f860b3c1e05aa2f162ce8e5fc76ee35","mv10_partition_quality_v1","pam_dissimilarity_v1",2,0.599582825388684,0.651810689907696,-0.109260996877817,0.0241935483870968,31,93,0,"closed",FALSE
"06c0dd6c129d8567651081156272cfe972e52c7d",15,"allqc_data_exact500","sct_data_all_qc_fit_selected384","exact500",20260807,"H0","fe761a31cc561ef79930189d65a68441f72b77ae25e277a60544eb18190095f1","9fc531b3bcf7c6df277ab2eeab9702346f860b3c1e05aa2f162ce8e5fc76ee35","mv10_partition_quality_v1","pam_dissimilarity_v1",3,0.445855876447673,0.517195818268502,-0.102676067666701,0.0403225806451613,26,56,0,"closed",FALSE
"06c0dd6c129d8567651081156272cfe972e52c7d",15,"allqc_data_exact500","sct_data_all_qc_fit_selected384","exact500",20260807,"H0","fe761a31cc561ef79930189d65a68441f72b77ae25e277a60544eb18190095f1","9fc531b3bcf7c6df277ab2eeab9702346f860b3c1e05aa2f162ce8e5fc76ee35","mv10_partition_quality_v1","pam_dissimilarity_v1",4,0.382250000937592,0.428559438494012,-0.211890855092519,0.032258064516129,25,42,0,"closed",FALSE
"06c0dd6c129d8567651081156272cfe972e52c7d",15,"allqc_data_exact500","sct_data_all_qc_fit_selected384","exact500",20260807,"H0","fe761a31cc561ef79930189d65a68441f72b77ae25e277a60544eb18190095f1","9fc531b3bcf7c6df277ab2eeab9702346f860b3c1e05aa2f162ce8e5fc76ee35","mv10_partition_quality_v1","pam_dissimilarity_v1",5,0.412931289100412,0.445431152800147,-0.161081117395411,0.0161290322580645,5,42,0,"closed",FALSE
"06c0dd6c129d8567651081156272cfe972e52c7d",15,"allqc_data_exact500","sct_data_all_qc_fit_selected384","exact500",20260807,"H0","fe761a31cc561ef79930189d65a68441f72b77ae25e277a60544eb18190095f1","9fc531b3bcf7c6df277ab2eeab9702346f860b3c1e05aa2f162ce8e5fc76ee35","mv10_partition_quality_v1","pam_dissimilarity_v1",6,0.355881496086865,0.398775941448271,-0.119603690745847,0.0241935483870968,5,29,0,"closed",FALSE
"06c0dd6c129d8567651081156272cfe972e52c7d",15,"allqc_data_exact500","sct_data_all_qc_fit_selected384","exact500",20260807,"H0","fe761a31cc561ef79930189d65a68441f72b77ae25e277a60544eb18190095f1","9fc531b3bcf7c6df277ab2eeab9702346f860b3c1e05aa2f162ce8e5fc76ee35","mv10_partition_quality_v1","pam_dissimilarity_v1",7,0.335427979850253,0.371133230545468,-0.0880958205844878,0.0403225806451613,5,25,0,"closed",FALSE
"06c0dd6c129d8567651081156272cfe972e52c7d",15,"allqc_data_exact500","sct_data_all_qc_fit_selected384","exact500",20260807,"H0","fe761a31cc561ef79930189d65a68441f72b77ae25e277a60544eb18190095f1","9fc531b3bcf7c6df277ab2eeab9702346f860b3c1e05aa2f162ce8e5fc76ee35","mv10_partition_quality_v1","pam_dissimilarity_v1",8,0.297654832992574,0.322504638414644,-0.0880958205844878,0.0564516129032258,5,25,0,"closed",FALSE
"06c0dd6c129d8567651081156272cfe972e52c7d",15,"allqc_data_exact500","sct_data_all_qc_fit_selected384","exact500",20260807,"H0","fe761a31cc561ef79930189d65a68441f72b77ae25e277a60544eb18190095f1","9fc531b3bcf7c6df277ab2eeab9702346f860b3c1e05aa2f162ce8e5fc76ee35","mv10_partition_quality_v1","pam_dissimilarity_v1",9,0.309918668231875,0.344382131355162,-0.193701775757913,0.0645161290322581,5,24,0,"closed",FALSE
"06c0dd6c129d8567651081156272cfe972e52c7d",15,"allqc_data_exact500","sct_data_all_qc_fit_selected384","exact500",20260807,"H0","fe761a31cc561ef79930189d65a68441f72b77ae25e277a60544eb18190095f1","9fc531b3bcf7c6df277ab2eeab9702346f860b3c1e05aa2f162ce8e5fc76ee35","mv10_partition_quality_v1","pam_dissimilarity_v1",10,0.324465253236384,0.361333629696211,-0.193701775757913,0.0483870967741935,5,24,0,"closed",FALSE
"06c0dd6c129d8567651081156272cfe972e52c7d",15,"allqc_data_exact500","sct_data_all_qc_fit_selected384","exact500",20260807,"H0","fe761a31cc561ef79930189d65a68441f72b77ae25e277a60544eb18190095f1","9fc531b3bcf7c6df277ab2eeab9702346f860b3c1e05aa2f162ce8e5fc76ee35","mv10_partition_quality_v1","hclust_average_v1",2,0.619440994035208,0.677077853768635,-0.0768966870913891,0.0161290322580645,26,98,0,"closed",FALSE
"06c0dd6c129d8567651081156272cfe972e52c7d",15,"allqc_data_exact500","sct_data_all_qc_fit_selected384","exact500",20260807,"H0","fe761a31cc561ef79930189d65a68441f72b77ae25e277a60544eb18190095f1","9fc531b3bcf7c6df277ab2eeab9702346f860b3c1e05aa2f162ce8e5fc76ee35","mv10_partition_quality_v1","hclust_average_v1",3,0.580197496187118,0.654934598015531,-0.302934365744752,0.032258064516129,5,98,0,"closed",FALSE
"06c0dd6c129d8567651081156272cfe972e52c7d",15,"allqc_data_exact500","sct_data_all_qc_fit_selected384","exact500",20260807,"H0","fe761a31cc561ef79930189d65a68441f72b77ae25e277a60544eb18190095f1","9fc531b3bcf7c6df277ab2eeab9702346f860b3c1e05aa2f162ce8e5fc76ee35","mv10_partition_quality_v1","hclust_average_v1",4,0.384514309709801,0.501366646694831,-0.589716669478306,0.145161290322581,5,93,0,"closed",FALSE
"06c0dd6c129d8567651081156272cfe972e52c7d",15,"allqc_data_exact500","sct_data_all_qc_fit_selected384","exact500",20260807,"H0","fe761a31cc561ef79930189d65a68441f72b77ae25e277a60544eb18190095f1","9fc531b3bcf7c6df277ab2eeab9702346f860b3c1e05aa2f162ce8e5fc76ee35","mv10_partition_quality_v1","hclust_average_v1",5,0.346740739633854,0.459475984347187,-0.497635854016882,0.153225806451613,5,70,0,"closed",FALSE
"06c0dd6c129d8567651081156272cfe972e52c7d",15,"allqc_data_exact500","sct_data_all_qc_fit_selected384","exact500",20260807,"H0","fe761a31cc561ef79930189d65a68441f72b77ae25e277a60544eb18190095f1","9fc531b3bcf7c6df277ab2eeab9702346f860b3c1e05aa2f162ce8e5fc76ee35","mv10_partition_quality_v1","hclust_average_v1",6,0.290487917138197,0.382271230026131,-0.497635854016882,0.201612903225806,1,70,1,"closed",FALSE
"06c0dd6c129d8567651081156272cfe972e52c7d",15,"allqc_data_exact500","sct_data_all_qc_fit_selected384","exact500",20260807,"H0","fe761a31cc561ef79930189d65a68441f72b77ae25e277a60544eb18190095f1","9fc531b3bcf7c6df277ab2eeab9702346f860b3c1e05aa2f162ce8e5fc76ee35","mv10_partition_quality_v1","hclust_average_v1",7,0.322905637457323,0.382323748300429,-0.271406243280029,0.0887096774193548,1,41,1,"closed",FALSE
"06c0dd6c129d8567651081156272cfe972e52c7d",15,"allqc_data_exact500","sct_data_all_qc_fit_selected384","exact500",20260807,"H0","fe761a31cc561ef79930189d65a68441f72b77ae25e277a60544eb18190095f1","9fc531b3bcf7c6df277ab2eeab9702346f860b3c1e05aa2f162ce8e5fc76ee35","mv10_partition_quality_v1","hclust_average_v1",8,0.319957509105794,0.363650535945056,-0.18935031379022,0.0806451612903226,1,41,1,"closed",FALSE
"06c0dd6c129d8567651081156272cfe972e52c7d",15,"allqc_data_exact500","sct_data_all_qc_fit_selected384","exact500",20260807,"H0","fe761a31cc561ef79930189d65a68441f72b77ae25e277a60544eb18190095f1","9fc531b3bcf7c6df277ab2eeab9702346f860b3c1e05aa2f162ce8e5fc76ee35","mv10_partition_quality_v1","hclust_average_v1",9,0.30894267770924,0.357306945890785,-0.18935031379022,0.0806451612903226,1,41,1,"closed",FALSE
"06c0dd6c129d8567651081156272cfe972e52c7d",15,"allqc_data_exact500","sct_data_all_qc_fit_selected384","exact500",20260807,"H0","fe761a31cc561ef79930189d65a68441f72b77ae25e277a60544eb18190095f1","9fc531b3bcf7c6df277ab2eeab9702346f860b3c1e05aa2f162ce8e5fc76ee35","mv10_partition_quality_v1","hclust_average_v1",10,0.29027274835946,0.335118603332645,-0.3157418386372,0.104838709677419,1,41,2,"closed",FALSE
"06c0dd6c129d8567651081156272cfe972e52c7d",15,"allqc_data_exact500","sct_data_all_qc_fit_selected384","exact500",20260807,"H0","fe761a31cc561ef79930189d65a68441f72b77ae25e277a60544eb18190095f1","9fc531b3bcf7c6df277ab2eeab9702346f860b3c1e05aa2f162ce8e5fc76ee35","mv10_partition_quality_v1","hclust_complete_v1",2,0.594315105604608,0.646028437096767,-0.130852657216866,0.0241935483870968,32,92,0,"closed",FALSE
"06c0dd6c129d8567651081156272cfe972e52c7d",15,"allqc_data_exact500","sct_data_all_qc_fit_selected384","exact500",20260807,"H0","fe761a31cc561ef79930189d65a68441f72b77ae25e277a60544eb18190095f1","9fc531b3bcf7c6df277ab2eeab9702346f860b3c1e05aa2f162ce8e5fc76ee35","mv10_partition_quality_v1","hclust_complete_v1",3,0.564386754645591,0.636789197701499,0.0856170871197333,0,5,92,0,"closed",FALSE
"06c0dd6c129d8567651081156272cfe972e52c7d",15,"allqc_data_exact500","sct_data_all_qc_fit_selected384","exact500",20260807,"H0","fe761a31cc561ef79930189d65a68441f72b77ae25e277a60544eb18190095f1","9fc531b3bcf7c6df277ab2eeab9702346f860b3c1e05aa2f162ce8e5fc76ee35","mv10_partition_quality_v1","hclust_complete_v1",4,0.440285249942515,0.513325683194406,-0.304800655623154,0.0564516129032258,5,65,0,"closed",FALSE
"06c0dd6c129d8567651081156272cfe972e52c7d",15,"allqc_data_exact500","sct_data_all_qc_fit_selected384","exact500",20260807,"H0","fe761a31cc561ef79930189d65a68441f72b77ae25e277a60544eb18190095f1","9fc531b3bcf7c6df277ab2eeab9702346f860b3c1e05aa2f162ce8e5fc76ee35","mv10_partition_quality_v1","hclust_complete_v1",5,0.361388981382487,0.436134915457769,-0.322906137448946,0.104838709677419,5,65,0,"closed",FALSE
"06c0dd6c129d8567651081156272cfe972e52c7d",15,"allqc_data_exact500","sct_data_all_qc_fit_selected384","exact500",20260807,"H0","fe761a31cc561ef79930189d65a68441f72b77ae25e277a60544eb18190095f1","9fc531b3bcf7c6df277ab2eeab9702346f860b3c1e05aa2f162ce8e5fc76ee35","mv10_partition_quality_v1","hclust_complete_v1",6,0.274387356051984,0.363543343491386,-0.536589232531099,0.17741935483871,5,65,0,"closed",FALSE
"06c0dd6c129d8567651081156272cfe972e52c7d",15,"allqc_data_exact500","sct_data_all_qc_fit_selected384","exact500",20260807,"H0","fe761a31cc561ef79930189d65a68441f72b77ae25e277a60544eb18190095f1","9fc531b3bcf7c6df277ab2eeab9702346f860b3c1e05aa2f162ce8e5fc76ee35","mv10_partition_quality_v1","hclust_complete_v1",7,0.296628068771677,0.316594960446017,-0.351147974584639,0.0806451612903226,5,39,0,"closed",FALSE
"06c0dd6c129d8567651081156272cfe972e52c7d",15,"allqc_data_exact500","sct_data_all_qc_fit_selected384","exact500",20260807,"H0","fe761a31cc561ef79930189d65a68441f72b77ae25e277a60544eb18190095f1","9fc531b3bcf7c6df277ab2eeab9702346f860b3c1e05aa2f162ce8e5fc76ee35","mv10_partition_quality_v1","hclust_complete_v1",8,0.280034493165843,0.309975507336226,-0.351147974584639,0.0806451612903226,5,39,0,"closed",FALSE
"06c0dd6c129d8567651081156272cfe972e52c7d",15,"allqc_data_exact500","sct_data_all_qc_fit_selected384","exact500",20260807,"H0","fe761a31cc561ef79930189d65a68441f72b77ae25e277a60544eb18190095f1","9fc531b3bcf7c6df277ab2eeab9702346f860b3c1e05aa2f162ce8e5fc76ee35","mv10_partition_quality_v1","hclust_complete_v1",9,0.277077312778451,0.309825283762093,-0.273670742027306,0.0806451612903226,5,34,0,"closed",FALSE
"06c0dd6c129d8567651081156272cfe972e52c7d",15,"allqc_data_exact500","sct_data_all_qc_fit_selected384","exact500",20260807,"H0","fe761a31cc561ef79930189d65a68441f72b77ae25e277a60544eb18190095f1","9fc531b3bcf7c6df277ab2eeab9702346f860b3c1e05aa2f162ce8e5fc76ee35","mv10_partition_quality_v1","hclust_complete_v1",10,0.283178553278826,0.3159502324986,-0.273670742027306,0.0806451612903226,4,34,0,"closed",FALSE
"06c0dd6c129d8567651081156272cfe972e52c7d",15,"allqc_data_exact500","sct_data_all_qc_fit_selected384","exact500",20260807,"H0","fe761a31cc561ef79930189d65a68441f72b77ae25e277a60544eb18190095f1","9fc531b3bcf7c6df277ab2eeab9702346f860b3c1e05aa2f162ce8e5fc76ee35","mv10_partition_quality_v1","hclust_single_diagnostic_v1",2,0.5880896405249,0.718107205490534,-0.465331999797952,0.0887096774193548,5,119,0,"closed",FALSE
"06c0dd6c129d8567651081156272cfe972e52c7d",15,"allqc_data_exact500","sct_data_all_qc_fit_selected384","exact500",20260807,"H0","fe761a31cc561ef79930189d65a68441f72b77ae25e277a60544eb18190095f1","9fc531b3bcf7c6df277ab2eeab9702346f860b3c1e05aa2f162ce8e5fc76ee35","mv10_partition_quality_v1","hclust_single_diagnostic_v1",3,0.537812901465348,0.693840642666296,-0.565144707942926,0.112903225806452,2,119,0,"closed",FALSE
"06c0dd6c129d8567651081156272cfe972e52c7d",15,"allqc_data_exact500","sct_data_all_qc_fit_selected384","exact500",20260807,"H0","fe761a31cc561ef79930189d65a68441f72b77ae25e277a60544eb18190095f1","9fc531b3bcf7c6df277ab2eeab9702346f860b3c1e05aa2f162ce8e5fc76ee35","mv10_partition_quality_v1","hclust_single_diagnostic_v1",4,0.530103700319929,0.693840642666296,-0.565144707942926,0.112903225806452,1,119,2,"closed",FALSE
"06c0dd6c129d8567651081156272cfe972e52c7d",15,"allqc_data_exact500","sct_data_all_qc_fit_selected384","exact500",20260807,"H0","fe761a31cc561ef79930189d65a68441f72b77ae25e277a60544eb18190095f1","9fc531b3bcf7c6df277ab2eeab9702346f860b3c1e05aa2f162ce8e5fc76ee35","mv10_partition_quality_v1","hclust_single_diagnostic_v1",5,0.200963574782217,0.423471103484099,-0.730770490186534,0.241935483870968,1,118,3,"closed",FALSE
"06c0dd6c129d8567651081156272cfe972e52c7d",15,"allqc_data_exact500","sct_data_all_qc_fit_selected384","exact500",20260807,"H0","fe761a31cc561ef79930189d65a68441f72b77ae25e277a60544eb18190095f1","9fc531b3bcf7c6df277ab2eeab9702346f860b3c1e05aa2f162ce8e5fc76ee35","mv10_partition_quality_v1","hclust_single_diagnostic_v1",6,0.0511667850072146,0.158774179437126,-0.728617002320207,0.338709677419355,1,117,4,"closed",FALSE
"06c0dd6c129d8567651081156272cfe972e52c7d",15,"allqc_data_exact500","sct_data_all_qc_fit_selected384","exact500",20260807,"H0","fe761a31cc561ef79930189d65a68441f72b77ae25e277a60544eb18190095f1","9fc531b3bcf7c6df277ab2eeab9702346f860b3c1e05aa2f162ce8e5fc76ee35","mv10_partition_quality_v1","hclust_single_diagnostic_v1",7,0.0463655817878087,0.151232896902372,-0.728617002320207,0.338709677419355,1,117,5,"closed",FALSE
"06c0dd6c129d8567651081156272cfe972e52c7d",15,"allqc_data_exact500","sct_data_all_qc_fit_selected384","exact500",20260807,"H0","fe761a31cc561ef79930189d65a68441f72b77ae25e277a60544eb18190095f1","9fc531b3bcf7c6df277ab2eeab9702346f860b3c1e05aa2f162ce8e5fc76ee35","mv10_partition_quality_v1","hclust_single_diagnostic_v1",8,-0.001351764199934,0.103776856862088,-0.758079575819177,0.379032258064516,1,116,6,"closed",FALSE
"06c0dd6c129d8567651081156272cfe972e52c7d",15,"allqc_data_exact500","sct_data_all_qc_fit_selected384","exact500",20260807,"H0","fe761a31cc561ef79930189d65a68441f72b77ae25e277a60544eb18190095f1","9fc531b3bcf7c6df277ab2eeab9702346f860b3c1e05aa2f162ce8e5fc76ee35","mv10_partition_quality_v1","hclust_single_diagnostic_v1",9,0.0403170333261348,0.153861147201464,-0.754326020707197,0.346774193548387,1,112,6,"closed",FALSE
"06c0dd6c129d8567651081156272cfe972e52c7d",15,"allqc_data_exact500","sct_data_all_qc_fit_selected384","exact500",20260807,"H0","fe761a31cc561ef79930189d65a68441f72b77ae25e277a60544eb18190095f1","9fc531b3bcf7c6df277ab2eeab9702346f860b3c1e05aa2f162ce8e5fc76ee35","mv10_partition_quality_v1","hclust_single_diagnostic_v1",10,-0.217642453087439,-0.143303732961326,-0.753973601197797,0.766129032258065,1,111,7,"closed",FALSE
"06c0dd6c129d8567651081156272cfe972e52c7d",15,"allqc_data_exact500","sct_data_all_qc_fit_selected384","exact500",20260807,"H0","fe761a31cc561ef79930189d65a68441f72b77ae25e277a60544eb18190095f1","9fc531b3bcf7c6df277ab2eeab9702346f860b3c1e05aa2f162ce8e5fc76ee35","mv10_partition_quality_v1","diana_dissimilarity_v1",2,0.614515290154884,0.668628839227931,0.0654798513682813,0,28,96,0,"closed",FALSE
"06c0dd6c129d8567651081156272cfe972e52c7d",15,"allqc_data_exact500","sct_data_all_qc_fit_selected384","exact500",20260807,"H0","fe761a31cc561ef79930189d65a68441f72b77ae25e277a60544eb18190095f1","9fc531b3bcf7c6df277ab2eeab9702346f860b3c1e05aa2f162ce8e5fc76ee35","mv10_partition_quality_v1","diana_dissimilarity_v1",3,0.578449059357983,0.649693353693473,-0.167204493464421,0.032258064516129,5,96,0,"closed",FALSE
"06c0dd6c129d8567651081156272cfe972e52c7d",15,"allqc_data_exact500","sct_data_all_qc_fit_selected384","exact500",20260807,"H0","fe761a31cc561ef79930189d65a68441f72b77ae25e277a60544eb18190095f1","9fc531b3bcf7c6df277ab2eeab9702346f860b3c1e05aa2f162ce8e5fc76ee35","mv10_partition_quality_v1","diana_dissimilarity_v1",4,0.461301402188713,0.531220163793168,-0.0582793699369755,0.0161290322580645,5,49,0,"closed",FALSE
"06c0dd6c129d8567651081156272cfe972e52c7d",15,"allqc_data_exact500","sct_data_all_qc_fit_selected384","exact500",20260807,"H0","fe761a31cc561ef79930189d65a68441f72b77ae25e277a60544eb18190095f1","9fc531b3bcf7c6df277ab2eeab9702346f860b3c1e05aa2f162ce8e5fc76ee35","mv10_partition_quality_v1","diana_dissimilarity_v1",5,0.407707154361589,0.438447239852556,-0.222903838849766,0.0564516129032258,5,47,0,"closed",FALSE
"06c0dd6c129d8567651081156272cfe972e52c7d",15,"allqc_data_exact500","sct_data_all_qc_fit_selected384","exact500",20260807,"H0","fe761a31cc561ef79930189d65a68441f72b77ae25e277a60544eb18190095f1","9fc531b3bcf7c6df277ab2eeab9702346f860b3c1e05aa2f162ce8e5fc76ee35","mv10_partition_quality_v1","diana_dissimilarity_v1",6,0.34253421331482,0.370926785022684,-0.273836583605118,0.0725806451612903,5,47,0,"closed",FALSE
"06c0dd6c129d8567651081156272cfe972e52c7d",15,"allqc_data_exact500","sct_data_all_qc_fit_selected384","exact500",20260807,"H0","fe761a31cc561ef79930189d65a68441f72b77ae25e277a60544eb18190095f1","9fc531b3bcf7c6df277ab2eeab9702346f860b3c1e05aa2f162ce8e5fc76ee35","mv10_partition_quality_v1","diana_dissimilarity_v1",7,0.336155716247924,0.337239458365094,0.00584075839046292,0,5,35,0,"closed",FALSE
"06c0dd6c129d8567651081156272cfe972e52c7d",15,"allqc_data_exact500","sct_data_all_qc_fit_selected384","exact500",20260807,"H0","fe761a31cc561ef79930189d65a68441f72b77ae25e277a60544eb18190095f1","9fc531b3bcf7c6df277ab2eeab9702346f860b3c1e05aa2f162ce8e5fc76ee35","mv10_partition_quality_v1","diana_dissimilarity_v1",8,0.324743782857008,0.327004428424909,-0.273213371988839,0.00806451612903226,4,35,0,"closed",FALSE
"06c0dd6c129d8567651081156272cfe972e52c7d",15,"allqc_data_exact500","sct_data_all_qc_fit_selected384","exact500",20260807,"H0","fe761a31cc561ef79930189d65a68441f72b77ae25e277a60544eb18190095f1","9fc531b3bcf7c6df277ab2eeab9702346f860b3c1e05aa2f162ce8e5fc76ee35","mv10_partition_quality_v1","diana_dissimilarity_v1",9,0.310890477443657,0.310790249674655,-0.273213371988839,0.0161290322580645,1,35,1,"closed",FALSE
"06c0dd6c129d8567651081156272cfe972e52c7d",15,"allqc_data_exact500","sct_data_all_qc_fit_selected384","exact500",20260807,"H0","fe761a31cc561ef79930189d65a68441f72b77ae25e277a60544eb18190095f1","9fc531b3bcf7c6df277ab2eeab9702346f860b3c1e05aa2f162ce8e5fc76ee35","mv10_partition_quality_v1","diana_dissimilarity_v1",10,0.285845457380818,0.280264727811275,-0.273213371988839,0.0483870967741935,1,35,1,"closed",FALSE
"06c0dd6c129d8567651081156272cfe972e52c7d",16,"allqc_data_exact500","sct_data_all_qc_fit_selected384","exact500",20260807,"H1","f5526d5ac40d350de1b7352e358bdb0e1ced83ebd87233b26d0b953daddb8c7f","9fc531b3bcf7c6df277ab2eeab9702346f860b3c1e05aa2f162ce8e5fc76ee35","mv10_partition_quality_v1","pam_dissimilarity_v1",2,0.346432018800715,0.388522249756499,-0.0310221758718472,0.0161290322580645,53,71,0,"closed",FALSE
"06c0dd6c129d8567651081156272cfe972e52c7d",16,"allqc_data_exact500","sct_data_all_qc_fit_selected384","exact500",20260807,"H1","f5526d5ac40d350de1b7352e358bdb0e1ced83ebd87233b26d0b953daddb8c7f","9fc531b3bcf7c6df277ab2eeab9702346f860b3c1e05aa2f162ce8e5fc76ee35","mv10_partition_quality_v1","pam_dissimilarity_v1",3,0.305813701112272,0.35110821294823,-0.0106145891161122,0.00806451612903226,33,53,0,"closed",FALSE
"06c0dd6c129d8567651081156272cfe972e52c7d",16,"allqc_data_exact500","sct_data_all_qc_fit_selected384","exact500",20260807,"H1","f5526d5ac40d350de1b7352e358bdb0e1ced83ebd87233b26d0b953daddb8c7f","9fc531b3bcf7c6df277ab2eeab9702346f860b3c1e05aa2f162ce8e5fc76ee35","mv10_partition_quality_v1","pam_dissimilarity_v1",4,0.225522135529327,0.246413737414031,-0.0892387451741788,0.0403225806451613,29,33,0,"closed",FALSE
"06c0dd6c129d8567651081156272cfe972e52c7d",16,"allqc_data_exact500","sct_data_all_qc_fit_selected384","exact500",20260807,"H1","f5526d5ac40d350de1b7352e358bdb0e1ced83ebd87233b26d0b953daddb8c7f","9fc531b3bcf7c6df277ab2eeab9702346f860b3c1e05aa2f162ce8e5fc76ee35","mv10_partition_quality_v1","pam_dissimilarity_v1",5,0.237046036723743,0.247282050981467,-0.0532512446103274,0.0161290322580645,6,33,0,"closed",FALSE
"06c0dd6c129d8567651081156272cfe972e52c7d",16,"allqc_data_exact500","sct_data_all_qc_fit_selected384","exact500",20260807,"H1","f5526d5ac40d350de1b7352e358bdb0e1ced83ebd87233b26d0b953daddb8c7f","9fc531b3bcf7c6df277ab2eeab9702346f860b3c1e05aa2f162ce8e5fc76ee35","mv10_partition_quality_v1","pam_dissimilarity_v1",6,0.184916589580208,0.199408290284323,-0.128204480494405,0.0564516129032258,6,31,0,"closed",FALSE
"06c0dd6c129d8567651081156272cfe972e52c7d",16,"allqc_data_exact500","sct_data_all_qc_fit_selected384","exact500",20260807,"H1","f5526d5ac40d350de1b7352e358bdb0e1ced83ebd87233b26d0b953daddb8c7f","9fc531b3bcf7c6df277ab2eeab9702346f860b3c1e05aa2f162ce8e5fc76ee35","mv10_partition_quality_v1","pam_dissimilarity_v1",7,0.204047043325135,0.219506455598993,-0.0949882011184269,0.0725806451612903,6,29,0,"closed",FALSE
"06c0dd6c129d8567651081156272cfe972e52c7d",16,"allqc_data_exact500","sct_data_all_qc_fit_selected384","exact500",20260807,"H1","f5526d5ac40d350de1b7352e358bdb0e1ced83ebd87233b26d0b953daddb8c7f","9fc531b3bcf7c6df277ab2eeab9702346f860b3c1e05aa2f162ce8e5fc76ee35","mv10_partition_quality_v1","pam_dissimilarity_v1",8,0.186353061054498,0.19517925385025,-0.112055583813837,0.104838709677419,6,28,0,"closed",FALSE
"06c0dd6c129d8567651081156272cfe972e52c7d",16,"allqc_data_exact500","sct_data_all_qc_fit_selected384","exact500",20260807,"H1","f5526d5ac40d350de1b7352e358bdb0e1ced83ebd87233b26d0b953daddb8c7f","9fc531b3bcf7c6df277ab2eeab9702346f860b3c1e05aa2f162ce8e5fc76ee35","mv10_partition_quality_v1","pam_dissimilarity_v1",9,0.182059646044193,0.207973802668551,-0.22702721640316,0.112903225806452,6,28,0,"closed",FALSE
"06c0dd6c129d8567651081156272cfe972e52c7d",16,"allqc_data_exact500","sct_data_all_qc_fit_selected384","exact500",20260807,"H1","f5526d5ac40d350de1b7352e358bdb0e1ced83ebd87233b26d0b953daddb8c7f","9fc531b3bcf7c6df277ab2eeab9702346f860b3c1e05aa2f162ce8e5fc76ee35","mv10_partition_quality_v1","pam_dissimilarity_v1",10,0.159706229907414,0.168226512930862,-0.192006559577902,0.145161290322581,6,26,0,"closed",FALSE
"06c0dd6c129d8567651081156272cfe972e52c7d",16,"allqc_data_exact500","sct_data_all_qc_fit_selected384","exact500",20260807,"H1","f5526d5ac40d350de1b7352e358bdb0e1ced83ebd87233b26d0b953daddb8c7f","9fc531b3bcf7c6df277ab2eeab9702346f860b3c1e05aa2f162ce8e5fc76ee35","mv10_partition_quality_v1","hclust_average_v1",2,0.370463700817865,0.450814622677743,-0.289032974018822,0.0967741935483871,6,118,0,"closed",FALSE
"06c0dd6c129d8567651081156272cfe972e52c7d",16,"allqc_data_exact500","sct_data_all_qc_fit_selected384","exact500",20260807,"H1","f5526d5ac40d350de1b7352e358bdb0e1ced83ebd87233b26d0b953daddb8c7f","9fc531b3bcf7c6df277ab2eeab9702346f860b3c1e05aa2f162ce8e5fc76ee35","mv10_partition_quality_v1","hclust_average_v1",3,0.286618953570883,0.363650998580246,-0.354678964252807,0.145161290322581,6,90,0,"closed",FALSE
"06c0dd6c129d8567651081156272cfe972e52c7d",16,"allqc_data_exact500","sct_data_all_qc_fit_selected384","exact500",20260807,"H1","f5526d5ac40d350de1b7352e358bdb0e1ced83ebd87233b26d0b953daddb8c7f","9fc531b3bcf7c6df277ab2eeab9702346f860b3c1e05aa2f162ce8e5fc76ee35","mv10_partition_quality_v1","hclust_average_v1",4,0.293076023136577,0.319111717633923,-0.13509156142703,0.0403225806451613,6,49,0,"closed",FALSE
"06c0dd6c129d8567651081156272cfe972e52c7d",16,"allqc_data_exact500","sct_data_all_qc_fit_selected384","exact500",20260807,"H1","f5526d5ac40d350de1b7352e358bdb0e1ced83ebd87233b26d0b953daddb8c7f","9fc531b3bcf7c6df277ab2eeab9702346f860b3c1e05aa2f162ce8e5fc76ee35","mv10_partition_quality_v1","hclust_average_v1",5,0.277997339118535,0.31010490071903,-0.13509156142703,0.0403225806451613,1,49,1,"closed",FALSE
"06c0dd6c129d8567651081156272cfe972e52c7d",16,"allqc_data_exact500","sct_data_all_qc_fit_selected384","exact500",20260807,"H1","f5526d5ac40d350de1b7352e358bdb0e1ced83ebd87233b26d0b953daddb8c7f","9fc531b3bcf7c6df277ab2eeab9702346f860b3c1e05aa2f162ce8e5fc76ee35","mv10_partition_quality_v1","hclust_average_v1",6,0.271254927810848,0.31010490071903,-0.13509156142703,0.0645161290322581,1,49,2,"closed",FALSE
"06c0dd6c129d8567651081156272cfe972e52c7d",16,"allqc_data_exact500","sct_data_all_qc_fit_selected384","exact500",20260807,"H1","f5526d5ac40d350de1b7352e358bdb0e1ced83ebd87233b26d0b953daddb8c7f","9fc531b3bcf7c6df277ab2eeab9702346f860b3c1e05aa2f162ce8e5fc76ee35","mv10_partition_quality_v1","hclust_average_v1",7,0.244449402641762,0.274295191767699,-0.158248092129378,0.0806451612903226,1,49,2,"closed",FALSE
"06c0dd6c129d8567651081156272cfe972e52c7d",16,"allqc_data_exact500","sct_data_all_qc_fit_selected384","exact500",20260807,"H1","f5526d5ac40d350de1b7352e358bdb0e1ced83ebd87233b26d0b953daddb8c7f","9fc531b3bcf7c6df277ab2eeab9702346f860b3c1e05aa2f162ce8e5fc76ee35","mv10_partition_quality_v1","hclust_average_v1",8,0.198600263775345,0.214618552909034,-0.303439848280847,0.120967741935484,1,49,2,"closed",FALSE
"06c0dd6c129d8567651081156272cfe972e52c7d",16,"allqc_data_exact500","sct_data_all_qc_fit_selected384","exact500",20260807,"H1","f5526d5ac40d350de1b7352e358bdb0e1ced83ebd87233b26d0b953daddb8c7f","9fc531b3bcf7c6df277ab2eeab9702346f860b3c1e05aa2f162ce8e5fc76ee35","mv10_partition_quality_v1","hclust_average_v1",9,0.195639191206572,0.215378975436009,-0.295173380825446,0.112903225806452,1,43,2,"closed",FALSE
"06c0dd6c129d8567651081156272cfe972e52c7d",16,"allqc_data_exact500","sct_data_all_qc_fit_selected384","exact500",20260807,"H1","f5526d5ac40d350de1b7352e358bdb0e1ced83ebd87233b26d0b953daddb8c7f","9fc531b3bcf7c6df277ab2eeab9702346f860b3c1e05aa2f162ce8e5fc76ee35","mv10_partition_quality_v1","hclust_average_v1",10,0.177533182935725,0.188662842605888,-0.295173380825446,0.112903225806452,1,43,2,"closed",FALSE
"06c0dd6c129d8567651081156272cfe972e52c7d",16,"allqc_data_exact500","sct_data_all_qc_fit_selected384","exact500",20260807,"H1","f5526d5ac40d350de1b7352e358bdb0e1ced83ebd87233b26d0b953daddb8c7f","9fc531b3bcf7c6df277ab2eeab9702346f860b3c1e05aa2f162ce8e5fc76ee35","mv10_partition_quality_v1","hclust_complete_v1",2,0.329277028444357,0.38923863517398,-0.346431308068126,0.104838709677419,29,95,0,"closed",FALSE
"06c0dd6c129d8567651081156272cfe972e52c7d",16,"allqc_data_exact500","sct_data_all_qc_fit_selected384","exact500",20260807,"H1","f5526d5ac40d350de1b7352e358bdb0e1ced83ebd87233b26d0b953daddb8c7f","9fc531b3bcf7c6df277ab2eeab9702346f860b3c1e05aa2f162ce8e5fc76ee35","mv10_partition_quality_v1","hclust_complete_v1",3,0.28650886198662,0.373572697517346,-0.455591593750574,0.120967741935484,5,95,0,"closed",FALSE
"06c0dd6c129d8567651081156272cfe972e52c7d",16,"allqc_data_exact500","sct_data_all_qc_fit_selected384","exact500",20260807,"H1","f5526d5ac40d350de1b7352e358bdb0e1ced83ebd87233b26d0b953daddb8c7f","9fc531b3bcf7c6df277ab2eeab9702346f860b3c1e05aa2f162ce8e5fc76ee35","mv10_partition_quality_v1","hclust_complete_v1",4,0.25585885206478,0.327250240167052,-0.213777752180096,0.112903225806452,5,50,0,"closed",FALSE
"06c0dd6c129d8567651081156272cfe972e52c7d",16,"allqc_data_exact500","sct_data_all_qc_fit_selected384","exact500",20260807,"H1","f5526d5ac40d350de1b7352e358bdb0e1ced83ebd87233b26d0b953daddb8c7f","9fc531b3bcf7c6df277ab2eeab9702346f860b3c1e05aa2f162ce8e5fc76ee35","mv10_partition_quality_v1","hclust_complete_v1",5,0.220607486884281,0.273840923401904,-0.328572476138061,0.153225806451613,5,50,0,"closed",FALSE
"06c0dd6c129d8567651081156272cfe972e52c7d",16,"allqc_data_exact500","sct_data_all_qc_fit_selected384","exact500",20260807,"H1","f5526d5ac40d350de1b7352e358bdb0e1ced83ebd87233b26d0b953daddb8c7f","9fc531b3bcf7c6df277ab2eeab9702346f860b3c1e05aa2f162ce8e5fc76ee35","mv10_partition_quality_v1","hclust_complete_v1",6,0.162110737858262,0.193898990084669,-0.328572476138061,0.161290322580645,5,45,0,"closed",FALSE
"06c0dd6c129d8567651081156272cfe972e52c7d",16,"allqc_data_exact500","sct_data_all_qc_fit_selected384","exact500",20260807,"H1","f5526d5ac40d350de1b7352e358bdb0e1ced83ebd87233b26d0b953daddb8c7f","9fc531b3bcf7c6df277ab2eeab9702346f860b3c1e05aa2f162ce8e5fc76ee35","mv10_partition_quality_v1","hclust_complete_v1",7,0.155196783154423,0.165338420091247,-0.218705934567438,0.129032258064516,5,36,0,"closed",FALSE
"06c0dd6c129d8567651081156272cfe972e52c7d",16,"allqc_data_exact500","sct_data_all_qc_fit_selected384","exact500",20260807,"H1","f5526d5ac40d350de1b7352e358bdb0e1ced83ebd87233b26d0b953daddb8c7f","9fc531b3bcf7c6df277ab2eeab9702346f860b3c1e05aa2f162ce8e5fc76ee35","mv10_partition_quality_v1","hclust_complete_v1",8,0.152423854970362,0.174741075441593,-0.218705934567438,0.120967741935484,5,36,0,"closed",FALSE
"06c0dd6c129d8567651081156272cfe972e52c7d",16,"allqc_data_exact500","sct_data_all_qc_fit_selected384","exact500",20260807,"H1","f5526d5ac40d350de1b7352e358bdb0e1ced83ebd87233b26d0b953daddb8c7f","9fc531b3bcf7c6df277ab2eeab9702346f860b3c1e05aa2f162ce8e5fc76ee35","mv10_partition_quality_v1","hclust_complete_v1",9,0.15444852365095,0.175678588549037,-0.26671682156308,0.161290322580645,5,36,0,"closed",FALSE
"06c0dd6c129d8567651081156272cfe972e52c7d",16,"allqc_data_exact500","sct_data_all_qc_fit_selected384","exact500",20260807,"H1","f5526d5ac40d350de1b7352e358bdb0e1ced83ebd87233b26d0b953daddb8c7f","9fc531b3bcf7c6df277ab2eeab9702346f860b3c1e05aa2f162ce8e5fc76ee35","mv10_partition_quality_v1","hclust_complete_v1",10,0.157016014661763,0.176003264787285,-0.26671682156308,0.17741935483871,3,36,0,"closed",FALSE
"06c0dd6c129d8567651081156272cfe972e52c7d",16,"allqc_data_exact500","sct_data_all_qc_fit_selected384","exact500",20260807,"H1","f5526d5ac40d350de1b7352e358bdb0e1ced83ebd87233b26d0b953daddb8c7f","9fc531b3bcf7c6df277ab2eeab9702346f860b3c1e05aa2f162ce8e5fc76ee35","mv10_partition_quality_v1","hclust_single_diagnostic_v1",2,0.364776828261697,0.494160486966166,-0.437548671508219,0.104838709677419,1,123,1,"closed",FALSE
"06c0dd6c129d8567651081156272cfe972e52c7d",16,"allqc_data_exact500","sct_data_all_qc_fit_selected384","exact500",20260807,"H1","f5526d5ac40d350de1b7352e358bdb0e1ced83ebd87233b26d0b953daddb8c7f","9fc531b3bcf7c6df277ab2eeab9702346f860b3c1e05aa2f162ce8e5fc76ee35","mv10_partition_quality_v1","hclust_single_diagnostic_v1",3,0.371416099240432,0.498729473412937,-0.549920963798913,0.0967741935483871,1,122,2,"closed",FALSE
"06c0dd6c129d8567651081156272cfe972e52c7d",16,"allqc_data_exact500","sct_data_all_qc_fit_selected384","exact500",20260807,"H1","f5526d5ac40d350de1b7352e358bdb0e1ced83ebd87233b26d0b953daddb8c7f","9fc531b3bcf7c6df277ab2eeab9702346f860b3c1e05aa2f162ce8e5fc76ee35","mv10_partition_quality_v1","hclust_single_diagnostic_v1",4,0.134496084246185,0.229972308404721,-0.548590498357695,0.298387096774194,1,121,3,"closed",FALSE
"06c0dd6c129d8567651081156272cfe972e52c7d",16,"allqc_data_exact500","sct_data_all_qc_fit_selected384","exact500",20260807,"H1","f5526d5ac40d350de1b7352e358bdb0e1ced83ebd87233b26d0b953daddb8c7f","9fc531b3bcf7c6df277ab2eeab9702346f860b3c1e05aa2f162ce8e5fc76ee35","mv10_partition_quality_v1","hclust_single_diagnostic_v1",5,0.106221876406246,0.207069818502391,-0.547452811743854,0.298387096774194,1,120,4,"closed",FALSE
"06c0dd6c129d8567651081156272cfe972e52c7d",16,"allqc_data_exact500","sct_data_all_qc_fit_selected384","exact500",20260807,"H1","f5526d5ac40d350de1b7352e358bdb0e1ced83ebd87233b26d0b953daddb8c7f","9fc531b3bcf7c6df277ab2eeab9702346f860b3c1e05aa2f162ce8e5fc76ee35","mv10_partition_quality_v1","hclust_single_diagnostic_v1",6,0.0539417562185603,0.133399808286315,-0.546397908021248,0.330645161290323,1,119,5,"closed",FALSE
"06c0dd6c129d8567651081156272cfe972e52c7d",16,"allqc_data_exact500","sct_data_all_qc_fit_selected384","exact500",20260807,"H1","f5526d5ac40d350de1b7352e358bdb0e1ced83ebd87233b26d0b953daddb8c7f","9fc531b3bcf7c6df277ab2eeab9702346f860b3c1e05aa2f162ce8e5fc76ee35","mv10_partition_quality_v1","hclust_single_diagnostic_v1",7,0.0697321260174276,0.147092905192743,-0.54310088892458,0.298387096774194,1,116,5,"closed",FALSE
"06c0dd6c129d8567651081156272cfe972e52c7d",16,"allqc_data_exact500","sct_data_all_qc_fit_selected384","exact500",20260807,"H1","f5526d5ac40d350de1b7352e358bdb0e1ced83ebd87233b26d0b953daddb8c7f","9fc531b3bcf7c6df277ab2eeab9702346f860b3c1e05aa2f162ce8e5fc76ee35","mv10_partition_quality_v1","hclust_single_diagnostic_v1",8,0.0319473518225376,0.0876015815314382,-0.541953953572466,0.338709677419355,1,115,6,"closed",FALSE
"06c0dd6c129d8567651081156272cfe972e52c7d",16,"allqc_data_exact500","sct_data_all_qc_fit_selected384","exact500",20260807,"H1","f5526d5ac40d350de1b7352e358bdb0e1ced83ebd87233b26d0b953daddb8c7f","9fc531b3bcf7c6df277ab2eeab9702346f860b3c1e05aa2f162ce8e5fc76ee35","mv10_partition_quality_v1","hclust_single_diagnostic_v1",9,0.0283161378474521,0.0876015815314382,-0.541953953572466,0.338709677419355,1,115,7,"closed",FALSE
"06c0dd6c129d8567651081156272cfe972e52c7d",16,"allqc_data_exact500","sct_data_all_qc_fit_selected384","exact500",20260807,"H1","f5526d5ac40d350de1b7352e358bdb0e1ced83ebd87233b26d0b953daddb8c7f","9fc531b3bcf7c6df277ab2eeab9702346f860b3c1e05aa2f162ce8e5fc76ee35","mv10_partition_quality_v1","hclust_single_diagnostic_v1",10,0.0249264510532429,0.0815531615831501,-0.541953953572466,0.338709677419355,1,115,9,"closed",FALSE
"06c0dd6c129d8567651081156272cfe972e52c7d",16,"allqc_data_exact500","sct_data_all_qc_fit_selected384","exact500",20260807,"H1","f5526d5ac40d350de1b7352e358bdb0e1ced83ebd87233b26d0b953daddb8c7f","9fc531b3bcf7c6df277ab2eeab9702346f860b3c1e05aa2f162ce8e5fc76ee35","mv10_partition_quality_v1","diana_dissimilarity_v1",2,0.344105825673304,0.389917091549387,0.000860644816010032,0,58,66,0,"closed",FALSE
"06c0dd6c129d8567651081156272cfe972e52c7d",16,"allqc_data_exact500","sct_data_all_qc_fit_selected384","exact500",20260807,"H1","f5526d5ac40d350de1b7352e358bdb0e1ced83ebd87233b26d0b953daddb8c7f","9fc531b3bcf7c6df277ab2eeab9702346f860b3c1e05aa2f162ce8e5fc76ee35","mv10_partition_quality_v1","diana_dissimilarity_v1",3,0.320783015802203,0.375582973917823,-0.110347125223589,0.0483870967741935,6,66,0,"closed",FALSE
"06c0dd6c129d8567651081156272cfe972e52c7d",16,"allqc_data_exact500","sct_data_all_qc_fit_selected384","exact500",20260807,"H1","f5526d5ac40d350de1b7352e358bdb0e1ced83ebd87233b26d0b953daddb8c7f","9fc531b3bcf7c6df277ab2eeab9702346f860b3c1e05aa2f162ce8e5fc76ee35","mv10_partition_quality_v1","diana_dissimilarity_v1",4,0.268552574451078,0.298686813059843,-0.174874711581923,0.0725806451612903,6,52,0,"closed",FALSE
"06c0dd6c129d8567651081156272cfe972e52c7d",16,"allqc_data_exact500","sct_data_all_qc_fit_selected384","exact500",20260807,"H1","f5526d5ac40d350de1b7352e358bdb0e1ced83ebd87233b26d0b953daddb8c7f","9fc531b3bcf7c6df277ab2eeab9702346f860b3c1e05aa2f162ce8e5fc76ee35","mv10_partition_quality_v1","diana_dissimilarity_v1",5,0.236903241826205,0.265282964664524,-0.0935928768393612,0.032258064516129,6,38,0,"closed",FALSE
"06c0dd6c129d8567651081156272cfe972e52c7d",16,"allqc_data_exact500","sct_data_all_qc_fit_selected384","exact500",20260807,"H1","f5526d5ac40d350de1b7352e358bdb0e1ced83ebd87233b26d0b953daddb8c7f","9fc531b3bcf7c6df277ab2eeab9702346f860b3c1e05aa2f162ce8e5fc76ee35","mv10_partition_quality_v1","diana_dissimilarity_v1",6,0.212714807736321,0.243983974277414,-0.154137778808978,0.0967741935483871,6,38,0,"closed",FALSE
"06c0dd6c129d8567651081156272cfe972e52c7d",16,"allqc_data_exact500","sct_data_all_qc_fit_selected384","exact500",20260807,"H1","f5526d5ac40d350de1b7352e358bdb0e1ced83ebd87233b26d0b953daddb8c7f","9fc531b3bcf7c6df277ab2eeab9702346f860b3c1e05aa2f162ce8e5fc76ee35","mv10_partition_quality_v1","diana_dissimilarity_v1",7,0.207510308608601,0.229294279569142,-0.154137778808978,0.0967741935483871,1,38,1,"closed",FALSE
"06c0dd6c129d8567651081156272cfe972e52c7d",16,"allqc_data_exact500","sct_data_all_qc_fit_selected384","exact500",20260807,"H1","f5526d5ac40d350de1b7352e358bdb0e1ced83ebd87233b26d0b953daddb8c7f","9fc531b3bcf7c6df277ab2eeab9702346f860b3c1e05aa2f162ce8e5fc76ee35","mv10_partition_quality_v1","diana_dissimilarity_v1",8,0.210307100630896,0.229294279569142,-0.154137778808978,0.0725806451612903,1,38,1,"closed",FALSE
"06c0dd6c129d8567651081156272cfe972e52c7d",16,"allqc_data_exact500","sct_data_all_qc_fit_selected384","exact500",20260807,"H1","f5526d5ac40d350de1b7352e358bdb0e1ced83ebd87233b26d0b953daddb8c7f","9fc531b3bcf7c6df277ab2eeab9702346f860b3c1e05aa2f162ce8e5fc76ee35","mv10_partition_quality_v1","diana_dissimilarity_v1",9,0.20317808658284,0.22692282279052,-0.121522892454212,0.0483870967741935,1,32,1,"closed",FALSE
"06c0dd6c129d8567651081156272cfe972e52c7d",16,"allqc_data_exact500","sct_data_all_qc_fit_selected384","exact500",20260807,"H1","f5526d5ac40d350de1b7352e358bdb0e1ced83ebd87233b26d0b953daddb8c7f","9fc531b3bcf7c6df277ab2eeab9702346f860b3c1e05aa2f162ce8e5fc76ee35","mv10_partition_quality_v1","diana_dissimilarity_v1",10,0.187460127720055,0.203618409811996,-0.121522892454212,0.0403225806451613,1,32,1,"closed",FALSE
"06c0dd6c129d8567651081156272cfe972e52c7d",17,"allqc_data_exact500","sct_data_all_qc_fit_selected384","exact500",20260808,"H0","c4323b3a15dfd9adda72da55676745f09de99f55f92b5fe815f5c25909a36cef","9fc531b3bcf7c6df277ab2eeab9702346f860b3c1e05aa2f162ce8e5fc76ee35","mv10_partition_quality_v1","pam_dissimilarity_v1",2,0.632508120290284,0.689561726014206,0.0624195252369561,0,26,98,0,"closed",FALSE
"06c0dd6c129d8567651081156272cfe972e52c7d",17,"allqc_data_exact500","sct_data_all_qc_fit_selected384","exact500",20260808,"H0","c4323b3a15dfd9adda72da55676745f09de99f55f92b5fe815f5c25909a36cef","9fc531b3bcf7c6df277ab2eeab9702346f860b3c1e05aa2f162ce8e5fc76ee35","mv10_partition_quality_v1","pam_dissimilarity_v1",3,0.470467255783265,0.539843095679293,-0.00477606434289101,0.00806451612903226,26,51,0,"closed",FALSE
"06c0dd6c129d8567651081156272cfe972e52c7d",17,"allqc_data_exact500","sct_data_all_qc_fit_selected384","exact500",20260808,"H0","c4323b3a15dfd9adda72da55676745f09de99f55f92b5fe815f5c25909a36cef","9fc531b3bcf7c6df277ab2eeab9702346f860b3c1e05aa2f162ce8e5fc76ee35","mv10_partition_quality_v1","pam_dissimilarity_v1",4,0.38204477206281,0.430998265792632,-0.090866739226033,0.032258064516129,26,37,0,"closed",FALSE
"06c0dd6c129d8567651081156272cfe972e52c7d",17,"allqc_data_exact500","sct_data_all_qc_fit_selected384","exact500",20260808,"H0","c4323b3a15dfd9adda72da55676745f09de99f55f92b5fe815f5c25909a36cef","9fc531b3bcf7c6df277ab2eeab9702346f860b3c1e05aa2f162ce8e5fc76ee35","mv10_partition_quality_v1","pam_dissimilarity_v1",5,0.401309141084417,0.443534736695151,-0.0244836901014811,0.0241935483870968,5,37,0,"closed",FALSE
"06c0dd6c129d8567651081156272cfe972e52c7d",17,"allqc_data_exact500","sct_data_all_qc_fit_selected384","exact500",20260808,"H0","c4323b3a15dfd9adda72da55676745f09de99f55f92b5fe815f5c25909a36cef","9fc531b3bcf7c6df277ab2eeab9702346f860b3c1e05aa2f162ce8e5fc76ee35","mv10_partition_quality_v1","pam_dissimilarity_v1",6,0.369228519493087,0.415706982603298,-0.15289942851998,0.032258064516129,5,29,0,"closed",FALSE
"06c0dd6c129d8567651081156272cfe972e52c7d",17,"allqc_data_exact500","sct_data_all_qc_fit_selected384","exact500",20260808,"H0","c4323b3a15dfd9adda72da55676745f09de99f55f92b5fe815f5c25909a36cef","9fc531b3bcf7c6df277ab2eeab9702346f860b3c1e05aa2f162ce8e5fc76ee35","mv10_partition_quality_v1","pam_dissimilarity_v1",7,0.36926403878457,0.404307641804861,-0.00461076065162485,0.00806451612903226,5,25,0,"closed",FALSE
"06c0dd6c129d8567651081156272cfe972e52c7d",17,"allqc_data_exact500","sct_data_all_qc_fit_selected384","exact500",20260808,"H0","c4323b3a15dfd9adda72da55676745f09de99f55f92b5fe815f5c25909a36cef","9fc531b3bcf7c6df277ab2eeab9702346f860b3c1e05aa2f162ce8e5fc76ee35","mv10_partition_quality_v1","pam_dissimilarity_v1",8,0.334824846322716,0.354989673941989,-0.00461076065162485,0.00806451612903226,5,25,0,"closed",FALSE
"06c0dd6c129d8567651081156272cfe972e52c7d",17,"allqc_data_exact500","sct_data_all_qc_fit_selected384","exact500",20260808,"H0","c4323b3a15dfd9adda72da55676745f09de99f55f92b5fe815f5c25909a36cef","9fc531b3bcf7c6df277ab2eeab9702346f860b3c1e05aa2f162ce8e5fc76ee35","mv10_partition_quality_v1","pam_dissimilarity_v1",9,0.339098920897364,0.338847053618115,-0.0556925149702158,0.00806451612903226,5,25,0,"closed",FALSE
"06c0dd6c129d8567651081156272cfe972e52c7d",17,"allqc_data_exact500","sct_data_all_qc_fit_selected384","exact500",20260808,"H0","c4323b3a15dfd9adda72da55676745f09de99f55f92b5fe815f5c25909a36cef","9fc531b3bcf7c6df277ab2eeab9702346f860b3c1e05aa2f162ce8e5fc76ee35","mv10_partition_quality_v1","pam_dissimilarity_v1",10,0.325602344742954,0.336286623842716,-0.0342224143158399,0.0241935483870968,5,23,0,"closed",FALSE
"06c0dd6c129d8567651081156272cfe972e52c7d",17,"allqc_data_exact500","sct_data_all_qc_fit_selected384","exact500",20260808,"H0","c4323b3a15dfd9adda72da55676745f09de99f55f92b5fe815f5c25909a36cef","9fc531b3bcf7c6df277ab2eeab9702346f860b3c1e05aa2f162ce8e5fc76ee35","mv10_partition_quality_v1","hclust_average_v1",2,0.632508120290284,0.689561726014206,0.0624195252369561,0,26,98,0,"closed",FALSE
"06c0dd6c129d8567651081156272cfe972e52c7d",17,"allqc_data_exact500","sct_data_all_qc_fit_selected384","exact500",20260808,"H0","c4323b3a15dfd9adda72da55676745f09de99f55f92b5fe815f5c25909a36cef","9fc531b3bcf7c6df277ab2eeab9702346f860b3c1e05aa2f162ce8e5fc76ee35","mv10_partition_quality_v1","hclust_average_v1",3,0.588683976587872,0.658408423885997,-0.159401890526534,0.0161290322580645,5,98,0,"closed",FALSE
"06c0dd6c129d8567651081156272cfe972e52c7d",17,"allqc_data_exact500","sct_data_all_qc_fit_selected384","exact500",20260808,"H0","c4323b3a15dfd9adda72da55676745f09de99f55f92b5fe815f5c25909a36cef","9fc531b3bcf7c6df277ab2eeab9702346f860b3c1e05aa2f162ce8e5fc76ee35","mv10_partition_quality_v1","hclust_average_v1",4,0.472464591426525,0.542041021142474,-0.247673721716104,0.032258064516129,5,60,0,"closed",FALSE
"06c0dd6c129d8567651081156272cfe972e52c7d",17,"allqc_data_exact500","sct_data_all_qc_fit_selected384","exact500",20260808,"H0","c4323b3a15dfd9adda72da55676745f09de99f55f92b5fe815f5c25909a36cef","9fc531b3bcf7c6df277ab2eeab9702346f860b3c1e05aa2f162ce8e5fc76ee35","mv10_partition_quality_v1","hclust_average_v1",5,0.425478901177746,0.513778415967809,-0.327760999101408,0.0806451612903226,4,60,0,"closed",FALSE
"06c0dd6c129d8567651081156272cfe972e52c7d",17,"allqc_data_exact500","sct_data_all_qc_fit_selected384","exact500",20260808,"H0","c4323b3a15dfd9adda72da55676745f09de99f55f92b5fe815f5c25909a36cef","9fc531b3bcf7c6df277ab2eeab9702346f860b3c1e05aa2f162ce8e5fc76ee35","mv10_partition_quality_v1","hclust_average_v1",6,0.410634854898199,0.503339026265193,-0.327760999101408,0.0806451612903226,2,60,0,"closed",FALSE
"06c0dd6c129d8567651081156272cfe972e52c7d",17,"allqc_data_exact500","sct_data_all_qc_fit_selected384","exact500",20260808,"H0","c4323b3a15dfd9adda72da55676745f09de99f55f92b5fe815f5c25909a36cef","9fc531b3bcf7c6df277ab2eeab9702346f860b3c1e05aa2f162ce8e5fc76ee35","mv10_partition_quality_v1","hclust_average_v1",7,0.362446777893891,0.416962822316473,-0.327760999101408,0.0887096774193548,2,60,0,"closed",FALSE
"06c0dd6c129d8567651081156272cfe972e52c7d",17,"allqc_data_exact500","sct_data_all_qc_fit_selected384","exact500",20260808,"H0","c4323b3a15dfd9adda72da55676745f09de99f55f92b5fe815f5c25909a36cef","9fc531b3bcf7c6df277ab2eeab9702346f860b3c1e05aa2f162ce8e5fc76ee35","mv10_partition_quality_v1","hclust_average_v1",8,0.336981062512594,0.384594606314212,-0.275627058408895,0.0725806451612903,2,40,0,"closed",FALSE
"06c0dd6c129d8567651081156272cfe972e52c7d",17,"allqc_data_exact500","sct_data_all_qc_fit_selected384","exact500",20260808,"H0","c4323b3a15dfd9adda72da55676745f09de99f55f92b5fe815f5c25909a36cef","9fc531b3bcf7c6df277ab2eeab9702346f860b3c1e05aa2f162ce8e5fc76ee35","mv10_partition_quality_v1","hclust_average_v1",9,0.347579712443596,0.388142564916067,-0.275627058408895,0.0725806451612903,2,40,0,"closed",FALSE
"06c0dd6c129d8567651081156272cfe972e52c7d",17,"allqc_data_exact500","sct_data_all_qc_fit_selected384","exact500",20260808,"H0","c4323b3a15dfd9adda72da55676745f09de99f55f92b5fe815f5c25909a36cef","9fc531b3bcf7c6df277ab2eeab9702346f860b3c1e05aa2f162ce8e5fc76ee35","mv10_partition_quality_v1","hclust_average_v1",10,0.319176434199139,0.346634354613523,-0.288114289068492,0.104838709677419,2,34,0,"closed",FALSE
"06c0dd6c129d8567651081156272cfe972e52c7d",17,"allqc_data_exact500","sct_data_all_qc_fit_selected384","exact500",20260808,"H0","c4323b3a15dfd9adda72da55676745f09de99f55f92b5fe815f5c25909a36cef","9fc531b3bcf7c6df277ab2eeab9702346f860b3c1e05aa2f162ce8e5fc76ee35","mv10_partition_quality_v1","hclust_complete_v1",2,0.371537327932449,0.46195922882068,-0.507081342087168,0.17741935483871,52,72,0,"closed",FALSE
"06c0dd6c129d8567651081156272cfe972e52c7d",17,"allqc_data_exact500","sct_data_all_qc_fit_selected384","exact500",20260808,"H0","c4323b3a15dfd9adda72da55676745f09de99f55f92b5fe815f5c25909a36cef","9fc531b3bcf7c6df277ab2eeab9702346f860b3c1e05aa2f162ce8e5fc76ee35","mv10_partition_quality_v1","hclust_complete_v1",3,0.364708722353452,0.42182360635762,-0.426740176325634,0.145161290322581,5,67,0,"closed",FALSE
"06c0dd6c129d8567651081156272cfe972e52c7d",17,"allqc_data_exact500","sct_data_all_qc_fit_selected384","exact500",20260808,"H0","c4323b3a15dfd9adda72da55676745f09de99f55f92b5fe815f5c25909a36cef","9fc531b3bcf7c6df277ab2eeab9702346f860b3c1e05aa2f162ce8e5fc76ee35","mv10_partition_quality_v1","hclust_complete_v1",4,0.467347672922325,0.52571310923871,-0.177696323402389,0.0403225806451613,5,52,0,"closed",FALSE
"06c0dd6c129d8567651081156272cfe972e52c7d",17,"allqc_data_exact500","sct_data_all_qc_fit_selected384","exact500",20260808,"H0","c4323b3a15dfd9adda72da55676745f09de99f55f92b5fe815f5c25909a36cef","9fc531b3bcf7c6df277ab2eeab9702346f860b3c1e05aa2f162ce8e5fc76ee35","mv10_partition_quality_v1","hclust_complete_v1",5,0.417883255831648,0.454145370245714,-0.20168898539663,0.0403225806451613,5,46,0,"closed",FALSE
"06c0dd6c129d8567651081156272cfe972e52c7d",17,"allqc_data_exact500","sct_data_all_qc_fit_selected384","exact500",20260808,"H0","c4323b3a15dfd9adda72da55676745f09de99f55f92b5fe815f5c25909a36cef","9fc531b3bcf7c6df277ab2eeab9702346f860b3c1e05aa2f162ce8e5fc76ee35","mv10_partition_quality_v1","hclust_complete_v1",6,0.367786551021367,0.402174908111799,-0.20168898539663,0.0403225806451613,5,46,0,"closed",FALSE
"06c0dd6c129d8567651081156272cfe972e52c7d",17,"allqc_data_exact500","sct_data_all_qc_fit_selected384","exact500",20260808,"H0","c4323b3a15dfd9adda72da55676745f09de99f55f92b5fe815f5c25909a36cef","9fc531b3bcf7c6df277ab2eeab9702346f860b3c1e05aa2f162ce8e5fc76ee35","mv10_partition_quality_v1","hclust_complete_v1",7,0.324920879134658,0.376800341872665,-0.189522659838168,0.0564516129032258,5,39,0,"closed",FALSE
"06c0dd6c129d8567651081156272cfe972e52c7d",17,"allqc_data_exact500","sct_data_all_qc_fit_selected384","exact500",20260808,"H0","c4323b3a15dfd9adda72da55676745f09de99f55f92b5fe815f5c25909a36cef","9fc531b3bcf7c6df277ab2eeab9702346f860b3c1e05aa2f162ce8e5fc76ee35","mv10_partition_quality_v1","hclust_complete_v1",8,0.309609112708938,0.357347536057827,-0.28389272987615,0.0564516129032258,5,32,0,"closed",FALSE
"06c0dd6c129d8567651081156272cfe972e52c7d",17,"allqc_data_exact500","sct_data_all_qc_fit_selected384","exact500",20260808,"H0","c4323b3a15dfd9adda72da55676745f09de99f55f92b5fe815f5c25909a36cef","9fc531b3bcf7c6df277ab2eeab9702346f860b3c1e05aa2f162ce8e5fc76ee35","mv10_partition_quality_v1","hclust_complete_v1",9,0.316767318708128,0.352386547706807,-0.28389272987615,0.0564516129032258,5,32,0,"closed",FALSE
"06c0dd6c129d8567651081156272cfe972e52c7d",17,"allqc_data_exact500","sct_data_all_qc_fit_selected384","exact500",20260808,"H0","c4323b3a15dfd9adda72da55676745f09de99f55f92b5fe815f5c25909a36cef","9fc531b3bcf7c6df277ab2eeab9702346f860b3c1e05aa2f162ce8e5fc76ee35","mv10_partition_quality_v1","hclust_complete_v1",10,0.315838756964689,0.354862075548124,-0.28389272987615,0.0564516129032258,2,32,0,"closed",FALSE
"06c0dd6c129d8567651081156272cfe972e52c7d",17,"allqc_data_exact500","sct_data_all_qc_fit_selected384","exact500",20260808,"H0","c4323b3a15dfd9adda72da55676745f09de99f55f92b5fe815f5c25909a36cef","9fc531b3bcf7c6df277ab2eeab9702346f860b3c1e05aa2f162ce8e5fc76ee35","mv10_partition_quality_v1","hclust_single_diagnostic_v1",2,0.572596667390458,0.710198370955842,-0.539629358841574,0.0967741935483871,5,119,0,"closed",FALSE
"06c0dd6c129d8567651081156272cfe972e52c7d",17,"allqc_data_exact500","sct_data_all_qc_fit_selected384","exact500",20260808,"H0","c4323b3a15dfd9adda72da55676745f09de99f55f92b5fe815f5c25909a36cef","9fc531b3bcf7c6df277ab2eeab9702346f860b3c1e05aa2f162ce8e5fc76ee35","mv10_partition_quality_v1","hclust_single_diagnostic_v1",3,0.519929804577181,0.682482562344322,-0.657853756834591,0.137096774193548,2,119,0,"closed",FALSE
"06c0dd6c129d8567651081156272cfe972e52c7d",17,"allqc_data_exact500","sct_data_all_qc_fit_selected384","exact500",20260808,"H0","c4323b3a15dfd9adda72da55676745f09de99f55f92b5fe815f5c25909a36cef","9fc531b3bcf7c6df277ab2eeab9702346f860b3c1e05aa2f162ce8e5fc76ee35","mv10_partition_quality_v1","hclust_single_diagnostic_v1",4,0.571893892770528,0.630200139196043,-0.159401890526534,0.0161290322580645,2,98,0,"closed",FALSE
"06c0dd6c129d8567651081156272cfe972e52c7d",17,"allqc_data_exact500","sct_data_all_qc_fit_selected384","exact500",20260808,"H0","c4323b3a15dfd9adda72da55676745f09de99f55f92b5fe815f5c25909a36cef","9fc531b3bcf7c6df277ab2eeab9702346f860b3c1e05aa2f162ce8e5fc76ee35","mv10_partition_quality_v1","hclust_single_diagnostic_v1",5,0.55460924493485,0.619824402094864,-0.159401890526534,0.0241935483870968,1,98,1,"closed",FALSE
"06c0dd6c129d8567651081156272cfe972e52c7d",17,"allqc_data_exact500","sct_data_all_qc_fit_selected384","exact500",20260808,"H0","c4323b3a15dfd9adda72da55676745f09de99f55f92b5fe815f5c25909a36cef","9fc531b3bcf7c6df277ab2eeab9702346f860b3c1e05aa2f162ce8e5fc76ee35","mv10_partition_quality_v1","hclust_single_diagnostic_v1",6,0.551150974797091,0.615749729954196,-0.159401890526534,0.0241935483870968,1,98,3,"closed",FALSE
"06c0dd6c129d8567651081156272cfe972e52c7d",17,"allqc_data_exact500","sct_data_all_qc_fit_selected384","exact500",20260808,"H0","c4323b3a15dfd9adda72da55676745f09de99f55f92b5fe815f5c25909a36cef","9fc531b3bcf7c6df277ab2eeab9702346f860b3c1e05aa2f162ce8e5fc76ee35","mv10_partition_quality_v1","hclust_single_diagnostic_v1",7,0.42330381764223,0.529503005426952,-0.408118724108357,0.0887096774193548,1,98,4,"closed",FALSE
"06c0dd6c129d8567651081156272cfe972e52c7d",17,"allqc_data_exact500","sct_data_all_qc_fit_selected384","exact500",20260808,"H0","c4323b3a15dfd9adda72da55676745f09de99f55f92b5fe815f5c25909a36cef","9fc531b3bcf7c6df277ab2eeab9702346f860b3c1e05aa2f162ce8e5fc76ee35","mv10_partition_quality_v1","hclust_single_diagnostic_v1",8,0.287869194416675,0.380301302411352,-0.70535981499015,0.169354838709677,1,97,5,"closed",FALSE
"06c0dd6c129d8567651081156272cfe972e52c7d",17,"allqc_data_exact500","sct_data_all_qc_fit_selected384","exact500",20260808,"H0","c4323b3a15dfd9adda72da55676745f09de99f55f92b5fe815f5c25909a36cef","9fc531b3bcf7c6df277ab2eeab9702346f860b3c1e05aa2f162ce8e5fc76ee35","mv10_partition_quality_v1","hclust_single_diagnostic_v1",9,0.250223977364521,0.325553575561776,-0.70535981499015,0.193548387096774,1,97,5,"closed",FALSE
"06c0dd6c129d8567651081156272cfe972e52c7d",17,"allqc_data_exact500","sct_data_all_qc_fit_selected384","exact500",20260808,"H0","c4323b3a15dfd9adda72da55676745f09de99f55f92b5fe815f5c25909a36cef","9fc531b3bcf7c6df277ab2eeab9702346f860b3c1e05aa2f162ce8e5fc76ee35","mv10_partition_quality_v1","hclust_single_diagnostic_v1",10,0.250023975037302,0.324465692405416,-0.70535981499015,0.193548387096774,1,97,6,"closed",FALSE
"06c0dd6c129d8567651081156272cfe972e52c7d",17,"allqc_data_exact500","sct_data_all_qc_fit_selected384","exact500",20260808,"H0","c4323b3a15dfd9adda72da55676745f09de99f55f92b5fe815f5c25909a36cef","9fc531b3bcf7c6df277ab2eeab9702346f860b3c1e05aa2f162ce8e5fc76ee35","mv10_partition_quality_v1","diana_dissimilarity_v1",2,0.632508120290284,0.689561726014206,0.0624195252369561,0,26,98,0,"closed",FALSE
"06c0dd6c129d8567651081156272cfe972e52c7d",17,"allqc_data_exact500","sct_data_all_qc_fit_selected384","exact500",20260808,"H0","c4323b3a15dfd9adda72da55676745f09de99f55f92b5fe815f5c25909a36cef","9fc531b3bcf7c6df277ab2eeab9702346f860b3c1e05aa2f162ce8e5fc76ee35","mv10_partition_quality_v1","diana_dissimilarity_v1",3,0.588683976587872,0.658408423885997,-0.159401890526534,0.0161290322580645,5,98,0,"closed",FALSE
"06c0dd6c129d8567651081156272cfe972e52c7d",17,"allqc_data_exact500","sct_data_all_qc_fit_selected384","exact500",20260808,"H0","c4323b3a15dfd9adda72da55676745f09de99f55f92b5fe815f5c25909a36cef","9fc531b3bcf7c6df277ab2eeab9702346f860b3c1e05aa2f162ce8e5fc76ee35","mv10_partition_quality_v1","diana_dissimilarity_v1",4,0.47921668623852,0.538011126463463,0.00771264300447113,0,5,54,0,"closed",FALSE
"06c0dd6c129d8567651081156272cfe972e52c7d",17,"allqc_data_exact500","sct_data_all_qc_fit_selected384","exact500",20260808,"H0","c4323b3a15dfd9adda72da55676745f09de99f55f92b5fe815f5c25909a36cef","9fc531b3bcf7c6df277ab2eeab9702346f860b3c1e05aa2f162ce8e5fc76ee35","mv10_partition_quality_v1","diana_dissimilarity_v1",5,0.409232038303715,0.465230620612777,-0.229964462631846,0.0645161290322581,5,54,0,"closed",FALSE
"06c0dd6c129d8567651081156272cfe972e52c7d",17,"allqc_data_exact500","sct_data_all_qc_fit_selected384","exact500",20260808,"H0","c4323b3a15dfd9adda72da55676745f09de99f55f92b5fe815f5c25909a36cef","9fc531b3bcf7c6df277ab2eeab9702346f860b3c1e05aa2f162ce8e5fc76ee35","mv10_partition_quality_v1","diana_dissimilarity_v1",6,0.37450100590248,0.399868408947534,-0.0496114246124134,0.0161290322580645,5,31,0,"closed",FALSE
"06c0dd6c129d8567651081156272cfe972e52c7d",17,"allqc_data_exact500","sct_data_all_qc_fit_selected384","exact500",20260808,"H0","c4323b3a15dfd9adda72da55676745f09de99f55f92b5fe815f5c25909a36cef","9fc531b3bcf7c6df277ab2eeab9702346f860b3c1e05aa2f162ce8e5fc76ee35","mv10_partition_quality_v1","diana_dissimilarity_v1",7,0.340431030597174,0.360390439539842,-0.0496114246124134,0.0161290322580645,5,31,0,"closed",FALSE
"06c0dd6c129d8567651081156272cfe972e52c7d",17,"allqc_data_exact500","sct_data_all_qc_fit_selected384","exact500",20260808,"H0","c4323b3a15dfd9adda72da55676745f09de99f55f92b5fe815f5c25909a36cef","9fc531b3bcf7c6df277ab2eeab9702346f860b3c1e05aa2f162ce8e5fc76ee35","mv10_partition_quality_v1","diana_dissimilarity_v1",8,0.316251947104931,0.349128714712264,-0.231814823843426,0.0483870967741935,5,31,0,"closed",FALSE
"06c0dd6c129d8567651081156272cfe972e52c7d",17,"allqc_data_exact500","sct_data_all_qc_fit_selected384","exact500",20260808,"H0","c4323b3a15dfd9adda72da55676745f09de99f55f92b5fe815f5c25909a36cef","9fc531b3bcf7c6df277ab2eeab9702346f860b3c1e05aa2f162ce8e5fc76ee35","mv10_partition_quality_v1","diana_dissimilarity_v1",9,0.323410153104122,0.344813328258851,-0.231814823843426,0.0483870967741935,5,31,0,"closed",FALSE
"06c0dd6c129d8567651081156272cfe972e52c7d",17,"allqc_data_exact500","sct_data_all_qc_fit_selected384","exact500",20260808,"H0","c4323b3a15dfd9adda72da55676745f09de99f55f92b5fe815f5c25909a36cef","9fc531b3bcf7c6df277ab2eeab9702346f860b3c1e05aa2f162ce8e5fc76ee35","mv10_partition_quality_v1","diana_dissimilarity_v1",10,0.322481591360683,0.348465290452131,-0.231814823843426,0.0483870967741935,2,31,0,"closed",FALSE
"06c0dd6c129d8567651081156272cfe972e52c7d",18,"allqc_data_exact500","sct_data_all_qc_fit_selected384","exact500",20260808,"H1","862181513b926efcc4b6f6b574bfcf2901cdde60747f00067ef47d860d862b43","9fc531b3bcf7c6df277ab2eeab9702346f860b3c1e05aa2f162ce8e5fc76ee35","mv10_partition_quality_v1","pam_dissimilarity_v1",2,0.354966506031761,0.406131235861282,-0.00255735673514581,0.00806451612903226,51,73,0,"closed",FALSE
"06c0dd6c129d8567651081156272cfe972e52c7d",18,"allqc_data_exact500","sct_data_all_qc_fit_selected384","exact500",20260808,"H1","862181513b926efcc4b6f6b574bfcf2901cdde60747f00067ef47d860d862b43","9fc531b3bcf7c6df277ab2eeab9702346f860b3c1e05aa2f162ce8e5fc76ee35","mv10_partition_quality_v1","pam_dissimilarity_v1",3,0.304914705445038,0.324236608446639,-0.100433608689252,0.00806451612903226,28,51,0,"closed",FALSE
"06c0dd6c129d8567651081156272cfe972e52c7d",18,"allqc_data_exact500","sct_data_all_qc_fit_selected384","exact500",20260808,"H1","862181513b926efcc4b6f6b574bfcf2901cdde60747f00067ef47d860d862b43","9fc531b3bcf7c6df277ab2eeab9702346f860b3c1e05aa2f162ce8e5fc76ee35","mv10_partition_quality_v1","pam_dissimilarity_v1",4,0.219459554221624,0.240602491689493,-0.12478550942129,0.0403225806451613,27,33,0,"closed",FALSE
"06c0dd6c129d8567651081156272cfe972e52c7d",18,"allqc_data_exact500","sct_data_all_qc_fit_selected384","exact500",20260808,"H1","862181513b926efcc4b6f6b574bfcf2901cdde60747f00067ef47d860d862b43","9fc531b3bcf7c6df277ab2eeab9702346f860b3c1e05aa2f162ce8e5fc76ee35","mv10_partition_quality_v1","pam_dissimilarity_v1",5,0.23227096856163,0.240595885571573,-0.0280354648438697,0.0161290322580645,6,33,0,"closed",FALSE
"06c0dd6c129d8567651081156272cfe972e52c7d",18,"allqc_data_exact500","sct_data_all_qc_fit_selected384","exact500",20260808,"H1","862181513b926efcc4b6f6b574bfcf2901cdde60747f00067ef47d860d862b43","9fc531b3bcf7c6df277ab2eeab9702346f860b3c1e05aa2f162ce8e5fc76ee35","mv10_partition_quality_v1","pam_dissimilarity_v1",6,0.200405818996189,0.199155487831686,-0.123292651302388,0.0564516129032258,6,27,0,"closed",FALSE
"06c0dd6c129d8567651081156272cfe972e52c7d",18,"allqc_data_exact500","sct_data_all_qc_fit_selected384","exact500",20260808,"H1","862181513b926efcc4b6f6b574bfcf2901cdde60747f00067ef47d860d862b43","9fc531b3bcf7c6df277ab2eeab9702346f860b3c1e05aa2f162ce8e5fc76ee35","mv10_partition_quality_v1","pam_dissimilarity_v1",7,0.196268930707269,0.214698669337619,-0.137330258976956,0.104838709677419,6,27,0,"closed",FALSE
"06c0dd6c129d8567651081156272cfe972e52c7d",18,"allqc_data_exact500","sct_data_all_qc_fit_selected384","exact500",20260808,"H1","862181513b926efcc4b6f6b574bfcf2901cdde60747f00067ef47d860d862b43","9fc531b3bcf7c6df277ab2eeab9702346f860b3c1e05aa2f162ce8e5fc76ee35","mv10_partition_quality_v1","pam_dissimilarity_v1",8,0.202030474963673,0.215629336123111,-0.137330258976956,0.0887096774193548,6,27,0,"closed",FALSE
"06c0dd6c129d8567651081156272cfe972e52c7d",18,"allqc_data_exact500","sct_data_all_qc_fit_selected384","exact500",20260808,"H1","862181513b926efcc4b6f6b574bfcf2901cdde60747f00067ef47d860d862b43","9fc531b3bcf7c6df277ab2eeab9702346f860b3c1e05aa2f162ce8e5fc76ee35","mv10_partition_quality_v1","pam_dissimilarity_v1",9,0.187124960652282,0.187646031304417,-0.177286987070239,0.0483870967741935,6,27,0,"closed",FALSE
"06c0dd6c129d8567651081156272cfe972e52c7d",18,"allqc_data_exact500","sct_data_all_qc_fit_selected384","exact500",20260808,"H1","862181513b926efcc4b6f6b574bfcf2901cdde60747f00067ef47d860d862b43","9fc531b3bcf7c6df277ab2eeab9702346f860b3c1e05aa2f162ce8e5fc76ee35","mv10_partition_quality_v1","pam_dissimilarity_v1",10,0.173590645485801,0.168926499763971,-0.177286987070239,0.0564516129032258,6,18,0,"closed",FALSE
"06c0dd6c129d8567651081156272cfe972e52c7d",18,"allqc_data_exact500","sct_data_all_qc_fit_selected384","exact500",20260808,"H1","862181513b926efcc4b6f6b574bfcf2901cdde60747f00067ef47d860d862b43","9fc531b3bcf7c6df277ab2eeab9702346f860b3c1e05aa2f162ce8e5fc76ee35","mv10_partition_quality_v1","hclust_average_v1",2,0.377239779591603,0.454158351114882,-0.209739434865252,0.0725806451612903,6,118,0,"closed",FALSE
"06c0dd6c129d8567651081156272cfe972e52c7d",18,"allqc_data_exact500","sct_data_all_qc_fit_selected384","exact500",20260808,"H1","862181513b926efcc4b6f6b574bfcf2901cdde60747f00067ef47d860d862b43","9fc531b3bcf7c6df277ab2eeab9702346f860b3c1e05aa2f162ce8e5fc76ee35","mv10_partition_quality_v1","hclust_average_v1",3,0.296597873478621,0.363247794234172,-0.174949390196501,0.104838709677419,6,91,0,"closed",FALSE
"06c0dd6c129d8567651081156272cfe972e52c7d",18,"allqc_data_exact500","sct_data_all_qc_fit_selected384","exact500",20260808,"H1","862181513b926efcc4b6f6b574bfcf2901cdde60747f00067ef47d860d862b43","9fc531b3bcf7c6df277ab2eeab9702346f860b3c1e05aa2f162ce8e5fc76ee35","mv10_partition_quality_v1","hclust_average_v1",4,0.274485073392979,0.343654147296712,-0.29854651695137,0.137096774193548,1,91,1,"closed",FALSE
"06c0dd6c129d8567651081156272cfe972e52c7d",18,"allqc_data_exact500","sct_data_all_qc_fit_selected384","exact500",20260808,"H1","862181513b926efcc4b6f6b574bfcf2901cdde60747f00067ef47d860d862b43","9fc531b3bcf7c6df277ab2eeab9702346f860b3c1e05aa2f162ce8e5fc76ee35","mv10_partition_quality_v1","hclust_average_v1",5,0.292817552358651,0.318278598292652,-0.125713273058144,0.0483870967741935,1,49,1,"closed",FALSE
"06c0dd6c129d8567651081156272cfe972e52c7d",18,"allqc_data_exact500","sct_data_all_qc_fit_selected384","exact500",20260808,"H1","862181513b926efcc4b6f6b574bfcf2901cdde60747f00067ef47d860d862b43","9fc531b3bcf7c6df277ab2eeab9702346f860b3c1e05aa2f162ce8e5fc76ee35","mv10_partition_quality_v1","hclust_average_v1",6,0.264759185496983,0.281732396619275,-0.169556389529642,0.0483870967741935,1,42,1,"closed",FALSE
"06c0dd6c129d8567651081156272cfe972e52c7d",18,"allqc_data_exact500","sct_data_all_qc_fit_selected384","exact500",20260808,"H1","862181513b926efcc4b6f6b574bfcf2901cdde60747f00067ef47d860d862b43","9fc531b3bcf7c6df277ab2eeab9702346f860b3c1e05aa2f162ce8e5fc76ee35","mv10_partition_quality_v1","hclust_average_v1",7,0.240100823711583,0.246098713171662,-0.169556389529642,0.0564516129032258,1,42,1,"closed",FALSE
"06c0dd6c129d8567651081156272cfe972e52c7d",18,"allqc_data_exact500","sct_data_all_qc_fit_selected384","exact500",20260808,"H1","862181513b926efcc4b6f6b574bfcf2901cdde60747f00067ef47d860d862b43","9fc531b3bcf7c6df277ab2eeab9702346f860b3c1e05aa2f162ce8e5fc76ee35","mv10_partition_quality_v1","hclust_average_v1",8,0.224581941183723,0.234180820138233,-0.169556389529642,0.0725806451612903,1,42,1,"closed",FALSE
"06c0dd6c129d8567651081156272cfe972e52c7d",18,"allqc_data_exact500","sct_data_all_qc_fit_selected384","exact500",20260808,"H1","862181513b926efcc4b6f6b574bfcf2901cdde60747f00067ef47d860d862b43","9fc531b3bcf7c6df277ab2eeab9702346f860b3c1e05aa2f162ce8e5fc76ee35","mv10_partition_quality_v1","hclust_average_v1",9,0.223648439946904,0.236166582930784,-0.169556389529642,0.0725806451612903,1,42,1,"closed",FALSE
"06c0dd6c129d8567651081156272cfe972e52c7d",18,"allqc_data_exact500","sct_data_all_qc_fit_selected384","exact500",20260808,"H1","862181513b926efcc4b6f6b574bfcf2901cdde60747f00067ef47d860d862b43","9fc531b3bcf7c6df277ab2eeab9702346f860b3c1e05aa2f162ce8e5fc76ee35","mv10_partition_quality_v1","hclust_average_v1",10,0.216885592105284,0.230211704556586,-0.169556389529642,0.0725806451612903,1,42,2,"closed",FALSE
"06c0dd6c129d8567651081156272cfe972e52c7d",18,"allqc_data_exact500","sct_data_all_qc_fit_selected384","exact500",20260808,"H1","862181513b926efcc4b6f6b574bfcf2901cdde60747f00067ef47d860d862b43","9fc531b3bcf7c6df277ab2eeab9702346f860b3c1e05aa2f162ce8e5fc76ee35","mv10_partition_quality_v1","hclust_complete_v1",2,0.348714543026675,0.395918829589661,-0.168220721934375,0.0483870967741935,45,79,0,"closed",FALSE
"06c0dd6c129d8567651081156272cfe972e52c7d",18,"allqc_data_exact500","sct_data_all_qc_fit_selected384","exact500",20260808,"H1","862181513b926efcc4b6f6b574bfcf2901cdde60747f00067ef47d860d862b43","9fc531b3bcf7c6df277ab2eeab9702346f860b3c1e05aa2f162ce8e5fc76ee35","mv10_partition_quality_v1","hclust_complete_v1",3,0.317583719532651,0.373038077191302,-0.278605505251622,0.0806451612903226,6,79,0,"closed",FALSE
"06c0dd6c129d8567651081156272cfe972e52c7d",18,"allqc_data_exact500","sct_data_all_qc_fit_selected384","exact500",20260808,"H1","862181513b926efcc4b6f6b574bfcf2901cdde60747f00067ef47d860d862b43","9fc531b3bcf7c6df277ab2eeab9702346f860b3c1e05aa2f162ce8e5fc76ee35","mv10_partition_quality_v1","hclust_complete_v1",4,0.294047215351728,0.318473433300726,-0.200195570888004,0.0403225806451613,6,48,0,"closed",FALSE
"06c0dd6c129d8567651081156272cfe972e52c7d",18,"allqc_data_exact500","sct_data_all_qc_fit_selected384","exact500",20260808,"H1","862181513b926efcc4b6f6b574bfcf2901cdde60747f00067ef47d860d862b43","9fc531b3bcf7c6df277ab2eeab9702346f860b3c1e05aa2f162ce8e5fc76ee35","mv10_partition_quality_v1","hclust_complete_v1",5,0.243099506766574,0.249415759093665,-0.127874730011379,0.0645161290322581,6,48,0,"closed",FALSE
"06c0dd6c129d8567651081156272cfe972e52c7d",18,"allqc_data_exact500","sct_data_all_qc_fit_selected384","exact500",20260808,"H1","862181513b926efcc4b6f6b574bfcf2901cdde60747f00067ef47d860d862b43","9fc531b3bcf7c6df277ab2eeab9702346f860b3c1e05aa2f162ce8e5fc76ee35","mv10_partition_quality_v1","hclust_complete_v1",6,0.232850998577931,0.245824627240954,-0.127874730011379,0.0645161290322581,1,48,1,"closed",FALSE
"06c0dd6c129d8567651081156272cfe972e52c7d",18,"allqc_data_exact500","sct_data_all_qc_fit_selected384","exact500",20260808,"H1","862181513b926efcc4b6f6b574bfcf2901cdde60747f00067ef47d860d862b43","9fc531b3bcf7c6df277ab2eeab9702346f860b3c1e05aa2f162ce8e5fc76ee35","mv10_partition_quality_v1","hclust_complete_v1",7,0.184538016631916,0.187091297055302,-0.180759992996151,0.104838709677419,1,39,1,"closed",FALSE
"06c0dd6c129d8567651081156272cfe972e52c7d",18,"allqc_data_exact500","sct_data_all_qc_fit_selected384","exact500",20260808,"H1","862181513b926efcc4b6f6b574bfcf2901cdde60747f00067ef47d860d862b43","9fc531b3bcf7c6df277ab2eeab9702346f860b3c1e05aa2f162ce8e5fc76ee35","mv10_partition_quality_v1","hclust_complete_v1",8,0.176053391817495,0.171392409229395,-0.180759992996151,0.0887096774193548,1,39,1,"closed",FALSE
"06c0dd6c129d8567651081156272cfe972e52c7d",18,"allqc_data_exact500","sct_data_all_qc_fit_selected384","exact500",20260808,"H1","862181513b926efcc4b6f6b574bfcf2901cdde60747f00067ef47d860d862b43","9fc531b3bcf7c6df277ab2eeab9702346f860b3c1e05aa2f162ce8e5fc76ee35","mv10_partition_quality_v1","hclust_complete_v1",9,0.189367613506616,0.201448346959443,-0.165484420141561,0.0967741935483871,1,39,1,"closed",FALSE
"06c0dd6c129d8567651081156272cfe972e52c7d",18,"allqc_data_exact500","sct_data_all_qc_fit_selected384","exact500",20260808,"H1","862181513b926efcc4b6f6b574bfcf2901cdde60747f00067ef47d860d862b43","9fc531b3bcf7c6df277ab2eeab9702346f860b3c1e05aa2f162ce8e5fc76ee35","mv10_partition_quality_v1","hclust_complete_v1",10,0.179380133247955,0.194214711936642,-0.165484420141561,0.0887096774193548,1,23,1,"closed",FALSE
"06c0dd6c129d8567651081156272cfe972e52c7d",18,"allqc_data_exact500","sct_data_all_qc_fit_selected384","exact500",20260808,"H1","862181513b926efcc4b6f6b574bfcf2901cdde60747f00067ef47d860d862b43","9fc531b3bcf7c6df277ab2eeab9702346f860b3c1e05aa2f162ce8e5fc76ee35","mv10_partition_quality_v1","hclust_single_diagnostic_v1",2,0.375847986863948,0.490661215396275,-0.472990962348972,0.112903225806452,1,123,1,"closed",FALSE
"06c0dd6c129d8567651081156272cfe972e52c7d",18,"allqc_data_exact500","sct_data_all_qc_fit_selected384","exact500",20260808,"H1","862181513b926efcc4b6f6b574bfcf2901cdde60747f00067ef47d860d862b43","9fc531b3bcf7c6df277ab2eeab9702346f860b3c1e05aa2f162ce8e5fc76ee35","mv10_partition_quality_v1","hclust_single_diagnostic_v1",3,0.0308446728001861,0.0948299484870487,-0.471322818701021,0.403225806451613,1,122,2,"closed",FALSE
"06c0dd6c129d8567651081156272cfe972e52c7d",18,"allqc_data_exact500","sct_data_all_qc_fit_selected384","exact500",20260808,"H1","862181513b926efcc4b6f6b574bfcf2901cdde60747f00067ef47d860d862b43","9fc531b3bcf7c6df277ab2eeab9702346f860b3c1e05aa2f162ce8e5fc76ee35","mv10_partition_quality_v1","hclust_single_diagnostic_v1",4,0.0313476523358421,0.0961092513655746,-0.507461161651814,0.395161290322581,1,121,3,"closed",FALSE
"06c0dd6c129d8567651081156272cfe972e52c7d",18,"allqc_data_exact500","sct_data_all_qc_fit_selected384","exact500",20260808,"H1","862181513b926efcc4b6f6b574bfcf2901cdde60747f00067ef47d860d862b43","9fc531b3bcf7c6df277ab2eeab9702346f860b3c1e05aa2f162ce8e5fc76ee35","mv10_partition_quality_v1","hclust_single_diagnostic_v1",5,0.0222692205440352,0.06125239954964,-0.515626087589554,0.403225806451613,1,120,4,"closed",FALSE
"06c0dd6c129d8567651081156272cfe972e52c7d",18,"allqc_data_exact500","sct_data_all_qc_fit_selected384","exact500",20260808,"H1","862181513b926efcc4b6f6b574bfcf2901cdde60747f00067ef47d860d862b43","9fc531b3bcf7c6df277ab2eeab9702346f860b3c1e05aa2f162ce8e5fc76ee35","mv10_partition_quality_v1","hclust_single_diagnostic_v1",6,0.15147732670484,0.162210061368623,-0.413351572746016,0.209677419354839,1,96,4,"closed",FALSE
"06c0dd6c129d8567651081156272cfe972e52c7d",18,"allqc_data_exact500","sct_data_all_qc_fit_selected384","exact500",20260808,"H1","862181513b926efcc4b6f6b574bfcf2901cdde60747f00067ef47d860d862b43","9fc531b3bcf7c6df277ab2eeab9702346f860b3c1e05aa2f162ce8e5fc76ee35","mv10_partition_quality_v1","hclust_single_diagnostic_v1",7,0.137089002121167,0.160004844564652,-0.413351572746016,0.241935483870968,1,96,5,"closed",FALSE
"06c0dd6c129d8567651081156272cfe972e52c7d",18,"allqc_data_exact500","sct_data_all_qc_fit_selected384","exact500",20260808,"H1","862181513b926efcc4b6f6b574bfcf2901cdde60747f00067ef47d860d862b43","9fc531b3bcf7c6df277ab2eeab9702346f860b3c1e05aa2f162ce8e5fc76ee35","mv10_partition_quality_v1","hclust_single_diagnostic_v1",8,0.134499268579952,0.160355470627691,-0.413351572746016,0.266129032258065,1,96,5,"closed",FALSE
"06c0dd6c129d8567651081156272cfe972e52c7d",18,"allqc_data_exact500","sct_data_all_qc_fit_selected384","exact500",20260808,"H1","862181513b926efcc4b6f6b574bfcf2901cdde60747f00067ef47d860d862b43","9fc531b3bcf7c6df277ab2eeab9702346f860b3c1e05aa2f162ce8e5fc76ee35","mv10_partition_quality_v1","hclust_single_diagnostic_v1",9,0.136234022888633,0.160306867214102,-0.413351572746016,0.266129032258065,1,96,5,"closed",FALSE
"06c0dd6c129d8567651081156272cfe972e52c7d",18,"allqc_data_exact500","sct_data_all_qc_fit_selected384","exact500",20260808,"H1","862181513b926efcc4b6f6b574bfcf2901cdde60747f00067ef47d860d862b43","9fc531b3bcf7c6df277ab2eeab9702346f860b3c1e05aa2f162ce8e5fc76ee35","mv10_partition_quality_v1","hclust_single_diagnostic_v1",10,0.126328943544468,0.130498605861044,-0.413351572746016,0.282258064516129,1,96,6,"closed",FALSE
"06c0dd6c129d8567651081156272cfe972e52c7d",18,"allqc_data_exact500","sct_data_all_qc_fit_selected384","exact500",20260808,"H1","862181513b926efcc4b6f6b574bfcf2901cdde60747f00067ef47d860d862b43","9fc531b3bcf7c6df277ab2eeab9702346f860b3c1e05aa2f162ce8e5fc76ee35","mv10_partition_quality_v1","diana_dissimilarity_v1",2,0.346468217151758,0.390222015749662,0.000145647348952187,0,57,67,0,"closed",FALSE
"06c0dd6c129d8567651081156272cfe972e52c7d",18,"allqc_data_exact500","sct_data_all_qc_fit_selected384","exact500",20260808,"H1","862181513b926efcc4b6f6b574bfcf2901cdde60747f00067ef47d860d862b43","9fc531b3bcf7c6df277ab2eeab9702346f860b3c1e05aa2f162ce8e5fc76ee35","mv10_partition_quality_v1","diana_dissimilarity_v1",3,0.324453559743087,0.357493411789705,-0.082559920867448,0.0483870967741935,6,67,0,"closed",FALSE
"06c0dd6c129d8567651081156272cfe972e52c7d",18,"allqc_data_exact500","sct_data_all_qc_fit_selected384","exact500",20260808,"H1","862181513b926efcc4b6f6b574bfcf2901cdde60747f00067ef47d860d862b43","9fc531b3bcf7c6df277ab2eeab9702346f860b3c1e05aa2f162ce8e5fc76ee35","mv10_partition_quality_v1","diana_dissimilarity_v1",4,0.289273303562356,0.307476026523949,-0.166813450348435,0.0483870967741935,6,51,0,"closed",FALSE
"06c0dd6c129d8567651081156272cfe972e52c7d",18,"allqc_data_exact500","sct_data_all_qc_fit_selected384","exact500",20260808,"H1","862181513b926efcc4b6f6b574bfcf2901cdde60747f00067ef47d860d862b43","9fc531b3bcf7c6df277ab2eeab9702346f860b3c1e05aa2f162ce8e5fc76ee35","mv10_partition_quality_v1","diana_dissimilarity_v1",5,0.227526226459516,0.248328531443798,-0.0842779154844295,0.032258064516129,6,40,0,"closed",FALSE
"06c0dd6c129d8567651081156272cfe972e52c7d",18,"allqc_data_exact500","sct_data_all_qc_fit_selected384","exact500",20260808,"H1","862181513b926efcc4b6f6b574bfcf2901cdde60747f00067ef47d860d862b43","9fc531b3bcf7c6df277ab2eeab9702346f860b3c1e05aa2f162ce8e5fc76ee35","mv10_partition_quality_v1","diana_dissimilarity_v1",6,0.224095595448306,0.243073716210493,-0.0842779154844295,0.032258064516129,1,40,1,"closed",FALSE
"06c0dd6c129d8567651081156272cfe972e52c7d",18,"allqc_data_exact500","sct_data_all_qc_fit_selected384","exact500",20260808,"H1","862181513b926efcc4b6f6b574bfcf2901cdde60747f00067ef47d860d862b43","9fc531b3bcf7c6df277ab2eeab9702346f860b3c1e05aa2f162ce8e5fc76ee35","mv10_partition_quality_v1","diana_dissimilarity_v1",7,0.200046179827755,0.201340668562027,-0.0842779154844295,0.032258064516129,1,40,1,"closed",FALSE
"06c0dd6c129d8567651081156272cfe972e52c7d",18,"allqc_data_exact500","sct_data_all_qc_fit_selected384","exact500",20260808,"H1","862181513b926efcc4b6f6b574bfcf2901cdde60747f00067ef47d860d862b43","9fc531b3bcf7c6df277ab2eeab9702346f860b3c1e05aa2f162ce8e5fc76ee35","mv10_partition_quality_v1","diana_dissimilarity_v1",8,0.187009057943687,0.185403479720817,-0.0765807957363584,0.0403225806451613,1,28,1,"closed",FALSE
"06c0dd6c129d8567651081156272cfe972e52c7d",18,"allqc_data_exact500","sct_data_all_qc_fit_selected384","exact500",20260808,"H1","862181513b926efcc4b6f6b574bfcf2901cdde60747f00067ef47d860d862b43","9fc531b3bcf7c6df277ab2eeab9702346f860b3c1e05aa2f162ce8e5fc76ee35","mv10_partition_quality_v1","diana_dissimilarity_v1",9,0.185885795286939,0.185770802382757,-0.230035746636085,0.0564516129032258,1,28,1,"closed",FALSE
"06c0dd6c129d8567651081156272cfe972e52c7d",18,"allqc_data_exact500","sct_data_all_qc_fit_selected384","exact500",20260808,"H1","862181513b926efcc4b6f6b574bfcf2901cdde60747f00067ef47d860d862b43","9fc531b3bcf7c6df277ab2eeab9702346f860b3c1e05aa2f162ce8e5fc76ee35","mv10_partition_quality_v1","diana_dissimilarity_v1",10,0.180242882122368,0.184360047595791,-0.230035746636085,0.0967741935483871,1,26,1,"closed",FALSE
"06c0dd6c129d8567651081156272cfe972e52c7d",19,"allqc_data_exact500","sct_data_all_qc_fit_selected384","exact500",20260809,"H0","4ff732abb82fbe059e57f16d9c05cb2924e798dd9abeabaf58adb6b1270dce9a","9fc531b3bcf7c6df277ab2eeab9702346f860b3c1e05aa2f162ce8e5fc76ee35","mv10_partition_quality_v1","pam_dissimilarity_v1",2,0.612954556784457,0.669462386110857,0.0343573675049891,0,29,95,0,"closed",FALSE
"06c0dd6c129d8567651081156272cfe972e52c7d",19,"allqc_data_exact500","sct_data_all_qc_fit_selected384","exact500",20260809,"H0","4ff732abb82fbe059e57f16d9c05cb2924e798dd9abeabaf58adb6b1270dce9a","9fc531b3bcf7c6df277ab2eeab9702346f860b3c1e05aa2f162ce8e5fc76ee35","mv10_partition_quality_v1","pam_dissimilarity_v1",3,0.478357822574189,0.536896614585904,-0.127581600161418,0.0161290322580645,27,60,0,"closed",FALSE
"06c0dd6c129d8567651081156272cfe972e52c7d",19,"allqc_data_exact500","sct_data_all_qc_fit_selected384","exact500",20260809,"H0","4ff732abb82fbe059e57f16d9c05cb2924e798dd9abeabaf58adb6b1270dce9a","9fc531b3bcf7c6df277ab2eeab9702346f860b3c1e05aa2f162ce8e5fc76ee35","mv10_partition_quality_v1","pam_dissimilarity_v1",4,0.40373372700348,0.472187297634791,-0.255296920641094,0.032258064516129,17,45,0,"closed",FALSE
"06c0dd6c129d8567651081156272cfe972e52c7d",19,"allqc_data_exact500","sct_data_all_qc_fit_selected384","exact500",20260809,"H0","4ff732abb82fbe059e57f16d9c05cb2924e798dd9abeabaf58adb6b1270dce9a","9fc531b3bcf7c6df277ab2eeab9702346f860b3c1e05aa2f162ce8e5fc76ee35","mv10_partition_quality_v1","pam_dissimilarity_v1",5,0.432870205235489,0.478761471808363,-0.0203156872702016,0.0161290322580645,5,45,0,"closed",FALSE
"06c0dd6c129d8567651081156272cfe972e52c7d",19,"allqc_data_exact500","sct_data_all_qc_fit_selected384","exact500",20260809,"H0","4ff732abb82fbe059e57f16d9c05cb2924e798dd9abeabaf58adb6b1270dce9a","9fc531b3bcf7c6df277ab2eeab9702346f860b3c1e05aa2f162ce8e5fc76ee35","mv10_partition_quality_v1","pam_dissimilarity_v1",6,0.396939814025223,0.436856615708543,-0.0390814228214582,0.00806451612903226,5,44,0,"closed",FALSE
"06c0dd6c129d8567651081156272cfe972e52c7d",19,"allqc_data_exact500","sct_data_all_qc_fit_selected384","exact500",20260809,"H0","4ff732abb82fbe059e57f16d9c05cb2924e798dd9abeabaf58adb6b1270dce9a","9fc531b3bcf7c6df277ab2eeab9702346f860b3c1e05aa2f162ce8e5fc76ee35","mv10_partition_quality_v1","pam_dissimilarity_v1",7,0.352332697945016,0.3715164198382,-0.133033252122505,0.0564516129032258,5,33,0,"closed",FALSE
"06c0dd6c129d8567651081156272cfe972e52c7d",19,"allqc_data_exact500","sct_data_all_qc_fit_selected384","exact500",20260809,"H0","4ff732abb82fbe059e57f16d9c05cb2924e798dd9abeabaf58adb6b1270dce9a","9fc531b3bcf7c6df277ab2eeab9702346f860b3c1e05aa2f162ce8e5fc76ee35","mv10_partition_quality_v1","pam_dissimilarity_v1",8,0.336029660293548,0.368066079107303,-0.143787185302512,0.0806451612903226,5,21,0,"closed",FALSE
"06c0dd6c129d8567651081156272cfe972e52c7d",19,"allqc_data_exact500","sct_data_all_qc_fit_selected384","exact500",20260809,"H0","4ff732abb82fbe059e57f16d9c05cb2924e798dd9abeabaf58adb6b1270dce9a","9fc531b3bcf7c6df277ab2eeab9702346f860b3c1e05aa2f162ce8e5fc76ee35","mv10_partition_quality_v1","pam_dissimilarity_v1",9,0.310663329201291,0.32676022688067,-0.143787185302512,0.0806451612903226,5,21,0,"closed",FALSE
"06c0dd6c129d8567651081156272cfe972e52c7d",19,"allqc_data_exact500","sct_data_all_qc_fit_selected384","exact500",20260809,"H0","4ff732abb82fbe059e57f16d9c05cb2924e798dd9abeabaf58adb6b1270dce9a","9fc531b3bcf7c6df277ab2eeab9702346f860b3c1e05aa2f162ce8e5fc76ee35","mv10_partition_quality_v1","pam_dissimilarity_v1",10,0.307522148700686,0.335644860854405,-0.176934099736103,0.104838709677419,5,21,0,"closed",FALSE
"06c0dd6c129d8567651081156272cfe972e52c7d",19,"allqc_data_exact500","sct_data_all_qc_fit_selected384","exact500",20260809,"H0","4ff732abb82fbe059e57f16d9c05cb2924e798dd9abeabaf58adb6b1270dce9a","9fc531b3bcf7c6df277ab2eeab9702346f860b3c1e05aa2f162ce8e5fc76ee35","mv10_partition_quality_v1","hclust_average_v1",2,0.619190026713807,0.679043880242559,-0.139513432335808,0.0161290322580645,26,98,0,"closed",FALSE
"06c0dd6c129d8567651081156272cfe972e52c7d",19,"allqc_data_exact500","sct_data_all_qc_fit_selected384","exact500",20260809,"H0","4ff732abb82fbe059e57f16d9c05cb2924e798dd9abeabaf58adb6b1270dce9a","9fc531b3bcf7c6df277ab2eeab9702346f860b3c1e05aa2f162ce8e5fc76ee35","mv10_partition_quality_v1","hclust_average_v1",3,0.459595178796805,0.573461841677833,-0.597973199443566,0.0967741935483871,1,97,1,"closed",FALSE
"06c0dd6c129d8567651081156272cfe972e52c7d",19,"allqc_data_exact500","sct_data_all_qc_fit_selected384","exact500",20260809,"H0","4ff732abb82fbe059e57f16d9c05cb2924e798dd9abeabaf58adb6b1270dce9a","9fc531b3bcf7c6df277ab2eeab9702346f860b3c1e05aa2f162ce8e5fc76ee35","mv10_partition_quality_v1","hclust_average_v1",4,0.436730885617729,0.559197117784856,-0.597973199443566,0.112903225806452,1,97,1,"closed",FALSE
"06c0dd6c129d8567651081156272cfe972e52c7d",19,"allqc_data_exact500","sct_data_all_qc_fit_selected384","exact500",20260809,"H0","4ff732abb82fbe059e57f16d9c05cb2924e798dd9abeabaf58adb6b1270dce9a","9fc531b3bcf7c6df277ab2eeab9702346f860b3c1e05aa2f162ce8e5fc76ee35","mv10_partition_quality_v1","hclust_average_v1",5,0.445980048693046,0.514282584297825,-0.269456728436815,0.0483870967741935,1,62,1,"closed",FALSE
"06c0dd6c129d8567651081156272cfe972e52c7d",19,"allqc_data_exact500","sct_data_all_qc_fit_selected384","exact500",20260809,"H0","4ff732abb82fbe059e57f16d9c05cb2924e798dd9abeabaf58adb6b1270dce9a","9fc531b3bcf7c6df277ab2eeab9702346f860b3c1e05aa2f162ce8e5fc76ee35","mv10_partition_quality_v1","hclust_average_v1",6,0.402822423256821,0.460914702946176,-0.269456728436815,0.0564516129032258,1,48,1,"closed",FALSE
"06c0dd6c129d8567651081156272cfe972e52c7d",19,"allqc_data_exact500","sct_data_all_qc_fit_selected384","exact500",20260809,"H0","4ff732abb82fbe059e57f16d9c05cb2924e798dd9abeabaf58adb6b1270dce9a","9fc531b3bcf7c6df277ab2eeab9702346f860b3c1e05aa2f162ce8e5fc76ee35","mv10_partition_quality_v1","hclust_average_v1",7,0.372858666219195,0.423901104694758,-0.269456728436815,0.0645161290322581,1,48,1,"closed",FALSE
"06c0dd6c129d8567651081156272cfe972e52c7d",19,"allqc_data_exact500","sct_data_all_qc_fit_selected384","exact500",20260809,"H0","4ff732abb82fbe059e57f16d9c05cb2924e798dd9abeabaf58adb6b1270dce9a","9fc531b3bcf7c6df277ab2eeab9702346f860b3c1e05aa2f162ce8e5fc76ee35","mv10_partition_quality_v1","hclust_average_v1",8,0.368683373935732,0.423901104694758,-0.269456728436815,0.0645161290322581,1,48,1,"closed",FALSE
"06c0dd6c129d8567651081156272cfe972e52c7d",19,"allqc_data_exact500","sct_data_all_qc_fit_selected384","exact500",20260809,"H0","4ff732abb82fbe059e57f16d9c05cb2924e798dd9abeabaf58adb6b1270dce9a","9fc531b3bcf7c6df277ab2eeab9702346f860b3c1e05aa2f162ce8e5fc76ee35","mv10_partition_quality_v1","hclust_average_v1",9,0.384680179709141,0.432200634304903,-0.269456728436815,0.0483870967741935,1,48,1,"closed",FALSE
"06c0dd6c129d8567651081156272cfe972e52c7d",19,"allqc_data_exact500","sct_data_all_qc_fit_selected384","exact500",20260809,"H0","4ff732abb82fbe059e57f16d9c05cb2924e798dd9abeabaf58adb6b1270dce9a","9fc531b3bcf7c6df277ab2eeab9702346f860b3c1e05aa2f162ce8e5fc76ee35","mv10_partition_quality_v1","hclust_average_v1",10,0.377961246959994,0.427700885100446,-0.269456728436815,0.0483870967741935,1,48,2,"closed",FALSE
"06c0dd6c129d8567651081156272cfe972e52c7d",19,"allqc_data_exact500","sct_data_all_qc_fit_selected384","exact500",20260809,"H0","4ff732abb82fbe059e57f16d9c05cb2924e798dd9abeabaf58adb6b1270dce9a","9fc531b3bcf7c6df277ab2eeab9702346f860b3c1e05aa2f162ce8e5fc76ee35","mv10_partition_quality_v1","hclust_complete_v1",2,0.619190026713807,0.679043880242559,-0.139513432335808,0.0161290322580645,26,98,0,"closed",FALSE
"06c0dd6c129d8567651081156272cfe972e52c7d",19,"allqc_data_exact500","sct_data_all_qc_fit_selected384","exact500",20260809,"H0","4ff732abb82fbe059e57f16d9c05cb2924e798dd9abeabaf58adb6b1270dce9a","9fc531b3bcf7c6df277ab2eeab9702346f860b3c1e05aa2f162ce8e5fc76ee35","mv10_partition_quality_v1","hclust_complete_v1",3,0.453638937804599,0.520095188385165,-0.274466111503415,0.0483870967741935,26,58,0,"closed",FALSE
"06c0dd6c129d8567651081156272cfe972e52c7d",19,"allqc_data_exact500","sct_data_all_qc_fit_selected384","exact500",20260809,"H0","4ff732abb82fbe059e57f16d9c05cb2924e798dd9abeabaf58adb6b1270dce9a","9fc531b3bcf7c6df277ab2eeab9702346f860b3c1e05aa2f162ce8e5fc76ee35","mv10_partition_quality_v1","hclust_complete_v1",4,0.45779603946781,0.539367420354516,-0.274466111503415,0.0564516129032258,5,58,0,"closed",FALSE
"06c0dd6c129d8567651081156272cfe972e52c7d",19,"allqc_data_exact500","sct_data_all_qc_fit_selected384","exact500",20260809,"H0","4ff732abb82fbe059e57f16d9c05cb2924e798dd9abeabaf58adb6b1270dce9a","9fc531b3bcf7c6df277ab2eeab9702346f860b3c1e05aa2f162ce8e5fc76ee35","mv10_partition_quality_v1","hclust_complete_v1",5,0.407906901752803,0.479747751102671,-0.291264060639952,0.0725806451612903,4,58,0,"closed",FALSE
"06c0dd6c129d8567651081156272cfe972e52c7d",19,"allqc_data_exact500","sct_data_all_qc_fit_selected384","exact500",20260809,"H0","4ff732abb82fbe059e57f16d9c05cb2924e798dd9abeabaf58adb6b1270dce9a","9fc531b3bcf7c6df277ab2eeab9702346f860b3c1e05aa2f162ce8e5fc76ee35","mv10_partition_quality_v1","hclust_complete_v1",6,0.364506643231197,0.431671224156646,-0.268308491597624,0.0887096774193548,4,36,0,"closed",FALSE
"06c0dd6c129d8567651081156272cfe972e52c7d",19,"allqc_data_exact500","sct_data_all_qc_fit_selected384","exact500",20260809,"H0","4ff732abb82fbe059e57f16d9c05cb2924e798dd9abeabaf58adb6b1270dce9a","9fc531b3bcf7c6df277ab2eeab9702346f860b3c1e05aa2f162ce8e5fc76ee35","mv10_partition_quality_v1","hclust_complete_v1",7,0.324161878576538,0.368731988334057,-0.268308491597624,0.104838709677419,4,36,0,"closed",FALSE
"06c0dd6c129d8567651081156272cfe972e52c7d",19,"allqc_data_exact500","sct_data_all_qc_fit_selected384","exact500",20260809,"H0","4ff732abb82fbe059e57f16d9c05cb2924e798dd9abeabaf58adb6b1270dce9a","9fc531b3bcf7c6df277ab2eeab9702346f860b3c1e05aa2f162ce8e5fc76ee35","mv10_partition_quality_v1","hclust_complete_v1",8,0.327498442331954,0.377270912047099,-0.285370112979202,0.104838709677419,4,36,0,"closed",FALSE
"06c0dd6c129d8567651081156272cfe972e52c7d",19,"allqc_data_exact500","sct_data_all_qc_fit_selected384","exact500",20260809,"H0","4ff732abb82fbe059e57f16d9c05cb2924e798dd9abeabaf58adb6b1270dce9a","9fc531b3bcf7c6df277ab2eeab9702346f860b3c1e05aa2f162ce8e5fc76ee35","mv10_partition_quality_v1","hclust_complete_v1",9,0.306672062282928,0.374872090467859,-0.340021243645983,0.0967741935483871,4,36,0,"closed",FALSE
"06c0dd6c129d8567651081156272cfe972e52c7d",19,"allqc_data_exact500","sct_data_all_qc_fit_selected384","exact500",20260809,"H0","4ff732abb82fbe059e57f16d9c05cb2924e798dd9abeabaf58adb6b1270dce9a","9fc531b3bcf7c6df277ab2eeab9702346f860b3c1e05aa2f162ce8e5fc76ee35","mv10_partition_quality_v1","hclust_complete_v1",10,0.274735406405455,0.351927568601712,-0.338735796465503,0.145161290322581,4,31,0,"closed",FALSE
"06c0dd6c129d8567651081156272cfe972e52c7d",19,"allqc_data_exact500","sct_data_all_qc_fit_selected384","exact500",20260809,"H0","4ff732abb82fbe059e57f16d9c05cb2924e798dd9abeabaf58adb6b1270dce9a","9fc531b3bcf7c6df277ab2eeab9702346f860b3c1e05aa2f162ce8e5fc76ee35","mv10_partition_quality_v1","hclust_single_diagnostic_v1",2,0.580339495068248,0.719259580665129,-0.547120010270786,0.0887096774193548,5,119,0,"closed",FALSE
"06c0dd6c129d8567651081156272cfe972e52c7d",19,"allqc_data_exact500","sct_data_all_qc_fit_selected384","exact500",20260809,"H0","4ff732abb82fbe059e57f16d9c05cb2924e798dd9abeabaf58adb6b1270dce9a","9fc531b3bcf7c6df277ab2eeab9702346f860b3c1e05aa2f162ce8e5fc76ee35","mv10_partition_quality_v1","hclust_single_diagnostic_v1",3,0.531051180350229,0.696045857462294,-0.650833714503317,0.120967741935484,2,119,0,"closed",FALSE
"06c0dd6c129d8567651081156272cfe972e52c7d",19,"allqc_data_exact500","sct_data_all_qc_fit_selected384","exact500",20260809,"H0","4ff732abb82fbe059e57f16d9c05cb2924e798dd9abeabaf58adb6b1270dce9a","9fc531b3bcf7c6df277ab2eeab9702346f860b3c1e05aa2f162ce8e5fc76ee35","mv10_partition_quality_v1","hclust_single_diagnostic_v1",4,0.201630927800506,0.409605698239388,-0.693748918944553,0.25,1,118,1,"closed",FALSE
"06c0dd6c129d8567651081156272cfe972e52c7d",19,"allqc_data_exact500","sct_data_all_qc_fit_selected384","exact500",20260809,"H0","4ff732abb82fbe059e57f16d9c05cb2924e798dd9abeabaf58adb6b1270dce9a","9fc531b3bcf7c6df277ab2eeab9702346f860b3c1e05aa2f162ce8e5fc76ee35","mv10_partition_quality_v1","hclust_single_diagnostic_v1",5,0.0619678635661639,0.174424487356139,-0.691056919137962,0.379032258064516,1,117,2,"closed",FALSE
"06c0dd6c129d8567651081156272cfe972e52c7d",19,"allqc_data_exact500","sct_data_all_qc_fit_selected384","exact500",20260809,"H0","4ff732abb82fbe059e57f16d9c05cb2924e798dd9abeabaf58adb6b1270dce9a","9fc531b3bcf7c6df277ab2eeab9702346f860b3c1e05aa2f162ce8e5fc76ee35","mv10_partition_quality_v1","hclust_single_diagnostic_v1",6,0.05485834497126,0.174424487356139,-0.691056919137962,0.379032258064516,1,117,3,"closed",FALSE
"06c0dd6c129d8567651081156272cfe972e52c7d",19,"allqc_data_exact500","sct_data_all_qc_fit_selected384","exact500",20260809,"H0","4ff732abb82fbe059e57f16d9c05cb2924e798dd9abeabaf58adb6b1270dce9a","9fc531b3bcf7c6df277ab2eeab9702346f860b3c1e05aa2f162ce8e5fc76ee35","mv10_partition_quality_v1","hclust_single_diagnostic_v1",7,0.306919200661709,0.402111860470694,-0.597973199443566,0.185483870967742,1,97,3,"closed",FALSE
"06c0dd6c129d8567651081156272cfe972e52c7d",19,"allqc_data_exact500","sct_data_all_qc_fit_selected384","exact500",20260809,"H0","4ff732abb82fbe059e57f16d9c05cb2924e798dd9abeabaf58adb6b1270dce9a","9fc531b3bcf7c6df277ab2eeab9702346f860b3c1e05aa2f162ce8e5fc76ee35","mv10_partition_quality_v1","hclust_single_diagnostic_v1",8,0.219920672503992,0.348217971083266,-0.681677107008387,0.233870967741935,1,96,4,"closed",FALSE
"06c0dd6c129d8567651081156272cfe972e52c7d",19,"allqc_data_exact500","sct_data_all_qc_fit_selected384","exact500",20260809,"H0","4ff732abb82fbe059e57f16d9c05cb2924e798dd9abeabaf58adb6b1270dce9a","9fc531b3bcf7c6df277ab2eeab9702346f860b3c1e05aa2f162ce8e5fc76ee35","mv10_partition_quality_v1","hclust_single_diagnostic_v1",9,0.199433715020981,0.346820829568668,-0.681677107008387,0.258064516129032,1,96,5,"closed",FALSE
"06c0dd6c129d8567651081156272cfe972e52c7d",19,"allqc_data_exact500","sct_data_all_qc_fit_selected384","exact500",20260809,"H0","4ff732abb82fbe059e57f16d9c05cb2924e798dd9abeabaf58adb6b1270dce9a","9fc531b3bcf7c6df277ab2eeab9702346f860b3c1e05aa2f162ce8e5fc76ee35","mv10_partition_quality_v1","hclust_single_diagnostic_v1",10,0.194908188764956,0.343829241565158,-0.681677107008387,0.258064516129032,1,96,7,"closed",FALSE
"06c0dd6c129d8567651081156272cfe972e52c7d",19,"allqc_data_exact500","sct_data_all_qc_fit_selected384","exact500",20260809,"H0","4ff732abb82fbe059e57f16d9c05cb2924e798dd9abeabaf58adb6b1270dce9a","9fc531b3bcf7c6df277ab2eeab9702346f860b3c1e05aa2f162ce8e5fc76ee35","mv10_partition_quality_v1","diana_dissimilarity_v1",2,0.612954556784457,0.669462386110857,0.0343573675049891,0,29,95,0,"closed",FALSE
"06c0dd6c129d8567651081156272cfe972e52c7d",19,"allqc_data_exact500","sct_data_all_qc_fit_selected384","exact500",20260809,"H0","4ff732abb82fbe059e57f16d9c05cb2924e798dd9abeabaf58adb6b1270dce9a","9fc531b3bcf7c6df277ab2eeab9702346f860b3c1e05aa2f162ce8e5fc76ee35","mv10_partition_quality_v1","diana_dissimilarity_v1",3,0.57536089021495,0.643379876829246,-0.167050139556391,0.0161290322580645,5,95,0,"closed",FALSE
"06c0dd6c129d8567651081156272cfe972e52c7d",19,"allqc_data_exact500","sct_data_all_qc_fit_selected384","exact500",20260809,"H0","4ff732abb82fbe059e57f16d9c05cb2924e798dd9abeabaf58adb6b1270dce9a","9fc531b3bcf7c6df277ab2eeab9702346f860b3c1e05aa2f162ce8e5fc76ee35","mv10_partition_quality_v1","diana_dissimilarity_v1",4,0.482001686667327,0.542224027607259,-0.0115401340195572,0.00806451612903226,5,57,0,"closed",FALSE
"06c0dd6c129d8567651081156272cfe972e52c7d",19,"allqc_data_exact500","sct_data_all_qc_fit_selected384","exact500",20260809,"H0","4ff732abb82fbe059e57f16d9c05cb2924e798dd9abeabaf58adb6b1270dce9a","9fc531b3bcf7c6df277ab2eeab9702346f860b3c1e05aa2f162ce8e5fc76ee35","mv10_partition_quality_v1","diana_dissimilarity_v1",5,0.437815668010237,0.500784964881205,-0.0115401340195572,0.00806451612903226,4,57,0,"closed",FALSE
"06c0dd6c129d8567651081156272cfe972e52c7d",19,"allqc_data_exact500","sct_data_all_qc_fit_selected384","exact500",20260809,"H0","4ff732abb82fbe059e57f16d9c05cb2924e798dd9abeabaf58adb6b1270dce9a","9fc531b3bcf7c6df277ab2eeab9702346f860b3c1e05aa2f162ce8e5fc76ee35","mv10_partition_quality_v1","diana_dissimilarity_v1",6,0.379027148121138,0.437207993445283,-0.295786954178121,0.0241935483870968,4,57,0,"closed",FALSE
"06c0dd6c129d8567651081156272cfe972e52c7d",19,"allqc_data_exact500","sct_data_all_qc_fit_selected384","exact500",20260809,"H0","4ff732abb82fbe059e57f16d9c05cb2924e798dd9abeabaf58adb6b1270dce9a","9fc531b3bcf7c6df277ab2eeab9702346f860b3c1e05aa2f162ce8e5fc76ee35","mv10_partition_quality_v1","diana_dissimilarity_v1",7,0.33739807231183,0.354652581875218,-0.168531723132098,0.0161290322580645,4,36,0,"closed",FALSE
"06c0dd6c129d8567651081156272cfe972e52c7d",19,"allqc_data_exact500","sct_data_all_qc_fit_selected384","exact500",20260809,"H0","4ff732abb82fbe059e57f16d9c05cb2924e798dd9abeabaf58adb6b1270dce9a","9fc531b3bcf7c6df277ab2eeab9702346f860b3c1e05aa2f162ce8e5fc76ee35","mv10_partition_quality_v1","diana_dissimilarity_v1",8,0.323250428178197,0.352136274938224,-0.461405645760132,0.0403225806451613,3,36,0,"closed",FALSE
"06c0dd6c129d8567651081156272cfe972e52c7d",19,"allqc_data_exact500","sct_data_all_qc_fit_selected384","exact500",20260809,"H0","4ff732abb82fbe059e57f16d9c05cb2924e798dd9abeabaf58adb6b1270dce9a","9fc531b3bcf7c6df277ab2eeab9702346f860b3c1e05aa2f162ce8e5fc76ee35","mv10_partition_quality_v1","diana_dissimilarity_v1",9,0.280930635455209,0.338238353490087,-0.461405645760132,0.0967741935483871,3,34,0,"closed",FALSE
"06c0dd6c129d8567651081156272cfe972e52c7d",19,"allqc_data_exact500","sct_data_all_qc_fit_selected384","exact500",20260809,"H0","4ff732abb82fbe059e57f16d9c05cb2924e798dd9abeabaf58adb6b1270dce9a","9fc531b3bcf7c6df277ab2eeab9702346f860b3c1e05aa2f162ce8e5fc76ee35","mv10_partition_quality_v1","diana_dissimilarity_v1",10,0.261383032238737,0.281860130476595,-0.461405645760132,0.0725806451612903,3,21,0,"closed",FALSE
"06c0dd6c129d8567651081156272cfe972e52c7d",20,"allqc_data_exact500","sct_data_all_qc_fit_selected384","exact500",20260809,"H1","724d1252bf1911cb361aad96629edd7fd1808caf5b34b41a02693576578d6a89","9fc531b3bcf7c6df277ab2eeab9702346f860b3c1e05aa2f162ce8e5fc76ee35","mv10_partition_quality_v1","pam_dissimilarity_v1",2,0.324082677270102,0.39174188952029,-0.088825965114423,0.032258064516129,44,80,0,"closed",FALSE
"06c0dd6c129d8567651081156272cfe972e52c7d",20,"allqc_data_exact500","sct_data_all_qc_fit_selected384","exact500",20260809,"H1","724d1252bf1911cb361aad96629edd7fd1808caf5b34b41a02693576578d6a89","9fc531b3bcf7c6df277ab2eeab9702346f860b3c1e05aa2f162ce8e5fc76ee35","mv10_partition_quality_v1","pam_dissimilarity_v1",3,0.305089330573829,0.332413592964445,-0.0600198194580836,0.0161290322580645,32,59,0,"closed",FALSE
"06c0dd6c129d8567651081156272cfe972e52c7d",20,"allqc_data_exact500","sct_data_all_qc_fit_selected384","exact500",20260809,"H1","724d1252bf1911cb361aad96629edd7fd1808caf5b34b41a02693576578d6a89","9fc531b3bcf7c6df277ab2eeab9702346f860b3c1e05aa2f162ce8e5fc76ee35","mv10_partition_quality_v1","pam_dissimilarity_v1",4,0.23510094518218,0.256507439345237,-0.190802923476783,0.0806451612903226,22,39,0,"closed",FALSE
"06c0dd6c129d8567651081156272cfe972e52c7d",20,"allqc_data_exact500","sct_data_all_qc_fit_selected384","exact500",20260809,"H1","724d1252bf1911cb361aad96629edd7fd1808caf5b34b41a02693576578d6a89","9fc531b3bcf7c6df277ab2eeab9702346f860b3c1e05aa2f162ce8e5fc76ee35","mv10_partition_quality_v1","pam_dissimilarity_v1",5,0.178082015455536,0.185185663525647,-0.175739958620604,0.0564516129032258,20,28,0,"closed",FALSE
"06c0dd6c129d8567651081156272cfe972e52c7d",20,"allqc_data_exact500","sct_data_all_qc_fit_selected384","exact500",20260809,"H1","724d1252bf1911cb361aad96629edd7fd1808caf5b34b41a02693576578d6a89","9fc531b3bcf7c6df277ab2eeab9702346f860b3c1e05aa2f162ce8e5fc76ee35","mv10_partition_quality_v1","pam_dissimilarity_v1",6,0.194023154455158,0.193100485403043,-0.103367530424725,0.0241935483870968,6,28,0,"closed",FALSE
"06c0dd6c129d8567651081156272cfe972e52c7d",20,"allqc_data_exact500","sct_data_all_qc_fit_selected384","exact500",20260809,"H1","724d1252bf1911cb361aad96629edd7fd1808caf5b34b41a02693576578d6a89","9fc531b3bcf7c6df277ab2eeab9702346f860b3c1e05aa2f162ce8e5fc76ee35","mv10_partition_quality_v1","pam_dissimilarity_v1",7,0.180448928600109,0.176346840881314,-0.151850636388686,0.0403225806451613,6,26,0,"closed",FALSE
"06c0dd6c129d8567651081156272cfe972e52c7d",20,"allqc_data_exact500","sct_data_all_qc_fit_selected384","exact500",20260809,"H1","724d1252bf1911cb361aad96629edd7fd1808caf5b34b41a02693576578d6a89","9fc531b3bcf7c6df277ab2eeab9702346f860b3c1e05aa2f162ce8e5fc76ee35","mv10_partition_quality_v1","pam_dissimilarity_v1",8,0.171625666109237,0.163528976116389,-0.151850636388686,0.0483870967741935,6,24,0,"closed",FALSE
"06c0dd6c129d8567651081156272cfe972e52c7d",20,"allqc_data_exact500","sct_data_all_qc_fit_selected384","exact500",20260809,"H1","724d1252bf1911cb361aad96629edd7fd1808caf5b34b41a02693576578d6a89","9fc531b3bcf7c6df277ab2eeab9702346f860b3c1e05aa2f162ce8e5fc76ee35","mv10_partition_quality_v1","pam_dissimilarity_v1",9,0.173177943793228,0.166008289067971,-0.151850636388686,0.0967741935483871,6,24,0,"closed",FALSE
"06c0dd6c129d8567651081156272cfe972e52c7d",20,"allqc_data_exact500","sct_data_all_qc_fit_selected384","exact500",20260809,"H1","724d1252bf1911cb361aad96629edd7fd1808caf5b34b41a02693576578d6a89","9fc531b3bcf7c6df277ab2eeab9702346f860b3c1e05aa2f162ce8e5fc76ee35","mv10_partition_quality_v1","pam_dissimilarity_v1",10,0.171505466720306,0.15422038179729,-0.0863492234256478,0.0725806451612903,6,23,0,"closed",FALSE
"06c0dd6c129d8567651081156272cfe972e52c7d",20,"allqc_data_exact500","sct_data_all_qc_fit_selected384","exact500",20260809,"H1","724d1252bf1911cb361aad96629edd7fd1808caf5b34b41a02693576578d6a89","9fc531b3bcf7c6df277ab2eeab9702346f860b3c1e05aa2f162ce8e5fc76ee35","mv10_partition_quality_v1","hclust_average_v1",2,0.372162076190757,0.452655556415582,-0.240569184897552,0.0645161290322581,8,116,0,"closed",FALSE
"06c0dd6c129d8567651081156272cfe972e52c7d",20,"allqc_data_exact500","sct_data_all_qc_fit_selected384","exact500",20260809,"H1","724d1252bf1911cb361aad96629edd7fd1808caf5b34b41a02693576578d6a89","9fc531b3bcf7c6df277ab2eeab9702346f860b3c1e05aa2f162ce8e5fc76ee35","mv10_partition_quality_v1","hclust_average_v1",3,0.316790163527084,0.353394176480472,-0.225509610348873,0.0483870967741935,8,86,0,"closed",FALSE
"06c0dd6c129d8567651081156272cfe972e52c7d",20,"allqc_data_exact500","sct_data_all_qc_fit_selected384","exact500",20260809,"H1","724d1252bf1911cb361aad96629edd7fd1808caf5b34b41a02693576578d6a89","9fc531b3bcf7c6df277ab2eeab9702346f860b3c1e05aa2f162ce8e5fc76ee35","mv10_partition_quality_v1","hclust_average_v1",4,0.284087261304044,0.343057347448114,-0.339098475517427,0.0887096774193548,3,86,0,"closed",FALSE
"06c0dd6c129d8567651081156272cfe972e52c7d",20,"allqc_data_exact500","sct_data_all_qc_fit_selected384","exact500",20260809,"H1","724d1252bf1911cb361aad96629edd7fd1808caf5b34b41a02693576578d6a89","9fc531b3bcf7c6df277ab2eeab9702346f860b3c1e05aa2f162ce8e5fc76ee35","mv10_partition_quality_v1","hclust_average_v1",5,0.251214617002521,0.282567240037992,-0.339098475517427,0.112903225806452,2,86,0,"closed",FALSE
"06c0dd6c129d8567651081156272cfe972e52c7d",20,"allqc_data_exact500","sct_data_all_qc_fit_selected384","exact500",20260809,"H1","724d1252bf1911cb361aad96629edd7fd1808caf5b34b41a02693576578d6a89","9fc531b3bcf7c6df277ab2eeab9702346f860b3c1e05aa2f162ce8e5fc76ee35","mv10_partition_quality_v1","hclust_average_v1",6,0.276075426510416,0.299812496120338,-0.0362786293689988,0.0403225806451613,2,47,0,"closed",FALSE
"06c0dd6c129d8567651081156272cfe972e52c7d",20,"allqc_data_exact500","sct_data_all_qc_fit_selected384","exact500",20260809,"H1","724d1252bf1911cb361aad96629edd7fd1808caf5b34b41a02693576578d6a89","9fc531b3bcf7c6df277ab2eeab9702346f860b3c1e05aa2f162ce8e5fc76ee35","mv10_partition_quality_v1","hclust_average_v1",7,0.267658140275443,0.295228041099124,-0.262135360748544,0.0483870967741935,2,47,0,"closed",FALSE
"06c0dd6c129d8567651081156272cfe972e52c7d",20,"allqc_data_exact500","sct_data_all_qc_fit_selected384","exact500",20260809,"H1","724d1252bf1911cb361aad96629edd7fd1808caf5b34b41a02693576578d6a89","9fc531b3bcf7c6df277ab2eeab9702346f860b3c1e05aa2f162ce8e5fc76ee35","mv10_partition_quality_v1","hclust_average_v1",8,0.246002072372335,0.265462226234851,-0.262135360748544,0.032258064516129,2,47,0,"closed",FALSE
"06c0dd6c129d8567651081156272cfe972e52c7d",20,"allqc_data_exact500","sct_data_all_qc_fit_selected384","exact500",20260809,"H1","724d1252bf1911cb361aad96629edd7fd1808caf5b34b41a02693576578d6a89","9fc531b3bcf7c6df277ab2eeab9702346f860b3c1e05aa2f162ce8e5fc76ee35","mv10_partition_quality_v1","hclust_average_v1",9,0.238487808566699,0.251288881183184,-0.262135360748544,0.0403225806451613,2,47,0,"closed",FALSE
"06c0dd6c129d8567651081156272cfe972e52c7d",20,"allqc_data_exact500","sct_data_all_qc_fit_selected384","exact500",20260809,"H1","724d1252bf1911cb361aad96629edd7fd1808caf5b34b41a02693576578d6a89","9fc531b3bcf7c6df277ab2eeab9702346f860b3c1e05aa2f162ce8e5fc76ee35","mv10_partition_quality_v1","hclust_average_v1",10,0.222058302652891,0.234167291664615,-0.262135360748544,0.0564516129032258,2,40,0,"closed",FALSE
"06c0dd6c129d8567651081156272cfe972e52c7d",20,"allqc_data_exact500","sct_data_all_qc_fit_selected384","exact500",20260809,"H1","724d1252bf1911cb361aad96629edd7fd1808caf5b34b41a02693576578d6a89","9fc531b3bcf7c6df277ab2eeab9702346f860b3c1e05aa2f162ce8e5fc76ee35","mv10_partition_quality_v1","hclust_complete_v1",2,0.387302819051949,0.456011092848985,-0.295086316926064,0.0725806451612903,6,118,0,"closed",FALSE
"06c0dd6c129d8567651081156272cfe972e52c7d",20,"allqc_data_exact500","sct_data_all_qc_fit_selected384","exact500",20260809,"H1","724d1252bf1911cb361aad96629edd7fd1808caf5b34b41a02693576578d6a89","9fc531b3bcf7c6df277ab2eeab9702346f860b3c1e05aa2f162ce8e5fc76ee35","mv10_partition_quality_v1","hclust_complete_v1",3,0.323291447644077,0.376738844607434,-0.239592765998985,0.0564516129032258,6,88,0,"closed",FALSE
"06c0dd6c129d8567651081156272cfe972e52c7d",20,"allqc_data_exact500","sct_data_all_qc_fit_selected384","exact500",20260809,"H1","724d1252bf1911cb361aad96629edd7fd1808caf5b34b41a02693576578d6a89","9fc531b3bcf7c6df277ab2eeab9702346f860b3c1e05aa2f162ce8e5fc76ee35","mv10_partition_quality_v1","hclust_complete_v1",4,0.295667131811673,0.341048699653655,-0.171714913176294,0.0725806451612903,6,62,0,"closed",FALSE
"06c0dd6c129d8567651081156272cfe972e52c7d",20,"allqc_data_exact500","sct_data_all_qc_fit_selected384","exact500",20260809,"H1","724d1252bf1911cb361aad96629edd7fd1808caf5b34b41a02693576578d6a89","9fc531b3bcf7c6df277ab2eeab9702346f860b3c1e05aa2f162ce8e5fc76ee35","mv10_partition_quality_v1","hclust_complete_v1",5,0.277169180327401,0.324524243164022,-0.171714913176294,0.0887096774193548,2,62,0,"closed",FALSE
"06c0dd6c129d8567651081156272cfe972e52c7d",20,"allqc_data_exact500","sct_data_all_qc_fit_selected384","exact500",20260809,"H1","724d1252bf1911cb361aad96629edd7fd1808caf5b34b41a02693576578d6a89","9fc531b3bcf7c6df277ab2eeab9702346f860b3c1e05aa2f162ce8e5fc76ee35","mv10_partition_quality_v1","hclust_complete_v1",6,0.201234278225862,0.203342093146361,-0.130229150394024,0.0967741935483871,2,39,0,"closed",FALSE
"06c0dd6c129d8567651081156272cfe972e52c7d",20,"allqc_data_exact500","sct_data_all_qc_fit_selected384","exact500",20260809,"H1","724d1252bf1911cb361aad96629edd7fd1808caf5b34b41a02693576578d6a89","9fc531b3bcf7c6df277ab2eeab9702346f860b3c1e05aa2f162ce8e5fc76ee35","mv10_partition_quality_v1","hclust_complete_v1",7,0.181807131966983,0.182399833383669,-0.225264064012959,0.129032258064516,2,39,0,"closed",FALSE
"06c0dd6c129d8567651081156272cfe972e52c7d",20,"allqc_data_exact500","sct_data_all_qc_fit_selected384","exact500",20260809,"H1","724d1252bf1911cb361aad96629edd7fd1808caf5b34b41a02693576578d6a89","9fc531b3bcf7c6df277ab2eeab9702346f860b3c1e05aa2f162ce8e5fc76ee35","mv10_partition_quality_v1","hclust_complete_v1",8,0.159721461657801,0.162219933072898,-0.225264064012959,0.120967741935484,2,39,0,"closed",FALSE
"06c0dd6c129d8567651081156272cfe972e52c7d",20,"allqc_data_exact500","sct_data_all_qc_fit_selected384","exact500",20260809,"H1","724d1252bf1911cb361aad96629edd7fd1808caf5b34b41a02693576578d6a89","9fc531b3bcf7c6df277ab2eeab9702346f860b3c1e05aa2f162ce8e5fc76ee35","mv10_partition_quality_v1","hclust_complete_v1",9,0.170982299867019,0.169797814339629,-0.222573202670496,0.104838709677419,2,30,0,"closed",FALSE
"06c0dd6c129d8567651081156272cfe972e52c7d",20,"allqc_data_exact500","sct_data_all_qc_fit_selected384","exact500",20260809,"H1","724d1252bf1911cb361aad96629edd7fd1808caf5b34b41a02693576578d6a89","9fc531b3bcf7c6df277ab2eeab9702346f860b3c1e05aa2f162ce8e5fc76ee35","mv10_partition_quality_v1","hclust_complete_v1",10,0.171392672839505,0.172530633695356,-0.222573202670496,0.104838709677419,2,30,0,"closed",FALSE
"06c0dd6c129d8567651081156272cfe972e52c7d",20,"allqc_data_exact500","sct_data_all_qc_fit_selected384","exact500",20260809,"H1","724d1252bf1911cb361aad96629edd7fd1808caf5b34b41a02693576578d6a89","9fc531b3bcf7c6df277ab2eeab9702346f860b3c1e05aa2f162ce8e5fc76ee35","mv10_partition_quality_v1","hclust_single_diagnostic_v1",2,0.316870964225028,0.421058183912146,-0.536649671494844,0.120967741935484,1,123,1,"closed",FALSE
"06c0dd6c129d8567651081156272cfe972e52c7d",20,"allqc_data_exact500","sct_data_all_qc_fit_selected384","exact500",20260809,"H1","724d1252bf1911cb361aad96629edd7fd1808caf5b34b41a02693576578d6a89","9fc531b3bcf7c6df277ab2eeab9702346f860b3c1e05aa2f162ce8e5fc76ee35","mv10_partition_quality_v1","hclust_single_diagnostic_v1",3,0.292754560292341,0.416245238574608,-0.492713525070232,0.193548387096774,1,122,2,"closed",FALSE
"06c0dd6c129d8567651081156272cfe972e52c7d",20,"allqc_data_exact500","sct_data_all_qc_fit_selected384","exact500",20260809,"H1","724d1252bf1911cb361aad96629edd7fd1808caf5b34b41a02693576578d6a89","9fc531b3bcf7c6df277ab2eeab9702346f860b3c1e05aa2f162ce8e5fc76ee35","mv10_partition_quality_v1","hclust_single_diagnostic_v1",4,0.182962338049586,0.284736208995163,-0.521188352579071,0.274193548387097,1,121,3,"closed",FALSE
"06c0dd6c129d8567651081156272cfe972e52c7d",20,"allqc_data_exact500","sct_data_all_qc_fit_selected384","exact500",20260809,"H1","724d1252bf1911cb361aad96629edd7fd1808caf5b34b41a02693576578d6a89","9fc531b3bcf7c6df277ab2eeab9702346f860b3c1e05aa2f162ce8e5fc76ee35","mv10_partition_quality_v1","hclust_single_diagnostic_v1",5,0.0895455308929136,0.207699377375026,-0.519700846515121,0.290322580645161,1,120,4,"closed",FALSE
"06c0dd6c129d8567651081156272cfe972e52c7d",20,"allqc_data_exact500","sct_data_all_qc_fit_selected384","exact500",20260809,"H1","724d1252bf1911cb361aad96629edd7fd1808caf5b34b41a02693576578d6a89","9fc531b3bcf7c6df277ab2eeab9702346f860b3c1e05aa2f162ce8e5fc76ee35","mv10_partition_quality_v1","hclust_single_diagnostic_v1",6,0.0946351950905042,0.211354289272885,-0.517827471159908,0.282258064516129,1,119,5,"closed",FALSE
"06c0dd6c129d8567651081156272cfe972e52c7d",20,"allqc_data_exact500","sct_data_all_qc_fit_selected384","exact500",20260809,"H1","724d1252bf1911cb361aad96629edd7fd1808caf5b34b41a02693576578d6a89","9fc531b3bcf7c6df277ab2eeab9702346f860b3c1e05aa2f162ce8e5fc76ee35","mv10_partition_quality_v1","hclust_single_diagnostic_v1",7,0.00706187882625844,0.0674738324522748,-0.520711748381383,0.370967741935484,1,118,6,"closed",FALSE
"06c0dd6c129d8567651081156272cfe972e52c7d",20,"allqc_data_exact500","sct_data_all_qc_fit_selected384","exact500",20260809,"H1","724d1252bf1911cb361aad96629edd7fd1808caf5b34b41a02693576578d6a89","9fc531b3bcf7c6df277ab2eeab9702346f860b3c1e05aa2f162ce8e5fc76ee35","mv10_partition_quality_v1","hclust_single_diagnostic_v1",8,-0.0040184393475969,0.0558617658482543,-0.522339791305205,0.395161290322581,1,117,7,"closed",FALSE
"06c0dd6c129d8567651081156272cfe972e52c7d",20,"allqc_data_exact500","sct_data_all_qc_fit_selected384","exact500",20260809,"H1","724d1252bf1911cb361aad96629edd7fd1808caf5b34b41a02693576578d6a89","9fc531b3bcf7c6df277ab2eeab9702346f860b3c1e05aa2f162ce8e5fc76ee35","mv10_partition_quality_v1","hclust_single_diagnostic_v1",9,0.000374711136124082,0.0578556412136252,-0.524235533636212,0.387096774193548,1,116,8,"closed",FALSE
"06c0dd6c129d8567651081156272cfe972e52c7d",20,"allqc_data_exact500","sct_data_all_qc_fit_selected384","exact500",20260809,"H1","724d1252bf1911cb361aad96629edd7fd1808caf5b34b41a02693576578d6a89","9fc531b3bcf7c6df277ab2eeab9702346f860b3c1e05aa2f162ce8e5fc76ee35","mv10_partition_quality_v1","hclust_single_diagnostic_v1",10,0.0242679073131045,0.0899101831360118,-0.517849748039128,0.362903225806452,1,114,8,"closed",FALSE
"06c0dd6c129d8567651081156272cfe972e52c7d",20,"allqc_data_exact500","sct_data_all_qc_fit_selected384","exact500",20260809,"H1","724d1252bf1911cb361aad96629edd7fd1808caf5b34b41a02693576578d6a89","9fc531b3bcf7c6df277ab2eeab9702346f860b3c1e05aa2f162ce8e5fc76ee35","mv10_partition_quality_v1","diana_dissimilarity_v1",2,0.331246135726189,0.368665476116851,0.00263887691055738,0,56,68,0,"closed",FALSE
"06c0dd6c129d8567651081156272cfe972e52c7d",20,"allqc_data_exact500","sct_data_all_qc_fit_selected384","exact500",20260809,"H1","724d1252bf1911cb361aad96629edd7fd1808caf5b34b41a02693576578d6a89","9fc531b3bcf7c6df277ab2eeab9702346f860b3c1e05aa2f162ce8e5fc76ee35","mv10_partition_quality_v1","diana_dissimilarity_v1",3,0.314851589068528,0.362361708044532,-0.0977689391942804,0.0564516129032258,6,68,0,"closed",FALSE
"06c0dd6c129d8567651081156272cfe972e52c7d",20,"allqc_data_exact500","sct_data_all_qc_fit_selected384","exact500",20260809,"H1","724d1252bf1911cb361aad96629edd7fd1808caf5b34b41a02693576578d6a89","9fc531b3bcf7c6df277ab2eeab9702346f860b3c1e05aa2f162ce8e5fc76ee35","mv10_partition_quality_v1","diana_dissimilarity_v1",4,0.281042665437892,0.307317364263256,-0.163579430820956,0.0564516129032258,6,50,0,"closed",FALSE
"06c0dd6c129d8567651081156272cfe972e52c7d",20,"allqc_data_exact500","sct_data_all_qc_fit_selected384","exact500",20260809,"H1","724d1252bf1911cb361aad96629edd7fd1808caf5b34b41a02693576578d6a89","9fc531b3bcf7c6df277ab2eeab9702346f860b3c1e05aa2f162ce8e5fc76ee35","mv10_partition_quality_v1","diana_dissimilarity_v1",5,0.224675303597391,0.234293356082159,-0.104796575034675,0.032258064516129,6,41,0,"closed",FALSE
"06c0dd6c129d8567651081156272cfe972e52c7d",20,"allqc_data_exact500","sct_data_all_qc_fit_selected384","exact500",20260809,"H1","724d1252bf1911cb361aad96629edd7fd1808caf5b34b41a02693576578d6a89","9fc531b3bcf7c6df277ab2eeab9702346f860b3c1e05aa2f162ce8e5fc76ee35","mv10_partition_quality_v1","diana_dissimilarity_v1",6,0.217250287287333,0.232373762889666,-0.104796575034675,0.0403225806451613,2,41,0,"closed",FALSE
"06c0dd6c129d8567651081156272cfe972e52c7d",20,"allqc_data_exact500","sct_data_all_qc_fit_selected384","exact500",20260809,"H1","724d1252bf1911cb361aad96629edd7fd1808caf5b34b41a02693576578d6a89","9fc531b3bcf7c6df277ab2eeab9702346f860b3c1e05aa2f162ce8e5fc76ee35","mv10_partition_quality_v1","diana_dissimilarity_v1",7,0.198743128056541,0.212780708804622,-0.104796575034675,0.0564516129032258,2,41,0,"closed",FALSE
"06c0dd6c129d8567651081156272cfe972e52c7d",20,"allqc_data_exact500","sct_data_all_qc_fit_selected384","exact500",20260809,"H1","724d1252bf1911cb361aad96629edd7fd1808caf5b34b41a02693576578d6a89","9fc531b3bcf7c6df277ab2eeab9702346f860b3c1e05aa2f162ce8e5fc76ee35","mv10_partition_quality_v1","diana_dissimilarity_v1",8,0.1724101025072,0.192981624932824,-0.249046395870255,0.104838709677419,2,41,0,"closed",FALSE
"06c0dd6c129d8567651081156272cfe972e52c7d",20,"allqc_data_exact500","sct_data_all_qc_fit_selected384","exact500",20260809,"H1","724d1252bf1911cb361aad96629edd7fd1808caf5b34b41a02693576578d6a89","9fc531b3bcf7c6df277ab2eeab9702346f860b3c1e05aa2f162ce8e5fc76ee35","mv10_partition_quality_v1","diana_dissimilarity_v1",9,0.172959324556468,0.181135919815329,-0.152987545571733,0.0564516129032258,2,32,0,"closed",FALSE
"06c0dd6c129d8567651081156272cfe972e52c7d",20,"allqc_data_exact500","sct_data_all_qc_fit_selected384","exact500",20260809,"H1","724d1252bf1911cb361aad96629edd7fd1808caf5b34b41a02693576578d6a89","9fc531b3bcf7c6df277ab2eeab9702346f860b3c1e05aa2f162ce8e5fc76ee35","mv10_partition_quality_v1","diana_dissimilarity_v1",10,0.16853525766658,0.175614531723397,-0.152987545571733,0.0564516129032258,2,32,0,"closed",FALSE
"06c0dd6c129d8567651081156272cfe972e52c7d",21,"allqc_residual_exact500","sct_pearson_residual_all_qc_fit_selected384","exact500",20260805,"H0","b0faefce7b9d470a648def63419dcced211585a9913a8e4eebef600468770070","9fc531b3bcf7c6df277ab2eeab9702346f860b3c1e05aa2f162ce8e5fc76ee35","mv10_partition_quality_v1","pam_dissimilarity_v1",2,0.561231112577047,0.644059811102363,0.00882342465487683,0,31,93,0,"closed",FALSE
"06c0dd6c129d8567651081156272cfe972e52c7d",21,"allqc_residual_exact500","sct_pearson_residual_all_qc_fit_selected384","exact500",20260805,"H0","b0faefce7b9d470a648def63419dcced211585a9913a8e4eebef600468770070","9fc531b3bcf7c6df277ab2eeab9702346f860b3c1e05aa2f162ce8e5fc76ee35","mv10_partition_quality_v1","pam_dissimilarity_v1",3,0.492641694654545,0.553632726394703,-0.199019285060412,0.0161290322580645,27,50,0,"closed",FALSE
"06c0dd6c129d8567651081156272cfe972e52c7d",21,"allqc_residual_exact500","sct_pearson_residual_all_qc_fit_selected384","exact500",20260805,"H0","b0faefce7b9d470a648def63419dcced211585a9913a8e4eebef600468770070","9fc531b3bcf7c6df277ab2eeab9702346f860b3c1e05aa2f162ce8e5fc76ee35","mv10_partition_quality_v1","pam_dissimilarity_v1",4,0.482886958806611,0.544708070960572,-0.0420905934757987,0.0161290322580645,7,50,0,"closed",FALSE
"06c0dd6c129d8567651081156272cfe972e52c7d",21,"allqc_residual_exact500","sct_pearson_residual_all_qc_fit_selected384","exact500",20260805,"H0","b0faefce7b9d470a648def63419dcced211585a9913a8e4eebef600468770070","9fc531b3bcf7c6df277ab2eeab9702346f860b3c1e05aa2f162ce8e5fc76ee35","mv10_partition_quality_v1","pam_dissimilarity_v1",5,0.432344203159222,0.484945857515647,-0.0968880440024534,0.0483870967741935,7,37,0,"closed",FALSE
"06c0dd6c129d8567651081156272cfe972e52c7d",21,"allqc_residual_exact500","sct_pearson_residual_all_qc_fit_selected384","exact500",20260805,"H0","b0faefce7b9d470a648def63419dcced211585a9913a8e4eebef600468770070","9fc531b3bcf7c6df277ab2eeab9702346f860b3c1e05aa2f162ce8e5fc76ee35","mv10_partition_quality_v1","pam_dissimilarity_v1",6,0.391160358399801,0.433083960965464,-0.101755996427716,0.0241935483870968,7,29,0,"closed",FALSE
"06c0dd6c129d8567651081156272cfe972e52c7d",21,"allqc_residual_exact500","sct_pearson_residual_all_qc_fit_selected384","exact500",20260805,"H0","b0faefce7b9d470a648def63419dcced211585a9913a8e4eebef600468770070","9fc531b3bcf7c6df277ab2eeab9702346f860b3c1e05aa2f162ce8e5fc76ee35","mv10_partition_quality_v1","pam_dissimilarity_v1",7,0.401086869051631,0.451951602724325,-0.0832603802524987,0.0241935483870968,5,29,0,"closed",FALSE
"06c0dd6c129d8567651081156272cfe972e52c7d",21,"allqc_residual_exact500","sct_pearson_residual_all_qc_fit_selected384","exact500",20260805,"H0","b0faefce7b9d470a648def63419dcced211585a9913a8e4eebef600468770070","9fc531b3bcf7c6df277ab2eeab9702346f860b3c1e05aa2f162ce8e5fc76ee35","mv10_partition_quality_v1","pam_dissimilarity_v1",8,0.38964687232765,0.439789075874303,-0.0832603802524987,0.0483870967741935,5,29,0,"closed",FALSE
"06c0dd6c129d8567651081156272cfe972e52c7d",21,"allqc_residual_exact500","sct_pearson_residual_all_qc_fit_selected384","exact500",20260805,"H0","b0faefce7b9d470a648def63419dcced211585a9913a8e4eebef600468770070","9fc531b3bcf7c6df277ab2eeab9702346f860b3c1e05aa2f162ce8e5fc76ee35","mv10_partition_quality_v1","pam_dissimilarity_v1",9,0.365876714691059,0.396276249680558,-0.0832603802524987,0.0645161290322581,5,21,0,"closed",FALSE
"06c0dd6c129d8567651081156272cfe972e52c7d",21,"allqc_residual_exact500","sct_pearson_residual_all_qc_fit_selected384","exact500",20260805,"H0","b0faefce7b9d470a648def63419dcced211585a9913a8e4eebef600468770070","9fc531b3bcf7c6df277ab2eeab9702346f860b3c1e05aa2f162ce8e5fc76ee35","mv10_partition_quality_v1","pam_dissimilarity_v1",10,0.340459371229719,0.328615303022503,-0.0832603802524987,0.0403225806451613,5,19,0,"closed",FALSE
"06c0dd6c129d8567651081156272cfe972e52c7d",21,"allqc_residual_exact500","sct_pearson_residual_all_qc_fit_selected384","exact500",20260805,"H0","b0faefce7b9d470a648def63419dcced211585a9913a8e4eebef600468770070","9fc531b3bcf7c6df277ab2eeab9702346f860b3c1e05aa2f162ce8e5fc76ee35","mv10_partition_quality_v1","hclust_average_v1",2,0.580099652036336,0.657936209382294,-0.230850401418961,0.0241935483870968,26,98,0,"closed",FALSE
"06c0dd6c129d8567651081156272cfe972e52c7d",21,"allqc_residual_exact500","sct_pearson_residual_all_qc_fit_selected384","exact500",20260805,"H0","b0faefce7b9d470a648def63419dcced211585a9913a8e4eebef600468770070","9fc531b3bcf7c6df277ab2eeab9702346f860b3c1e05aa2f162ce8e5fc76ee35","mv10_partition_quality_v1","hclust_average_v1",3,0.49120383779363,0.554242854520683,-0.21829781449233,0.0241935483870968,26,56,0,"closed",FALSE
"06c0dd6c129d8567651081156272cfe972e52c7d",21,"allqc_residual_exact500","sct_pearson_residual_all_qc_fit_selected384","exact500",20260805,"H0","b0faefce7b9d470a648def63419dcced211585a9913a8e4eebef600468770070","9fc531b3bcf7c6df277ab2eeab9702346f860b3c1e05aa2f162ce8e5fc76ee35","mv10_partition_quality_v1","hclust_average_v1",4,0.470482972628564,0.533255413053963,-0.21829781449233,0.0403225806451613,8,56,0,"closed",FALSE
"06c0dd6c129d8567651081156272cfe972e52c7d",21,"allqc_residual_exact500","sct_pearson_residual_all_qc_fit_selected384","exact500",20260805,"H0","b0faefce7b9d470a648def63419dcced211585a9913a8e4eebef600468770070","9fc531b3bcf7c6df277ab2eeab9702346f860b3c1e05aa2f162ce8e5fc76ee35","mv10_partition_quality_v1","hclust_average_v1",5,0.441876208992167,0.500881169841417,-0.343105575665723,0.0564516129032258,5,56,0,"closed",FALSE
"06c0dd6c129d8567651081156272cfe972e52c7d",21,"allqc_residual_exact500","sct_pearson_residual_all_qc_fit_selected384","exact500",20260805,"H0","b0faefce7b9d470a648def63419dcced211585a9913a8e4eebef600468770070","9fc531b3bcf7c6df277ab2eeab9702346f860b3c1e05aa2f162ce8e5fc76ee35","mv10_partition_quality_v1","hclust_average_v1",6,0.424323716465165,0.484159345753401,-0.343105575665723,0.0564516129032258,1,56,1,"closed",FALSE
"06c0dd6c129d8567651081156272cfe972e52c7d",21,"allqc_residual_exact500","sct_pearson_residual_all_qc_fit_selected384","exact500",20260805,"H0","b0faefce7b9d470a648def63419dcced211585a9913a8e4eebef600468770070","9fc531b3bcf7c6df277ab2eeab9702346f860b3c1e05aa2f162ce8e5fc76ee35","mv10_partition_quality_v1","hclust_average_v1",7,0.382669965687761,0.43651159872158,-0.265828920767515,0.0483870967741935,1,37,1,"closed",FALSE
"06c0dd6c129d8567651081156272cfe972e52c7d",21,"allqc_residual_exact500","sct_pearson_residual_all_qc_fit_selected384","exact500",20260805,"H0","b0faefce7b9d470a648def63419dcced211585a9913a8e4eebef600468770070","9fc531b3bcf7c6df277ab2eeab9702346f860b3c1e05aa2f162ce8e5fc76ee35","mv10_partition_quality_v1","hclust_average_v1",8,0.368634552345859,0.421883728863262,-0.265828920767515,0.0403225806451613,1,37,1,"closed",FALSE
"06c0dd6c129d8567651081156272cfe972e52c7d",21,"allqc_residual_exact500","sct_pearson_residual_all_qc_fit_selected384","exact500",20260805,"H0","b0faefce7b9d470a648def63419dcced211585a9913a8e4eebef600468770070","9fc531b3bcf7c6df277ab2eeab9702346f860b3c1e05aa2f162ce8e5fc76ee35","mv10_partition_quality_v1","hclust_average_v1",9,0.332980581344137,0.394987948023235,-0.265828920767515,0.0725806451612903,1,37,2,"closed",FALSE
"06c0dd6c129d8567651081156272cfe972e52c7d",21,"allqc_residual_exact500","sct_pearson_residual_all_qc_fit_selected384","exact500",20260805,"H0","b0faefce7b9d470a648def63419dcced211585a9913a8e4eebef600468770070","9fc531b3bcf7c6df277ab2eeab9702346f860b3c1e05aa2f162ce8e5fc76ee35","mv10_partition_quality_v1","hclust_average_v1",10,0.313356197336676,0.378660020373088,-0.265828920767515,0.0806451612903226,1,37,3,"closed",FALSE
"06c0dd6c129d8567651081156272cfe972e52c7d",21,"allqc_residual_exact500","sct_pearson_residual_all_qc_fit_selected384","exact500",20260805,"H0","b0faefce7b9d470a648def63419dcced211585a9913a8e4eebef600468770070","9fc531b3bcf7c6df277ab2eeab9702346f860b3c1e05aa2f162ce8e5fc76ee35","mv10_partition_quality_v1","hclust_complete_v1",2,0.493756675719144,0.563700390452358,-0.122985494324359,0.0241935483870968,56,68,0,"closed",FALSE
"06c0dd6c129d8567651081156272cfe972e52c7d",21,"allqc_residual_exact500","sct_pearson_residual_all_qc_fit_selected384","exact500",20260805,"H0","b0faefce7b9d470a648def63419dcced211585a9913a8e4eebef600468770070","9fc531b3bcf7c6df277ab2eeab9702346f860b3c1e05aa2f162ce8e5fc76ee35","mv10_partition_quality_v1","hclust_complete_v1",3,0.458349082879905,0.500149674481757,-0.129992016668395,0.0403225806451613,8,68,0,"closed",FALSE
"06c0dd6c129d8567651081156272cfe972e52c7d",21,"allqc_residual_exact500","sct_pearson_residual_all_qc_fit_selected384","exact500",20260805,"H0","b0faefce7b9d470a648def63419dcced211585a9913a8e4eebef600468770070","9fc531b3bcf7c6df277ab2eeab9702346f860b3c1e05aa2f162ce8e5fc76ee35","mv10_partition_quality_v1","hclust_complete_v1",4,0.374106994914966,0.43347202324492,-0.199672452425406,0.0967741935483871,8,48,0,"closed",FALSE
"06c0dd6c129d8567651081156272cfe972e52c7d",21,"allqc_residual_exact500","sct_pearson_residual_all_qc_fit_selected384","exact500",20260805,"H0","b0faefce7b9d470a648def63419dcced211585a9913a8e4eebef600468770070","9fc531b3bcf7c6df277ab2eeab9702346f860b3c1e05aa2f162ce8e5fc76ee35","mv10_partition_quality_v1","hclust_complete_v1",5,0.433013701018178,0.484048442777469,-0.200765991913048,0.0725806451612903,8,48,0,"closed",FALSE
"06c0dd6c129d8567651081156272cfe972e52c7d",21,"allqc_residual_exact500","sct_pearson_residual_all_qc_fit_selected384","exact500",20260805,"H0","b0faefce7b9d470a648def63419dcced211585a9913a8e4eebef600468770070","9fc531b3bcf7c6df277ab2eeab9702346f860b3c1e05aa2f162ce8e5fc76ee35","mv10_partition_quality_v1","hclust_complete_v1",6,0.407635969809688,0.485013197780355,-0.411616001592286,0.0967741935483871,5,48,0,"closed",FALSE
"06c0dd6c129d8567651081156272cfe972e52c7d",21,"allqc_residual_exact500","sct_pearson_residual_all_qc_fit_selected384","exact500",20260805,"H0","b0faefce7b9d470a648def63419dcced211585a9913a8e4eebef600468770070","9fc531b3bcf7c6df277ab2eeab9702346f860b3c1e05aa2f162ce8e5fc76ee35","mv10_partition_quality_v1","hclust_complete_v1",7,0.394785347331881,0.459588314431735,-0.411616001592286,0.0967741935483871,2,48,0,"closed",FALSE
"06c0dd6c129d8567651081156272cfe972e52c7d",21,"allqc_residual_exact500","sct_pearson_residual_all_qc_fit_selected384","exact500",20260805,"H0","b0faefce7b9d470a648def63419dcced211585a9913a8e4eebef600468770070","9fc531b3bcf7c6df277ab2eeab9702346f860b3c1e05aa2f162ce8e5fc76ee35","mv10_partition_quality_v1","hclust_complete_v1",8,0.308148456203358,0.379936596995594,-0.49950806261146,0.161290322580645,2,38,0,"closed",FALSE
"06c0dd6c129d8567651081156272cfe972e52c7d",21,"allqc_residual_exact500","sct_pearson_residual_all_qc_fit_selected384","exact500",20260805,"H0","b0faefce7b9d470a648def63419dcced211585a9913a8e4eebef600468770070","9fc531b3bcf7c6df277ab2eeab9702346f860b3c1e05aa2f162ce8e5fc76ee35","mv10_partition_quality_v1","hclust_complete_v1",9,0.268221333070806,0.338481693294992,-0.49950806261146,0.169354838709677,2,38,0,"closed",FALSE
"06c0dd6c129d8567651081156272cfe972e52c7d",21,"allqc_residual_exact500","sct_pearson_residual_all_qc_fit_selected384","exact500",20260805,"H0","b0faefce7b9d470a648def63419dcced211585a9913a8e4eebef600468770070","9fc531b3bcf7c6df277ab2eeab9702346f860b3c1e05aa2f162ce8e5fc76ee35","mv10_partition_quality_v1","hclust_complete_v1",10,0.286060367001929,0.31188375970414,-0.194526834288046,0.104838709677419,2,30,0,"closed",FALSE
"06c0dd6c129d8567651081156272cfe972e52c7d",21,"allqc_residual_exact500","sct_pearson_residual_all_qc_fit_selected384","exact500",20260805,"H0","b0faefce7b9d470a648def63419dcced211585a9913a8e4eebef600468770070","9fc531b3bcf7c6df277ab2eeab9702346f860b3c1e05aa2f162ce8e5fc76ee35","mv10_partition_quality_v1","hclust_single_diagnostic_v1",2,0.524121089251154,0.677041440963949,-0.798682461301807,0.0967741935483871,1,123,1,"closed",FALSE
"06c0dd6c129d8567651081156272cfe972e52c7d",21,"allqc_residual_exact500","sct_pearson_residual_all_qc_fit_selected384","exact500",20260805,"H0","b0faefce7b9d470a648def63419dcced211585a9913a8e4eebef600468770070","9fc531b3bcf7c6df277ab2eeab9702346f860b3c1e05aa2f162ce8e5fc76ee35","mv10_partition_quality_v1","hclust_single_diagnostic_v1",3,0.257493344316119,0.386686550395685,-0.797594719103955,0.233870967741935,1,122,2,"closed",FALSE
"06c0dd6c129d8567651081156272cfe972e52c7d",21,"allqc_residual_exact500","sct_pearson_residual_all_qc_fit_selected384","exact500",20260805,"H0","b0faefce7b9d470a648def63419dcced211585a9913a8e4eebef600468770070","9fc531b3bcf7c6df277ab2eeab9702346f860b3c1e05aa2f162ce8e5fc76ee35","mv10_partition_quality_v1","hclust_single_diagnostic_v1",4,0.255530772143877,0.416554274470044,-0.728994130318506,0.266129032258065,1,118,2,"closed",FALSE
"06c0dd6c129d8567651081156272cfe972e52c7d",21,"allqc_residual_exact500","sct_pearson_residual_all_qc_fit_selected384","exact500",20260805,"H0","b0faefce7b9d470a648def63419dcced211585a9913a8e4eebef600468770070","9fc531b3bcf7c6df277ab2eeab9702346f860b3c1e05aa2f162ce8e5fc76ee35","mv10_partition_quality_v1","hclust_single_diagnostic_v1",5,0.212382362275752,0.397390984128688,-0.727938319699732,0.258064516129032,1,115,2,"closed",FALSE
"06c0dd6c129d8567651081156272cfe972e52c7d",21,"allqc_residual_exact500","sct_pearson_residual_all_qc_fit_selected384","exact500",20260805,"H0","b0faefce7b9d470a648def63419dcced211585a9913a8e4eebef600468770070","9fc531b3bcf7c6df277ab2eeab9702346f860b3c1e05aa2f162ce8e5fc76ee35","mv10_partition_quality_v1","hclust_single_diagnostic_v1",6,0.209398963860177,0.397390984128688,-0.727938319699732,0.266129032258065,1,115,3,"closed",FALSE
"06c0dd6c129d8567651081156272cfe972e52c7d",21,"allqc_residual_exact500","sct_pearson_residual_all_qc_fit_selected384","exact500",20260805,"H0","b0faefce7b9d470a648def63419dcced211585a9913a8e4eebef600468770070","9fc531b3bcf7c6df277ab2eeab9702346f860b3c1e05aa2f162ce8e5fc76ee35","mv10_partition_quality_v1","hclust_single_diagnostic_v1",7,0.00875061881559887,0.05735139464687,-0.75179535829237,0.435483870967742,1,114,4,"closed",FALSE
"06c0dd6c129d8567651081156272cfe972e52c7d",21,"allqc_residual_exact500","sct_pearson_residual_all_qc_fit_selected384","exact500",20260805,"H0","b0faefce7b9d470a648def63419dcced211585a9913a8e4eebef600468770070","9fc531b3bcf7c6df277ab2eeab9702346f860b3c1e05aa2f162ce8e5fc76ee35","mv10_partition_quality_v1","hclust_single_diagnostic_v1",8,0.226595409703518,0.310502989676788,-0.6571615860295,0.209677419354839,1,97,4,"closed",FALSE
"06c0dd6c129d8567651081156272cfe972e52c7d",21,"allqc_residual_exact500","sct_pearson_residual_all_qc_fit_selected384","exact500",20260805,"H0","b0faefce7b9d470a648def63419dcced211585a9913a8e4eebef600468770070","9fc531b3bcf7c6df277ab2eeab9702346f860b3c1e05aa2f162ce8e5fc76ee35","mv10_partition_quality_v1","hclust_single_diagnostic_v1",9,0.22370578903786,0.301034346210242,-0.6571615860295,0.201612903225806,1,97,5,"closed",FALSE
"06c0dd6c129d8567651081156272cfe972e52c7d",21,"allqc_residual_exact500","sct_pearson_residual_all_qc_fit_selected384","exact500",20260805,"H0","b0faefce7b9d470a648def63419dcced211585a9913a8e4eebef600468770070","9fc531b3bcf7c6df277ab2eeab9702346f860b3c1e05aa2f162ce8e5fc76ee35","mv10_partition_quality_v1","hclust_single_diagnostic_v1",10,0.215539342520241,0.265231140244502,-0.6571615860295,0.201612903225806,1,97,6,"closed",FALSE
"06c0dd6c129d8567651081156272cfe972e52c7d",21,"allqc_residual_exact500","sct_pearson_residual_all_qc_fit_selected384","exact500",20260805,"H0","b0faefce7b9d470a648def63419dcced211585a9913a8e4eebef600468770070","9fc531b3bcf7c6df277ab2eeab9702346f860b3c1e05aa2f162ce8e5fc76ee35","mv10_partition_quality_v1","diana_dissimilarity_v1",2,0.561231112577047,0.644059811102363,0.00882342465487683,0,31,93,0,"closed",FALSE
"06c0dd6c129d8567651081156272cfe972e52c7d",21,"allqc_residual_exact500","sct_pearson_residual_all_qc_fit_selected384","exact500",20260805,"H0","b0faefce7b9d470a648def63419dcced211585a9913a8e4eebef600468770070","9fc531b3bcf7c6df277ab2eeab9702346f860b3c1e05aa2f162ce8e5fc76ee35","mv10_partition_quality_v1","diana_dissimilarity_v1",3,0.467305514328278,0.541424248034382,-0.402423821563742,0.0403225806451613,31,50,0,"closed",FALSE
"06c0dd6c129d8567651081156272cfe972e52c7d",21,"allqc_residual_exact500","sct_pearson_residual_all_qc_fit_selected384","exact500",20260805,"H0","b0faefce7b9d470a648def63419dcced211585a9913a8e4eebef600468770070","9fc531b3bcf7c6df277ab2eeab9702346f860b3c1e05aa2f162ce8e5fc76ee35","mv10_partition_quality_v1","diana_dissimilarity_v1",4,0.458463711282459,0.510265216456496,-0.187027292141537,0.0161290322580645,8,50,0,"closed",FALSE
"06c0dd6c129d8567651081156272cfe972e52c7d",21,"allqc_residual_exact500","sct_pearson_residual_all_qc_fit_selected384","exact500",20260805,"H0","b0faefce7b9d470a648def63419dcced211585a9913a8e4eebef600468770070","9fc531b3bcf7c6df277ab2eeab9702346f860b3c1e05aa2f162ce8e5fc76ee35","mv10_partition_quality_v1","diana_dissimilarity_v1",5,0.436534774321241,0.469321982338042,-0.187027292141537,0.0483870967741935,5,50,0,"closed",FALSE
"06c0dd6c129d8567651081156272cfe972e52c7d",21,"allqc_residual_exact500","sct_pearson_residual_all_qc_fit_selected384","exact500",20260805,"H0","b0faefce7b9d470a648def63419dcced211585a9913a8e4eebef600468770070","9fc531b3bcf7c6df277ab2eeab9702346f860b3c1e05aa2f162ce8e5fc76ee35","mv10_partition_quality_v1","diana_dissimilarity_v1",6,0.412120452067982,0.450815828807025,-0.187027292141537,0.0483870967741935,3,50,0,"closed",FALSE
"06c0dd6c129d8567651081156272cfe972e52c7d",21,"allqc_residual_exact500","sct_pearson_residual_all_qc_fit_selected384","exact500",20260805,"H0","b0faefce7b9d470a648def63419dcced211585a9913a8e4eebef600468770070","9fc531b3bcf7c6df277ab2eeab9702346f860b3c1e05aa2f162ce8e5fc76ee35","mv10_partition_quality_v1","diana_dissimilarity_v1",7,0.345944642581177,0.419252880672728,-0.362127860251185,0.0967741935483871,3,50,0,"closed",FALSE
"06c0dd6c129d8567651081156272cfe972e52c7d",21,"allqc_residual_exact500","sct_pearson_residual_all_qc_fit_selected384","exact500",20260805,"H0","b0faefce7b9d470a648def63419dcced211585a9913a8e4eebef600468770070","9fc531b3bcf7c6df277ab2eeab9702346f860b3c1e05aa2f162ce8e5fc76ee35","mv10_partition_quality_v1","diana_dissimilarity_v1",8,0.353348896413897,0.392028432991629,-0.196437900200911,0.032258064516129,3,38,0,"closed",FALSE
"06c0dd6c129d8567651081156272cfe972e52c7d",21,"allqc_residual_exact500","sct_pearson_residual_all_qc_fit_selected384","exact500",20260805,"H0","b0faefce7b9d470a648def63419dcced211585a9913a8e4eebef600468770070","9fc531b3bcf7c6df277ab2eeab9702346f860b3c1e05aa2f162ce8e5fc76ee35","mv10_partition_quality_v1","diana_dissimilarity_v1",9,0.346526536849616,0.388973938101165,-0.0937162172363055,0.00806451612903226,3,25,0,"closed",FALSE
"06c0dd6c129d8567651081156272cfe972e52c7d",21,"allqc_residual_exact500","sct_pearson_residual_all_qc_fit_selected384","exact500",20260805,"H0","b0faefce7b9d470a648def63419dcced211585a9913a8e4eebef600468770070","9fc531b3bcf7c6df277ab2eeab9702346f860b3c1e05aa2f162ce8e5fc76ee35","mv10_partition_quality_v1","diana_dissimilarity_v1",10,0.325102824422932,0.348011646295271,-0.319078097647623,0.032258064516129,3,25,0,"closed",FALSE
"06c0dd6c129d8567651081156272cfe972e52c7d",23,"allqc_residual_exact500","sct_pearson_residual_all_qc_fit_selected384","exact500",20260805,"H1","6e22dee12143adfa9b991238e1193da1f44e0aa9361572211bbbdd44220d1296","9fc531b3bcf7c6df277ab2eeab9702346f860b3c1e05aa2f162ce8e5fc76ee35","mv10_partition_quality_v1","pam_dissimilarity_v1",2,0.35900481688338,0.402357766845937,-0.0357368901255406,0.00806451612903226,43,81,0,"closed",FALSE
"06c0dd6c129d8567651081156272cfe972e52c7d",23,"allqc_residual_exact500","sct_pearson_residual_all_qc_fit_selected384","exact500",20260805,"H1","6e22dee12143adfa9b991238e1193da1f44e0aa9361572211bbbdd44220d1296","9fc531b3bcf7c6df277ab2eeab9702346f860b3c1e05aa2f162ce8e5fc76ee35","mv10_partition_quality_v1","pam_dissimilarity_v1",3,0.302949496977908,0.33301581820882,-0.186170113039386,0.0403225806451613,32,53,0,"closed",FALSE
"06c0dd6c129d8567651081156272cfe972e52c7d",23,"allqc_residual_exact500","sct_pearson_residual_all_qc_fit_selected384","exact500",20260805,"H1","6e22dee12143adfa9b991238e1193da1f44e0aa9361572211bbbdd44220d1296","9fc531b3bcf7c6df277ab2eeab9702346f860b3c1e05aa2f162ce8e5fc76ee35","mv10_partition_quality_v1","pam_dissimilarity_v1",4,0.271426954231215,0.308768706093782,-0.0863143203019964,0.0725806451612903,16,53,0,"closed",FALSE
"06c0dd6c129d8567651081156272cfe972e52c7d",23,"allqc_residual_exact500","sct_pearson_residual_all_qc_fit_selected384","exact500",20260805,"H1","6e22dee12143adfa9b991238e1193da1f44e0aa9361572211bbbdd44220d1296","9fc531b3bcf7c6df277ab2eeab9702346f860b3c1e05aa2f162ce8e5fc76ee35","mv10_partition_quality_v1","pam_dissimilarity_v1",5,0.241834108985086,0.252493652123448,-0.125169255080428,0.0403225806451613,12,41,0,"closed",FALSE
"06c0dd6c129d8567651081156272cfe972e52c7d",23,"allqc_residual_exact500","sct_pearson_residual_all_qc_fit_selected384","exact500",20260805,"H1","6e22dee12143adfa9b991238e1193da1f44e0aa9361572211bbbdd44220d1296","9fc531b3bcf7c6df277ab2eeab9702346f860b3c1e05aa2f162ce8e5fc76ee35","mv10_partition_quality_v1","pam_dissimilarity_v1",6,0.242202547355696,0.263942892463166,-0.110498563105028,0.0645161290322581,11,43,0,"closed",FALSE
"06c0dd6c129d8567651081156272cfe972e52c7d",23,"allqc_residual_exact500","sct_pearson_residual_all_qc_fit_selected384","exact500",20260805,"H1","6e22dee12143adfa9b991238e1193da1f44e0aa9361572211bbbdd44220d1296","9fc531b3bcf7c6df277ab2eeab9702346f860b3c1e05aa2f162ce8e5fc76ee35","mv10_partition_quality_v1","pam_dissimilarity_v1",7,0.215248736536867,0.222185631712641,-0.150210514667575,0.0645161290322581,10,31,0,"closed",FALSE
"06c0dd6c129d8567651081156272cfe972e52c7d",23,"allqc_residual_exact500","sct_pearson_residual_all_qc_fit_selected384","exact500",20260805,"H1","6e22dee12143adfa9b991238e1193da1f44e0aa9361572211bbbdd44220d1296","9fc531b3bcf7c6df277ab2eeab9702346f860b3c1e05aa2f162ce8e5fc76ee35","mv10_partition_quality_v1","pam_dissimilarity_v1",8,0.194338474807265,0.187686062692803,-0.102366241697599,0.0967741935483871,10,27,0,"closed",FALSE
"06c0dd6c129d8567651081156272cfe972e52c7d",23,"allqc_residual_exact500","sct_pearson_residual_all_qc_fit_selected384","exact500",20260805,"H1","6e22dee12143adfa9b991238e1193da1f44e0aa9361572211bbbdd44220d1296","9fc531b3bcf7c6df277ab2eeab9702346f860b3c1e05aa2f162ce8e5fc76ee35","mv10_partition_quality_v1","pam_dissimilarity_v1",9,0.176837395890876,0.165114629955891,-0.102366241697599,0.137096774193548,10,17,0,"closed",FALSE
"06c0dd6c129d8567651081156272cfe972e52c7d",23,"allqc_residual_exact500","sct_pearson_residual_all_qc_fit_selected384","exact500",20260805,"H1","6e22dee12143adfa9b991238e1193da1f44e0aa9361572211bbbdd44220d1296","9fc531b3bcf7c6df277ab2eeab9702346f860b3c1e05aa2f162ce8e5fc76ee35","mv10_partition_quality_v1","pam_dissimilarity_v1",10,0.169404740156834,0.154949874546389,-0.171825276307082,0.137096774193548,1,17,1,"closed",FALSE
"06c0dd6c129d8567651081156272cfe972e52c7d",23,"allqc_residual_exact500","sct_pearson_residual_all_qc_fit_selected384","exact500",20260805,"H1","6e22dee12143adfa9b991238e1193da1f44e0aa9361572211bbbdd44220d1296","9fc531b3bcf7c6df277ab2eeab9702346f860b3c1e05aa2f162ce8e5fc76ee35","mv10_partition_quality_v1","hclust_average_v1",2,0.360951887566136,0.405303106634907,-0.181980697788516,0.0403225806451613,38,86,0,"closed",FALSE
"06c0dd6c129d8567651081156272cfe972e52c7d",23,"allqc_residual_exact500","sct_pearson_residual_all_qc_fit_selected384","exact500",20260805,"H1","6e22dee12143adfa9b991238e1193da1f44e0aa9361572211bbbdd44220d1296","9fc531b3bcf7c6df277ab2eeab9702346f860b3c1e05aa2f162ce8e5fc76ee35","mv10_partition_quality_v1","hclust_average_v1",3,0.32298956065588,0.378709222698928,-0.223461938671611,0.0645161290322581,2,86,0,"closed",FALSE
"06c0dd6c129d8567651081156272cfe972e52c7d",23,"allqc_residual_exact500","sct_pearson_residual_all_qc_fit_selected384","exact500",20260805,"H1","6e22dee12143adfa9b991238e1193da1f44e0aa9361572211bbbdd44220d1296","9fc531b3bcf7c6df277ab2eeab9702346f860b3c1e05aa2f162ce8e5fc76ee35","mv10_partition_quality_v1","hclust_average_v1",4,0.287578835946837,0.317428066961424,-0.125761921433903,0.0403225806451613,2,52,0,"closed",FALSE
"06c0dd6c129d8567651081156272cfe972e52c7d",23,"allqc_residual_exact500","sct_pearson_residual_all_qc_fit_selected384","exact500",20260805,"H1","6e22dee12143adfa9b991238e1193da1f44e0aa9361572211bbbdd44220d1296","9fc531b3bcf7c6df277ab2eeab9702346f860b3c1e05aa2f162ce8e5fc76ee35","mv10_partition_quality_v1","hclust_average_v1",5,0.250757239125886,0.261248476421059,-0.146886498060612,0.0483870967741935,1,52,1,"closed",FALSE
"06c0dd6c129d8567651081156272cfe972e52c7d",23,"allqc_residual_exact500","sct_pearson_residual_all_qc_fit_selected384","exact500",20260805,"H1","6e22dee12143adfa9b991238e1193da1f44e0aa9361572211bbbdd44220d1296","9fc531b3bcf7c6df277ab2eeab9702346f860b3c1e05aa2f162ce8e5fc76ee35","mv10_partition_quality_v1","hclust_average_v1",6,0.237316337553911,0.243850032257689,-0.144234361441225,0.0483870967741935,1,52,1,"closed",FALSE
"06c0dd6c129d8567651081156272cfe972e52c7d",23,"allqc_residual_exact500","sct_pearson_residual_all_qc_fit_selected384","exact500",20260805,"H1","6e22dee12143adfa9b991238e1193da1f44e0aa9361572211bbbdd44220d1296","9fc531b3bcf7c6df277ab2eeab9702346f860b3c1e05aa2f162ce8e5fc76ee35","mv10_partition_quality_v1","hclust_average_v1",7,0.218482168819208,0.235075619266032,-0.17554690753794,0.0645161290322581,1,52,1,"closed",FALSE
"06c0dd6c129d8567651081156272cfe972e52c7d",23,"allqc_residual_exact500","sct_pearson_residual_all_qc_fit_selected384","exact500",20260805,"H1","6e22dee12143adfa9b991238e1193da1f44e0aa9361572211bbbdd44220d1296","9fc531b3bcf7c6df277ab2eeab9702346f860b3c1e05aa2f162ce8e5fc76ee35","mv10_partition_quality_v1","hclust_average_v1",8,0.192086503012414,0.203832645439745,-0.17554690753794,0.0806451612903226,1,52,1,"closed",FALSE
"06c0dd6c129d8567651081156272cfe972e52c7d",23,"allqc_residual_exact500","sct_pearson_residual_all_qc_fit_selected384","exact500",20260805,"H1","6e22dee12143adfa9b991238e1193da1f44e0aa9361572211bbbdd44220d1296","9fc531b3bcf7c6df277ab2eeab9702346f860b3c1e05aa2f162ce8e5fc76ee35","mv10_partition_quality_v1","hclust_average_v1",9,0.189581710865872,0.194443760809532,-0.17554690753794,0.0806451612903226,1,52,2,"closed",FALSE
"06c0dd6c129d8567651081156272cfe972e52c7d",23,"allqc_residual_exact500","sct_pearson_residual_all_qc_fit_selected384","exact500",20260805,"H1","6e22dee12143adfa9b991238e1193da1f44e0aa9361572211bbbdd44220d1296","9fc531b3bcf7c6df277ab2eeab9702346f860b3c1e05aa2f162ce8e5fc76ee35","mv10_partition_quality_v1","hclust_average_v1",10,0.178482921573858,0.176019908254954,-0.17554690753794,0.0806451612903226,1,52,3,"closed",FALSE
"06c0dd6c129d8567651081156272cfe972e52c7d",23,"allqc_residual_exact500","sct_pearson_residual_all_qc_fit_selected384","exact500",20260805,"H1","6e22dee12143adfa9b991238e1193da1f44e0aa9361572211bbbdd44220d1296","9fc531b3bcf7c6df277ab2eeab9702346f860b3c1e05aa2f162ce8e5fc76ee35","mv10_partition_quality_v1","hclust_complete_v1",2,0.350712506872551,0.410095287979509,-0.349390626200625,0.0645161290322581,31,93,0,"closed",FALSE
"06c0dd6c129d8567651081156272cfe972e52c7d",23,"allqc_residual_exact500","sct_pearson_residual_all_qc_fit_selected384","exact500",20260805,"H1","6e22dee12143adfa9b991238e1193da1f44e0aa9361572211bbbdd44220d1296","9fc531b3bcf7c6df277ab2eeab9702346f860b3c1e05aa2f162ce8e5fc76ee35","mv10_partition_quality_v1","hclust_complete_v1",3,0.242538507610528,0.305912619952185,-0.224136656642138,0.129032258064516,31,55,0,"closed",FALSE
"06c0dd6c129d8567651081156272cfe972e52c7d",23,"allqc_residual_exact500","sct_pearson_residual_all_qc_fit_selected384","exact500",20260805,"H1","6e22dee12143adfa9b991238e1193da1f44e0aa9361572211bbbdd44220d1296","9fc531b3bcf7c6df277ab2eeab9702346f860b3c1e05aa2f162ce8e5fc76ee35","mv10_partition_quality_v1","hclust_complete_v1",4,0.227694199504815,0.290815404959143,-0.224136656642138,0.137096774193548,2,55,0,"closed",FALSE
"06c0dd6c129d8567651081156272cfe972e52c7d",23,"allqc_residual_exact500","sct_pearson_residual_all_qc_fit_selected384","exact500",20260805,"H1","6e22dee12143adfa9b991238e1193da1f44e0aa9361572211bbbdd44220d1296","9fc531b3bcf7c6df277ab2eeab9702346f860b3c1e05aa2f162ce8e5fc76ee35","mv10_partition_quality_v1","hclust_complete_v1",5,0.213104813878292,0.275167265218114,-0.319598335862819,0.153225806451613,2,55,0,"closed",FALSE
"06c0dd6c129d8567651081156272cfe972e52c7d",23,"allqc_residual_exact500","sct_pearson_residual_all_qc_fit_selected384","exact500",20260805,"H1","6e22dee12143adfa9b991238e1193da1f44e0aa9361572211bbbdd44220d1296","9fc531b3bcf7c6df277ab2eeab9702346f860b3c1e05aa2f162ce8e5fc76ee35","mv10_partition_quality_v1","hclust_complete_v1",6,0.181070731385729,0.194915111028044,-0.319598335862819,0.104838709677419,2,38,0,"closed",FALSE
"06c0dd6c129d8567651081156272cfe972e52c7d",23,"allqc_residual_exact500","sct_pearson_residual_all_qc_fit_selected384","exact500",20260805,"H1","6e22dee12143adfa9b991238e1193da1f44e0aa9361572211bbbdd44220d1296","9fc531b3bcf7c6df277ab2eeab9702346f860b3c1e05aa2f162ce8e5fc76ee35","mv10_partition_quality_v1","hclust_complete_v1",7,0.190870469645725,0.202724510128,-0.407479990595068,0.120967741935484,2,38,0,"closed",FALSE
"06c0dd6c129d8567651081156272cfe972e52c7d",23,"allqc_residual_exact500","sct_pearson_residual_all_qc_fit_selected384","exact500",20260805,"H1","6e22dee12143adfa9b991238e1193da1f44e0aa9361572211bbbdd44220d1296","9fc531b3bcf7c6df277ab2eeab9702346f860b3c1e05aa2f162ce8e5fc76ee35","mv10_partition_quality_v1","hclust_complete_v1",8,0.209649339521295,0.218441913214756,-0.273258616942084,0.0483870967741935,2,28,0,"closed",FALSE
"06c0dd6c129d8567651081156272cfe972e52c7d",23,"allqc_residual_exact500","sct_pearson_residual_all_qc_fit_selected384","exact500",20260805,"H1","6e22dee12143adfa9b991238e1193da1f44e0aa9361572211bbbdd44220d1296","9fc531b3bcf7c6df277ab2eeab9702346f860b3c1e05aa2f162ce8e5fc76ee35","mv10_partition_quality_v1","hclust_complete_v1",9,0.185859367947203,0.183262586115793,-0.273258616942084,0.0806451612903226,2,28,0,"closed",FALSE
"06c0dd6c129d8567651081156272cfe972e52c7d",23,"allqc_residual_exact500","sct_pearson_residual_all_qc_fit_selected384","exact500",20260805,"H1","6e22dee12143adfa9b991238e1193da1f44e0aa9361572211bbbdd44220d1296","9fc531b3bcf7c6df277ab2eeab9702346f860b3c1e05aa2f162ce8e5fc76ee35","mv10_partition_quality_v1","hclust_complete_v1",10,0.187548892431444,0.183262586115793,-0.273258616942084,0.0645161290322581,2,28,0,"closed",FALSE
"06c0dd6c129d8567651081156272cfe972e52c7d",23,"allqc_residual_exact500","sct_pearson_residual_all_qc_fit_selected384","exact500",20260805,"H1","6e22dee12143adfa9b991238e1193da1f44e0aa9361572211bbbdd44220d1296","9fc531b3bcf7c6df277ab2eeab9702346f860b3c1e05aa2f162ce8e5fc76ee35","mv10_partition_quality_v1","hclust_single_diagnostic_v1",2,0.237833787152998,0.358533233094909,-0.478910460641489,0.201612903225806,1,123,1,"closed",FALSE
"06c0dd6c129d8567651081156272cfe972e52c7d",23,"allqc_residual_exact500","sct_pearson_residual_all_qc_fit_selected384","exact500",20260805,"H1","6e22dee12143adfa9b991238e1193da1f44e0aa9361572211bbbdd44220d1296","9fc531b3bcf7c6df277ab2eeab9702346f860b3c1e05aa2f162ce8e5fc76ee35","mv10_partition_quality_v1","hclust_single_diagnostic_v1",3,0.190000737094887,0.307873624832057,-0.483737626786347,0.225806451612903,1,120,1,"closed",FALSE
"06c0dd6c129d8567651081156272cfe972e52c7d",23,"allqc_residual_exact500","sct_pearson_residual_all_qc_fit_selected384","exact500",20260805,"H1","6e22dee12143adfa9b991238e1193da1f44e0aa9361572211bbbdd44220d1296","9fc531b3bcf7c6df277ab2eeab9702346f860b3c1e05aa2f162ce8e5fc76ee35","mv10_partition_quality_v1","hclust_single_diagnostic_v1",4,0.14020488672828,0.2682728157382,-0.48516593770843,0.25,1,119,2,"closed",FALSE
"06c0dd6c129d8567651081156272cfe972e52c7d",23,"allqc_residual_exact500","sct_pearson_residual_all_qc_fit_selected384","exact500",20260805,"H1","6e22dee12143adfa9b991238e1193da1f44e0aa9361572211bbbdd44220d1296","9fc531b3bcf7c6df277ab2eeab9702346f860b3c1e05aa2f162ce8e5fc76ee35","mv10_partition_quality_v1","hclust_single_diagnostic_v1",5,0.13037843312831,0.246085028839269,-0.48516593770843,0.25,1,119,3,"closed",FALSE
"06c0dd6c129d8567651081156272cfe972e52c7d",23,"allqc_residual_exact500","sct_pearson_residual_all_qc_fit_selected384","exact500",20260805,"H1","6e22dee12143adfa9b991238e1193da1f44e0aa9361572211bbbdd44220d1296","9fc531b3bcf7c6df277ab2eeab9702346f860b3c1e05aa2f162ce8e5fc76ee35","mv10_partition_quality_v1","hclust_single_diagnostic_v1",6,0.0800794919662836,0.179656039165521,-0.577913978090358,0.330645161290323,1,118,4,"closed",FALSE
"06c0dd6c129d8567651081156272cfe972e52c7d",23,"allqc_residual_exact500","sct_pearson_residual_all_qc_fit_selected384","exact500",20260805,"H1","6e22dee12143adfa9b991238e1193da1f44e0aa9361572211bbbdd44220d1296","9fc531b3bcf7c6df277ab2eeab9702346f860b3c1e05aa2f162ce8e5fc76ee35","mv10_partition_quality_v1","hclust_single_diagnostic_v1",7,-0.0098997886663444,0.0420354158972924,-0.577173234692046,0.435483870967742,1,117,5,"closed",FALSE
"06c0dd6c129d8567651081156272cfe972e52c7d",23,"allqc_residual_exact500","sct_pearson_residual_all_qc_fit_selected384","exact500",20260805,"H1","6e22dee12143adfa9b991238e1193da1f44e0aa9361572211bbbdd44220d1296","9fc531b3bcf7c6df277ab2eeab9702346f860b3c1e05aa2f162ce8e5fc76ee35","mv10_partition_quality_v1","hclust_single_diagnostic_v1",8,0.0129526093376711,0.0749942604568122,-0.573291090597285,0.411290322580645,1,114,5,"closed",FALSE
"06c0dd6c129d8567651081156272cfe972e52c7d",23,"allqc_residual_exact500","sct_pearson_residual_all_qc_fit_selected384","exact500",20260805,"H1","6e22dee12143adfa9b991238e1193da1f44e0aa9361572211bbbdd44220d1296","9fc531b3bcf7c6df277ab2eeab9702346f860b3c1e05aa2f162ce8e5fc76ee35","mv10_partition_quality_v1","hclust_single_diagnostic_v1",9,0.0105587881349631,0.078438803370223,-0.572118796214753,0.395161290322581,1,113,6,"closed",FALSE
"06c0dd6c129d8567651081156272cfe972e52c7d",23,"allqc_residual_exact500","sct_pearson_residual_all_qc_fit_selected384","exact500",20260805,"H1","6e22dee12143adfa9b991238e1193da1f44e0aa9361572211bbbdd44220d1296","9fc531b3bcf7c6df277ab2eeab9702346f860b3c1e05aa2f162ce8e5fc76ee35","mv10_partition_quality_v1","hclust_single_diagnostic_v1",10,0.0084930982766105,0.0711789685504906,-0.572118796214753,0.395161290322581,1,113,7,"closed",FALSE
"06c0dd6c129d8567651081156272cfe972e52c7d",23,"allqc_residual_exact500","sct_pearson_residual_all_qc_fit_selected384","exact500",20260805,"H1","6e22dee12143adfa9b991238e1193da1f44e0aa9361572211bbbdd44220d1296","9fc531b3bcf7c6df277ab2eeab9702346f860b3c1e05aa2f162ce8e5fc76ee35","mv10_partition_quality_v1","diana_dissimilarity_v1",2,0.349175977528301,0.389859131687512,0.00601174864161774,0,48,76,0,"closed",FALSE
"06c0dd6c129d8567651081156272cfe972e52c7d",23,"allqc_residual_exact500","sct_pearson_residual_all_qc_fit_selected384","exact500",20260805,"H1","6e22dee12143adfa9b991238e1193da1f44e0aa9361572211bbbdd44220d1296","9fc531b3bcf7c6df277ab2eeab9702346f860b3c1e05aa2f162ce8e5fc76ee35","mv10_partition_quality_v1","diana_dissimilarity_v1",3,0.268701461083994,0.30799494219248,-0.232732730155254,0.0806451612903226,16,76,0,"closed",FALSE
"06c0dd6c129d8567651081156272cfe972e52c7d",23,"allqc_residual_exact500","sct_pearson_residual_all_qc_fit_selected384","exact500",20260805,"H1","6e22dee12143adfa9b991238e1193da1f44e0aa9361572211bbbdd44220d1296","9fc531b3bcf7c6df277ab2eeab9702346f860b3c1e05aa2f162ce8e5fc76ee35","mv10_partition_quality_v1","diana_dissimilarity_v1",4,0.269055928844021,0.286140425797348,-0.00580616274474384,0.00806451612903226,16,46,0,"closed",FALSE
"06c0dd6c129d8567651081156272cfe972e52c7d",23,"allqc_residual_exact500","sct_pearson_residual_all_qc_fit_selected384","exact500",20260805,"H1","6e22dee12143adfa9b991238e1193da1f44e0aa9361572211bbbdd44220d1296","9fc531b3bcf7c6df277ab2eeab9702346f860b3c1e05aa2f162ce8e5fc76ee35","mv10_partition_quality_v1","diana_dissimilarity_v1",5,0.260352928252218,0.271765604061782,-0.0299782614521861,0.0161290322580645,2,46,0,"closed",FALSE
"06c0dd6c129d8567651081156272cfe972e52c7d",23,"allqc_residual_exact500","sct_pearson_residual_all_qc_fit_selected384","exact500",20260805,"H1","6e22dee12143adfa9b991238e1193da1f44e0aa9361572211bbbdd44220d1296","9fc531b3bcf7c6df277ab2eeab9702346f860b3c1e05aa2f162ce8e5fc76ee35","mv10_partition_quality_v1","diana_dissimilarity_v1",6,0.221966313185011,0.20721233729751,-0.0526946325140017,0.0241935483870968,2,46,0,"closed",FALSE
"06c0dd6c129d8567651081156272cfe972e52c7d",23,"allqc_residual_exact500","sct_pearson_residual_all_qc_fit_selected384","exact500",20260805,"H1","6e22dee12143adfa9b991238e1193da1f44e0aa9361572211bbbdd44220d1296","9fc531b3bcf7c6df277ab2eeab9702346f860b3c1e05aa2f162ce8e5fc76ee35","mv10_partition_quality_v1","diana_dissimilarity_v1",7,0.160526980678248,0.163037681164251,-0.170064550869644,0.0887096774193548,2,32,0,"closed",FALSE
"06c0dd6c129d8567651081156272cfe972e52c7d",23,"allqc_residual_exact500","sct_pearson_residual_all_qc_fit_selected384","exact500",20260805,"H1","6e22dee12143adfa9b991238e1193da1f44e0aa9361572211bbbdd44220d1296","9fc531b3bcf7c6df277ab2eeab9702346f860b3c1e05aa2f162ce8e5fc76ee35","mv10_partition_quality_v1","diana_dissimilarity_v1",8,0.162909117922563,0.165363145545546,-0.170064550869644,0.0887096774193548,2,32,0,"closed",FALSE
"06c0dd6c129d8567651081156272cfe972e52c7d",23,"allqc_residual_exact500","sct_pearson_residual_all_qc_fit_selected384","exact500",20260805,"H1","6e22dee12143adfa9b991238e1193da1f44e0aa9361572211bbbdd44220d1296","9fc531b3bcf7c6df277ab2eeab9702346f860b3c1e05aa2f162ce8e5fc76ee35","mv10_partition_quality_v1","diana_dissimilarity_v1",9,0.182829292279936,0.171241048953399,-0.133803529356619,0.0725806451612903,2,25,0,"closed",FALSE
"06c0dd6c129d8567651081156272cfe972e52c7d",23,"allqc_residual_exact500","sct_pearson_residual_all_qc_fit_selected384","exact500",20260805,"H1","6e22dee12143adfa9b991238e1193da1f44e0aa9361572211bbbdd44220d1296","9fc531b3bcf7c6df277ab2eeab9702346f860b3c1e05aa2f162ce8e5fc76ee35","mv10_partition_quality_v1","diana_dissimilarity_v1",10,0.173462442537576,0.166547564803229,-0.133803529356619,0.0725806451612903,1,25,1,"closed",FALSE
"06c0dd6c129d8567651081156272cfe972e52c7d",25,"allqc_residual_exact500","sct_pearson_residual_all_qc_fit_selected384","exact500",20260806,"H0","c6aa31284b9db2cbbf23bbe0a28f34e65a53bd3d28b5b24837e85a252c4ba0af","9fc531b3bcf7c6df277ab2eeab9702346f860b3c1e05aa2f162ce8e5fc76ee35","mv10_partition_quality_v1","pam_dissimilarity_v1",2,0.558751823315482,0.644899170593525,-0.00432224774199407,0.00806451612903226,33,91,0,"closed",FALSE
"06c0dd6c129d8567651081156272cfe972e52c7d",25,"allqc_residual_exact500","sct_pearson_residual_all_qc_fit_selected384","exact500",20260806,"H0","c6aa31284b9db2cbbf23bbe0a28f34e65a53bd3d28b5b24837e85a252c4ba0af","9fc531b3bcf7c6df277ab2eeab9702346f860b3c1e05aa2f162ce8e5fc76ee35","mv10_partition_quality_v1","pam_dissimilarity_v1",3,0.488069564703755,0.55365774774149,-0.0625897210311116,0.0161290322580645,27,52,0,"closed",FALSE
"06c0dd6c129d8567651081156272cfe972e52c7d",25,"allqc_residual_exact500","sct_pearson_residual_all_qc_fit_selected384","exact500",20260806,"H0","c6aa31284b9db2cbbf23bbe0a28f34e65a53bd3d28b5b24837e85a252c4ba0af","9fc531b3bcf7c6df277ab2eeab9702346f860b3c1e05aa2f162ce8e5fc76ee35","mv10_partition_quality_v1","pam_dissimilarity_v1",4,0.431149689481916,0.494834787466714,-0.0386141974145729,0.0161290322580645,25,35,0,"closed",FALSE
"06c0dd6c129d8567651081156272cfe972e52c7d",25,"allqc_residual_exact500","sct_pearson_residual_all_qc_fit_selected384","exact500",20260806,"H0","c6aa31284b9db2cbbf23bbe0a28f34e65a53bd3d28b5b24837e85a252c4ba0af","9fc531b3bcf7c6df277ab2eeab9702346f860b3c1e05aa2f162ce8e5fc76ee35","mv10_partition_quality_v1","pam_dissimilarity_v1",5,0.435134955872852,0.494339289190858,-0.0386141974145729,0.0241935483870968,7,35,0,"closed",FALSE
"06c0dd6c129d8567651081156272cfe972e52c7d",25,"allqc_residual_exact500","sct_pearson_residual_all_qc_fit_selected384","exact500",20260806,"H0","c6aa31284b9db2cbbf23bbe0a28f34e65a53bd3d28b5b24837e85a252c4ba0af","9fc531b3bcf7c6df277ab2eeab9702346f860b3c1e05aa2f162ce8e5fc76ee35","mv10_partition_quality_v1","pam_dissimilarity_v1",6,0.350782293026184,0.422667615519618,-0.108824158644164,0.0887096774193548,7,30,0,"closed",FALSE
"06c0dd6c129d8567651081156272cfe972e52c7d",25,"allqc_residual_exact500","sct_pearson_residual_all_qc_fit_selected384","exact500",20260806,"H0","c6aa31284b9db2cbbf23bbe0a28f34e65a53bd3d28b5b24837e85a252c4ba0af","9fc531b3bcf7c6df277ab2eeab9702346f860b3c1e05aa2f162ce8e5fc76ee35","mv10_partition_quality_v1","pam_dissimilarity_v1",7,0.354711951968166,0.404239017904625,-0.0587107989879191,0.0483870967741935,5,27,0,"closed",FALSE
"06c0dd6c129d8567651081156272cfe972e52c7d",25,"allqc_residual_exact500","sct_pearson_residual_all_qc_fit_selected384","exact500",20260806,"H0","c6aa31284b9db2cbbf23bbe0a28f34e65a53bd3d28b5b24837e85a252c4ba0af","9fc531b3bcf7c6df277ab2eeab9702346f860b3c1e05aa2f162ce8e5fc76ee35","mv10_partition_quality_v1","pam_dissimilarity_v1",8,0.327036026931042,0.339801843910629,-0.135697229948049,0.0403225806451613,7,18,0,"closed",FALSE
"06c0dd6c129d8567651081156272cfe972e52c7d",25,"allqc_residual_exact500","sct_pearson_residual_all_qc_fit_selected384","exact500",20260806,"H0","c6aa31284b9db2cbbf23bbe0a28f34e65a53bd3d28b5b24837e85a252c4ba0af","9fc531b3bcf7c6df277ab2eeab9702346f860b3c1e05aa2f162ce8e5fc76ee35","mv10_partition_quality_v1","pam_dissimilarity_v1",9,0.338758822655608,0.331053752567613,-0.135697229948049,0.0241935483870968,4,18,0,"closed",FALSE
"06c0dd6c129d8567651081156272cfe972e52c7d",25,"allqc_residual_exact500","sct_pearson_residual_all_qc_fit_selected384","exact500",20260806,"H0","c6aa31284b9db2cbbf23bbe0a28f34e65a53bd3d28b5b24837e85a252c4ba0af","9fc531b3bcf7c6df277ab2eeab9702346f860b3c1e05aa2f162ce8e5fc76ee35","mv10_partition_quality_v1","pam_dissimilarity_v1",10,0.297803727759372,0.312221191244993,-0.228572580225111,0.032258064516129,4,18,0,"closed",FALSE
"06c0dd6c129d8567651081156272cfe972e52c7d",25,"allqc_residual_exact500","sct_pearson_residual_all_qc_fit_selected384","exact500",20260806,"H0","c6aa31284b9db2cbbf23bbe0a28f34e65a53bd3d28b5b24837e85a252c4ba0af","9fc531b3bcf7c6df277ab2eeab9702346f860b3c1e05aa2f162ce8e5fc76ee35","mv10_partition_quality_v1","hclust_average_v1",2,0.587032139513813,0.665999136217016,-0.0502207549860835,0.00806451612903226,27,97,0,"closed",FALSE
"06c0dd6c129d8567651081156272cfe972e52c7d",25,"allqc_residual_exact500","sct_pearson_residual_all_qc_fit_selected384","exact500",20260806,"H0","c6aa31284b9db2cbbf23bbe0a28f34e65a53bd3d28b5b24837e85a252c4ba0af","9fc531b3bcf7c6df277ab2eeab9702346f860b3c1e05aa2f162ce8e5fc76ee35","mv10_partition_quality_v1","hclust_average_v1",3,0.439396441416657,0.543115343030753,-0.429678323576355,0.0967741935483871,20,77,0,"closed",FALSE
"06c0dd6c129d8567651081156272cfe972e52c7d",25,"allqc_residual_exact500","sct_pearson_residual_all_qc_fit_selected384","exact500",20260806,"H0","c6aa31284b9db2cbbf23bbe0a28f34e65a53bd3d28b5b24837e85a252c4ba0af","9fc531b3bcf7c6df277ab2eeab9702346f860b3c1e05aa2f162ce8e5fc76ee35","mv10_partition_quality_v1","hclust_average_v1",4,0.395045570823743,0.498854387563488,-0.429678323576355,0.129032258064516,8,77,0,"closed",FALSE
"06c0dd6c129d8567651081156272cfe972e52c7d",25,"allqc_residual_exact500","sct_pearson_residual_all_qc_fit_selected384","exact500",20260806,"H0","c6aa31284b9db2cbbf23bbe0a28f34e65a53bd3d28b5b24837e85a252c4ba0af","9fc531b3bcf7c6df277ab2eeab9702346f860b3c1e05aa2f162ce8e5fc76ee35","mv10_partition_quality_v1","hclust_average_v1",5,0.425406631417819,0.509053995663416,-0.250708450158392,0.0645161290322581,8,48,0,"closed",FALSE
"06c0dd6c129d8567651081156272cfe972e52c7d",25,"allqc_residual_exact500","sct_pearson_residual_all_qc_fit_selected384","exact500",20260806,"H0","c6aa31284b9db2cbbf23bbe0a28f34e65a53bd3d28b5b24837e85a252c4ba0af","9fc531b3bcf7c6df277ab2eeab9702346f860b3c1e05aa2f162ce8e5fc76ee35","mv10_partition_quality_v1","hclust_average_v1",6,0.413668676516368,0.476239176059637,-0.250708450158392,0.0564516129032258,2,48,0,"closed",FALSE
"06c0dd6c129d8567651081156272cfe972e52c7d",25,"allqc_residual_exact500","sct_pearson_residual_all_qc_fit_selected384","exact500",20260806,"H0","c6aa31284b9db2cbbf23bbe0a28f34e65a53bd3d28b5b24837e85a252c4ba0af","9fc531b3bcf7c6df277ab2eeab9702346f860b3c1e05aa2f162ce8e5fc76ee35","mv10_partition_quality_v1","hclust_average_v1",7,0.368357004623989,0.435115115331678,-0.260677685318177,0.0806451612903226,1,48,1,"closed",FALSE
"06c0dd6c129d8567651081156272cfe972e52c7d",25,"allqc_residual_exact500","sct_pearson_residual_all_qc_fit_selected384","exact500",20260806,"H0","c6aa31284b9db2cbbf23bbe0a28f34e65a53bd3d28b5b24837e85a252c4ba0af","9fc531b3bcf7c6df277ab2eeab9702346f860b3c1e05aa2f162ce8e5fc76ee35","mv10_partition_quality_v1","hclust_average_v1",8,0.339550208593723,0.399861597185825,-0.350545475096406,0.129032258064516,1,48,1,"closed",FALSE
"06c0dd6c129d8567651081156272cfe972e52c7d",25,"allqc_residual_exact500","sct_pearson_residual_all_qc_fit_selected384","exact500",20260806,"H0","c6aa31284b9db2cbbf23bbe0a28f34e65a53bd3d28b5b24837e85a252c4ba0af","9fc531b3bcf7c6df277ab2eeab9702346f860b3c1e05aa2f162ce8e5fc76ee35","mv10_partition_quality_v1","hclust_average_v1",9,0.32650242022406,0.373427533724613,-0.350545475096406,0.129032258064516,1,48,1,"closed",FALSE
"06c0dd6c129d8567651081156272cfe972e52c7d",25,"allqc_residual_exact500","sct_pearson_residual_all_qc_fit_selected384","exact500",20260806,"H0","c6aa31284b9db2cbbf23bbe0a28f34e65a53bd3d28b5b24837e85a252c4ba0af","9fc531b3bcf7c6df277ab2eeab9702346f860b3c1e05aa2f162ce8e5fc76ee35","mv10_partition_quality_v1","hclust_average_v1",10,0.296239596937657,0.311530537908,-0.321998047860089,0.0887096774193548,1,29,1,"closed",FALSE
"06c0dd6c129d8567651081156272cfe972e52c7d",25,"allqc_residual_exact500","sct_pearson_residual_all_qc_fit_selected384","exact500",20260806,"H0","c6aa31284b9db2cbbf23bbe0a28f34e65a53bd3d28b5b24837e85a252c4ba0af","9fc531b3bcf7c6df277ab2eeab9702346f860b3c1e05aa2f162ce8e5fc76ee35","mv10_partition_quality_v1","hclust_complete_v1",2,0.586407036340231,0.667185420239711,-0.30422495695243,0.0161290322580645,26,98,0,"closed",FALSE
"06c0dd6c129d8567651081156272cfe972e52c7d",25,"allqc_residual_exact500","sct_pearson_residual_all_qc_fit_selected384","exact500",20260806,"H0","c6aa31284b9db2cbbf23bbe0a28f34e65a53bd3d28b5b24837e85a252c4ba0af","9fc531b3bcf7c6df277ab2eeab9702346f860b3c1e05aa2f162ce8e5fc76ee35","mv10_partition_quality_v1","hclust_complete_v1",3,0.482328188585523,0.56749907228822,-0.209654577819291,0.032258064516129,26,57,0,"closed",FALSE
"06c0dd6c129d8567651081156272cfe972e52c7d",25,"allqc_residual_exact500","sct_pearson_residual_all_qc_fit_selected384","exact500",20260806,"H0","c6aa31284b9db2cbbf23bbe0a28f34e65a53bd3d28b5b24837e85a252c4ba0af","9fc531b3bcf7c6df277ab2eeab9702346f860b3c1e05aa2f162ce8e5fc76ee35","mv10_partition_quality_v1","hclust_complete_v1",4,0.478990095325749,0.560567515268961,-0.209654577819291,0.0403225806451613,5,57,0,"closed",FALSE
"06c0dd6c129d8567651081156272cfe972e52c7d",25,"allqc_residual_exact500","sct_pearson_residual_all_qc_fit_selected384","exact500",20260806,"H0","c6aa31284b9db2cbbf23bbe0a28f34e65a53bd3d28b5b24837e85a252c4ba0af","9fc531b3bcf7c6df277ab2eeab9702346f860b3c1e05aa2f162ce8e5fc76ee35","mv10_partition_quality_v1","hclust_complete_v1",5,0.434442916373871,0.508778244615906,-0.414258419879064,0.0645161290322581,4,53,0,"closed",FALSE
"06c0dd6c129d8567651081156272cfe972e52c7d",25,"allqc_residual_exact500","sct_pearson_residual_all_qc_fit_selected384","exact500",20260806,"H0","c6aa31284b9db2cbbf23bbe0a28f34e65a53bd3d28b5b24837e85a252c4ba0af","9fc531b3bcf7c6df277ab2eeab9702346f860b3c1e05aa2f162ce8e5fc76ee35","mv10_partition_quality_v1","hclust_complete_v1",6,0.395024061219258,0.449190921936915,-0.414258419879064,0.0725806451612903,3,53,0,"closed",FALSE
"06c0dd6c129d8567651081156272cfe972e52c7d",25,"allqc_residual_exact500","sct_pearson_residual_all_qc_fit_selected384","exact500",20260806,"H0","c6aa31284b9db2cbbf23bbe0a28f34e65a53bd3d28b5b24837e85a252c4ba0af","9fc531b3bcf7c6df277ab2eeab9702346f860b3c1e05aa2f162ce8e5fc76ee35","mv10_partition_quality_v1","hclust_complete_v1",7,0.384083779757419,0.430979064897604,-0.178459381672607,0.0806451612903226,3,41,0,"closed",FALSE
"06c0dd6c129d8567651081156272cfe972e52c7d",25,"allqc_residual_exact500","sct_pearson_residual_all_qc_fit_selected384","exact500",20260806,"H0","c6aa31284b9db2cbbf23bbe0a28f34e65a53bd3d28b5b24837e85a252c4ba0af","9fc531b3bcf7c6df277ab2eeab9702346f860b3c1e05aa2f162ce8e5fc76ee35","mv10_partition_quality_v1","hclust_complete_v1",8,0.313598040007703,0.342296789220475,-0.216059502574865,0.104838709677419,3,38,0,"closed",FALSE
"06c0dd6c129d8567651081156272cfe972e52c7d",25,"allqc_residual_exact500","sct_pearson_residual_all_qc_fit_selected384","exact500",20260806,"H0","c6aa31284b9db2cbbf23bbe0a28f34e65a53bd3d28b5b24837e85a252c4ba0af","9fc531b3bcf7c6df277ab2eeab9702346f860b3c1e05aa2f162ce8e5fc76ee35","mv10_partition_quality_v1","hclust_complete_v1",9,0.289741990357104,0.289938742788161,-0.216059502574865,0.120967741935484,3,38,0,"closed",FALSE
"06c0dd6c129d8567651081156272cfe972e52c7d",25,"allqc_residual_exact500","sct_pearson_residual_all_qc_fit_selected384","exact500",20260806,"H0","c6aa31284b9db2cbbf23bbe0a28f34e65a53bd3d28b5b24837e85a252c4ba0af","9fc531b3bcf7c6df277ab2eeab9702346f860b3c1e05aa2f162ce8e5fc76ee35","mv10_partition_quality_v1","hclust_complete_v1",10,0.290318802311697,0.289938742788161,-0.216059502574865,0.104838709677419,2,38,0,"closed",FALSE
"06c0dd6c129d8567651081156272cfe972e52c7d",25,"allqc_residual_exact500","sct_pearson_residual_all_qc_fit_selected384","exact500",20260806,"H0","c6aa31284b9db2cbbf23bbe0a28f34e65a53bd3d28b5b24837e85a252c4ba0af","9fc531b3bcf7c6df277ab2eeab9702346f860b3c1e05aa2f162ce8e5fc76ee35","mv10_partition_quality_v1","hclust_single_diagnostic_v1",2,0.525849107980802,0.675840777684158,-0.763080905838863,0.112903225806452,2,122,0,"closed",FALSE
"06c0dd6c129d8567651081156272cfe972e52c7d",25,"allqc_residual_exact500","sct_pearson_residual_all_qc_fit_selected384","exact500",20260806,"H0","c6aa31284b9db2cbbf23bbe0a28f34e65a53bd3d28b5b24837e85a252c4ba0af","9fc531b3bcf7c6df277ab2eeab9702346f860b3c1e05aa2f162ce8e5fc76ee35","mv10_partition_quality_v1","hclust_single_diagnostic_v1",3,0.482543291117671,0.660150058336019,-0.780100208696213,0.137096774193548,1,122,2,"closed",FALSE
"06c0dd6c129d8567651081156272cfe972e52c7d",25,"allqc_residual_exact500","sct_pearson_residual_all_qc_fit_selected384","exact500",20260806,"H0","c6aa31284b9db2cbbf23bbe0a28f34e65a53bd3d28b5b24837e85a252c4ba0af","9fc531b3bcf7c6df277ab2eeab9702346f860b3c1e05aa2f162ce8e5fc76ee35","mv10_partition_quality_v1","hclust_single_diagnostic_v1",4,0.222709234617434,0.348108576516266,-0.77887346537912,0.266129032258065,1,121,3,"closed",FALSE
"06c0dd6c129d8567651081156272cfe972e52c7d",25,"allqc_residual_exact500","sct_pearson_residual_all_qc_fit_selected384","exact500",20260806,"H0","c6aa31284b9db2cbbf23bbe0a28f34e65a53bd3d28b5b24837e85a252c4ba0af","9fc531b3bcf7c6df277ab2eeab9702346f860b3c1e05aa2f162ce8e5fc76ee35","mv10_partition_quality_v1","hclust_single_diagnostic_v1",5,0.222377213573569,0.383285573490822,-0.765821237453262,0.290322580645161,1,118,3,"closed",FALSE
"06c0dd6c129d8567651081156272cfe972e52c7d",25,"allqc_residual_exact500","sct_pearson_residual_all_qc_fit_selected384","exact500",20260806,"H0","c6aa31284b9db2cbbf23bbe0a28f34e65a53bd3d28b5b24837e85a252c4ba0af","9fc531b3bcf7c6df277ab2eeab9702346f860b3c1e05aa2f162ce8e5fc76ee35","mv10_partition_quality_v1","hclust_single_diagnostic_v1",6,0.210847368315476,0.383898395827074,-0.789406760385374,0.298387096774194,1,118,4,"closed",FALSE
"06c0dd6c129d8567651081156272cfe972e52c7d",25,"allqc_residual_exact500","sct_pearson_residual_all_qc_fit_selected384","exact500",20260806,"H0","c6aa31284b9db2cbbf23bbe0a28f34e65a53bd3d28b5b24837e85a252c4ba0af","9fc531b3bcf7c6df277ab2eeab9702346f860b3c1e05aa2f162ce8e5fc76ee35","mv10_partition_quality_v1","hclust_single_diagnostic_v1",7,-0.0495179259119209,0,-0.790212005888433,0.467741935483871,1,117,5,"closed",FALSE
"06c0dd6c129d8567651081156272cfe972e52c7d",25,"allqc_residual_exact500","sct_pearson_residual_all_qc_fit_selected384","exact500",20260806,"H0","c6aa31284b9db2cbbf23bbe0a28f34e65a53bd3d28b5b24837e85a252c4ba0af","9fc531b3bcf7c6df277ab2eeab9702346f860b3c1e05aa2f162ce8e5fc76ee35","mv10_partition_quality_v1","hclust_single_diagnostic_v1",8,-0.0399656361617817,0,-0.845288461021151,0.459677419354839,1,116,6,"closed",FALSE
"06c0dd6c129d8567651081156272cfe972e52c7d",25,"allqc_residual_exact500","sct_pearson_residual_all_qc_fit_selected384","exact500",20260806,"H0","c6aa31284b9db2cbbf23bbe0a28f34e65a53bd3d28b5b24837e85a252c4ba0af","9fc531b3bcf7c6df277ab2eeab9702346f860b3c1e05aa2f162ce8e5fc76ee35","mv10_partition_quality_v1","hclust_single_diagnostic_v1",9,0.207006192256694,0.316695174284485,-0.694952269057011,0.25,1,97,6,"closed",FALSE
"06c0dd6c129d8567651081156272cfe972e52c7d",25,"allqc_residual_exact500","sct_pearson_residual_all_qc_fit_selected384","exact500",20260806,"H0","c6aa31284b9db2cbbf23bbe0a28f34e65a53bd3d28b5b24837e85a252c4ba0af","9fc531b3bcf7c6df277ab2eeab9702346f860b3c1e05aa2f162ce8e5fc76ee35","mv10_partition_quality_v1","hclust_single_diagnostic_v1",10,0.149719244070973,0.251934203538564,-0.708258776604913,0.282258064516129,1,94,6,"closed",FALSE
"06c0dd6c129d8567651081156272cfe972e52c7d",25,"allqc_residual_exact500","sct_pearson_residual_all_qc_fit_selected384","exact500",20260806,"H0","c6aa31284b9db2cbbf23bbe0a28f34e65a53bd3d28b5b24837e85a252c4ba0af","9fc531b3bcf7c6df277ab2eeab9702346f860b3c1e05aa2f162ce8e5fc76ee35","mv10_partition_quality_v1","diana_dissimilarity_v1",2,0.571291386655325,0.65383584609924,0.00156892181563456,0,30,94,0,"closed",FALSE
"06c0dd6c129d8567651081156272cfe972e52c7d",25,"allqc_residual_exact500","sct_pearson_residual_all_qc_fit_selected384","exact500",20260806,"H0","c6aa31284b9db2cbbf23bbe0a28f34e65a53bd3d28b5b24837e85a252c4ba0af","9fc531b3bcf7c6df277ab2eeab9702346f860b3c1e05aa2f162ce8e5fc76ee35","mv10_partition_quality_v1","diana_dissimilarity_v1",3,0.468328337140869,0.540933508620455,-0.336298204107264,0.0241935483870968,30,53,0,"closed",FALSE
"06c0dd6c129d8567651081156272cfe972e52c7d",25,"allqc_residual_exact500","sct_pearson_residual_all_qc_fit_selected384","exact500",20260806,"H0","c6aa31284b9db2cbbf23bbe0a28f34e65a53bd3d28b5b24837e85a252c4ba0af","9fc531b3bcf7c6df277ab2eeab9702346f860b3c1e05aa2f162ce8e5fc76ee35","mv10_partition_quality_v1","diana_dissimilarity_v1",4,0.455100646440054,0.535583393057159,-0.115214801017876,0.0241935483870968,7,53,0,"closed",FALSE
"06c0dd6c129d8567651081156272cfe972e52c7d",25,"allqc_residual_exact500","sct_pearson_residual_all_qc_fit_selected384","exact500",20260806,"H0","c6aa31284b9db2cbbf23bbe0a28f34e65a53bd3d28b5b24837e85a252c4ba0af","9fc531b3bcf7c6df277ab2eeab9702346f860b3c1e05aa2f162ce8e5fc76ee35","mv10_partition_quality_v1","diana_dissimilarity_v1",5,0.37522162489464,0.450958994122231,-0.367983470409545,0.129032258064516,7,53,0,"closed",FALSE
"06c0dd6c129d8567651081156272cfe972e52c7d",25,"allqc_residual_exact500","sct_pearson_residual_all_qc_fit_selected384","exact500",20260806,"H0","c6aa31284b9db2cbbf23bbe0a28f34e65a53bd3d28b5b24837e85a252c4ba0af","9fc531b3bcf7c6df277ab2eeab9702346f860b3c1e05aa2f162ce8e5fc76ee35","mv10_partition_quality_v1","diana_dissimilarity_v1",6,0.29238423214796,0.405020815974893,-0.481157822547308,0.17741935483871,5,53,0,"closed",FALSE
"06c0dd6c129d8567651081156272cfe972e52c7d",25,"allqc_residual_exact500","sct_pearson_residual_all_qc_fit_selected384","exact500",20260806,"H0","c6aa31284b9db2cbbf23bbe0a28f34e65a53bd3d28b5b24837e85a252c4ba0af","9fc531b3bcf7c6df277ab2eeab9702346f860b3c1e05aa2f162ce8e5fc76ee35","mv10_partition_quality_v1","diana_dissimilarity_v1",7,0.283200899739309,0.397230151032021,-0.481157822547308,0.169354838709677,2,53,0,"closed",FALSE
"06c0dd6c129d8567651081156272cfe972e52c7d",25,"allqc_residual_exact500","sct_pearson_residual_all_qc_fit_selected384","exact500",20260806,"H0","c6aa31284b9db2cbbf23bbe0a28f34e65a53bd3d28b5b24837e85a252c4ba0af","9fc531b3bcf7c6df277ab2eeab9702346f860b3c1e05aa2f162ce8e5fc76ee35","mv10_partition_quality_v1","diana_dissimilarity_v1",8,0.336796147575592,0.384412182026971,-0.159602480672895,0.0403225806451613,2,27,0,"closed",FALSE
"06c0dd6c129d8567651081156272cfe972e52c7d",25,"allqc_residual_exact500","sct_pearson_residual_all_qc_fit_selected384","exact500",20260806,"H0","c6aa31284b9db2cbbf23bbe0a28f34e65a53bd3d28b5b24837e85a252c4ba0af","9fc531b3bcf7c6df277ab2eeab9702346f860b3c1e05aa2f162ce8e5fc76ee35","mv10_partition_quality_v1","diana_dissimilarity_v1",9,0.335465730125843,0.357870159355887,-0.159602480672895,0.0483870967741935,2,27,0,"closed",FALSE
"06c0dd6c129d8567651081156272cfe972e52c7d",25,"allqc_residual_exact500","sct_pearson_residual_all_qc_fit_selected384","exact500",20260806,"H0","c6aa31284b9db2cbbf23bbe0a28f34e65a53bd3d28b5b24837e85a252c4ba0af","9fc531b3bcf7c6df277ab2eeab9702346f860b3c1e05aa2f162ce8e5fc76ee35","mv10_partition_quality_v1","diana_dissimilarity_v1",10,0.308779480710122,0.325091401951534,-0.159602480672895,0.0483870967741935,2,27,0,"closed",FALSE
"06c0dd6c129d8567651081156272cfe972e52c7d",26,"allqc_residual_exact500","sct_pearson_residual_all_qc_fit_selected384","exact500",20260806,"H1","467634383e4eb482e1960f24f0d7d8bbd387351166484d21b7d472f25a6ed469","9fc531b3bcf7c6df277ab2eeab9702346f860b3c1e05aa2f162ce8e5fc76ee35","mv10_partition_quality_v1","pam_dissimilarity_v1",2,0.317387647742211,0.361964574403865,-0.190804124510963,0.0645161290322581,57,67,0,"closed",FALSE
"06c0dd6c129d8567651081156272cfe972e52c7d",26,"allqc_residual_exact500","sct_pearson_residual_all_qc_fit_selected384","exact500",20260806,"H1","467634383e4eb482e1960f24f0d7d8bbd387351166484d21b7d472f25a6ed469","9fc531b3bcf7c6df277ab2eeab9702346f860b3c1e05aa2f162ce8e5fc76ee35","mv10_partition_quality_v1","pam_dissimilarity_v1",3,0.311614302812271,0.360396078934845,-0.0730143774685791,0.0483870967741935,28,55,0,"closed",FALSE
"06c0dd6c129d8567651081156272cfe972e52c7d",26,"allqc_residual_exact500","sct_pearson_residual_all_qc_fit_selected384","exact500",20260806,"H1","467634383e4eb482e1960f24f0d7d8bbd387351166484d21b7d472f25a6ed469","9fc531b3bcf7c6df277ab2eeab9702346f860b3c1e05aa2f162ce8e5fc76ee35","mv10_partition_quality_v1","pam_dissimilarity_v1",4,0.283725162300023,0.303232593263466,-0.0227840554203125,0.0403225806451613,23,47,0,"closed",FALSE
"06c0dd6c129d8567651081156272cfe972e52c7d",26,"allqc_residual_exact500","sct_pearson_residual_all_qc_fit_selected384","exact500",20260806,"H1","467634383e4eb482e1960f24f0d7d8bbd387351166484d21b7d472f25a6ed469","9fc531b3bcf7c6df277ab2eeab9702346f860b3c1e05aa2f162ce8e5fc76ee35","mv10_partition_quality_v1","pam_dissimilarity_v1",5,0.269936936891661,0.301942542710213,-0.0651690959521787,0.0483870967741935,16,36,0,"closed",FALSE
"06c0dd6c129d8567651081156272cfe972e52c7d",26,"allqc_residual_exact500","sct_pearson_residual_all_qc_fit_selected384","exact500",20260806,"H1","467634383e4eb482e1960f24f0d7d8bbd387351166484d21b7d472f25a6ed469","9fc531b3bcf7c6df277ab2eeab9702346f860b3c1e05aa2f162ce8e5fc76ee35","mv10_partition_quality_v1","pam_dissimilarity_v1",6,0.25267722210425,0.269197012847704,-0.0651690959521787,0.0403225806451613,15,27,0,"closed",FALSE
"06c0dd6c129d8567651081156272cfe972e52c7d",26,"allqc_residual_exact500","sct_pearson_residual_all_qc_fit_selected384","exact500",20260806,"H1","467634383e4eb482e1960f24f0d7d8bbd387351166484d21b7d472f25a6ed469","9fc531b3bcf7c6df277ab2eeab9702346f860b3c1e05aa2f162ce8e5fc76ee35","mv10_partition_quality_v1","pam_dissimilarity_v1",7,0.233818356840388,0.257578893760618,-0.255482516145862,0.0645161290322581,9,27,0,"closed",FALSE
"06c0dd6c129d8567651081156272cfe972e52c7d",26,"allqc_residual_exact500","sct_pearson_residual_all_qc_fit_selected384","exact500",20260806,"H1","467634383e4eb482e1960f24f0d7d8bbd387351166484d21b7d472f25a6ed469","9fc531b3bcf7c6df277ab2eeab9702346f860b3c1e05aa2f162ce8e5fc76ee35","mv10_partition_quality_v1","pam_dissimilarity_v1",8,0.234663429647383,0.246272378334262,-0.0931878862555592,0.0645161290322581,8,27,0,"closed",FALSE
"06c0dd6c129d8567651081156272cfe972e52c7d",26,"allqc_residual_exact500","sct_pearson_residual_all_qc_fit_selected384","exact500",20260806,"H1","467634383e4eb482e1960f24f0d7d8bbd387351166484d21b7d472f25a6ed469","9fc531b3bcf7c6df277ab2eeab9702346f860b3c1e05aa2f162ce8e5fc76ee35","mv10_partition_quality_v1","pam_dissimilarity_v1",9,0.210740814519767,0.206960583317615,-0.100132691557749,0.0887096774193548,8,25,0,"closed",FALSE
"06c0dd6c129d8567651081156272cfe972e52c7d",26,"allqc_residual_exact500","sct_pearson_residual_all_qc_fit_selected384","exact500",20260806,"H1","467634383e4eb482e1960f24f0d7d8bbd387351166484d21b7d472f25a6ed469","9fc531b3bcf7c6df277ab2eeab9702346f860b3c1e05aa2f162ce8e5fc76ee35","mv10_partition_quality_v1","pam_dissimilarity_v1",10,0.186695646368224,0.196332351249151,-0.127274028673142,0.0887096774193548,8,23,0,"closed",FALSE
"06c0dd6c129d8567651081156272cfe972e52c7d",26,"allqc_residual_exact500","sct_pearson_residual_all_qc_fit_selected384","exact500",20260806,"H1","467634383e4eb482e1960f24f0d7d8bbd387351166484d21b7d472f25a6ed469","9fc531b3bcf7c6df277ab2eeab9702346f860b3c1e05aa2f162ce8e5fc76ee35","mv10_partition_quality_v1","hclust_average_v1",2,0.338349121322504,0.40249364817615,-0.385134808997091,0.0887096774193548,23,101,0,"closed",FALSE
"06c0dd6c129d8567651081156272cfe972e52c7d",26,"allqc_residual_exact500","sct_pearson_residual_all_qc_fit_selected384","exact500",20260806,"H1","467634383e4eb482e1960f24f0d7d8bbd387351166484d21b7d472f25a6ed469","9fc531b3bcf7c6df277ab2eeab9702346f860b3c1e05aa2f162ce8e5fc76ee35","mv10_partition_quality_v1","hclust_average_v1",3,0.319257612089913,0.343456744406335,-0.233354216334869,0.0725806451612903,23,69,0,"closed",FALSE
"06c0dd6c129d8567651081156272cfe972e52c7d",26,"allqc_residual_exact500","sct_pearson_residual_all_qc_fit_selected384","exact500",20260806,"H1","467634383e4eb482e1960f24f0d7d8bbd387351166484d21b7d472f25a6ed469","9fc531b3bcf7c6df277ab2eeab9702346f860b3c1e05aa2f162ce8e5fc76ee35","mv10_partition_quality_v1","hclust_average_v1",4,0.286793830332459,0.29404752265989,-0.233354216334869,0.0725806451612903,1,69,1,"closed",FALSE
"06c0dd6c129d8567651081156272cfe972e52c7d",26,"allqc_residual_exact500","sct_pearson_residual_all_qc_fit_selected384","exact500",20260806,"H1","467634383e4eb482e1960f24f0d7d8bbd387351166484d21b7d472f25a6ed469","9fc531b3bcf7c6df277ab2eeab9702346f860b3c1e05aa2f162ce8e5fc76ee35","mv10_partition_quality_v1","hclust_average_v1",5,0.265298240021369,0.277094745184159,-0.306641018675287,0.0725806451612903,1,69,1,"closed",FALSE
"06c0dd6c129d8567651081156272cfe972e52c7d",26,"allqc_residual_exact500","sct_pearson_residual_all_qc_fit_selected384","exact500",20260806,"H1","467634383e4eb482e1960f24f0d7d8bbd387351166484d21b7d472f25a6ed469","9fc531b3bcf7c6df277ab2eeab9702346f860b3c1e05aa2f162ce8e5fc76ee35","mv10_partition_quality_v1","hclust_average_v1",6,0.267631759708054,0.288906609082449,-0.203181669381679,0.0483870967741935,1,52,1,"closed",FALSE
"06c0dd6c129d8567651081156272cfe972e52c7d",26,"allqc_residual_exact500","sct_pearson_residual_all_qc_fit_selected384","exact500",20260806,"H1","467634383e4eb482e1960f24f0d7d8bbd387351166484d21b7d472f25a6ed469","9fc531b3bcf7c6df277ab2eeab9702346f860b3c1e05aa2f162ce8e5fc76ee35","mv10_partition_quality_v1","hclust_average_v1",7,0.254391888839067,0.282294373352253,-0.203181669381679,0.0645161290322581,1,52,2,"closed",FALSE
"06c0dd6c129d8567651081156272cfe972e52c7d",26,"allqc_residual_exact500","sct_pearson_residual_all_qc_fit_selected384","exact500",20260806,"H1","467634383e4eb482e1960f24f0d7d8bbd387351166484d21b7d472f25a6ed469","9fc531b3bcf7c6df277ab2eeab9702346f860b3c1e05aa2f162ce8e5fc76ee35","mv10_partition_quality_v1","hclust_average_v1",8,0.226187849937248,0.240015983363532,-0.191528495601412,0.0806451612903226,1,52,3,"closed",FALSE
"06c0dd6c129d8567651081156272cfe972e52c7d",26,"allqc_residual_exact500","sct_pearson_residual_all_qc_fit_selected384","exact500",20260806,"H1","467634383e4eb482e1960f24f0d7d8bbd387351166484d21b7d472f25a6ed469","9fc531b3bcf7c6df277ab2eeab9702346f860b3c1e05aa2f162ce8e5fc76ee35","mv10_partition_quality_v1","hclust_average_v1",9,0.209586783898185,0.223927392684464,-0.196144561924575,0.104838709677419,1,52,3,"closed",FALSE
"06c0dd6c129d8567651081156272cfe972e52c7d",26,"allqc_residual_exact500","sct_pearson_residual_all_qc_fit_selected384","exact500",20260806,"H1","467634383e4eb482e1960f24f0d7d8bbd387351166484d21b7d472f25a6ed469","9fc531b3bcf7c6df277ab2eeab9702346f860b3c1e05aa2f162ce8e5fc76ee35","mv10_partition_quality_v1","hclust_average_v1",10,0.210454800280335,0.216152037122068,-0.253539334885046,0.104838709677419,1,38,3,"closed",FALSE
"06c0dd6c129d8567651081156272cfe972e52c7d",26,"allqc_residual_exact500","sct_pearson_residual_all_qc_fit_selected384","exact500",20260806,"H1","467634383e4eb482e1960f24f0d7d8bbd387351166484d21b7d472f25a6ed469","9fc531b3bcf7c6df277ab2eeab9702346f860b3c1e05aa2f162ce8e5fc76ee35","mv10_partition_quality_v1","hclust_complete_v1",2,0.30815049155467,0.37576769596555,-0.138835974725885,0.104838709677419,37,87,0,"closed",FALSE
"06c0dd6c129d8567651081156272cfe972e52c7d",26,"allqc_residual_exact500","sct_pearson_residual_all_qc_fit_selected384","exact500",20260806,"H1","467634383e4eb482e1960f24f0d7d8bbd387351166484d21b7d472f25a6ed469","9fc531b3bcf7c6df277ab2eeab9702346f860b3c1e05aa2f162ce8e5fc76ee35","mv10_partition_quality_v1","hclust_complete_v1",3,0.254106902027046,0.314447429015683,-0.424361539022408,0.120967741935484,3,84,0,"closed",FALSE
"06c0dd6c129d8567651081156272cfe972e52c7d",26,"allqc_residual_exact500","sct_pearson_residual_all_qc_fit_selected384","exact500",20260806,"H1","467634383e4eb482e1960f24f0d7d8bbd387351166484d21b7d472f25a6ed469","9fc531b3bcf7c6df277ab2eeab9702346f860b3c1e05aa2f162ce8e5fc76ee35","mv10_partition_quality_v1","hclust_complete_v1",4,0.269589090139054,0.320341961778088,-0.157767943349127,0.0806451612903226,3,51,0,"closed",FALSE
"06c0dd6c129d8567651081156272cfe972e52c7d",26,"allqc_residual_exact500","sct_pearson_residual_all_qc_fit_selected384","exact500",20260806,"H1","467634383e4eb482e1960f24f0d7d8bbd387351166484d21b7d472f25a6ed469","9fc531b3bcf7c6df277ab2eeab9702346f860b3c1e05aa2f162ce8e5fc76ee35","mv10_partition_quality_v1","hclust_complete_v1",5,0.205987054488632,0.208815225176863,-0.112900241994589,0.0887096774193548,3,51,0,"closed",FALSE
"06c0dd6c129d8567651081156272cfe972e52c7d",26,"allqc_residual_exact500","sct_pearson_residual_all_qc_fit_selected384","exact500",20260806,"H1","467634383e4eb482e1960f24f0d7d8bbd387351166484d21b7d472f25a6ed469","9fc531b3bcf7c6df277ab2eeab9702346f860b3c1e05aa2f162ce8e5fc76ee35","mv10_partition_quality_v1","hclust_complete_v1",6,0.205857418468858,0.212528071069179,-0.286889543886347,0.112903225806452,3,51,0,"closed",FALSE
"06c0dd6c129d8567651081156272cfe972e52c7d",26,"allqc_residual_exact500","sct_pearson_residual_all_qc_fit_selected384","exact500",20260806,"H1","467634383e4eb482e1960f24f0d7d8bbd387351166484d21b7d472f25a6ed469","9fc531b3bcf7c6df277ab2eeab9702346f860b3c1e05aa2f162ce8e5fc76ee35","mv10_partition_quality_v1","hclust_complete_v1",7,0.198045993411589,0.205954683376739,-0.21748303806172,0.120967741935484,3,38,0,"closed",FALSE
"06c0dd6c129d8567651081156272cfe972e52c7d",26,"allqc_residual_exact500","sct_pearson_residual_all_qc_fit_selected384","exact500",20260806,"H1","467634383e4eb482e1960f24f0d7d8bbd387351166484d21b7d472f25a6ed469","9fc531b3bcf7c6df277ab2eeab9702346f860b3c1e05aa2f162ce8e5fc76ee35","mv10_partition_quality_v1","hclust_complete_v1",8,0.191162137867668,0.205954683376739,-0.21748303806172,0.137096774193548,1,38,1,"closed",FALSE
"06c0dd6c129d8567651081156272cfe972e52c7d",26,"allqc_residual_exact500","sct_pearson_residual_all_qc_fit_selected384","exact500",20260806,"H1","467634383e4eb482e1960f24f0d7d8bbd387351166484d21b7d472f25a6ed469","9fc531b3bcf7c6df277ab2eeab9702346f860b3c1e05aa2f162ce8e5fc76ee35","mv10_partition_quality_v1","hclust_complete_v1",9,0.188029520768938,0.208531336887253,-0.21748303806172,0.153225806451613,1,38,2,"closed",FALSE
"06c0dd6c129d8567651081156272cfe972e52c7d",26,"allqc_residual_exact500","sct_pearson_residual_all_qc_fit_selected384","exact500",20260806,"H1","467634383e4eb482e1960f24f0d7d8bbd387351166484d21b7d472f25a6ed469","9fc531b3bcf7c6df277ab2eeab9702346f860b3c1e05aa2f162ce8e5fc76ee35","mv10_partition_quality_v1","hclust_complete_v1",10,0.171246747357817,0.183424348254333,-0.21748303806172,0.17741935483871,1,26,2,"closed",FALSE
"06c0dd6c129d8567651081156272cfe972e52c7d",26,"allqc_residual_exact500","sct_pearson_residual_all_qc_fit_selected384","exact500",20260806,"H1","467634383e4eb482e1960f24f0d7d8bbd387351166484d21b7d472f25a6ed469","9fc531b3bcf7c6df277ab2eeab9702346f860b3c1e05aa2f162ce8e5fc76ee35","mv10_partition_quality_v1","hclust_single_diagnostic_v1",2,0.283560659478872,0.393092776664742,-0.327112958297755,0.17741935483871,1,123,1,"closed",FALSE
"06c0dd6c129d8567651081156272cfe972e52c7d",26,"allqc_residual_exact500","sct_pearson_residual_all_qc_fit_selected384","exact500",20260806,"H1","467634383e4eb482e1960f24f0d7d8bbd387351166484d21b7d472f25a6ed469","9fc531b3bcf7c6df277ab2eeab9702346f860b3c1e05aa2f162ce8e5fc76ee35","mv10_partition_quality_v1","hclust_single_diagnostic_v1",3,0.13080012160961,0.233507544621035,-0.434753776995852,0.258064516129032,1,122,2,"closed",FALSE
"06c0dd6c129d8567651081156272cfe972e52c7d",26,"allqc_residual_exact500","sct_pearson_residual_all_qc_fit_selected384","exact500",20260806,"H1","467634383e4eb482e1960f24f0d7d8bbd387351166484d21b7d472f25a6ed469","9fc531b3bcf7c6df277ab2eeab9702346f860b3c1e05aa2f162ce8e5fc76ee35","mv10_partition_quality_v1","hclust_single_diagnostic_v1",4,0.12495508393257,0.236679756515352,-0.519632031083185,0.25,1,121,3,"closed",FALSE
"06c0dd6c129d8567651081156272cfe972e52c7d",26,"allqc_residual_exact500","sct_pearson_residual_all_qc_fit_selected384","exact500",20260806,"H1","467634383e4eb482e1960f24f0d7d8bbd387351166484d21b7d472f25a6ed469","9fc531b3bcf7c6df277ab2eeab9702346f860b3c1e05aa2f162ce8e5fc76ee35","mv10_partition_quality_v1","hclust_single_diagnostic_v1",5,0.0727375745099648,0.164432008027287,-0.603779827480977,0.330645161290323,1,120,4,"closed",FALSE
"06c0dd6c129d8567651081156272cfe972e52c7d",26,"allqc_residual_exact500","sct_pearson_residual_all_qc_fit_selected384","exact500",20260806,"H1","467634383e4eb482e1960f24f0d7d8bbd387351166484d21b7d472f25a6ed469","9fc531b3bcf7c6df277ab2eeab9702346f860b3c1e05aa2f162ce8e5fc76ee35","mv10_partition_quality_v1","hclust_single_diagnostic_v1",6,0.0137460551528003,0.104959798050162,-0.573749207899915,0.411290322580645,1,119,5,"closed",FALSE
"06c0dd6c129d8567651081156272cfe972e52c7d",26,"allqc_residual_exact500","sct_pearson_residual_all_qc_fit_selected384","exact500",20260806,"H1","467634383e4eb482e1960f24f0d7d8bbd387351166484d21b7d472f25a6ed469","9fc531b3bcf7c6df277ab2eeab9702346f860b3c1e05aa2f162ce8e5fc76ee35","mv10_partition_quality_v1","hclust_single_diagnostic_v1",7,0.0193898452761921,0.121155791972842,-0.566358975242105,0.370967741935484,1,115,5,"closed",FALSE
"06c0dd6c129d8567651081156272cfe972e52c7d",26,"allqc_residual_exact500","sct_pearson_residual_all_qc_fit_selected384","exact500",20260806,"H1","467634383e4eb482e1960f24f0d7d8bbd387351166484d21b7d472f25a6ed469","9fc531b3bcf7c6df277ab2eeab9702346f860b3c1e05aa2f162ce8e5fc76ee35","mv10_partition_quality_v1","hclust_single_diagnostic_v1",8,-0.000611981177522361,0.0866768418400832,-0.566358975242105,0.403225806451613,1,115,6,"closed",FALSE
"06c0dd6c129d8567651081156272cfe972e52c7d",26,"allqc_residual_exact500","sct_pearson_residual_all_qc_fit_selected384","exact500",20260806,"H1","467634383e4eb482e1960f24f0d7d8bbd387351166484d21b7d472f25a6ed469","9fc531b3bcf7c6df277ab2eeab9702346f860b3c1e05aa2f162ce8e5fc76ee35","mv10_partition_quality_v1","hclust_single_diagnostic_v1",9,-0.00103373905622077,0.0888862796553713,-0.564690489854432,0.395161290322581,1,114,7,"closed",FALSE
"06c0dd6c129d8567651081156272cfe972e52c7d",26,"allqc_residual_exact500","sct_pearson_residual_all_qc_fit_selected384","exact500",20260806,"H1","467634383e4eb482e1960f24f0d7d8bbd387351166484d21b7d472f25a6ed469","9fc531b3bcf7c6df277ab2eeab9702346f860b3c1e05aa2f162ce8e5fc76ee35","mv10_partition_quality_v1","hclust_single_diagnostic_v1",10,-0.0010393392400311,0.0888862796553713,-0.564690489854432,0.387096774193548,1,114,8,"closed",FALSE
"06c0dd6c129d8567651081156272cfe972e52c7d",26,"allqc_residual_exact500","sct_pearson_residual_all_qc_fit_selected384","exact500",20260806,"H1","467634383e4eb482e1960f24f0d7d8bbd387351166484d21b7d472f25a6ed469","9fc531b3bcf7c6df277ab2eeab9702346f860b3c1e05aa2f162ce8e5fc76ee35","mv10_partition_quality_v1","diana_dissimilarity_v1",2,0.350606078194705,0.390137938142832,0.00392887505443138,0,52,72,0,"closed",FALSE
"06c0dd6c129d8567651081156272cfe972e52c7d",26,"allqc_residual_exact500","sct_pearson_residual_all_qc_fit_selected384","exact500",20260806,"H1","467634383e4eb482e1960f24f0d7d8bbd387351166484d21b7d472f25a6ed469","9fc531b3bcf7c6df277ab2eeab9702346f860b3c1e05aa2f162ce8e5fc76ee35","mv10_partition_quality_v1","diana_dissimilarity_v1",3,0.271671678896665,0.321560433677617,-0.278033612982949,0.0967741935483871,23,72,0,"closed",FALSE
"06c0dd6c129d8567651081156272cfe972e52c7d",26,"allqc_residual_exact500","sct_pearson_residual_all_qc_fit_selected384","exact500",20260806,"H1","467634383e4eb482e1960f24f0d7d8bbd387351166484d21b7d472f25a6ed469","9fc531b3bcf7c6df277ab2eeab9702346f860b3c1e05aa2f162ce8e5fc76ee35","mv10_partition_quality_v1","diana_dissimilarity_v1",4,0.280844683160104,0.305216823750729,-0.0359029061993633,0.0161290322580645,23,44,0,"closed",FALSE
"06c0dd6c129d8567651081156272cfe972e52c7d",26,"allqc_residual_exact500","sct_pearson_residual_all_qc_fit_selected384","exact500",20260806,"H1","467634383e4eb482e1960f24f0d7d8bbd387351166484d21b7d472f25a6ed469","9fc531b3bcf7c6df277ab2eeab9702346f860b3c1e05aa2f162ce8e5fc76ee35","mv10_partition_quality_v1","diana_dissimilarity_v1",5,0.277468976686321,0.293951905331269,-0.0359029061993633,0.0161290322580645,2,44,0,"closed",FALSE
"06c0dd6c129d8567651081156272cfe972e52c7d",26,"allqc_residual_exact500","sct_pearson_residual_all_qc_fit_selected384","exact500",20260806,"H1","467634383e4eb482e1960f24f0d7d8bbd387351166484d21b7d472f25a6ed469","9fc531b3bcf7c6df277ab2eeab9702346f860b3c1e05aa2f162ce8e5fc76ee35","mv10_partition_quality_v1","diana_dissimilarity_v1",6,0.250200221537163,0.26804821326609,-0.138898903301932,0.0483870967741935,2,29,0,"closed",FALSE
"06c0dd6c129d8567651081156272cfe972e52c7d",26,"allqc_residual_exact500","sct_pearson_residual_all_qc_fit_selected384","exact500",20260806,"H1","467634383e4eb482e1960f24f0d7d8bbd387351166484d21b7d472f25a6ed469","9fc531b3bcf7c6df277ab2eeab9702346f860b3c1e05aa2f162ce8e5fc76ee35","mv10_partition_quality_v1","diana_dissimilarity_v1",7,0.241253006770741,0.254272003094623,-0.138898903301932,0.0483870967741935,1,29,1,"closed",FALSE
"06c0dd6c129d8567651081156272cfe972e52c7d",26,"allqc_residual_exact500","sct_pearson_residual_all_qc_fit_selected384","exact500",20260806,"H1","467634383e4eb482e1960f24f0d7d8bbd387351166484d21b7d472f25a6ed469","9fc531b3bcf7c6df277ab2eeab9702346f860b3c1e05aa2f162ce8e5fc76ee35","mv10_partition_quality_v1","diana_dissimilarity_v1",8,0.226948916314981,0.241175248635173,-0.138898903301932,0.0564516129032258,1,29,1,"closed",FALSE
"06c0dd6c129d8567651081156272cfe972e52c7d",26,"allqc_residual_exact500","sct_pearson_residual_all_qc_fit_selected384","exact500",20260806,"H1","467634383e4eb482e1960f24f0d7d8bbd387351166484d21b7d472f25a6ed469","9fc531b3bcf7c6df277ab2eeab9702346f860b3c1e05aa2f162ce8e5fc76ee35","mv10_partition_quality_v1","diana_dissimilarity_v1",9,0.229190373111593,0.257545829214284,-0.203861177627943,0.0645161290322581,1,28,1,"closed",FALSE
"06c0dd6c129d8567651081156272cfe972e52c7d",26,"allqc_residual_exact500","sct_pearson_residual_all_qc_fit_selected384","exact500",20260806,"H1","467634383e4eb482e1960f24f0d7d8bbd387351166484d21b7d472f25a6ed469","9fc531b3bcf7c6df277ab2eeab9702346f860b3c1e05aa2f162ce8e5fc76ee35","mv10_partition_quality_v1","diana_dissimilarity_v1",10,0.196897146511064,0.2211023190067,-0.203861177627943,0.0725806451612903,1,28,1,"closed",FALSE
"06c0dd6c129d8567651081156272cfe972e52c7d",27,"allqc_residual_exact500","sct_pearson_residual_all_qc_fit_selected384","exact500",20260807,"H0","ef273225bdcc2309360aba2e47544859d245f98d681977ec5479c1f6c1500b28","9fc531b3bcf7c6df277ab2eeab9702346f860b3c1e05aa2f162ce8e5fc76ee35","mv10_partition_quality_v1","pam_dissimilarity_v1",2,0.540356278469557,0.624004343032382,-0.0567506302058629,0.00806451612903226,34,90,0,"closed",FALSE
"06c0dd6c129d8567651081156272cfe972e52c7d",27,"allqc_residual_exact500","sct_pearson_residual_all_qc_fit_selected384","exact500",20260807,"H0","ef273225bdcc2309360aba2e47544859d245f98d681977ec5479c1f6c1500b28","9fc531b3bcf7c6df277ab2eeab9702346f860b3c1e05aa2f162ce8e5fc76ee35","mv10_partition_quality_v1","pam_dissimilarity_v1",3,0.474416483418398,0.544898555317053,-0.135960022220643,0.0403225806451613,26,60,0,"closed",FALSE
"06c0dd6c129d8567651081156272cfe972e52c7d",27,"allqc_residual_exact500","sct_pearson_residual_all_qc_fit_selected384","exact500",20260807,"H0","ef273225bdcc2309360aba2e47544859d245f98d681977ec5479c1f6c1500b28","9fc531b3bcf7c6df277ab2eeab9702346f860b3c1e05aa2f162ce8e5fc76ee35","mv10_partition_quality_v1","pam_dissimilarity_v1",4,0.435646382415369,0.504709783478549,-0.0351411520821066,0.00806451612903226,24,44,0,"closed",FALSE
"06c0dd6c129d8567651081156272cfe972e52c7d",27,"allqc_residual_exact500","sct_pearson_residual_all_qc_fit_selected384","exact500",20260807,"H0","ef273225bdcc2309360aba2e47544859d245f98d681977ec5479c1f6c1500b28","9fc531b3bcf7c6df277ab2eeab9702346f860b3c1e05aa2f162ce8e5fc76ee35","mv10_partition_quality_v1","pam_dissimilarity_v1",5,0.444298557897671,0.536517926006909,-0.161925125867615,0.032258064516129,7,44,0,"closed",FALSE
"06c0dd6c129d8567651081156272cfe972e52c7d",27,"allqc_residual_exact500","sct_pearson_residual_all_qc_fit_selected384","exact500",20260807,"H0","ef273225bdcc2309360aba2e47544859d245f98d681977ec5479c1f6c1500b28","9fc531b3bcf7c6df277ab2eeab9702346f860b3c1e05aa2f162ce8e5fc76ee35","mv10_partition_quality_v1","pam_dissimilarity_v1",6,0.41002586019295,0.439784976313333,-0.161925125867615,0.032258064516129,7,27,0,"closed",FALSE
"06c0dd6c129d8567651081156272cfe972e52c7d",27,"allqc_residual_exact500","sct_pearson_residual_all_qc_fit_selected384","exact500",20260807,"H0","ef273225bdcc2309360aba2e47544859d245f98d681977ec5479c1f6c1500b28","9fc531b3bcf7c6df277ab2eeab9702346f860b3c1e05aa2f162ce8e5fc76ee35","mv10_partition_quality_v1","pam_dissimilarity_v1",7,0.397908494839082,0.434275800013064,-0.161925125867615,0.032258064516129,5,27,0,"closed",FALSE
"06c0dd6c129d8567651081156272cfe972e52c7d",27,"allqc_residual_exact500","sct_pearson_residual_all_qc_fit_selected384","exact500",20260807,"H0","ef273225bdcc2309360aba2e47544859d245f98d681977ec5479c1f6c1500b28","9fc531b3bcf7c6df277ab2eeab9702346f860b3c1e05aa2f162ce8e5fc76ee35","mv10_partition_quality_v1","pam_dissimilarity_v1",8,0.363613831691438,0.378839002357112,-0.152885298863312,0.032258064516129,5,27,0,"closed",FALSE
"06c0dd6c129d8567651081156272cfe972e52c7d",27,"allqc_residual_exact500","sct_pearson_residual_all_qc_fit_selected384","exact500",20260807,"H0","ef273225bdcc2309360aba2e47544859d245f98d681977ec5479c1f6c1500b28","9fc531b3bcf7c6df277ab2eeab9702346f860b3c1e05aa2f162ce8e5fc76ee35","mv10_partition_quality_v1","pam_dissimilarity_v1",9,0.332865818810147,0.35827341648247,-0.183201679017101,0.0564516129032258,5,22,0,"closed",FALSE
"06c0dd6c129d8567651081156272cfe972e52c7d",27,"allqc_residual_exact500","sct_pearson_residual_all_qc_fit_selected384","exact500",20260807,"H0","ef273225bdcc2309360aba2e47544859d245f98d681977ec5479c1f6c1500b28","9fc531b3bcf7c6df277ab2eeab9702346f860b3c1e05aa2f162ce8e5fc76ee35","mv10_partition_quality_v1","pam_dissimilarity_v1",10,0.302536841978856,0.339677268447825,-0.240219559365516,0.0725806451612903,5,22,0,"closed",FALSE
"06c0dd6c129d8567651081156272cfe972e52c7d",27,"allqc_residual_exact500","sct_pearson_residual_all_qc_fit_selected384","exact500",20260807,"H0","ef273225bdcc2309360aba2e47544859d245f98d681977ec5479c1f6c1500b28","9fc531b3bcf7c6df277ab2eeab9702346f860b3c1e05aa2f162ce8e5fc76ee35","mv10_partition_quality_v1","hclust_average_v1",2,0.574272349761885,0.652593653442169,-0.332490821709564,0.0241935483870968,24,100,0,"closed",FALSE
"06c0dd6c129d8567651081156272cfe972e52c7d",27,"allqc_residual_exact500","sct_pearson_residual_all_qc_fit_selected384","exact500",20260807,"H0","ef273225bdcc2309360aba2e47544859d245f98d681977ec5479c1f6c1500b28","9fc531b3bcf7c6df277ab2eeab9702346f860b3c1e05aa2f162ce8e5fc76ee35","mv10_partition_quality_v1","hclust_average_v1",3,0.517715864902449,0.624479470182737,-0.510089020022265,0.0564516129032258,5,100,0,"closed",FALSE
"06c0dd6c129d8567651081156272cfe972e52c7d",27,"allqc_residual_exact500","sct_pearson_residual_all_qc_fit_selected384","exact500",20260807,"H0","ef273225bdcc2309360aba2e47544859d245f98d681977ec5479c1f6c1500b28","9fc531b3bcf7c6df277ab2eeab9702346f860b3c1e05aa2f162ce8e5fc76ee35","mv10_partition_quality_v1","hclust_average_v1",4,0.417969464995158,0.499248033720141,-0.493722173980252,0.129032258064516,5,80,0,"closed",FALSE
"06c0dd6c129d8567651081156272cfe972e52c7d",27,"allqc_residual_exact500","sct_pearson_residual_all_qc_fit_selected384","exact500",20260807,"H0","ef273225bdcc2309360aba2e47544859d245f98d681977ec5479c1f6c1500b28","9fc531b3bcf7c6df277ab2eeab9702346f860b3c1e05aa2f162ce8e5fc76ee35","mv10_partition_quality_v1","hclust_average_v1",5,0.384402833243616,0.48522065825122,-0.539895729293478,0.145161290322581,1,80,1,"closed",FALSE
"06c0dd6c129d8567651081156272cfe972e52c7d",27,"allqc_residual_exact500","sct_pearson_residual_all_qc_fit_selected384","exact500",20260807,"H0","ef273225bdcc2309360aba2e47544859d245f98d681977ec5479c1f6c1500b28","9fc531b3bcf7c6df277ab2eeab9702346f860b3c1e05aa2f162ce8e5fc76ee35","mv10_partition_quality_v1","hclust_average_v1",6,0.430428300895941,0.51887213900786,-0.33966906167831,0.0645161290322581,1,52,1,"closed",FALSE
"06c0dd6c129d8567651081156272cfe972e52c7d",27,"allqc_residual_exact500","sct_pearson_residual_all_qc_fit_selected384","exact500",20260807,"H0","ef273225bdcc2309360aba2e47544859d245f98d681977ec5479c1f6c1500b28","9fc531b3bcf7c6df277ab2eeab9702346f860b3c1e05aa2f162ce8e5fc76ee35","mv10_partition_quality_v1","hclust_average_v1",7,0.416437095990929,0.500351267305126,-0.33966906167831,0.0645161290322581,1,52,2,"closed",FALSE
"06c0dd6c129d8567651081156272cfe972e52c7d",27,"allqc_residual_exact500","sct_pearson_residual_all_qc_fit_selected384","exact500",20260807,"H0","ef273225bdcc2309360aba2e47544859d245f98d681977ec5479c1f6c1500b28","9fc531b3bcf7c6df277ab2eeab9702346f860b3c1e05aa2f162ce8e5fc76ee35","mv10_partition_quality_v1","hclust_average_v1",8,0.347449440347447,0.414052021320194,-0.409448420424989,0.104838709677419,1,52,3,"closed",FALSE
"06c0dd6c129d8567651081156272cfe972e52c7d",27,"allqc_residual_exact500","sct_pearson_residual_all_qc_fit_selected384","exact500",20260807,"H0","ef273225bdcc2309360aba2e47544859d245f98d681977ec5479c1f6c1500b28","9fc531b3bcf7c6df277ab2eeab9702346f860b3c1e05aa2f162ce8e5fc76ee35","mv10_partition_quality_v1","hclust_average_v1",9,0.344257734431333,0.396747380756033,-0.33966906167831,0.0967741935483871,1,52,3,"closed",FALSE
"06c0dd6c129d8567651081156272cfe972e52c7d",27,"allqc_residual_exact500","sct_pearson_residual_all_qc_fit_selected384","exact500",20260807,"H0","ef273225bdcc2309360aba2e47544859d245f98d681977ec5479c1f6c1500b28","9fc531b3bcf7c6df277ab2eeab9702346f860b3c1e05aa2f162ce8e5fc76ee35","mv10_partition_quality_v1","hclust_average_v1",10,0.324839188866931,0.370306949416938,-0.321751959199302,0.0645161290322581,1,31,3,"closed",FALSE
"06c0dd6c129d8567651081156272cfe972e52c7d",27,"allqc_residual_exact500","sct_pearson_residual_all_qc_fit_selected384","exact500",20260807,"H0","ef273225bdcc2309360aba2e47544859d245f98d681977ec5479c1f6c1500b28","9fc531b3bcf7c6df277ab2eeab9702346f860b3c1e05aa2f162ce8e5fc76ee35","mv10_partition_quality_v1","hclust_complete_v1",2,0.391007685290563,0.492854455507903,-0.458477075432047,0.145161290322581,42,82,0,"closed",FALSE
"06c0dd6c129d8567651081156272cfe972e52c7d",27,"allqc_residual_exact500","sct_pearson_residual_all_qc_fit_selected384","exact500",20260807,"H0","ef273225bdcc2309360aba2e47544859d245f98d681977ec5479c1f6c1500b28","9fc531b3bcf7c6df277ab2eeab9702346f860b3c1e05aa2f162ce8e5fc76ee35","mv10_partition_quality_v1","hclust_complete_v1",3,0.38071292945416,0.490499836412326,-0.489385081251878,0.145161290322581,5,77,0,"closed",FALSE
"06c0dd6c129d8567651081156272cfe972e52c7d",27,"allqc_residual_exact500","sct_pearson_residual_all_qc_fit_selected384","exact500",20260807,"H0","ef273225bdcc2309360aba2e47544859d245f98d681977ec5479c1f6c1500b28","9fc531b3bcf7c6df277ab2eeab9702346f860b3c1e05aa2f162ce8e5fc76ee35","mv10_partition_quality_v1","hclust_complete_v1",4,0.461018009825061,0.53771524523226,-0.131781966792298,0.0241935483870968,5,52,0,"closed",FALSE
"06c0dd6c129d8567651081156272cfe972e52c7d",27,"allqc_residual_exact500","sct_pearson_residual_all_qc_fit_selected384","exact500",20260807,"H0","ef273225bdcc2309360aba2e47544859d245f98d681977ec5479c1f6c1500b28","9fc531b3bcf7c6df277ab2eeab9702346f860b3c1e05aa2f162ce8e5fc76ee35","mv10_partition_quality_v1","hclust_complete_v1",5,0.402527558472827,0.478253874347745,-0.188746145637132,0.0725806451612903,5,52,0,"closed",FALSE
"06c0dd6c129d8567651081156272cfe972e52c7d",27,"allqc_residual_exact500","sct_pearson_residual_all_qc_fit_selected384","exact500",20260807,"H0","ef273225bdcc2309360aba2e47544859d245f98d681977ec5479c1f6c1500b28","9fc531b3bcf7c6df277ab2eeab9702346f860b3c1e05aa2f162ce8e5fc76ee35","mv10_partition_quality_v1","hclust_complete_v1",6,0.325820211932224,0.358823208004313,-0.311853457475206,0.104838709677419,5,52,0,"closed",FALSE
"06c0dd6c129d8567651081156272cfe972e52c7d",27,"allqc_residual_exact500","sct_pearson_residual_all_qc_fit_selected384","exact500",20260807,"H0","ef273225bdcc2309360aba2e47544859d245f98d681977ec5479c1f6c1500b28","9fc531b3bcf7c6df277ab2eeab9702346f860b3c1e05aa2f162ce8e5fc76ee35","mv10_partition_quality_v1","hclust_complete_v1",7,0.346986254352869,0.37693766031639,-0.160982010319146,0.0967741935483871,5,34,0,"closed",FALSE
"06c0dd6c129d8567651081156272cfe972e52c7d",27,"allqc_residual_exact500","sct_pearson_residual_all_qc_fit_selected384","exact500",20260807,"H0","ef273225bdcc2309360aba2e47544859d245f98d681977ec5479c1f6c1500b28","9fc531b3bcf7c6df277ab2eeab9702346f860b3c1e05aa2f162ce8e5fc76ee35","mv10_partition_quality_v1","hclust_complete_v1",8,0.331328947617806,0.370799444311383,-0.21240485470021,0.0967741935483871,3,34,0,"closed",FALSE
"06c0dd6c129d8567651081156272cfe972e52c7d",27,"allqc_residual_exact500","sct_pearson_residual_all_qc_fit_selected384","exact500",20260807,"H0","ef273225bdcc2309360aba2e47544859d245f98d681977ec5479c1f6c1500b28","9fc531b3bcf7c6df277ab2eeab9702346f860b3c1e05aa2f162ce8e5fc76ee35","mv10_partition_quality_v1","hclust_complete_v1",9,0.313076845018746,0.375069728656714,-0.317418443331067,0.129032258064516,1,34,1,"closed",FALSE
"06c0dd6c129d8567651081156272cfe972e52c7d",27,"allqc_residual_exact500","sct_pearson_residual_all_qc_fit_selected384","exact500",20260807,"H0","ef273225bdcc2309360aba2e47544859d245f98d681977ec5479c1f6c1500b28","9fc531b3bcf7c6df277ab2eeab9702346f860b3c1e05aa2f162ce8e5fc76ee35","mv10_partition_quality_v1","hclust_complete_v1",10,0.295971737915979,0.330895954360885,-0.21240485470021,0.0887096774193548,1,30,1,"closed",FALSE
"06c0dd6c129d8567651081156272cfe972e52c7d",27,"allqc_residual_exact500","sct_pearson_residual_all_qc_fit_selected384","exact500",20260807,"H0","ef273225bdcc2309360aba2e47544859d245f98d681977ec5479c1f6c1500b28","9fc531b3bcf7c6df277ab2eeab9702346f860b3c1e05aa2f162ce8e5fc76ee35","mv10_partition_quality_v1","hclust_single_diagnostic_v1",2,0.551863825448546,0.686410866774944,-0.760695384930695,0.0725806451612903,1,123,1,"closed",FALSE
"06c0dd6c129d8567651081156272cfe972e52c7d",27,"allqc_residual_exact500","sct_pearson_residual_all_qc_fit_selected384","exact500",20260807,"H0","ef273225bdcc2309360aba2e47544859d245f98d681977ec5479c1f6c1500b28","9fc531b3bcf7c6df277ab2eeab9702346f860b3c1e05aa2f162ce8e5fc76ee35","mv10_partition_quality_v1","hclust_single_diagnostic_v1",3,0.508960983136894,0.662458642217462,-0.656436868559943,0.129032258064516,1,119,1,"closed",FALSE
"06c0dd6c129d8567651081156272cfe972e52c7d",27,"allqc_residual_exact500","sct_pearson_residual_all_qc_fit_selected384","exact500",20260807,"H0","ef273225bdcc2309360aba2e47544859d245f98d681977ec5479c1f6c1500b28","9fc531b3bcf7c6df277ab2eeab9702346f860b3c1e05aa2f162ce8e5fc76ee35","mv10_partition_quality_v1","hclust_single_diagnostic_v1",4,0.273612692777027,0.447284722386259,-0.684376994770851,0.266129032258065,1,118,2,"closed",FALSE
"06c0dd6c129d8567651081156272cfe972e52c7d",27,"allqc_residual_exact500","sct_pearson_residual_all_qc_fit_selected384","exact500",20260807,"H0","ef273225bdcc2309360aba2e47544859d245f98d681977ec5479c1f6c1500b28","9fc531b3bcf7c6df277ab2eeab9702346f860b3c1e05aa2f162ce8e5fc76ee35","mv10_partition_quality_v1","hclust_single_diagnostic_v1",5,0.375117844399029,0.492735437982336,-0.621445694422071,0.120967741935484,1,98,2,"closed",FALSE
"06c0dd6c129d8567651081156272cfe972e52c7d",27,"allqc_residual_exact500","sct_pearson_residual_all_qc_fit_selected384","exact500",20260807,"H0","ef273225bdcc2309360aba2e47544859d245f98d681977ec5479c1f6c1500b28","9fc531b3bcf7c6df277ab2eeab9702346f860b3c1e05aa2f162ce8e5fc76ee35","mv10_partition_quality_v1","hclust_single_diagnostic_v1",6,0.36394608014388,0.484036147968458,-0.621445694422071,0.120967741935484,1,98,3,"closed",FALSE
"06c0dd6c129d8567651081156272cfe972e52c7d",27,"allqc_residual_exact500","sct_pearson_residual_all_qc_fit_selected384","exact500",20260807,"H0","ef273225bdcc2309360aba2e47544859d245f98d681977ec5479c1f6c1500b28","9fc531b3bcf7c6df277ab2eeab9702346f860b3c1e05aa2f162ce8e5fc76ee35","mv10_partition_quality_v1","hclust_single_diagnostic_v1",7,0.359738481680008,0.482792566081951,-0.621445694422071,0.120967741935484,1,98,4,"closed",FALSE
"06c0dd6c129d8567651081156272cfe972e52c7d",27,"allqc_residual_exact500","sct_pearson_residual_all_qc_fit_selected384","exact500",20260807,"H0","ef273225bdcc2309360aba2e47544859d245f98d681977ec5479c1f6c1500b28","9fc531b3bcf7c6df277ab2eeab9702346f860b3c1e05aa2f162ce8e5fc76ee35","mv10_partition_quality_v1","hclust_single_diagnostic_v1",8,0.186976986838928,0.315094179007119,-0.621445694422071,0.274193548387097,1,98,5,"closed",FALSE
"06c0dd6c129d8567651081156272cfe972e52c7d",27,"allqc_residual_exact500","sct_pearson_residual_all_qc_fit_selected384","exact500",20260807,"H0","ef273225bdcc2309360aba2e47544859d245f98d681977ec5479c1f6c1500b28","9fc531b3bcf7c6df277ab2eeab9702346f860b3c1e05aa2f162ce8e5fc76ee35","mv10_partition_quality_v1","hclust_single_diagnostic_v1",9,0.177647767488043,0.299014210938794,-0.621445694422071,0.266129032258065,1,98,6,"closed",FALSE
"06c0dd6c129d8567651081156272cfe972e52c7d",27,"allqc_residual_exact500","sct_pearson_residual_all_qc_fit_selected384","exact500",20260807,"H0","ef273225bdcc2309360aba2e47544859d245f98d681977ec5479c1f6c1500b28","9fc531b3bcf7c6df277ab2eeab9702346f860b3c1e05aa2f162ce8e5fc76ee35","mv10_partition_quality_v1","hclust_single_diagnostic_v1",10,0.122006722820147,0.217436525557437,-0.702208292586335,0.32258064516129,1,94,6,"closed",FALSE
"06c0dd6c129d8567651081156272cfe972e52c7d",27,"allqc_residual_exact500","sct_pearson_residual_all_qc_fit_selected384","exact500",20260807,"H0","ef273225bdcc2309360aba2e47544859d245f98d681977ec5479c1f6c1500b28","9fc531b3bcf7c6df277ab2eeab9702346f860b3c1e05aa2f162ce8e5fc76ee35","mv10_partition_quality_v1","diana_dissimilarity_v1",2,0.554578292787488,0.634656500337078,0.00953862290938048,0,31,93,0,"closed",FALSE
"06c0dd6c129d8567651081156272cfe972e52c7d",27,"allqc_residual_exact500","sct_pearson_residual_all_qc_fit_selected384","exact500",20260807,"H0","ef273225bdcc2309360aba2e47544859d245f98d681977ec5479c1f6c1500b28","9fc531b3bcf7c6df277ab2eeab9702346f860b3c1e05aa2f162ce8e5fc76ee35","mv10_partition_quality_v1","diana_dissimilarity_v1",3,0.483662215695034,0.584285820129216,-0.253814344651187,0.0564516129032258,7,93,0,"closed",FALSE
"06c0dd6c129d8567651081156272cfe972e52c7d",27,"allqc_residual_exact500","sct_pearson_residual_all_qc_fit_selected384","exact500",20260807,"H0","ef273225bdcc2309360aba2e47544859d245f98d681977ec5479c1f6c1500b28","9fc531b3bcf7c6df277ab2eeab9702346f860b3c1e05aa2f162ce8e5fc76ee35","mv10_partition_quality_v1","diana_dissimilarity_v1",4,0.44674706808459,0.50674277830683,-0.176806775460531,0.0161290322580645,7,51,0,"closed",FALSE
"06c0dd6c129d8567651081156272cfe972e52c7d",27,"allqc_residual_exact500","sct_pearson_residual_all_qc_fit_selected384","exact500",20260807,"H0","ef273225bdcc2309360aba2e47544859d245f98d681977ec5479c1f6c1500b28","9fc531b3bcf7c6df277ab2eeab9702346f860b3c1e05aa2f162ce8e5fc76ee35","mv10_partition_quality_v1","diana_dissimilarity_v1",5,0.383960631683236,0.454105263098384,-0.351414665736207,0.0887096774193548,7,51,0,"closed",FALSE
"06c0dd6c129d8567651081156272cfe972e52c7d",27,"allqc_residual_exact500","sct_pearson_residual_all_qc_fit_selected384","exact500",20260807,"H0","ef273225bdcc2309360aba2e47544859d245f98d681977ec5479c1f6c1500b28","9fc531b3bcf7c6df277ab2eeab9702346f860b3c1e05aa2f162ce8e5fc76ee35","mv10_partition_quality_v1","diana_dissimilarity_v1",6,0.363206388917527,0.431963022098334,-0.351414665736207,0.0887096774193548,1,51,1,"closed",FALSE
"06c0dd6c129d8567651081156272cfe972e52c7d",27,"allqc_residual_exact500","sct_pearson_residual_all_qc_fit_selected384","exact500",20260807,"H0","ef273225bdcc2309360aba2e47544859d245f98d681977ec5479c1f6c1500b28","9fc531b3bcf7c6df277ab2eeab9702346f860b3c1e05aa2f162ce8e5fc76ee35","mv10_partition_quality_v1","diana_dissimilarity_v1",7,0.294887487682704,0.38996283039003,-0.413682582837539,0.153225806451613,1,51,1,"closed",FALSE
"06c0dd6c129d8567651081156272cfe972e52c7d",27,"allqc_residual_exact500","sct_pearson_residual_all_qc_fit_selected384","exact500",20260807,"H0","ef273225bdcc2309360aba2e47544859d245f98d681977ec5479c1f6c1500b28","9fc531b3bcf7c6df277ab2eeab9702346f860b3c1e05aa2f162ce8e5fc76ee35","mv10_partition_quality_v1","diana_dissimilarity_v1",8,0.284236922476122,0.351575973190448,-0.413682582837539,0.153225806451613,1,51,2,"closed",FALSE
"06c0dd6c129d8567651081156272cfe972e52c7d",27,"allqc_residual_exact500","sct_pearson_residual_all_qc_fit_selected384","exact500",20260807,"H0","ef273225bdcc2309360aba2e47544859d245f98d681977ec5479c1f6c1500b28","9fc531b3bcf7c6df277ab2eeab9702346f860b3c1e05aa2f162ce8e5fc76ee35","mv10_partition_quality_v1","diana_dissimilarity_v1",9,0.344739060579316,0.371938421115127,-0.0980963323366128,0.0161290322580645,1,28,2,"closed",FALSE
"06c0dd6c129d8567651081156272cfe972e52c7d",27,"allqc_residual_exact500","sct_pearson_residual_all_qc_fit_selected384","exact500",20260807,"H0","ef273225bdcc2309360aba2e47544859d245f98d681977ec5479c1f6c1500b28","9fc531b3bcf7c6df277ab2eeab9702346f860b3c1e05aa2f162ce8e5fc76ee35","mv10_partition_quality_v1","diana_dissimilarity_v1",10,0.339997796789408,0.3663807773759,-0.227764549226742,0.0161290322580645,1,28,2,"closed",FALSE
"06c0dd6c129d8567651081156272cfe972e52c7d",28,"allqc_residual_exact500","sct_pearson_residual_all_qc_fit_selected384","exact500",20260807,"H1","7d57146b972dcd0725e4b2a55236908beefc3f4659258095d93ca0d8d6b9e3db","9fc531b3bcf7c6df277ab2eeab9702346f860b3c1e05aa2f162ce8e5fc76ee35","mv10_partition_quality_v1","pam_dissimilarity_v1",2,0.337947167388075,0.392990919130705,-0.0856521464294203,0.0403225806451613,44,80,0,"closed",FALSE
"06c0dd6c129d8567651081156272cfe972e52c7d",28,"allqc_residual_exact500","sct_pearson_residual_all_qc_fit_selected384","exact500",20260807,"H1","7d57146b972dcd0725e4b2a55236908beefc3f4659258095d93ca0d8d6b9e3db","9fc531b3bcf7c6df277ab2eeab9702346f860b3c1e05aa2f162ce8e5fc76ee35","mv10_partition_quality_v1","pam_dissimilarity_v1",3,0.321400988765598,0.338767511993961,-0.066411658938183,0.0161290322580645,27,63,0,"closed",FALSE
"06c0dd6c129d8567651081156272cfe972e52c7d",28,"allqc_residual_exact500","sct_pearson_residual_all_qc_fit_selected384","exact500",20260807,"H1","7d57146b972dcd0725e4b2a55236908beefc3f4659258095d93ca0d8d6b9e3db","9fc531b3bcf7c6df277ab2eeab9702346f860b3c1e05aa2f162ce8e5fc76ee35","mv10_partition_quality_v1","pam_dissimilarity_v1",4,0.258194195010133,0.259528266077575,-0.0624404491136077,0.0241935483870968,23,35,0,"closed",FALSE
"06c0dd6c129d8567651081156272cfe972e52c7d",28,"allqc_residual_exact500","sct_pearson_residual_all_qc_fit_selected384","exact500",20260807,"H1","7d57146b972dcd0725e4b2a55236908beefc3f4659258095d93ca0d8d6b9e3db","9fc531b3bcf7c6df277ab2eeab9702346f860b3c1e05aa2f162ce8e5fc76ee35","mv10_partition_quality_v1","pam_dissimilarity_v1",5,0.260128304512567,0.270924265027132,-0.0828583906912352,0.0403225806451613,15,34,0,"closed",FALSE
"06c0dd6c129d8567651081156272cfe972e52c7d",28,"allqc_residual_exact500","sct_pearson_residual_all_qc_fit_selected384","exact500",20260807,"H1","7d57146b972dcd0725e4b2a55236908beefc3f4659258095d93ca0d8d6b9e3db","9fc531b3bcf7c6df277ab2eeab9702346f860b3c1e05aa2f162ce8e5fc76ee35","mv10_partition_quality_v1","pam_dissimilarity_v1",6,0.249249695483618,0.26764286453747,-0.140871133569037,0.0564516129032258,11,31,0,"closed",FALSE
"06c0dd6c129d8567651081156272cfe972e52c7d",28,"allqc_residual_exact500","sct_pearson_residual_all_qc_fit_selected384","exact500",20260807,"H1","7d57146b972dcd0725e4b2a55236908beefc3f4659258095d93ca0d8d6b9e3db","9fc531b3bcf7c6df277ab2eeab9702346f860b3c1e05aa2f162ce8e5fc76ee35","mv10_partition_quality_v1","pam_dissimilarity_v1",7,0.224699692404737,0.213960303609843,-0.158687863658762,0.0483870967741935,11,28,0,"closed",FALSE
"06c0dd6c129d8567651081156272cfe972e52c7d",28,"allqc_residual_exact500","sct_pearson_residual_all_qc_fit_selected384","exact500",20260807,"H1","7d57146b972dcd0725e4b2a55236908beefc3f4659258095d93ca0d8d6b9e3db","9fc531b3bcf7c6df277ab2eeab9702346f860b3c1e05aa2f162ce8e5fc76ee35","mv10_partition_quality_v1","pam_dissimilarity_v1",8,0.211376277550164,0.20036902516482,-0.164695999074775,0.0403225806451613,7,28,0,"closed",FALSE
"06c0dd6c129d8567651081156272cfe972e52c7d",28,"allqc_residual_exact500","sct_pearson_residual_all_qc_fit_selected384","exact500",20260807,"H1","7d57146b972dcd0725e4b2a55236908beefc3f4659258095d93ca0d8d6b9e3db","9fc531b3bcf7c6df277ab2eeab9702346f860b3c1e05aa2f162ce8e5fc76ee35","mv10_partition_quality_v1","pam_dissimilarity_v1",9,0.205370781071414,0.20036902516482,-0.248782864975626,0.0483870967741935,7,28,0,"closed",FALSE
"06c0dd6c129d8567651081156272cfe972e52c7d",28,"allqc_residual_exact500","sct_pearson_residual_all_qc_fit_selected384","exact500",20260807,"H1","7d57146b972dcd0725e4b2a55236908beefc3f4659258095d93ca0d8d6b9e3db","9fc531b3bcf7c6df277ab2eeab9702346f860b3c1e05aa2f162ce8e5fc76ee35","mv10_partition_quality_v1","pam_dissimilarity_v1",10,0.189189700292893,0.175822098552961,-0.252292595251248,0.0887096774193548,6,21,0,"closed",FALSE
"06c0dd6c129d8567651081156272cfe972e52c7d",28,"allqc_residual_exact500","sct_pearson_residual_all_qc_fit_selected384","exact500",20260807,"H1","7d57146b972dcd0725e4b2a55236908beefc3f4659258095d93ca0d8d6b9e3db","9fc531b3bcf7c6df277ab2eeab9702346f860b3c1e05aa2f162ce8e5fc76ee35","mv10_partition_quality_v1","hclust_average_v1",2,0.367958712931102,0.422075849797223,-0.19952636474938,0.0483870967741935,26,98,0,"closed",FALSE
"06c0dd6c129d8567651081156272cfe972e52c7d",28,"allqc_residual_exact500","sct_pearson_residual_all_qc_fit_selected384","exact500",20260807,"H1","7d57146b972dcd0725e4b2a55236908beefc3f4659258095d93ca0d8d6b9e3db","9fc531b3bcf7c6df277ab2eeab9702346f860b3c1e05aa2f162ce8e5fc76ee35","mv10_partition_quality_v1","hclust_average_v1",3,0.342558339736067,0.407442442639334,-0.235822745929384,0.0725806451612903,1,98,1,"closed",FALSE
"06c0dd6c129d8567651081156272cfe972e52c7d",28,"allqc_residual_exact500","sct_pearson_residual_all_qc_fit_selected384","exact500",20260807,"H1","7d57146b972dcd0725e4b2a55236908beefc3f4659258095d93ca0d8d6b9e3db","9fc531b3bcf7c6df277ab2eeab9702346f860b3c1e05aa2f162ce8e5fc76ee35","mv10_partition_quality_v1","hclust_average_v1",4,0.303512685637826,0.328357707038046,-0.209220261962218,0.0483870967741935,1,69,1,"closed",FALSE
"06c0dd6c129d8567651081156272cfe972e52c7d",28,"allqc_residual_exact500","sct_pearson_residual_all_qc_fit_selected384","exact500",20260807,"H1","7d57146b972dcd0725e4b2a55236908beefc3f4659258095d93ca0d8d6b9e3db","9fc531b3bcf7c6df277ab2eeab9702346f860b3c1e05aa2f162ce8e5fc76ee35","mv10_partition_quality_v1","hclust_average_v1",5,0.276812006205254,0.32007300410672,-0.209220261962218,0.0645161290322581,1,69,2,"closed",FALSE
"06c0dd6c129d8567651081156272cfe972e52c7d",28,"allqc_residual_exact500","sct_pearson_residual_all_qc_fit_selected384","exact500",20260807,"H1","7d57146b972dcd0725e4b2a55236908beefc3f4659258095d93ca0d8d6b9e3db","9fc531b3bcf7c6df277ab2eeab9702346f860b3c1e05aa2f162ce8e5fc76ee35","mv10_partition_quality_v1","hclust_average_v1",6,0.246225393878903,0.260193923114798,-0.0888067562045785,0.0483870967741935,1,51,2,"closed",FALSE
"06c0dd6c129d8567651081156272cfe972e52c7d",28,"allqc_residual_exact500","sct_pearson_residual_all_qc_fit_selected384","exact500",20260807,"H1","7d57146b972dcd0725e4b2a55236908beefc3f4659258095d93ca0d8d6b9e3db","9fc531b3bcf7c6df277ab2eeab9702346f860b3c1e05aa2f162ce8e5fc76ee35","mv10_partition_quality_v1","hclust_average_v1",7,0.219546643217948,0.22542411537368,-0.111316267415432,0.0564516129032258,1,51,2,"closed",FALSE
"06c0dd6c129d8567651081156272cfe972e52c7d",28,"allqc_residual_exact500","sct_pearson_residual_all_qc_fit_selected384","exact500",20260807,"H1","7d57146b972dcd0725e4b2a55236908beefc3f4659258095d93ca0d8d6b9e3db","9fc531b3bcf7c6df277ab2eeab9702346f860b3c1e05aa2f162ce8e5fc76ee35","mv10_partition_quality_v1","hclust_average_v1",8,0.20962569056363,0.203424638444418,-0.111316267415432,0.0725806451612903,1,51,2,"closed",FALSE
"06c0dd6c129d8567651081156272cfe972e52c7d",28,"allqc_residual_exact500","sct_pearson_residual_all_qc_fit_selected384","exact500",20260807,"H1","7d57146b972dcd0725e4b2a55236908beefc3f4659258095d93ca0d8d6b9e3db","9fc531b3bcf7c6df277ab2eeab9702346f860b3c1e05aa2f162ce8e5fc76ee35","mv10_partition_quality_v1","hclust_average_v1",9,0.191011505603218,0.181311482360294,-0.269439531470623,0.0645161290322581,1,51,3,"closed",FALSE
"06c0dd6c129d8567651081156272cfe972e52c7d",28,"allqc_residual_exact500","sct_pearson_residual_all_qc_fit_selected384","exact500",20260807,"H1","7d57146b972dcd0725e4b2a55236908beefc3f4659258095d93ca0d8d6b9e3db","9fc531b3bcf7c6df277ab2eeab9702346f860b3c1e05aa2f162ce8e5fc76ee35","mv10_partition_quality_v1","hclust_average_v1",10,0.185869568288799,0.180646806917727,-0.269439531470623,0.0887096774193548,1,51,4,"closed",FALSE
"06c0dd6c129d8567651081156272cfe972e52c7d",28,"allqc_residual_exact500","sct_pearson_residual_all_qc_fit_selected384","exact500",20260807,"H1","7d57146b972dcd0725e4b2a55236908beefc3f4659258095d93ca0d8d6b9e3db","9fc531b3bcf7c6df277ab2eeab9702346f860b3c1e05aa2f162ce8e5fc76ee35","mv10_partition_quality_v1","hclust_complete_v1",2,0.333105575921224,0.42527568554606,-0.571498810979898,0.112903225806452,12,112,0,"closed",FALSE
"06c0dd6c129d8567651081156272cfe972e52c7d",28,"allqc_residual_exact500","sct_pearson_residual_all_qc_fit_selected384","exact500",20260807,"H1","7d57146b972dcd0725e4b2a55236908beefc3f4659258095d93ca0d8d6b9e3db","9fc531b3bcf7c6df277ab2eeab9702346f860b3c1e05aa2f162ce8e5fc76ee35","mv10_partition_quality_v1","hclust_complete_v1",3,0.283947270527768,0.327342126899924,-0.444731268771595,0.0887096774193548,12,60,0,"closed",FALSE
"06c0dd6c129d8567651081156272cfe972e52c7d",28,"allqc_residual_exact500","sct_pearson_residual_all_qc_fit_selected384","exact500",20260807,"H1","7d57146b972dcd0725e4b2a55236908beefc3f4659258095d93ca0d8d6b9e3db","9fc531b3bcf7c6df277ab2eeab9702346f860b3c1e05aa2f162ce8e5fc76ee35","mv10_partition_quality_v1","hclust_complete_v1",4,0.239486449539256,0.275919761550013,-0.230794373142789,0.0887096774193548,12,60,0,"closed",FALSE
"06c0dd6c129d8567651081156272cfe972e52c7d",28,"allqc_residual_exact500","sct_pearson_residual_all_qc_fit_selected384","exact500",20260807,"H1","7d57146b972dcd0725e4b2a55236908beefc3f4659258095d93ca0d8d6b9e3db","9fc531b3bcf7c6df277ab2eeab9702346f860b3c1e05aa2f162ce8e5fc76ee35","mv10_partition_quality_v1","hclust_complete_v1",5,0.194206812499879,0.222251384875756,-0.108543652204684,0.0887096774193548,12,45,0,"closed",FALSE
"06c0dd6c129d8567651081156272cfe972e52c7d",28,"allqc_residual_exact500","sct_pearson_residual_all_qc_fit_selected384","exact500",20260807,"H1","7d57146b972dcd0725e4b2a55236908beefc3f4659258095d93ca0d8d6b9e3db","9fc531b3bcf7c6df277ab2eeab9702346f860b3c1e05aa2f162ce8e5fc76ee35","mv10_partition_quality_v1","hclust_complete_v1",6,0.187964464550394,0.206060458323947,-0.223104331523361,0.112903225806452,11,45,0,"closed",FALSE
"06c0dd6c129d8567651081156272cfe972e52c7d",28,"allqc_residual_exact500","sct_pearson_residual_all_qc_fit_selected384","exact500",20260807,"H1","7d57146b972dcd0725e4b2a55236908beefc3f4659258095d93ca0d8d6b9e3db","9fc531b3bcf7c6df277ab2eeab9702346f860b3c1e05aa2f162ce8e5fc76ee35","mv10_partition_quality_v1","hclust_complete_v1",7,0.188033379615007,0.205647082214183,-0.223104331523361,0.129032258064516,1,45,1,"closed",FALSE
"06c0dd6c129d8567651081156272cfe972e52c7d",28,"allqc_residual_exact500","sct_pearson_residual_all_qc_fit_selected384","exact500",20260807,"H1","7d57146b972dcd0725e4b2a55236908beefc3f4659258095d93ca0d8d6b9e3db","9fc531b3bcf7c6df277ab2eeab9702346f860b3c1e05aa2f162ce8e5fc76ee35","mv10_partition_quality_v1","hclust_complete_v1",8,0.190659140422246,0.211806773863031,-0.223104331523361,0.137096774193548,1,45,1,"closed",FALSE
"06c0dd6c129d8567651081156272cfe972e52c7d",28,"allqc_residual_exact500","sct_pearson_residual_all_qc_fit_selected384","exact500",20260807,"H1","7d57146b972dcd0725e4b2a55236908beefc3f4659258095d93ca0d8d6b9e3db","9fc531b3bcf7c6df277ab2eeab9702346f860b3c1e05aa2f162ce8e5fc76ee35","mv10_partition_quality_v1","hclust_complete_v1",9,0.193102178608315,0.209624243572271,-0.145815491422065,0.112903225806452,1,32,1,"closed",FALSE
"06c0dd6c129d8567651081156272cfe972e52c7d",28,"allqc_residual_exact500","sct_pearson_residual_all_qc_fit_selected384","exact500",20260807,"H1","7d57146b972dcd0725e4b2a55236908beefc3f4659258095d93ca0d8d6b9e3db","9fc531b3bcf7c6df277ab2eeab9702346f860b3c1e05aa2f162ce8e5fc76ee35","mv10_partition_quality_v1","hclust_complete_v1",10,0.180768786206803,0.185078739083555,-0.145815491422065,0.137096774193548,1,27,1,"closed",FALSE
"06c0dd6c129d8567651081156272cfe972e52c7d",28,"allqc_residual_exact500","sct_pearson_residual_all_qc_fit_selected384","exact500",20260807,"H1","7d57146b972dcd0725e4b2a55236908beefc3f4659258095d93ca0d8d6b9e3db","9fc531b3bcf7c6df277ab2eeab9702346f860b3c1e05aa2f162ce8e5fc76ee35","mv10_partition_quality_v1","hclust_single_diagnostic_v1",2,0.434460345640777,0.517261172448574,-0.41829533573918,0.0725806451612903,1,123,1,"closed",FALSE
"06c0dd6c129d8567651081156272cfe972e52c7d",28,"allqc_residual_exact500","sct_pearson_residual_all_qc_fit_selected384","exact500",20260807,"H1","7d57146b972dcd0725e4b2a55236908beefc3f4659258095d93ca0d8d6b9e3db","9fc531b3bcf7c6df277ab2eeab9702346f860b3c1e05aa2f162ce8e5fc76ee35","mv10_partition_quality_v1","hclust_single_diagnostic_v1",3,0.0982444645937835,0.1769247664814,-0.471007345300275,0.330645161290323,1,122,2,"closed",FALSE
"06c0dd6c129d8567651081156272cfe972e52c7d",28,"allqc_residual_exact500","sct_pearson_residual_all_qc_fit_selected384","exact500",20260807,"H1","7d57146b972dcd0725e4b2a55236908beefc3f4659258095d93ca0d8d6b9e3db","9fc531b3bcf7c6df277ab2eeab9702346f860b3c1e05aa2f162ce8e5fc76ee35","mv10_partition_quality_v1","hclust_single_diagnostic_v1",4,0.10045023975426,0.179282518083469,-0.491559086848912,0.32258064516129,1,121,3,"closed",FALSE
"06c0dd6c129d8567651081156272cfe972e52c7d",28,"allqc_residual_exact500","sct_pearson_residual_all_qc_fit_selected384","exact500",20260807,"H1","7d57146b972dcd0725e4b2a55236908beefc3f4659258095d93ca0d8d6b9e3db","9fc531b3bcf7c6df277ab2eeab9702346f860b3c1e05aa2f162ce8e5fc76ee35","mv10_partition_quality_v1","hclust_single_diagnostic_v1",5,0.0789268324052491,0.152603221891002,-0.493345438753639,0.346774193548387,1,120,4,"closed",FALSE
"06c0dd6c129d8567651081156272cfe972e52c7d",28,"allqc_residual_exact500","sct_pearson_residual_all_qc_fit_selected384","exact500",20260807,"H1","7d57146b972dcd0725e4b2a55236908beefc3f4659258095d93ca0d8d6b9e3db","9fc531b3bcf7c6df277ab2eeab9702346f860b3c1e05aa2f162ce8e5fc76ee35","mv10_partition_quality_v1","hclust_single_diagnostic_v1",6,-0.0531164255380534,-0.0234432739064081,-0.494718469050269,0.524193548387097,1,119,5,"closed",FALSE
"06c0dd6c129d8567651081156272cfe972e52c7d",28,"allqc_residual_exact500","sct_pearson_residual_all_qc_fit_selected384","exact500",20260807,"H1","7d57146b972dcd0725e4b2a55236908beefc3f4659258095d93ca0d8d6b9e3db","9fc531b3bcf7c6df277ab2eeab9702346f860b3c1e05aa2f162ce8e5fc76ee35","mv10_partition_quality_v1","hclust_single_diagnostic_v1",7,-0.0925784097550005,-0.086867833366278,-0.555441540293747,0.580645161290323,1,118,6,"closed",FALSE
"06c0dd6c129d8567651081156272cfe972e52c7d",28,"allqc_residual_exact500","sct_pearson_residual_all_qc_fit_selected384","exact500",20260807,"H1","7d57146b972dcd0725e4b2a55236908beefc3f4659258095d93ca0d8d6b9e3db","9fc531b3bcf7c6df277ab2eeab9702346f860b3c1e05aa2f162ce8e5fc76ee35","mv10_partition_quality_v1","hclust_single_diagnostic_v1",8,-0.0948548079975376,-0.071412481746427,-0.553626209307471,0.57258064516129,1,117,7,"closed",FALSE
"06c0dd6c129d8567651081156272cfe972e52c7d",28,"allqc_residual_exact500","sct_pearson_residual_all_qc_fit_selected384","exact500",20260807,"H1","7d57146b972dcd0725e4b2a55236908beefc3f4659258095d93ca0d8d6b9e3db","9fc531b3bcf7c6df277ab2eeab9702346f860b3c1e05aa2f162ce8e5fc76ee35","mv10_partition_quality_v1","hclust_single_diagnostic_v1",9,-0.0901054084594725,-0.0661985147341812,-0.559439897544367,0.556451612903226,1,116,8,"closed",FALSE
"06c0dd6c129d8567651081156272cfe972e52c7d",28,"allqc_residual_exact500","sct_pearson_residual_all_qc_fit_selected384","exact500",20260807,"H1","7d57146b972dcd0725e4b2a55236908beefc3f4659258095d93ca0d8d6b9e3db","9fc531b3bcf7c6df277ab2eeab9702346f860b3c1e05aa2f162ce8e5fc76ee35","mv10_partition_quality_v1","hclust_single_diagnostic_v1",10,-0.0674017771169615,-0.0336437847554534,-0.564910996896235,0.508064516129032,1,112,8,"closed",FALSE
"06c0dd6c129d8567651081156272cfe972e52c7d",28,"allqc_residual_exact500","sct_pearson_residual_all_qc_fit_selected384","exact500",20260807,"H1","7d57146b972dcd0725e4b2a55236908beefc3f4659258095d93ca0d8d6b9e3db","9fc531b3bcf7c6df277ab2eeab9702346f860b3c1e05aa2f162ce8e5fc76ee35","mv10_partition_quality_v1","diana_dissimilarity_v1",2,0.340464560991012,0.371654476001641,0.00523009322510838,0,58,66,0,"closed",FALSE
"06c0dd6c129d8567651081156272cfe972e52c7d",28,"allqc_residual_exact500","sct_pearson_residual_all_qc_fit_selected384","exact500",20260807,"H1","7d57146b972dcd0725e4b2a55236908beefc3f4659258095d93ca0d8d6b9e3db","9fc531b3bcf7c6df277ab2eeab9702346f860b3c1e05aa2f162ce8e5fc76ee35","mv10_partition_quality_v1","diana_dissimilarity_v1",3,0.276926375684176,0.331623861131733,-0.274629101398465,0.0887096774193548,25,66,0,"closed",FALSE
"06c0dd6c129d8567651081156272cfe972e52c7d",28,"allqc_residual_exact500","sct_pearson_residual_all_qc_fit_selected384","exact500",20260807,"H1","7d57146b972dcd0725e4b2a55236908beefc3f4659258095d93ca0d8d6b9e3db","9fc531b3bcf7c6df277ab2eeab9702346f860b3c1e05aa2f162ce8e5fc76ee35","mv10_partition_quality_v1","diana_dissimilarity_v1",4,0.270851933611703,0.321727327624297,-0.274629101398465,0.0967741935483871,1,66,1,"closed",FALSE
"06c0dd6c129d8567651081156272cfe972e52c7d",28,"allqc_residual_exact500","sct_pearson_residual_all_qc_fit_selected384","exact500",20260807,"H1","7d57146b972dcd0725e4b2a55236908beefc3f4659258095d93ca0d8d6b9e3db","9fc531b3bcf7c6df277ab2eeab9702346f860b3c1e05aa2f162ce8e5fc76ee35","mv10_partition_quality_v1","diana_dissimilarity_v1",5,0.257882101019698,0.252800504202307,-0.0286923925715685,0.0161290322580645,1,39,1,"closed",FALSE
"06c0dd6c129d8567651081156272cfe972e52c7d",28,"allqc_residual_exact500","sct_pearson_residual_all_qc_fit_selected384","exact500",20260807,"H1","7d57146b972dcd0725e4b2a55236908beefc3f4659258095d93ca0d8d6b9e3db","9fc531b3bcf7c6df277ab2eeab9702346f860b3c1e05aa2f162ce8e5fc76ee35","mv10_partition_quality_v1","diana_dissimilarity_v1",6,0.228196151498582,0.210378672407596,-0.0406742123361306,0.032258064516129,1,33,1,"closed",FALSE
"06c0dd6c129d8567651081156272cfe972e52c7d",28,"allqc_residual_exact500","sct_pearson_residual_all_qc_fit_selected384","exact500",20260807,"H1","7d57146b972dcd0725e4b2a55236908beefc3f4659258095d93ca0d8d6b9e3db","9fc531b3bcf7c6df277ab2eeab9702346f860b3c1e05aa2f162ce8e5fc76ee35","mv10_partition_quality_v1","diana_dissimilarity_v1",7,0.195840077151795,0.194428106929214,-0.259051366877421,0.0483870967741935,1,33,1,"closed",FALSE
"06c0dd6c129d8567651081156272cfe972e52c7d",28,"allqc_residual_exact500","sct_pearson_residual_all_qc_fit_selected384","exact500",20260807,"H1","7d57146b972dcd0725e4b2a55236908beefc3f4659258095d93ca0d8d6b9e3db","9fc531b3bcf7c6df277ab2eeab9702346f860b3c1e05aa2f162ce8e5fc76ee35","mv10_partition_quality_v1","diana_dissimilarity_v1",8,0.189740531428071,0.187985079059785,-0.259051366877421,0.0483870967741935,1,33,1,"closed",FALSE
"06c0dd6c129d8567651081156272cfe972e52c7d",28,"allqc_residual_exact500","sct_pearson_residual_all_qc_fit_selected384","exact500",20260807,"H1","7d57146b972dcd0725e4b2a55236908beefc3f4659258095d93ca0d8d6b9e3db","9fc531b3bcf7c6df277ab2eeab9702346f860b3c1e05aa2f162ce8e5fc76ee35","mv10_partition_quality_v1","diana_dissimilarity_v1",9,0.172034591456917,0.177071701239921,-0.393953097161686,0.0887096774193548,1,33,1,"closed",FALSE
"06c0dd6c129d8567651081156272cfe972e52c7d",28,"allqc_residual_exact500","sct_pearson_residual_all_qc_fit_selected384","exact500",20260807,"H1","7d57146b972dcd0725e4b2a55236908beefc3f4659258095d93ca0d8d6b9e3db","9fc531b3bcf7c6df277ab2eeab9702346f860b3c1e05aa2f162ce8e5fc76ee35","mv10_partition_quality_v1","diana_dissimilarity_v1",10,0.204401064146065,0.204914484861809,-0.348500704163941,0.0564516129032258,1,28,1,"closed",FALSE
"06c0dd6c129d8567651081156272cfe972e52c7d",29,"allqc_residual_exact500","sct_pearson_residual_all_qc_fit_selected384","exact500",20260808,"H0","9f668f805e9b1f4df2e1dfea3804fb31679ff123f5f18aca345be571dce8b075","9fc531b3bcf7c6df277ab2eeab9702346f860b3c1e05aa2f162ce8e5fc76ee35","mv10_partition_quality_v1","pam_dissimilarity_v1",2,0.551003214064379,0.63389703344125,-0.0523320878339418,0.0161290322580645,32,92,0,"closed",FALSE
"06c0dd6c129d8567651081156272cfe972e52c7d",29,"allqc_residual_exact500","sct_pearson_residual_all_qc_fit_selected384","exact500",20260808,"H0","9f668f805e9b1f4df2e1dfea3804fb31679ff123f5f18aca345be571dce8b075","9fc531b3bcf7c6df277ab2eeab9702346f860b3c1e05aa2f162ce8e5fc76ee35","mv10_partition_quality_v1","pam_dissimilarity_v1",3,0.497457314296854,0.572602563421033,-0.025412444336567,0.0161290322580645,25,52,0,"closed",FALSE
"06c0dd6c129d8567651081156272cfe972e52c7d",29,"allqc_residual_exact500","sct_pearson_residual_all_qc_fit_selected384","exact500",20260808,"H0","9f668f805e9b1f4df2e1dfea3804fb31679ff123f5f18aca345be571dce8b075","9fc531b3bcf7c6df277ab2eeab9702346f860b3c1e05aa2f162ce8e5fc76ee35","mv10_partition_quality_v1","pam_dissimilarity_v1",4,0.426341299366809,0.496747202009055,-0.00235677096356334,0.00806451612903226,25,37,0,"closed",FALSE
"06c0dd6c129d8567651081156272cfe972e52c7d",29,"allqc_residual_exact500","sct_pearson_residual_all_qc_fit_selected384","exact500",20260808,"H0","9f668f805e9b1f4df2e1dfea3804fb31679ff123f5f18aca345be571dce8b075","9fc531b3bcf7c6df277ab2eeab9702346f860b3c1e05aa2f162ce8e5fc76ee35","mv10_partition_quality_v1","pam_dissimilarity_v1",5,0.37016169646056,0.423899220830854,-0.111434123494901,0.032258064516129,22,30,0,"closed",FALSE
"06c0dd6c129d8567651081156272cfe972e52c7d",29,"allqc_residual_exact500","sct_pearson_residual_all_qc_fit_selected384","exact500",20260808,"H0","9f668f805e9b1f4df2e1dfea3804fb31679ff123f5f18aca345be571dce8b075","9fc531b3bcf7c6df277ab2eeab9702346f860b3c1e05aa2f162ce8e5fc76ee35","mv10_partition_quality_v1","pam_dissimilarity_v1",6,0.388035910579422,0.43500207176167,-0.205404017806228,0.032258064516129,7,30,0,"closed",FALSE
"06c0dd6c129d8567651081156272cfe972e52c7d",29,"allqc_residual_exact500","sct_pearson_residual_all_qc_fit_selected384","exact500",20260808,"H0","9f668f805e9b1f4df2e1dfea3804fb31679ff123f5f18aca345be571dce8b075","9fc531b3bcf7c6df277ab2eeab9702346f860b3c1e05aa2f162ce8e5fc76ee35","mv10_partition_quality_v1","pam_dissimilarity_v1",7,0.353812675123312,0.385250910032943,-0.205404017806228,0.0483870967741935,7,25,0,"closed",FALSE
"06c0dd6c129d8567651081156272cfe972e52c7d",29,"allqc_residual_exact500","sct_pearson_residual_all_qc_fit_selected384","exact500",20260808,"H0","9f668f805e9b1f4df2e1dfea3804fb31679ff123f5f18aca345be571dce8b075","9fc531b3bcf7c6df277ab2eeab9702346f860b3c1e05aa2f162ce8e5fc76ee35","mv10_partition_quality_v1","pam_dissimilarity_v1",8,0.353856743803664,0.390659807554752,-0.205404017806228,0.0725806451612903,4,25,0,"closed",FALSE
"06c0dd6c129d8567651081156272cfe972e52c7d",29,"allqc_residual_exact500","sct_pearson_residual_all_qc_fit_selected384","exact500",20260808,"H0","9f668f805e9b1f4df2e1dfea3804fb31679ff123f5f18aca345be571dce8b075","9fc531b3bcf7c6df277ab2eeab9702346f860b3c1e05aa2f162ce8e5fc76ee35","mv10_partition_quality_v1","pam_dissimilarity_v1",9,0.380900721893091,0.432958635003513,-0.205404017806228,0.0564516129032258,4,23,0,"closed",FALSE
"06c0dd6c129d8567651081156272cfe972e52c7d",29,"allqc_residual_exact500","sct_pearson_residual_all_qc_fit_selected384","exact500",20260808,"H0","9f668f805e9b1f4df2e1dfea3804fb31679ff123f5f18aca345be571dce8b075","9fc531b3bcf7c6df277ab2eeab9702346f860b3c1e05aa2f162ce8e5fc76ee35","mv10_partition_quality_v1","pam_dissimilarity_v1",10,0.335537920937666,0.374312723599515,-0.230191220858383,0.0645161290322581,4,23,0,"closed",FALSE
"06c0dd6c129d8567651081156272cfe972e52c7d",29,"allqc_residual_exact500","sct_pearson_residual_all_qc_fit_selected384","exact500",20260808,"H0","9f668f805e9b1f4df2e1dfea3804fb31679ff123f5f18aca345be571dce8b075","9fc531b3bcf7c6df277ab2eeab9702346f860b3c1e05aa2f162ce8e5fc76ee35","mv10_partition_quality_v1","hclust_average_v1",2,0.582296302810891,0.654464743197758,-0.240407979480596,0.0241935483870968,25,99,0,"closed",FALSE
"06c0dd6c129d8567651081156272cfe972e52c7d",29,"allqc_residual_exact500","sct_pearson_residual_all_qc_fit_selected384","exact500",20260808,"H0","9f668f805e9b1f4df2e1dfea3804fb31679ff123f5f18aca345be571dce8b075","9fc531b3bcf7c6df277ab2eeab9702346f860b3c1e05aa2f162ce8e5fc76ee35","mv10_partition_quality_v1","hclust_average_v1",3,0.500853638599621,0.608149510852946,-0.446270750432905,0.0645161290322581,7,99,0,"closed",FALSE
"06c0dd6c129d8567651081156272cfe972e52c7d",29,"allqc_residual_exact500","sct_pearson_residual_all_qc_fit_selected384","exact500",20260808,"H0","9f668f805e9b1f4df2e1dfea3804fb31679ff123f5f18aca345be571dce8b075","9fc531b3bcf7c6df277ab2eeab9702346f860b3c1e05aa2f162ce8e5fc76ee35","mv10_partition_quality_v1","hclust_average_v1",4,0.491592204700755,0.546000041238673,-0.205404017806228,0.0241935483870968,7,52,0,"closed",FALSE
"06c0dd6c129d8567651081156272cfe972e52c7d",29,"allqc_residual_exact500","sct_pearson_residual_all_qc_fit_selected384","exact500",20260808,"H0","9f668f805e9b1f4df2e1dfea3804fb31679ff123f5f18aca345be571dce8b075","9fc531b3bcf7c6df277ab2eeab9702346f860b3c1e05aa2f162ce8e5fc76ee35","mv10_partition_quality_v1","hclust_average_v1",5,0.445793881664776,0.509751629140146,-0.399116421052062,0.0403225806451613,4,48,0,"closed",FALSE
"06c0dd6c129d8567651081156272cfe972e52c7d",29,"allqc_residual_exact500","sct_pearson_residual_all_qc_fit_selected384","exact500",20260808,"H0","9f668f805e9b1f4df2e1dfea3804fb31679ff123f5f18aca345be571dce8b075","9fc531b3bcf7c6df277ab2eeab9702346f860b3c1e05aa2f162ce8e5fc76ee35","mv10_partition_quality_v1","hclust_average_v1",6,0.430824455189037,0.47852576695652,-0.399116421052062,0.032258064516129,3,48,0,"closed",FALSE
"06c0dd6c129d8567651081156272cfe972e52c7d",29,"allqc_residual_exact500","sct_pearson_residual_all_qc_fit_selected384","exact500",20260808,"H0","9f668f805e9b1f4df2e1dfea3804fb31679ff123f5f18aca345be571dce8b075","9fc531b3bcf7c6df277ab2eeab9702346f860b3c1e05aa2f162ce8e5fc76ee35","mv10_partition_quality_v1","hclust_average_v1",7,0.399233285053441,0.470119684913499,-0.255451469425269,0.0725806451612903,3,47,0,"closed",FALSE
"06c0dd6c129d8567651081156272cfe972e52c7d",29,"allqc_residual_exact500","sct_pearson_residual_all_qc_fit_selected384","exact500",20260808,"H0","9f668f805e9b1f4df2e1dfea3804fb31679ff123f5f18aca345be571dce8b075","9fc531b3bcf7c6df277ab2eeab9702346f860b3c1e05aa2f162ce8e5fc76ee35","mv10_partition_quality_v1","hclust_average_v1",8,0.371977496424315,0.427315468243485,-0.123651277516392,0.0564516129032258,3,27,0,"closed",FALSE
"06c0dd6c129d8567651081156272cfe972e52c7d",29,"allqc_residual_exact500","sct_pearson_residual_all_qc_fit_selected384","exact500",20260808,"H0","9f668f805e9b1f4df2e1dfea3804fb31679ff123f5f18aca345be571dce8b075","9fc531b3bcf7c6df277ab2eeab9702346f860b3c1e05aa2f162ce8e5fc76ee35","mv10_partition_quality_v1","hclust_average_v1",9,0.364826118783404,0.426525925173812,-0.123651277516392,0.0564516129032258,1,27,1,"closed",FALSE
"06c0dd6c129d8567651081156272cfe972e52c7d",29,"allqc_residual_exact500","sct_pearson_residual_all_qc_fit_selected384","exact500",20260808,"H0","9f668f805e9b1f4df2e1dfea3804fb31679ff123f5f18aca345be571dce8b075","9fc531b3bcf7c6df277ab2eeab9702346f860b3c1e05aa2f162ce8e5fc76ee35","mv10_partition_quality_v1","hclust_average_v1",10,0.33468266357366,0.378273343033679,-0.0992986105204186,0.0806451612903226,1,27,1,"closed",FALSE
"06c0dd6c129d8567651081156272cfe972e52c7d",29,"allqc_residual_exact500","sct_pearson_residual_all_qc_fit_selected384","exact500",20260808,"H0","9f668f805e9b1f4df2e1dfea3804fb31679ff123f5f18aca345be571dce8b075","9fc531b3bcf7c6df277ab2eeab9702346f860b3c1e05aa2f162ce8e5fc76ee35","mv10_partition_quality_v1","hclust_complete_v1",2,0.582296302810891,0.654464743197758,-0.240407979480596,0.0241935483870968,25,99,0,"closed",FALSE
"06c0dd6c129d8567651081156272cfe972e52c7d",29,"allqc_residual_exact500","sct_pearson_residual_all_qc_fit_selected384","exact500",20260808,"H0","9f668f805e9b1f4df2e1dfea3804fb31679ff123f5f18aca345be571dce8b075","9fc531b3bcf7c6df277ab2eeab9702346f860b3c1e05aa2f162ce8e5fc76ee35","mv10_partition_quality_v1","hclust_complete_v1",3,0.494429440163058,0.568339484513824,-0.111891311267435,0.0161290322580645,25,56,0,"closed",FALSE
"06c0dd6c129d8567651081156272cfe972e52c7d",29,"allqc_residual_exact500","sct_pearson_residual_all_qc_fit_selected384","exact500",20260808,"H0","9f668f805e9b1f4df2e1dfea3804fb31679ff123f5f18aca345be571dce8b075","9fc531b3bcf7c6df277ab2eeab9702346f860b3c1e05aa2f162ce8e5fc76ee35","mv10_partition_quality_v1","hclust_complete_v1",4,0.476113642401073,0.549773683502782,-0.205404017806228,0.032258064516129,7,56,0,"closed",FALSE
"06c0dd6c129d8567651081156272cfe972e52c7d",29,"allqc_residual_exact500","sct_pearson_residual_all_qc_fit_selected384","exact500",20260808,"H0","9f668f805e9b1f4df2e1dfea3804fb31679ff123f5f18aca345be571dce8b075","9fc531b3bcf7c6df277ab2eeab9702346f860b3c1e05aa2f162ce8e5fc76ee35","mv10_partition_quality_v1","hclust_complete_v1",5,0.409985935596187,0.493525157047703,-0.268505859789566,0.0887096774193548,7,56,0,"closed",FALSE
"06c0dd6c129d8567651081156272cfe972e52c7d",29,"allqc_residual_exact500","sct_pearson_residual_all_qc_fit_selected384","exact500",20260808,"H0","9f668f805e9b1f4df2e1dfea3804fb31679ff123f5f18aca345be571dce8b075","9fc531b3bcf7c6df277ab2eeab9702346f860b3c1e05aa2f162ce8e5fc76ee35","mv10_partition_quality_v1","hclust_complete_v1",6,0.36406769270455,0.418659043562057,-0.205404017806228,0.0887096774193548,7,38,0,"closed",FALSE
"06c0dd6c129d8567651081156272cfe972e52c7d",29,"allqc_residual_exact500","sct_pearson_residual_all_qc_fit_selected384","exact500",20260808,"H0","9f668f805e9b1f4df2e1dfea3804fb31679ff123f5f18aca345be571dce8b075","9fc531b3bcf7c6df277ab2eeab9702346f860b3c1e05aa2f162ce8e5fc76ee35","mv10_partition_quality_v1","hclust_complete_v1",7,0.352202957600423,0.387753690816642,-0.194707712369189,0.0806451612903226,3,38,0,"closed",FALSE
"06c0dd6c129d8567651081156272cfe972e52c7d",29,"allqc_residual_exact500","sct_pearson_residual_all_qc_fit_selected384","exact500",20260808,"H0","9f668f805e9b1f4df2e1dfea3804fb31679ff123f5f18aca345be571dce8b075","9fc531b3bcf7c6df277ab2eeab9702346f860b3c1e05aa2f162ce8e5fc76ee35","mv10_partition_quality_v1","hclust_complete_v1",8,0.31659060515284,0.366761873317103,-0.324684723131988,0.120967741935484,3,38,0,"closed",FALSE
"06c0dd6c129d8567651081156272cfe972e52c7d",29,"allqc_residual_exact500","sct_pearson_residual_all_qc_fit_selected384","exact500",20260808,"H0","9f668f805e9b1f4df2e1dfea3804fb31679ff123f5f18aca345be571dce8b075","9fc531b3bcf7c6df277ab2eeab9702346f860b3c1e05aa2f162ce8e5fc76ee35","mv10_partition_quality_v1","hclust_complete_v1",9,0.287754232484859,0.273682274521955,-0.190598119686542,0.0645161290322581,3,19,0,"closed",FALSE
"06c0dd6c129d8567651081156272cfe972e52c7d",29,"allqc_residual_exact500","sct_pearson_residual_all_qc_fit_selected384","exact500",20260808,"H0","9f668f805e9b1f4df2e1dfea3804fb31679ff123f5f18aca345be571dce8b075","9fc531b3bcf7c6df277ab2eeab9702346f860b3c1e05aa2f162ce8e5fc76ee35","mv10_partition_quality_v1","hclust_complete_v1",10,0.275618469725164,0.272222745516964,-0.190598119686542,0.0483870967741935,1,19,1,"closed",FALSE
"06c0dd6c129d8567651081156272cfe972e52c7d",29,"allqc_residual_exact500","sct_pearson_residual_all_qc_fit_selected384","exact500",20260808,"H0","9f668f805e9b1f4df2e1dfea3804fb31679ff123f5f18aca345be571dce8b075","9fc531b3bcf7c6df277ab2eeab9702346f860b3c1e05aa2f162ce8e5fc76ee35","mv10_partition_quality_v1","hclust_single_diagnostic_v1",2,0.536996090763797,0.685018807229828,-0.805811117797734,0.0887096774193548,1,123,1,"closed",FALSE
"06c0dd6c129d8567651081156272cfe972e52c7d",29,"allqc_residual_exact500","sct_pearson_residual_all_qc_fit_selected384","exact500",20260808,"H0","9f668f805e9b1f4df2e1dfea3804fb31679ff123f5f18aca345be571dce8b075","9fc531b3bcf7c6df277ab2eeab9702346f860b3c1e05aa2f162ce8e5fc76ee35","mv10_partition_quality_v1","hclust_single_diagnostic_v1",3,0.497372718238325,0.660183282673189,-0.780549243279063,0.120967741935484,1,121,1,"closed",FALSE
"06c0dd6c129d8567651081156272cfe972e52c7d",29,"allqc_residual_exact500","sct_pearson_residual_all_qc_fit_selected384","exact500",20260808,"H0","9f668f805e9b1f4df2e1dfea3804fb31679ff123f5f18aca345be571dce8b075","9fc531b3bcf7c6df277ab2eeab9702346f860b3c1e05aa2f162ce8e5fc76ee35","mv10_partition_quality_v1","hclust_single_diagnostic_v1",4,0.491097455020909,0.658490352254845,-0.789308838553971,0.120967741935484,1,121,3,"closed",FALSE
"06c0dd6c129d8567651081156272cfe972e52c7d",29,"allqc_residual_exact500","sct_pearson_residual_all_qc_fit_selected384","exact500",20260808,"H0","9f668f805e9b1f4df2e1dfea3804fb31679ff123f5f18aca345be571dce8b075","9fc531b3bcf7c6df277ab2eeab9702346f860b3c1e05aa2f162ce8e5fc76ee35","mv10_partition_quality_v1","hclust_single_diagnostic_v1",5,0.440689934821941,0.63098271581381,-0.766107477142766,0.153225806451613,1,119,3,"closed",FALSE
"06c0dd6c129d8567651081156272cfe972e52c7d",29,"allqc_residual_exact500","sct_pearson_residual_all_qc_fit_selected384","exact500",20260808,"H0","9f668f805e9b1f4df2e1dfea3804fb31679ff123f5f18aca345be571dce8b075","9fc531b3bcf7c6df277ab2eeab9702346f860b3c1e05aa2f162ce8e5fc76ee35","mv10_partition_quality_v1","hclust_single_diagnostic_v1",6,0.489024471932348,0.601297173343794,-0.410450401658446,0.0645161290322581,1,99,3,"closed",FALSE
"06c0dd6c129d8567651081156272cfe972e52c7d",29,"allqc_residual_exact500","sct_pearson_residual_all_qc_fit_selected384","exact500",20260808,"H0","9f668f805e9b1f4df2e1dfea3804fb31679ff123f5f18aca345be571dce8b075","9fc531b3bcf7c6df277ab2eeab9702346f860b3c1e05aa2f162ce8e5fc76ee35","mv10_partition_quality_v1","hclust_single_diagnostic_v1",7,0.342637273165083,0.455179598301108,-0.711057629923789,0.145161290322581,1,98,4,"closed",FALSE
"06c0dd6c129d8567651081156272cfe972e52c7d",29,"allqc_residual_exact500","sct_pearson_residual_all_qc_fit_selected384","exact500",20260808,"H0","9f668f805e9b1f4df2e1dfea3804fb31679ff123f5f18aca345be571dce8b075","9fc531b3bcf7c6df277ab2eeab9702346f860b3c1e05aa2f162ce8e5fc76ee35","mv10_partition_quality_v1","hclust_single_diagnostic_v1",8,0.284025344259788,0.436290374560346,-0.715614777857866,0.17741935483871,1,95,4,"closed",FALSE
"06c0dd6c129d8567651081156272cfe972e52c7d",29,"allqc_residual_exact500","sct_pearson_residual_all_qc_fit_selected384","exact500",20260808,"H0","9f668f805e9b1f4df2e1dfea3804fb31679ff123f5f18aca345be571dce8b075","9fc531b3bcf7c6df277ab2eeab9702346f860b3c1e05aa2f162ce8e5fc76ee35","mv10_partition_quality_v1","hclust_single_diagnostic_v1",9,0.263252837227102,0.418921444019171,-0.715614777857866,0.17741935483871,1,95,5,"closed",FALSE
"06c0dd6c129d8567651081156272cfe972e52c7d",29,"allqc_residual_exact500","sct_pearson_residual_all_qc_fit_selected384","exact500",20260808,"H0","9f668f805e9b1f4df2e1dfea3804fb31679ff123f5f18aca345be571dce8b075","9fc531b3bcf7c6df277ab2eeab9702346f860b3c1e05aa2f162ce8e5fc76ee35","mv10_partition_quality_v1","hclust_single_diagnostic_v1",10,0.114138468988189,0.195282047819493,-0.765547885635075,0.314516129032258,1,94,6,"closed",FALSE
"06c0dd6c129d8567651081156272cfe972e52c7d",29,"allqc_residual_exact500","sct_pearson_residual_all_qc_fit_selected384","exact500",20260808,"H0","9f668f805e9b1f4df2e1dfea3804fb31679ff123f5f18aca345be571dce8b075","9fc531b3bcf7c6df277ab2eeab9702346f860b3c1e05aa2f162ce8e5fc76ee35","mv10_partition_quality_v1","diana_dissimilarity_v1",2,0.569431121649988,0.642653654696094,0.0484330174358938,0,29,95,0,"closed",FALSE
"06c0dd6c129d8567651081156272cfe972e52c7d",29,"allqc_residual_exact500","sct_pearson_residual_all_qc_fit_selected384","exact500",20260808,"H0","9f668f805e9b1f4df2e1dfea3804fb31679ff123f5f18aca345be571dce8b075","9fc531b3bcf7c6df277ab2eeab9702346f860b3c1e05aa2f162ce8e5fc76ee35","mv10_partition_quality_v1","diana_dissimilarity_v1",3,0.474427357587516,0.56909630303072,-0.314387050467899,0.032258064516129,29,51,0,"closed",FALSE
"06c0dd6c129d8567651081156272cfe972e52c7d",29,"allqc_residual_exact500","sct_pearson_residual_all_qc_fit_selected384","exact500",20260808,"H0","9f668f805e9b1f4df2e1dfea3804fb31679ff123f5f18aca345be571dce8b075","9fc531b3bcf7c6df277ab2eeab9702346f860b3c1e05aa2f162ce8e5fc76ee35","mv10_partition_quality_v1","diana_dissimilarity_v1",4,0.469598982713474,0.558232993880336,-0.0915816437956774,0.0241935483870968,6,51,0,"closed",FALSE
"06c0dd6c129d8567651081156272cfe972e52c7d",29,"allqc_residual_exact500","sct_pearson_residual_all_qc_fit_selected384","exact500",20260808,"H0","9f668f805e9b1f4df2e1dfea3804fb31679ff123f5f18aca345be571dce8b075","9fc531b3bcf7c6df277ab2eeab9702346f860b3c1e05aa2f162ce8e5fc76ee35","mv10_partition_quality_v1","diana_dissimilarity_v1",5,0.390658689011097,0.463815907792046,-0.361758912560976,0.104838709677419,6,51,0,"closed",FALSE
"06c0dd6c129d8567651081156272cfe972e52c7d",29,"allqc_residual_exact500","sct_pearson_residual_all_qc_fit_selected384","exact500",20260808,"H0","9f668f805e9b1f4df2e1dfea3804fb31679ff123f5f18aca345be571dce8b075","9fc531b3bcf7c6df277ab2eeab9702346f860b3c1e05aa2f162ce8e5fc76ee35","mv10_partition_quality_v1","diana_dissimilarity_v1",6,0.315466280109475,0.410254758782416,-0.361758912560976,0.145161290322581,6,51,0,"closed",FALSE
"06c0dd6c129d8567651081156272cfe972e52c7d",29,"allqc_residual_exact500","sct_pearson_residual_all_qc_fit_selected384","exact500",20260808,"H0","9f668f805e9b1f4df2e1dfea3804fb31679ff123f5f18aca345be571dce8b075","9fc531b3bcf7c6df277ab2eeab9702346f860b3c1e05aa2f162ce8e5fc76ee35","mv10_partition_quality_v1","diana_dissimilarity_v1",7,0.304293112193281,0.404928354122341,-0.361758912560976,0.145161290322581,3,51,0,"closed",FALSE
"06c0dd6c129d8567651081156272cfe972e52c7d",29,"allqc_residual_exact500","sct_pearson_residual_all_qc_fit_selected384","exact500",20260808,"H0","9f668f805e9b1f4df2e1dfea3804fb31679ff123f5f18aca345be571dce8b075","9fc531b3bcf7c6df277ab2eeab9702346f860b3c1e05aa2f162ce8e5fc76ee35","mv10_partition_quality_v1","diana_dissimilarity_v1",8,0.296972807577358,0.402138209658195,-0.361758912560976,0.169354838709677,3,51,0,"closed",FALSE
"06c0dd6c129d8567651081156272cfe972e52c7d",29,"allqc_residual_exact500","sct_pearson_residual_all_qc_fit_selected384","exact500",20260808,"H0","9f668f805e9b1f4df2e1dfea3804fb31679ff123f5f18aca345be571dce8b075","9fc531b3bcf7c6df277ab2eeab9702346f860b3c1e05aa2f162ce8e5fc76ee35","mv10_partition_quality_v1","diana_dissimilarity_v1",9,0.312039630322486,0.314489676816469,-0.2192205194771,0.032258064516129,3,26,0,"closed",FALSE
"06c0dd6c129d8567651081156272cfe972e52c7d",29,"allqc_residual_exact500","sct_pearson_residual_all_qc_fit_selected384","exact500",20260808,"H0","9f668f805e9b1f4df2e1dfea3804fb31679ff123f5f18aca345be571dce8b075","9fc531b3bcf7c6df277ab2eeab9702346f860b3c1e05aa2f162ce8e5fc76ee35","mv10_partition_quality_v1","diana_dissimilarity_v1",10,0.289153625843626,0.287373068748627,-0.254052718345674,0.0403225806451613,3,26,0,"closed",FALSE
"06c0dd6c129d8567651081156272cfe972e52c7d",30,"allqc_residual_exact500","sct_pearson_residual_all_qc_fit_selected384","exact500",20260808,"H1","fc1651904477bf3864fea8845ce879dd9c8fff424aa6f9208514cd2bf2874c55","9fc531b3bcf7c6df277ab2eeab9702346f860b3c1e05aa2f162ce8e5fc76ee35","mv10_partition_quality_v1","pam_dissimilarity_v1",2,0.349839445847074,0.393724055659558,-0.0475659649783323,0.0161290322580645,46,78,0,"closed",FALSE
"06c0dd6c129d8567651081156272cfe972e52c7d",30,"allqc_residual_exact500","sct_pearson_residual_all_qc_fit_selected384","exact500",20260808,"H1","fc1651904477bf3864fea8845ce879dd9c8fff424aa6f9208514cd2bf2874c55","9fc531b3bcf7c6df277ab2eeab9702346f860b3c1e05aa2f162ce8e5fc76ee35","mv10_partition_quality_v1","pam_dissimilarity_v1",3,0.32224087878549,0.35044788046863,-0.140830716103807,0.0161290322580645,31,62,0,"closed",FALSE
"06c0dd6c129d8567651081156272cfe972e52c7d",30,"allqc_residual_exact500","sct_pearson_residual_all_qc_fit_selected384","exact500",20260808,"H1","fc1651904477bf3864fea8845ce879dd9c8fff424aa6f9208514cd2bf2874c55","9fc531b3bcf7c6df277ab2eeab9702346f860b3c1e05aa2f162ce8e5fc76ee35","mv10_partition_quality_v1","pam_dissimilarity_v1",4,0.280884925836795,0.311779071806876,-0.0888076255645281,0.0483870967741935,16,57,0,"closed",FALSE
"06c0dd6c129d8567651081156272cfe972e52c7d",30,"allqc_residual_exact500","sct_pearson_residual_all_qc_fit_selected384","exact500",20260808,"H1","fc1651904477bf3864fea8845ce879dd9c8fff424aa6f9208514cd2bf2874c55","9fc531b3bcf7c6df277ab2eeab9702346f860b3c1e05aa2f162ce8e5fc76ee35","mv10_partition_quality_v1","pam_dissimilarity_v1",5,0.244152470143284,0.27802347291463,-0.117819625844325,0.0887096774193548,16,32,0,"closed",FALSE
"06c0dd6c129d8567651081156272cfe972e52c7d",30,"allqc_residual_exact500","sct_pearson_residual_all_qc_fit_selected384","exact500",20260808,"H1","fc1651904477bf3864fea8845ce879dd9c8fff424aa6f9208514cd2bf2874c55","9fc531b3bcf7c6df277ab2eeab9702346f860b3c1e05aa2f162ce8e5fc76ee35","mv10_partition_quality_v1","pam_dissimilarity_v1",6,0.231276644960038,0.253026024121964,-0.232036308489244,0.0725806451612903,14,28,0,"closed",FALSE
"06c0dd6c129d8567651081156272cfe972e52c7d",30,"allqc_residual_exact500","sct_pearson_residual_all_qc_fit_selected384","exact500",20260808,"H1","fc1651904477bf3864fea8845ce879dd9c8fff424aa6f9208514cd2bf2874c55","9fc531b3bcf7c6df277ab2eeab9702346f860b3c1e05aa2f162ce8e5fc76ee35","mv10_partition_quality_v1","pam_dissimilarity_v1",7,0.230980261965091,0.236582769882428,-0.148344946969977,0.0564516129032258,11,28,0,"closed",FALSE
"06c0dd6c129d8567651081156272cfe972e52c7d",30,"allqc_residual_exact500","sct_pearson_residual_all_qc_fit_selected384","exact500",20260808,"H1","fc1651904477bf3864fea8845ce879dd9c8fff424aa6f9208514cd2bf2874c55","9fc531b3bcf7c6df277ab2eeab9702346f860b3c1e05aa2f162ce8e5fc76ee35","mv10_partition_quality_v1","pam_dissimilarity_v1",8,0.2007068610041,0.187444348501148,-0.127362801773945,0.0564516129032258,8,22,0,"closed",FALSE
"06c0dd6c129d8567651081156272cfe972e52c7d",30,"allqc_residual_exact500","sct_pearson_residual_all_qc_fit_selected384","exact500",20260808,"H1","fc1651904477bf3864fea8845ce879dd9c8fff424aa6f9208514cd2bf2874c55","9fc531b3bcf7c6df277ab2eeab9702346f860b3c1e05aa2f162ce8e5fc76ee35","mv10_partition_quality_v1","pam_dissimilarity_v1",9,0.180290167857406,0.175695934186951,-0.158961424064354,0.0806451612903226,7,22,0,"closed",FALSE
"06c0dd6c129d8567651081156272cfe972e52c7d",30,"allqc_residual_exact500","sct_pearson_residual_all_qc_fit_selected384","exact500",20260808,"H1","fc1651904477bf3864fea8845ce879dd9c8fff424aa6f9208514cd2bf2874c55","9fc531b3bcf7c6df277ab2eeab9702346f860b3c1e05aa2f162ce8e5fc76ee35","mv10_partition_quality_v1","pam_dissimilarity_v1",10,0.176515807115718,0.169909079328636,-0.158961424064354,0.0725806451612903,7,21,0,"closed",FALSE
"06c0dd6c129d8567651081156272cfe972e52c7d",30,"allqc_residual_exact500","sct_pearson_residual_all_qc_fit_selected384","exact500",20260808,"H1","fc1651904477bf3864fea8845ce879dd9c8fff424aa6f9208514cd2bf2874c55","9fc531b3bcf7c6df277ab2eeab9702346f860b3c1e05aa2f162ce8e5fc76ee35","mv10_partition_quality_v1","hclust_average_v1",2,0.393908079693656,0.478451692800538,-0.572165963736731,0.0887096774193548,1,123,1,"closed",FALSE
"06c0dd6c129d8567651081156272cfe972e52c7d",30,"allqc_residual_exact500","sct_pearson_residual_all_qc_fit_selected384","exact500",20260808,"H1","fc1651904477bf3864fea8845ce879dd9c8fff424aa6f9208514cd2bf2874c55","9fc531b3bcf7c6df277ab2eeab9702346f860b3c1e05aa2f162ce8e5fc76ee35","mv10_partition_quality_v1","hclust_average_v1",3,0.309796040221814,0.373173103981759,-0.334469690619532,0.0645161290322581,1,85,1,"closed",FALSE
"06c0dd6c129d8567651081156272cfe972e52c7d",30,"allqc_residual_exact500","sct_pearson_residual_all_qc_fit_selected384","exact500",20260808,"H1","fc1651904477bf3864fea8845ce879dd9c8fff424aa6f9208514cd2bf2874c55","9fc531b3bcf7c6df277ab2eeab9702346f860b3c1e05aa2f162ce8e5fc76ee35","mv10_partition_quality_v1","hclust_average_v1",4,0.28761942053305,0.33320263631175,-0.334469690619532,0.0564516129032258,1,55,1,"closed",FALSE
"06c0dd6c129d8567651081156272cfe972e52c7d",30,"allqc_residual_exact500","sct_pearson_residual_all_qc_fit_selected384","exact500",20260808,"H1","fc1651904477bf3864fea8845ce879dd9c8fff424aa6f9208514cd2bf2874c55","9fc531b3bcf7c6df277ab2eeab9702346f860b3c1e05aa2f162ce8e5fc76ee35","mv10_partition_quality_v1","hclust_average_v1",5,0.248439440120052,0.270591594861969,-0.334469690619532,0.0725806451612903,1,55,2,"closed",FALSE
"06c0dd6c129d8567651081156272cfe972e52c7d",30,"allqc_residual_exact500","sct_pearson_residual_all_qc_fit_selected384","exact500",20260808,"H1","fc1651904477bf3864fea8845ce879dd9c8fff424aa6f9208514cd2bf2874c55","9fc531b3bcf7c6df277ab2eeab9702346f860b3c1e05aa2f162ce8e5fc76ee35","mv10_partition_quality_v1","hclust_average_v1",6,0.22534616161995,0.243646685954047,-0.278997403472889,0.0645161290322581,1,55,2,"closed",FALSE
"06c0dd6c129d8567651081156272cfe972e52c7d",30,"allqc_residual_exact500","sct_pearson_residual_all_qc_fit_selected384","exact500",20260808,"H1","fc1651904477bf3864fea8845ce879dd9c8fff424aa6f9208514cd2bf2874c55","9fc531b3bcf7c6df277ab2eeab9702346f860b3c1e05aa2f162ce8e5fc76ee35","mv10_partition_quality_v1","hclust_average_v1",7,0.209576413195392,0.224950876243519,-0.278997403472889,0.0887096774193548,1,55,2,"closed",FALSE
"06c0dd6c129d8567651081156272cfe972e52c7d",30,"allqc_residual_exact500","sct_pearson_residual_all_qc_fit_selected384","exact500",20260808,"H1","fc1651904477bf3864fea8845ce879dd9c8fff424aa6f9208514cd2bf2874c55","9fc531b3bcf7c6df277ab2eeab9702346f860b3c1e05aa2f162ce8e5fc76ee35","mv10_partition_quality_v1","hclust_average_v1",8,0.214732802590782,0.22672263138596,-0.201212980905687,0.0645161290322581,1,40,2,"closed",FALSE
"06c0dd6c129d8567651081156272cfe972e52c7d",30,"allqc_residual_exact500","sct_pearson_residual_all_qc_fit_selected384","exact500",20260808,"H1","fc1651904477bf3864fea8845ce879dd9c8fff424aa6f9208514cd2bf2874c55","9fc531b3bcf7c6df277ab2eeab9702346f860b3c1e05aa2f162ce8e5fc76ee35","mv10_partition_quality_v1","hclust_average_v1",9,0.202207087295304,0.218624346713899,-0.20288750869781,0.104838709677419,1,40,2,"closed",FALSE
"06c0dd6c129d8567651081156272cfe972e52c7d",30,"allqc_residual_exact500","sct_pearson_residual_all_qc_fit_selected384","exact500",20260808,"H1","fc1651904477bf3864fea8845ce879dd9c8fff424aa6f9208514cd2bf2874c55","9fc531b3bcf7c6df277ab2eeab9702346f860b3c1e05aa2f162ce8e5fc76ee35","mv10_partition_quality_v1","hclust_average_v1",10,0.194796909627703,0.210272321870526,-0.20288750869781,0.112903225806452,1,40,2,"closed",FALSE
"06c0dd6c129d8567651081156272cfe972e52c7d",30,"allqc_residual_exact500","sct_pearson_residual_all_qc_fit_selected384","exact500",20260808,"H1","fc1651904477bf3864fea8845ce879dd9c8fff424aa6f9208514cd2bf2874c55","9fc531b3bcf7c6df277ab2eeab9702346f860b3c1e05aa2f162ce8e5fc76ee35","mv10_partition_quality_v1","hclust_complete_v1",2,0.342376006406221,0.395362841138856,-0.375958850610965,0.0725806451612903,33,91,0,"closed",FALSE
"06c0dd6c129d8567651081156272cfe972e52c7d",30,"allqc_residual_exact500","sct_pearson_residual_all_qc_fit_selected384","exact500",20260808,"H1","fc1651904477bf3864fea8845ce879dd9c8fff424aa6f9208514cd2bf2874c55","9fc531b3bcf7c6df277ab2eeab9702346f860b3c1e05aa2f162ce8e5fc76ee35","mv10_partition_quality_v1","hclust_complete_v1",3,0.315672045964844,0.352096573021144,-0.225160975073818,0.0241935483870968,30,61,0,"closed",FALSE
"06c0dd6c129d8567651081156272cfe972e52c7d",30,"allqc_residual_exact500","sct_pearson_residual_all_qc_fit_selected384","exact500",20260808,"H1","fc1651904477bf3864fea8845ce879dd9c8fff424aa6f9208514cd2bf2874c55","9fc531b3bcf7c6df277ab2eeab9702346f860b3c1e05aa2f162ce8e5fc76ee35","mv10_partition_quality_v1","hclust_complete_v1",4,0.271032847264596,0.317072686556822,-0.361213462447597,0.0645161290322581,9,61,0,"closed",FALSE
"06c0dd6c129d8567651081156272cfe972e52c7d",30,"allqc_residual_exact500","sct_pearson_residual_all_qc_fit_selected384","exact500",20260808,"H1","fc1651904477bf3864fea8845ce879dd9c8fff424aa6f9208514cd2bf2874c55","9fc531b3bcf7c6df277ab2eeab9702346f860b3c1e05aa2f162ce8e5fc76ee35","mv10_partition_quality_v1","hclust_complete_v1",5,0.234370147321813,0.267229984414889,-0.296907532704314,0.0806451612903226,8,53,0,"closed",FALSE
"06c0dd6c129d8567651081156272cfe972e52c7d",30,"allqc_residual_exact500","sct_pearson_residual_all_qc_fit_selected384","exact500",20260808,"H1","fc1651904477bf3864fea8845ce879dd9c8fff424aa6f9208514cd2bf2874c55","9fc531b3bcf7c6df277ab2eeab9702346f860b3c1e05aa2f162ce8e5fc76ee35","mv10_partition_quality_v1","hclust_complete_v1",6,0.18286940038061,0.184626183524546,-0.296907532704314,0.104838709677419,8,53,0,"closed",FALSE
"06c0dd6c129d8567651081156272cfe972e52c7d",30,"allqc_residual_exact500","sct_pearson_residual_all_qc_fit_selected384","exact500",20260808,"H1","fc1651904477bf3864fea8845ce879dd9c8fff424aa6f9208514cd2bf2874c55","9fc531b3bcf7c6df277ab2eeab9702346f860b3c1e05aa2f162ce8e5fc76ee35","mv10_partition_quality_v1","hclust_complete_v1",7,0.184971806904544,0.174992584777427,-0.24674472812862,0.0645161290322581,8,32,0,"closed",FALSE
"06c0dd6c129d8567651081156272cfe972e52c7d",30,"allqc_residual_exact500","sct_pearson_residual_all_qc_fit_selected384","exact500",20260808,"H1","fc1651904477bf3864fea8845ce879dd9c8fff424aa6f9208514cd2bf2874c55","9fc531b3bcf7c6df277ab2eeab9702346f860b3c1e05aa2f162ce8e5fc76ee35","mv10_partition_quality_v1","hclust_complete_v1",8,0.180421922354659,0.172586269390361,-0.24674472812862,0.0806451612903226,1,32,1,"closed",FALSE
"06c0dd6c129d8567651081156272cfe972e52c7d",30,"allqc_residual_exact500","sct_pearson_residual_all_qc_fit_selected384","exact500",20260808,"H1","fc1651904477bf3864fea8845ce879dd9c8fff424aa6f9208514cd2bf2874c55","9fc531b3bcf7c6df277ab2eeab9702346f860b3c1e05aa2f162ce8e5fc76ee35","mv10_partition_quality_v1","hclust_complete_v1",9,0.184349804448835,0.174992584777427,-0.24674472812862,0.0806451612903226,1,32,1,"closed",FALSE
"06c0dd6c129d8567651081156272cfe972e52c7d",30,"allqc_residual_exact500","sct_pearson_residual_all_qc_fit_selected384","exact500",20260808,"H1","fc1651904477bf3864fea8845ce879dd9c8fff424aa6f9208514cd2bf2874c55","9fc531b3bcf7c6df277ab2eeab9702346f860b3c1e05aa2f162ce8e5fc76ee35","mv10_partition_quality_v1","hclust_complete_v1",10,0.207007290114199,0.213006920716239,-0.24674472812862,0.0967741935483871,1,32,1,"closed",FALSE
"06c0dd6c129d8567651081156272cfe972e52c7d",30,"allqc_residual_exact500","sct_pearson_residual_all_qc_fit_selected384","exact500",20260808,"H1","fc1651904477bf3864fea8845ce879dd9c8fff424aa6f9208514cd2bf2874c55","9fc531b3bcf7c6df277ab2eeab9702346f860b3c1e05aa2f162ce8e5fc76ee35","mv10_partition_quality_v1","hclust_single_diagnostic_v1",2,0.216102695021964,0.335379824682645,-0.461080655725097,0.209677419354839,1,123,1,"closed",FALSE
"06c0dd6c129d8567651081156272cfe972e52c7d",30,"allqc_residual_exact500","sct_pearson_residual_all_qc_fit_selected384","exact500",20260808,"H1","fc1651904477bf3864fea8845ce879dd9c8fff424aa6f9208514cd2bf2874c55","9fc531b3bcf7c6df277ab2eeab9702346f860b3c1e05aa2f162ce8e5fc76ee35","mv10_partition_quality_v1","hclust_single_diagnostic_v1",3,0.0883454117562366,0.196862712147914,-0.463629221842453,0.314516129032258,1,121,1,"closed",FALSE
"06c0dd6c129d8567651081156272cfe972e52c7d",30,"allqc_residual_exact500","sct_pearson_residual_all_qc_fit_selected384","exact500",20260808,"H1","fc1651904477bf3864fea8845ce879dd9c8fff424aa6f9208514cd2bf2874c55","9fc531b3bcf7c6df277ab2eeab9702346f860b3c1e05aa2f162ce8e5fc76ee35","mv10_partition_quality_v1","hclust_single_diagnostic_v1",4,0.0387081695632139,0.0957110882701626,-0.569130376077168,0.395161290322581,1,120,2,"closed",FALSE
"06c0dd6c129d8567651081156272cfe972e52c7d",30,"allqc_residual_exact500","sct_pearson_residual_all_qc_fit_selected384","exact500",20260808,"H1","fc1651904477bf3864fea8845ce879dd9c8fff424aa6f9208514cd2bf2874c55","9fc531b3bcf7c6df277ab2eeab9702346f860b3c1e05aa2f162ce8e5fc76ee35","mv10_partition_quality_v1","hclust_single_diagnostic_v1",5,0.00640448867539236,0.0427689805125134,-0.569130376077168,0.419354838709677,1,120,4,"closed",FALSE
"06c0dd6c129d8567651081156272cfe972e52c7d",30,"allqc_residual_exact500","sct_pearson_residual_all_qc_fit_selected384","exact500",20260808,"H1","fc1651904477bf3864fea8845ce879dd9c8fff424aa6f9208514cd2bf2874c55","9fc531b3bcf7c6df277ab2eeab9702346f860b3c1e05aa2f162ce8e5fc76ee35","mv10_partition_quality_v1","hclust_single_diagnostic_v1",6,0.0027318888856785,0.0451828065704252,-0.567702480987151,0.411290322580645,1,119,5,"closed",FALSE
"06c0dd6c129d8567651081156272cfe972e52c7d",30,"allqc_residual_exact500","sct_pearson_residual_all_qc_fit_selected384","exact500",20260808,"H1","fc1651904477bf3864fea8845ce879dd9c8fff424aa6f9208514cd2bf2874c55","9fc531b3bcf7c6df277ab2eeab9702346f860b3c1e05aa2f162ce8e5fc76ee35","mv10_partition_quality_v1","hclust_single_diagnostic_v1",7,0.00413334691325389,0.0490973844408646,-0.566132017253849,0.403225806451613,1,118,6,"closed",FALSE
"06c0dd6c129d8567651081156272cfe972e52c7d",30,"allqc_residual_exact500","sct_pearson_residual_all_qc_fit_selected384","exact500",20260808,"H1","fc1651904477bf3864fea8845ce879dd9c8fff424aa6f9208514cd2bf2874c55","9fc531b3bcf7c6df277ab2eeab9702346f860b3c1e05aa2f162ce8e5fc76ee35","mv10_partition_quality_v1","hclust_single_diagnostic_v1",8,0.018910217473908,0.0695955934485541,-0.566358233572804,0.379032258064516,1,116,6,"closed",FALSE
"06c0dd6c129d8567651081156272cfe972e52c7d",30,"allqc_residual_exact500","sct_pearson_residual_all_qc_fit_selected384","exact500",20260808,"H1","fc1651904477bf3864fea8845ce879dd9c8fff424aa6f9208514cd2bf2874c55","9fc531b3bcf7c6df277ab2eeab9702346f860b3c1e05aa2f162ce8e5fc76ee35","mv10_partition_quality_v1","hclust_single_diagnostic_v1",9,-0.00453624496263695,0.0293734220609488,-0.567503199896269,0.419354838709677,1,115,7,"closed",FALSE
"06c0dd6c129d8567651081156272cfe972e52c7d",30,"allqc_residual_exact500","sct_pearson_residual_all_qc_fit_selected384","exact500",20260808,"H1","fc1651904477bf3864fea8845ce879dd9c8fff424aa6f9208514cd2bf2874c55","9fc531b3bcf7c6df277ab2eeab9702346f860b3c1e05aa2f162ce8e5fc76ee35","mv10_partition_quality_v1","hclust_single_diagnostic_v1",10,-0.000382188342200285,0.0319886365940396,-0.568656204611924,0.411290322580645,1,114,8,"closed",FALSE
"06c0dd6c129d8567651081156272cfe972e52c7d",30,"allqc_residual_exact500","sct_pearson_residual_all_qc_fit_selected384","exact500",20260808,"H1","fc1651904477bf3864fea8845ce879dd9c8fff424aa6f9208514cd2bf2874c55","9fc531b3bcf7c6df277ab2eeab9702346f860b3c1e05aa2f162ce8e5fc76ee35","mv10_partition_quality_v1","diana_dissimilarity_v1",2,0.339670254858176,0.383540040778328,0.00653974565995281,0,52,72,0,"closed",FALSE
"06c0dd6c129d8567651081156272cfe972e52c7d",30,"allqc_residual_exact500","sct_pearson_residual_all_qc_fit_selected384","exact500",20260808,"H1","fc1651904477bf3864fea8845ce879dd9c8fff424aa6f9208514cd2bf2874c55","9fc531b3bcf7c6df277ab2eeab9702346f860b3c1e05aa2f162ce8e5fc76ee35","mv10_partition_quality_v1","diana_dissimilarity_v1",3,0.270303356440979,0.302317328794882,-0.151522377742428,0.0887096774193548,14,72,0,"closed",FALSE
"06c0dd6c129d8567651081156272cfe972e52c7d",30,"allqc_residual_exact500","sct_pearson_residual_all_qc_fit_selected384","exact500",20260808,"H1","fc1651904477bf3864fea8845ce879dd9c8fff424aa6f9208514cd2bf2874c55","9fc531b3bcf7c6df277ab2eeab9702346f860b3c1e05aa2f162ce8e5fc76ee35","mv10_partition_quality_v1","diana_dissimilarity_v1",4,0.264165521905621,0.2806736779646,-0.0739923392832372,0.032258064516129,14,43,0,"closed",FALSE
"06c0dd6c129d8567651081156272cfe972e52c7d",30,"allqc_residual_exact500","sct_pearson_residual_all_qc_fit_selected384","exact500",20260808,"H1","fc1651904477bf3864fea8845ce879dd9c8fff424aa6f9208514cd2bf2874c55","9fc531b3bcf7c6df277ab2eeab9702346f860b3c1e05aa2f162ce8e5fc76ee35","mv10_partition_quality_v1","diana_dissimilarity_v1",5,0.251841231440926,0.270590934169936,-0.0739923392832372,0.0483870967741935,1,43,1,"closed",FALSE
"06c0dd6c129d8567651081156272cfe972e52c7d",30,"allqc_residual_exact500","sct_pearson_residual_all_qc_fit_selected384","exact500",20260808,"H1","fc1651904477bf3864fea8845ce879dd9c8fff424aa6f9208514cd2bf2874c55","9fc531b3bcf7c6df277ab2eeab9702346f860b3c1e05aa2f162ce8e5fc76ee35","mv10_partition_quality_v1","diana_dissimilarity_v1",6,0.213377266194414,0.237739344182195,-0.177037005874046,0.0806451612903226,1,43,1,"closed",FALSE
"06c0dd6c129d8567651081156272cfe972e52c7d",30,"allqc_residual_exact500","sct_pearson_residual_all_qc_fit_selected384","exact500",20260808,"H1","fc1651904477bf3864fea8845ce879dd9c8fff424aa6f9208514cd2bf2874c55","9fc531b3bcf7c6df277ab2eeab9702346f860b3c1e05aa2f162ce8e5fc76ee35","mv10_partition_quality_v1","diana_dissimilarity_v1",7,0.204153550860973,0.225688795558223,-0.206121065123311,0.0403225806451613,1,31,1,"closed",FALSE
"06c0dd6c129d8567651081156272cfe972e52c7d",30,"allqc_residual_exact500","sct_pearson_residual_all_qc_fit_selected384","exact500",20260808,"H1","fc1651904477bf3864fea8845ce879dd9c8fff424aa6f9208514cd2bf2874c55","9fc531b3bcf7c6df277ab2eeab9702346f860b3c1e05aa2f162ce8e5fc76ee35","mv10_partition_quality_v1","diana_dissimilarity_v1",8,0.173390658853075,0.154353121728079,-0.206121065123311,0.0403225806451613,1,31,1,"closed",FALSE
"06c0dd6c129d8567651081156272cfe972e52c7d",30,"allqc_residual_exact500","sct_pearson_residual_all_qc_fit_selected384","exact500",20260808,"H1","fc1651904477bf3864fea8845ce879dd9c8fff424aa6f9208514cd2bf2874c55","9fc531b3bcf7c6df277ab2eeab9702346f860b3c1e05aa2f162ce8e5fc76ee35","mv10_partition_quality_v1","diana_dissimilarity_v1",9,0.169475020038264,0.147240360237862,-0.206121065123311,0.0483870967741935,1,31,1,"closed",FALSE
"06c0dd6c129d8567651081156272cfe972e52c7d",30,"allqc_residual_exact500","sct_pearson_residual_all_qc_fit_selected384","exact500",20260808,"H1","fc1651904477bf3864fea8845ce879dd9c8fff424aa6f9208514cd2bf2874c55","9fc531b3bcf7c6df277ab2eeab9702346f860b3c1e05aa2f162ce8e5fc76ee35","mv10_partition_quality_v1","diana_dissimilarity_v1",10,0.158875206010564,0.143558694197733,-0.247068842300755,0.129032258064516,1,31,1,"closed",FALSE
"06c0dd6c129d8567651081156272cfe972e52c7d",31,"allqc_residual_exact500","sct_pearson_residual_all_qc_fit_selected384","exact500",20260809,"H0","1cfdf785c2307f9d6fa15f84917073af8d83082ac6b73b8de055e8afe5a159b4","9fc531b3bcf7c6df277ab2eeab9702346f860b3c1e05aa2f162ce8e5fc76ee35","mv10_partition_quality_v1","pam_dissimilarity_v1",2,0.569247759499144,0.642132615342225,-0.053619214922848,0.00806451612903226,31,93,0,"closed",FALSE
"06c0dd6c129d8567651081156272cfe972e52c7d",31,"allqc_residual_exact500","sct_pearson_residual_all_qc_fit_selected384","exact500",20260809,"H0","1cfdf785c2307f9d6fa15f84917073af8d83082ac6b73b8de055e8afe5a159b4","9fc531b3bcf7c6df277ab2eeab9702346f860b3c1e05aa2f162ce8e5fc76ee35","mv10_partition_quality_v1","pam_dissimilarity_v1",3,0.495965738700888,0.56659137799366,-0.159366068414259,0.0241935483870968,28,52,0,"closed",FALSE
"06c0dd6c129d8567651081156272cfe972e52c7d",31,"allqc_residual_exact500","sct_pearson_residual_all_qc_fit_selected384","exact500",20260809,"H0","1cfdf785c2307f9d6fa15f84917073af8d83082ac6b73b8de055e8afe5a159b4","9fc531b3bcf7c6df277ab2eeab9702346f860b3c1e05aa2f162ce8e5fc76ee35","mv10_partition_quality_v1","pam_dissimilarity_v1",4,0.413009343628468,0.438948872211779,-0.170309079580997,0.032258064516129,25,37,0,"closed",FALSE
"06c0dd6c129d8567651081156272cfe972e52c7d",31,"allqc_residual_exact500","sct_pearson_residual_all_qc_fit_selected384","exact500",20260809,"H0","1cfdf785c2307f9d6fa15f84917073af8d83082ac6b73b8de055e8afe5a159b4","9fc531b3bcf7c6df277ab2eeab9702346f860b3c1e05aa2f162ce8e5fc76ee35","mv10_partition_quality_v1","pam_dissimilarity_v1",5,0.42694139666188,0.452677676590898,-0.0616661431964837,0.032258064516129,7,37,0,"closed",FALSE
"06c0dd6c129d8567651081156272cfe972e52c7d",31,"allqc_residual_exact500","sct_pearson_residual_all_qc_fit_selected384","exact500",20260809,"H0","1cfdf785c2307f9d6fa15f84917073af8d83082ac6b73b8de055e8afe5a159b4","9fc531b3bcf7c6df277ab2eeab9702346f860b3c1e05aa2f162ce8e5fc76ee35","mv10_partition_quality_v1","pam_dissimilarity_v1",6,0.364281165773491,0.407638255203207,-0.099126812286328,0.0645161290322581,7,30,0,"closed",FALSE
"06c0dd6c129d8567651081156272cfe972e52c7d",31,"allqc_residual_exact500","sct_pearson_residual_all_qc_fit_selected384","exact500",20260809,"H0","1cfdf785c2307f9d6fa15f84917073af8d83082ac6b73b8de055e8afe5a159b4","9fc531b3bcf7c6df277ab2eeab9702346f860b3c1e05aa2f162ce8e5fc76ee35","mv10_partition_quality_v1","pam_dissimilarity_v1",7,0.373498599454241,0.400639348488833,-0.099126812286328,0.032258064516129,4,27,0,"closed",FALSE
"06c0dd6c129d8567651081156272cfe972e52c7d",31,"allqc_residual_exact500","sct_pearson_residual_all_qc_fit_selected384","exact500",20260809,"H0","1cfdf785c2307f9d6fa15f84917073af8d83082ac6b73b8de055e8afe5a159b4","9fc531b3bcf7c6df277ab2eeab9702346f860b3c1e05aa2f162ce8e5fc76ee35","mv10_partition_quality_v1","pam_dissimilarity_v1",8,0.355859604391096,0.370372993645237,-0.0955500140911819,0.032258064516129,4,26,0,"closed",FALSE
"06c0dd6c129d8567651081156272cfe972e52c7d",31,"allqc_residual_exact500","sct_pearson_residual_all_qc_fit_selected384","exact500",20260809,"H0","1cfdf785c2307f9d6fa15f84917073af8d83082ac6b73b8de055e8afe5a159b4","9fc531b3bcf7c6df277ab2eeab9702346f860b3c1e05aa2f162ce8e5fc76ee35","mv10_partition_quality_v1","pam_dissimilarity_v1",9,0.332580195271485,0.345851613031139,-0.0955500140911819,0.0483870967741935,4,22,0,"closed",FALSE
"06c0dd6c129d8567651081156272cfe972e52c7d",31,"allqc_residual_exact500","sct_pearson_residual_all_qc_fit_selected384","exact500",20260809,"H0","1cfdf785c2307f9d6fa15f84917073af8d83082ac6b73b8de055e8afe5a159b4","9fc531b3bcf7c6df277ab2eeab9702346f860b3c1e05aa2f162ce8e5fc76ee35","mv10_partition_quality_v1","pam_dissimilarity_v1",10,0.335680516975732,0.355289696368398,-0.252243315247642,0.0483870967741935,4,21,0,"closed",FALSE
"06c0dd6c129d8567651081156272cfe972e52c7d",31,"allqc_residual_exact500","sct_pearson_residual_all_qc_fit_selected384","exact500",20260809,"H0","1cfdf785c2307f9d6fa15f84917073af8d83082ac6b73b8de055e8afe5a159b4","9fc531b3bcf7c6df277ab2eeab9702346f860b3c1e05aa2f162ce8e5fc76ee35","mv10_partition_quality_v1","hclust_average_v1",2,0.574748624184961,0.653407303226879,-0.381251586723166,0.0403225806451613,24,100,0,"closed",FALSE
"06c0dd6c129d8567651081156272cfe972e52c7d",31,"allqc_residual_exact500","sct_pearson_residual_all_qc_fit_selected384","exact500",20260809,"H0","1cfdf785c2307f9d6fa15f84917073af8d83082ac6b73b8de055e8afe5a159b4","9fc531b3bcf7c6df277ab2eeab9702346f860b3c1e05aa2f162ce8e5fc76ee35","mv10_partition_quality_v1","hclust_average_v1",3,0.518443270027632,0.62615458954144,-0.563237222223676,0.0645161290322581,5,100,0,"closed",FALSE
"06c0dd6c129d8567651081156272cfe972e52c7d",31,"allqc_residual_exact500","sct_pearson_residual_all_qc_fit_selected384","exact500",20260809,"H0","1cfdf785c2307f9d6fa15f84917073af8d83082ac6b73b8de055e8afe5a159b4","9fc531b3bcf7c6df277ab2eeab9702346f860b3c1e05aa2f162ce8e5fc76ee35","mv10_partition_quality_v1","hclust_average_v1",4,0.463310447118663,0.568857330713886,-0.439062362491176,0.0887096774193548,5,69,0,"closed",FALSE
"06c0dd6c129d8567651081156272cfe972e52c7d",31,"allqc_residual_exact500","sct_pearson_residual_all_qc_fit_selected384","exact500",20260809,"H0","1cfdf785c2307f9d6fa15f84917073af8d83082ac6b73b8de055e8afe5a159b4","9fc531b3bcf7c6df277ab2eeab9702346f860b3c1e05aa2f162ce8e5fc76ee35","mv10_partition_quality_v1","hclust_average_v1",5,0.419709322779483,0.536027579355519,-0.460689740840281,0.120967741935484,4,69,0,"closed",FALSE
"06c0dd6c129d8567651081156272cfe972e52c7d",31,"allqc_residual_exact500","sct_pearson_residual_all_qc_fit_selected384","exact500",20260809,"H0","1cfdf785c2307f9d6fa15f84917073af8d83082ac6b73b8de055e8afe5a159b4","9fc531b3bcf7c6df277ab2eeab9702346f860b3c1e05aa2f162ce8e5fc76ee35","mv10_partition_quality_v1","hclust_average_v1",6,0.416833122170735,0.47241300707035,-0.190930643582626,0.0403225806451613,4,42,0,"closed",FALSE
"06c0dd6c129d8567651081156272cfe972e52c7d",31,"allqc_residual_exact500","sct_pearson_residual_all_qc_fit_selected384","exact500",20260809,"H0","1cfdf785c2307f9d6fa15f84917073af8d83082ac6b73b8de055e8afe5a159b4","9fc531b3bcf7c6df277ab2eeab9702346f860b3c1e05aa2f162ce8e5fc76ee35","mv10_partition_quality_v1","hclust_average_v1",7,0.400577085073343,0.43436132989221,-0.190930643582626,0.0403225806451613,1,42,1,"closed",FALSE
"06c0dd6c129d8567651081156272cfe972e52c7d",31,"allqc_residual_exact500","sct_pearson_residual_all_qc_fit_selected384","exact500",20260809,"H0","1cfdf785c2307f9d6fa15f84917073af8d83082ac6b73b8de055e8afe5a159b4","9fc531b3bcf7c6df277ab2eeab9702346f860b3c1e05aa2f162ce8e5fc76ee35","mv10_partition_quality_v1","hclust_average_v1",8,0.385028289808094,0.422408667403624,-0.24117372601481,0.0403225806451613,1,42,1,"closed",FALSE
"06c0dd6c129d8567651081156272cfe972e52c7d",31,"allqc_residual_exact500","sct_pearson_residual_all_qc_fit_selected384","exact500",20260809,"H0","1cfdf785c2307f9d6fa15f84917073af8d83082ac6b73b8de055e8afe5a159b4","9fc531b3bcf7c6df277ab2eeab9702346f860b3c1e05aa2f162ce8e5fc76ee35","mv10_partition_quality_v1","hclust_average_v1",9,0.368160004633515,0.416820360146681,-0.24117372601481,0.0645161290322581,1,42,2,"closed",FALSE
"06c0dd6c129d8567651081156272cfe972e52c7d",31,"allqc_residual_exact500","sct_pearson_residual_all_qc_fit_selected384","exact500",20260809,"H0","1cfdf785c2307f9d6fa15f84917073af8d83082ac6b73b8de055e8afe5a159b4","9fc531b3bcf7c6df277ab2eeab9702346f860b3c1e05aa2f162ce8e5fc76ee35","mv10_partition_quality_v1","hclust_average_v1",10,0.330743163045268,0.379582874077194,-0.373810621222988,0.104838709677419,1,42,2,"closed",FALSE
"06c0dd6c129d8567651081156272cfe972e52c7d",31,"allqc_residual_exact500","sct_pearson_residual_all_qc_fit_selected384","exact500",20260809,"H0","1cfdf785c2307f9d6fa15f84917073af8d83082ac6b73b8de055e8afe5a159b4","9fc531b3bcf7c6df277ab2eeab9702346f860b3c1e05aa2f162ce8e5fc76ee35","mv10_partition_quality_v1","hclust_complete_v1",2,0.574748624184961,0.653407303226879,-0.381251586723166,0.0403225806451613,24,100,0,"closed",FALSE
"06c0dd6c129d8567651081156272cfe972e52c7d",31,"allqc_residual_exact500","sct_pearson_residual_all_qc_fit_selected384","exact500",20260809,"H0","1cfdf785c2307f9d6fa15f84917073af8d83082ac6b73b8de055e8afe5a159b4","9fc531b3bcf7c6df277ab2eeab9702346f860b3c1e05aa2f162ce8e5fc76ee35","mv10_partition_quality_v1","hclust_complete_v1",3,0.500145711384848,0.557753323464392,-0.0987254854957835,0.00806451612903226,24,56,0,"closed",FALSE
"06c0dd6c129d8567651081156272cfe972e52c7d",31,"allqc_residual_exact500","sct_pearson_residual_all_qc_fit_selected384","exact500",20260809,"H0","1cfdf785c2307f9d6fa15f84917073af8d83082ac6b73b8de055e8afe5a159b4","9fc531b3bcf7c6df277ab2eeab9702346f860b3c1e05aa2f162ce8e5fc76ee35","mv10_partition_quality_v1","hclust_complete_v1",4,0.496280613432258,0.576245241847466,-0.363807402092279,0.032258064516129,5,56,0,"closed",FALSE
"06c0dd6c129d8567651081156272cfe972e52c7d",31,"allqc_residual_exact500","sct_pearson_residual_all_qc_fit_selected384","exact500",20260809,"H0","1cfdf785c2307f9d6fa15f84917073af8d83082ac6b73b8de055e8afe5a159b4","9fc531b3bcf7c6df277ab2eeab9702346f860b3c1e05aa2f162ce8e5fc76ee35","mv10_partition_quality_v1","hclust_complete_v1",5,0.453776554255938,0.5223615181643,-0.363807402092279,0.0645161290322581,4,56,0,"closed",FALSE
"06c0dd6c129d8567651081156272cfe972e52c7d",31,"allqc_residual_exact500","sct_pearson_residual_all_qc_fit_selected384","exact500",20260809,"H0","1cfdf785c2307f9d6fa15f84917073af8d83082ac6b73b8de055e8afe5a159b4","9fc531b3bcf7c6df277ab2eeab9702346f860b3c1e05aa2f162ce8e5fc76ee35","mv10_partition_quality_v1","hclust_complete_v1",6,0.392298205200414,0.440463581923122,-0.206933775785075,0.0725806451612903,4,40,0,"closed",FALSE
"06c0dd6c129d8567651081156272cfe972e52c7d",31,"allqc_residual_exact500","sct_pearson_residual_all_qc_fit_selected384","exact500",20260809,"H0","1cfdf785c2307f9d6fa15f84917073af8d83082ac6b73b8de055e8afe5a159b4","9fc531b3bcf7c6df277ab2eeab9702346f860b3c1e05aa2f162ce8e5fc76ee35","mv10_partition_quality_v1","hclust_complete_v1",7,0.374530944425594,0.386612226199346,-0.115326673566532,0.0403225806451613,4,29,0,"closed",FALSE
"06c0dd6c129d8567651081156272cfe972e52c7d",31,"allqc_residual_exact500","sct_pearson_residual_all_qc_fit_selected384","exact500",20260809,"H0","1cfdf785c2307f9d6fa15f84917073af8d83082ac6b73b8de055e8afe5a159b4","9fc531b3bcf7c6df277ab2eeab9702346f860b3c1e05aa2f162ce8e5fc76ee35","mv10_partition_quality_v1","hclust_complete_v1",8,0.349067483746835,0.373504617999719,-0.24117372601481,0.0403225806451613,3,29,0,"closed",FALSE
"06c0dd6c129d8567651081156272cfe972e52c7d",31,"allqc_residual_exact500","sct_pearson_residual_all_qc_fit_selected384","exact500",20260809,"H0","1cfdf785c2307f9d6fa15f84917073af8d83082ac6b73b8de055e8afe5a159b4","9fc531b3bcf7c6df277ab2eeab9702346f860b3c1e05aa2f162ce8e5fc76ee35","mv10_partition_quality_v1","hclust_complete_v1",9,0.334512615391759,0.363540379191159,-0.189437772830854,0.0403225806451613,3,29,0,"closed",FALSE
"06c0dd6c129d8567651081156272cfe972e52c7d",31,"allqc_residual_exact500","sct_pearson_residual_all_qc_fit_selected384","exact500",20260809,"H0","1cfdf785c2307f9d6fa15f84917073af8d83082ac6b73b8de055e8afe5a159b4","9fc531b3bcf7c6df277ab2eeab9702346f860b3c1e05aa2f162ce8e5fc76ee35","mv10_partition_quality_v1","hclust_complete_v1",10,0.328667050245538,0.361323600265498,-0.189437772830854,0.0403225806451613,1,29,1,"closed",FALSE
"06c0dd6c129d8567651081156272cfe972e52c7d",31,"allqc_residual_exact500","sct_pearson_residual_all_qc_fit_selected384","exact500",20260809,"H0","1cfdf785c2307f9d6fa15f84917073af8d83082ac6b73b8de055e8afe5a159b4","9fc531b3bcf7c6df277ab2eeab9702346f860b3c1e05aa2f162ce8e5fc76ee35","mv10_partition_quality_v1","hclust_single_diagnostic_v1",2,0.369054719431506,0.520347889848539,-0.695891843710471,0.137096774193548,1,123,1,"closed",FALSE
"06c0dd6c129d8567651081156272cfe972e52c7d",31,"allqc_residual_exact500","sct_pearson_residual_all_qc_fit_selected384","exact500",20260809,"H0","1cfdf785c2307f9d6fa15f84917073af8d83082ac6b73b8de055e8afe5a159b4","9fc531b3bcf7c6df277ab2eeab9702346f860b3c1e05aa2f162ce8e5fc76ee35","mv10_partition_quality_v1","hclust_single_diagnostic_v1",3,0.264899631716269,0.402492049286422,-0.802585531828579,0.217741935483871,1,122,2,"closed",FALSE
"06c0dd6c129d8567651081156272cfe972e52c7d",31,"allqc_residual_exact500","sct_pearson_residual_all_qc_fit_selected384","exact500",20260809,"H0","1cfdf785c2307f9d6fa15f84917073af8d83082ac6b73b8de055e8afe5a159b4","9fc531b3bcf7c6df277ab2eeab9702346f860b3c1e05aa2f162ce8e5fc76ee35","mv10_partition_quality_v1","hclust_single_diagnostic_v1",4,0.272635968716029,0.427974545125667,-0.677505341786886,0.258064516129032,1,118,2,"closed",FALSE
"06c0dd6c129d8567651081156272cfe972e52c7d",31,"allqc_residual_exact500","sct_pearson_residual_all_qc_fit_selected384","exact500",20260809,"H0","1cfdf785c2307f9d6fa15f84917073af8d83082ac6b73b8de055e8afe5a159b4","9fc531b3bcf7c6df277ab2eeab9702346f860b3c1e05aa2f162ce8e5fc76ee35","mv10_partition_quality_v1","hclust_single_diagnostic_v1",5,0.259295349759162,0.404002970430558,-0.686087191737,0.258064516129032,1,118,3,"closed",FALSE
"06c0dd6c129d8567651081156272cfe972e52c7d",31,"allqc_residual_exact500","sct_pearson_residual_all_qc_fit_selected384","exact500",20260809,"H0","1cfdf785c2307f9d6fa15f84917073af8d83082ac6b73b8de055e8afe5a159b4","9fc531b3bcf7c6df277ab2eeab9702346f860b3c1e05aa2f162ce8e5fc76ee35","mv10_partition_quality_v1","hclust_single_diagnostic_v1",6,0.254146451472044,0.404002970430558,-0.700706974913766,0.266129032258065,1,118,4,"closed",FALSE
"06c0dd6c129d8567651081156272cfe972e52c7d",31,"allqc_residual_exact500","sct_pearson_residual_all_qc_fit_selected384","exact500",20260809,"H0","1cfdf785c2307f9d6fa15f84917073af8d83082ac6b73b8de055e8afe5a159b4","9fc531b3bcf7c6df277ab2eeab9702346f860b3c1e05aa2f162ce8e5fc76ee35","mv10_partition_quality_v1","hclust_single_diagnostic_v1",7,0.142425749239602,0.260672138940714,-0.730627970408651,0.338709677419355,1,115,4,"closed",FALSE
"06c0dd6c129d8567651081156272cfe972e52c7d",31,"allqc_residual_exact500","sct_pearson_residual_all_qc_fit_selected384","exact500",20260809,"H0","1cfdf785c2307f9d6fa15f84917073af8d83082ac6b73b8de055e8afe5a159b4","9fc531b3bcf7c6df277ab2eeab9702346f860b3c1e05aa2f162ce8e5fc76ee35","mv10_partition_quality_v1","hclust_single_diagnostic_v1",8,0.281626500712451,0.415768936811201,-0.665901535649928,0.209677419354839,1,96,4,"closed",FALSE
"06c0dd6c129d8567651081156272cfe972e52c7d",31,"allqc_residual_exact500","sct_pearson_residual_all_qc_fit_selected384","exact500",20260809,"H0","1cfdf785c2307f9d6fa15f84917073af8d83082ac6b73b8de055e8afe5a159b4","9fc531b3bcf7c6df277ab2eeab9702346f860b3c1e05aa2f162ce8e5fc76ee35","mv10_partition_quality_v1","hclust_single_diagnostic_v1",9,0.24946392660134,0.390579242867273,-0.665901535649928,0.193548387096774,1,96,4,"closed",FALSE
"06c0dd6c129d8567651081156272cfe972e52c7d",31,"allqc_residual_exact500","sct_pearson_residual_all_qc_fit_selected384","exact500",20260809,"H0","1cfdf785c2307f9d6fa15f84917073af8d83082ac6b73b8de055e8afe5a159b4","9fc531b3bcf7c6df277ab2eeab9702346f860b3c1e05aa2f162ce8e5fc76ee35","mv10_partition_quality_v1","hclust_single_diagnostic_v1",10,0.245147604115988,0.382385567361618,-0.665901535649928,0.193548387096774,1,96,6,"closed",FALSE
"06c0dd6c129d8567651081156272cfe972e52c7d",31,"allqc_residual_exact500","sct_pearson_residual_all_qc_fit_selected384","exact500",20260809,"H0","1cfdf785c2307f9d6fa15f84917073af8d83082ac6b73b8de055e8afe5a159b4","9fc531b3bcf7c6df277ab2eeab9702346f860b3c1e05aa2f162ce8e5fc76ee35","mv10_partition_quality_v1","diana_dissimilarity_v1",2,0.56599984620802,0.639540159522013,0.053619214922848,0,32,92,0,"closed",FALSE
"06c0dd6c129d8567651081156272cfe972e52c7d",31,"allqc_residual_exact500","sct_pearson_residual_all_qc_fit_selected384","exact500",20260809,"H0","1cfdf785c2307f9d6fa15f84917073af8d83082ac6b73b8de055e8afe5a159b4","9fc531b3bcf7c6df277ab2eeab9702346f860b3c1e05aa2f162ce8e5fc76ee35","mv10_partition_quality_v1","diana_dissimilarity_v1",3,0.500553494148462,0.593426033234927,-0.186529345369112,0.0403225806451613,7,92,0,"closed",FALSE
"06c0dd6c129d8567651081156272cfe972e52c7d",31,"allqc_residual_exact500","sct_pearson_residual_all_qc_fit_selected384","exact500",20260809,"H0","1cfdf785c2307f9d6fa15f84917073af8d83082ac6b73b8de055e8afe5a159b4","9fc531b3bcf7c6df277ab2eeab9702346f860b3c1e05aa2f162ce8e5fc76ee35","mv10_partition_quality_v1","diana_dissimilarity_v1",4,0.478870950876493,0.549861942216369,-0.10633801474608,0.00806451612903226,7,51,0,"closed",FALSE
"06c0dd6c129d8567651081156272cfe972e52c7d",31,"allqc_residual_exact500","sct_pearson_residual_all_qc_fit_selected384","exact500",20260809,"H0","1cfdf785c2307f9d6fa15f84917073af8d83082ac6b73b8de055e8afe5a159b4","9fc531b3bcf7c6df277ab2eeab9702346f860b3c1e05aa2f162ce8e5fc76ee35","mv10_partition_quality_v1","diana_dissimilarity_v1",5,0.41929774406391,0.483787737691451,-0.185526806913286,0.032258064516129,7,51,0,"closed",FALSE
"06c0dd6c129d8567651081156272cfe972e52c7d",31,"allqc_residual_exact500","sct_pearson_residual_all_qc_fit_selected384","exact500",20260809,"H0","1cfdf785c2307f9d6fa15f84917073af8d83082ac6b73b8de055e8afe5a159b4","9fc531b3bcf7c6df277ab2eeab9702346f860b3c1e05aa2f162ce8e5fc76ee35","mv10_partition_quality_v1","diana_dissimilarity_v1",6,0.356810349299707,0.418520253507768,-0.320327639334139,0.0887096774193548,7,51,0,"closed",FALSE
"06c0dd6c129d8567651081156272cfe972e52c7d",31,"allqc_residual_exact500","sct_pearson_residual_all_qc_fit_selected384","exact500",20260809,"H0","1cfdf785c2307f9d6fa15f84917073af8d83082ac6b73b8de055e8afe5a159b4","9fc531b3bcf7c6df277ab2eeab9702346f860b3c1e05aa2f162ce8e5fc76ee35","mv10_partition_quality_v1","diana_dissimilarity_v1",7,0.342061708596676,0.403518554077932,-0.363521493464714,0.0806451612903226,2,51,0,"closed",FALSE
"06c0dd6c129d8567651081156272cfe972e52c7d",31,"allqc_residual_exact500","sct_pearson_residual_all_qc_fit_selected384","exact500",20260809,"H0","1cfdf785c2307f9d6fa15f84917073af8d83082ac6b73b8de055e8afe5a159b4","9fc531b3bcf7c6df277ab2eeab9702346f860b3c1e05aa2f162ce8e5fc76ee35","mv10_partition_quality_v1","diana_dissimilarity_v1",8,0.332958528370645,0.372581223557741,-0.363521493464714,0.0241935483870968,2,32,0,"closed",FALSE
"06c0dd6c129d8567651081156272cfe972e52c7d",31,"allqc_residual_exact500","sct_pearson_residual_all_qc_fit_selected384","exact500",20260809,"H0","1cfdf785c2307f9d6fa15f84917073af8d83082ac6b73b8de055e8afe5a159b4","9fc531b3bcf7c6df277ab2eeab9702346f860b3c1e05aa2f162ce8e5fc76ee35","mv10_partition_quality_v1","diana_dissimilarity_v1",9,0.314881912505406,0.35577200013316,-0.363521493464714,0.0645161290322581,1,32,1,"closed",FALSE
"06c0dd6c129d8567651081156272cfe972e52c7d",31,"allqc_residual_exact500","sct_pearson_residual_all_qc_fit_selected384","exact500",20260809,"H0","1cfdf785c2307f9d6fa15f84917073af8d83082ac6b73b8de055e8afe5a159b4","9fc531b3bcf7c6df277ab2eeab9702346f860b3c1e05aa2f162ce8e5fc76ee35","mv10_partition_quality_v1","diana_dissimilarity_v1",10,0.295252954338487,0.332590588092651,-0.363521493464714,0.032258064516129,1,28,1,"closed",FALSE
"06c0dd6c129d8567651081156272cfe972e52c7d",32,"allqc_residual_exact500","sct_pearson_residual_all_qc_fit_selected384","exact500",20260809,"H1","f0e5f26e8056291af5a07172ead9f6a4fb69cbe0ef8cf4555d925088d24c16f2","9fc531b3bcf7c6df277ab2eeab9702346f860b3c1e05aa2f162ce8e5fc76ee35","mv10_partition_quality_v1","pam_dissimilarity_v1",2,0.33214657629777,0.373988996986093,-0.0540080468143052,0.032258064516129,44,80,0,"closed",FALSE
"06c0dd6c129d8567651081156272cfe972e52c7d",32,"allqc_residual_exact500","sct_pearson_residual_all_qc_fit_selected384","exact500",20260809,"H1","f0e5f26e8056291af5a07172ead9f6a4fb69cbe0ef8cf4555d925088d24c16f2","9fc531b3bcf7c6df277ab2eeab9702346f860b3c1e05aa2f162ce8e5fc76ee35","mv10_partition_quality_v1","pam_dissimilarity_v1",3,0.328574804569775,0.352706450157461,-0.081703253218522,0.00806451612903226,27,65,0,"closed",FALSE
"06c0dd6c129d8567651081156272cfe972e52c7d",32,"allqc_residual_exact500","sct_pearson_residual_all_qc_fit_selected384","exact500",20260809,"H1","f0e5f26e8056291af5a07172ead9f6a4fb69cbe0ef8cf4555d925088d24c16f2","9fc531b3bcf7c6df277ab2eeab9702346f860b3c1e05aa2f162ce8e5fc76ee35","mv10_partition_quality_v1","pam_dissimilarity_v1",4,0.285384012653397,0.330440507708815,-0.157429286656803,0.0645161290322581,16,60,0,"closed",FALSE
"06c0dd6c129d8567651081156272cfe972e52c7d",32,"allqc_residual_exact500","sct_pearson_residual_all_qc_fit_selected384","exact500",20260809,"H1","f0e5f26e8056291af5a07172ead9f6a4fb69cbe0ef8cf4555d925088d24c16f2","9fc531b3bcf7c6df277ab2eeab9702346f860b3c1e05aa2f162ce8e5fc76ee35","mv10_partition_quality_v1","pam_dissimilarity_v1",5,0.22339526424155,0.231618777396749,-0.0654759422845674,0.0483870967741935,16,36,0,"closed",FALSE
"06c0dd6c129d8567651081156272cfe972e52c7d",32,"allqc_residual_exact500","sct_pearson_residual_all_qc_fit_selected384","exact500",20260809,"H1","f0e5f26e8056291af5a07172ead9f6a4fb69cbe0ef8cf4555d925088d24c16f2","9fc531b3bcf7c6df277ab2eeab9702346f860b3c1e05aa2f162ce8e5fc76ee35","mv10_partition_quality_v1","pam_dissimilarity_v1",6,0.208650897092181,0.226054733219312,-0.0989178831646349,0.0725806451612903,12,30,0,"closed",FALSE
"06c0dd6c129d8567651081156272cfe972e52c7d",32,"allqc_residual_exact500","sct_pearson_residual_all_qc_fit_selected384","exact500",20260809,"H1","f0e5f26e8056291af5a07172ead9f6a4fb69cbe0ef8cf4555d925088d24c16f2","9fc531b3bcf7c6df277ab2eeab9702346f860b3c1e05aa2f162ce8e5fc76ee35","mv10_partition_quality_v1","pam_dissimilarity_v1",7,0.216528731119162,0.228887417990283,-0.092604165683677,0.0645161290322581,10,30,0,"closed",FALSE
"06c0dd6c129d8567651081156272cfe972e52c7d",32,"allqc_residual_exact500","sct_pearson_residual_all_qc_fit_selected384","exact500",20260809,"H1","f0e5f26e8056291af5a07172ead9f6a4fb69cbe0ef8cf4555d925088d24c16f2","9fc531b3bcf7c6df277ab2eeab9702346f860b3c1e05aa2f162ce8e5fc76ee35","mv10_partition_quality_v1","pam_dissimilarity_v1",8,0.185755938094837,0.176879882027393,-0.140239954902769,0.0967741935483871,6,30,0,"closed",FALSE
"06c0dd6c129d8567651081156272cfe972e52c7d",32,"allqc_residual_exact500","sct_pearson_residual_all_qc_fit_selected384","exact500",20260809,"H1","f0e5f26e8056291af5a07172ead9f6a4fb69cbe0ef8cf4555d925088d24c16f2","9fc531b3bcf7c6df277ab2eeab9702346f860b3c1e05aa2f162ce8e5fc76ee35","mv10_partition_quality_v1","pam_dissimilarity_v1",9,0.146661611759813,0.126609704316698,-0.144447070227757,0.153225806451613,6,22,0,"closed",FALSE
"06c0dd6c129d8567651081156272cfe972e52c7d",32,"allqc_residual_exact500","sct_pearson_residual_all_qc_fit_selected384","exact500",20260809,"H1","f0e5f26e8056291af5a07172ead9f6a4fb69cbe0ef8cf4555d925088d24c16f2","9fc531b3bcf7c6df277ab2eeab9702346f860b3c1e05aa2f162ce8e5fc76ee35","mv10_partition_quality_v1","pam_dissimilarity_v1",10,0.160194928315471,0.148351327047905,-0.155682831764888,0.161290322580645,6,17,0,"closed",FALSE
"06c0dd6c129d8567651081156272cfe972e52c7d",32,"allqc_residual_exact500","sct_pearson_residual_all_qc_fit_selected384","exact500",20260809,"H1","f0e5f26e8056291af5a07172ead9f6a4fb69cbe0ef8cf4555d925088d24c16f2","9fc531b3bcf7c6df277ab2eeab9702346f860b3c1e05aa2f162ce8e5fc76ee35","mv10_partition_quality_v1","hclust_average_v1",2,0.446949318750358,0.518008182050118,-0.371128316874895,0.0725806451612903,1,123,1,"closed",FALSE
"06c0dd6c129d8567651081156272cfe972e52c7d",32,"allqc_residual_exact500","sct_pearson_residual_all_qc_fit_selected384","exact500",20260809,"H1","f0e5f26e8056291af5a07172ead9f6a4fb69cbe0ef8cf4555d925088d24c16f2","9fc531b3bcf7c6df277ab2eeab9702346f860b3c1e05aa2f162ce8e5fc76ee35","mv10_partition_quality_v1","hclust_average_v1",3,0.321943910383125,0.371591588301097,-0.147261019917083,0.0403225806451613,1,87,1,"closed",FALSE
"06c0dd6c129d8567651081156272cfe972e52c7d",32,"allqc_residual_exact500","sct_pearson_residual_all_qc_fit_selected384","exact500",20260809,"H1","f0e5f26e8056291af5a07172ead9f6a4fb69cbe0ef8cf4555d925088d24c16f2","9fc531b3bcf7c6df277ab2eeab9702346f860b3c1e05aa2f162ce8e5fc76ee35","mv10_partition_quality_v1","hclust_average_v1",4,0.298534311702102,0.339348524401933,-0.0724707087607993,0.0403225806451613,1,55,1,"closed",FALSE
"06c0dd6c129d8567651081156272cfe972e52c7d",32,"allqc_residual_exact500","sct_pearson_residual_all_qc_fit_selected384","exact500",20260809,"H1","f0e5f26e8056291af5a07172ead9f6a4fb69cbe0ef8cf4555d925088d24c16f2","9fc531b3bcf7c6df277ab2eeab9702346f860b3c1e05aa2f162ce8e5fc76ee35","mv10_partition_quality_v1","hclust_average_v1",5,0.264644096702244,0.27750249317031,-0.0819132122060001,0.0645161290322581,1,55,2,"closed",FALSE
"06c0dd6c129d8567651081156272cfe972e52c7d",32,"allqc_residual_exact500","sct_pearson_residual_all_qc_fit_selected384","exact500",20260809,"H1","f0e5f26e8056291af5a07172ead9f6a4fb69cbe0ef8cf4555d925088d24c16f2","9fc531b3bcf7c6df277ab2eeab9702346f860b3c1e05aa2f162ce8e5fc76ee35","mv10_partition_quality_v1","hclust_average_v1",6,0.253032294120658,0.273583063469822,-0.142871863909953,0.0725806451612903,1,55,2,"closed",FALSE
"06c0dd6c129d8567651081156272cfe972e52c7d",32,"allqc_residual_exact500","sct_pearson_residual_all_qc_fit_selected384","exact500",20260809,"H1","f0e5f26e8056291af5a07172ead9f6a4fb69cbe0ef8cf4555d925088d24c16f2","9fc531b3bcf7c6df277ab2eeab9702346f860b3c1e05aa2f162ce8e5fc76ee35","mv10_partition_quality_v1","hclust_average_v1",7,0.230270886786747,0.244635354352052,-0.146002222346919,0.0645161290322581,1,55,2,"closed",FALSE
"06c0dd6c129d8567651081156272cfe972e52c7d",32,"allqc_residual_exact500","sct_pearson_residual_all_qc_fit_selected384","exact500",20260809,"H1","f0e5f26e8056291af5a07172ead9f6a4fb69cbe0ef8cf4555d925088d24c16f2","9fc531b3bcf7c6df277ab2eeab9702346f860b3c1e05aa2f162ce8e5fc76ee35","mv10_partition_quality_v1","hclust_average_v1",8,0.191458679579599,0.195100565388914,-0.150384720406576,0.0967741935483871,1,55,2,"closed",FALSE
"06c0dd6c129d8567651081156272cfe972e52c7d",32,"allqc_residual_exact500","sct_pearson_residual_all_qc_fit_selected384","exact500",20260809,"H1","f0e5f26e8056291af5a07172ead9f6a4fb69cbe0ef8cf4555d925088d24c16f2","9fc531b3bcf7c6df277ab2eeab9702346f860b3c1e05aa2f162ce8e5fc76ee35","mv10_partition_quality_v1","hclust_average_v1",9,0.177370732785436,0.186634018236916,-0.150384720406576,0.0967741935483871,1,55,3,"closed",FALSE
"06c0dd6c129d8567651081156272cfe972e52c7d",32,"allqc_residual_exact500","sct_pearson_residual_all_qc_fit_selected384","exact500",20260809,"H1","f0e5f26e8056291af5a07172ead9f6a4fb69cbe0ef8cf4555d925088d24c16f2","9fc531b3bcf7c6df277ab2eeab9702346f860b3c1e05aa2f162ce8e5fc76ee35","mv10_partition_quality_v1","hclust_average_v1",10,0.170289966846586,0.179379612447012,-0.180204743549639,0.104838709677419,1,48,3,"closed",FALSE
"06c0dd6c129d8567651081156272cfe972e52c7d",32,"allqc_residual_exact500","sct_pearson_residual_all_qc_fit_selected384","exact500",20260809,"H1","f0e5f26e8056291af5a07172ead9f6a4fb69cbe0ef8cf4555d925088d24c16f2","9fc531b3bcf7c6df277ab2eeab9702346f860b3c1e05aa2f162ce8e5fc76ee35","mv10_partition_quality_v1","hclust_complete_v1",2,0.344182437859646,0.422472837594284,-0.416411254109415,0.112903225806452,14,110,0,"closed",FALSE
"06c0dd6c129d8567651081156272cfe972e52c7d",32,"allqc_residual_exact500","sct_pearson_residual_all_qc_fit_selected384","exact500",20260809,"H1","f0e5f26e8056291af5a07172ead9f6a4fb69cbe0ef8cf4555d925088d24c16f2","9fc531b3bcf7c6df277ab2eeab9702346f860b3c1e05aa2f162ce8e5fc76ee35","mv10_partition_quality_v1","hclust_complete_v1",3,0.308322046612154,0.37061540619374,-0.31625793221572,0.0806451612903226,14,78,0,"closed",FALSE
"06c0dd6c129d8567651081156272cfe972e52c7d",32,"allqc_residual_exact500","sct_pearson_residual_all_qc_fit_selected384","exact500",20260809,"H1","f0e5f26e8056291af5a07172ead9f6a4fb69cbe0ef8cf4555d925088d24c16f2","9fc531b3bcf7c6df277ab2eeab9702346f860b3c1e05aa2f162ce8e5fc76ee35","mv10_partition_quality_v1","hclust_complete_v1",4,0.270555200349565,0.321626268756875,-0.327501081290306,0.0806451612903226,10,68,0,"closed",FALSE
"06c0dd6c129d8567651081156272cfe972e52c7d",32,"allqc_residual_exact500","sct_pearson_residual_all_qc_fit_selected384","exact500",20260809,"H1","f0e5f26e8056291af5a07172ead9f6a4fb69cbe0ef8cf4555d925088d24c16f2","9fc531b3bcf7c6df277ab2eeab9702346f860b3c1e05aa2f162ce8e5fc76ee35","mv10_partition_quality_v1","hclust_complete_v1",5,0.206859962522695,0.266631377097838,-0.267982722203173,0.17741935483871,10,56,0,"closed",FALSE
"06c0dd6c129d8567651081156272cfe972e52c7d",32,"allqc_residual_exact500","sct_pearson_residual_all_qc_fit_selected384","exact500",20260809,"H1","f0e5f26e8056291af5a07172ead9f6a4fb69cbe0ef8cf4555d925088d24c16f2","9fc531b3bcf7c6df277ab2eeab9702346f860b3c1e05aa2f162ce8e5fc76ee35","mv10_partition_quality_v1","hclust_complete_v1",6,0.205191767074759,0.255444731641817,-0.339129497804074,0.17741935483871,1,56,1,"closed",FALSE
"06c0dd6c129d8567651081156272cfe972e52c7d",32,"allqc_residual_exact500","sct_pearson_residual_all_qc_fit_selected384","exact500",20260809,"H1","f0e5f26e8056291af5a07172ead9f6a4fb69cbe0ef8cf4555d925088d24c16f2","9fc531b3bcf7c6df277ab2eeab9702346f860b3c1e05aa2f162ce8e5fc76ee35","mv10_partition_quality_v1","hclust_complete_v1",7,0.173742798884565,0.187682887024826,-0.339129497804074,0.193548387096774,1,56,1,"closed",FALSE
"06c0dd6c129d8567651081156272cfe972e52c7d",32,"allqc_residual_exact500","sct_pearson_residual_all_qc_fit_selected384","exact500",20260809,"H1","f0e5f26e8056291af5a07172ead9f6a4fb69cbe0ef8cf4555d925088d24c16f2","9fc531b3bcf7c6df277ab2eeab9702346f860b3c1e05aa2f162ce8e5fc76ee35","mv10_partition_quality_v1","hclust_complete_v1",8,0.185878384781065,0.179014398656259,-0.315553694590727,0.129032258064516,1,43,1,"closed",FALSE
"06c0dd6c129d8567651081156272cfe972e52c7d",32,"allqc_residual_exact500","sct_pearson_residual_all_qc_fit_selected384","exact500",20260809,"H1","f0e5f26e8056291af5a07172ead9f6a4fb69cbe0ef8cf4555d925088d24c16f2","9fc531b3bcf7c6df277ab2eeab9702346f860b3c1e05aa2f162ce8e5fc76ee35","mv10_partition_quality_v1","hclust_complete_v1",9,0.206818179272886,0.200912039068581,-0.14169170079349,0.104838709677419,1,33,1,"closed",FALSE
"06c0dd6c129d8567651081156272cfe972e52c7d",32,"allqc_residual_exact500","sct_pearson_residual_all_qc_fit_selected384","exact500",20260809,"H1","f0e5f26e8056291af5a07172ead9f6a4fb69cbe0ef8cf4555d925088d24c16f2","9fc531b3bcf7c6df277ab2eeab9702346f860b3c1e05aa2f162ce8e5fc76ee35","mv10_partition_quality_v1","hclust_complete_v1",10,0.197787897418339,0.184450912057603,-0.14169170079349,0.104838709677419,1,33,1,"closed",FALSE
"06c0dd6c129d8567651081156272cfe972e52c7d",32,"allqc_residual_exact500","sct_pearson_residual_all_qc_fit_selected384","exact500",20260809,"H1","f0e5f26e8056291af5a07172ead9f6a4fb69cbe0ef8cf4555d925088d24c16f2","9fc531b3bcf7c6df277ab2eeab9702346f860b3c1e05aa2f162ce8e5fc76ee35","mv10_partition_quality_v1","hclust_single_diagnostic_v1",2,0.446949318750358,0.518008182050118,-0.371128316874895,0.0725806451612903,1,123,1,"closed",FALSE
"06c0dd6c129d8567651081156272cfe972e52c7d",32,"allqc_residual_exact500","sct_pearson_residual_all_qc_fit_selected384","exact500",20260809,"H1","f0e5f26e8056291af5a07172ead9f6a4fb69cbe0ef8cf4555d925088d24c16f2","9fc531b3bcf7c6df277ab2eeab9702346f860b3c1e05aa2f162ce8e5fc76ee35","mv10_partition_quality_v1","hclust_single_diagnostic_v1",3,0.213669760044412,0.339298196322888,-0.44604237341813,0.266129032258065,1,122,2,"closed",FALSE
"06c0dd6c129d8567651081156272cfe972e52c7d",32,"allqc_residual_exact500","sct_pearson_residual_all_qc_fit_selected384","exact500",20260809,"H1","f0e5f26e8056291af5a07172ead9f6a4fb69cbe0ef8cf4555d925088d24c16f2","9fc531b3bcf7c6df277ab2eeab9702346f860b3c1e05aa2f162ce8e5fc76ee35","mv10_partition_quality_v1","hclust_single_diagnostic_v1",4,0.12190787998056,0.231202936806901,-0.515574847169024,0.32258064516129,1,121,3,"closed",FALSE
"06c0dd6c129d8567651081156272cfe972e52c7d",32,"allqc_residual_exact500","sct_pearson_residual_all_qc_fit_selected384","exact500",20260809,"H1","f0e5f26e8056291af5a07172ead9f6a4fb69cbe0ef8cf4555d925088d24c16f2","9fc531b3bcf7c6df277ab2eeab9702346f860b3c1e05aa2f162ce8e5fc76ee35","mv10_partition_quality_v1","hclust_single_diagnostic_v1",5,0.127168434708935,0.234419774629285,-0.470595841285999,0.314516129032258,1,120,4,"closed",FALSE
"06c0dd6c129d8567651081156272cfe972e52c7d",32,"allqc_residual_exact500","sct_pearson_residual_all_qc_fit_selected384","exact500",20260809,"H1","f0e5f26e8056291af5a07172ead9f6a4fb69cbe0ef8cf4555d925088d24c16f2","9fc531b3bcf7c6df277ab2eeab9702346f860b3c1e05aa2f162ce8e5fc76ee35","mv10_partition_quality_v1","hclust_single_diagnostic_v1",6,0.128451421878701,0.226669334856409,-0.476282696492045,0.290322580645161,1,117,4,"closed",FALSE
"06c0dd6c129d8567651081156272cfe972e52c7d",32,"allqc_residual_exact500","sct_pearson_residual_all_qc_fit_selected384","exact500",20260809,"H1","f0e5f26e8056291af5a07172ead9f6a4fb69cbe0ef8cf4555d925088d24c16f2","9fc531b3bcf7c6df277ab2eeab9702346f860b3c1e05aa2f162ce8e5fc76ee35","mv10_partition_quality_v1","hclust_single_diagnostic_v1",7,0.0882280540828166,0.17746550962905,-0.50057477146122,0.32258064516129,1,117,5,"closed",FALSE
"06c0dd6c129d8567651081156272cfe972e52c7d",32,"allqc_residual_exact500","sct_pearson_residual_all_qc_fit_selected384","exact500",20260809,"H1","f0e5f26e8056291af5a07172ead9f6a4fb69cbe0ef8cf4555d925088d24c16f2","9fc531b3bcf7c6df277ab2eeab9702346f860b3c1e05aa2f162ce8e5fc76ee35","mv10_partition_quality_v1","hclust_single_diagnostic_v1",8,0.0922103469816681,0.179317195560989,-0.484991751754706,0.306451612903226,1,116,6,"closed",FALSE
"06c0dd6c129d8567651081156272cfe972e52c7d",32,"allqc_residual_exact500","sct_pearson_residual_all_qc_fit_selected384","exact500",20260809,"H1","f0e5f26e8056291af5a07172ead9f6a4fb69cbe0ef8cf4555d925088d24c16f2","9fc531b3bcf7c6df277ab2eeab9702346f860b3c1e05aa2f162ce8e5fc76ee35","mv10_partition_quality_v1","hclust_single_diagnostic_v1",9,-0.0291451788685827,0,-0.486389279220396,0.483870967741935,1,115,7,"closed",FALSE
"06c0dd6c129d8567651081156272cfe972e52c7d",32,"allqc_residual_exact500","sct_pearson_residual_all_qc_fit_selected384","exact500",20260809,"H1","f0e5f26e8056291af5a07172ead9f6a4fb69cbe0ef8cf4555d925088d24c16f2","9fc531b3bcf7c6df277ab2eeab9702346f860b3c1e05aa2f162ce8e5fc76ee35","mv10_partition_quality_v1","hclust_single_diagnostic_v1",10,-0.0325377958852371,0,-0.486389279220396,0.483870967741935,1,115,9,"closed",FALSE
"06c0dd6c129d8567651081156272cfe972e52c7d",32,"allqc_residual_exact500","sct_pearson_residual_all_qc_fit_selected384","exact500",20260809,"H1","f0e5f26e8056291af5a07172ead9f6a4fb69cbe0ef8cf4555d925088d24c16f2","9fc531b3bcf7c6df277ab2eeab9702346f860b3c1e05aa2f162ce8e5fc76ee35","mv10_partition_quality_v1","diana_dissimilarity_v1",2,0.333261765452159,0.377682960946347,0.0194445930809439,0,47,77,0,"closed",FALSE
"06c0dd6c129d8567651081156272cfe972e52c7d",32,"allqc_residual_exact500","sct_pearson_residual_all_qc_fit_selected384","exact500",20260809,"H1","f0e5f26e8056291af5a07172ead9f6a4fb69cbe0ef8cf4555d925088d24c16f2","9fc531b3bcf7c6df277ab2eeab9702346f860b3c1e05aa2f162ce8e5fc76ee35","mv10_partition_quality_v1","diana_dissimilarity_v1",3,0.266440274841133,0.307892033137539,-0.195397486395356,0.120967741935484,16,77,0,"closed",FALSE
"06c0dd6c129d8567651081156272cfe972e52c7d",32,"allqc_residual_exact500","sct_pearson_residual_all_qc_fit_selected384","exact500",20260809,"H1","f0e5f26e8056291af5a07172ead9f6a4fb69cbe0ef8cf4555d925088d24c16f2","9fc531b3bcf7c6df277ab2eeab9702346f860b3c1e05aa2f162ce8e5fc76ee35","mv10_partition_quality_v1","diana_dissimilarity_v1",4,0.273231503093266,0.288910561346552,-0.0830363032317798,0.0161290322580645,16,46,0,"closed",FALSE
"06c0dd6c129d8567651081156272cfe972e52c7d",32,"allqc_residual_exact500","sct_pearson_residual_all_qc_fit_selected384","exact500",20260809,"H1","f0e5f26e8056291af5a07172ead9f6a4fb69cbe0ef8cf4555d925088d24c16f2","9fc531b3bcf7c6df277ab2eeab9702346f860b3c1e05aa2f162ce8e5fc76ee35","mv10_partition_quality_v1","diana_dissimilarity_v1",5,0.268873000971841,0.287398647725297,-0.0830363032317798,0.032258064516129,1,46,1,"closed",FALSE
"06c0dd6c129d8567651081156272cfe972e52c7d",32,"allqc_residual_exact500","sct_pearson_residual_all_qc_fit_selected384","exact500",20260809,"H1","f0e5f26e8056291af5a07172ead9f6a4fb69cbe0ef8cf4555d925088d24c16f2","9fc531b3bcf7c6df277ab2eeab9702346f860b3c1e05aa2f162ce8e5fc76ee35","mv10_partition_quality_v1","diana_dissimilarity_v1",6,0.229371156047212,0.22281209470632,-0.0830363032317798,0.032258064516129,1,46,1,"closed",FALSE
"06c0dd6c129d8567651081156272cfe972e52c7d",32,"allqc_residual_exact500","sct_pearson_residual_all_qc_fit_selected384","exact500",20260809,"H1","f0e5f26e8056291af5a07172ead9f6a4fb69cbe0ef8cf4555d925088d24c16f2","9fc531b3bcf7c6df277ab2eeab9702346f860b3c1e05aa2f162ce8e5fc76ee35","mv10_partition_quality_v1","diana_dissimilarity_v1",7,0.198415686137433,0.189945192666029,-0.20048317388232,0.0967741935483871,1,31,1,"closed",FALSE
"06c0dd6c129d8567651081156272cfe972e52c7d",32,"allqc_residual_exact500","sct_pearson_residual_all_qc_fit_selected384","exact500",20260809,"H1","f0e5f26e8056291af5a07172ead9f6a4fb69cbe0ef8cf4555d925088d24c16f2","9fc531b3bcf7c6df277ab2eeab9702346f860b3c1e05aa2f162ce8e5fc76ee35","mv10_partition_quality_v1","diana_dissimilarity_v1",8,0.196852241536194,0.186085468909824,-0.0698005209558361,0.032258064516129,1,31,1,"closed",FALSE
"06c0dd6c129d8567651081156272cfe972e52c7d",32,"allqc_residual_exact500","sct_pearson_residual_all_qc_fit_selected384","exact500",20260809,"H1","f0e5f26e8056291af5a07172ead9f6a4fb69cbe0ef8cf4555d925088d24c16f2","9fc531b3bcf7c6df277ab2eeab9702346f860b3c1e05aa2f162ce8e5fc76ee35","mv10_partition_quality_v1","diana_dissimilarity_v1",9,0.206961334189614,0.199701964273337,-0.0698005209558361,0.0241935483870968,1,31,1,"closed",FALSE
"06c0dd6c129d8567651081156272cfe972e52c7d",32,"allqc_residual_exact500","sct_pearson_residual_all_qc_fit_selected384","exact500",20260809,"H1","f0e5f26e8056291af5a07172ead9f6a4fb69cbe0ef8cf4555d925088d24c16f2","9fc531b3bcf7c6df277ab2eeab9702346f860b3c1e05aa2f162ce8e5fc76ee35","mv10_partition_quality_v1","diana_dissimilarity_v1",10,0.192165559037071,0.188009032204222,-0.0698005209558361,0.032258064516129,1,31,2,"closed",FALSE
