"contract_id","execution_head","production_order","global_chunk_order","group_order","chunk_order","pair_count","disposition","exit_status","elapsed_seconds","peak_process_tree_rss_bytes","elapsed_cap_seconds","rss_cap_bytes","distances_bytes","distances_sha256","status_bytes","status_sha256","stdout_bytes","stderr_bytes","stderr_class","scientific_engine_version","workers","retries","outcome_label_state","biological_outcomes_computed"
"mv08zt_resource_ledger_v1","6515d9b85a2c9467b3cb688e6e9429e0be944d8d",1,1,1,1,250,"completed",0,7.27739214897156,107626496,3600,4294967296,238816,"62c7ef8cb113fe0a22063db6507e9bc722ab87e00107bd60263570b070ced646",875,"a31b59d0d8696cb3699b5eb9a1ff64fe67bac6d6146c5f0fea19160d126df249",94,46,"expected_completion",2,1,0,"closed",FALSE
"mv08zt_resource_ledger_v1","6515d9b85a2c9467b3cb688e6e9429e0be944d8d",2,2,1,2,250,"completed",0,6.98698711395264,107106304,3600,4294967296,239111,"495eb607d235ae6ab13eb6441525f4f8bf5d581ec935a2169834d78886e9d304",877,"e2bbc2c4fbbb0d010bb26885b4934fbbb695f3a0eec24f3a32637afcf66fa10a",94,46,"expected_completion",2,1,0,"closed",FALSE
"mv08zt_resource_ledger_v1","6515d9b85a2c9467b3cb688e6e9429e0be944d8d",3,3,1,3,250,"completed",0,7.01897621154785,106332160,3600,4294967296,239213,"d9fc0c2c28585922d064beccb7a5791e4f07d50604e994f56d76b8aa2b12025a",876,"f869c611869e1dc8efd112dd401ae1e3895cc62f4c8144e0f9326f9f112d6251",94,46,"expected_completion",2,1,0,"closed",FALSE
"mv08zt_resource_ledger_v1","6515d9b85a2c9467b3cb688e6e9429e0be944d8d",4,4,1,4,250,"completed",0,6.99664235115051,105721856,3600,4294967296,239133,"cfdad3925d105c09383d7ff615efaec5308ab898206774a88ef911e550db83c8",878,"fcd6af9d474989f408805f9794d285c7185627226d66019765b92b25c4c411d6",94,46,"expected_completion",2,1,0,"closed",FALSE
"mv08zt_resource_ledger_v1","6515d9b85a2c9467b3cb688e6e9429e0be944d8d",5,5,1,5,250,"completed",0,7.00245070457458,105168896,3600,4294967296,239375,"00fbd8cf39f8097302adc6d996c4cb4ec053b1a7db762ba211f33379f9d1fd05",879,"c6a6176da2a58e3fa0feec805b7b29f8630a5c2032c02e9474bddbdd595bc068",94,46,"expected_completion",2,1,0,"closed",FALSE
"mv08zt_resource_ledger_v1","6515d9b85a2c9467b3cb688e6e9429e0be944d8d",6,6,1,6,250,"completed",0,6.45618152618408,104366080,3600,4294967296,239224,"8b001bf223aa82e2fb5ad30ba4e7bcc4444a438a767f02dada4d82482f6cda28",879,"d73e2cab1779da7ef70d1c8229cd13e41459d5f68d646e2cf106062be0fbf1df",94,46,"expected_completion",2,1,0,"closed",FALSE
"mv08zt_resource_ledger_v1","6515d9b85a2c9467b3cb688e6e9429e0be944d8d",7,7,1,7,250,"completed",0,6.53728175163269,103477248,3600,4294967296,239264,"59b8b7713b1b9369b5915af248266025b91d6960e96e6e29a16577c884ad049e",879,"f39662cec314068e50bb962e417dc6721c30347e9483261d2e1df09b3cc4d3c7",94,46,"expected_completion",2,1,0,"closed",FALSE
"mv08zt_resource_ledger_v1","6515d9b85a2c9467b3cb688e6e9429e0be944d8d",8,8,1,8,250,"completed",0,6.9782087802887,102592512,3600,4294967296,239350,"743402a74a9b85b4142d03bac7298283fb0b26d54bd58447560c3d3612c26f4d",879,"8bcd80edc73745c5315c397bd22ee3096ef1d0693616e32a4b7f0738dba244f1",94,46,"expected_completion",2,1,0,"closed",FALSE
"mv08zt_resource_ledger_v1","6515d9b85a2c9467b3cb688e6e9429e0be944d8d",9,9,1,9,250,"completed",0,6.72861981391907,101883904,3600,4294967296,239313,"5ce98b5cf16ac1a479180c3b434b9f95069c749cdcd523cda9ed8ab5addbbb87",879,"333aba6481541c9d8fde7d7ea4409c83898db4f79ad42061fa1b22736147e852",94,46,"expected_completion",2,1,0,"closed",FALSE
"mv08zt_resource_ledger_v1","6515d9b85a2c9467b3cb688e6e9429e0be944d8d",10,10,1,10,250,"completed",0,6.47871494293213,101105664,3600,4294967296,239658,"3e71342260cea0fffcd332ac068095cc16a182a7b8078830948db2c8285b69e9",880,"827728623e69128e13131771c4d113e59e57a654ea2a53c0a602644275182ede",94,46,"expected_completion",2,1,0,"closed",FALSE
"mv08zt_resource_ledger_v1","6515d9b85a2c9467b3cb688e6e9429e0be944d8d",11,11,1,11,250,"completed",0,6.4796290397644,99909632,3600,4294967296,239454,"dba188442edd715cc451a55b4ed489e36e8f7ce09bf1aee906d0135e51c37e73",880,"a8ee89b8649ca0932572671cee3859da6a04fc69339b45db241149b2eefc00d8",94,46,"expected_completion",2,1,0,"closed",FALSE
"mv08zt_resource_ledger_v1","6515d9b85a2c9467b3cb688e6e9429e0be944d8d",12,12,1,12,250,"completed",0,6.47704243659973,99270656,3600,4294967296,239645,"020bce67d917835685f3cbb1ce5ddc64a58e013a1eb41cb2080b269732e730a0",880,"457ea78da89beddc383a39eb553ceabbe36ad1b4c865306282a22c3b577a72bb",94,46,"expected_completion",2,1,0,"closed",FALSE
"mv08zt_resource_ledger_v1","6515d9b85a2c9467b3cb688e6e9429e0be944d8d",13,13,1,13,250,"completed",0,6.21739387512207,98287616,3600,4294967296,239702,"92ae9dada8f64367f7a10ce2553c86757d0ae5e19edd5980f1d11ffa0917f387",880,"f28b57db544069aa032a2c946ff1b5f35a4f5c19ab1a5615ddff9055a3633d1a",94,46,"expected_completion",2,1,0,"closed",FALSE
"mv08zt_resource_ledger_v1","6515d9b85a2c9467b3cb688e6e9429e0be944d8d",14,14,1,14,250,"completed",0,6.48309469223022,97484800,3600,4294967296,239662,"ce8fc0daf8313f781a2f42da4416e889711969bdd279f5ebd8b80c3377592a04",880,"0797d1f0017e2ad71d7fe271e691b1111214d11150e65e89e7d26006d64ef726",94,46,"expected_completion",2,1,0,"closed",FALSE
"mv08zt_resource_ledger_v1","6515d9b85a2c9467b3cb688e6e9429e0be944d8d",15,15,1,15,250,"completed",0,6.22970151901245,96350208,3600,4294967296,239596,"46d066a89d205c1db0651840fb6820cf518f71e3d98cf9d1b76f93e41eb7ca5f",880,"23f44b3be378fe00f274bbda24ed6648b2839495c3b91fe072ec7d6528b11aeb",94,46,"expected_completion",2,1,0,"closed",FALSE
"mv08zt_resource_ledger_v1","6515d9b85a2c9467b3cb688e6e9429e0be944d8d",16,16,1,16,250,"completed",0,6.05877351760864,95256576,3600,4294967296,239636,"7c2281eecd2cb3bb8f4c5323944d1ef318d31c9dbed6aa5349731109a8bb8fe8",880,"28887397d9b73799285649894b03a7f111e8c573542f115e10b80935a3b888d2",94,46,"expected_completion",2,1,0,"closed",FALSE
"mv08zt_resource_ledger_v1","6515d9b85a2c9467b3cb688e6e9429e0be944d8d",17,17,1,17,250,"completed",0,5.96982145309448,94007296,3600,4294967296,239684,"194db5f96f75cedc4978f634d105edd246bf6fce1f2963c45bafe73d4be02e6a",880,"008d44392dd927598971f5be4c47439048582ce750404f6d24869b40f6345bbd",94,46,"expected_completion",2,1,0,"closed",FALSE
"mv08zt_resource_ledger_v1","6515d9b85a2c9467b3cb688e6e9429e0be944d8d",18,18,1,18,250,"completed",0,5.8042585849762,92880896,3600,4294967296,239684,"deabbba7824c59cb8e1886282de3616d68ad91ee91ef74388f6afcccb3a002de",880,"4697877af8cb6dde8fd4831bc8924af2cb97052747fe004f2efc9aec03f7791f",94,46,"expected_completion",2,1,0,"closed",FALSE
"mv08zt_resource_ledger_v1","6515d9b85a2c9467b3cb688e6e9429e0be944d8d",19,19,1,19,250,"completed",0,5.7182822227478,91746304,3600,4294967296,239653,"ff5e4e23a2ab7035c05dfd283968dd6b5a8173188fa8c8292275a9963b7d8629",880,"d8f728092474acf9fd11f31b151a0a7066adec0573951cde78d6e04649064ef5",94,46,"expected_completion",2,1,0,"closed",FALSE
"mv08zt_resource_ledger_v1","6515d9b85a2c9467b3cb688e6e9429e0be944d8d",20,20,1,20,250,"completed",0,5.72147965431213,90406912,3600,4294967296,239524,"04b39157680b4e6648c84b54ae726dafb0060b1a934042c86c0f107c58c63505",880,"9b4d5777a5c3ce8b6a378c2a853bb415f384d3a5b3b12ba8b872edc948a2cb1b",94,46,"expected_completion",2,1,0,"closed",FALSE
"mv08zt_resource_ledger_v1","6515d9b85a2c9467b3cb688e6e9429e0be944d8d",21,21,1,21,250,"completed",0,5.75758004188538,90787840,3600,4294967296,239585,"c7b7e03f9715da8ff7e10570ee1309ab998e6374d8ff50fd89a9375b69f403c9",879,"660e8685cd80037cd9292f79b9d9e4483fb4b51d89ae2c72aa3cce30baa4c3fa",94,46,"expected_completion",2,1,0,"closed",FALSE
"mv08zt_resource_ledger_v1","6515d9b85a2c9467b3cb688e6e9429e0be944d8d",22,22,1,22,250,"completed",0,6.21999382972717,90673152,3600,4294967296,239601,"845debd15d721aacb82eaa0223263d9c350197da0bdf2eb62631fc6532b19e4b",880,"f931b65a57a93a57340e804053007b11019f3336adc500ed39e16be1c70835b3",94,46,"expected_completion",2,1,0,"closed",FALSE
"mv08zt_resource_ledger_v1","6515d9b85a2c9467b3cb688e6e9429e0be944d8d",23,23,1,23,250,"completed",0,5.70637822151184,91123712,3600,4294967296,239646,"0e6fadf517eed6f54ad2fcbf8e0d25b4e8aa643ed7b783d01bb0b185becc6b29",880,"0c29d8bc3e9b61250c4f26a9cd5006f771380f325e1b70ab77e23814676a3abc",94,46,"expected_completion",2,1,0,"closed",FALSE
"mv08zt_resource_ledger_v1","6515d9b85a2c9467b3cb688e6e9429e0be944d8d",24,24,1,24,250,"completed",0,5.1907331943512,90898432,3600,4294967296,239623,"db0a07b51795c573b373cbfff2f42cfe38e3ae1c06daa32960b236959ee901ec",880,"df4d008ea8becf82b4f44e0d93f676883fb6c68c9eef8ccdabb8cd703f0287b7",94,46,"expected_completion",2,1,0,"closed",FALSE
"mv08zt_resource_ledger_v1","6515d9b85a2c9467b3cb688e6e9429e0be944d8d",25,25,1,25,250,"completed",0,5.44718241691589,91447296,3600,4294967296,239602,"cb06447de07d7bee3d4177a5b718ed48e06bfe7c231d74afed9a45e1dbfd4988",880,"a96f5e435bd0f549f19d7c6a0880bae2e453053a55e50abdf60a94d853036846",94,46,"expected_completion",2,1,0,"closed",FALSE
"mv08zt_resource_ledger_v1","6515d9b85a2c9467b3cb688e6e9429e0be944d8d",26,26,1,26,250,"completed",0,5.18917417526245,91631616,3600,4294967296,239624,"5fafb2c7df283b12a7b20a8fed225a5745438567a5f2023418abca2579387b83",880,"b8290a035d5023ec8da0648be20ee17a692c802e4a1ca6f3ec5316b9ac56870b",94,46,"expected_completion",2,1,0,"closed",FALSE
"mv08zt_resource_ledger_v1","6515d9b85a2c9467b3cb688e6e9429e0be944d8d",27,27,1,27,250,"completed",0,4.67457103729248,92221440,3600,4294967296,239585,"c55c1f8cfccde92b15ecea505840a9e18aa5f94609bdc1bc3549773082db9f80",880,"48577f6a873994641307b195da95e6981d794e5e62edc989be46809b4e097670",94,46,"expected_completion",2,1,0,"closed",FALSE
"mv08zt_resource_ledger_v1","6515d9b85a2c9467b3cb688e6e9429e0be944d8d",28,28,1,28,250,"completed",0,4.68622040748596,91074560,3600,4294967296,239595,"31b3c3fd23efd54ae92da4acf9ed1b05e5d7b3e7057662bdc84c3dc8c8e39771",880,"e0c379271d637b0125f60b88199eca6a7ea92fbba8166b21e29bb0147525ba69",94,46,"expected_completion",2,1,0,"closed",FALSE
"mv08zt_resource_ledger_v1","6515d9b85a2c9467b3cb688e6e9429e0be944d8d",29,29,1,29,250,"completed",0,4.42258620262146,88547328,3600,4294967296,239615,"ac77cedff1607547ddc49f251ffa37ead18ea764ab96df5b1028037e28f8228f",880,"11e1d66c0b826a54cb61a3d89db4375f77d245d2060a69e027fbfaf1f244a308",94,46,"expected_completion",2,1,0,"closed",FALSE
"mv08zt_resource_ledger_v1","6515d9b85a2c9467b3cb688e6e9429e0be944d8d",30,30,1,30,250,"completed",0,4.15698981285095,85229568,3600,4294967296,239544,"dbf9962f1701e362fc64742254c0fe593dc6fcad6ed88f5b1432e9d236c1f71d",880,"e403a280ee9623e2d33e853e99da5a1be397c3d7a2c08116297e26e05e726539",94,46,"expected_completion",2,1,0,"closed",FALSE
"mv08zt_resource_ledger_v1","6515d9b85a2c9467b3cb688e6e9429e0be944d8d",31,31,1,31,126,"completed",0,3.37573766708374,81240064,3600,4294967296,121061,"d7a2e5b0bca354f8df99d2fe66824d4ebb54cbfa96a4d1eacda5b3e9a9ed9e27",880,"09dd71ff27354a2c0960eec520d7c442572654f55279b720440ae28f0916bb21",94,46,"expected_completion",2,1,0,"closed",FALSE
"mv08zt_resource_ledger_v1","6515d9b85a2c9467b3cb688e6e9429e0be944d8d",32,32,2,1,250,"completed",0,6.98965239524841,106835968,3600,4294967296,248044,"85bb090bd17cfac2ad684f44158919475b5e2fde5c7fe41b55960782c35f27ac",887,"2b76e8f8245bf9dc5963bb7f8e54e4b8b996c7f64a4ccd95d9e3ab743c521730",94,46,"expected_completion",2,1,0,"closed",FALSE
"mv08zt_resource_ledger_v1","6515d9b85a2c9467b3cb688e6e9429e0be944d8d",33,33,2,2,250,"completed",0,6.99936032295227,106340352,3600,4294967296,248014,"e5a4b6efd5b505e353dc3842ae81664626940a2e7f09e855b537dc6a41ce614a",889,"4ecea271c6a326e7e32c2f7d998290db4e5a22478a35f973dce945545a6c57e7",94,46,"expected_completion",2,1,0,"closed",FALSE
"mv08zt_resource_ledger_v1","6515d9b85a2c9467b3cb688e6e9429e0be944d8d",34,34,2,3,250,"completed",0,6.99176573753357,105582592,3600,4294967296,248012,"3bfe4772705ebaba39662db0a164a0fbcb84e072d57315d70edf5ec2b89337ff",889,"3e88c5f4b264f010dd0be0cb59c929055f82938dab46fc91d59c7d88edcbcdd1",94,46,"expected_completion",2,1,0,"closed",FALSE
"mv08zt_resource_ledger_v1","6515d9b85a2c9467b3cb688e6e9429e0be944d8d",35,35,2,4,250,"completed",0,6.90530252456665,104828928,3600,4294967296,248147,"e101d3063d993e0346a06e72829829f4e18d16e85dd79fce017b1915b73be007",890,"4e0244796f09005135cf388537ceebbb0bc4ee0cd7da6df8c4452f24b31acf6b",94,46,"expected_completion",2,1,0,"closed",FALSE
"mv08zt_resource_ledger_v1","6515d9b85a2c9467b3cb688e6e9429e0be944d8d",36,36,2,5,250,"completed",0,6.71088457107544,104128512,3600,4294967296,248340,"3086485f80701878b741cdbc7d5f58a0fc41419e38f687d7e06a23317383894d",891,"51283386d884f324b720e5746ca891201421cd485a2da062189fbd60b01f9682",94,46,"expected_completion",2,1,0,"closed",FALSE
"mv08zt_resource_ledger_v1","6515d9b85a2c9467b3cb688e6e9429e0be944d8d",37,37,2,6,250,"completed",0,6.97586989402771,103645184,3600,4294967296,248400,"949a7509e52497adcd2aa07594299dcf399fda32bb4c775707bf76ecca5459e8",891,"0910e2f8e070aff3d8fe8d709b8499c5bd89513eb9b59edb337cd161a6996307",94,46,"expected_completion",2,1,0,"closed",FALSE
"mv08zt_resource_ledger_v1","6515d9b85a2c9467b3cb688e6e9429e0be944d8d",38,38,2,7,250,"completed",0,6.72640943527222,103161856,3600,4294967296,248351,"3486471dd8d93302114cc0a85dfef1435cdafa16c31284f7478e7d356468168a",891,"0c56e4eaad0d71d3febc5d1375bb6f77d074ef69086a606720144f9d11f39313",94,46,"expected_completion",2,1,0,"closed",FALSE
"mv08zt_resource_ledger_v1","6515d9b85a2c9467b3cb688e6e9429e0be944d8d",39,39,2,8,250,"completed",0,6.52378058433533,101560320,3600,4294967296,248354,"d358061491e8b751afb2ae4e29575b94d308b19aca17add4506328d529d768df",889,"9dbb61f2edc7e817a6c080adba44e24857b8a883d389e45d0cc4700443360f4d",94,46,"expected_completion",2,1,0,"closed",FALSE
"mv08zt_resource_ledger_v1","6515d9b85a2c9467b3cb688e6e9429e0be944d8d",40,40,2,9,250,"completed",0,6.47716236114502,100868096,3600,4294967296,248308,"72ec7dc31a3467e7ef28bb47516c604374ca677ebf42012214c2bc253860e9e5",891,"69b4ce77b32660adc369271ce7231563cf586ef7b658c123e6c0d70dd420411f",94,46,"expected_completion",2,1,0,"closed",FALSE
"mv08zt_resource_ledger_v1","6515d9b85a2c9467b3cb688e6e9429e0be944d8d",41,41,2,10,250,"completed",0,6.47212910652161,100126720,3600,4294967296,248588,"da066105ed9e2e05b0ecacb3a8134086cb3b1c831da97fcba598a9507e62e1f1",892,"7d3a4dd1f9af49247d53f19bb30449ed0d3c742b24a3d09f3139601ccf0a1ef2",94,46,"expected_completion",2,1,0,"closed",FALSE
"mv08zt_resource_ledger_v1","6515d9b85a2c9467b3cb688e6e9429e0be944d8d",42,42,2,11,250,"completed",0,6.21581482887268,98660352,3600,4294967296,248568,"5157e2b80188ffd9e6e588c5e479ac5035fd4142075c796b0a6e27cf831dba44",890,"3f8e7190d2ed2ed058243d322579116b10e6e99b608fd10df62746fe683cd01e",94,46,"expected_completion",2,1,0,"closed",FALSE
"mv08zt_resource_ledger_v1","6515d9b85a2c9467b3cb688e6e9429e0be944d8d",43,43,2,12,250,"completed",0,6.46985721588135,98148352,3600,4294967296,248631,"102a7d1437100d90b5ae813c15502ff89e6dbcf3b10c16a3994e6a3df834e718",892,"fe2486e6c5b7c8ce67da8359b6adbf7dab930e7b913ced06fcdb7a3799638c7e",94,46,"expected_completion",2,1,0,"closed",FALSE
"mv08zt_resource_ledger_v1","6515d9b85a2c9467b3cb688e6e9429e0be944d8d",44,44,2,13,250,"completed",0,6.21081495285034,97067008,3600,4294967296,248609,"7b3b9ca70298444ce9aea8add96cd12154a229ef644b5c3179042c70e66b243b",892,"2a1f4019ee5a77731231a955ace4ee04736afd1122c043abbf2da4e7e8f7a41f",94,46,"expected_completion",2,1,0,"closed",FALSE
"mv08zt_resource_ledger_v1","6515d9b85a2c9467b3cb688e6e9429e0be944d8d",45,45,2,14,250,"completed",0,6.20099139213562,96088064,3600,4294967296,248580,"d4f8d82a1eefc011778fe2186da2093a8cb800941a907ec66aa50c268c35cf04",892,"521ba6e14695f29c585f1d6f63680b2c1d997102a2fe940e9512a28c5748f13a",94,46,"expected_completion",2,1,0,"closed",FALSE
"mv08zt_resource_ledger_v1","6515d9b85a2c9467b3cb688e6e9429e0be944d8d",46,46,2,15,250,"completed",0,6.21208047866821,94384128,3600,4294967296,248564,"6e9f7cebe03e6ec4baf00ca67f3b178d1a7f170447ba111147bdbc766cab990e",892,"f44c290563e8d9445423000d64e40b5028978b20410386eeaea63163f2053e8c",94,46,"expected_completion",2,1,0,"closed",FALSE
"mv08zt_resource_ledger_v1","6515d9b85a2c9467b3cb688e6e9429e0be944d8d",47,47,2,16,250,"completed",0,5.96475982666016,93601792,3600,4294967296,248623,"a97676061f2a2c01e6a60b5e4ff4774a519f6ac95679f817732cd32eacb0a288",892,"7b4e95d539c6f8517c64d768475e53854190243f3281331ad3b34c22a2550db8",94,46,"expected_completion",2,1,0,"closed",FALSE
"mv08zt_resource_ledger_v1","6515d9b85a2c9467b3cb688e6e9429e0be944d8d",48,48,2,17,250,"completed",0,5.70553708076477,92299264,3600,4294967296,248635,"bbe3e5c3184d78e80adae8daf522ca668ffacce44595f84a1f873630149b3cf4",892,"b366e5fbd0e50eaae4be94d11970adf37dff75af9bac854afc841229ca3f8597",94,46,"expected_completion",2,1,0,"closed",FALSE
"mv08zt_resource_ledger_v1","6515d9b85a2c9467b3cb688e6e9429e0be944d8d",49,49,2,18,250,"completed",0,5.69606947898865,91340800,3600,4294967296,248576,"eae954ac0e12b37aaca08cd75ad07ea7523e14992bf38fe9f0f1ef8a1850605d",892,"521431f406d7b9200d9fd7b5470e2b2bf6163d5669fc198d4fcd577d030cb47b",94,46,"expected_completion",2,1,0,"closed",FALSE
"mv08zt_resource_ledger_v1","6515d9b85a2c9467b3cb688e6e9429e0be944d8d",50,50,2,19,250,"completed",0,5.69996237754822,90914816,3600,4294967296,248534,"dde6959c4aef5dad157ee3e8e5f5bd50db3dea097b20b8a3dee579e97e708018",892,"c8a4c9be7d9b24d19951e4ce0c95e15140467ea2c6a99542b0ca370e8abb8030",94,46,"expected_completion",2,1,0,"closed",FALSE
"mv08zt_resource_ledger_v1","6515d9b85a2c9467b3cb688e6e9429e0be944d8d",51,51,2,20,250,"completed",0,5.44901537895203,91451392,3600,4294967296,248589,"0ffdb52a28d944a11d4d422adbfa03d14a2f7c8031a20a226a9afcd37e7693f1",892,"c9c53669a692baead22ad792769a844b2f3b36a3d23bd262c9314c9d3a7686c1",94,46,"expected_completion",2,1,0,"closed",FALSE
"mv08zt_resource_ledger_v1","6515d9b85a2c9467b3cb688e6e9429e0be944d8d",52,52,2,21,250,"completed",0,5.29648065567017,91357184,3600,4294967296,248534,"b1da14bdbcb39358cfd48a77d3d683296fd3629f3fbda207de75683aec8af78d",892,"109542bd9393b39930c284c34515e487ee91db364269eeb542ed079a691e9294",94,46,"expected_completion",2,1,0,"closed",FALSE
"mv08zt_resource_ledger_v1","6515d9b85a2c9467b3cb688e6e9429e0be944d8d",53,53,2,22,250,"completed",0,5.45017552375793,91631616,3600,4294967296,248572,"bae6e5104e55e215d3f4049f2ed0140e4176c8ab9987e58ce4699197144e71ef",892,"4de07c85f83dc04d812df84bf5bfe72dadca0ce4526da5c8d40dcb816438a165",94,46,"expected_completion",2,1,0,"closed",FALSE
"mv08zt_resource_ledger_v1","6515d9b85a2c9467b3cb688e6e9429e0be944d8d",54,54,2,23,250,"completed",0,5.45304226875305,91160576,3600,4294967296,248625,"f98315a2381c4b24057a99f5168e08bdf3aa25a5a2a8d690f3b7db91d78d709f",892,"59eaa5ada8141e776145b7f161b69dde7f14d5031be551e039d82e78bdf19317",94,46,"expected_completion",2,1,0,"closed",FALSE
"mv08zt_resource_ledger_v1","6515d9b85a2c9467b3cb688e6e9429e0be944d8d",55,55,2,24,250,"completed",0,4.92955470085144,90849280,3600,4294967296,248587,"4165747187f82a45e2fd9c473486c5ceaf0a0d3b81de5f37aab6b1f313bb90f4",892,"3703def7c9e6a1c32a59b474ef4e1e1644e285937f1dc3171fc554bdeaeceeec",94,46,"expected_completion",2,1,0,"closed",FALSE
"mv08zt_resource_ledger_v1","6515d9b85a2c9467b3cb688e6e9429e0be944d8d",56,56,2,25,250,"completed",0,4.92171478271484,90472448,3600,4294967296,248604,"067dfdd5928082b5ad60777addc7c87ccf8049b13034f3853cb8c9e43560da5a",892,"944a6ba7a98c95094c692d84109d3c8aface8d13d301533beb96018186b0648c",94,46,"expected_completion",2,1,0,"closed",FALSE
"mv08zt_resource_ledger_v1","6515d9b85a2c9467b3cb688e6e9429e0be944d8d",57,57,2,26,250,"completed",0,4.91637849807739,90411008,3600,4294967296,248564,"797b62c9fe6d0ed20705cb9214a679e80dfffdf08a5e71de6f63e907e597144b",892,"3f91b525abda9fb3438fc025f9518eb5eb535a9f128959210e8fa4e6780db952",94,46,"expected_completion",2,1,0,"closed",FALSE
"mv08zt_resource_ledger_v1","6515d9b85a2c9467b3cb688e6e9429e0be944d8d",58,58,2,27,250,"completed",0,4.68923783302307,90062848,3600,4294967296,248529,"a28be9eae4b7a902b5bb004edb9a51d365acfe74a15a5dd1c12edab157740b94",892,"75fbc09d52c43b4da618e13c36a3ed7f8e54f9387066a3ffd35ced4bb936a84a",94,46,"expected_completion",2,1,0,"closed",FALSE
"mv08zt_resource_ledger_v1","6515d9b85a2c9467b3cb688e6e9429e0be944d8d",59,59,2,28,250,"completed",0,4.67277097702026,89325568,3600,4294967296,248506,"687382032d44406b13b6f9c2847ad328211d6601bd976d1d8de320f9775c1af4",892,"2a3fd721f9d62d07a547b4285f09efe16d1200e0f29d5ce2707e284fb07d840b",94,46,"expected_completion",2,1,0,"closed",FALSE
"mv08zt_resource_ledger_v1","6515d9b85a2c9467b3cb688e6e9429e0be944d8d",60,60,2,29,250,"completed",0,4.20277404785156,87322624,3600,4294967296,248541,"7f9821610454a62d60e854f740565b53a7fc3e63b9971b0d294f1003005e1039",892,"7c35ce67dfc3ee8d37176c80a7b51d19ec261b3cd250e14ae7ec80056c580abb",94,46,"expected_completion",2,1,0,"closed",FALSE
"mv08zt_resource_ledger_v1","6515d9b85a2c9467b3cb688e6e9429e0be944d8d",61,61,2,30,250,"completed",0,4.42949843406677,83984384,3600,4294967296,248539,"83a504fd6a83a0c90d611000893fe569f1f8fe00abfd9ac201141f7828cdbee6",892,"3006147e1a54ea55489f42959ef8958d7e6b06452b871deaba2e59c97ea809d7",94,46,"expected_completion",2,1,0,"closed",FALSE
"mv08zt_resource_ledger_v1","6515d9b85a2c9467b3cb688e6e9429e0be944d8d",62,62,2,31,126,"completed",0,3.14036798477173,81186816,3600,4294967296,125577,"e42e0aaf02e8735ea3abf276b70ff725fa9634ca1549e2569b2c0927f16f4315",892,"1a3ec4624856fe45a760203ebe1941771f0ef25ebf311284cf62e9d4761931d9",94,46,"expected_completion",2,1,0,"closed",FALSE
"mv08zt_resource_ledger_v1","6515d9b85a2c9467b3cb688e6e9429e0be944d8d",63,63,3,1,250,"completed",0,6.99745488166809,107446272,3600,4294967296,239090,"0fde01685bde919ccfa9abebd1e914773c667272b6fad2d6df4767b92a3d993c",875,"bf2b7d58489444739983d4327716e2abf5810d32c93edbb3ab19cd22949e22f5",94,46,"expected_completion",2,1,0,"closed",FALSE
"mv08zt_resource_ledger_v1","6515d9b85a2c9467b3cb688e6e9429e0be944d8d",64,64,3,2,250,"completed",0,6.98257279396057,106516480,3600,4294967296,239163,"6d844ffb6ab8a78b6e01f69ff4ddd8af9e36bd7ea83f0fafde600ecacf2cbe4c",877,"9e60efea7e65c38ec51ace1d8d7614536d03d7392edbe0de098f4c8c1f7e6fec",94,46,"expected_completion",2,1,0,"closed",FALSE
"mv08zt_resource_ledger_v1","6515d9b85a2c9467b3cb688e6e9429e0be944d8d",65,65,3,3,250,"completed",0,7.00424528121948,105549824,3600,4294967296,239193,"7fcaa0fa9e8f0c96507b2f53474987b6b8960391b4297f9bd94288e49e0a066b",877,"2ae63a66d10503b22aa531c14bfededdcc867a76bf074ded118f83b5e09869c0",94,46,"expected_completion",2,1,0,"closed",FALSE
"mv08zt_resource_ledger_v1","6515d9b85a2c9467b3cb688e6e9429e0be944d8d",66,66,3,4,250,"completed",0,6.73310708999634,104321024,3600,4294967296,239078,"919d59099a31d6aec273d2d96b90962b22f38434dcb03298280b57495f6706eb",878,"9e71f011e377950667f7a91729299347d864bec1cddaf19dafec1174aa0c00a2",94,46,"expected_completion",2,1,0,"closed",FALSE
"mv08zt_resource_ledger_v1","6515d9b85a2c9467b3cb688e6e9429e0be944d8d",67,67,3,5,250,"completed",0,6.72980570793152,103596032,3600,4294967296,239438,"7d2e666be36ca7b48d90d16e4aa18bcc6738161dda82c1ba7e1106941e1e0ca1",879,"2f51c92523fc1ac1c234871ebe24e5a9febf03fa4b587ee21983f1ef9a12717f",94,46,"expected_completion",2,1,0,"closed",FALSE
"mv08zt_resource_ledger_v1","6515d9b85a2c9467b3cb688e6e9429e0be944d8d",68,68,3,6,250,"completed",0,6.73528599739075,102948864,3600,4294967296,239454,"681332b3c243b635a9ae4762985c876ab64c17bea800c4541dfd087ed0d97ddd",879,"bc320aaa60c7aaa766fba5be651571fd2fc0843f169831eeecc62a4f9976e736",94,46,"expected_completion",2,1,0,"closed",FALSE
"mv08zt_resource_ledger_v1","6515d9b85a2c9467b3cb688e6e9429e0be944d8d",69,69,3,7,250,"completed",0,6.72965335845947,102227968,3600,4294967296,239213,"ad74b951a168e9e973b2f1a1f3853163d45a606c132becd648530c534478f25a",878,"3c1e8b4ab178d7a0c91d1858af3ecbdd3eee3e1fe8c68acf6efe704d0dd3f2e5",94,46,"expected_completion",2,1,0,"closed",FALSE
"mv08zt_resource_ledger_v1","6515d9b85a2c9467b3cb688e6e9429e0be944d8d",70,70,3,8,250,"completed",0,6.59200739860535,101249024,3600,4294967296,239303,"29b8c3320b82ea4d71d0499a4af87a7a0753e567957b36851f525bc459b0a80e",879,"58eea3451bea25ce209187d82822a9501416b23fdcc2187ae514cb0805181086",94,46,"expected_completion",2,1,0,"closed",FALSE
"mv08zt_resource_ledger_v1","6515d9b85a2c9467b3cb688e6e9429e0be944d8d",71,71,3,9,250,"completed",0,6.46965456008911,100220928,3600,4294967296,239298,"8696617f270fc593fcd420892b8993aa68dde31b0f0eb53e94bff205371852ea",879,"df5d2624017b4e6a97469692320b251346fa98068fbc772c15375c1e9c76b694",94,46,"expected_completion",2,1,0,"closed",FALSE
"mv08zt_resource_ledger_v1","6515d9b85a2c9467b3cb688e6e9429e0be944d8d",72,72,3,10,250,"completed",0,6.2184739112854,99303424,3600,4294967296,239581,"f9238a752d250f7ddf1e533d8d99d456573259a3e123019df520c7f6fc4c6f65",880,"b7c20873ec32c64ea14d796bd36e30df270d0ab0d826a18b66962ce7b3adfb35",94,46,"expected_completion",2,1,0,"closed",FALSE
"mv08zt_resource_ledger_v1","6515d9b85a2c9467b3cb688e6e9429e0be944d8d",73,73,3,11,250,"completed",0,6.22913932800293,98095104,3600,4294967296,239552,"a09c406aa7a86de6745e7d9e965a1d4ec544c4dfc07de3185178f9f77cbb798c",880,"b6b22edbc5be98b9cfafb693f8731215215bbc9a5b06b82d03e9315569ffc874",94,46,"expected_completion",2,1,0,"closed",FALSE
"mv08zt_resource_ledger_v1","6515d9b85a2c9467b3cb688e6e9429e0be944d8d",74,74,3,12,250,"completed",0,6.4906439781189,97599488,3600,4294967296,239708,"a435042465365e69868ab02f6efab892a816cf293a4ad125a08656d65a5c84dd",880,"a422eed41e24b7e728b07ba8ad0abfed451c2d5eed849ee741defed4fee831b6",94,46,"expected_completion",2,1,0,"closed",FALSE
"mv08zt_resource_ledger_v1","6515d9b85a2c9467b3cb688e6e9429e0be944d8d",75,75,3,13,250,"completed",0,6.7581901550293,96538624,3600,4294967296,239624,"653649fd3262130f7ae9b74aa4b0125e9831ef0117a1d3989be2028b7f5f9c62",880,"b8d2c26d3cc13926e307d8acaa5b921ccdc4f801f19f37713198b166d4229e64",94,46,"expected_completion",2,1,0,"closed",FALSE
"mv08zt_resource_ledger_v1","6515d9b85a2c9467b3cb688e6e9429e0be944d8d",76,76,3,14,250,"completed",0,6.26575040817261,95776768,3600,4294967296,239549,"71a30e609e0b6bd773efc38d538673dd9930eb46d3b70294ec288eff4b1dddd1",880,"a178dbf262518c30b7a02f0c1138238241f676da0cb0d81bb6f8f1e108b8c7ce",94,46,"expected_completion",2,1,0,"closed",FALSE
"mv08zt_resource_ledger_v1","6515d9b85a2c9467b3cb688e6e9429e0be944d8d",77,77,3,15,250,"completed",0,6.22780108451843,94498816,3600,4294967296,239509,"1f24cb31d75a306d708e192a974294186556f178b68578101d8ae46726965079",879,"2effc4dac22a24004dad7c4d2ef525eb339d39cf2ec71a987856ac8bf1e1448f",94,46,"expected_completion",2,1,0,"closed",FALSE
"mv08zt_resource_ledger_v1","6515d9b85a2c9467b3cb688e6e9429e0be944d8d",78,78,3,16,250,"completed",0,6.22186136245728,93188096,3600,4294967296,239625,"7d84fdff2a2397fcefc9629de281ef1bf5751931796ff9a19e9669c6afe17358",879,"34544c5b2d0cef15c3e98c44578793a245da6a74c335b71c08553948b1b99b92",94,46,"expected_completion",2,1,0,"closed",FALSE
"mv08zt_resource_ledger_v1","6515d9b85a2c9467b3cb688e6e9429e0be944d8d",79,79,3,17,250,"completed",0,6.23639273643494,92643328,3600,4294967296,239594,"e136678db519c4a27078beeb11d5b12b6a0fb9b8c1d25a9b5712befa0cdfe774",880,"c1f945e25f2c2426c05f6da500471e662352b7a6c05e51f61eacee979491d9f8",94,46,"expected_completion",2,1,0,"closed",FALSE
"mv08zt_resource_ledger_v1","6515d9b85a2c9467b3cb688e6e9429e0be944d8d",80,80,3,18,250,"completed",0,5.96555995941162,91926528,3600,4294967296,239635,"e92b9604d15bfa0a674b33e93b3fa33894348211ef84ad07c6705cc63d08e9e9",880,"aaead1ac4d24fad3152f4f9f6665980c95161b20a2c4d6e148e6c63bb7f52279",94,46,"expected_completion",2,1,0,"closed",FALSE
"mv08zt_resource_ledger_v1","6515d9b85a2c9467b3cb688e6e9429e0be944d8d",81,81,3,19,250,"completed",0,5.98472785949707,91566080,3600,4294967296,239598,"378046783e81d40296c19a64ebf535bc12e8c9d96fb6935e75484ac72799ca34",880,"c14160198f12f322edfda83645695c26d8ff91935aa0f27b8cc16c782c7f24c6",94,46,"expected_completion",2,1,0,"closed",FALSE
"mv08zt_resource_ledger_v1","6515d9b85a2c9467b3cb688e6e9429e0be944d8d",82,82,3,20,250,"completed",0,5.70914888381958,90361856,3600,4294967296,239641,"15972b4b7665d7b9ce2698f4c3f72d1bce1b379c378a884c2b91b97d45968ccf",880,"6aa61d0b63d08e48cc8c626fbea9929854ee3983bc4e3ec436ba85a07c749ba8",94,46,"expected_completion",2,1,0,"closed",FALSE
"mv08zt_resource_ledger_v1","6515d9b85a2c9467b3cb688e6e9429e0be944d8d",83,83,3,21,250,"completed",0,5.71236872673035,89837568,3600,4294967296,239505,"105344aa45b42a9c43f1e504690589d341bd2a1a86e08ca73b9cba6dc219bc77",880,"9b3502bd6879376a722c1f7091ff218f9d6268b42ac52bc315f9a2c914b8130b",94,46,"expected_completion",2,1,0,"closed",FALSE
"mv08zt_resource_ledger_v1","6515d9b85a2c9467b3cb688e6e9429e0be944d8d",84,84,3,22,250,"completed",0,5.45068717002869,89604096,3600,4294967296,239672,"8b39e136e5652d1cd9a7d385101b1a7eb60b2590b20d8675fe20c5fa75d5ec84",880,"d890210ac233988c4ef2e8cb6b4ce1f0e8bcd393f05106e5d47c063b1390711b",94,46,"expected_completion",2,1,0,"closed",FALSE
"mv08zt_resource_ledger_v1","6515d9b85a2c9467b3cb688e6e9429e0be944d8d",85,85,3,23,250,"completed",0,5.21258521080017,90112000,3600,4294967296,239579,"dae2588d300e48ebf90f3a8aeb0c2af89484e47f7f64804f76eca6fba2ca43ba",880,"cb105a42b71fe94e50052dee48572ff2f5cae936b1ff5b469e45f6e214e0129c",94,46,"expected_completion",2,1,0,"closed",FALSE
"mv08zt_resource_ledger_v1","6515d9b85a2c9467b3cb688e6e9429e0be944d8d",86,86,3,24,250,"completed",0,4.79782485961914,89657344,3600,4294967296,239681,"b7724ab1e6a526b4c6b134f01cfe3d526717301cd00fde7a19cf50bda885b9f4",880,"837a8331f081e568a79d6879700d05b6e9419665a5ecf78ef82242ffe716abe3",94,46,"expected_completion",2,1,0,"closed",FALSE
"mv08zt_resource_ledger_v1","6515d9b85a2c9467b3cb688e6e9429e0be944d8d",87,87,3,25,250,"completed",0,5.2192714214325,89481216,3600,4294967296,239618,"8789fa63e04aaba29e20d3c528ac130c8f6a22e4d81aaaf4133932d7bd8a307e",880,"9a3820971e9df36495d5cda442154e5075f5c810874848471b7a2648260981d6",94,46,"expected_completion",2,1,0,"closed",FALSE
"mv08zt_resource_ledger_v1","6515d9b85a2c9467b3cb688e6e9429e0be944d8d",88,88,3,26,250,"completed",0,4.95617461204529,89776128,3600,4294967296,239627,"0726a85cbdbc775572c148380018c3f64233d14a34298ca442a82edfd9261f4f",880,"c4e433347a6ec1a0e1e595a2eea86d9e3dde0799054f15b4965d794f26c52ba5",94,46,"expected_completion",2,1,0,"closed",FALSE
"mv08zt_resource_ledger_v1","6515d9b85a2c9467b3cb688e6e9429e0be944d8d",89,89,3,27,250,"completed",0,4.69823956489563,89563136,3600,4294967296,239565,"e3fe47c3f95f35f42a01a8b25e8f86a916d1e91464a138e67ea42323c7c66c54",880,"667c003a917465cd73287d4c69352eabe5f8e0327057c38e561c7e66032d78ea",94,46,"expected_completion",2,1,0,"closed",FALSE
"mv08zt_resource_ledger_v1","6515d9b85a2c9467b3cb688e6e9429e0be944d8d",90,90,3,28,250,"completed",0,4.42567086219788,89792512,3600,4294967296,239606,"3992a34ad6fa739a1d11cfbf21d427b8232cf7a3d5ca51acad3ff23d2572e196",880,"cf4590b5a27fcbea052b8c209d87b9faab4292cc630a80647b7ab09e7833fe21",94,46,"expected_completion",2,1,0,"closed",FALSE
"mv08zt_resource_ledger_v1","6515d9b85a2c9467b3cb688e6e9429e0be944d8d",91,91,3,29,250,"completed",0,4.42015385627747,87273472,3600,4294967296,239553,"27c522180f74483978f37185cd6b59d7b371c47941de304a93f57139547fe49d",880,"4186d415e9b7ff7c4c15798d9b19ef576ebaadaa53cef9c158aa09b290bbc40f",94,46,"expected_completion",2,1,0,"closed",FALSE
"mv08zt_resource_ledger_v1","6515d9b85a2c9467b3cb688e6e9429e0be944d8d",92,92,3,30,250,"completed",0,4.45232915878296,84963328,3600,4294967296,239666,"3a5be518b350ae808e3609237ae497b1d150a7fcaf95cc0425aaf52f55b47fd2",879,"99e62194b53676e28855e372122b43e8e132dfc2dd45a4d2878939e718d2d39b",94,46,"expected_completion",2,1,0,"closed",FALSE
"mv08zt_resource_ledger_v1","6515d9b85a2c9467b3cb688e6e9429e0be944d8d",93,93,3,31,126,"completed",0,3.15631103515625,81289216,3600,4294967296,121067,"ff3c92316fd46d4fc0b144ac93d930b5965de6c84da91a7c37d0cff725ec9803",880,"d256074a2d8f5e14ab28eb244ec4061edb1ae0014ccd1b34bfe58f355188f9f5",94,46,"expected_completion",2,1,0,"closed",FALSE
"mv08zt_resource_ledger_v1","6515d9b85a2c9467b3cb688e6e9429e0be944d8d",94,94,4,1,250,"completed",0,7.03085255622864,106598400,3600,4294967296,248000,"51ce7edafc85138497d9b1bc5be0e30c3e9d355250c7ffc22ba379b2be553eae",887,"4bd5865abf60b61a3b8da822aa1fda55e2c496ed4eb856db3edbae82a928508f",94,46,"expected_completion",2,1,0,"closed",FALSE
"mv08zt_resource_ledger_v1","6515d9b85a2c9467b3cb688e6e9429e0be944d8d",95,95,4,2,250,"completed",0,7.26669716835022,105701376,3600,4294967296,248026,"c450ced68657e0771602b44864e2382cd53a6db37debd30ef133846796199b61",889,"77753e77803c2f392fe3bc5071b667f18d62c8dd9cbdabc882c799ae28e03df6",94,46,"expected_completion",2,1,0,"closed",FALSE
"mv08zt_resource_ledger_v1","6515d9b85a2c9467b3cb688e6e9429e0be944d8d",96,96,4,3,250,"completed",0,7.02355217933655,105041920,3600,4294967296,247975,"35390fe3b40ff8a6fa7357c14ab7ca13df3ebc328f3657af9ec35332e941c93d",889,"e88b259111ffd4ef6c92c79d9461d407baab6e5e89b45318a88610fe1455f5b3",94,46,"expected_completion",2,1,0,"closed",FALSE
"mv08zt_resource_ledger_v1","6515d9b85a2c9467b3cb688e6e9429e0be944d8d",97,97,4,4,250,"completed",0,7.03516125679016,104398848,3600,4294967296,248042,"0319a11a780b66e930bfb8009912110b6e02c5ca1d488e5e2e560597200218da",890,"f6472c793fa133f85bf5d3457bdb1270f89ed7367bb658d521b13df91d453399",94,46,"expected_completion",2,1,0,"closed",FALSE
"mv08zt_resource_ledger_v1","6515d9b85a2c9467b3cb688e6e9429e0be944d8d",98,98,4,5,250,"completed",0,6.7703959941864,103555072,3600,4294967296,248318,"88bf2b897f2b1a8282cbce8a30051098affa65aa8aa67b2e4c539224ffa61121",891,"5cef2aff1228ee35b74417cce18040acfda710a7a029b38349b087da61dfd6b5",94,46,"expected_completion",2,1,0,"closed",FALSE
"mv08zt_resource_ledger_v1","6515d9b85a2c9467b3cb688e6e9429e0be944d8d",99,99,4,6,250,"completed",0,6.77259993553162,102727680,3600,4294967296,248229,"b8211957a004fa4ff027974de8d9b24e0e4c70049914150484fd5c85a52961f7",891,"0296562232050369052b2564d0cd28acac95aa601027ba78e4f42b9acea769a9",94,46,"expected_completion",2,1,0,"closed",FALSE
"mv08zt_resource_ledger_v1","6515d9b85a2c9467b3cb688e6e9429e0be944d8d",100,100,4,7,250,"completed",0,6.7486469745636,102244352,3600,4294967296,248330,"d07b93bc20b0cc4340e08a943ca936cc799b04f24c677282417c85a4542185b1",891,"058476a46df97fec1581dfacb91d1c7be0a9890513b67035c0cb6c8002004679",94,46,"expected_completion",2,1,0,"closed",FALSE
"mv08zt_resource_ledger_v1","6515d9b85a2c9467b3cb688e6e9429e0be944d8d",101,101,4,8,250,"completed",0,6.77936482429504,100888576,3600,4294967296,248291,"4a24ee2a2b6e4fc93a4371abcb4b14de68c4b60c15f82745517a9df61944d058",891,"8888920152ab2057e4ed1d08f2199fab8fd5378573feb370f4a946f5238a9cd1",94,46,"expected_completion",2,1,0,"closed",FALSE
"mv08zt_resource_ledger_v1","6515d9b85a2c9467b3cb688e6e9429e0be944d8d",102,102,4,9,250,"completed",0,6.74138998985291,100052992,3600,4294967296,248412,"0e0db25bbc65e59cee8066452cffdf29a1fbb158d9f4edbee4c1c9d9c019758a",891,"353375c7a51e51b95a8665700a1e5d316121ab7b5a2f2c6d05af3e1f120d1c9c",94,46,"expected_completion",2,1,0,"closed",FALSE
"mv08zt_resource_ledger_v1","6515d9b85a2c9467b3cb688e6e9429e0be944d8d",103,103,4,10,250,"completed",0,6.58573293685913,99037184,3600,4294967296,248628,"10aa48bc3cd1a72d6577448a991f48221ec7b1182158fafc0d5933398b6ce889",892,"d993f4e2e51c41464b2e8200908bbc8c188fd53a2ddefbab6f692a6ec2513b4b",94,46,"expected_completion",2,1,0,"closed",FALSE
"mv08zt_resource_ledger_v1","6515d9b85a2c9467b3cb688e6e9429e0be944d8d",104,104,4,11,250,"completed",0,6.49765348434448,98041856,3600,4294967296,248507,"5c6b037bc9eef0aeea8794a4e5d4721f4daa2942ac53ca45449f706db183a23c",892,"a6ed87d22dba5c5a1f2b5dd9c1a52e6175f189fdbce90cfa76eabe3a45f7840d",94,46,"expected_completion",2,1,0,"closed",FALSE
"mv08zt_resource_ledger_v1","6515d9b85a2c9467b3cb688e6e9429e0be944d8d",105,105,4,12,250,"completed",0,6.51931262016296,97120256,3600,4294967296,248541,"acaaa2d6ea2ec67751aee68e4aece5d3bd074f8ae1c325fd2f9e69590ace73bf",892,"782b42e1aa71cd2445af80490f35a8c328783fd80304c2e9a37056c40d1a1f1f",94,46,"expected_completion",2,1,0,"closed",FALSE
"mv08zt_resource_ledger_v1","6515d9b85a2c9467b3cb688e6e9429e0be944d8d",106,106,4,13,250,"completed",0,6.24368786811829,96116736,3600,4294967296,248608,"dc2d1c7239a4406e878c00b0d68d793c73a114385005c361c514c3606c76244a",892,"34afdfa72e91bc8d90399a9f0ac1001d5d69830102e21c33ef371aaa972c367d",94,46,"expected_completion",2,1,0,"closed",FALSE
"mv08zt_resource_ledger_v1","6515d9b85a2c9467b3cb688e6e9429e0be944d8d",107,107,4,14,250,"completed",0,6.24677205085754,95535104,3600,4294967296,248571,"de1421b0e41a37613990c9de465b5d41882d8027286774886f9126ba169be98d",891,"1f775b45167de90715f488f4a2128c4380837d703a4386580c36678780bc6e4a",94,46,"expected_completion",2,1,0,"closed",FALSE
"mv08zt_resource_ledger_v1","6515d9b85a2c9467b3cb688e6e9429e0be944d8d",108,108,4,15,250,"completed",0,5.96248435974121,94248960,3600,4294967296,248562,"350c82163e10f2b3484b6eb8b0d83d249800566a7a2cd09bb49e4b2dbe277871",892,"e1c455abad69e1dbc82763e5f9c4badc26d6c2cebf401532d463b24fbf9a03a6",94,46,"expected_completion",2,1,0,"closed",FALSE
"mv08zt_resource_ledger_v1","6515d9b85a2c9467b3cb688e6e9429e0be944d8d",109,109,4,16,250,"completed",0,5.9747474193573,93274112,3600,4294967296,248532,"597f29a451dfca39d4d86db07b16134f422fd280c1acbe9dcd6120fb4e0d4b8f",892,"49da4c433b4c100677623b9e51548964ffa4a7867f214e30219f4053d3b2fd9d",94,46,"expected_completion",2,1,0,"closed",FALSE
"mv08zt_resource_ledger_v1","6515d9b85a2c9467b3cb688e6e9429e0be944d8d",110,110,4,17,250,"completed",0,5.71869492530823,92160000,3600,4294967296,248620,"30c631c9b900aa84ed0150a91b804f893ffaf4bf39f52becf5889bd2b72bdcda",892,"a0498d3ed30b096c9f4dbb210aebbac3799c36cb0b21829a190de229a926d7ba",94,46,"expected_completion",2,1,0,"closed",FALSE
"mv08zt_resource_ledger_v1","6515d9b85a2c9467b3cb688e6e9429e0be944d8d",111,111,4,18,250,"completed",0,5.46751427650452,91381760,3600,4294967296,248646,"df76c78eea2a846aa96782bc495d405606b5abc6668477d8bc64c4223cee84c3",892,"719edc5320d1ca46c90432afd5ce7a2ffd5d057e36db13428a1767381bcc2d98",94,46,"expected_completion",2,1,0,"closed",FALSE
"mv08zt_resource_ledger_v1","6515d9b85a2c9467b3cb688e6e9429e0be944d8d",112,112,4,19,250,"completed",0,5.72157859802246,91418624,3600,4294967296,248569,"a975a8b7a57115aa04f006789619ee02091203967b5cf34dcc906de5693b35d4",892,"e1e3045980a4329d208d48a2adaa615d8a1a8f83dc33ba730c7ca3f77bccfe45",94,46,"expected_completion",2,1,0,"closed",FALSE
"mv08zt_resource_ledger_v1","6515d9b85a2c9467b3cb688e6e9429e0be944d8d",113,113,4,20,250,"completed",0,5.46480321884155,91201536,3600,4294967296,248601,"1faa244c9275093add21cbafaaf076c3166c67a910ef403ec2b3af7a8bbf397d",892,"777199f032353a040272654850989ff7288363a12a053673a7a9c39bfe9ae75e",94,46,"expected_completion",2,1,0,"closed",FALSE
"mv08zt_resource_ledger_v1","6515d9b85a2c9467b3cb688e6e9429e0be944d8d",114,114,4,21,250,"completed",0,5.200439453125,90943488,3600,4294967296,248589,"b0946d163b897ef0f4461b1995099656914d81b92157b7c81e7ed7f10e01b808",892,"55ced3a0f664946be0c46f653b85a5431fe2c0acac9f81ff33222e83bd96eaba",94,46,"expected_completion",2,1,0,"closed",FALSE
"mv08zt_resource_ledger_v1","6515d9b85a2c9467b3cb688e6e9429e0be944d8d",115,115,4,22,250,"completed",0,4.93783807754517,91152384,3600,4294967296,248601,"57f4f0b81a175a00d1501f2c23bafc466e8373300fc82dce25b75b6e7bf29a41",892,"36de6137464db0017dd7ea67a4510704bf1f0a7aaa83950f34e93a8c13d2d8ef",94,46,"expected_completion",2,1,0,"closed",FALSE
"mv08zt_resource_ledger_v1","6515d9b85a2c9467b3cb688e6e9429e0be944d8d",116,116,4,23,250,"completed",0,4.68973684310913,90873856,3600,4294967296,248606,"6fd2f880940bf99ecaf455498cfa24923ddc1629753a604aae0efc325e117eb8",892,"7b12e44837cf72fcc75ab57b3e93e129a6a0858412d6a6a3533be6d741ababb0",94,46,"expected_completion",2,1,0,"closed",FALSE
"mv08zt_resource_ledger_v1","6515d9b85a2c9467b3cb688e6e9429e0be944d8d",117,117,4,24,250,"completed",0,4.94142436981201,90275840,3600,4294967296,248511,"9b005644809532c9d897a7c4379bfa1f5cb2a984af49b3a5a4f3cd0b2406535c",892,"28e59305656a7f6a7417204a2788027bc2b6b92117b4ce41aad13276d4aa8cce",94,46,"expected_completion",2,1,0,"closed",FALSE
"mv08zt_resource_ledger_v1","6515d9b85a2c9467b3cb688e6e9429e0be944d8d",118,118,4,25,250,"completed",0,4.68830609321594,90370048,3600,4294967296,248654,"cc1e35a254a77471d79aebdd1247df4738d8a23846bedeab5d7180a01fd1f11e",892,"f13221575887fa75868d273ee45af3fabae013b993fa323e2547a50eeb8d34ee",94,46,"expected_completion",2,1,0,"closed",FALSE
"mv08zt_resource_ledger_v1","6515d9b85a2c9467b3cb688e6e9429e0be944d8d",119,119,4,26,250,"completed",0,4.4225025177002,90411008,3600,4294967296,248695,"f30ded774b3a95a14c136cae15a778e7d2ce9b34afdcefeb4199634142db86af",892,"72e120cf78a8f0688c9b21053f4ed0e4a3bd013479975dcf5bcdae8a28fe7ed9",94,46,"expected_completion",2,1,0,"closed",FALSE
"mv08zt_resource_ledger_v1","6515d9b85a2c9467b3cb688e6e9429e0be944d8d",120,120,4,27,250,"completed",0,4.51125001907349,89825280,3600,4294967296,248598,"6859bda5934fc2972465090378ffa9fbd62eb09e9079783009d9d0707b0543ce",891,"d624e297002070796852d2186098eca5754192bcfab4b7fb0a4a0f8a16e01bf6",94,46,"expected_completion",2,1,0,"closed",FALSE
"mv08zt_resource_ledger_v1","6515d9b85a2c9467b3cb688e6e9429e0be944d8d",121,121,4,28,250,"completed",0,4.4290030002594,89567232,3600,4294967296,248604,"1ed233f1529f7d6eee234539cab2b20ccd987a874207593d566ae9c97353c6db",892,"8e9b5df547255d6bc6d45ed6998d8cab0ca611b8aa8e2a63471a670f2d4d1e93",94,46,"expected_completion",2,1,0,"closed",FALSE
"mv08zt_resource_ledger_v1","6515d9b85a2c9467b3cb688e6e9429e0be944d8d",122,122,4,29,250,"completed",0,4.17097401618958,86736896,3600,4294967296,248576,"db444ac6b90a7350d9bde7d33bb4542076c962db9db0d8b00a6581e85f8fcbb9",892,"33ee7801464f39db8220f28f31273aee9b26ea0bb9b0e46ca87c4d4600982520",94,46,"expected_completion",2,1,0,"closed",FALSE
"mv08zt_resource_ledger_v1","6515d9b85a2c9467b3cb688e6e9429e0be944d8d",123,123,4,30,250,"completed",0,3.8977518081665,83697664,3600,4294967296,248602,"4e8d6c1986185c5ee4ec354f6025667f63b90cb66cd65f746d0110ec4efaa3a3",892,"d767dd4cc4aaded099532cd69a9a7a846130bf5c19881ada5eb143d6093bf8f0",94,46,"expected_completion",2,1,0,"closed",FALSE
"mv08zt_resource_ledger_v1","6515d9b85a2c9467b3cb688e6e9429e0be944d8d",124,124,4,31,126,"completed",0,3.15389919281006,81182720,3600,4294967296,125604,"942c4a198145d9c24f4b17b6167f285c92f1b8a16d54979a1c05c77c84c5992b",891,"7e9bd9b1155e48d23ad9b8dda8cb1a8c4e42fd1a34711a9078c9bea5d236a638",94,46,"expected_completion",2,1,0,"closed",FALSE
"mv08zt_resource_ledger_v1","6515d9b85a2c9467b3cb688e6e9429e0be944d8d",125,125,5,1,250,"completed",0,7.01209807395935,107614208,3600,4294967296,238927,"e1502d7cc2a96d472d872e94ec11e57321b3aadf9d3f423f10cd85d803a8c7cc",875,"b902cd779a807d79c0a2c59ecfc390bd658c0d5b822a2bc2a928a2b5dcfddb6b",94,46,"expected_completion",2,1,0,"closed",FALSE
"mv08zt_resource_ledger_v1","6515d9b85a2c9467b3cb688e6e9429e0be944d8d",126,126,5,2,250,"completed",0,6.74497890472412,107188224,3600,4294967296,239037,"f9f990d7153cf34899362378ffb5be8b238adfc986d1d4283e5efab0585e7684",877,"83b5fd6a5d9984632a2b95a10894527d0bfe4583b380da38fe87c0387be7741f",94,46,"expected_completion",2,1,0,"closed",FALSE
"mv08zt_resource_ledger_v1","6515d9b85a2c9467b3cb688e6e9429e0be944d8d",127,127,5,3,250,"completed",0,6.76730012893677,106496000,3600,4294967296,239037,"7ea7bc29bf07d6a9d5391f25e3b24dd26e658b573132480b0e1e7f67d393775e",877,"e2ef8eafb5714b8cbbfd3541bcee6223d564b8a252915c6b1d769f1d84efed18",94,46,"expected_completion",2,1,0,"closed",FALSE
"mv08zt_resource_ledger_v1","6515d9b85a2c9467b3cb688e6e9429e0be944d8d",128,128,5,4,250,"completed",0,6.49513053894043,105775104,3600,4294967296,239188,"dd73132dff590158e94ec93088fe04879f0ae4bf671d11452964ae003c6c4e13",878,"052591c3f29541ec6274ce4b4992a09f18f8324cb7be571e5daf0012c3d1da56",94,46,"expected_completion",2,1,0,"closed",FALSE
"mv08zt_resource_ledger_v1","6515d9b85a2c9467b3cb688e6e9429e0be944d8d",129,129,5,5,250,"completed",0,6.50243067741394,104910848,3600,4294967296,239318,"dc7bf88bf0a60e82da692f2ec3331ba70ea7be66df9459e193f7f7950d92a24e",879,"854cf399e3af70a73997ba2ffc9dd42b4569f9dc6fd961853c30c01186b7126c",94,46,"expected_completion",2,1,0,"closed",FALSE
"mv08zt_resource_ledger_v1","6515d9b85a2c9467b3cb688e6e9429e0be944d8d",130,130,5,6,250,"completed",0,6.50643491744995,104062976,3600,4294967296,239314,"19b5989f157ffc9c920477add8a2a240ff5f138feb97637b3903dbf6d57827ac",878,"f9ea130fd6fd7bceacbbedbdb35ae4b76741389700e36d6f95f898c3018be818",94,46,"expected_completion",2,1,0,"closed",FALSE
"mv08zt_resource_ledger_v1","6515d9b85a2c9467b3cb688e6e9429e0be944d8d",131,131,5,7,250,"completed",0,6.25398516654968,103301120,3600,4294967296,239408,"2c13ef51d10788f1d12b3ddac347c0a82aec7d99448d00c2a1ba19569d7be9e7",879,"bc5e86de17ebc37f9f01e68279600a138ab24478ba427658ad4235859f99e036",94,46,"expected_completion",2,1,0,"closed",FALSE
"mv08zt_resource_ledger_v1","6515d9b85a2c9467b3cb688e6e9429e0be944d8d",132,132,5,8,250,"completed",0,6.50960445404053,102367232,3600,4294967296,239319,"c107c48d9a5aaa8353be3eb8229dc34764efc1bdb59ce825f9484c22c398bbe0",879,"12f3afe9f257e9679bec2387f4196c299f18a846fbcd3ee3db6175bd25d5e72f",94,46,"expected_completion",2,1,0,"closed",FALSE
"mv08zt_resource_ledger_v1","6515d9b85a2c9467b3cb688e6e9429e0be944d8d",133,133,5,9,250,"completed",0,6.23814129829407,101281792,3600,4294967296,239414,"444267169cf05455a5a3f6d63815663213ec9c03de643a272cde1062906849ed",879,"eb53aa858a8e9dda96a091a141e84319316ddba7076d2b82ef17924e59d9edda",94,46,"expected_completion",2,1,0,"closed",FALSE
"mv08zt_resource_ledger_v1","6515d9b85a2c9467b3cb688e6e9429e0be944d8d",134,134,5,10,250,"completed",0,6.25053834915161,100552704,3600,4294967296,239673,"55e7673c3e7974c32f9e039c1f3b226e0daf6215f09c92362e16d16d9d2c8a04",879,"7eec8caef4531adafcdcd6a57ca20f3085c9f5f5c2eda208ff325a67c4382ae2",94,46,"expected_completion",2,1,0,"closed",FALSE
"mv08zt_resource_ledger_v1","6515d9b85a2c9467b3cb688e6e9429e0be944d8d",135,135,5,11,250,"completed",0,6.24371647834778,99487744,3600,4294967296,239519,"b7c6b96de612243a2b4baeffcf99eb6a318ab6d887f60da42812a083443acaef",880,"7470464ddb7c9062da27a5532bd722d2e959792d68482d933de06953276b1f7f",94,46,"expected_completion",2,1,0,"closed",FALSE
"mv08zt_resource_ledger_v1","6515d9b85a2c9467b3cb688e6e9429e0be944d8d",136,136,5,12,250,"completed",0,6.25283861160278,98959360,3600,4294967296,239690,"e15da7e4a0be523b136f2f372c014635afc58beed128905d6541c5629cee97de",880,"1d082c769ea5145f3ad99bb5732a5ba8e133680cfc4ca4c1ff36e59b8e6caa60",94,46,"expected_completion",2,1,0,"closed",FALSE
"mv08zt_resource_ledger_v1","6515d9b85a2c9467b3cb688e6e9429e0be944d8d",137,137,5,13,250,"completed",0,5.99651217460632,97476608,3600,4294967296,239639,"ff85d77c14e05e59c56afaaef2a2115595a7626714a607c6ec2f35fd50638465",880,"fee2807759a8297ed7f24234aa0ac23a0c51ae01597e2edcce61fb7f14d3aa04",94,46,"expected_completion",2,1,0,"closed",FALSE
"mv08zt_resource_ledger_v1","6515d9b85a2c9467b3cb688e6e9429e0be944d8d",138,138,5,14,250,"completed",0,5.9813060760498,97042432,3600,4294967296,239553,"7b315f95c873836e33f00acdb90df360eb625ef5852fc4f6afdc513f64e66c72",880,"596c26c402d26c8ce33a4caadd76e124842bab3838ff53dc062ab2707e1fce81",94,46,"expected_completion",2,1,0,"closed",FALSE
"mv08zt_resource_ledger_v1","6515d9b85a2c9467b3cb688e6e9429e0be944d8d",139,139,5,15,250,"completed",0,5.95018553733826,96038912,3600,4294967296,239599,"99c61e3de9a5796890547f57662b70970a40f8a685dffca5104fb77625b46662",880,"8766792f5cf3db8c51b8950e1193c607f2ef291bfc25610603e5b321d1dd83b9",94,46,"expected_completion",2,1,0,"closed",FALSE
"mv08zt_resource_ledger_v1","6515d9b85a2c9467b3cb688e6e9429e0be944d8d",140,140,5,16,250,"completed",0,5.94775199890137,94814208,3600,4294967296,239555,"52ae284f63496a6482f07028690151a39cfa603de087a03f490432804e50eac6",880,"c7ba677cf2c1a1b7dbb71488bef4201a0c58da89d37b314906ae45097a5c74cd",94,46,"expected_completion",2,1,0,"closed",FALSE
"mv08zt_resource_ledger_v1","6515d9b85a2c9467b3cb688e6e9429e0be944d8d",141,141,5,17,250,"completed",0,5.69968318939209,93900800,3600,4294967296,239535,"fa3f3d0ea3d19223dbabab702643ed96635353571f80695ae450897d7a594683",880,"529e8fb086624122d7e6745a4204fa23a194dade5732f047d7270b870d6c223f",94,46,"expected_completion",2,1,0,"closed",FALSE
"mv08zt_resource_ledger_v1","6515d9b85a2c9467b3cb688e6e9429e0be944d8d",142,142,5,18,250,"completed",0,5.6979501247406,92807168,3600,4294967296,239556,"167cd31d577fb2fbdd8d4e1307beb2909e15d011ee58859e2f0f3c2c3e68327c",880,"a2e77eb5de36711685e34040034f4d54815f2f7680fd419aa4f3685ae5e9fadd",94,46,"expected_completion",2,1,0,"closed",FALSE
"mv08zt_resource_ledger_v1","6515d9b85a2c9467b3cb688e6e9429e0be944d8d",143,143,5,19,250,"completed",0,5.69735050201416,92028928,3600,4294967296,239535,"482f0ac5dc7ac60089a0b95b11af5d47dca6889b6def0aa966541aaf6ebaea6a",880,"393827091928da107e7066aa9b63fa9e98eea43114f714984f81eeebca41282d",94,46,"expected_completion",2,1,0,"closed",FALSE
"mv08zt_resource_ledger_v1","6515d9b85a2c9467b3cb688e6e9429e0be944d8d",144,144,5,20,250,"completed",0,5.4381639957428,90726400,3600,4294967296,239578,"3df17b87bb37c277d7c85bb4bef2bdeb592f99b98c78314360966e416bab8182",880,"e2a31bbe246a514501290e40440835ce9d6f0022273f633ec4c440661d3526e2",94,46,"expected_completion",2,1,0,"closed",FALSE
"mv08zt_resource_ledger_v1","6515d9b85a2c9467b3cb688e6e9429e0be944d8d",145,145,5,21,250,"completed",0,5.43415760993958,90537984,3600,4294967296,239515,"a6cf1eecb3222b1e3346a29cf9b6cb7ad3290c1b7da2b87a54c74b80731e8424",880,"f9ed9294926957d6cd09cbc608445fc9575db593a7d77f133362d5db7c8fc7c3",94,46,"expected_completion",2,1,0,"closed",FALSE
"mv08zt_resource_ledger_v1","6515d9b85a2c9467b3cb688e6e9429e0be944d8d",146,146,5,22,250,"completed",0,6.21138119697571,90341376,3600,4294967296,239596,"1ef9510a6400c922f57f3a4304af6beb98b00259bec4e8e88caeecb513d11f65",880,"93d084509ad160f18f785e3ff27252e33365151939140847b835015e545514df",94,46,"expected_completion",2,1,0,"closed",FALSE
"mv08zt_resource_ledger_v1","6515d9b85a2c9467b3cb688e6e9429e0be944d8d",147,147,5,23,250,"completed",0,5.17981290817261,90529792,3600,4294967296,239665,"9902988c8acc847caf0ad8bf82750097fcb5063cb44072a37fe5f63cb4ca63cd",880,"6bb51a37e3dec7ff3d1225287f55a01c631af18e1eeb2dba07f23fd2d3849c83",94,46,"expected_completion",2,1,0,"closed",FALSE
"mv08zt_resource_ledger_v1","6515d9b85a2c9467b3cb688e6e9429e0be944d8d",148,148,5,24,250,"completed",0,4.96352958679199,90591232,3600,4294967296,239591,"d296fb77755df78406b72e7fd288b057bde3d03c13e52f96763b1e29e0deee7f",880,"447bd72431381f77fe73e7b0f3f7bc65c91b8a3cfc108e441b2bcef26ab49f44",94,46,"expected_completion",2,1,0,"closed",FALSE
"mv08zt_resource_ledger_v1","6515d9b85a2c9467b3cb688e6e9429e0be944d8d",149,149,5,25,250,"completed",0,4.91732501983643,90554368,3600,4294967296,239597,"0616899a18b5810daa49da65191d0f33832d535902794d66553a382602aef3ac",880,"7180a03cd632c794688bdaff24aba60791c87120c1fe7e48006128d1241ed6a5",94,46,"expected_completion",2,1,0,"closed",FALSE
"mv08zt_resource_ledger_v1","6515d9b85a2c9467b3cb688e6e9429e0be944d8d",150,150,5,26,250,"completed",0,4.91704320907593,90537984,3600,4294967296,239525,"2962803214bd078c7bae26e7ebc90ad2c7806ca1d3fef6bee749f0b3181e0088",880,"a90d451641662714218f1e99588b30febe2f5da1bd5ab584666a8836ef91588f",94,46,"expected_completion",2,1,0,"closed",FALSE
"mv08zt_resource_ledger_v1","6515d9b85a2c9467b3cb688e6e9429e0be944d8d",151,151,5,27,250,"completed",0,4.65876269340515,90861568,3600,4294967296,239604,"55cf1ed568ad67f3250d606028c9eaca36119e037f8e86b1e3abe49837af1f85",880,"40830793222bae2702966a51401c853eeb5109dd9a3dca8b1b43dce470c6ede9",94,46,"expected_completion",2,1,0,"closed",FALSE
"mv08zt_resource_ledger_v1","6515d9b85a2c9467b3cb688e6e9429e0be944d8d",152,152,5,28,250,"completed",0,4.41091465950012,91340800,3600,4294967296,239674,"42a9853e6de99e6acdd472866abfaa320739fccb27e7f61c3514d39f1b6dbe54",880,"b1b349fb65b82360678857d645b33b84f8d251486ae391f68a2f438765981f39",94,46,"expected_completion",2,1,0,"closed",FALSE
"mv08zt_resource_ledger_v1","6515d9b85a2c9467b3cb688e6e9429e0be944d8d",153,153,5,29,250,"completed",0,4.13699913024902,88485888,3600,4294967296,239634,"b7544977c88129bf59465dec3fe9959084b5e2d875f0a491d92fed54613003b0",880,"61b68a7522b951ea09a1734bf21aed848afdadf5515b50d6d9f6ea0bba2f1824",94,46,"expected_completion",2,1,0,"closed",FALSE
"mv08zt_resource_ledger_v1","6515d9b85a2c9467b3cb688e6e9429e0be944d8d",154,154,5,30,250,"completed",0,4.13701057434082,85680128,3600,4294967296,239776,"2fb5566bd4053c91581030a59277358810e67bfec0f5e7bc588af491f2b3dd13",880,"004b2a5cb6410a8d5c9cc89264a44141b2b6f37b1d88e6f9aa94b5c8c77dc263",94,46,"expected_completion",2,1,0,"closed",FALSE
"mv08zt_resource_ledger_v1","6515d9b85a2c9467b3cb688e6e9429e0be944d8d",155,155,5,31,126,"completed",0,3.12139821052551,81408000,3600,4294967296,121111,"1a38775e85612dd90add39f2df527051402cc078a6435e21dcc57f0965f0d39d",880,"edc92055cc93838890880f6d58b4a7c0a2726db2c3e8e37c56e6874eac56f607",94,46,"expected_completion",2,1,0,"closed",FALSE
"mv08zt_resource_ledger_v1","6515d9b85a2c9467b3cb688e6e9429e0be944d8d",156,156,6,1,250,"completed",0,6.71727275848389,106385408,3600,4294967296,247972,"babb4f26167cbd5fdf42bb630f193147a858724be86d120ded8574cb795bdbc5",887,"3f54c8099582e4263f2bc841dc406ee9bc17f50770b52b6fdf1bc7e11dbbdf2e",94,46,"expected_completion",2,1,0,"closed",FALSE
"mv08zt_resource_ledger_v1","6515d9b85a2c9467b3cb688e6e9429e0be944d8d",157,157,6,2,250,"completed",0,6.96758460998535,106008576,3600,4294967296,248147,"ff01bfbf2a56bdad9fab549f01725621f1178351e5492740623d0a0c7fffff34",888,"0b9f102bc377977d194abeed801abd0f66c675dbaf4fff90f0614df385817d7c",94,46,"expected_completion",2,1,0,"closed",FALSE
"mv08zt_resource_ledger_v1","6515d9b85a2c9467b3cb688e6e9429e0be944d8d",158,158,6,3,250,"completed",0,6.46423864364624,105136128,3600,4294967296,248035,"b23ceffd6e3da6c69ecc3f31598a0be4d79cd34c956d116398f502df52d008ce",889,"ef728b6a446d6db9926f9f41b12474e515cda6949fe9516215ab8db536d723e1",94,46,"expected_completion",2,1,0,"closed",FALSE
"mv08zt_resource_ledger_v1","6515d9b85a2c9467b3cb688e6e9429e0be944d8d",159,159,6,4,250,"completed",0,6.82590913772583,104009728,3600,4294967296,248083,"a644a436bd6274659516d5bcb359ad7af312b59842cba677077d97e5a923b6d7",890,"69b0e1479480d87eaa10a2386a56d8b854d05d79afdc8b832c4c1ba4b914fb17",94,46,"expected_completion",2,1,0,"closed",FALSE
"mv08zt_resource_ledger_v1","6515d9b85a2c9467b3cb688e6e9429e0be944d8d",160,160,6,5,250,"completed",0,6.48994755744934,103444480,3600,4294967296,248329,"1e83e9d2dacbf1a25e882923310d53db6f33c600566d384f776292a28acaa655",890,"92490069a4b1e59d26e2eaebf5f18f3b7db774c11c18e47c4e8fd8c7e5ec01bb",94,46,"expected_completion",2,1,0,"closed",FALSE
"mv08zt_resource_ledger_v1","6515d9b85a2c9467b3cb688e6e9429e0be944d8d",161,161,6,6,250,"completed",0,6.73740553855896,102612992,3600,4294967296,248380,"ae003a7f334497dfc2af962e0540aff60bd1ddbba750de78e3ffe6e24da3f741",891,"6bf63457a83546364072e632d6b48d50fa9822e5b941103848aa0c248308647a",94,46,"expected_completion",2,1,0,"closed",FALSE
"mv08zt_resource_ledger_v1","6515d9b85a2c9467b3cb688e6e9429e0be944d8d",162,162,6,7,250,"completed",0,6.73870658874512,101867520,3600,4294967296,248285,"ec748737931e1352c309163daa90a4204dc31f9ca8e3a9ea45d0abf7463ef828",891,"5fea7f472853a99e077e60aefeed7a25906d118bb3299b992dcbb77191b4ca6b",94,46,"expected_completion",2,1,0,"closed",FALSE
"mv08zt_resource_ledger_v1","6515d9b85a2c9467b3cb688e6e9429e0be944d8d",163,163,6,8,250,"completed",0,6.7243127822876,100925440,3600,4294967296,248342,"f5c1548af7611632ad809ac77f1608f2f8511dc11101402dd9ea7f3cbc06c53a",891,"c00354219aee6dc9990abb7e045c82811a3681a4f574b9160c356325d9eb85c4",94,46,"expected_completion",2,1,0,"closed",FALSE
"mv08zt_resource_ledger_v1","6515d9b85a2c9467b3cb688e6e9429e0be944d8d",164,164,6,9,250,"completed",0,6.21714115142822,100155392,3600,4294967296,248401,"d12a998258ce315e3c60f4dad650e749161d82ee6b74649947670fe4751b3f6d",891,"232cef212e0786f76e8e7a42d89f2571aa893d08d9c38aaf445261c22047c20e",94,46,"expected_completion",2,1,0,"closed",FALSE
"mv08zt_resource_ledger_v1","6515d9b85a2c9467b3cb688e6e9429e0be944d8d",165,165,6,10,250,"completed",0,6.48335766792297,99586048,3600,4294967296,248507,"d0874536745ce3953667088fe8b0735d40dfa60b1b856c094b196a19258216ce",892,"fb7b041110b33d4bbe078412216b668db61fae470c710725bfd41ab68e84d15b",94,46,"expected_completion",2,1,0,"closed",FALSE
"mv08zt_resource_ledger_v1","6515d9b85a2c9467b3cb688e6e9429e0be944d8d",166,166,6,11,250,"completed",0,6.21408724784851,98590720,3600,4294967296,248522,"1762b709147169058a4be59f37ebdc8244d3564f8e65cce44a5b9414b2c9c520",892,"50c24a42354c9c3d5bdc5f583173c0778790d2cb55e4f0342a625c4d8198c4a2",94,46,"expected_completion",2,1,0,"closed",FALSE
"mv08zt_resource_ledger_v1","6515d9b85a2c9467b3cb688e6e9429e0be944d8d",167,167,6,12,250,"completed",0,6.20911431312561,97878016,3600,4294967296,248610,"ef40f7e4d5cde2e887a042336eb1b46e5899c9ec19869874815e184fd525b49f",892,"f66faed038d0a9cd44a74778016f46e70593fb07aa6f05a39ab8cb1f4c5bfcbc",94,46,"expected_completion",2,1,0,"closed",FALSE
"mv08zt_resource_ledger_v1","6515d9b85a2c9467b3cb688e6e9429e0be944d8d",168,168,6,13,250,"completed",0,5.9571545124054,96759808,3600,4294967296,248600,"6a838ab7d837148562710d89f1e6a69e24fb34a16e1924322a4784c452f2deab",892,"cada9aa0abc88184a1b289abe7ed38d12945e64409f1e8ef68f916f48741aea2",94,46,"expected_completion",2,1,0,"closed",FALSE
"mv08zt_resource_ledger_v1","6515d9b85a2c9467b3cb688e6e9429e0be944d8d",169,169,6,14,250,"completed",0,5.95233178138733,95883264,3600,4294967296,248568,"e1c525a0c670773a6fd3d5c4fead137634e933b129bfb6298a44bac6cbbb01e0",892,"d68baccc6eb41cc6d0b01b397dcc0f150cde3cb633dfaec159833d81d9a311d6",94,46,"expected_completion",2,1,0,"closed",FALSE
"mv08zt_resource_ledger_v1","6515d9b85a2c9467b3cb688e6e9429e0be944d8d",170,170,6,15,250,"completed",0,5.9394896030426,94998528,3600,4294967296,248620,"ac474a0765618e90f46c856da93419b71ffcbe7829d366fb0d326a9479dbdebf",892,"63b10c82b12f93f6ccdd497a2c7aa86fd0524e149e6f2f3149edcf3ff2accb5f",94,46,"expected_completion",2,1,0,"closed",FALSE
"mv08zt_resource_ledger_v1","6515d9b85a2c9467b3cb688e6e9429e0be944d8d",171,171,6,16,250,"completed",0,5.6804621219635,93851648,3600,4294967296,248607,"d5885ba7136c87bcdf86907bec06b2d7d8254a6d234ae07510f34fd2d7435ada",892,"ba78706e9f1385d0b0e1d2aed22481b43fda0d716dd716903f7ed662142e2a5e",94,46,"expected_completion",2,1,0,"closed",FALSE
"mv08zt_resource_ledger_v1","6515d9b85a2c9467b3cb688e6e9429e0be944d8d",172,172,6,17,250,"completed",0,5.71651911735535,92479488,3600,4294967296,248634,"f9377ed07be2e9a84b90495a02d2ab3933f48a4547401219144b4bbe814c6c94",892,"cf907a7ab5ee3c47f8dfb9b74ca7ed2dc71dbe285930e9ad1e9771e50fb542fe",94,46,"expected_completion",2,1,0,"closed",FALSE
"mv08zt_resource_ledger_v1","6515d9b85a2c9467b3cb688e6e9429e0be944d8d",173,173,6,18,250,"completed",0,5.44717907905579,91271168,3600,4294967296,248620,"eef735d92e6ae2412d2ad8401ff3192ce741b48a70c477759b9aba80d3c04f1d",892,"c4f2db29dbacfdb8e6a1770c4021e8507dcb06cef824a906df39e1f2076d8757",94,46,"expected_completion",2,1,0,"closed",FALSE
"mv08zt_resource_ledger_v1","6515d9b85a2c9467b3cb688e6e9429e0be944d8d",174,174,6,19,250,"completed",0,5.44423651695251,90447872,3600,4294967296,248626,"612ca24f92545a9521ea3fb8891167cb401e6b9d0113ac1bb2380f73155a0d9a",892,"bcc641a27aa77131db50aec777a25b9a566ea7ae632ba72695ce2faa6a8a40d6",94,46,"expected_completion",2,1,0,"closed",FALSE
"mv08zt_resource_ledger_v1","6515d9b85a2c9467b3cb688e6e9429e0be944d8d",175,175,6,20,250,"completed",0,5.43708872795105,90370048,3600,4294967296,248606,"53a13b84d7d20d806dc1fe946d41079deb2e169c882bc720e5d9873f5426823d",892,"42cb72bbaaf2b6fc4cc1d2b80a7dcfa7e7be943b88918a03db59a8b05cf929b6",94,46,"expected_completion",2,1,0,"closed",FALSE
"mv08zt_resource_ledger_v1","6515d9b85a2c9467b3cb688e6e9429e0be944d8d",176,176,6,21,250,"completed",0,5.42896461486816,90468352,3600,4294967296,248591,"2582d55673a62a0fdd96fb77353d286e267bad50246b8d77e4594e0802b27d41",892,"e846cb5a0c33743112148ca900d3703b2b23eb41d766baedcd81751e843d5770",94,46,"expected_completion",2,1,0,"closed",FALSE
"mv08zt_resource_ledger_v1","6515d9b85a2c9467b3cb688e6e9429e0be944d8d",177,177,6,22,250,"completed",0,5.27854537963867,90533888,3600,4294967296,248593,"1cbe8a1c858fc75c8e0a814037cd7edd85333be88c0c6ab99dc3d23ad6d80b7f",892,"08a076c4aaf8e2a732494c64149ba93dd033c9ec68e1785efee0c6651473cab9",94,46,"expected_completion",2,1,0,"closed",FALSE
"mv08zt_resource_ledger_v1","6515d9b85a2c9467b3cb688e6e9429e0be944d8d",178,178,6,23,250,"completed",0,4.92373132705688,91025408,3600,4294967296,248573,"3fd805ff83018ee09e85e076f477be3987c8ac183ecc5208d91592e5d48f3405",892,"b17027c7e60b72d98810e7bb0fe0ff0419f125b2602d103473917c2476fdc19a",94,46,"expected_completion",2,1,0,"closed",FALSE
"mv08zt_resource_ledger_v1","6515d9b85a2c9467b3cb688e6e9429e0be944d8d",179,179,6,24,250,"completed",0,4.92679500579834,90583040,3600,4294967296,248541,"e03c054dc07512db96cd9041c8206fc7acba88697e3e2c134b3ae2df4b7f5104",892,"f5d718b3619dcceaff2b217de22c340c68c3687c7f3faa8cea4f71be2535fb14",94,46,"expected_completion",2,1,0,"closed",FALSE
"mv08zt_resource_ledger_v1","6515d9b85a2c9467b3cb688e6e9429e0be944d8d",180,180,6,25,250,"completed",0,4.94270133972168,91017216,3600,4294967296,248601,"557c6919972e6b72890e17f37c05a8c84c5095b661e949742b1374ef1fdb7ae1",892,"c6d7d48e516b71b712f95b213ed8126226698fce42e4703ac4c25b7286d2659b",94,46,"expected_completion",2,1,0,"closed",FALSE
"mv08zt_resource_ledger_v1","6515d9b85a2c9467b3cb688e6e9429e0be944d8d",181,181,6,26,250,"completed",0,4.68049240112305,90574848,3600,4294967296,248552,"f17b7d461cf70863895c61ca9d8788bd8ce8a0263a3c2cdcf8502aaefba00f1b",892,"1f51dc84a760b93dead4f6e461528faee33b06e57f19101e8774cb2067cca3bc",94,46,"expected_completion",2,1,0,"closed",FALSE
"mv08zt_resource_ledger_v1","6515d9b85a2c9467b3cb688e6e9429e0be944d8d",182,182,6,27,250,"completed",0,4.69252038002014,90431488,3600,4294967296,248562,"8c74e60508df0bc7b18101423e76e04394382acf52e994cb368852ad04aeef54",892,"3425a3a2319a053608dd681b0ea04c5bdc68949fbe83397bb13a0022502c4027",94,46,"expected_completion",2,1,0,"closed",FALSE
"mv08zt_resource_ledger_v1","6515d9b85a2c9467b3cb688e6e9429e0be944d8d",183,183,6,28,250,"completed",0,4.67043471336365,90038272,3600,4294967296,248545,"55f77402b8164cf8c532bb250efc8955fea953ec8a11df29e43e8b4af52207dd",892,"7700777b65fb326f76937502672e149766be0f21002e778e604a1f45ac387588",94,46,"expected_completion",2,1,0,"closed",FALSE
"mv08zt_resource_ledger_v1","6515d9b85a2c9467b3cb688e6e9429e0be944d8d",184,184,6,29,250,"completed",0,4.39771699905396,87154688,3600,4294967296,248530,"003ced62e5d1b167377a3fb888116bc85d5550859df981fd1b78d1e0c2bce025",891,"ae672fcacbc7787f64b3a5fcff79d5065de765bf4c8ab754478ae7b587c67cd8",94,46,"expected_completion",2,1,0,"closed",FALSE
"mv08zt_resource_ledger_v1","6515d9b85a2c9467b3cb688e6e9429e0be944d8d",185,185,6,30,250,"completed",0,4.14663147926331,83730432,3600,4294967296,248542,"0bfa3707644b3ae87fd5fc44897c9ddd6702f519ad37918f9d4eeacfdfc757f9",892,"aaf973f178ce32bf02313adbf749e42fb73650c5c1f44c17ed481fb1685d68e7",94,46,"expected_completion",2,1,0,"closed",FALSE
"mv08zt_resource_ledger_v1","6515d9b85a2c9467b3cb688e6e9429e0be944d8d",186,186,6,31,126,"completed",0,3.14619302749634,81211392,3600,4294967296,125557,"b4892cbfe76ec922d1b8dea8dd6231b3d345233a694aa45de25e84a0c72b7b3a",892,"c4c968873e297a5a90b8464bc0dccd7ff23239f0f9e401b7770eb372baff43a3",94,46,"expected_completion",2,1,0,"closed",FALSE
"mv08zt_resource_ledger_v1","6515d9b85a2c9467b3cb688e6e9429e0be944d8d",187,187,7,1,250,"completed",0,6.98399138450623,107036672,3600,4294967296,238901,"1a703c5bf36c9344dfba0fafa9c86696a4421447100460c5c889f731b6519cfd",875,"ca67b502bf3d73ead86823a45ddce70f75ac88c82767beeaf6a126bdb32acb0b",94,46,"expected_completion",2,1,0,"closed",FALSE
"mv08zt_resource_ledger_v1","6515d9b85a2c9467b3cb688e6e9429e0be944d8d",188,188,7,2,250,"completed",0,7.00944590568542,106450944,3600,4294967296,239129,"bb6680c92a2cd662359d3b7d19ff8920d8d91a04c95aec1616b3f43b4baa1bca",877,"e7e533420f4f4df7c1caa35eb1245e94f7780eb81e6979d0ed5bdbfa276ad2c8",94,46,"expected_completion",2,1,0,"closed",FALSE
"mv08zt_resource_ledger_v1","6515d9b85a2c9467b3cb688e6e9429e0be944d8d",189,189,7,3,250,"completed",0,6.4672966003418,105545728,3600,4294967296,239088,"66e00115cf3d4bcf2d0a72543c8a585b66226ed23c73f595419a9064a53b9814",877,"a537a9b890fb85d56b24b6583a906428151b47ce40fd2dafeada5ff73daf422b",94,46,"expected_completion",2,1,0,"closed",FALSE
"mv08zt_resource_ledger_v1","6515d9b85a2c9467b3cb688e6e9429e0be944d8d",190,190,7,4,250,"completed",0,6.72551894187927,104800256,3600,4294967296,239141,"33605cac0b8abcdc48fd26cfae1597308fcacadcf6d548dee137e401e86a6fec",878,"9ee64b846f3f6b2f4ed564329983269ddceb6cae0a7bf2b85020a6e2814ff9ff",94,46,"expected_completion",2,1,0,"closed",FALSE
"mv08zt_resource_ledger_v1","6515d9b85a2c9467b3cb688e6e9429e0be944d8d",191,191,7,5,250,"completed",0,8.5447039604187,104333312,3600,4294967296,239351,"2516b24e50df60a8e421011dfdb0622f973c056454df41c2ee1ff57a206bc070",879,"103da910801bf42ddd2a6838f620f82e0849c6f1f0a2e04edaa5358b8b17f48e",94,46,"expected_completion",2,1,0,"closed",FALSE
"mv08zt_resource_ledger_v1","6515d9b85a2c9467b3cb688e6e9429e0be944d8d",192,192,7,6,250,"completed",0,6.73844075202942,103587840,3600,4294967296,239366,"848a0049da3c4a304cb692d8c6345e992df17c9824abc8b3d95bfb053dfcd58e",879,"a41e5793edc9c14ed5dbbaaf2bca87e0816f25999f5f7433bc6a9c1ff62c5ef5",94,46,"expected_completion",2,1,0,"closed",FALSE
"mv08zt_resource_ledger_v1","6515d9b85a2c9467b3cb688e6e9429e0be944d8d",193,193,7,7,250,"completed",0,6.48574757575989,103100416,3600,4294967296,239339,"43a41b21e95994f43485a8f87559f97ba81e251e202647251f5598bf7ab357ec",878,"81d50ce24d5250244c9d4077e0c952de0757f23b291a4d433fd4980d47db8cf1",94,46,"expected_completion",2,1,0,"closed",FALSE
"mv08zt_resource_ledger_v1","6515d9b85a2c9467b3cb688e6e9429e0be944d8d",194,194,7,8,250,"completed",0,6.78863644599915,101941248,3600,4294967296,239362,"c8ff6833bb0cd14295ea100e0ba60b9ba5d459f9db613d63d84d82fc029ae021",879,"bab8302f20e520a2b27a7b5211d0448d9dc790669198ca4d8d84098afa8ab395",94,46,"expected_completion",2,1,0,"closed",FALSE
"mv08zt_resource_ledger_v1","6515d9b85a2c9467b3cb688e6e9429e0be944d8d",195,195,7,9,250,"completed",0,6.46727800369263,101224448,3600,4294967296,239421,"078faec6061143cda74e30a3e93e43b9ad901faa62aa4813f1f81b1cf0488507",879,"3d33926840eec6d8b7d68e1f863eb5c81aaa550e369bb301d19bf28288437474",94,46,"expected_completion",2,1,0,"closed",FALSE
"mv08zt_resource_ledger_v1","6515d9b85a2c9467b3cb688e6e9429e0be944d8d",196,196,7,10,250,"completed",0,6.77110815048218,100212736,3600,4294967296,239450,"8ab43f7938a6ac659e1589984e719ff2225cc125d650a3fbae693285cb840413",880,"efbe04a508b0e8fb7ea976fd6eb09646efbd1deb0cc08901007bff1c5f88a4ee",94,46,"expected_completion",2,1,0,"closed",FALSE
"mv08zt_resource_ledger_v1","6515d9b85a2c9467b3cb688e6e9429e0be944d8d",197,197,7,11,250,"completed",0,5.97273230552673,98840576,3600,4294967296,239498,"62aab9e8faab60a997402139b28a5ea246080f65aa2ca87cac931adb44175c64",880,"29288cef2ee625cf2f667962155797562460c372f08b8a1fc38c0365281ed8c5",94,46,"expected_completion",2,1,0,"closed",FALSE
"mv08zt_resource_ledger_v1","6515d9b85a2c9467b3cb688e6e9429e0be944d8d",198,198,7,12,250,"completed",0,6.21177840232849,98078720,3600,4294967296,239658,"b3bffcb36217ed73544c2cbfa7b0d79712d9fe27128811ddf83239e84d798ee3",880,"cdc63ac93f95015c46d36bff2c2500b9438bb524f6e4be765aeb241c064353f7",94,46,"expected_completion",2,1,0,"closed",FALSE
"mv08zt_resource_ledger_v1","6515d9b85a2c9467b3cb688e6e9429e0be944d8d",199,199,7,13,250,"completed",0,6.22629308700562,97087488,3600,4294967296,239673,"cebc71670f790dedd874f217923c4d3cc1f7e9dd7cab1ed437c87bb7653b2dfa",880,"b4adc672b7a6d60979ebdc532057025e216beef837d953f09f7cd728ec92c6c8",94,46,"expected_completion",2,1,0,"closed",FALSE
"mv08zt_resource_ledger_v1","6515d9b85a2c9467b3cb688e6e9429e0be944d8d",200,200,7,14,250,"completed",0,5.9636607170105,96423936,3600,4294967296,239672,"aac3788e5d4a09c4bd0ea0a90d2bf56e5e4e14a4282917a59226ba10dfefab03",880,"c20707f0ecccd26be09066ab167b1a8c2f8cb56f04cb7c015ed59e8d92ff2e3d",94,46,"expected_completion",2,1,0,"closed",FALSE
"mv08zt_resource_ledger_v1","6515d9b85a2c9467b3cb688e6e9429e0be944d8d",201,201,7,15,250,"completed",0,5.71492075920105,95354880,3600,4294967296,239593,"cf47a2c1f462ef429269b9942d6ed9dbe2b3044bb0c638df43b71aecc8ae206d",880,"4150599b88b2dc120ddeae022f74c1f881d97c26892f3c258d8ecfa28676f90a",94,46,"expected_completion",2,1,0,"closed",FALSE
"mv08zt_resource_ledger_v1","6515d9b85a2c9467b3cb688e6e9429e0be944d8d",202,202,7,16,250,"completed",0,5.9816300868988,94203904,3600,4294967296,239508,"aad6830fdb5f49a08badf319346714c0da2f16246f9c1ebe79a798ce4f0ec061",880,"1a56042e316cf75527c7c518726fe02bf9dfc893d5666302755fcb84de3550d9",94,46,"expected_completion",2,1,0,"closed",FALSE
"mv08zt_resource_ledger_v1","6515d9b85a2c9467b3cb688e6e9429e0be944d8d",203,203,7,17,250,"completed",0,5.98366355895996,93364224,3600,4294967296,239590,"8208edfcb198541c1da88fcd2686659ba0206fbdf897d237d594d9f5dff539c1",880,"1f408a00edefabd1904f06d157a7854b3c6f61e55b194a9d6c5022542bbdca15",94,46,"expected_completion",2,1,0,"closed",FALSE
"mv08zt_resource_ledger_v1","6515d9b85a2c9467b3cb688e6e9429e0be944d8d",204,204,7,18,250,"completed",0,5.70802474021912,92090368,3600,4294967296,239585,"0a9130cdcf8a4c253bb89b6fac08788f37c7e5550ed21c4b3c0ef92eea8ebf35",880,"986023cd5b3d2207561b17f0c46d8586ec06e22433c83439293402cecf5f64b3",94,46,"expected_completion",2,1,0,"closed",FALSE
"mv08zt_resource_ledger_v1","6515d9b85a2c9467b3cb688e6e9429e0be944d8d",205,205,7,19,250,"completed",0,5.72076010704041,90890240,3600,4294967296,239579,"e0e36b385c7476ac9280d88adce9bbcd6f1d32ad3460c430429a32e96c0cc4cf",878,"63450d2424580df4a0f5d2aa2641358ae62aee47b7f14c3fe04e6a2cb2268c15",94,46,"expected_completion",2,1,0,"closed",FALSE
"mv08zt_resource_ledger_v1","6515d9b85a2c9467b3cb688e6e9429e0be944d8d",206,206,7,20,250,"completed",0,5.46248149871826,90640384,3600,4294967296,239476,"02e132b7f7484ee44b5e39c54b6a3eabade5a88221b0fa55a475682c065a1a9c",879,"8c4023a5712dd3e633e7adeef613b2dc8b68e2f894f027c611c5693d46f15480",94,46,"expected_completion",2,1,0,"closed",FALSE
"mv08zt_resource_ledger_v1","6515d9b85a2c9467b3cb688e6e9429e0be944d8d",207,207,7,21,250,"completed",0,5.45394825935364,91086848,3600,4294967296,239573,"e7067e55b2b8e3187c5403cba4052a7992c6f40452f2652d477e48ec7667b33e",879,"4dae1f0d0d6ca816fc22b0c3d4a19e3d3642bad18b9c55aaa793d7fed41f6ce9",94,46,"expected_completion",2,1,0,"closed",FALSE
"mv08zt_resource_ledger_v1","6515d9b85a2c9467b3cb688e6e9429e0be944d8d",208,208,7,22,250,"completed",0,5.2062680721283,91279360,3600,4294967296,239598,"a9241545a389bfd7af61fbd2edda268431cd13b389919d69f79b39db965e769d",880,"6ce9027c9437ed79a139556a810d87211cea2e52fed583c9295e331629ce90a5",94,46,"expected_completion",2,1,0,"closed",FALSE
"mv08zt_resource_ledger_v1","6515d9b85a2c9467b3cb688e6e9429e0be944d8d",209,209,7,23,250,"completed",0,4.94081974029541,91140096,3600,4294967296,239651,"3b2540735002fd064f57e16b319af5cb9dfc55f41e53de0cc4aa27dde6be15b8",880,"e79e4f1909f87996640184424079e56b28791ffff47e280f940a1fa01b8ce1f7",94,46,"expected_completion",2,1,0,"closed",FALSE
"mv08zt_resource_ledger_v1","6515d9b85a2c9467b3cb688e6e9429e0be944d8d",210,210,7,24,250,"completed",0,4.92869663238525,90931200,3600,4294967296,239596,"1df8babafb7af9c8d3f9fadd1a64e1ce912085fd0760490dac96730c56da86ad",880,"d76c8f6a067f60e30de2d98853b1c886691fba38a28a5b2d5e6e144b14a3c105",94,46,"expected_completion",2,1,0,"closed",FALSE
"mv08zt_resource_ledger_v1","6515d9b85a2c9467b3cb688e6e9429e0be944d8d",211,211,7,25,250,"completed",0,4.95473742485046,90550272,3600,4294967296,239631,"6ae37740079f58442bb52600cc7404958ec243a4bc83df6385a01eb6e4e1be30",880,"1e5c6dc63db34706c20c03dc8c392229051df29b245004dfd90b3b5217686b9b",94,46,"expected_completion",2,1,0,"closed",FALSE
"mv08zt_resource_ledger_v1","6515d9b85a2c9467b3cb688e6e9429e0be944d8d",212,212,7,26,250,"completed",0,4.95037698745728,90578944,3600,4294967296,239695,"e810a23b2bda55ad3bd9dfdfb59adacb9dec466f82bc6e2041d94a30d76f4e28",879,"6bfd8fad9a0b727b5f1acff16a0376cff4b10cee64d23bf2a72f396bb3e195e2",94,46,"expected_completion",2,1,0,"closed",FALSE
"mv08zt_resource_ledger_v1","6515d9b85a2c9467b3cb688e6e9429e0be944d8d",213,213,7,27,250,"completed",0,4.43903779983521,90525696,3600,4294967296,239610,"46c05f4372b455ba6d603868a988c92bf024b4edbfa5e4edb23066e3c8b8f04f",880,"e037c6ef209acd3b9f81ca1db64f806bc3c7b4290d1a95fe7640ab8991bda976",94,46,"expected_completion",2,1,0,"closed",FALSE
"mv08zt_resource_ledger_v1","6515d9b85a2c9467b3cb688e6e9429e0be944d8d",214,214,7,28,250,"completed",0,4.52779603004456,90755072,3600,4294967296,239661,"5c88aa5e5cbd1ce668da3fb9372ce40b03ecbed8d81ecefa2d3ffc4e9315fe3c",880,"63bafc7466d982f356bd5f6f00a0facb6a5b6d5b05728598fd15fbf41988f1e1",94,46,"expected_completion",2,1,0,"closed",FALSE
"mv08zt_resource_ledger_v1","6515d9b85a2c9467b3cb688e6e9429e0be944d8d",215,215,7,29,250,"completed",0,4.18795394897461,87961600,3600,4294967296,239642,"f5480a0cfa514d614a7ca3af0cc0b5d496b848a9dbbe7d3ff59ef5f8f6abb7c2",880,"9d3670020615acd040b046621c749bf91a770421e55291520b5946bdf7db492b",94,46,"expected_completion",2,1,0,"closed",FALSE
"mv08zt_resource_ledger_v1","6515d9b85a2c9467b3cb688e6e9429e0be944d8d",216,216,7,30,250,"completed",0,4.17079305648804,84570112,3600,4294967296,239603,"324ea85210dbe508840cf5e25b03f82d4fada2c5136c8fd3a4ed18c9e3651ed5",880,"74ecb2fe22f3cd294f1fbdcb036e0eb5c005fed5d087ff2cd8dcb34d240cf753",94,46,"expected_completion",2,1,0,"closed",FALSE
"mv08zt_resource_ledger_v1","6515d9b85a2c9467b3cb688e6e9429e0be944d8d",217,217,7,31,126,"completed",0,3.37787938117981,81117184,3600,4294967296,121071,"27393bb45a4b6c0e648a437e4a4faf16fe76f634c28b7ce43ecf6e8ebbfd1394",880,"f88ffb57c18043a98b565fcd298d6eacc29e19e413f184af4245c1ce2535acf2",94,46,"expected_completion",2,1,0,"closed",FALSE
"mv08zt_resource_ledger_v1","6515d9b85a2c9467b3cb688e6e9429e0be944d8d",218,218,8,1,250,"completed",0,6.75843381881714,107188224,3600,4294967296,247991,"4076b3c5aa154eca72a4afa23b3b68dee3b28e47611bcc33e8114b2bd393519c",887,"6df0291cdc0594becc9b679d57ef560a99a3fc6f31287e2a92d3efd364098e3b",94,46,"expected_completion",2,1,0,"closed",FALSE
"mv08zt_resource_ledger_v1","6515d9b85a2c9467b3cb688e6e9429e0be944d8d",219,219,8,2,250,"completed",0,7.27642035484314,106426368,3600,4294967296,248166,"5119949d235bb28809c7eecd344384524a38780caf564ed0557bceeb1e66cb23",889,"4b594aac1c63a288860f6321bbb2f84256436cd2627e8a90dcc06983b8051280",94,46,"expected_completion",2,1,0,"closed",FALSE
"mv08zt_resource_ledger_v1","6515d9b85a2c9467b3cb688e6e9429e0be944d8d",220,220,8,3,250,"completed",0,7.01859998703003,105590784,3600,4294967296,248034,"5bcc23e6ad63a5ae5a87e8bf619fe91256a831b83db5cd93730f2d27a3216c0d",889,"5ae5b110a80345c7b4eabf0cef09fc13ca276c5ae4a3e13d4c0986524c6b011f",94,46,"expected_completion",2,1,0,"closed",FALSE
"mv08zt_resource_ledger_v1","6515d9b85a2c9467b3cb688e6e9429e0be944d8d",221,221,8,4,250,"completed",0,6.74777340888977,104837120,3600,4294967296,248030,"c1f53aa2b451e0894afd1d4119f8e5be6d3a1e838e3d72dfc2513d0d5c502f12",890,"015ee454c9ac266bf65e99f72dbe3af1a72f487dac566fdbb50137b1881fc839",94,46,"expected_completion",2,1,0,"closed",FALSE
"mv08zt_resource_ledger_v1","6515d9b85a2c9467b3cb688e6e9429e0be944d8d",222,222,8,5,250,"completed",0,6.52661752700806,104108032,3600,4294967296,248291,"8e2b4b7d96a206787c3d91e5bf60a5f6e59ecd9e5ecc55f7f3df7cf8d2684bae",891,"147339ca6a78a08c826234bf405f3967c62b6e7d6f04ae228c3c787896dfc138",94,46,"expected_completion",2,1,0,"closed",FALSE
"mv08zt_resource_ledger_v1","6515d9b85a2c9467b3cb688e6e9429e0be944d8d",223,223,8,6,250,"completed",0,6.49872899055481,103735296,3600,4294967296,248193,"dc66515a1fd7fa42cf198b1470e9e9ae575f58128c85318a04c10562b3eadb1a",891,"5f1ea20410bc03ce0270832f8e2d0e6abe99265cf93fafdd686998c64534487a",94,46,"expected_completion",2,1,0,"closed",FALSE
"mv08zt_resource_ledger_v1","6515d9b85a2c9467b3cb688e6e9429e0be944d8d",224,224,8,7,250,"completed",0,6.48793649673462,102948864,3600,4294967296,248308,"ce9270c6d527d13f3f200b173c2ce53cd10631d19d618c1e3a7bfa52cfd932f5",890,"5fe5b6dc336d56b92d4ca257b4bfe513f1552e73c7bc4ffa6499fa7033c317a1",94,46,"expected_completion",2,1,0,"closed",FALSE
"mv08zt_resource_ledger_v1","6515d9b85a2c9467b3cb688e6e9429e0be944d8d",225,225,8,8,250,"completed",0,6.24259567260742,102064128,3600,4294967296,248336,"b4835a4d4bb40b6abb7296655ddc014898c0883cc0036238c7ae9ba910c1a35f",891,"8633d1fd0b01d0cf0e017e09ee982464324f0c16a7b2953d654fec418bde699c",94,46,"expected_completion",2,1,0,"closed",FALSE
"mv08zt_resource_ledger_v1","6515d9b85a2c9467b3cb688e6e9429e0be944d8d",226,226,8,9,250,"completed",0,6.25139212608337,101040128,3600,4294967296,248289,"2f4a4033085bc89e9d31b673a0c648e08f496290aa66a59d3631486b88e3dd26",891,"6ffafa87cdcc01aa446181361c214ea40f320ab6b2b60981b79e0cfc010114d1",94,46,"expected_completion",2,1,0,"closed",FALSE
"mv08zt_resource_ledger_v1","6515d9b85a2c9467b3cb688e6e9429e0be944d8d",227,227,8,10,250,"completed",0,6.23599815368652,100323328,3600,4294967296,248554,"0a886453eb722209ee537473969e48429aaa81793b4b9bc4138099fc55f8a621",892,"aa54fae1973f3a8da12e9fab35491c43e0fae40194eca81c3ffdd541ee745a3d",94,46,"expected_completion",2,1,0,"closed",FALSE
"mv08zt_resource_ledger_v1","6515d9b85a2c9467b3cb688e6e9429e0be944d8d",228,228,8,11,250,"completed",0,5.98404431343079,99074048,3600,4294967296,248618,"28a375960f37571081a9b799a8bdabd5c06215ed100dc751a7e509c5aed9009a",892,"1a4e84bb10cf4b7604f71cb35c1f76c1b68129cc74e20466c0b681873e1c5def",94,46,"expected_completion",2,1,0,"closed",FALSE
"mv08zt_resource_ledger_v1","6515d9b85a2c9467b3cb688e6e9429e0be944d8d",229,229,8,12,250,"completed",0,6.23849177360535,98172928,3600,4294967296,248590,"b2869b92719bd0144ebf54de6272f1a7792f8ecc5d65d7ea55d9a355ed16c9e9",892,"c09ec635d52c0910699ce94530ea877e7cf4bc2a6e49ab20262fc81cc1867562",94,46,"expected_completion",2,1,0,"closed",FALSE
"mv08zt_resource_ledger_v1","6515d9b85a2c9467b3cb688e6e9429e0be944d8d",230,230,8,13,250,"completed",0,6.24328470230103,97394688,3600,4294967296,248562,"601b62893f801e6544948685d108288237a1f65e5b7260eaf1e9d648ab51bff8",892,"9d303d9169e229abf34c85c3d78d0b79a8cc756e9b3bd238c2324c3edff7c0f3",94,46,"expected_completion",2,1,0,"closed",FALSE
"mv08zt_resource_ledger_v1","6515d9b85a2c9467b3cb688e6e9429e0be944d8d",231,231,8,14,250,"completed",0,5.83846426010132,96624640,3600,4294967296,248638,"83a3100a0f375b70dfa03130bfad6bad8723f4a8a4cbfa10fcfebf6a55ef859b",892,"39153be3e8be454fe5e35d89b8e3f07565eb825774992a3deae7caa591fa54aa",94,46,"expected_completion",2,1,0,"closed",FALSE
"mv08zt_resource_ledger_v1","6515d9b85a2c9467b3cb688e6e9429e0be944d8d",232,232,8,15,250,"completed",0,5.97837781906128,95567872,3600,4294967296,248549,"427938625cf7f063f48f33b84b8576d4c2fc7c92c536cbd3911e4fca0d8759d9",892,"030225bf5ee4cf70bd915f14f3bb5d4b7ef0a99848247641c88f0b8daa76abe3",94,46,"expected_completion",2,1,0,"closed",FALSE
"mv08zt_resource_ledger_v1","6515d9b85a2c9467b3cb688e6e9429e0be944d8d",233,233,8,16,250,"completed",0,5.97687005996704,94449664,3600,4294967296,248627,"7b880efacdc5e162052d315c4355899858336eecfdc523a72411782b01bf4490",892,"837fc7a96be50da1fcef61586b1574d19802c60ed6c53d16ce4ec5f72f5290e7",94,46,"expected_completion",2,1,0,"closed",FALSE
"mv08zt_resource_ledger_v1","6515d9b85a2c9467b3cb688e6e9429e0be944d8d",234,234,8,17,250,"completed",0,5.81381940841675,93204480,3600,4294967296,248639,"f1046abd43faacc2904eb05d881e64c15f33e7a0aee2f1d8b9fcd94dbb27ce31",892,"4a5fe5c389cdf265f3617377943d10ff83d96bebde45670e4ed8e15f3b1944d0",94,46,"expected_completion",2,1,0,"closed",FALSE
"mv08zt_resource_ledger_v1","6515d9b85a2c9467b3cb688e6e9429e0be944d8d",235,235,8,18,250,"completed",0,5.46847486495972,92155904,3600,4294967296,248667,"3cdc604f06eda9c24062fc8c727e89291bf59b35475a1cee020b3ead92455746",892,"4eeb75939811fa0365634e4c984e5f2646f0c9fdd149b9d560f687ebce11e062",94,46,"expected_completion",2,1,0,"closed",FALSE
"mv08zt_resource_ledger_v1","6515d9b85a2c9467b3cb688e6e9429e0be944d8d",236,236,8,19,250,"completed",0,5.97873616218567,91123712,3600,4294967296,248627,"d65d6458931931188337c83ccce1477c01c3237fe6c6315ef8f4bc83ac774313",891,"2a5fb1ad57f445f5dc06041f6a9d10bb183a62323ca88a5622b9003cef4d31f8",94,46,"expected_completion",2,1,0,"closed",FALSE
"mv08zt_resource_ledger_v1","6515d9b85a2c9467b3cb688e6e9429e0be944d8d",237,237,8,20,250,"completed",0,5.47575378417969,90427392,3600,4294967296,248549,"ae162a6f321dd9f6a735719097dddcbdd1b8c08a97b04ccac50ea9c663fb3dca",892,"31bf20458d512b64ca0bfe1caf648c9bd6f08fdb9d62b0c50496c506839e5077",94,46,"expected_completion",2,1,0,"closed",FALSE
"mv08zt_resource_ledger_v1","6515d9b85a2c9467b3cb688e6e9429e0be944d8d",238,238,8,21,250,"completed",0,5.46999430656433,90263552,3600,4294967296,248518,"680da5c2190d760623fade6fb7d976d8ee9ceff4ff5eb760c5746812968f1426",892,"414c408eb2e0641ee335e1fdd40200ad5075cc801cf58d470a8fb685311b35bd",94,46,"expected_completion",2,1,0,"closed",FALSE
"mv08zt_resource_ledger_v1","6515d9b85a2c9467b3cb688e6e9429e0be944d8d",239,239,8,22,250,"completed",0,5.47443056106567,90652672,3600,4294967296,248506,"688d09c895f82edf3da50531d7678bc3728124b62357ded7f10ecea609355d87",892,"8c4df6e6da885dc3b3c0b0e4c73a94e1f78ca5bf9368daa6bcce49503824a41f",94,46,"expected_completion",2,1,0,"closed",FALSE
"mv08zt_resource_ledger_v1","6515d9b85a2c9467b3cb688e6e9429e0be944d8d",240,240,8,23,250,"completed",0,5.2119927406311,91086848,3600,4294967296,248618,"6cf5a5190fc0fb781b4647dfa3c5bd2e9164db0ba958a582a672e525968497b2",892,"89db665f8e7449df094a3629b783c3759489b714b6690f8e74e34bccff170b8d",94,46,"expected_completion",2,1,0,"closed",FALSE
"mv08zt_resource_ledger_v1","6515d9b85a2c9467b3cb688e6e9429e0be944d8d",241,241,8,24,250,"completed",0,5.21311497688293,90705920,3600,4294967296,248581,"1fdda24a31d11b488b58cc612021d2ab04d0a6ab6a5abe804b791e0e3bb306f1",892,"16cb86c9252c047fb7d63f6d6a2cd51884dd3af2a6f66951ee9964afe59b001f",94,46,"expected_completion",2,1,0,"closed",FALSE
"mv08zt_resource_ledger_v1","6515d9b85a2c9467b3cb688e6e9429e0be944d8d",242,242,8,25,250,"completed",0,4.6802704334259,91271168,3600,4294967296,248589,"3e16f44d95585fdd6d05930c7266057dfe5ce40210820b0512970f51244956e5",892,"3e932614bc51023520d68b718377c5614ac32d1d79537dd4d55a7d6a61817221",94,46,"expected_completion",2,1,0,"closed",FALSE
"mv08zt_resource_ledger_v1","6515d9b85a2c9467b3cb688e6e9429e0be944d8d",243,243,8,26,250,"completed",0,4.68952393531799,91373568,3600,4294967296,248611,"af2a2f26184796399a794364041300d513246fdc91600b91fd52dd562efe3fa5",892,"f54eaac87f4bbde7c1750b2a106877fbc3850d051f7456885a43971ee3dcd331",94,46,"expected_completion",2,1,0,"closed",FALSE
"mv08zt_resource_ledger_v1","6515d9b85a2c9467b3cb688e6e9429e0be944d8d",244,244,8,27,250,"completed",0,4.68967390060425,91025408,3600,4294967296,248547,"fe08dc4e66bf34a5846293f364bfc12fbc6003588bb5ec15b8f816e972885c79",892,"bd4cded4540ebe62c2ec8d1f3fccf8ad6a4b175d5bbe97b203a7d5d0c555e751",94,46,"expected_completion",2,1,0,"closed",FALSE
"mv08zt_resource_ledger_v1","6515d9b85a2c9467b3cb688e6e9429e0be944d8d",245,245,8,28,250,"completed",0,4.70260691642761,90742784,3600,4294967296,248605,"a4836a07dce1720b0beb91f05013bce87bba3e799942880bae42996a223e9d38",891,"2fcef1f6e3bcef9c7ad06d4dafcfe5d5138a86cf7fc99a5603757e8fa59fbda0",94,46,"expected_completion",2,1,0,"closed",FALSE
"mv08zt_resource_ledger_v1","6515d9b85a2c9467b3cb688e6e9429e0be944d8d",246,246,8,29,250,"completed",0,4.18222808837891,88186880,3600,4294967296,248593,"5083dcdfa5540e0fef996a2972714127ae7080b5d6bfe0d823c5cd27ba527552",892,"4ed273420fd527ac4b6c96a57a87e935625ff4dd39e4fc4b4190c7151b6e42c2",94,46,"expected_completion",2,1,0,"closed",FALSE
"mv08zt_resource_ledger_v1","6515d9b85a2c9467b3cb688e6e9429e0be944d8d",247,247,8,30,250,"completed",0,4.17379283905029,84983808,3600,4294967296,248571,"e33f626397e746b3614ad966950a321d8099e756df0ddaaef846260923747535",892,"ce40f0c2a0aea82e1a723b5fb8507a03f3b2656d7cb746e0513f75beaa23bd2e",94,46,"expected_completion",2,1,0,"closed",FALSE
"mv08zt_resource_ledger_v1","6515d9b85a2c9467b3cb688e6e9429e0be944d8d",248,248,8,31,126,"completed",0,3.3883068561554,81346560,3600,4294967296,125577,"140f2ca5e397114155e66498e137e148fd71018d539704aa83d7b8be0f9ad6e7",892,"39e9ebb9fa33853f414da4415020b2e7e2d89420933132e3c8f28122a4981485",94,46,"expected_completion",2,1,0,"closed",FALSE
"mv08zt_resource_ledger_v1","6515d9b85a2c9467b3cb688e6e9429e0be944d8d",249,249,9,1,250,"completed",0,6.51364254951477,107700224,3600,4294967296,239094,"03ace630488b6b9d738ad59e8449c95c6e173e5bfc314c7f01a908748885588e",875,"f80d2b201cb4f31aa8dd891013b9ed66e0cd243c415090e9babd9f05802094a4",94,46,"expected_completion",2,1,0,"closed",FALSE
"mv08zt_resource_ledger_v1","6515d9b85a2c9467b3cb688e6e9429e0be944d8d",250,250,9,2,250,"completed",0,6.74256062507629,106954752,3600,4294967296,239219,"ee2ffab1a4b9dc44dfd760582182c396370b406aff62b747829daace1a71d943",877,"a4049ccd4fb0e64ed71a39a0ed439b09d19155adeb2a287a55ec38c3aec74064",94,46,"expected_completion",2,1,0,"closed",FALSE
"mv08zt_resource_ledger_v1","6515d9b85a2c9467b3cb688e6e9429e0be944d8d",251,251,9,3,250,"completed",0,6.42549753189087,106434560,3600,4294967296,239103,"df81d82438683feec005b772685ba698976024aa278c5883b8433cb7fa751933",877,"6ee4658967c95fd415d42a1e359899ec6c0b19357b3a66f9cf0f2f14e6ed04e1",94,46,"expected_completion",2,1,0,"closed",FALSE
"mv08zt_resource_ledger_v1","6515d9b85a2c9467b3cb688e6e9429e0be944d8d",252,252,9,4,250,"completed",0,6.17591452598572,105754624,3600,4294967296,239009,"57fe31277dc50973ffe4db303bca0732fbda2ba824bf9c8bdea8a4a66f3274f6",878,"12f1acfcabe61139ad5f00b31a8e823380d7c2e3bd4b643668f45d24ee94a0dd",94,46,"expected_completion",2,1,0,"closed",FALSE
"mv08zt_resource_ledger_v1","6515d9b85a2c9467b3cb688e6e9429e0be944d8d",253,253,9,5,250,"completed",0,6.43198418617249,105021440,3600,4294967296,239366,"0e5c931c57947861b2b35e97c9a9f3e5df0c2292a899240274dfdc920fb08107",879,"7bb54412de3e9f01b3874fe36fbbceee592c733d86a0356c849fe001528ca09c",94,46,"expected_completion",2,1,0,"closed",FALSE
"mv08zt_resource_ledger_v1","6515d9b85a2c9467b3cb688e6e9429e0be944d8d",254,254,9,6,250,"completed",0,6.17456221580505,103968768,3600,4294967296,239320,"5f312b5cc4dfb9a160dc60a6b2501213fefb9862f6db821cdde2c5751e61427c",879,"75698e12798324f174e0a116b1330140247b82e6f47934a2d00b6496c7a10f6a",94,46,"expected_completion",2,1,0,"closed",FALSE
"mv08zt_resource_ledger_v1","6515d9b85a2c9467b3cb688e6e9429e0be944d8d",255,255,9,7,250,"completed",0,6.43396353721619,103276544,3600,4294967296,239271,"1d8ffe229dcbdb2cd569e01a38ce347f509483f89154993bbe2bea4d229833ac",879,"7cf4b297d5f0d178383aea3a11b74f1e62b1a11dc6491e4b04a9e6061db8c980",94,46,"expected_completion",2,1,0,"closed",FALSE
"mv08zt_resource_ledger_v1","6515d9b85a2c9467b3cb688e6e9429e0be944d8d",256,256,9,8,250,"completed",0,5.93728995323181,102043648,3600,4294967296,239396,"4f48cdd5f3fb3fd7a3ed90ed1a2bc5ac2acd17968972224d4b0551d2ed230d6b",879,"36a4066192f147ea119b4dbc9d25a2e64e2964066f3f6f741126f6d9c3b940ba",94,46,"expected_completion",2,1,0,"closed",FALSE
"mv08zt_resource_ledger_v1","6515d9b85a2c9467b3cb688e6e9429e0be944d8d",257,257,9,9,250,"completed",0,6.19985818862915,101253120,3600,4294967296,239289,"5f8f6525b5971358777c3bd3d1ca2a375eb5c069667ba06e12689cefe805c921",879,"6b9ef5bda80b5782737f59a94363644587315e3fd71a956df9cd0c1b999e7c0c",94,46,"expected_completion",2,1,0,"closed",FALSE
"mv08zt_resource_ledger_v1","6515d9b85a2c9467b3cb688e6e9429e0be944d8d",258,258,9,10,250,"completed",0,5.93873929977417,100421632,3600,4294967296,239673,"ac19c41eaacd0307f5a4187e448415e6488869c7890604f879e3041428333a3c",880,"b2081a734e00891aaf8b9f73bc07035b872bbc6308eb3f5dbdb096bcc4557e5b",94,46,"expected_completion",2,1,0,"closed",FALSE
"mv08zt_resource_ledger_v1","6515d9b85a2c9467b3cb688e6e9429e0be944d8d",259,259,9,11,250,"completed",0,5.94339227676392,99622912,3600,4294967296,239535,"8e08cbd27975e9719079023dcb54535045653155553098980af327ba062e624a",880,"28da1625f1c824f1a4939701bccc863f7a2fe42e6ac73a90fcc44ea02f48f5ea",94,46,"expected_completion",2,1,0,"closed",FALSE
"mv08zt_resource_ledger_v1","6515d9b85a2c9467b3cb688e6e9429e0be944d8d",260,260,9,12,250,"completed",0,6.20006275177002,98254848,3600,4294967296,239599,"336c17ed21f20f68468a4130e33e77827e5176342f66ce505f8a9282082b1bba",880,"9f1da3ebf82dd894302257ac2cd8c2b0a93fc2d030b0e8c4d2918670ccd21b1f",94,46,"expected_completion",2,1,0,"closed",FALSE
"mv08zt_resource_ledger_v1","6515d9b85a2c9467b3cb688e6e9429e0be944d8d",261,261,9,13,250,"completed",0,6.19403004646301,97402880,3600,4294967296,239642,"3d1339dfa75903cc23e925b59d21ec3594a98035576d5e169efbef18f4aaccc4",880,"f75ec821ff576186c3da5101ac6207c1f2570b2f243076ed8ddf002c4b8456f5",94,46,"expected_completion",2,1,0,"closed",FALSE
"mv08zt_resource_ledger_v1","6515d9b85a2c9467b3cb688e6e9429e0be944d8d",262,262,9,14,250,"completed",0,5.93643760681152,96550912,3600,4294967296,239626,"bd67c8278d93f3312ab91852e10c2c8763015f43d308d6f1cbe5f194b6155372",880,"bf22315cd252c8918d6b75a8f0930409b16586eb094cba3a1a4abc8fb46f2ce4",94,46,"expected_completion",2,1,0,"closed",FALSE
"mv08zt_resource_ledger_v1","6515d9b85a2c9467b3cb688e6e9429e0be944d8d",263,263,9,15,250,"completed",0,5.66727447509766,95379456,3600,4294967296,239659,"a415a70759a0768ab0337bcacb19001777cd5649a4f94d8c013cacd1499437e5",880,"ebcdc529398b28a88b92cea46f61ef7357b23e26c77967593bbad844d8a271d6",94,46,"expected_completion",2,1,0,"closed",FALSE
"mv08zt_resource_ledger_v1","6515d9b85a2c9467b3cb688e6e9429e0be944d8d",264,264,9,16,250,"completed",0,5.68761897087097,94445568,3600,4294967296,239639,"a6e9f3c523a405e0e51f4018bf2fd16a327ee4b575125dbba14a4172b18d5deb",880,"19d9ac516b30445e3673821a6f6230130bcab03e13725aaed7fba58f801e42fe",94,46,"expected_completion",2,1,0,"closed",FALSE
"mv08zt_resource_ledger_v1","6515d9b85a2c9467b3cb688e6e9429e0be944d8d",265,265,9,17,250,"completed",0,5.66772198677063,93310976,3600,4294967296,239517,"243ab506d24b4d69652ed8be26702cdc8f88ab8459d16de823ec4d8505257645",880,"fd1b5f27d0ee1a7e6d210729229c4ec9b0dd6697f0bb9fcabc662162b471716a",94,46,"expected_completion",2,1,0,"closed",FALSE
"mv08zt_resource_ledger_v1","6515d9b85a2c9467b3cb688e6e9429e0be944d8d",266,266,9,18,250,"completed",0,6.19167184829712,92155904,3600,4294967296,239551,"a2e43b995016289b5a4f4ec83821da190ad264400f3562b3b59b2169a3af11f4",880,"2eab35dea33c0851b448feae9f9788c7410fd6cf794f103962f44fc6c0ad2aab",94,46,"expected_completion",2,1,0,"closed",FALSE
"mv08zt_resource_ledger_v1","6515d9b85a2c9467b3cb688e6e9429e0be944d8d",267,267,9,19,250,"completed",0,5.92070364952087,91148288,3600,4294967296,239651,"f23a8a38ff1c43ae5bb096f9635da447adc1d4db3c445f873df1bb70f1a64ff3",880,"ef4b0ce60ada9a68ebe9b19d093da7548a6ca7828545a185e568fc5557abd5a2",94,46,"expected_completion",2,1,0,"closed",FALSE
"mv08zt_resource_ledger_v1","6515d9b85a2c9467b3cb688e6e9429e0be944d8d",268,268,9,20,250,"completed",0,5.40848898887634,91467776,3600,4294967296,239580,"e8383c328806797e85a0acc1be4b69d998e5f8fc5834999eebbcd63641b0d3ad",880,"9acf7da4df682789cd26427f665c86e6eb3a65ecd9d7cbeb78878c0915be12e7",94,46,"expected_completion",2,1,0,"closed",FALSE
"mv08zt_resource_ledger_v1","6515d9b85a2c9467b3cb688e6e9429e0be944d8d",269,269,9,21,250,"completed",0,5.50522398948669,91836416,3600,4294967296,239616,"d59482faeea898ac51766de2530ef0fa8f3bab7e6dbca504ea58f232ad3a7d66",880,"e9b10c24bc9b9f39866d9394708ffdaf072fd1d8a4c2115d3163eefd7b281377",94,46,"expected_completion",2,1,0,"closed",FALSE
"mv08zt_resource_ledger_v1","6515d9b85a2c9467b3cb688e6e9429e0be944d8d",270,270,9,22,250,"completed",0,5.42106199264526,91111424,3600,4294967296,239586,"16031588ea5f2a242ed9d80a9d35a1d64ccd0d4b259adcb1e81b749fa30d5097",880,"28aa64d0be702b3173a904ea3df96a4f5893095c284225db341376ce9f76a2de",94,46,"expected_completion",2,1,0,"closed",FALSE
"mv08zt_resource_ledger_v1","6515d9b85a2c9467b3cb688e6e9429e0be944d8d",271,271,9,23,250,"completed",0,5.16873002052307,91459584,3600,4294967296,239732,"23f8a840b36e1db9067ad0a10e46f8fa7eafeaff3b9b14ac430c17ceab6eaee3",880,"a8840f24652adf202e8b1cb4a94ab22e779eb571fcae14c5222803bfb9a2a99e",94,46,"expected_completion",2,1,0,"closed",FALSE
"mv08zt_resource_ledger_v1","6515d9b85a2c9467b3cb688e6e9429e0be944d8d",272,272,9,24,250,"completed",0,5.1595664024353,91111424,3600,4294967296,239562,"329452d3920ec53760d606008cc54210aca7dc10379b2c4718beafc0ea55b390",880,"b06f9ae8c1d9e2f0010479b70d40b42ea7db59d7c1f1c3528bec1705c761981c",94,46,"expected_completion",2,1,0,"closed",FALSE
"mv08zt_resource_ledger_v1","6515d9b85a2c9467b3cb688e6e9429e0be944d8d",273,273,9,25,250,"completed",0,4.91930174827576,91410432,3600,4294967296,239474,"6f096dbb0ceba14688bbe9d51170f59b477966dc269fe2a7b2ea45d35bf91437",880,"60ad3bd758a187fc8b63e258e6e3fa991e073ee174eda4931b9315de6f4d531b",94,46,"expected_completion",2,1,0,"closed",FALSE
"mv08zt_resource_ledger_v1","6515d9b85a2c9467b3cb688e6e9429e0be944d8d",274,274,9,26,250,"completed",0,4.41947484016418,90927104,3600,4294967296,239599,"1ce6cab895aa9e1560007414f16889fd9aa3e85d46a015673b277b3ecd85f957",892,"90395d2be65a5ce13ffc19d789e4fcfa1e786a44b79110291269cc586fcf89ae",94,46,"expected_completion",2,1,0,"closed",FALSE
"mv08zt_resource_ledger_v1","6515d9b85a2c9467b3cb688e6e9429e0be944d8d",275,275,9,27,250,"completed",0,4.41262078285217,91152384,3600,4294967296,239679,"1fb23e858b2580c6736c7b72b8483a71c815be874996786901d9ba86be82d647",880,"182886029e160b891ae151827168065a81ecd5cd1aaa1ce2d1b9f358602cbfc3",94,46,"expected_completion",2,1,0,"closed",FALSE
"mv08zt_resource_ledger_v1","6515d9b85a2c9467b3cb688e6e9429e0be944d8d",276,276,9,28,250,"completed",0,4.41805720329285,90624000,3600,4294967296,239627,"e6b04aeb4cb0a15eca053b0d51c483907affd4fcb60a03a3f3e83dd39beb0f67",880,"297b3fd7bf4ffa2f1ca2d76116666d570e4f46f4d185ad26071229bb5e33f0c3",94,46,"expected_completion",2,1,0,"closed",FALSE
"mv08zt_resource_ledger_v1","6515d9b85a2c9467b3cb688e6e9429e0be944d8d",277,277,9,29,250,"completed",0,4.82385897636414,87732224,3600,4294967296,239623,"9b3e5db0b53d91d24f125f951d5bfddcbee7a93695734bfe6344fd0f8c985a8a",879,"431ff32b9a1ab885ae5857d0b82bffd2e5df3aef89871061b58c247d44f568c3",94,46,"expected_completion",2,1,0,"closed",FALSE
"mv08zt_resource_ledger_v1","6515d9b85a2c9467b3cb688e6e9429e0be944d8d",278,278,9,30,250,"completed",0,3.8815929889679,84553728,3600,4294967296,239614,"58cdbdbde0d7dbd5660d3a8332a219bd90f659c85b7ec5b82e0e062d45d9ac88",880,"e9f0edf2bf8edef786c5a38b4b90c0a2cd71c65157577db239840fedef78d153",94,46,"expected_completion",2,1,0,"closed",FALSE
"mv08zt_resource_ledger_v1","6515d9b85a2c9467b3cb688e6e9429e0be944d8d",279,279,9,31,126,"completed",0,3.13238763809204,81182720,3600,4294967296,121052,"30b36f0ee481f3a19b6578cac31af9b68503537a619da07cc7d7f8168b48e6d1",880,"1b9aad471d621b60030e0d5f87f4c74ab2461111c15e9440b82356fddfc45b40",94,46,"expected_completion",2,1,0,"closed",FALSE
"mv08zt_resource_ledger_v1","6515d9b85a2c9467b3cb688e6e9429e0be944d8d",280,280,10,1,250,"completed",0,6.46679782867432,106688512,3600,4294967296,248118,"1f44034a853c5d41dbe5a5028ee840c68b0d1dfd45f5306b7bbdc713c02ab825",900,"d1cf32e6c542a1e09f3777b1264ca407400ba282c8308efe53945cfe480c80b7",94,46,"expected_completion",2,1,0,"closed",FALSE
"mv08zt_resource_ledger_v1","6515d9b85a2c9467b3cb688e6e9429e0be944d8d",281,281,10,2,250,"completed",0,6.47002696990967,106520576,3600,4294967296,248377,"f7f81a09479d95d032d592d28b0834e9b03589b838975c11afcbe6102c0960b1",890,"2f2de0b73bc775f1e0a469caed23590f17a59ef1eb89dce50be9cef2d9e52c88",94,46,"expected_completion",2,1,0,"closed",FALSE
"mv08zt_resource_ledger_v1","6515d9b85a2c9467b3cb688e6e9429e0be944d8d",282,282,10,3,250,"completed",0,6.4613082408905,105553920,3600,4294967296,248344,"eb54694b2ef11022a93ea5751de66c9f18a965f78e7553177a4b6dd86db81d0e",890,"8e57fe7e7a1130a38f1bbdc9c90ec3577b0c86ea69ef11acadc5b01c931f3c47",94,46,"expected_completion",2,1,0,"closed",FALSE
"mv08zt_resource_ledger_v1","6515d9b85a2c9467b3cb688e6e9429e0be944d8d",283,283,10,4,250,"completed",0,6.71195530891418,104738816,3600,4294967296,248198,"1a2de5db2f01af72f0be3174a33853e664852602365194ea3e7beb425802f015",891,"fe12c997d00adc33a0023aa100310bb9893b362b627fd00c02247b690dbc026c",94,46,"expected_completion",2,1,0,"closed",FALSE
"mv08zt_resource_ledger_v1","6515d9b85a2c9467b3cb688e6e9429e0be944d8d",284,284,10,5,250,"completed",0,7.49535131454468,104177664,3600,4294967296,248444,"7cf58862eae0058e96acc72cd993d7b31d3a2a4c2a58b6a470d6c61ba9662838",892,"d5399ec231f6e2002a072e4b96484a1249625c064d9c1f1bb82eadb6b2f3719d",94,46,"expected_completion",2,1,0,"closed",FALSE
"mv08zt_resource_ledger_v1","6515d9b85a2c9467b3cb688e6e9429e0be944d8d",285,285,10,6,250,"completed",0,6.71810984611511,103346176,3600,4294967296,248523,"e0c1969ad79739c7d3ee321498bdcba0a08a8e9fc4c7929020c434faaf536b40",892,"3e15577ec64d854613772f2ea4bbd267cb25a6dad3afa258429560f375e36262",94,46,"expected_completion",2,1,0,"closed",FALSE
"mv08zt_resource_ledger_v1","6515d9b85a2c9467b3cb688e6e9429e0be944d8d",286,286,10,7,250,"completed",0,6.7230532169342,102699008,3600,4294967296,248574,"e2a472e33b21464d5023c7bbd52d4dd7721e14cfe2e8f3671586c106448c798a",892,"2d19af9af690fceef59156b4ea44945891a27e97cfd7326b8bc2442c679b2cf3",94,46,"expected_completion",2,1,0,"closed",FALSE
"mv08zt_resource_ledger_v1","6515d9b85a2c9467b3cb688e6e9429e0be944d8d",287,287,10,8,250,"completed",0,6.20474100112915,101302272,3600,4294967296,248660,"189d89d7977eeaae4cf2ae43603e76f719f82b1e45096db9a9e0439c3733cda8",892,"76fce9fe9fecab144339bfcbc9936cd8ab98a6d938a035bd9cc490523676428c",94,46,"expected_completion",2,1,0,"closed",FALSE
"mv08zt_resource_ledger_v1","6515d9b85a2c9467b3cb688e6e9429e0be944d8d",288,288,10,9,250,"completed",0,6.20804166793823,100659200,3600,4294967296,248626,"91f79fb7daca1a4d1b1f85a0b0faf386fe95bddafeb0dad0a3b7de7f52149b03",892,"7e068fb79f517d0fad5ec3c321d797a697f8dfebb22d7c5b721a47ddcb2b082d",94,46,"expected_completion",2,1,0,"closed",FALSE
"mv08zt_resource_ledger_v1","6515d9b85a2c9467b3cb688e6e9429e0be944d8d",289,289,10,10,250,"completed",0,6.46173572540283,100069376,3600,4294967296,248925,"891df65d1d37573f71df4d73a3950b825c0f112724ee51e63b0e9bf16f75d840",893,"06244802e6d222fc3f32bfc5595de522f6cd127ec842afb4d91feb931ae027d5",94,46,"expected_completion",2,1,0,"closed",FALSE
"mv08zt_resource_ledger_v1","6515d9b85a2c9467b3cb688e6e9429e0be944d8d",290,290,10,11,250,"completed",0,6.29592609405518,98844672,3600,4294967296,248826,"b8b34d95c240783d33c8c6818b1e0b45cb255285964e20608c679f58f1129fb4",893,"0dcc14338ea57ad5b720e0728b30bf1843878f8d34edf068286b81bd67569e33",94,46,"expected_completion",2,1,0,"closed",FALSE
"mv08zt_resource_ledger_v1","6515d9b85a2c9467b3cb688e6e9429e0be944d8d",291,291,10,12,250,"completed",0,5.95820212364197,98377728,3600,4294967296,248857,"8418fe50f4485c53f51cb3d5843b1bd44159e5cadb8b437e67d30a1d59229c51",889,"50007c1d2f9c2a1decbc7c3a5fc8ba866d9e17af6687fb0d82d7374e56e12256",94,46,"expected_completion",2,1,0,"closed",FALSE
"mv08zt_resource_ledger_v1","6515d9b85a2c9467b3cb688e6e9429e0be944d8d",292,292,10,13,250,"completed",0,5.68342995643616,96952320,3600,4294967296,248820,"39f9a971d4f02ea9a655e964e8d6f44af3893fb65763e2b06f9e79484957ea84",893,"61cf9bce79951586096575ed0dd544bbf2bc01e652678a4c442aeee7c046a2cb",94,46,"expected_completion",2,1,0,"closed",FALSE
"mv08zt_resource_ledger_v1","6515d9b85a2c9467b3cb688e6e9429e0be944d8d",293,293,10,14,250,"completed",0,5.69813799858093,96477184,3600,4294967296,248839,"915594a16b6d0f90935de9a74bb055d24f9310f1d12b2aa3b080da858e354180",893,"12b48ad3a0bc5c307f22dac0ba7c60e84450640f4f587fe13b4a0e32c72e2456",94,46,"expected_completion",2,1,0,"closed",FALSE
"mv08zt_resource_ledger_v1","6515d9b85a2c9467b3cb688e6e9429e0be944d8d",294,294,10,15,250,"completed",0,5.69324898719788,95490048,3600,4294967296,248838,"215740892bb3655f3dbb88b7ef925e517e3f41889f101d34d84076f8ab07a5bf",893,"6d68f58e2080fc6c1df1cc3857c2aedaf6a09090df0f53e7798b0bbd834533df",94,46,"expected_completion",2,1,0,"closed",FALSE
"mv08zt_resource_ledger_v1","6515d9b85a2c9467b3cb688e6e9429e0be944d8d",295,295,10,16,250,"completed",0,5.69760727882385,94314496,3600,4294967296,248754,"460cc8f6758ccb0a12b671977bd70e408b55e68f356eae66f1e00b95bc325642",893,"19d842694774d70daa9e5021dbc51d45d274c511000a62a3ba33966c023602a7",94,46,"expected_completion",2,1,0,"closed",FALSE
"mv08zt_resource_ledger_v1","6515d9b85a2c9467b3cb688e6e9429e0be944d8d",296,296,10,17,250,"completed",0,5.68636155128479,92946432,3600,4294967296,248906,"130db47640fc25578087b2bf7b2aa4db22eab3f94abe9831331277d87fc6fe9f",893,"1f47442ee2bbaf927439015fa0dcb44344b85ce74fe4172aa58467efbcbcf025",94,46,"expected_completion",2,1,0,"closed",FALSE
"mv08zt_resource_ledger_v1","6515d9b85a2c9467b3cb688e6e9429e0be944d8d",297,297,10,18,250,"completed",0,5.71112012863159,91439104,3600,4294967296,248849,"72c69ed2803d329fe91a4935dfd0605fd4da2d2f51ebbe286d630f7be1d69236",893,"4364b9772560ece4ab634609055778e73d9967f03b3a08b82c28101f378d296f",94,46,"expected_completion",2,1,0,"closed",FALSE
"mv08zt_resource_ledger_v1","6515d9b85a2c9467b3cb688e6e9429e0be944d8d",298,298,10,19,250,"completed",0,5.6937370300293,91189248,3600,4294967296,248819,"c7fea403654349349ea4ea428a2410f994c35909b1bc52fbd99607e1c25ce963",893,"6f3ef8c0462d29ca3af59c9396fb5761dcd790d8464ed29ba27ce38c0272ed5d",94,46,"expected_completion",2,1,0,"closed",FALSE
"mv08zt_resource_ledger_v1","6515d9b85a2c9467b3cb688e6e9429e0be944d8d",299,299,10,20,250,"completed",0,5.70233297348022,90738688,3600,4294967296,248878,"5ead194e8a9104d7d352a100e6b7d8cb4325fc7cdd5c12c4b38a224491447225",893,"8e661055de477dc2811f1889215b320c70b7ee5e610b70d547ed4c4b940117af",94,46,"expected_completion",2,1,0,"closed",FALSE
"mv08zt_resource_ledger_v1","6515d9b85a2c9467b3cb688e6e9429e0be944d8d",300,300,10,21,250,"completed",0,5.17998814582825,91078656,3600,4294967296,248940,"e114698da02bfc7b471873da5d0ad47903f3b373ba5becaf73a113da14ee33f8",893,"ea2d0613f4243770e4320bdaf114269b8be837efefb4860e776c4da9bcea7509",94,46,"expected_completion",2,1,0,"closed",FALSE
"mv08zt_resource_ledger_v1","6515d9b85a2c9467b3cb688e6e9429e0be944d8d",301,301,10,22,250,"completed",0,4.92009401321411,90972160,3600,4294967296,248777,"6f23037315bc6dbfced830de5a38e8bfe18809c398a3ac7214836d1fc248538e",893,"eeafe6098c55366ff928b4cd5923962fce526bb3ef464e5420b2ede0d98dafc0",94,46,"expected_completion",2,1,0,"closed",FALSE
"mv08zt_resource_ledger_v1","6515d9b85a2c9467b3cb688e6e9429e0be944d8d",302,302,10,23,250,"completed",0,4.97738480567932,91049984,3600,4294967296,248843,"5c2df7e47eec28b78a8d78df3f51be887a86d7672a30d9a010c22321a6f88b16",893,"f524c344f198f7f6b72ebbe489f52a80a80a9421c13ae0f86181f354cf5d58e6",94,46,"expected_completion",2,1,0,"closed",FALSE
"mv08zt_resource_ledger_v1","6515d9b85a2c9467b3cb688e6e9429e0be944d8d",303,303,10,24,250,"completed",0,4.92504501342773,91090944,3600,4294967296,248863,"be639db6ba1feb317a420c674e2ce96454e19d876ad88089ba675cffe6b98e42",892,"1926af5eb7556b877292235a828adc8bcbc84afbc7e7a661b9ac0869d0569b40",94,46,"expected_completion",2,1,0,"closed",FALSE
"mv08zt_resource_ledger_v1","6515d9b85a2c9467b3cb688e6e9429e0be944d8d",304,304,10,25,250,"completed",0,4.66813635826111,91426816,3600,4294967296,248877,"5cbd474447104748407b25e72d2bfb4427321520f0a0dd29608d6daabe8f0f8c",893,"bd0ec731f24d61c74f6f17bd1b49b70f319952e249abf1a712f4a8fe98d271ed",94,46,"expected_completion",2,1,0,"closed",FALSE
"mv08zt_resource_ledger_v1","6515d9b85a2c9467b3cb688e6e9429e0be944d8d",305,305,10,26,250,"completed",0,4.43602633476257,91025408,3600,4294967296,248814,"1c831967b34602436d567492c7382a601ffac02ee23b204e96119e4e252b05e1",893,"765188596514e2921555b8110d6c272d9ac844fa0609cd90a3af2fa1349d3eb9",94,46,"expected_completion",2,1,0,"closed",FALSE
"mv08zt_resource_ledger_v1","6515d9b85a2c9467b3cb688e6e9429e0be944d8d",306,306,10,27,250,"completed",0,4.6699812412262,90861568,3600,4294967296,248845,"a158f0eeb524f5a2ec4eb846ae389c410545a0da55aa4c6a6cdb7f706f967291",893,"e1d904e4c8002dd2088fbdda3d1ea253dbb38fbf8706192a5bb65ee17ba3eac2",94,46,"expected_completion",2,1,0,"closed",FALSE
"mv08zt_resource_ledger_v1","6515d9b85a2c9467b3cb688e6e9429e0be944d8d",307,307,10,28,250,"completed",0,4.67081952095032,90009600,3600,4294967296,248845,"c30b7f85c5be78dd0a8e2ab218ddd2aa465886ab7b5ad56415bffbe0e7fc3844",893,"2766af07ad0faa62f14d02068ccf96c5ed644aefb7b50b675121291e16801e6b",94,46,"expected_completion",2,1,0,"closed",FALSE
"mv08zt_resource_ledger_v1","6515d9b85a2c9467b3cb688e6e9429e0be944d8d",308,308,10,29,250,"completed",0,4.14531469345093,86818816,3600,4294967296,248847,"568441f7d003aa6250ecb07f8c3f7d7e76d0b325e9d695fe300bcd8056365dba",892,"17b22b889fc565d3c6df3b43582064e6ca06683019cdc89dca889d64d4c4685d",94,46,"expected_completion",2,1,0,"closed",FALSE
"mv08zt_resource_ledger_v1","6515d9b85a2c9467b3cb688e6e9429e0be944d8d",309,309,10,30,250,"completed",0,3.90527415275574,83873792,3600,4294967296,248775,"ebfeb7c84e19a0dbe647eb549acee48cbb72b30bbc3419e1de1e5df0ebed8de3",893,"0430db8bc7a9594997f3d76f115b64f3961fdfa841ffb33f8be2c30af6775256",94,46,"expected_completion",2,1,0,"closed",FALSE
"mv08zt_resource_ledger_v1","6515d9b85a2c9467b3cb688e6e9429e0be944d8d",310,310,10,31,126,"completed",0,3.13167881965637,81219584,3600,4294967296,125734,"8734e2c4f63dcf63fda6fe9461b8ed35107a0bf2db9e0cc5ece3c685586bcd98",893,"761ab33802d97f625401a4b641d2b71982a35151d270ba1d930204d0631127b8",94,46,"expected_completion",2,1,0,"closed",FALSE
"mv08zt_resource_ledger_v1","6515d9b85a2c9467b3cb688e6e9429e0be944d8d",311,311,11,1,250,"completed",0,87.3602161407471,179171328,3600,4294967296,241637,"9f5183f7f9a8647dfdb474291f366e6539ee8d9a932b71ad5f475db30bdc20a2",877,"18534e898c0d0b0eb251f1d36a4c6ceb6a24af909be742edc6b5fed10e88633d",94,46,"expected_completion",2,1,0,"closed",FALSE
"mv08zt_resource_ledger_v1","6515d9b85a2c9467b3cb688e6e9429e0be944d8d",312,312,11,2,250,"completed",0,68.1213614940643,155095040,3600,4294967296,241773,"85738d9e67536bc2bb4ba64bf21a0719e78b209ecdde0bdb0d471588f9b11166",879,"343d585b1b86f8c805ab933c308eec9f402edb7bb656125d09dea2a7b73dc970",94,46,"expected_completion",2,1,0,"closed",FALSE
"mv08zt_resource_ledger_v1","6515d9b85a2c9467b3cb688e6e9429e0be944d8d",313,313,11,3,250,"completed",0,52.0868871212006,135450624,3600,4294967296,241578,"3d4348c65f9ec1d4388869cf546f92fbbe1fa8482bb2558127708d898b2ce817",879,"279daebf6dac85ed4c3d88f16f0905a38c8185d25f5710eb285c014293327586",94,46,"expected_completion",2,1,0,"closed",FALSE
"mv08zt_resource_ledger_v1","6515d9b85a2c9467b3cb688e6e9429e0be944d8d",314,314,11,4,250,"completed",0,48.7205770015717,141783040,3600,4294967296,241586,"77bcbdddb8fdbe2ff061b196e6e0dbf35bb21952a8058bba91084b8917693d7a",880,"29ae0b831c6ceb25a650cf94b51ffc0e283c95e93456c58346b6b4fd39ff018e",94,46,"expected_completion",2,1,0,"closed",FALSE
"mv08zt_resource_ledger_v1","6515d9b85a2c9467b3cb688e6e9429e0be944d8d",315,315,11,5,250,"completed",0,44.0729351043701,134246400,3600,4294967296,241793,"b1d9853ba6b8e3dc4237e042538d1c129ccd1ffdf5121aeecbdd4bb1ed29e56a",881,"f3bd93f1a0975f1acb0a6a905b1c0384dbad4466f7e0d3edcfac80796ddfdb6b",94,46,"expected_completion",2,1,0,"closed",FALSE
"mv08zt_resource_ledger_v1","6515d9b85a2c9467b3cb688e6e9429e0be944d8d",316,316,11,6,250,"completed",0,36.1587240695953,133120000,3600,4294967296,241685,"99335c5c5db954dd02b27c815e59140eafdf67a6bf6abdb5dc2acdaace5543e4",881,"98c36243c4f0534b0048a0a7aa856b0095471831df86277e22a59cb9ab509d5f",94,46,"expected_completion",2,1,0,"closed",FALSE
"mv08zt_resource_ledger_v1","6515d9b85a2c9467b3cb688e6e9429e0be944d8d",317,317,11,7,250,"completed",0,38.5100247859955,129409024,3600,4294967296,241649,"3eeb2ef76dc5a041902fab98d4ab0281c3ebe8253a460fe592fd470a598dbcdf",881,"9cecf532ac6af87ea9e69776a283957fabe775638457207a6cd6992f899f4e66",94,46,"expected_completion",2,1,0,"closed",FALSE
"mv08zt_resource_ledger_v1","6515d9b85a2c9467b3cb688e6e9429e0be944d8d",318,318,11,8,250,"completed",0,34.5768194198608,122916864,3600,4294967296,241704,"00f0371f58fd5329e1d6ce366271235897ce6159d7268882544a5343cf6bdbbf",881,"8c457dead01cbc1b5e58dc26887760e7c3ecbdaed7be490671148bdd214618e0",94,46,"expected_completion",2,1,0,"closed",FALSE
"mv08zt_resource_ledger_v1","6515d9b85a2c9467b3cb688e6e9429e0be944d8d",319,319,11,9,250,"completed",0,29.8172173500061,125677568,3600,4294967296,241633,"8e6bc8e6ba35611986d1e60a0f855b4da2c4089492c1f15b28cfe557361014d8",881,"ac0b0007074aaa1b6e34dfafd5a87f8591c4967cd16a998c6700a4182df829ec",94,46,"expected_completion",2,1,0,"closed",FALSE
"mv08zt_resource_ledger_v1","6515d9b85a2c9467b3cb688e6e9429e0be944d8d",320,320,11,10,250,"completed",0,30.06653881073,120942592,3600,4294967296,241923,"535641de2e468f425dddc2d19a9c0642d8d5f52d1ed56816cacd771b17e91005",882,"baa637a9fb17187a6b485fbb7d672dd38953e039146188d3a73f3797a7154ec0",94,46,"expected_completion",2,1,0,"closed",FALSE
"mv08zt_resource_ledger_v1","6515d9b85a2c9467b3cb688e6e9429e0be944d8d",321,321,11,11,250,"completed",0,28.8229579925537,117190656,3600,4294967296,241885,"904b268f7b3af888fb5e185cecbf8da2365cdcc8a08537cfc3936d6635471224",882,"3b1cdb15ecfd18a209e0683ec4b70d965f3bfac617de84f4799acab700dd6362",94,46,"expected_completion",2,1,0,"closed",FALSE
"mv08zt_resource_ledger_v1","6515d9b85a2c9467b3cb688e6e9429e0be944d8d",322,322,11,12,250,"completed",0,26.7686116695404,122896384,3600,4294967296,241863,"9e4a8bf300b41b70bc6430b24bf18d2a01f42405002b5a8cf8788d6f203ad523",882,"89feb41aa4790c552d3fa7e938bffb20e21b1422af573c975b43c2dff370f747",94,46,"expected_completion",2,1,0,"closed",FALSE
"mv08zt_resource_ledger_v1","6515d9b85a2c9467b3cb688e6e9429e0be944d8d",323,323,11,13,250,"completed",0,25.4799580574036,119713792,3600,4294967296,241817,"209a9261b43a577e36c1c8de93c3f24081a4256129261f707cd826a168e663b1",882,"1d1acf92ff69f0125a915175dd8bd5e8fd2331793e66486a22e1b5006e29033c",94,46,"expected_completion",2,1,0,"closed",FALSE
"mv08zt_resource_ledger_v1","6515d9b85a2c9467b3cb688e6e9429e0be944d8d",324,324,11,14,250,"completed",0,23.965384721756,109686784,3600,4294967296,241854,"a81d179ba4cab99e7bfae32e8ca3a7a24445232555407f3598a9419eadcb89ac",882,"7e21217af820017aeb58cbe6d5a2817c06b3fdede41743f587c6009eeb705dff",94,46,"expected_completion",2,1,0,"closed",FALSE
"mv08zt_resource_ledger_v1","6515d9b85a2c9467b3cb688e6e9429e0be944d8d",325,325,11,15,250,"completed",0,23.1804974079132,108027904,3600,4294967296,241833,"aff1906e66c01c60ec1948c8364c3982192c838683aa94b5e7157fdfb6f04e5d",882,"4ce397634850a9029d1243a93eb29560e9d8573b081969e82e5895f43a408230",94,46,"expected_completion",2,1,0,"closed",FALSE
