"contract_id","run_role","unit_id","dataset_scope","seed","representation_id","panel_id","fit_cells","selected_cells","selected_cell_sha256","panel_genes","panel_sha256","values_finite","zero_variance_gene_count","minimum_gene_sd","correlation_chord_valid","matrix_sha256","distance_sha256","sct_seconds","sct_warning_count","sct_warning_sha256","residual_seconds","total_elapsed_seconds","persistence_computed","landscapes_computed","clustering_computed","fusion_computed","outcome_label_state","biological_outcomes_computed"
"mv08o_residual_source_sentinel_v1","primary","SRA728025_SRS3454423","internal124",20260805,"sct_data_all_qc_fit_selected384","exact500",421,384,"9eab1d1510faed224e8ce99f7ca739fffaa85944dca418eea0324a216fd77978",500,"48e881ee753893bfaecd7101fc16fbcb552dd30a2a791fedfc7204d7b322a32e",TRUE,0,0.193715560598616,TRUE,"30ae18208942fb9d5505fb5e577fde17016614a75bc2c02af97c81b716c84bba","e649eceb050630386f3211503bd6716af01661c171ea44e6d4af9ad739ba0d20",99.133,2202,"1f0ebe7383f6998116af92c3ccb0b6f66400c79cd62cc552284ecbfe1d89ea16",0.659000000000006,100.026,FALSE,FALSE,FALSE,FALSE,"closed",FALSE
"mv08o_residual_source_sentinel_v1","primary","SRA728025_SRS3454423","internal124",20260805,"sct_pearson_residual_all_qc_fit_selected384","exact500",421,384,"9eab1d1510faed224e8ce99f7ca739fffaa85944dca418eea0324a216fd77978",500,"48e881ee753893bfaecd7101fc16fbcb552dd30a2a791fedfc7204d7b322a32e",TRUE,0,0.631209334363294,TRUE,"7aedf3a90aa12b364b941092daf7f98e957d695ba9225bb390dfedc1ad5fff70","a8c45652be48b65401f70bb7d7d2b560b6e09d85ff82c2c7c2f8766a48ce5c02",99.133,2202,"1f0ebe7383f6998116af92c3ccb0b6f66400c79cd62cc552284ecbfe1d89ea16",0.659000000000006,100.179,FALSE,FALSE,FALSE,FALSE,"closed",FALSE
"mv08o_residual_source_sentinel_v1","primary","SRA728025_SRS3454423","internal124",20260806,"sct_data_all_qc_fit_selected384","exact500",421,384,"1e433ed6cd7234f1a0d4ffffa06ae697cfd584b260fd22dae4e3eb3410985f53",500,"48e881ee753893bfaecd7101fc16fbcb552dd30a2a791fedfc7204d7b322a32e",TRUE,0,0.201595061058977,TRUE,"a9d2e5dfa945977b14b4f2e87d2620ee5a820f36ee1dadbf092449c87eafc7e7","a5f87b4bfc4493085d44f339efa2e3946939a50f7b2f781c1e3b826f30bfbccd",99.133,2202,"1f0ebe7383f6998116af92c3ccb0b6f66400c79cd62cc552284ecbfe1d89ea16",0.659000000000006,100.326,FALSE,FALSE,FALSE,FALSE,"closed",FALSE
"mv08o_residual_source_sentinel_v1","primary","SRA728025_SRS3454423","internal124",20260806,"sct_pearson_residual_all_qc_fit_selected384","exact500",421,384,"1e433ed6cd7234f1a0d4ffffa06ae697cfd584b260fd22dae4e3eb3410985f53",500,"48e881ee753893bfaecd7101fc16fbcb552dd30a2a791fedfc7204d7b322a32e",TRUE,0,0.628899613572888,TRUE,"3ab28aa910ed6a4dbf20d44a77f58d7070e6e9bf49948f1bc28fd203152416bb","7291e6063af77dc39d651e179dfcb17c72cb749af3182fbf08ae3026111287fd",99.133,2202,"1f0ebe7383f6998116af92c3ccb0b6f66400c79cd62cc552284ecbfe1d89ea16",0.659000000000006,100.479,FALSE,FALSE,FALSE,FALSE,"closed",FALSE
"mv08o_residual_source_sentinel_v1","primary","SRA728025_SRS3454423","internal124",20260807,"sct_data_all_qc_fit_selected384","exact500",421,384,"94753158b312a7ff8adde59375e5966b0ef1af07b456187ecf43a9a863fdf332",500,"48e881ee753893bfaecd7101fc16fbcb552dd30a2a791fedfc7204d7b322a32e",TRUE,0,0.193715560598616,TRUE,"17d2d3490febcb1364e7f2443c69dd7520ef3d9dfeaee28922db3700a3582c9d","6f76e5dcfaea7435ef405fffa59e7ce85391d02483df2f2f54cc3ccf9ad6b25c",99.133,2202,"1f0ebe7383f6998116af92c3ccb0b6f66400c79cd62cc552284ecbfe1d89ea16",0.659000000000006,100.631,FALSE,FALSE,FALSE,FALSE,"closed",FALSE
"mv08o_residual_source_sentinel_v1","primary","SRA728025_SRS3454423","internal124",20260807,"sct_pearson_residual_all_qc_fit_selected384","exact500",421,384,"94753158b312a7ff8adde59375e5966b0ef1af07b456187ecf43a9a863fdf332",500,"48e881ee753893bfaecd7101fc16fbcb552dd30a2a791fedfc7204d7b322a32e",TRUE,0,0.621725823488993,TRUE,"b15a611587b2f87dedec2969a57b983f075847861bd29137bb7d47c23b593524","acac54febb830a016f0d983dabc604b4a70f7d5cd0b35739e09aa02b650c5a19",99.133,2202,"1f0ebe7383f6998116af92c3ccb0b6f66400c79cd62cc552284ecbfe1d89ea16",0.659000000000006,100.764,FALSE,FALSE,FALSE,FALSE,"closed",FALSE
"mv08o_residual_source_sentinel_v1","primary","SRA728025_SRS3454423","internal124",20260808,"sct_data_all_qc_fit_selected384","exact500",421,384,"c71c515060ca225cccc793be06fc2501047e5d374f171c7ce027789439792acb",500,"48e881ee753893bfaecd7101fc16fbcb552dd30a2a791fedfc7204d7b322a32e",TRUE,0,0.196393827301324,TRUE,"626bb92d59204f5477abe32cd3de7501f2d14123d50ddcc2d1683b3f8c86f452","8c94537212253be67cab8a429424facd12131da88240fa67568c45b6e193e720",99.133,2202,"1f0ebe7383f6998116af92c3ccb0b6f66400c79cd62cc552284ecbfe1d89ea16",0.659000000000006,100.892,FALSE,FALSE,FALSE,FALSE,"closed",FALSE
"mv08o_residual_source_sentinel_v1","primary","SRA728025_SRS3454423","internal124",20260808,"sct_pearson_residual_all_qc_fit_selected384","exact500",421,384,"c71c515060ca225cccc793be06fc2501047e5d374f171c7ce027789439792acb",500,"48e881ee753893bfaecd7101fc16fbcb552dd30a2a791fedfc7204d7b322a32e",TRUE,0,0.627213643677584,TRUE,"b4ddc7e5bd07ea46ba40fb1545ee43eb48b045b69c1c54d0e420db7723d357f3","837dd7a4060f3c75edab853f7a5d7f35bb605c9edd412e06215b56869707fbf1",99.133,2202,"1f0ebe7383f6998116af92c3ccb0b6f66400c79cd62cc552284ecbfe1d89ea16",0.659000000000006,101.023,FALSE,FALSE,FALSE,FALSE,"closed",FALSE
"mv08o_residual_source_sentinel_v1","primary","SRA728025_SRS3454423","internal124",20260809,"sct_data_all_qc_fit_selected384","exact500",421,384,"a50c9efa44c6041f0f6776e048356c3bea0e2ff207f91a6b0b960cc2d1e59cf7",500,"48e881ee753893bfaecd7101fc16fbcb552dd30a2a791fedfc7204d7b322a32e",TRUE,0,0.190982637583704,TRUE,"96087c5edf651fd2664f3942b1a101c2f97441ac97a96b2959b85419e425e72f","fe575ad89a5b6ba9b0475ece25006af229365e60415d12aa6705af71e4c582cc",99.133,2202,"1f0ebe7383f6998116af92c3ccb0b6f66400c79cd62cc552284ecbfe1d89ea16",0.659000000000006,101.151,FALSE,FALSE,FALSE,FALSE,"closed",FALSE
"mv08o_residual_source_sentinel_v1","primary","SRA728025_SRS3454423","internal124",20260809,"sct_pearson_residual_all_qc_fit_selected384","exact500",421,384,"a50c9efa44c6041f0f6776e048356c3bea0e2ff207f91a6b0b960cc2d1e59cf7",500,"48e881ee753893bfaecd7101fc16fbcb552dd30a2a791fedfc7204d7b322a32e",TRUE,0,0.629966113996149,TRUE,"6a9d3f0b7c69d965a91f4ce3243a3733eb93d0eef7f40053b0a78403a5a9c7e2","124fb2db88424beed68ac36f4caaaa0cc1c39f165253dfdad5fe85b77d1e5b4b",99.133,2202,"1f0ebe7383f6998116af92c3ccb0b6f66400c79cd62cc552284ecbfe1d89ea16",0.659000000000006,101.296,FALSE,FALSE,FALSE,FALSE,"closed",FALSE
"mv08o_residual_source_sentinel_v1","primary","SRA728025_SRS3454422","internal124",20260805,"sct_data_all_qc_fit_selected384","exact500",484,384,"80798785260f370521ed0a043a30920fe41c65cdb786900386e3763caaa78b29",500,"48e881ee753893bfaecd7101fc16fbcb552dd30a2a791fedfc7204d7b322a32e",TRUE,0,0.113519822707235,TRUE,"495d26cd94fc8a8b902bd4176ebfe1aea7a2bd5975cb830cc130cba4fdb77fdd","3599684c091d463f0e275aa212b88437671491f3fe18740cbfaded1286a6e585",104.174,1978,"1f0ebe7383f6998116af92c3ccb0b6f66400c79cd62cc552284ecbfe1d89ea16",0.305000000000007,104.716,FALSE,FALSE,FALSE,FALSE,"closed",FALSE
"mv08o_residual_source_sentinel_v1","primary","SRA728025_SRS3454422","internal124",20260805,"sct_pearson_residual_all_qc_fit_selected384","exact500",484,384,"80798785260f370521ed0a043a30920fe41c65cdb786900386e3763caaa78b29",500,"48e881ee753893bfaecd7101fc16fbcb552dd30a2a791fedfc7204d7b322a32e",TRUE,0,0.590835027948944,TRUE,"78b0ea3688949f5be13587930385639405195e0c1ba01139a560e86c3a7c6dfa","4de541128cea17e3a1e6008d2d910655947611edf6cab219e98b2c900fb0d55a",104.174,1978,"1f0ebe7383f6998116af92c3ccb0b6f66400c79cd62cc552284ecbfe1d89ea16",0.305000000000007,104.844,FALSE,FALSE,FALSE,FALSE,"closed",FALSE
"mv08o_residual_source_sentinel_v1","primary","SRA728025_SRS3454422","internal124",20260806,"sct_data_all_qc_fit_selected384","exact500",484,384,"f75a8f6a64c71a581b53e25343d24b8e0f7206fddfc318b710e4cb1bba311a8c",500,"48e881ee753893bfaecd7101fc16fbcb552dd30a2a791fedfc7204d7b322a32e",TRUE,0,0.0963425230808112,TRUE,"f5ad7027d51b22f2ea74d5f7a322f4897756401d7c279bdea51e57db807ae9ca","94f61f7fdf7e2c4827c9efd5281828f8137747fa9a15efa64dc483abb53df12e",104.174,1978,"1f0ebe7383f6998116af92c3ccb0b6f66400c79cd62cc552284ecbfe1d89ea16",0.305000000000007,104.968,FALSE,FALSE,FALSE,FALSE,"closed",FALSE
"mv08o_residual_source_sentinel_v1","primary","SRA728025_SRS3454422","internal124",20260806,"sct_pearson_residual_all_qc_fit_selected384","exact500",484,384,"f75a8f6a64c71a581b53e25343d24b8e0f7206fddfc318b710e4cb1bba311a8c",500,"48e881ee753893bfaecd7101fc16fbcb552dd30a2a791fedfc7204d7b322a32e",TRUE,0,0.589282264996607,TRUE,"fc126bc9c94056b76ce954917228ac158c897702ac278d0a3210b87f612bbd31","a4d055974100bd49932b73ef9496f6ad1db006aabac86dfa0f1ba412d1b3c86e",104.174,1978,"1f0ebe7383f6998116af92c3ccb0b6f66400c79cd62cc552284ecbfe1d89ea16",0.305000000000007,105.11,FALSE,FALSE,FALSE,FALSE,"closed",FALSE
"mv08o_residual_source_sentinel_v1","primary","SRA728025_SRS3454422","internal124",20260807,"sct_data_all_qc_fit_selected384","exact500",484,384,"683e1b41d05eef3088fa14099ad18510e5ca8295ea51416c949e697cd8e673c3",500,"48e881ee753893bfaecd7101fc16fbcb552dd30a2a791fedfc7204d7b322a32e",TRUE,0,0.108127984005504,TRUE,"21a0c2b8e403ab1ff1953a1f5bffe41b53a2611fe79bf3d7596969a275b0b889","b5bc3f6990f0a4167be54452e3395bb47c855031b9b829b043bcfeb3076964be",104.174,1978,"1f0ebe7383f6998116af92c3ccb0b6f66400c79cd62cc552284ecbfe1d89ea16",0.305000000000007,105.233,FALSE,FALSE,FALSE,FALSE,"closed",FALSE
"mv08o_residual_source_sentinel_v1","primary","SRA728025_SRS3454422","internal124",20260807,"sct_pearson_residual_all_qc_fit_selected384","exact500",484,384,"683e1b41d05eef3088fa14099ad18510e5ca8295ea51416c949e697cd8e673c3",500,"48e881ee753893bfaecd7101fc16fbcb552dd30a2a791fedfc7204d7b322a32e",TRUE,0,0.591642559708759,TRUE,"050271561301e898b87488b07166ba34348a98d90d6cb9a982f913d0f7cd0443","3f97e10014e08dbc1f7ca166991517e1bcbd80e537148e93feb30491e8a42f16",104.174,1978,"1f0ebe7383f6998116af92c3ccb0b6f66400c79cd62cc552284ecbfe1d89ea16",0.305000000000007,105.376,FALSE,FALSE,FALSE,FALSE,"closed",FALSE
"mv08o_residual_source_sentinel_v1","primary","SRA728025_SRS3454422","internal124",20260808,"sct_data_all_qc_fit_selected384","exact500",484,384,"68378cfb44b78e18ea5f97ae0802b2a3f18b5d85efcff1f7de93a5b92ab216d7",500,"48e881ee753893bfaecd7101fc16fbcb552dd30a2a791fedfc7204d7b322a32e",TRUE,0,0.102420887162365,TRUE,"062eec55850cd0183536aae4a68ea9d13f4d190a83f5eb6699b2e252637d1960","031681fd65c839a4b6972022c798b4ffc67a64dc9f8ff152e8574afa28c935e8",104.174,1978,"1f0ebe7383f6998116af92c3ccb0b6f66400c79cd62cc552284ecbfe1d89ea16",0.305000000000007,105.5,FALSE,FALSE,FALSE,FALSE,"closed",FALSE
"mv08o_residual_source_sentinel_v1","primary","SRA728025_SRS3454422","internal124",20260808,"sct_pearson_residual_all_qc_fit_selected384","exact500",484,384,"68378cfb44b78e18ea5f97ae0802b2a3f18b5d85efcff1f7de93a5b92ab216d7",500,"48e881ee753893bfaecd7101fc16fbcb552dd30a2a791fedfc7204d7b322a32e",TRUE,0,0.611390585241609,TRUE,"aabf31e6aab455e29dea0be322ab01431ccfd264d9ae74298bd48bfa84be9a0a","fa36edb75e1596f273a0943e1a6f5e5a56f3b778ccbd7bfe4782a3490f0fd60a",104.174,1978,"1f0ebe7383f6998116af92c3ccb0b6f66400c79cd62cc552284ecbfe1d89ea16",0.305000000000007,105.644,FALSE,FALSE,FALSE,FALSE,"closed",FALSE
"mv08o_residual_source_sentinel_v1","primary","SRA728025_SRS3454422","internal124",20260809,"sct_data_all_qc_fit_selected384","exact500",484,384,"29558b1af0d5d054bb91814b8a7db3c02c0542d7b0738c2210f68c047511a371",500,"48e881ee753893bfaecd7101fc16fbcb552dd30a2a791fedfc7204d7b322a32e",TRUE,0,0.108127984005504,TRUE,"70ecf3d4a3a203fad46a67fe396fee710704e37b606e0af23e125e9e88ced309","8e6c03a2037ce39c14bbd98b978c6d0f438eaf2a00248a7c210ef60ef9453514",104.174,1978,"1f0ebe7383f6998116af92c3ccb0b6f66400c79cd62cc552284ecbfe1d89ea16",0.305000000000007,105.769,FALSE,FALSE,FALSE,FALSE,"closed",FALSE
"mv08o_residual_source_sentinel_v1","primary","SRA728025_SRS3454422","internal124",20260809,"sct_pearson_residual_all_qc_fit_selected384","exact500",484,384,"29558b1af0d5d054bb91814b8a7db3c02c0542d7b0738c2210f68c047511a371",500,"48e881ee753893bfaecd7101fc16fbcb552dd30a2a791fedfc7204d7b322a32e",TRUE,0,0.605419681099171,TRUE,"04174e5f3709a5fc46a10191759b582717401ec98eec14a6c1d5865d33aa20c6","a6f519df477d6d002cddaffa9626e4b1428ad484ca96792df1d5fe25974c0a3d",104.174,1978,"1f0ebe7383f6998116af92c3ccb0b6f66400c79cd62cc552284ecbfe1d89ea16",0.305000000000007,105.895,FALSE,FALSE,FALSE,FALSE,"closed",FALSE
"mv08o_residual_source_sentinel_v1","primary","SRA784242_SRS3822680","internal124",20260805,"sct_data_all_qc_fit_selected384","exact500",537,384,"6517864f6bae72cfbfe107f2c766ab104bc19f53f395b07870ac71800b7cd898",500,"48e881ee753893bfaecd7101fc16fbcb552dd30a2a791fedfc7204d7b322a32e",TRUE,0,0.201897915560347,TRUE,"d3793a333753e32287b6e1d7f0c156b52dceca51b8d6038fdb3143ec3bff1eac","6f8d19b734a424f059017e6cbbad0c741b9cae865e3e656705e9863906e14460",88.147,854,"1f0ebe7383f6998116af92c3ccb0b6f66400c79cd62cc552284ecbfe1d89ea16",0.682000000000002,89.05,FALSE,FALSE,FALSE,FALSE,"closed",FALSE
"mv08o_residual_source_sentinel_v1","primary","SRA784242_SRS3822680","internal124",20260805,"sct_pearson_residual_all_qc_fit_selected384","exact500",537,384,"6517864f6bae72cfbfe107f2c766ab104bc19f53f395b07870ac71800b7cd898",500,"48e881ee753893bfaecd7101fc16fbcb552dd30a2a791fedfc7204d7b322a32e",TRUE,0,0.730716188751579,TRUE,"a7f1a13a883779b830f9b9daf9c7712366a0571073dbb37cd1ec41b8e1f5574f","0be86465c1bf0645dc4a2fd38e2ffb899def16f12d6f2ac88314372b347d9c12",88.147,854,"1f0ebe7383f6998116af92c3ccb0b6f66400c79cd62cc552284ecbfe1d89ea16",0.682000000000002,89.187,FALSE,FALSE,FALSE,FALSE,"closed",FALSE
"mv08o_residual_source_sentinel_v1","primary","SRA784242_SRS3822680","internal124",20260806,"sct_data_all_qc_fit_selected384","exact500",537,384,"2eea33310e07ec5f9a6c646830802a6cde274f77c954016e570049137acfd2c1",500,"48e881ee753893bfaecd7101fc16fbcb552dd30a2a791fedfc7204d7b322a32e",TRUE,0,0.226082390643142,TRUE,"e269ff637731924f64a3b91d3990020be28cc8794394774e90c428524c81f9de","5aa2abdf28283707c027fd989f39c3841d37c5cdea8c1eeece1e08c78aca8415",88.147,854,"1f0ebe7383f6998116af92c3ccb0b6f66400c79cd62cc552284ecbfe1d89ea16",0.682000000000002,89.333,FALSE,FALSE,FALSE,FALSE,"closed",FALSE
"mv08o_residual_source_sentinel_v1","primary","SRA784242_SRS3822680","internal124",20260806,"sct_pearson_residual_all_qc_fit_selected384","exact500",537,384,"2eea33310e07ec5f9a6c646830802a6cde274f77c954016e570049137acfd2c1",500,"48e881ee753893bfaecd7101fc16fbcb552dd30a2a791fedfc7204d7b322a32e",TRUE,0,0.731947910623197,TRUE,"190d91e6c72c81cc684dd201daa953a9dec2c24311f2d1f441e063088f02611a","3269bd6cdc6ea85111b14e846dab8b75975a7321c6595da94aadaedb6ac90be7",88.147,854,"1f0ebe7383f6998116af92c3ccb0b6f66400c79cd62cc552284ecbfe1d89ea16",0.682000000000002,89.485,FALSE,FALSE,FALSE,FALSE,"closed",FALSE
"mv08o_residual_source_sentinel_v1","primary","SRA784242_SRS3822680","internal124",20260807,"sct_data_all_qc_fit_selected384","exact500",537,384,"acb80a194bea3cab4c7439b6841e577160f9ebb933340c5e6dbf29f4554db413",500,"48e881ee753893bfaecd7101fc16fbcb552dd30a2a791fedfc7204d7b322a32e",TRUE,0,0.211241678398034,TRUE,"14fd10c9fc0cfd778c26ed26cfa525677702235c0cc2b3f0e8ee6de8a0bc32bf","24214c05973bca8bd4fc1bb653b27060c727112edddd2c071c178461bd48527a",88.147,854,"1f0ebe7383f6998116af92c3ccb0b6f66400c79cd62cc552284ecbfe1d89ea16",0.682000000000002,89.626,FALSE,FALSE,FALSE,FALSE,"closed",FALSE
"mv08o_residual_source_sentinel_v1","primary","SRA784242_SRS3822680","internal124",20260807,"sct_pearson_residual_all_qc_fit_selected384","exact500",537,384,"acb80a194bea3cab4c7439b6841e577160f9ebb933340c5e6dbf29f4554db413",500,"48e881ee753893bfaecd7101fc16fbcb552dd30a2a791fedfc7204d7b322a32e",TRUE,0,0.731437146586938,TRUE,"47c0756b81f2fd5c4085eabca84a9255334051c3640eba958a6834b09161f37a","9eda1855ca12e3e7b1f595bc30f0d7d2b78414969762984ba183936ed39ad937",88.147,854,"1f0ebe7383f6998116af92c3ccb0b6f66400c79cd62cc552284ecbfe1d89ea16",0.682000000000002,89.778,FALSE,FALSE,FALSE,FALSE,"closed",FALSE
"mv08o_residual_source_sentinel_v1","primary","SRA784242_SRS3822680","internal124",20260808,"sct_data_all_qc_fit_selected384","exact500",537,384,"63d19bbca0b9a495feb6930a0ecc3960adcb79e5d3bf35b22d2ba5fbbec9ed77",500,"48e881ee753893bfaecd7101fc16fbcb552dd30a2a791fedfc7204d7b322a32e",TRUE,0,0.213723459798468,TRUE,"5906fc9eb74f00671ad688787f3dc6c3599a06336fec7de06e82dbd64a4a0354","026ef647e4daea310fa54b36deb983d66242c741be97f6b1c2c77b1d79e2053d",88.147,854,"1f0ebe7383f6998116af92c3ccb0b6f66400c79cd62cc552284ecbfe1d89ea16",0.682000000000002,89.92,FALSE,FALSE,FALSE,FALSE,"closed",FALSE
"mv08o_residual_source_sentinel_v1","primary","SRA784242_SRS3822680","internal124",20260808,"sct_pearson_residual_all_qc_fit_selected384","exact500",537,384,"63d19bbca0b9a495feb6930a0ecc3960adcb79e5d3bf35b22d2ba5fbbec9ed77",500,"48e881ee753893bfaecd7101fc16fbcb552dd30a2a791fedfc7204d7b322a32e",TRUE,0,0.752637523569162,TRUE,"6bc603fb7486d3ecb41fcf13151942e161b69d50e513c81068e78324a1daded8","efe9379114740ed6160344784f4bbf57b33583428399341d2236ff77e2e4f5e9",88.147,854,"1f0ebe7383f6998116af92c3ccb0b6f66400c79cd62cc552284ecbfe1d89ea16",0.682000000000002,90.05,FALSE,FALSE,FALSE,FALSE,"closed",FALSE
"mv08o_residual_source_sentinel_v1","primary","SRA784242_SRS3822680","internal124",20260809,"sct_data_all_qc_fit_selected384","exact500",537,384,"3ebed3cef061cc6c0276cffb0003b7dd24c49f577bdd4c7c645a2a28916b2eb6",500,"48e881ee753893bfaecd7101fc16fbcb552dd30a2a791fedfc7204d7b322a32e",TRUE,0,0.241865234426361,TRUE,"01091a48e2bdc0dee792ce61c53b95af9babadc3147b45cb83f9cebdc2f375d2","dcace0751627d824738a82020b9f3ba356b68311b2f29fbaa14375492d4df2e2",88.147,854,"1f0ebe7383f6998116af92c3ccb0b6f66400c79cd62cc552284ecbfe1d89ea16",0.682000000000002,90.176,FALSE,FALSE,FALSE,FALSE,"closed",FALSE
"mv08o_residual_source_sentinel_v1","primary","SRA784242_SRS3822680","internal124",20260809,"sct_pearson_residual_all_qc_fit_selected384","exact500",537,384,"3ebed3cef061cc6c0276cffb0003b7dd24c49f577bdd4c7c645a2a28916b2eb6",500,"48e881ee753893bfaecd7101fc16fbcb552dd30a2a791fedfc7204d7b322a32e",TRUE,0,0.738595146393672,TRUE,"3ef53660ea1eaf8e6e0232103b837967ed95aa179fc9205efc64508182e7d40d","48d5267269063d4da8ab9cbda734c829076e7aa4aa05f72c37f19a53b8992ae6",88.147,854,"1f0ebe7383f6998116af92c3ccb0b6f66400c79cd62cc552284ecbfe1d89ea16",0.682000000000002,90.326,FALSE,FALSE,FALSE,FALSE,"closed",FALSE
"mv08o_residual_source_sentinel_v1","primary","SRA716608_SRS3391632","internal124",20260805,"sct_data_all_qc_fit_selected384","exact500",554,384,"8a82197ed4a86f36df8814491963a8570104cfb3c32f9f2181e83e9df97dc6f4",500,"48e881ee753893bfaecd7101fc16fbcb552dd30a2a791fedfc7204d7b322a32e",TRUE,0,0.312009041509336,TRUE,"a71b8fc3b7e00a5c81cc2c82dea350fb5e81887add17b8f419c99f4b239387ea","87eb6613074567889697096dc8deba9f728caaabf3d1bb84194a33f28c86564d",73.305,512,"85b3c8df07c7859d19f3ad0590bbe2f6007bcf12c39054ff3e0932f1a2c92afc",0.311000000000007,74.234,FALSE,FALSE,FALSE,FALSE,"closed",FALSE
"mv08o_residual_source_sentinel_v1","primary","SRA716608_SRS3391632","internal124",20260805,"sct_pearson_residual_all_qc_fit_selected384","exact500",554,384,"8a82197ed4a86f36df8814491963a8570104cfb3c32f9f2181e83e9df97dc6f4",500,"48e881ee753893bfaecd7101fc16fbcb552dd30a2a791fedfc7204d7b322a32e",TRUE,0,0.598314332845808,TRUE,"477632494081d0ff835cf98afa54c5b7a97dcfb9557c4dbf170b50990a500b39","dc2b4f5b91a3ff5b595e8c14955c4499d8303cd55492d40ee58e7950d5860df7",73.305,512,"85b3c8df07c7859d19f3ad0590bbe2f6007bcf12c39054ff3e0932f1a2c92afc",0.311000000000007,74.361,FALSE,FALSE,FALSE,FALSE,"closed",FALSE
"mv08o_residual_source_sentinel_v1","primary","SRA716608_SRS3391632","internal124",20260806,"sct_data_all_qc_fit_selected384","exact500",554,384,"84ab908a4b3a6fdd412e1b5b21b1bdc5f817946dbbdf5049d2e38558df181fb1",500,"48e881ee753893bfaecd7101fc16fbcb552dd30a2a791fedfc7204d7b322a32e",TRUE,0,0.320139289610493,TRUE,"dc50316e9d5666d93ebe8285daed8feae2b4de323092545c65dfd096fae04d9e","ffd139204c0024f89832d64bb62dcda27f335bd2312d8944f608c8eb7084e74d",73.305,512,"85b3c8df07c7859d19f3ad0590bbe2f6007bcf12c39054ff3e0932f1a2c92afc",0.311000000000007,74.482,FALSE,FALSE,FALSE,FALSE,"closed",FALSE
"mv08o_residual_source_sentinel_v1","primary","SRA716608_SRS3391632","internal124",20260806,"sct_pearson_residual_all_qc_fit_selected384","exact500",554,384,"84ab908a4b3a6fdd412e1b5b21b1bdc5f817946dbbdf5049d2e38558df181fb1",500,"48e881ee753893bfaecd7101fc16fbcb552dd30a2a791fedfc7204d7b322a32e",TRUE,0,0.617686997988498,TRUE,"38242e6092b2be8f083ed6da7689ccf0dd7fc11a3c8d6a691a4f0172240e8aeb","5e6b13f69b957d2336a248fd985b02ed664c3f3581e6a6fd62baadccbe655244",73.305,512,"85b3c8df07c7859d19f3ad0590bbe2f6007bcf12c39054ff3e0932f1a2c92afc",0.311000000000007,74.607,FALSE,FALSE,FALSE,FALSE,"closed",FALSE
"mv08o_residual_source_sentinel_v1","primary","SRA716608_SRS3391632","internal124",20260807,"sct_data_all_qc_fit_selected384","exact500",554,384,"bec73ac7224115cbdd0c975ec8103029bb7dce787a444c6390ef4235154cdac9",500,"48e881ee753893bfaecd7101fc16fbcb552dd30a2a791fedfc7204d7b322a32e",TRUE,0,0.304524516052732,TRUE,"da4d98d703e718cb0c5a3e055e8198c2238da9520fd2078068b3152f9a8aadf0","6e8ac12854a12d3c2f96d8ad938fb85c4bbb952133f09387ada7eb91b806b538",73.305,512,"85b3c8df07c7859d19f3ad0590bbe2f6007bcf12c39054ff3e0932f1a2c92afc",0.311000000000007,74.728,FALSE,FALSE,FALSE,FALSE,"closed",FALSE
"mv08o_residual_source_sentinel_v1","primary","SRA716608_SRS3391632","internal124",20260807,"sct_pearson_residual_all_qc_fit_selected384","exact500",554,384,"bec73ac7224115cbdd0c975ec8103029bb7dce787a444c6390ef4235154cdac9",500,"48e881ee753893bfaecd7101fc16fbcb552dd30a2a791fedfc7204d7b322a32e",TRUE,0,0.603074471374477,TRUE,"8c7376954e92e1a9991ba85e7218b0562b7462908eccdbaf362da8a8ce36b2a2","1a0051c09cf5e9bfcf35acd849e9f2919a98d01bf3f18eb7a3abe57153b3fad2",73.305,512,"85b3c8df07c7859d19f3ad0590bbe2f6007bcf12c39054ff3e0932f1a2c92afc",0.311000000000007,74.856,FALSE,FALSE,FALSE,FALSE,"closed",FALSE
"mv08o_residual_source_sentinel_v1","primary","SRA716608_SRS3391632","internal124",20260808,"sct_data_all_qc_fit_selected384","exact500",554,384,"c348f5413d4780ac2a68ce96f4258c04b879a545057570b2c67169ad4dc13d4d",500,"48e881ee753893bfaecd7101fc16fbcb552dd30a2a791fedfc7204d7b322a32e",TRUE,0,0.325082862217837,TRUE,"0e88b102e9591ab4145a00119b3f74388ab068a3817b62b567c8f036e3e9ca8b","5ca59594589d14c629f5aa03fc15c1cf898809eb647cc288e09e70e74ec79c99",73.305,512,"85b3c8df07c7859d19f3ad0590bbe2f6007bcf12c39054ff3e0932f1a2c92afc",0.311000000000007,74.981,FALSE,FALSE,FALSE,FALSE,"closed",FALSE
"mv08o_residual_source_sentinel_v1","primary","SRA716608_SRS3391632","internal124",20260808,"sct_pearson_residual_all_qc_fit_selected384","exact500",554,384,"c348f5413d4780ac2a68ce96f4258c04b879a545057570b2c67169ad4dc13d4d",500,"48e881ee753893bfaecd7101fc16fbcb552dd30a2a791fedfc7204d7b322a32e",TRUE,0,0.557630350091964,TRUE,"52d764d77dd0882b311933ad5cc66f62465996b766f69d63ca0a7743a88946e0","a41cf8277804a54d0c147202c9d9934769b625d566b6714f65ba2f21876b203b",73.305,512,"85b3c8df07c7859d19f3ad0590bbe2f6007bcf12c39054ff3e0932f1a2c92afc",0.311000000000007,75.128,FALSE,FALSE,FALSE,FALSE,"closed",FALSE
"mv08o_residual_source_sentinel_v1","primary","SRA716608_SRS3391632","internal124",20260809,"sct_data_all_qc_fit_selected384","exact500",554,384,"0b1f6f9e0bf82f0a3f6b27febf3e800fbccaee105b63fc773dd171c2dd99e0d4",500,"48e881ee753893bfaecd7101fc16fbcb552dd30a2a791fedfc7204d7b322a32e",TRUE,0,0.327819158081813,TRUE,"09a0e2465a243e1a946112b08defa7c7025a77e1980a897a2cfe91220decba2b","1e2d25ffdcd6fa0a9c111a0567bd4a186e976fa7d31afc59a6cd737c9607b79d",73.305,512,"85b3c8df07c7859d19f3ad0590bbe2f6007bcf12c39054ff3e0932f1a2c92afc",0.311000000000007,75.278,FALSE,FALSE,FALSE,FALSE,"closed",FALSE
"mv08o_residual_source_sentinel_v1","primary","SRA716608_SRS3391632","internal124",20260809,"sct_pearson_residual_all_qc_fit_selected384","exact500",554,384,"0b1f6f9e0bf82f0a3f6b27febf3e800fbccaee105b63fc773dd171c2dd99e0d4",500,"48e881ee753893bfaecd7101fc16fbcb552dd30a2a791fedfc7204d7b322a32e",TRUE,0,0.600934281604862,TRUE,"41aed886ff86c63d0db6da0fa2bd8866978fcd21240fb5aed10931bf42ed1e31","3396b4069aec0fa5b11ba8d83c9619cd792ec097fbd4a135edc695efaa7e58a4",73.305,512,"85b3c8df07c7859d19f3ad0590bbe2f6007bcf12c39054ff3e0932f1a2c92afc",0.311000000000007,75.409,FALSE,FALSE,FALSE,FALSE,"closed",FALSE
"mv08o_residual_source_sentinel_v1","primary","SRA784242_SRS3822682","internal124",20260805,"sct_data_all_qc_fit_selected384","exact500",574,384,"8cf37a0c0a6a28b82ecdbdcdd75cc7177669fda3ba77837024d896657e452a1a",500,"48e881ee753893bfaecd7101fc16fbcb552dd30a2a791fedfc7204d7b322a32e",TRUE,0,0.206602196460636,TRUE,"743859496aaa13be49a42e7fd880a796a2eeeb95b9f012475b66b6d83b54cb9a","4997c549d5fb5230cb8cda374c38e27d0b52a6d7e595b2b75f3a3962520dd4ab",116.458,1543,"1f0ebe7383f6998116af92c3ccb0b6f66400c79cd62cc552284ecbfe1d89ea16",0.287000000000006,116.979,FALSE,FALSE,FALSE,FALSE,"closed",FALSE
"mv08o_residual_source_sentinel_v1","primary","SRA784242_SRS3822682","internal124",20260805,"sct_pearson_residual_all_qc_fit_selected384","exact500",574,384,"8cf37a0c0a6a28b82ecdbdcdd75cc7177669fda3ba77837024d896657e452a1a",500,"48e881ee753893bfaecd7101fc16fbcb552dd30a2a791fedfc7204d7b322a32e",TRUE,0,0.71784299153451,TRUE,"b2578db2f9d50aa8219bdc72afdb4465f7d8010139844ac0e2628564d6125615","268ce8d8d79ed92532d076b874eb51e34923f39850c7db86238fe82154d24d8b",116.458,1543,"1f0ebe7383f6998116af92c3ccb0b6f66400c79cd62cc552284ecbfe1d89ea16",0.287000000000006,117.126,FALSE,FALSE,FALSE,FALSE,"closed",FALSE
"mv08o_residual_source_sentinel_v1","primary","SRA784242_SRS3822682","internal124",20260806,"sct_data_all_qc_fit_selected384","exact500",574,384,"356b3edd821c839efc0427830a57856998c4fa6ccbe6191a9e385ebc943c0597",500,"48e881ee753893bfaecd7101fc16fbcb552dd30a2a791fedfc7204d7b322a32e",TRUE,0,0.218357224192742,TRUE,"da89f2b1a1eb447536f70ee10c0953515e2b0d98c2bf4cc5107fce0479765894","77dea8d6d54d09245b1d6fbaa1b2134233d9742d4371fe9f7d12a4a2c61a9712",116.458,1543,"1f0ebe7383f6998116af92c3ccb0b6f66400c79cd62cc552284ecbfe1d89ea16",0.287000000000006,117.263,FALSE,FALSE,FALSE,FALSE,"closed",FALSE
"mv08o_residual_source_sentinel_v1","primary","SRA784242_SRS3822682","internal124",20260806,"sct_pearson_residual_all_qc_fit_selected384","exact500",574,384,"356b3edd821c839efc0427830a57856998c4fa6ccbe6191a9e385ebc943c0597",500,"48e881ee753893bfaecd7101fc16fbcb552dd30a2a791fedfc7204d7b322a32e",TRUE,0,0.701128972843825,TRUE,"f0732457aedacf07f9399487aec6977494e850e8a2de2c0468f57b8a56cf7af4","11a387492a681fccbf254e6dd241636099558d2070e587869b37341bed9175f9",116.458,1543,"1f0ebe7383f6998116af92c3ccb0b6f66400c79cd62cc552284ecbfe1d89ea16",0.287000000000006,117.41,FALSE,FALSE,FALSE,FALSE,"closed",FALSE
"mv08o_residual_source_sentinel_v1","primary","SRA784242_SRS3822682","internal124",20260807,"sct_data_all_qc_fit_selected384","exact500",574,384,"84db96696a9d49fd5d3fa1d725d659dea2294cb2d368ca8e36ae5ad5e8be563d",500,"48e881ee753893bfaecd7101fc16fbcb552dd30a2a791fedfc7204d7b322a32e",TRUE,0,0.226630685120721,TRUE,"e2e95fb7fd6c27a4ab687fb024cdba6207ba49ad75987c0b2c8e2be7b385ef02","33c8ec82f30ea4435d83238182018fce3f3ce1c225ea3c8d6d1799327cc126de",116.458,1543,"1f0ebe7383f6998116af92c3ccb0b6f66400c79cd62cc552284ecbfe1d89ea16",0.287000000000006,117.547,FALSE,FALSE,FALSE,FALSE,"closed",FALSE
"mv08o_residual_source_sentinel_v1","primary","SRA784242_SRS3822682","internal124",20260807,"sct_pearson_residual_all_qc_fit_selected384","exact500",574,384,"84db96696a9d49fd5d3fa1d725d659dea2294cb2d368ca8e36ae5ad5e8be563d",500,"48e881ee753893bfaecd7101fc16fbcb552dd30a2a791fedfc7204d7b322a32e",TRUE,0,0.685420071026601,TRUE,"133d74ea4bbd2e3075ca9d5c96f9ee5f9bb3805fe55886dffa8f9b693152cc5c","9f15b61ca2888fad5e0ed68cd6b0f1001fbf1dc524f5046a73d427f698133f23",116.458,1543,"1f0ebe7383f6998116af92c3ccb0b6f66400c79cd62cc552284ecbfe1d89ea16",0.287000000000006,117.676,FALSE,FALSE,FALSE,FALSE,"closed",FALSE
"mv08o_residual_source_sentinel_v1","primary","SRA784242_SRS3822682","internal124",20260808,"sct_data_all_qc_fit_selected384","exact500",574,384,"77439d6aa39901b90a0c81167f29c4cdca61781d3f4afcea9a173bef39efc704",500,"48e881ee753893bfaecd7101fc16fbcb552dd30a2a791fedfc7204d7b322a32e",TRUE,0,0.213778656965522,TRUE,"a8aa6a584ee078a3c5525130327fc673ad4b3dc90c26f1a263f425752a67182d","ceee87de5fab8f6a0c5dba8414a14d17e65bd1c4044c693dbaa2e54a27b5a41e",116.458,1543,"1f0ebe7383f6998116af92c3ccb0b6f66400c79cd62cc552284ecbfe1d89ea16",0.287000000000006,117.803,FALSE,FALSE,FALSE,FALSE,"closed",FALSE
"mv08o_residual_source_sentinel_v1","primary","SRA784242_SRS3822682","internal124",20260808,"sct_pearson_residual_all_qc_fit_selected384","exact500",574,384,"77439d6aa39901b90a0c81167f29c4cdca61781d3f4afcea9a173bef39efc704",500,"48e881ee753893bfaecd7101fc16fbcb552dd30a2a791fedfc7204d7b322a32e",TRUE,0,0.718912704616798,TRUE,"1d4bc35b05c7dbbe3b14d3f37712268824033b9d9916b4e674aaca99553d137a","ed34ff92a51c65f90c2a1df8281c095b728847d221a855539e78ec5c3747d959",116.458,1543,"1f0ebe7383f6998116af92c3ccb0b6f66400c79cd62cc552284ecbfe1d89ea16",0.287000000000006,117.946,FALSE,FALSE,FALSE,FALSE,"closed",FALSE
"mv08o_residual_source_sentinel_v1","primary","SRA784242_SRS3822682","internal124",20260809,"sct_data_all_qc_fit_selected384","exact500",574,384,"0d07978d5819f715c3728b7156dd37b3723d2069c9cc1d4a60166aee0f273eb2",500,"48e881ee753893bfaecd7101fc16fbcb552dd30a2a791fedfc7204d7b322a32e",TRUE,0,0.224482386129428,TRUE,"70cc26ab49079f7e7e0eb8d3eb9a6a4414db24caaccace37e96ef52281717998","288e2e98539e4c72e32efc613be478055e771faed72b6d63e04e8eb3e3bd8aa7",116.458,1543,"1f0ebe7383f6998116af92c3ccb0b6f66400c79cd62cc552284ecbfe1d89ea16",0.287000000000006,118.07,FALSE,FALSE,FALSE,FALSE,"closed",FALSE
"mv08o_residual_source_sentinel_v1","primary","SRA784242_SRS3822682","internal124",20260809,"sct_pearson_residual_all_qc_fit_selected384","exact500",574,384,"0d07978d5819f715c3728b7156dd37b3723d2069c9cc1d4a60166aee0f273eb2",500,"48e881ee753893bfaecd7101fc16fbcb552dd30a2a791fedfc7204d7b322a32e",TRUE,0,0.715539762384332,TRUE,"069abf1aa6ee6eb029b0a9d6ea68357523f1ca9e5ebf11be6293177cc13d17f9","09999bf18353d9cd73832bc9ad77fef4975881c3be2a79f4a764d08ddc51fe59",116.458,1543,"1f0ebe7383f6998116af92c3ccb0b6f66400c79cd62cc552284ecbfe1d89ea16",0.287000000000006,118.199,FALSE,FALSE,FALSE,FALSE,"closed",FALSE
"mv08o_residual_source_sentinel_v1","primary","SRA850958_SRS4386113","internal124",20260805,"sct_data_all_qc_fit_selected384","exact500",584,384,"1025800819d7167be0a33a2776fc1bf1e899bb1ac0af0fc2bc77571d56032a15",500,"48e881ee753893bfaecd7101fc16fbcb552dd30a2a791fedfc7204d7b322a32e",TRUE,0,0.0991286924845521,TRUE,"c084ed406652f0ac3627ef123060d9c3e6c3b08165d579d2f7552718d3da16d9","685e1e4d50417d669b93376d614770dbd251aa7a36e26bb0cd8d500e7469b075",74.854,410,"1f0ebe7383f6998116af92c3ccb0b6f66400c79cd62cc552284ecbfe1d89ea16",0.304000000000002,75.368,FALSE,FALSE,FALSE,FALSE,"closed",FALSE
"mv08o_residual_source_sentinel_v1","primary","SRA850958_SRS4386113","internal124",20260805,"sct_pearson_residual_all_qc_fit_selected384","exact500",584,384,"1025800819d7167be0a33a2776fc1bf1e899bb1ac0af0fc2bc77571d56032a15",500,"48e881ee753893bfaecd7101fc16fbcb552dd30a2a791fedfc7204d7b322a32e",TRUE,0,0.61863437387519,TRUE,"5a6df303947beffbb91edd81fcd72eafd8748b1d1545f62c48efee08a99144c8","89ccd057524142898f21f0b065f5736a30d56af00d60a3b23de9b983bc3e3d51",74.854,410,"1f0ebe7383f6998116af92c3ccb0b6f66400c79cd62cc552284ecbfe1d89ea16",0.304000000000002,75.517,FALSE,FALSE,FALSE,FALSE,"closed",FALSE
"mv08o_residual_source_sentinel_v1","primary","SRA850958_SRS4386113","internal124",20260806,"sct_data_all_qc_fit_selected384","exact500",584,384,"57b13f5a6feb50d4d0304c9c972c3d2183121aff7e36c84e6b47489e1f985fda",500,"48e881ee753893bfaecd7101fc16fbcb552dd30a2a791fedfc7204d7b322a32e",TRUE,0,0.0991286924845521,TRUE,"732a8b42f6874720fb8e31afdca8f3af5e1ebc0a863b5d97358a60cd4e96ec3f","315d81e9a5c403ae7f6e535182c25cd5a9b8bb8a8642f5d9481b9265353ee9cc",74.854,410,"1f0ebe7383f6998116af92c3ccb0b6f66400c79cd62cc552284ecbfe1d89ea16",0.304000000000002,75.642,FALSE,FALSE,FALSE,FALSE,"closed",FALSE
"mv08o_residual_source_sentinel_v1","primary","SRA850958_SRS4386113","internal124",20260806,"sct_pearson_residual_all_qc_fit_selected384","exact500",584,384,"57b13f5a6feb50d4d0304c9c972c3d2183121aff7e36c84e6b47489e1f985fda",500,"48e881ee753893bfaecd7101fc16fbcb552dd30a2a791fedfc7204d7b322a32e",TRUE,0,0.631158999648483,TRUE,"afdf0e67b2649d23829f67b2ef5c7646634c7b726d9e811a6567d134b393e367","b8d54c9399587cc5c44950105b39c8372972aee850e803a922e72d28d963a3c1",74.854,410,"1f0ebe7383f6998116af92c3ccb0b6f66400c79cd62cc552284ecbfe1d89ea16",0.304000000000002,75.775,FALSE,FALSE,FALSE,FALSE,"closed",FALSE
"mv08o_residual_source_sentinel_v1","primary","SRA850958_SRS4386113","internal124",20260807,"sct_data_all_qc_fit_selected384","exact500",584,384,"b1295eb853f3fea17988f0dd7190ae69ec7f8d334a1ed1d3f5a4af6c093858ca",500,"48e881ee753893bfaecd7101fc16fbcb552dd30a2a791fedfc7204d7b322a32e",TRUE,0,0.105001946614312,TRUE,"9ae17756e6db07aa56836e346435cc7598926ebaffee2f629121409a92663547","0bfad6502364b8281e8c325de0cecc2f8eda65724bae62a54e7c1dad4d2b56a3",74.854,410,"1f0ebe7383f6998116af92c3ccb0b6f66400c79cd62cc552284ecbfe1d89ea16",0.304000000000002,75.915,FALSE,FALSE,FALSE,FALSE,"closed",FALSE
"mv08o_residual_source_sentinel_v1","primary","SRA850958_SRS4386113","internal124",20260807,"sct_pearson_residual_all_qc_fit_selected384","exact500",584,384,"b1295eb853f3fea17988f0dd7190ae69ec7f8d334a1ed1d3f5a4af6c093858ca",500,"48e881ee753893bfaecd7101fc16fbcb552dd30a2a791fedfc7204d7b322a32e",TRUE,0,0.660251825136362,TRUE,"92bcded74b55ce74fa5324d8ccd3f998cc121ae870205a4ea3d400ad6ff8ecdc","d11f307adec4cfeb50816e0fb578ba5997b3af2fbb8bdac8ce362126653d1cf0",74.854,410,"1f0ebe7383f6998116af92c3ccb0b6f66400c79cd62cc552284ecbfe1d89ea16",0.304000000000002,76.049,FALSE,FALSE,FALSE,FALSE,"closed",FALSE
"mv08o_residual_source_sentinel_v1","primary","SRA850958_SRS4386113","internal124",20260808,"sct_data_all_qc_fit_selected384","exact500",584,384,"31a090adfb8fb624b5c6b90ade6e611cb3f263c96d7a61a627d7ebcf3b18d14b",500,"48e881ee753893bfaecd7101fc16fbcb552dd30a2a791fedfc7204d7b322a32e",TRUE,0,0.105001946614312,TRUE,"bdf4774cfe2905010f9fff2309a35508887ede6f4c80de4b93c3ef9894ef4087","cf0199b5303da31b72739eaa9d8d9ddba312aa23ea705db7be1f3d945b46a3c6",74.854,410,"1f0ebe7383f6998116af92c3ccb0b6f66400c79cd62cc552284ecbfe1d89ea16",0.304000000000002,76.179,FALSE,FALSE,FALSE,FALSE,"closed",FALSE
"mv08o_residual_source_sentinel_v1","primary","SRA850958_SRS4386113","internal124",20260808,"sct_pearson_residual_all_qc_fit_selected384","exact500",584,384,"31a090adfb8fb624b5c6b90ade6e611cb3f263c96d7a61a627d7ebcf3b18d14b",500,"48e881ee753893bfaecd7101fc16fbcb552dd30a2a791fedfc7204d7b322a32e",TRUE,0,0.631630927142148,TRUE,"b8cfa213c2b9ff94d24f72a6ab0a7738aa448012cf47ea99168c341b7d733464","545eb5769bf31c348236194fba6c85d5f2e18830fe6f73341dc69f39ac2bf129",74.854,410,"1f0ebe7383f6998116af92c3ccb0b6f66400c79cd62cc552284ecbfe1d89ea16",0.304000000000002,76.319,FALSE,FALSE,FALSE,FALSE,"closed",FALSE
"mv08o_residual_source_sentinel_v1","primary","SRA850958_SRS4386113","internal124",20260809,"sct_data_all_qc_fit_selected384","exact500",584,384,"d3268d02bc72d550bfcd8db474295e1c1fcdadb3b88d6f9b25c009a47f51bf9d",500,"48e881ee753893bfaecd7101fc16fbcb552dd30a2a791fedfc7204d7b322a32e",TRUE,0,0.110534095808994,TRUE,"db245b34a673439c1cbdf4c4a85269bf604d78a9cb930f64f77723e8d12b8786","51a709dfb183ab83c3a6b1385ae7f32d71ecf789c25904fb24a97704cb1646b4",74.854,410,"1f0ebe7383f6998116af92c3ccb0b6f66400c79cd62cc552284ecbfe1d89ea16",0.304000000000002,76.443,FALSE,FALSE,FALSE,FALSE,"closed",FALSE
"mv08o_residual_source_sentinel_v1","primary","SRA850958_SRS4386113","internal124",20260809,"sct_pearson_residual_all_qc_fit_selected384","exact500",584,384,"d3268d02bc72d550bfcd8db474295e1c1fcdadb3b88d6f9b25c009a47f51bf9d",500,"48e881ee753893bfaecd7101fc16fbcb552dd30a2a791fedfc7204d7b322a32e",TRUE,0,0.583057225649577,TRUE,"849be6509a9f499640fb5d957c6702f1a09f25f76a98b978a3e5f090b132d9ce","bb1a033e0c05cae5492de2c5ab846184a454cc6f65781f8667f7aa7d48b310d6",74.854,410,"1f0ebe7383f6998116af92c3ccb0b6f66400c79cd62cc552284ecbfe1d89ea16",0.304000000000002,76.587,FALSE,FALSE,FALSE,FALSE,"closed",FALSE
"mv08o_residual_source_sentinel_v1","primary","SRA728025_SRS3454421","internal124",20260805,"sct_data_all_qc_fit_selected384","exact500",586,384,"041e763c8b7db9141429d4118487063a489fe94c3df435191c722cf21503297d",500,"48e881ee753893bfaecd7101fc16fbcb552dd30a2a791fedfc7204d7b322a32e",TRUE,0,0.138689749117284,TRUE,"2fd273f7f447ce6ffd44ea3162dc26d2b5b87dcad1b73682e0af7cb6c4a8b3b8","27c06774ceae129a1f9ea1e5b17ea2427810987e587c1379467ae20c176cc4fb",127.863,1948,"1f0ebe7383f6998116af92c3ccb0b6f66400c79cd62cc552284ecbfe1d89ea16",0.811999999999983,128.901,FALSE,FALSE,FALSE,FALSE,"closed",FALSE
"mv08o_residual_source_sentinel_v1","primary","SRA728025_SRS3454421","internal124",20260805,"sct_pearson_residual_all_qc_fit_selected384","exact500",586,384,"041e763c8b7db9141429d4118487063a489fe94c3df435191c722cf21503297d",500,"48e881ee753893bfaecd7101fc16fbcb552dd30a2a791fedfc7204d7b322a32e",TRUE,0,0.627089658310323,TRUE,"daccf6789574d4db660546fb4ba5e8f76717f450b5bd0280fe2297c294237027","af1ab4ec4310b297f40005442b2126f5f33cebfee64feeddb8b325ed96aaf4d0",127.863,1948,"1f0ebe7383f6998116af92c3ccb0b6f66400c79cd62cc552284ecbfe1d89ea16",0.811999999999983,129.027,FALSE,FALSE,FALSE,FALSE,"closed",FALSE
"mv08o_residual_source_sentinel_v1","primary","SRA728025_SRS3454421","internal124",20260806,"sct_data_all_qc_fit_selected384","exact500",586,384,"7f11f90afe7c5df7c340f1dbd22811756b1daec38b2ca17edf1514de2285297b",500,"48e881ee753893bfaecd7101fc16fbcb552dd30a2a791fedfc7204d7b322a32e",TRUE,0,0.138689749117284,TRUE,"7374a9bbd48f0461811c76499fda7112afa5f957e784334bc308ef4f228cd147","b419032d0c6092dbfe04b6ffb35ba2fb630d88cfb650a648d6dd248ac2bb6a03",127.863,1948,"1f0ebe7383f6998116af92c3ccb0b6f66400c79cd62cc552284ecbfe1d89ea16",0.811999999999983,129.156,FALSE,FALSE,FALSE,FALSE,"closed",FALSE
"mv08o_residual_source_sentinel_v1","primary","SRA728025_SRS3454421","internal124",20260806,"sct_pearson_residual_all_qc_fit_selected384","exact500",586,384,"7f11f90afe7c5df7c340f1dbd22811756b1daec38b2ca17edf1514de2285297b",500,"48e881ee753893bfaecd7101fc16fbcb552dd30a2a791fedfc7204d7b322a32e",TRUE,0,0.63116361408759,TRUE,"4fcae9fa35bf2c99c491b59a4fcc7d2459c8cc78832c61b97afa115e132dfcf2","787aa544391eea0415746bc689256f32d738ea68dc0aea8931887f34e4cb4943",127.863,1948,"1f0ebe7383f6998116af92c3ccb0b6f66400c79cd62cc552284ecbfe1d89ea16",0.811999999999983,129.305,FALSE,FALSE,FALSE,FALSE,"closed",FALSE
"mv08o_residual_source_sentinel_v1","primary","SRA728025_SRS3454421","internal124",20260807,"sct_data_all_qc_fit_selected384","exact500",586,384,"8357682ea0f713d977ef8c717508bb335592eb2d7e8812e7789a92b6acd8af25",500,"48e881ee753893bfaecd7101fc16fbcb552dd30a2a791fedfc7204d7b322a32e",TRUE,0,0.120759847203462,TRUE,"88c95cc2785f2ce6c186c5545d8dc3c0cc1118e6c19b7cd0cdbca4cb6781b7aa","020cc3a01385fa4e77735f8007dced8725cde4aa808e2282362543790ffd2038",127.863,1948,"1f0ebe7383f6998116af92c3ccb0b6f66400c79cd62cc552284ecbfe1d89ea16",0.811999999999983,129.447,FALSE,FALSE,FALSE,FALSE,"closed",FALSE
"mv08o_residual_source_sentinel_v1","primary","SRA728025_SRS3454421","internal124",20260807,"sct_pearson_residual_all_qc_fit_selected384","exact500",586,384,"8357682ea0f713d977ef8c717508bb335592eb2d7e8812e7789a92b6acd8af25",500,"48e881ee753893bfaecd7101fc16fbcb552dd30a2a791fedfc7204d7b322a32e",TRUE,0,0.658280537350454,TRUE,"d87cbf2761312731dad91c4c47d161001c3f2983bcca2eadd540086a13895285","62050b0aa04ef032d78faddf1e465d91ae716ea7bf5bfe56cc891225380386a1",127.863,1948,"1f0ebe7383f6998116af92c3ccb0b6f66400c79cd62cc552284ecbfe1d89ea16",0.811999999999983,129.576,FALSE,FALSE,FALSE,FALSE,"closed",FALSE
"mv08o_residual_source_sentinel_v1","primary","SRA728025_SRS3454421","internal124",20260808,"sct_data_all_qc_fit_selected384","exact500",586,384,"4174da0449c41b1605b24b56ac58302d1daaae048300da7b6d262c8d9c9b744f",500,"48e881ee753893bfaecd7101fc16fbcb552dd30a2a791fedfc7204d7b322a32e",TRUE,0,0.13008443701908,TRUE,"7e5a3d1118b7d393c43e407d789b0e54fab0effeacd7d994e199dde633ceb244","89466c7458b47c8a2a200366df766dd88997196f57a179ceb8497021c20e776d",127.863,1948,"1f0ebe7383f6998116af92c3ccb0b6f66400c79cd62cc552284ecbfe1d89ea16",0.811999999999983,129.697,FALSE,FALSE,FALSE,FALSE,"closed",FALSE
"mv08o_residual_source_sentinel_v1","primary","SRA728025_SRS3454421","internal124",20260808,"sct_pearson_residual_all_qc_fit_selected384","exact500",586,384,"4174da0449c41b1605b24b56ac58302d1daaae048300da7b6d262c8d9c9b744f",500,"48e881ee753893bfaecd7101fc16fbcb552dd30a2a791fedfc7204d7b322a32e",TRUE,0,0.65690423696194,TRUE,"fdb66ad4381c517f0ac4ea9dd4319fac910dfe84dbdd74d6d5a1991e8a8e1963","9ba831cf3587e97dff281a57ca5c070fe4ab3a7b4c0d9cff16f834773ad0a8e7",127.863,1948,"1f0ebe7383f6998116af92c3ccb0b6f66400c79cd62cc552284ecbfe1d89ea16",0.811999999999983,129.843,FALSE,FALSE,FALSE,FALSE,"closed",FALSE
"mv08o_residual_source_sentinel_v1","primary","SRA728025_SRS3454421","internal124",20260809,"sct_data_all_qc_fit_selected384","exact500",586,384,"6df79efcdadf5e8933eb65096f6000dc8e702e072393f94d0ddc52f3dc87b71f",500,"48e881ee753893bfaecd7101fc16fbcb552dd30a2a791fedfc7204d7b322a32e",TRUE,0,0.157805967335394,TRUE,"d7440c84b8db6a928006cedb180b4c2f6c609ab8b5522e053ea4f5750fd268ea","3941c166e265c5b385e6c8a8dd047763b4630f8509032957e418bbbfb384e8b6",127.863,1948,"1f0ebe7383f6998116af92c3ccb0b6f66400c79cd62cc552284ecbfe1d89ea16",0.811999999999983,129.988,FALSE,FALSE,FALSE,FALSE,"closed",FALSE
"mv08o_residual_source_sentinel_v1","primary","SRA728025_SRS3454421","internal124",20260809,"sct_pearson_residual_all_qc_fit_selected384","exact500",586,384,"6df79efcdadf5e8933eb65096f6000dc8e702e072393f94d0ddc52f3dc87b71f",500,"48e881ee753893bfaecd7101fc16fbcb552dd30a2a791fedfc7204d7b322a32e",TRUE,0,0.648611081304639,TRUE,"f0adcdf1bedd23921b5ce3df29dc17dc2ad9545c1e275df662927f18a56a5736","1c7f9a556cf0f8c1bb8dcf5bd72dc4a39d9365efe498ce7ee7e0aecfada770b7",127.863,1948,"1f0ebe7383f6998116af92c3ccb0b6f66400c79cd62cc552284ecbfe1d89ea16",0.811999999999983,130.116,FALSE,FALSE,FALSE,FALSE,"closed",FALSE
"mv08o_residual_source_sentinel_v1","primary","SRA826293_SRS4181125","internal124",20260805,"sct_data_all_qc_fit_selected384","exact500",609,384,"e1e26cf40478cda8cd199b3b258a5aff1d9acd66eff2fdfe250409521723e20f",500,"48e881ee753893bfaecd7101fc16fbcb552dd30a2a791fedfc7204d7b322a32e",TRUE,0,0.102420887162365,TRUE,"4ab2f33e35afa050a7e5a810f303785a5fec7b191265ddbc6d4bda60e3056ece","9d7e67a0838c622c29eb4a8f23c67e4cd6f48e87547645ca8309e6ec0745ddbc",81.681,720,"ca6942c97dd850b48cc06efc622330e36c7e5325ae6e5499d209bb4e9339e9a9",0.640000000000001,82.568,FALSE,FALSE,FALSE,FALSE,"closed",FALSE
"mv08o_residual_source_sentinel_v1","primary","SRA826293_SRS4181125","internal124",20260805,"sct_pearson_residual_all_qc_fit_selected384","exact500",609,384,"e1e26cf40478cda8cd199b3b258a5aff1d9acd66eff2fdfe250409521723e20f",500,"48e881ee753893bfaecd7101fc16fbcb552dd30a2a791fedfc7204d7b322a32e",TRUE,0,0.633128804860848,TRUE,"94e3e1a5bd7545321fb4e70659856a768ab3cacfa6ac42fa0d00e7aa324fe1e6","0b0320461bebf1b5d10b4847d4e3daa2018679ad4d2824d20f62597ac4ed3c40",81.681,720,"ca6942c97dd850b48cc06efc622330e36c7e5325ae6e5499d209bb4e9339e9a9",0.640000000000001,82.713,FALSE,FALSE,FALSE,FALSE,"closed",FALSE
"mv08o_residual_source_sentinel_v1","primary","SRA826293_SRS4181125","internal124",20260806,"sct_data_all_qc_fit_selected384","exact500",609,384,"7abba47bd7c3ef85e9cddf747b76f5fbc9bec9590d816a4f79f07dfcaf6dcbc9",500,"48e881ee753893bfaecd7101fc16fbcb552dd30a2a791fedfc7204d7b322a32e",TRUE,0,0.110534095808994,TRUE,"9f5101f7be34f41b25895edd6f560e0985a69079c1b4a94349f20394c776d30e","ffaf2e376d74c210f3a7409cfc184d968ca0ec2d9a15cb0e264976232e7a3f94",81.681,720,"ca6942c97dd850b48cc06efc622330e36c7e5325ae6e5499d209bb4e9339e9a9",0.640000000000001,82.873,FALSE,FALSE,FALSE,FALSE,"closed",FALSE
"mv08o_residual_source_sentinel_v1","primary","SRA826293_SRS4181125","internal124",20260806,"sct_pearson_residual_all_qc_fit_selected384","exact500",609,384,"7abba47bd7c3ef85e9cddf747b76f5fbc9bec9590d816a4f79f07dfcaf6dcbc9",500,"48e881ee753893bfaecd7101fc16fbcb552dd30a2a791fedfc7204d7b322a32e",TRUE,0,0.722019746259261,TRUE,"9a4a4cdaea78346f17f62906fafc23e8a8090663bc17fc981b20c6d998e81ea3","7053ea1a27d699b61ac8abaa69f0a6b9937fb1766bb59710478b07078f8ed601",81.681,720,"ca6942c97dd850b48cc06efc622330e36c7e5325ae6e5499d209bb4e9339e9a9",0.640000000000001,83.024,FALSE,FALSE,FALSE,FALSE,"closed",FALSE
"mv08o_residual_source_sentinel_v1","primary","SRA826293_SRS4181125","internal124",20260807,"sct_data_all_qc_fit_selected384","exact500",609,384,"e66ef8d18584b44588602eeb09962d6dad632bd632d2727af2a619804f3e67d7",500,"48e881ee753893bfaecd7101fc16fbcb552dd30a2a791fedfc7204d7b322a32e",TRUE,0,0.0991286924845521,TRUE,"22acf416e011bc74a636aad453a44e774c491a80d01abade1d04cdf961e9b7dd","d9c0da70aa367d8f8a50c55bec23dfe10d63494cbbfc0b837bcd32938b416af1",81.681,720,"ca6942c97dd850b48cc06efc622330e36c7e5325ae6e5499d209bb4e9339e9a9",0.640000000000001,83.181,FALSE,FALSE,FALSE,FALSE,"closed",FALSE
"mv08o_residual_source_sentinel_v1","primary","SRA826293_SRS4181125","internal124",20260807,"sct_pearson_residual_all_qc_fit_selected384","exact500",609,384,"e66ef8d18584b44588602eeb09962d6dad632bd632d2727af2a619804f3e67d7",500,"48e881ee753893bfaecd7101fc16fbcb552dd30a2a791fedfc7204d7b322a32e",TRUE,0,0.593877417647083,TRUE,"1df61d3b780df121ba1dc96d549f12c4f8002109a2e163a92a2e70cd8ef2e66d","0628eeaa2558574517ff9fe9a958daa1fafff8736cfe5f370274b23bba535012",81.681,720,"ca6942c97dd850b48cc06efc622330e36c7e5325ae6e5499d209bb4e9339e9a9",0.640000000000001,83.336,FALSE,FALSE,FALSE,FALSE,"closed",FALSE
"mv08o_residual_source_sentinel_v1","primary","SRA826293_SRS4181125","internal124",20260808,"sct_data_all_qc_fit_selected384","exact500",609,384,"f0afe75fac2796b225182754d7c3fb7852072a6df30f05a6515cdf21b36c9835",500,"48e881ee753893bfaecd7101fc16fbcb552dd30a2a791fedfc7204d7b322a32e",TRUE,0,0.113519822707235,TRUE,"f2b8e034afa47c2d897ed4909214db4dab3e1e6af67b3224d25f48199b5b1a6a","b5a1843ddeb07f8bc7956f22c112cbb41cfc478529253e95808e9ab0ed46f3c4",81.681,720,"ca6942c97dd850b48cc06efc622330e36c7e5325ae6e5499d209bb4e9339e9a9",0.640000000000001,83.469,FALSE,FALSE,FALSE,FALSE,"closed",FALSE
"mv08o_residual_source_sentinel_v1","primary","SRA826293_SRS4181125","internal124",20260808,"sct_pearson_residual_all_qc_fit_selected384","exact500",609,384,"f0afe75fac2796b225182754d7c3fb7852072a6df30f05a6515cdf21b36c9835",500,"48e881ee753893bfaecd7101fc16fbcb552dd30a2a791fedfc7204d7b322a32e",TRUE,0,0.692435089386656,TRUE,"fa33e15d3d1a6b64473428fc32b23346c38b94f1f8823824e0fcd5b8838a7995","7fc2f18cbfaae87b548eb7ee78ad29beb2f19eb14c3cf36b01a2020e489ab2c4",81.681,720,"ca6942c97dd850b48cc06efc622330e36c7e5325ae6e5499d209bb4e9339e9a9",0.640000000000001,83.617,FALSE,FALSE,FALSE,FALSE,"closed",FALSE
"mv08o_residual_source_sentinel_v1","primary","SRA826293_SRS4181125","internal124",20260809,"sct_data_all_qc_fit_selected384","exact500",609,384,"a7f144635fcfcd8180b0dcf691aa2d26582d51a77fad5fbf75ddfee324118a8b",500,"48e881ee753893bfaecd7101fc16fbcb552dd30a2a791fedfc7204d7b322a32e",TRUE,0,0.108127984005504,TRUE,"195f880680155a31d871f31995c256a57e96229e07fe8c33bf6b5baeb9e543bf","f27b62a2de7b8e8a6a8e9e0c9f34a92b34fde50c7e47f8d413c7f67f98ae64fd",81.681,720,"ca6942c97dd850b48cc06efc622330e36c7e5325ae6e5499d209bb4e9339e9a9",0.640000000000001,83.74,FALSE,FALSE,FALSE,FALSE,"closed",FALSE
"mv08o_residual_source_sentinel_v1","primary","SRA826293_SRS4181125","internal124",20260809,"sct_pearson_residual_all_qc_fit_selected384","exact500",609,384,"a7f144635fcfcd8180b0dcf691aa2d26582d51a77fad5fbf75ddfee324118a8b",500,"48e881ee753893bfaecd7101fc16fbcb552dd30a2a791fedfc7204d7b322a32e",TRUE,0,0.647599209491774,TRUE,"72cc8c555c1b744c1dfe31d0e19d861975cbdbdd9a9a8a76c264226c9f78167c","01c81ce74f681e7c25a18e130fb919645bd0be3c5b700c708309d0b174b3ecab",81.681,720,"ca6942c97dd850b48cc06efc622330e36c7e5325ae6e5499d209bb4e9339e9a9",0.640000000000001,83.879,FALSE,FALSE,FALSE,FALSE,"closed",FALSE
"mv08o_residual_source_sentinel_v1","primary","SRA740174_SRS3548780","internal124",20260805,"sct_data_all_qc_fit_selected384","exact500",614,384,"90c1bec1d2ea0f192bc0eaf0c014f3f79b971bc92f4d9c9645c5b9de46969298",500,"48e881ee753893bfaecd7101fc16fbcb552dd30a2a791fedfc7204d7b322a32e",TRUE,0,0.151333363801198,TRUE,"c5e725558c52427a4fb47820049b94b4e12c716d362bf131231e8197fc8df3b2","1579485d64e2a1ea2900e3dd409f99e9877e5541d3d71ffac95f7650960f98d7",99.23,1140,"1f0ebe7383f6998116af92c3ccb0b6f66400c79cd62cc552284ecbfe1d89ea16",0.725999999999999,100.181,FALSE,FALSE,FALSE,FALSE,"closed",FALSE
"mv08o_residual_source_sentinel_v1","primary","SRA740174_SRS3548780","internal124",20260805,"sct_pearson_residual_all_qc_fit_selected384","exact500",614,384,"90c1bec1d2ea0f192bc0eaf0c014f3f79b971bc92f4d9c9645c5b9de46969298",500,"48e881ee753893bfaecd7101fc16fbcb552dd30a2a791fedfc7204d7b322a32e",TRUE,0,0.736054854779072,TRUE,"15311aeec688cfd7c8d93eedcd2ec551f959cf00a1d57dfaaaec639010e3ce35","a38a2e9c9c48e360b51efc9be355a2ec7c395896a9f5e994872651642be35f85",99.23,1140,"1f0ebe7383f6998116af92c3ccb0b6f66400c79cd62cc552284ecbfe1d89ea16",0.725999999999999,100.306,FALSE,FALSE,FALSE,FALSE,"closed",FALSE
"mv08o_residual_source_sentinel_v1","primary","SRA740174_SRS3548780","internal124",20260806,"sct_data_all_qc_fit_selected384","exact500",614,384,"bea81f19a07392b1f6380c9ca3de9774de0b23a41a4a61e60022a9111ff60fb2",500,"48e881ee753893bfaecd7101fc16fbcb552dd30a2a791fedfc7204d7b322a32e",TRUE,0,0.16000473619679,TRUE,"0296b7ff0aa95f0b5f6f00812150ac67353cdf8398c92c0076f458dcacd90c7d","541f213e8cded40995214ade64818a0e7db6fe4b77d8c08ac86b8b162e1fed8f",99.23,1140,"1f0ebe7383f6998116af92c3ccb0b6f66400c79cd62cc552284ecbfe1d89ea16",0.725999999999999,100.432,FALSE,FALSE,FALSE,FALSE,"closed",FALSE
"mv08o_residual_source_sentinel_v1","primary","SRA740174_SRS3548780","internal124",20260806,"sct_pearson_residual_all_qc_fit_selected384","exact500",614,384,"bea81f19a07392b1f6380c9ca3de9774de0b23a41a4a61e60022a9111ff60fb2",500,"48e881ee753893bfaecd7101fc16fbcb552dd30a2a791fedfc7204d7b322a32e",TRUE,0,0.733159661640208,TRUE,"2a9a371fb0b89e9e466a2e36ad360b702be867d19f462ef8c7d6c339e9b9b014","5a8f00c045fe4dc8d8ddba86ce503cf05059c6a5504b7ad34333d7150eefb348",99.23,1140,"1f0ebe7383f6998116af92c3ccb0b6f66400c79cd62cc552284ecbfe1d89ea16",0.725999999999999,100.583,FALSE,FALSE,FALSE,FALSE,"closed",FALSE
"mv08o_residual_source_sentinel_v1","primary","SRA740174_SRS3548780","internal124",20260807,"sct_data_all_qc_fit_selected384","exact500",614,384,"a09c73c7e468363bf4df09edaf70eed3bd8703f2e9a1fff2519d92655968dcc0",500,"48e881ee753893bfaecd7101fc16fbcb552dd30a2a791fedfc7204d7b322a32e",TRUE,0,0.172156253711128,TRUE,"d61460c09ff568753bc62e717f3497121669e7bcdb4faae824bcda3575648a57","b72cf59dc09d4600b62d4bb21b9a86d17a75aa6c1b05d1076bacfc12fdcc5e44",99.23,1140,"1f0ebe7383f6998116af92c3ccb0b6f66400c79cd62cc552284ecbfe1d89ea16",0.725999999999999,100.704,FALSE,FALSE,FALSE,FALSE,"closed",FALSE
"mv08o_residual_source_sentinel_v1","primary","SRA740174_SRS3548780","internal124",20260807,"sct_pearson_residual_all_qc_fit_selected384","exact500",614,384,"a09c73c7e468363bf4df09edaf70eed3bd8703f2e9a1fff2519d92655968dcc0",500,"48e881ee753893bfaecd7101fc16fbcb552dd30a2a791fedfc7204d7b322a32e",TRUE,0,0.741911804848879,TRUE,"3d4a10d63f77caffafe63594c5ceb87031a96fff9152808699814c1a3b72e949","bf52420b7e4720ae9169ed9d1e7eba4329175010766b7a4cf7609df49907d4c5",99.23,1140,"1f0ebe7383f6998116af92c3ccb0b6f66400c79cd62cc552284ecbfe1d89ea16",0.725999999999999,100.83,FALSE,FALSE,FALSE,FALSE,"closed",FALSE
"mv08o_residual_source_sentinel_v1","primary","SRA740174_SRS3548780","internal124",20260808,"sct_data_all_qc_fit_selected384","exact500",614,384,"5d950d7395e36f1a583819e242548c7771c8ba01fed6a1ec1cf4570aa668a03f",500,"48e881ee753893bfaecd7101fc16fbcb552dd30a2a791fedfc7204d7b322a32e",TRUE,0,0.177327271046466,TRUE,"addd7536d403f823280542278959068b2ab74e43f6f23c93ee46f67f98d3ad8d","5d46dce58ca7631902bdcf5245124cfdc391bc439031c8f45d1cd208c5b46382",99.23,1140,"1f0ebe7383f6998116af92c3ccb0b6f66400c79cd62cc552284ecbfe1d89ea16",0.725999999999999,100.95,FALSE,FALSE,FALSE,FALSE,"closed",FALSE
"mv08o_residual_source_sentinel_v1","primary","SRA740174_SRS3548780","internal124",20260808,"sct_pearson_residual_all_qc_fit_selected384","exact500",614,384,"5d950d7395e36f1a583819e242548c7771c8ba01fed6a1ec1cf4570aa668a03f",500,"48e881ee753893bfaecd7101fc16fbcb552dd30a2a791fedfc7204d7b322a32e",TRUE,0,0.735564494227826,TRUE,"8d4d1bb2c7c20b36075c11cd61505536b22567097fa9076428064e30f056f92c","844aaf0c7e7a9228ecf93854cbd5f8976ce44ab849bd41be45eeadcbfe8f9a80",99.23,1140,"1f0ebe7383f6998116af92c3ccb0b6f66400c79cd62cc552284ecbfe1d89ea16",0.725999999999999,101.092,FALSE,FALSE,FALSE,FALSE,"closed",FALSE
"mv08o_residual_source_sentinel_v1","primary","SRA740174_SRS3548780","internal124",20260809,"sct_data_all_qc_fit_selected384","exact500",614,384,"1ea8eab35b7922d70eae0321fb25a095a6d1d184f76b74ff93c419ea760a64bf",500,"48e881ee753893bfaecd7101fc16fbcb552dd30a2a791fedfc7204d7b322a32e",TRUE,0,0.168912536091094,TRUE,"3008d1aba7487404a85dcf4d7a37ade99c98cd753c874961c95db5dc906a5747","a94714a5c85cb8b50c7702e991a6a7d1134060021de05f4140c23af866298e47",99.23,1140,"1f0ebe7383f6998116af92c3ccb0b6f66400c79cd62cc552284ecbfe1d89ea16",0.725999999999999,101.214,FALSE,FALSE,FALSE,FALSE,"closed",FALSE
"mv08o_residual_source_sentinel_v1","primary","SRA740174_SRS3548780","internal124",20260809,"sct_pearson_residual_all_qc_fit_selected384","exact500",614,384,"1ea8eab35b7922d70eae0321fb25a095a6d1d184f76b74ff93c419ea760a64bf",500,"48e881ee753893bfaecd7101fc16fbcb552dd30a2a791fedfc7204d7b322a32e",TRUE,0,0.737199762421891,TRUE,"1ed762369513bfac35c19a38656eed8f769507e8a85b27c9b444787d8a84e56d","42549a45243f7b2251f1ba4ffcb77077ff4d45bcaa4587052b64c080c9b5f81e",99.23,1140,"1f0ebe7383f6998116af92c3ccb0b6f66400c79cd62cc552284ecbfe1d89ea16",0.725999999999999,101.339,FALSE,FALSE,FALSE,FALSE,"closed",FALSE
"mv08o_residual_source_sentinel_v1","primary","SRA850958_SRS4386110","internal124",20260805,"sct_data_all_qc_fit_selected384","exact500",617,384,"2fbc2f62638cfd7df3b84167ef15c32ba3a4c36f3329175397e7a811ccc357da",500,"48e881ee753893bfaecd7101fc16fbcb552dd30a2a791fedfc7204d7b322a32e",TRUE,0,0.0860759821829421,TRUE,"bcc69d34e46f0758a1601e12072c039a022373becd4b602260f88f264887d963","ff43e0fdb52ad3a4b3e93032f8c80b7a555a2c7e2f2f6000ad57abc876dde7a4",90.058,713,"1f0ebe7383f6998116af92c3ccb0b6f66400c79cd62cc552284ecbfe1d89ea16",0.364000000000004,91.051,FALSE,FALSE,FALSE,FALSE,"closed",FALSE
"mv08o_residual_source_sentinel_v1","primary","SRA850958_SRS4386110","internal124",20260805,"sct_pearson_residual_all_qc_fit_selected384","exact500",617,384,"2fbc2f62638cfd7df3b84167ef15c32ba3a4c36f3329175397e7a811ccc357da",500,"48e881ee753893bfaecd7101fc16fbcb552dd30a2a791fedfc7204d7b322a32e",TRUE,0,0.557037105509385,TRUE,"71a993ffc09ff1c490c2d1256cde20b5cf6bd5025a707432926ab56943793b51","4b7fb4a4b6043887dad6e6e1decd7c8163c12b2c1b3eb97f0b809f88acb3a5c3",90.058,713,"1f0ebe7383f6998116af92c3ccb0b6f66400c79cd62cc552284ecbfe1d89ea16",0.364000000000004,91.183,FALSE,FALSE,FALSE,FALSE,"closed",FALSE
"mv08o_residual_source_sentinel_v1","primary","SRA850958_SRS4386110","internal124",20260806,"sct_data_all_qc_fit_selected384","exact500",617,384,"2057fd9a7f02afa717ae155620f09b73d6e286b8e6243b8fc8c6423e7b0f8d2d",500,"48e881ee753893bfaecd7101fc16fbcb552dd30a2a791fedfc7204d7b322a32e",TRUE,0,0.0928496256266981,TRUE,"756bcbfdbb6aa8e4c5bed1648e605d59542ee89446cdbf58fe273bf22f2edc27","958c7740a5e3994bef3688b0e3316eae6cf0cab78061d3efe0737791564401e0",90.058,713,"1f0ebe7383f6998116af92c3ccb0b6f66400c79cd62cc552284ecbfe1d89ea16",0.364000000000004,91.327,FALSE,FALSE,FALSE,FALSE,"closed",FALSE
"mv08o_residual_source_sentinel_v1","primary","SRA850958_SRS4386110","internal124",20260806,"sct_pearson_residual_all_qc_fit_selected384","exact500",617,384,"2057fd9a7f02afa717ae155620f09b73d6e286b8e6243b8fc8c6423e7b0f8d2d",500,"48e881ee753893bfaecd7101fc16fbcb552dd30a2a791fedfc7204d7b322a32e",TRUE,0,0.579686946916604,TRUE,"1e18c9aeb344a5530b243c317f2322c6758179b38363779eb67c429298d7686e","d17a21d95b0fa7049732c61e51bf99ccfc09d7acc33e1092ac3d70f1362a5b68",90.058,713,"1f0ebe7383f6998116af92c3ccb0b6f66400c79cd62cc552284ecbfe1d89ea16",0.364000000000004,91.475,FALSE,FALSE,FALSE,FALSE,"closed",FALSE
"mv08o_residual_source_sentinel_v1","primary","SRA850958_SRS4386110","internal124",20260807,"sct_data_all_qc_fit_selected384","exact500",617,384,"5c545d8b0e8cfe562c2cb24433fa1b44819af3c05bb6307c412286402c1af7c8",500,"48e881ee753893bfaecd7101fc16fbcb552dd30a2a791fedfc7204d7b322a32e",TRUE,0,0.0928496256266981,TRUE,"214a751c259c9f8481996c0a0cbb90a3aa9d791b4f91473a648356d24bdc3c11","fecf3a7c0300541cd38fc088700beea14361e98ba1fc1a1b79212d78fc726005",90.058,713,"1f0ebe7383f6998116af92c3ccb0b6f66400c79cd62cc552284ecbfe1d89ea16",0.364000000000004,91.619,FALSE,FALSE,FALSE,FALSE,"closed",FALSE
"mv08o_residual_source_sentinel_v1","primary","SRA850958_SRS4386110","internal124",20260807,"sct_pearson_residual_all_qc_fit_selected384","exact500",617,384,"5c545d8b0e8cfe562c2cb24433fa1b44819af3c05bb6307c412286402c1af7c8",500,"48e881ee753893bfaecd7101fc16fbcb552dd30a2a791fedfc7204d7b322a32e",TRUE,0,0.606831785574021,TRUE,"3bc21e281c62c377e4af320d9a7057f84b45bc2c9a286bf3b09f04b7b23fa74f","5300abef902101cf9d172f35b659fe21884471c89bae56e1b82bd311f6ae586a",90.058,713,"1f0ebe7383f6998116af92c3ccb0b6f66400c79cd62cc552284ecbfe1d89ea16",0.364000000000004,91.767,FALSE,FALSE,FALSE,FALSE,"closed",FALSE
"mv08o_residual_source_sentinel_v1","primary","SRA850958_SRS4386110","internal124",20260808,"sct_data_all_qc_fit_selected384","exact500",617,384,"47067d14df3bcdb518c242fa8b4b527d2e09be284eb706ff3283671a1ecccaa5",500,"48e881ee753893bfaecd7101fc16fbcb552dd30a2a791fedfc7204d7b322a32e",TRUE,0,0.0860759821829421,TRUE,"a464e6ccca9b965374db5a7131b4813277a0710fdd9967636d3582882ee9d2c1","24fa3d47048d1cc6cdb089aba86ff9b25d42a5ab4e9de4d61b7e6783369e833b",90.058,713,"1f0ebe7383f6998116af92c3ccb0b6f66400c79cd62cc552284ecbfe1d89ea16",0.364000000000004,91.91,FALSE,FALSE,FALSE,FALSE,"closed",FALSE
"mv08o_residual_source_sentinel_v1","primary","SRA850958_SRS4386110","internal124",20260808,"sct_pearson_residual_all_qc_fit_selected384","exact500",617,384,"47067d14df3bcdb518c242fa8b4b527d2e09be284eb706ff3283671a1ecccaa5",500,"48e881ee753893bfaecd7101fc16fbcb552dd30a2a791fedfc7204d7b322a32e",TRUE,0,0.599306923497324,TRUE,"70981cebafa6f863e2cb9cfe20ba4475faab3640bf25a5465f73707f8e9f88f0","bdafb91c383df5fc9b6b27148399fe7eb8123da231110e71ff0ddd06fba5c514",90.058,713,"1f0ebe7383f6998116af92c3ccb0b6f66400c79cd62cc552284ecbfe1d89ea16",0.364000000000004,92.054,FALSE,FALSE,FALSE,FALSE,"closed",FALSE
"mv08o_residual_source_sentinel_v1","primary","SRA850958_SRS4386110","internal124",20260809,"sct_data_all_qc_fit_selected384","exact500",617,384,"faa4f07cf3420f07d6babf7656f6f461cbc0656a3534d7f474885d5e322be9bd",500,"48e881ee753893bfaecd7101fc16fbcb552dd30a2a791fedfc7204d7b322a32e",TRUE,0,0.0860759821829421,TRUE,"d7244431844beed1d5507464d711d58764580ec62f1edadee3e9e927442c8411","8b1b9842e224b317ac6761fc1a32b6da2eccccc460570aa25cbc396062efeb20",90.058,713,"1f0ebe7383f6998116af92c3ccb0b6f66400c79cd62cc552284ecbfe1d89ea16",0.364000000000004,92.209,FALSE,FALSE,FALSE,FALSE,"closed",FALSE
"mv08o_residual_source_sentinel_v1","primary","SRA850958_SRS4386110","internal124",20260809,"sct_pearson_residual_all_qc_fit_selected384","exact500",617,384,"faa4f07cf3420f07d6babf7656f6f461cbc0656a3534d7f474885d5e322be9bd",500,"48e881ee753893bfaecd7101fc16fbcb552dd30a2a791fedfc7204d7b322a32e",TRUE,0,0.560666231510617,TRUE,"e78537dd2f7d8a2ef8f2b7ce65660d59aa0cee09753bd44ec6c4e6079f30a6d2","f1ed5248e5da488e852d69f25955344c5f0c9eb0e547c8b125bc5199e1830190",90.058,713,"1f0ebe7383f6998116af92c3ccb0b6f66400c79cd62cc552284ecbfe1d89ea16",0.364000000000004,92.337,FALSE,FALSE,FALSE,FALSE,"closed",FALSE
"mv08o_residual_source_sentinel_v1","primary","SRA784242_SRS3822686","internal124",20260805,"sct_data_all_qc_fit_selected384","exact500",623,384,"f2266ef1ac3ec183b3ae96098835e4a617c9c30adfa4c2c30dde0ab7a0988a99",500,"48e881ee753893bfaecd7101fc16fbcb552dd30a2a791fedfc7204d7b322a32e",TRUE,0,0.14113851492278,TRUE,"277324f40937ab06e2145d2d8ab67373a881d34d4368d507fc61191929867b12","b20c3bba88bde0c52a8e0d33fa8081042fa48588267b696c38eb3ac1a8c9fbb5",98.897,897,"1f0ebe7383f6998116af92c3ccb0b6f66400c79cd62cc552284ecbfe1d89ea16",0.625,99.739,FALSE,FALSE,FALSE,FALSE,"closed",FALSE
"mv08o_residual_source_sentinel_v1","primary","SRA784242_SRS3822686","internal124",20260805,"sct_pearson_residual_all_qc_fit_selected384","exact500",623,384,"f2266ef1ac3ec183b3ae96098835e4a617c9c30adfa4c2c30dde0ab7a0988a99",500,"48e881ee753893bfaecd7101fc16fbcb552dd30a2a791fedfc7204d7b322a32e",TRUE,0,0.709069662959962,TRUE,"0ca02782457e2a4e0dd81191bc349c86b408c070e5a8f5bc068f6da567627d67","89a82b5229ebd15c04e4cd807cda2f84b4e817c0a016765ba1a6bb8c7fc00232",98.897,897,"1f0ebe7383f6998116af92c3ccb0b6f66400c79cd62cc552284ecbfe1d89ea16",0.625,99.884,FALSE,FALSE,FALSE,FALSE,"closed",FALSE
"mv08o_residual_source_sentinel_v1","primary","SRA784242_SRS3822686","internal124",20260806,"sct_data_all_qc_fit_selected384","exact500",623,384,"29b08b8fda74d08f79cdf1c2d46f360f588811ec2218a07f08d2323924bdd79a",500,"48e881ee753893bfaecd7101fc16fbcb552dd30a2a791fedfc7204d7b322a32e",TRUE,0,0.169729418365832,TRUE,"11b978bb510ce9877f4a4d2f650c99bbfa422081ee8077e8fcc01d47e48cc7f9","a29bc9d1da6a7e3da0d490090ce9e11c308c4c338b4f60f939e512c971758b34",98.897,897,"1f0ebe7383f6998116af92c3ccb0b6f66400c79cd62cc552284ecbfe1d89ea16",0.625,100.03,FALSE,FALSE,FALSE,FALSE,"closed",FALSE
"mv08o_residual_source_sentinel_v1","primary","SRA784242_SRS3822686","internal124",20260806,"sct_pearson_residual_all_qc_fit_selected384","exact500",623,384,"29b08b8fda74d08f79cdf1c2d46f360f588811ec2218a07f08d2323924bdd79a",500,"48e881ee753893bfaecd7101fc16fbcb552dd30a2a791fedfc7204d7b322a32e",TRUE,0,0.749390375190919,TRUE,"5f95fb25e2067a7ee04745bba7f1ce405db575bafaa68a160ebf73fca75e76b0","3ba6a96f19133a300dcd6c584d6f2b309fa9558f51567809a5d4f86e479b13a4",98.897,897,"1f0ebe7383f6998116af92c3ccb0b6f66400c79cd62cc552284ecbfe1d89ea16",0.625,100.159,FALSE,FALSE,FALSE,FALSE,"closed",FALSE
"mv08o_residual_source_sentinel_v1","primary","SRA784242_SRS3822686","internal124",20260807,"sct_data_all_qc_fit_selected384","exact500",623,384,"e51eaa329675552e0e5d34820b64a62b1b8bfec7e58eda880185796f1666614a",500,"48e881ee753893bfaecd7101fc16fbcb552dd30a2a791fedfc7204d7b322a32e",TRUE,0,0.166379517636444,TRUE,"43ade43e10a79ed440b0a4f292c2e9759b9f5cc67ec374b42ebc8aaaeb4ba65e","ece0302dc9f9da9c83ffb71f5b0a3ed09437c1123ea4099da06096d03d22e597",98.897,897,"1f0ebe7383f6998116af92c3ccb0b6f66400c79cd62cc552284ecbfe1d89ea16",0.625,100.283,FALSE,FALSE,FALSE,FALSE,"closed",FALSE
"mv08o_residual_source_sentinel_v1","primary","SRA784242_SRS3822686","internal124",20260807,"sct_pearson_residual_all_qc_fit_selected384","exact500",623,384,"e51eaa329675552e0e5d34820b64a62b1b8bfec7e58eda880185796f1666614a",500,"48e881ee753893bfaecd7101fc16fbcb552dd30a2a791fedfc7204d7b322a32e",TRUE,0,0.742980602707591,TRUE,"ba4ab2c2b84bade11e80d0b10230a44f451369e7102516a288178fdc4915bf7a","4f8dd13cd2a547b99f8f66df5e2dd662208248a721654995dc7a6dc686c2b279",98.897,897,"1f0ebe7383f6998116af92c3ccb0b6f66400c79cd62cc552284ecbfe1d89ea16",0.625,100.777,FALSE,FALSE,FALSE,FALSE,"closed",FALSE
"mv08o_residual_source_sentinel_v1","primary","SRA784242_SRS3822686","internal124",20260808,"sct_data_all_qc_fit_selected384","exact500",623,384,"35a2f26d9cf9e8b7922138854476a5016e3d52c2884ec5bcce3d6feca9ee17da",500,"48e881ee753893bfaecd7101fc16fbcb552dd30a2a791fedfc7204d7b322a32e",TRUE,0,0.170977804373482,TRUE,"b8b7414e324799591cf29ab98a8d206433345d68323e26eefb25924fbcaf6ae1","1ffbd375562eba0d90137b3577eaddf840d82afa13a12c9417d93069c179320f",98.897,897,"1f0ebe7383f6998116af92c3ccb0b6f66400c79cd62cc552284ecbfe1d89ea16",0.625,100.901,FALSE,FALSE,FALSE,FALSE,"closed",FALSE
"mv08o_residual_source_sentinel_v1","primary","SRA784242_SRS3822686","internal124",20260808,"sct_pearson_residual_all_qc_fit_selected384","exact500",623,384,"35a2f26d9cf9e8b7922138854476a5016e3d52c2884ec5bcce3d6feca9ee17da",500,"48e881ee753893bfaecd7101fc16fbcb552dd30a2a791fedfc7204d7b322a32e",TRUE,0,0.740840909481575,TRUE,"6184c202d05c48113215f05236f19d6ca9212fe1281f2c681a49b0681555a912","768a383efde7faea3ad7ac09d73ab4c6944b42d8224444770c4a7c110cf042da",98.897,897,"1f0ebe7383f6998116af92c3ccb0b6f66400c79cd62cc552284ecbfe1d89ea16",0.625,101.033,FALSE,FALSE,FALSE,FALSE,"closed",FALSE
"mv08o_residual_source_sentinel_v1","primary","SRA784242_SRS3822686","internal124",20260809,"sct_data_all_qc_fit_selected384","exact500",623,384,"b8982cb6642e82161c5df86d06e527ca3b43ccd2dc7cd9c626286f19646ce296",500,"48e881ee753893bfaecd7101fc16fbcb552dd30a2a791fedfc7204d7b322a32e",TRUE,0,0.177672352350134,TRUE,"1f1876b82eb45b0061c6816f39b10b1a026ba8c13816902ed0e3c35b3b21093e","f2e8fd523f92a66648a23bb25b4b0467928ce7e7ea94817efb3f4c16ef494808",98.897,897,"1f0ebe7383f6998116af92c3ccb0b6f66400c79cd62cc552284ecbfe1d89ea16",0.625,101.156,FALSE,FALSE,FALSE,FALSE,"closed",FALSE
"mv08o_residual_source_sentinel_v1","primary","SRA784242_SRS3822686","internal124",20260809,"sct_pearson_residual_all_qc_fit_selected384","exact500",623,384,"b8982cb6642e82161c5df86d06e527ca3b43ccd2dc7cd9c626286f19646ce296",500,"48e881ee753893bfaecd7101fc16fbcb552dd30a2a791fedfc7204d7b322a32e",TRUE,0,0.74025058233735,TRUE,"4f8985ac71ec8a8392ad7dbd73dd2c5053234db53cfd16676c419dc50817d029","189951deb1e319f38a4caa97fbf9dfb652b4756ffb6e8313602a5550840b21f6",98.897,897,"1f0ebe7383f6998116af92c3ccb0b6f66400c79cd62cc552284ecbfe1d89ea16",0.625,101.284,FALSE,FALSE,FALSE,FALSE,"closed",FALSE
"mv08o_residual_source_sentinel_v1","primary","SRA740174_SRS3548782","internal124",20260805,"sct_data_all_qc_fit_selected384","exact500",646,384,"0d089f09b447decae9f19728c91dd6557b30bedb8962e650a4c9343dde489a66",500,"48e881ee753893bfaecd7101fc16fbcb552dd30a2a791fedfc7204d7b322a32e",TRUE,0,0.170732985172033,TRUE,"a3d68726e72a7daaf64dde4348850404762ef1cdbb8980380b7e3c886fd1e39b","bf6c13c6286d7421993703304bed5d5a084d1f12dc938e969dfa769b27a9a6be",110.602,1520,"1f0ebe7383f6998116af92c3ccb0b6f66400c79cd62cc552284ecbfe1d89ea16",0.372,111.604,FALSE,FALSE,FALSE,FALSE,"closed",FALSE
"mv08o_residual_source_sentinel_v1","primary","SRA740174_SRS3548782","internal124",20260805,"sct_pearson_residual_all_qc_fit_selected384","exact500",646,384,"0d089f09b447decae9f19728c91dd6557b30bedb8962e650a4c9343dde489a66",500,"48e881ee753893bfaecd7101fc16fbcb552dd30a2a791fedfc7204d7b322a32e",TRUE,0,0.751841133843356,TRUE,"d3bf9edde355aa27f5cb967f21b957041026127d95fc3541b6f5a70be2cae93c","03f6f27dd20d6c4a74a25956b5ecd14b9a9507d0755f77f75338185308cc43e1",110.602,1520,"1f0ebe7383f6998116af92c3ccb0b6f66400c79cd62cc552284ecbfe1d89ea16",0.372,111.733,FALSE,FALSE,FALSE,FALSE,"closed",FALSE
"mv08o_residual_source_sentinel_v1","primary","SRA740174_SRS3548782","internal124",20260806,"sct_data_all_qc_fit_selected384","exact500",646,384,"83d1f75f13ab3dd9292d4caf2d8f1f22d096e83caafbd2d95e65d203da6e863a",500,"48e881ee753893bfaecd7101fc16fbcb552dd30a2a791fedfc7204d7b322a32e",TRUE,0,0.166818328311539,TRUE,"4793ba423bda6f0547cdecd1b577143dcfae776b4672a74f562c4e428db9a5d0","aa98e572cb9196cf09d4abe526bcfb203221e4d987c91bfdeadc60549be6553c",110.602,1520,"1f0ebe7383f6998116af92c3ccb0b6f66400c79cd62cc552284ecbfe1d89ea16",0.372,111.856,FALSE,FALSE,FALSE,FALSE,"closed",FALSE
"mv08o_residual_source_sentinel_v1","primary","SRA740174_SRS3548782","internal124",20260806,"sct_pearson_residual_all_qc_fit_selected384","exact500",646,384,"83d1f75f13ab3dd9292d4caf2d8f1f22d096e83caafbd2d95e65d203da6e863a",500,"48e881ee753893bfaecd7101fc16fbcb552dd30a2a791fedfc7204d7b322a32e",TRUE,0,0.750214892399933,TRUE,"9fab76ebcf7d9f5ff46cee430e32701c34277dcac7f1487ae652c7ff3df6b1f8","34c0ee92daa56373d30e10f05277ed1e6a5391f32b9fd0e0db38d9ea96ff4e8b",110.602,1520,"1f0ebe7383f6998116af92c3ccb0b6f66400c79cd62cc552284ecbfe1d89ea16",0.372,112.007,FALSE,FALSE,FALSE,FALSE,"closed",FALSE
"mv08o_residual_source_sentinel_v1","primary","SRA740174_SRS3548782","internal124",20260807,"sct_data_all_qc_fit_selected384","exact500",646,384,"757586dfae13bb17a702e98fe206101b17636e8ea3af7e6d0602a98bb2683aef",500,"48e881ee753893bfaecd7101fc16fbcb552dd30a2a791fedfc7204d7b322a32e",TRUE,0,0.17914891808406,TRUE,"43e4d682ea752ebe318c0d4bb264be87f0dbe1ac6e81a0bc27411c4527672840","ad41abe4cd06402021bd66c4403b999e139b3a0ab8bc4a3579f42e1bf064f0ee",110.602,1520,"1f0ebe7383f6998116af92c3ccb0b6f66400c79cd62cc552284ecbfe1d89ea16",0.372,112.149,FALSE,FALSE,FALSE,FALSE,"closed",FALSE
"mv08o_residual_source_sentinel_v1","primary","SRA740174_SRS3548782","internal124",20260807,"sct_pearson_residual_all_qc_fit_selected384","exact500",646,384,"757586dfae13bb17a702e98fe206101b17636e8ea3af7e6d0602a98bb2683aef",500,"48e881ee753893bfaecd7101fc16fbcb552dd30a2a791fedfc7204d7b322a32e",TRUE,0,0.74866055108138,TRUE,"eec1460e6660cc8846321251296915e02065aa9d2dc8f4b1ccfc980b2eea3f5f","418558ff52bcb231d67b218206d76d3920d19e5e0843f65a933ef83a6e0911eb",110.602,1520,"1f0ebe7383f6998116af92c3ccb0b6f66400c79cd62cc552284ecbfe1d89ea16",0.372,112.298,FALSE,FALSE,FALSE,FALSE,"closed",FALSE
"mv08o_residual_source_sentinel_v1","primary","SRA740174_SRS3548782","internal124",20260808,"sct_data_all_qc_fit_selected384","exact500",646,384,"e70cbcc65694cbfc5ca89a5b1fb98d540ca5400e2ce3567ec313326e0685f7a2",500,"48e881ee753893bfaecd7101fc16fbcb552dd30a2a791fedfc7204d7b322a32e",TRUE,0,0.162170226724057,TRUE,"dcd326f97a39618daacd4200ce8e7796f5bf206c8e30ad8ddbbca939cc2357f2","f40ec07da55b3c5585f7c4a64f9a9a3848829a69f6fc42d6da7368ec43bc526a",110.602,1520,"1f0ebe7383f6998116af92c3ccb0b6f66400c79cd62cc552284ecbfe1d89ea16",0.372,112.441,FALSE,FALSE,FALSE,FALSE,"closed",FALSE
"mv08o_residual_source_sentinel_v1","primary","SRA740174_SRS3548782","internal124",20260808,"sct_pearson_residual_all_qc_fit_selected384","exact500",646,384,"e70cbcc65694cbfc5ca89a5b1fb98d540ca5400e2ce3567ec313326e0685f7a2",500,"48e881ee753893bfaecd7101fc16fbcb552dd30a2a791fedfc7204d7b322a32e",TRUE,0,0.741942696790952,TRUE,"883253e897bcaba8576e5e5ece0077874e7e62608b888b822a974e792feaee3f","7e76c2cebf669d5f232f49f3c3d772023614fb88eea3ec1deb0d7a7c5b5b1a65",110.602,1520,"1f0ebe7383f6998116af92c3ccb0b6f66400c79cd62cc552284ecbfe1d89ea16",0.372,112.588,FALSE,FALSE,FALSE,FALSE,"closed",FALSE
"mv08o_residual_source_sentinel_v1","primary","SRA740174_SRS3548782","internal124",20260809,"sct_data_all_qc_fit_selected384","exact500",646,384,"29044bc1cb49bba0fa51518e492e83de7eebf7103d4c91ce6838b98c7a5cb16c",500,"48e881ee753893bfaecd7101fc16fbcb552dd30a2a791fedfc7204d7b322a32e",TRUE,0,0.168685497522153,TRUE,"9d69787936aabe4c70686737fe1866fb8598a50c227e73dd51bb6a436e898ccd","24eab8f8d3d94aa39076b0e30b5e2feb9dc00215055253c929f303429f5c5ce8",110.602,1520,"1f0ebe7383f6998116af92c3ccb0b6f66400c79cd62cc552284ecbfe1d89ea16",0.372,112.73,FALSE,FALSE,FALSE,FALSE,"closed",FALSE
"mv08o_residual_source_sentinel_v1","primary","SRA740174_SRS3548782","internal124",20260809,"sct_pearson_residual_all_qc_fit_selected384","exact500",646,384,"29044bc1cb49bba0fa51518e492e83de7eebf7103d4c91ce6838b98c7a5cb16c",500,"48e881ee753893bfaecd7101fc16fbcb552dd30a2a791fedfc7204d7b322a32e",TRUE,0,0.763658693080692,TRUE,"c3a3e2bda7eddf08e8bdc977cfb4738f325f162dc14589f5ecc8f616caff6da4","5a8ed953e0e75583878e10cd4636de4411af45b08002356214b2caad8bfb102a",110.602,1520,"1f0ebe7383f6998116af92c3ccb0b6f66400c79cd62cc552284ecbfe1d89ea16",0.372,112.908,FALSE,FALSE,FALSE,FALSE,"closed",FALSE
"mv08o_residual_source_sentinel_v1","primary","SRA784242_SRS3822683","internal124",20260805,"sct_data_all_qc_fit_selected384","exact500",647,384,"48d9ffdad887acc873c2f175d55e37baf652be8517dc6ee28933406bc320659f",500,"48e881ee753893bfaecd7101fc16fbcb552dd30a2a791fedfc7204d7b322a32e",TRUE,0,0.153802911897819,TRUE,"b2d10eb3ccecf70ff274c601e785c0011881843e4b7d87c7ad39b5f9654cd94c","fab451edbef91b30795cbc1e55762787c13d434aaa2c6e635455b486180f9705",104.148,750,"1f0ebe7383f6998116af92c3ccb0b6f66400c79cd62cc552284ecbfe1d89ea16",0.724000000000004,105.087,FALSE,FALSE,FALSE,FALSE,"closed",FALSE
"mv08o_residual_source_sentinel_v1","primary","SRA784242_SRS3822683","internal124",20260805,"sct_pearson_residual_all_qc_fit_selected384","exact500",647,384,"48d9ffdad887acc873c2f175d55e37baf652be8517dc6ee28933406bc320659f",500,"48e881ee753893bfaecd7101fc16fbcb552dd30a2a791fedfc7204d7b322a32e",TRUE,0,0.713035207276846,TRUE,"b602cdb0ba57458fbb86167f4722d73354027c9f45ecd0ab0edf9cf79d4d4475","d97ef59b5a08e8334cb2b5dba93699c0ae51607cec3fbee5aeeee634959814d7",104.148,750,"1f0ebe7383f6998116af92c3ccb0b6f66400c79cd62cc552284ecbfe1d89ea16",0.724000000000004,105.237,FALSE,FALSE,FALSE,FALSE,"closed",FALSE
"mv08o_residual_source_sentinel_v1","primary","SRA784242_SRS3822683","internal124",20260806,"sct_data_all_qc_fit_selected384","exact500",647,384,"bccd91a3f80074c683a43dfc475c706d589f032bdd4996b3bde997bc627e4939",500,"48e881ee753893bfaecd7101fc16fbcb552dd30a2a791fedfc7204d7b322a32e",TRUE,0,0.186646726756723,TRUE,"2b4559413211a426ddfe218f21cf8f8fea13dd41c32b8638e53267bd02421ca6","7d3638af8ee3f80c37459c4440deeccb925ed0cd757f1cc10750bc88566e3e86",104.148,750,"1f0ebe7383f6998116af92c3ccb0b6f66400c79cd62cc552284ecbfe1d89ea16",0.724000000000004,105.381,FALSE,FALSE,FALSE,FALSE,"closed",FALSE
"mv08o_residual_source_sentinel_v1","primary","SRA784242_SRS3822683","internal124",20260806,"sct_pearson_residual_all_qc_fit_selected384","exact500",647,384,"bccd91a3f80074c683a43dfc475c706d589f032bdd4996b3bde997bc627e4939",500,"48e881ee753893bfaecd7101fc16fbcb552dd30a2a791fedfc7204d7b322a32e",TRUE,0,0.705649936602497,TRUE,"b99cc2447a06bef790599d47b39fb0ad83e6e29e91abffa4b7f9af32fa324e5d","6c1c9945ed79a68d1ce2fade5386e7e81be0063ed52527cf21ee26856e922900",104.148,750,"1f0ebe7383f6998116af92c3ccb0b6f66400c79cd62cc552284ecbfe1d89ea16",0.724000000000004,105.528,FALSE,FALSE,FALSE,FALSE,"closed",FALSE
"mv08o_residual_source_sentinel_v1","primary","SRA784242_SRS3822683","internal124",20260807,"sct_data_all_qc_fit_selected384","exact500",647,384,"c05a8c6e574e578595950f65341964edf1efb185173053885df8e5157af4f535",500,"48e881ee753893bfaecd7101fc16fbcb552dd30a2a791fedfc7204d7b322a32e",TRUE,0,0.184265715964361,TRUE,"6c6d17023f94e18e1248c7ef855b5f65f5717749d50af16aba0ced05999d7952","93716c8bc82acbffd0ec3895beee35ac0c7021bd075d50de19a6e3e653dfa6ef",104.148,750,"1f0ebe7383f6998116af92c3ccb0b6f66400c79cd62cc552284ecbfe1d89ea16",0.724000000000004,105.673,FALSE,FALSE,FALSE,FALSE,"closed",FALSE
"mv08o_residual_source_sentinel_v1","primary","SRA784242_SRS3822683","internal124",20260807,"sct_pearson_residual_all_qc_fit_selected384","exact500",647,384,"c05a8c6e574e578595950f65341964edf1efb185173053885df8e5157af4f535",500,"48e881ee753893bfaecd7101fc16fbcb552dd30a2a791fedfc7204d7b322a32e",TRUE,0,0.742391760583868,TRUE,"8687b30dc19fc534c5ac4fc4a4e1f90f9ba9b1b1959603f5453c2a6fa5a2a010","9ca9bd2a9ff6127e467cff2c16ad62cb02140ca183ba9ffdce11eedfd1255145",104.148,750,"1f0ebe7383f6998116af92c3ccb0b6f66400c79cd62cc552284ecbfe1d89ea16",0.724000000000004,105.803,FALSE,FALSE,FALSE,FALSE,"closed",FALSE
"mv08o_residual_source_sentinel_v1","primary","SRA784242_SRS3822683","internal124",20260808,"sct_data_all_qc_fit_selected384","exact500",647,384,"631f3de4ab802d212abbaeac53e28944ded9c565f9d08528ee74ee0d5a91b3eb",500,"48e881ee753893bfaecd7101fc16fbcb552dd30a2a791fedfc7204d7b322a32e",TRUE,0,0.170977804373482,TRUE,"c1f5f467a90e733ad7d3560fc882f271a82a91930c19bcc1f78c2ceb8e3b33b0","a97e19112559057268682b0ab98fb60745564c962bc81eae6f5c992fcfcd67a7",104.148,750,"1f0ebe7383f6998116af92c3ccb0b6f66400c79cd62cc552284ecbfe1d89ea16",0.724000000000004,105.926,FALSE,FALSE,FALSE,FALSE,"closed",FALSE
"mv08o_residual_source_sentinel_v1","primary","SRA784242_SRS3822683","internal124",20260808,"sct_pearson_residual_all_qc_fit_selected384","exact500",647,384,"631f3de4ab802d212abbaeac53e28944ded9c565f9d08528ee74ee0d5a91b3eb",500,"48e881ee753893bfaecd7101fc16fbcb552dd30a2a791fedfc7204d7b322a32e",TRUE,0,0.71999718433916,TRUE,"6f21ff1986104bd33678cbe5a3dc7632317c898115a3b478906d0b669a84ae3d","f323510a85bf64a8c2247863a077b08aef6c9d13ab73b4d703258035f45f79f2",104.148,750,"1f0ebe7383f6998116af92c3ccb0b6f66400c79cd62cc552284ecbfe1d89ea16",0.724000000000004,106.052,FALSE,FALSE,FALSE,FALSE,"closed",FALSE
"mv08o_residual_source_sentinel_v1","primary","SRA784242_SRS3822683","internal124",20260809,"sct_data_all_qc_fit_selected384","exact500",647,384,"30cc91f85cf53af56917f0e59882159ff36cd62692c9a6e2e9089ff5f9182958",500,"48e881ee753893bfaecd7101fc16fbcb552dd30a2a791fedfc7204d7b322a32e",TRUE,0,0.164277779195722,TRUE,"4760560819262da87631bf9eea0fb0c3b7a12754fdd8c977041c14c747754b2e","5001e40398ea2289e4b8286bb381e32240537191697e426b1e9701a20ed269a9",104.148,750,"1f0ebe7383f6998116af92c3ccb0b6f66400c79cd62cc552284ecbfe1d89ea16",0.724000000000004,106.177,FALSE,FALSE,FALSE,FALSE,"closed",FALSE
"mv08o_residual_source_sentinel_v1","primary","SRA784242_SRS3822683","internal124",20260809,"sct_pearson_residual_all_qc_fit_selected384","exact500",647,384,"30cc91f85cf53af56917f0e59882159ff36cd62692c9a6e2e9089ff5f9182958",500,"48e881ee753893bfaecd7101fc16fbcb552dd30a2a791fedfc7204d7b322a32e",TRUE,0,0.740410931261529,TRUE,"d0399573bac86d18a01a8b53b05cdb2adc2a3db61d8eafc0abb150623188b111","2a8315f76d0b30dce0dc39f29c82654232685571f20e82954bf268ad85560024",104.148,750,"1f0ebe7383f6998116af92c3ccb0b6f66400c79cd62cc552284ecbfe1d89ea16",0.724000000000004,106.704,FALSE,FALSE,FALSE,FALSE,"closed",FALSE
"mv08o_residual_source_sentinel_v1","primary","SRA850958_SRS4386112","internal124",20260805,"sct_data_all_qc_fit_selected384","exact500",713,384,"61b58ac96679049f6982beed789903ec79b001952b07bb52134152fc49ef20af",500,"48e881ee753893bfaecd7101fc16fbcb552dd30a2a791fedfc7204d7b322a32e",TRUE,0,0.0860759821829421,TRUE,"73627ae42079c34f50a741f27a30fa1017aac25a5e2f8017653133c210b8115e","01f06e6d70431508833ec8efef482c84a42cae6866fce45ca6f31da4ec68a38f",91.993,453,"1f0ebe7383f6998116af92c3ccb0b6f66400c79cd62cc552284ecbfe1d89ea16",0.845999999999989,93.073,FALSE,FALSE,FALSE,FALSE,"closed",FALSE
"mv08o_residual_source_sentinel_v1","primary","SRA850958_SRS4386112","internal124",20260805,"sct_pearson_residual_all_qc_fit_selected384","exact500",713,384,"61b58ac96679049f6982beed789903ec79b001952b07bb52134152fc49ef20af",500,"48e881ee753893bfaecd7101fc16fbcb552dd30a2a791fedfc7204d7b322a32e",TRUE,0,0.62110400186588,TRUE,"5030142dd3ee1e410129a5394aea180443f34f63e21bd7bc14ebb0615ea3e1ee","86faa5816d6687a4d3bb097b845911a1156527177eb362fac4d9ec149a6e08d3",91.993,453,"1f0ebe7383f6998116af92c3ccb0b6f66400c79cd62cc552284ecbfe1d89ea16",0.845999999999989,93.224,FALSE,FALSE,FALSE,FALSE,"closed",FALSE
"mv08o_residual_source_sentinel_v1","primary","SRA850958_SRS4386112","internal124",20260806,"sct_data_all_qc_fit_selected384","exact500",713,384,"48a739f72ac47865550b69c75e5a43523e925a3709282cd9b01aaa6a42b1c190",500,"48e881ee753893bfaecd7101fc16fbcb552dd30a2a791fedfc7204d7b322a32e",TRUE,0,0.0860759821829421,TRUE,"d54297bf0cf22edebbe57e09fc38883099d59e7fccac554ce8fe766e6cfa0bde","15da2a49a8ab6a55bfedc60762084fdd869f037de447f660b0805d2b4b5c9606",91.993,453,"1f0ebe7383f6998116af92c3ccb0b6f66400c79cd62cc552284ecbfe1d89ea16",0.845999999999989,93.361,FALSE,FALSE,FALSE,FALSE,"closed",FALSE
"mv08o_residual_source_sentinel_v1","primary","SRA850958_SRS4386112","internal124",20260806,"sct_pearson_residual_all_qc_fit_selected384","exact500",713,384,"48a739f72ac47865550b69c75e5a43523e925a3709282cd9b01aaa6a42b1c190",500,"48e881ee753893bfaecd7101fc16fbcb552dd30a2a791fedfc7204d7b322a32e",TRUE,0,0.621403010291313,TRUE,"f69755fd237a005877617d32e5c5958b906c968560cb6b4a742b0090d954c78b","d47e73f125b179dea0a97e145d67c156078dc347c43e12700b261a3cc96d8c3f",91.993,453,"1f0ebe7383f6998116af92c3ccb0b6f66400c79cd62cc552284ecbfe1d89ea16",0.845999999999989,93.49,FALSE,FALSE,FALSE,FALSE,"closed",FALSE
"mv08o_residual_source_sentinel_v1","primary","SRA850958_SRS4386112","internal124",20260807,"sct_data_all_qc_fit_selected384","exact500",713,384,"16f7da0da5e59ac0aaebfb645e9042cfa342426f8a6241c2897b0da0bb0101ad",500,"48e881ee753893bfaecd7101fc16fbcb552dd30a2a791fedfc7204d7b322a32e",TRUE,0,0.0786801300387679,TRUE,"3b1fcb8e2c126118a48d95fbc7f5ed55971fafebdbefd44f01a8f59f858838a3","dd5b57924e3f70786e2b1bb699cb7d1a1cee35d4d5c75f8dae26130b7ebe8e36",91.993,453,"1f0ebe7383f6998116af92c3ccb0b6f66400c79cd62cc552284ecbfe1d89ea16",0.845999999999989,93.631,FALSE,FALSE,FALSE,FALSE,"closed",FALSE
"mv08o_residual_source_sentinel_v1","primary","SRA850958_SRS4386112","internal124",20260807,"sct_pearson_residual_all_qc_fit_selected384","exact500",713,384,"16f7da0da5e59ac0aaebfb645e9042cfa342426f8a6241c2897b0da0bb0101ad",500,"48e881ee753893bfaecd7101fc16fbcb552dd30a2a791fedfc7204d7b322a32e",TRUE,0,0.551432330556181,TRUE,"207472ea072d95a221b3936f7ad3e2f9244799360ac71d8919a8a18d38aabff5","608b3527e489f60985f4bdb762ccce5daa53dd20b3af2a9814cf37db656a156d",91.993,453,"1f0ebe7383f6998116af92c3ccb0b6f66400c79cd62cc552284ecbfe1d89ea16",0.845999999999989,93.759,FALSE,FALSE,FALSE,FALSE,"closed",FALSE
"mv08o_residual_source_sentinel_v1","primary","SRA850958_SRS4386112","internal124",20260808,"sct_data_all_qc_fit_selected384","exact500",713,384,"5e8ac82fabd20859524ecb08c5751122f51264450d54d94777eee5911700f929",500,"48e881ee753893bfaecd7101fc16fbcb552dd30a2a791fedfc7204d7b322a32e",TRUE,0,0.0928496256266981,TRUE,"dc7effc843fd7e009117280c72a36c3efa58bc2f350b59826cd39cace6a8d23c","0045ee8a358b28b9972257f0511b727d1e79a6269ff803864de1e0e2c095436d",91.993,453,"1f0ebe7383f6998116af92c3ccb0b6f66400c79cd62cc552284ecbfe1d89ea16",0.845999999999989,93.881,FALSE,FALSE,FALSE,FALSE,"closed",FALSE
"mv08o_residual_source_sentinel_v1","primary","SRA850958_SRS4386112","internal124",20260808,"sct_pearson_residual_all_qc_fit_selected384","exact500",713,384,"5e8ac82fabd20859524ecb08c5751122f51264450d54d94777eee5911700f929",500,"48e881ee753893bfaecd7101fc16fbcb552dd30a2a791fedfc7204d7b322a32e",TRUE,0,0.667847326781633,TRUE,"2f70be4fbf1b9dd923c9c79bc0cca1b69dbdd6b53765da31e770b5e31a45f2e0","20a1921ecfe6aff7fe891663a48345668d8041136094eb34ca3dfcb0e9a6df1a",91.993,453,"1f0ebe7383f6998116af92c3ccb0b6f66400c79cd62cc552284ecbfe1d89ea16",0.845999999999989,94.408,FALSE,FALSE,FALSE,FALSE,"closed",FALSE
"mv08o_residual_source_sentinel_v1","primary","SRA850958_SRS4386112","internal124",20260809,"sct_data_all_qc_fit_selected384","exact500",713,384,"1c7c3490694c70aa155fb8fef9164fee6422609e4cf922d2c6a544f503b576f6",500,"48e881ee753893bfaecd7101fc16fbcb552dd30a2a791fedfc7204d7b322a32e",TRUE,0,0.0860759821829421,TRUE,"f35206657f605edbe7a1debc848359e1afd2598bb7b08601b528ead1d0ac83da","1fe8aeba19812e329a21acee03386af1658b17a2793f41c417d1a8eba391a46c",91.993,453,"1f0ebe7383f6998116af92c3ccb0b6f66400c79cd62cc552284ecbfe1d89ea16",0.845999999999989,94.528,FALSE,FALSE,FALSE,FALSE,"closed",FALSE
"mv08o_residual_source_sentinel_v1","primary","SRA850958_SRS4386112","internal124",20260809,"sct_pearson_residual_all_qc_fit_selected384","exact500",713,384,"1c7c3490694c70aa155fb8fef9164fee6422609e4cf922d2c6a544f503b576f6",500,"48e881ee753893bfaecd7101fc16fbcb552dd30a2a791fedfc7204d7b322a32e",TRUE,0,0.667449432956935,TRUE,"f69016936503c7ea749d183c185618e666a9bd3c8d800af673222ce98291689a","b54ba65db0c4621023cf48337b8b1c1ab04ce0f00f2018740c3619fef753b139",91.993,453,"1f0ebe7383f6998116af92c3ccb0b6f66400c79cd62cc552284ecbfe1d89ea16",0.845999999999989,94.661,FALSE,FALSE,FALSE,FALSE,"closed",FALSE
"mv08o_residual_source_sentinel_v1","primary","SRA850958_SRS4386111","internal124",20260805,"sct_data_all_qc_fit_selected384","exact500",778,384,"24ceb6ef77d53279908d2a728949ba7ad99738f70440fd21fa529197b48bbb9f",500,"48e881ee753893bfaecd7101fc16fbcb552dd30a2a791fedfc7204d7b322a32e",TRUE,0,0.0704664277617063,TRUE,"4ac11badec26faa111c3e370740aaceef5123a66809629b14250ab819f83c09d","4e9c7dfe5c17f41bb024d14a37a1d419b4499d80ca0f2eff7b2946c4edd55140",96.549,416,"1f0ebe7383f6998116af92c3ccb0b6f66400c79cd62cc552284ecbfe1d89ea16",0.870999999999995,97.635,FALSE,FALSE,FALSE,FALSE,"closed",FALSE
"mv08o_residual_source_sentinel_v1","primary","SRA850958_SRS4386111","internal124",20260805,"sct_pearson_residual_all_qc_fit_selected384","exact500",778,384,"24ceb6ef77d53279908d2a728949ba7ad99738f70440fd21fa529197b48bbb9f",500,"48e881ee753893bfaecd7101fc16fbcb552dd30a2a791fedfc7204d7b322a32e",TRUE,0,0.565632870398794,TRUE,"44c0df98fcda53937d19521f2cf6362689c9543c4457617c83e12c08da12686a","4dcbd46bcaff3d228ea92ddbb842b7aaaa206ad19b5ff58006b66b9136befc8f",96.549,416,"1f0ebe7383f6998116af92c3ccb0b6f66400c79cd62cc552284ecbfe1d89ea16",0.870999999999995,97.78,FALSE,FALSE,FALSE,FALSE,"closed",FALSE
"mv08o_residual_source_sentinel_v1","primary","SRA850958_SRS4386111","internal124",20260806,"sct_data_all_qc_fit_selected384","exact500",778,384,"9defe495b244e4780f2db1d8d92075ed5c61fb5b00770b175684d762400d3384",500,"48e881ee753893bfaecd7101fc16fbcb552dd30a2a791fedfc7204d7b322a32e",TRUE,0,0.0704664277617063,TRUE,"7cbf626becabc6f4b2fad034324209f9367bbef84a4e606b35029407e249cc3e","9483a4dac954846c20b9c36f4f70a401d5b72a919e765bab18b4cab248156c87",96.549,416,"1f0ebe7383f6998116af92c3ccb0b6f66400c79cd62cc552284ecbfe1d89ea16",0.870999999999995,97.924,FALSE,FALSE,FALSE,FALSE,"closed",FALSE
"mv08o_residual_source_sentinel_v1","primary","SRA850958_SRS4386111","internal124",20260806,"sct_pearson_residual_all_qc_fit_selected384","exact500",778,384,"9defe495b244e4780f2db1d8d92075ed5c61fb5b00770b175684d762400d3384",500,"48e881ee753893bfaecd7101fc16fbcb552dd30a2a791fedfc7204d7b322a32e",TRUE,0,0.539022245467397,TRUE,"65548d679794cbf6accf48ea91b16b13ba0deb7b9aa0cee4816dcda2f8edaf0a","0089ca271f611277c8898c80d076b70cab7c4cd722966335b637839bcdf36c17",96.549,416,"1f0ebe7383f6998116af92c3ccb0b6f66400c79cd62cc552284ecbfe1d89ea16",0.870999999999995,98.076,FALSE,FALSE,FALSE,FALSE,"closed",FALSE
"mv08o_residual_source_sentinel_v1","primary","SRA850958_SRS4386111","internal124",20260807,"sct_data_all_qc_fit_selected384","exact500",778,384,"25730957b113f1dddc68382c30c1cd75c66d79ce6f15f0f4cb7d405683bdf8ab",500,"48e881ee753893bfaecd7101fc16fbcb552dd30a2a791fedfc7204d7b322a32e",TRUE,0,0.0860759821829421,TRUE,"b942fa0e26a880a7615a01424f10fbc2d64d6699c1464a5fa74cef66f0ce3b42","17259b7db42e80cf6aee96cca1f58b600152579ef6027f9258e35c9ce9fd6d48",96.549,416,"1f0ebe7383f6998116af92c3ccb0b6f66400c79cd62cc552284ecbfe1d89ea16",0.870999999999995,98.219,FALSE,FALSE,FALSE,FALSE,"closed",FALSE
"mv08o_residual_source_sentinel_v1","primary","SRA850958_SRS4386111","internal124",20260807,"sct_pearson_residual_all_qc_fit_selected384","exact500",778,384,"25730957b113f1dddc68382c30c1cd75c66d79ce6f15f0f4cb7d405683bdf8ab",500,"48e881ee753893bfaecd7101fc16fbcb552dd30a2a791fedfc7204d7b322a32e",TRUE,0,0.640005770166773,TRUE,"4bedc0aeff4803d8042acf57ae9cda301c06abca1e2293fc51c4bc8b1ff46faa","78c50df48a7eb1b200c2c75e6f472bd1430ec811fc5815b6ae1ae798f755900f",96.549,416,"1f0ebe7383f6998116af92c3ccb0b6f66400c79cd62cc552284ecbfe1d89ea16",0.870999999999995,98.368,FALSE,FALSE,FALSE,FALSE,"closed",FALSE
"mv08o_residual_source_sentinel_v1","primary","SRA850958_SRS4386111","internal124",20260808,"sct_data_all_qc_fit_selected384","exact500",778,384,"980ab71d556be21a738d0010266f0669796224b6af95a7c1b574074ba3dcc641",500,"48e881ee753893bfaecd7101fc16fbcb552dd30a2a791fedfc7204d7b322a32e",TRUE,0,0.0928496256266981,TRUE,"bce0eaff1735afe0e17274f2c5989fe34d55b920baaffe35282a982bd17faaed","ec06a8597c7614e57204082a08e9ae0a43d0bbf57454bb4d5920c7385bdb83a1",96.549,416,"1f0ebe7383f6998116af92c3ccb0b6f66400c79cd62cc552284ecbfe1d89ea16",0.870999999999995,98.503,FALSE,FALSE,FALSE,FALSE,"closed",FALSE
"mv08o_residual_source_sentinel_v1","primary","SRA850958_SRS4386111","internal124",20260808,"sct_pearson_residual_all_qc_fit_selected384","exact500",778,384,"980ab71d556be21a738d0010266f0669796224b6af95a7c1b574074ba3dcc641",500,"48e881ee753893bfaecd7101fc16fbcb552dd30a2a791fedfc7204d7b322a32e",TRUE,0,0.60643816056837,TRUE,"2323e50a7ec72b54b82b6e53491ea2519ba11528dc6530f50169f5eab010f0e6","171eee9f6cc11f8a57905073b1573141d798fa1d42eeda2562dd6d2cec7c7250",96.549,416,"1f0ebe7383f6998116af92c3ccb0b6f66400c79cd62cc552284ecbfe1d89ea16",0.870999999999995,98.648,FALSE,FALSE,FALSE,FALSE,"closed",FALSE
"mv08o_residual_source_sentinel_v1","primary","SRA850958_SRS4386111","internal124",20260809,"sct_data_all_qc_fit_selected384","exact500",778,384,"397aff318d659b9311456da7dd8680bb96be602b207131c9a2d9a79b40ffec99",500,"48e881ee753893bfaecd7101fc16fbcb552dd30a2a791fedfc7204d7b322a32e",TRUE,0,0.0860759821829421,TRUE,"ac71b0b3c519e59139f78897cdd22bc629d8c42756c19c664836aeb7babc527c","954bdae170126bb9a12e702c84f61d942c4c106bc2da23f0cf5e9b1798413c21",96.549,416,"1f0ebe7383f6998116af92c3ccb0b6f66400c79cd62cc552284ecbfe1d89ea16",0.870999999999995,98.79,FALSE,FALSE,FALSE,FALSE,"closed",FALSE
"mv08o_residual_source_sentinel_v1","primary","SRA850958_SRS4386111","internal124",20260809,"sct_pearson_residual_all_qc_fit_selected384","exact500",778,384,"397aff318d659b9311456da7dd8680bb96be602b207131c9a2d9a79b40ffec99",500,"48e881ee753893bfaecd7101fc16fbcb552dd30a2a791fedfc7204d7b322a32e",TRUE,0,0.648659168076362,TRUE,"9c0d962847e0e1234d92d58fdca1887d7928444d7c1a6f70620ae31e145cd97e","88de86214f332f2f3008fad000d8bcc14fad62740ecc5f328134ae65830c86f1",96.549,416,"1f0ebe7383f6998116af92c3ccb0b6f66400c79cd62cc552284ecbfe1d89ea16",0.870999999999995,98.934,FALSE,FALSE,FALSE,FALSE,"closed",FALSE
"mv08o_residual_source_sentinel_v1","primary","SRA850958_SRS4386109","internal124",20260805,"sct_data_all_qc_fit_selected384","exact500",809,384,"e0131cbbd72b367ba9376374473ed7da052988620e1025838b1083dbe0a57861",500,"48e881ee753893bfaecd7101fc16fbcb552dd30a2a791fedfc7204d7b322a32e",TRUE,0,0.0991286924845521,TRUE,"cf4ba947e71c6ef4a86ecf6ecbf3ea6ec7ca57bd670d7d5ab6a9e411f0da8746","6ade987bc1936818fe1dd18e6e970c8c9c50c1d8660926c1b602649cf97050af",111.794,843,"1f0ebe7383f6998116af92c3ccb0b6f66400c79cd62cc552284ecbfe1d89ea16",0.817999999999998,112.825,FALSE,FALSE,FALSE,FALSE,"closed",FALSE
"mv08o_residual_source_sentinel_v1","primary","SRA850958_SRS4386109","internal124",20260805,"sct_pearson_residual_all_qc_fit_selected384","exact500",809,384,"e0131cbbd72b367ba9376374473ed7da052988620e1025838b1083dbe0a57861",500,"48e881ee753893bfaecd7101fc16fbcb552dd30a2a791fedfc7204d7b322a32e",TRUE,0,0.673647824939295,TRUE,"de2531d8fc0dacd11394fc23ee43bbeb08ddac3f4dcd5e6561d6dc76e5d83fc1","ea3fc52428a3965dc5c96d14183ec97929e84a4d83bc39419c0ec9b33e222b5f",111.794,843,"1f0ebe7383f6998116af92c3ccb0b6f66400c79cd62cc552284ecbfe1d89ea16",0.817999999999998,113.339,FALSE,FALSE,FALSE,FALSE,"closed",FALSE
"mv08o_residual_source_sentinel_v1","primary","SRA850958_SRS4386109","internal124",20260806,"sct_data_all_qc_fit_selected384","exact500",809,384,"c2ed612a4e9206951a72475cbef3e3b72a2c01a7866754aece76080a76c9feab",500,"48e881ee753893bfaecd7101fc16fbcb552dd30a2a791fedfc7204d7b322a32e",TRUE,0,0.0928496256266981,TRUE,"c03608d42894c0ddad41c76a7e5fd7caa072403c76233a7606f94fd51af124fe","b84130fcf0a69ae05f04da01769660b2b2de024813375ce6626cfda2908d9f9b",111.794,843,"1f0ebe7383f6998116af92c3ccb0b6f66400c79cd62cc552284ecbfe1d89ea16",0.817999999999998,113.461,FALSE,FALSE,FALSE,FALSE,"closed",FALSE
"mv08o_residual_source_sentinel_v1","primary","SRA850958_SRS4386109","internal124",20260806,"sct_pearson_residual_all_qc_fit_selected384","exact500",809,384,"c2ed612a4e9206951a72475cbef3e3b72a2c01a7866754aece76080a76c9feab",500,"48e881ee753893bfaecd7101fc16fbcb552dd30a2a791fedfc7204d7b322a32e",TRUE,0,0.634265897542653,TRUE,"3ab006912c16fcd59c1518c462df384e7dcd1cb3bbde4cc62f36c25b9f66cd3b","1db4f590f1f03df6ec02c68a260ab7c8ba1e5748b5b459a089b6e58f0918a86d",111.794,843,"1f0ebe7383f6998116af92c3ccb0b6f66400c79cd62cc552284ecbfe1d89ea16",0.817999999999998,113.588,FALSE,FALSE,FALSE,FALSE,"closed",FALSE
"mv08o_residual_source_sentinel_v1","primary","SRA850958_SRS4386109","internal124",20260807,"sct_data_all_qc_fit_selected384","exact500",809,384,"19028f402eb5b7e6087c90e7b604bc3dffe5ebb2243a2209b5baff7e0039967c",500,"48e881ee753893bfaecd7101fc16fbcb552dd30a2a791fedfc7204d7b322a32e",TRUE,0,0.102420887162365,TRUE,"c9dd7f8f5ae85a5cacefcc7c84062512b2c2e0f52eb118136476b1055f0507f1","e2ae1942b19b75383025cabb25f264729caa6b63bc350c2b825c860071dd1c7f",111.794,843,"1f0ebe7383f6998116af92c3ccb0b6f66400c79cd62cc552284ecbfe1d89ea16",0.817999999999998,113.729,FALSE,FALSE,FALSE,FALSE,"closed",FALSE
"mv08o_residual_source_sentinel_v1","primary","SRA850958_SRS4386109","internal124",20260807,"sct_pearson_residual_all_qc_fit_selected384","exact500",809,384,"19028f402eb5b7e6087c90e7b604bc3dffe5ebb2243a2209b5baff7e0039967c",500,"48e881ee753893bfaecd7101fc16fbcb552dd30a2a791fedfc7204d7b322a32e",TRUE,0,0.637580603202434,TRUE,"a871f61a6009a248be1409f78cb2babe99f983ab92c1230cae9c533ad14a087a","7f1c3713c16b2a28d8d56b288d84357096dfaaa5c9fe3a4881c8ee55355c5914",111.794,843,"1f0ebe7383f6998116af92c3ccb0b6f66400c79cd62cc552284ecbfe1d89ea16",0.817999999999998,113.882,FALSE,FALSE,FALSE,FALSE,"closed",FALSE
"mv08o_residual_source_sentinel_v1","primary","SRA850958_SRS4386109","internal124",20260808,"sct_data_all_qc_fit_selected384","exact500",809,384,"11539ac27a04a2dffedd12fd34c9bf8c1b0a9462e435c2a563e2f563bc4c4754",500,"48e881ee753893bfaecd7101fc16fbcb552dd30a2a791fedfc7204d7b322a32e",TRUE,0,0.0928496256266981,TRUE,"b459b74ddc4b482d6a60c189aabb449e46615ea29578a6dcdf8c8da5e553cae0","2f74b9e607f4fba2a28dc00ad8c5df8387bf61ecf5da942bc10577563551e3ea",111.794,843,"1f0ebe7383f6998116af92c3ccb0b6f66400c79cd62cc552284ecbfe1d89ea16",0.817999999999998,114.026,FALSE,FALSE,FALSE,FALSE,"closed",FALSE
"mv08o_residual_source_sentinel_v1","primary","SRA850958_SRS4386109","internal124",20260808,"sct_pearson_residual_all_qc_fit_selected384","exact500",809,384,"11539ac27a04a2dffedd12fd34c9bf8c1b0a9462e435c2a563e2f563bc4c4754",500,"48e881ee753893bfaecd7101fc16fbcb552dd30a2a791fedfc7204d7b322a32e",TRUE,0,0.643479414399585,TRUE,"9ac13ad3ebf046b29adb7706bba926f14acf104dcb56eedcebe33a68124c9120","8d1b150201d0b47c4d9d5d6451ac667ce8b05559a8b473ce83db8dda9afc1501",111.794,843,"1f0ebe7383f6998116af92c3ccb0b6f66400c79cd62cc552284ecbfe1d89ea16",0.817999999999998,114.173,FALSE,FALSE,FALSE,FALSE,"closed",FALSE
"mv08o_residual_source_sentinel_v1","primary","SRA850958_SRS4386109","internal124",20260809,"sct_data_all_qc_fit_selected384","exact500",809,384,"970763a7c85cfbceb55fb979b91f6fc5f4082da82d8362e1248ab57b25d5785b",500,"48e881ee753893bfaecd7101fc16fbcb552dd30a2a791fedfc7204d7b322a32e",TRUE,0,0.0860759821829421,TRUE,"6488a3af5dc7e864fc10ae94470993932686a4c3116090d7e808d3892ba0add8","31b8f4a4e92ee1db4664fc2c5bccb4d44e484e1f42a5d83a97d101ebb799f96f",111.794,843,"1f0ebe7383f6998116af92c3ccb0b6f66400c79cd62cc552284ecbfe1d89ea16",0.817999999999998,114.318,FALSE,FALSE,FALSE,FALSE,"closed",FALSE
"mv08o_residual_source_sentinel_v1","primary","SRA850958_SRS4386109","internal124",20260809,"sct_pearson_residual_all_qc_fit_selected384","exact500",809,384,"970763a7c85cfbceb55fb979b91f6fc5f4082da82d8362e1248ab57b25d5785b",500,"48e881ee753893bfaecd7101fc16fbcb552dd30a2a791fedfc7204d7b322a32e",TRUE,0,0.60485798763393,TRUE,"939e5388c2319d6cdbe2572611025a1acc5223211ee25665c30e5ab33404b5f4","cfd30e082c9dcb8529f5b494bd18af2e9d68abf5c18d96cc724723584439860b",111.794,843,"1f0ebe7383f6998116af92c3ccb0b6f66400c79cd62cc552284ecbfe1d89ea16",0.817999999999998,114.467,FALSE,FALSE,FALSE,FALSE,"closed",FALSE
"mv08o_residual_source_sentinel_v1","primary","SRA621638_SRS2610285","internal124",20260805,"sct_data_all_qc_fit_selected384","exact500",832,384,"79da5b27f731f5e8004a5154fd77cfed5e695561e27394583c1ee3e51310d634",500,"48e881ee753893bfaecd7101fc16fbcb552dd30a2a791fedfc7204d7b322a32e",TRUE,0,0.195330697413072,TRUE,"2cebabbcd855b14042e453c34a9e6e17fb47735daa8e2e66261422b982e73feb","4bec684f5d7ff789254d58b47e8d695d90351f1fdde56016f7616af9c110972b",120.427,1132,"1f0ebe7383f6998116af92c3ccb0b6f66400c79cd62cc552284ecbfe1d89ea16",0.447000000000003,121.098,FALSE,FALSE,FALSE,FALSE,"closed",FALSE
"mv08o_residual_source_sentinel_v1","primary","SRA621638_SRS2610285","internal124",20260805,"sct_pearson_residual_all_qc_fit_selected384","exact500",832,384,"79da5b27f731f5e8004a5154fd77cfed5e695561e27394583c1ee3e51310d634",500,"48e881ee753893bfaecd7101fc16fbcb552dd30a2a791fedfc7204d7b322a32e",TRUE,0,0.760729740282715,TRUE,"1f2d0c8ddeebb5a5951667c51985c44981d11f72d375d2026e0ec9b7025d6948","1d4f846b43743fd0ff8cc67760c75ef2c432d20a379d948e89123902522ce78c",120.427,1132,"1f0ebe7383f6998116af92c3ccb0b6f66400c79cd62cc552284ecbfe1d89ea16",0.447000000000003,121.639,FALSE,FALSE,FALSE,FALSE,"closed",FALSE
"mv08o_residual_source_sentinel_v1","primary","SRA621638_SRS2610285","internal124",20260806,"sct_data_all_qc_fit_selected384","exact500",832,384,"b815ad74a4dc064ac6931063703155d539ced47bd5f575638ae935b224a318e8",500,"48e881ee753893bfaecd7101fc16fbcb552dd30a2a791fedfc7204d7b322a32e",TRUE,0,0.198113764284593,TRUE,"bf019c4055dd6002afc7bb00c310d95733aff9aa5fae36a7afea1a71be59bf00","dd386f50ec30b0d11d78118084c9c08aff39d8dbad060c87f3f06a5f9148f212",120.427,1132,"1f0ebe7383f6998116af92c3ccb0b6f66400c79cd62cc552284ecbfe1d89ea16",0.447000000000003,121.766,FALSE,FALSE,FALSE,FALSE,"closed",FALSE
"mv08o_residual_source_sentinel_v1","primary","SRA621638_SRS2610285","internal124",20260806,"sct_pearson_residual_all_qc_fit_selected384","exact500",832,384,"b815ad74a4dc064ac6931063703155d539ced47bd5f575638ae935b224a318e8",500,"48e881ee753893bfaecd7101fc16fbcb552dd30a2a791fedfc7204d7b322a32e",TRUE,0,0.783968320157587,TRUE,"ee4d989ec80f4b2aaf85444076836ad2aebd030f8ef60aa3e0ef5dd2aecd32ab","e74f73a92953942a889d866ab7b021f47513351155963294e1dca22de1e37c74",120.427,1132,"1f0ebe7383f6998116af92c3ccb0b6f66400c79cd62cc552284ecbfe1d89ea16",0.447000000000003,121.916,FALSE,FALSE,FALSE,FALSE,"closed",FALSE
"mv08o_residual_source_sentinel_v1","primary","SRA621638_SRS2610285","internal124",20260807,"sct_data_all_qc_fit_selected384","exact500",832,384,"d7a6e8303288ea45de95e505ddab3bdcb952a11f1942f82e88f6fab79620e561",500,"48e881ee753893bfaecd7101fc16fbcb552dd30a2a791fedfc7204d7b322a32e",TRUE,0,0.196312382796327,TRUE,"e6fbc1fed8f76a138acc0afba671079e6b0b63d1a87e36423fb2c96648b691ca","b08e8d5e4b434750304ee5ff6bba3e05ff8eb1ca515b72094a81c81088fe2268",120.427,1132,"1f0ebe7383f6998116af92c3ccb0b6f66400c79cd62cc552284ecbfe1d89ea16",0.447000000000003,122.065,FALSE,FALSE,FALSE,FALSE,"closed",FALSE
"mv08o_residual_source_sentinel_v1","primary","SRA621638_SRS2610285","internal124",20260807,"sct_pearson_residual_all_qc_fit_selected384","exact500",832,384,"d7a6e8303288ea45de95e505ddab3bdcb952a11f1942f82e88f6fab79620e561",500,"48e881ee753893bfaecd7101fc16fbcb552dd30a2a791fedfc7204d7b322a32e",TRUE,0,0.764011606862717,TRUE,"f0947205b8f2c04d8864302b3cde023dcc3f32208d413898710c79fed5dc4a2d","1b22652803bf72c853277774a497bd7fff40a5f6476771ed80b97daa40623df4",120.427,1132,"1f0ebe7383f6998116af92c3ccb0b6f66400c79cd62cc552284ecbfe1d89ea16",0.447000000000003,122.22,FALSE,FALSE,FALSE,FALSE,"closed",FALSE
"mv08o_residual_source_sentinel_v1","primary","SRA621638_SRS2610285","internal124",20260808,"sct_data_all_qc_fit_selected384","exact500",832,384,"f4fc15b9c66377f4f34b269eb6d51af2b6a009baecb77f0d2ece43148797d467",500,"48e881ee753893bfaecd7101fc16fbcb552dd30a2a791fedfc7204d7b322a32e",TRUE,0,0.194746659100853,TRUE,"6af853c29553246a4645b3ee5ecf8d2d95cc344a745fd02c3901e41cea66f07a","2fc707a1fba936662624b1317c3f6db586c41fd1b4b3c1a080a688e4584e8827",120.427,1132,"1f0ebe7383f6998116af92c3ccb0b6f66400c79cd62cc552284ecbfe1d89ea16",0.447000000000003,122.367,FALSE,FALSE,FALSE,FALSE,"closed",FALSE
"mv08o_residual_source_sentinel_v1","primary","SRA621638_SRS2610285","internal124",20260808,"sct_pearson_residual_all_qc_fit_selected384","exact500",832,384,"f4fc15b9c66377f4f34b269eb6d51af2b6a009baecb77f0d2ece43148797d467",500,"48e881ee753893bfaecd7101fc16fbcb552dd30a2a791fedfc7204d7b322a32e",TRUE,0,0.772941741334525,TRUE,"1eb9fc79583beb0d478fea5e06fa35ef3387fcc405f22588ce3b0eea5891f313","f2a98a84610b8efd9f4a92946ba2c44762848ca21e2f456cc1d5d40e3c3db33a",120.427,1132,"1f0ebe7383f6998116af92c3ccb0b6f66400c79cd62cc552284ecbfe1d89ea16",0.447000000000003,122.522,FALSE,FALSE,FALSE,FALSE,"closed",FALSE
"mv08o_residual_source_sentinel_v1","primary","SRA621638_SRS2610285","internal124",20260809,"sct_data_all_qc_fit_selected384","exact500",832,384,"0e0ceaeb241760bd6456cfb6a5de7b562c017f867fe903bb3eb780c2ff1f1d13",500,"48e881ee753893bfaecd7101fc16fbcb552dd30a2a791fedfc7204d7b322a32e",TRUE,0,0.188219180188449,TRUE,"2480740c47b66081b1de965f5f20ec1ab4ee5c31453ff9f55d24b7c23419bbbf","dd2b2c73be1eec29b3cd6347338c21f14b112b2c8aea3237773a1e6726026e77",120.427,1132,"1f0ebe7383f6998116af92c3ccb0b6f66400c79cd62cc552284ecbfe1d89ea16",0.447000000000003,122.675,FALSE,FALSE,FALSE,FALSE,"closed",FALSE
"mv08o_residual_source_sentinel_v1","primary","SRA621638_SRS2610285","internal124",20260809,"sct_pearson_residual_all_qc_fit_selected384","exact500",832,384,"0e0ceaeb241760bd6456cfb6a5de7b562c017f867fe903bb3eb780c2ff1f1d13",500,"48e881ee753893bfaecd7101fc16fbcb552dd30a2a791fedfc7204d7b322a32e",TRUE,0,0.726664067492077,TRUE,"5731f5a7f09269af3e7b660700722166eaf3ee65145e85f817d716a9cf3a21e2","7abe57b51ce8bfb9a4a340c211c9218469151556c9d842e668f9bb066cb511b1",120.427,1132,"1f0ebe7383f6998116af92c3ccb0b6f66400c79cd62cc552284ecbfe1d89ea16",0.447000000000003,122.828,FALSE,FALSE,FALSE,FALSE,"closed",FALSE
"mv08o_residual_source_sentinel_v1","primary","SRA716608_SRS3391631","internal124",20260805,"sct_data_all_qc_fit_selected384","exact500",847,384,"88b26eeb4bec30397be61d163d6a482b8e65dd1d42e6e1b28a57d7e7056cfe27",500,"48e881ee753893bfaecd7101fc16fbcb552dd30a2a791fedfc7204d7b322a32e",TRUE,0,0.0928496256266981,TRUE,"baa4f732e10ec67e9f975dbb210a562422434cf07de44f4ac5dc01a41de5c34b","1c7afdd697edfb1f2919aa205028c91185b8dd1207b924c6aea626ec7c15e4f5",94.373,690,"85b3c8df07c7859d19f3ad0590bbe2f6007bcf12c39054ff3e0932f1a2c92afc",0.745000000000005,95.341,FALSE,FALSE,FALSE,FALSE,"closed",FALSE
"mv08o_residual_source_sentinel_v1","primary","SRA716608_SRS3391631","internal124",20260805,"sct_pearson_residual_all_qc_fit_selected384","exact500",847,384,"88b26eeb4bec30397be61d163d6a482b8e65dd1d42e6e1b28a57d7e7056cfe27",500,"48e881ee753893bfaecd7101fc16fbcb552dd30a2a791fedfc7204d7b322a32e",TRUE,0,0.537665230879396,TRUE,"b86b2339a44d2c09fa05babde16f085547fead7ce7885132771f235c9af25219","ad8cbe9aa4433a599985a183b66352fd189c7db1f959f1d3236bb5844bc0e47a",94.373,690,"85b3c8df07c7859d19f3ad0590bbe2f6007bcf12c39054ff3e0932f1a2c92afc",0.745000000000005,95.481,FALSE,FALSE,FALSE,FALSE,"closed",FALSE
"mv08o_residual_source_sentinel_v1","primary","SRA716608_SRS3391631","internal124",20260806,"sct_data_all_qc_fit_selected384","exact500",847,384,"b902070acef713aeb8a4360f382c0a0a4c6a6d2ea4417b22d42cae7056b1b7b4",500,"48e881ee753893bfaecd7101fc16fbcb552dd30a2a791fedfc7204d7b322a32e",TRUE,0,0.0860759821829421,TRUE,"9105452f5a2f20da5fe2a28d165ca29d52bbf36fdac4c286e9ed492049838c22","dc24bf427f3ea8783f2d7281d72e372bf8305cdf2db01a957aeffef97a23d247",94.373,690,"85b3c8df07c7859d19f3ad0590bbe2f6007bcf12c39054ff3e0932f1a2c92afc",0.745000000000005,95.625,FALSE,FALSE,FALSE,FALSE,"closed",FALSE
"mv08o_residual_source_sentinel_v1","primary","SRA716608_SRS3391631","internal124",20260806,"sct_pearson_residual_all_qc_fit_selected384","exact500",847,384,"b902070acef713aeb8a4360f382c0a0a4c6a6d2ea4417b22d42cae7056b1b7b4",500,"48e881ee753893bfaecd7101fc16fbcb552dd30a2a791fedfc7204d7b322a32e",TRUE,0,0.538421022272722,TRUE,"6541404968f537e8c9429f95ac52cdb3a056e7b6c1eced1e77a5a6501cf2308d","f0677209a3df299e4cfddeff5460b07328c5f394a6bec2275ab15278005bb8bb",94.373,690,"85b3c8df07c7859d19f3ad0590bbe2f6007bcf12c39054ff3e0932f1a2c92afc",0.745000000000005,95.758,FALSE,FALSE,FALSE,FALSE,"closed",FALSE
"mv08o_residual_source_sentinel_v1","primary","SRA716608_SRS3391631","internal124",20260807,"sct_data_all_qc_fit_selected384","exact500",847,384,"61e23f0ee5893a3baf7fadf691666e273a71cc8775234c2d6440676640cb0de4",500,"48e881ee753893bfaecd7101fc16fbcb552dd30a2a791fedfc7204d7b322a32e",TRUE,0,0.0991286924845521,TRUE,"50b1304ad24729f1236ab58a456ff9765857a7f16a5a9b3f39a7eb935c72b383","93b013f573289581619ebd6e1fad2b58772800ed8ea070b0eab3e9262a804717",94.373,690,"85b3c8df07c7859d19f3ad0590bbe2f6007bcf12c39054ff3e0932f1a2c92afc",0.745000000000005,95.906,FALSE,FALSE,FALSE,FALSE,"closed",FALSE
"mv08o_residual_source_sentinel_v1","primary","SRA716608_SRS3391631","internal124",20260807,"sct_pearson_residual_all_qc_fit_selected384","exact500",847,384,"61e23f0ee5893a3baf7fadf691666e273a71cc8775234c2d6440676640cb0de4",500,"48e881ee753893bfaecd7101fc16fbcb552dd30a2a791fedfc7204d7b322a32e",TRUE,0,0.550864705801727,TRUE,"307715de3f5c87821fa7a9df511e5e5c01e1d49c590b67fd371e4e5d51cfa1f7","b0493bfdb033a000de6307d2acfaeb107665542c32b671587a0c90fe074a69f5",94.373,690,"85b3c8df07c7859d19f3ad0590bbe2f6007bcf12c39054ff3e0932f1a2c92afc",0.745000000000005,96.041,FALSE,FALSE,FALSE,FALSE,"closed",FALSE
"mv08o_residual_source_sentinel_v1","primary","SRA716608_SRS3391631","internal124",20260808,"sct_data_all_qc_fit_selected384","exact500",847,384,"bc39385305056f8741076bfd4281aa2dc9ad154cc28ecf53328291c0c068d83c",500,"48e881ee753893bfaecd7101fc16fbcb552dd30a2a791fedfc7204d7b322a32e",TRUE,0,0.115774048492087,TRUE,"6134741c211eb7c45d9ef202d734335198007b4421197103de3bdc9f1e742794","f81a27ec0fbd42cbcfbc6bf8ef1e8ad8ba380da9404e2ed03b929b469ad0f35c",94.373,690,"85b3c8df07c7859d19f3ad0590bbe2f6007bcf12c39054ff3e0932f1a2c92afc",0.745000000000005,96.183,FALSE,FALSE,FALSE,FALSE,"closed",FALSE
"mv08o_residual_source_sentinel_v1","primary","SRA716608_SRS3391631","internal124",20260808,"sct_pearson_residual_all_qc_fit_selected384","exact500",847,384,"bc39385305056f8741076bfd4281aa2dc9ad154cc28ecf53328291c0c068d83c",500,"48e881ee753893bfaecd7101fc16fbcb552dd30a2a791fedfc7204d7b322a32e",TRUE,0,0.506351019947573,TRUE,"a1ae66c3e49fc4bed2f533a2a1d944842877249132af88a04fe9099a4aa69829","4a6b17dfe606c0301e5e2a0cc42626d18e94cca71a091ae00ea3e10fd63c3429",94.373,690,"85b3c8df07c7859d19f3ad0590bbe2f6007bcf12c39054ff3e0932f1a2c92afc",0.745000000000005,96.318,FALSE,FALSE,FALSE,FALSE,"closed",FALSE
"mv08o_residual_source_sentinel_v1","primary","SRA716608_SRS3391631","internal124",20260809,"sct_data_all_qc_fit_selected384","exact500",847,384,"b35da7d2e3674949a343b47d4b7d5a0b9e366c9af3e3b2a3a4d5df1546032cff",500,"48e881ee753893bfaecd7101fc16fbcb552dd30a2a791fedfc7204d7b322a32e",TRUE,0,0.0860759821829421,TRUE,"7fbf5cd9390a3c830b2e315163642099f81d6abef055db3980ddb29dcfa4147e","2ed62f6aa9af7d791d81ba966fff565d57a0c4fe7121cd0d9ea7c0483670e036",94.373,690,"85b3c8df07c7859d19f3ad0590bbe2f6007bcf12c39054ff3e0932f1a2c92afc",0.745000000000005,96.448,FALSE,FALSE,FALSE,FALSE,"closed",FALSE
"mv08o_residual_source_sentinel_v1","primary","SRA716608_SRS3391631","internal124",20260809,"sct_pearson_residual_all_qc_fit_selected384","exact500",847,384,"b35da7d2e3674949a343b47d4b7d5a0b9e366c9af3e3b2a3a4d5df1546032cff",500,"48e881ee753893bfaecd7101fc16fbcb552dd30a2a791fedfc7204d7b322a32e",TRUE,0,0.549161045287922,TRUE,"a402a4d391e98ed26c687be01c0911dbf10a01a24c01500263673f06bfee34fb","6ab3137d41342318d7ace449bf71e8ece1923b4a71e2b0da0bfcd9e8fae64528",94.373,690,"85b3c8df07c7859d19f3ad0590bbe2f6007bcf12c39054ff3e0932f1a2c92afc",0.745000000000005,96.999,FALSE,FALSE,FALSE,FALSE,"closed",FALSE
"mv08o_residual_source_sentinel_v1","primary","SRA779509_SRS3805249","internal124",20260805,"sct_data_all_qc_fit_selected384","exact500",874,384,"40c3ebfd2961b78da24fb5c49353120c0334fa73833f6bf658391bd860421e95",500,"48e881ee753893bfaecd7101fc16fbcb552dd30a2a791fedfc7204d7b322a32e",TRUE,0,0.174376778137402,TRUE,"a728f09900513242a8026ca874b0edb1b590ad8f79fb02d06c83a5aaaa1bf561","1679297ef7738a36ca57178a66aceb9efb1a964b846fdc921b25ad4af67ca808",132.38,832,"1f0ebe7383f6998116af92c3ccb0b6f66400c79cd62cc552284ecbfe1d89ea16",0.835999999999984,133.437,FALSE,FALSE,FALSE,FALSE,"closed",FALSE
"mv08o_residual_source_sentinel_v1","primary","SRA779509_SRS3805249","internal124",20260805,"sct_pearson_residual_all_qc_fit_selected384","exact500",874,384,"40c3ebfd2961b78da24fb5c49353120c0334fa73833f6bf658391bd860421e95",500,"48e881ee753893bfaecd7101fc16fbcb552dd30a2a791fedfc7204d7b322a32e",TRUE,0,0.774915384171002,TRUE,"7cc35e27f015c5230cd95f6455fdcbbc73111bab5f1124782cf6c459afc29c39","f9ed0e17b215d6baf2209f5c099f4f4715252c65158972ac056ed24ddc8af9f3",132.38,832,"1f0ebe7383f6998116af92c3ccb0b6f66400c79cd62cc552284ecbfe1d89ea16",0.835999999999984,133.57,FALSE,FALSE,FALSE,FALSE,"closed",FALSE
"mv08o_residual_source_sentinel_v1","primary","SRA779509_SRS3805249","internal124",20260806,"sct_data_all_qc_fit_selected384","exact500",874,384,"440045939d595ea0b804655ef45eccd858d853ed4b6358099152e4881661533a",500,"48e881ee753893bfaecd7101fc16fbcb552dd30a2a791fedfc7204d7b322a32e",TRUE,0,0.174376778137402,TRUE,"6973bafdaa4fbc208304d5e6488db7d8bd89b495f968af75686e9e0b92dffadb","b04ef3e32cf645bdee58070a13961b41962bb6ba82c3540bbee8ca6fb92482c0",132.38,832,"1f0ebe7383f6998116af92c3ccb0b6f66400c79cd62cc552284ecbfe1d89ea16",0.835999999999984,133.716,FALSE,FALSE,FALSE,FALSE,"closed",FALSE
"mv08o_residual_source_sentinel_v1","primary","SRA779509_SRS3805249","internal124",20260806,"sct_pearson_residual_all_qc_fit_selected384","exact500",874,384,"440045939d595ea0b804655ef45eccd858d853ed4b6358099152e4881661533a",500,"48e881ee753893bfaecd7101fc16fbcb552dd30a2a791fedfc7204d7b322a32e",TRUE,0,0.747983325476846,TRUE,"5a7b043a3744ed37a812cdfaa9296e346bb00db3629de77aeaec5fedc5e5d2bf","3d01a79d1f37e2d8f422830f7ff28ab5ec82e5f88e4ce38c6f81bac205518cdf",132.38,832,"1f0ebe7383f6998116af92c3ccb0b6f66400c79cd62cc552284ecbfe1d89ea16",0.835999999999984,133.867,FALSE,FALSE,FALSE,FALSE,"closed",FALSE
"mv08o_residual_source_sentinel_v1","primary","SRA779509_SRS3805249","internal124",20260807,"sct_data_all_qc_fit_selected384","exact500",874,384,"eb057ca90c8f14ea09cabf7f1e2b84676c66199bc01af7c556d887070a79b7f2",500,"48e881ee753893bfaecd7101fc16fbcb552dd30a2a791fedfc7204d7b322a32e",TRUE,0,0.184384823964831,TRUE,"f124b528b905ef5b33586454facbc31056f1b67376e1ac3ed18ccbf16793559b","824436f846108b750d213ee737a63a85336b76d88225570beac85d0664549a46",132.38,832,"1f0ebe7383f6998116af92c3ccb0b6f66400c79cd62cc552284ecbfe1d89ea16",0.835999999999984,134.015,FALSE,FALSE,FALSE,FALSE,"closed",FALSE
"mv08o_residual_source_sentinel_v1","primary","SRA779509_SRS3805249","internal124",20260807,"sct_pearson_residual_all_qc_fit_selected384","exact500",874,384,"eb057ca90c8f14ea09cabf7f1e2b84676c66199bc01af7c556d887070a79b7f2",500,"48e881ee753893bfaecd7101fc16fbcb552dd30a2a791fedfc7204d7b322a32e",TRUE,0,0.785805432864167,TRUE,"15f917809dd763615319b766861e696f83e818276bdc648314c3299a455df251","401b32b6fbd460b51f8f23c202bdebb01f157ad1fda37f08778cee9d8a6d06dd",132.38,832,"1f0ebe7383f6998116af92c3ccb0b6f66400c79cd62cc552284ecbfe1d89ea16",0.835999999999984,134.208,FALSE,FALSE,FALSE,FALSE,"closed",FALSE
"mv08o_residual_source_sentinel_v1","primary","SRA779509_SRS3805249","internal124",20260808,"sct_data_all_qc_fit_selected384","exact500",874,384,"a1aad72a61f64d6965020b1bf34d30f7543c728b7ee03247dfea0533d899cb27",500,"48e881ee753893bfaecd7101fc16fbcb552dd30a2a791fedfc7204d7b322a32e",TRUE,0,0.178411985727859,TRUE,"6159687c2487d292da0e7b1974da4acfb43b3efbe22eaad00cd5cc20a6e1ab6b","8727eba3d29c9eb504b557175a15336d4455c1415edce9746f723c58751137f2",132.38,832,"1f0ebe7383f6998116af92c3ccb0b6f66400c79cd62cc552284ecbfe1d89ea16",0.835999999999984,134.335,FALSE,FALSE,FALSE,FALSE,"closed",FALSE
"mv08o_residual_source_sentinel_v1","primary","SRA779509_SRS3805249","internal124",20260808,"sct_pearson_residual_all_qc_fit_selected384","exact500",874,384,"a1aad72a61f64d6965020b1bf34d30f7543c728b7ee03247dfea0533d899cb27",500,"48e881ee753893bfaecd7101fc16fbcb552dd30a2a791fedfc7204d7b322a32e",TRUE,0,0.778867118013219,TRUE,"889330f66cd9218fdeadd797687fffc0808f3930b97a6d92ba73ad38197e8f1d","87548d7b0a1833db417df561271bdc7c1954b2946808875930ab7dfac0037d48",132.38,832,"1f0ebe7383f6998116af92c3ccb0b6f66400c79cd62cc552284ecbfe1d89ea16",0.835999999999984,134.462,FALSE,FALSE,FALSE,FALSE,"closed",FALSE
"mv08o_residual_source_sentinel_v1","primary","SRA779509_SRS3805249","internal124",20260809,"sct_data_all_qc_fit_selected384","exact500",874,384,"48701cdff131fe5632abfb875f48f55bb2b217680b00c203fa0c7d027fefad68",500,"48e881ee753893bfaecd7101fc16fbcb552dd30a2a791fedfc7204d7b322a32e",TRUE,0,0.194737797173728,TRUE,"1b0984190fe0aeee472c05130c2c8fc4d244abd1f6482d106cece6a912174667","96c4f451632c16820be53e31af7fd80175498680079246839c7f577e49ad3b64",132.38,832,"1f0ebe7383f6998116af92c3ccb0b6f66400c79cd62cc552284ecbfe1d89ea16",0.835999999999984,134.588,FALSE,FALSE,FALSE,FALSE,"closed",FALSE
"mv08o_residual_source_sentinel_v1","primary","SRA779509_SRS3805249","internal124",20260809,"sct_pearson_residual_all_qc_fit_selected384","exact500",874,384,"48701cdff131fe5632abfb875f48f55bb2b217680b00c203fa0c7d027fefad68",500,"48e881ee753893bfaecd7101fc16fbcb552dd30a2a791fedfc7204d7b322a32e",TRUE,0,0.75729330302622,TRUE,"d21d71e5ae71d8ef4dad68e2fed6674043c3729c06e094b6ee397f061e67ab5f","d249c04a9f5f04b22d6ec23bc482355d891cdd0641d5fee260b2a09b4cf473fe",132.38,832,"1f0ebe7383f6998116af92c3ccb0b6f66400c79cd62cc552284ecbfe1d89ea16",0.835999999999984,134.719,FALSE,FALSE,FALSE,FALSE,"closed",FALSE
"mv08o_residual_source_sentinel_v1","primary","SRA550660_SRS2089636","internal124",20260805,"sct_data_all_qc_fit_selected384","exact500",930,384,"45243afc7b7997e891569a30e7433ed38a8ed2a1165f1fc59550db6a249f9407",500,"48e881ee753893bfaecd7101fc16fbcb552dd30a2a791fedfc7204d7b322a32e",TRUE,0,0.134468101868747,TRUE,"ae2a98268b54a311929055a860c4e2aeb1c75e323d969f67b55aff43decef93a","97e332edfeff67f2eb785a3d9620db74967996fa914869c628febb1a5cca705e",74.775,91,"1f0ebe7383f6998116af92c3ccb0b6f66400c79cd62cc552284ecbfe1d89ea16",0.347999999999999,75.729,FALSE,FALSE,FALSE,FALSE,"closed",FALSE
"mv08o_residual_source_sentinel_v1","primary","SRA550660_SRS2089636","internal124",20260805,"sct_pearson_residual_all_qc_fit_selected384","exact500",930,384,"45243afc7b7997e891569a30e7433ed38a8ed2a1165f1fc59550db6a249f9407",500,"48e881ee753893bfaecd7101fc16fbcb552dd30a2a791fedfc7204d7b322a32e",TRUE,0,0.693515594389261,TRUE,"05b4a8ce5841e5079bb051ed0d8c4fe32c3984c68bfabf6ed36b934b016fc68b","0e9f1b9642690530d68948170858fc851050dd61b1f22dccca659f5cf82c1421",74.775,91,"1f0ebe7383f6998116af92c3ccb0b6f66400c79cd62cc552284ecbfe1d89ea16",0.347999999999999,75.857,FALSE,FALSE,FALSE,FALSE,"closed",FALSE
"mv08o_residual_source_sentinel_v1","primary","SRA550660_SRS2089636","internal124",20260806,"sct_data_all_qc_fit_selected384","exact500",930,384,"91519df21732ab02292b938a4404d5358998ba0ee9ac02b2560feb4ae5cfe9e7",500,"48e881ee753893bfaecd7101fc16fbcb552dd30a2a791fedfc7204d7b322a32e",TRUE,0,0.120759847203462,TRUE,"b0ff75e2efe454ce001f0e2a01ca9e4c0ed7363919f5bf9c4c3c9e99e54b803b","16540ccef21910c55871c6592c8702eab312084026748d04e4229d7df953b138",74.775,91,"1f0ebe7383f6998116af92c3ccb0b6f66400c79cd62cc552284ecbfe1d89ea16",0.347999999999999,75.992,FALSE,FALSE,FALSE,FALSE,"closed",FALSE
"mv08o_residual_source_sentinel_v1","primary","SRA550660_SRS2089636","internal124",20260806,"sct_pearson_residual_all_qc_fit_selected384","exact500",930,384,"91519df21732ab02292b938a4404d5358998ba0ee9ac02b2560feb4ae5cfe9e7",500,"48e881ee753893bfaecd7101fc16fbcb552dd30a2a791fedfc7204d7b322a32e",TRUE,0,0.684045675054877,TRUE,"7cf84a4ea3c4ae27babbf15382fff5bed8a803bbd67bb0dd00d529a55807cd4f","753d63fbfb348a0a14391c80676ba4def98e5593ef765b61c0edea6122819986",74.775,91,"1f0ebe7383f6998116af92c3ccb0b6f66400c79cd62cc552284ecbfe1d89ea16",0.347999999999999,76.139,FALSE,FALSE,FALSE,FALSE,"closed",FALSE
"mv08o_residual_source_sentinel_v1","primary","SRA550660_SRS2089636","internal124",20260807,"sct_data_all_qc_fit_selected384","exact500",930,384,"6976800517de0c494628803486f5080def9f3899d9360b312a790b29d825cec0",500,"48e881ee753893bfaecd7101fc16fbcb552dd30a2a791fedfc7204d7b322a32e",TRUE,0,0.105001946614312,TRUE,"0ad50c2929dd98190ca98c62ebe08c2b1a90355f575c5dd40f9b61c55ea94ab3","0e8321cf0a1c62a59e83e4a86568918a670087f89b504a2fda87e5cd66dcc0d4",74.775,91,"1f0ebe7383f6998116af92c3ccb0b6f66400c79cd62cc552284ecbfe1d89ea16",0.347999999999999,76.279,FALSE,FALSE,FALSE,FALSE,"closed",FALSE
"mv08o_residual_source_sentinel_v1","primary","SRA550660_SRS2089636","internal124",20260807,"sct_pearson_residual_all_qc_fit_selected384","exact500",930,384,"6976800517de0c494628803486f5080def9f3899d9360b312a790b29d825cec0",500,"48e881ee753893bfaecd7101fc16fbcb552dd30a2a791fedfc7204d7b322a32e",TRUE,0,0.649347473685939,TRUE,"20d13670d9c88bff917a865a9a7e7c8520c1c087ee39f0e8f6accfe0da5475ed","e298628fbaa7c6237d7724ee910546702b259bee558d852c1c8c706acbef298f",74.775,91,"1f0ebe7383f6998116af92c3ccb0b6f66400c79cd62cc552284ecbfe1d89ea16",0.347999999999999,76.426,FALSE,FALSE,FALSE,FALSE,"closed",FALSE
"mv08o_residual_source_sentinel_v1","primary","SRA550660_SRS2089636","internal124",20260808,"sct_data_all_qc_fit_selected384","exact500",930,384,"1c512c991c1dc3e8428c2551aef763087fb581619926c1c97a26fdbe1feff818",500,"48e881ee753893bfaecd7101fc16fbcb552dd30a2a791fedfc7204d7b322a32e",TRUE,0,0.115774048492087,TRUE,"d2fe7744613f8d92d08a6b35ad8a01afda25eeed06ba5da2516fd58548cef7da","76ecf7f33c9e2203ebd1dbdc6625f0d513ac0154aa4a8155bb218cea740a56ee",74.775,91,"1f0ebe7383f6998116af92c3ccb0b6f66400c79cd62cc552284ecbfe1d89ea16",0.347999999999999,76.569,FALSE,FALSE,FALSE,FALSE,"closed",FALSE
"mv08o_residual_source_sentinel_v1","primary","SRA550660_SRS2089636","internal124",20260808,"sct_pearson_residual_all_qc_fit_selected384","exact500",930,384,"1c512c991c1dc3e8428c2551aef763087fb581619926c1c97a26fdbe1feff818",500,"48e881ee753893bfaecd7101fc16fbcb552dd30a2a791fedfc7204d7b322a32e",TRUE,0,0.690180495504987,TRUE,"01315310a5d4610e4c1e71031eff33535ddc57c6b212b6cf9d5ab1971ab2ae6b","615179e68ae870daca2af41f0282a0ac4af1a366ae2f1f4a34f3b05534a7dbd7",74.775,91,"1f0ebe7383f6998116af92c3ccb0b6f66400c79cd62cc552284ecbfe1d89ea16",0.347999999999999,76.714,FALSE,FALSE,FALSE,FALSE,"closed",FALSE
"mv08o_residual_source_sentinel_v1","primary","SRA550660_SRS2089636","internal124",20260809,"sct_data_all_qc_fit_selected384","exact500",930,384,"bb3ae114b11b677232ebd2106a0deb4d7178847ee7456b6125d7a81813aca9b3",500,"48e881ee753893bfaecd7101fc16fbcb552dd30a2a791fedfc7204d7b322a32e",TRUE,0,0.136982453714722,TRUE,"8419c7903779d5a759868d3a66783c37cac2f8b8ea9e91837404f0bbd3af503f","2fc4780fd5d3fd3183ce7c0f11100fc1b249a3374198782c56fceb10dbd36852",74.775,91,"1f0ebe7383f6998116af92c3ccb0b6f66400c79cd62cc552284ecbfe1d89ea16",0.347999999999999,76.847,FALSE,FALSE,FALSE,FALSE,"closed",FALSE
"mv08o_residual_source_sentinel_v1","primary","SRA550660_SRS2089636","internal124",20260809,"sct_pearson_residual_all_qc_fit_selected384","exact500",930,384,"bb3ae114b11b677232ebd2106a0deb4d7178847ee7456b6125d7a81813aca9b3",500,"48e881ee753893bfaecd7101fc16fbcb552dd30a2a791fedfc7204d7b322a32e",TRUE,0,0.669017057060731,TRUE,"fd841eeeedd1b0b7a280b2f24d6e72ea5c58e5489e9ccb28e90fb8063927784d","956c2a6c91b909b7a1c56b25259d3f27ec1502bf41a2b984bb2cd478f1358078",74.775,91,"1f0ebe7383f6998116af92c3ccb0b6f66400c79cd62cc552284ecbfe1d89ea16",0.347999999999999,76.973,FALSE,FALSE,FALSE,FALSE,"closed",FALSE
"mv08o_residual_source_sentinel_v1","primary","SRA749327_SRS3693911","internal124",20260805,"sct_data_all_qc_fit_selected384","exact500",935,384,"4874e4a5efaaf80674cb71f1478156290a193c089be9db0a0aaee046f4d26b23",500,"48e881ee753893bfaecd7101fc16fbcb552dd30a2a791fedfc7204d7b322a32e",TRUE,0,0.187273666792111,TRUE,"172c242b28df1e99bf93b1fb21a3bb409fff51f6547b1f6a194d29f73737c4db","4b4ed9d9b38368806b901aa7c58033b6e9cc98bf919c95adf34e7eddb3329c9c",101.949,449,"85b3c8df07c7859d19f3ad0590bbe2f6007bcf12c39054ff3e0932f1a2c92afc",0.829999999999998,103.002,FALSE,FALSE,FALSE,FALSE,"closed",FALSE
"mv08o_residual_source_sentinel_v1","primary","SRA749327_SRS3693911","internal124",20260805,"sct_pearson_residual_all_qc_fit_selected384","exact500",935,384,"4874e4a5efaaf80674cb71f1478156290a193c089be9db0a0aaee046f4d26b23",500,"48e881ee753893bfaecd7101fc16fbcb552dd30a2a791fedfc7204d7b322a32e",TRUE,0,0.672923018885707,TRUE,"e0ff7a7f742aa2e41647041c9793920cb704973a478e215108311cf8fd479406","b22b850550441de2bdb95f4d1748deff311e8c131fd61a64f0dec07c4fbfa034",101.949,449,"85b3c8df07c7859d19f3ad0590bbe2f6007bcf12c39054ff3e0932f1a2c92afc",0.829999999999998,103.136,FALSE,FALSE,FALSE,FALSE,"closed",FALSE
"mv08o_residual_source_sentinel_v1","primary","SRA749327_SRS3693911","internal124",20260806,"sct_data_all_qc_fit_selected384","exact500",935,384,"620b95f272fd4e43883a641bd64aae989a3621c9ebfbce810acbe3bb98225931",500,"48e881ee753893bfaecd7101fc16fbcb552dd30a2a791fedfc7204d7b322a32e",TRUE,0,0.201595061058977,TRUE,"520b8700d84cd583f1eb7853bbef877ca6f8112097c5d34c0dc4312f9b463f79","a08d6e13242c48c1dd12a504065b00fd14f9146eca832a694785f36c36790cd9",101.949,449,"85b3c8df07c7859d19f3ad0590bbe2f6007bcf12c39054ff3e0932f1a2c92afc",0.829999999999998,103.282,FALSE,FALSE,FALSE,FALSE,"closed",FALSE
"mv08o_residual_source_sentinel_v1","primary","SRA749327_SRS3693911","internal124",20260806,"sct_pearson_residual_all_qc_fit_selected384","exact500",935,384,"620b95f272fd4e43883a641bd64aae989a3621c9ebfbce810acbe3bb98225931",500,"48e881ee753893bfaecd7101fc16fbcb552dd30a2a791fedfc7204d7b322a32e",TRUE,0,0.663671363970803,TRUE,"f71ca3ac4c3ddf1817ff91e3c455b3e27089103ac024c706fbad290303ab00ad","2de30df5ef37c414ab117f9830f134d99e1333c7e601bea6c3c5bb901304f381",101.949,449,"85b3c8df07c7859d19f3ad0590bbe2f6007bcf12c39054ff3e0932f1a2c92afc",0.829999999999998,103.412,FALSE,FALSE,FALSE,FALSE,"closed",FALSE
"mv08o_residual_source_sentinel_v1","primary","SRA749327_SRS3693911","internal124",20260807,"sct_data_all_qc_fit_selected384","exact500",935,384,"c215f605ddc7979140bb297c80ad011d3ba70017d37607e4441f75d4ab7be549",500,"48e881ee753893bfaecd7101fc16fbcb552dd30a2a791fedfc7204d7b322a32e",TRUE,0,0.214300108391493,TRUE,"62e5cf8ed590573b4a5538d4df13b060cdd03a3d7738e71ade9c69f0465e06e0","eef66692deb72468784ef395663213278098c5bfc509f8bec2979f2b52ebe013",101.949,449,"85b3c8df07c7859d19f3ad0590bbe2f6007bcf12c39054ff3e0932f1a2c92afc",0.829999999999998,103.535,FALSE,FALSE,FALSE,FALSE,"closed",FALSE
"mv08o_residual_source_sentinel_v1","primary","SRA749327_SRS3693911","internal124",20260807,"sct_pearson_residual_all_qc_fit_selected384","exact500",935,384,"c215f605ddc7979140bb297c80ad011d3ba70017d37607e4441f75d4ab7be549",500,"48e881ee753893bfaecd7101fc16fbcb552dd30a2a791fedfc7204d7b322a32e",TRUE,0,0.632655644095373,TRUE,"6e85f170a63f1d09e621a7a6bb20b6eba2f7b3293267c373ab9067e9c9b6c5ea","c68c03cd674ffa0f055ed141ba4812839e9985488d67f17584612e609455171d",101.949,449,"85b3c8df07c7859d19f3ad0590bbe2f6007bcf12c39054ff3e0932f1a2c92afc",0.829999999999998,104.067,FALSE,FALSE,FALSE,FALSE,"closed",FALSE
"mv08o_residual_source_sentinel_v1","primary","SRA749327_SRS3693911","internal124",20260808,"sct_data_all_qc_fit_selected384","exact500",935,384,"e40ea3724d6db48c0e61ab1f7dfac06418a9a3dfe08bd352f01abcea8ee45ca9",500,"48e881ee753893bfaecd7101fc16fbcb552dd30a2a791fedfc7204d7b322a32e",TRUE,0,0.18108689202439,TRUE,"1f5dc6c753d6241ea22c6f2cfc6b60591091b4dc538afa2975fcf6fd570d2e08","ab5315353f4bba7a3d945c6738aa58048c3d768e8c96cd6bd836a1b418b46a88",101.949,449,"85b3c8df07c7859d19f3ad0590bbe2f6007bcf12c39054ff3e0932f1a2c92afc",0.829999999999998,104.193,FALSE,FALSE,FALSE,FALSE,"closed",FALSE
"mv08o_residual_source_sentinel_v1","primary","SRA749327_SRS3693911","internal124",20260808,"sct_pearson_residual_all_qc_fit_selected384","exact500",935,384,"e40ea3724d6db48c0e61ab1f7dfac06418a9a3dfe08bd352f01abcea8ee45ca9",500,"48e881ee753893bfaecd7101fc16fbcb552dd30a2a791fedfc7204d7b322a32e",TRUE,0,0.66707315092533,TRUE,"cc6c39e72a5d328b70d9f37244a1741ec342b471d7555c49de1ad7279c0ac686","ccea79f70fc3561b7f5fa2e1672ce8d48d828cbff5502f1647f2385b9150cd43",101.949,449,"85b3c8df07c7859d19f3ad0590bbe2f6007bcf12c39054ff3e0932f1a2c92afc",0.829999999999998,104.322,FALSE,FALSE,FALSE,FALSE,"closed",FALSE
"mv08o_residual_source_sentinel_v1","primary","SRA749327_SRS3693911","internal124",20260809,"sct_data_all_qc_fit_selected384","exact500",935,384,"a10382863408940a69801eaa9be349b12b05e1ff185a312d4ac30b453d727b94",500,"48e881ee753893bfaecd7101fc16fbcb552dd30a2a791fedfc7204d7b322a32e",TRUE,0,0.218360682652583,TRUE,"a68a37fd251e459109f74fd4a36d5b41080036c9dc8dc96947cb043463f5bb7b","adf56799f428f8a28da6171ff1abaff97d1f53a5cb87612128722407c6d13516",101.949,449,"85b3c8df07c7859d19f3ad0590bbe2f6007bcf12c39054ff3e0932f1a2c92afc",0.829999999999998,104.461,FALSE,FALSE,FALSE,FALSE,"closed",FALSE
"mv08o_residual_source_sentinel_v1","primary","SRA749327_SRS3693911","internal124",20260809,"sct_pearson_residual_all_qc_fit_selected384","exact500",935,384,"a10382863408940a69801eaa9be349b12b05e1ff185a312d4ac30b453d727b94",500,"48e881ee753893bfaecd7101fc16fbcb552dd30a2a791fedfc7204d7b322a32e",TRUE,0,0.649239982959185,TRUE,"911c7b6b169f0c2be330da7046c78494f586a9a5f58c4a1feae06ea82f396f44","f0cb1c0b0bbf73d91f4a66db7bd0368a99cdd4f837a6b2d289e260fbf9ee1569",101.949,449,"85b3c8df07c7859d19f3ad0590bbe2f6007bcf12c39054ff3e0932f1a2c92afc",0.829999999999998,104.617,FALSE,FALSE,FALSE,FALSE,"closed",FALSE
"mv08o_residual_source_sentinel_v1","primary","SRA701877_SRS3279685","internal124",20260805,"sct_data_all_qc_fit_selected384","exact500",943,384,"692d16177bc43d68dc6ca9baeed0dd26095a61021f99f236c90d27f0970d0182",500,"48e881ee753893bfaecd7101fc16fbcb552dd30a2a791fedfc7204d7b322a32e",TRUE,0,0.165709792756333,TRUE,"25dcfc18da5c9be4a6a637fd03faee9192382889e9d65cfb1c9a9a957d9e7ac8","74d13c04a66a92eb464be985802a0ee45bb5545c38998bbcdd86783cdf1fd12a",82.03,21,"bc41ec910b108600bc17c7f4d8f5a571728d33a09ac3e727a62ae603e623e37a",0.968999999999994,83.249,FALSE,FALSE,FALSE,FALSE,"closed",FALSE
"mv08o_residual_source_sentinel_v1","primary","SRA701877_SRS3279685","internal124",20260805,"sct_pearson_residual_all_qc_fit_selected384","exact500",943,384,"692d16177bc43d68dc6ca9baeed0dd26095a61021f99f236c90d27f0970d0182",500,"48e881ee753893bfaecd7101fc16fbcb552dd30a2a791fedfc7204d7b322a32e",TRUE,0,0.658558860789019,TRUE,"865dbcd7525ba7733ab2268061036ef18d6ffc3ea119fe0c2a4d580d7b31db93","dfd7e5a9623a9dc7c670c5e1c26c4bbfbfa8226232f4878f6f3bfbb1eeccc7be",82.03,21,"bc41ec910b108600bc17c7f4d8f5a571728d33a09ac3e727a62ae603e623e37a",0.968999999999994,83.375,FALSE,FALSE,FALSE,FALSE,"closed",FALSE
"mv08o_residual_source_sentinel_v1","primary","SRA701877_SRS3279685","internal124",20260806,"sct_data_all_qc_fit_selected384","exact500",943,384,"5b78cb01168aa6f499d7f2becaea31cfc8fbf01b7757904bd2e5914ad93ab154",500,"48e881ee753893bfaecd7101fc16fbcb552dd30a2a791fedfc7204d7b322a32e",TRUE,0,0.191067450004163,TRUE,"05eb941b5e3d47d65597f50e4d8247c17db46c465500544f848a88e2c8961cb4","17aae83a9d3aa739695e6a7922e248b96a89ae8fc2ca6b8555b94a14a9aeaf87",82.03,21,"bc41ec910b108600bc17c7f4d8f5a571728d33a09ac3e727a62ae603e623e37a",0.968999999999994,83.519,FALSE,FALSE,FALSE,FALSE,"closed",FALSE
"mv08o_residual_source_sentinel_v1","primary","SRA701877_SRS3279685","internal124",20260806,"sct_pearson_residual_all_qc_fit_selected384","exact500",943,384,"5b78cb01168aa6f499d7f2becaea31cfc8fbf01b7757904bd2e5914ad93ab154",500,"48e881ee753893bfaecd7101fc16fbcb552dd30a2a791fedfc7204d7b322a32e",TRUE,0,0.641762631211108,TRUE,"5588de41ca19f8b1da2c102e885db7c48fd10039bb51cee91e93850f3d2e826c","9dae30ed18ac235020197598a9cb0fb0e288fe7a207a2a7d044fa220e682e799",82.03,21,"bc41ec910b108600bc17c7f4d8f5a571728d33a09ac3e727a62ae603e623e37a",0.968999999999994,83.645,FALSE,FALSE,FALSE,FALSE,"closed",FALSE
"mv08o_residual_source_sentinel_v1","primary","SRA701877_SRS3279685","internal124",20260807,"sct_data_all_qc_fit_selected384","exact500",943,384,"acd47cd17e53e83464cffb1802fd803c7b5bc351133c8d980c5dfd886cb85308",500,"48e881ee753893bfaecd7101fc16fbcb552dd30a2a791fedfc7204d7b322a32e",TRUE,0,0.193518880441579,TRUE,"10c18f72f685a8d9e30bf5ce59a2515b1a68cd9a7e13c39ea4a6746a9a83bbcb","d1550544b27706969296a99a8de5b839f4890cec5a67907dd44b5a04de36561b",82.03,21,"bc41ec910b108600bc17c7f4d8f5a571728d33a09ac3e727a62ae603e623e37a",0.968999999999994,83.778,FALSE,FALSE,FALSE,FALSE,"closed",FALSE
"mv08o_residual_source_sentinel_v1","primary","SRA701877_SRS3279685","internal124",20260807,"sct_pearson_residual_all_qc_fit_selected384","exact500",943,384,"acd47cd17e53e83464cffb1802fd803c7b5bc351133c8d980c5dfd886cb85308",500,"48e881ee753893bfaecd7101fc16fbcb552dd30a2a791fedfc7204d7b322a32e",TRUE,0,0.642207112546283,TRUE,"35fa52c4b26cc313e9a62530540ec9a2492f4d0f85e2a6c51a7a416e792a29ee","85a513339a9ac7d1814b885b2385875340a2e4b371ff02a5bac3d2b0780f8876",82.03,21,"bc41ec910b108600bc17c7f4d8f5a571728d33a09ac3e727a62ae603e623e37a",0.968999999999994,83.926,FALSE,FALSE,FALSE,FALSE,"closed",FALSE
"mv08o_residual_source_sentinel_v1","primary","SRA701877_SRS3279685","internal124",20260808,"sct_data_all_qc_fit_selected384","exact500",943,384,"762b373ea196c2155b2cea19f5c49b245f6317cc400048e626dbf7b297583eea",500,"48e881ee753893bfaecd7101fc16fbcb552dd30a2a791fedfc7204d7b322a32e",TRUE,0,0.173015169507216,TRUE,"f01e566567e50ef0103f5af038e7b6575573556c9ceb96e26ef926ca66d96a77","86e72b9d88aae43797efd5eeb273b7f55fae8a6c823ff05f620544522c19ef04",82.03,21,"bc41ec910b108600bc17c7f4d8f5a571728d33a09ac3e727a62ae603e623e37a",0.968999999999994,84.078,FALSE,FALSE,FALSE,FALSE,"closed",FALSE
"mv08o_residual_source_sentinel_v1","primary","SRA701877_SRS3279685","internal124",20260808,"sct_pearson_residual_all_qc_fit_selected384","exact500",943,384,"762b373ea196c2155b2cea19f5c49b245f6317cc400048e626dbf7b297583eea",500,"48e881ee753893bfaecd7101fc16fbcb552dd30a2a791fedfc7204d7b322a32e",TRUE,0,0.665609532223244,TRUE,"8d1c119545d7cc975f71e4f2c37c8c00a1ce231d192a7582df231ad473e569f7","641f5704f06e3db0875379642d7dd5d2313d639bca5a7e05dea5dfd21204b72e",82.03,21,"bc41ec910b108600bc17c7f4d8f5a571728d33a09ac3e727a62ae603e623e37a",0.968999999999994,84.237,FALSE,FALSE,FALSE,FALSE,"closed",FALSE
"mv08o_residual_source_sentinel_v1","primary","SRA701877_SRS3279685","internal124",20260809,"sct_data_all_qc_fit_selected384","exact500",943,384,"32dc197683e7bde92c026c6302198a95e454f351fb438db8946bf0475f18fd77",500,"48e881ee753893bfaecd7101fc16fbcb552dd30a2a791fedfc7204d7b322a32e",TRUE,0,0.190972169593462,TRUE,"d23b76889211410640ef279b330ffbba1301c0b9cff601c629ebce3fdf75ddca","1f253af433fc988856bacd131229d884eb475cb99dbcf04ba89cfa1b7a9b32e4",82.03,21,"bc41ec910b108600bc17c7f4d8f5a571728d33a09ac3e727a62ae603e623e37a",0.968999999999994,84.36,FALSE,FALSE,FALSE,FALSE,"closed",FALSE
"mv08o_residual_source_sentinel_v1","primary","SRA701877_SRS3279685","internal124",20260809,"sct_pearson_residual_all_qc_fit_selected384","exact500",943,384,"32dc197683e7bde92c026c6302198a95e454f351fb438db8946bf0475f18fd77",500,"48e881ee753893bfaecd7101fc16fbcb552dd30a2a791fedfc7204d7b322a32e",TRUE,0,0.684641751232096,TRUE,"b3eca52b8736adc60757afc823498c0db5f7976b21ed552bf35330e75c879c0c","5eb6ac90f95bdfe17092e15b8f01ba3a3df05bfda12ccac1a909d0000f8d17dc",82.03,21,"bc41ec910b108600bc17c7f4d8f5a571728d33a09ac3e727a62ae603e623e37a",0.968999999999994,84.486,FALSE,FALSE,FALSE,FALSE,"closed",FALSE
"mv08o_residual_source_sentinel_v1","primary","SRA749327_SRS3693912","internal124",20260805,"sct_data_all_qc_fit_selected384","exact500",945,384,"809ab6bf6dd4d75fb5f00e1e31697db34a6cd30e30e51c43c74bf7dc64b0cb75",500,"48e881ee753893bfaecd7101fc16fbcb552dd30a2a791fedfc7204d7b322a32e",TRUE,0,0.110534095808994,TRUE,"760de40aede44c9394885776873bc178cb2941686ca8724f0a6e647f66a0c439","3d0a0208ecef1bdd91bd6d30c0cafce67fa2c473fda2b2a259ed9686dae62f1f",119.469,710,"1f0ebe7383f6998116af92c3ccb0b6f66400c79cd62cc552284ecbfe1d89ea16",0.739999999999995,120.43,FALSE,FALSE,FALSE,FALSE,"closed",FALSE
"mv08o_residual_source_sentinel_v1","primary","SRA749327_SRS3693912","internal124",20260805,"sct_pearson_residual_all_qc_fit_selected384","exact500",945,384,"809ab6bf6dd4d75fb5f00e1e31697db34a6cd30e30e51c43c74bf7dc64b0cb75",500,"48e881ee753893bfaecd7101fc16fbcb552dd30a2a791fedfc7204d7b322a32e",TRUE,0,0.704272400418074,TRUE,"679f3db908e77604d7b832bcf1b2b5b69187cb094b4a226ba69809926834beb4","747198180f82855e68a2686f05e8e8552aef80125e27fba42b76f3ed45ee4cb9",119.469,710,"1f0ebe7383f6998116af92c3ccb0b6f66400c79cd62cc552284ecbfe1d89ea16",0.739999999999995,120.588,FALSE,FALSE,FALSE,FALSE,"closed",FALSE
"mv08o_residual_source_sentinel_v1","primary","SRA749327_SRS3693912","internal124",20260806,"sct_data_all_qc_fit_selected384","exact500",945,384,"2d160676aba339e0f368ad661aa1930fb999104632eda15fb4854dcc5bb10be6",500,"48e881ee753893bfaecd7101fc16fbcb552dd30a2a791fedfc7204d7b322a32e",TRUE,0,0.102420887162365,TRUE,"6821afdd93be3e6c991a2db7e3b9ef7e7061077b3b4593ed333d5f9f6d17b763","fb62282cd78d0bccb53449addbf108c6c8373d5a8c6eff72152c67ee0bb226e5",119.469,710,"1f0ebe7383f6998116af92c3ccb0b6f66400c79cd62cc552284ecbfe1d89ea16",0.739999999999995,120.724,FALSE,FALSE,FALSE,FALSE,"closed",FALSE
"mv08o_residual_source_sentinel_v1","primary","SRA749327_SRS3693912","internal124",20260806,"sct_pearson_residual_all_qc_fit_selected384","exact500",945,384,"2d160676aba339e0f368ad661aa1930fb999104632eda15fb4854dcc5bb10be6",500,"48e881ee753893bfaecd7101fc16fbcb552dd30a2a791fedfc7204d7b322a32e",TRUE,0,0.673926799910899,TRUE,"5d8d49dd339a15023b7df0374448ad6a605bbf6246d90aaa01c9331d386b42a8","7a636134932fc2409b15179e8dd7189286f7c8bc3113424fdcb48208d1dd31bf",119.469,710,"1f0ebe7383f6998116af92c3ccb0b6f66400c79cd62cc552284ecbfe1d89ea16",0.739999999999995,120.886,FALSE,FALSE,FALSE,FALSE,"closed",FALSE
"mv08o_residual_source_sentinel_v1","primary","SRA749327_SRS3693912","internal124",20260807,"sct_data_all_qc_fit_selected384","exact500",945,384,"d6b69a29b8052747b9c5b6f47da92325d4850237c4e309e5a2e77424a8b7ba98",500,"48e881ee753893bfaecd7101fc16fbcb552dd30a2a791fedfc7204d7b322a32e",TRUE,0,0.0991286924845521,TRUE,"40e97190b0ac4b7aa94d560c65cad67e34acdbd1b685968a4dc37e72aee384aa","b178645540b55564de247e39d93e108b34efe11ee839fc746d3cbc8f0177c360",119.469,710,"1f0ebe7383f6998116af92c3ccb0b6f66400c79cd62cc552284ecbfe1d89ea16",0.739999999999995,121.062,FALSE,FALSE,FALSE,FALSE,"closed",FALSE
"mv08o_residual_source_sentinel_v1","primary","SRA749327_SRS3693912","internal124",20260807,"sct_pearson_residual_all_qc_fit_selected384","exact500",945,384,"d6b69a29b8052747b9c5b6f47da92325d4850237c4e309e5a2e77424a8b7ba98",500,"48e881ee753893bfaecd7101fc16fbcb552dd30a2a791fedfc7204d7b322a32e",TRUE,0,0.70245416719559,TRUE,"b95a63e3de5bc659a073389a561807c6d444b25f1b3fe797499bd07dbeda5f05","7a74e549ba98241ad17d93a75e1c2d09c427f8fc6a610acddaaf0773d4bf0211",119.469,710,"1f0ebe7383f6998116af92c3ccb0b6f66400c79cd62cc552284ecbfe1d89ea16",0.739999999999995,121.214,FALSE,FALSE,FALSE,FALSE,"closed",FALSE
"mv08o_residual_source_sentinel_v1","primary","SRA749327_SRS3693912","internal124",20260808,"sct_data_all_qc_fit_selected384","exact500",945,384,"e29da5b0e545605ca55aadbcb7c8f9b76f49c221ef5ba9e8e5cda6b628ee1082",500,"48e881ee753893bfaecd7101fc16fbcb552dd30a2a791fedfc7204d7b322a32e",TRUE,0,0.113519822707235,TRUE,"a7bb22e5347c85ac09b8f1eec397555a25a2cd463b57271e863b5e5de5a5919a","6fd23587ad08a255384e768268ec0fd8ec11137a3fdc6d56e7cacc96c2042051",119.469,710,"1f0ebe7383f6998116af92c3ccb0b6f66400c79cd62cc552284ecbfe1d89ea16",0.739999999999995,121.348,FALSE,FALSE,FALSE,FALSE,"closed",FALSE
"mv08o_residual_source_sentinel_v1","primary","SRA749327_SRS3693912","internal124",20260808,"sct_pearson_residual_all_qc_fit_selected384","exact500",945,384,"e29da5b0e545605ca55aadbcb7c8f9b76f49c221ef5ba9e8e5cda6b628ee1082",500,"48e881ee753893bfaecd7101fc16fbcb552dd30a2a791fedfc7204d7b322a32e",TRUE,0,0.696803087193283,TRUE,"9c4feea997a2d1e95047e660c5cd07f644549bf4f6056a3b5654f97d0e05f57c","7b0c64cd475da08d75d35f5e169b53c7f60f0423f0ec65d13f2859dad55deef2",119.469,710,"1f0ebe7383f6998116af92c3ccb0b6f66400c79cd62cc552284ecbfe1d89ea16",0.739999999999995,121.478,FALSE,FALSE,FALSE,FALSE,"closed",FALSE
"mv08o_residual_source_sentinel_v1","primary","SRA749327_SRS3693912","internal124",20260809,"sct_data_all_qc_fit_selected384","exact500",945,384,"d4b9034433e8eb7cf22724e5bec61b0b54236e1a8a45b1cd00815ee1e30f0716",500,"48e881ee753893bfaecd7101fc16fbcb552dd30a2a791fedfc7204d7b322a32e",TRUE,0,0.113519822707235,TRUE,"fac5573f70a47cbefe3ad09ea2e27f824e4e382760b6ab8abb75a3b8a7d62ef0","b202c8a29827040ef15b50f7ebc7e6d75025fda9e7cdddbf640d52e21381fe05",119.469,710,"1f0ebe7383f6998116af92c3ccb0b6f66400c79cd62cc552284ecbfe1d89ea16",0.739999999999995,121.615,FALSE,FALSE,FALSE,FALSE,"closed",FALSE
"mv08o_residual_source_sentinel_v1","primary","SRA749327_SRS3693912","internal124",20260809,"sct_pearson_residual_all_qc_fit_selected384","exact500",945,384,"d4b9034433e8eb7cf22724e5bec61b0b54236e1a8a45b1cd00815ee1e30f0716",500,"48e881ee753893bfaecd7101fc16fbcb552dd30a2a791fedfc7204d7b322a32e",TRUE,0,0.705267137141052,TRUE,"f6b652f40800162c51c4e333a012c799287e7461125d0caa15e4b67a55f54b78","b62bba0bc46a406b22a749842c4e030ccf75cc0a1bb617b833fb11ab61fbfcde",119.469,710,"1f0ebe7383f6998116af92c3ccb0b6f66400c79cd62cc552284ecbfe1d89ea16",0.739999999999995,121.744,FALSE,FALSE,FALSE,FALSE,"closed",FALSE
"mv08o_residual_source_sentinel_v1","primary","SRA740174_SRS3548781","internal124",20260805,"sct_data_all_qc_fit_selected384","exact500",952,384,"dbf3a9140f9708edcfe86d6609c4fb9c1e03b9c909d8ef38ad162c7c13724333",500,"48e881ee753893bfaecd7101fc16fbcb552dd30a2a791fedfc7204d7b322a32e",TRUE,0,0.190101435195535,TRUE,"a15f0a4ec1530e6d37050c7438edb8530a530011b13270bc58fe357fb69edee2","682266d2f014158ef8af22e5ac0993af0c48d5f642090a5905ce0a817f532c3b",135.043,861,"ca6942c97dd850b48cc06efc622330e36c7e5325ae6e5499d209bb4e9339e9a9",0.996999999999986,136.27,FALSE,FALSE,FALSE,FALSE,"closed",FALSE
"mv08o_residual_source_sentinel_v1","primary","SRA740174_SRS3548781","internal124",20260805,"sct_pearson_residual_all_qc_fit_selected384","exact500",952,384,"dbf3a9140f9708edcfe86d6609c4fb9c1e03b9c909d8ef38ad162c7c13724333",500,"48e881ee753893bfaecd7101fc16fbcb552dd30a2a791fedfc7204d7b322a32e",TRUE,0,0.731751300697587,TRUE,"2b1cfb7085b20597adf2fc9fb975593ac6611fe7d4c0aa2c2b276f67ab079add","3ce330e8c0e72f41d3f651ea4f64b26e99e0e4d67a99363376de284c1a7db88a",135.043,861,"ca6942c97dd850b48cc06efc622330e36c7e5325ae6e5499d209bb4e9339e9a9",0.996999999999986,136.397,FALSE,FALSE,FALSE,FALSE,"closed",FALSE
"mv08o_residual_source_sentinel_v1","primary","SRA740174_SRS3548781","internal124",20260806,"sct_data_all_qc_fit_selected384","exact500",952,384,"9035d05e1129abf56ffe8cf5168bf701cf5d9e3b15577e2ec01edb9226d97fbd",500,"48e881ee753893bfaecd7101fc16fbcb552dd30a2a791fedfc7204d7b322a32e",TRUE,0,0.179294921051663,TRUE,"fa70a953a828f1d030857a1063bfbf088afbfc96ad059e33cf8a2ec9cb13b476","20ac05fcfe4a6b21dce972d80be2ed07f963452912cf3b0aae3c30a0931e08da",135.043,861,"ca6942c97dd850b48cc06efc622330e36c7e5325ae6e5499d209bb4e9339e9a9",0.996999999999986,136.53,FALSE,FALSE,FALSE,FALSE,"closed",FALSE
"mv08o_residual_source_sentinel_v1","primary","SRA740174_SRS3548781","internal124",20260806,"sct_pearson_residual_all_qc_fit_selected384","exact500",952,384,"9035d05e1129abf56ffe8cf5168bf701cf5d9e3b15577e2ec01edb9226d97fbd",500,"48e881ee753893bfaecd7101fc16fbcb552dd30a2a791fedfc7204d7b322a32e",TRUE,0,0.700750877451811,TRUE,"d351fb5a695f98ec9aca04cb0cdf5f055cc33dfb21ae30e7bc3088e2f3532fb5","14342510e8c09fa34ae608806da471592a5537e788e485970979c8a00faab40f",135.043,861,"ca6942c97dd850b48cc06efc622330e36c7e5325ae6e5499d209bb4e9339e9a9",0.996999999999986,136.673,FALSE,FALSE,FALSE,FALSE,"closed",FALSE
"mv08o_residual_source_sentinel_v1","primary","SRA740174_SRS3548781","internal124",20260807,"sct_data_all_qc_fit_selected384","exact500",952,384,"a4f2abc1fcb8c0e1b2d8236104da89a97ded6074d58a684e65dd3ef6870b0da3",500,"48e881ee753893bfaecd7101fc16fbcb552dd30a2a791fedfc7204d7b322a32e",TRUE,0,0.174175910170517,TRUE,"5e0c54484404f64af92774de0eaec35943b07beb0df2d4717832f60f751a4196","7591ea8b99c7524cca80f0336b7e56389a35afe54f4ac3539c9fe23ebafb602f",135.043,861,"ca6942c97dd850b48cc06efc622330e36c7e5325ae6e5499d209bb4e9339e9a9",0.996999999999986,136.812,FALSE,FALSE,FALSE,FALSE,"closed",FALSE
"mv08o_residual_source_sentinel_v1","primary","SRA740174_SRS3548781","internal124",20260807,"sct_pearson_residual_all_qc_fit_selected384","exact500",952,384,"a4f2abc1fcb8c0e1b2d8236104da89a97ded6074d58a684e65dd3ef6870b0da3",500,"48e881ee753893bfaecd7101fc16fbcb552dd30a2a791fedfc7204d7b322a32e",TRUE,0,0.68279064142746,TRUE,"92b8fd79efc38e1f9b5ccac87f57acbe75982a0dd6faf8d2defce2da16078d3d","46091783d5e0023c268c2d426a8fc6f85dcf37b606e01075116669941b1d3d9b",135.043,861,"ca6942c97dd850b48cc06efc622330e36c7e5325ae6e5499d209bb4e9339e9a9",0.996999999999986,136.954,FALSE,FALSE,FALSE,FALSE,"closed",FALSE
"mv08o_residual_source_sentinel_v1","primary","SRA740174_SRS3548781","internal124",20260808,"sct_data_all_qc_fit_selected384","exact500",952,384,"e41c73e06e1b9d19f8dcfab6d8fe1b2eee5976734d2f42f0d7846f0f56084947",500,"48e881ee753893bfaecd7101fc16fbcb552dd30a2a791fedfc7204d7b322a32e",TRUE,0,0.164694077076775,TRUE,"3deff85a581617d692baef7baf6bbb8b56c63155cd325b9024538ae9e2eb1844","0aae5935f48135f6f67798805c761953b9f081ca296dae86647748dac2864284",135.043,861,"ca6942c97dd850b48cc06efc622330e36c7e5325ae6e5499d209bb4e9339e9a9",0.996999999999986,137.096,FALSE,FALSE,FALSE,FALSE,"closed",FALSE
"mv08o_residual_source_sentinel_v1","primary","SRA740174_SRS3548781","internal124",20260808,"sct_pearson_residual_all_qc_fit_selected384","exact500",952,384,"e41c73e06e1b9d19f8dcfab6d8fe1b2eee5976734d2f42f0d7846f0f56084947",500,"48e881ee753893bfaecd7101fc16fbcb552dd30a2a791fedfc7204d7b322a32e",TRUE,0,0.726740661812048,TRUE,"90606e0ad3c006f28a69b5616003c9141d3051a6d4c98f9713bdda51a280c69c","00ac5b097d5212911bfdacd543d6cf1f983d824c48636f61113e67eb272958d9",135.043,861,"ca6942c97dd850b48cc06efc622330e36c7e5325ae6e5499d209bb4e9339e9a9",0.996999999999986,137.243,FALSE,FALSE,FALSE,FALSE,"closed",FALSE
"mv08o_residual_source_sentinel_v1","primary","SRA740174_SRS3548781","internal124",20260809,"sct_data_all_qc_fit_selected384","exact500",952,384,"2acf4de675b3d15fed2a5c63293ed4d670521e96a0324dca375963f36fd806a5",500,"48e881ee753893bfaecd7101fc16fbcb552dd30a2a791fedfc7204d7b322a32e",TRUE,0,0.206972363752163,TRUE,"ecb1beaeeca2dd9a00718a4c595e3e52f9a867b9429c109af60e793b7aaa3026","78c755514378b8ed7d3018b2d357afe508b00432a834a040bc773cec7038898c",135.043,861,"ca6942c97dd850b48cc06efc622330e36c7e5325ae6e5499d209bb4e9339e9a9",0.996999999999986,137.395,FALSE,FALSE,FALSE,FALSE,"closed",FALSE
"mv08o_residual_source_sentinel_v1","primary","SRA740174_SRS3548781","internal124",20260809,"sct_pearson_residual_all_qc_fit_selected384","exact500",952,384,"2acf4de675b3d15fed2a5c63293ed4d670521e96a0324dca375963f36fd806a5",500,"48e881ee753893bfaecd7101fc16fbcb552dd30a2a791fedfc7204d7b322a32e",TRUE,0,0.724491886159091,TRUE,"6bcb59393f5f5706c3c8dd65566d523c824b2e6a1829313ba1ccb4a161de5429","ef7d460802f6d6eb33af5104146ac42799ae699b20adc226a5f5ea6ebe640761",135.043,861,"ca6942c97dd850b48cc06efc622330e36c7e5325ae6e5499d209bb4e9339e9a9",0.996999999999986,137.521,FALSE,FALSE,FALSE,FALSE,"closed",FALSE
"mv08o_residual_source_sentinel_v1","primary","SRA740174_SRS3548783","internal124",20260805,"sct_data_all_qc_fit_selected384","exact500",955,384,"051ee30363e5d06cc7db6a1c86c155ea23938bfad39c9816af09cf71f58df3ed",500,"48e881ee753893bfaecd7101fc16fbcb552dd30a2a791fedfc7204d7b322a32e",TRUE,0,0.142763752488739,TRUE,"12b776839fd3c66f3174501f17704fd0cce24c4e0453c7fbd3eed5ef595d2a66","f6654d9a594fd01e98660243b5aea98f6ff4da078d64408c17880142268fb2c3",128.903,780,"d4c1312b676a247605a41011b6e79c098725660e1183f05127cf297c817f1c7d",0.548000000000002,129.688,FALSE,FALSE,FALSE,FALSE,"closed",FALSE
"mv08o_residual_source_sentinel_v1","primary","SRA740174_SRS3548783","internal124",20260805,"sct_pearson_residual_all_qc_fit_selected384","exact500",955,384,"051ee30363e5d06cc7db6a1c86c155ea23938bfad39c9816af09cf71f58df3ed",500,"48e881ee753893bfaecd7101fc16fbcb552dd30a2a791fedfc7204d7b322a32e",TRUE,0,0.739061804492178,TRUE,"1d7759fe539620d2f16e14e91b8b7f03785f9f5392e8ddf65f4d8f93377f5e7b","e19f21a94caed063cf32d0aa8cb3349c0e44564235826c6d620ecde2916cdc91",128.903,780,"d4c1312b676a247605a41011b6e79c098725660e1183f05127cf297c817f1c7d",0.548000000000002,129.83,FALSE,FALSE,FALSE,FALSE,"closed",FALSE
"mv08o_residual_source_sentinel_v1","primary","SRA740174_SRS3548783","internal124",20260806,"sct_data_all_qc_fit_selected384","exact500",955,384,"9319db810be73b9033979ee3735be54ed83c8dbb0aea278009ef2ace39625cfb",500,"48e881ee753893bfaecd7101fc16fbcb552dd30a2a791fedfc7204d7b322a32e",TRUE,0,0.146702412943808,TRUE,"10f06267e2196746cd543478c80faf2bb6916dcc4472ea9ae97fcd5409a5fad5","3868a3e7cc1310962e29e65b796f1b96bb0669e6a73bdf5e0e00e6c070e65680",128.903,780,"d4c1312b676a247605a41011b6e79c098725660e1183f05127cf297c817f1c7d",0.548000000000002,129.999,FALSE,FALSE,FALSE,FALSE,"closed",FALSE
"mv08o_residual_source_sentinel_v1","primary","SRA740174_SRS3548783","internal124",20260806,"sct_pearson_residual_all_qc_fit_selected384","exact500",955,384,"9319db810be73b9033979ee3735be54ed83c8dbb0aea278009ef2ace39625cfb",500,"48e881ee753893bfaecd7101fc16fbcb552dd30a2a791fedfc7204d7b322a32e",TRUE,0,0.772757639701461,TRUE,"ddb2b23d5e531feedcc1fe05ddbc474e2c57f51cf7e91764c2a4adff851b6b9f","526e8d2f9e08b9136b1997f6589a706904bf5984491c7cdec444adc68df1575b",128.903,780,"d4c1312b676a247605a41011b6e79c098725660e1183f05127cf297c817f1c7d",0.548000000000002,130.124,FALSE,FALSE,FALSE,FALSE,"closed",FALSE
"mv08o_residual_source_sentinel_v1","primary","SRA740174_SRS3548783","internal124",20260807,"sct_data_all_qc_fit_selected384","exact500",955,384,"e86bce43209b62bc6b360d793b0b75d9d5941a77d75a6fd89c05e5955431254b",500,"48e881ee753893bfaecd7101fc16fbcb552dd30a2a791fedfc7204d7b322a32e",TRUE,0,0.152802297914097,TRUE,"649b6b3cdde17d72b3c442a10b3da865ddf148f31de1a5024458195424073ced","652f5b16e4b6f057a3fdfaa5ab39fb468acc0c30569aeb9a5e1afecdc1abae07",128.903,780,"d4c1312b676a247605a41011b6e79c098725660e1183f05127cf297c817f1c7d",0.548000000000002,130.256,FALSE,FALSE,FALSE,FALSE,"closed",FALSE
"mv08o_residual_source_sentinel_v1","primary","SRA740174_SRS3548783","internal124",20260807,"sct_pearson_residual_all_qc_fit_selected384","exact500",955,384,"e86bce43209b62bc6b360d793b0b75d9d5941a77d75a6fd89c05e5955431254b",500,"48e881ee753893bfaecd7101fc16fbcb552dd30a2a791fedfc7204d7b322a32e",TRUE,0,0.750039606870746,TRUE,"f6405cc5288b8ec576fea3de6c537447053be580ff176b08f60397ae18c31f6c","1681d2d34bdbba375d5b364d509c729a7dd94b37c46e6e01ceff8f230fb943ef",128.903,780,"d4c1312b676a247605a41011b6e79c098725660e1183f05127cf297c817f1c7d",0.548000000000002,130.393,FALSE,FALSE,FALSE,FALSE,"closed",FALSE
"mv08o_residual_source_sentinel_v1","primary","SRA740174_SRS3548783","internal124",20260808,"sct_data_all_qc_fit_selected384","exact500",955,384,"2442464305c74e356a5fda80ca17174f44af0aa51e5ebd3433bea85ac4cf3606",500,"48e881ee753893bfaecd7101fc16fbcb552dd30a2a791fedfc7204d7b322a32e",TRUE,0,0.15645541126598,TRUE,"d8b1b0bcb46dab18aae448acef6825b342c67303e086384b81579a0f1e977644","8ecb68cf2df435cc7f67de932da70961ee9f5406b8b8a34a9e4b25dff2f124a9",128.903,780,"d4c1312b676a247605a41011b6e79c098725660e1183f05127cf297c817f1c7d",0.548000000000002,130.534,FALSE,FALSE,FALSE,FALSE,"closed",FALSE
"mv08o_residual_source_sentinel_v1","primary","SRA740174_SRS3548783","internal124",20260808,"sct_pearson_residual_all_qc_fit_selected384","exact500",955,384,"2442464305c74e356a5fda80ca17174f44af0aa51e5ebd3433bea85ac4cf3606",500,"48e881ee753893bfaecd7101fc16fbcb552dd30a2a791fedfc7204d7b322a32e",TRUE,0,0.729952238035633,TRUE,"2c9273645a1c42a6e3a23478ece090e5f0a349ff9a2b454b0fd9dbdbd7df1c34","6822c95db31d608462a9207299fa45338018f74691e381772ce8ed1f53160829",128.903,780,"d4c1312b676a247605a41011b6e79c098725660e1183f05127cf297c817f1c7d",0.548000000000002,130.686,FALSE,FALSE,FALSE,FALSE,"closed",FALSE
"mv08o_residual_source_sentinel_v1","primary","SRA740174_SRS3548783","internal124",20260809,"sct_data_all_qc_fit_selected384","exact500",955,384,"d58c9578d9edd03da41fc713c9e894c8746cc1a238a062350ce90cd66fb3b2be",500,"48e881ee753893bfaecd7101fc16fbcb552dd30a2a791fedfc7204d7b322a32e",TRUE,0,0.153150650529933,TRUE,"531df335c7ca0cd4b11ff3fc8a3c16f34033d9b8ba79b9502940efa3a93b49f5","a0fcf852bd404381a1b9285804aa9b7a527dafb20f6fefb2d5151d476e58ce42",128.903,780,"d4c1312b676a247605a41011b6e79c098725660e1183f05127cf297c817f1c7d",0.548000000000002,130.832,FALSE,FALSE,FALSE,FALSE,"closed",FALSE
"mv08o_residual_source_sentinel_v1","primary","SRA740174_SRS3548783","internal124",20260809,"sct_pearson_residual_all_qc_fit_selected384","exact500",955,384,"d58c9578d9edd03da41fc713c9e894c8746cc1a238a062350ce90cd66fb3b2be",500,"48e881ee753893bfaecd7101fc16fbcb552dd30a2a791fedfc7204d7b322a32e",TRUE,0,0.759765258604506,TRUE,"e395c7eacb77f5387c5c8e0b3b8d3e83a0317a7e79b8143541bd13174fd6a440","327b88ba192c6d8d20a84939c69b763f31283cf742d6f8610f1735072fb8f38a",128.903,780,"d4c1312b676a247605a41011b6e79c098725660e1183f05127cf297c817f1c7d",0.548000000000002,130.98,FALSE,FALSE,FALSE,FALSE,"closed",FALSE
"mv08o_residual_source_sentinel_v1","primary","SRA779509_SRS3805264","internal124",20260805,"sct_data_all_qc_fit_selected384","exact500",979,384,"e29acb5a138e0cf7976c97d0632f7081f8ccd82f336573299df3f55c0ece9778",500,"48e881ee753893bfaecd7101fc16fbcb552dd30a2a791fedfc7204d7b322a32e",TRUE,0,0.176407515221654,TRUE,"7184d71111de65a0029571dbe233de9e1c48103c30eeb35eae11ebf3ab8309cb","db462ec0f4b1b8dbbf878584881a9430251afb2db543651753f1ebf6e750cf5e",116.878,549,"1f0ebe7383f6998116af92c3ccb0b6f66400c79cd62cc552284ecbfe1d89ea16",0.907000000000011,118.055,FALSE,FALSE,FALSE,FALSE,"closed",FALSE
"mv08o_residual_source_sentinel_v1","primary","SRA779509_SRS3805264","internal124",20260805,"sct_pearson_residual_all_qc_fit_selected384","exact500",979,384,"e29acb5a138e0cf7976c97d0632f7081f8ccd82f336573299df3f55c0ece9778",500,"48e881ee753893bfaecd7101fc16fbcb552dd30a2a791fedfc7204d7b322a32e",TRUE,0,0.763494018808041,TRUE,"53abb597ff71450afd659e1786ebc69a4394ca1719f8dfabcd2fa4f85835d33b","acbffce87582af709e1bf92cc0a166da063ebbaf4bd5fcfee7b6fbd17da0b75b",116.878,549,"1f0ebe7383f6998116af92c3ccb0b6f66400c79cd62cc552284ecbfe1d89ea16",0.907000000000011,118.192,FALSE,FALSE,FALSE,FALSE,"closed",FALSE
"mv08o_residual_source_sentinel_v1","primary","SRA779509_SRS3805264","internal124",20260806,"sct_data_all_qc_fit_selected384","exact500",979,384,"c5da51e0fd061ac33f2d6835431f3647eafca0651effa112ce31a65e0af49e35",500,"48e881ee753893bfaecd7101fc16fbcb552dd30a2a791fedfc7204d7b322a32e",TRUE,0,0.150516355678791,TRUE,"b266ce607be0e4df49453652656ef78a87264a0ac36c9ecccbd7d28d349ee98f","b667d05cb6f2fd5695fa1793e33245b8170adfc00a6bcc1e50ac2dffc91f7a96",116.878,549,"1f0ebe7383f6998116af92c3ccb0b6f66400c79cd62cc552284ecbfe1d89ea16",0.907000000000011,118.331,FALSE,FALSE,FALSE,FALSE,"closed",FALSE
"mv08o_residual_source_sentinel_v1","primary","SRA779509_SRS3805264","internal124",20260806,"sct_pearson_residual_all_qc_fit_selected384","exact500",979,384,"c5da51e0fd061ac33f2d6835431f3647eafca0651effa112ce31a65e0af49e35",500,"48e881ee753893bfaecd7101fc16fbcb552dd30a2a791fedfc7204d7b322a32e",TRUE,0,0.79172077925109,TRUE,"05a2fde34d065cb00e331998e1166384d2f2b8b7866e72ea979dfd9c3676067a","46209338657e579aa36bab6e3aa2ad7732cb3e2193452c21c915a5588fbff4f1",116.878,549,"1f0ebe7383f6998116af92c3ccb0b6f66400c79cd62cc552284ecbfe1d89ea16",0.907000000000011,118.474,FALSE,FALSE,FALSE,FALSE,"closed",FALSE
"mv08o_residual_source_sentinel_v1","primary","SRA779509_SRS3805264","internal124",20260807,"sct_data_all_qc_fit_selected384","exact500",979,384,"228bbb3dd335fe82608e87f74182a227bb4cf8c578826e054dc9b134fb21f3f8",500,"48e881ee753893bfaecd7101fc16fbcb552dd30a2a791fedfc7204d7b322a32e",TRUE,0,0.157805967335394,TRUE,"bd80c36d0c40e6fe95fcbc22dd81dd641453e7f77cbde0f1920686b4dae509e6","87a5a6f20d3524f2c8620427a48b0be0205126f6fef1c39110ff3028de52d335",116.878,549,"1f0ebe7383f6998116af92c3ccb0b6f66400c79cd62cc552284ecbfe1d89ea16",0.907000000000011,118.615,FALSE,FALSE,FALSE,FALSE,"closed",FALSE
"mv08o_residual_source_sentinel_v1","primary","SRA779509_SRS3805264","internal124",20260807,"sct_pearson_residual_all_qc_fit_selected384","exact500",979,384,"228bbb3dd335fe82608e87f74182a227bb4cf8c578826e054dc9b134fb21f3f8",500,"48e881ee753893bfaecd7101fc16fbcb552dd30a2a791fedfc7204d7b322a32e",TRUE,0,0.772058833528039,TRUE,"76ca8e96ce70674883aefdf9c53bc0f4d373e998c12fea36389d6202d105f2c9","47edb0227b75e04d5123addf94939924e380e0f89d84cc62b60900111162ef78",116.878,549,"1f0ebe7383f6998116af92c3ccb0b6f66400c79cd62cc552284ecbfe1d89ea16",0.907000000000011,118.769,FALSE,FALSE,FALSE,FALSE,"closed",FALSE
"mv08o_residual_source_sentinel_v1","primary","SRA779509_SRS3805264","internal124",20260808,"sct_data_all_qc_fit_selected384","exact500",979,384,"766cd4f0a7eb66cc34998b720afcee393a489c27bd44fc7d3afe95d75d97065c",500,"48e881ee753893bfaecd7101fc16fbcb552dd30a2a791fedfc7204d7b322a32e",TRUE,0,0.165585568302371,TRUE,"daac5b485b54c1435d6ba0c39c5ff39803322fe633a41aad97fd9dcc33a9d1d0","1797dc9a9c3a1f22b61037c08acd5dc6cdd0ac6eabd2602855d8cf09adc11361",116.878,549,"1f0ebe7383f6998116af92c3ccb0b6f66400c79cd62cc552284ecbfe1d89ea16",0.907000000000011,118.893,FALSE,FALSE,FALSE,FALSE,"closed",FALSE
"mv08o_residual_source_sentinel_v1","primary","SRA779509_SRS3805264","internal124",20260808,"sct_pearson_residual_all_qc_fit_selected384","exact500",979,384,"766cd4f0a7eb66cc34998b720afcee393a489c27bd44fc7d3afe95d75d97065c",500,"48e881ee753893bfaecd7101fc16fbcb552dd30a2a791fedfc7204d7b322a32e",TRUE,0,0.807708457424058,TRUE,"c0002d421b79321e56fc43e94740f35af69cd70eb5976cb06aeda97e5075c7b3","58696539696e8ba24b138fbc52c558a5e415ac412c2e1cecdcf0ab26a3803174",116.878,549,"1f0ebe7383f6998116af92c3ccb0b6f66400c79cd62cc552284ecbfe1d89ea16",0.907000000000011,119.018,FALSE,FALSE,FALSE,FALSE,"closed",FALSE
"mv08o_residual_source_sentinel_v1","primary","SRA779509_SRS3805264","internal124",20260809,"sct_data_all_qc_fit_selected384","exact500",979,384,"5132fbcc0f0d4ff9a5a5860955f70465e8899885a57b0c8b95425a4bfd51db88",500,"48e881ee753893bfaecd7101fc16fbcb552dd30a2a791fedfc7204d7b322a32e",TRUE,0,0.154214834288185,TRUE,"b720c15b624b9a44d844dbfdd189a8e213909b266c8bb67c3914b0e78b5ebfb9","4614b8a61303546d7b9d6daf4483be2485d29bde3815f848d24288b315e38fe9",116.878,549,"1f0ebe7383f6998116af92c3ccb0b6f66400c79cd62cc552284ecbfe1d89ea16",0.907000000000011,119.144,FALSE,FALSE,FALSE,FALSE,"closed",FALSE
"mv08o_residual_source_sentinel_v1","primary","SRA779509_SRS3805264","internal124",20260809,"sct_pearson_residual_all_qc_fit_selected384","exact500",979,384,"5132fbcc0f0d4ff9a5a5860955f70465e8899885a57b0c8b95425a4bfd51db88",500,"48e881ee753893bfaecd7101fc16fbcb552dd30a2a791fedfc7204d7b322a32e",TRUE,0,0.811953570448744,TRUE,"93faa527618c8febd350dab202e8c85d26ab2b55d037f7914602ae6bb967d031","7a1686884e38c99b93d683663b151fe202aac4d79167a12cb55481d7ec749cbb",116.878,549,"1f0ebe7383f6998116af92c3ccb0b6f66400c79cd62cc552284ecbfe1d89ea16",0.907000000000011,119.274,FALSE,FALSE,FALSE,FALSE,"closed",FALSE
"mv08o_residual_source_sentinel_v1","primary","SRA850958_SRS4386101","internal124",20260805,"sct_data_all_qc_fit_selected384","exact500",1015,384,"ff687c201e04652e9baf05c0acb61dbf72162f47b9b4066690b9a50668a3ad23",500,"48e881ee753893bfaecd7101fc16fbcb552dd30a2a791fedfc7204d7b322a32e",TRUE,0,0.0860759821829421,TRUE,"71b63970be08a38714570d5f98e56da383fc6d7fa286b6626da8e4e22a135a54","1755ecd741baff400607d65375850962cf5078842d907f0602705dc89ea2abf4",103.208,280,"ca6942c97dd850b48cc06efc622330e36c7e5325ae6e5499d209bb4e9339e9a9",0.99799999999999,104.418,FALSE,FALSE,FALSE,FALSE,"closed",FALSE
"mv08o_residual_source_sentinel_v1","primary","SRA850958_SRS4386101","internal124",20260805,"sct_pearson_residual_all_qc_fit_selected384","exact500",1015,384,"ff687c201e04652e9baf05c0acb61dbf72162f47b9b4066690b9a50668a3ad23",500,"48e881ee753893bfaecd7101fc16fbcb552dd30a2a791fedfc7204d7b322a32e",TRUE,0,0.607493781503596,TRUE,"2e4f4261c12340ca20eb1fa28dd25ec476936450a9f00c310ccb59cf15005b64","1bc4ff65bb1f23f5e98c2c23de746e8491aed1ed0f1f0ba4c2430343492981d2",103.208,280,"ca6942c97dd850b48cc06efc622330e36c7e5325ae6e5499d209bb4e9339e9a9",0.99799999999999,104.553,FALSE,FALSE,FALSE,FALSE,"closed",FALSE
"mv08o_residual_source_sentinel_v1","primary","SRA850958_SRS4386101","internal124",20260806,"sct_data_all_qc_fit_selected384","exact500",1015,384,"666f495cdfa896edb2d39348aee195ff62d8f36a244b1c00f4ce05c26bbfbce1",500,"48e881ee753893bfaecd7101fc16fbcb552dd30a2a791fedfc7204d7b322a32e",TRUE,0,0.0786801300387679,TRUE,"663ff8c04fc43b634aab8e9e597fc12cebae23ea4c92d1b06e2d30c874ff4ddf","233efbe9ba36051df694f32d40e9388a147922c1bc00414bbaa2f7af795a9efe",103.208,280,"ca6942c97dd850b48cc06efc622330e36c7e5325ae6e5499d209bb4e9339e9a9",0.99799999999999,104.696,FALSE,FALSE,FALSE,FALSE,"closed",FALSE
"mv08o_residual_source_sentinel_v1","primary","SRA850958_SRS4386101","internal124",20260806,"sct_pearson_residual_all_qc_fit_selected384","exact500",1015,384,"666f495cdfa896edb2d39348aee195ff62d8f36a244b1c00f4ce05c26bbfbce1",500,"48e881ee753893bfaecd7101fc16fbcb552dd30a2a791fedfc7204d7b322a32e",TRUE,0,0.568250572651884,TRUE,"a1f282f7d010b1a5c82cb82d5a9424bf6e998a21efde4bd2e3cb984e75c5f995","f937647923bf96d24135d51af6c2f427d52802de9fa4c065d4162c0c809a737d",103.208,280,"ca6942c97dd850b48cc06efc622330e36c7e5325ae6e5499d209bb4e9339e9a9",0.99799999999999,104.859,FALSE,FALSE,FALSE,FALSE,"closed",FALSE
"mv08o_residual_source_sentinel_v1","primary","SRA850958_SRS4386101","internal124",20260807,"sct_data_all_qc_fit_selected384","exact500",1015,384,"4f0b91c99b82a48173700e42bae86081713fda377b61f59418fd811c7496c335",500,"48e881ee753893bfaecd7101fc16fbcb552dd30a2a791fedfc7204d7b322a32e",TRUE,0,0.0786801300387679,TRUE,"7c160ee4ebc6d21d84440ed1a8c6e5aae278a9254947d1afc0a1e506eb2986a5","76a1529265ddb90ceacbaa71a4551515cf84e0d81055946445545d51a509069b",103.208,280,"ca6942c97dd850b48cc06efc622330e36c7e5325ae6e5499d209bb4e9339e9a9",0.99799999999999,104.985,FALSE,FALSE,FALSE,FALSE,"closed",FALSE
"mv08o_residual_source_sentinel_v1","primary","SRA850958_SRS4386101","internal124",20260807,"sct_pearson_residual_all_qc_fit_selected384","exact500",1015,384,"4f0b91c99b82a48173700e42bae86081713fda377b61f59418fd811c7496c335",500,"48e881ee753893bfaecd7101fc16fbcb552dd30a2a791fedfc7204d7b322a32e",TRUE,0,0.569083071832868,TRUE,"c81dd2fe69afa9f7d85854f3573ee9cd594fc8a5fd02634d36e57142b4f52320","084a6ede3fa7f10b458bc24587093d6a8e5505dca2db25275668df6c2c29849d",103.208,280,"ca6942c97dd850b48cc06efc622330e36c7e5325ae6e5499d209bb4e9339e9a9",0.99799999999999,105.118,FALSE,FALSE,FALSE,FALSE,"closed",FALSE
"mv08o_residual_source_sentinel_v1","primary","SRA850958_SRS4386101","internal124",20260808,"sct_data_all_qc_fit_selected384","exact500",1015,384,"7c182447029cf43a3d6b5627827d8fbd9108b254f95058138cc143054efd26fa",500,"48e881ee753893bfaecd7101fc16fbcb552dd30a2a791fedfc7204d7b322a32e",TRUE,0,0.0928496256266981,TRUE,"3423eaec0182c3728a3fd999a859b2ebf8ae2fbd67f140b72099359cb093a2ff","ba880446cbfeefc5ec169a83f2068237b4985967030207a6f51c2d29b944fa4a",103.208,280,"ca6942c97dd850b48cc06efc622330e36c7e5325ae6e5499d209bb4e9339e9a9",0.99799999999999,105.245,FALSE,FALSE,FALSE,FALSE,"closed",FALSE
"mv08o_residual_source_sentinel_v1","primary","SRA850958_SRS4386101","internal124",20260808,"sct_pearson_residual_all_qc_fit_selected384","exact500",1015,384,"7c182447029cf43a3d6b5627827d8fbd9108b254f95058138cc143054efd26fa",500,"48e881ee753893bfaecd7101fc16fbcb552dd30a2a791fedfc7204d7b322a32e",TRUE,0,0.66101844939839,TRUE,"6a8d6f67112ed13fea76fb6061b864804c1c0b4c8e751b2d949b7a44c8642fa1","9c7ca6febb8868e60c72a0c24adfa507df826020bc6f3113053f8d0089ad3af6",103.208,280,"ca6942c97dd850b48cc06efc622330e36c7e5325ae6e5499d209bb4e9339e9a9",0.99799999999999,105.392,FALSE,FALSE,FALSE,FALSE,"closed",FALSE
"mv08o_residual_source_sentinel_v1","primary","SRA850958_SRS4386101","internal124",20260809,"sct_data_all_qc_fit_selected384","exact500",1015,384,"16725993e8ddbc3f38a4ae8e838886830572a430a8abeb54b5c7512acd7d5e47",500,"48e881ee753893bfaecd7101fc16fbcb552dd30a2a791fedfc7204d7b322a32e",TRUE,0,0.0786801300387679,TRUE,"fbfafdd2a88132229aaad5591ffae4bc96b84b17c6cd007389171b911ff93f93","b9714307e5bcd47554ce855d12277ad20d04b1ab4f590b912388f4851fcd645b",103.208,280,"ca6942c97dd850b48cc06efc622330e36c7e5325ae6e5499d209bb4e9339e9a9",0.99799999999999,105.537,FALSE,FALSE,FALSE,FALSE,"closed",FALSE
"mv08o_residual_source_sentinel_v1","primary","SRA850958_SRS4386101","internal124",20260809,"sct_pearson_residual_all_qc_fit_selected384","exact500",1015,384,"16725993e8ddbc3f38a4ae8e838886830572a430a8abeb54b5c7512acd7d5e47",500,"48e881ee753893bfaecd7101fc16fbcb552dd30a2a791fedfc7204d7b322a32e",TRUE,0,0.568581094415524,TRUE,"8feadb6d670a97694f67d1708a00987282d0c3842dd8cd98d08e5b24f496f14a","6bf7fed65e10396b852c4a1a5b876df642dfcaea65b91c6d5356523a7f2d3bd7",103.208,280,"ca6942c97dd850b48cc06efc622330e36c7e5325ae6e5499d209bb4e9339e9a9",0.99799999999999,105.688,FALSE,FALSE,FALSE,FALSE,"closed",FALSE
"mv08o_residual_source_sentinel_v1","primary","SRA645804_SRS2823411","internal124",20260805,"sct_data_all_qc_fit_selected384","exact500",1031,384,"aa9b79b1ec8712fed2316b8b8ccf5bbecc049984b89775319e7f6bfa8ef83906",500,"48e881ee753893bfaecd7101fc16fbcb552dd30a2a791fedfc7204d7b322a32e",TRUE,0,0.0704664277617063,TRUE,"904a4286a7f5dc8edd07cabb6677b0b9396fe07f99a58929f7064bc905535052","e5193eafbeddc7105b2c6090c87f21bf48beddaa2ad2342bdfff00e3a4e32ed0",151.342,1743,"1f0ebe7383f6998116af92c3ccb0b6f66400c79cd62cc552284ecbfe1d89ea16",0.824999999999989,152.856,FALSE,FALSE,FALSE,FALSE,"closed",FALSE
"mv08o_residual_source_sentinel_v1","primary","SRA645804_SRS2823411","internal124",20260805,"sct_pearson_residual_all_qc_fit_selected384","exact500",1031,384,"aa9b79b1ec8712fed2316b8b8ccf5bbecc049984b89775319e7f6bfa8ef83906",500,"48e881ee753893bfaecd7101fc16fbcb552dd30a2a791fedfc7204d7b322a32e",TRUE,0,0.543438377605662,TRUE,"48df25056a5a6006ebc8ba184e91251673cd6779450a8aa585d27aee7f15a8d4","9e9069b0aafd3fad8c662c7a4855dfff902bae127683a7fc59a445d76d10c65d",151.342,1743,"1f0ebe7383f6998116af92c3ccb0b6f66400c79cd62cc552284ecbfe1d89ea16",0.824999999999989,152.987,FALSE,FALSE,FALSE,FALSE,"closed",FALSE
"mv08o_residual_source_sentinel_v1","primary","SRA645804_SRS2823411","internal124",20260806,"sct_data_all_qc_fit_selected384","exact500",1031,384,"3eb89a44074f05e601a332905eae1c98c1ba7be47d0d05d2a2e5a219221a40ce",500,"48e881ee753893bfaecd7101fc16fbcb552dd30a2a791fedfc7204d7b322a32e",TRUE,0,0.0991286924845521,TRUE,"9ce76262fa2ef15daba9a96e7336a3ed0bd2e0442473d8059715210480c2bcf3","b3ad4cd4808f7409ba07724a1eadc016c2c135badc7f238cdced45a25d64c2ae",151.342,1743,"1f0ebe7383f6998116af92c3ccb0b6f66400c79cd62cc552284ecbfe1d89ea16",0.824999999999989,153.118,FALSE,FALSE,FALSE,FALSE,"closed",FALSE
"mv08o_residual_source_sentinel_v1","primary","SRA645804_SRS2823411","internal124",20260806,"sct_pearson_residual_all_qc_fit_selected384","exact500",1031,384,"3eb89a44074f05e601a332905eae1c98c1ba7be47d0d05d2a2e5a219221a40ce",500,"48e881ee753893bfaecd7101fc16fbcb552dd30a2a791fedfc7204d7b322a32e",TRUE,0,0.53838502562595,TRUE,"c013f020fef9a54a52aaaa453677df5cb370196951c57b6c79ec83adf13f8feb","f77f7859a04c2d1800f3a68f472e20ce7fa1e0a6cbcfe29224160b23f2d092c1",151.342,1743,"1f0ebe7383f6998116af92c3ccb0b6f66400c79cd62cc552284ecbfe1d89ea16",0.824999999999989,153.261,FALSE,FALSE,FALSE,FALSE,"closed",FALSE
"mv08o_residual_source_sentinel_v1","primary","SRA645804_SRS2823411","internal124",20260807,"sct_data_all_qc_fit_selected384","exact500",1031,384,"3a628edb4b36c20447fe61c0cb14932c90b86c6e1c49e26c5de0f7dcb3e4e59c",500,"48e881ee753893bfaecd7101fc16fbcb552dd30a2a791fedfc7204d7b322a32e",TRUE,0,0.0860759821829421,TRUE,"07c8d53028e55f2ea3a45449fc7aab403cb4f8ee5a6f7c73035d91bb6158c8ba","0b1d193bd6ae0a90d4aea5bda5a9a8c12647c6c5cedc46bd102c4ca787e09c18",151.342,1743,"1f0ebe7383f6998116af92c3ccb0b6f66400c79cd62cc552284ecbfe1d89ea16",0.824999999999989,153.407,FALSE,FALSE,FALSE,FALSE,"closed",FALSE
"mv08o_residual_source_sentinel_v1","primary","SRA645804_SRS2823411","internal124",20260807,"sct_pearson_residual_all_qc_fit_selected384","exact500",1031,384,"3a628edb4b36c20447fe61c0cb14932c90b86c6e1c49e26c5de0f7dcb3e4e59c",500,"48e881ee753893bfaecd7101fc16fbcb552dd30a2a791fedfc7204d7b322a32e",TRUE,0,0.573440537426883,TRUE,"7bc9665ebaef50d3cbac41f0d6d05a1e3ae3b25eddd6d22016b46dfae585bf15","b71dabe82f6dd1c09be16810fab0ed5b180078b685c2b044d477e8dc133c0ef3",151.342,1743,"1f0ebe7383f6998116af92c3ccb0b6f66400c79cd62cc552284ecbfe1d89ea16",0.824999999999989,153.555,FALSE,FALSE,FALSE,FALSE,"closed",FALSE
"mv08o_residual_source_sentinel_v1","primary","SRA645804_SRS2823411","internal124",20260808,"sct_data_all_qc_fit_selected384","exact500",1031,384,"c36ec75812abb2b6d806b7d4209448bd31a077154635d7e43f752ffaa43f4013",500,"48e881ee753893bfaecd7101fc16fbcb552dd30a2a791fedfc7204d7b322a32e",TRUE,0,0.0860759821829421,TRUE,"b85eb7a43fe65ae075c41e70baba4bf5ed42092c874bc62a2323aed2d0e1dc2a","a54f0fef1d5d330953778e45763597b13516025eb0c7cc2007865640f589166e",151.342,1743,"1f0ebe7383f6998116af92c3ccb0b6f66400c79cd62cc552284ecbfe1d89ea16",0.824999999999989,153.696,FALSE,FALSE,FALSE,FALSE,"closed",FALSE
"mv08o_residual_source_sentinel_v1","primary","SRA645804_SRS2823411","internal124",20260808,"sct_pearson_residual_all_qc_fit_selected384","exact500",1031,384,"c36ec75812abb2b6d806b7d4209448bd31a077154635d7e43f752ffaa43f4013",500,"48e881ee753893bfaecd7101fc16fbcb552dd30a2a791fedfc7204d7b322a32e",TRUE,0,0.526382835096454,TRUE,"2d5758bec67e9ff603738c20808a71d58ea0b2b4ffd6f89c751a39128c02448e","24fa8dcc2a368b511da4dc09b288dd6f9425491617544753b457ef81d6679ad8",151.342,1743,"1f0ebe7383f6998116af92c3ccb0b6f66400c79cd62cc552284ecbfe1d89ea16",0.824999999999989,153.844,FALSE,FALSE,FALSE,FALSE,"closed",FALSE
"mv08o_residual_source_sentinel_v1","primary","SRA645804_SRS2823411","internal124",20260809,"sct_data_all_qc_fit_selected384","exact500",1031,384,"326d104534044872171ee5c6681494c794cec5075ad74dd6dea832f67820dae2",500,"48e881ee753893bfaecd7101fc16fbcb552dd30a2a791fedfc7204d7b322a32e",TRUE,0,0.0991286924845521,TRUE,"1fe52c74ebd0202944f37254aec688601b5b7b5d279a9a6dd0460b5c909138f9","a225f024358103f4b0074a0ef870908cc7f22c9c1c30c1fc863842015ad16245",151.342,1743,"1f0ebe7383f6998116af92c3ccb0b6f66400c79cd62cc552284ecbfe1d89ea16",0.824999999999989,153.988,FALSE,FALSE,FALSE,FALSE,"closed",FALSE
"mv08o_residual_source_sentinel_v1","primary","SRA645804_SRS2823411","internal124",20260809,"sct_pearson_residual_all_qc_fit_selected384","exact500",1031,384,"326d104534044872171ee5c6681494c794cec5075ad74dd6dea832f67820dae2",500,"48e881ee753893bfaecd7101fc16fbcb552dd30a2a791fedfc7204d7b322a32e",TRUE,0,0.565380925090276,TRUE,"9a8e17f98c9bdeb9f711f51315a15a40bfc2e341b28866e6e00c52cb2538d11e","217715a23681197aeb9536ec53364c74a223ebe32f91dc7e3a9f25171292d57c",151.342,1743,"1f0ebe7383f6998116af92c3ccb0b6f66400c79cd62cc552284ecbfe1d89ea16",0.824999999999989,154.138,FALSE,FALSE,FALSE,FALSE,"closed",FALSE
"mv08o_residual_source_sentinel_v1","primary","SRA716608_SRS3391629","internal124",20260805,"sct_data_all_qc_fit_selected384","exact500",1043,384,"a6b3278fa4c9abed7e643a775219a6208cf371772749d7c6ada88cff617eaaae",500,"48e881ee753893bfaecd7101fc16fbcb552dd30a2a791fedfc7204d7b322a32e",TRUE,0,0.250305262052775,TRUE,"e1c4aa3d9a6a48128a633a29ca29dea673d7d3a048d02ce208e16c80d4e2b9bd","e0d7d29ed2e22a2338eb7b8ce31c82c8d8e4c1bbda6a31d5f3c4bacfe1c3c85a",176.154,2366,"1f0ebe7383f6998116af92c3ccb0b6f66400c79cd62cc552284ecbfe1d89ea16",1.084,177.457,FALSE,FALSE,FALSE,FALSE,"closed",FALSE
"mv08o_residual_source_sentinel_v1","primary","SRA716608_SRS3391629","internal124",20260805,"sct_pearson_residual_all_qc_fit_selected384","exact500",1043,384,"a6b3278fa4c9abed7e643a775219a6208cf371772749d7c6ada88cff617eaaae",500,"48e881ee753893bfaecd7101fc16fbcb552dd30a2a791fedfc7204d7b322a32e",TRUE,0,0.66589826207895,TRUE,"655d1d44f336d5c82d3d1d4e073cbf847c2586f8a331c70401e0173348227b6c","dd643a2c0ab0608cbc4c8507ff13901f9612035b43da4f181a0647d04f4e6100",176.154,2366,"1f0ebe7383f6998116af92c3ccb0b6f66400c79cd62cc552284ecbfe1d89ea16",1.084,177.583,FALSE,FALSE,FALSE,FALSE,"closed",FALSE
"mv08o_residual_source_sentinel_v1","primary","SRA716608_SRS3391629","internal124",20260806,"sct_data_all_qc_fit_selected384","exact500",1043,384,"6152d06380ae391246b9b2d6d7717b55c494e58e7e9b0f528219d03ccbad12d7",500,"48e881ee753893bfaecd7101fc16fbcb552dd30a2a791fedfc7204d7b322a32e",TRUE,0,0.264795031975252,TRUE,"664cad53f27229dbfeac5c59cfcb5f61163d745515d1938b421dcf370efe8311","d06c8515af69ee0a90e05f89a101d05480cbe4da3aaa56b28a9c713cc77e99f7",176.154,2366,"1f0ebe7383f6998116af92c3ccb0b6f66400c79cd62cc552284ecbfe1d89ea16",1.084,177.706,FALSE,FALSE,FALSE,FALSE,"closed",FALSE
"mv08o_residual_source_sentinel_v1","primary","SRA716608_SRS3391629","internal124",20260806,"sct_pearson_residual_all_qc_fit_selected384","exact500",1043,384,"6152d06380ae391246b9b2d6d7717b55c494e58e7e9b0f528219d03ccbad12d7",500,"48e881ee753893bfaecd7101fc16fbcb552dd30a2a791fedfc7204d7b322a32e",TRUE,0,0.684115254028683,TRUE,"2393d71d487be992e9a2ddea938b77a589a84e49deef06f4ced2d3032267d5b0","156993c092e3e67708bf7de91a3bb7fb1966a195fc21f2bc0950e0809d4f3906",176.154,2366,"1f0ebe7383f6998116af92c3ccb0b6f66400c79cd62cc552284ecbfe1d89ea16",1.084,177.832,FALSE,FALSE,FALSE,FALSE,"closed",FALSE
"mv08o_residual_source_sentinel_v1","primary","SRA716608_SRS3391629","internal124",20260807,"sct_data_all_qc_fit_selected384","exact500",1043,384,"29bf967bc3a9cc3e610856f2055884d4d8f7a401acf33ec482db29839abc83c3",500,"48e881ee753893bfaecd7101fc16fbcb552dd30a2a791fedfc7204d7b322a32e",TRUE,0,0.25802606231006,TRUE,"0ded92e0040523584e9d20812f97ad0cf2204d820ce16fefc16df0a846ee2d8e","47163a571bac5225813a4e57b35c13f9e4ee3f0e994b42516c110bd194d543c8",176.154,2366,"1f0ebe7383f6998116af92c3ccb0b6f66400c79cd62cc552284ecbfe1d89ea16",1.084,177.954,FALSE,FALSE,FALSE,FALSE,"closed",FALSE
"mv08o_residual_source_sentinel_v1","primary","SRA716608_SRS3391629","internal124",20260807,"sct_pearson_residual_all_qc_fit_selected384","exact500",1043,384,"29bf967bc3a9cc3e610856f2055884d4d8f7a401acf33ec482db29839abc83c3",500,"48e881ee753893bfaecd7101fc16fbcb552dd30a2a791fedfc7204d7b322a32e",TRUE,0,0.671525498117731,TRUE,"b854fe3098efdf809bbbb75b2eeef6f1981e30d679d904414bfa3c1ab4bfc9e3","b1178feff801d05239fa11f7511e4e1105e17e6f4d91fb1581d23fd56f82a001",176.154,2366,"1f0ebe7383f6998116af92c3ccb0b6f66400c79cd62cc552284ecbfe1d89ea16",1.084,178.095,FALSE,FALSE,FALSE,FALSE,"closed",FALSE
"mv08o_residual_source_sentinel_v1","primary","SRA716608_SRS3391629","internal124",20260808,"sct_data_all_qc_fit_selected384","exact500",1043,384,"21e7588d389d8b63c0d05be54d965dcb58c52155b62ed5f5d23c8d5e194e59fe",500,"48e881ee753893bfaecd7101fc16fbcb552dd30a2a791fedfc7204d7b322a32e",TRUE,0,0.257253627489487,TRUE,"afde6ce98544cadeb1c9d1a0cf6b7a11f8ba3a47ff57539bb5aa7d32c6df4d6f","00b75fe40a9c7c7809cac55aa5e672715ef6da2d6677f4375fa18eef66e26799",176.154,2366,"1f0ebe7383f6998116af92c3ccb0b6f66400c79cd62cc552284ecbfe1d89ea16",1.084,178.242,FALSE,FALSE,FALSE,FALSE,"closed",FALSE
"mv08o_residual_source_sentinel_v1","primary","SRA716608_SRS3391629","internal124",20260808,"sct_pearson_residual_all_qc_fit_selected384","exact500",1043,384,"21e7588d389d8b63c0d05be54d965dcb58c52155b62ed5f5d23c8d5e194e59fe",500,"48e881ee753893bfaecd7101fc16fbcb552dd30a2a791fedfc7204d7b322a32e",TRUE,0,0.652248687093567,TRUE,"5163f802ebd39bc02ce638181eb7d91e32dd351b7f21ea2ae42e021dae00ea23","eb604af83f364e2fa9a2316def922a39affeb5e81961bbb94b60ff16771b8288",176.154,2366,"1f0ebe7383f6998116af92c3ccb0b6f66400c79cd62cc552284ecbfe1d89ea16",1.084,178.371,FALSE,FALSE,FALSE,FALSE,"closed",FALSE
"mv08o_residual_source_sentinel_v1","primary","SRA716608_SRS3391629","internal124",20260809,"sct_data_all_qc_fit_selected384","exact500",1043,384,"c306ff9b214c702b8e459477465ff15a727cd1787dfb1c10362aeb0b935b5f39",500,"48e881ee753893bfaecd7101fc16fbcb552dd30a2a791fedfc7204d7b322a32e",TRUE,0,0.262842808260577,TRUE,"9c0a50a5986ce8004dd2c9a007896291dd8a2dc00f77ee53a036d30234cbae32","2fd932ff23d8ff8dd121d4d79214c373b5f01dbc7a360412bb4f6848a710f7fd",176.154,2366,"1f0ebe7383f6998116af92c3ccb0b6f66400c79cd62cc552284ecbfe1d89ea16",1.084,178.496,FALSE,FALSE,FALSE,FALSE,"closed",FALSE
"mv08o_residual_source_sentinel_v1","primary","SRA716608_SRS3391629","internal124",20260809,"sct_pearson_residual_all_qc_fit_selected384","exact500",1043,384,"c306ff9b214c702b8e459477465ff15a727cd1787dfb1c10362aeb0b935b5f39",500,"48e881ee753893bfaecd7101fc16fbcb552dd30a2a791fedfc7204d7b322a32e",TRUE,0,0.672621339439765,TRUE,"bd59388af8b5b204b6ef2201b3ed9e095ad2151ec0c30379dafce9304054cd2a","bfc972c365b46258c4b9c6f4a9d4db90ed1fb158ca96dbb42a61521159a1507c",176.154,2366,"1f0ebe7383f6998116af92c3ccb0b6f66400c79cd62cc552284ecbfe1d89ea16",1.084,178.624,FALSE,FALSE,FALSE,FALSE,"closed",FALSE
"mv08o_residual_source_sentinel_v1","primary","SRA701877_SRS3279689","internal124",20260805,"sct_data_all_qc_fit_selected384","exact500",1090,384,"025cecdec06f34d888ba0883cbe4796420efac86dffe6a6cd5ecbf7c535b42ea",500,"48e881ee753893bfaecd7101fc16fbcb552dd30a2a791fedfc7204d7b322a32e",TRUE,0,0.282863453208628,TRUE,"578e99364d2f6912c1163650c5631c020829bf937a516dbcd6c4299907a7cbb5","1f9ed7f8a235afabe7da54c2eb94b111703563616a24593ff58d4d4e9faa0807",88.791,133,"85b3c8df07c7859d19f3ad0590bbe2f6007bcf12c39054ff3e0932f1a2c92afc",0.951999999999998,89.989,FALSE,FALSE,FALSE,FALSE,"closed",FALSE
"mv08o_residual_source_sentinel_v1","primary","SRA701877_SRS3279689","internal124",20260805,"sct_pearson_residual_all_qc_fit_selected384","exact500",1090,384,"025cecdec06f34d888ba0883cbe4796420efac86dffe6a6cd5ecbf7c535b42ea",500,"48e881ee753893bfaecd7101fc16fbcb552dd30a2a791fedfc7204d7b322a32e",TRUE,0,0.726912693089815,TRUE,"fd8ccc61b23dfbf61a456f9317c60d71797f99353641996eb4449b4ef8e213bd","35cb6b4c100596779137eea163e2fc445eded5f9ecd0f40abf6ae9f21a81f9bb",88.791,133,"85b3c8df07c7859d19f3ad0590bbe2f6007bcf12c39054ff3e0932f1a2c92afc",0.951999999999998,90.114,FALSE,FALSE,FALSE,FALSE,"closed",FALSE
"mv08o_residual_source_sentinel_v1","primary","SRA701877_SRS3279689","internal124",20260806,"sct_data_all_qc_fit_selected384","exact500",1090,384,"5221e242a1c0aa6e2b91274b49f270ea36d973147a03b97c1ea93dad7ae5d758",500,"48e881ee753893bfaecd7101fc16fbcb552dd30a2a791fedfc7204d7b322a32e",TRUE,0,0.289545576053311,TRUE,"893a1519024f9012f0ea4b19c7049b18b9fe2aab724ae38a53fc620807a9c891","8b241ef51e62a86afc706586cca3225b84bf308f27faf05ee062db324c8126ff",88.791,133,"85b3c8df07c7859d19f3ad0590bbe2f6007bcf12c39054ff3e0932f1a2c92afc",0.951999999999998,90.246,FALSE,FALSE,FALSE,FALSE,"closed",FALSE
"mv08o_residual_source_sentinel_v1","primary","SRA701877_SRS3279689","internal124",20260806,"sct_pearson_residual_all_qc_fit_selected384","exact500",1090,384,"5221e242a1c0aa6e2b91274b49f270ea36d973147a03b97c1ea93dad7ae5d758",500,"48e881ee753893bfaecd7101fc16fbcb552dd30a2a791fedfc7204d7b322a32e",TRUE,0,0.632805724221999,TRUE,"95644a02ea43565ab37accc8aea7560b5d6de7940ece637e3c7a7fa8f46b0f5b","5837fd41784db4027f215b4dece440139a476eae0591ee0c1755e579d2f9d10d",88.791,133,"85b3c8df07c7859d19f3ad0590bbe2f6007bcf12c39054ff3e0932f1a2c92afc",0.951999999999998,90.389,FALSE,FALSE,FALSE,FALSE,"closed",FALSE
"mv08o_residual_source_sentinel_v1","primary","SRA701877_SRS3279689","internal124",20260807,"sct_data_all_qc_fit_selected384","exact500",1090,384,"c102bd2b2a7858df7b37f14004fa9cba95d7b53ca4483918d2f85eb0ecc33e51",500,"48e881ee753893bfaecd7101fc16fbcb552dd30a2a791fedfc7204d7b322a32e",TRUE,0,0.249866733341537,TRUE,"78c3f9747473bc10a244736211cadd6e0346f8956e95116fbe5530a5a9924303","ce2fae4394903c94d1c4246319afe7ca6c85549a73666bddfbac6b9881984777",88.791,133,"85b3c8df07c7859d19f3ad0590bbe2f6007bcf12c39054ff3e0932f1a2c92afc",0.951999999999998,90.53,FALSE,FALSE,FALSE,FALSE,"closed",FALSE
"mv08o_residual_source_sentinel_v1","primary","SRA701877_SRS3279689","internal124",20260807,"sct_pearson_residual_all_qc_fit_selected384","exact500",1090,384,"c102bd2b2a7858df7b37f14004fa9cba95d7b53ca4483918d2f85eb0ecc33e51",500,"48e881ee753893bfaecd7101fc16fbcb552dd30a2a791fedfc7204d7b322a32e",TRUE,0,0.698483037656732,TRUE,"5d146a8a249a38413be495fdfffc63698e740919cd55769d3e8b1effe29a2ede","cbb6621e3580421ee033e642b1fdd0c2f07772a89992c298850167947c2d1203",88.791,133,"85b3c8df07c7859d19f3ad0590bbe2f6007bcf12c39054ff3e0932f1a2c92afc",0.951999999999998,90.673,FALSE,FALSE,FALSE,FALSE,"closed",FALSE
"mv08o_residual_source_sentinel_v1","primary","SRA701877_SRS3279689","internal124",20260808,"sct_data_all_qc_fit_selected384","exact500",1090,384,"e24bdd076dc2fccc5ea97bc6f925a27f56dcc35f826b770d8fbf5f9a0a4962e5",500,"48e881ee753893bfaecd7101fc16fbcb552dd30a2a791fedfc7204d7b322a32e",TRUE,0,0.297093518034176,TRUE,"01ed19156b0d54915f1d08b6b4ef7033c187c1efcb5c448b844c1a8ad4db011e","1ff51708578e55205987e095089182c6ad06dcef0928ca49c6515f272f604818",88.791,133,"85b3c8df07c7859d19f3ad0590bbe2f6007bcf12c39054ff3e0932f1a2c92afc",0.951999999999998,90.813,FALSE,FALSE,FALSE,FALSE,"closed",FALSE
"mv08o_residual_source_sentinel_v1","primary","SRA701877_SRS3279689","internal124",20260808,"sct_pearson_residual_all_qc_fit_selected384","exact500",1090,384,"e24bdd076dc2fccc5ea97bc6f925a27f56dcc35f826b770d8fbf5f9a0a4962e5",500,"48e881ee753893bfaecd7101fc16fbcb552dd30a2a791fedfc7204d7b322a32e",TRUE,0,0.697491560803867,TRUE,"8737ae321262de4fdfd354388a5dd3bbe03e28fec30e03cebcdf59d9fea0cf78","863a674a838dc988587a8423f7ec38b7f72eeb0289a8545e883d704f526d4860",88.791,133,"85b3c8df07c7859d19f3ad0590bbe2f6007bcf12c39054ff3e0932f1a2c92afc",0.951999999999998,90.959,FALSE,FALSE,FALSE,FALSE,"closed",FALSE
"mv08o_residual_source_sentinel_v1","primary","SRA701877_SRS3279689","internal124",20260809,"sct_data_all_qc_fit_selected384","exact500",1090,384,"722c7194ab48763c4690461724f434c8a6392a7e3caccb701d6e0bb0fdc9dcf4",500,"48e881ee753893bfaecd7101fc16fbcb552dd30a2a791fedfc7204d7b322a32e",TRUE,0,0.27626903108837,TRUE,"a47f83b59867db42217ec249ab6d294c6f86c2bc583c87cc2dd584fc68859894","5aa5656d7029d09b6703b0e4afc9273c1617bba904db26e62d8160718d37b707",88.791,133,"85b3c8df07c7859d19f3ad0590bbe2f6007bcf12c39054ff3e0932f1a2c92afc",0.951999999999998,91.101,FALSE,FALSE,FALSE,FALSE,"closed",FALSE
"mv08o_residual_source_sentinel_v1","primary","SRA701877_SRS3279689","internal124",20260809,"sct_pearson_residual_all_qc_fit_selected384","exact500",1090,384,"722c7194ab48763c4690461724f434c8a6392a7e3caccb701d6e0bb0fdc9dcf4",500,"48e881ee753893bfaecd7101fc16fbcb552dd30a2a791fedfc7204d7b322a32e",TRUE,0,0.692822190260722,TRUE,"08505be71c00ac169cf90fede109f68cacbeda90430fbcc0a7a8844186af416c","64ff876a8fe21e10b13e7f5d9904724fb285daf935e4bdc6572d561ac269341f",88.791,133,"85b3c8df07c7859d19f3ad0590bbe2f6007bcf12c39054ff3e0932f1a2c92afc",0.951999999999998,91.245,FALSE,FALSE,FALSE,FALSE,"closed",FALSE
"mv08o_residual_source_sentinel_v1","primary","SRA667709_SRS3065426","internal124",20260805,"sct_data_all_qc_fit_selected384","exact500",1118,384,"e82afce06207a717a90d936d34350de00ef81e7b67af4250aad54601172bea3d",500,"48e881ee753893bfaecd7101fc16fbcb552dd30a2a791fedfc7204d7b322a32e",TRUE,0,0.223473348012083,TRUE,"4b2b5671ed95cfd9fc2c6aa148c759ea76c244388a543c8df3ff8dbccc6fc272","84a2c3dec395a41d2e657f9d304b091921b2359b466c9efe453cc97feaba0b49",142.165,275,"1f0ebe7383f6998116af92c3ccb0b6f66400c79cd62cc552284ecbfe1d89ea16",1.27700000000002,143.677,FALSE,FALSE,FALSE,FALSE,"closed",FALSE
"mv08o_residual_source_sentinel_v1","primary","SRA667709_SRS3065426","internal124",20260805,"sct_pearson_residual_all_qc_fit_selected384","exact500",1118,384,"e82afce06207a717a90d936d34350de00ef81e7b67af4250aad54601172bea3d",500,"48e881ee753893bfaecd7101fc16fbcb552dd30a2a791fedfc7204d7b322a32e",TRUE,0,0.562689483493042,TRUE,"16dabceb0ccb072e4a4a3a1ba60231b94122f62d71723ce7e241513ae32de724","f58e3bbec40b7a73e14861d868e231f709ba14626a07014454b6117a022137aa",142.165,275,"1f0ebe7383f6998116af92c3ccb0b6f66400c79cd62cc552284ecbfe1d89ea16",1.27700000000002,143.804,FALSE,FALSE,FALSE,FALSE,"closed",FALSE
"mv08o_residual_source_sentinel_v1","primary","SRA667709_SRS3065426","internal124",20260806,"sct_data_all_qc_fit_selected384","exact500",1118,384,"f3994ca6b1104172a1f1f5738588280d61e400577c50d5da39213005900947b8",500,"48e881ee753893bfaecd7101fc16fbcb552dd30a2a791fedfc7204d7b322a32e",TRUE,0,0.253869575430182,TRUE,"2393e9f15c4ef47a82d7cecfad617f9d2bcfffa85d35e880c8f0e5e29c96d59b","c450e3105eb925b4efe6c862add0b7dd64b1b5a6ae19fecc0e7e23337d49d333",142.165,275,"1f0ebe7383f6998116af92c3ccb0b6f66400c79cd62cc552284ecbfe1d89ea16",1.27700000000002,143.924,FALSE,FALSE,FALSE,FALSE,"closed",FALSE
"mv08o_residual_source_sentinel_v1","primary","SRA667709_SRS3065426","internal124",20260806,"sct_pearson_residual_all_qc_fit_selected384","exact500",1118,384,"f3994ca6b1104172a1f1f5738588280d61e400577c50d5da39213005900947b8",500,"48e881ee753893bfaecd7101fc16fbcb552dd30a2a791fedfc7204d7b322a32e",TRUE,0,0.559117245021973,TRUE,"2ce1317844d65cd4f14f331004f30d4973e5e3dc8c4d8acc726a17b87ec33b53","165934421b79cda8fd33a03299f928766a0b869c6502689288c69d2ea94f160d",142.165,275,"1f0ebe7383f6998116af92c3ccb0b6f66400c79cd62cc552284ecbfe1d89ea16",1.27700000000002,144.05,FALSE,FALSE,FALSE,FALSE,"closed",FALSE
"mv08o_residual_source_sentinel_v1","primary","SRA667709_SRS3065426","internal124",20260807,"sct_data_all_qc_fit_selected384","exact500",1118,384,"e103e89bea92e879a5eafdd55e2f579ae71da4c9ad2b4ba72a00851a0e5477ca",500,"48e881ee753893bfaecd7101fc16fbcb552dd30a2a791fedfc7204d7b322a32e",TRUE,0,0.254614603817106,TRUE,"d7bec0f817e5ded34078c9cc85b06ea798453ef453f2187275c8c0977ae309d3","fe6f0cb72c19c497911bcbd06d5b8f37e250578126295dbe721a1d601d96763e",142.165,275,"1f0ebe7383f6998116af92c3ccb0b6f66400c79cd62cc552284ecbfe1d89ea16",1.27700000000002,144.173,FALSE,FALSE,FALSE,FALSE,"closed",FALSE
"mv08o_residual_source_sentinel_v1","primary","SRA667709_SRS3065426","internal124",20260807,"sct_pearson_residual_all_qc_fit_selected384","exact500",1118,384,"e103e89bea92e879a5eafdd55e2f579ae71da4c9ad2b4ba72a00851a0e5477ca",500,"48e881ee753893bfaecd7101fc16fbcb552dd30a2a791fedfc7204d7b322a32e",TRUE,0,0.54031175012718,TRUE,"3e0015bd8e14865e926b66867432d31c6e0d75b9786fb79d7cab54c3e6ed1f9a","957bcc808c44984327162f863372100145feec9c0e68a41c07564b88290ec395",142.165,275,"1f0ebe7383f6998116af92c3ccb0b6f66400c79cd62cc552284ecbfe1d89ea16",1.27700000000002,144.316,FALSE,FALSE,FALSE,FALSE,"closed",FALSE
"mv08o_residual_source_sentinel_v1","primary","SRA667709_SRS3065426","internal124",20260808,"sct_data_all_qc_fit_selected384","exact500",1118,384,"a09b2557be9ce4c969b09f2af86622a4ba279f05c38c0a4516dac26764c5113e",500,"48e881ee753893bfaecd7101fc16fbcb552dd30a2a791fedfc7204d7b322a32e",TRUE,0,0.250008898997461,TRUE,"153eb2c3d06e3874c1caec36b6a18e91047df1905e7908eb86df499777c0cde3","206661781bb7a1a330c0c8fca82ea3511e6b5a106ccc608837a34d23e1320a5a",142.165,275,"1f0ebe7383f6998116af92c3ccb0b6f66400c79cd62cc552284ecbfe1d89ea16",1.27700000000002,144.459,FALSE,FALSE,FALSE,FALSE,"closed",FALSE
"mv08o_residual_source_sentinel_v1","primary","SRA667709_SRS3065426","internal124",20260808,"sct_pearson_residual_all_qc_fit_selected384","exact500",1118,384,"a09b2557be9ce4c969b09f2af86622a4ba279f05c38c0a4516dac26764c5113e",500,"48e881ee753893bfaecd7101fc16fbcb552dd30a2a791fedfc7204d7b322a32e",TRUE,0,0.516168761140777,TRUE,"fe3498174c17a2c08cfda7ae0965d1c06894e789bf16686219c7ff89b11e947b","f0882ba69abb3cf78d9514cb9d7b9555044f2e773df41e072a01e5a818b4e827",142.165,275,"1f0ebe7383f6998116af92c3ccb0b6f66400c79cd62cc552284ecbfe1d89ea16",1.27700000000002,144.606,FALSE,FALSE,FALSE,FALSE,"closed",FALSE
"mv08o_residual_source_sentinel_v1","primary","SRA667709_SRS3065426","internal124",20260809,"sct_data_all_qc_fit_selected384","exact500",1118,384,"ec4885304c7ea15b8a1bbdaaffd798fba7c62c2017fda15bfefcd6757cea32c4",500,"48e881ee753893bfaecd7101fc16fbcb552dd30a2a791fedfc7204d7b322a32e",TRUE,0,0.253981910847247,TRUE,"8d0df8a58b1185ad90b2a301bc18f30f8d800593cfea8fb85c8a6ede0c8e4440","bf6add3edb329b879c621123e2677fa5bdb185834c7c6dbba9c0d5fce8fbbc9e",142.165,275,"1f0ebe7383f6998116af92c3ccb0b6f66400c79cd62cc552284ecbfe1d89ea16",1.27700000000002,144.751,FALSE,FALSE,FALSE,FALSE,"closed",FALSE
"mv08o_residual_source_sentinel_v1","primary","SRA667709_SRS3065426","internal124",20260809,"sct_pearson_residual_all_qc_fit_selected384","exact500",1118,384,"ec4885304c7ea15b8a1bbdaaffd798fba7c62c2017fda15bfefcd6757cea32c4",500,"48e881ee753893bfaecd7101fc16fbcb552dd30a2a791fedfc7204d7b322a32e",TRUE,0,0.528705051142811,TRUE,"23b6f18d1b0501cc41c1e8bd4328707aed9cd5a91d1c1ebdf165d0a8b251331d","a9cb7dc0790f85f42cb60fbf8be8bcaa39cb9b2cee5c71c025e360f320e84d15",142.165,275,"1f0ebe7383f6998116af92c3ccb0b6f66400c79cd62cc552284ecbfe1d89ea16",1.27700000000002,144.898,FALSE,FALSE,FALSE,FALSE,"closed",FALSE
"mv08o_residual_source_sentinel_v1","primary","SRA779509_SRS3805261","internal124",20260805,"sct_data_all_qc_fit_selected384","exact500",1137,384,"13f6cde67aa0cc71a65f146667bd8428e56d69b087bb99214ea9abba91c2f901",500,"48e881ee753893bfaecd7101fc16fbcb552dd30a2a791fedfc7204d7b322a32e",TRUE,0,0.216087627025152,TRUE,"c54cd878df3250aaab1016f88aaaa26fe635d054c2d98f821e85f61559c186c5","108820ba9b70bd008745ac7c167f3336c272f9bf0891fef932f75031161c640e",182.013,1257,"1f0ebe7383f6998116af92c3ccb0b6f66400c79cd62cc552284ecbfe1d89ea16",0.986999999999995,183.213,FALSE,FALSE,FALSE,FALSE,"closed",FALSE
"mv08o_residual_source_sentinel_v1","primary","SRA779509_SRS3805261","internal124",20260805,"sct_pearson_residual_all_qc_fit_selected384","exact500",1137,384,"13f6cde67aa0cc71a65f146667bd8428e56d69b087bb99214ea9abba91c2f901",500,"48e881ee753893bfaecd7101fc16fbcb552dd30a2a791fedfc7204d7b322a32e",TRUE,0,0.709994617141341,TRUE,"1aaf8cee7a4c104b1223a971ccff0fa9d94e5d085f6bfbd1a2960d88f8016b98","261cffe4db4cce2f76009388f1698d55e9a208004574a3874e7d6f965a72274c",182.013,1257,"1f0ebe7383f6998116af92c3ccb0b6f66400c79cd62cc552284ecbfe1d89ea16",0.986999999999995,183.348,FALSE,FALSE,FALSE,FALSE,"closed",FALSE
"mv08o_residual_source_sentinel_v1","primary","SRA779509_SRS3805261","internal124",20260806,"sct_data_all_qc_fit_selected384","exact500",1137,384,"2376d61ff3f8275e679e6025256dda4df01778f446e6455c468451df54003d1c",500,"48e881ee753893bfaecd7101fc16fbcb552dd30a2a791fedfc7204d7b322a32e",TRUE,0,0.191825696067331,TRUE,"3da0f686a9681d5aa538e15a175b184cb64012ee66a234b4ffee03806639eae7","4672ea4275de1328d22d71c5fb40e5fc8b0c92d7428c0a8c6a44fe482de2dbda",182.013,1257,"1f0ebe7383f6998116af92c3ccb0b6f66400c79cd62cc552284ecbfe1d89ea16",0.986999999999995,183.502,FALSE,FALSE,FALSE,FALSE,"closed",FALSE
"mv08o_residual_source_sentinel_v1","primary","SRA779509_SRS3805261","internal124",20260806,"sct_pearson_residual_all_qc_fit_selected384","exact500",1137,384,"2376d61ff3f8275e679e6025256dda4df01778f446e6455c468451df54003d1c",500,"48e881ee753893bfaecd7101fc16fbcb552dd30a2a791fedfc7204d7b322a32e",TRUE,0,0.722427090044369,TRUE,"83b815e23efa3b7d4b28210082609d12f5282d5d337e67ceec669d4215043917","d331dafa4e303279a4712c15914904817efdcb680204a57f4b3f4a43016c5666",182.013,1257,"1f0ebe7383f6998116af92c3ccb0b6f66400c79cd62cc552284ecbfe1d89ea16",0.986999999999995,183.646,FALSE,FALSE,FALSE,FALSE,"closed",FALSE
"mv08o_residual_source_sentinel_v1","primary","SRA779509_SRS3805261","internal124",20260807,"sct_data_all_qc_fit_selected384","exact500",1137,384,"cb23b3e79e8ea2cfb1bc6bd537b594857b05308bcdf935fbee66a86ca6130b2b",500,"48e881ee753893bfaecd7101fc16fbcb552dd30a2a791fedfc7204d7b322a32e",TRUE,0,0.204121985343707,TRUE,"dcada589811b51366fa3683415bdf5f8eb050aab83ad31d1b18b252e722c188a","bd7d2dc716480f30829a4ed4cb64ba9bc2cb32acaa4a621b940aec26cbe9efb0",182.013,1257,"1f0ebe7383f6998116af92c3ccb0b6f66400c79cd62cc552284ecbfe1d89ea16",0.986999999999995,183.786,FALSE,FALSE,FALSE,FALSE,"closed",FALSE
"mv08o_residual_source_sentinel_v1","primary","SRA779509_SRS3805261","internal124",20260807,"sct_pearson_residual_all_qc_fit_selected384","exact500",1137,384,"cb23b3e79e8ea2cfb1bc6bd537b594857b05308bcdf935fbee66a86ca6130b2b",500,"48e881ee753893bfaecd7101fc16fbcb552dd30a2a791fedfc7204d7b322a32e",TRUE,0,0.710291525532852,TRUE,"992111fa164a13f9712f236e242b57bbd3a647d87f201f55a7b7b96d58090392","f72aaab87e0792e55468a469ef42ceb416b213f38a55c17dc36b4e39ddabcb95",182.013,1257,"1f0ebe7383f6998116af92c3ccb0b6f66400c79cd62cc552284ecbfe1d89ea16",0.986999999999995,183.93,FALSE,FALSE,FALSE,FALSE,"closed",FALSE
"mv08o_residual_source_sentinel_v1","primary","SRA779509_SRS3805261","internal124",20260808,"sct_data_all_qc_fit_selected384","exact500",1137,384,"3e3d847c30669111d5076c8e793e86b88b186b76f57e2e596c1955f5dd9f25f7",500,"48e881ee753893bfaecd7101fc16fbcb552dd30a2a791fedfc7204d7b322a32e",TRUE,0,0.201595061058977,TRUE,"d3e08abb025175e1e4cd7bb0db7184725ae308d81aac00c87eab48e56889fa5f","b99c1d4894a707531b274628d9e6c4568a77796fa54c6c0632cf198b4f91c378",182.013,1257,"1f0ebe7383f6998116af92c3ccb0b6f66400c79cd62cc552284ecbfe1d89ea16",0.986999999999995,184.064,FALSE,FALSE,FALSE,FALSE,"closed",FALSE
"mv08o_residual_source_sentinel_v1","primary","SRA779509_SRS3805261","internal124",20260808,"sct_pearson_residual_all_qc_fit_selected384","exact500",1137,384,"3e3d847c30669111d5076c8e793e86b88b186b76f57e2e596c1955f5dd9f25f7",500,"48e881ee753893bfaecd7101fc16fbcb552dd30a2a791fedfc7204d7b322a32e",TRUE,0,0.698437445896178,TRUE,"d4123f592ce810c2b6d9ef7457d9159d80aa01fb8e919e0aff836b07a3b91add","ada3eb2551f1dc2f3a8cf77778e25a7cbc0cdec82dacc2ca48d6b3c37aef131d",182.013,1257,"1f0ebe7383f6998116af92c3ccb0b6f66400c79cd62cc552284ecbfe1d89ea16",0.986999999999995,184.188,FALSE,FALSE,FALSE,FALSE,"closed",FALSE
"mv08o_residual_source_sentinel_v1","primary","SRA779509_SRS3805261","internal124",20260809,"sct_data_all_qc_fit_selected384","exact500",1137,384,"dcbeea26b8acec623baa7408c4ef80ba6681663f635caf99116ea97f8c83e501",500,"48e881ee753893bfaecd7101fc16fbcb552dd30a2a791fedfc7204d7b322a32e",TRUE,0,0.205922623609066,TRUE,"b764ce71c3e233b757b5e0bd77764e4b33a6e73a119060afbabcfa8692a2394b","d67ba366c45f1a2f2c4a5dc9983e1792d90e42b965ad49de96d9d65eaa61aeec",182.013,1257,"1f0ebe7383f6998116af92c3ccb0b6f66400c79cd62cc552284ecbfe1d89ea16",0.986999999999995,184.308,FALSE,FALSE,FALSE,FALSE,"closed",FALSE
"mv08o_residual_source_sentinel_v1","primary","SRA779509_SRS3805261","internal124",20260809,"sct_pearson_residual_all_qc_fit_selected384","exact500",1137,384,"dcbeea26b8acec623baa7408c4ef80ba6681663f635caf99116ea97f8c83e501",500,"48e881ee753893bfaecd7101fc16fbcb552dd30a2a791fedfc7204d7b322a32e",TRUE,0,0.681618695700696,TRUE,"8e57be432e0076d5e07b6fe0505911eb265261368db09f13ac431f90ef89f110","a69cd29f797521ad5f6cdaca8b6853a03c965fa0b80a9cf5f7513d2ccbcd766e",182.013,1257,"1f0ebe7383f6998116af92c3ccb0b6f66400c79cd62cc552284ecbfe1d89ea16",0.986999999999995,184.434,FALSE,FALSE,FALSE,FALSE,"closed",FALSE
"mv08o_residual_source_sentinel_v1","primary","SRA550660_SRS2089635","internal124",20260805,"sct_data_all_qc_fit_selected384","exact500",1138,384,"21721af70df7b2e2c28b8dc8f1881b074fcdb7111bca07469126d22708f787c7",500,"48e881ee753893bfaecd7101fc16fbcb552dd30a2a791fedfc7204d7b322a32e",TRUE,0,0.125521781031731,TRUE,"28a492b9d6cc8bf62bfd6c279e3bbc3f6f2d651dd1d5e4b254a40cbe457169eb","e205372ffa9391c713d03742aab7fd9837521f8855dcc45b6d0e5abc8b3eda2c",89.104,219,"1f0ebe7383f6998116af92c3ccb0b6f66400c79cd62cc552284ecbfe1d89ea16",0.801000000000002,90.112,FALSE,FALSE,FALSE,FALSE,"closed",FALSE
"mv08o_residual_source_sentinel_v1","primary","SRA550660_SRS2089635","internal124",20260805,"sct_pearson_residual_all_qc_fit_selected384","exact500",1138,384,"21721af70df7b2e2c28b8dc8f1881b074fcdb7111bca07469126d22708f787c7",500,"48e881ee753893bfaecd7101fc16fbcb552dd30a2a791fedfc7204d7b322a32e",TRUE,0,0.661335327469343,TRUE,"052a8aabd0d2d378da5dc45762d8c5b2e88d22261849fa334042104ed292ee01","ce6aada71df6ed27ff61ffe8e30902a747a6f5546ae7768a0f6e7df339aced65",89.104,219,"1f0ebe7383f6998116af92c3ccb0b6f66400c79cd62cc552284ecbfe1d89ea16",0.801000000000002,90.256,FALSE,FALSE,FALSE,FALSE,"closed",FALSE
"mv08o_residual_source_sentinel_v1","primary","SRA550660_SRS2089635","internal124",20260806,"sct_data_all_qc_fit_selected384","exact500",1138,384,"d07326b10375214e5bbca29c73f09abc448acfd69d25a8076dc3ead3bd5a98af",500,"48e881ee753893bfaecd7101fc16fbcb552dd30a2a791fedfc7204d7b322a32e",TRUE,0,0.13267166721355,TRUE,"2af0805fca34ea95f75c8d82f3e0d43c0cd60e67fa3d514bada0094854aa98f1","32554721a9a309c9fe47aa864eda3d2c01cb2bb12f6b41ff546ac904ff9ed6cf",89.104,219,"1f0ebe7383f6998116af92c3ccb0b6f66400c79cd62cc552284ecbfe1d89ea16",0.801000000000002,90.377,FALSE,FALSE,FALSE,FALSE,"closed",FALSE
"mv08o_residual_source_sentinel_v1","primary","SRA550660_SRS2089635","internal124",20260806,"sct_pearson_residual_all_qc_fit_selected384","exact500",1138,384,"d07326b10375214e5bbca29c73f09abc448acfd69d25a8076dc3ead3bd5a98af",500,"48e881ee753893bfaecd7101fc16fbcb552dd30a2a791fedfc7204d7b322a32e",TRUE,0,0.634496460518272,TRUE,"bdb26e8486bca0635dd13c45feaedb0298dc338df35d9432dff3c50171204478","da261d05b14f6daa223d494b13ce9e76cf092f14a1d0d0c8d82091dfabf0682c",89.104,219,"1f0ebe7383f6998116af92c3ccb0b6f66400c79cd62cc552284ecbfe1d89ea16",0.801000000000002,90.509,FALSE,FALSE,FALSE,FALSE,"closed",FALSE
"mv08o_residual_source_sentinel_v1","primary","SRA550660_SRS2089635","internal124",20260807,"sct_data_all_qc_fit_selected384","exact500",1138,384,"4ca9031b64a47b3ff6373654464b9bdf54714e71fc264a403e485ba4c633e11b",500,"48e881ee753893bfaecd7101fc16fbcb552dd30a2a791fedfc7204d7b322a32e",TRUE,0,0.136982453714722,TRUE,"7eae598cce7e75619e0b1609dfc60d542aa053c469626fea0a7f197a1d47e147","1464c5aec6c25d11270ce7f3a769a7ed390438aaa3d2f2841ac85048c899c4e5",89.104,219,"1f0ebe7383f6998116af92c3ccb0b6f66400c79cd62cc552284ecbfe1d89ea16",0.801000000000002,90.648,FALSE,FALSE,FALSE,FALSE,"closed",FALSE
"mv08o_residual_source_sentinel_v1","primary","SRA550660_SRS2089635","internal124",20260807,"sct_pearson_residual_all_qc_fit_selected384","exact500",1138,384,"4ca9031b64a47b3ff6373654464b9bdf54714e71fc264a403e485ba4c633e11b",500,"48e881ee753893bfaecd7101fc16fbcb552dd30a2a791fedfc7204d7b322a32e",TRUE,0,0.685786941289759,TRUE,"240ffa68e392ae29b9a4157b5f44cebb747f931c1f8cd763474aaa94a95d809f","147f35dfc07c5f5952025e0a97a651cecd10860b4d3d57042af3ba1c21a97ba6",89.104,219,"1f0ebe7383f6998116af92c3ccb0b6f66400c79cd62cc552284ecbfe1d89ea16",0.801000000000002,90.796,FALSE,FALSE,FALSE,FALSE,"closed",FALSE
"mv08o_residual_source_sentinel_v1","primary","SRA550660_SRS2089635","internal124",20260808,"sct_data_all_qc_fit_selected384","exact500",1138,384,"62dd1c627b3b4448d43c0d74222a46c62c7c834569fcb06da5b048e67a2d1ce0",500,"48e881ee753893bfaecd7101fc16fbcb552dd30a2a791fedfc7204d7b322a32e",TRUE,0,0.136982453714722,TRUE,"3f57f1e5b96e5cc931ae3239cf3c37e54c59c28ddf1e413ceb0de60f3d0796dc","67ffea47a4153c75c6dd05dee9c8c1bee70990effff973d3040781bfadeedce0",89.104,219,"1f0ebe7383f6998116af92c3ccb0b6f66400c79cd62cc552284ecbfe1d89ea16",0.801000000000002,90.92,FALSE,FALSE,FALSE,FALSE,"closed",FALSE
"mv08o_residual_source_sentinel_v1","primary","SRA550660_SRS2089635","internal124",20260808,"sct_pearson_residual_all_qc_fit_selected384","exact500",1138,384,"62dd1c627b3b4448d43c0d74222a46c62c7c834569fcb06da5b048e67a2d1ce0",500,"48e881ee753893bfaecd7101fc16fbcb552dd30a2a791fedfc7204d7b322a32e",TRUE,0,0.672730312077398,TRUE,"e96e056977c905609b4062a0e46c7fdc8389065a952d7df984084cdd7c6ba4eb","1fe9ec2e04e314a4288c69e0650784ef2c286be031b22fb4a6da4ecd7a0351ad",89.104,219,"1f0ebe7383f6998116af92c3ccb0b6f66400c79cd62cc552284ecbfe1d89ea16",0.801000000000002,91.053,FALSE,FALSE,FALSE,FALSE,"closed",FALSE
"mv08o_residual_source_sentinel_v1","primary","SRA550660_SRS2089635","internal124",20260809,"sct_data_all_qc_fit_selected384","exact500",1138,384,"c97514274c4a963bc1f97d287be589f667ce02cddee2549f48265e4d9945bfaa",500,"48e881ee753893bfaecd7101fc16fbcb552dd30a2a791fedfc7204d7b322a32e",TRUE,0,0.120759847203462,TRUE,"42b645e3573c51dbe23fbdb8dac93edf768c1b859b7126543129af288096bca0","8a1018819fa836bdc1f3fc77235e3205d839e1281cdca9aeb7682347dd8b3515",89.104,219,"1f0ebe7383f6998116af92c3ccb0b6f66400c79cd62cc552284ecbfe1d89ea16",0.801000000000002,91.195,FALSE,FALSE,FALSE,FALSE,"closed",FALSE
"mv08o_residual_source_sentinel_v1","primary","SRA550660_SRS2089635","internal124",20260809,"sct_pearson_residual_all_qc_fit_selected384","exact500",1138,384,"c97514274c4a963bc1f97d287be589f667ce02cddee2549f48265e4d9945bfaa",500,"48e881ee753893bfaecd7101fc16fbcb552dd30a2a791fedfc7204d7b322a32e",TRUE,0,0.672506310006685,TRUE,"56fe1ec75faa2dd0b8087a2496269ec9faec16383777c2f0fe4b2cad5f18bdaf","b5c9e5bb7d8f678fe2c11ba139a6f19518023bd3ff954470ecc93e9e702464c8",89.104,219,"1f0ebe7383f6998116af92c3ccb0b6f66400c79cd62cc552284ecbfe1d89ea16",0.801000000000002,91.355,FALSE,FALSE,FALSE,FALSE,"closed",FALSE
"mv08o_residual_source_sentinel_v1","primary","SRA621638_SRS2610283","internal124",20260805,"sct_data_all_qc_fit_selected384","exact500",1177,384,"800b2559c0f98a5ee59ee85476ebac73cd95dcd63dea2be03f7f0fefac6640f3",500,"48e881ee753893bfaecd7101fc16fbcb552dd30a2a791fedfc7204d7b322a32e",TRUE,0,0.217252309960786,TRUE,"35ea3670f677e93259401e6ca74bf0d48935131a60a9d7c815c05d4d632ec2fd","0f3ee74075ec11d46fc99f031991afe19a655236151f48aefe5f5f95166dfc6a",148.463,604,"1f0ebe7383f6998116af92c3ccb0b6f66400c79cd62cc552284ecbfe1d89ea16",1.02600000000001,149.713,FALSE,FALSE,FALSE,FALSE,"closed",FALSE
"mv08o_residual_source_sentinel_v1","primary","SRA621638_SRS2610283","internal124",20260805,"sct_pearson_residual_all_qc_fit_selected384","exact500",1177,384,"800b2559c0f98a5ee59ee85476ebac73cd95dcd63dea2be03f7f0fefac6640f3",500,"48e881ee753893bfaecd7101fc16fbcb552dd30a2a791fedfc7204d7b322a32e",TRUE,0,0.679077812163784,TRUE,"c5891693ba38998afe8ca9978f07c84f016dd552acc4d160402d5612c4589f03","3bb97931cae5de3cd2ac3a543afe6a3adc87008f8675ff9dbc47d6e1d10146de",148.463,604,"1f0ebe7383f6998116af92c3ccb0b6f66400c79cd62cc552284ecbfe1d89ea16",1.02600000000001,149.838,FALSE,FALSE,FALSE,FALSE,"closed",FALSE
"mv08o_residual_source_sentinel_v1","primary","SRA621638_SRS2610283","internal124",20260806,"sct_data_all_qc_fit_selected384","exact500",1177,384,"6527facfeab2562d0ac69d85c621a465396e4500d5542fdc39a5b47a0ca2ad7b",500,"48e881ee753893bfaecd7101fc16fbcb552dd30a2a791fedfc7204d7b322a32e",TRUE,0,0.246461541163863,TRUE,"3a6003e59b73241d1ccafe9ef20022f10771fb534eef9985efac6a1eddf5968d","9b23cfeb32bd49c9a7c5011812fa8d54528e60577368fdfed26493b16183d6fc",148.463,604,"1f0ebe7383f6998116af92c3ccb0b6f66400c79cd62cc552284ecbfe1d89ea16",1.02600000000001,149.962,FALSE,FALSE,FALSE,FALSE,"closed",FALSE
"mv08o_residual_source_sentinel_v1","primary","SRA621638_SRS2610283","internal124",20260806,"sct_pearson_residual_all_qc_fit_selected384","exact500",1177,384,"6527facfeab2562d0ac69d85c621a465396e4500d5542fdc39a5b47a0ca2ad7b",500,"48e881ee753893bfaecd7101fc16fbcb552dd30a2a791fedfc7204d7b322a32e",TRUE,0,0.604481991621784,TRUE,"08ecaa179f9dd07b9d8ac1f3ffae5c01d948a37a5f3c1bda43e92dd6051a7461","99d26ffa527a98565e400c0027f5407f4fbb0c0614ad86ac2272e8060578606e",148.463,604,"1f0ebe7383f6998116af92c3ccb0b6f66400c79cd62cc552284ecbfe1d89ea16",1.02600000000001,150.1,FALSE,FALSE,FALSE,FALSE,"closed",FALSE
"mv08o_residual_source_sentinel_v1","primary","SRA621638_SRS2610283","internal124",20260807,"sct_data_all_qc_fit_selected384","exact500",1177,384,"4f0488ca83bdfbfca747856b8db5e86c24ac85c98a11d49e813356a82ee5ee0f",500,"48e881ee753893bfaecd7101fc16fbcb552dd30a2a791fedfc7204d7b322a32e",TRUE,0,0.24650486526615,TRUE,"3050857422fc514b3f4d7b9f86cc4adf7564cd77ad0937906b7db8a98c69dd9f","352942af6e6d7c1cca683f126abedcf62c742a340dc0c5cb520e4701d1a32fba",148.463,604,"1f0ebe7383f6998116af92c3ccb0b6f66400c79cd62cc552284ecbfe1d89ea16",1.02600000000001,150.248,FALSE,FALSE,FALSE,FALSE,"closed",FALSE
"mv08o_residual_source_sentinel_v1","primary","SRA621638_SRS2610283","internal124",20260807,"sct_pearson_residual_all_qc_fit_selected384","exact500",1177,384,"4f0488ca83bdfbfca747856b8db5e86c24ac85c98a11d49e813356a82ee5ee0f",500,"48e881ee753893bfaecd7101fc16fbcb552dd30a2a791fedfc7204d7b322a32e",TRUE,0,0.681526233261146,TRUE,"4607ce38dcdf2dafd1d81f908dd1b564ccd0584cb7edf7dc24b7c999d7cc39ee","da57ceeb36b4931b909bdac743d053441786b7e271fa47cde8861cb6f95412dc",148.463,604,"1f0ebe7383f6998116af92c3ccb0b6f66400c79cd62cc552284ecbfe1d89ea16",1.02600000000001,150.396,FALSE,FALSE,FALSE,FALSE,"closed",FALSE
"mv08o_residual_source_sentinel_v1","primary","SRA621638_SRS2610283","internal124",20260808,"sct_data_all_qc_fit_selected384","exact500",1177,384,"f26a505ace0f3e11ab39615f7a0b1f0cf5d5ee52da8c299a9bd9bc2ca7899c53",500,"48e881ee753893bfaecd7101fc16fbcb552dd30a2a791fedfc7204d7b322a32e",TRUE,0,0.227871839800196,TRUE,"d4092d43aaccaf0de9917aa690d281e225f8254971987bdd5ca4ce4d444d865d","27e7feec899a8ea0a0ab0425680580a5ddadbcd8d07bb73c67f86664fd86cade",148.463,604,"1f0ebe7383f6998116af92c3ccb0b6f66400c79cd62cc552284ecbfe1d89ea16",1.02600000000001,150.547,FALSE,FALSE,FALSE,FALSE,"closed",FALSE
"mv08o_residual_source_sentinel_v1","primary","SRA621638_SRS2610283","internal124",20260808,"sct_pearson_residual_all_qc_fit_selected384","exact500",1177,384,"f26a505ace0f3e11ab39615f7a0b1f0cf5d5ee52da8c299a9bd9bc2ca7899c53",500,"48e881ee753893bfaecd7101fc16fbcb552dd30a2a791fedfc7204d7b322a32e",TRUE,0,0.673890959108779,TRUE,"5f5023779e5338f221a7b7cfeef014557b05acdbd4237330b265175be963e206","5fb6582d7933798bef3704f5dbb96ec89b5c288d640cbd20ea9f1c57c128e0bc",148.463,604,"1f0ebe7383f6998116af92c3ccb0b6f66400c79cd62cc552284ecbfe1d89ea16",1.02600000000001,150.68,FALSE,FALSE,FALSE,FALSE,"closed",FALSE
"mv08o_residual_source_sentinel_v1","primary","SRA621638_SRS2610283","internal124",20260809,"sct_data_all_qc_fit_selected384","exact500",1177,384,"1a34e6c5d2397f11a08717fee3f3c232f882527c0c4a26206ad4adc66197981b",500,"48e881ee753893bfaecd7101fc16fbcb552dd30a2a791fedfc7204d7b322a32e",TRUE,0,0.242199798025479,TRUE,"b63fc377f7a53bfa295f6dd43c0e5ece8c2cfb350f5d6f89f58cc7d70c142111","e7bec405a56fd002b955353d60ac5758141ba59b7d1fde50f2d56f28102cfaa4",148.463,604,"1f0ebe7383f6998116af92c3ccb0b6f66400c79cd62cc552284ecbfe1d89ea16",1.02600000000001,150.8,FALSE,FALSE,FALSE,FALSE,"closed",FALSE
"mv08o_residual_source_sentinel_v1","primary","SRA621638_SRS2610283","internal124",20260809,"sct_pearson_residual_all_qc_fit_selected384","exact500",1177,384,"1a34e6c5d2397f11a08717fee3f3c232f882527c0c4a26206ad4adc66197981b",500,"48e881ee753893bfaecd7101fc16fbcb552dd30a2a791fedfc7204d7b322a32e",TRUE,0,0.644290593982798,TRUE,"509d30a41a914a0dc15201455747f885e69e672bc6b9b3a14d868d1a78581409","14e2f6c6826bbd7b59ca6a35888432ce8c3d22111af93c163cd7ac43dd3da538",148.463,604,"1f0ebe7383f6998116af92c3ccb0b6f66400c79cd62cc552284ecbfe1d89ea16",1.02600000000001,150.928,FALSE,FALSE,FALSE,FALSE,"closed",FALSE
"mv08o_residual_source_sentinel_v1","primary","SRA550660_SRS2089638","internal124",20260805,"sct_data_all_qc_fit_selected384","exact500",1210,384,"5fb02518f5271820cee3988d80b5bd4f4307c1b32c79812d5dbcca262cd164ce",500,"48e881ee753893bfaecd7101fc16fbcb552dd30a2a791fedfc7204d7b322a32e",TRUE,0,0.110534095808994,TRUE,"ad914a575a69ee8b0e6b5f515fc3ec358891b22efc49e2b0f7f38d867b53a21e","1ff8f0fda891c770d5d0362c65e18cfb2daa777f5ce0a187af6a1567cda13fb6",94.473,102,"1f0ebe7383f6998116af92c3ccb0b6f66400c79cd62cc552284ecbfe1d89ea16",0.494,95.585,FALSE,FALSE,FALSE,FALSE,"closed",FALSE
"mv08o_residual_source_sentinel_v1","primary","SRA550660_SRS2089638","internal124",20260805,"sct_pearson_residual_all_qc_fit_selected384","exact500",1210,384,"5fb02518f5271820cee3988d80b5bd4f4307c1b32c79812d5dbcca262cd164ce",500,"48e881ee753893bfaecd7101fc16fbcb552dd30a2a791fedfc7204d7b322a32e",TRUE,0,0.649377894720891,TRUE,"0479e49f9cae4a27f384a75b2beb82886b245d9297afbe067b594e5ba6d21c71","9a2b4b4b01a577f989102b6e7fc07af999f98acb6fe912268dbe745bf6b0ab61",94.473,102,"1f0ebe7383f6998116af92c3ccb0b6f66400c79cd62cc552284ecbfe1d89ea16",0.494,95.713,FALSE,FALSE,FALSE,FALSE,"closed",FALSE
"mv08o_residual_source_sentinel_v1","primary","SRA550660_SRS2089638","internal124",20260806,"sct_data_all_qc_fit_selected384","exact500",1210,384,"decd1d552ca6c6e6cb9467113966961acb1a7f0b8ee11d0ddb7de56b153548e6",500,"48e881ee753893bfaecd7101fc16fbcb552dd30a2a791fedfc7204d7b322a32e",TRUE,0,0.14113851492278,TRUE,"77cb3caa2c19d40981345c8f3ed496e5217f0f36b442c7feb59aa4284bc83652","84d92315b78821f7cd8196abf81c9f270b2d6a40762bccab64ef4639af0b8723",94.473,102,"1f0ebe7383f6998116af92c3ccb0b6f66400c79cd62cc552284ecbfe1d89ea16",0.494,95.834,FALSE,FALSE,FALSE,FALSE,"closed",FALSE
"mv08o_residual_source_sentinel_v1","primary","SRA550660_SRS2089638","internal124",20260806,"sct_pearson_residual_all_qc_fit_selected384","exact500",1210,384,"decd1d552ca6c6e6cb9467113966961acb1a7f0b8ee11d0ddb7de56b153548e6",500,"48e881ee753893bfaecd7101fc16fbcb552dd30a2a791fedfc7204d7b322a32e",TRUE,0,0.662578502858242,TRUE,"9251c6d4b0c46a5559c5f986769db5124ab40cc1f8c557d05cf22e6c973130a1","ca055837e37d94d4324eeb85c66a108a16d4f2f805d6cc4c98bb2beae9689198",94.473,102,"1f0ebe7383f6998116af92c3ccb0b6f66400c79cd62cc552284ecbfe1d89ea16",0.494,95.982,FALSE,FALSE,FALSE,FALSE,"closed",FALSE
"mv08o_residual_source_sentinel_v1","primary","SRA550660_SRS2089638","internal124",20260807,"sct_data_all_qc_fit_selected384","exact500",1210,384,"eaccb5b783841c16b9612d4e8fc77fadf6434d387133e546cf31f210df0729d6",500,"48e881ee753893bfaecd7101fc16fbcb552dd30a2a791fedfc7204d7b322a32e",TRUE,0,0.136982453714722,TRUE,"5530c3dbe4d8e639677ec33c16934c690a2b0fa02e3610eff095d06c5b0c141e","68a74e7f21243c2d50dd05821f7b0adef45a6451e0b5082905c1abc57a4a7823",94.473,102,"1f0ebe7383f6998116af92c3ccb0b6f66400c79cd62cc552284ecbfe1d89ea16",0.494,96.125,FALSE,FALSE,FALSE,FALSE,"closed",FALSE
"mv08o_residual_source_sentinel_v1","primary","SRA550660_SRS2089638","internal124",20260807,"sct_pearson_residual_all_qc_fit_selected384","exact500",1210,384,"eaccb5b783841c16b9612d4e8fc77fadf6434d387133e546cf31f210df0729d6",500,"48e881ee753893bfaecd7101fc16fbcb552dd30a2a791fedfc7204d7b322a32e",TRUE,0,0.648470225203388,TRUE,"29f6905463b79ea461e4f3323506552559dc7dcabd7708ef5e14252de247c694","0054140afe8d9c538be5e6fb81264c376c2c8ce2c0a4c57a9003e4a6b9c440e2",94.473,102,"1f0ebe7383f6998116af92c3ccb0b6f66400c79cd62cc552284ecbfe1d89ea16",0.494,96.272,FALSE,FALSE,FALSE,FALSE,"closed",FALSE
"mv08o_residual_source_sentinel_v1","primary","SRA550660_SRS2089638","internal124",20260808,"sct_data_all_qc_fit_selected384","exact500",1210,384,"e9020bc131a1f7339a2d3a845766ffcb1624eb4cfd27ad5b2f20de395521d145",500,"48e881ee753893bfaecd7101fc16fbcb552dd30a2a791fedfc7204d7b322a32e",TRUE,0,0.134468101868747,TRUE,"2cc621aec01cb8b9260c4213baf9eaa2dae8471ac8915e1106a43aeee18fc192","71b3e338d431427361eeec998a873b84bb0f0bb6764b2cd9f3d1bd6d6512158d",94.473,102,"1f0ebe7383f6998116af92c3ccb0b6f66400c79cd62cc552284ecbfe1d89ea16",0.494,96.414,FALSE,FALSE,FALSE,FALSE,"closed",FALSE
"mv08o_residual_source_sentinel_v1","primary","SRA550660_SRS2089638","internal124",20260808,"sct_pearson_residual_all_qc_fit_selected384","exact500",1210,384,"e9020bc131a1f7339a2d3a845766ffcb1624eb4cfd27ad5b2f20de395521d145",500,"48e881ee753893bfaecd7101fc16fbcb552dd30a2a791fedfc7204d7b322a32e",TRUE,0,0.65620976407201,TRUE,"3aae30a22b90ee03ce4030d0387e84161fc7fb2ba596b7d2c5ca94e57094d2d2","c5a61fcd62d89f25a2307258f394256ccd2bf7b9dd04713b5eaf206344c08566",94.473,102,"1f0ebe7383f6998116af92c3ccb0b6f66400c79cd62cc552284ecbfe1d89ea16",0.494,96.559,FALSE,FALSE,FALSE,FALSE,"closed",FALSE
"mv08o_residual_source_sentinel_v1","primary","SRA550660_SRS2089638","internal124",20260809,"sct_data_all_qc_fit_selected384","exact500",1210,384,"ff064369273174c2781f9ec0a9466a1592152b1e2644db1b076a71f40aef544a",500,"48e881ee753893bfaecd7101fc16fbcb552dd30a2a791fedfc7204d7b322a32e",TRUE,0,0.136982453714722,TRUE,"c2f08f83d9d337096f479465b3a4340a35816615a31f1ebbe0790034c4204d2b","4b9c0f24e975d8a5b0eb2be61176e8fd26e841e6701787ee70286fe75e011a51",94.473,102,"1f0ebe7383f6998116af92c3ccb0b6f66400c79cd62cc552284ecbfe1d89ea16",0.494,96.703,FALSE,FALSE,FALSE,FALSE,"closed",FALSE
"mv08o_residual_source_sentinel_v1","primary","SRA550660_SRS2089638","internal124",20260809,"sct_pearson_residual_all_qc_fit_selected384","exact500",1210,384,"ff064369273174c2781f9ec0a9466a1592152b1e2644db1b076a71f40aef544a",500,"48e881ee753893bfaecd7101fc16fbcb552dd30a2a791fedfc7204d7b322a32e",TRUE,0,0.663190826794517,TRUE,"686c6841299088a729b9824bea310ccc70fdb144a309cebebda8dd87bd276146","00bb36dad3129ca4e9d56622f065b13ec583a71b367f30bb08988bbec91ca8f0",94.473,102,"1f0ebe7383f6998116af92c3ccb0b6f66400c79cd62cc552284ecbfe1d89ea16",0.494,96.854,FALSE,FALSE,FALSE,FALSE,"closed",FALSE
"mv08o_residual_source_sentinel_v1","primary","SRA728025_SRS3454424","internal124",20260805,"sct_data_all_qc_fit_selected384","exact500",1228,384,"93d16b0293edf58cd24543dc2f77a4a0137d85c64de75ed44ee3f81bbec44a37",500,"48e881ee753893bfaecd7101fc16fbcb552dd30a2a791fedfc7204d7b322a32e",TRUE,0,0.222923106684357,TRUE,"dd4b7a7200d92e61bb3544b0dfb7aa6b95c6fc9c3762771b6db77786f6e2d5c7","57ce9a404b5e8389a473095257d8003d31f10aa091bb4162b5fee4084893e9b3",159.003,600,"1f0ebe7383f6998116af92c3ccb0b6f66400c79cd62cc552284ecbfe1d89ea16",1.18699999999998,160.451,FALSE,FALSE,FALSE,FALSE,"closed",FALSE
"mv08o_residual_source_sentinel_v1","primary","SRA728025_SRS3454424","internal124",20260805,"sct_pearson_residual_all_qc_fit_selected384","exact500",1228,384,"93d16b0293edf58cd24543dc2f77a4a0137d85c64de75ed44ee3f81bbec44a37",500,"48e881ee753893bfaecd7101fc16fbcb552dd30a2a791fedfc7204d7b322a32e",TRUE,0,0.649884886279849,TRUE,"b90bf23c0151e162697a885c3fa53dbabbcee98335dd7ec57b848341f1d0efcf","9c5b24ad78c50508a9962e7a0e6bed43140ff8b4ff58ab732f86d1e18b51ef38",159.003,600,"1f0ebe7383f6998116af92c3ccb0b6f66400c79cd62cc552284ecbfe1d89ea16",1.18699999999998,160.575,FALSE,FALSE,FALSE,FALSE,"closed",FALSE
"mv08o_residual_source_sentinel_v1","primary","SRA728025_SRS3454424","internal124",20260806,"sct_data_all_qc_fit_selected384","exact500",1228,384,"3cace83b2f95b084aea70ae664598d743a00acd680566da65e9118a75fa64b22",500,"48e881ee753893bfaecd7101fc16fbcb552dd30a2a791fedfc7204d7b322a32e",TRUE,0,0.218742334748859,TRUE,"9a2b3cd3e8a714a14ad4d46f374858aba743f435fc9d00bb1fbf6b7929a9ac43","637f14e997cdbaac1e287af7e606e879042b5b977c2489f57f42ba98111001ff",159.003,600,"1f0ebe7383f6998116af92c3ccb0b6f66400c79cd62cc552284ecbfe1d89ea16",1.18699999999998,160.696,FALSE,FALSE,FALSE,FALSE,"closed",FALSE
"mv08o_residual_source_sentinel_v1","primary","SRA728025_SRS3454424","internal124",20260806,"sct_pearson_residual_all_qc_fit_selected384","exact500",1228,384,"3cace83b2f95b084aea70ae664598d743a00acd680566da65e9118a75fa64b22",500,"48e881ee753893bfaecd7101fc16fbcb552dd30a2a791fedfc7204d7b322a32e",TRUE,0,0.636737724967878,TRUE,"84c3dfb51729b0a85d56663b9b25d63142dbd6df7cb584b3bd35c7adc34cbc02","a6fcdf008043e69e42e67b73f0fbb1bd545a0ab05b6d9d6f73d567543f317090",159.003,600,"1f0ebe7383f6998116af92c3ccb0b6f66400c79cd62cc552284ecbfe1d89ea16",1.18699999999998,160.822,FALSE,FALSE,FALSE,FALSE,"closed",FALSE
"mv08o_residual_source_sentinel_v1","primary","SRA728025_SRS3454424","internal124",20260807,"sct_data_all_qc_fit_selected384","exact500",1228,384,"1567f721fc458021af5bf6c88c919a656c8c04cdd9e34e3858af8df0993c05cc",500,"48e881ee753893bfaecd7101fc16fbcb552dd30a2a791fedfc7204d7b322a32e",TRUE,0,0.235318168322839,TRUE,"8c59ee72514e9e0838c33a2d2b21d7ff1eaf3cf7f26871e5d9d0d84ea1c9d2de","51284a32739a67d48d7909a990ceaab89bfd6bc0667f3f5b87f5290be4060f12",159.003,600,"1f0ebe7383f6998116af92c3ccb0b6f66400c79cd62cc552284ecbfe1d89ea16",1.18699999999998,160.943,FALSE,FALSE,FALSE,FALSE,"closed",FALSE
"mv08o_residual_source_sentinel_v1","primary","SRA728025_SRS3454424","internal124",20260807,"sct_pearson_residual_all_qc_fit_selected384","exact500",1228,384,"1567f721fc458021af5bf6c88c919a656c8c04cdd9e34e3858af8df0993c05cc",500,"48e881ee753893bfaecd7101fc16fbcb552dd30a2a791fedfc7204d7b322a32e",TRUE,0,0.638643374167557,TRUE,"34add71ead9ff8cb00dddd90c48da348fb651c69e0aea3e0fb8adc0b14a9b19d","8c4940a7c3a7cc60abd73c81c193cbf69ace5f142aa35a5781998fda33b88eac",159.003,600,"1f0ebe7383f6998116af92c3ccb0b6f66400c79cd62cc552284ecbfe1d89ea16",1.18699999999998,161.071,FALSE,FALSE,FALSE,FALSE,"closed",FALSE
"mv08o_residual_source_sentinel_v1","primary","SRA728025_SRS3454424","internal124",20260808,"sct_data_all_qc_fit_selected384","exact500",1228,384,"677068fec5bf4b306d4a7debbf5b978f1986f93e7169a74bee8110d72cc9413f",500,"48e881ee753893bfaecd7101fc16fbcb552dd30a2a791fedfc7204d7b322a32e",TRUE,0,0.253946583599846,TRUE,"94e2daf6b2c5917ee02ab30ad0584494086e50acff7627b0d5d486422d2dd115","23f06169571ed0ab039f72a9046c4838f4f15b10746e96709905c7550b2917ca",159.003,600,"1f0ebe7383f6998116af92c3ccb0b6f66400c79cd62cc552284ecbfe1d89ea16",1.18699999999998,161.23,FALSE,FALSE,FALSE,FALSE,"closed",FALSE
"mv08o_residual_source_sentinel_v1","primary","SRA728025_SRS3454424","internal124",20260808,"sct_pearson_residual_all_qc_fit_selected384","exact500",1228,384,"677068fec5bf4b306d4a7debbf5b978f1986f93e7169a74bee8110d72cc9413f",500,"48e881ee753893bfaecd7101fc16fbcb552dd30a2a791fedfc7204d7b322a32e",TRUE,0,0.652008514198592,TRUE,"e3d5773ab97a1ea1329c238409092d73dd3b307dfe56fb9dfa4371df8d8e34bc","04e25ada738330e519850e41acc6c15a184ffebea1808344d15b3d34506a5cd4",159.003,600,"1f0ebe7383f6998116af92c3ccb0b6f66400c79cd62cc552284ecbfe1d89ea16",1.18699999999998,161.358,FALSE,FALSE,FALSE,FALSE,"closed",FALSE
"mv08o_residual_source_sentinel_v1","primary","SRA728025_SRS3454424","internal124",20260809,"sct_data_all_qc_fit_selected384","exact500",1228,384,"ee1066d64a37692cf1bcf70ee6b0b4ac040b02eec7dc25d8b6d389f0f10ff9cd",500,"48e881ee753893bfaecd7101fc16fbcb552dd30a2a791fedfc7204d7b322a32e",TRUE,0,0.242127650288913,TRUE,"7585797cf9ad8d2881395575de645711bda93da155592d1faa0522cd580d8b80","c5bd7c2f70a312cef1ee36d27f5abe9b9cd08df97cdbaff3cb7eeae27dd941d6",159.003,600,"1f0ebe7383f6998116af92c3ccb0b6f66400c79cd62cc552284ecbfe1d89ea16",1.18699999999998,161.478,FALSE,FALSE,FALSE,FALSE,"closed",FALSE
"mv08o_residual_source_sentinel_v1","primary","SRA728025_SRS3454424","internal124",20260809,"sct_pearson_residual_all_qc_fit_selected384","exact500",1228,384,"ee1066d64a37692cf1bcf70ee6b0b4ac040b02eec7dc25d8b6d389f0f10ff9cd",500,"48e881ee753893bfaecd7101fc16fbcb552dd30a2a791fedfc7204d7b322a32e",TRUE,0,0.64821567248881,TRUE,"f31896c09938c372a4678cd4b0c7c7b7e30e093ebac672f2c38f68be05f9bf2a","fe4d30cf89229f2ecc984072fdebd564483d5eea0a273619390e0439368cac5d",159.003,600,"1f0ebe7383f6998116af92c3ccb0b6f66400c79cd62cc552284ecbfe1d89ea16",1.18699999999998,161.604,FALSE,FALSE,FALSE,FALSE,"closed",FALSE
"mv08o_residual_source_sentinel_v1","primary","SRA728025_SRS3454427","internal124",20260805,"sct_data_all_qc_fit_selected384","exact500",1280,384,"88cb0a85e812f61b615887ff091ab95d7bf9456e1da4faf4efcd3ad98e0ea66f",500,"48e881ee753893bfaecd7101fc16fbcb552dd30a2a791fedfc7204d7b322a32e",TRUE,0,0.0928496256266981,TRUE,"045422f304124bf1681f7251e136ff1675ae71b052772ed1e8a6ebbc39f1e64c","ed91e370b28589d0d8e08fedb5fb5b9dc534c39cd4905754c81cf5638b32c7b5",169.44,459,"85b3c8df07c7859d19f3ad0590bbe2f6007bcf12c39054ff3e0932f1a2c92afc",1.08800000000002,170.754,FALSE,FALSE,FALSE,FALSE,"closed",FALSE
"mv08o_residual_source_sentinel_v1","primary","SRA728025_SRS3454427","internal124",20260805,"sct_pearson_residual_all_qc_fit_selected384","exact500",1280,384,"88cb0a85e812f61b615887ff091ab95d7bf9456e1da4faf4efcd3ad98e0ea66f",500,"48e881ee753893bfaecd7101fc16fbcb552dd30a2a791fedfc7204d7b322a32e",TRUE,0,0.662118286209035,TRUE,"f98bc9da102148c8f8d1918c85e15395b3eeb1ee92ce7586ae3561985c02f584","20a949bb9a10ced2ceaa5007f0ee64ec215e95dcab113ac0aa1133e5bef71e67",169.44,459,"85b3c8df07c7859d19f3ad0590bbe2f6007bcf12c39054ff3e0932f1a2c92afc",1.08800000000002,170.878,FALSE,FALSE,FALSE,FALSE,"closed",FALSE
"mv08o_residual_source_sentinel_v1","primary","SRA728025_SRS3454427","internal124",20260806,"sct_data_all_qc_fit_selected384","exact500",1280,384,"9c320de61ca0b43768788599060fce79a178b599b45085ce393a165eb48d3c39",500,"48e881ee753893bfaecd7101fc16fbcb552dd30a2a791fedfc7204d7b322a32e",TRUE,0,0.0860759821829421,TRUE,"7164065ab449006458b2808fafe585b8d2de8104086e8095f8ef1dced5d9bd7c","10333db71ff903d5aa6735a305bf79dff39ee0e0f4dd34ed513681ed642b9c01",169.44,459,"85b3c8df07c7859d19f3ad0590bbe2f6007bcf12c39054ff3e0932f1a2c92afc",1.08800000000002,170.998,FALSE,FALSE,FALSE,FALSE,"closed",FALSE
"mv08o_residual_source_sentinel_v1","primary","SRA728025_SRS3454427","internal124",20260806,"sct_pearson_residual_all_qc_fit_selected384","exact500",1280,384,"9c320de61ca0b43768788599060fce79a178b599b45085ce393a165eb48d3c39",500,"48e881ee753893bfaecd7101fc16fbcb552dd30a2a791fedfc7204d7b322a32e",TRUE,0,0.715105475572756,TRUE,"d8746c4e64583d50892db774b258eeb19fbb91447387b32f5bf77dd29290a2a4","a7bdc0133aa87a2c09fc5a5d544dae3b55005cb814affdcc820e5ec7d13d2b8b",169.44,459,"85b3c8df07c7859d19f3ad0590bbe2f6007bcf12c39054ff3e0932f1a2c92afc",1.08800000000002,171.153,FALSE,FALSE,FALSE,FALSE,"closed",FALSE
"mv08o_residual_source_sentinel_v1","primary","SRA728025_SRS3454427","internal124",20260807,"sct_data_all_qc_fit_selected384","exact500",1280,384,"7be3fd9abf29671ebe8dbe3c401e03a0fe775cda835cb55f1610a5171b5fd04a",500,"48e881ee753893bfaecd7101fc16fbcb552dd30a2a791fedfc7204d7b322a32e",TRUE,0,0.105001946614312,TRUE,"a8712de6831e2fc708687da82a53cbdae36df70f8389e5aaedbf42ed73eb347a","96e0bb96cb4fd8d7eaedb7ed1c30669229efde2e29efbb78ef530bd84d29734d",169.44,459,"85b3c8df07c7859d19f3ad0590bbe2f6007bcf12c39054ff3e0932f1a2c92afc",1.08800000000002,171.273,FALSE,FALSE,FALSE,FALSE,"closed",FALSE
"mv08o_residual_source_sentinel_v1","primary","SRA728025_SRS3454427","internal124",20260807,"sct_pearson_residual_all_qc_fit_selected384","exact500",1280,384,"7be3fd9abf29671ebe8dbe3c401e03a0fe775cda835cb55f1610a5171b5fd04a",500,"48e881ee753893bfaecd7101fc16fbcb552dd30a2a791fedfc7204d7b322a32e",TRUE,0,0.700787021625103,TRUE,"eab1d36c0621c95a520f00a23fb48e3d5ab110564fc8937762e9c7283d430611","0f17fc37af6f91790d315baeb7ef1b9d9a14323076d77d08de99539f6d6a34ed",169.44,459,"85b3c8df07c7859d19f3ad0590bbe2f6007bcf12c39054ff3e0932f1a2c92afc",1.08800000000002,171.396,FALSE,FALSE,FALSE,FALSE,"closed",FALSE
"mv08o_residual_source_sentinel_v1","primary","SRA728025_SRS3454427","internal124",20260808,"sct_data_all_qc_fit_selected384","exact500",1280,384,"b1d9b631f5686b5ebf97e6a7ce17614eff40d00d3f8c9846e77506047beaa9dc",500,"48e881ee753893bfaecd7101fc16fbcb552dd30a2a791fedfc7204d7b322a32e",TRUE,0,0.134468101868747,TRUE,"9a592d6ea79d4aa0db5baf5b850f2cce99f3856ecb3c6fa8293756fd2371b15e","a58e45599ab4aa0e74ba7b1c71355b2536fe3a23b66ad6937c51ede9b91a3bcd",169.44,459,"85b3c8df07c7859d19f3ad0590bbe2f6007bcf12c39054ff3e0932f1a2c92afc",1.08800000000002,171.519,FALSE,FALSE,FALSE,FALSE,"closed",FALSE
"mv08o_residual_source_sentinel_v1","primary","SRA728025_SRS3454427","internal124",20260808,"sct_pearson_residual_all_qc_fit_selected384","exact500",1280,384,"b1d9b631f5686b5ebf97e6a7ce17614eff40d00d3f8c9846e77506047beaa9dc",500,"48e881ee753893bfaecd7101fc16fbcb552dd30a2a791fedfc7204d7b322a32e",TRUE,0,0.697335641025495,TRUE,"111800a108faf2f3eedef20f0db78755460c7d58e1b9bac99911dc13ef16295e","75b4527ce29d45476fc28f175f5ae348da38018ccae75d80acae33e984d6b0ee",169.44,459,"85b3c8df07c7859d19f3ad0590bbe2f6007bcf12c39054ff3e0932f1a2c92afc",1.08800000000002,171.644,FALSE,FALSE,FALSE,FALSE,"closed",FALSE
"mv08o_residual_source_sentinel_v1","primary","SRA728025_SRS3454427","internal124",20260809,"sct_data_all_qc_fit_selected384","exact500",1280,384,"c411e1c6584cea589926f84f47c9514ed06826129e5a543ab3d4994f53afef36",500,"48e881ee753893bfaecd7101fc16fbcb552dd30a2a791fedfc7204d7b322a32e",TRUE,0,0.0991286924845521,TRUE,"f16cbf00164bd6d14226f174b2357d46184fb7fcf293b27f36ff47ba8bca1a4c","bf37c6f14354ed3840d8f543909708c42d6f4b86e4726b31f41bd17e81302708",169.44,459,"85b3c8df07c7859d19f3ad0590bbe2f6007bcf12c39054ff3e0932f1a2c92afc",1.08800000000002,171.784,FALSE,FALSE,FALSE,FALSE,"closed",FALSE
"mv08o_residual_source_sentinel_v1","primary","SRA728025_SRS3454427","internal124",20260809,"sct_pearson_residual_all_qc_fit_selected384","exact500",1280,384,"c411e1c6584cea589926f84f47c9514ed06826129e5a543ab3d4994f53afef36",500,"48e881ee753893bfaecd7101fc16fbcb552dd30a2a791fedfc7204d7b322a32e",TRUE,0,0.668239867330619,TRUE,"d535c7942a25d080a231b8955536b0190f05f46e5f31c7b5fa2488e1617db88e","e91add7a9f7b5bf8e444bd025a61d7d1c8b444b464c46ef5d4a650f7741ef6f0",169.44,459,"85b3c8df07c7859d19f3ad0590bbe2f6007bcf12c39054ff3e0932f1a2c92afc",1.08800000000002,171.928,FALSE,FALSE,FALSE,FALSE,"closed",FALSE
"mv08o_residual_source_sentinel_v1","primary","SRA667709_SRS3065428","internal124",20260805,"sct_data_all_qc_fit_selected384","exact500",1315,384,"b9004561ad8083eb03498f125df46919ae918edbbcba95e0991d368306f09a07",500,"48e881ee753893bfaecd7101fc16fbcb552dd30a2a791fedfc7204d7b322a32e",TRUE,0,0.174190849674638,TRUE,"a07ce4fed50a14a8358d148834802a540fab05de6102ce865eb9e741eb36a7f6","ecd6d86fb20057d4c11f4e97505c28c36bfb1038ea71d897afe682fde2ff2ebf",157.78,225,"1f0ebe7383f6998116af92c3ccb0b6f66400c79cd62cc552284ecbfe1d89ea16",1.33099999999999,159.34,FALSE,FALSE,FALSE,FALSE,"closed",FALSE
"mv08o_residual_source_sentinel_v1","primary","SRA667709_SRS3065428","internal124",20260805,"sct_pearson_residual_all_qc_fit_selected384","exact500",1315,384,"b9004561ad8083eb03498f125df46919ae918edbbcba95e0991d368306f09a07",500,"48e881ee753893bfaecd7101fc16fbcb552dd30a2a791fedfc7204d7b322a32e",TRUE,0,0.515092557808177,TRUE,"9e235ffae04226126ba29383c0d704a683541300c36d0dce8fa5382d917d0688","4bfebf6d69d44e4167090c036f8b617e9b2a3bb94b2246eb8eda199893700667",157.78,225,"1f0ebe7383f6998116af92c3ccb0b6f66400c79cd62cc552284ecbfe1d89ea16",1.33099999999999,159.465,FALSE,FALSE,FALSE,FALSE,"closed",FALSE
"mv08o_residual_source_sentinel_v1","primary","SRA667709_SRS3065428","internal124",20260806,"sct_data_all_qc_fit_selected384","exact500",1315,384,"f278ae2cea8507653f3fe7abbde5c0cc033cf19c0389d3d6c5090730bf4a201f",500,"48e881ee753893bfaecd7101fc16fbcb552dd30a2a791fedfc7204d7b322a32e",TRUE,0,0.220687457490606,TRUE,"33caf9b2e6251fff2c4bbfa56ab60a77798fd45c8cdc3b245ea99a4781401872","582171b6260cc7431579996d718d91392fc928cad5dd33ab157c145787faadd5",157.78,225,"1f0ebe7383f6998116af92c3ccb0b6f66400c79cd62cc552284ecbfe1d89ea16",1.33099999999999,159.597,FALSE,FALSE,FALSE,FALSE,"closed",FALSE
"mv08o_residual_source_sentinel_v1","primary","SRA667709_SRS3065428","internal124",20260806,"sct_pearson_residual_all_qc_fit_selected384","exact500",1315,384,"f278ae2cea8507653f3fe7abbde5c0cc033cf19c0389d3d6c5090730bf4a201f",500,"48e881ee753893bfaecd7101fc16fbcb552dd30a2a791fedfc7204d7b322a32e",TRUE,0,0.559921277704859,TRUE,"dec6cda99dc8c832c269b003b61c861eddd9aa1c420efa5a283062c3fddc27aa","93972a3578e50745e1f9b4629ba1985611fff14ed1037a4bf8e49d2bedb5c6e2",157.78,225,"1f0ebe7383f6998116af92c3ccb0b6f66400c79cd62cc552284ecbfe1d89ea16",1.33099999999999,159.741,FALSE,FALSE,FALSE,FALSE,"closed",FALSE
"mv08o_residual_source_sentinel_v1","primary","SRA667709_SRS3065428","internal124",20260807,"sct_data_all_qc_fit_selected384","exact500",1315,384,"3c6d1406f55212c649912f731242ba7ee34797ad3d40280a9c05d1e9bead372a",500,"48e881ee753893bfaecd7101fc16fbcb552dd30a2a791fedfc7204d7b322a32e",TRUE,0,0.217342801379615,TRUE,"4d6c22a93f5a749a1891b60a59f50b0fdce251ba250195b2e058836d024c3f4b","c005b90d3efc70a17be0ddecc551b59597ee1cf2977a2a546aa83f5a52df6b46",157.78,225,"1f0ebe7383f6998116af92c3ccb0b6f66400c79cd62cc552284ecbfe1d89ea16",1.33099999999999,159.881,FALSE,FALSE,FALSE,FALSE,"closed",FALSE
"mv08o_residual_source_sentinel_v1","primary","SRA667709_SRS3065428","internal124",20260807,"sct_pearson_residual_all_qc_fit_selected384","exact500",1315,384,"3c6d1406f55212c649912f731242ba7ee34797ad3d40280a9c05d1e9bead372a",500,"48e881ee753893bfaecd7101fc16fbcb552dd30a2a791fedfc7204d7b322a32e",TRUE,0,0.512485112431822,TRUE,"aafc4ee052ffca2548fdc48cb499da43c0a6805628d893afdabb38a05818c3a8","ad9042f95eda7af0700780075b6f896a52cb664af8e6fe665f9ba729c5d9fe0b",157.78,225,"1f0ebe7383f6998116af92c3ccb0b6f66400c79cd62cc552284ecbfe1d89ea16",1.33099999999999,160.026,FALSE,FALSE,FALSE,FALSE,"closed",FALSE
"mv08o_residual_source_sentinel_v1","primary","SRA667709_SRS3065428","internal124",20260808,"sct_data_all_qc_fit_selected384","exact500",1315,384,"7eaae20c8401a99bfa13a758874b9036fe840b7a15fa7b0f9f709eaaa8406327",500,"48e881ee753893bfaecd7101fc16fbcb552dd30a2a791fedfc7204d7b322a32e",TRUE,0,0.216042455414494,TRUE,"2dac518b9ed45458b3485b96b74bd34c08c4d94d45f813427835a4d1f8bb7fd3","0be1a2f564c70216a970d41a99012fde595af462589c10310be1b090e6a0fd44",157.78,225,"1f0ebe7383f6998116af92c3ccb0b6f66400c79cd62cc552284ecbfe1d89ea16",1.33099999999999,160.168,FALSE,FALSE,FALSE,FALSE,"closed",FALSE
"mv08o_residual_source_sentinel_v1","primary","SRA667709_SRS3065428","internal124",20260808,"sct_pearson_residual_all_qc_fit_selected384","exact500",1315,384,"7eaae20c8401a99bfa13a758874b9036fe840b7a15fa7b0f9f709eaaa8406327",500,"48e881ee753893bfaecd7101fc16fbcb552dd30a2a791fedfc7204d7b322a32e",TRUE,0,0.545449808719762,TRUE,"fd801326a59b56604b1f3d5a4b5bafe1bed7737446e148e78a7a5e2cbad97fe5","0ab94e934291f4033f8375a2a1528bacfdecd7e8e0de5c8d5225a71793c03c97",157.78,225,"1f0ebe7383f6998116af92c3ccb0b6f66400c79cd62cc552284ecbfe1d89ea16",1.33099999999999,160.315,FALSE,FALSE,FALSE,FALSE,"closed",FALSE
"mv08o_residual_source_sentinel_v1","primary","SRA667709_SRS3065428","internal124",20260809,"sct_data_all_qc_fit_selected384","exact500",1315,384,"0496961b2b710eb3edd13fbe707796420e365645e9f5f303a5bec482836df718",500,"48e881ee753893bfaecd7101fc16fbcb552dd30a2a791fedfc7204d7b322a32e",TRUE,0,0.218964618181407,TRUE,"87a4e335db0c929995eebd55aa217343ae320366859cf1dfa6fc116b87e97f7c","e5d5dd9156c775336a5435e89e088fd7af09590873f0c5e5c9d94e35efea433e",157.78,225,"1f0ebe7383f6998116af92c3ccb0b6f66400c79cd62cc552284ecbfe1d89ea16",1.33099999999999,160.46,FALSE,FALSE,FALSE,FALSE,"closed",FALSE
"mv08o_residual_source_sentinel_v1","primary","SRA667709_SRS3065428","internal124",20260809,"sct_pearson_residual_all_qc_fit_selected384","exact500",1315,384,"0496961b2b710eb3edd13fbe707796420e365645e9f5f303a5bec482836df718",500,"48e881ee753893bfaecd7101fc16fbcb552dd30a2a791fedfc7204d7b322a32e",TRUE,0,0.583030322616906,TRUE,"99f00e7f0b65bef8f299d978cce843071e1b0d569f7b666945d050c706aff156","3a1cee59ce2798b7f5f4c2e2eb5ff74396c8af61f4c02563cad2f74b1606a9a9",157.78,225,"1f0ebe7383f6998116af92c3ccb0b6f66400c79cd62cc552284ecbfe1d89ea16",1.33099999999999,160.606,FALSE,FALSE,FALSE,FALSE,"closed",FALSE
"mv08o_residual_source_sentinel_v1","primary","SRA667709_SRS3065431","internal124",20260805,"sct_data_all_qc_fit_selected384","exact500",1410,384,"ca53fba906bd7ba25e3a325b17479e0abdc570187275200394ef7dfd8334d91f",500,"48e881ee753893bfaecd7101fc16fbcb552dd30a2a791fedfc7204d7b322a32e",TRUE,0,0.198257384969104,TRUE,"6d197c1f1d6a76a769abd27060b21e3df2931aedc846f3403c840e4005fe2315","bdcbddd9e7e08b68e376eae8028c9e5530dedac16514db7fcaf43b7255c5330e",189.189,1345,"1f0ebe7383f6998116af92c3ccb0b6f66400c79cd62cc552284ecbfe1d89ea16",1.529,190.938,FALSE,FALSE,FALSE,FALSE,"closed",FALSE
"mv08o_residual_source_sentinel_v1","primary","SRA667709_SRS3065431","internal124",20260805,"sct_pearson_residual_all_qc_fit_selected384","exact500",1410,384,"ca53fba906bd7ba25e3a325b17479e0abdc570187275200394ef7dfd8334d91f",500,"48e881ee753893bfaecd7101fc16fbcb552dd30a2a791fedfc7204d7b322a32e",TRUE,0,0.572411195567031,TRUE,"bcae19059ece276fa555fac424745247b917ffa91c9fa5c005e3279fa986b553","4531aecd3142eab57eccea2d0183ab150125ccc6c8690bf5483851f359fb3de9",189.189,1345,"1f0ebe7383f6998116af92c3ccb0b6f66400c79cd62cc552284ecbfe1d89ea16",1.529,191.064,FALSE,FALSE,FALSE,FALSE,"closed",FALSE
"mv08o_residual_source_sentinel_v1","primary","SRA667709_SRS3065431","internal124",20260806,"sct_data_all_qc_fit_selected384","exact500",1410,384,"8a5b866951e14bd5f79e308a80f8153a4fb57140709f2255acd2b597619f6759",500,"48e881ee753893bfaecd7101fc16fbcb552dd30a2a791fedfc7204d7b322a32e",TRUE,0,0.1863150193692,TRUE,"ee85bfea028c7fe1ac11965dc88ee5d472893a6a7e164356cc1862b2ea08ca55","ac8b4945eb54edbd04673825c6e539a86ba5a571f3557a2c15c10d627b913287",189.189,1345,"1f0ebe7383f6998116af92c3ccb0b6f66400c79cd62cc552284ecbfe1d89ea16",1.529,191.184,FALSE,FALSE,FALSE,FALSE,"closed",FALSE
"mv08o_residual_source_sentinel_v1","primary","SRA667709_SRS3065431","internal124",20260806,"sct_pearson_residual_all_qc_fit_selected384","exact500",1410,384,"8a5b866951e14bd5f79e308a80f8153a4fb57140709f2255acd2b597619f6759",500,"48e881ee753893bfaecd7101fc16fbcb552dd30a2a791fedfc7204d7b322a32e",TRUE,0,0.568316849855278,TRUE,"98027eb2af6ee4d3fa18bd444d2a648fee6aef35aa156a39a98b275c10105854","d799b49fcbecd1d73964345224dbc4eef12c90e9fbdf8b215959aa82279fd821",189.189,1345,"1f0ebe7383f6998116af92c3ccb0b6f66400c79cd62cc552284ecbfe1d89ea16",1.529,191.323,FALSE,FALSE,FALSE,FALSE,"closed",FALSE
"mv08o_residual_source_sentinel_v1","primary","SRA667709_SRS3065431","internal124",20260807,"sct_data_all_qc_fit_selected384","exact500",1410,384,"20c18aee3d83b4f636c01f953cd215444a785245a75affafd053ace35f9802c7",500,"48e881ee753893bfaecd7101fc16fbcb552dd30a2a791fedfc7204d7b322a32e",TRUE,0,0.210155774411392,TRUE,"122d943c338ec7b1cf6a25ac503f2139170ab0e21bcf7d30e1dffbf44e45bade","e5a5b6268fe3f20a989319573b51f83a68708759f907c505eb76c3fdac87e449",189.189,1345,"1f0ebe7383f6998116af92c3ccb0b6f66400c79cd62cc552284ecbfe1d89ea16",1.529,191.464,FALSE,FALSE,FALSE,FALSE,"closed",FALSE
"mv08o_residual_source_sentinel_v1","primary","SRA667709_SRS3065431","internal124",20260807,"sct_pearson_residual_all_qc_fit_selected384","exact500",1410,384,"20c18aee3d83b4f636c01f953cd215444a785245a75affafd053ace35f9802c7",500,"48e881ee753893bfaecd7101fc16fbcb552dd30a2a791fedfc7204d7b322a32e",TRUE,0,0.570378932285425,TRUE,"2e1064e24e24f65d09323a16618807c5b28441fcc0c231054c06eef8f1cdce76","638e4aa670147a22aa3f780dd955a54f68cce17a186ab2a96f134967b371d493",189.189,1345,"1f0ebe7383f6998116af92c3ccb0b6f66400c79cd62cc552284ecbfe1d89ea16",1.529,191.607,FALSE,FALSE,FALSE,FALSE,"closed",FALSE
"mv08o_residual_source_sentinel_v1","primary","SRA667709_SRS3065431","internal124",20260808,"sct_data_all_qc_fit_selected384","exact500",1410,384,"7b030cda28c3730b0428976ed1801a6048ee4d7b99a8e66e03b02b1879ea065e",500,"48e881ee753893bfaecd7101fc16fbcb552dd30a2a791fedfc7204d7b322a32e",TRUE,0,0.204474045790431,TRUE,"6cc4a9f9b396e36cdd89035c85068dfd505af4fb950bdbed28dfefc515fd9894","620b5ff8b0f31a3dc629d919b61621013b4de072aaae81f7485ced6d2d755d07",189.189,1345,"1f0ebe7383f6998116af92c3ccb0b6f66400c79cd62cc552284ecbfe1d89ea16",1.529,191.745,FALSE,FALSE,FALSE,FALSE,"closed",FALSE
"mv08o_residual_source_sentinel_v1","primary","SRA667709_SRS3065431","internal124",20260808,"sct_pearson_residual_all_qc_fit_selected384","exact500",1410,384,"7b030cda28c3730b0428976ed1801a6048ee4d7b99a8e66e03b02b1879ea065e",500,"48e881ee753893bfaecd7101fc16fbcb552dd30a2a791fedfc7204d7b322a32e",TRUE,0,0.536201334342329,TRUE,"2d923c8bac69a182eb1046e0565858ca653b0b1737d10df2ffd66e0ed5b9acd6","d21df74bc0082cec7ee8ee81266b15b0d1b57b6394dfd0f4d263d400604e7de9",189.189,1345,"1f0ebe7383f6998116af92c3ccb0b6f66400c79cd62cc552284ecbfe1d89ea16",1.529,191.888,FALSE,FALSE,FALSE,FALSE,"closed",FALSE
"mv08o_residual_source_sentinel_v1","primary","SRA667709_SRS3065431","internal124",20260809,"sct_data_all_qc_fit_selected384","exact500",1410,384,"3f7d2928e99ab2fcb53e27ef6a7df3d27780c4151308e534019903a517270c17",500,"48e881ee753893bfaecd7101fc16fbcb552dd30a2a791fedfc7204d7b322a32e",TRUE,0,0.175321341996331,TRUE,"9065a770dce597210e44f84883866ab60ee49cde14ea723e3ff9f2cc58b3e02c","f985f559f3ce83cd9dd6c244e566604ec7ac24895fa323628ca8ad0c0cedca71",189.189,1345,"1f0ebe7383f6998116af92c3ccb0b6f66400c79cd62cc552284ecbfe1d89ea16",1.529,192.043,FALSE,FALSE,FALSE,FALSE,"closed",FALSE
"mv08o_residual_source_sentinel_v1","primary","SRA667709_SRS3065431","internal124",20260809,"sct_pearson_residual_all_qc_fit_selected384","exact500",1410,384,"3f7d2928e99ab2fcb53e27ef6a7df3d27780c4151308e534019903a517270c17",500,"48e881ee753893bfaecd7101fc16fbcb552dd30a2a791fedfc7204d7b322a32e",TRUE,0,0.568647579471767,TRUE,"364186d9108f04223817af00aa98c43f442596d01396e7edb8697599ae9260e1","30c53a220ee4de3c59bd452655e21712ece8d265788de06046ee5c42bf66acaf",189.189,1345,"1f0ebe7383f6998116af92c3ccb0b6f66400c79cd62cc552284ecbfe1d89ea16",1.529,192.17,FALSE,FALSE,FALSE,FALSE,"closed",FALSE
"mv08o_residual_source_sentinel_v1","primary","SRA728025_SRS3454428","internal124",20260805,"sct_data_all_qc_fit_selected384","exact500",1473,384,"9d77f4b46b05f58986eef9218ede0128c1cde717a70c618ab37124165e401b28",500,"48e881ee753893bfaecd7101fc16fbcb552dd30a2a791fedfc7204d7b322a32e",TRUE,0,0.134468101868747,TRUE,"acd5897c688883321de4a77b769d66f72b86f5458acd6b7bffa6c50f2459ae6e","d254fedc3fe58b531ac2c30c61a71ba3ee1f4762a39115dbb96676be0cdbb114",184.419,610,"85b3c8df07c7859d19f3ad0590bbe2f6007bcf12c39054ff3e0932f1a2c92afc",1.22900000000001,185.879,FALSE,FALSE,FALSE,FALSE,"closed",FALSE
"mv08o_residual_source_sentinel_v1","primary","SRA728025_SRS3454428","internal124",20260805,"sct_pearson_residual_all_qc_fit_selected384","exact500",1473,384,"9d77f4b46b05f58986eef9218ede0128c1cde717a70c618ab37124165e401b28",500,"48e881ee753893bfaecd7101fc16fbcb552dd30a2a791fedfc7204d7b322a32e",TRUE,0,0.59625423284502,TRUE,"571028036e461f6e15be8c0051de1cf15b9f883ad64509291705319c2afaa7e6","8ea996d41f678c1c9b41c11ce2341f2db5e1943427218d097f504e684380cd3f",184.419,610,"85b3c8df07c7859d19f3ad0590bbe2f6007bcf12c39054ff3e0932f1a2c92afc",1.22900000000001,186.004,FALSE,FALSE,FALSE,FALSE,"closed",FALSE
"mv08o_residual_source_sentinel_v1","primary","SRA728025_SRS3454428","internal124",20260806,"sct_data_all_qc_fit_selected384","exact500",1473,384,"49149c69f913ae8b16c4092245b83ac02a09a9445d234097a5b034640a1b84d2",500,"48e881ee753893bfaecd7101fc16fbcb552dd30a2a791fedfc7204d7b322a32e",TRUE,0,0.150516355678791,TRUE,"87c87013216179a3af87a0d864e4d9fcb3a3d0a89cd43f50eb182ec75916defc","6f21c70f0858a4bfea4b17f8658534d73e9822ddf8ea230738bd85b258ff903c",184.419,610,"85b3c8df07c7859d19f3ad0590bbe2f6007bcf12c39054ff3e0932f1a2c92afc",1.22900000000001,186.136,FALSE,FALSE,FALSE,FALSE,"closed",FALSE
"mv08o_residual_source_sentinel_v1","primary","SRA728025_SRS3454428","internal124",20260806,"sct_pearson_residual_all_qc_fit_selected384","exact500",1473,384,"49149c69f913ae8b16c4092245b83ac02a09a9445d234097a5b034640a1b84d2",500,"48e881ee753893bfaecd7101fc16fbcb552dd30a2a791fedfc7204d7b322a32e",TRUE,0,0.645808769679831,TRUE,"481b09b894a5c3b039dedff74dca9f5365bbfcc793ebe0f7f69d55eeab8b8a5c","09675227b3344a6302dc62c9f6cc7d69714e7cdf62ba7e433bd46d333e765200",184.419,610,"85b3c8df07c7859d19f3ad0590bbe2f6007bcf12c39054ff3e0932f1a2c92afc",1.22900000000001,186.282,FALSE,FALSE,FALSE,FALSE,"closed",FALSE
"mv08o_residual_source_sentinel_v1","primary","SRA728025_SRS3454428","internal124",20260807,"sct_data_all_qc_fit_selected384","exact500",1473,384,"9e846ffa5a8b32d1a50d7a79c69f613cc6d402fa217fcd15c5ce4c4232314218",500,"48e881ee753893bfaecd7101fc16fbcb552dd30a2a791fedfc7204d7b322a32e",TRUE,0,0.142763752488739,TRUE,"c9ff8df7b969f128dbb02dc9709cf8149935b52dc7db51448226ebf30d8450f8","c536e1739cc0b038b99e964c1b572a8c6ec28ac41c2e45381391082c5f16f647",184.419,610,"85b3c8df07c7859d19f3ad0590bbe2f6007bcf12c39054ff3e0932f1a2c92afc",1.22900000000001,186.436,FALSE,FALSE,FALSE,FALSE,"closed",FALSE
"mv08o_residual_source_sentinel_v1","primary","SRA728025_SRS3454428","internal124",20260807,"sct_pearson_residual_all_qc_fit_selected384","exact500",1473,384,"9e846ffa5a8b32d1a50d7a79c69f613cc6d402fa217fcd15c5ce4c4232314218",500,"48e881ee753893bfaecd7101fc16fbcb552dd30a2a791fedfc7204d7b322a32e",TRUE,0,0.644529973235323,TRUE,"623ffd6e45bc79097fa5d1b3d59c3facd4f85e6418b55d62623f21ed8f1c84c8","2bc207a52ce6e7ed75b6dd74dddfa5cd8cb39da8098f6c2ba4f7e89d9ee83c22",184.419,610,"85b3c8df07c7859d19f3ad0590bbe2f6007bcf12c39054ff3e0932f1a2c92afc",1.22900000000001,186.561,FALSE,FALSE,FALSE,FALSE,"closed",FALSE
"mv08o_residual_source_sentinel_v1","primary","SRA728025_SRS3454428","internal124",20260808,"sct_data_all_qc_fit_selected384","exact500",1473,384,"5bcb8dc67aebde8c6b720a2603a2e6f03a4302d722e681df25bf079ea87d2140",500,"48e881ee753893bfaecd7101fc16fbcb552dd30a2a791fedfc7204d7b322a32e",TRUE,0,0.142763752488739,TRUE,"7b2fa26feb26fd243a73029fd174d6703101f2284c23dae1e5117add1e36ff23","766478e5f1f72706d69d6331e3c3850dd23611a1f6cdbb9656a888fed5bb170b",184.419,610,"85b3c8df07c7859d19f3ad0590bbe2f6007bcf12c39054ff3e0932f1a2c92afc",1.22900000000001,186.683,FALSE,FALSE,FALSE,FALSE,"closed",FALSE
"mv08o_residual_source_sentinel_v1","primary","SRA728025_SRS3454428","internal124",20260808,"sct_pearson_residual_all_qc_fit_selected384","exact500",1473,384,"5bcb8dc67aebde8c6b720a2603a2e6f03a4302d722e681df25bf079ea87d2140",500,"48e881ee753893bfaecd7101fc16fbcb552dd30a2a791fedfc7204d7b322a32e",TRUE,0,0.636471110377105,TRUE,"cb7ed10d69c348b445e6ab7cfa5cf770eadfa4e53330dc03f5432bae71572b36","cf9245e200dbc44904b64c62503891b1b8f6736d5f46b38722661edd0b9fcaed",184.419,610,"85b3c8df07c7859d19f3ad0590bbe2f6007bcf12c39054ff3e0932f1a2c92afc",1.22900000000001,186.826,FALSE,FALSE,FALSE,FALSE,"closed",FALSE
"mv08o_residual_source_sentinel_v1","primary","SRA728025_SRS3454428","internal124",20260809,"sct_data_all_qc_fit_selected384","exact500",1473,384,"e70388034db4dc31e052dc3b01fdc6141abbdd8c98dfbfafdc12164e1d9a33c8",500,"48e881ee753893bfaecd7101fc16fbcb552dd30a2a791fedfc7204d7b322a32e",TRUE,0,0.146702412943808,TRUE,"6f5c71348631026e6198cf618b7a5046f2399c4ba9e31cde22217a3128d719c6","01a131fc793b2feba5d8a32b886ba7828a64481853aab6b086c1b0b1a6716484",184.419,610,"85b3c8df07c7859d19f3ad0590bbe2f6007bcf12c39054ff3e0932f1a2c92afc",1.22900000000001,186.968,FALSE,FALSE,FALSE,FALSE,"closed",FALSE
"mv08o_residual_source_sentinel_v1","primary","SRA728025_SRS3454428","internal124",20260809,"sct_pearson_residual_all_qc_fit_selected384","exact500",1473,384,"e70388034db4dc31e052dc3b01fdc6141abbdd8c98dfbfafdc12164e1d9a33c8",500,"48e881ee753893bfaecd7101fc16fbcb552dd30a2a791fedfc7204d7b322a32e",TRUE,0,0.592396343770831,TRUE,"8e304edf8e908156b40549a63abeb06002c3da1f136a7e70e140b93fe3020d0f","afcb570b08960b2e6bd231906c68e2f856f9e5d7ed2f41ca79f9486fd27c58f5",184.419,610,"85b3c8df07c7859d19f3ad0590bbe2f6007bcf12c39054ff3e0932f1a2c92afc",1.22900000000001,187.114,FALSE,FALSE,FALSE,FALSE,"closed",FALSE
"mv08o_residual_source_sentinel_v1","primary","SRA667709_SRS3065430","internal124",20260805,"sct_data_all_qc_fit_selected384","exact500",1486,384,"f1754b864bf1065786d19e9bd31a240d54c5b359607b08db9c6f6b9e60f26cd8",500,"48e881ee753893bfaecd7101fc16fbcb552dd30a2a791fedfc7204d7b322a32e",TRUE,0,0.170094014665159,TRUE,"085b4995bc0c42a1116d2d4330a28343f076c600f9e536e9d0a8d3466dfa5038","3126225bdf99f62174e689550ac083200e7f3baeb3251fe0ee5d05c2067a4f7f",181.846,343,"1f0ebe7383f6998116af92c3ccb0b6f66400c79cd62cc552284ecbfe1d89ea16",1.58199999999999,183.651,FALSE,FALSE,FALSE,FALSE,"closed",FALSE
"mv08o_residual_source_sentinel_v1","primary","SRA667709_SRS3065430","internal124",20260805,"sct_pearson_residual_all_qc_fit_selected384","exact500",1486,384,"f1754b864bf1065786d19e9bd31a240d54c5b359607b08db9c6f6b9e60f26cd8",500,"48e881ee753893bfaecd7101fc16fbcb552dd30a2a791fedfc7204d7b322a32e",TRUE,0,0.537698603225219,TRUE,"89a894e47effc385c12908fa4e68a2f31b780e54212f42da666b517ff8e6fa5b","2de591ee5a4d5e2d020ef21d497013ff5529add759439a9e0b93f39964cdeec6",181.846,343,"1f0ebe7383f6998116af92c3ccb0b6f66400c79cd62cc552284ecbfe1d89ea16",1.58199999999999,183.776,FALSE,FALSE,FALSE,FALSE,"closed",FALSE
"mv08o_residual_source_sentinel_v1","primary","SRA667709_SRS3065430","internal124",20260806,"sct_data_all_qc_fit_selected384","exact500",1486,384,"ce8f0ceafceeea29c829ad7639d0d6528cdfaf7119f625944bc3853923599318",500,"48e881ee753893bfaecd7101fc16fbcb552dd30a2a791fedfc7204d7b322a32e",TRUE,0,0.154214834288185,TRUE,"8d44758de444278c810f4a02d4f847908442f4358b2d686854d2b447b3b54f70","b2310160a1949a897b7b1453d630f927606375f754551cbbfcbedb59ad48c079",181.846,343,"1f0ebe7383f6998116af92c3ccb0b6f66400c79cd62cc552284ecbfe1d89ea16",1.58199999999999,183.903,FALSE,FALSE,FALSE,FALSE,"closed",FALSE
"mv08o_residual_source_sentinel_v1","primary","SRA667709_SRS3065430","internal124",20260806,"sct_pearson_residual_all_qc_fit_selected384","exact500",1486,384,"ce8f0ceafceeea29c829ad7639d0d6528cdfaf7119f625944bc3853923599318",500,"48e881ee753893bfaecd7101fc16fbcb552dd30a2a791fedfc7204d7b322a32e",TRUE,0,0.549654487313823,TRUE,"f9f5a7fe7866044bbc3a977a3a13ef4284706068abb54adf9cc4822dbec34043","2364d9384ad33706e459c974c0c00578631e69d60069dab1bc227c97fc03fcb5",181.846,343,"1f0ebe7383f6998116af92c3ccb0b6f66400c79cd62cc552284ecbfe1d89ea16",1.58199999999999,184.051,FALSE,FALSE,FALSE,FALSE,"closed",FALSE
"mv08o_residual_source_sentinel_v1","primary","SRA667709_SRS3065430","internal124",20260807,"sct_data_all_qc_fit_selected384","exact500",1486,384,"397fd9744e6dbb1e1d65c7f9ec0b42ba7a50d4d4f81c03a26c0ce7e9c0eaa7c1",500,"48e881ee753893bfaecd7101fc16fbcb552dd30a2a791fedfc7204d7b322a32e",TRUE,0,0.152802297914097,TRUE,"a80260ff77956d00b13223f79a956b8bfdbf5e81f56ea4c0bc8d225862ebd40f","cdcd4f3062ff36b7336161e4051e8ff3a1f37ef7771f61b10201e5d4cbf39ef1",181.846,343,"1f0ebe7383f6998116af92c3ccb0b6f66400c79cd62cc552284ecbfe1d89ea16",1.58199999999999,184.19,FALSE,FALSE,FALSE,FALSE,"closed",FALSE
"mv08o_residual_source_sentinel_v1","primary","SRA667709_SRS3065430","internal124",20260807,"sct_pearson_residual_all_qc_fit_selected384","exact500",1486,384,"397fd9744e6dbb1e1d65c7f9ec0b42ba7a50d4d4f81c03a26c0ce7e9c0eaa7c1",500,"48e881ee753893bfaecd7101fc16fbcb552dd30a2a791fedfc7204d7b322a32e",TRUE,0,0.565859794134027,TRUE,"cd52b88f2af46b6f76a0c7d447e728fcdc7e8075ff1ea8888cab5dd121ac2873","8481209031ee62eacc55ec137492c15a35bbdbe0213b6fd3ab42916cb0af7e70",181.846,343,"1f0ebe7383f6998116af92c3ccb0b6f66400c79cd62cc552284ecbfe1d89ea16",1.58199999999999,184.335,FALSE,FALSE,FALSE,FALSE,"closed",FALSE
"mv08o_residual_source_sentinel_v1","primary","SRA667709_SRS3065430","internal124",20260808,"sct_data_all_qc_fit_selected384","exact500",1486,384,"b7bb2fd9ac8b44235454019c66177f74867e9ec3a7bf952130bb776bb336b941",500,"48e881ee753893bfaecd7101fc16fbcb552dd30a2a791fedfc7204d7b322a32e",TRUE,0,0.178411985727859,TRUE,"07d7e85a353d6d49cb10cbc83cdffc1805a93f983b7b4dca7e82ceb22b9f680f","0503ed2e243854efe9e2d9c31763d0f574c6f80ff1b52803710eb343cb8b997e",181.846,343,"1f0ebe7383f6998116af92c3ccb0b6f66400c79cd62cc552284ecbfe1d89ea16",1.58199999999999,184.475,FALSE,FALSE,FALSE,FALSE,"closed",FALSE
"mv08o_residual_source_sentinel_v1","primary","SRA667709_SRS3065430","internal124",20260808,"sct_pearson_residual_all_qc_fit_selected384","exact500",1486,384,"b7bb2fd9ac8b44235454019c66177f74867e9ec3a7bf952130bb776bb336b941",500,"48e881ee753893bfaecd7101fc16fbcb552dd30a2a791fedfc7204d7b322a32e",TRUE,0,0.51970699135627,TRUE,"d3ca3d40e43b4a0eb4c81a9d1216c73e9ac69e838b26d9dd6f89bb4ac3e5c826","ee6adb8af14ca60bb8318747f57b6efdfd2e4a0aa99554045c82abe70c02bbfa",181.846,343,"1f0ebe7383f6998116af92c3ccb0b6f66400c79cd62cc552284ecbfe1d89ea16",1.58199999999999,184.618,FALSE,FALSE,FALSE,FALSE,"closed",FALSE
"mv08o_residual_source_sentinel_v1","primary","SRA667709_SRS3065430","internal124",20260809,"sct_data_all_qc_fit_selected384","exact500",1486,384,"210ad8cff2c1a3a13d1a8c47523f7f6a3c2ab20e3036521fc0f3c6dbd9df7e38",500,"48e881ee753893bfaecd7101fc16fbcb552dd30a2a791fedfc7204d7b322a32e",TRUE,0,0.179453698385377,TRUE,"869e95127cd4615d111cb84e8ece289874c6d1f9f08dbcff427109a745f4efc2","939eaad2791630ecdf5d7c3423d6898ea39a9f3e19f9764e8c07823a8446d6ba",181.846,343,"1f0ebe7383f6998116af92c3ccb0b6f66400c79cd62cc552284ecbfe1d89ea16",1.58199999999999,184.77,FALSE,FALSE,FALSE,FALSE,"closed",FALSE
"mv08o_residual_source_sentinel_v1","primary","SRA667709_SRS3065430","internal124",20260809,"sct_pearson_residual_all_qc_fit_selected384","exact500",1486,384,"210ad8cff2c1a3a13d1a8c47523f7f6a3c2ab20e3036521fc0f3c6dbd9df7e38",500,"48e881ee753893bfaecd7101fc16fbcb552dd30a2a791fedfc7204d7b322a32e",TRUE,0,0.540704498874149,TRUE,"22d72235c994c9ad95759b044ea988b35a22b5f0491828e10e0095e3f91cf6af","97601e9cf70d540fb5f336f1f3c5c1f48451d01ec8be8398cf3b972373700c9c",181.846,343,"1f0ebe7383f6998116af92c3ccb0b6f66400c79cd62cc552284ecbfe1d89ea16",1.58199999999999,184.897,FALSE,FALSE,FALSE,FALSE,"closed",FALSE
"mv08o_residual_source_sentinel_v1","primary","SRA701877_SRS3279686","internal124",20260805,"sct_data_all_qc_fit_selected384","exact500",1632,384,"d4f73a88a31fdd72028f3d8833ce8ac13a8746cd52369451290866227394cbd3",500,"48e881ee753893bfaecd7101fc16fbcb552dd30a2a791fedfc7204d7b322a32e",TRUE,0,0.216042455414494,TRUE,"bf4627fd28e5717d223f895a8e075163a61d1b33773d5260934dabb0877b0188","5faef470d356fa7a87614da41a9e3d849c4f7605634c35bd0c37aa507cb6f4d3",119.627,60,"ca6942c97dd850b48cc06efc622330e36c7e5325ae6e5499d209bb4e9339e9a9",1.07699999999998,120.949,FALSE,FALSE,FALSE,FALSE,"closed",FALSE
"mv08o_residual_source_sentinel_v1","primary","SRA701877_SRS3279686","internal124",20260805,"sct_pearson_residual_all_qc_fit_selected384","exact500",1632,384,"d4f73a88a31fdd72028f3d8833ce8ac13a8746cd52369451290866227394cbd3",500,"48e881ee753893bfaecd7101fc16fbcb552dd30a2a791fedfc7204d7b322a32e",TRUE,0,0.659292834396178,TRUE,"602f510bf88412c81e08f9d32a6851b5087ed807e3f1a04c6fc6dfc95bdb6e86","c2ec7d2594c6a5e9c5575a8f3a2e4bc7a86de3d92b4245657a676f5b9bfe3629",119.627,60,"ca6942c97dd850b48cc06efc622330e36c7e5325ae6e5499d209bb4e9339e9a9",1.07699999999998,121.076,FALSE,FALSE,FALSE,FALSE,"closed",FALSE
"mv08o_residual_source_sentinel_v1","primary","SRA701877_SRS3279686","internal124",20260806,"sct_data_all_qc_fit_selected384","exact500",1632,384,"4702103fd629be1e4f7782ccea5cd4df4c0ae2fe16e018dd5da81e0c26de70c2",500,"48e881ee753893bfaecd7101fc16fbcb552dd30a2a791fedfc7204d7b322a32e",TRUE,0,0.20007454587526,TRUE,"3be7f08bfcc3532cd220c221d5eca3f4ba3ca2964e7e444646419e784eac93d1","0953a5eb80f3c62cf44d4f55acd70c510e57d48c4d96278442af0d17734f7c14",119.627,60,"ca6942c97dd850b48cc06efc622330e36c7e5325ae6e5499d209bb4e9339e9a9",1.07699999999998,121.671,FALSE,FALSE,FALSE,FALSE,"closed",FALSE
"mv08o_residual_source_sentinel_v1","primary","SRA701877_SRS3279686","internal124",20260806,"sct_pearson_residual_all_qc_fit_selected384","exact500",1632,384,"4702103fd629be1e4f7782ccea5cd4df4c0ae2fe16e018dd5da81e0c26de70c2",500,"48e881ee753893bfaecd7101fc16fbcb552dd30a2a791fedfc7204d7b322a32e",TRUE,0,0.671864617938358,TRUE,"fe1ffed807cf652d7495356abbc19c350405d3d2083fdefc8e08a7c20422e255","8306d6c27cdc33ad98091f30014702a2f7cc6448bd25c598932aff53640b4912",119.627,60,"ca6942c97dd850b48cc06efc622330e36c7e5325ae6e5499d209bb4e9339e9a9",1.07699999999998,121.796,FALSE,FALSE,FALSE,FALSE,"closed",FALSE
"mv08o_residual_source_sentinel_v1","primary","SRA701877_SRS3279686","internal124",20260807,"sct_data_all_qc_fit_selected384","exact500",1632,384,"048c43aa452d91c8b98377d1365d344b579290a8a6fbe0264b21757ebc91a297",500,"48e881ee753893bfaecd7101fc16fbcb552dd30a2a791fedfc7204d7b322a32e",TRUE,0,0.215423788331889,TRUE,"9bbb9e26f328aa87a9c87c082bd96f4639eb8bca852fc5042a8168a07861ddb6","d350445618d4eac4d8213e7dbc8ad0717210d8c113414690f6ade6e72b2557af",119.627,60,"ca6942c97dd850b48cc06efc622330e36c7e5325ae6e5499d209bb4e9339e9a9",1.07699999999998,121.916,FALSE,FALSE,FALSE,FALSE,"closed",FALSE
"mv08o_residual_source_sentinel_v1","primary","SRA701877_SRS3279686","internal124",20260807,"sct_pearson_residual_all_qc_fit_selected384","exact500",1632,384,"048c43aa452d91c8b98377d1365d344b579290a8a6fbe0264b21757ebc91a297",500,"48e881ee753893bfaecd7101fc16fbcb552dd30a2a791fedfc7204d7b322a32e",TRUE,0,0.698081773035029,TRUE,"6431e75b8adb2a7f46e7bdb5d7035df559b1636241c0a3fbf5630357ef9232bc","c46b9a13a7a1365729fc37c47b22ddaab7ebf0b8ffc1f5ab6f754c055d3c5cf8",119.627,60,"ca6942c97dd850b48cc06efc622330e36c7e5325ae6e5499d209bb4e9339e9a9",1.07699999999998,122.044,FALSE,FALSE,FALSE,FALSE,"closed",FALSE
"mv08o_residual_source_sentinel_v1","primary","SRA701877_SRS3279686","internal124",20260808,"sct_data_all_qc_fit_selected384","exact500",1632,384,"94e7187e753f626dd6b9ce0f411745b0775c90ac2317348f4008401b3dc721bf",500,"48e881ee753893bfaecd7101fc16fbcb552dd30a2a791fedfc7204d7b322a32e",TRUE,0,0.216875059700886,TRUE,"ba7f6692fdf4878af416d2684937d12c4efb59013029c1d91507ab914307f919","4f044ba3211f1df91877176d634db7a7b3b6c2d00f660c3cae243b1b0339c2a0",119.627,60,"ca6942c97dd850b48cc06efc622330e36c7e5325ae6e5499d209bb4e9339e9a9",1.07699999999998,122.163,FALSE,FALSE,FALSE,FALSE,"closed",FALSE
"mv08o_residual_source_sentinel_v1","primary","SRA701877_SRS3279686","internal124",20260808,"sct_pearson_residual_all_qc_fit_selected384","exact500",1632,384,"94e7187e753f626dd6b9ce0f411745b0775c90ac2317348f4008401b3dc721bf",500,"48e881ee753893bfaecd7101fc16fbcb552dd30a2a791fedfc7204d7b322a32e",TRUE,0,0.695042706188634,TRUE,"9e4e0e01dd66497554688623ab94cd7ae11794f0ccfbca2b26381711dc5709cb","4c24fb59c881a65dd5371851e180fa4980d84c9459f5673f4f9f5abc9927efa7",119.627,60,"ca6942c97dd850b48cc06efc622330e36c7e5325ae6e5499d209bb4e9339e9a9",1.07699999999998,122.286,FALSE,FALSE,FALSE,FALSE,"closed",FALSE
"mv08o_residual_source_sentinel_v1","primary","SRA701877_SRS3279686","internal124",20260809,"sct_data_all_qc_fit_selected384","exact500",1632,384,"42054831d159be8f895b030c9076b9b6f7bf77e7c7acd5184560cd2a6781746d",500,"48e881ee753893bfaecd7101fc16fbcb552dd30a2a791fedfc7204d7b322a32e",TRUE,0,0.209064939074188,TRUE,"4d73f5239a1770339f1997fd429ad44e66947430e09077e5b6424f97e1ee90a4","784c59290f4984edf1682a37e0e18d835e2d7e87ddf945b2bea9d99224a88ab7",119.627,60,"ca6942c97dd850b48cc06efc622330e36c7e5325ae6e5499d209bb4e9339e9a9",1.07699999999998,122.406,FALSE,FALSE,FALSE,FALSE,"closed",FALSE
"mv08o_residual_source_sentinel_v1","primary","SRA701877_SRS3279686","internal124",20260809,"sct_pearson_residual_all_qc_fit_selected384","exact500",1632,384,"42054831d159be8f895b030c9076b9b6f7bf77e7c7acd5184560cd2a6781746d",500,"48e881ee753893bfaecd7101fc16fbcb552dd30a2a791fedfc7204d7b322a32e",TRUE,0,0.719970949253407,TRUE,"1ef24690780416d9e56d71b187ab33f30d7e1c20f1add4e26355214f8fc4cd11","c262cbf42101ca79d21c78a0c4310e5974402951cbf044c615b9e13b6a7eed5a",119.627,60,"ca6942c97dd850b48cc06efc622330e36c7e5325ae6e5499d209bb4e9339e9a9",1.07699999999998,122.53,FALSE,FALSE,FALSE,FALSE,"closed",FALSE
"mv08o_residual_source_sentinel_v1","primary","SRA701877_SRS3279691","internal124",20260805,"sct_data_all_qc_fit_selected384","exact500",1640,384,"79bb070f0108f3c8efaf43dbab9bb671d40c1691cf607047d48d9b07478d7589",500,"48e881ee753893bfaecd7101fc16fbcb552dd30a2a791fedfc7204d7b322a32e",TRUE,0,0.220467928493803,TRUE,"bbe98c134043e9eae86857ca2815ccaf4061d1d086b788ba952fd97add372f47","338423ecb5ac33ae6d256c25b31c16fca84f9ca595a9f15508f10d7d177fe56f",139.069,144,"1f0ebe7383f6998116af92c3ccb0b6f66400c79cd62cc552284ecbfe1d89ea16",1.47800000000001,140.788,FALSE,FALSE,FALSE,FALSE,"closed",FALSE
"mv08o_residual_source_sentinel_v1","primary","SRA701877_SRS3279691","internal124",20260805,"sct_pearson_residual_all_qc_fit_selected384","exact500",1640,384,"79bb070f0108f3c8efaf43dbab9bb671d40c1691cf607047d48d9b07478d7589",500,"48e881ee753893bfaecd7101fc16fbcb552dd30a2a791fedfc7204d7b322a32e",TRUE,0,0.555210256254501,TRUE,"82555ef22f4ad70daf5f6d1768bffda23dcb38c1f71fabdf96aebd9fbe145911","67b192c33d770c398e0465eb008f1f775b20d40b6b22a7758af53dde02142449",139.069,144,"1f0ebe7383f6998116af92c3ccb0b6f66400c79cd62cc552284ecbfe1d89ea16",1.47800000000001,140.913,FALSE,FALSE,FALSE,FALSE,"closed",FALSE
"mv08o_residual_source_sentinel_v1","primary","SRA701877_SRS3279691","internal124",20260806,"sct_data_all_qc_fit_selected384","exact500",1640,384,"ba6449731ac24f9d122f8f37dfca73b744029cb04ca76b0e885fa42fe3397842",500,"48e881ee753893bfaecd7101fc16fbcb552dd30a2a791fedfc7204d7b322a32e",TRUE,0,0.169729418365832,TRUE,"8b6f7682844a75f4d3cd964c3104ee4af7674483d33d37324789fd8951968dc0","e3dc822d3a9d01e49bbf79e702c9a5fbcaa7abec2d6f300d2893591443941ca6",139.069,144,"1f0ebe7383f6998116af92c3ccb0b6f66400c79cd62cc552284ecbfe1d89ea16",1.47800000000001,141.033,FALSE,FALSE,FALSE,FALSE,"closed",FALSE
"mv08o_residual_source_sentinel_v1","primary","SRA701877_SRS3279691","internal124",20260806,"sct_pearson_residual_all_qc_fit_selected384","exact500",1640,384,"ba6449731ac24f9d122f8f37dfca73b744029cb04ca76b0e885fa42fe3397842",500,"48e881ee753893bfaecd7101fc16fbcb552dd30a2a791fedfc7204d7b322a32e",TRUE,0,0.479864084846658,TRUE,"96a8a8052fa88bd8dac052ef9b36ca35a33a19e93df7d61271dbb3c3e32d6580","0865eb3b0b6d292a66de0c80bf6a1967dc5c522237296c3d7715b0d943536331",139.069,144,"1f0ebe7383f6998116af92c3ccb0b6f66400c79cd62cc552284ecbfe1d89ea16",1.47800000000001,141.157,FALSE,FALSE,FALSE,FALSE,"closed",FALSE
"mv08o_residual_source_sentinel_v1","primary","SRA701877_SRS3279691","internal124",20260807,"sct_data_all_qc_fit_selected384","exact500",1640,384,"d536eeed03c89ec150e52c4105a480edf7f3671d6d97f6d371033c9e33ea873b",500,"48e881ee753893bfaecd7101fc16fbcb552dd30a2a791fedfc7204d7b322a32e",TRUE,0,0.195584288008875,TRUE,"194ab2009f5dc25b219ea835bfa4562867335924f295f1fa9795b98c13c62ac1","bfc28ac29ccb4b2185e539abbe67d3a2742987e22930f6a6ee91acd397946470",139.069,144,"1f0ebe7383f6998116af92c3ccb0b6f66400c79cd62cc552284ecbfe1d89ea16",1.47800000000001,141.277,FALSE,FALSE,FALSE,FALSE,"closed",FALSE
"mv08o_residual_source_sentinel_v1","primary","SRA701877_SRS3279691","internal124",20260807,"sct_pearson_residual_all_qc_fit_selected384","exact500",1640,384,"d536eeed03c89ec150e52c4105a480edf7f3671d6d97f6d371033c9e33ea873b",500,"48e881ee753893bfaecd7101fc16fbcb552dd30a2a791fedfc7204d7b322a32e",TRUE,0,0.534661360501299,TRUE,"636a37a96e4f76a7955d388f3bb5ebe6b7f7ab3210a24f673eeaf2e526910ccb","480d2ac993aab358ce478f7ac9edff38c7f0d27438cbebbb54c21a3a4d7cb0e9",139.069,144,"1f0ebe7383f6998116af92c3ccb0b6f66400c79cd62cc552284ecbfe1d89ea16",1.47800000000001,141.419,FALSE,FALSE,FALSE,FALSE,"closed",FALSE
"mv08o_residual_source_sentinel_v1","primary","SRA701877_SRS3279691","internal124",20260808,"sct_data_all_qc_fit_selected384","exact500",1640,384,"a0fb35084291d3a78696c1a015864fae2d1d6645b8853a2de211e19fc2ac7875",500,"48e881ee753893bfaecd7101fc16fbcb552dd30a2a791fedfc7204d7b322a32e",TRUE,0,0.203775750513246,TRUE,"8c0ce92e7ea398001743abecd56ca41906ced8d70f6bbea190696678f6d98469","db93c74c287c17ff3bca37f0885bf95df2abc0be8c132778a5f15fd97ec85a1d",139.069,144,"1f0ebe7383f6998116af92c3ccb0b6f66400c79cd62cc552284ecbfe1d89ea16",1.47800000000001,141.567,FALSE,FALSE,FALSE,FALSE,"closed",FALSE
"mv08o_residual_source_sentinel_v1","primary","SRA701877_SRS3279691","internal124",20260808,"sct_pearson_residual_all_qc_fit_selected384","exact500",1640,384,"a0fb35084291d3a78696c1a015864fae2d1d6645b8853a2de211e19fc2ac7875",500,"48e881ee753893bfaecd7101fc16fbcb552dd30a2a791fedfc7204d7b322a32e",TRUE,0,0.517182202436016,TRUE,"cdb0d25c6c4ab30f134276f044ebb3ca3a1261664427f5a0a6cdcd6330cd1a1a","6fcdf71eaef41b2a2ed24317be62e289ad5099f7c7692a726fc2619b4606bdda",139.069,144,"1f0ebe7383f6998116af92c3ccb0b6f66400c79cd62cc552284ecbfe1d89ea16",1.47800000000001,141.715,FALSE,FALSE,FALSE,FALSE,"closed",FALSE
"mv08o_residual_source_sentinel_v1","primary","SRA701877_SRS3279691","internal124",20260809,"sct_data_all_qc_fit_selected384","exact500",1640,384,"f54d89989743f3e5c66dfcf52a3425cfbb4b6b8121a5013df282051020033724",500,"48e881ee753893bfaecd7101fc16fbcb552dd30a2a791fedfc7204d7b322a32e",TRUE,0,0.216652456768341,TRUE,"d1f87e78d724486c2d7d374f2661969ca1bc7f55869244daf6655873646acce9","0274eaa00a799b4a7bbdc1937087575bc69cafde5a5a80f78e111a9a29cda832",139.069,144,"1f0ebe7383f6998116af92c3ccb0b6f66400c79cd62cc552284ecbfe1d89ea16",1.47800000000001,141.888,FALSE,FALSE,FALSE,FALSE,"closed",FALSE
"mv08o_residual_source_sentinel_v1","primary","SRA701877_SRS3279691","internal124",20260809,"sct_pearson_residual_all_qc_fit_selected384","exact500",1640,384,"f54d89989743f3e5c66dfcf52a3425cfbb4b6b8121a5013df282051020033724",500,"48e881ee753893bfaecd7101fc16fbcb552dd30a2a791fedfc7204d7b322a32e",TRUE,0,0.49503609109329,TRUE,"fed4a525d8217bff41d095472e8992ebbab0896250b929e5a271e6db65cb3c62","a9080c83a187d09cb1736361f1492d9589e9d56a4bd2c1af53196b12ca263fbb",139.069,144,"1f0ebe7383f6998116af92c3ccb0b6f66400c79cd62cc552284ecbfe1d89ea16",1.47800000000001,142.017,FALSE,FALSE,FALSE,FALSE,"closed",FALSE
"mv08o_residual_source_sentinel_v1","primary","SRA826293_SRS4181124","internal124",20260805,"sct_data_all_qc_fit_selected384","exact500",1664,384,"914ac9d3970f0b07f2b3038289aa6e71a7bcd5e1ce1b7e165fdc302b3a305471",500,"48e881ee753893bfaecd7101fc16fbcb552dd30a2a791fedfc7204d7b322a32e",TRUE,0,0.181431989372713,TRUE,"0a07e26247106363f2ad48d34fcd593c02d7bbb93dc291d7e99549c02d716aa3","0d93fb57c241ee76d799eaf5f5e16859e81e3b9633cebc0cf161f6b351d09943",168.819,858,"1f0ebe7383f6998116af92c3ccb0b6f66400c79cd62cc552284ecbfe1d89ea16",0.965000000000003,170.013,FALSE,FALSE,FALSE,FALSE,"closed",FALSE
"mv08o_residual_source_sentinel_v1","primary","SRA826293_SRS4181124","internal124",20260805,"sct_pearson_residual_all_qc_fit_selected384","exact500",1664,384,"914ac9d3970f0b07f2b3038289aa6e71a7bcd5e1ce1b7e165fdc302b3a305471",500,"48e881ee753893bfaecd7101fc16fbcb552dd30a2a791fedfc7204d7b322a32e",TRUE,0,0.766990350781539,TRUE,"571bfc14e9c47f9669be89f7d07b7ce8bce6dcc871fb224040287271af1c2efe","9c5d173178323243e864609d22110e8ca8f7ffe54a90c8f9975402de7cc8f1e7",168.819,858,"1f0ebe7383f6998116af92c3ccb0b6f66400c79cd62cc552284ecbfe1d89ea16",0.965000000000003,170.152,FALSE,FALSE,FALSE,FALSE,"closed",FALSE
"mv08o_residual_source_sentinel_v1","primary","SRA826293_SRS4181124","internal124",20260806,"sct_data_all_qc_fit_selected384","exact500",1664,384,"72fcf58726b10685501a579f592fb81d4cc2753676c88c48499d3adcc0f572c2",500,"48e881ee753893bfaecd7101fc16fbcb552dd30a2a791fedfc7204d7b322a32e",TRUE,0,0.173288947753701,TRUE,"40566a4cab5f96780ba8bc14a870b76ab87924b9832ed8c2a46bb8dabd52e7e0","41ad35f26ed6610aab819431a42a11ca715e70f59bd0af6de278f590faa98509",168.819,858,"1f0ebe7383f6998116af92c3ccb0b6f66400c79cd62cc552284ecbfe1d89ea16",0.965000000000003,170.323,FALSE,FALSE,FALSE,FALSE,"closed",FALSE
"mv08o_residual_source_sentinel_v1","primary","SRA826293_SRS4181124","internal124",20260806,"sct_pearson_residual_all_qc_fit_selected384","exact500",1664,384,"72fcf58726b10685501a579f592fb81d4cc2753676c88c48499d3adcc0f572c2",500,"48e881ee753893bfaecd7101fc16fbcb552dd30a2a791fedfc7204d7b322a32e",TRUE,0,0.749184020265124,TRUE,"014b741e06220f9b5f1360ac532217fa1174a470c6b523c916c6d4d8c2288d87","fe7142d9290020377cf377998e69f49907d275bf081d02acc2239acbfe9556c7",168.819,858,"1f0ebe7383f6998116af92c3ccb0b6f66400c79cd62cc552284ecbfe1d89ea16",0.965000000000003,170.45,FALSE,FALSE,FALSE,FALSE,"closed",FALSE
"mv08o_residual_source_sentinel_v1","primary","SRA826293_SRS4181124","internal124",20260807,"sct_data_all_qc_fit_selected384","exact500",1664,384,"5dd5bdc07f2aac88db48623b584302ab47fa1695e4f86f931238194ea3322d7f",500,"48e881ee753893bfaecd7101fc16fbcb552dd30a2a791fedfc7204d7b322a32e",TRUE,0,0.173288947753701,TRUE,"e968deb283a680966aee21a66550ae9c74e04499cf79184e43dd4f48221ade58","53219cb4097d197d0379d115bdc1823d970b6d5267c46973958d1bcde2397491",168.819,858,"1f0ebe7383f6998116af92c3ccb0b6f66400c79cd62cc552284ecbfe1d89ea16",0.965000000000003,170.572,FALSE,FALSE,FALSE,FALSE,"closed",FALSE
"mv08o_residual_source_sentinel_v1","primary","SRA826293_SRS4181124","internal124",20260807,"sct_pearson_residual_all_qc_fit_selected384","exact500",1664,384,"5dd5bdc07f2aac88db48623b584302ab47fa1695e4f86f931238194ea3322d7f",500,"48e881ee753893bfaecd7101fc16fbcb552dd30a2a791fedfc7204d7b322a32e",TRUE,0,0.730384910152097,TRUE,"ab2ac5831bf80719df800870e2e6932521da22a490adddb8a59b470f8215ba14","3fcc6568caec9f42eb574ba722f453d93a0148c5e4e8eae6827d6112f4cbf682",168.819,858,"1f0ebe7383f6998116af92c3ccb0b6f66400c79cd62cc552284ecbfe1d89ea16",0.965000000000003,170.697,FALSE,FALSE,FALSE,FALSE,"closed",FALSE
"mv08o_residual_source_sentinel_v1","primary","SRA826293_SRS4181124","internal124",20260808,"sct_data_all_qc_fit_selected384","exact500",1664,384,"69da83b416a8f9e2518b43c27be41d02736fb752f4a53043205b68645affd7dc",500,"48e881ee753893bfaecd7101fc16fbcb552dd30a2a791fedfc7204d7b322a32e",TRUE,0,0.154214834288185,TRUE,"e70ab7379e49c05a4650a15954b836b6c36603d72d9f2ade20c2056b78ccf467","56277e427cd6dede3f4be4f163f2acc1e3f6d0c9950ddfc231daf417a95241b8",168.819,858,"1f0ebe7383f6998116af92c3ccb0b6f66400c79cd62cc552284ecbfe1d89ea16",0.965000000000003,170.825,FALSE,FALSE,FALSE,FALSE,"closed",FALSE
"mv08o_residual_source_sentinel_v1","primary","SRA826293_SRS4181124","internal124",20260808,"sct_pearson_residual_all_qc_fit_selected384","exact500",1664,384,"69da83b416a8f9e2518b43c27be41d02736fb752f4a53043205b68645affd7dc",500,"48e881ee753893bfaecd7101fc16fbcb552dd30a2a791fedfc7204d7b322a32e",TRUE,0,0.758428494328034,TRUE,"cc922966789b0bfae5236c643c3a3b9db0c8e911017da1d5d58f19337e697a12","6c54a2e5df92f85b30e9c7b9ee403a14996ab58d5ccb2a0b1fa691891c72dd18",168.819,858,"1f0ebe7383f6998116af92c3ccb0b6f66400c79cd62cc552284ecbfe1d89ea16",0.965000000000003,170.968,FALSE,FALSE,FALSE,FALSE,"closed",FALSE
"mv08o_residual_source_sentinel_v1","primary","SRA826293_SRS4181124","internal124",20260809,"sct_data_all_qc_fit_selected384","exact500",1664,384,"cb915fa7f561f1335555208e34d055e2986f84f6ae69d93959e641c715fceac5",500,"48e881ee753893bfaecd7101fc16fbcb552dd30a2a791fedfc7204d7b322a32e",TRUE,0,0.177450183184527,TRUE,"7b44df3d7be5ff82e760a9af8227866f02bf16248e8fa4108e8aeea5a600ab40","6166f76e7b066fcfedff0589f7d6b0ac41c896cfb56c197ebb8ba3a2493da95a",168.819,858,"1f0ebe7383f6998116af92c3ccb0b6f66400c79cd62cc552284ecbfe1d89ea16",0.965000000000003,171.107,FALSE,FALSE,FALSE,FALSE,"closed",FALSE
"mv08o_residual_source_sentinel_v1","primary","SRA826293_SRS4181124","internal124",20260809,"sct_pearson_residual_all_qc_fit_selected384","exact500",1664,384,"cb915fa7f561f1335555208e34d055e2986f84f6ae69d93959e641c715fceac5",500,"48e881ee753893bfaecd7101fc16fbcb552dd30a2a791fedfc7204d7b322a32e",TRUE,0,0.685015502450121,TRUE,"2b88f6c2e0338ce65b411809b30dfc26f62b60f8d56d6d3216efb8b1e216edac","fce315f3ca6083a33230ce2542508780e6e1f34bff4da2117e7955d8f4519e30",168.819,858,"1f0ebe7383f6998116af92c3ccb0b6f66400c79cd62cc552284ecbfe1d89ea16",0.965000000000003,171.252,FALSE,FALSE,FALSE,FALSE,"closed",FALSE
"mv08o_residual_source_sentinel_v1","primary","SRA728025_SRS3454425","internal124",20260805,"sct_data_all_qc_fit_selected384","exact500",1710,384,"cf0a30a4bcd79da388c26c14614692fe15f238b1012f849bd4d90adbca021e0b",500,"48e881ee753893bfaecd7101fc16fbcb552dd30a2a791fedfc7204d7b322a32e",TRUE,0,0.172156253711128,TRUE,"7a46fb8c1cace0f89766d718662a085743d20d623a2cd7c46a214f477052fe29","97673640fa339881dcc53104f0f03978d2e7bfd0a96a1f5d077b5f57edff0b43",207.524,701,"1f0ebe7383f6998116af92c3ccb0b6f66400c79cd62cc552284ecbfe1d89ea16",1.40900000000002,209.166,FALSE,FALSE,FALSE,FALSE,"closed",FALSE
"mv08o_residual_source_sentinel_v1","primary","SRA728025_SRS3454425","internal124",20260805,"sct_pearson_residual_all_qc_fit_selected384","exact500",1710,384,"cf0a30a4bcd79da388c26c14614692fe15f238b1012f849bd4d90adbca021e0b",500,"48e881ee753893bfaecd7101fc16fbcb552dd30a2a791fedfc7204d7b322a32e",TRUE,0,0.66958658990885,TRUE,"d6fd300b1f9f86199677aa397e93e47db47c552acba60352a1a9cf4436e218ee","b76c4445553c0c98b17aba14d6fa254a6ef430ee0b1219f31f92c9193715aef0",207.524,701,"1f0ebe7383f6998116af92c3ccb0b6f66400c79cd62cc552284ecbfe1d89ea16",1.40900000000002,209.293,FALSE,FALSE,FALSE,FALSE,"closed",FALSE
"mv08o_residual_source_sentinel_v1","primary","SRA728025_SRS3454425","internal124",20260806,"sct_data_all_qc_fit_selected384","exact500",1710,384,"407afffd1d11fede1db17a0a9abf570456157896992f276fdddb989f65a1421f",500,"48e881ee753893bfaecd7101fc16fbcb552dd30a2a791fedfc7204d7b322a32e",TRUE,0,0.216020659851042,TRUE,"36e3831239382cf2adceb97e21156aca586177800f580b1767a09422a2fc47b1","ca2c2e2bc958949c24a2d6f11eda4afe35fed5814a0384bf8d2305f79c35089f",207.524,701,"1f0ebe7383f6998116af92c3ccb0b6f66400c79cd62cc552284ecbfe1d89ea16",1.40900000000002,209.427,FALSE,FALSE,FALSE,FALSE,"closed",FALSE
"mv08o_residual_source_sentinel_v1","primary","SRA728025_SRS3454425","internal124",20260806,"sct_pearson_residual_all_qc_fit_selected384","exact500",1710,384,"407afffd1d11fede1db17a0a9abf570456157896992f276fdddb989f65a1421f",500,"48e881ee753893bfaecd7101fc16fbcb552dd30a2a791fedfc7204d7b322a32e",TRUE,0,0.577843864538807,TRUE,"d75b49ebb248b97b15917570d3d9c086c73c5c9c93294a7254d03c5d3ba12ea0","d4047987febdd295b08ef6d15fa818814970dd3bd36afd3bff865ca4a3067171",207.524,701,"1f0ebe7383f6998116af92c3ccb0b6f66400c79cd62cc552284ecbfe1d89ea16",1.40900000000002,209.575,FALSE,FALSE,FALSE,FALSE,"closed",FALSE
"mv08o_residual_source_sentinel_v1","primary","SRA728025_SRS3454425","internal124",20260807,"sct_data_all_qc_fit_selected384","exact500",1710,384,"93adf801c164fb3bf18df63db436b9a6c18c6ecde01526ff4190c946299768ff",500,"48e881ee753893bfaecd7101fc16fbcb552dd30a2a791fedfc7204d7b322a32e",TRUE,0,0.186172277014687,TRUE,"42b8b63b279fd8794c1f6b1982230f034c8ba8a507eed8f5a288fa2c7ab7efd5","c83ff9e5c5d6e9575e6aa42bcc17069d759f3897161c6501aca15c61f05ea6bb",207.524,701,"1f0ebe7383f6998116af92c3ccb0b6f66400c79cd62cc552284ecbfe1d89ea16",1.40900000000002,209.72,FALSE,FALSE,FALSE,FALSE,"closed",FALSE
"mv08o_residual_source_sentinel_v1","primary","SRA728025_SRS3454425","internal124",20260807,"sct_pearson_residual_all_qc_fit_selected384","exact500",1710,384,"93adf801c164fb3bf18df63db436b9a6c18c6ecde01526ff4190c946299768ff",500,"48e881ee753893bfaecd7101fc16fbcb552dd30a2a791fedfc7204d7b322a32e",TRUE,0,0.611765600538936,TRUE,"0bf0a7c1d306644e5875fa26f82cf4d8258d1463e367524d532fafad3a77b33f","bd0a5d1d634f731e9f04eedf8b1e71183bde08c58eddf459006f15937af5ebd9",207.524,701,"1f0ebe7383f6998116af92c3ccb0b6f66400c79cd62cc552284ecbfe1d89ea16",1.40900000000002,209.865,FALSE,FALSE,FALSE,FALSE,"closed",FALSE
"mv08o_residual_source_sentinel_v1","primary","SRA728025_SRS3454425","internal124",20260808,"sct_data_all_qc_fit_selected384","exact500",1710,384,"24783bcbcb64691c36b951a5cd6adfe21009b47c414e1c9a0b0871517a1241db",500,"48e881ee753893bfaecd7101fc16fbcb552dd30a2a791fedfc7204d7b322a32e",TRUE,0,0.20007454587526,TRUE,"c53021085f7e1649ef79243e418b50323339829d99af23dc680d6b2e5dbb3266","16a786a1bb8e78a58b2d3af94c2253bf93f6c7e5e80997a1dbc61c51faf36aee",207.524,701,"1f0ebe7383f6998116af92c3ccb0b6f66400c79cd62cc552284ecbfe1d89ea16",1.40900000000002,210.016,FALSE,FALSE,FALSE,FALSE,"closed",FALSE
"mv08o_residual_source_sentinel_v1","primary","SRA728025_SRS3454425","internal124",20260808,"sct_pearson_residual_all_qc_fit_selected384","exact500",1710,384,"24783bcbcb64691c36b951a5cd6adfe21009b47c414e1c9a0b0871517a1241db",500,"48e881ee753893bfaecd7101fc16fbcb552dd30a2a791fedfc7204d7b322a32e",TRUE,0,0.600315196774636,TRUE,"3dda569943129581d52a624df82ac9ab32ed7a8913b86ca4ffecfa9b011efcfc","fa1b2c1df8a2782403458679e1d4f14c7a52ae1a92abd6b69cb5c149f4c23e71",207.524,701,"1f0ebe7383f6998116af92c3ccb0b6f66400c79cd62cc552284ecbfe1d89ea16",1.40900000000002,210.161,FALSE,FALSE,FALSE,FALSE,"closed",FALSE
"mv08o_residual_source_sentinel_v1","primary","SRA728025_SRS3454425","internal124",20260809,"sct_data_all_qc_fit_selected384","exact500",1710,384,"aa54199cfef21e1591772fe4610fd06946978c0f6e524fc358e88a9b73c1c9a3",500,"48e881ee753893bfaecd7101fc16fbcb552dd30a2a791fedfc7204d7b322a32e",TRUE,0,0.205010282359197,TRUE,"b858aeb80321acb66fb78a703255135ed429cf530fc02a928ef1feadcc7f2319","4a0e0959c2eea69915ab464394875b4c6c79025e82e3c4970e97c181628b5ead",207.524,701,"1f0ebe7383f6998116af92c3ccb0b6f66400c79cd62cc552284ecbfe1d89ea16",1.40900000000002,210.302,FALSE,FALSE,FALSE,FALSE,"closed",FALSE
"mv08o_residual_source_sentinel_v1","primary","SRA728025_SRS3454425","internal124",20260809,"sct_pearson_residual_all_qc_fit_selected384","exact500",1710,384,"aa54199cfef21e1591772fe4610fd06946978c0f6e524fc358e88a9b73c1c9a3",500,"48e881ee753893bfaecd7101fc16fbcb552dd30a2a791fedfc7204d7b322a32e",TRUE,0,0.622728333934452,TRUE,"814fd73ebd5970fae14a66196f965e421aa1b3e1f1ae85e55f4b7d3850237093","f1dcd44a9125d911fdc4acbf67e742fd3f7115916c749a6948ec93d7def1933f",207.524,701,"1f0ebe7383f6998116af92c3ccb0b6f66400c79cd62cc552284ecbfe1d89ea16",1.40900000000002,210.447,FALSE,FALSE,FALSE,FALSE,"closed",FALSE
"mv08o_residual_source_sentinel_v1","primary","SRA716608_SRS3391633","internal124",20260805,"sct_data_all_qc_fit_selected384","exact500",1721,384,"aef6fa24d7b1db83c0220d777108e6724288d197a85466d2a6ab3db685a3bda1",500,"48e881ee753893bfaecd7101fc16fbcb552dd30a2a791fedfc7204d7b322a32e",TRUE,0,0.208957240641278,TRUE,"850da25cada5ffa2c4eff693d9be28d8360c9c02dd33884f6c0d5f0115fea1dd","7f7a2c59d89ef1250bbf1bcfeb4f0b12074be35b51096ab3f171eee18068e20e",218.218,986,"1f0ebe7383f6998116af92c3ccb0b6f66400c79cd62cc552284ecbfe1d89ea16",1.35499999999999,219.791,FALSE,FALSE,FALSE,FALSE,"closed",FALSE
"mv08o_residual_source_sentinel_v1","primary","SRA716608_SRS3391633","internal124",20260805,"sct_pearson_residual_all_qc_fit_selected384","exact500",1721,384,"aef6fa24d7b1db83c0220d777108e6724288d197a85466d2a6ab3db685a3bda1",500,"48e881ee753893bfaecd7101fc16fbcb552dd30a2a791fedfc7204d7b322a32e",TRUE,0,0.659366336859203,TRUE,"6836573f1a4aa0133311268b109d6ea90ed182517a371e08294341ced33811e9","d118905ae5f1131ee05887376810b296075c198f46a872118cfc7d065157125b",218.218,986,"1f0ebe7383f6998116af92c3ccb0b6f66400c79cd62cc552284ecbfe1d89ea16",1.35499999999999,219.915,FALSE,FALSE,FALSE,FALSE,"closed",FALSE
"mv08o_residual_source_sentinel_v1","primary","SRA716608_SRS3391633","internal124",20260806,"sct_data_all_qc_fit_selected384","exact500",1721,384,"e47986e8f988f16ac6787c6554a97b0ee91bdf2e902cec1900c9fe792229e5fa",500,"48e881ee753893bfaecd7101fc16fbcb552dd30a2a791fedfc7204d7b322a32e",TRUE,0,0.203429761169596,TRUE,"fed0a6870d20d823da2dfdce600dd2be7242be74d51229494cfcacb8c939b51c","f354d732c40732390f00a73e53c8c3ad7b522a86635eb51df6f1079888ae0182",218.218,986,"1f0ebe7383f6998116af92c3ccb0b6f66400c79cd62cc552284ecbfe1d89ea16",1.35499999999999,220.039,FALSE,FALSE,FALSE,FALSE,"closed",FALSE
"mv08o_residual_source_sentinel_v1","primary","SRA716608_SRS3391633","internal124",20260806,"sct_pearson_residual_all_qc_fit_selected384","exact500",1721,384,"e47986e8f988f16ac6787c6554a97b0ee91bdf2e902cec1900c9fe792229e5fa",500,"48e881ee753893bfaecd7101fc16fbcb552dd30a2a791fedfc7204d7b322a32e",TRUE,0,0.643193315715722,TRUE,"b11cbf822e8063dce2387e6c8207d642703f0f2edd3fe1136aae78301bbd860e","7d7030856fb5fbb928f5b5fc72dd1214f953db27007c1c83ba8f2f460f691232",218.218,986,"1f0ebe7383f6998116af92c3ccb0b6f66400c79cd62cc552284ecbfe1d89ea16",1.35499999999999,220.184,FALSE,FALSE,FALSE,FALSE,"closed",FALSE
"mv08o_residual_source_sentinel_v1","primary","SRA716608_SRS3391633","internal124",20260807,"sct_data_all_qc_fit_selected384","exact500",1721,384,"91b31cfe7d4de0f8aadf6bd5df8f1d38bf05a843b951060fc2212a63e3c1de37",500,"48e881ee753893bfaecd7101fc16fbcb552dd30a2a791fedfc7204d7b322a32e",TRUE,0,0.222342086286293,TRUE,"27a989914ab9565a988688b4760c8e50d2e058599d450b4602088cef610f7bd4","e6268cfcacc649454f1420ca8a358a17690553b05237cf8d73ca2b747e2faef5",218.218,986,"1f0ebe7383f6998116af92c3ccb0b6f66400c79cd62cc552284ecbfe1d89ea16",1.35499999999999,220.342,FALSE,FALSE,FALSE,FALSE,"closed",FALSE
"mv08o_residual_source_sentinel_v1","primary","SRA716608_SRS3391633","internal124",20260807,"sct_pearson_residual_all_qc_fit_selected384","exact500",1721,384,"91b31cfe7d4de0f8aadf6bd5df8f1d38bf05a843b951060fc2212a63e3c1de37",500,"48e881ee753893bfaecd7101fc16fbcb552dd30a2a791fedfc7204d7b322a32e",TRUE,0,0.682772737651796,TRUE,"128a22230b4b4dc46719b0bf49b457c35506173a35d612b158531c4e1be0d365","7038c959f22ab27367f2904102cd1a8d8c77d8a1e59f3d444b864d6422c9623e",218.218,986,"1f0ebe7383f6998116af92c3ccb0b6f66400c79cd62cc552284ecbfe1d89ea16",1.35499999999999,220.467,FALSE,FALSE,FALSE,FALSE,"closed",FALSE
"mv08o_residual_source_sentinel_v1","primary","SRA716608_SRS3391633","internal124",20260808,"sct_data_all_qc_fit_selected384","exact500",1721,384,"239bfb2596a6119b88215286a468a68777415c536d294931e6550389d42ad455",500,"48e881ee753893bfaecd7101fc16fbcb552dd30a2a791fedfc7204d7b322a32e",TRUE,0,0.226630685120721,TRUE,"d19169bd018686895bba6cb85891e6c95596c9c8020c4b28d39431cfeba8edce","575b6f88e3c0a0b9724d8aec1380d2c243d6f3d983b2da533baebe83c78e317c",218.218,986,"1f0ebe7383f6998116af92c3ccb0b6f66400c79cd62cc552284ecbfe1d89ea16",1.35499999999999,220.605,FALSE,FALSE,FALSE,FALSE,"closed",FALSE
"mv08o_residual_source_sentinel_v1","primary","SRA716608_SRS3391633","internal124",20260808,"sct_pearson_residual_all_qc_fit_selected384","exact500",1721,384,"239bfb2596a6119b88215286a468a68777415c536d294931e6550389d42ad455",500,"48e881ee753893bfaecd7101fc16fbcb552dd30a2a791fedfc7204d7b322a32e",TRUE,0,0.661862647061978,TRUE,"4fd6d49330b4a4d356a16555ddd70b25136f84374aeeceb5b7dc6e07e805374a","0649096859640b521cdd371e452a4e26fd8677ba9dcaa879a3d0c6d6774ca674",218.218,986,"1f0ebe7383f6998116af92c3ccb0b6f66400c79cd62cc552284ecbfe1d89ea16",1.35499999999999,220.751,FALSE,FALSE,FALSE,FALSE,"closed",FALSE
"mv08o_residual_source_sentinel_v1","primary","SRA716608_SRS3391633","internal124",20260809,"sct_data_all_qc_fit_selected384","exact500",1721,384,"a62b75d42c5c69d8cb0b27bfbb612ff0763025a650fdb39cb845e9a5da067465",500,"48e881ee753893bfaecd7101fc16fbcb552dd30a2a791fedfc7204d7b322a32e",TRUE,0,0.213778656965522,TRUE,"bab8e3981601647331bf6e56895cefc08a10e40edc0a16c4a1b0d2d3cb170e63","6ec00e669c563f25f7f73325a7478378bff41e1462db66b8e122d4e08ff08bae",218.218,986,"1f0ebe7383f6998116af92c3ccb0b6f66400c79cd62cc552284ecbfe1d89ea16",1.35499999999999,220.891,FALSE,FALSE,FALSE,FALSE,"closed",FALSE
"mv08o_residual_source_sentinel_v1","primary","SRA716608_SRS3391633","internal124",20260809,"sct_pearson_residual_all_qc_fit_selected384","exact500",1721,384,"a62b75d42c5c69d8cb0b27bfbb612ff0763025a650fdb39cb845e9a5da067465",500,"48e881ee753893bfaecd7101fc16fbcb552dd30a2a791fedfc7204d7b322a32e",TRUE,0,0.690158010885717,TRUE,"a7c0c686b382729c9c62d0fcad77b74885ea73c858e8beef44aec04c260acf8b","08947368283dc94a509928a728c022e0568ebf55bc6093da03ef206b73618308",218.218,986,"1f0ebe7383f6998116af92c3ccb0b6f66400c79cd62cc552284ecbfe1d89ea16",1.35499999999999,221.036,FALSE,FALSE,FALSE,FALSE,"closed",FALSE
"mv08o_residual_source_sentinel_v1","primary","SRA667709_SRS3065429","internal124",20260805,"sct_data_all_qc_fit_selected384","exact500",1847,384,"827f4409edaf9bd01cc0c96e6856ac61c36c5907674799b431728310b7f8c748",500,"48e881ee753893bfaecd7101fc16fbcb552dd30a2a791fedfc7204d7b322a32e",TRUE,0,0.198244148410074,TRUE,"c214b24c066cca36a45927960dcea1f2a3bc8deaaa9643402e68b81e8e31e4ee","c360e978480757801a8f73ebb45b831dee6881eed160ac8a9fd634648cd56d4b",223.232,668,"1f0ebe7383f6998116af92c3ccb0b6f66400c79cd62cc552284ecbfe1d89ea16",1.96200000000002,225.422,FALSE,FALSE,FALSE,FALSE,"closed",FALSE
"mv08o_residual_source_sentinel_v1","primary","SRA667709_SRS3065429","internal124",20260805,"sct_pearson_residual_all_qc_fit_selected384","exact500",1847,384,"827f4409edaf9bd01cc0c96e6856ac61c36c5907674799b431728310b7f8c748",500,"48e881ee753893bfaecd7101fc16fbcb552dd30a2a791fedfc7204d7b322a32e",TRUE,0,0.490124228676727,TRUE,"9962e466e92998a627856e39b3be590e2a87f07ca94591a0451b535ce8e76860","504faeb57f09f8a06c86e7a18a620e4b986c3d514723b228a7929e25cfba9453",223.232,668,"1f0ebe7383f6998116af92c3ccb0b6f66400c79cd62cc552284ecbfe1d89ea16",1.96200000000002,225.549,FALSE,FALSE,FALSE,FALSE,"closed",FALSE
"mv08o_residual_source_sentinel_v1","primary","SRA667709_SRS3065429","internal124",20260806,"sct_data_all_qc_fit_selected384","exact500",1847,384,"9f73126b5a928acb1fc180b29c8ccf4685f3256e5ad20b6085b702c5a6fd6b94",500,"48e881ee753893bfaecd7101fc16fbcb552dd30a2a791fedfc7204d7b322a32e",TRUE,0,0.183385872473518,TRUE,"f1b7e9fe3c43bfc204491209adeeb326dfbcc23f1b3f301a138a72462207db4c","53a1d7779c8be3dd7d5b80bc94d45d330a2c3fd144aa84cdbe0f31054e84889a",223.232,668,"1f0ebe7383f6998116af92c3ccb0b6f66400c79cd62cc552284ecbfe1d89ea16",1.96200000000002,225.686,FALSE,FALSE,FALSE,FALSE,"closed",FALSE
"mv08o_residual_source_sentinel_v1","primary","SRA667709_SRS3065429","internal124",20260806,"sct_pearson_residual_all_qc_fit_selected384","exact500",1847,384,"9f73126b5a928acb1fc180b29c8ccf4685f3256e5ad20b6085b702c5a6fd6b94",500,"48e881ee753893bfaecd7101fc16fbcb552dd30a2a791fedfc7204d7b322a32e",TRUE,0,0.478940553070205,TRUE,"9621033e1312e5ab536ad7f0eca50ec86742bb179705d9ad2ecbf34a3e589210","f0fde92ba7d99be10cac8228aec27cadb4c520516b9c7646d29f4094b07a8945",223.232,668,"1f0ebe7383f6998116af92c3ccb0b6f66400c79cd62cc552284ecbfe1d89ea16",1.96200000000002,225.829,FALSE,FALSE,FALSE,FALSE,"closed",FALSE
"mv08o_residual_source_sentinel_v1","primary","SRA667709_SRS3065429","internal124",20260807,"sct_data_all_qc_fit_selected384","exact500",1847,384,"f56631fa224703becb223dc5c2dcd43ee1d03c809b3edd79c720c3b470eeff2e",500,"48e881ee753893bfaecd7101fc16fbcb552dd30a2a791fedfc7204d7b322a32e",TRUE,0,0.1863150193692,TRUE,"a8a160b6df63d8df6aef2032c65907b2a9fbe857b506fb42711a558beb877056","e94d77cdddb64e5edd01778dbbec4b07865227867a777155fc3cf7d3925c572a",223.232,668,"1f0ebe7383f6998116af92c3ccb0b6f66400c79cd62cc552284ecbfe1d89ea16",1.96200000000002,225.973,FALSE,FALSE,FALSE,FALSE,"closed",FALSE
"mv08o_residual_source_sentinel_v1","primary","SRA667709_SRS3065429","internal124",20260807,"sct_pearson_residual_all_qc_fit_selected384","exact500",1847,384,"f56631fa224703becb223dc5c2dcd43ee1d03c809b3edd79c720c3b470eeff2e",500,"48e881ee753893bfaecd7101fc16fbcb552dd30a2a791fedfc7204d7b322a32e",TRUE,0,0.521394382108765,TRUE,"0cb6a51126563f1eda53503106c68292df954a3845eae32a627b7faf3e75814b","ff35c8006e12945e91f9ac91b1a30ebb953a2ee83a19d32ef5531bfa3e2710b9",223.232,668,"1f0ebe7383f6998116af92c3ccb0b6f66400c79cd62cc552284ecbfe1d89ea16",1.96200000000002,226.128,FALSE,FALSE,FALSE,FALSE,"closed",FALSE
"mv08o_residual_source_sentinel_v1","primary","SRA667709_SRS3065429","internal124",20260808,"sct_data_all_qc_fit_selected384","exact500",1847,384,"423613bec70f3b6b0d331328e9f2ff25e52a233a9fe617be798d8791c35e92df",500,"48e881ee753893bfaecd7101fc16fbcb552dd30a2a791fedfc7204d7b322a32e",TRUE,0,0.192931994151134,TRUE,"92eba8e8855c7a7704102eeb504607e928a1376279cdfed0a54f5574d7ee7d42","a954d6a09f663e8582185555070e43ea725f6af3bc5a361792de5597a1e7ba56",223.232,668,"1f0ebe7383f6998116af92c3ccb0b6f66400c79cd62cc552284ecbfe1d89ea16",1.96200000000002,226.268,FALSE,FALSE,FALSE,FALSE,"closed",FALSE
"mv08o_residual_source_sentinel_v1","primary","SRA667709_SRS3065429","internal124",20260808,"sct_pearson_residual_all_qc_fit_selected384","exact500",1847,384,"423613bec70f3b6b0d331328e9f2ff25e52a233a9fe617be798d8791c35e92df",500,"48e881ee753893bfaecd7101fc16fbcb552dd30a2a791fedfc7204d7b322a32e",TRUE,0,0.488330206690628,TRUE,"4dd5a5d1ece1c1a812f3043141d418bb1aa7bf67bc11b40280009e94b7964991","324fc6c72f364fb4259a5a6bce6556e31a532eff6e5cb3fb29420421c72a7f9d",223.232,668,"1f0ebe7383f6998116af92c3ccb0b6f66400c79cd62cc552284ecbfe1d89ea16",1.96200000000002,226.415,FALSE,FALSE,FALSE,FALSE,"closed",FALSE
"mv08o_residual_source_sentinel_v1","primary","SRA667709_SRS3065429","internal124",20260809,"sct_data_all_qc_fit_selected384","exact500",1847,384,"25239e4d7102e602952d7f2c58a6b4d9bcc06d2a3fc5609f1d8482637d7b07e4",500,"48e881ee753893bfaecd7101fc16fbcb552dd30a2a791fedfc7204d7b322a32e",TRUE,0,0.20874946057637,TRUE,"c191b9a9724e3641b086d250d9782d164d6343a8095635c39a0cd637440f1403","6a4222df67dc7aae1e6a9f6696d59e37e90a30dff3e7bfa2cbd6ccba8b925ce2",223.232,668,"1f0ebe7383f6998116af92c3ccb0b6f66400c79cd62cc552284ecbfe1d89ea16",1.96200000000002,226.558,FALSE,FALSE,FALSE,FALSE,"closed",FALSE
"mv08o_residual_source_sentinel_v1","primary","SRA667709_SRS3065429","internal124",20260809,"sct_pearson_residual_all_qc_fit_selected384","exact500",1847,384,"25239e4d7102e602952d7f2c58a6b4d9bcc06d2a3fc5609f1d8482637d7b07e4",500,"48e881ee753893bfaecd7101fc16fbcb552dd30a2a791fedfc7204d7b322a32e",TRUE,0,0.483205267822705,TRUE,"9ad9c2f71165a6a714b73e39f7217f8d162c8e060fe837622c7e7b846e36ac25","33dae37de46eca9259a924509791802e055d68eb530d6081853c74874d98cddc",223.232,668,"1f0ebe7383f6998116af92c3ccb0b6f66400c79cd62cc552284ecbfe1d89ea16",1.96200000000002,226.704,FALSE,FALSE,FALSE,FALSE,"closed",FALSE
"mv08o_residual_source_sentinel_v1","primary","SRA701877_SRS3279684","internal124",20260805,"sct_data_all_qc_fit_selected384","exact500",1885,384,"080121efa7a26e5a92480be12ade467739ab848c37abf58e4985f431c7c55bfc",500,"48e881ee753893bfaecd7101fc16fbcb552dd30a2a791fedfc7204d7b322a32e",TRUE,0,0.232141300597065,TRUE,"70acb0784502017e32c6a465b04520a7f7102fc60161a36eeea718aa44fda9c3","9b527135257705fac7fcbd089fa232d4c69ab19f7a0dfe6013f1a5aecf27c112",141.241,129,"85b3c8df07c7859d19f3ad0590bbe2f6007bcf12c39054ff3e0932f1a2c92afc",1.108,142.584,FALSE,FALSE,FALSE,FALSE,"closed",FALSE
"mv08o_residual_source_sentinel_v1","primary","SRA701877_SRS3279684","internal124",20260805,"sct_pearson_residual_all_qc_fit_selected384","exact500",1885,384,"080121efa7a26e5a92480be12ade467739ab848c37abf58e4985f431c7c55bfc",500,"48e881ee753893bfaecd7101fc16fbcb552dd30a2a791fedfc7204d7b322a32e",TRUE,0,0.747309057186933,TRUE,"97c030c9f6a311ef0f223d808adc959d3098f816683b32aa0d99770ba075dfd4","a31d5be5a04aa3a0b8e7f5d4a579855f6d9e30a9c873f08faabe8d85254d0057",141.241,129,"85b3c8df07c7859d19f3ad0590bbe2f6007bcf12c39054ff3e0932f1a2c92afc",1.108,142.732,FALSE,FALSE,FALSE,FALSE,"closed",FALSE
"mv08o_residual_source_sentinel_v1","primary","SRA701877_SRS3279684","internal124",20260806,"sct_data_all_qc_fit_selected384","exact500",1885,384,"e9047990e327d288a91ce7127fe7c3b342901c539672f80ac78b663f5ad5dd50",500,"48e881ee753893bfaecd7101fc16fbcb552dd30a2a791fedfc7204d7b322a32e",TRUE,0,0.195349344240233,TRUE,"b5c5b987b7ecc12f6182972ba68be7415b82a82394b702ecb5906bc35bdecbc4","e76d74df709ce8f5f4503f137d036e3bbc9f7e74a56270cfd55084173d2e861d",141.241,129,"85b3c8df07c7859d19f3ad0590bbe2f6007bcf12c39054ff3e0932f1a2c92afc",1.108,142.853,FALSE,FALSE,FALSE,FALSE,"closed",FALSE
"mv08o_residual_source_sentinel_v1","primary","SRA701877_SRS3279684","internal124",20260806,"sct_pearson_residual_all_qc_fit_selected384","exact500",1885,384,"e9047990e327d288a91ce7127fe7c3b342901c539672f80ac78b663f5ad5dd50",500,"48e881ee753893bfaecd7101fc16fbcb552dd30a2a791fedfc7204d7b322a32e",TRUE,0,0.729514711848545,TRUE,"f4b9bae6bf8a7a485874d13f88cafa32025c01e351898a33309c919aeaa3f694","1241cc924e4b8f789c18f117685c5f97d256c2908bb72523e51580fb22c10bbc",141.241,129,"85b3c8df07c7859d19f3ad0590bbe2f6007bcf12c39054ff3e0932f1a2c92afc",1.108,142.978,FALSE,FALSE,FALSE,FALSE,"closed",FALSE
"mv08o_residual_source_sentinel_v1","primary","SRA701877_SRS3279684","internal124",20260807,"sct_data_all_qc_fit_selected384","exact500",1885,384,"278b0b9fc1ba8bc61dcf25e2fb3cd8bf3983ec54cda12f9c63d387e6f8257b5b",500,"48e881ee753893bfaecd7101fc16fbcb552dd30a2a791fedfc7204d7b322a32e",TRUE,0,0.118639393939318,TRUE,"4f3c55ed7857c101d0de2e69a0ddc39e7ffe573c9347dd79601da590e9976ac8","23e11321a355442b0753fd485220cc5d06d6f0a177b741c49d92cf0209105b34",141.241,129,"85b3c8df07c7859d19f3ad0590bbe2f6007bcf12c39054ff3e0932f1a2c92afc",1.108,143.56,FALSE,FALSE,FALSE,FALSE,"closed",FALSE
"mv08o_residual_source_sentinel_v1","primary","SRA701877_SRS3279684","internal124",20260807,"sct_pearson_residual_all_qc_fit_selected384","exact500",1885,384,"278b0b9fc1ba8bc61dcf25e2fb3cd8bf3983ec54cda12f9c63d387e6f8257b5b",500,"48e881ee753893bfaecd7101fc16fbcb552dd30a2a791fedfc7204d7b322a32e",TRUE,0,0.428052056560463,TRUE,"1a2c834bc76200414401e788506e593850077287dd81997837929e39dd13593b","ebe50ba27e627a6079e78e767b6c626d7f53cb5bcf59d3191d2b00e7f6e69680",141.241,129,"85b3c8df07c7859d19f3ad0590bbe2f6007bcf12c39054ff3e0932f1a2c92afc",1.108,143.686,FALSE,FALSE,FALSE,FALSE,"closed",FALSE
"mv08o_residual_source_sentinel_v1","primary","SRA701877_SRS3279684","internal124",20260808,"sct_data_all_qc_fit_selected384","exact500",1885,384,"3694c7c14af8c9e285ade1bbe1e439ba7298392c803cdd802cf5b2325539f4af",500,"48e881ee753893bfaecd7101fc16fbcb552dd30a2a791fedfc7204d7b322a32e",TRUE,0,0.177362287105806,TRUE,"f6c4aca1e2001e4019c4e09019666a970eec7a79be5612b95848f3582e3c10a2","ffca637afaab6080ae8ee4e195b4cd7b2d6743909efc4681c0cdb002f3d356cc",141.241,129,"85b3c8df07c7859d19f3ad0590bbe2f6007bcf12c39054ff3e0932f1a2c92afc",1.108,143.814,FALSE,FALSE,FALSE,FALSE,"closed",FALSE
"mv08o_residual_source_sentinel_v1","primary","SRA701877_SRS3279684","internal124",20260808,"sct_pearson_residual_all_qc_fit_selected384","exact500",1885,384,"3694c7c14af8c9e285ade1bbe1e439ba7298392c803cdd802cf5b2325539f4af",500,"48e881ee753893bfaecd7101fc16fbcb552dd30a2a791fedfc7204d7b322a32e",TRUE,0,0.696920670787871,TRUE,"e7e5a6ed94edf1c76e8ce0f67354f990a8b2625a2b8228812ff0a16b1f32f7ab","b86bf55aeb499b42e83e22104bffdbc3910a4830b6cdf8e7149e7a6bfc38baa4",141.241,129,"85b3c8df07c7859d19f3ad0590bbe2f6007bcf12c39054ff3e0932f1a2c92afc",1.108,143.959,FALSE,FALSE,FALSE,FALSE,"closed",FALSE
"mv08o_residual_source_sentinel_v1","primary","SRA701877_SRS3279684","internal124",20260809,"sct_data_all_qc_fit_selected384","exact500",1885,384,"e27c4c924179d47bf8ecb11c870180ab88c6c505a9c549c856331bb3a37fad3c",500,"48e881ee753893bfaecd7101fc16fbcb552dd30a2a791fedfc7204d7b322a32e",TRUE,0,0.182870392196124,TRUE,"7be680c3bfbed4fa9c3d9c3c8adba09ca8d4167b71daa4f1f1dededb17c5fb92","84c1641328c1dbe46e85df9525d497796c1dca2377b35b338532e381448fc395",141.241,129,"85b3c8df07c7859d19f3ad0590bbe2f6007bcf12c39054ff3e0932f1a2c92afc",1.108,144.097,FALSE,FALSE,FALSE,FALSE,"closed",FALSE
"mv08o_residual_source_sentinel_v1","primary","SRA701877_SRS3279684","internal124",20260809,"sct_pearson_residual_all_qc_fit_selected384","exact500",1885,384,"e27c4c924179d47bf8ecb11c870180ab88c6c505a9c549c856331bb3a37fad3c",500,"48e881ee753893bfaecd7101fc16fbcb552dd30a2a791fedfc7204d7b322a32e",TRUE,0,0.686981225974011,TRUE,"d75eb17ebf4df540d4a523859cf0cbdd761c5ce6fd5048fcb8f157798ac86e7c","0528c5bdd4601dbdc4f20f7e13ab84152fa32871ea7fc48b3ef2f7909f220c3f",141.241,129,"85b3c8df07c7859d19f3ad0590bbe2f6007bcf12c39054ff3e0932f1a2c92afc",1.108,144.241,FALSE,FALSE,FALSE,FALSE,"closed",FALSE
"mv08o_residual_source_sentinel_v1","primary","SRA749327_SRS3693910","internal124",20260805,"sct_data_all_qc_fit_selected384","exact500",1889,384,"93193e1143c4e21aa34d9ce26de43918f3933d0b9f1a545ba5e518d065a4c99c",500,"48e881ee753893bfaecd7101fc16fbcb552dd30a2a791fedfc7204d7b322a32e",TRUE,0,0.177450183184527,TRUE,"b48538e06612db69a06a0325576b7360a12e3b0f40b87c73dec09b308c78ca24","f98ffd09f846cb3152f13c1a954a84048b702b477822cfd4a99607d6a4b08eec",165.592,722,"85b3c8df07c7859d19f3ad0590bbe2f6007bcf12c39054ff3e0932f1a2c92afc",0.847000000000008,167.112,FALSE,FALSE,FALSE,FALSE,"closed",FALSE
"mv08o_residual_source_sentinel_v1","primary","SRA749327_SRS3693910","internal124",20260805,"sct_pearson_residual_all_qc_fit_selected384","exact500",1889,384,"93193e1143c4e21aa34d9ce26de43918f3933d0b9f1a545ba5e518d065a4c99c",500,"48e881ee753893bfaecd7101fc16fbcb552dd30a2a791fedfc7204d7b322a32e",TRUE,0,0.711679428532075,TRUE,"206e67cbb9d91c567599165c98bbf2c459c2142276f4570244496acf0accb84e","9775f2fd90cfecab66c78f2cc28b6a0d835a7ec7dee95cfcdfa89a05ecced3e5",165.592,722,"85b3c8df07c7859d19f3ad0590bbe2f6007bcf12c39054ff3e0932f1a2c92afc",0.847000000000008,167.236,FALSE,FALSE,FALSE,FALSE,"closed",FALSE
"mv08o_residual_source_sentinel_v1","primary","SRA749327_SRS3693910","internal124",20260806,"sct_data_all_qc_fit_selected384","exact500",1889,384,"c559576dc8a6018dbfb3b5a8843de0574fc573c816c889a59192231d22fc8803",500,"48e881ee753893bfaecd7101fc16fbcb552dd30a2a791fedfc7204d7b322a32e",TRUE,0,0.177450183184527,TRUE,"d15150cfd8cc7acb43065dff0d5588a0a6f80b2e9466eae594d28135d2eb5f06","2e26e48482c3c29570168705758da44678a1e528027b21af0016217d05bd7fc5",165.592,722,"85b3c8df07c7859d19f3ad0590bbe2f6007bcf12c39054ff3e0932f1a2c92afc",0.847000000000008,167.361,FALSE,FALSE,FALSE,FALSE,"closed",FALSE
"mv08o_residual_source_sentinel_v1","primary","SRA749327_SRS3693910","internal124",20260806,"sct_pearson_residual_all_qc_fit_selected384","exact500",1889,384,"c559576dc8a6018dbfb3b5a8843de0574fc573c816c889a59192231d22fc8803",500,"48e881ee753893bfaecd7101fc16fbcb552dd30a2a791fedfc7204d7b322a32e",TRUE,0,0.727190525368666,TRUE,"e95e6b52517b33c2da8862776df10c1786966020ee9fcc69cae20e50851a60a8","b91cd33a1f57789a2a92f14a73a6b8a48d4da6f8bd81d420ad81c72ba6adcb8d",165.592,722,"85b3c8df07c7859d19f3ad0590bbe2f6007bcf12c39054ff3e0932f1a2c92afc",0.847000000000008,167.505,FALSE,FALSE,FALSE,FALSE,"closed",FALSE
"mv08o_residual_source_sentinel_v1","primary","SRA749327_SRS3693910","internal124",20260807,"sct_data_all_qc_fit_selected384","exact500",1889,384,"ab0603de56e1cd22cee85fe54af5230e51223f85ea0b1eaa66d31739c0d7f28a",500,"48e881ee753893bfaecd7101fc16fbcb552dd30a2a791fedfc7204d7b322a32e",TRUE,0,0.179453698385377,TRUE,"5569c99f14e859224111a328a9b33ba11effe544392274259d73b93a29eafc50","80c4995b7ebe9ad609d640c94b710dbe59e5f1b2007ccdf8391c7f806c8e9fa0",165.592,722,"85b3c8df07c7859d19f3ad0590bbe2f6007bcf12c39054ff3e0932f1a2c92afc",0.847000000000008,167.648,FALSE,FALSE,FALSE,FALSE,"closed",FALSE
"mv08o_residual_source_sentinel_v1","primary","SRA749327_SRS3693910","internal124",20260807,"sct_pearson_residual_all_qc_fit_selected384","exact500",1889,384,"ab0603de56e1cd22cee85fe54af5230e51223f85ea0b1eaa66d31739c0d7f28a",500,"48e881ee753893bfaecd7101fc16fbcb552dd30a2a791fedfc7204d7b322a32e",TRUE,0,0.742573121996034,TRUE,"5e55a5c472cb089740226f01e45db58c33a1184572559c712207b797a5670e32","95cd6d4a216124c3fb30fd52a99165db74a97fbae089885c6a31a692a1b58078",165.592,722,"85b3c8df07c7859d19f3ad0590bbe2f6007bcf12c39054ff3e0932f1a2c92afc",0.847000000000008,167.791,FALSE,FALSE,FALSE,FALSE,"closed",FALSE
"mv08o_residual_source_sentinel_v1","primary","SRA749327_SRS3693910","internal124",20260808,"sct_data_all_qc_fit_selected384","exact500",1889,384,"d8f14dd177bace73f56fafaeabd16a561b6b34c67f1378ff474629a9c020ddcd",500,"48e881ee753893bfaecd7101fc16fbcb552dd30a2a791fedfc7204d7b322a32e",TRUE,0,0.188192677124378,TRUE,"72d8e105477fa1c7c3984c622101a8ebec84b631e3edba122ca1788d397ef3cc","b3bc86ae8bae3ae46ff07aecf5d393d19871a2b2e3673d52c320d1b13c2132c1",165.592,722,"85b3c8df07c7859d19f3ad0590bbe2f6007bcf12c39054ff3e0932f1a2c92afc",0.847000000000008,167.929,FALSE,FALSE,FALSE,FALSE,"closed",FALSE
"mv08o_residual_source_sentinel_v1","primary","SRA749327_SRS3693910","internal124",20260808,"sct_pearson_residual_all_qc_fit_selected384","exact500",1889,384,"d8f14dd177bace73f56fafaeabd16a561b6b34c67f1378ff474629a9c020ddcd",500,"48e881ee753893bfaecd7101fc16fbcb552dd30a2a791fedfc7204d7b322a32e",TRUE,0,0.751203453302122,TRUE,"5128dd9becbfbdc9d96b1e835ddcc4271ccc66f5b88edf21a0445484b43ae4fe","c32b9fd18d8823b17391a9b5415b39df463077b3c7e4ae6e98d85542661c4a25",165.592,722,"85b3c8df07c7859d19f3ad0590bbe2f6007bcf12c39054ff3e0932f1a2c92afc",0.847000000000008,168.073,FALSE,FALSE,FALSE,FALSE,"closed",FALSE
"mv08o_residual_source_sentinel_v1","primary","SRA749327_SRS3693910","internal124",20260809,"sct_data_all_qc_fit_selected384","exact500",1889,384,"08b9bd2105a503134faaa5771989cb433f2ae1f48c6b38a6198f8cd6fe5e74e9",500,"48e881ee753893bfaecd7101fc16fbcb552dd30a2a791fedfc7204d7b322a32e",TRUE,0,0.164694077076775,TRUE,"42106371cfc6e2e540ad01e958f0117ae2ac4a10e095873bfd9a19ce68083644","b9f70513a599cde30038cf503142f624fbd26b138a1f2f7a9838391ed390e1d2",165.592,722,"85b3c8df07c7859d19f3ad0590bbe2f6007bcf12c39054ff3e0932f1a2c92afc",0.847000000000008,168.213,FALSE,FALSE,FALSE,FALSE,"closed",FALSE
"mv08o_residual_source_sentinel_v1","primary","SRA749327_SRS3693910","internal124",20260809,"sct_pearson_residual_all_qc_fit_selected384","exact500",1889,384,"08b9bd2105a503134faaa5771989cb433f2ae1f48c6b38a6198f8cd6fe5e74e9",500,"48e881ee753893bfaecd7101fc16fbcb552dd30a2a791fedfc7204d7b322a32e",TRUE,0,0.723437661089384,TRUE,"d42f9eb3e06b8e554fe10fc291f256c17dd327b31c2649ccf961d2a0b46e32ec","5b30fbabbeb002a062a150af2e696b0ff9e1336a1df2bb03aca4296b68562b06",165.592,722,"85b3c8df07c7859d19f3ad0590bbe2f6007bcf12c39054ff3e0932f1a2c92afc",0.847000000000008,168.358,FALSE,FALSE,FALSE,FALSE,"closed",FALSE
"mv08o_residual_source_sentinel_v1","primary","SRA667709_SRS3065427","internal124",20260805,"sct_data_all_qc_fit_selected384","exact500",1945,384,"7f3359bfba0559e2b3298f38d3c13bd05bf3afba43e363bd18d6b65468604a1c",500,"48e881ee753893bfaecd7101fc16fbcb552dd30a2a791fedfc7204d7b322a32e",TRUE,0,0.225506244954674,TRUE,"a1769fc5c6ef183090ec94b047040431e44577d296cfc26a1b8710ad0ef8abe0","5c7404df0bb439a895839a7d2a8f9dc88b264032480270eff2ed45866960a0aa",244.482,1282,"1f0ebe7383f6998116af92c3ccb0b6f66400c79cd62cc552284ecbfe1d89ea16",2.07900000000001,246.789,FALSE,FALSE,FALSE,FALSE,"closed",FALSE
"mv08o_residual_source_sentinel_v1","primary","SRA667709_SRS3065427","internal124",20260805,"sct_pearson_residual_all_qc_fit_selected384","exact500",1945,384,"7f3359bfba0559e2b3298f38d3c13bd05bf3afba43e363bd18d6b65468604a1c",500,"48e881ee753893bfaecd7101fc16fbcb552dd30a2a791fedfc7204d7b322a32e",TRUE,0,0.487812674937725,TRUE,"f9a89a69afa491116f98ac75b5f750804db18436b9a404de3828119e18c4d9a3","9e7211abd71d362fb6a2f4c850b8407ba5c51a1e94cc105b6843494e8632823d",244.482,1282,"1f0ebe7383f6998116af92c3ccb0b6f66400c79cd62cc552284ecbfe1d89ea16",2.07900000000001,246.913,FALSE,FALSE,FALSE,FALSE,"closed",FALSE
"mv08o_residual_source_sentinel_v1","primary","SRA667709_SRS3065427","internal124",20260806,"sct_data_all_qc_fit_selected384","exact500",1945,384,"0b5ef35ecd63d7123ecac949a5900b97095ecf01fe0ef2af0a33dac26433fe1c",500,"48e881ee753893bfaecd7101fc16fbcb552dd30a2a791fedfc7204d7b322a32e",TRUE,0,0.221783624467535,TRUE,"54ea01e42d69a4dd1d1bf45a76d0c85d49bc73fd02620e660176c67a743dcfe4","ed22c5a29e89e10bd716a6fd842a99027cc3f54471c5890940f71b80cff7e2ee",244.482,1282,"1f0ebe7383f6998116af92c3ccb0b6f66400c79cd62cc552284ecbfe1d89ea16",2.07900000000001,247.036,FALSE,FALSE,FALSE,FALSE,"closed",FALSE
"mv08o_residual_source_sentinel_v1","primary","SRA667709_SRS3065427","internal124",20260806,"sct_pearson_residual_all_qc_fit_selected384","exact500",1945,384,"0b5ef35ecd63d7123ecac949a5900b97095ecf01fe0ef2af0a33dac26433fe1c",500,"48e881ee753893bfaecd7101fc16fbcb552dd30a2a791fedfc7204d7b322a32e",TRUE,0,0.457709320996058,TRUE,"77a818b734c18726dbac1e3d863d13ee9101290e409d27074a65f0ee4ec87ae8","dd053ad705104ebfdad3e1738244979a6913afb42b965ca6aafa8d595a4a8f37",244.482,1282,"1f0ebe7383f6998116af92c3ccb0b6f66400c79cd62cc552284ecbfe1d89ea16",2.07900000000001,247.158,FALSE,FALSE,FALSE,FALSE,"closed",FALSE
"mv08o_residual_source_sentinel_v1","primary","SRA667709_SRS3065427","internal124",20260807,"sct_data_all_qc_fit_selected384","exact500",1945,384,"c3e7679d12d8c6d84ffa0e8d392b291ca498f8ace51f438c0540a3c1bfc58bb8",500,"48e881ee753893bfaecd7101fc16fbcb552dd30a2a791fedfc7204d7b322a32e",TRUE,0,0.205922623609066,TRUE,"b5ee59b8a85c81ebc13b7df1ec4582ff331459170b698979c93bf839f0525f28","8e36ee4bf4f3bbb9ebff79e50ac2fc5443275a42717f9ce61dbf18cfc7172e27",244.482,1282,"1f0ebe7383f6998116af92c3ccb0b6f66400c79cd62cc552284ecbfe1d89ea16",2.07900000000001,247.278,FALSE,FALSE,FALSE,FALSE,"closed",FALSE
"mv08o_residual_source_sentinel_v1","primary","SRA667709_SRS3065427","internal124",20260807,"sct_pearson_residual_all_qc_fit_selected384","exact500",1945,384,"c3e7679d12d8c6d84ffa0e8d392b291ca498f8ace51f438c0540a3c1bfc58bb8",500,"48e881ee753893bfaecd7101fc16fbcb552dd30a2a791fedfc7204d7b322a32e",TRUE,0,0.4856080938238,TRUE,"1e5b6c13466274b06f7faf9f8ed61c847379468ac3572ec8acdb08a351c89b06","4d9abac7a7f382b5c59ed8de8ae3b8b7086027802e24260609e6c2fc3f516a34",244.482,1282,"1f0ebe7383f6998116af92c3ccb0b6f66400c79cd62cc552284ecbfe1d89ea16",2.07900000000001,247.402,FALSE,FALSE,FALSE,FALSE,"closed",FALSE
"mv08o_residual_source_sentinel_v1","primary","SRA667709_SRS3065427","internal124",20260808,"sct_data_all_qc_fit_selected384","exact500",1945,384,"b712e54b3bca62c0854f03f15c15cb469e0b59cd0f13972bdde18a053f7cb011",500,"48e881ee753893bfaecd7101fc16fbcb552dd30a2a791fedfc7204d7b322a32e",TRUE,0,0.228838039945926,TRUE,"b32f034a5789996d4c7928502d0877ac6ede08151ba26fceb17cf244691dca1d","88115d7f1784363c108b7aab98ef6fee1904154b230956faba39c4505eea5853",244.482,1282,"1f0ebe7383f6998116af92c3ccb0b6f66400c79cd62cc552284ecbfe1d89ea16",2.07900000000001,247.526,FALSE,FALSE,FALSE,FALSE,"closed",FALSE
"mv08o_residual_source_sentinel_v1","primary","SRA667709_SRS3065427","internal124",20260808,"sct_pearson_residual_all_qc_fit_selected384","exact500",1945,384,"b712e54b3bca62c0854f03f15c15cb469e0b59cd0f13972bdde18a053f7cb011",500,"48e881ee753893bfaecd7101fc16fbcb552dd30a2a791fedfc7204d7b322a32e",TRUE,0,0.505137971778176,TRUE,"5627e663c9888be2293332e0fa41fb3170a4f297d68140cc60b9838a3ce5f2bc","b9052a7c3c6d190cc651eddf4baa55e9af367608fae49b7274a29dc3ea4c5f09",244.482,1282,"1f0ebe7383f6998116af92c3ccb0b6f66400c79cd62cc552284ecbfe1d89ea16",2.07900000000001,247.67,FALSE,FALSE,FALSE,FALSE,"closed",FALSE
"mv08o_residual_source_sentinel_v1","primary","SRA667709_SRS3065427","internal124",20260809,"sct_data_all_qc_fit_selected384","exact500",1945,384,"902acd86b8ce32b0a68339f15889023740aa2dcc24c0379a4f4ff21a54f5d995",500,"48e881ee753893bfaecd7101fc16fbcb552dd30a2a791fedfc7204d7b322a32e",TRUE,0,0.198410558297824,TRUE,"2b7fbfeed347200b8998f1c1c6b0c345029cd684fe97ed73c77b6d4bbb922434","b65720805d7d4b7424463b3fa699914b914c7f336598c6fb5e6c6ad9b1959d48",244.482,1282,"1f0ebe7383f6998116af92c3ccb0b6f66400c79cd62cc552284ecbfe1d89ea16",2.07900000000001,247.812,FALSE,FALSE,FALSE,FALSE,"closed",FALSE
"mv08o_residual_source_sentinel_v1","primary","SRA667709_SRS3065427","internal124",20260809,"sct_pearson_residual_all_qc_fit_selected384","exact500",1945,384,"902acd86b8ce32b0a68339f15889023740aa2dcc24c0379a4f4ff21a54f5d995",500,"48e881ee753893bfaecd7101fc16fbcb552dd30a2a791fedfc7204d7b322a32e",TRUE,0,0.475211606246926,TRUE,"4a4440e4af1691057642b403e44a57d4be2b23d4f7368bb06e16c3de8a42e8c2","bf5441b3e7e0ac6ae4e27535bc5db6f9125343d6ca20234d9099649a09a18241",244.482,1282,"1f0ebe7383f6998116af92c3ccb0b6f66400c79cd62cc552284ecbfe1d89ea16",2.07900000000001,247.959,FALSE,FALSE,FALSE,FALSE,"closed",FALSE
"mv08o_residual_source_sentinel_v1","primary","SRA728025_SRS3454426","internal124",20260805,"sct_data_all_qc_fit_selected384","exact500",2009,384,"9c75cdf0c9e68b629faca887767ff956c65d67466af664052e5ec5b01dfd9e7e",500,"48e881ee753893bfaecd7101fc16fbcb552dd30a2a791fedfc7204d7b322a32e",TRUE,0,0.169729418365832,TRUE,"8c039a0857d76d9b94af0c2e0d253d0cf973cf818ec25a52227cea0a1df0c95d","215343c73f4d0d6d2b76ac806379d9237df1ecd0b0445bd13f8bdde8239df4c6",212.497,659,"1f0ebe7383f6998116af92c3ccb0b6f66400c79cd62cc552284ecbfe1d89ea16",1.33599999999998,214.082,FALSE,FALSE,FALSE,FALSE,"closed",FALSE
"mv08o_residual_source_sentinel_v1","primary","SRA728025_SRS3454426","internal124",20260805,"sct_pearson_residual_all_qc_fit_selected384","exact500",2009,384,"9c75cdf0c9e68b629faca887767ff956c65d67466af664052e5ec5b01dfd9e7e",500,"48e881ee753893bfaecd7101fc16fbcb552dd30a2a791fedfc7204d7b322a32e",TRUE,0,0.517487798069895,TRUE,"9cc79b5cfdccd7cfa67d0051bc26322fa2bd940c0d71c69dc8359bb0aaa09414","d65afcca2a5f86f4c92ab9bbd4d74b7f487ebaac166ea3749150ab353f8b4404",212.497,659,"1f0ebe7383f6998116af92c3ccb0b6f66400c79cd62cc552284ecbfe1d89ea16",1.33599999999998,214.211,FALSE,FALSE,FALSE,FALSE,"closed",FALSE
"mv08o_residual_source_sentinel_v1","primary","SRA728025_SRS3454426","internal124",20260806,"sct_data_all_qc_fit_selected384","exact500",2009,384,"c80588621ab475995de795d3da06c12aa26fb99fa1fc2c00014ae860cf65a9f8",500,"48e881ee753893bfaecd7101fc16fbcb552dd30a2a791fedfc7204d7b322a32e",TRUE,0,0.172661944593607,TRUE,"972072a3a61a35b6172cc306c798ed93558c30884013ecb3730f7c39b2895236","b46944a0820eadbe41e73ba7b30ebf1ba2da548a91e78bb330ff6957dd864c03",212.497,659,"1f0ebe7383f6998116af92c3ccb0b6f66400c79cd62cc552284ecbfe1d89ea16",1.33599999999998,214.331,FALSE,FALSE,FALSE,FALSE,"closed",FALSE
"mv08o_residual_source_sentinel_v1","primary","SRA728025_SRS3454426","internal124",20260806,"sct_pearson_residual_all_qc_fit_selected384","exact500",2009,384,"c80588621ab475995de795d3da06c12aa26fb99fa1fc2c00014ae860cf65a9f8",500,"48e881ee753893bfaecd7101fc16fbcb552dd30a2a791fedfc7204d7b322a32e",TRUE,0,0.505574689861038,TRUE,"7b14d7bc6b23d67333dbaf794cd343c461d1a045cf3e8fd3f7fa487445e7aec0","e684e672e824c2e2048bfd3f231a0c1362bf8db11bbc8130099d5ddb496170f0",212.497,659,"1f0ebe7383f6998116af92c3ccb0b6f66400c79cd62cc552284ecbfe1d89ea16",1.33599999999998,214.454,FALSE,FALSE,FALSE,FALSE,"closed",FALSE
"mv08o_residual_source_sentinel_v1","primary","SRA728025_SRS3454426","internal124",20260807,"sct_data_all_qc_fit_selected384","exact500",2009,384,"0cae8ccd243b256820119a13c94e4a82d6a32215e52f1d94aec5a2ba44d5bda9",500,"48e881ee753893bfaecd7101fc16fbcb552dd30a2a791fedfc7204d7b322a32e",TRUE,0,0.134468101868747,TRUE,"8a2200fc3b36f545cbfad7ee13ff4f43c32ae2cf620d15551838ca9eb3dc29df","453bc3a7dd510b6f65404e958228c636f38c4d0961f01c94bb67773a5c1c7c90",212.497,659,"1f0ebe7383f6998116af92c3ccb0b6f66400c79cd62cc552284ecbfe1d89ea16",1.33599999999998,214.572,FALSE,FALSE,FALSE,FALSE,"closed",FALSE
"mv08o_residual_source_sentinel_v1","primary","SRA728025_SRS3454426","internal124",20260807,"sct_pearson_residual_all_qc_fit_selected384","exact500",2009,384,"0cae8ccd243b256820119a13c94e4a82d6a32215e52f1d94aec5a2ba44d5bda9",500,"48e881ee753893bfaecd7101fc16fbcb552dd30a2a791fedfc7204d7b322a32e",TRUE,0,0.470839871245696,TRUE,"287518db83488f02f22021fca9e6aadabcba984d82347d8ba0cceeb2c56b3492","227acd19cf262fbe10e362ec1be42faeb40f418caa53b74a6d6e98101e0e73c9",212.497,659,"1f0ebe7383f6998116af92c3ccb0b6f66400c79cd62cc552284ecbfe1d89ea16",1.33599999999998,214.695,FALSE,FALSE,FALSE,FALSE,"closed",FALSE
"mv08o_residual_source_sentinel_v1","primary","SRA728025_SRS3454426","internal124",20260808,"sct_data_all_qc_fit_selected384","exact500",2009,384,"45033eb0d47bb57797ce6660602a05dcd2e6b6f9adb6b714e692f02abdf53793",500,"48e881ee753893bfaecd7101fc16fbcb552dd30a2a791fedfc7204d7b322a32e",TRUE,0,0.141865643097611,TRUE,"9bd8b53e4b67975a6885fec6d6b979e1f3f5fc83444f0d3f917a9a69b21cbce6","987e7ec214fb3e003bce567b1e5fa5a5ba4abd5af55ecfd72d1fa3b656fdd2e0",212.497,659,"1f0ebe7383f6998116af92c3ccb0b6f66400c79cd62cc552284ecbfe1d89ea16",1.33599999999998,214.817,FALSE,FALSE,FALSE,FALSE,"closed",FALSE
"mv08o_residual_source_sentinel_v1","primary","SRA728025_SRS3454426","internal124",20260808,"sct_pearson_residual_all_qc_fit_selected384","exact500",2009,384,"45033eb0d47bb57797ce6660602a05dcd2e6b6f9adb6b714e692f02abdf53793",500,"48e881ee753893bfaecd7101fc16fbcb552dd30a2a791fedfc7204d7b322a32e",TRUE,0,0.559605558504075,TRUE,"1cc95b7f702c2bdccef541043200c8c9ca59e45fc78b972fd2a6c809e874a733","c82daf2cefc336e48d0c60485ffc2cb543a4448838f0ab8c1686f98872125960",212.497,659,"1f0ebe7383f6998116af92c3ccb0b6f66400c79cd62cc552284ecbfe1d89ea16",1.33599999999998,214.939,FALSE,FALSE,FALSE,FALSE,"closed",FALSE
"mv08o_residual_source_sentinel_v1","primary","SRA728025_SRS3454426","internal124",20260809,"sct_data_all_qc_fit_selected384","exact500",2009,384,"d24ae21105df565ebbe1492aed475fad3c731adaece3198e0f0dcc01e0d74e14",500,"48e881ee753893bfaecd7101fc16fbcb552dd30a2a791fedfc7204d7b322a32e",TRUE,0,0.164303754727768,TRUE,"b795cc1c9bc2f01d370c9f5545a6c2c964aaacb2998356060051e2bf0515ca5a","283c788b492018b63a8591a49c0043bc5388d56e8ba4b064e358de280f11d526",212.497,659,"1f0ebe7383f6998116af92c3ccb0b6f66400c79cd62cc552284ecbfe1d89ea16",1.33599999999998,215.058,FALSE,FALSE,FALSE,FALSE,"closed",FALSE
"mv08o_residual_source_sentinel_v1","primary","SRA728025_SRS3454426","internal124",20260809,"sct_pearson_residual_all_qc_fit_selected384","exact500",2009,384,"d24ae21105df565ebbe1492aed475fad3c731adaece3198e0f0dcc01e0d74e14",500,"48e881ee753893bfaecd7101fc16fbcb552dd30a2a791fedfc7204d7b322a32e",TRUE,0,0.481704499342206,TRUE,"f048993edd505381da280aa8690a83f6734d442b750c35d7f3804b231579bc60","a4a3f47dc5d528b0660f2ea07a0178edd66341811ac14292af071947868a665c",212.497,659,"1f0ebe7383f6998116af92c3ccb0b6f66400c79cd62cc552284ecbfe1d89ea16",1.33599999999998,215.198,FALSE,FALSE,FALSE,FALSE,"closed",FALSE
"mv08o_residual_source_sentinel_v1","primary","SRA701877_SRS3279687","internal124",20260805,"sct_data_all_qc_fit_selected384","exact500",2106,384,"2f1636300c0a4938df59429489462497e1ace522bfbdc7cf8ea8e610b88a6faf",500,"48e881ee753893bfaecd7101fc16fbcb552dd30a2a791fedfc7204d7b322a32e",TRUE,0,0.253725479114034,TRUE,"eb7cba21f895404b242d6c9e096ffdb9ef4caff2fac15cb9c2a97405fbc7dc3c","03d3d101e767d03b866b56d5f3c17d5b8e9a9135fd79fb0b22942a581127a170",111.297,66,"85b3c8df07c7859d19f3ad0590bbe2f6007bcf12c39054ff3e0932f1a2c92afc",1.35799999999999,112.914,FALSE,FALSE,FALSE,FALSE,"closed",FALSE
"mv08o_residual_source_sentinel_v1","primary","SRA701877_SRS3279687","internal124",20260805,"sct_pearson_residual_all_qc_fit_selected384","exact500",2106,384,"2f1636300c0a4938df59429489462497e1ace522bfbdc7cf8ea8e610b88a6faf",500,"48e881ee753893bfaecd7101fc16fbcb552dd30a2a791fedfc7204d7b322a32e",TRUE,0,0.530952047531993,TRUE,"54286cb04cb0324bc9353480bde53e4b1ec8f57bc9b8982d80de5b2d471d2394","ee4c946f8580a40324ef514ca4c99e7d14492bc2667102a470006bfb0101d224",111.297,66,"85b3c8df07c7859d19f3ad0590bbe2f6007bcf12c39054ff3e0932f1a2c92afc",1.35799999999999,113.04,FALSE,FALSE,FALSE,FALSE,"closed",FALSE
"mv08o_residual_source_sentinel_v1","primary","SRA701877_SRS3279687","internal124",20260806,"sct_data_all_qc_fit_selected384","exact500",2106,384,"e0a03a1d4d01671308b6edba5bb0c1bfb53cb417809c6d3e291862300e6910da",500,"48e881ee753893bfaecd7101fc16fbcb552dd30a2a791fedfc7204d7b322a32e",TRUE,0,0.317344964858801,TRUE,"32cee00896bee707fa260960b5e0ebf59b28e489dc34a7e79447c3b16a836c7e","8b9ee234403111e49218dc1314d1881406e2b468547696eb3e54e32a2146def5",111.297,66,"85b3c8df07c7859d19f3ad0590bbe2f6007bcf12c39054ff3e0932f1a2c92afc",1.35799999999999,113.175,FALSE,FALSE,FALSE,FALSE,"closed",FALSE
"mv08o_residual_source_sentinel_v1","primary","SRA701877_SRS3279687","internal124",20260806,"sct_pearson_residual_all_qc_fit_selected384","exact500",2106,384,"e0a03a1d4d01671308b6edba5bb0c1bfb53cb417809c6d3e291862300e6910da",500,"48e881ee753893bfaecd7101fc16fbcb552dd30a2a791fedfc7204d7b322a32e",TRUE,0,0.549714945592525,TRUE,"6a13146e43fd3af8a828973c53670ad7affb607ade98905f99d93b6548b9b451","7906c93d36d4a581bbdeb9f2ec67c05206e4776b757dd2694da6505e31c8d3a4",111.297,66,"85b3c8df07c7859d19f3ad0590bbe2f6007bcf12c39054ff3e0932f1a2c92afc",1.35799999999999,113.3,FALSE,FALSE,FALSE,FALSE,"closed",FALSE
"mv08o_residual_source_sentinel_v1","primary","SRA701877_SRS3279687","internal124",20260807,"sct_data_all_qc_fit_selected384","exact500",2106,384,"0cc5f32b297b1f046089039c3fa5887005f69442897e8e6c96e4c9575715b596",500,"48e881ee753893bfaecd7101fc16fbcb552dd30a2a791fedfc7204d7b322a32e",TRUE,0,0.331555748303006,TRUE,"440790447df38cd810d93c6b12a758430ba444e6ae9ca3562f49bb7993171953","be95b05d4dbf191f27576c8bad58c6b7076de72a66cb678ee343b136325ebd7a",111.297,66,"85b3c8df07c7859d19f3ad0590bbe2f6007bcf12c39054ff3e0932f1a2c92afc",1.35799999999999,113.945,FALSE,FALSE,FALSE,FALSE,"closed",FALSE
"mv08o_residual_source_sentinel_v1","primary","SRA701877_SRS3279687","internal124",20260807,"sct_pearson_residual_all_qc_fit_selected384","exact500",2106,384,"0cc5f32b297b1f046089039c3fa5887005f69442897e8e6c96e4c9575715b596",500,"48e881ee753893bfaecd7101fc16fbcb552dd30a2a791fedfc7204d7b322a32e",TRUE,0,0.513722038499505,TRUE,"d303b92208b7f583570ecad9d29b11d4e6a18695dc2217b011f04edc4e419277","b87a0a4464840800772b958aaae3a425d1a51a68ad5f38dc9ebc84e63371f56f",111.297,66,"85b3c8df07c7859d19f3ad0590bbe2f6007bcf12c39054ff3e0932f1a2c92afc",1.35799999999999,114.07,FALSE,FALSE,FALSE,FALSE,"closed",FALSE
"mv08o_residual_source_sentinel_v1","primary","SRA701877_SRS3279687","internal124",20260808,"sct_data_all_qc_fit_selected384","exact500",2106,384,"6c29c3acc86c1d798892d1ddba20645ac1097c7bcf894b7a740583b0fb27c78c",500,"48e881ee753893bfaecd7101fc16fbcb552dd30a2a791fedfc7204d7b322a32e",TRUE,0,0.340293640574923,TRUE,"f92a966a684d59c58c2a15483d1e563d4e46cc54bcd233d2e66e2a521b87473b","4c905489f7ec4d6229767f41b54b0dae667a9c060eb254a075ed7e5ff897bf12",111.297,66,"85b3c8df07c7859d19f3ad0590bbe2f6007bcf12c39054ff3e0932f1a2c92afc",1.35799999999999,114.191,FALSE,FALSE,FALSE,FALSE,"closed",FALSE
"mv08o_residual_source_sentinel_v1","primary","SRA701877_SRS3279687","internal124",20260808,"sct_pearson_residual_all_qc_fit_selected384","exact500",2106,384,"6c29c3acc86c1d798892d1ddba20645ac1097c7bcf894b7a740583b0fb27c78c",500,"48e881ee753893bfaecd7101fc16fbcb552dd30a2a791fedfc7204d7b322a32e",TRUE,0,0.548072989298278,TRUE,"102df699debf9c4c6b32fc53f3de7c1e2ad38bd75ede46c9150c1940c503ab33","2abb8e9ffd8e3ce10c9e4b64c9dd5718abdd16e8380e278af9f4015f923dbcd3",111.297,66,"85b3c8df07c7859d19f3ad0590bbe2f6007bcf12c39054ff3e0932f1a2c92afc",1.35799999999999,114.315,FALSE,FALSE,FALSE,FALSE,"closed",FALSE
"mv08o_residual_source_sentinel_v1","primary","SRA701877_SRS3279687","internal124",20260809,"sct_data_all_qc_fit_selected384","exact500",2106,384,"20c500559f3401f1a21781abc4c59af27543acec8948cb88c0c0b5bee9ebda97",500,"48e881ee753893bfaecd7101fc16fbcb552dd30a2a791fedfc7204d7b322a32e",TRUE,0,0.279034239021261,TRUE,"0e998bf0a3c919f3baf69a6b6b59702605f9e64b5b15ed4e2838bffaeeacf891","248968db6aa538edc2328dce4d3a5f2c582cdbd2da3a2919f9ab72a517e00404",111.297,66,"85b3c8df07c7859d19f3ad0590bbe2f6007bcf12c39054ff3e0932f1a2c92afc",1.35799999999999,114.454,FALSE,FALSE,FALSE,FALSE,"closed",FALSE
"mv08o_residual_source_sentinel_v1","primary","SRA701877_SRS3279687","internal124",20260809,"sct_pearson_residual_all_qc_fit_selected384","exact500",2106,384,"20c500559f3401f1a21781abc4c59af27543acec8948cb88c0c0b5bee9ebda97",500,"48e881ee753893bfaecd7101fc16fbcb552dd30a2a791fedfc7204d7b322a32e",TRUE,0,0.496597875445362,TRUE,"a9bf99f9d2f307dc63d076e07dc8ea4799e4bf924642890db5898e2de0b0e2d7","8d7d91c8f763cdeac4f7350a930bce9a9f6c71595cddc38cbe3ff920389e72d2",111.297,66,"85b3c8df07c7859d19f3ad0590bbe2f6007bcf12c39054ff3e0932f1a2c92afc",1.35799999999999,114.601,FALSE,FALSE,FALSE,FALSE,"closed",FALSE
"mv08o_residual_source_sentinel_v1","primary","SRA779509_SRS3805251","internal124",20260805,"sct_data_all_qc_fit_selected384","exact500",2111,384,"d6545fcd14f0edaadc62c4030fb4e1848d059d5568e9833a04b8b539747b8260",500,"48e881ee753893bfaecd7101fc16fbcb552dd30a2a791fedfc7204d7b322a32e",TRUE,0,0.284365958116506,TRUE,"6d9d144c35e8789b4396b8f2ddbca668df5e68e55b178c5c04b3e7f85a1419bc","7d09d7151cbc41768b29a9f706bc873ef1a4623aabd0c4db7d0049c6fd9e9ab8",279.311,788,"1f0ebe7383f6998116af92c3ccb0b6f66400c79cd62cc552284ecbfe1d89ea16",1.71900000000005,281.254,FALSE,FALSE,FALSE,FALSE,"closed",FALSE
"mv08o_residual_source_sentinel_v1","primary","SRA779509_SRS3805251","internal124",20260805,"sct_pearson_residual_all_qc_fit_selected384","exact500",2111,384,"d6545fcd14f0edaadc62c4030fb4e1848d059d5568e9833a04b8b539747b8260",500,"48e881ee753893bfaecd7101fc16fbcb552dd30a2a791fedfc7204d7b322a32e",TRUE,0,0.592400286766454,TRUE,"42cbe8126369f30b5341c1e46b2e05d54e006a02c7fe74451e31cacc3b6155bf","04b8d1bcc673a878d9e5aa8163eec39588d2b0507a0642deb71f78d375081d63",279.311,788,"1f0ebe7383f6998116af92c3ccb0b6f66400c79cd62cc552284ecbfe1d89ea16",1.71900000000005,281.378,FALSE,FALSE,FALSE,FALSE,"closed",FALSE
"mv08o_residual_source_sentinel_v1","primary","SRA779509_SRS3805251","internal124",20260806,"sct_data_all_qc_fit_selected384","exact500",2111,384,"8ffc0b9d2adcfc1c42a8f36fd77c1462391d2961a71e14168f13050580e2cc76",500,"48e881ee753893bfaecd7101fc16fbcb552dd30a2a791fedfc7204d7b322a32e",TRUE,0,0.269288850197977,TRUE,"af4fd753cf03e3f5e0fa82ac7c385bc93340ba6e4eb094baa8b555f65446a6ec","a6246bb727cae4ec3c9744203e5b91e3a57b46d62a3c668734a340a39d1a1800",279.311,788,"1f0ebe7383f6998116af92c3ccb0b6f66400c79cd62cc552284ecbfe1d89ea16",1.71900000000005,281.498,FALSE,FALSE,FALSE,FALSE,"closed",FALSE
"mv08o_residual_source_sentinel_v1","primary","SRA779509_SRS3805251","internal124",20260806,"sct_pearson_residual_all_qc_fit_selected384","exact500",2111,384,"8ffc0b9d2adcfc1c42a8f36fd77c1462391d2961a71e14168f13050580e2cc76",500,"48e881ee753893bfaecd7101fc16fbcb552dd30a2a791fedfc7204d7b322a32e",TRUE,0,0.597911567544059,TRUE,"e0d5aba70c23c58d71197d3200c18d129ce5dc42fa80ca7782aa6fd228c125c2","00ab0921db95f4df08a79d1615ab9a3510bb7a7b81f68c9a701e8f75de43ae3e",279.311,788,"1f0ebe7383f6998116af92c3ccb0b6f66400c79cd62cc552284ecbfe1d89ea16",1.71900000000005,281.632,FALSE,FALSE,FALSE,FALSE,"closed",FALSE
"mv08o_residual_source_sentinel_v1","primary","SRA779509_SRS3805251","internal124",20260807,"sct_data_all_qc_fit_selected384","exact500",2111,384,"26b5947eaf15393586c4207da0e75cc37c4adcb15ef938b83dae7e261468ec8c",500,"48e881ee753893bfaecd7101fc16fbcb552dd30a2a791fedfc7204d7b322a32e",TRUE,0,0.267456024340439,TRUE,"0c19fbe7b0ffce50dbebfea92a49ded959abe8743f00e8832f1e4f7d97a8c341","cd6f66cee0305a10e5456ef9751871f896e5568f268c63bbcdddfdecb30da797",279.311,788,"1f0ebe7383f6998116af92c3ccb0b6f66400c79cd62cc552284ecbfe1d89ea16",1.71900000000005,281.77,FALSE,FALSE,FALSE,FALSE,"closed",FALSE
"mv08o_residual_source_sentinel_v1","primary","SRA779509_SRS3805251","internal124",20260807,"sct_pearson_residual_all_qc_fit_selected384","exact500",2111,384,"26b5947eaf15393586c4207da0e75cc37c4adcb15ef938b83dae7e261468ec8c",500,"48e881ee753893bfaecd7101fc16fbcb552dd30a2a791fedfc7204d7b322a32e",TRUE,0,0.60039036951735,TRUE,"1250ecf436835d5f0c2c42a71d56e2493c61546a1ab503382be1d0e86a6fc026","2df0f07ba30053e03e76f8d598a0a5218818acaa5389fd6abd97839244ae8bce",279.311,788,"1f0ebe7383f6998116af92c3ccb0b6f66400c79cd62cc552284ecbfe1d89ea16",1.71900000000005,281.913,FALSE,FALSE,FALSE,FALSE,"closed",FALSE
"mv08o_residual_source_sentinel_v1","primary","SRA779509_SRS3805251","internal124",20260808,"sct_data_all_qc_fit_selected384","exact500",2111,384,"32a0883d06afa6d28a2fad26f48fab9464bfb81fefac19ec33117f5a24d6e1d5",500,"48e881ee753893bfaecd7101fc16fbcb552dd30a2a791fedfc7204d7b322a32e",TRUE,0,0.264076444116319,TRUE,"46d8f41ace79d8e9068636cb8d23c320179510daf7123f321b0a8efd24783abc","8a153eaad3be50a6f122ba4f14f81ecb92293f8e69e927b4eda44057a27f0e4d",279.311,788,"1f0ebe7383f6998116af92c3ccb0b6f66400c79cd62cc552284ecbfe1d89ea16",1.71900000000005,282.055,FALSE,FALSE,FALSE,FALSE,"closed",FALSE
"mv08o_residual_source_sentinel_v1","primary","SRA779509_SRS3805251","internal124",20260808,"sct_pearson_residual_all_qc_fit_selected384","exact500",2111,384,"32a0883d06afa6d28a2fad26f48fab9464bfb81fefac19ec33117f5a24d6e1d5",500,"48e881ee753893bfaecd7101fc16fbcb552dd30a2a791fedfc7204d7b322a32e",TRUE,0,0.597255720468737,TRUE,"d04ca2192ceabec721ee21440a3bb2016fa00e8226332f19772d01e68d55029d","441f4cb32bd02b395d5adc1f07f92fcc8600432075c0d2f4ded3bf956106916f",279.311,788,"1f0ebe7383f6998116af92c3ccb0b6f66400c79cd62cc552284ecbfe1d89ea16",1.71900000000005,282.201,FALSE,FALSE,FALSE,FALSE,"closed",FALSE
"mv08o_residual_source_sentinel_v1","primary","SRA779509_SRS3805251","internal124",20260809,"sct_data_all_qc_fit_selected384","exact500",2111,384,"41ac1099453777babe6e6dc5748937efd5c80be5482c53189fcaa8cf98901803",500,"48e881ee753893bfaecd7101fc16fbcb552dd30a2a791fedfc7204d7b322a32e",TRUE,0,0.264561337790631,TRUE,"95c6f022451ff6a0c78b034d04dc965219f5d7839a536c25d399593d0f13833a","e3787e0d752f9b93ffcea2a58c36bf0e0e32b929a996cdc965f3a55032a8b830",279.311,788,"1f0ebe7383f6998116af92c3ccb0b6f66400c79cd62cc552284ecbfe1d89ea16",1.71900000000005,282.343,FALSE,FALSE,FALSE,FALSE,"closed",FALSE
"mv08o_residual_source_sentinel_v1","primary","SRA779509_SRS3805251","internal124",20260809,"sct_pearson_residual_all_qc_fit_selected384","exact500",2111,384,"41ac1099453777babe6e6dc5748937efd5c80be5482c53189fcaa8cf98901803",500,"48e881ee753893bfaecd7101fc16fbcb552dd30a2a791fedfc7204d7b322a32e",TRUE,0,0.602932363786002,TRUE,"1077ba19e8b0d3d92b0973f2bcd08651657f6834136ee7e9d4b7e53d6be79587","5c0a868405a67fb14954d874a1628e93f5e2767ec1331fe4d2395d1f3349a2dc",279.311,788,"1f0ebe7383f6998116af92c3ccb0b6f66400c79cd62cc552284ecbfe1d89ea16",1.71900000000005,282.489,FALSE,FALSE,FALSE,FALSE,"closed",FALSE
"mv08o_residual_source_sentinel_v1","primary","SRA728025_SRS3454430","internal124",20260805,"sct_data_all_qc_fit_selected384","exact500",2127,384,"07ac2631621c2751284206c6c85eab7fcb942af52dea975ef1e38e6bb7fccb53",500,"48e881ee753893bfaecd7101fc16fbcb552dd30a2a791fedfc7204d7b322a32e",TRUE,0,0.13008443701908,TRUE,"c9bcbd4753b9b5ebca1cefbf160474e48f98952eaedb48c09252ebdd3a6f8133","b4564c1decc28a2f26e3f738ab6c7e76411fa4f611aebf7d6dc1e06c6b446cf6",266.606,444,"ca6942c97dd850b48cc06efc622330e36c7e5325ae6e5499d209bb4e9339e9a9",1.28799999999995,268.123,FALSE,FALSE,FALSE,FALSE,"closed",FALSE
"mv08o_residual_source_sentinel_v1","primary","SRA728025_SRS3454430","internal124",20260805,"sct_pearson_residual_all_qc_fit_selected384","exact500",2127,384,"07ac2631621c2751284206c6c85eab7fcb942af52dea975ef1e38e6bb7fccb53",500,"48e881ee753893bfaecd7101fc16fbcb552dd30a2a791fedfc7204d7b322a32e",TRUE,0,0.628848003412996,TRUE,"b72d9d6b9c4c02c6fee37e81ba0e7a251b23729b4db0544cceb61a0bc06f1388","a62f2dff431374d6cdbba81e5e893dfa5e6f293c82a947383a7b8193577a8af1",266.606,444,"ca6942c97dd850b48cc06efc622330e36c7e5325ae6e5499d209bb4e9339e9a9",1.28799999999995,268.249,FALSE,FALSE,FALSE,FALSE,"closed",FALSE
"mv08o_residual_source_sentinel_v1","primary","SRA728025_SRS3454430","internal124",20260806,"sct_data_all_qc_fit_selected384","exact500",2127,384,"69863120cfa51120b7f36610796797d67c019ab624791646e9c0ebd874671edc",500,"48e881ee753893bfaecd7101fc16fbcb552dd30a2a791fedfc7204d7b322a32e",TRUE,0,0.13267166721355,TRUE,"81ba22d780c7b82f1e30a6366872201c62c631f04f370d1baad5e18cf8f78069","6e7dea507cd776ed2083cc987fe2eff7683383189db616411534c2575015f8a6",266.606,444,"ca6942c97dd850b48cc06efc622330e36c7e5325ae6e5499d209bb4e9339e9a9",1.28799999999995,268.367,FALSE,FALSE,FALSE,FALSE,"closed",FALSE
"mv08o_residual_source_sentinel_v1","primary","SRA728025_SRS3454430","internal124",20260806,"sct_pearson_residual_all_qc_fit_selected384","exact500",2127,384,"69863120cfa51120b7f36610796797d67c019ab624791646e9c0ebd874671edc",500,"48e881ee753893bfaecd7101fc16fbcb552dd30a2a791fedfc7204d7b322a32e",TRUE,0,0.61054416525692,TRUE,"5e4712109854ccfad091a2bb0b278561f44417baa88239a8c98df9db68909898","8fa18673840c7337ad2626700b6bd613db285dc7b72cb6492556d89200ceccd5",266.606,444,"ca6942c97dd850b48cc06efc622330e36c7e5325ae6e5499d209bb4e9339e9a9",1.28799999999995,268.498,FALSE,FALSE,FALSE,FALSE,"closed",FALSE
"mv08o_residual_source_sentinel_v1","primary","SRA728025_SRS3454430","internal124",20260807,"sct_data_all_qc_fit_selected384","exact500",2127,384,"34be5ec3e06cb44615a49c46440c17753e99c5733b6f57806e6bd7e50d76f1b1",500,"48e881ee753893bfaecd7101fc16fbcb552dd30a2a791fedfc7204d7b322a32e",TRUE,0,0.163457033867683,TRUE,"99beed3bda9f6afb64c6c39c31171c73904d5dcfb0d89e2b57d13cc15e0fe007","bb87775be4237ab4baefa6649be45ee8c99b552098c4f005da9d3c74c9a102cf",266.606,444,"ca6942c97dd850b48cc06efc622330e36c7e5325ae6e5499d209bb4e9339e9a9",1.28799999999995,268.637,FALSE,FALSE,FALSE,FALSE,"closed",FALSE
"mv08o_residual_source_sentinel_v1","primary","SRA728025_SRS3454430","internal124",20260807,"sct_pearson_residual_all_qc_fit_selected384","exact500",2127,384,"34be5ec3e06cb44615a49c46440c17753e99c5733b6f57806e6bd7e50d76f1b1",500,"48e881ee753893bfaecd7101fc16fbcb552dd30a2a791fedfc7204d7b322a32e",TRUE,0,0.62362862692246,TRUE,"2a2f637ec80f3976b6ecf8b4f2aeba22bdd8ffc2ce3f3f55116de37221775869","a2ba4ccfaa45d246a10feb16f949324716092d0dc250fd601ebab32c94e246f3",266.606,444,"ca6942c97dd850b48cc06efc622330e36c7e5325ae6e5499d209bb4e9339e9a9",1.28799999999995,268.784,FALSE,FALSE,FALSE,FALSE,"closed",FALSE
"mv08o_residual_source_sentinel_v1","primary","SRA728025_SRS3454430","internal124",20260808,"sct_data_all_qc_fit_selected384","exact500",2127,384,"4332106a3480cfc91c1b26dc3b4ee0dc222c4d5d31caf867f0b584cbcc7c0015",500,"48e881ee753893bfaecd7101fc16fbcb552dd30a2a791fedfc7204d7b322a32e",TRUE,0,0.134468101868747,TRUE,"1cf888bcf570308c47f29fa2ef0aebe3be7c3607408c83eaf3c664ded5f786d2","00159866b220ce6d1cf9108d29a396573d548fd2e1e9a59422ac694b03638cd2",266.606,444,"ca6942c97dd850b48cc06efc622330e36c7e5325ae6e5499d209bb4e9339e9a9",1.28799999999995,268.925,FALSE,FALSE,FALSE,FALSE,"closed",FALSE
"mv08o_residual_source_sentinel_v1","primary","SRA728025_SRS3454430","internal124",20260808,"sct_pearson_residual_all_qc_fit_selected384","exact500",2127,384,"4332106a3480cfc91c1b26dc3b4ee0dc222c4d5d31caf867f0b584cbcc7c0015",500,"48e881ee753893bfaecd7101fc16fbcb552dd30a2a791fedfc7204d7b322a32e",TRUE,0,0.607634224788879,TRUE,"e7b66647bc07874c50790a399ff98d2461a454ad8b4b9b5838be1e9b343bdfe2","7eb6ef3b01920c6427d377c6316240341e0fc4f8608f284f753960ad8fd4cab7",266.606,444,"ca6942c97dd850b48cc06efc622330e36c7e5325ae6e5499d209bb4e9339e9a9",1.28799999999995,269.072,FALSE,FALSE,FALSE,FALSE,"closed",FALSE
"mv08o_residual_source_sentinel_v1","primary","SRA728025_SRS3454430","internal124",20260809,"sct_data_all_qc_fit_selected384","exact500",2127,384,"6c4cd6052c25ebe8614c4b9e546f5f5bc6d49d47b9131e9b85485f0af1f8a6b3",500,"48e881ee753893bfaecd7101fc16fbcb552dd30a2a791fedfc7204d7b322a32e",TRUE,0,0.120759847203462,TRUE,"911b2aa479c196a987782f628d7bc6ed3bbbfe0c6e46f012c8d4ce5a1b826026","5c33a367c0c7efe8ab33fa88ece07c916c11451eb9f35553da48d3906c4533d3",266.606,444,"ca6942c97dd850b48cc06efc622330e36c7e5325ae6e5499d209bb4e9339e9a9",1.28799999999995,269.213,FALSE,FALSE,FALSE,FALSE,"closed",FALSE
"mv08o_residual_source_sentinel_v1","primary","SRA728025_SRS3454430","internal124",20260809,"sct_pearson_residual_all_qc_fit_selected384","exact500",2127,384,"6c4cd6052c25ebe8614c4b9e546f5f5bc6d49d47b9131e9b85485f0af1f8a6b3",500,"48e881ee753893bfaecd7101fc16fbcb552dd30a2a791fedfc7204d7b322a32e",TRUE,0,0.647905276529615,TRUE,"ba953f822e5a41e4ce33b40dfef151f2c5aa7507cbe119070d70aada2c96d2c2","20783c47d265452047ad5700e13db425de4e21b7fbe6a01c748a6500e9a32b1d",266.606,444,"ca6942c97dd850b48cc06efc622330e36c7e5325ae6e5499d209bb4e9339e9a9",1.28799999999995,269.357,FALSE,FALSE,FALSE,FALSE,"closed",FALSE
"mv08o_residual_source_sentinel_v1","primary","SRA701877_SRS3279690","internal124",20260805,"sct_data_all_qc_fit_selected384","exact500",2157,384,"a93c053734e72e7f25426f754f5da5ba65b986d07a8e24504e34ff06f653fa4e",500,"48e881ee753893bfaecd7101fc16fbcb552dd30a2a791fedfc7204d7b322a32e",TRUE,0,0.169729418365832,TRUE,"d0fa42abb667cbc7489c83f6d8c605112eebf8c6b70e5c9a793229a10a61aeb7","88e1283ef463e64e818d101e6c4281c3d855fdaa97a1dfce83440d2d00736ce3",153.015,106,"1f0ebe7383f6998116af92c3ccb0b6f66400c79cd62cc552284ecbfe1d89ea16",1.82300000000001,155.092,FALSE,FALSE,FALSE,FALSE,"closed",FALSE
"mv08o_residual_source_sentinel_v1","primary","SRA701877_SRS3279690","internal124",20260805,"sct_pearson_residual_all_qc_fit_selected384","exact500",2157,384,"a93c053734e72e7f25426f754f5da5ba65b986d07a8e24504e34ff06f653fa4e",500,"48e881ee753893bfaecd7101fc16fbcb552dd30a2a791fedfc7204d7b322a32e",TRUE,0,0.686612120226101,TRUE,"229efc7730cea6514b12b1c7c5f5b6722f623ca6c7b34e5e0dd9d558bc575489","17f6d4eacc84b9303c3883e974c0e1274440cde4ab4cc3b107a0269c0208e092",153.015,106,"1f0ebe7383f6998116af92c3ccb0b6f66400c79cd62cc552284ecbfe1d89ea16",1.82300000000001,155.219,FALSE,FALSE,FALSE,FALSE,"closed",FALSE
"mv08o_residual_source_sentinel_v1","primary","SRA701877_SRS3279690","internal124",20260806,"sct_data_all_qc_fit_selected384","exact500",2157,384,"a79631688902e24da3cd8418cd4f527607a2fdcac3404c9935c4ea8173528e8c",500,"48e881ee753893bfaecd7101fc16fbcb552dd30a2a791fedfc7204d7b322a32e",TRUE,0,0.183179955517923,TRUE,"ed69b27cbdb1544c82aaa4fc0ed98af01c1333661b14d8fa58b6e5e96f1f3b0b","3f98af7925df25f0afc7c6c6956fa5bc0989f871fca7de907d2a0b2fe2660c28",153.015,106,"1f0ebe7383f6998116af92c3ccb0b6f66400c79cd62cc552284ecbfe1d89ea16",1.82300000000001,155.339,FALSE,FALSE,FALSE,FALSE,"closed",FALSE
"mv08o_residual_source_sentinel_v1","primary","SRA701877_SRS3279690","internal124",20260806,"sct_pearson_residual_all_qc_fit_selected384","exact500",2157,384,"a79631688902e24da3cd8418cd4f527607a2fdcac3404c9935c4ea8173528e8c",500,"48e881ee753893bfaecd7101fc16fbcb552dd30a2a791fedfc7204d7b322a32e",TRUE,0,0.659646790140288,TRUE,"cc8696ce842a584d337e504bda5c46e1ef1295059f10c328444f7fdf4ece4d31","18c7326fc298c70247c0d14979665b940a6472617e2f9597b87a689e4cd496a4",153.015,106,"1f0ebe7383f6998116af92c3ccb0b6f66400c79cd62cc552284ecbfe1d89ea16",1.82300000000001,155.463,FALSE,FALSE,FALSE,FALSE,"closed",FALSE
"mv08o_residual_source_sentinel_v1","primary","SRA701877_SRS3279690","internal124",20260807,"sct_data_all_qc_fit_selected384","exact500",2157,384,"24089b99fbb1945029eb99cacd1881f8f3e8f8dd21a19587c26574a439e929d6",500,"48e881ee753893bfaecd7101fc16fbcb552dd30a2a791fedfc7204d7b322a32e",TRUE,0,0.191067450004163,TRUE,"142da5616716a856df1f3c9b8a7f75aa41fbf501abfea4ab8a717862999d94eb","9db0a5e0005d55ebf9c3e4d9344757d574fdb15ece47e64992fd2a309ccb1262",153.015,106,"1f0ebe7383f6998116af92c3ccb0b6f66400c79cd62cc552284ecbfe1d89ea16",1.82300000000001,155.581,FALSE,FALSE,FALSE,FALSE,"closed",FALSE
"mv08o_residual_source_sentinel_v1","primary","SRA701877_SRS3279690","internal124",20260807,"sct_pearson_residual_all_qc_fit_selected384","exact500",2157,384,"24089b99fbb1945029eb99cacd1881f8f3e8f8dd21a19587c26574a439e929d6",500,"48e881ee753893bfaecd7101fc16fbcb552dd30a2a791fedfc7204d7b322a32e",TRUE,0,0.698385046781306,TRUE,"26558b1e1debb9792c3087dcaa82cb8ed2256fc9671ddd1102d8d8090f01b8f6","6f3c7ff92915ddb8a187792f19ad22e28ff0334f9484bccfb48f72d4c77fb908",153.015,106,"1f0ebe7383f6998116af92c3ccb0b6f66400c79cd62cc552284ecbfe1d89ea16",1.82300000000001,155.713,FALSE,FALSE,FALSE,FALSE,"closed",FALSE
"mv08o_residual_source_sentinel_v1","primary","SRA701877_SRS3279690","internal124",20260808,"sct_data_all_qc_fit_selected384","exact500",2157,384,"3d0b6ce676221004cbaa7034f4f85694e72bd886601fe24dac14ce62ecaebcf4",500,"48e881ee753893bfaecd7101fc16fbcb552dd30a2a791fedfc7204d7b322a32e",TRUE,0,0.175321341996331,TRUE,"599a7bc7cb590418ca3970a0fbcf7009de01f51e3a8f974e9319f6437b4e5258","4a02acf93096306181ee1bc690157d6f569551df39a37fb6fdbe6127c7352388",153.015,106,"1f0ebe7383f6998116af92c3ccb0b6f66400c79cd62cc552284ecbfe1d89ea16",1.82300000000001,155.853,FALSE,FALSE,FALSE,FALSE,"closed",FALSE
"mv08o_residual_source_sentinel_v1","primary","SRA701877_SRS3279690","internal124",20260808,"sct_pearson_residual_all_qc_fit_selected384","exact500",2157,384,"3d0b6ce676221004cbaa7034f4f85694e72bd886601fe24dac14ce62ecaebcf4",500,"48e881ee753893bfaecd7101fc16fbcb552dd30a2a791fedfc7204d7b322a32e",TRUE,0,0.635595809486565,TRUE,"0335ee34520dc773d22788e84fc876f238aee0c89b3bee12c24c15f0b0034ecc","ae06ea060f017e57c7f6272d8cb5edcab784d284783ff62ae98c398aada0197e",153.015,106,"1f0ebe7383f6998116af92c3ccb0b6f66400c79cd62cc552284ecbfe1d89ea16",1.82300000000001,155.995,FALSE,FALSE,FALSE,FALSE,"closed",FALSE
"mv08o_residual_source_sentinel_v1","primary","SRA701877_SRS3279690","internal124",20260809,"sct_data_all_qc_fit_selected384","exact500",2157,384,"fdc11eda1b618bf39d37733d1b12f675a6e117fdadd15bff81b615080940b801",500,"48e881ee753893bfaecd7101fc16fbcb552dd30a2a791fedfc7204d7b322a32e",TRUE,0,0.175794172968706,TRUE,"f9cb32d75c059cda7b8f85a1d38138a54716406e01e798678c1dff51949def0d","df12ac549e15d32085d6195a6e0dfe7ed8cc42f74ce51139e14ff1543dea67dc",153.015,106,"1f0ebe7383f6998116af92c3ccb0b6f66400c79cd62cc552284ecbfe1d89ea16",1.82300000000001,156.134,FALSE,FALSE,FALSE,FALSE,"closed",FALSE
"mv08o_residual_source_sentinel_v1","primary","SRA701877_SRS3279690","internal124",20260809,"sct_pearson_residual_all_qc_fit_selected384","exact500",2157,384,"fdc11eda1b618bf39d37733d1b12f675a6e117fdadd15bff81b615080940b801",500,"48e881ee753893bfaecd7101fc16fbcb552dd30a2a791fedfc7204d7b322a32e",TRUE,0,0.681025344582989,TRUE,"b41d65e098bb04cbbdd73ceaf6b60f9291eb560c7424d5521c4330f6305b05d1","4cf8e76fc20075509cebc88d9903872ad99fd21318d1b93afe50107bc231aa9b",153.015,106,"1f0ebe7383f6998116af92c3ccb0b6f66400c79cd62cc552284ecbfe1d89ea16",1.82300000000001,156.278,FALSE,FALSE,FALSE,FALSE,"closed",FALSE
"mv08o_residual_source_sentinel_v1","primary","SRA701877_SRS3279694","internal124",20260805,"sct_data_all_qc_fit_selected384","exact500",2213,384,"effdd35c70eba3abeba316afab7cc31a46eb3dec0d70ccd5079efd31468fb152",500,"48e881ee753893bfaecd7101fc16fbcb552dd30a2a791fedfc7204d7b322a32e",TRUE,0,0.147500015941609,TRUE,"53fba8d5818b363c34139e43f516d3481f6801d031f67bd1504a36582ac58dcc","7d9e3e08ed93c09a23c557bcdfc7575ee77684db14f796c0c07a6b853507a2a5",124.074,256,"85b3c8df07c7859d19f3ad0590bbe2f6007bcf12c39054ff3e0932f1a2c92afc",1.589,125.898,FALSE,FALSE,FALSE,FALSE,"closed",FALSE
"mv08o_residual_source_sentinel_v1","primary","SRA701877_SRS3279694","internal124",20260805,"sct_pearson_residual_all_qc_fit_selected384","exact500",2213,384,"effdd35c70eba3abeba316afab7cc31a46eb3dec0d70ccd5079efd31468fb152",500,"48e881ee753893bfaecd7101fc16fbcb552dd30a2a791fedfc7204d7b322a32e",TRUE,0,0.562668868789898,TRUE,"02484cc3ee0461eb0d06c6fa621fca29c5688fad4614d0113ca29623cc3f60e7","f40f37642f2a1d088fab238903440d95aeea4bf7c364a32c0616aac0a130cf2c",124.074,256,"85b3c8df07c7859d19f3ad0590bbe2f6007bcf12c39054ff3e0932f1a2c92afc",1.589,126.023,FALSE,FALSE,FALSE,FALSE,"closed",FALSE
"mv08o_residual_source_sentinel_v1","primary","SRA701877_SRS3279694","internal124",20260806,"sct_data_all_qc_fit_selected384","exact500",2213,384,"e7b8d1a9e6f548cbf5939d9a5518c135b1211be301ff5cd071735cb3a90759ce",500,"48e881ee753893bfaecd7101fc16fbcb552dd30a2a791fedfc7204d7b322a32e",TRUE,0,0.124158287798752,TRUE,"d2b3976eb51da769f9eda824cf99598717ce075c71ddd9f490ef0391b6906b3d","baaafed4e53e2735e46fbd0fa17592462c75202ebc261562c3b7a2ee79bfe8ea",124.074,256,"85b3c8df07c7859d19f3ad0590bbe2f6007bcf12c39054ff3e0932f1a2c92afc",1.589,126.142,FALSE,FALSE,FALSE,FALSE,"closed",FALSE
"mv08o_residual_source_sentinel_v1","primary","SRA701877_SRS3279694","internal124",20260806,"sct_pearson_residual_all_qc_fit_selected384","exact500",2213,384,"e7b8d1a9e6f548cbf5939d9a5518c135b1211be301ff5cd071735cb3a90759ce",500,"48e881ee753893bfaecd7101fc16fbcb552dd30a2a791fedfc7204d7b322a32e",TRUE,0,0.570147765047471,TRUE,"0378919f3db3f64c719bc8f220febdc83bc004ecbe79cf935df03fdf2abf612e","60f62e43b24da7b81e520bee4688518fc52ef89c38afa409cf076eb09c209616",124.074,256,"85b3c8df07c7859d19f3ad0590bbe2f6007bcf12c39054ff3e0932f1a2c92afc",1.589,126.282,FALSE,FALSE,FALSE,FALSE,"closed",FALSE
"mv08o_residual_source_sentinel_v1","primary","SRA701877_SRS3279694","internal124",20260807,"sct_data_all_qc_fit_selected384","exact500",2213,384,"8181679602da03e2f3275f9c26bafbbbb28ffef059f41326ff9b5e49604b2f52",500,"48e881ee753893bfaecd7101fc16fbcb552dd30a2a791fedfc7204d7b322a32e",TRUE,0,0.123520556449177,TRUE,"b65a294f61c08806242b316a5fcb5502279a80edd46d642d8784bc1a027a272c","62ce71f05dde5ddcac35583bfdd7339e275fd64e9001637e71e63b83d1ce24e9",124.074,256,"85b3c8df07c7859d19f3ad0590bbe2f6007bcf12c39054ff3e0932f1a2c92afc",1.589,126.423,FALSE,FALSE,FALSE,FALSE,"closed",FALSE
"mv08o_residual_source_sentinel_v1","primary","SRA701877_SRS3279694","internal124",20260807,"sct_pearson_residual_all_qc_fit_selected384","exact500",2213,384,"8181679602da03e2f3275f9c26bafbbbb28ffef059f41326ff9b5e49604b2f52",500,"48e881ee753893bfaecd7101fc16fbcb552dd30a2a791fedfc7204d7b322a32e",TRUE,0,0.533411460069787,TRUE,"cf4e695d7ea07a7d3a8b6915872a2bb01dd2f7828aa52a91428c481488ba7a82","e923bb12cff1afe6425a01ca956b4e26e841b2cb0c0241fdd98697638a305545",124.074,256,"85b3c8df07c7859d19f3ad0590bbe2f6007bcf12c39054ff3e0932f1a2c92afc",1.589,126.602,FALSE,FALSE,FALSE,FALSE,"closed",FALSE
"mv08o_residual_source_sentinel_v1","primary","SRA701877_SRS3279694","internal124",20260808,"sct_data_all_qc_fit_selected384","exact500",2213,384,"99ae97ff9460d914e1f06e961e1223145b68ba3102c768666cd83c1df6cf7d51",500,"48e881ee753893bfaecd7101fc16fbcb552dd30a2a791fedfc7204d7b322a32e",TRUE,0,0.0928496256266981,TRUE,"b9d1f144a315088f5a450c3b00b81f55d29ca711760dbd7b41775c4ba266c2ac","fd07076e5c1a6bcb663b87e0fd37709650773c95e693e02eeef8b3f06fade9a1",124.074,256,"85b3c8df07c7859d19f3ad0590bbe2f6007bcf12c39054ff3e0932f1a2c92afc",1.589,126.725,FALSE,FALSE,FALSE,FALSE,"closed",FALSE
"mv08o_residual_source_sentinel_v1","primary","SRA701877_SRS3279694","internal124",20260808,"sct_pearson_residual_all_qc_fit_selected384","exact500",2213,384,"99ae97ff9460d914e1f06e961e1223145b68ba3102c768666cd83c1df6cf7d51",500,"48e881ee753893bfaecd7101fc16fbcb552dd30a2a791fedfc7204d7b322a32e",TRUE,0,0.405570628986571,TRUE,"ee65e9644ff2f16a09275ca2484417d9c85dc6d2cb9504565180b4469cc260f0","d37074ba8d52fddd597c2d4c712ad7ea1fe947819c7b86ac5b5330eb2b7289b5",124.074,256,"85b3c8df07c7859d19f3ad0590bbe2f6007bcf12c39054ff3e0932f1a2c92afc",1.589,126.849,FALSE,FALSE,FALSE,FALSE,"closed",FALSE
"mv08o_residual_source_sentinel_v1","primary","SRA701877_SRS3279694","internal124",20260809,"sct_data_all_qc_fit_selected384","exact500",2213,384,"96291a683ae8cd24c7df898ef7d63d23426552cfa98b4c7d2fd90aaefc3cd722",500,"48e881ee753893bfaecd7101fc16fbcb552dd30a2a791fedfc7204d7b322a32e",TRUE,0,0.128851565213948,TRUE,"28b562bdf052b118ee90ed1a2c727282c5d0fd8cbf5d0c0b55abb5a41e41fbd3","69f80117a013af72754cca9a0e9299f1356541049f5303b5b61023b786c195b5",124.074,256,"85b3c8df07c7859d19f3ad0590bbe2f6007bcf12c39054ff3e0932f1a2c92afc",1.589,126.97,FALSE,FALSE,FALSE,FALSE,"closed",FALSE
"mv08o_residual_source_sentinel_v1","primary","SRA701877_SRS3279694","internal124",20260809,"sct_pearson_residual_all_qc_fit_selected384","exact500",2213,384,"96291a683ae8cd24c7df898ef7d63d23426552cfa98b4c7d2fd90aaefc3cd722",500,"48e881ee753893bfaecd7101fc16fbcb552dd30a2a791fedfc7204d7b322a32e",TRUE,0,0.560547066019304,TRUE,"dbc5d5c781a406a2fe2262df1e334a5aae1b5ebefc93f59d5ffe8d9eb2ed8026","572e1a50e49acc2c45f62e21ec1f16b5b38c5cb6b632e88f3b2792a21296bfe9",124.074,256,"85b3c8df07c7859d19f3ad0590bbe2f6007bcf12c39054ff3e0932f1a2c92afc",1.589,127.094,FALSE,FALSE,FALSE,FALSE,"closed",FALSE
"mv08o_residual_source_sentinel_v1","primary","SRA826293_SRS4181126","internal124",20260805,"sct_data_all_qc_fit_selected384","exact500",2250,384,"aa50f832823c010cff747195163e0778c8fb475fdc968a2973751dad486927ab",500,"48e881ee753893bfaecd7101fc16fbcb552dd30a2a791fedfc7204d7b322a32e",TRUE,0,0.110534095808994,TRUE,"8a82d87f4c1a25d3fdcebac91457227cd4049f524e16a962099878f97382f8f4","1ad75e4ff9550a2691887e2864fede0907b71808f29b98b2d86291cb4ee8a339",221.504,627,"1f0ebe7383f6998116af92c3ccb0b6f66400c79cd62cc552284ecbfe1d89ea16",1.81300000000002,223.543,FALSE,FALSE,FALSE,FALSE,"closed",FALSE
"mv08o_residual_source_sentinel_v1","primary","SRA826293_SRS4181126","internal124",20260805,"sct_pearson_residual_all_qc_fit_selected384","exact500",2250,384,"aa50f832823c010cff747195163e0778c8fb475fdc968a2973751dad486927ab",500,"48e881ee753893bfaecd7101fc16fbcb552dd30a2a791fedfc7204d7b322a32e",TRUE,0,0.685665804185081,TRUE,"ea8a179c93189351bdd831dd94b105e576e7357c9e87e2c3fcf8dd65be139d76","57519e0f5ee4bcad6a075f504fe2315eb3badd08a9e4cf79ffdba3bac9421183",221.504,627,"1f0ebe7383f6998116af92c3ccb0b6f66400c79cd62cc552284ecbfe1d89ea16",1.81300000000002,223.667,FALSE,FALSE,FALSE,FALSE,"closed",FALSE
"mv08o_residual_source_sentinel_v1","primary","SRA826293_SRS4181126","internal124",20260806,"sct_data_all_qc_fit_selected384","exact500",2250,384,"422fff4c7d288f25acc4e4419251baca4b9962ea339e685c8d3a09387373aa82",500,"48e881ee753893bfaecd7101fc16fbcb552dd30a2a791fedfc7204d7b322a32e",TRUE,0,0.130800572477811,TRUE,"8e5090166bbc5fec285a9737f5820ce172a61b425db281e4ce11755e531073f1","4b3e14ed64a41b0c758f312ff368074c529a40bf3b5a40730a9d0e46319a830c",221.504,627,"1f0ebe7383f6998116af92c3ccb0b6f66400c79cd62cc552284ecbfe1d89ea16",1.81300000000002,223.787,FALSE,FALSE,FALSE,FALSE,"closed",FALSE
"mv08o_residual_source_sentinel_v1","primary","SRA826293_SRS4181126","internal124",20260806,"sct_pearson_residual_all_qc_fit_selected384","exact500",2250,384,"422fff4c7d288f25acc4e4419251baca4b9962ea339e685c8d3a09387373aa82",500,"48e881ee753893bfaecd7101fc16fbcb552dd30a2a791fedfc7204d7b322a32e",TRUE,0,0.764571202521331,TRUE,"f3ce8bb4d0f5bbd164a0f9ee9d144ff0ce995cb1430f4755cb5afe104805117b","49ebee2a65891ba5e9f9d0605a3f1e571626da05a66ad741823c41d84a2ba6c3",221.504,627,"1f0ebe7383f6998116af92c3ccb0b6f66400c79cd62cc552284ecbfe1d89ea16",1.81300000000002,223.91,FALSE,FALSE,FALSE,FALSE,"closed",FALSE
"mv08o_residual_source_sentinel_v1","primary","SRA826293_SRS4181126","internal124",20260807,"sct_data_all_qc_fit_selected384","exact500",2250,384,"c85d38538d01c2cfc8f25ea297f953aa654c4cba3850c440caebea42afc25d4e",500,"48e881ee753893bfaecd7101fc16fbcb552dd30a2a791fedfc7204d7b322a32e",TRUE,0,0.13008443701908,TRUE,"7323f54d0e322d9083910bcae1ffe9c2fd6825db228dac364661fbdfb721b040","578bb6ceb46cf7f2011df491d3d50286db7feb2987ec4b6ffab38105e5fbe348",221.504,627,"1f0ebe7383f6998116af92c3ccb0b6f66400c79cd62cc552284ecbfe1d89ea16",1.81300000000002,224.031,FALSE,FALSE,FALSE,FALSE,"closed",FALSE
"mv08o_residual_source_sentinel_v1","primary","SRA826293_SRS4181126","internal124",20260807,"sct_pearson_residual_all_qc_fit_selected384","exact500",2250,384,"c85d38538d01c2cfc8f25ea297f953aa654c4cba3850c440caebea42afc25d4e",500,"48e881ee753893bfaecd7101fc16fbcb552dd30a2a791fedfc7204d7b322a32e",TRUE,0,0.748668926957309,TRUE,"d64521b4d7e910dc183e1949fa675d6804b395c1097b8615a0ea0acb8dc5d05e","d32ef343beac938fe45820ad1e0fcc84357178b1f111492dabca9874e41d5635",221.504,627,"1f0ebe7383f6998116af92c3ccb0b6f66400c79cd62cc552284ecbfe1d89ea16",1.81300000000002,224.155,FALSE,FALSE,FALSE,FALSE,"closed",FALSE
"mv08o_residual_source_sentinel_v1","primary","SRA826293_SRS4181126","internal124",20260808,"sct_data_all_qc_fit_selected384","exact500",2250,384,"e91881085c2120d536f47dec7753e48c7b7438a3f00d79dec35a6f3f8d378c3f",500,"48e881ee753893bfaecd7101fc16fbcb552dd30a2a791fedfc7204d7b322a32e",TRUE,0,0.118639393939318,TRUE,"22ac8e52a7837cf85da3fe0b583413317a884a1bd2669daa048be3b065e1bf7b","290164349e80ee931811d1648602a8f048f7ec13d3969856995369f6914ddd53",221.504,627,"1f0ebe7383f6998116af92c3ccb0b6f66400c79cd62cc552284ecbfe1d89ea16",1.81300000000002,224.277,FALSE,FALSE,FALSE,FALSE,"closed",FALSE
"mv08o_residual_source_sentinel_v1","primary","SRA826293_SRS4181126","internal124",20260808,"sct_pearson_residual_all_qc_fit_selected384","exact500",2250,384,"e91881085c2120d536f47dec7753e48c7b7438a3f00d79dec35a6f3f8d378c3f",500,"48e881ee753893bfaecd7101fc16fbcb552dd30a2a791fedfc7204d7b322a32e",TRUE,0,0.751870988746421,TRUE,"a91434e19bbb1f6faa0da029887ff165ddef28ada8c762f194dc2c026bc1d2d0","53de2fb5d351c80893ae208b110a50979c37ce761d59647a94195fb1af33494e",221.504,627,"1f0ebe7383f6998116af92c3ccb0b6f66400c79cd62cc552284ecbfe1d89ea16",1.81300000000002,224.425,FALSE,FALSE,FALSE,FALSE,"closed",FALSE
"mv08o_residual_source_sentinel_v1","primary","SRA826293_SRS4181126","internal124",20260809,"sct_data_all_qc_fit_selected384","exact500",2250,384,"09b596b0a28120af3e5a71cf842878d56c784a9f0d0f74d3c88a935a1515d56e",500,"48e881ee753893bfaecd7101fc16fbcb552dd30a2a791fedfc7204d7b322a32e",TRUE,0,0.128190547081909,TRUE,"ebac65ffd4c2ee9426d1ae9948b80152d6674a96dc8581d6687d1bc69f82932b","172396dfc7bdbb0e19b3fef3f527df1bee033eb33c2144618ed6eebeecbb81d1",221.504,627,"1f0ebe7383f6998116af92c3ccb0b6f66400c79cd62cc552284ecbfe1d89ea16",1.81300000000002,224.571,FALSE,FALSE,FALSE,FALSE,"closed",FALSE
"mv08o_residual_source_sentinel_v1","primary","SRA826293_SRS4181126","internal124",20260809,"sct_pearson_residual_all_qc_fit_selected384","exact500",2250,384,"09b596b0a28120af3e5a71cf842878d56c784a9f0d0f74d3c88a935a1515d56e",500,"48e881ee753893bfaecd7101fc16fbcb552dd30a2a791fedfc7204d7b322a32e",TRUE,0,0.761208047713063,TRUE,"4a38ec1c567ff7b32f967457daae361c97bb4e5372c5a2104261936c95cf50b0","f408e0a43c0120d8e1dd39b065727efb09cbc08b92e9096b8534386c3ad987b4",221.504,627,"1f0ebe7383f6998116af92c3ccb0b6f66400c79cd62cc552284ecbfe1d89ea16",1.81300000000002,224.716,FALSE,FALSE,FALSE,FALSE,"closed",FALSE
"mv08o_residual_source_sentinel_v1","primary","SRA716608_SRS3391630","internal124",20260805,"sct_data_all_qc_fit_selected384","exact500",2284,384,"838db62058ff52faf5d344b2440825fa777702b548f6249256a9e1a9f5a3d431",500,"48e881ee753893bfaecd7101fc16fbcb552dd30a2a791fedfc7204d7b322a32e",TRUE,0,0.134468101868747,TRUE,"bfab1962ac17abe5b7e749fd285ad9fa9197d0455ca79006acbabbbc8ea2c185","137eb67610e816ca065500a9405cc1ab1eb4907ed42b52bea20fdf21aa986a15",239.151,866,"1f0ebe7383f6998116af92c3ccb0b6f66400c79cd62cc552284ecbfe1d89ea16",1.53100000000001,240.906,FALSE,FALSE,FALSE,FALSE,"closed",FALSE
"mv08o_residual_source_sentinel_v1","primary","SRA716608_SRS3391630","internal124",20260805,"sct_pearson_residual_all_qc_fit_selected384","exact500",2284,384,"838db62058ff52faf5d344b2440825fa777702b548f6249256a9e1a9f5a3d431",500,"48e881ee753893bfaecd7101fc16fbcb552dd30a2a791fedfc7204d7b322a32e",TRUE,0,0.721694223939474,TRUE,"f2620fe5cd9bfbfdc4652bfe29ec887f1bb0d0771f69a4e81a57487440641240","ecbf9212466ae6d7bc5617b29fcbac7071f90c86238b53d4301299d158b18640",239.151,866,"1f0ebe7383f6998116af92c3ccb0b6f66400c79cd62cc552284ecbfe1d89ea16",1.53100000000001,241.033,FALSE,FALSE,FALSE,FALSE,"closed",FALSE
"mv08o_residual_source_sentinel_v1","primary","SRA716608_SRS3391630","internal124",20260806,"sct_data_all_qc_fit_selected384","exact500",2284,384,"475a87f89baa7473307455ab498e67103217d44b1106fba645bf7699d5f916a0",500,"48e881ee753893bfaecd7101fc16fbcb552dd30a2a791fedfc7204d7b322a32e",TRUE,0,0.128190547081909,TRUE,"ac815a2106ec91126aa42c9ca27af7b4bb2026126e715bafc105da1fa85c5e6d","c06d47ce88a5a47f71c9ca3f1ce7976d18e57126ef5b07be07437d6b081676ad",239.151,866,"1f0ebe7383f6998116af92c3ccb0b6f66400c79cd62cc552284ecbfe1d89ea16",1.53100000000001,241.153,FALSE,FALSE,FALSE,FALSE,"closed",FALSE
"mv08o_residual_source_sentinel_v1","primary","SRA716608_SRS3391630","internal124",20260806,"sct_pearson_residual_all_qc_fit_selected384","exact500",2284,384,"475a87f89baa7473307455ab498e67103217d44b1106fba645bf7699d5f916a0",500,"48e881ee753893bfaecd7101fc16fbcb552dd30a2a791fedfc7204d7b322a32e",TRUE,0,0.718392952342873,TRUE,"63eff90d7e8b5e47ba05f789454eb697509ba75c7fb46fc4621ada8569139562","e87b0f53f561d79670100e71c485edcb154ad9cafb97dd2206c78f41f6192fd5",239.151,866,"1f0ebe7383f6998116af92c3ccb0b6f66400c79cd62cc552284ecbfe1d89ea16",1.53100000000001,241.293,FALSE,FALSE,FALSE,FALSE,"closed",FALSE
"mv08o_residual_source_sentinel_v1","primary","SRA716608_SRS3391630","internal124",20260807,"sct_data_all_qc_fit_selected384","exact500",2284,384,"b498ce9bf6351ccc50410acc62994d7c5eab3c61ad0774a2a8cbf4636f70eeb4",500,"48e881ee753893bfaecd7101fc16fbcb552dd30a2a791fedfc7204d7b322a32e",TRUE,0,0.138689749117284,TRUE,"0a08db049d4d60fd6332afdceadeab3fb056df1c630735569ed07548a00d0bac","a75b3a5f3629112b32b67c1d81e6baa8de2088ab4b412a43c8e9f7a38bc18eab",239.151,866,"1f0ebe7383f6998116af92c3ccb0b6f66400c79cd62cc552284ecbfe1d89ea16",1.53100000000001,241.432,FALSE,FALSE,FALSE,FALSE,"closed",FALSE
"mv08o_residual_source_sentinel_v1","primary","SRA716608_SRS3391630","internal124",20260807,"sct_pearson_residual_all_qc_fit_selected384","exact500",2284,384,"b498ce9bf6351ccc50410acc62994d7c5eab3c61ad0774a2a8cbf4636f70eeb4",500,"48e881ee753893bfaecd7101fc16fbcb552dd30a2a791fedfc7204d7b322a32e",TRUE,0,0.744293733304786,TRUE,"36dffcadd89d8da699c1bfeecb36bef8bf0e09b5de637ab8af47cf1fc8ded258","7dbf1d5cccc566bf779e989e16426f8fc8331eadfbaba9a618145149cc98e6d1",239.151,866,"1f0ebe7383f6998116af92c3ccb0b6f66400c79cd62cc552284ecbfe1d89ea16",1.53100000000001,241.578,FALSE,FALSE,FALSE,FALSE,"closed",FALSE
"mv08o_residual_source_sentinel_v1","primary","SRA716608_SRS3391630","internal124",20260808,"sct_data_all_qc_fit_selected384","exact500",2284,384,"0e81bbf056823e8bbd16457e0871ce2a75e3255a7561b7fe13cf2f2b5e64d407",500,"48e881ee753893bfaecd7101fc16fbcb552dd30a2a791fedfc7204d7b322a32e",TRUE,0,0.145852958999046,TRUE,"167d0b2bf23d3434266f41612c32597bec080336c98ea745098479c77f18a373","dcfa4d29fbacd74be3d95721cbdd6a0aa98ea305b50e19ccfaf4f19f2621ab7a",239.151,866,"1f0ebe7383f6998116af92c3ccb0b6f66400c79cd62cc552284ecbfe1d89ea16",1.53100000000001,241.716,FALSE,FALSE,FALSE,FALSE,"closed",FALSE
"mv08o_residual_source_sentinel_v1","primary","SRA716608_SRS3391630","internal124",20260808,"sct_pearson_residual_all_qc_fit_selected384","exact500",2284,384,"0e81bbf056823e8bbd16457e0871ce2a75e3255a7561b7fe13cf2f2b5e64d407",500,"48e881ee753893bfaecd7101fc16fbcb552dd30a2a791fedfc7204d7b322a32e",TRUE,0,0.717996447982333,TRUE,"69d0bb9ccf919e9f1ab92b81fb47a5fc22dce0d903cf514cf2181b8a1b9afea6","1eaea65acfb9aacbd0089a566d74ea332d91e903805ffe0efc6b0d5b551cce68",239.151,866,"1f0ebe7383f6998116af92c3ccb0b6f66400c79cd62cc552284ecbfe1d89ea16",1.53100000000001,241.859,FALSE,FALSE,FALSE,FALSE,"closed",FALSE
"mv08o_residual_source_sentinel_v1","primary","SRA716608_SRS3391630","internal124",20260809,"sct_data_all_qc_fit_selected384","exact500",2284,384,"d1a52935ea78a75930c3b7adee0959a7a54818ddcff29760c65bf44f767a5dc3",500,"48e881ee753893bfaecd7101fc16fbcb552dd30a2a791fedfc7204d7b322a32e",TRUE,0,0.115774048492087,TRUE,"0d0e246c61c4782d763d7ec04f88c4d37d4a643ba8b20ff79a6e7054d4403cac","448c10230c169da2bca45502b182a44742d93b715d54a6ec0e39feb3d2ef2fb6",239.151,866,"1f0ebe7383f6998116af92c3ccb0b6f66400c79cd62cc552284ecbfe1d89ea16",1.53100000000001,242,FALSE,FALSE,FALSE,FALSE,"closed",FALSE
"mv08o_residual_source_sentinel_v1","primary","SRA716608_SRS3391630","internal124",20260809,"sct_pearson_residual_all_qc_fit_selected384","exact500",2284,384,"d1a52935ea78a75930c3b7adee0959a7a54818ddcff29760c65bf44f767a5dc3",500,"48e881ee753893bfaecd7101fc16fbcb552dd30a2a791fedfc7204d7b322a32e",TRUE,0,0.732402854432264,TRUE,"07fff85190c4541650afecb63eef2f69d6b844362e106e7560ee9211785d33d4","07d4f0e5cb6a0cda803db70f5ef534f594ccb1df18caea73051b04dcc3ead7b7",239.151,866,"1f0ebe7383f6998116af92c3ccb0b6f66400c79cd62cc552284ecbfe1d89ea16",1.53100000000001,242.143,FALSE,FALSE,FALSE,FALSE,"closed",FALSE
"mv08o_residual_source_sentinel_v1","primary","SRA701877_SRS3279693","internal124",20260805,"sct_data_all_qc_fit_selected384","exact500",2491,384,"08864a3cc7c0b5be13a30a0444d0d51d39ba64f87f05c5c036de751919a0234e",500,"48e881ee753893bfaecd7101fc16fbcb552dd30a2a791fedfc7204d7b322a32e",TRUE,0,0.255777122311556,TRUE,"119c0e03bf15db27f61ff3aebc1441e7ebee9736084b8faac0fa7301eb33c874","90954e4d69c4188092edef7b96c47a8c89e51a27ce550db23dab42e239ddc79d",142.706,47,"85b3c8df07c7859d19f3ad0590bbe2f6007bcf12c39054ff3e0932f1a2c92afc",1.85900000000001,144.809,FALSE,FALSE,FALSE,FALSE,"closed",FALSE
"mv08o_residual_source_sentinel_v1","primary","SRA701877_SRS3279693","internal124",20260805,"sct_pearson_residual_all_qc_fit_selected384","exact500",2491,384,"08864a3cc7c0b5be13a30a0444d0d51d39ba64f87f05c5c036de751919a0234e",500,"48e881ee753893bfaecd7101fc16fbcb552dd30a2a791fedfc7204d7b322a32e",TRUE,0,0.497408979764566,TRUE,"7813eec53fb23f4f24424da706d0c3b9fc4b133f39f9f59b3a1aa5ab3341ee5e","50155ca9040c591928ed3016b55d93c651e87f882dd5c2e02030d3845f483d29",142.706,47,"85b3c8df07c7859d19f3ad0590bbe2f6007bcf12c39054ff3e0932f1a2c92afc",1.85900000000001,144.934,FALSE,FALSE,FALSE,FALSE,"closed",FALSE
"mv08o_residual_source_sentinel_v1","primary","SRA701877_SRS3279693","internal124",20260806,"sct_data_all_qc_fit_selected384","exact500",2491,384,"7fd8c605b37425a1914906cf0afaafb571bd1483b7602967f80e9c796bdf1649",500,"48e881ee753893bfaecd7101fc16fbcb552dd30a2a791fedfc7204d7b322a32e",TRUE,0,0.285979087682856,TRUE,"61e5fbcdff7c682581736c852ef776c5a0188f43e76693279e64ad745b1e6a32","ce92a515e0d905657f02a0e5841e33f4dd4c1a2a874657aefe704727aec24af2",142.706,47,"85b3c8df07c7859d19f3ad0590bbe2f6007bcf12c39054ff3e0932f1a2c92afc",1.85900000000001,145.053,FALSE,FALSE,FALSE,FALSE,"closed",FALSE
"mv08o_residual_source_sentinel_v1","primary","SRA701877_SRS3279693","internal124",20260806,"sct_pearson_residual_all_qc_fit_selected384","exact500",2491,384,"7fd8c605b37425a1914906cf0afaafb571bd1483b7602967f80e9c796bdf1649",500,"48e881ee753893bfaecd7101fc16fbcb552dd30a2a791fedfc7204d7b322a32e",TRUE,0,0.486332909775116,TRUE,"47e458ed94ef422ba9ec40296c69d08f349bb4e2c30b2bf24f92b65237cb7f5a","433b6f63a70c4ad949a64ef4af1f48a2b94f59538369e26699b8716d9309ca66",142.706,47,"85b3c8df07c7859d19f3ad0590bbe2f6007bcf12c39054ff3e0932f1a2c92afc",1.85900000000001,145.189,FALSE,FALSE,FALSE,FALSE,"closed",FALSE
"mv08o_residual_source_sentinel_v1","primary","SRA701877_SRS3279693","internal124",20260807,"sct_data_all_qc_fit_selected384","exact500",2491,384,"b76dad5bb8a0761b8c9ec24a300fd8236937d0b0703213e9ea380754379fa77f",500,"48e881ee753893bfaecd7101fc16fbcb552dd30a2a791fedfc7204d7b322a32e",TRUE,0,0.261254328527942,TRUE,"c7dd2c17e27422ae8d7b0b8831ad43824d69c3178b74443bbaf92358913aa60d","b56a075cf417d79ea14f28db561c6d86d7c1d229c7285a7d79503b08d02df9fe",142.706,47,"85b3c8df07c7859d19f3ad0590bbe2f6007bcf12c39054ff3e0932f1a2c92afc",1.85900000000001,145.329,FALSE,FALSE,FALSE,FALSE,"closed",FALSE
"mv08o_residual_source_sentinel_v1","primary","SRA701877_SRS3279693","internal124",20260807,"sct_pearson_residual_all_qc_fit_selected384","exact500",2491,384,"b76dad5bb8a0761b8c9ec24a300fd8236937d0b0703213e9ea380754379fa77f",500,"48e881ee753893bfaecd7101fc16fbcb552dd30a2a791fedfc7204d7b322a32e",TRUE,0,0.48910067492207,TRUE,"8c4711bfc3392db83b7147b6c6bae958d9d3c30701452a484ba323b2a396fc6d","83d6b48625933c626a125adb2e25279d00c37cf24c2a48fd051204e4aa487b88",142.706,47,"85b3c8df07c7859d19f3ad0590bbe2f6007bcf12c39054ff3e0932f1a2c92afc",1.85900000000001,145.469,FALSE,FALSE,FALSE,FALSE,"closed",FALSE
"mv08o_residual_source_sentinel_v1","primary","SRA701877_SRS3279693","internal124",20260808,"sct_data_all_qc_fit_selected384","exact500",2491,384,"55b3b9d8491f4a53cdfb83ef7a664450cebabdac7e7de42c1cf3952d0c075166",500,"48e881ee753893bfaecd7101fc16fbcb552dd30a2a791fedfc7204d7b322a32e",TRUE,0,0.222117794134378,TRUE,"9b22b53af54932682f868ecdf4394e2b1c1af7f26edd178c0f97af0698285994","ce478d4d2d3e4b523a40f93d264265c9176565b63e9cb57414788fdfe5f5d993",142.706,47,"85b3c8df07c7859d19f3ad0590bbe2f6007bcf12c39054ff3e0932f1a2c92afc",1.85900000000001,145.608,FALSE,FALSE,FALSE,FALSE,"closed",FALSE
"mv08o_residual_source_sentinel_v1","primary","SRA701877_SRS3279693","internal124",20260808,"sct_pearson_residual_all_qc_fit_selected384","exact500",2491,384,"55b3b9d8491f4a53cdfb83ef7a664450cebabdac7e7de42c1cf3952d0c075166",500,"48e881ee753893bfaecd7101fc16fbcb552dd30a2a791fedfc7204d7b322a32e",TRUE,0,0.531585633005711,TRUE,"01a046805125c443fc69d20d8d2562a4b30aba67d9ce4e6eb0b72b1268c62f47","d4083ee7d454594ccc24aa8230f8d18d46c442e51c8fa352bf9619789f99b184",142.706,47,"85b3c8df07c7859d19f3ad0590bbe2f6007bcf12c39054ff3e0932f1a2c92afc",1.85900000000001,145.749,FALSE,FALSE,FALSE,FALSE,"closed",FALSE
"mv08o_residual_source_sentinel_v1","primary","SRA701877_SRS3279693","internal124",20260809,"sct_data_all_qc_fit_selected384","exact500",2491,384,"6d1aa991b5faae654cb673c1d03f325532b0e9e4d331cbf69e1821f0e9511d66",500,"48e881ee753893bfaecd7101fc16fbcb552dd30a2a791fedfc7204d7b322a32e",TRUE,0,0.254491550927599,TRUE,"a3842d376d13f9992fc278708f4d3d270867d8e939c01a021b8d0223ef27201b","bbd020a51b55aadc5a2b5960924699b7ee51ceaad46f9dba96a14df7cc94abde",142.706,47,"85b3c8df07c7859d19f3ad0590bbe2f6007bcf12c39054ff3e0932f1a2c92afc",1.85900000000001,145.888,FALSE,FALSE,FALSE,FALSE,"closed",FALSE
"mv08o_residual_source_sentinel_v1","primary","SRA701877_SRS3279693","internal124",20260809,"sct_pearson_residual_all_qc_fit_selected384","exact500",2491,384,"6d1aa991b5faae654cb673c1d03f325532b0e9e4d331cbf69e1821f0e9511d66",500,"48e881ee753893bfaecd7101fc16fbcb552dd30a2a791fedfc7204d7b322a32e",TRUE,0,0.517806195172534,TRUE,"4adfb26477b81baaa084edb5a7319b2d816e78ab47c921cd159d840c1ff1da82","4306178155625384f748dc0ef6a954357a317db5b92b355e9d335c7372f35d46",142.706,47,"85b3c8df07c7859d19f3ad0590bbe2f6007bcf12c39054ff3e0932f1a2c92afc",1.85900000000001,146.033,FALSE,FALSE,FALSE,FALSE,"closed",FALSE
"mv08o_residual_source_sentinel_v1","primary","HCA_BM_005","external8",20260805,"sct_data_all_qc_fit_selected384","exact500",2571,384,"877fb436ef10428d2ce396c03a84c4725a14c3d3880ebb2f2b8fdb4e7444cae6",500,"48e881ee753893bfaecd7101fc16fbcb552dd30a2a791fedfc7204d7b322a32e",TRUE,0,0.0786801300387679,TRUE,"3cef79b4a84812cd71840a3f8aab4447feb852d19770bf18348dfefcdaf9b30a","0f2eaf2510b493ff02dad763a8b91153f5ac71459adfc432dad6e26c550eae0b",358.539,1580,"85b3c8df07c7859d19f3ad0590bbe2f6007bcf12c39054ff3e0932f1a2c92afc",1.64800000000002,360.362,FALSE,FALSE,FALSE,FALSE,"closed",FALSE
"mv08o_residual_source_sentinel_v1","primary","HCA_BM_005","external8",20260805,"sct_data_all_qc_fit_selected384","common475",2571,384,"877fb436ef10428d2ce396c03a84c4725a14c3d3880ebb2f2b8fdb4e7444cae6",475,"48e881ee753893bfaecd7101fc16fbcb552dd30a2a791fedfc7204d7b322a32e",TRUE,0,0.0860759821829421,TRUE,"9a251092440d62d2ccf27fa63d276ca6aa17c0842db7e0525e24e8c3cb40ca31","7d7600c90e63647942d6743578878f4247924ce34f2f6a60a3298b844f4b6eee",358.539,1580,"85b3c8df07c7859d19f3ad0590bbe2f6007bcf12c39054ff3e0932f1a2c92afc",1.64800000000002,360.472,FALSE,FALSE,FALSE,FALSE,"closed",FALSE
"mv08o_residual_source_sentinel_v1","primary","HCA_BM_005","external8",20260805,"sct_pearson_residual_all_qc_fit_selected384","exact500",2571,384,"877fb436ef10428d2ce396c03a84c4725a14c3d3880ebb2f2b8fdb4e7444cae6",500,"48e881ee753893bfaecd7101fc16fbcb552dd30a2a791fedfc7204d7b322a32e",TRUE,0,0.580000448395415,TRUE,"ba38403f6e820e32f170b4f908f561df80e1c3149b754507a998c4ceeb5d258f","d8e6d350deb202441d2a66291d23e6dee7938009dd9b03355eb5c76b296a3157",358.539,1580,"85b3c8df07c7859d19f3ad0590bbe2f6007bcf12c39054ff3e0932f1a2c92afc",1.64800000000002,360.595,FALSE,FALSE,FALSE,FALSE,"closed",FALSE
"mv08o_residual_source_sentinel_v1","primary","HCA_BM_005","external8",20260805,"sct_pearson_residual_all_qc_fit_selected384","common475",2571,384,"877fb436ef10428d2ce396c03a84c4725a14c3d3880ebb2f2b8fdb4e7444cae6",475,"48e881ee753893bfaecd7101fc16fbcb552dd30a2a791fedfc7204d7b322a32e",TRUE,0,0.580000448395415,TRUE,"07cb6e00400adc4cd68b878b03e27a436a3dd983d09fd82dcd0a274465af456f","0f24a0df29f52df3775d1b7c119faf2000e09d40979365acb5601997bf91a6de",358.539,1580,"85b3c8df07c7859d19f3ad0590bbe2f6007bcf12c39054ff3e0932f1a2c92afc",1.64800000000002,360.704,FALSE,FALSE,FALSE,FALSE,"closed",FALSE
"mv08o_residual_source_sentinel_v1","primary","SRA701877_SRS3279692","internal124",20260805,"sct_data_all_qc_fit_selected384","exact500",2619,384,"3e9f59b955b24de31c93d3798218e060930afc0330d5e8969baacb656591d0c1",500,"48e881ee753893bfaecd7101fc16fbcb552dd30a2a791fedfc7204d7b322a32e",TRUE,0,0.285775525286998,TRUE,"f6e405c305c0bb4de404cb7f2b1ed0d64228a0762b2adc4ea1fc2376af77a29a","76a4ed06fbff7965ac1e84a02266459b6dd08da933a6411ae24d8cc1d592f01b",216.43,99,"ca6942c97dd850b48cc06efc622330e36c7e5325ae6e5499d209bb4e9339e9a9",1.89099999999999,218.599,FALSE,FALSE,FALSE,FALSE,"closed",FALSE
"mv08o_residual_source_sentinel_v1","primary","SRA701877_SRS3279692","internal124",20260805,"sct_pearson_residual_all_qc_fit_selected384","exact500",2619,384,"3e9f59b955b24de31c93d3798218e060930afc0330d5e8969baacb656591d0c1",500,"48e881ee753893bfaecd7101fc16fbcb552dd30a2a791fedfc7204d7b322a32e",TRUE,0,0.752927460101506,TRUE,"947e0d302f6d452bab5e73a6122092cd3a6d5dab876e25c75ec570efb49cd97a","d0ab565f8db5a0d1fa6f9b169a8415012caace8331c59aef2d66bc70f33ddee2",216.43,99,"ca6942c97dd850b48cc06efc622330e36c7e5325ae6e5499d209bb4e9339e9a9",1.89099999999999,218.725,FALSE,FALSE,FALSE,FALSE,"closed",FALSE
"mv08o_residual_source_sentinel_v1","primary","SRA701877_SRS3279692","internal124",20260806,"sct_data_all_qc_fit_selected384","exact500",2619,384,"c132c0bd7284ceb72a47833343f22cbe94b08458a53a6f911a7b082c00b9e6a7",500,"48e881ee753893bfaecd7101fc16fbcb552dd30a2a791fedfc7204d7b322a32e",TRUE,0,0.304794969992979,TRUE,"e9af88f5e4e3b2e92d37f24a9c6af042ef03454a61ddaca2f350bfd46b866a23","be27df6353fab4e0409c8b9fb8764576d77e8b1d4056c8417ca172537c23a4cb",216.43,99,"ca6942c97dd850b48cc06efc622330e36c7e5325ae6e5499d209bb4e9339e9a9",1.89099999999999,218.846,FALSE,FALSE,FALSE,FALSE,"closed",FALSE
"mv08o_residual_source_sentinel_v1","primary","SRA701877_SRS3279692","internal124",20260806,"sct_pearson_residual_all_qc_fit_selected384","exact500",2619,384,"c132c0bd7284ceb72a47833343f22cbe94b08458a53a6f911a7b082c00b9e6a7",500,"48e881ee753893bfaecd7101fc16fbcb552dd30a2a791fedfc7204d7b322a32e",TRUE,0,0.712811340820957,TRUE,"8d74237ac35faa33539b6ebce21e0fcd04b9a9af4c5850961d6b0a595468ca11","6094c1c855171a508b9d24d81c7d333d83a0b0f0a729e3166435932a9c5a647d",216.43,99,"ca6942c97dd850b48cc06efc622330e36c7e5325ae6e5499d209bb4e9339e9a9",1.89099999999999,218.97,FALSE,FALSE,FALSE,FALSE,"closed",FALSE
"mv08o_residual_source_sentinel_v1","primary","SRA701877_SRS3279692","internal124",20260807,"sct_data_all_qc_fit_selected384","exact500",2619,384,"791cb79189780de78845ba093c8b72e0b3111f151c73ae649c0a9e0f400f0cbd",500,"48e881ee753893bfaecd7101fc16fbcb552dd30a2a791fedfc7204d7b322a32e",TRUE,0,0.287296846406373,TRUE,"8da1c25a86eb1b9b7ddce647500dd723f50fcc2089577bebdcabd788c2e21fd7","7c6ea0145d107ffc0e0d4f1fca18f65991c0fdbc03baa216ba360d57b78d4345",216.43,99,"ca6942c97dd850b48cc06efc622330e36c7e5325ae6e5499d209bb4e9339e9a9",1.89099999999999,219.088,FALSE,FALSE,FALSE,FALSE,"closed",FALSE
"mv08o_residual_source_sentinel_v1","primary","SRA701877_SRS3279692","internal124",20260807,"sct_pearson_residual_all_qc_fit_selected384","exact500",2619,384,"791cb79189780de78845ba093c8b72e0b3111f151c73ae649c0a9e0f400f0cbd",500,"48e881ee753893bfaecd7101fc16fbcb552dd30a2a791fedfc7204d7b322a32e",TRUE,0,0.654577906008174,TRUE,"57a416cc15323738d241a2b9186da1145a15fab04f5215c14e9e312617078748","797527571b101c0a260b8ee2f8d3524d9a4efa15eb2203467d9bcef42f852b74",216.43,99,"ca6942c97dd850b48cc06efc622330e36c7e5325ae6e5499d209bb4e9339e9a9",1.89099999999999,219.21,FALSE,FALSE,FALSE,FALSE,"closed",FALSE
"mv08o_residual_source_sentinel_v1","primary","SRA701877_SRS3279692","internal124",20260808,"sct_data_all_qc_fit_selected384","exact500",2619,384,"59653b87fb3fb77f52e889a63f7d605524c12a26eaf704464a4dd99471e77e6e",500,"48e881ee753893bfaecd7101fc16fbcb552dd30a2a791fedfc7204d7b322a32e",TRUE,0,0.302476746589047,TRUE,"af121183949cd5fd56ae40bc35d36966ce2ed392dff12744e7806bfe07d19ca2","2c9f285f6bc728286cbd303da5e5132d5f6f6e0d4ef279ae1ce6948c0a87d12a",216.43,99,"ca6942c97dd850b48cc06efc622330e36c7e5325ae6e5499d209bb4e9339e9a9",1.89099999999999,219.329,FALSE,FALSE,FALSE,FALSE,"closed",FALSE
"mv08o_residual_source_sentinel_v1","primary","SRA701877_SRS3279692","internal124",20260808,"sct_pearson_residual_all_qc_fit_selected384","exact500",2619,384,"59653b87fb3fb77f52e889a63f7d605524c12a26eaf704464a4dd99471e77e6e",500,"48e881ee753893bfaecd7101fc16fbcb552dd30a2a791fedfc7204d7b322a32e",TRUE,0,0.735488696446789,TRUE,"f320ae395f807e1e6e2ae8c9384f8188e044f8664eb45014b9879b146f4d9871","0567d17de07a4dbc72195750dcd1a3bf45e75ab0f1245cc3ae98d02abda13367",216.43,99,"ca6942c97dd850b48cc06efc622330e36c7e5325ae6e5499d209bb4e9339e9a9",1.89099999999999,219.45,FALSE,FALSE,FALSE,FALSE,"closed",FALSE
"mv08o_residual_source_sentinel_v1","primary","SRA701877_SRS3279692","internal124",20260809,"sct_data_all_qc_fit_selected384","exact500",2619,384,"92312c2fa9d3b8b846be323536b9c9e3e9cebd9be65838365e06e2a17a34f84c",500,"48e881ee753893bfaecd7101fc16fbcb552dd30a2a791fedfc7204d7b322a32e",TRUE,0,0.266578461448076,TRUE,"7c38eb5750822a0f6516287be4581d5290805d27ef11298c9343136ba2d6ce74","5db4abadea1589bee0e44929f8b49a9655a82e21cec54094b839b06214da9a4f",216.43,99,"ca6942c97dd850b48cc06efc622330e36c7e5325ae6e5499d209bb4e9339e9a9",1.89099999999999,219.574,FALSE,FALSE,FALSE,FALSE,"closed",FALSE
"mv08o_residual_source_sentinel_v1","primary","SRA701877_SRS3279692","internal124",20260809,"sct_pearson_residual_all_qc_fit_selected384","exact500",2619,384,"92312c2fa9d3b8b846be323536b9c9e3e9cebd9be65838365e06e2a17a34f84c",500,"48e881ee753893bfaecd7101fc16fbcb552dd30a2a791fedfc7204d7b322a32e",TRUE,0,0.70966761241581,TRUE,"a1a480066ad38dedfb4d062064bc4212aee06ebd8a0aac66a9a944c96c0ad93d","b54dcd7382a3235236cc8cf79e9ce4a3f2f8a1c479b5f64c9131bdc1b8777f77",216.43,99,"ca6942c97dd850b48cc06efc622330e36c7e5325ae6e5499d209bb4e9339e9a9",1.89099999999999,219.7,FALSE,FALSE,FALSE,FALSE,"closed",FALSE
"mv08o_residual_source_sentinel_v1","primary","SRA749327_SRS3693913","internal124",20260805,"sct_data_all_qc_fit_selected384","exact500",2644,384,"756ef1abaed4ff7d920cf4843b45dc9db96cff4b51ec183c5146fbc1a3f85699",500,"48e881ee753893bfaecd7101fc16fbcb552dd30a2a791fedfc7204d7b322a32e",TRUE,0,0.142763752488739,TRUE,"2e67597f9f658f1de480f8e43382e937249a837d2486d30c76d053ebf640df5e","08e7b213d489b0b60abec554fa1bee34a2e87700d4933f7dd2493b22fa995f88",221.89,458,"1f0ebe7383f6998116af92c3ccb0b6f66400c79cd62cc552284ecbfe1d89ea16",1.33100000000002,223.433,FALSE,FALSE,FALSE,FALSE,"closed",FALSE
"mv08o_residual_source_sentinel_v1","primary","SRA749327_SRS3693913","internal124",20260805,"sct_pearson_residual_all_qc_fit_selected384","exact500",2644,384,"756ef1abaed4ff7d920cf4843b45dc9db96cff4b51ec183c5146fbc1a3f85699",500,"48e881ee753893bfaecd7101fc16fbcb552dd30a2a791fedfc7204d7b322a32e",TRUE,0,0.742462850619803,TRUE,"0c5f6ef64a61bb715f9439dc95b1d0b0359089fda45aa19be2f65b52ae698456","6b574f218607dc5a4ebfdf30b68567eb2a39e97a2815ac8df78c5908411ac7a2",221.89,458,"1f0ebe7383f6998116af92c3ccb0b6f66400c79cd62cc552284ecbfe1d89ea16",1.33100000000002,223.556,FALSE,FALSE,FALSE,FALSE,"closed",FALSE
"mv08o_residual_source_sentinel_v1","primary","SRA749327_SRS3693913","internal124",20260806,"sct_data_all_qc_fit_selected384","exact500",2644,384,"941b00fc042dfc66417ed1aeb3d2c33523fbacee01a966c3003b6b3092847d14",500,"48e881ee753893bfaecd7101fc16fbcb552dd30a2a791fedfc7204d7b322a32e",TRUE,0,0.120759847203462,TRUE,"1d6866f8dbcb4cce841e5c121cce750fb6b4371deb2eb87fc4ca1247faee6d79","db8984478bc94c26293f8b56284c34a88d146f04fd11c653bcc401bf4bb736cd",221.89,458,"1f0ebe7383f6998116af92c3ccb0b6f66400c79cd62cc552284ecbfe1d89ea16",1.33100000000002,223.674,FALSE,FALSE,FALSE,FALSE,"closed",FALSE
"mv08o_residual_source_sentinel_v1","primary","SRA749327_SRS3693913","internal124",20260806,"sct_pearson_residual_all_qc_fit_selected384","exact500",2644,384,"941b00fc042dfc66417ed1aeb3d2c33523fbacee01a966c3003b6b3092847d14",500,"48e881ee753893bfaecd7101fc16fbcb552dd30a2a791fedfc7204d7b322a32e",TRUE,0,0.675362899839944,TRUE,"be37ccf40d3f1ea5f35bd85f6d1a0db9097cecb185c3343e195d0c8ca6813bf9","4a744bacdcb0a1464601188909e51087df8d49594cdf47e67e2591c4ad1531b7",221.89,458,"1f0ebe7383f6998116af92c3ccb0b6f66400c79cd62cc552284ecbfe1d89ea16",1.33100000000002,223.797,FALSE,FALSE,FALSE,FALSE,"closed",FALSE
"mv08o_residual_source_sentinel_v1","primary","SRA749327_SRS3693913","internal124",20260807,"sct_data_all_qc_fit_selected384","exact500",2644,384,"56c3af17b7074156234b82b4cdca9026909b43f61cd02162be97258740a69d2b",500,"48e881ee753893bfaecd7101fc16fbcb552dd30a2a791fedfc7204d7b322a32e",TRUE,0,0.118639393939318,TRUE,"2b0f4f541bd9d45c541f0b46f61606e27e92e2a4e6aadbb9ab6b2892128aec33","d7e1f7c7847d32e255434f982b41753c28e66e2bb6bcd6637b9eb77dd1b9993e",221.89,458,"1f0ebe7383f6998116af92c3ccb0b6f66400c79cd62cc552284ecbfe1d89ea16",1.33100000000002,223.922,FALSE,FALSE,FALSE,FALSE,"closed",FALSE
"mv08o_residual_source_sentinel_v1","primary","SRA749327_SRS3693913","internal124",20260807,"sct_pearson_residual_all_qc_fit_selected384","exact500",2644,384,"56c3af17b7074156234b82b4cdca9026909b43f61cd02162be97258740a69d2b",500,"48e881ee753893bfaecd7101fc16fbcb552dd30a2a791fedfc7204d7b322a32e",TRUE,0,0.720800384468117,TRUE,"c38cd07017e8001554e5678d18241d2a3f5ff1e65e5892a6ab86b908bc394f6f","724708745e7834b6027e3b44204b21f0674ba44a58fd9b48f4a3fa2621433093",221.89,458,"1f0ebe7383f6998116af92c3ccb0b6f66400c79cd62cc552284ecbfe1d89ea16",1.33100000000002,224.044,FALSE,FALSE,FALSE,FALSE,"closed",FALSE
"mv08o_residual_source_sentinel_v1","primary","SRA749327_SRS3693913","internal124",20260808,"sct_data_all_qc_fit_selected384","exact500",2644,384,"383e03315840ce2ea68ab9600b887e4d7cc38e0c76e583761da4551fe1c73401",500,"48e881ee753893bfaecd7101fc16fbcb552dd30a2a791fedfc7204d7b322a32e",TRUE,0,0.134468101868747,TRUE,"221b8a18e36100a9fad0d5c33dd74e6947e101412852388fff1523bfa6071c5a","4d4260bcc8db16762f3f1fd794caee1ab3d23b9f20c49e71756f41aa0f9a97e8",221.89,458,"1f0ebe7383f6998116af92c3ccb0b6f66400c79cd62cc552284ecbfe1d89ea16",1.33100000000002,224.162,FALSE,FALSE,FALSE,FALSE,"closed",FALSE
"mv08o_residual_source_sentinel_v1","primary","SRA749327_SRS3693913","internal124",20260808,"sct_pearson_residual_all_qc_fit_selected384","exact500",2644,384,"383e03315840ce2ea68ab9600b887e4d7cc38e0c76e583761da4551fe1c73401",500,"48e881ee753893bfaecd7101fc16fbcb552dd30a2a791fedfc7204d7b322a32e",TRUE,0,0.713873519598406,TRUE,"f0fb775bd2ff22692c4034946788d9087b412dd6f54d38e82c47e8022931758c","5265e433450f5169d4c801530ea95526cc12153d18b167514de5398a46bae71a",221.89,458,"1f0ebe7383f6998116af92c3ccb0b6f66400c79cd62cc552284ecbfe1d89ea16",1.33100000000002,224.308,FALSE,FALSE,FALSE,FALSE,"closed",FALSE
"mv08o_residual_source_sentinel_v1","primary","SRA749327_SRS3693913","internal124",20260809,"sct_data_all_qc_fit_selected384","exact500",2644,384,"9104c1c95abd2eda7026a219c23b9518d6875b8d1202348b409dd90041392561",500,"48e881ee753893bfaecd7101fc16fbcb552dd30a2a791fedfc7204d7b322a32e",TRUE,0,0.146702412943808,TRUE,"ac406271ea3eb79d551670e1c2e1e6da1104e38c77184b35c89a67422b86efb7","0e23b6258e6482b7cc003c1a0eb3dd48924af300af4ca5c4cda71937a9dd8e97",221.89,458,"1f0ebe7383f6998116af92c3ccb0b6f66400c79cd62cc552284ecbfe1d89ea16",1.33100000000002,224.447,FALSE,FALSE,FALSE,FALSE,"closed",FALSE
"mv08o_residual_source_sentinel_v1","primary","SRA749327_SRS3693913","internal124",20260809,"sct_pearson_residual_all_qc_fit_selected384","exact500",2644,384,"9104c1c95abd2eda7026a219c23b9518d6875b8d1202348b409dd90041392561",500,"48e881ee753893bfaecd7101fc16fbcb552dd30a2a791fedfc7204d7b322a32e",TRUE,0,0.751261353947345,TRUE,"0da003dfde3b544c2a71fba6ca478b53cc5d976490765b64cf3f4f5b619545e5","585ad35f006e7aae435e08d26a43d7d0921991b995f729418f4a4d4d1b1b9cee",221.89,458,"1f0ebe7383f6998116af92c3ccb0b6f66400c79cd62cc552284ecbfe1d89ea16",1.33100000000002,224.589,FALSE,FALSE,FALSE,FALSE,"closed",FALSE
"mv08o_residual_source_sentinel_v1","primary","SRA645804_SRS2823407","internal124",20260805,"sct_data_all_qc_fit_selected384","exact500",2708,384,"641b31e5f505dfd4db1224a249e135a571d7b16724af4add094c233e2f8b279d",500,"48e881ee753893bfaecd7101fc16fbcb552dd30a2a791fedfc7204d7b322a32e",TRUE,0,0.0860759821829421,TRUE,"0c4087462546fac28e09f9a597091c5dbaccdc9d90b7e1230ccdd3b29f56e336","7ea1811a1ed1d9d70d8dbafd088aba192b8336c49876c4c5cad618eb87c84d3d",365.757,1067,"1f0ebe7383f6998116af92c3ccb0b6f66400c79cd62cc552284ecbfe1d89ea16",2.72500000000002,368.715,FALSE,FALSE,FALSE,FALSE,"closed",FALSE
"mv08o_residual_source_sentinel_v1","primary","SRA645804_SRS2823407","internal124",20260805,"sct_pearson_residual_all_qc_fit_selected384","exact500",2708,384,"641b31e5f505dfd4db1224a249e135a571d7b16724af4add094c233e2f8b279d",500,"48e881ee753893bfaecd7101fc16fbcb552dd30a2a791fedfc7204d7b322a32e",TRUE,0,0.647332586957722,TRUE,"b2e2abb3c156ade383ec0f2f3d1e82b1e161079ec23adbbd1095da33dee18404","5f137dfe4d8ce533c48db29e2926bd3e9933055383416b016f76a0a94ad763ee",365.757,1067,"1f0ebe7383f6998116af92c3ccb0b6f66400c79cd62cc552284ecbfe1d89ea16",2.72500000000002,368.839,FALSE,FALSE,FALSE,FALSE,"closed",FALSE
"mv08o_residual_source_sentinel_v1","primary","SRA645804_SRS2823407","internal124",20260806,"sct_data_all_qc_fit_selected384","exact500",2708,384,"b3c2306695818b2ed6b3f02a79bfc7c0e581f90fe580c56536ba3d87c7ffa5fd",500,"48e881ee753893bfaecd7101fc16fbcb552dd30a2a791fedfc7204d7b322a32e",TRUE,0,0.113519822707235,TRUE,"35eec4d95bfa7860589ba0f2867eb6c3cfbfb4752502fb8fc68978380d2ac5a5","a7b0435b6e95af096017098537fd7e2f7fe787b3340af48e81975b2ca1b4efd0",365.757,1067,"1f0ebe7383f6998116af92c3ccb0b6f66400c79cd62cc552284ecbfe1d89ea16",2.72500000000002,368.959,FALSE,FALSE,FALSE,FALSE,"closed",FALSE
"mv08o_residual_source_sentinel_v1","primary","SRA645804_SRS2823407","internal124",20260806,"sct_pearson_residual_all_qc_fit_selected384","exact500",2708,384,"b3c2306695818b2ed6b3f02a79bfc7c0e581f90fe580c56536ba3d87c7ffa5fd",500,"48e881ee753893bfaecd7101fc16fbcb552dd30a2a791fedfc7204d7b322a32e",TRUE,0,0.615098635107246,TRUE,"f8f2fd3228ca128ff2ec06aad6f43899f8188620ed3fa84bf5deac1a29830b8a","7c60b50ca053b80950be2417be43a32c1a5318b931fa8efbfd9616d7bdc10783",365.757,1067,"1f0ebe7383f6998116af92c3ccb0b6f66400c79cd62cc552284ecbfe1d89ea16",2.72500000000002,369.084,FALSE,FALSE,FALSE,FALSE,"closed",FALSE
"mv08o_residual_source_sentinel_v1","primary","SRA645804_SRS2823407","internal124",20260807,"sct_data_all_qc_fit_selected384","exact500",2708,384,"1a4421b78ee22de6e276ea048aaae9946a58217d11180b7062a4bc37740a960c",500,"48e881ee753893bfaecd7101fc16fbcb552dd30a2a791fedfc7204d7b322a32e",TRUE,0,0.0991286924845521,TRUE,"0eed41bfe985203660656cc9c7f8e13dfad59105b425fae2e4e7c9614a054b26","186b993181d8b3d44b8c5ec024940f239b9361f63d6aa65b8d813281c13b5464",365.757,1067,"1f0ebe7383f6998116af92c3ccb0b6f66400c79cd62cc552284ecbfe1d89ea16",2.72500000000002,369.217,FALSE,FALSE,FALSE,FALSE,"closed",FALSE
"mv08o_residual_source_sentinel_v1","primary","SRA645804_SRS2823407","internal124",20260807,"sct_pearson_residual_all_qc_fit_selected384","exact500",2708,384,"1a4421b78ee22de6e276ea048aaae9946a58217d11180b7062a4bc37740a960c",500,"48e881ee753893bfaecd7101fc16fbcb552dd30a2a791fedfc7204d7b322a32e",TRUE,0,0.687355455861682,TRUE,"7fa790249b21ee92313f56133de0d9a970f71d2d93424aa276195cc51aa4c1d6","3d448b4c98c680e647b7034dd9e83d2d64428bca4d4d6513b3e7fc2761f9ebfe",365.757,1067,"1f0ebe7383f6998116af92c3ccb0b6f66400c79cd62cc552284ecbfe1d89ea16",2.72500000000002,369.359,FALSE,FALSE,FALSE,FALSE,"closed",FALSE
"mv08o_residual_source_sentinel_v1","primary","SRA645804_SRS2823407","internal124",20260808,"sct_data_all_qc_fit_selected384","exact500",2708,384,"ed5a0ca7d2ff430e2faf418d925486cf032e6848a9aba7d8cb9247f458e1c6cb",500,"48e881ee753893bfaecd7101fc16fbcb552dd30a2a791fedfc7204d7b322a32e",TRUE,0,0.105001946614312,TRUE,"e1480ed6ea136a491cc268070f6ae958f75dc5a08463ef65d58fc4ab7942a347","31c8ed6f7a6ff12b52fa991519aca6e4c4fc73fd9e3b25e7db5dd8ebca233d92",365.757,1067,"1f0ebe7383f6998116af92c3ccb0b6f66400c79cd62cc552284ecbfe1d89ea16",2.72500000000002,369.498,FALSE,FALSE,FALSE,FALSE,"closed",FALSE
"mv08o_residual_source_sentinel_v1","primary","SRA645804_SRS2823407","internal124",20260808,"sct_pearson_residual_all_qc_fit_selected384","exact500",2708,384,"ed5a0ca7d2ff430e2faf418d925486cf032e6848a9aba7d8cb9247f458e1c6cb",500,"48e881ee753893bfaecd7101fc16fbcb552dd30a2a791fedfc7204d7b322a32e",TRUE,0,0.66244419966831,TRUE,"970fd0d6e7907d633b4076875f2be93535519bedcc96d2754f14d19cccf52910","f03ea25ed166751a2cdce9f06eca4d981031a55545a1783d8de9194d31335aef",365.757,1067,"1f0ebe7383f6998116af92c3ccb0b6f66400c79cd62cc552284ecbfe1d89ea16",2.72500000000002,369.644,FALSE,FALSE,FALSE,FALSE,"closed",FALSE
"mv08o_residual_source_sentinel_v1","primary","SRA645804_SRS2823407","internal124",20260809,"sct_data_all_qc_fit_selected384","exact500",2708,384,"f82075b020ed237b8c464e778cb9356348284d06d18dc7c2b1dc8ec18447f378",500,"48e881ee753893bfaecd7101fc16fbcb552dd30a2a791fedfc7204d7b322a32e",TRUE,0,0.110534095808994,TRUE,"e44970ae7115656a9ad058a5500e27a0dd6f12eba9519dd162483c519502bac8","33ad9d282a1efbb1d88f94baa8939718c6adc80621496ce4ab2f1fcc7de75ba9",365.757,1067,"1f0ebe7383f6998116af92c3ccb0b6f66400c79cd62cc552284ecbfe1d89ea16",2.72500000000002,369.782,FALSE,FALSE,FALSE,FALSE,"closed",FALSE
"mv08o_residual_source_sentinel_v1","primary","SRA645804_SRS2823407","internal124",20260809,"sct_pearson_residual_all_qc_fit_selected384","exact500",2708,384,"f82075b020ed237b8c464e778cb9356348284d06d18dc7c2b1dc8ec18447f378",500,"48e881ee753893bfaecd7101fc16fbcb552dd30a2a791fedfc7204d7b322a32e",TRUE,0,0.697647970081125,TRUE,"3683d906b9d79ab08de1cdedbfaa9ce0d75dffe3b1dd87944f06c710b5b229bf","35eccbd41e3bf4efba338ee8ed07f59b77fd3fcd15120200b4bf706fa5ca9044",365.757,1067,"1f0ebe7383f6998116af92c3ccb0b6f66400c79cd62cc552284ecbfe1d89ea16",2.72500000000002,369.924,FALSE,FALSE,FALSE,FALSE,"closed",FALSE
"mv08o_residual_source_sentinel_v1","primary","HCA_BM_004","external8",20260805,"sct_data_all_qc_fit_selected384","exact500",2769,384,"3739dc51888831ecf3215f9a6e5cee2e7ab1c887b63167ab2116568f2e0adfd4",500,"48e881ee753893bfaecd7101fc16fbcb552dd30a2a791fedfc7204d7b322a32e",TRUE,0,0.0353720189379305,TRUE,"e0f5304dd267dcaed3df44fafbab56d45332a1c5f3a1139e3ddfd13e047d304b","13c29644cf06f81abc29b0aa948c2461738d3d41b7bce624a984607ee7bd0623",391.711,1647,"1f0ebe7383f6998116af92c3ccb0b6f66400c79cd62cc552284ecbfe1d89ea16",1.31200000000001,393.201,FALSE,FALSE,FALSE,FALSE,"closed",FALSE
"mv08o_residual_source_sentinel_v1","primary","HCA_BM_004","external8",20260805,"sct_data_all_qc_fit_selected384","common475",2769,384,"3739dc51888831ecf3215f9a6e5cee2e7ab1c887b63167ab2116568f2e0adfd4",475,"48e881ee753893bfaecd7101fc16fbcb552dd30a2a791fedfc7204d7b322a32e",TRUE,0,0.0860759821829421,TRUE,"cdfd8da54728cdb7e7582132bce695bb14d0612b7832120696157b3b9d2ac247","03aaf0a09c0a3c1e4704b5dbacfefe5a3a6259ff8ed02537c0f6530d45dd3760",391.711,1647,"1f0ebe7383f6998116af92c3ccb0b6f66400c79cd62cc552284ecbfe1d89ea16",1.31200000000001,393.849,FALSE,FALSE,FALSE,FALSE,"closed",FALSE
"mv08o_residual_source_sentinel_v1","primary","HCA_BM_004","external8",20260805,"sct_pearson_residual_all_qc_fit_selected384","exact500",2769,384,"3739dc51888831ecf3215f9a6e5cee2e7ab1c887b63167ab2116568f2e0adfd4",500,"48e881ee753893bfaecd7101fc16fbcb552dd30a2a791fedfc7204d7b322a32e",TRUE,0,0.524924306287412,TRUE,"25d5b9a2e484440edea908824fac5209e3089167171dcb6abbe0663ec43f22a5","b8beb1d64f96e4741311677b3aac9c546c9bd006ec32ad61dd7f960540119e11",391.711,1647,"1f0ebe7383f6998116af92c3ccb0b6f66400c79cd62cc552284ecbfe1d89ea16",1.31200000000001,393.976,FALSE,FALSE,FALSE,FALSE,"closed",FALSE
"mv08o_residual_source_sentinel_v1","primary","HCA_BM_004","external8",20260805,"sct_pearson_residual_all_qc_fit_selected384","common475",2769,384,"3739dc51888831ecf3215f9a6e5cee2e7ab1c887b63167ab2116568f2e0adfd4",475,"48e881ee753893bfaecd7101fc16fbcb552dd30a2a791fedfc7204d7b322a32e",TRUE,0,0.614027914240321,TRUE,"4c29c7f865690b19780489a0eead044832fa6183e3660fc8807712f7d7582491","4ef7de59e1018d500755254124b852f88f5638d50456420c5dde8d737557f57d",391.711,1647,"1f0ebe7383f6998116af92c3ccb0b6f66400c79cd62cc552284ecbfe1d89ea16",1.31200000000001,394.089,FALSE,FALSE,FALSE,FALSE,"closed",FALSE
"mv08o_residual_source_sentinel_v1","primary","HCA_BM_001","external8",20260805,"sct_data_all_qc_fit_selected384","exact500",2818,384,"399c9105ab1b07fe8f895911065da8efc094d0f535854877712033abb6f8cf96",500,"48e881ee753893bfaecd7101fc16fbcb552dd30a2a791fedfc7204d7b322a32e",TRUE,1,0,FALSE,"eab54381998fa237c33d850afa809d8e0b0737f671b698ef5ee0c5d319a619aa","",407.485,1338,"85b3c8df07c7859d19f3ad0590bbe2f6007bcf12c39054ff3e0932f1a2c92afc",1.786,409.348,FALSE,FALSE,FALSE,FALSE,"closed",FALSE
"mv08o_residual_source_sentinel_v1","primary","HCA_BM_001","external8",20260805,"sct_data_all_qc_fit_selected384","common475",2818,384,"399c9105ab1b07fe8f895911065da8efc094d0f535854877712033abb6f8cf96",475,"48e881ee753893bfaecd7101fc16fbcb552dd30a2a791fedfc7204d7b322a32e",TRUE,0,0.105001946614312,TRUE,"ec856735159f7e9b41be864f151d99c1afb5dff1dee16ecb0628ecd847a66a43","784f97aabc2aa4a54ee597fe689a2fba8d10fdbe41c6bc430f613a402d392322",407.485,1338,"85b3c8df07c7859d19f3ad0590bbe2f6007bcf12c39054ff3e0932f1a2c92afc",1.786,409.462,FALSE,FALSE,FALSE,FALSE,"closed",FALSE
"mv08o_residual_source_sentinel_v1","primary","HCA_BM_001","external8",20260805,"sct_pearson_residual_all_qc_fit_selected384","exact500",2818,384,"399c9105ab1b07fe8f895911065da8efc094d0f535854877712033abb6f8cf96",500,"48e881ee753893bfaecd7101fc16fbcb552dd30a2a791fedfc7204d7b322a32e",TRUE,0,0.472578282058142,TRUE,"96b4446917cb68449b8b206bf35c1a9b097f11b939238d75d4530a9c359e5404","ff1a38b16f7b9ed875e5320dc6651bc5350ec97b4ce6f6652d66213b462a2058",407.485,1338,"85b3c8df07c7859d19f3ad0590bbe2f6007bcf12c39054ff3e0932f1a2c92afc",1.786,409.586,FALSE,FALSE,FALSE,FALSE,"closed",FALSE
"mv08o_residual_source_sentinel_v1","primary","HCA_BM_001","external8",20260805,"sct_pearson_residual_all_qc_fit_selected384","common475",2818,384,"399c9105ab1b07fe8f895911065da8efc094d0f535854877712033abb6f8cf96",475,"48e881ee753893bfaecd7101fc16fbcb552dd30a2a791fedfc7204d7b322a32e",TRUE,0,0.684079661917902,TRUE,"442f85528490222902e3ebed84554a0936188e38750a674cc6d6abcfaf09e136","e07c340d97700fa50903026ff9dfd9acbed31386812bb94ab3107becaf8705fb",407.485,1338,"85b3c8df07c7859d19f3ad0590bbe2f6007bcf12c39054ff3e0932f1a2c92afc",1.786,409.698,FALSE,FALSE,FALSE,FALSE,"closed",FALSE
"mv08o_residual_source_sentinel_v1","primary","SRA703206_SRS3296613","internal124",20260805,"sct_data_all_qc_fit_selected384","exact500",2950,384,"43e9289253463244e24cfa1b70d3e5e2b74b440554aa14a28d753dce0e7ce043",500,"48e881ee753893bfaecd7101fc16fbcb552dd30a2a791fedfc7204d7b322a32e",TRUE,0,0.380533413792681,TRUE,"f1e3c5c71896886be82265c5d396e230376448fb2c1f9d11defd46e7e567b32c","f26450c99a4d076d90969fb0d334416296e8a38806c0e2c8c1279a4d4b3f8f6d",264.087,425,"1f0ebe7383f6998116af92c3ccb0b6f66400c79cd62cc552284ecbfe1d89ea16",2.09200000000004,266.456,FALSE,FALSE,FALSE,FALSE,"closed",FALSE
"mv08o_residual_source_sentinel_v1","primary","SRA703206_SRS3296613","internal124",20260805,"sct_pearson_residual_all_qc_fit_selected384","exact500",2950,384,"43e9289253463244e24cfa1b70d3e5e2b74b440554aa14a28d753dce0e7ce043",500,"48e881ee753893bfaecd7101fc16fbcb552dd30a2a791fedfc7204d7b322a32e",TRUE,0,0.630247949598563,TRUE,"e69f914040f606aae959b0a08613d5f2d0480b0124fd049e8e34cfc53076e942","f3aa853f9f97fee42e92fc1e7a5a6bc8a04d37c5478ad531c0a79c8bbb603ff6",264.087,425,"1f0ebe7383f6998116af92c3ccb0b6f66400c79cd62cc552284ecbfe1d89ea16",2.09200000000004,266.582,FALSE,FALSE,FALSE,FALSE,"closed",FALSE
"mv08o_residual_source_sentinel_v1","primary","SRA703206_SRS3296613","internal124",20260806,"sct_data_all_qc_fit_selected384","exact500",2950,384,"4f4fd586830ae1f98a5546631f3b3c6c3b86f204273215864890f49f7b1f2d80",500,"48e881ee753893bfaecd7101fc16fbcb552dd30a2a791fedfc7204d7b322a32e",TRUE,0,0.372331341001967,TRUE,"9542d23afe51681a97b14a454a224769fe7d0a37a606003b6d24b23ce569731c","44c27287fe028428623d5542135e16df810118a40de8192a257510b2c6acfa41",264.087,425,"1f0ebe7383f6998116af92c3ccb0b6f66400c79cd62cc552284ecbfe1d89ea16",2.09200000000004,266.7,FALSE,FALSE,FALSE,FALSE,"closed",FALSE
"mv08o_residual_source_sentinel_v1","primary","SRA703206_SRS3296613","internal124",20260806,"sct_pearson_residual_all_qc_fit_selected384","exact500",2950,384,"4f4fd586830ae1f98a5546631f3b3c6c3b86f204273215864890f49f7b1f2d80",500,"48e881ee753893bfaecd7101fc16fbcb552dd30a2a791fedfc7204d7b322a32e",TRUE,0,0.667553935219435,TRUE,"c8eb17996608e4e7b3f9d674f9535545769468b9d9e3cdbe5c114d8a5b758545","dbe2377963d22c3c4fd49dd34393644b5a90aed10c85c85a180ece139d8d0ce7",264.087,425,"1f0ebe7383f6998116af92c3ccb0b6f66400c79cd62cc552284ecbfe1d89ea16",2.09200000000004,266.837,FALSE,FALSE,FALSE,FALSE,"closed",FALSE
"mv08o_residual_source_sentinel_v1","primary","SRA703206_SRS3296613","internal124",20260807,"sct_data_all_qc_fit_selected384","exact500",2950,384,"cf91374f824668680b34356c13ecbe5df273f6967f02e8b5b1903ca2c08afa2b",500,"48e881ee753893bfaecd7101fc16fbcb552dd30a2a791fedfc7204d7b322a32e",TRUE,0,0.391774217170914,TRUE,"202ac75a81f21df7a40b9894e791edfe9d11cffacb5b4771afd1a8f40330994c","7f5412bf6119f37d7f651c3aac05d7cdd2990d5409764278def63c01117ecf3d",264.087,425,"1f0ebe7383f6998116af92c3ccb0b6f66400c79cd62cc552284ecbfe1d89ea16",2.09200000000004,266.976,FALSE,FALSE,FALSE,FALSE,"closed",FALSE
"mv08o_residual_source_sentinel_v1","primary","SRA703206_SRS3296613","internal124",20260807,"sct_pearson_residual_all_qc_fit_selected384","exact500",2950,384,"cf91374f824668680b34356c13ecbe5df273f6967f02e8b5b1903ca2c08afa2b",500,"48e881ee753893bfaecd7101fc16fbcb552dd30a2a791fedfc7204d7b322a32e",TRUE,0,0.676868180204729,TRUE,"76dab357018954452ea8bbb607f75a24387e718c52947feeb453f78fba8faa3e","b459463a48e44deac88949a3e32a0d7d9128392fa760632da2397cc035960909",264.087,425,"1f0ebe7383f6998116af92c3ccb0b6f66400c79cd62cc552284ecbfe1d89ea16",2.09200000000004,267.12,FALSE,FALSE,FALSE,FALSE,"closed",FALSE
"mv08o_residual_source_sentinel_v1","primary","SRA703206_SRS3296613","internal124",20260808,"sct_data_all_qc_fit_selected384","exact500",2950,384,"002849e2259edcc6a900b94fbc16eb3d6036eb5ffd5b734ad96f5e7f755bc74e",500,"48e881ee753893bfaecd7101fc16fbcb552dd30a2a791fedfc7204d7b322a32e",TRUE,0,0.401997012029616,TRUE,"5637d39dd4b97d04f429c515570c59fc63c31f82936ccce7f559e5bed8c7fec7","9f8ea252e81f14f8453bc4846455fca59910b8c82d548cfdc95ca9f9201fb0db",264.087,425,"1f0ebe7383f6998116af92c3ccb0b6f66400c79cd62cc552284ecbfe1d89ea16",2.09200000000004,267.263,FALSE,FALSE,FALSE,FALSE,"closed",FALSE
"mv08o_residual_source_sentinel_v1","primary","SRA703206_SRS3296613","internal124",20260808,"sct_pearson_residual_all_qc_fit_selected384","exact500",2950,384,"002849e2259edcc6a900b94fbc16eb3d6036eb5ffd5b734ad96f5e7f755bc74e",500,"48e881ee753893bfaecd7101fc16fbcb552dd30a2a791fedfc7204d7b322a32e",TRUE,0,0.654166998975559,TRUE,"9ebf78176ace8df369289beec97af1344078b6cef273a0a4926b028840747fc9","e7c8c55362061c77cbe44dbd7d1fc07eeae5cec57ca596da6169106b43629816",264.087,425,"1f0ebe7383f6998116af92c3ccb0b6f66400c79cd62cc552284ecbfe1d89ea16",2.09200000000004,267.41,FALSE,FALSE,FALSE,FALSE,"closed",FALSE
"mv08o_residual_source_sentinel_v1","primary","SRA703206_SRS3296613","internal124",20260809,"sct_data_all_qc_fit_selected384","exact500",2950,384,"42f036a53903fffe10488809a1c6119975cc8ca2cb1f80b112a7b47fdf803186",500,"48e881ee753893bfaecd7101fc16fbcb552dd30a2a791fedfc7204d7b322a32e",TRUE,0,0.381139813182401,TRUE,"0b4ae4189486b350706ddd0efabcf1c04c28164f7331b20a6afe52ce2a767d4a","7283103237a512e81fa60028a5237cd48fe66d60631b635c60c7956d7b711d52",264.087,425,"1f0ebe7383f6998116af92c3ccb0b6f66400c79cd62cc552284ecbfe1d89ea16",2.09200000000004,267.551,FALSE,FALSE,FALSE,FALSE,"closed",FALSE
"mv08o_residual_source_sentinel_v1","primary","SRA703206_SRS3296613","internal124",20260809,"sct_pearson_residual_all_qc_fit_selected384","exact500",2950,384,"42f036a53903fffe10488809a1c6119975cc8ca2cb1f80b112a7b47fdf803186",500,"48e881ee753893bfaecd7101fc16fbcb552dd30a2a791fedfc7204d7b322a32e",TRUE,0,0.663008903927542,TRUE,"0bbd98263c30d92088d075bae8e5b5b4f72c1f801d0838b1131f625c71319ff0","e6bf27660556db0b5bf50337d235fbaca2e4372d92fbfc39a5505d9bc4e63cc3",264.087,425,"1f0ebe7383f6998116af92c3ccb0b6f66400c79cd62cc552284ecbfe1d89ea16",2.09200000000004,267.695,FALSE,FALSE,FALSE,FALSE,"closed",FALSE
"mv08o_residual_source_sentinel_v1","primary","SRA779509_SRS3805260","internal124",20260805,"sct_data_all_qc_fit_selected384","exact500",2989,384,"f125b72dd4631656dbd2f9665006cb70e18edb8f31176f2b20ec2282e59e3035",500,"48e881ee753893bfaecd7101fc16fbcb552dd30a2a791fedfc7204d7b322a32e",TRUE,0,0.157229603538077,TRUE,"329ac4f48bc6df23a41e82389000126fd3b753a7f57f033a16063730b4fba1a9","78db3b94b6e7375f4482461c25c7c0586cf402de3c9d1a30ce7b135d74530102",378.425,529,"1f0ebe7383f6998116af92c3ccb0b6f66400c79cd62cc552284ecbfe1d89ea16",1.63900000000001,380.286,FALSE,FALSE,FALSE,FALSE,"closed",FALSE
"mv08o_residual_source_sentinel_v1","primary","SRA779509_SRS3805260","internal124",20260805,"sct_pearson_residual_all_qc_fit_selected384","exact500",2989,384,"f125b72dd4631656dbd2f9665006cb70e18edb8f31176f2b20ec2282e59e3035",500,"48e881ee753893bfaecd7101fc16fbcb552dd30a2a791fedfc7204d7b322a32e",TRUE,0,0.761706431121616,TRUE,"11d68b09e9105712e227f7577a24481d07b7d37881695081a7e346017f55eb6f","30c07038660606663d90a3583bfa77a1ebad05744b354f2af7051372bb779793",378.425,529,"1f0ebe7383f6998116af92c3ccb0b6f66400c79cd62cc552284ecbfe1d89ea16",1.63900000000001,380.411,FALSE,FALSE,FALSE,FALSE,"closed",FALSE
"mv08o_residual_source_sentinel_v1","primary","SRA779509_SRS3805260","internal124",20260806,"sct_data_all_qc_fit_selected384","exact500",2989,384,"65af6f1cbb9d21b61f0e95abcff130e8c0b99111de934a22e560fb444daf541c",500,"48e881ee753893bfaecd7101fc16fbcb552dd30a2a791fedfc7204d7b322a32e",TRUE,0,0.17816369610964,TRUE,"10f0515392f54aa83b6c7b8b9bddd416e14b096bd3da5de9d02078968b5ada67","b68bafa43ec7caa7d71c7d0a8e3dacafe467dda3a9a95e823b8c1b8605281bbe",378.425,529,"1f0ebe7383f6998116af92c3ccb0b6f66400c79cd62cc552284ecbfe1d89ea16",1.63900000000001,380.547,FALSE,FALSE,FALSE,FALSE,"closed",FALSE
"mv08o_residual_source_sentinel_v1","primary","SRA779509_SRS3805260","internal124",20260806,"sct_pearson_residual_all_qc_fit_selected384","exact500",2989,384,"65af6f1cbb9d21b61f0e95abcff130e8c0b99111de934a22e560fb444daf541c",500,"48e881ee753893bfaecd7101fc16fbcb552dd30a2a791fedfc7204d7b322a32e",TRUE,0,0.742074517288634,TRUE,"4c1b77f238b7ad748848d7852c56476d2b3ed94d1027094a39601d1f77d1eaad","cecb7df6f66b58c0021f573000b894f1c480cc731232a9281573e801ad6403a2",378.425,529,"1f0ebe7383f6998116af92c3ccb0b6f66400c79cd62cc552284ecbfe1d89ea16",1.63900000000001,380.695,FALSE,FALSE,FALSE,FALSE,"closed",FALSE
"mv08o_residual_source_sentinel_v1","primary","SRA779509_SRS3805260","internal124",20260807,"sct_data_all_qc_fit_selected384","exact500",2989,384,"e0ed49e1b751fc4b76470d70060cd5a77b816f265828e3fdf72e218fecd25dfc",500,"48e881ee753893bfaecd7101fc16fbcb552dd30a2a791fedfc7204d7b322a32e",TRUE,0,0.205459779493613,TRUE,"669dffd42585f7b4f2500778722ad1c146cf46eea5655bef645ec5938239cfd0","65939dd5d0fa9712d73c1c70cc415edb460583991cd785eef812ca9387bada1c",378.425,529,"1f0ebe7383f6998116af92c3ccb0b6f66400c79cd62cc552284ecbfe1d89ea16",1.63900000000001,380.836,FALSE,FALSE,FALSE,FALSE,"closed",FALSE
"mv08o_residual_source_sentinel_v1","primary","SRA779509_SRS3805260","internal124",20260807,"sct_pearson_residual_all_qc_fit_selected384","exact500",2989,384,"e0ed49e1b751fc4b76470d70060cd5a77b816f265828e3fdf72e218fecd25dfc",500,"48e881ee753893bfaecd7101fc16fbcb552dd30a2a791fedfc7204d7b322a32e",TRUE,0,0.77151584754014,TRUE,"c3cb56b9351309607356442aec18b4fff7c84398bfa022ac85bf0c0b778b6021","31ee13e1fe6c2d8b062c7f6cf4583eac6cc67c2db6effd1a5606d254470b2d60",378.425,529,"1f0ebe7383f6998116af92c3ccb0b6f66400c79cd62cc552284ecbfe1d89ea16",1.63900000000001,380.98,FALSE,FALSE,FALSE,FALSE,"closed",FALSE
"mv08o_residual_source_sentinel_v1","primary","SRA779509_SRS3805260","internal124",20260808,"sct_data_all_qc_fit_selected384","exact500",2989,384,"60f20a91eb7084617bd5821e62bd35e76cb470030dc6731fea8e008f7d11623e",500,"48e881ee753893bfaecd7101fc16fbcb552dd30a2a791fedfc7204d7b322a32e",TRUE,0,0.175321341996331,TRUE,"1476cfade01e9707f16187d65a8aea7ac9406a5d5a6640edb0dda7bb43d89b48","9f37d6126e2d458e41ca804f7531b1ce3d8c5efb2199466020802c2d3ec276eb",378.425,529,"1f0ebe7383f6998116af92c3ccb0b6f66400c79cd62cc552284ecbfe1d89ea16",1.63900000000001,381.12,FALSE,FALSE,FALSE,FALSE,"closed",FALSE
"mv08o_residual_source_sentinel_v1","primary","SRA779509_SRS3805260","internal124",20260808,"sct_pearson_residual_all_qc_fit_selected384","exact500",2989,384,"60f20a91eb7084617bd5821e62bd35e76cb470030dc6731fea8e008f7d11623e",500,"48e881ee753893bfaecd7101fc16fbcb552dd30a2a791fedfc7204d7b322a32e",TRUE,0,0.7301792607544,TRUE,"aac60be34395bbd7e8a1949a6f219f046042cb72557454caf079eb167bf7984c","87833605fd28a072d804ceb525e834add0adfb46517934e436b38db525fa5306",378.425,529,"1f0ebe7383f6998116af92c3ccb0b6f66400c79cd62cc552284ecbfe1d89ea16",1.63900000000001,381.267,FALSE,FALSE,FALSE,FALSE,"closed",FALSE
"mv08o_residual_source_sentinel_v1","primary","SRA779509_SRS3805260","internal124",20260809,"sct_data_all_qc_fit_selected384","exact500",2989,384,"e284ada3dbc1f0ee9c0d10a3750a0d86383bb6ef82d0c71d250f02fbeaba5e44",500,"48e881ee753893bfaecd7101fc16fbcb552dd30a2a791fedfc7204d7b322a32e",TRUE,0,0.183389149904683,TRUE,"3f0116db7eca64688619682d323c473b9973124a24b7e39d94e14604d32f963f","9a30a624906d2731e9ff67a68fe479d0e6cbeae01376a7f1962cd141e70acae3",378.425,529,"1f0ebe7383f6998116af92c3ccb0b6f66400c79cd62cc552284ecbfe1d89ea16",1.63900000000001,381.408,FALSE,FALSE,FALSE,FALSE,"closed",FALSE
"mv08o_residual_source_sentinel_v1","primary","SRA779509_SRS3805260","internal124",20260809,"sct_pearson_residual_all_qc_fit_selected384","exact500",2989,384,"e284ada3dbc1f0ee9c0d10a3750a0d86383bb6ef82d0c71d250f02fbeaba5e44",500,"48e881ee753893bfaecd7101fc16fbcb552dd30a2a791fedfc7204d7b322a32e",TRUE,0,0.772367144780098,TRUE,"8220f3532416ef1f21bf2d2b1970878f3aad1e30c4c367229937c88d9786e363","0c11b45574755332fc7fb22971e07e5e53b0118da150148acbbc868ac8d6854b",378.425,529,"1f0ebe7383f6998116af92c3ccb0b6f66400c79cd62cc552284ecbfe1d89ea16",1.63900000000001,381.551,FALSE,FALSE,FALSE,FALSE,"closed",FALSE
"mv08o_residual_source_sentinel_v1","primary","SRA701877_SRS3279695","internal124",20260805,"sct_data_all_qc_fit_selected384","exact500",2992,384,"c72f602d3735b87031fd7e1b4ffb9871aa58a9e8a51623834ef666ea019c72f8",500,"48e881ee753893bfaecd7101fc16fbcb552dd30a2a791fedfc7204d7b322a32e",TRUE,0,0.222092890201181,TRUE,"2021577f9322ac373da5b02ced62d01b3aea2f6d23063b19ee1bd12e3108e422","ccd1ec0f3e5e45a728b248ef05cb88e449d4d12e31f8965ae7cc791d1e4a1f21",169.274,50,"1f0ebe7383f6998116af92c3ccb0b6f66400c79cd62cc552284ecbfe1d89ea16",2.29399999999998,171.823,FALSE,FALSE,FALSE,FALSE,"closed",FALSE
"mv08o_residual_source_sentinel_v1","primary","SRA701877_SRS3279695","internal124",20260805,"sct_pearson_residual_all_qc_fit_selected384","exact500",2992,384,"c72f602d3735b87031fd7e1b4ffb9871aa58a9e8a51623834ef666ea019c72f8",500,"48e881ee753893bfaecd7101fc16fbcb552dd30a2a791fedfc7204d7b322a32e",TRUE,0,0.624923949807068,TRUE,"97bcbf77856d5ee163b8344c2ca2af16486f42210dfde6a927d14134b7b7293a","c7fe04d2f090bb7209f0a8fb978fbf1b36040122ef055ff6ac9583f9ffe16c61",169.274,50,"1f0ebe7383f6998116af92c3ccb0b6f66400c79cd62cc552284ecbfe1d89ea16",2.29399999999998,171.952,FALSE,FALSE,FALSE,FALSE,"closed",FALSE
"mv08o_residual_source_sentinel_v1","primary","SRA701877_SRS3279695","internal124",20260806,"sct_data_all_qc_fit_selected384","exact500",2992,384,"5999475fb2ef41759617facc1d3eb8ee26638c3a29d3dddeee87a5b6bba88cd2",500,"48e881ee753893bfaecd7101fc16fbcb552dd30a2a791fedfc7204d7b322a32e",TRUE,0,0.167683730548912,TRUE,"4a1011cf59804ab9e030dba8662ecdda80ffc5231619337b57ad8f4ea6b1732e","784e15b326714964b2bec7ed1ef2d43452ebb79f9458e286466fb890519835f4",169.274,50,"1f0ebe7383f6998116af92c3ccb0b6f66400c79cd62cc552284ecbfe1d89ea16",2.29399999999998,172.072,FALSE,FALSE,FALSE,FALSE,"closed",FALSE
"mv08o_residual_source_sentinel_v1","primary","SRA701877_SRS3279695","internal124",20260806,"sct_pearson_residual_all_qc_fit_selected384","exact500",2992,384,"5999475fb2ef41759617facc1d3eb8ee26638c3a29d3dddeee87a5b6bba88cd2",500,"48e881ee753893bfaecd7101fc16fbcb552dd30a2a791fedfc7204d7b322a32e",TRUE,0,0.565886138845373,TRUE,"f9839a0db9e989af996551c5fdafdc44bbe3f1cd4bb35a3593ff05f99f93396c","fa4cdba124857d7c0ac5d549dda503e19eeef030e9a25b4886fea3908fffdec2",169.274,50,"1f0ebe7383f6998116af92c3ccb0b6f66400c79cd62cc552284ecbfe1d89ea16",2.29399999999998,172.196,FALSE,FALSE,FALSE,FALSE,"closed",FALSE
"mv08o_residual_source_sentinel_v1","primary","SRA701877_SRS3279695","internal124",20260807,"sct_data_all_qc_fit_selected384","exact500",2992,384,"24560afab903e874db5028cd9feff35856e934933fd0052fa04d3c6d954ee1b3",500,"48e881ee753893bfaecd7101fc16fbcb552dd30a2a791fedfc7204d7b322a32e",TRUE,0,0.207003353646171,TRUE,"3b0ab0447b34036bfc3be06fc8d0040cda16d6ed2863cb7e97fa65a437f019e0","e6e79c262509049df8461f5d96b857c0ce5c72f87add3f278962abf735488c88",169.274,50,"1f0ebe7383f6998116af92c3ccb0b6f66400c79cd62cc552284ecbfe1d89ea16",2.29399999999998,172.317,FALSE,FALSE,FALSE,FALSE,"closed",FALSE
"mv08o_residual_source_sentinel_v1","primary","SRA701877_SRS3279695","internal124",20260807,"sct_pearson_residual_all_qc_fit_selected384","exact500",2992,384,"24560afab903e874db5028cd9feff35856e934933fd0052fa04d3c6d954ee1b3",500,"48e881ee753893bfaecd7101fc16fbcb552dd30a2a791fedfc7204d7b322a32e",TRUE,0,0.631627379984585,TRUE,"abda566958b01eb2643910145f7a185ee8324d05e3f3181c3aec3585c726089e","217005a01f48bea1bbaf774efe8732f41dc0e736c1e487b491a4d6fabdeed641",169.274,50,"1f0ebe7383f6998116af92c3ccb0b6f66400c79cd62cc552284ecbfe1d89ea16",2.29399999999998,172.454,FALSE,FALSE,FALSE,FALSE,"closed",FALSE
"mv08o_residual_source_sentinel_v1","primary","SRA701877_SRS3279695","internal124",20260808,"sct_data_all_qc_fit_selected384","exact500",2992,384,"96060a6207c35ba4aa26d3cc205f9c78ae89998be8db6cb37274f4ec7c0847ca",500,"48e881ee753893bfaecd7101fc16fbcb552dd30a2a791fedfc7204d7b322a32e",TRUE,0,0.249829416774735,TRUE,"0a89c99e35ef8ce4450ebf078520fab77ee6e6223fe5c5bdc0f40d2e3d25ba9a","77b227c7b73d6abe3b8841d6348e983b8b829007fb54a7d06cdb550e70766ef5",169.274,50,"1f0ebe7383f6998116af92c3ccb0b6f66400c79cd62cc552284ecbfe1d89ea16",2.29399999999998,172.597,FALSE,FALSE,FALSE,FALSE,"closed",FALSE
"mv08o_residual_source_sentinel_v1","primary","SRA701877_SRS3279695","internal124",20260808,"sct_pearson_residual_all_qc_fit_selected384","exact500",2992,384,"96060a6207c35ba4aa26d3cc205f9c78ae89998be8db6cb37274f4ec7c0847ca",500,"48e881ee753893bfaecd7101fc16fbcb552dd30a2a791fedfc7204d7b322a32e",TRUE,0,0.576578377410131,TRUE,"f67e4d5f72c11cba699bede7cf27f789b61e2d92c762a3df4233a6b164c5529e","e68506f299a15e87ff1e2d8afaba54029eb3af00bcd300572562ee03c49be7d6",169.274,50,"1f0ebe7383f6998116af92c3ccb0b6f66400c79cd62cc552284ecbfe1d89ea16",2.29399999999998,172.744,FALSE,FALSE,FALSE,FALSE,"closed",FALSE
"mv08o_residual_source_sentinel_v1","primary","SRA701877_SRS3279695","internal124",20260809,"sct_data_all_qc_fit_selected384","exact500",2992,384,"ff18439fd12d7cd72bbb77d0c369e47eb0a335d4a5deabf3a5a6fa19c6d0e8c8",500,"48e881ee753893bfaecd7101fc16fbcb552dd30a2a791fedfc7204d7b322a32e",TRUE,0,0.159442454573233,TRUE,"42d09ce2f6f66a54113854c5ce201fd0e8eaff2279e1fddd044f57ced3385383","2285ca0c71b62fb58b1ce544f2a2bd50c5b979156a5fcd5f5d0de10f860b0b49",169.274,50,"1f0ebe7383f6998116af92c3ccb0b6f66400c79cd62cc552284ecbfe1d89ea16",2.29399999999998,172.888,FALSE,FALSE,FALSE,FALSE,"closed",FALSE
"mv08o_residual_source_sentinel_v1","primary","SRA701877_SRS3279695","internal124",20260809,"sct_pearson_residual_all_qc_fit_selected384","exact500",2992,384,"ff18439fd12d7cd72bbb77d0c369e47eb0a335d4a5deabf3a5a6fa19c6d0e8c8",500,"48e881ee753893bfaecd7101fc16fbcb552dd30a2a791fedfc7204d7b322a32e",TRUE,0,0.564530280823431,TRUE,"b3e220433277414b3b0403df7cddf5aabfd5abd8b3ec78636827f1371a11f083","9ae5fad870115a531be8ee15bfd483648c74fe5bf199ce967497bea1c1c27200",169.274,50,"1f0ebe7383f6998116af92c3ccb0b6f66400c79cd62cc552284ecbfe1d89ea16",2.29399999999998,173.037,FALSE,FALSE,FALSE,FALSE,"closed",FALSE
"mv08o_residual_source_sentinel_v1","primary","SRA645804_SRS2823408","internal124",20260805,"sct_data_all_qc_fit_selected384","exact500",3006,384,"dee15ba54648de2861fede4231989ac7deb80462780fceb8deaa73de0cdc131f",500,"48e881ee753893bfaecd7101fc16fbcb552dd30a2a791fedfc7204d7b322a32e",TRUE,0,0.23903258559138,TRUE,"8364f6fde7a285fa929203cadcab098b1abf3412f0a286af3bd77e12d0659c06","e1a26dbf2b01affaf6e86c683c9e24878bd5ce44bdd5af615eab4b73588d8954",386.122,1198,"1f0ebe7383f6998116af92c3ccb0b6f66400c79cd62cc552284ecbfe1d89ea16",3.56799999999998,389.995,FALSE,FALSE,FALSE,FALSE,"closed",FALSE
"mv08o_residual_source_sentinel_v1","primary","SRA645804_SRS2823408","internal124",20260805,"sct_pearson_residual_all_qc_fit_selected384","exact500",3006,384,"dee15ba54648de2861fede4231989ac7deb80462780fceb8deaa73de0cdc131f",500,"48e881ee753893bfaecd7101fc16fbcb552dd30a2a791fedfc7204d7b322a32e",TRUE,0,0.63909393001894,TRUE,"fd6959cc7e935a3bf8f603db4492c08eef6f59a562486e0a5751962d86f59117","fa630afa201dbc3382c87db69287730fae54f1b7aa226ca1691757c64ac4e59e",386.122,1198,"1f0ebe7383f6998116af92c3ccb0b6f66400c79cd62cc552284ecbfe1d89ea16",3.56799999999998,390.134,FALSE,FALSE,FALSE,FALSE,"closed",FALSE
"mv08o_residual_source_sentinel_v1","primary","SRA645804_SRS2823408","internal124",20260806,"sct_data_all_qc_fit_selected384","exact500",3006,384,"44ba722340540af87f6d21eac1ed377979238922e86ad9650074b21da2c48153",500,"48e881ee753893bfaecd7101fc16fbcb552dd30a2a791fedfc7204d7b322a32e",TRUE,0,0.247782618196378,TRUE,"23a45e9aa8cb7f10519dca95471dab260fb08253a0e434985b511cf6f9afd07c","46536e1c61ab2a98817f830072e523f89dfc32aa6f7d374fc1d7b48faafa0bdb",386.122,1198,"1f0ebe7383f6998116af92c3ccb0b6f66400c79cd62cc552284ecbfe1d89ea16",3.56799999999998,390.267,FALSE,FALSE,FALSE,FALSE,"closed",FALSE
"mv08o_residual_source_sentinel_v1","primary","SRA645804_SRS2823408","internal124",20260806,"sct_pearson_residual_all_qc_fit_selected384","exact500",3006,384,"44ba722340540af87f6d21eac1ed377979238922e86ad9650074b21da2c48153",500,"48e881ee753893bfaecd7101fc16fbcb552dd30a2a791fedfc7204d7b322a32e",TRUE,0,0.587849614613941,TRUE,"23c9821550ca831c2de88fdcc62c487e05217bb14c9a66ef24b2aab435938c4a","0eb518e5c0bef90445c569ab65f793992c17c9e34ac32d5880c752c416fbde7a",386.122,1198,"1f0ebe7383f6998116af92c3ccb0b6f66400c79cd62cc552284ecbfe1d89ea16",3.56799999999998,390.406,FALSE,FALSE,FALSE,FALSE,"closed",FALSE
"mv08o_residual_source_sentinel_v1","primary","SRA645804_SRS2823408","internal124",20260807,"sct_data_all_qc_fit_selected384","exact500",3006,384,"63ad300fb293855e7635e0655ba7c338a7773b0ab1171adcef8148a0418b470b",500,"48e881ee753893bfaecd7101fc16fbcb552dd30a2a791fedfc7204d7b322a32e",TRUE,0,0.220661089453814,TRUE,"3a4ef1bc270889a1ac988ac11c822d0bdf2dd6408a64cfd7e76819f8e8c560f4","35a11f5f6b3332b12bb26c45e89ca051a83a4ce6d65e382ae157338d6a8e1257",386.122,1198,"1f0ebe7383f6998116af92c3ccb0b6f66400c79cd62cc552284ecbfe1d89ea16",3.56799999999998,390.538,FALSE,FALSE,FALSE,FALSE,"closed",FALSE
"mv08o_residual_source_sentinel_v1","primary","SRA645804_SRS2823408","internal124",20260807,"sct_pearson_residual_all_qc_fit_selected384","exact500",3006,384,"63ad300fb293855e7635e0655ba7c338a7773b0ab1171adcef8148a0418b470b",500,"48e881ee753893bfaecd7101fc16fbcb552dd30a2a791fedfc7204d7b322a32e",TRUE,0,0.651016250042687,TRUE,"23ec126b6537b2435fe2ebf3ac187e783e8b89f5e97b6969917ec15f07446c19","acc60756dfab0a69335d770f348693e4ea2ce4f4afb7b9d05e43a1da3aef5d68",386.122,1198,"1f0ebe7383f6998116af92c3ccb0b6f66400c79cd62cc552284ecbfe1d89ea16",3.56799999999998,390.678,FALSE,FALSE,FALSE,FALSE,"closed",FALSE
"mv08o_residual_source_sentinel_v1","primary","SRA645804_SRS2823408","internal124",20260808,"sct_data_all_qc_fit_selected384","exact500",3006,384,"d5a60f560be531be9b7517dfea7c18cd2525cddf8a554e770d0cb72d8c36e8e9",500,"48e881ee753893bfaecd7101fc16fbcb552dd30a2a791fedfc7204d7b322a32e",TRUE,0,0.157229603538077,TRUE,"d7da654fce4b3113f0c878981cc2d59538c2f6ea7efd4fd0aece8919cc8d1e1d","a72fdd73f16d0df18acaffc982e8c04729f1ac633768e2b794a725afc06b5c8e",386.122,1198,"1f0ebe7383f6998116af92c3ccb0b6f66400c79cd62cc552284ecbfe1d89ea16",3.56799999999998,390.812,FALSE,FALSE,FALSE,FALSE,"closed",FALSE
"mv08o_residual_source_sentinel_v1","primary","SRA645804_SRS2823408","internal124",20260808,"sct_pearson_residual_all_qc_fit_selected384","exact500",3006,384,"d5a60f560be531be9b7517dfea7c18cd2525cddf8a554e770d0cb72d8c36e8e9",500,"48e881ee753893bfaecd7101fc16fbcb552dd30a2a791fedfc7204d7b322a32e",TRUE,0,0.657735964712741,TRUE,"639884a6cf3454cfbc373b6c8f803397206978093ac74712d64e4e7379f52bfd","073874b99a24f09a9451d0d880a20c6ba053c1be60760f70657c6df827c063c5",386.122,1198,"1f0ebe7383f6998116af92c3ccb0b6f66400c79cd62cc552284ecbfe1d89ea16",3.56799999999998,390.948,FALSE,FALSE,FALSE,FALSE,"closed",FALSE
"mv08o_residual_source_sentinel_v1","primary","SRA645804_SRS2823408","internal124",20260809,"sct_data_all_qc_fit_selected384","exact500",3006,384,"19a5a51c76d1e7deb48eedcda9b1f4f94d1ae4867b829a0cb5388257a30c4c5f",500,"48e881ee753893bfaecd7101fc16fbcb552dd30a2a791fedfc7204d7b322a32e",TRUE,0,0.215356638066863,TRUE,"f54b2a9eb480cc888fe987769a2c1b3ff4a3d7979bdaf488b1426838e96709d5","3224e98d2a7e6c359247e1573814b1e6753cb609af93adc47bf208732f79fa92",386.122,1198,"1f0ebe7383f6998116af92c3ccb0b6f66400c79cd62cc552284ecbfe1d89ea16",3.56799999999998,391.088,FALSE,FALSE,FALSE,FALSE,"closed",FALSE
"mv08o_residual_source_sentinel_v1","primary","SRA645804_SRS2823408","internal124",20260809,"sct_pearson_residual_all_qc_fit_selected384","exact500",3006,384,"19a5a51c76d1e7deb48eedcda9b1f4f94d1ae4867b829a0cb5388257a30c4c5f",500,"48e881ee753893bfaecd7101fc16fbcb552dd30a2a791fedfc7204d7b322a32e",TRUE,0,0.647713992378074,TRUE,"2df4af6594aeb572341638a81a6d5d64294ae97431df60adb23019c48e5a0f39","442c6cb022b74600b3695bc23922d015d4742d85f8e3b2a12beeb9ecd62ad99d",386.122,1198,"1f0ebe7383f6998116af92c3ccb0b6f66400c79cd62cc552284ecbfe1d89ea16",3.56799999999998,391.252,FALSE,FALSE,FALSE,FALSE,"closed",FALSE
"mv08o_residual_source_sentinel_v1","primary","SRA779509_SRS3805250","internal124",20260805,"sct_data_all_qc_fit_selected384","exact500",3018,384,"0420e314ad2f3ff8f32131bf7a0502cad8f3fc882c98a7637260395295e65039",500,"48e881ee753893bfaecd7101fc16fbcb552dd30a2a791fedfc7204d7b322a32e",TRUE,0,0.13008443701908,TRUE,"c827aa01f6a928d4427be534eeb2ad75aad43cb0b3ae57b93f7cbfafd503e4cb","c680c09280d3d39bcf1db19f4e4754a87803eeb698b6ab070271f862b3832c6c",403.454,1102,"1f0ebe7383f6998116af92c3ccb0b6f66400c79cd62cc552284ecbfe1d89ea16",1.47399999999999,405.151,FALSE,FALSE,FALSE,FALSE,"closed",FALSE
"mv08o_residual_source_sentinel_v1","primary","SRA779509_SRS3805250","internal124",20260805,"sct_pearson_residual_all_qc_fit_selected384","exact500",3018,384,"0420e314ad2f3ff8f32131bf7a0502cad8f3fc882c98a7637260395295e65039",500,"48e881ee753893bfaecd7101fc16fbcb552dd30a2a791fedfc7204d7b322a32e",TRUE,0,0.676892168131514,TRUE,"1f2e1ba0080748e2d5a210cf56e361f7ea5173f5a64646d7c9a3cd4434aa1d15","b60873664bf36a9737d5b5cfd4207a57d8ee782444e3460fa9912997e159357b",403.454,1102,"1f0ebe7383f6998116af92c3ccb0b6f66400c79cd62cc552284ecbfe1d89ea16",1.47399999999999,405.287,FALSE,FALSE,FALSE,FALSE,"closed",FALSE
"mv08o_residual_source_sentinel_v1","primary","SRA779509_SRS3805250","internal124",20260806,"sct_data_all_qc_fit_selected384","exact500",3018,384,"3e0c4327d2ca6ab3e16913cacbba07b3a02fd90233d26db110b4f5191b16a100",500,"48e881ee753893bfaecd7101fc16fbcb552dd30a2a791fedfc7204d7b322a32e",TRUE,0,0.168912536091094,TRUE,"f5635d52096f626276135f171b7ff70cc85cc3d0db7dc2b96a4f50c87afef15f","a38f0ceabe652d621b5678efa9d27bc27007bba487cf2c3c27e4f25099bb14b5",403.454,1102,"1f0ebe7383f6998116af92c3ccb0b6f66400c79cd62cc552284ecbfe1d89ea16",1.47399999999999,405.428,FALSE,FALSE,FALSE,FALSE,"closed",FALSE
"mv08o_residual_source_sentinel_v1","primary","SRA779509_SRS3805250","internal124",20260806,"sct_pearson_residual_all_qc_fit_selected384","exact500",3018,384,"3e0c4327d2ca6ab3e16913cacbba07b3a02fd90233d26db110b4f5191b16a100",500,"48e881ee753893bfaecd7101fc16fbcb552dd30a2a791fedfc7204d7b322a32e",TRUE,0,0.756199613397251,TRUE,"5f94f76fe17e1b296add0dd420e42c35002f628fdb3a2d4d658d21d92441783b","e815f8276cfa6372bd7a4441ad1cde0dab04d2ad1ab241d36136be017e3b1d71",403.454,1102,"1f0ebe7383f6998116af92c3ccb0b6f66400c79cd62cc552284ecbfe1d89ea16",1.47399999999999,405.574,FALSE,FALSE,FALSE,FALSE,"closed",FALSE
"mv08o_residual_source_sentinel_v1","primary","SRA779509_SRS3805250","internal124",20260807,"sct_data_all_qc_fit_selected384","exact500",3018,384,"388a0aa83c067668ef4b1eda348a9df8c40d8bede2195321bbc2dd19823aa83a",500,"48e881ee753893bfaecd7101fc16fbcb552dd30a2a791fedfc7204d7b322a32e",TRUE,0,0.146702412943808,TRUE,"644e6ffd692b83935f8b365478ae7a74bf8de87202c0a46446d7ec0465b486e0","4b5aeb090ef9cb2b5e82e151483bfcf6fd99eebeb60ad6e94dfe4d152ed901f2",403.454,1102,"1f0ebe7383f6998116af92c3ccb0b6f66400c79cd62cc552284ecbfe1d89ea16",1.47399999999999,405.716,FALSE,FALSE,FALSE,FALSE,"closed",FALSE
"mv08o_residual_source_sentinel_v1","primary","SRA779509_SRS3805250","internal124",20260807,"sct_pearson_residual_all_qc_fit_selected384","exact500",3018,384,"388a0aa83c067668ef4b1eda348a9df8c40d8bede2195321bbc2dd19823aa83a",500,"48e881ee753893bfaecd7101fc16fbcb552dd30a2a791fedfc7204d7b322a32e",TRUE,0,0.740430179592233,TRUE,"4e33c372da56705c3ffdc02b1b42c164a85ed040947abe7b13990deb4b462f7d","31041a03bc04f20a4db56f69e04763ede59176c8adeca769ad1d16a4a6d45d35",403.454,1102,"1f0ebe7383f6998116af92c3ccb0b6f66400c79cd62cc552284ecbfe1d89ea16",1.47399999999999,405.865,FALSE,FALSE,FALSE,FALSE,"closed",FALSE
"mv08o_residual_source_sentinel_v1","primary","SRA779509_SRS3805250","internal124",20260808,"sct_data_all_qc_fit_selected384","exact500",3018,384,"9ab27a63bae9aa9acc6e21b77b1c38f23139838254e2eb5e0eff6129b924899b",500,"48e881ee753893bfaecd7101fc16fbcb552dd30a2a791fedfc7204d7b322a32e",TRUE,0,0.14113851492278,TRUE,"1028f03b05195c43ce8bac390d436f47fc19edc4ebdd811e19282aacc98ed018","13d4fbc66567df6a1ede126b45a6589fb32f96901b6c72cf39af5398b00f75c3",403.454,1102,"1f0ebe7383f6998116af92c3ccb0b6f66400c79cd62cc552284ecbfe1d89ea16",1.47399999999999,406.006,FALSE,FALSE,FALSE,FALSE,"closed",FALSE
"mv08o_residual_source_sentinel_v1","primary","SRA779509_SRS3805250","internal124",20260808,"sct_pearson_residual_all_qc_fit_selected384","exact500",3018,384,"9ab27a63bae9aa9acc6e21b77b1c38f23139838254e2eb5e0eff6129b924899b",500,"48e881ee753893bfaecd7101fc16fbcb552dd30a2a791fedfc7204d7b322a32e",TRUE,0,0.744409051063301,TRUE,"f2c95f4b8ac03913e20d1faf5bb3cbd3746c97d68d6c612ab7d8e6077990fcb4","b75a0cdd4c817490aaa47d064bd09cd789ae6d2107d47f5403d16eb23c5ed0f5",403.454,1102,"1f0ebe7383f6998116af92c3ccb0b6f66400c79cd62cc552284ecbfe1d89ea16",1.47399999999999,406.149,FALSE,FALSE,FALSE,FALSE,"closed",FALSE
"mv08o_residual_source_sentinel_v1","primary","SRA779509_SRS3805250","internal124",20260809,"sct_data_all_qc_fit_selected384","exact500",3018,384,"c280643e3ffcd445b93a545a1e442a47fc77a94f3c7178197d2260e2dbd2085b",500,"48e881ee753893bfaecd7101fc16fbcb552dd30a2a791fedfc7204d7b322a32e",TRUE,0,0.158660804440997,TRUE,"66adc0abe81a502f3155a88fcf28586639339fa71740451ba5c46ee337c65a74","e2bc1b924526b31eff9990d5635687bc30f6b00889238059726bd0f1d50501b4",403.454,1102,"1f0ebe7383f6998116af92c3ccb0b6f66400c79cd62cc552284ecbfe1d89ea16",1.47399999999999,406.793,FALSE,FALSE,FALSE,FALSE,"closed",FALSE
"mv08o_residual_source_sentinel_v1","primary","SRA779509_SRS3805250","internal124",20260809,"sct_pearson_residual_all_qc_fit_selected384","exact500",3018,384,"c280643e3ffcd445b93a545a1e442a47fc77a94f3c7178197d2260e2dbd2085b",500,"48e881ee753893bfaecd7101fc16fbcb552dd30a2a791fedfc7204d7b322a32e",TRUE,0,0.743013602302765,TRUE,"d3183d7f1512fca37bfd872ac7253e23be5faee29f9faf2d08255783247ad126","4d26c7846f98c2a78cec495b85b32119aef722ac50c7d56060cce94047b0268f",403.454,1102,"1f0ebe7383f6998116af92c3ccb0b6f66400c79cd62cc552284ecbfe1d89ea16",1.47399999999999,406.917,FALSE,FALSE,FALSE,FALSE,"closed",FALSE
"mv08o_residual_source_sentinel_v1","primary","SRA628554_SRS2664365","internal124",20260805,"sct_data_all_qc_fit_selected384","exact500",3141,384,"115ed9049bfae5ff130bff383f488c1c17577c860948d2a104c2e2fc6be4c339",500,"48e881ee753893bfaecd7101fc16fbcb552dd30a2a791fedfc7204d7b322a32e",TRUE,0,0.15645541126598,TRUE,"66832230febe9f8a2f62266a2da18e7400badb456cc1b289bd84371476daab7b","34937732f64cfb37712b70cee5944c57c0a560326db4968511359f4cac6f34b2",259.658,506,"1f0ebe7383f6998116af92c3ccb0b6f66400c79cd62cc552284ecbfe1d89ea16",1.94,261.82,FALSE,FALSE,FALSE,FALSE,"closed",FALSE
"mv08o_residual_source_sentinel_v1","primary","SRA628554_SRS2664365","internal124",20260805,"sct_pearson_residual_all_qc_fit_selected384","exact500",3141,384,"115ed9049bfae5ff130bff383f488c1c17577c860948d2a104c2e2fc6be4c339",500,"48e881ee753893bfaecd7101fc16fbcb552dd30a2a791fedfc7204d7b322a32e",TRUE,0,0.787450438765914,TRUE,"eba86d8edd90de3ffd071ba5d167ed85a602d263408055cbc630b609325bf1be","a0c8cf7bfbe876a6f9858c257fe66e40e311477e5425f5c1a63e36d13e412acb",259.658,506,"1f0ebe7383f6998116af92c3ccb0b6f66400c79cd62cc552284ecbfe1d89ea16",1.94,261.945,FALSE,FALSE,FALSE,FALSE,"closed",FALSE
"mv08o_residual_source_sentinel_v1","primary","SRA628554_SRS2664365","internal124",20260806,"sct_data_all_qc_fit_selected384","exact500",3141,384,"7eab15f757120649094a718316feadfa269ab26016d2ed2431fc25798f70cd2b",500,"48e881ee753893bfaecd7101fc16fbcb552dd30a2a791fedfc7204d7b322a32e",TRUE,0,0.138689749117284,TRUE,"31ecb523051f5ee122cfb652a973226e7009913dfde136fd836c216b6cde1dc1","b98aa77148bd1beed6ca38b02e7a698d6b53db54af2616192703dd2791edc091",259.658,506,"1f0ebe7383f6998116af92c3ccb0b6f66400c79cd62cc552284ecbfe1d89ea16",1.94,262.064,FALSE,FALSE,FALSE,FALSE,"closed",FALSE
"mv08o_residual_source_sentinel_v1","primary","SRA628554_SRS2664365","internal124",20260806,"sct_pearson_residual_all_qc_fit_selected384","exact500",3141,384,"7eab15f757120649094a718316feadfa269ab26016d2ed2431fc25798f70cd2b",500,"48e881ee753893bfaecd7101fc16fbcb552dd30a2a791fedfc7204d7b322a32e",TRUE,0,0.811583811915945,TRUE,"6fec3bdb110e6aaa6c094dcdfca6d25a8ad95ebd5de1d963f81915cab3ab6c43","2d6f958fa0f98c785c6f7f27d6d2a250cc4591e2cadac3fd9835a4282c2e1865",259.658,506,"1f0ebe7383f6998116af92c3ccb0b6f66400c79cd62cc552284ecbfe1d89ea16",1.94,262.189,FALSE,FALSE,FALSE,FALSE,"closed",FALSE
"mv08o_residual_source_sentinel_v1","primary","SRA628554_SRS2664365","internal124",20260807,"sct_data_all_qc_fit_selected384","exact500",3141,384,"6b0e0a49a6478ade15aecde850507de8dd3d5740788c8c4b8116ae28494270e7",500,"48e881ee753893bfaecd7101fc16fbcb552dd30a2a791fedfc7204d7b322a32e",TRUE,0,0.120759847203462,TRUE,"12b016f0e8467ea077d5bf434640bb10c61cbe6f86cf3adc263d73bb679217d5","5af37c093ac78b966a1b4bfd118652928bf29ca25fc96624d248a4e20fc7a87e",259.658,506,"1f0ebe7383f6998116af92c3ccb0b6f66400c79cd62cc552284ecbfe1d89ea16",1.94,262.308,FALSE,FALSE,FALSE,FALSE,"closed",FALSE
"mv08o_residual_source_sentinel_v1","primary","SRA628554_SRS2664365","internal124",20260807,"sct_pearson_residual_all_qc_fit_selected384","exact500",3141,384,"6b0e0a49a6478ade15aecde850507de8dd3d5740788c8c4b8116ae28494270e7",500,"48e881ee753893bfaecd7101fc16fbcb552dd30a2a791fedfc7204d7b322a32e",TRUE,0,0.772432269899057,TRUE,"cc871b815951f513e36a09d6e3ae13103342517a594050922e5f86b7c8065ecc","a432d74048baac3f036720360be1a540d763508f5b3c26c864215412180121a3",259.658,506,"1f0ebe7383f6998116af92c3ccb0b6f66400c79cd62cc552284ecbfe1d89ea16",1.94,262.432,FALSE,FALSE,FALSE,FALSE,"closed",FALSE
"mv08o_residual_source_sentinel_v1","primary","SRA628554_SRS2664365","internal124",20260808,"sct_data_all_qc_fit_selected384","exact500",3141,384,"604b7d9edaed26b9166fc2be222c52d2f68be09cf66a4d6839a955f02677c693",500,"48e881ee753893bfaecd7101fc16fbcb552dd30a2a791fedfc7204d7b322a32e",TRUE,0,0.147500015941609,TRUE,"eaeecd9b54dddde68ee0aab009bbf0b09bef2c01aa6fd334e2df0c64830aaf91","04da9853c20ec085d6b617efd26317c9cc78045ee4fe15c2e5584fd1777acacf",259.658,506,"1f0ebe7383f6998116af92c3ccb0b6f66400c79cd62cc552284ecbfe1d89ea16",1.94,262.551,FALSE,FALSE,FALSE,FALSE,"closed",FALSE
"mv08o_residual_source_sentinel_v1","primary","SRA628554_SRS2664365","internal124",20260808,"sct_pearson_residual_all_qc_fit_selected384","exact500",3141,384,"604b7d9edaed26b9166fc2be222c52d2f68be09cf66a4d6839a955f02677c693",500,"48e881ee753893bfaecd7101fc16fbcb552dd30a2a791fedfc7204d7b322a32e",TRUE,0,0.800526188252786,TRUE,"1010abb9b0d9d8b7d9068a493a3e47519f0f174a40b32e3fb34a215c45e9e207","b35d0c00cd472c9d109c1183f9fc95f02e11950f50cbbdb8426060c8a8731596",259.658,506,"1f0ebe7383f6998116af92c3ccb0b6f66400c79cd62cc552284ecbfe1d89ea16",1.94,262.683,FALSE,FALSE,FALSE,FALSE,"closed",FALSE
"mv08o_residual_source_sentinel_v1","primary","SRA628554_SRS2664365","internal124",20260809,"sct_data_all_qc_fit_selected384","exact500",3141,384,"d1c294855e8ad146edaee74c251cb2ca1157166f5e06ee63c113213a66b57c0f",500,"48e881ee753893bfaecd7101fc16fbcb552dd30a2a791fedfc7204d7b322a32e",TRUE,0,0.134468101868747,TRUE,"e037a4e34c221644bc726c72a9cbdf3d51ed6aed9cd7d327ccfae6c68fb0c62e","79e061468297b01364bdcb9cafb11cb0c7faee08a1b962f954631b015ab45e03",259.658,506,"1f0ebe7383f6998116af92c3ccb0b6f66400c79cd62cc552284ecbfe1d89ea16",1.94,262.825,FALSE,FALSE,FALSE,FALSE,"closed",FALSE
"mv08o_residual_source_sentinel_v1","primary","SRA628554_SRS2664365","internal124",20260809,"sct_pearson_residual_all_qc_fit_selected384","exact500",3141,384,"d1c294855e8ad146edaee74c251cb2ca1157166f5e06ee63c113213a66b57c0f",500,"48e881ee753893bfaecd7101fc16fbcb552dd30a2a791fedfc7204d7b322a32e",TRUE,0,0.809354865578839,TRUE,"feb67cab71f526e4fd059a4894ff338459ee99402c0ce021811c59d0480f5a24","1b890af8cbef627344bc4d3ce869a1f5be9ee792727e25b3f4cfdcdbbe396db7",259.658,506,"1f0ebe7383f6998116af92c3ccb0b6f66400c79cd62cc552284ecbfe1d89ea16",1.94,262.971,FALSE,FALSE,FALSE,FALSE,"closed",FALSE
"mv08o_residual_source_sentinel_v1","primary","SRA713577_SRS3363004","internal124",20260805,"sct_data_all_qc_fit_selected384","exact500",3326,384,"aeb6051d559a74ad461dfc898195eb6ffeaf488fa542ddf03c38819bafa439b0",500,"48e881ee753893bfaecd7101fc16fbcb552dd30a2a791fedfc7204d7b322a32e",TRUE,0,0.154214834288185,TRUE,"bf9f63183ab0216aae06dad59fa7d018b68e0b9e15d8501016a7d2d8b800e1e5","acd7cb33b82187f105eabe3eb51848a45467e7d9800e9e03d0e601f16991031d",270.982,533,"1f0ebe7383f6998116af92c3ccb0b6f66400c79cd62cc552284ecbfe1d89ea16",2.262,273.479,FALSE,FALSE,FALSE,FALSE,"closed",FALSE
"mv08o_residual_source_sentinel_v1","primary","SRA713577_SRS3363004","internal124",20260805,"sct_pearson_residual_all_qc_fit_selected384","exact500",3326,384,"aeb6051d559a74ad461dfc898195eb6ffeaf488fa542ddf03c38819bafa439b0",500,"48e881ee753893bfaecd7101fc16fbcb552dd30a2a791fedfc7204d7b322a32e",TRUE,0,0.807892907681824,TRUE,"d4e145ab129fa67583be39219da19190ac845ec9307cdf0aac1b69caf2566b0f","3dcea652e55992a6e0fc8e21e8f0d44d99585f6d0b1d45e150702b8eaaff594d",270.982,533,"1f0ebe7383f6998116af92c3ccb0b6f66400c79cd62cc552284ecbfe1d89ea16",2.262,273.602,FALSE,FALSE,FALSE,FALSE,"closed",FALSE
"mv08o_residual_source_sentinel_v1","primary","SRA713577_SRS3363004","internal124",20260806,"sct_data_all_qc_fit_selected384","exact500",3326,384,"65530325851d7ec14d620b563c8d5ecc7d82ac4a227e308f8c13efc6bea510d5",500,"48e881ee753893bfaecd7101fc16fbcb552dd30a2a791fedfc7204d7b322a32e",TRUE,0,0.152802297914097,TRUE,"a400cb00db05dbf950043956fc9a79eaa6f947f9707952a531c036c9222b5926","127b0d920e1d75acbe4fdcfb3dbb695780f71b9346ce0b980a685f2ed727e960",270.982,533,"1f0ebe7383f6998116af92c3ccb0b6f66400c79cd62cc552284ecbfe1d89ea16",2.262,273.726,FALSE,FALSE,FALSE,FALSE,"closed",FALSE
"mv08o_residual_source_sentinel_v1","primary","SRA713577_SRS3363004","internal124",20260806,"sct_pearson_residual_all_qc_fit_selected384","exact500",3326,384,"65530325851d7ec14d620b563c8d5ecc7d82ac4a227e308f8c13efc6bea510d5",500,"48e881ee753893bfaecd7101fc16fbcb552dd30a2a791fedfc7204d7b322a32e",TRUE,0,0.775306461163175,TRUE,"49651af67d52cfed8b6bd3450bf4c6355220c4cbfe49820782b4066d8a34e42e","9f70aaa02993e2e3ff63e36299c5fbd11ad0ca0ee1b00eab522c0d67d609bf18",270.982,533,"1f0ebe7383f6998116af92c3ccb0b6f66400c79cd62cc552284ecbfe1d89ea16",2.262,273.851,FALSE,FALSE,FALSE,FALSE,"closed",FALSE
"mv08o_residual_source_sentinel_v1","primary","SRA713577_SRS3363004","internal124",20260807,"sct_data_all_qc_fit_selected384","exact500",3326,384,"7698386d235fca902609da6dcf55ab616d59e55f6c48b45f8beeb322d7ec04fe",500,"48e881ee753893bfaecd7101fc16fbcb552dd30a2a791fedfc7204d7b322a32e",TRUE,0,0.14113851492278,TRUE,"f4409c0fa546da76eb830475df20c85af8ecfd48bd8d62826a84a4d74522c05a","c42f61f4c0afaa3a81737562e4866f599ee44d5e78556b47ff07b9ffedee6cbb",270.982,533,"1f0ebe7383f6998116af92c3ccb0b6f66400c79cd62cc552284ecbfe1d89ea16",2.262,273.969,FALSE,FALSE,FALSE,FALSE,"closed",FALSE
"mv08o_residual_source_sentinel_v1","primary","SRA713577_SRS3363004","internal124",20260807,"sct_pearson_residual_all_qc_fit_selected384","exact500",3326,384,"7698386d235fca902609da6dcf55ab616d59e55f6c48b45f8beeb322d7ec04fe",500,"48e881ee753893bfaecd7101fc16fbcb552dd30a2a791fedfc7204d7b322a32e",TRUE,0,0.78834250439739,TRUE,"3e7197e39509df02ce7bb5be562ebd0cc5ebbc707659cdcd7841dc175f21859c","98258a93d1329b8e4bab242808bd7da01839e73112cbf5780686a956981a10d4",270.982,533,"1f0ebe7383f6998116af92c3ccb0b6f66400c79cd62cc552284ecbfe1d89ea16",2.262,274.093,FALSE,FALSE,FALSE,FALSE,"closed",FALSE
"mv08o_residual_source_sentinel_v1","primary","SRA713577_SRS3363004","internal124",20260808,"sct_data_all_qc_fit_selected384","exact500",3326,384,"0e6d2737c9aa567d1ac0ef483f6fe105aa2bf26874e41d423baa6283798ec785",500,"48e881ee753893bfaecd7101fc16fbcb552dd30a2a791fedfc7204d7b322a32e",TRUE,0,0.150516355678791,TRUE,"e161491a42102a3b71eb516b6ce91d20010ed54b1e685cd2ac0ba7c54e4b49e2","a7cade66bc79a26095d77b00e85f8679e7ba70c455c4ef506d08afed46336d82",270.982,533,"1f0ebe7383f6998116af92c3ccb0b6f66400c79cd62cc552284ecbfe1d89ea16",2.262,274.212,FALSE,FALSE,FALSE,FALSE,"closed",FALSE
"mv08o_residual_source_sentinel_v1","primary","SRA713577_SRS3363004","internal124",20260808,"sct_pearson_residual_all_qc_fit_selected384","exact500",3326,384,"0e6d2737c9aa567d1ac0ef483f6fe105aa2bf26874e41d423baa6283798ec785",500,"48e881ee753893bfaecd7101fc16fbcb552dd30a2a791fedfc7204d7b322a32e",TRUE,0,0.779015238860422,TRUE,"d478fb2fae5eaeb926eb78604ced87bdd7920a931a7600af7ca61eb6be4a06fe","9d088e6038d90abee9ed7223d17d6181f96768275af81a7f1e86ebec1f54d4c4",270.982,533,"1f0ebe7383f6998116af92c3ccb0b6f66400c79cd62cc552284ecbfe1d89ea16",2.262,274.335,FALSE,FALSE,FALSE,FALSE,"closed",FALSE
"mv08o_residual_source_sentinel_v1","primary","SRA713577_SRS3363004","internal124",20260809,"sct_data_all_qc_fit_selected384","exact500",3326,384,"6cef5451678eeebd85cd197a2559d06b5c7691bc6c7910d5b22aa5b8093cd44f",500,"48e881ee753893bfaecd7101fc16fbcb552dd30a2a791fedfc7204d7b322a32e",TRUE,0,0.161296924841131,TRUE,"9f2aba109981bdcd26ebf7d7a34fd2508d21ba9ab3f8e4feda2246c3ef8c6eda","19f3a6d710c07b7ef69e3349f8c64038f45aab675ce4af8dde92232f6c512da5",270.982,533,"1f0ebe7383f6998116af92c3ccb0b6f66400c79cd62cc552284ecbfe1d89ea16",2.262,274.453,FALSE,FALSE,FALSE,FALSE,"closed",FALSE
"mv08o_residual_source_sentinel_v1","primary","SRA713577_SRS3363004","internal124",20260809,"sct_pearson_residual_all_qc_fit_selected384","exact500",3326,384,"6cef5451678eeebd85cd197a2559d06b5c7691bc6c7910d5b22aa5b8093cd44f",500,"48e881ee753893bfaecd7101fc16fbcb552dd30a2a791fedfc7204d7b322a32e",TRUE,0,0.787295255131072,TRUE,"f17a14604632505d9817c8ec8533627bf6cc539f52aa78be3f45b0756423f7a8","c9b7afc35b0e7d1633289174fffde95a272d639d18776654577dff6e8bdf440c",270.982,533,"1f0ebe7383f6998116af92c3ccb0b6f66400c79cd62cc552284ecbfe1d89ea16",2.262,274.576,FALSE,FALSE,FALSE,FALSE,"closed",FALSE
"mv08o_residual_source_sentinel_v1","primary","HCA_BM_003","external8",20260805,"sct_data_all_qc_fit_selected384","exact500",3338,384,"50ed847c9f00b3d4d8bc5bfeea9507c3ce8c86cab33e2a1ca5cfd027ed6b52ca",500,"48e881ee753893bfaecd7101fc16fbcb552dd30a2a791fedfc7204d7b322a32e",TRUE,1,0,FALSE,"18bf481928e522ade06063da55b4ee970b92c306942f0ab4ee65d6b724c3ac8e","",461.585,763,"85b3c8df07c7859d19f3ad0590bbe2f6007bcf12c39054ff3e0932f1a2c92afc",1.53099999999995,463.208,FALSE,FALSE,FALSE,FALSE,"closed",FALSE
"mv08o_residual_source_sentinel_v1","primary","HCA_BM_003","external8",20260805,"sct_data_all_qc_fit_selected384","common475",3338,384,"50ed847c9f00b3d4d8bc5bfeea9507c3ce8c86cab33e2a1ca5cfd027ed6b52ca",475,"48e881ee753893bfaecd7101fc16fbcb552dd30a2a791fedfc7204d7b322a32e",TRUE,0,0.110534095808994,TRUE,"cfd52ae65d03fcb6eca83cb0d2c56014aa6897333e1ec47b93dc19052720efcf","7e4e3d6bad2a8363b54925f70e46d97fe5337750387ab369103509fb5b43482e",461.585,763,"85b3c8df07c7859d19f3ad0590bbe2f6007bcf12c39054ff3e0932f1a2c92afc",1.53099999999995,463.322,FALSE,FALSE,FALSE,FALSE,"closed",FALSE
"mv08o_residual_source_sentinel_v1","primary","HCA_BM_003","external8",20260805,"sct_pearson_residual_all_qc_fit_selected384","exact500",3338,384,"50ed847c9f00b3d4d8bc5bfeea9507c3ce8c86cab33e2a1ca5cfd027ed6b52ca",500,"48e881ee753893bfaecd7101fc16fbcb552dd30a2a791fedfc7204d7b322a32e",TRUE,0,0.366123185885356,TRUE,"0e736cf1fec929403c4301a6c2b8c9843b581a650e7f9de33e0ce57df0e55dac","473f527365a1daa143a5a0c3fb04b326b7ed59493f25ad2a7f941055dd1d7286",461.585,763,"85b3c8df07c7859d19f3ad0590bbe2f6007bcf12c39054ff3e0932f1a2c92afc",1.53099999999995,463.448,FALSE,FALSE,FALSE,FALSE,"closed",FALSE
"mv08o_residual_source_sentinel_v1","primary","HCA_BM_003","external8",20260805,"sct_pearson_residual_all_qc_fit_selected384","common475",3338,384,"50ed847c9f00b3d4d8bc5bfeea9507c3ce8c86cab33e2a1ca5cfd027ed6b52ca",475,"48e881ee753893bfaecd7101fc16fbcb552dd30a2a791fedfc7204d7b322a32e",TRUE,0,0.598105291067166,TRUE,"41c7b8e610b37ce9aad36b5a41e54f47a1f588a27196c37bcd0a1f0cc9607350","7aa37493a0c0ca9494aae917190e15ad369ac38444f9b1bc6bd69b3cba716302",461.585,763,"85b3c8df07c7859d19f3ad0590bbe2f6007bcf12c39054ff3e0932f1a2c92afc",1.53099999999995,463.563,FALSE,FALSE,FALSE,FALSE,"closed",FALSE
"mv08o_residual_source_sentinel_v1","primary","SRA628554_SRS2664364","internal124",20260805,"sct_data_all_qc_fit_selected384","exact500",3410,384,"ef4de8643b5dbadd9976ee93f8a1324fac3bd5e7e5f55089245a5f630f289387",500,"48e881ee753893bfaecd7101fc16fbcb552dd30a2a791fedfc7204d7b322a32e",TRUE,0,0.105001946614312,TRUE,"d0a248b205feb59cd49d6281ef85131c3261600fcb58fcef6eb6b6b34961981b","7f6470ee8b01aed744b5ca2b67d4e94b43e007ccf84849b80bfac4b0c35041b5",231.896,384,"ca6942c97dd850b48cc06efc622330e36c7e5325ae6e5499d209bb4e9339e9a9",1.48400000000001,233.686,FALSE,FALSE,FALSE,FALSE,"closed",FALSE
"mv08o_residual_source_sentinel_v1","primary","SRA628554_SRS2664364","internal124",20260805,"sct_pearson_residual_all_qc_fit_selected384","exact500",3410,384,"ef4de8643b5dbadd9976ee93f8a1324fac3bd5e7e5f55089245a5f630f289387",500,"48e881ee753893bfaecd7101fc16fbcb552dd30a2a791fedfc7204d7b322a32e",TRUE,0,0.697272554373805,TRUE,"bf3a7df555c6814ae61259c962b4548601b899f347177d08d0ae5e4d447758ed","75b2d72615fefa8ac2c3c45260019bd32e4807e50cde52f66c9632d9dd90756e",231.896,384,"ca6942c97dd850b48cc06efc622330e36c7e5325ae6e5499d209bb4e9339e9a9",1.48400000000001,233.809,FALSE,FALSE,FALSE,FALSE,"closed",FALSE
"mv08o_residual_source_sentinel_v1","primary","SRA628554_SRS2664364","internal124",20260806,"sct_data_all_qc_fit_selected384","exact500",3410,384,"d4405e4e1187d33b90ac2d8feec3cda7731b16fecdcf01bc378fad422c5d3b08",500,"48e881ee753893bfaecd7101fc16fbcb552dd30a2a791fedfc7204d7b322a32e",TRUE,0,0.120759847203462,TRUE,"11bd3f33d1ace19dfe8de95f28d6ed8ca6d9288fc96204ff3d85d50e3c002543","aab02aceb02090f482e08fc5276909c1ada8f26dbb5f1ec798198d1c3f052ca1",231.896,384,"ca6942c97dd850b48cc06efc622330e36c7e5325ae6e5499d209bb4e9339e9a9",1.48400000000001,233.928,FALSE,FALSE,FALSE,FALSE,"closed",FALSE
"mv08o_residual_source_sentinel_v1","primary","SRA628554_SRS2664364","internal124",20260806,"sct_pearson_residual_all_qc_fit_selected384","exact500",3410,384,"d4405e4e1187d33b90ac2d8feec3cda7731b16fecdcf01bc378fad422c5d3b08",500,"48e881ee753893bfaecd7101fc16fbcb552dd30a2a791fedfc7204d7b322a32e",TRUE,0,0.665370113478512,TRUE,"c998a1a6661c68be14d9502f5e762fb9515beb37f0d2c1d3d1c552eac62effc0","33ce7bd1e150e90266efbc0b2c2b3c8cf917233be48377705c26c70c0734704a",231.896,384,"ca6942c97dd850b48cc06efc622330e36c7e5325ae6e5499d209bb4e9339e9a9",1.48400000000001,234.051,FALSE,FALSE,FALSE,FALSE,"closed",FALSE
"mv08o_residual_source_sentinel_v1","primary","SRA628554_SRS2664364","internal124",20260807,"sct_data_all_qc_fit_selected384","exact500",3410,384,"34b1a4214cd24ff84e972f2f5ec410bf3029f45574a5f95c2b97d65c5b482092",500,"48e881ee753893bfaecd7101fc16fbcb552dd30a2a791fedfc7204d7b322a32e",TRUE,0,0.115774048492087,TRUE,"2de0ec36103a5e6ef3ebcbfb2946f4ecd28e9723986cf5d709c02ad581d4ca5f","b6205bc9dca87d9c3756604f2c8f0ddce37d6d7056209e0b5e7bdc15bde703be",231.896,384,"ca6942c97dd850b48cc06efc622330e36c7e5325ae6e5499d209bb4e9339e9a9",1.48400000000001,234.17,FALSE,FALSE,FALSE,FALSE,"closed",FALSE
"mv08o_residual_source_sentinel_v1","primary","SRA628554_SRS2664364","internal124",20260807,"sct_pearson_residual_all_qc_fit_selected384","exact500",3410,384,"34b1a4214cd24ff84e972f2f5ec410bf3029f45574a5f95c2b97d65c5b482092",500,"48e881ee753893bfaecd7101fc16fbcb552dd30a2a791fedfc7204d7b322a32e",TRUE,0,0.769706835820482,TRUE,"a5ccc13437d4e12cf38fee2e6223b0152a119756bf104d803b3006fddd075d02","5a5bb7a85ab6e791a79723f0b2741f523054e66def08d5153c44b0fc1ad44907",231.896,384,"ca6942c97dd850b48cc06efc622330e36c7e5325ae6e5499d209bb4e9339e9a9",1.48400000000001,234.293,FALSE,FALSE,FALSE,FALSE,"closed",FALSE
"mv08o_residual_source_sentinel_v1","primary","SRA628554_SRS2664364","internal124",20260808,"sct_data_all_qc_fit_selected384","exact500",3410,384,"5b88fef9419d1580e5f4993ae4be22396bb3a2eab09b53d86165480e3c6ba0db",500,"48e881ee753893bfaecd7101fc16fbcb552dd30a2a791fedfc7204d7b322a32e",TRUE,0,0.115774048492087,TRUE,"37a2897bb68c709cb2533f631767623c30ac83465224cf94c7b200861928d288","855437f416438c87a8101e25c19f549f2cb40e6e6500a56b42ad8a2a81a132a7",231.896,384,"ca6942c97dd850b48cc06efc622330e36c7e5325ae6e5499d209bb4e9339e9a9",1.48400000000001,234.411,FALSE,FALSE,FALSE,FALSE,"closed",FALSE
"mv08o_residual_source_sentinel_v1","primary","SRA628554_SRS2664364","internal124",20260808,"sct_pearson_residual_all_qc_fit_selected384","exact500",3410,384,"5b88fef9419d1580e5f4993ae4be22396bb3a2eab09b53d86165480e3c6ba0db",500,"48e881ee753893bfaecd7101fc16fbcb552dd30a2a791fedfc7204d7b322a32e",TRUE,0,0.81651696596385,TRUE,"eb6bf2127ed708be7c545cbbb14f83aaeacaa3cb5a93d5f8ca9058198022e41a","bad60e57ad8e89f0081825801adcbb34b4933051655d211cf0e9ffcc935ced85",231.896,384,"ca6942c97dd850b48cc06efc622330e36c7e5325ae6e5499d209bb4e9339e9a9",1.48400000000001,234.55,FALSE,FALSE,FALSE,FALSE,"closed",FALSE
"mv08o_residual_source_sentinel_v1","primary","SRA628554_SRS2664364","internal124",20260809,"sct_data_all_qc_fit_selected384","exact500",3410,384,"315c4c090549b1ad603225f47e3a196f3a2d03fe10f70c15403da74212f8e306",500,"48e881ee753893bfaecd7101fc16fbcb552dd30a2a791fedfc7204d7b322a32e",TRUE,0,0.110534095808994,TRUE,"2c939e5465f89e9dc13f06e8ca23881a5d97897dc0171975e6a46c009c2c0a91","c0095c626c671d260b42bb9c91d4c1b2ad3509e5a01eebe98cb4a42090b61dd7",231.896,384,"ca6942c97dd850b48cc06efc622330e36c7e5325ae6e5499d209bb4e9339e9a9",1.48400000000001,234.688,FALSE,FALSE,FALSE,FALSE,"closed",FALSE
"mv08o_residual_source_sentinel_v1","primary","SRA628554_SRS2664364","internal124",20260809,"sct_pearson_residual_all_qc_fit_selected384","exact500",3410,384,"315c4c090549b1ad603225f47e3a196f3a2d03fe10f70c15403da74212f8e306",500,"48e881ee753893bfaecd7101fc16fbcb552dd30a2a791fedfc7204d7b322a32e",TRUE,0,0.797412772682729,TRUE,"50e8c8ffd729894e7e6e585d64e1d4462fe3c93a96435224056500aa902b310b","06afa7928eefb8780443cd60dd2f3181a3a7d73a4018641e6fd2f85d214aa5a2",231.896,384,"ca6942c97dd850b48cc06efc622330e36c7e5325ae6e5499d209bb4e9339e9a9",1.48400000000001,234.849,FALSE,FALSE,FALSE,FALSE,"closed",FALSE
"mv08o_residual_source_sentinel_v1","primary","SRA779509_SRS3805267","internal124",20260805,"sct_data_all_qc_fit_selected384","exact500",3427,384,"61f83b9fc1cbf1ba2f7c347588bdb86e507246e5eacbacc0a46a42ae0d56d10f",500,"48e881ee753893bfaecd7101fc16fbcb552dd30a2a791fedfc7204d7b322a32e",TRUE,0,0.165585568302371,TRUE,"4fe91927930f7241d2ecfc286bc13fa6583f89788c9a3786853f8fbbf8386174","75b429d61565e8a98b6d0a4e123ef47df4372ef3a2f2ad2fc1857d2254c73c2b",417.794,852,"85b3c8df07c7859d19f3ad0590bbe2f6007bcf12c39054ff3e0932f1a2c92afc",1.69599999999997,419.712,FALSE,FALSE,FALSE,FALSE,"closed",FALSE
"mv08o_residual_source_sentinel_v1","primary","SRA779509_SRS3805267","internal124",20260805,"sct_pearson_residual_all_qc_fit_selected384","exact500",3427,384,"61f83b9fc1cbf1ba2f7c347588bdb86e507246e5eacbacc0a46a42ae0d56d10f",500,"48e881ee753893bfaecd7101fc16fbcb552dd30a2a791fedfc7204d7b322a32e",TRUE,0,0.762893193925656,TRUE,"f2d9ccee6c50ba2e57fcc0a3ce83ce0ecc3e048152dada877fa7e839df51fa9f","0387590ce50fb08a9037b43c3aad14f7697faa48403721d82294acaa7b5f44ab",417.794,852,"85b3c8df07c7859d19f3ad0590bbe2f6007bcf12c39054ff3e0932f1a2c92afc",1.69599999999997,419.837,FALSE,FALSE,FALSE,FALSE,"closed",FALSE
"mv08o_residual_source_sentinel_v1","primary","SRA779509_SRS3805267","internal124",20260806,"sct_data_all_qc_fit_selected384","exact500",3427,384,"a13c89c495992d93b3fd9d37b6093f11fe6aea88dc6d2814966c73bc5a031f91",500,"48e881ee753893bfaecd7101fc16fbcb552dd30a2a791fedfc7204d7b322a32e",TRUE,0,0.135146626063876,TRUE,"2ead975c67c9a5dd7f09660b23d5ab5b5f3dc1da1118df7698d875767f457dec","597acad4113825c98718cbb332153793ee7892d8246463231df3db61fdb7d144",417.794,852,"85b3c8df07c7859d19f3ad0590bbe2f6007bcf12c39054ff3e0932f1a2c92afc",1.69599999999997,419.977,FALSE,FALSE,FALSE,FALSE,"closed",FALSE
"mv08o_residual_source_sentinel_v1","primary","SRA779509_SRS3805267","internal124",20260806,"sct_pearson_residual_all_qc_fit_selected384","exact500",3427,384,"a13c89c495992d93b3fd9d37b6093f11fe6aea88dc6d2814966c73bc5a031f91",500,"48e881ee753893bfaecd7101fc16fbcb552dd30a2a791fedfc7204d7b322a32e",TRUE,0,0.708604010485013,TRUE,"5ecb2211fce24ea53f8add457cf70b0d93dbe15b6491cec53ef965ed6530548f","51ae94dd10d4896a6257cc17a7d2110abe47492a8d057d5ec9e8dd78904edfc0",417.794,852,"85b3c8df07c7859d19f3ad0590bbe2f6007bcf12c39054ff3e0932f1a2c92afc",1.69599999999997,420.122,FALSE,FALSE,FALSE,FALSE,"closed",FALSE
"mv08o_residual_source_sentinel_v1","primary","SRA779509_SRS3805267","internal124",20260807,"sct_data_all_qc_fit_selected384","exact500",3427,384,"4c897f7d0cdcdae97049c4c4b1294ddfa1313f9262e02d68eb9dad2745075f14",500,"48e881ee753893bfaecd7101fc16fbcb552dd30a2a791fedfc7204d7b322a32e",TRUE,0,0.150516355678791,TRUE,"499c720f58464a2a45c0c4d17484256b2f99bdf5643e78d40e0fedaf07094ad1","93af35cb5109bf83d00cac48a31039b4ede1da90f51ed0f71815f9340af008e7",417.794,852,"85b3c8df07c7859d19f3ad0590bbe2f6007bcf12c39054ff3e0932f1a2c92afc",1.69599999999997,420.242,FALSE,FALSE,FALSE,FALSE,"closed",FALSE
"mv08o_residual_source_sentinel_v1","primary","SRA779509_SRS3805267","internal124",20260807,"sct_pearson_residual_all_qc_fit_selected384","exact500",3427,384,"4c897f7d0cdcdae97049c4c4b1294ddfa1313f9262e02d68eb9dad2745075f14",500,"48e881ee753893bfaecd7101fc16fbcb552dd30a2a791fedfc7204d7b322a32e",TRUE,0,0.697992026883962,TRUE,"1ac39957bc0ab1c31b3ad94b0cf9a0510bb455a01e19390f270825f91891485b","e635521655a7618e644ed65557f5f8483fc4d7c42d336c4b836edea8d8115ed0",417.794,852,"85b3c8df07c7859d19f3ad0590bbe2f6007bcf12c39054ff3e0932f1a2c92afc",1.69599999999997,420.369,FALSE,FALSE,FALSE,FALSE,"closed",FALSE
"mv08o_residual_source_sentinel_v1","primary","SRA779509_SRS3805267","internal124",20260808,"sct_data_all_qc_fit_selected384","exact500",3427,384,"4955d5b3b0ba07f9287e3d5cac4120b2dcae56b6bec9bdbaf76740791719670e",500,"48e881ee753893bfaecd7101fc16fbcb552dd30a2a791fedfc7204d7b322a32e",TRUE,0,0.14113851492278,TRUE,"006820b20e0d3a9d8fa7e710c614e07bd2584da33a8d4509fdeafff2f149dd5e","ffd9504fb662444b5af5ff6771f1df92dc77814a22a2483df59fbca3822a0d8a",417.794,852,"85b3c8df07c7859d19f3ad0590bbe2f6007bcf12c39054ff3e0932f1a2c92afc",1.69599999999997,420.489,FALSE,FALSE,FALSE,FALSE,"closed",FALSE
"mv08o_residual_source_sentinel_v1","primary","SRA779509_SRS3805267","internal124",20260808,"sct_pearson_residual_all_qc_fit_selected384","exact500",3427,384,"4955d5b3b0ba07f9287e3d5cac4120b2dcae56b6bec9bdbaf76740791719670e",500,"48e881ee753893bfaecd7101fc16fbcb552dd30a2a791fedfc7204d7b322a32e",TRUE,0,0.75171057473668,TRUE,"3f112931efce29068c489c0ba9eebc6229bccd62445a4d57433a93a156260673","838b1156eb9b16a529938ecc72ec2fc645cb6a416c02117341e729b5f06afaf9",417.794,852,"85b3c8df07c7859d19f3ad0590bbe2f6007bcf12c39054ff3e0932f1a2c92afc",1.69599999999997,421.168,FALSE,FALSE,FALSE,FALSE,"closed",FALSE
"mv08o_residual_source_sentinel_v1","primary","SRA779509_SRS3805267","internal124",20260809,"sct_data_all_qc_fit_selected384","exact500",3427,384,"84fcf16f8db46f6c37700bea7baede82593e6694cfd6da145d27a5a8543c7e50",500,"48e881ee753893bfaecd7101fc16fbcb552dd30a2a791fedfc7204d7b322a32e",TRUE,0,0.125521781031731,TRUE,"e6d20e51839beee2f61fa796f9b2e22209269288a3ca6bfe1ba096ab6f457f39","0a2ffa211d469ac0372538a22acba3b1768bed54af79135e7d6dd961a85c0af0",417.794,852,"85b3c8df07c7859d19f3ad0590bbe2f6007bcf12c39054ff3e0932f1a2c92afc",1.69599999999997,421.287,FALSE,FALSE,FALSE,FALSE,"closed",FALSE
"mv08o_residual_source_sentinel_v1","primary","SRA779509_SRS3805267","internal124",20260809,"sct_pearson_residual_all_qc_fit_selected384","exact500",3427,384,"84fcf16f8db46f6c37700bea7baede82593e6694cfd6da145d27a5a8543c7e50",500,"48e881ee753893bfaecd7101fc16fbcb552dd30a2a791fedfc7204d7b322a32e",TRUE,0,0.745887757564093,TRUE,"36ec950ae5046215008910ba6182e9aec08cbdafe0a769982fe857a23ebdd151","cd175fb4967f96db6b518df0fb7cd851ab72f6013d7aaef944bb4e79acbd93c4",417.794,852,"85b3c8df07c7859d19f3ad0590bbe2f6007bcf12c39054ff3e0932f1a2c92afc",1.69599999999997,421.412,FALSE,FALSE,FALSE,FALSE,"closed",FALSE
"mv08o_residual_source_sentinel_v1","primary","SRA645804_SRS2823410","internal124",20260805,"sct_data_all_qc_fit_selected384","exact500",3561,384,"127c9db7fb6cfcf88c4d79eff5d779fe432a3c1c0dcae82df194bf06318e3c5a",500,"48e881ee753893bfaecd7101fc16fbcb552dd30a2a791fedfc7204d7b322a32e",TRUE,0,0.138689749117284,TRUE,"717080b91568e81987692b911cb701cd0e2adb54b25d76bd5afac6218bdc56e5","ae1ee79ceabd63b2c5bde59ec1daa1b20c273cf6afb5be7635835538c12b32b5",466.19,1786,"1f0ebe7383f6998116af92c3ccb0b6f66400c79cd62cc552284ecbfe1d89ea16",3.25700000000001,469.773,FALSE,FALSE,FALSE,FALSE,"closed",FALSE
"mv08o_residual_source_sentinel_v1","primary","SRA645804_SRS2823410","internal124",20260805,"sct_pearson_residual_all_qc_fit_selected384","exact500",3561,384,"127c9db7fb6cfcf88c4d79eff5d779fe432a3c1c0dcae82df194bf06318e3c5a",500,"48e881ee753893bfaecd7101fc16fbcb552dd30a2a791fedfc7204d7b322a32e",TRUE,0,0.56434971282217,TRUE,"691a21024e8c72aefbbfff575bf4f55d5dce1a2c845f00077a6f90ddc6d390b0","34f4d00bd41f1d8cf92ff62b5220f22c1e6bf8516832c44802861550686cd8b3",466.19,1786,"1f0ebe7383f6998116af92c3ccb0b6f66400c79cd62cc552284ecbfe1d89ea16",3.25700000000001,469.899,FALSE,FALSE,FALSE,FALSE,"closed",FALSE
"mv08o_residual_source_sentinel_v1","primary","SRA645804_SRS2823410","internal124",20260806,"sct_data_all_qc_fit_selected384","exact500",3561,384,"addf0820af1462c39cf8765f96588bd517cac26144b04e2ca7e916f114a0d791",500,"48e881ee753893bfaecd7101fc16fbcb552dd30a2a791fedfc7204d7b322a32e",TRUE,0,0.136982453714722,TRUE,"0463dc41df9ba3aaf5001777286caa011d8799b80dac1a38a73571cd4c5ca429","063826053f322b66a107522b92fa5a77240ffbf39aba9f85efff20478416141c",466.19,1786,"1f0ebe7383f6998116af92c3ccb0b6f66400c79cd62cc552284ecbfe1d89ea16",3.25700000000001,470.018,FALSE,FALSE,FALSE,FALSE,"closed",FALSE
"mv08o_residual_source_sentinel_v1","primary","SRA645804_SRS2823410","internal124",20260806,"sct_pearson_residual_all_qc_fit_selected384","exact500",3561,384,"addf0820af1462c39cf8765f96588bd517cac26144b04e2ca7e916f114a0d791",500,"48e881ee753893bfaecd7101fc16fbcb552dd30a2a791fedfc7204d7b322a32e",TRUE,0,0.479775822033495,TRUE,"5f16fe65eb8a5a878be04c69452cbbc409792071f59ce708f5036f9c3dce4392","3bdc601bfa315ed4149b7d15a3d24b740f16c9acc21cccd0d6186e79647a6d37",466.19,1786,"1f0ebe7383f6998116af92c3ccb0b6f66400c79cd62cc552284ecbfe1d89ea16",3.25700000000001,470.141,FALSE,FALSE,FALSE,FALSE,"closed",FALSE
"mv08o_residual_source_sentinel_v1","primary","SRA645804_SRS2823410","internal124",20260807,"sct_data_all_qc_fit_selected384","exact500",3561,384,"0a1d9637dea8f9e77f637225258785b90bf67e07e678e9fed0ceb183e74bfdfd",500,"48e881ee753893bfaecd7101fc16fbcb552dd30a2a791fedfc7204d7b322a32e",TRUE,0,0.13267166721355,TRUE,"a51e7d8e74c0344245ba19dcd913df3bc17c4e25262c5abdc053c15e3932c6da","5c0da411d3dfffd3007d58fad778f860084db139aacdd5678575ceff87d6fff1",466.19,1786,"1f0ebe7383f6998116af92c3ccb0b6f66400c79cd62cc552284ecbfe1d89ea16",3.25700000000001,470.259,FALSE,FALSE,FALSE,FALSE,"closed",FALSE
"mv08o_residual_source_sentinel_v1","primary","SRA645804_SRS2823410","internal124",20260807,"sct_pearson_residual_all_qc_fit_selected384","exact500",3561,384,"0a1d9637dea8f9e77f637225258785b90bf67e07e678e9fed0ceb183e74bfdfd",500,"48e881ee753893bfaecd7101fc16fbcb552dd30a2a791fedfc7204d7b322a32e",TRUE,0,0.541735192748619,TRUE,"c4f15a5eb1336ccc5e3aa16d8fe8f40e30b5606bb1db33577ecc6ac4aeb51ddc","f0382f6c8a926e080b27cd1b35b9aa45207d2a4d129d0e034240703630eb4a0a",466.19,1786,"1f0ebe7383f6998116af92c3ccb0b6f66400c79cd62cc552284ecbfe1d89ea16",3.25700000000001,470.386,FALSE,FALSE,FALSE,FALSE,"closed",FALSE
"mv08o_residual_source_sentinel_v1","primary","SRA645804_SRS2823410","internal124",20260808,"sct_data_all_qc_fit_selected384","exact500",3561,384,"29e1f40262ae30fe98df1a5bcdfda701a09ef8f043cf30ba1c84aa1a7c13b1c1",500,"48e881ee753893bfaecd7101fc16fbcb552dd30a2a791fedfc7204d7b322a32e",TRUE,0,0.13008443701908,TRUE,"9cc14cd93e7958fab9776755c6484083fe54c2a6970b0bd816638637303faf05","48a00bec54b95e69c1e6fe4106b8be1263fe7b934f1a8c30e27452f1b2e62c47",466.19,1786,"1f0ebe7383f6998116af92c3ccb0b6f66400c79cd62cc552284ecbfe1d89ea16",3.25700000000001,470.517,FALSE,FALSE,FALSE,FALSE,"closed",FALSE
"mv08o_residual_source_sentinel_v1","primary","SRA645804_SRS2823410","internal124",20260808,"sct_pearson_residual_all_qc_fit_selected384","exact500",3561,384,"29e1f40262ae30fe98df1a5bcdfda701a09ef8f043cf30ba1c84aa1a7c13b1c1",500,"48e881ee753893bfaecd7101fc16fbcb552dd30a2a791fedfc7204d7b322a32e",TRUE,0,0.495101984962127,TRUE,"3c5dbb3e08f4f588ff59dfcf57d4099e01d19cebce8879dea90c24217a1abdab","8753b7097d12d542f6a1a76b2a513d356212c459cff86944741f16b63eaafab4",466.19,1786,"1f0ebe7383f6998116af92c3ccb0b6f66400c79cd62cc552284ecbfe1d89ea16",3.25700000000001,470.645,FALSE,FALSE,FALSE,FALSE,"closed",FALSE
"mv08o_residual_source_sentinel_v1","primary","SRA645804_SRS2823410","internal124",20260809,"sct_data_all_qc_fit_selected384","exact500",3561,384,"49b02e4ad8922a10d2982afe3feec1ee1a20311fc3dd892e8f29587e2cc158df",500,"48e881ee753893bfaecd7101fc16fbcb552dd30a2a791fedfc7204d7b322a32e",TRUE,0,0.115774048492087,TRUE,"3b6e1890f197d401d459dec289a01c844b17ee42c605f848981cd5a912e51667","2644624441e4102f4b1738ce7873cd632fc4bd442dcbd40ab590e58c844b033b",466.19,1786,"1f0ebe7383f6998116af92c3ccb0b6f66400c79cd62cc552284ecbfe1d89ea16",3.25700000000001,470.785,FALSE,FALSE,FALSE,FALSE,"closed",FALSE
"mv08o_residual_source_sentinel_v1","primary","SRA645804_SRS2823410","internal124",20260809,"sct_pearson_residual_all_qc_fit_selected384","exact500",3561,384,"49b02e4ad8922a10d2982afe3feec1ee1a20311fc3dd892e8f29587e2cc158df",500,"48e881ee753893bfaecd7101fc16fbcb552dd30a2a791fedfc7204d7b322a32e",TRUE,0,0.493078284067504,TRUE,"c780dea033a3319947738d444ecd3e1d645d914720e797029f2110997203ad1a","113f58e4d337b4713315f19269b64b1a982c51fb94e0352511adb5eae1a884f6",466.19,1786,"1f0ebe7383f6998116af92c3ccb0b6f66400c79cd62cc552284ecbfe1d89ea16",3.25700000000001,470.928,FALSE,FALSE,FALSE,FALSE,"closed",FALSE
"mv08o_residual_source_sentinel_v1","primary","HCA_BM_006","external8",20260805,"sct_data_all_qc_fit_selected384","exact500",3608,384,"1cb5ba9837bfa0da937a8373dba757f5500483c044388f53680e50cd10c70ffa",500,"48e881ee753893bfaecd7101fc16fbcb552dd30a2a791fedfc7204d7b322a32e",TRUE,1,0,FALSE,"f756b103d23acb118a8e02c880b2a8f3f3c7e9da60eaefb2ff939ceda25877ea","",484.698,1044,"1f0ebe7383f6998116af92c3ccb0b6f66400c79cd62cc552284ecbfe1d89ea16",1.68700000000001,486.465,FALSE,FALSE,FALSE,FALSE,"closed",FALSE
"mv08o_residual_source_sentinel_v1","primary","HCA_BM_006","external8",20260805,"sct_data_all_qc_fit_selected384","common475",3608,384,"1cb5ba9837bfa0da937a8373dba757f5500483c044388f53680e50cd10c70ffa",475,"48e881ee753893bfaecd7101fc16fbcb552dd30a2a791fedfc7204d7b322a32e",TRUE,0,0.0928496256266981,TRUE,"7459048dbe6455039e200b87a9dfa280d27b33afdf80961d955b8125b06c667c","8cd702f80b34b6a6747462c5e723186efe310eedd10e59f56b6b4358fcc88668",484.698,1044,"1f0ebe7383f6998116af92c3ccb0b6f66400c79cd62cc552284ecbfe1d89ea16",1.68700000000001,486.58,FALSE,FALSE,FALSE,FALSE,"closed",FALSE
"mv08o_residual_source_sentinel_v1","primary","HCA_BM_006","external8",20260805,"sct_pearson_residual_all_qc_fit_selected384","exact500",3608,384,"1cb5ba9837bfa0da937a8373dba757f5500483c044388f53680e50cd10c70ffa",500,"48e881ee753893bfaecd7101fc16fbcb552dd30a2a791fedfc7204d7b322a32e",TRUE,0,0.434616643791619,TRUE,"901e223dd5c927b44458aa0a40f0f8568aef376ddc95ece849df62bb2c4f6cd8","552fe88313045e0e4ad8a64db831d1b0c2423aa53db034d5b8f5698426c93bf2",484.698,1044,"1f0ebe7383f6998116af92c3ccb0b6f66400c79cd62cc552284ecbfe1d89ea16",1.68700000000001,486.704,FALSE,FALSE,FALSE,FALSE,"closed",FALSE
"mv08o_residual_source_sentinel_v1","primary","HCA_BM_006","external8",20260805,"sct_pearson_residual_all_qc_fit_selected384","common475",3608,384,"1cb5ba9837bfa0da937a8373dba757f5500483c044388f53680e50cd10c70ffa",475,"48e881ee753893bfaecd7101fc16fbcb552dd30a2a791fedfc7204d7b322a32e",TRUE,0,0.620262990146389,TRUE,"c476d6b75876f542196210b80ac5490b31e698a04f2ab98e588fd83e342fb23b","fd497e94740d64c911df8b028b22690fa06cd20afd38ee8b9f240d3bf96e81e8",484.698,1044,"1f0ebe7383f6998116af92c3ccb0b6f66400c79cd62cc552284ecbfe1d89ea16",1.68700000000001,486.816,FALSE,FALSE,FALSE,FALSE,"closed",FALSE
"mv08o_residual_source_sentinel_v1","primary","HCA_BM_008","external8",20260805,"sct_data_all_qc_fit_selected384","exact500",3661,384,"2b2f6d715565f2fd620f983d28083dfd795e1b12cc8c6b1514f8ce8f0b3a5fee",500,"48e881ee753893bfaecd7101fc16fbcb552dd30a2a791fedfc7204d7b322a32e",TRUE,0,0.0704664277617063,TRUE,"0f06edb9b0fce644e234ea4dc1e5d6827063af901e666f5a70ad20f051ee6e43","f52d61fa0f15b312c5fecbaaef92562b0b7eb430c76276f38b20413dc030acc0",498.147,1111,"85b3c8df07c7859d19f3ad0590bbe2f6007bcf12c39054ff3e0932f1a2c92afc",2.16500000000002,500.494,FALSE,FALSE,FALSE,FALSE,"closed",FALSE
"mv08o_residual_source_sentinel_v1","primary","HCA_BM_008","external8",20260805,"sct_data_all_qc_fit_selected384","common475",3661,384,"2b2f6d715565f2fd620f983d28083dfd795e1b12cc8c6b1514f8ce8f0b3a5fee",475,"48e881ee753893bfaecd7101fc16fbcb552dd30a2a791fedfc7204d7b322a32e",TRUE,0,0.115774048492087,TRUE,"bb6019a9e6bbda46fe1bb219d2159523c8bae0f49d4f733e5f25220dc1e769b9","464f346a02a4dec94ce44581722e3170ac4951deb9d341c8dbb920cc8850bc4d",498.147,1111,"85b3c8df07c7859d19f3ad0590bbe2f6007bcf12c39054ff3e0932f1a2c92afc",2.16500000000002,500.613,FALSE,FALSE,FALSE,FALSE,"closed",FALSE
"mv08o_residual_source_sentinel_v1","primary","HCA_BM_008","external8",20260805,"sct_pearson_residual_all_qc_fit_selected384","exact500",3661,384,"2b2f6d715565f2fd620f983d28083dfd795e1b12cc8c6b1514f8ce8f0b3a5fee",500,"48e881ee753893bfaecd7101fc16fbcb552dd30a2a791fedfc7204d7b322a32e",TRUE,0,0.593511360388854,TRUE,"18bb71134e9da7cd349ca198ae3852d22765d88aa022e3a7a375aa17e814468c","0f813e3cd73908d2a21e2639411ecfb464dde9282b079612ff1b6a6b49fad2db",498.147,1111,"85b3c8df07c7859d19f3ad0590bbe2f6007bcf12c39054ff3e0932f1a2c92afc",2.16500000000002,500.743,FALSE,FALSE,FALSE,FALSE,"closed",FALSE
"mv08o_residual_source_sentinel_v1","primary","HCA_BM_008","external8",20260805,"sct_pearson_residual_all_qc_fit_selected384","common475",3661,384,"2b2f6d715565f2fd620f983d28083dfd795e1b12cc8c6b1514f8ce8f0b3a5fee",475,"48e881ee753893bfaecd7101fc16fbcb552dd30a2a791fedfc7204d7b322a32e",TRUE,0,0.707045000777436,TRUE,"f801e2cfb5b5a504e6ea910cbbf4876ff75c06fde6eb5cb480f8da1a754a0f42","27951f6cc3edfd535cb3f27b4f17bf4732dddfbc77e02f9e2a042699341a9b24",498.147,1111,"85b3c8df07c7859d19f3ad0590bbe2f6007bcf12c39054ff3e0932f1a2c92afc",2.16500000000002,500.856,FALSE,FALSE,FALSE,FALSE,"closed",FALSE
"mv08o_residual_source_sentinel_v1","primary","SRA645804_SRS2823405","internal124",20260805,"sct_data_all_qc_fit_selected384","exact500",3680,384,"4e1fc9f3cc24cb675f2e1e23619d1f6bb8c477ef04a129e4107a0f121352ef2f",500,"48e881ee753893bfaecd7101fc16fbcb552dd30a2a791fedfc7204d7b322a32e",TRUE,0,0.115774048492087,TRUE,"b5a4f622b8f637fb9878346dee5545b9fd5e668bc82e758893c8654d97d01f08","49121c57c6206a2128fd792cec77bec28f8e4704b2f904ad916405ab3b9d3e9d",291.913,204,"ca6942c97dd850b48cc06efc622330e36c7e5325ae6e5499d209bb4e9339e9a9",4.15499999999997,296.362,FALSE,FALSE,FALSE,FALSE,"closed",FALSE
"mv08o_residual_source_sentinel_v1","primary","SRA645804_SRS2823405","internal124",20260805,"sct_pearson_residual_all_qc_fit_selected384","exact500",3680,384,"4e1fc9f3cc24cb675f2e1e23619d1f6bb8c477ef04a129e4107a0f121352ef2f",500,"48e881ee753893bfaecd7101fc16fbcb552dd30a2a791fedfc7204d7b322a32e",TRUE,0,0.790732754955357,TRUE,"20b7026a332c94b58859914d15aaad166f1bc450c7c8594d96d05a30525e8e95","7da8f44693b69cce27ac113f4bc87961829a53d9f29b5e172cfcaeb277b73059",291.913,204,"ca6942c97dd850b48cc06efc622330e36c7e5325ae6e5499d209bb4e9339e9a9",4.15499999999997,296.485,FALSE,FALSE,FALSE,FALSE,"closed",FALSE
"mv08o_residual_source_sentinel_v1","primary","SRA645804_SRS2823405","internal124",20260806,"sct_data_all_qc_fit_selected384","exact500",3680,384,"a80f3e23f2d27a1cbba7bcda937abd2b95e40340658c211c47ef5fac9b2191fa",500,"48e881ee753893bfaecd7101fc16fbcb552dd30a2a791fedfc7204d7b322a32e",TRUE,0,0.110534095808994,TRUE,"60c2ff467ac60c979568ba70b5f7b3fb3239a32616602e0549ad4d0f2243c975","27bf0236427cdf4dcd4bd0a177b3ac6e1b5a5eeca151e7385d66358c32f53f50",291.913,204,"ca6942c97dd850b48cc06efc622330e36c7e5325ae6e5499d209bb4e9339e9a9",4.15499999999997,296.606,FALSE,FALSE,FALSE,FALSE,"closed",FALSE
"mv08o_residual_source_sentinel_v1","primary","SRA645804_SRS2823405","internal124",20260806,"sct_pearson_residual_all_qc_fit_selected384","exact500",3680,384,"a80f3e23f2d27a1cbba7bcda937abd2b95e40340658c211c47ef5fac9b2191fa",500,"48e881ee753893bfaecd7101fc16fbcb552dd30a2a791fedfc7204d7b322a32e",TRUE,0,0.762576184662006,TRUE,"760266f72e86e2b1e076a247a12bb2b3bf515c267763ad8536e2556737be9b7c","c4d388815c8d4e7cb4f37201614e0ac71420d21bf8072b088467b9008581575b",291.913,204,"ca6942c97dd850b48cc06efc622330e36c7e5325ae6e5499d209bb4e9339e9a9",4.15499999999997,296.73,FALSE,FALSE,FALSE,FALSE,"closed",FALSE
"mv08o_residual_source_sentinel_v1","primary","SRA645804_SRS2823405","internal124",20260807,"sct_data_all_qc_fit_selected384","exact500",3680,384,"413ef472f95e60ec6aaa34b160eaa2f7e749d45dddb0d6f681a6424d369c0fda",500,"48e881ee753893bfaecd7101fc16fbcb552dd30a2a791fedfc7204d7b322a32e",TRUE,0,0.105001946614312,TRUE,"7acb3a93a8c5ba9bf7bcba6a5ad1e7599c8ab8e7a7a1570b5641473d13a48b8f","e41043e95d9a87cd23dd00fea82172a93dba63a48df7ea16885d6e38ce325337",291.913,204,"ca6942c97dd850b48cc06efc622330e36c7e5325ae6e5499d209bb4e9339e9a9",4.15499999999997,296.853,FALSE,FALSE,FALSE,FALSE,"closed",FALSE
"mv08o_residual_source_sentinel_v1","primary","SRA645804_SRS2823405","internal124",20260807,"sct_pearson_residual_all_qc_fit_selected384","exact500",3680,384,"413ef472f95e60ec6aaa34b160eaa2f7e749d45dddb0d6f681a6424d369c0fda",500,"48e881ee753893bfaecd7101fc16fbcb552dd30a2a791fedfc7204d7b322a32e",TRUE,0,0.759339901189212,TRUE,"1ce2555edf9957c8cb933ae03d069cc008abf92d5f61b6120b90fdf3dc5eef52","77af091e536b87bd42539b583bee29f7674eebcdb72b41483d8388f2061c4ebd",291.913,204,"ca6942c97dd850b48cc06efc622330e36c7e5325ae6e5499d209bb4e9339e9a9",4.15499999999997,296.984,FALSE,FALSE,FALSE,FALSE,"closed",FALSE
"mv08o_residual_source_sentinel_v1","primary","SRA645804_SRS2823405","internal124",20260808,"sct_data_all_qc_fit_selected384","exact500",3680,384,"63dc3cd2c03f5f0a0096f04d415c8f5fccb57ee43c58b8a05b05a31a4b6bfc75",500,"48e881ee753893bfaecd7101fc16fbcb552dd30a2a791fedfc7204d7b322a32e",TRUE,0,0.125521781031731,TRUE,"dbe4f6fea61ec3a0c6c6f756470b0fd00870601d572fd4108682978cef43ada2","8fbe9062213273617d00d5698d94952cacc59674a20732dc1487de930975d59d",291.913,204,"ca6942c97dd850b48cc06efc622330e36c7e5325ae6e5499d209bb4e9339e9a9",4.15499999999997,297.107,FALSE,FALSE,FALSE,FALSE,"closed",FALSE
"mv08o_residual_source_sentinel_v1","primary","SRA645804_SRS2823405","internal124",20260808,"sct_pearson_residual_all_qc_fit_selected384","exact500",3680,384,"63dc3cd2c03f5f0a0096f04d415c8f5fccb57ee43c58b8a05b05a31a4b6bfc75",500,"48e881ee753893bfaecd7101fc16fbcb552dd30a2a791fedfc7204d7b322a32e",TRUE,0,0.825594892965632,TRUE,"f94e12a518868dd4953a7b6a7ca3f94746bed5157a074f8e69c9c89d1706cad7","90fb11b85fbac238eb63ede0a2d1e6a8cf1f52202d80c8258dd96167b02a852f",291.913,204,"ca6942c97dd850b48cc06efc622330e36c7e5325ae6e5499d209bb4e9339e9a9",4.15499999999997,297.251,FALSE,FALSE,FALSE,FALSE,"closed",FALSE
"mv08o_residual_source_sentinel_v1","primary","SRA645804_SRS2823405","internal124",20260809,"sct_data_all_qc_fit_selected384","exact500",3680,384,"0b730a5966d0e63165bbb8f7ba5278f1d6395e1c94196796d8df6099e69192a3",500,"48e881ee753893bfaecd7101fc16fbcb552dd30a2a791fedfc7204d7b322a32e",TRUE,0,0.0963425230808112,TRUE,"712754befa44ab3eb0530f03aeb0bd10748ab9949c33cc8e597d430596545105","73a795091ba0b5e80dce5639d1d6da259ca687cf433d1984bce5c595175cb8e2",291.913,204,"ca6942c97dd850b48cc06efc622330e36c7e5325ae6e5499d209bb4e9339e9a9",4.15499999999997,297.403,FALSE,FALSE,FALSE,FALSE,"closed",FALSE
"mv08o_residual_source_sentinel_v1","primary","SRA645804_SRS2823405","internal124",20260809,"sct_pearson_residual_all_qc_fit_selected384","exact500",3680,384,"0b730a5966d0e63165bbb8f7ba5278f1d6395e1c94196796d8df6099e69192a3",500,"48e881ee753893bfaecd7101fc16fbcb552dd30a2a791fedfc7204d7b322a32e",TRUE,0,0.761176159676664,TRUE,"ab497ae5321adb26a99d2ce0ec90cb4eb28a2ca920307dc4d8e4a76f1ecdc25e","021e58f110e8c3257d2abe6620850d5b7858207940dd11f3f4f2221d96a5182d",291.913,204,"ca6942c97dd850b48cc06efc622330e36c7e5325ae6e5499d209bb4e9339e9a9",4.15499999999997,297.553,FALSE,FALSE,FALSE,FALSE,"closed",FALSE
"mv08o_residual_source_sentinel_v1","primary","SRA779509_SRS3805257","internal124",20260805,"sct_data_all_qc_fit_selected384","exact500",3831,384,"3711c73751ca3df1e6e0b8fe3b4f35496b628194b7403594fe1decf530db4159",500,"48e881ee753893bfaecd7101fc16fbcb552dd30a2a791fedfc7204d7b322a32e",TRUE,0,0.213214959353255,TRUE,"0511dc675b07c446c0dee12eb0e7a3bdfd87ba322b0e2f069525b23383cfdd30","7eef40f4ce5d360505e819e54f7125edeb1810af66ac225884b0d6b9830f13fd",520.492,889,"1f0ebe7383f6998116af92c3ccb0b6f66400c79cd62cc552284ecbfe1d89ea16",2.23599999999999,522.995,FALSE,FALSE,FALSE,FALSE,"closed",FALSE
"mv08o_residual_source_sentinel_v1","primary","SRA779509_SRS3805257","internal124",20260805,"sct_pearson_residual_all_qc_fit_selected384","exact500",3831,384,"3711c73751ca3df1e6e0b8fe3b4f35496b628194b7403594fe1decf530db4159",500,"48e881ee753893bfaecd7101fc16fbcb552dd30a2a791fedfc7204d7b322a32e",TRUE,0,0.673571946368495,TRUE,"974726220cd288f39e44da6d6f3d97fbe54850d147f9d81c9500305d9678ba2b","f663323dcee56dcd0bdede054a7cf6ec4f82885207e4bea9aea12b3a0a4a1854",520.492,889,"1f0ebe7383f6998116af92c3ccb0b6f66400c79cd62cc552284ecbfe1d89ea16",2.23599999999999,523.137,FALSE,FALSE,FALSE,FALSE,"closed",FALSE
"mv08o_residual_source_sentinel_v1","primary","SRA779509_SRS3805257","internal124",20260806,"sct_data_all_qc_fit_selected384","exact500",3831,384,"e92963dadca001a162dcf32a2e636f699255a9f95e38d015a7d75091f3074b7f",500,"48e881ee753893bfaecd7101fc16fbcb552dd30a2a791fedfc7204d7b322a32e",TRUE,0,0.222367218912387,TRUE,"f54869de07953561f2f83481a14235ed413ae4181c8be7e799e8bc0c57deeb56","f0ca6a51d27e36deda8fd0df1fae6cd8cc02f5104fca85a26a48fd7653217239",520.492,889,"1f0ebe7383f6998116af92c3ccb0b6f66400c79cd62cc552284ecbfe1d89ea16",2.23599999999999,523.268,FALSE,FALSE,FALSE,FALSE,"closed",FALSE
"mv08o_residual_source_sentinel_v1","primary","SRA779509_SRS3805257","internal124",20260806,"sct_pearson_residual_all_qc_fit_selected384","exact500",3831,384,"e92963dadca001a162dcf32a2e636f699255a9f95e38d015a7d75091f3074b7f",500,"48e881ee753893bfaecd7101fc16fbcb552dd30a2a791fedfc7204d7b322a32e",TRUE,0,0.658299253930081,TRUE,"54ecd99c9ebb67c18b395a40f9ec9e5507ea39fb12e30a55939a64e67729f84d","6645c46c9da502d98024b47775062d533b7088ffc4368cf3662c436dd1524569",520.492,889,"1f0ebe7383f6998116af92c3ccb0b6f66400c79cd62cc552284ecbfe1d89ea16",2.23599999999999,523.41,FALSE,FALSE,FALSE,FALSE,"closed",FALSE
"mv08o_residual_source_sentinel_v1","primary","SRA779509_SRS3805257","internal124",20260807,"sct_data_all_qc_fit_selected384","exact500",3831,384,"a92a62cbf4afd852fe6073f7980ad80414bb08e3b677fdfee024ce1f81034997",500,"48e881ee753893bfaecd7101fc16fbcb552dd30a2a791fedfc7204d7b322a32e",TRUE,0,0.213187028847953,TRUE,"9917cbbe3e49708733027160cd1036ee912174646fdc46beebea986d1dfc5fc7","69248488cd0cdf5b61272b21aa820c9dde3781c61f0a34f4c627e0a49b3322cf",520.492,889,"1f0ebe7383f6998116af92c3ccb0b6f66400c79cd62cc552284ecbfe1d89ea16",2.23599999999999,523.549,FALSE,FALSE,FALSE,FALSE,"closed",FALSE
"mv08o_residual_source_sentinel_v1","primary","SRA779509_SRS3805257","internal124",20260807,"sct_pearson_residual_all_qc_fit_selected384","exact500",3831,384,"a92a62cbf4afd852fe6073f7980ad80414bb08e3b677fdfee024ce1f81034997",500,"48e881ee753893bfaecd7101fc16fbcb552dd30a2a791fedfc7204d7b322a32e",TRUE,0,0.661191107791122,TRUE,"46529be34d254f7eb99be55028eecbee73a315798441d7eb1cd882d877b32618","c5ae5aa1635a1a09a95e4722bca4610c9e4ee8b4de58ddafa5ec18987ea794f7",520.492,889,"1f0ebe7383f6998116af92c3ccb0b6f66400c79cd62cc552284ecbfe1d89ea16",2.23599999999999,523.696,FALSE,FALSE,FALSE,FALSE,"closed",FALSE
"mv08o_residual_source_sentinel_v1","primary","SRA779509_SRS3805257","internal124",20260808,"sct_data_all_qc_fit_selected384","exact500",3831,384,"4322feb3b0e0ce75935d4c1e49cf4e97f5f9224e29fc3647f213c266da7caa1b",500,"48e881ee753893bfaecd7101fc16fbcb552dd30a2a791fedfc7204d7b322a32e",TRUE,0,0.196393827301324,TRUE,"6efab5b246f92463333c1faeecf6cf52ece97b5a1ee6fa5205ee6414d51c2d16","3f530d551e54c3c2377f0e86307c33a2c9a0b6259dfdf3bbfd2943c77955f5ef",520.492,889,"1f0ebe7383f6998116af92c3ccb0b6f66400c79cd62cc552284ecbfe1d89ea16",2.23599999999999,523.817,FALSE,FALSE,FALSE,FALSE,"closed",FALSE
"mv08o_residual_source_sentinel_v1","primary","SRA779509_SRS3805257","internal124",20260808,"sct_pearson_residual_all_qc_fit_selected384","exact500",3831,384,"4322feb3b0e0ce75935d4c1e49cf4e97f5f9224e29fc3647f213c266da7caa1b",500,"48e881ee753893bfaecd7101fc16fbcb552dd30a2a791fedfc7204d7b322a32e",TRUE,0,0.679410374089947,TRUE,"10260f5004050320a5f48b3739767b71d07f7fa825d7728062675879ebf6f811","622dfb8620ec747722b3d025e32a99477d42f0cc242a2a0c923923b25c65d453",520.492,889,"1f0ebe7383f6998116af92c3ccb0b6f66400c79cd62cc552284ecbfe1d89ea16",2.23599999999999,523.941,FALSE,FALSE,FALSE,FALSE,"closed",FALSE
"mv08o_residual_source_sentinel_v1","primary","SRA779509_SRS3805257","internal124",20260809,"sct_data_all_qc_fit_selected384","exact500",3831,384,"b197df0a009000ac7b8e61e258cc8c8eeeaa4ed55817a08dfdbeee643c69a4f0",500,"48e881ee753893bfaecd7101fc16fbcb552dd30a2a791fedfc7204d7b322a32e",TRUE,0,0.206775063315258,TRUE,"1251b8d74498c45198542ec010c5f1b4100b69d1d3ead8266990c7a9b8a414df","a906b7a6d9015d83009ee9d0c15156c4f224487d243b8682182d5d52fca0249f",520.492,889,"1f0ebe7383f6998116af92c3ccb0b6f66400c79cd62cc552284ecbfe1d89ea16",2.23599999999999,524.062,FALSE,FALSE,FALSE,FALSE,"closed",FALSE
"mv08o_residual_source_sentinel_v1","primary","SRA779509_SRS3805257","internal124",20260809,"sct_pearson_residual_all_qc_fit_selected384","exact500",3831,384,"b197df0a009000ac7b8e61e258cc8c8eeeaa4ed55817a08dfdbeee643c69a4f0",500,"48e881ee753893bfaecd7101fc16fbcb552dd30a2a791fedfc7204d7b322a32e",TRUE,0,0.608220974629916,TRUE,"966fbaf3bd980e3a6001deb69168cdaecc2513b98904773c0dec76494e02c7cd","e26c2e4bd131a91108e7081ab23d0be09a82a3d48fa435379601f615fe7fa242",520.492,889,"1f0ebe7383f6998116af92c3ccb0b6f66400c79cd62cc552284ecbfe1d89ea16",2.23599999999999,524.187,FALSE,FALSE,FALSE,FALSE,"closed",FALSE
"mv08o_residual_source_sentinel_v1","primary","SRA645804_SRS2823412","internal124",20260805,"sct_data_all_qc_fit_selected384","exact500",3846,384,"64460d5fa14d76d779b6bc4b7719fc9599efbafacadc7132f6db0a726055f1b9",500,"48e881ee753893bfaecd7101fc16fbcb552dd30a2a791fedfc7204d7b322a32e",TRUE,0,0.162170226724057,TRUE,"3a154cfadb4c4ddcde55293c58f354c3af90d0a9e615f7c61c2a757562ebdac0","0687af011b1dada1ad9c5cc15360d0ca86285e2ed0140067b9dc2029384bb8b7",538.268,2793,"1f0ebe7383f6998116af92c3ccb0b6f66400c79cd62cc552284ecbfe1d89ea16",3.51900000000001,542.071,FALSE,FALSE,FALSE,FALSE,"closed",FALSE
"mv08o_residual_source_sentinel_v1","primary","SRA645804_SRS2823412","internal124",20260805,"sct_pearson_residual_all_qc_fit_selected384","exact500",3846,384,"64460d5fa14d76d779b6bc4b7719fc9599efbafacadc7132f6db0a726055f1b9",500,"48e881ee753893bfaecd7101fc16fbcb552dd30a2a791fedfc7204d7b322a32e",TRUE,0,0.609696565898865,TRUE,"caa2572e9bfbebb22cc3dc7c08d374bd7575615ab45050a6401cbdb018c2261c","86cdb81eb5f7866f8488dfe50927e8dd2bf462aa7bb55fe0abe5c98d02b9e665",538.268,2793,"1f0ebe7383f6998116af92c3ccb0b6f66400c79cd62cc552284ecbfe1d89ea16",3.51900000000001,542.196,FALSE,FALSE,FALSE,FALSE,"closed",FALSE
"mv08o_residual_source_sentinel_v1","primary","SRA645804_SRS2823412","internal124",20260806,"sct_data_all_qc_fit_selected384","exact500",3846,384,"631b2dc6972ebab2b4765382e9aa8868f0acb0152ce6ecf672da9668f86b481b",500,"48e881ee753893bfaecd7101fc16fbcb552dd30a2a791fedfc7204d7b322a32e",TRUE,0,0.164694077076775,TRUE,"714ef583668ea9b89f1af7c6e726f11de8b6104870a2a6845ca6bab0838e6a98","481214da4e964cd14c07e89fd7cc7ed39020d63cbe5de70764d73e149c496b1f",538.268,2793,"1f0ebe7383f6998116af92c3ccb0b6f66400c79cd62cc552284ecbfe1d89ea16",3.51900000000001,542.315,FALSE,FALSE,FALSE,FALSE,"closed",FALSE
"mv08o_residual_source_sentinel_v1","primary","SRA645804_SRS2823412","internal124",20260806,"sct_pearson_residual_all_qc_fit_selected384","exact500",3846,384,"631b2dc6972ebab2b4765382e9aa8868f0acb0152ce6ecf672da9668f86b481b",500,"48e881ee753893bfaecd7101fc16fbcb552dd30a2a791fedfc7204d7b322a32e",TRUE,0,0.587197056283347,TRUE,"eb502afae9219c38b50ecb0ba7da121f219167693e73d213695ffe39b90b4731","4dcaffc282964aedd8db911fe56dd8c46b21432c7da4766301d25114adeafafd",538.268,2793,"1f0ebe7383f6998116af92c3ccb0b6f66400c79cd62cc552284ecbfe1d89ea16",3.51900000000001,542.437,FALSE,FALSE,FALSE,FALSE,"closed",FALSE
"mv08o_residual_source_sentinel_v1","primary","SRA645804_SRS2823412","internal124",20260807,"sct_data_all_qc_fit_selected384","exact500",3846,384,"63d38264777698819d16156af81507fdafe95afb86934b6eb2d06cd026ce5044",500,"48e881ee753893bfaecd7101fc16fbcb552dd30a2a791fedfc7204d7b322a32e",TRUE,0,0.15645541126598,TRUE,"4d757c7ef5444a79898254a56e3b2e3a109b5ae0bf787637a16c2724d235fb3c","bb568c4d29db83b95efd4f73d65fc293f5dffb8ac15a237de9ad222f77373d8b",538.268,2793,"1f0ebe7383f6998116af92c3ccb0b6f66400c79cd62cc552284ecbfe1d89ea16",3.51900000000001,542.557,FALSE,FALSE,FALSE,FALSE,"closed",FALSE
"mv08o_residual_source_sentinel_v1","primary","SRA645804_SRS2823412","internal124",20260807,"sct_pearson_residual_all_qc_fit_selected384","exact500",3846,384,"63d38264777698819d16156af81507fdafe95afb86934b6eb2d06cd026ce5044",500,"48e881ee753893bfaecd7101fc16fbcb552dd30a2a791fedfc7204d7b322a32e",TRUE,0,0.641648633517308,TRUE,"84127fdd7e102dac1146127dfb9107154b9ab089b895280c4aad71036d2579fa","b97b5a2a642736f53152a5c226b2f61710dd567eaf9e7411622a407462122f54",538.268,2793,"1f0ebe7383f6998116af92c3ccb0b6f66400c79cd62cc552284ecbfe1d89ea16",3.51900000000001,542.702,FALSE,FALSE,FALSE,FALSE,"closed",FALSE
"mv08o_residual_source_sentinel_v1","primary","SRA645804_SRS2823412","internal124",20260808,"sct_data_all_qc_fit_selected384","exact500",3846,384,"5869bc9cf666c1b0b647a875381d2a11c66f58e15f99393b430e96a22c2e10b9",500,"48e881ee753893bfaecd7101fc16fbcb552dd30a2a791fedfc7204d7b322a32e",TRUE,0,0.166818328311539,TRUE,"adaceb066e74a9027866bdf4216c25388d434c466d76a30521a15a81bf46ef78","ac43ab4322bdac3db956c7fe96bbafb58ded7d2c9ca7f24c6a2a8b56a3abfeec",538.268,2793,"1f0ebe7383f6998116af92c3ccb0b6f66400c79cd62cc552284ecbfe1d89ea16",3.51900000000001,542.84,FALSE,FALSE,FALSE,FALSE,"closed",FALSE
"mv08o_residual_source_sentinel_v1","primary","SRA645804_SRS2823412","internal124",20260808,"sct_pearson_residual_all_qc_fit_selected384","exact500",3846,384,"5869bc9cf666c1b0b647a875381d2a11c66f58e15f99393b430e96a22c2e10b9",500,"48e881ee753893bfaecd7101fc16fbcb552dd30a2a791fedfc7204d7b322a32e",TRUE,0,0.629725680613979,TRUE,"850f4c01b0ee16f42f168cd0c4a39b4032e638c4d40855fd58ce6751f252ae54","b706f2b9c36a08c6000f050bae8fc19394b6265877116257f79cc57106b7c92f",538.268,2793,"1f0ebe7383f6998116af92c3ccb0b6f66400c79cd62cc552284ecbfe1d89ea16",3.51900000000001,542.983,FALSE,FALSE,FALSE,FALSE,"closed",FALSE
"mv08o_residual_source_sentinel_v1","primary","SRA645804_SRS2823412","internal124",20260809,"sct_data_all_qc_fit_selected384","exact500",3846,384,"6bcb7679c0cc4becb00fc9717b1025bd9ea5948a44cfdcecb9a35a0c14f24194",500,"48e881ee753893bfaecd7101fc16fbcb552dd30a2a791fedfc7204d7b322a32e",TRUE,0,0.179453698385377,TRUE,"6855e0050054eb7e23e341e6bff7b9709b174bbb90b25dd8a32210374e2907eb","dda58114b2c0033398d6db495202ba3f4f589b4999e5257c74bf4736428cdffa",538.268,2793,"1f0ebe7383f6998116af92c3ccb0b6f66400c79cd62cc552284ecbfe1d89ea16",3.51900000000001,543.124,FALSE,FALSE,FALSE,FALSE,"closed",FALSE
"mv08o_residual_source_sentinel_v1","primary","SRA645804_SRS2823412","internal124",20260809,"sct_pearson_residual_all_qc_fit_selected384","exact500",3846,384,"6bcb7679c0cc4becb00fc9717b1025bd9ea5948a44cfdcecb9a35a0c14f24194",500,"48e881ee753893bfaecd7101fc16fbcb552dd30a2a791fedfc7204d7b322a32e",TRUE,0,0.597216696305173,TRUE,"da37535239585be80425eedb933d518aed7f89035d7c0ef6aecbfd2ccfe20983","19a8ad8fe5c63fcd9949841ce1f06ce8a815a1e14bace609d65c81eaf377174d",538.268,2793,"1f0ebe7383f6998116af92c3ccb0b6f66400c79cd62cc552284ecbfe1d89ea16",3.51900000000001,543.282,FALSE,FALSE,FALSE,FALSE,"closed",FALSE
"mv08o_residual_source_sentinel_v1","primary","SRA645804_SRS2823409","internal124",20260805,"sct_data_all_qc_fit_selected384","exact500",3897,384,"0b6771aa9210b929de316fbf96e40c3aadd2e8c3080adc313d945f654798dedc",500,"48e881ee753893bfaecd7101fc16fbcb552dd30a2a791fedfc7204d7b322a32e",TRUE,0,0.115774048492087,TRUE,"ee964bd2822ecc7f157695d87cb484144b6a2eaaad86cb861a7a8c852e315c40","82509cd4e6d90e017f4306a7a46cc2a01172e86285a87c5284c5b2038178d15c",551.739,1185,"1f0ebe7383f6998116af92c3ccb0b6f66400c79cd62cc552284ecbfe1d89ea16",4.32599999999991,556.312,FALSE,FALSE,FALSE,FALSE,"closed",FALSE
"mv08o_residual_source_sentinel_v1","primary","SRA645804_SRS2823409","internal124",20260805,"sct_pearson_residual_all_qc_fit_selected384","exact500",3897,384,"0b6771aa9210b929de316fbf96e40c3aadd2e8c3080adc313d945f654798dedc",500,"48e881ee753893bfaecd7101fc16fbcb552dd30a2a791fedfc7204d7b322a32e",TRUE,0,0.650161722740719,TRUE,"cf49592b847c76c305223b53f7645ff4421ff8bba5bc5e472c695dc9d25d01e5","3c915735ea4c08cbe21c8d05ca01c01af897014539f102bd60d6f0ec2b60f1a9",551.739,1185,"1f0ebe7383f6998116af92c3ccb0b6f66400c79cd62cc552284ecbfe1d89ea16",4.32599999999991,556.437,FALSE,FALSE,FALSE,FALSE,"closed",FALSE
"mv08o_residual_source_sentinel_v1","primary","SRA645804_SRS2823409","internal124",20260806,"sct_data_all_qc_fit_selected384","exact500",3897,384,"698e4ab4d824f320ea3427b4689db6228444849f3e69a3a814a5dc5f2b405bb5",500,"48e881ee753893bfaecd7101fc16fbcb552dd30a2a791fedfc7204d7b322a32e",TRUE,0,0.105001946614312,TRUE,"d998d0e15d2e0411430978557c2a6bfbd350e785a6a533ac700b8c51b64d1876","0ea710bdc65d37020f3ffd21298c7eb266a81806cb01f9df93659f74d99dc810",551.739,1185,"1f0ebe7383f6998116af92c3ccb0b6f66400c79cd62cc552284ecbfe1d89ea16",4.32599999999991,556.557,FALSE,FALSE,FALSE,FALSE,"closed",FALSE
"mv08o_residual_source_sentinel_v1","primary","SRA645804_SRS2823409","internal124",20260806,"sct_pearson_residual_all_qc_fit_selected384","exact500",3897,384,"698e4ab4d824f320ea3427b4689db6228444849f3e69a3a814a5dc5f2b405bb5",500,"48e881ee753893bfaecd7101fc16fbcb552dd30a2a791fedfc7204d7b322a32e",TRUE,0,0.63903173703996,TRUE,"e00af75b02874e587b0688bc8ff87bdb9e25f21064bf64087b63b1ecd5b23238","3dc428d1b6cde0bd3391198f19c0fb8229ad7031081b031c0b76b114edd66133",551.739,1185,"1f0ebe7383f6998116af92c3ccb0b6f66400c79cd62cc552284ecbfe1d89ea16",4.32599999999991,556.682,FALSE,FALSE,FALSE,FALSE,"closed",FALSE
"mv08o_residual_source_sentinel_v1","primary","SRA645804_SRS2823409","internal124",20260807,"sct_data_all_qc_fit_selected384","exact500",3897,384,"3cdd77059e174603f37ea6862f23d2ea3f2833d244659c25db3fed2939ccb0e5",500,"48e881ee753893bfaecd7101fc16fbcb552dd30a2a791fedfc7204d7b322a32e",TRUE,0,0.102420887162365,TRUE,"feedda99213147e3a154f8770d06681eb767e4f2e77b7fbafb664adba3b572d2","dffb0448bdfd76ecd6d4eab1071d0393a994f8459d8960b095de7aec57ae8ffd",551.739,1185,"1f0ebe7383f6998116af92c3ccb0b6f66400c79cd62cc552284ecbfe1d89ea16",4.32599999999991,556.801,FALSE,FALSE,FALSE,FALSE,"closed",FALSE
"mv08o_residual_source_sentinel_v1","primary","SRA645804_SRS2823409","internal124",20260807,"sct_pearson_residual_all_qc_fit_selected384","exact500",3897,384,"3cdd77059e174603f37ea6862f23d2ea3f2833d244659c25db3fed2939ccb0e5",500,"48e881ee753893bfaecd7101fc16fbcb552dd30a2a791fedfc7204d7b322a32e",TRUE,0,0.696723352243557,TRUE,"573c06c779a0aae240c96432cf866304b772c034df935c5e46f2cb83b6fa89be","a8c2a21aadd1a361c9d9b1af32d8520b124a07c4722cbb9b58ed2376351b6d7a",551.739,1185,"1f0ebe7383f6998116af92c3ccb0b6f66400c79cd62cc552284ecbfe1d89ea16",4.32599999999991,556.924,FALSE,FALSE,FALSE,FALSE,"closed",FALSE
"mv08o_residual_source_sentinel_v1","primary","SRA645804_SRS2823409","internal124",20260808,"sct_data_all_qc_fit_selected384","exact500",3897,384,"c2242d86853e6c4f0866e996a3df60b99de4b37e285d34e3a5623db0fb21f9f3",500,"48e881ee753893bfaecd7101fc16fbcb552dd30a2a791fedfc7204d7b322a32e",TRUE,0,0.0991286924845521,TRUE,"9c8d28474aeb26f423315e09dc9809f55b903612262410e6e1d70ce58646ae43","bf887efd8b1c2611c382a758378e3c2154b3d517e7238d244903b4e123555144",551.739,1185,"1f0ebe7383f6998116af92c3ccb0b6f66400c79cd62cc552284ecbfe1d89ea16",4.32599999999991,557.045,FALSE,FALSE,FALSE,FALSE,"closed",FALSE
"mv08o_residual_source_sentinel_v1","primary","SRA645804_SRS2823409","internal124",20260808,"sct_pearson_residual_all_qc_fit_selected384","exact500",3897,384,"c2242d86853e6c4f0866e996a3df60b99de4b37e285d34e3a5623db0fb21f9f3",500,"48e881ee753893bfaecd7101fc16fbcb552dd30a2a791fedfc7204d7b322a32e",TRUE,0,0.714185462162507,TRUE,"c64705a3b62f71d2c62b8c19d6ba43a1e2cc64ff8b7e287697072ae2eb17188f","7751045a01efe2a16e2e19a516a5da4e7aff6435cae545f1c9e0f82aee47f2d1",551.739,1185,"1f0ebe7383f6998116af92c3ccb0b6f66400c79cd62cc552284ecbfe1d89ea16",4.32599999999991,557.169,FALSE,FALSE,FALSE,FALSE,"closed",FALSE
"mv08o_residual_source_sentinel_v1","primary","SRA645804_SRS2823409","internal124",20260809,"sct_data_all_qc_fit_selected384","exact500",3897,384,"7180441d6046983bdd3d1f71f0112b2dcd2247924720c15c19dd1fd09538a00c",500,"48e881ee753893bfaecd7101fc16fbcb552dd30a2a791fedfc7204d7b322a32e",TRUE,0,0.0860759821829421,TRUE,"ef010b51427f82c6272e9ac1c0facd61a98085b41e78479b1e2012a4aae18f3c","47b8b65448eb2cb8710eaeef80417cef999e2993663941be2b2bd5225c2fc2f6",551.739,1185,"1f0ebe7383f6998116af92c3ccb0b6f66400c79cd62cc552284ecbfe1d89ea16",4.32599999999991,557.288,FALSE,FALSE,FALSE,FALSE,"closed",FALSE
"mv08o_residual_source_sentinel_v1","primary","SRA645804_SRS2823409","internal124",20260809,"sct_pearson_residual_all_qc_fit_selected384","exact500",3897,384,"7180441d6046983bdd3d1f71f0112b2dcd2247924720c15c19dd1fd09538a00c",500,"48e881ee753893bfaecd7101fc16fbcb552dd30a2a791fedfc7204d7b322a32e",TRUE,0,0.686842296652083,TRUE,"c64b6f785f3781312500d476e3ff3c7fdd17857e8da38fd0a77c859ea3f636a3","09ac1640f98139f91849751646476827b0c11eaa4a0f211b136292ee5eeb18ca",551.739,1185,"1f0ebe7383f6998116af92c3ccb0b6f66400c79cd62cc552284ecbfe1d89ea16",4.32599999999991,557.411,FALSE,FALSE,FALSE,FALSE,"closed",FALSE
"mv08o_residual_source_sentinel_v1","primary","SRA645804_SRS3572594","internal124",20260805,"sct_data_all_qc_fit_selected384","exact500",4035,384,"a2749173157794c426d8d4efae62b7f15c63fb593b828ce8e0d1448eb09bea2e",500,"48e881ee753893bfaecd7101fc16fbcb552dd30a2a791fedfc7204d7b322a32e",TRUE,0,0.13008443701908,TRUE,"39f96c3c74b98e3abb2558d42ab0748756ed4b19d73339eaad67ab907b8633ba","c193d8bf3c4b7792c60711e87e2ecf5a4eaf599b3471c102242dbc5320be1c9b",607.737,2103,"1f0ebe7383f6998116af92c3ccb0b6f66400c79cd62cc552284ecbfe1d89ea16",4.2170000000001,612.237,FALSE,FALSE,FALSE,FALSE,"closed",FALSE
"mv08o_residual_source_sentinel_v1","primary","SRA645804_SRS3572594","internal124",20260805,"sct_pearson_residual_all_qc_fit_selected384","exact500",4035,384,"a2749173157794c426d8d4efae62b7f15c63fb593b828ce8e0d1448eb09bea2e",500,"48e881ee753893bfaecd7101fc16fbcb552dd30a2a791fedfc7204d7b322a32e",TRUE,0,0.657648053590935,TRUE,"08b781e1394c9f6f4a361a1203478ddeee77df92a23c244d6ee483810c9c98c7","397c2b04e34ce191d0800a43c225397fa13e420b5e5b308bae3c76daf533907b",607.737,2103,"1f0ebe7383f6998116af92c3ccb0b6f66400c79cd62cc552284ecbfe1d89ea16",4.2170000000001,612.364,FALSE,FALSE,FALSE,FALSE,"closed",FALSE
"mv08o_residual_source_sentinel_v1","primary","SRA645804_SRS3572594","internal124",20260806,"sct_data_all_qc_fit_selected384","exact500",4035,384,"1f361e42df1bbd9dc83513827a24b257ceeeb9e23ef3e0b49b3edd9beaa3d3ac",500,"48e881ee753893bfaecd7101fc16fbcb552dd30a2a791fedfc7204d7b322a32e",TRUE,0,0.13008443701908,TRUE,"283ee234b31f1b12752ef9d6b4280c864251acb6737c13061fa1ed3fa359f4f8","70db62b46043a79dd7f6db5173c961a51c57066e99bfe665650d54b1491f644f",607.737,2103,"1f0ebe7383f6998116af92c3ccb0b6f66400c79cd62cc552284ecbfe1d89ea16",4.2170000000001,612.487,FALSE,FALSE,FALSE,FALSE,"closed",FALSE
"mv08o_residual_source_sentinel_v1","primary","SRA645804_SRS3572594","internal124",20260806,"sct_pearson_residual_all_qc_fit_selected384","exact500",4035,384,"1f361e42df1bbd9dc83513827a24b257ceeeb9e23ef3e0b49b3edd9beaa3d3ac",500,"48e881ee753893bfaecd7101fc16fbcb552dd30a2a791fedfc7204d7b322a32e",TRUE,0,0.646217201996698,TRUE,"984ec130b19f2e862a1da1275b41a18916865099db2f2b795f6f2cda310f3775","d536d2aff90620bc8803e67726e36308099d02087c3f4bf147a9271b33775fca",607.737,2103,"1f0ebe7383f6998116af92c3ccb0b6f66400c79cd62cc552284ecbfe1d89ea16",4.2170000000001,612.613,FALSE,FALSE,FALSE,FALSE,"closed",FALSE
"mv08o_residual_source_sentinel_v1","primary","SRA645804_SRS3572594","internal124",20260807,"sct_data_all_qc_fit_selected384","exact500",4035,384,"5eaabc62c794136eb77b57597a793ea54467fc3cf1ed64e84ba8513d890ea2b6",500,"48e881ee753893bfaecd7101fc16fbcb552dd30a2a791fedfc7204d7b322a32e",TRUE,0,0.15645541126598,TRUE,"90a7120a601e9499288b9665b084ebc38dcd0cd3e59c23de7f822f36a6dc6556","86ab891d35aaefe5b4c0f31f1099f4c98d57e39549eb405e5b521f1c79a83818",607.737,2103,"1f0ebe7383f6998116af92c3ccb0b6f66400c79cd62cc552284ecbfe1d89ea16",4.2170000000001,612.734,FALSE,FALSE,FALSE,FALSE,"closed",FALSE
"mv08o_residual_source_sentinel_v1","primary","SRA645804_SRS3572594","internal124",20260807,"sct_pearson_residual_all_qc_fit_selected384","exact500",4035,384,"5eaabc62c794136eb77b57597a793ea54467fc3cf1ed64e84ba8513d890ea2b6",500,"48e881ee753893bfaecd7101fc16fbcb552dd30a2a791fedfc7204d7b322a32e",TRUE,0,0.625907955043537,TRUE,"8d90ff60ec0a287b20aa16104ab0debda252747c3b1993123ceadca54b2cf63c","405568f916f864e9d4eadd79f852d677d4d8ec8cb25f5ce59e58d5b65789fbaa",607.737,2103,"1f0ebe7383f6998116af92c3ccb0b6f66400c79cd62cc552284ecbfe1d89ea16",4.2170000000001,612.86,FALSE,FALSE,FALSE,FALSE,"closed",FALSE
"mv08o_residual_source_sentinel_v1","primary","SRA645804_SRS3572594","internal124",20260808,"sct_data_all_qc_fit_selected384","exact500",4035,384,"2da3bf029f5e64484cc5bdd8c4c875be5005f1b315c9f67545140b1d065dc82f",500,"48e881ee753893bfaecd7101fc16fbcb552dd30a2a791fedfc7204d7b322a32e",TRUE,0,0.161552116568482,TRUE,"614e50c79508345ee1dc839aa301d3423e34dc2487a1288e975fbedda5adf453","93faf898104ef52b4d550b9cfecdc015387a9251dd400a9cecb983694fae4742",607.737,2103,"1f0ebe7383f6998116af92c3ccb0b6f66400c79cd62cc552284ecbfe1d89ea16",4.2170000000001,612.982,FALSE,FALSE,FALSE,FALSE,"closed",FALSE
"mv08o_residual_source_sentinel_v1","primary","SRA645804_SRS3572594","internal124",20260808,"sct_pearson_residual_all_qc_fit_selected384","exact500",4035,384,"2da3bf029f5e64484cc5bdd8c4c875be5005f1b315c9f67545140b1d065dc82f",500,"48e881ee753893bfaecd7101fc16fbcb552dd30a2a791fedfc7204d7b322a32e",TRUE,0,0.653980509162854,TRUE,"d4f31930320baaf4795cc2ee456bde161853c9d49b9f5c37f86801ca9cc1156b","9c551d8a1d3dc047c750a7dc4005d9f7e21d8bbe5e3f0bdc34bcadccc64f3531",607.737,2103,"1f0ebe7383f6998116af92c3ccb0b6f66400c79cd62cc552284ecbfe1d89ea16",4.2170000000001,613.109,FALSE,FALSE,FALSE,FALSE,"closed",FALSE
"mv08o_residual_source_sentinel_v1","primary","SRA645804_SRS3572594","internal124",20260809,"sct_data_all_qc_fit_selected384","exact500",4035,384,"e8f261ef9b1ac31fc319d0c58c218ba348715950b1849e75a8b77459364b79fc",500,"48e881ee753893bfaecd7101fc16fbcb552dd30a2a791fedfc7204d7b322a32e",TRUE,0,0.174175910170517,TRUE,"304be0439dcd552f63a38aa759ec704fe81e872aa8079d24f2a9393d7e61c096","667f21c8c3cb60f16744af56a4f385f5117e2b31c97c6423ea633cf4e33beacf",607.737,2103,"1f0ebe7383f6998116af92c3ccb0b6f66400c79cd62cc552284ecbfe1d89ea16",4.2170000000001,613.229,FALSE,FALSE,FALSE,FALSE,"closed",FALSE
"mv08o_residual_source_sentinel_v1","primary","SRA645804_SRS3572594","internal124",20260809,"sct_pearson_residual_all_qc_fit_selected384","exact500",4035,384,"e8f261ef9b1ac31fc319d0c58c218ba348715950b1849e75a8b77459364b79fc",500,"48e881ee753893bfaecd7101fc16fbcb552dd30a2a791fedfc7204d7b322a32e",TRUE,0,0.631935660780441,TRUE,"9308b505e2d2160d2fb40b70e0c4c38d018469737b0d7ae77cdcd087a99d0cc9","27425712a905258e807e57c26357a7779479095dd2e6bf9d50b3f96967197d9a",607.737,2103,"1f0ebe7383f6998116af92c3ccb0b6f66400c79cd62cc552284ecbfe1d89ea16",4.2170000000001,613.355,FALSE,FALSE,FALSE,FALSE,"closed",FALSE
"mv08o_residual_source_sentinel_v1","primary","SRA826293_SRS4181129","internal124",20260805,"sct_data_all_qc_fit_selected384","exact500",4038,384,"2c6085b990ac626d2c2a9e057d61819a7035836a15c647f41a4a540f8a071855",500,"48e881ee753893bfaecd7101fc16fbcb552dd30a2a791fedfc7204d7b322a32e",TRUE,0,0.179453698385377,TRUE,"eccdf85507e36c5cf341be446ce237bc9f3fdd4540631d4adf90092e74368d17","b34719852f0cb34367876f84a988f7121089551dd8a62278d9f83005cef76810",383.341,523,"1f0ebe7383f6998116af92c3ccb0b6f66400c79cd62cc552284ecbfe1d89ea16",3.113,386.715,FALSE,FALSE,FALSE,FALSE,"closed",FALSE
"mv08o_residual_source_sentinel_v1","primary","SRA826293_SRS4181129","internal124",20260805,"sct_pearson_residual_all_qc_fit_selected384","exact500",4038,384,"2c6085b990ac626d2c2a9e057d61819a7035836a15c647f41a4a540f8a071855",500,"48e881ee753893bfaecd7101fc16fbcb552dd30a2a791fedfc7204d7b322a32e",TRUE,0,0.675195215227147,TRUE,"b3811b5004a46da6bad0856a10621891a552857b14e65b30222d8d4ea09127ea","3f7b4a2864f62d5761d56533c99a7b662ba58b4e61a97ca09b1ddbe0f11a9f8a",383.341,523,"1f0ebe7383f6998116af92c3ccb0b6f66400c79cd62cc552284ecbfe1d89ea16",3.113,386.839,FALSE,FALSE,FALSE,FALSE,"closed",FALSE
"mv08o_residual_source_sentinel_v1","primary","SRA826293_SRS4181129","internal124",20260806,"sct_data_all_qc_fit_selected384","exact500",4038,384,"0a771d78f0b25e7f9abdb513642544553fd1be01e1e241aadfd6ece5c3adb1de",500,"48e881ee753893bfaecd7101fc16fbcb552dd30a2a791fedfc7204d7b322a32e",TRUE,0,0.166818328311539,TRUE,"165cce1e51dd916b09a344261be68a4870f50bd8789cb271a66f648a8f58c336","bf553aa38ff578715b4440e178567e53f83f54fb6830e1a0b76435ef6701402c",383.341,523,"1f0ebe7383f6998116af92c3ccb0b6f66400c79cd62cc552284ecbfe1d89ea16",3.113,386.958,FALSE,FALSE,FALSE,FALSE,"closed",FALSE
"mv08o_residual_source_sentinel_v1","primary","SRA826293_SRS4181129","internal124",20260806,"sct_pearson_residual_all_qc_fit_selected384","exact500",4038,384,"0a771d78f0b25e7f9abdb513642544553fd1be01e1e241aadfd6ece5c3adb1de",500,"48e881ee753893bfaecd7101fc16fbcb552dd30a2a791fedfc7204d7b322a32e",TRUE,0,0.704476339885609,TRUE,"79852d868a617f6bef709641c31e23b07f119dd6dfc788298a10717490ea4285","a06258bff1545289ef41501cfc0ee42d9941a87fea1568b6c370fe2427750532",383.341,523,"1f0ebe7383f6998116af92c3ccb0b6f66400c79cd62cc552284ecbfe1d89ea16",3.113,387.085,FALSE,FALSE,FALSE,FALSE,"closed",FALSE
"mv08o_residual_source_sentinel_v1","primary","SRA826293_SRS4181129","internal124",20260807,"sct_data_all_qc_fit_selected384","exact500",4038,384,"c18a88184d5724f477342a8a09c552c9f27ba431fb95b6cdd2614a0a8c523811",500,"48e881ee753893bfaecd7101fc16fbcb552dd30a2a791fedfc7204d7b322a32e",TRUE,0,0.190982637583704,TRUE,"0fd5d50d8cd4ca3022324355fc3a89f3291ffc3dee0205f73b973281352b7d06","9dd21f9608b006138b0c98e12cde6ef1f3cbd45d6db8c007d80df0b619de04b6",383.341,523,"1f0ebe7383f6998116af92c3ccb0b6f66400c79cd62cc552284ecbfe1d89ea16",3.113,387.207,FALSE,FALSE,FALSE,FALSE,"closed",FALSE
"mv08o_residual_source_sentinel_v1","primary","SRA826293_SRS4181129","internal124",20260807,"sct_pearson_residual_all_qc_fit_selected384","exact500",4038,384,"c18a88184d5724f477342a8a09c552c9f27ba431fb95b6cdd2614a0a8c523811",500,"48e881ee753893bfaecd7101fc16fbcb552dd30a2a791fedfc7204d7b322a32e",TRUE,0,0.697630668230577,TRUE,"01caec2edf54dd653b2f6991beba550e2cf69d17cf9b2a957e618de041640914","612faacd47dd17b4692aa3fef37bcdbb65d0e79283b9ed27c46caf2350facbee",383.341,523,"1f0ebe7383f6998116af92c3ccb0b6f66400c79cd62cc552284ecbfe1d89ea16",3.113,387.353,FALSE,FALSE,FALSE,FALSE,"closed",FALSE
"mv08o_residual_source_sentinel_v1","primary","SRA826293_SRS4181129","internal124",20260808,"sct_data_all_qc_fit_selected384","exact500",4038,384,"3275f4d12c63561e7f4777e8f113dec4c6fc30bb7b7bea7e141ddd0f9c3b06df",500,"48e881ee753893bfaecd7101fc16fbcb552dd30a2a791fedfc7204d7b322a32e",TRUE,0,0.154214834288185,TRUE,"115b2e2b80e55e6c694788c2d1628a8fa86b6af7603997774cc253741bba5cfe","186196bd8a8144456e05d2c63c94cfd2326476c6e583d83b10dbfe4f7d742172",383.341,523,"1f0ebe7383f6998116af92c3ccb0b6f66400c79cd62cc552284ecbfe1d89ea16",3.113,387.494,FALSE,FALSE,FALSE,FALSE,"closed",FALSE
"mv08o_residual_source_sentinel_v1","primary","SRA826293_SRS4181129","internal124",20260808,"sct_pearson_residual_all_qc_fit_selected384","exact500",4038,384,"3275f4d12c63561e7f4777e8f113dec4c6fc30bb7b7bea7e141ddd0f9c3b06df",500,"48e881ee753893bfaecd7101fc16fbcb552dd30a2a791fedfc7204d7b322a32e",TRUE,0,0.707406347894033,TRUE,"fc3b6ca8e22444671e4fbc464ed92bbb25703b5ea895b9a6b53d7f74e82d6720","b435497cc55f9eccd9b5cd63dcc761ec00ed33a4ef397166939ecd9a8f485dbb",383.341,523,"1f0ebe7383f6998116af92c3ccb0b6f66400c79cd62cc552284ecbfe1d89ea16",3.113,387.64,FALSE,FALSE,FALSE,FALSE,"closed",FALSE
"mv08o_residual_source_sentinel_v1","primary","SRA826293_SRS4181129","internal124",20260809,"sct_data_all_qc_fit_selected384","exact500",4038,384,"6882ec03423313eb170df512f9b00b681f49eec5980dbd50b224ddccf610d553",500,"48e881ee753893bfaecd7101fc16fbcb552dd30a2a791fedfc7204d7b322a32e",TRUE,0,0.16000473619679,TRUE,"8bd699a079ad9d9603e3a82c3bd02c75830a43dc201f05eb7a56d61dd3113aac","e6921b3519d58de84a2620d00dc2c5c689b8f4cf3dd05b68d8a73664a50cb734",383.341,523,"1f0ebe7383f6998116af92c3ccb0b6f66400c79cd62cc552284ecbfe1d89ea16",3.113,387.782,FALSE,FALSE,FALSE,FALSE,"closed",FALSE
"mv08o_residual_source_sentinel_v1","primary","SRA826293_SRS4181129","internal124",20260809,"sct_pearson_residual_all_qc_fit_selected384","exact500",4038,384,"6882ec03423313eb170df512f9b00b681f49eec5980dbd50b224ddccf610d553",500,"48e881ee753893bfaecd7101fc16fbcb552dd30a2a791fedfc7204d7b322a32e",TRUE,0,0.71985183913676,TRUE,"731371904d0dd7cca3fdf9380167ad7079bd1ac4a54797ccdce4eb2019517e96","1f0a3ee81aa1e6a53b497d275087d788749bc9b3837729fa65c6f59e446da595",383.341,523,"1f0ebe7383f6998116af92c3ccb0b6f66400c79cd62cc552284ecbfe1d89ea16",3.113,387.928,FALSE,FALSE,FALSE,FALSE,"closed",FALSE
"mv08o_residual_source_sentinel_v1","primary","HCA_BM_007","external8",20260805,"sct_data_all_qc_fit_selected384","exact500",4076,384,"6db6eedbcb4ab8311dce86caac53b882b83f4912be6a22a5908230d393df9178",500,"48e881ee753893bfaecd7101fc16fbcb552dd30a2a791fedfc7204d7b322a32e",TRUE,1,0,FALSE,"8c36a5b368a194b419e32c66e1196af0db6aada1bb7d20152bec535480edd802","",503.931,567,"85b3c8df07c7859d19f3ad0590bbe2f6007bcf12c39054ff3e0932f1a2c92afc",2.04899999999998,506.065,FALSE,FALSE,FALSE,FALSE,"closed",FALSE
"mv08o_residual_source_sentinel_v1","primary","HCA_BM_007","external8",20260805,"sct_data_all_qc_fit_selected384","common475",4076,384,"6db6eedbcb4ab8311dce86caac53b882b83f4912be6a22a5908230d393df9178",475,"48e881ee753893bfaecd7101fc16fbcb552dd30a2a791fedfc7204d7b322a32e",TRUE,0,0.0928496256266981,TRUE,"eeb13e710249149a87f808d3a4cf6f2a74d65f3b6671bb1acc131fec6b7d5d83","2b31d279b6b81314e5123c51174f20fa1e5d1f7b673652e816ee877267cc97c5",503.931,567,"85b3c8df07c7859d19f3ad0590bbe2f6007bcf12c39054ff3e0932f1a2c92afc",2.04899999999998,506.181,FALSE,FALSE,FALSE,FALSE,"closed",FALSE
"mv08o_residual_source_sentinel_v1","primary","HCA_BM_007","external8",20260805,"sct_pearson_residual_all_qc_fit_selected384","exact500",4076,384,"6db6eedbcb4ab8311dce86caac53b882b83f4912be6a22a5908230d393df9178",500,"48e881ee753893bfaecd7101fc16fbcb552dd30a2a791fedfc7204d7b322a32e",TRUE,0,0.479958394816337,TRUE,"b9458ab2930f9a7cb900baceaae9cb01d7658e1cb320792be7581bd777a1de61","ec5bfe99c6072273e689e9ffd5003c414a01856aed8f40455a1ab6e49f916aa0",503.931,567,"85b3c8df07c7859d19f3ad0590bbe2f6007bcf12c39054ff3e0932f1a2c92afc",2.04899999999998,506.306,FALSE,FALSE,FALSE,FALSE,"closed",FALSE
"mv08o_residual_source_sentinel_v1","primary","HCA_BM_007","external8",20260805,"sct_pearson_residual_all_qc_fit_selected384","common475",4076,384,"6db6eedbcb4ab8311dce86caac53b882b83f4912be6a22a5908230d393df9178",475,"48e881ee753893bfaecd7101fc16fbcb552dd30a2a791fedfc7204d7b322a32e",TRUE,0,0.669136014389,TRUE,"5a9dcd6f71f397299ce3e808a56f9e7e9abb9d8bc6509201ee36e03af48d3d13","da394cd5a78be4c5158dfedb34f561fff4f5d433ad5b8f62a9fd87c8467f720d",503.931,567,"85b3c8df07c7859d19f3ad0590bbe2f6007bcf12c39054ff3e0932f1a2c92afc",2.04899999999998,506.42,FALSE,FALSE,FALSE,FALSE,"closed",FALSE
"mv08o_residual_source_sentinel_v1","primary","SRA779509_SRS3805253","internal124",20260805,"sct_data_all_qc_fit_selected384","exact500",4111,384,"149cde923c2de96bb8fc065edd84bc4bcc6d895f6e65a28901561d11897c5cc2",500,"48e881ee753893bfaecd7101fc16fbcb552dd30a2a791fedfc7204d7b322a32e",TRUE,0,0.250836914013386,TRUE,"2b5900409a758bf9b74058fe67fcf2866348d1c47ec408b12fa5d8761387a5ee","8e1c78ae92f4709a4f97ec75f1e9f20d04123094f604053d2bce927d59e6b677",480.473,425,"1f0ebe7383f6998116af92c3ccb0b6f66400c79cd62cc552284ecbfe1d89ea16",2.27600000000001,482.99,FALSE,FALSE,FALSE,FALSE,"closed",FALSE
"mv08o_residual_source_sentinel_v1","primary","SRA779509_SRS3805253","internal124",20260805,"sct_pearson_residual_all_qc_fit_selected384","exact500",4111,384,"149cde923c2de96bb8fc065edd84bc4bcc6d895f6e65a28901561d11897c5cc2",500,"48e881ee753893bfaecd7101fc16fbcb552dd30a2a791fedfc7204d7b322a32e",TRUE,0,0.679253823226798,TRUE,"7ca0f6764785cee1f64f8413aabe569e18b87f217cc8b4323c7afcfd63817199","b7ac7415f620b7a33a920293d84f3e507766e4c30e459b2b55d09958bb5b1c8d",480.473,425,"1f0ebe7383f6998116af92c3ccb0b6f66400c79cd62cc552284ecbfe1d89ea16",2.27600000000001,483.121,FALSE,FALSE,FALSE,FALSE,"closed",FALSE
"mv08o_residual_source_sentinel_v1","primary","SRA779509_SRS3805253","internal124",20260806,"sct_data_all_qc_fit_selected384","exact500",4111,384,"978b472ad868294116bc5e511492a4aceffb93490e15cdeb0998cc2f5efb6518",500,"48e881ee753893bfaecd7101fc16fbcb552dd30a2a791fedfc7204d7b322a32e",TRUE,0,0.234121940108277,TRUE,"2d02527ddbf7a1aabc34c1f8b6b1a80a343d7033d393ed34c3554c55c32f4b4f","0fdb682fc1e14c7fb512d97573a443734e77ac86d04b09d2370a918d5990db95",480.473,425,"1f0ebe7383f6998116af92c3ccb0b6f66400c79cd62cc552284ecbfe1d89ea16",2.27600000000001,483.264,FALSE,FALSE,FALSE,FALSE,"closed",FALSE
"mv08o_residual_source_sentinel_v1","primary","SRA779509_SRS3805253","internal124",20260806,"sct_pearson_residual_all_qc_fit_selected384","exact500",4111,384,"978b472ad868294116bc5e511492a4aceffb93490e15cdeb0998cc2f5efb6518",500,"48e881ee753893bfaecd7101fc16fbcb552dd30a2a791fedfc7204d7b322a32e",TRUE,0,0.696440705658496,TRUE,"5082c56f6a0de1baa49ab50017f513ce2d987148a0aa588325aa0474c6be6e24","c01b707129935c516c5f0134277744100c72e1ec7b90ba0c3d581fc126823242",480.473,425,"1f0ebe7383f6998116af92c3ccb0b6f66400c79cd62cc552284ecbfe1d89ea16",2.27600000000001,483.412,FALSE,FALSE,FALSE,FALSE,"closed",FALSE
"mv08o_residual_source_sentinel_v1","primary","SRA779509_SRS3805253","internal124",20260807,"sct_data_all_qc_fit_selected384","exact500",4111,384,"c8a6f7cdc3daf34be425d301312bac0fcde2f2e759a45c323be6ac10c317a5c6",500,"48e881ee753893bfaecd7101fc16fbcb552dd30a2a791fedfc7204d7b322a32e",TRUE,0,0.232821309437302,TRUE,"fd43dc94b4e850a1227023a83c8f02585de6ed67324666359af80fe268fc7bb9","09427a4d9145f4fe19c58aed019ec0b636290b0f1a42a55fb14dfecbbe226c62",480.473,425,"1f0ebe7383f6998116af92c3ccb0b6f66400c79cd62cc552284ecbfe1d89ea16",2.27600000000001,483.561,FALSE,FALSE,FALSE,FALSE,"closed",FALSE
"mv08o_residual_source_sentinel_v1","primary","SRA779509_SRS3805253","internal124",20260807,"sct_pearson_residual_all_qc_fit_selected384","exact500",4111,384,"c8a6f7cdc3daf34be425d301312bac0fcde2f2e759a45c323be6ac10c317a5c6",500,"48e881ee753893bfaecd7101fc16fbcb552dd30a2a791fedfc7204d7b322a32e",TRUE,0,0.665133382344013,TRUE,"78fa0417a2f88d60fd9f7c90edd9d192823d0f771b1a395d9af62e2863533672","0dffb5fe4f6af4acf1f8cb26281c0db622466fba17fae0b4b3f5b5ec64f7ffb8",480.473,425,"1f0ebe7383f6998116af92c3ccb0b6f66400c79cd62cc552284ecbfe1d89ea16",2.27600000000001,483.703,FALSE,FALSE,FALSE,FALSE,"closed",FALSE
"mv08o_residual_source_sentinel_v1","primary","SRA779509_SRS3805253","internal124",20260808,"sct_data_all_qc_fit_selected384","exact500",4111,384,"707702bdc76319ca8d84fa604b08862d34833f0381cf6de93fdf69094fa849a7",500,"48e881ee753893bfaecd7101fc16fbcb552dd30a2a791fedfc7204d7b322a32e",TRUE,0,0.248463744003978,TRUE,"bfe137a316dad4bf28be2686d162d0a22185fcb4529d63971ff3c7f5ffdbbfa0","441a3565ccc58d72cea099dd2c0e60fb87acc09cbcab89710f7d18c3f90fadf6",480.473,425,"1f0ebe7383f6998116af92c3ccb0b6f66400c79cd62cc552284ecbfe1d89ea16",2.27600000000001,483.843,FALSE,FALSE,FALSE,FALSE,"closed",FALSE
"mv08o_residual_source_sentinel_v1","primary","SRA779509_SRS3805253","internal124",20260808,"sct_pearson_residual_all_qc_fit_selected384","exact500",4111,384,"707702bdc76319ca8d84fa604b08862d34833f0381cf6de93fdf69094fa849a7",500,"48e881ee753893bfaecd7101fc16fbcb552dd30a2a791fedfc7204d7b322a32e",TRUE,0,0.656523845210765,TRUE,"4a6130fa1201a61452d157856176c4f4d15863bbea5c2dcb2a1a978becbfb5a9","a83def352c2069e436059e2d63f73ecea46ef2b7204336357a12447ab115c25f",480.473,425,"1f0ebe7383f6998116af92c3ccb0b6f66400c79cd62cc552284ecbfe1d89ea16",2.27600000000001,483.991,FALSE,FALSE,FALSE,FALSE,"closed",FALSE
"mv08o_residual_source_sentinel_v1","primary","SRA779509_SRS3805253","internal124",20260809,"sct_data_all_qc_fit_selected384","exact500",4111,384,"f51745e350448aae1972f39cdd7e3e7bb94ee4d0e8e8b609028407ea16214361",500,"48e881ee753893bfaecd7101fc16fbcb552dd30a2a791fedfc7204d7b322a32e",TRUE,0,0.244521089727701,TRUE,"72ed3e0f9f90a04d6b5e9511b18b9be678a2bd2eec437829ae9ba2a553e63f5e","4e52f3c098752aa12e79eb0cbc6232e1e8988f0877d5bd84948a25a487faeb4b",480.473,425,"1f0ebe7383f6998116af92c3ccb0b6f66400c79cd62cc552284ecbfe1d89ea16",2.27600000000001,484.133,FALSE,FALSE,FALSE,FALSE,"closed",FALSE
"mv08o_residual_source_sentinel_v1","primary","SRA779509_SRS3805253","internal124",20260809,"sct_pearson_residual_all_qc_fit_selected384","exact500",4111,384,"f51745e350448aae1972f39cdd7e3e7bb94ee4d0e8e8b609028407ea16214361",500,"48e881ee753893bfaecd7101fc16fbcb552dd30a2a791fedfc7204d7b322a32e",TRUE,0,0.67315038316738,TRUE,"0f6f10020b05e357cf8d6ec2cc9735b7860b6ee3c64d2120aca93a886253dc4f","3d49e409250834ac5c90bb59ae37b53c5e11bd6ec8421288beac67fe5a3abb9c",480.473,425,"1f0ebe7383f6998116af92c3ccb0b6f66400c79cd62cc552284ecbfe1d89ea16",2.27600000000001,484.854,FALSE,FALSE,FALSE,FALSE,"closed",FALSE
"mv08o_residual_source_sentinel_v1","primary","SRA703206_SRS3296611","internal124",20260805,"sct_data_all_qc_fit_selected384","exact500",4175,384,"59e5b7f29946ca7acd2e42bae7568048cdcd6557451c870e43170b8ba6937514",500,"48e881ee753893bfaecd7101fc16fbcb552dd30a2a791fedfc7204d7b322a32e",TRUE,0,0.25443102095871,TRUE,"8cd8754dcf9cca50e592fa42742d80ca8ba98982ed98614035af19777472918f","4d55eaa9fda663a2c2215165547e6a29c86a6d9a280da97d2553a0e085450678",510.974,344,"1f0ebe7383f6998116af92c3ccb0b6f66400c79cd62cc552284ecbfe1d89ea16",2.78300000000002,514.163,FALSE,FALSE,FALSE,FALSE,"closed",FALSE
"mv08o_residual_source_sentinel_v1","primary","SRA703206_SRS3296611","internal124",20260805,"sct_pearson_residual_all_qc_fit_selected384","exact500",4175,384,"59e5b7f29946ca7acd2e42bae7568048cdcd6557451c870e43170b8ba6937514",500,"48e881ee753893bfaecd7101fc16fbcb552dd30a2a791fedfc7204d7b322a32e",TRUE,0,0.605123577753557,TRUE,"a45ebde65355b9c9a13e2b38a19c8a1b25a98bd018073f78ee22fb0fa97a8bfd","dd7cd57163faf55a062e91babc2ca702c7fe3fa686eb5de21a359528e71942f6",510.974,344,"1f0ebe7383f6998116af92c3ccb0b6f66400c79cd62cc552284ecbfe1d89ea16",2.78300000000002,514.291,FALSE,FALSE,FALSE,FALSE,"closed",FALSE
"mv08o_residual_source_sentinel_v1","primary","SRA703206_SRS3296611","internal124",20260806,"sct_data_all_qc_fit_selected384","exact500",4175,384,"7a2b0cebf21c258082ce984c1dc330a3ba500de7a86660986964c24f982a91db",500,"48e881ee753893bfaecd7101fc16fbcb552dd30a2a791fedfc7204d7b322a32e",TRUE,0,0.252455107402173,TRUE,"c58ce956bbcace8d3e5875ddba0e102704a5e917457d6978978a7ac55bdc8ada","7fb57be193bea5ef6c787b388d1a81b679a82dac466798d965eab47a6e0304e0",510.974,344,"1f0ebe7383f6998116af92c3ccb0b6f66400c79cd62cc552284ecbfe1d89ea16",2.78300000000002,514.413,FALSE,FALSE,FALSE,FALSE,"closed",FALSE
"mv08o_residual_source_sentinel_v1","primary","SRA703206_SRS3296611","internal124",20260806,"sct_pearson_residual_all_qc_fit_selected384","exact500",4175,384,"7a2b0cebf21c258082ce984c1dc330a3ba500de7a86660986964c24f982a91db",500,"48e881ee753893bfaecd7101fc16fbcb552dd30a2a791fedfc7204d7b322a32e",TRUE,0,0.660421662741884,TRUE,"96580676a77069666db99f74b5103e07a41253ba6dcba1f1416f743502e685c1","905308462ca05bfa91dd261177dc5a83e235e7f3d954e9bd353cd51ab617986c",510.974,344,"1f0ebe7383f6998116af92c3ccb0b6f66400c79cd62cc552284ecbfe1d89ea16",2.78300000000002,514.556,FALSE,FALSE,FALSE,FALSE,"closed",FALSE
"mv08o_residual_source_sentinel_v1","primary","SRA703206_SRS3296611","internal124",20260807,"sct_data_all_qc_fit_selected384","exact500",4175,384,"6d42f4b3a3da80857830a6599576ec0e7371fed788220aca85c7a9767b17405b",500,"48e881ee753893bfaecd7101fc16fbcb552dd30a2a791fedfc7204d7b322a32e",TRUE,0,0.266401073224705,TRUE,"3a22e04e82308cdc49fae0109581df2c98c898574ca7eeff1e8a6575469d2745","e18bac0abb1d323f2a6bd1eee9120413015d66df63a457bcbcad7c56317abf16",510.974,344,"1f0ebe7383f6998116af92c3ccb0b6f66400c79cd62cc552284ecbfe1d89ea16",2.78300000000002,514.702,FALSE,FALSE,FALSE,FALSE,"closed",FALSE
"mv08o_residual_source_sentinel_v1","primary","SRA703206_SRS3296611","internal124",20260807,"sct_pearson_residual_all_qc_fit_selected384","exact500",4175,384,"6d42f4b3a3da80857830a6599576ec0e7371fed788220aca85c7a9767b17405b",500,"48e881ee753893bfaecd7101fc16fbcb552dd30a2a791fedfc7204d7b322a32e",TRUE,0,0.640474410607218,TRUE,"4d3fcd152cb57e3daf857eb9bb02079ded2fc770f925de67c1a4bdd585783c20","5954a649827d152d530573006f10305abcc45b1ce07ddc38c9bfae85225482ba",510.974,344,"1f0ebe7383f6998116af92c3ccb0b6f66400c79cd62cc552284ecbfe1d89ea16",2.78300000000002,514.853,FALSE,FALSE,FALSE,FALSE,"closed",FALSE
"mv08o_residual_source_sentinel_v1","primary","SRA703206_SRS3296611","internal124",20260808,"sct_data_all_qc_fit_selected384","exact500",4175,384,"4876c8adf08dbbc43ac1742a53202bec9e45ebe19188b718633bde33869fc14e",500,"48e881ee753893bfaecd7101fc16fbcb552dd30a2a791fedfc7204d7b322a32e",TRUE,0,0.244002158059784,TRUE,"7be0af4c58b9e08407f6bb5a737812bdebf8faf83f1dd4bf90618bb735993b56","dbc2970db745a7538e52c30a112d0d5e9d8268ec0e09e265ce1c89ece711956d",510.974,344,"1f0ebe7383f6998116af92c3ccb0b6f66400c79cd62cc552284ecbfe1d89ea16",2.78300000000002,514.999,FALSE,FALSE,FALSE,FALSE,"closed",FALSE
"mv08o_residual_source_sentinel_v1","primary","SRA703206_SRS3296611","internal124",20260808,"sct_pearson_residual_all_qc_fit_selected384","exact500",4175,384,"4876c8adf08dbbc43ac1742a53202bec9e45ebe19188b718633bde33869fc14e",500,"48e881ee753893bfaecd7101fc16fbcb552dd30a2a791fedfc7204d7b322a32e",TRUE,0,0.60582654043587,TRUE,"e31c9a4e06f1d2ff7220167b8e151b6e996efcb210cb8fa3082dcc75d80bfc56","d80d890f90031c31d172a57dd21b61122fe0a6f5e74fdd8828f82906622fe941",510.974,344,"1f0ebe7383f6998116af92c3ccb0b6f66400c79cd62cc552284ecbfe1d89ea16",2.78300000000002,515.145,FALSE,FALSE,FALSE,FALSE,"closed",FALSE
"mv08o_residual_source_sentinel_v1","primary","SRA703206_SRS3296611","internal124",20260809,"sct_data_all_qc_fit_selected384","exact500",4175,384,"a5ecb8edccdf0402b5e955a7427b4b5fac8239a9deb47c124f63ab7ca9a66e6d",500,"48e881ee753893bfaecd7101fc16fbcb552dd30a2a791fedfc7204d7b322a32e",TRUE,0,0.258207887971398,TRUE,"4a900f8449131ee36ab5b4e7cd98b17b324cb7605d0a9a6af7309588ca918d23","b3f265edf4fd361680cfcf239ece8b6efaab81e887d94acb42f49980df414c3b",510.974,344,"1f0ebe7383f6998116af92c3ccb0b6f66400c79cd62cc552284ecbfe1d89ea16",2.78300000000002,515.343,FALSE,FALSE,FALSE,FALSE,"closed",FALSE
"mv08o_residual_source_sentinel_v1","primary","SRA703206_SRS3296611","internal124",20260809,"sct_pearson_residual_all_qc_fit_selected384","exact500",4175,384,"a5ecb8edccdf0402b5e955a7427b4b5fac8239a9deb47c124f63ab7ca9a66e6d",500,"48e881ee753893bfaecd7101fc16fbcb552dd30a2a791fedfc7204d7b322a32e",TRUE,0,0.64417483299153,TRUE,"eaed07999ee65f08e3792a29cef98417fd8dc9575367fdc6a37920ec618b2ef4","fbf44e2ce1b8b2ea8acf06a94161ec92178ca2ceb69e1e4a7c810cb10d636fe3",510.974,344,"1f0ebe7383f6998116af92c3ccb0b6f66400c79cd62cc552284ecbfe1d89ea16",2.78300000000002,515.489,FALSE,FALSE,FALSE,FALSE,"closed",FALSE
"mv08o_residual_source_sentinel_v1","primary","SRA645804_SRS2823404","internal124",20260805,"sct_data_all_qc_fit_selected384","exact500",4205,384,"b483a90ac75b54341b4667e3143eda4b1cc82fda9b43b63f83ea3460e4de5bd9",500,"48e881ee753893bfaecd7101fc16fbcb552dd30a2a791fedfc7204d7b322a32e",TRUE,0,0.128190547081909,TRUE,"a1a9e2fcb63b0c33c0dad7cbface039221f68a0e3ca402b73ce3c07e2791c28b","a230d1e725533100da61e3d20e89d23c7e53d8f1a9d086cb363d2ab79599744c",336.824,276,"ca6942c97dd850b48cc06efc622330e36c7e5325ae6e5499d209bb4e9339e9a9",4.74899999999997,341.887,FALSE,FALSE,FALSE,FALSE,"closed",FALSE
"mv08o_residual_source_sentinel_v1","primary","SRA645804_SRS2823404","internal124",20260805,"sct_pearson_residual_all_qc_fit_selected384","exact500",4205,384,"b483a90ac75b54341b4667e3143eda4b1cc82fda9b43b63f83ea3460e4de5bd9",500,"48e881ee753893bfaecd7101fc16fbcb552dd30a2a791fedfc7204d7b322a32e",TRUE,0,0.813599399109904,TRUE,"593e66e4f1573d9eef7e6b479952fd40129a2db660d95b91a9e99795953406d7","84322d3d8ce000a6bf129f7044841a67cdfbb4fdd36132e65d046fbddc6ba359",336.824,276,"ca6942c97dd850b48cc06efc622330e36c7e5325ae6e5499d209bb4e9339e9a9",4.74899999999997,342.014,FALSE,FALSE,FALSE,FALSE,"closed",FALSE
"mv08o_residual_source_sentinel_v1","primary","SRA645804_SRS2823404","internal124",20260806,"sct_data_all_qc_fit_selected384","exact500",4205,384,"e7bd4a49f1c5f898b82ded28f56eb682733d1f58fdb7b68f3a4415a175447a9d",500,"48e881ee753893bfaecd7101fc16fbcb552dd30a2a791fedfc7204d7b322a32e",TRUE,0,0.110534095808994,TRUE,"7dfd1da7965993551b6b7ea199d1187952ac49639b76c9d78537d2869fa2900d","53326d2280dae191b0c2d116ec0952d83f42d35ec1229333bbe0a226ee995e18",336.824,276,"ca6942c97dd850b48cc06efc622330e36c7e5325ae6e5499d209bb4e9339e9a9",4.74899999999997,342.135,FALSE,FALSE,FALSE,FALSE,"closed",FALSE
"mv08o_residual_source_sentinel_v1","primary","SRA645804_SRS2823404","internal124",20260806,"sct_pearson_residual_all_qc_fit_selected384","exact500",4205,384,"e7bd4a49f1c5f898b82ded28f56eb682733d1f58fdb7b68f3a4415a175447a9d",500,"48e881ee753893bfaecd7101fc16fbcb552dd30a2a791fedfc7204d7b322a32e",TRUE,0,0.799072033232221,TRUE,"6efbba994e6c31b77f43780b893e90033bfb0617fdb328e574d7f7dbeba803d9","ba8c3c1361bac622de1206409b1e0466cb9e5fcab95b99bcd435cb18dfbf0de8",336.824,276,"ca6942c97dd850b48cc06efc622330e36c7e5325ae6e5499d209bb4e9339e9a9",4.74899999999997,342.263,FALSE,FALSE,FALSE,FALSE,"closed",FALSE
"mv08o_residual_source_sentinel_v1","primary","SRA645804_SRS2823404","internal124",20260807,"sct_data_all_qc_fit_selected384","exact500",4205,384,"00f2c603b5b55c4d1058497ad26c76df9fa931ef6ca0947527e4910a19111e43",500,"48e881ee753893bfaecd7101fc16fbcb552dd30a2a791fedfc7204d7b322a32e",TRUE,0,0.135146626063876,TRUE,"f0bf6b5eac10c9fab30badfdcac8550077e1a6e5b295a9be78515616437e20de","f1e0ded5135174a81c98b10c1983f4c1ff5e58fb7c9a9d3e8750309a05d60afd",336.824,276,"ca6942c97dd850b48cc06efc622330e36c7e5325ae6e5499d209bb4e9339e9a9",4.74899999999997,342.384,FALSE,FALSE,FALSE,FALSE,"closed",FALSE
"mv08o_residual_source_sentinel_v1","primary","SRA645804_SRS2823404","internal124",20260807,"sct_pearson_residual_all_qc_fit_selected384","exact500",4205,384,"00f2c603b5b55c4d1058497ad26c76df9fa931ef6ca0947527e4910a19111e43",500,"48e881ee753893bfaecd7101fc16fbcb552dd30a2a791fedfc7204d7b322a32e",TRUE,0,0.825478965467111,TRUE,"d2190c38bbe54ad2c24c4f4fe22d8a91aab4fdd42e3a24511080a7e8809c2b2e","2ecb4b00bb0dbaa5a85f1f89fb6eaf0f758ac2d46c3ff02f80d20cc347ce0c60",336.824,276,"ca6942c97dd850b48cc06efc622330e36c7e5325ae6e5499d209bb4e9339e9a9",4.74899999999997,342.511,FALSE,FALSE,FALSE,FALSE,"closed",FALSE
"mv08o_residual_source_sentinel_v1","primary","SRA645804_SRS2823404","internal124",20260808,"sct_data_all_qc_fit_selected384","exact500",4205,384,"e7b0ea70ff64559b92a114b90dae55e8e24c75b448af24785bddc03a85b8a1ef",500,"48e881ee753893bfaecd7101fc16fbcb552dd30a2a791fedfc7204d7b322a32e",TRUE,0,0.0991286924845521,TRUE,"f2e7aada88014f4681073c82676a6fe1277b0b9b87ffa6ccb9dbef68422eb6c1","872f2da747ddcb7961b06df715007e719e9ceff09f74faf51bd47018dde796f0",336.824,276,"ca6942c97dd850b48cc06efc622330e36c7e5325ae6e5499d209bb4e9339e9a9",4.74899999999997,342.632,FALSE,FALSE,FALSE,FALSE,"closed",FALSE
"mv08o_residual_source_sentinel_v1","primary","SRA645804_SRS2823404","internal124",20260808,"sct_pearson_residual_all_qc_fit_selected384","exact500",4205,384,"e7b0ea70ff64559b92a114b90dae55e8e24c75b448af24785bddc03a85b8a1ef",500,"48e881ee753893bfaecd7101fc16fbcb552dd30a2a791fedfc7204d7b322a32e",TRUE,0,0.675552609339099,TRUE,"9db4dc641bf51273d48412dcab70c184c31837ddbc8258e0e647ded65ff07e69","c274d9f2cd2071f434f804317b8e7f4ffac6b714afbd1fd572b87f61866ade04",336.824,276,"ca6942c97dd850b48cc06efc622330e36c7e5325ae6e5499d209bb4e9339e9a9",4.74899999999997,342.758,FALSE,FALSE,FALSE,FALSE,"closed",FALSE
"mv08o_residual_source_sentinel_v1","primary","SRA645804_SRS2823404","internal124",20260809,"sct_data_all_qc_fit_selected384","exact500",4205,384,"b688d82356b3b9dda03ba135998e0e3bd1efd94c8c7c42b831a77e84beedf4c1",500,"48e881ee753893bfaecd7101fc16fbcb552dd30a2a791fedfc7204d7b322a32e",TRUE,0,0.105001946614312,TRUE,"2c597123dee12973f312dc120c1482de7efa3eda1b12c7c5efbae4f733017137","3c3c58edcd0434d9a3bb85812056334904704829de91a167e2afe973a3f65219",336.824,276,"ca6942c97dd850b48cc06efc622330e36c7e5325ae6e5499d209bb4e9339e9a9",4.74899999999997,342.878,FALSE,FALSE,FALSE,FALSE,"closed",FALSE
"mv08o_residual_source_sentinel_v1","primary","SRA645804_SRS2823404","internal124",20260809,"sct_pearson_residual_all_qc_fit_selected384","exact500",4205,384,"b688d82356b3b9dda03ba135998e0e3bd1efd94c8c7c42b831a77e84beedf4c1",500,"48e881ee753893bfaecd7101fc16fbcb552dd30a2a791fedfc7204d7b322a32e",TRUE,0,0.699496987705327,TRUE,"f83639663be8c7a30c0491a7261230250398fbc00a96e04f9eef16737937ffc3","87b08570a397cfe05fd664bfe9980352b13de3a214d507ab701df33980a2b4fe",336.824,276,"ca6942c97dd850b48cc06efc622330e36c7e5325ae6e5499d209bb4e9339e9a9",4.74899999999997,343.003,FALSE,FALSE,FALSE,FALSE,"closed",FALSE
"mv08o_residual_source_sentinel_v1","primary","SRA703206_SRS3296614","internal124",20260805,"sct_data_all_qc_fit_selected384","exact500",4223,384,"eb44ee36be451e9a2f97523bd3a888c1bfd58e74a7379a3fc0b7e27ed42735ff",500,"48e881ee753893bfaecd7101fc16fbcb552dd30a2a791fedfc7204d7b322a32e",TRUE,0,0.362848072657872,TRUE,"3016a580cd21eda1eacc2c7be0ec4f98eb64e806ff8aaee52f703f9ccf7290d3","a66febf660ab10ab2e24b08969d7fa773e6d5587861d75d0218f7ca2274395b7",408.131,662,"1f0ebe7383f6998116af92c3ccb0b6f66400c79cd62cc552284ecbfe1d89ea16",3.12700000000001,411.531,FALSE,FALSE,FALSE,FALSE,"closed",FALSE
"mv08o_residual_source_sentinel_v1","primary","SRA703206_SRS3296614","internal124",20260805,"sct_pearson_residual_all_qc_fit_selected384","exact500",4223,384,"eb44ee36be451e9a2f97523bd3a888c1bfd58e74a7379a3fc0b7e27ed42735ff",500,"48e881ee753893bfaecd7101fc16fbcb552dd30a2a791fedfc7204d7b322a32e",TRUE,0,0.633922388983475,TRUE,"aff742bef472d6a82b1fbe16eda7dcc99ab762fb94e02f4f090ed484957e9f7b","8bfa350ed73afdd0cd161b4f4c41478bb326f7a10f967b2430a3eb44d4c9693c",408.131,662,"1f0ebe7383f6998116af92c3ccb0b6f66400c79cd62cc552284ecbfe1d89ea16",3.12700000000001,411.654,FALSE,FALSE,FALSE,FALSE,"closed",FALSE
"mv08o_residual_source_sentinel_v1","primary","SRA703206_SRS3296614","internal124",20260806,"sct_data_all_qc_fit_selected384","exact500",4223,384,"c77fd068c70dc8990cbd57df0f9c23ab8b1955a54412d9ee1f5ba1321dadf71e",500,"48e881ee753893bfaecd7101fc16fbcb552dd30a2a791fedfc7204d7b322a32e",TRUE,0,0.353500627213087,TRUE,"21545c4b865b701b528d7a0b626346f53910b5ecd3934558ec7613c5c7602506","d33d804bc04be23a93b80a720535b6dd82f69cf5c6a6a563d706a1830369a047",408.131,662,"1f0ebe7383f6998116af92c3ccb0b6f66400c79cd62cc552284ecbfe1d89ea16",3.12700000000001,411.772,FALSE,FALSE,FALSE,FALSE,"closed",FALSE
"mv08o_residual_source_sentinel_v1","primary","SRA703206_SRS3296614","internal124",20260806,"sct_pearson_residual_all_qc_fit_selected384","exact500",4223,384,"c77fd068c70dc8990cbd57df0f9c23ab8b1955a54412d9ee1f5ba1321dadf71e",500,"48e881ee753893bfaecd7101fc16fbcb552dd30a2a791fedfc7204d7b322a32e",TRUE,0,0.619960025595632,TRUE,"ff0118d610ac0cc627d36a292e0b2bad6730add320b83cfdb539782383a40bbb","5ca03cd9b1cef76a317f866421290508c2f9bd02d43290ee9de046e6657ebe35",408.131,662,"1f0ebe7383f6998116af92c3ccb0b6f66400c79cd62cc552284ecbfe1d89ea16",3.12700000000001,411.895,FALSE,FALSE,FALSE,FALSE,"closed",FALSE
"mv08o_residual_source_sentinel_v1","primary","SRA703206_SRS3296614","internal124",20260807,"sct_data_all_qc_fit_selected384","exact500",4223,384,"2fd9dcf2c8edc1959620095d55cd1d33dcc1f958ae82285410a550476084a9e6",500,"48e881ee753893bfaecd7101fc16fbcb552dd30a2a791fedfc7204d7b322a32e",TRUE,0,0.369566413065397,TRUE,"61e1635e445b036b6f3a59ad360c9f40f902e25cc2781a3381cc8f97dd210194","b1a8de081d28ad0c76d1141f7b1852f291708e718923da61ad99ff246f74aa15",408.131,662,"1f0ebe7383f6998116af92c3ccb0b6f66400c79cd62cc552284ecbfe1d89ea16",3.12700000000001,412.013,FALSE,FALSE,FALSE,FALSE,"closed",FALSE
"mv08o_residual_source_sentinel_v1","primary","SRA703206_SRS3296614","internal124",20260807,"sct_pearson_residual_all_qc_fit_selected384","exact500",4223,384,"2fd9dcf2c8edc1959620095d55cd1d33dcc1f958ae82285410a550476084a9e6",500,"48e881ee753893bfaecd7101fc16fbcb552dd30a2a791fedfc7204d7b322a32e",TRUE,0,0.643539598652523,TRUE,"99a3f811d3dfdc35ebb85c39988ca314d812c1d5f44cf7c3b03f23473a44b524","844b5d69ba7f82b6a6f6744defa28b8b56bad6953d5c818533f00d04b228858c",408.131,662,"1f0ebe7383f6998116af92c3ccb0b6f66400c79cd62cc552284ecbfe1d89ea16",3.12700000000001,412.137,FALSE,FALSE,FALSE,FALSE,"closed",FALSE
"mv08o_residual_source_sentinel_v1","primary","SRA703206_SRS3296614","internal124",20260808,"sct_data_all_qc_fit_selected384","exact500",4223,384,"bc65caabcb688f5ddaa241a383c7131f7043180377e5df0e8cb596e902beba26",500,"48e881ee753893bfaecd7101fc16fbcb552dd30a2a791fedfc7204d7b322a32e",TRUE,0,0.35454430346207,TRUE,"cddfaa06469ef5ab3e60f58332a6280eb567627cc58cf685ddd3149de246fb8d","9db4f9b4c19a63119ac06a26009bb2af946403c642ece1878a7d1f0a053caf92",408.131,662,"1f0ebe7383f6998116af92c3ccb0b6f66400c79cd62cc552284ecbfe1d89ea16",3.12700000000001,412.254,FALSE,FALSE,FALSE,FALSE,"closed",FALSE
"mv08o_residual_source_sentinel_v1","primary","SRA703206_SRS3296614","internal124",20260808,"sct_pearson_residual_all_qc_fit_selected384","exact500",4223,384,"bc65caabcb688f5ddaa241a383c7131f7043180377e5df0e8cb596e902beba26",500,"48e881ee753893bfaecd7101fc16fbcb552dd30a2a791fedfc7204d7b322a32e",TRUE,0,0.662241445996105,TRUE,"8dd964a9b7e90bb98a6b2f63bdf0e30eef4417fc452602a3f39c649b6652a544","c22da26aeb60c2f871c4d576e0eebb6189f84be142052515802d5aa0b890d0d4",408.131,662,"1f0ebe7383f6998116af92c3ccb0b6f66400c79cd62cc552284ecbfe1d89ea16",3.12700000000001,412.378,FALSE,FALSE,FALSE,FALSE,"closed",FALSE
"mv08o_residual_source_sentinel_v1","primary","SRA703206_SRS3296614","internal124",20260809,"sct_data_all_qc_fit_selected384","exact500",4223,384,"0cd5369f2895c4fd0245ae508aac41ab45aa049e1937f399a4a8a693ba240518",500,"48e881ee753893bfaecd7101fc16fbcb552dd30a2a791fedfc7204d7b322a32e",TRUE,0,0.363018836411263,TRUE,"dfd377f8e86f8a00210db51cb36044716ca300c896b5c79ec8b10105b6e70f89","5cc0f62c9163af9c89707e12498eaa44c8da89bd1f752fb6e63fca233d5f5771",408.131,662,"1f0ebe7383f6998116af92c3ccb0b6f66400c79cd62cc552284ecbfe1d89ea16",3.12700000000001,412.498,FALSE,FALSE,FALSE,FALSE,"closed",FALSE
"mv08o_residual_source_sentinel_v1","primary","SRA703206_SRS3296614","internal124",20260809,"sct_pearson_residual_all_qc_fit_selected384","exact500",4223,384,"0cd5369f2895c4fd0245ae508aac41ab45aa049e1937f399a4a8a693ba240518",500,"48e881ee753893bfaecd7101fc16fbcb552dd30a2a791fedfc7204d7b322a32e",TRUE,0,0.641135776133532,TRUE,"5ec032f5fd26203ef3e0035d10c1391de2b3207632cb45e86b23a7b228d569cb","f8a6c6c80fbb905f5d10f21df09e8ed08855de052c347f081b4920bb06b1a088",408.131,662,"1f0ebe7383f6998116af92c3ccb0b6f66400c79cd62cc552284ecbfe1d89ea16",3.12700000000001,412.621,FALSE,FALSE,FALSE,FALSE,"closed",FALSE
"mv08o_residual_source_sentinel_v1","primary","SRA645804_SRS2823406","internal124",20260805,"sct_data_all_qc_fit_selected384","exact500",4297,384,"96519fb74e57b0c0ba755e5b54377afda3bd26548862227f6ef64d36ab3615c6",500,"48e881ee753893bfaecd7101fc16fbcb552dd30a2a791fedfc7204d7b322a32e",TRUE,0,0.134468101868747,TRUE,"11ec0da7e96f8f3cc85405bc4c006c6e42940605758fb94ce02d7737f99f28fd","0fcf8953dc16cf0e66e24d341bf0fadda976b72d9a8d80acb0916e0d9105d637",353.49,431,"ca6942c97dd850b48cc06efc622330e36c7e5325ae6e5499d209bb4e9339e9a9",4.47000000000003,358.309,FALSE,FALSE,FALSE,FALSE,"closed",FALSE
"mv08o_residual_source_sentinel_v1","primary","SRA645804_SRS2823406","internal124",20260805,"sct_pearson_residual_all_qc_fit_selected384","exact500",4297,384,"96519fb74e57b0c0ba755e5b54377afda3bd26548862227f6ef64d36ab3615c6",500,"48e881ee753893bfaecd7101fc16fbcb552dd30a2a791fedfc7204d7b322a32e",TRUE,0,0.699459627263328,TRUE,"3178c4c83163fe2c5e6e632eaba938914999a38dbd38dd8a5037195d276d2a73","decedb94bef782aa77d866e26e9d37bd7029fdad2e7eafbae2ff568054fbdad8",353.49,431,"ca6942c97dd850b48cc06efc622330e36c7e5325ae6e5499d209bb4e9339e9a9",4.47000000000003,358.463,FALSE,FALSE,FALSE,FALSE,"closed",FALSE
"mv08o_residual_source_sentinel_v1","primary","SRA645804_SRS2823406","internal124",20260806,"sct_data_all_qc_fit_selected384","exact500",4297,384,"0f6a7c53a1faf53c310d7e902b38f96d9e3198b8f479722c8d295a9af7b1a569",500,"48e881ee753893bfaecd7101fc16fbcb552dd30a2a791fedfc7204d7b322a32e",TRUE,0,0.118639393939318,TRUE,"002a0801d76d9a5409b5a97b3c591ca1701f4a8e394469932eddd9383c680258","e52b7f7244c533c7a6c568c23116e88dd54c8f9f0f8661e54cb989a2f37ee1ce",353.49,431,"ca6942c97dd850b48cc06efc622330e36c7e5325ae6e5499d209bb4e9339e9a9",4.47000000000003,358.6,FALSE,FALSE,FALSE,FALSE,"closed",FALSE
"mv08o_residual_source_sentinel_v1","primary","SRA645804_SRS2823406","internal124",20260806,"sct_pearson_residual_all_qc_fit_selected384","exact500",4297,384,"0f6a7c53a1faf53c310d7e902b38f96d9e3198b8f479722c8d295a9af7b1a569",500,"48e881ee753893bfaecd7101fc16fbcb552dd30a2a791fedfc7204d7b322a32e",TRUE,0,0.772037569755314,TRUE,"5b900e6791975224e7a461d5e0687207f9054c6346f1f454298cb3e9481449d5","e41890b09d4d3820efd6f08876f92dca0ecbfc03e910179e1593310339316cc1",353.49,431,"ca6942c97dd850b48cc06efc622330e36c7e5325ae6e5499d209bb4e9339e9a9",4.47000000000003,358.74,FALSE,FALSE,FALSE,FALSE,"closed",FALSE
"mv08o_residual_source_sentinel_v1","primary","SRA645804_SRS2823406","internal124",20260807,"sct_data_all_qc_fit_selected384","exact500",4297,384,"81fc8d56973c7abefc9ec7e605fd03bf9bf01e45b54bbcf83427f055c354d506",500,"48e881ee753893bfaecd7101fc16fbcb552dd30a2a791fedfc7204d7b322a32e",TRUE,0,0.16000473619679,TRUE,"c9246ba9995f8360d41b5f136077a790e152bdf4c1dfa7d8081f8eab6da978de","d6ae61e353d81af69f8c3dc2efb34ab2658b99074154410d6f4dd69a6a1b53c0",353.49,431,"ca6942c97dd850b48cc06efc622330e36c7e5325ae6e5499d209bb4e9339e9a9",4.47000000000003,358.861,FALSE,FALSE,FALSE,FALSE,"closed",FALSE
"mv08o_residual_source_sentinel_v1","primary","SRA645804_SRS2823406","internal124",20260807,"sct_pearson_residual_all_qc_fit_selected384","exact500",4297,384,"81fc8d56973c7abefc9ec7e605fd03bf9bf01e45b54bbcf83427f055c354d506",500,"48e881ee753893bfaecd7101fc16fbcb552dd30a2a791fedfc7204d7b322a32e",TRUE,0,0.760222657819084,TRUE,"f599d2088fc96d3ad405e2a79118e48e08cfdd2119fa9abec92ca148b53c55f7","0e1e9eb5f17cd2323f201a41a9882952fa60b7556b746e0550e25ccc92d458b3",353.49,431,"ca6942c97dd850b48cc06efc622330e36c7e5325ae6e5499d209bb4e9339e9a9",4.47000000000003,358.986,FALSE,FALSE,FALSE,FALSE,"closed",FALSE
"mv08o_residual_source_sentinel_v1","primary","SRA645804_SRS2823406","internal124",20260808,"sct_data_all_qc_fit_selected384","exact500",4297,384,"6c6b52d02387ce8730b001dfcc5d8d997532e3544c26045cf542efd9e9614ed3",500,"48e881ee753893bfaecd7101fc16fbcb552dd30a2a791fedfc7204d7b322a32e",TRUE,0,0.139394597376092,TRUE,"75f71d48c0dd9f808b9f15270a83110d9955d594e38e2d2c0aba095d52a39976","4e88809c0ab85edc05a2a708e74589f32fce76c2491eae86c25f4276f3fb194a",353.49,431,"ca6942c97dd850b48cc06efc622330e36c7e5325ae6e5499d209bb4e9339e9a9",4.47000000000003,359.106,FALSE,FALSE,FALSE,FALSE,"closed",FALSE
"mv08o_residual_source_sentinel_v1","primary","SRA645804_SRS2823406","internal124",20260808,"sct_pearson_residual_all_qc_fit_selected384","exact500",4297,384,"6c6b52d02387ce8730b001dfcc5d8d997532e3544c26045cf542efd9e9614ed3",500,"48e881ee753893bfaecd7101fc16fbcb552dd30a2a791fedfc7204d7b322a32e",TRUE,0,0.68422975035249,TRUE,"0bdb03693c411901847d32a64c3cbd576a46e44dba22c5031894b5d0178e7cb0","bc1b8a998bb84cfdd78b59d7f43228b562d6625554cc211bd500426536e91dd6",353.49,431,"ca6942c97dd850b48cc06efc622330e36c7e5325ae6e5499d209bb4e9339e9a9",4.47000000000003,359.231,FALSE,FALSE,FALSE,FALSE,"closed",FALSE
"mv08o_residual_source_sentinel_v1","primary","SRA645804_SRS2823406","internal124",20260809,"sct_data_all_qc_fit_selected384","exact500",4297,384,"a97448e11f346afb62ddfb5505c0fc8cad5750117af1bd43a2068aa00026db6a",500,"48e881ee753893bfaecd7101fc16fbcb552dd30a2a791fedfc7204d7b322a32e",TRUE,0,0.128190547081909,TRUE,"347736f7f565abfa988207b6cb830e715eeb0d97b6678d17ad050e702c7dbdc0","f15bce22dceb2e010e40a0c46893d361725236abdd7dbf4e3290fef96ea825de",353.49,431,"ca6942c97dd850b48cc06efc622330e36c7e5325ae6e5499d209bb4e9339e9a9",4.47000000000003,359.352,FALSE,FALSE,FALSE,FALSE,"closed",FALSE
"mv08o_residual_source_sentinel_v1","primary","SRA645804_SRS2823406","internal124",20260809,"sct_pearson_residual_all_qc_fit_selected384","exact500",4297,384,"a97448e11f346afb62ddfb5505c0fc8cad5750117af1bd43a2068aa00026db6a",500,"48e881ee753893bfaecd7101fc16fbcb552dd30a2a791fedfc7204d7b322a32e",TRUE,0,0.7512614540029,TRUE,"cf4d3c37e3380221b489fb0a4e39c2f90fbace89ba3050e43872e5e904c17fbf","17655af2e006c70a44864b7f0bf108ab1feb8068567713817cf5b4891c3dd8e0",353.49,431,"ca6942c97dd850b48cc06efc622330e36c7e5325ae6e5499d209bb4e9339e9a9",4.47000000000003,359.479,FALSE,FALSE,FALSE,FALSE,"closed",FALSE
"mv08o_residual_source_sentinel_v1","primary","SRA826293_SRS4181123","internal124",20260805,"sct_data_all_qc_fit_selected384","exact500",4490,384,"d9ff3c644a58275bfc53b5869a807247363110e2439a763b42da15883cbf177f",500,"48e881ee753893bfaecd7101fc16fbcb552dd30a2a791fedfc7204d7b322a32e",TRUE,0,0.15645541126598,TRUE,"ef651126d5a52348e89865a4146ed3b205e509067614c3c792316b35078c5655","3d0212fd1b561e78db6e6149e9f09695010daa25417bfa26e007dc3d3e6f63ac",487.188,851,"1f0ebe7383f6998116af92c3ccb0b6f66400c79cd62cc552284ecbfe1d89ea16",2.71000000000004,490.145,FALSE,FALSE,FALSE,FALSE,"closed",FALSE
"mv08o_residual_source_sentinel_v1","primary","SRA826293_SRS4181123","internal124",20260805,"sct_pearson_residual_all_qc_fit_selected384","exact500",4490,384,"d9ff3c644a58275bfc53b5869a807247363110e2439a763b42da15883cbf177f",500,"48e881ee753893bfaecd7101fc16fbcb552dd30a2a791fedfc7204d7b322a32e",TRUE,0,0.702796476558251,TRUE,"742619aa917d8f94fb5590ae14756e954b5aba31aa449a452f89f31cd0c66f3d","dc983792a2877c57c8e478ca0e9ef7f511e2ab41bbc31b96ce0c327590152325",487.188,851,"1f0ebe7383f6998116af92c3ccb0b6f66400c79cd62cc552284ecbfe1d89ea16",2.71000000000004,490.277,FALSE,FALSE,FALSE,FALSE,"closed",FALSE
"mv08o_residual_source_sentinel_v1","primary","SRA826293_SRS4181123","internal124",20260806,"sct_data_all_qc_fit_selected384","exact500",4490,384,"fe8c3da0441b1a54a1ef764725e312ace4979b78e20803438aae2930796ed0e2",500,"48e881ee753893bfaecd7101fc16fbcb552dd30a2a791fedfc7204d7b322a32e",TRUE,0,0.171229145940048,TRUE,"98d330b94c53535aa756d1cfd851bbf3cb0ab6dd8f9d447c292f4a91341d3aff","4a486dc056089f6ff6a918df5d16eddbd41f2a5f91a48209e37e7218197025d9",487.188,851,"1f0ebe7383f6998116af92c3ccb0b6f66400c79cd62cc552284ecbfe1d89ea16",2.71000000000004,490.4,FALSE,FALSE,FALSE,FALSE,"closed",FALSE
"mv08o_residual_source_sentinel_v1","primary","SRA826293_SRS4181123","internal124",20260806,"sct_pearson_residual_all_qc_fit_selected384","exact500",4490,384,"fe8c3da0441b1a54a1ef764725e312ace4979b78e20803438aae2930796ed0e2",500,"48e881ee753893bfaecd7101fc16fbcb552dd30a2a791fedfc7204d7b322a32e",TRUE,0,0.745796502157572,TRUE,"046cc9bba333a6c5b14d16b1c7d8357c7b3eefa5d1262f197aca164a3b7596b4","7a836983836d0c301b1396ba38706c0a147e369317ebbfdefcb5b7c74932f153",487.188,851,"1f0ebe7383f6998116af92c3ccb0b6f66400c79cd62cc552284ecbfe1d89ea16",2.71000000000004,490.528,FALSE,FALSE,FALSE,FALSE,"closed",FALSE
"mv08o_residual_source_sentinel_v1","primary","SRA826293_SRS4181123","internal124",20260807,"sct_data_all_qc_fit_selected384","exact500",4490,384,"dee21de4158dccd5138df16985cdba0ce8df5370a2feb6efe7bec573b8bd4877",500,"48e881ee753893bfaecd7101fc16fbcb552dd30a2a791fedfc7204d7b322a32e",TRUE,0,0.14113851492278,TRUE,"07e5fe2fb6896bf856cd8307264420bea169786f2fcc2566ee1198638856b592","2fbef0d4c5d221ea8aec1982a5550e8d58c345dc27adb186a5630daa4d129ae5",487.188,851,"1f0ebe7383f6998116af92c3ccb0b6f66400c79cd62cc552284ecbfe1d89ea16",2.71000000000004,490.667,FALSE,FALSE,FALSE,FALSE,"closed",FALSE
"mv08o_residual_source_sentinel_v1","primary","SRA826293_SRS4181123","internal124",20260807,"sct_pearson_residual_all_qc_fit_selected384","exact500",4490,384,"dee21de4158dccd5138df16985cdba0ce8df5370a2feb6efe7bec573b8bd4877",500,"48e881ee753893bfaecd7101fc16fbcb552dd30a2a791fedfc7204d7b322a32e",TRUE,0,0.705917462243422,TRUE,"135cc1c1d762b44112e1108802663f049988aac7eef9381b3d72eec80cd703e5","579774c9d04dd77893993eab44dcc6dcb2166e9d94b7956060f5e0b347e93f33",487.188,851,"1f0ebe7383f6998116af92c3ccb0b6f66400c79cd62cc552284ecbfe1d89ea16",2.71000000000004,490.813,FALSE,FALSE,FALSE,FALSE,"closed",FALSE
"mv08o_residual_source_sentinel_v1","primary","SRA826293_SRS4181123","internal124",20260808,"sct_data_all_qc_fit_selected384","exact500",4490,384,"ad46e26a92f026530d7b397d1e3f05d490cba18d7dbf4e79c3bb69dfbcfc08ad",500,"48e881ee753893bfaecd7101fc16fbcb552dd30a2a791fedfc7204d7b322a32e",TRUE,0,0.162170226724057,TRUE,"c7e8f6684cf0376b9de440e1c0cc7a1ac2d4ea4ef97d728de45a79a66804449a","8329e8f0f8ad007ddd8907caac83a2acb112ef1049dfe4c2746c9431c5df73f8",487.188,851,"1f0ebe7383f6998116af92c3ccb0b6f66400c79cd62cc552284ecbfe1d89ea16",2.71000000000004,490.964,FALSE,FALSE,FALSE,FALSE,"closed",FALSE
"mv08o_residual_source_sentinel_v1","primary","SRA826293_SRS4181123","internal124",20260808,"sct_pearson_residual_all_qc_fit_selected384","exact500",4490,384,"ad46e26a92f026530d7b397d1e3f05d490cba18d7dbf4e79c3bb69dfbcfc08ad",500,"48e881ee753893bfaecd7101fc16fbcb552dd30a2a791fedfc7204d7b322a32e",TRUE,0,0.681065215537701,TRUE,"d23bb8dd3c2e1519f968e95ab20adee302b6611af21ccb46d197b567cc4b7d3f","84d1c9e57db0ff3cbd8ef2e35051654bedf32f8ccc226bd8ffe41ab1579f3f25",487.188,851,"1f0ebe7383f6998116af92c3ccb0b6f66400c79cd62cc552284ecbfe1d89ea16",2.71000000000004,491.112,FALSE,FALSE,FALSE,FALSE,"closed",FALSE
"mv08o_residual_source_sentinel_v1","primary","SRA826293_SRS4181123","internal124",20260809,"sct_data_all_qc_fit_selected384","exact500",4490,384,"2909fecbe9c7bf3384493c05b6107191790b1670ee940bddd486f03babb9e74c",500,"48e881ee753893bfaecd7101fc16fbcb552dd30a2a791fedfc7204d7b322a32e",TRUE,0,0.145153141846565,TRUE,"4167d9e62c79b274e5a4aa339ecbf131092d7cc8272cea52d802580a227360ce","281e1486ab474a8a97ceaef7d84ee39e3cc1c5ca76b4bc7c1b3d2c825a259321",487.188,851,"1f0ebe7383f6998116af92c3ccb0b6f66400c79cd62cc552284ecbfe1d89ea16",2.71000000000004,491.279,FALSE,FALSE,FALSE,FALSE,"closed",FALSE
"mv08o_residual_source_sentinel_v1","primary","SRA826293_SRS4181123","internal124",20260809,"sct_pearson_residual_all_qc_fit_selected384","exact500",4490,384,"2909fecbe9c7bf3384493c05b6107191790b1670ee940bddd486f03babb9e74c",500,"48e881ee753893bfaecd7101fc16fbcb552dd30a2a791fedfc7204d7b322a32e",TRUE,0,0.741423562925694,TRUE,"c65c1d5eb32d4c8274e7fb66a27015d9bd8c3d382bd212f3f7fd531e1b5c1e9a","e39fb75797dc7c1a806913f044b7df3e1c4cb673fe58c5a2dd4f06a0e2e4c95d",487.188,851,"1f0ebe7383f6998116af92c3ccb0b6f66400c79cd62cc552284ecbfe1d89ea16",2.71000000000004,491.449,FALSE,FALSE,FALSE,FALSE,"closed",FALSE
"mv08o_residual_source_sentinel_v1","primary","SRA779509_SRS3805254","internal124",20260805,"sct_data_all_qc_fit_selected384","exact500",4499,384,"ed79a1cdaf9c1b2a98db7ccdfcef36cdf51c10d738de22ff5a94e621a117a334",500,"48e881ee753893bfaecd7101fc16fbcb552dd30a2a791fedfc7204d7b322a32e",TRUE,0,0.247710549757844,TRUE,"018f5d6f351ece7ac5f6e401d533c21dbf2f17a75cdc400a064d77922b32450c","5613cee225f43d8b6e91b9fbc64f76a28fc49891366434de36c48dd4bface365",600.493,647,"1f0ebe7383f6998116af92c3ccb0b6f66400c79cd62cc552284ecbfe1d89ea16",2.96799999999996,603.815,FALSE,FALSE,FALSE,FALSE,"closed",FALSE
"mv08o_residual_source_sentinel_v1","primary","SRA779509_SRS3805254","internal124",20260805,"sct_pearson_residual_all_qc_fit_selected384","exact500",4499,384,"ed79a1cdaf9c1b2a98db7ccdfcef36cdf51c10d738de22ff5a94e621a117a334",500,"48e881ee753893bfaecd7101fc16fbcb552dd30a2a791fedfc7204d7b322a32e",TRUE,0,0.694676669783416,TRUE,"7cf5b7c8d98336b2763b31326526f8428274fb61c2b6c395aa03f0d6c6556205","6f8af93f4e1516451fe6c4624de0208527c896a3323d174bc33165ef9303c7a1",600.493,647,"1f0ebe7383f6998116af92c3ccb0b6f66400c79cd62cc552284ecbfe1d89ea16",2.96799999999996,603.944,FALSE,FALSE,FALSE,FALSE,"closed",FALSE
"mv08o_residual_source_sentinel_v1","primary","SRA779509_SRS3805254","internal124",20260806,"sct_data_all_qc_fit_selected384","exact500",4499,384,"c6395d60229071526204946ec2960af255f0c1b9e031436656202807b6b87d40",500,"48e881ee753893bfaecd7101fc16fbcb552dd30a2a791fedfc7204d7b322a32e",TRUE,0,0.228754272611111,TRUE,"695b2c6a1057a2e4fa7b1e10d3e16aa88600a22d45ce8a84bd396b83cd24a15e","48365267d7f129a38543afe6ae73bd3f68f0f16aad996341158e1e31bbc73c3b",600.493,647,"1f0ebe7383f6998116af92c3ccb0b6f66400c79cd62cc552284ecbfe1d89ea16",2.96799999999996,604.066,FALSE,FALSE,FALSE,FALSE,"closed",FALSE
"mv08o_residual_source_sentinel_v1","primary","SRA779509_SRS3805254","internal124",20260806,"sct_pearson_residual_all_qc_fit_selected384","exact500",4499,384,"c6395d60229071526204946ec2960af255f0c1b9e031436656202807b6b87d40",500,"48e881ee753893bfaecd7101fc16fbcb552dd30a2a791fedfc7204d7b322a32e",TRUE,0,0.693179659287976,TRUE,"83623e2506784b924f2b885bbd80115762842f7383b62de833353b454fce591b","d235b84b89af852ceca2397697b80d4ca123b62234757316dabfac72655509be",600.493,647,"1f0ebe7383f6998116af92c3ccb0b6f66400c79cd62cc552284ecbfe1d89ea16",2.96799999999996,604.209,FALSE,FALSE,FALSE,FALSE,"closed",FALSE
"mv08o_residual_source_sentinel_v1","primary","SRA779509_SRS3805254","internal124",20260807,"sct_data_all_qc_fit_selected384","exact500",4499,384,"7a65a0f232d6e597ec4d0cfeae30b7fffc606c409f2ed1be03a0d63dd5baf589",500,"48e881ee753893bfaecd7101fc16fbcb552dd30a2a791fedfc7204d7b322a32e",TRUE,0,0.221751704628287,TRUE,"fa3a2fdd876a34cd98ae5efd73112012cd07323668b1f8011854340b1aca1643","27d2fec8fa7ef83572c1a5e0d80b4adbf97a28baea3d1e567c091901a60f54b7",600.493,647,"1f0ebe7383f6998116af92c3ccb0b6f66400c79cd62cc552284ecbfe1d89ea16",2.96799999999996,604.349,FALSE,FALSE,FALSE,FALSE,"closed",FALSE
"mv08o_residual_source_sentinel_v1","primary","SRA779509_SRS3805254","internal124",20260807,"sct_pearson_residual_all_qc_fit_selected384","exact500",4499,384,"7a65a0f232d6e597ec4d0cfeae30b7fffc606c409f2ed1be03a0d63dd5baf589",500,"48e881ee753893bfaecd7101fc16fbcb552dd30a2a791fedfc7204d7b322a32e",TRUE,0,0.685463423861997,TRUE,"4912560a67edf162d2982f0f5732f14d254f1f5c379a85692222ff0d5670f3d7","00031ec98921620fde3438feddb56cb938658c236f72e90f07563b690e60aef2",600.493,647,"1f0ebe7383f6998116af92c3ccb0b6f66400c79cd62cc552284ecbfe1d89ea16",2.96799999999996,604.493,FALSE,FALSE,FALSE,FALSE,"closed",FALSE
"mv08o_residual_source_sentinel_v1","primary","SRA779509_SRS3805254","internal124",20260808,"sct_data_all_qc_fit_selected384","exact500",4499,384,"d9556aea51e2751e3660f07dda8477fd33f683c0062176092ad915c013a42040",500,"48e881ee753893bfaecd7101fc16fbcb552dd30a2a791fedfc7204d7b322a32e",TRUE,0,0.1850707854701,TRUE,"dea7308cdea67cb94980ae99a1fbec9169539dca110d1ab9a91446181483dbaa","94832d07ca62bee980c01c4c121abba331f6f44717d723ed551b26079a95edaf",600.493,647,"1f0ebe7383f6998116af92c3ccb0b6f66400c79cd62cc552284ecbfe1d89ea16",2.96799999999996,604.631,FALSE,FALSE,FALSE,FALSE,"closed",FALSE
"mv08o_residual_source_sentinel_v1","primary","SRA779509_SRS3805254","internal124",20260808,"sct_pearson_residual_all_qc_fit_selected384","exact500",4499,384,"d9556aea51e2751e3660f07dda8477fd33f683c0062176092ad915c013a42040",500,"48e881ee753893bfaecd7101fc16fbcb552dd30a2a791fedfc7204d7b322a32e",TRUE,0,0.687352942729242,TRUE,"1c069c6a79fa073ad4bc0bad4da50d5fbd42792f835a5e2d1b0a127dd6c4812b","9b1ff8e4648fcd4a24ab3402e9095aec36cc75027d6eca632f63c194213a3b1f",600.493,647,"1f0ebe7383f6998116af92c3ccb0b6f66400c79cd62cc552284ecbfe1d89ea16",2.96799999999996,604.776,FALSE,FALSE,FALSE,FALSE,"closed",FALSE
"mv08o_residual_source_sentinel_v1","primary","SRA779509_SRS3805254","internal124",20260809,"sct_data_all_qc_fit_selected384","exact500",4499,384,"571008636b4bdd5a97e4259a14b40d045a0dd36e3c7cea1c78a98ead3a5fef97",500,"48e881ee753893bfaecd7101fc16fbcb552dd30a2a791fedfc7204d7b322a32e",TRUE,0,0.25796567251754,TRUE,"e92798c14a53caa4f954155f1ee927287e805d05ad4de838693ebf49fbcab917","d8a5ee5462458997450aa19039ea030fe6acb29a0549351615b60357a9f402c6",600.493,647,"1f0ebe7383f6998116af92c3ccb0b6f66400c79cd62cc552284ecbfe1d89ea16",2.96799999999996,604.918,FALSE,FALSE,FALSE,FALSE,"closed",FALSE
"mv08o_residual_source_sentinel_v1","primary","SRA779509_SRS3805254","internal124",20260809,"sct_pearson_residual_all_qc_fit_selected384","exact500",4499,384,"571008636b4bdd5a97e4259a14b40d045a0dd36e3c7cea1c78a98ead3a5fef97",500,"48e881ee753893bfaecd7101fc16fbcb552dd30a2a791fedfc7204d7b322a32e",TRUE,0,0.721188334101025,TRUE,"3118e23b4adc72ca16778246bcf18706d534e7e563136d1f4d59590841608917","cec2c861fcc3d014b3de6d73fda97f3316fd63966daee95084f34818a917b9fe",600.493,647,"1f0ebe7383f6998116af92c3ccb0b6f66400c79cd62cc552284ecbfe1d89ea16",2.96799999999996,605.064,FALSE,FALSE,FALSE,FALSE,"closed",FALSE
"mv08o_residual_source_sentinel_v1","primary","SRA779509_SRS3805248","internal124",20260805,"sct_data_all_qc_fit_selected384","exact500",4536,384,"c2e9df358107993e29506a656cd8a43903c250f0b81d9ff2ab030680ce15fee1",500,"48e881ee753893bfaecd7101fc16fbcb552dd30a2a791fedfc7204d7b322a32e",TRUE,0,0.118639393939318,TRUE,"03f14cd94400a77f69264a485f12f58848e40f683ec9af57be2a0ed94f115fc0","2fa6794567d1ad8a29332067882b4c07d4ffc327d328b8a142f1beb7743ddeff",600.982,836,"1f0ebe7383f6998116af92c3ccb0b6f66400c79cd62cc552284ecbfe1d89ea16",3.29699999999991,604.509,FALSE,FALSE,FALSE,FALSE,"closed",FALSE
"mv08o_residual_source_sentinel_v1","primary","SRA779509_SRS3805248","internal124",20260805,"sct_pearson_residual_all_qc_fit_selected384","exact500",4536,384,"c2e9df358107993e29506a656cd8a43903c250f0b81d9ff2ab030680ce15fee1",500,"48e881ee753893bfaecd7101fc16fbcb552dd30a2a791fedfc7204d7b322a32e",TRUE,0,0.682349672838985,TRUE,"9e49cdf04c3f9dabfa3237b6e40f49d17d4accc9aa16b02064fb04916a24cef2","aa6bcf88c01b73b88af80d52aeba7127e45173b7f9d971d8ac7d4a77f91d3e01",600.982,836,"1f0ebe7383f6998116af92c3ccb0b6f66400c79cd62cc552284ecbfe1d89ea16",3.29699999999991,604.641,FALSE,FALSE,FALSE,FALSE,"closed",FALSE
"mv08o_residual_source_sentinel_v1","primary","SRA779509_SRS3805248","internal124",20260806,"sct_data_all_qc_fit_selected384","exact500",4536,384,"2db6b530e232d91c352c48f8eb1d34461bda005a6fb39a2b5475df8f3cb06b83",500,"48e881ee753893bfaecd7101fc16fbcb552dd30a2a791fedfc7204d7b322a32e",TRUE,0,0.157805967335394,TRUE,"d61c49ae4500b2215433a8585b52fe7c3bece396acce732a5bc57ab2c632c1cf","6866b6bccbb041caa7b5d885efc6a6b5d9f906b6114522ff3d9f304fbd2d287c",600.982,836,"1f0ebe7383f6998116af92c3ccb0b6f66400c79cd62cc552284ecbfe1d89ea16",3.29699999999991,604.762,FALSE,FALSE,FALSE,FALSE,"closed",FALSE
"mv08o_residual_source_sentinel_v1","primary","SRA779509_SRS3805248","internal124",20260806,"sct_pearson_residual_all_qc_fit_selected384","exact500",4536,384,"2db6b530e232d91c352c48f8eb1d34461bda005a6fb39a2b5475df8f3cb06b83",500,"48e881ee753893bfaecd7101fc16fbcb552dd30a2a791fedfc7204d7b322a32e",TRUE,0,0.572512943054856,TRUE,"310d52d122254950f7a82c32d2dd7b6d458a2a6e27fc214e3e61f32a3464910a","48fbff06a50523744d69577587162080bb0837745edfd1b2df1b8af439332d21",600.982,836,"1f0ebe7383f6998116af92c3ccb0b6f66400c79cd62cc552284ecbfe1d89ea16",3.29699999999991,604.891,FALSE,FALSE,FALSE,FALSE,"closed",FALSE
"mv08o_residual_source_sentinel_v1","primary","SRA779509_SRS3805248","internal124",20260807,"sct_data_all_qc_fit_selected384","exact500",4536,384,"b488e17cd1e592a5ab507682e6102009fb66fd40b34fe28ccb3977438acac959",500,"48e881ee753893bfaecd7101fc16fbcb552dd30a2a791fedfc7204d7b322a32e",TRUE,0,0.13267166721355,TRUE,"ef8e0e36dd08fee538c35ce9222434ff073cabf61d4ad73904bbd402637fd091","a0a84624ef61e010db7e76754c51f5430d018e5e98a6c7c6d2dc3c135c9a2d59",600.982,836,"1f0ebe7383f6998116af92c3ccb0b6f66400c79cd62cc552284ecbfe1d89ea16",3.29699999999991,605.032,FALSE,FALSE,FALSE,FALSE,"closed",FALSE
"mv08o_residual_source_sentinel_v1","primary","SRA779509_SRS3805248","internal124",20260807,"sct_pearson_residual_all_qc_fit_selected384","exact500",4536,384,"b488e17cd1e592a5ab507682e6102009fb66fd40b34fe28ccb3977438acac959",500,"48e881ee753893bfaecd7101fc16fbcb552dd30a2a791fedfc7204d7b322a32e",TRUE,0,0.680366809043864,TRUE,"07b87b655775e7a28cc33bec2c45db12d26d28614fd1da13d2ab221751dd8a8a","fee8b614146dcac367f4d00e262f37ad9b9130214c18ab71e36a1af43c832dee",600.982,836,"1f0ebe7383f6998116af92c3ccb0b6f66400c79cd62cc552284ecbfe1d89ea16",3.29699999999991,605.178,FALSE,FALSE,FALSE,FALSE,"closed",FALSE
"mv08o_residual_source_sentinel_v1","primary","SRA779509_SRS3805248","internal124",20260808,"sct_data_all_qc_fit_selected384","exact500",4536,384,"cf9411b641eb489e95ce0cc9f30a4360633ba4983c0e9fa19e9f71b33efcf326",500,"48e881ee753893bfaecd7101fc16fbcb552dd30a2a791fedfc7204d7b322a32e",TRUE,0,0.177315726454206,TRUE,"f2149f852e9b1f820b929a6efde4edf2f475067b153b3c95e0645a03c1caf47c","2cc3c24befdcf21964694681b7aaf1f9b5db4dc211c5a04c2585b8e53729ba01",600.982,836,"1f0ebe7383f6998116af92c3ccb0b6f66400c79cd62cc552284ecbfe1d89ea16",3.29699999999991,605.323,FALSE,FALSE,FALSE,FALSE,"closed",FALSE
"mv08o_residual_source_sentinel_v1","primary","SRA779509_SRS3805248","internal124",20260808,"sct_pearson_residual_all_qc_fit_selected384","exact500",4536,384,"cf9411b641eb489e95ce0cc9f30a4360633ba4983c0e9fa19e9f71b33efcf326",500,"48e881ee753893bfaecd7101fc16fbcb552dd30a2a791fedfc7204d7b322a32e",TRUE,0,0.70040949826789,TRUE,"21d5f25a05f174d89458dfeaf924f4b00d1ba5b090bbdcdac8d99b0f0be6e84b","8e40a1aeb167e3fa4cd4720a0a7c15a66f344b8b71e0f9d988c216a3c3bb4574",600.982,836,"1f0ebe7383f6998116af92c3ccb0b6f66400c79cd62cc552284ecbfe1d89ea16",3.29699999999991,605.469,FALSE,FALSE,FALSE,FALSE,"closed",FALSE
"mv08o_residual_source_sentinel_v1","primary","SRA779509_SRS3805248","internal124",20260809,"sct_data_all_qc_fit_selected384","exact500",4536,384,"cfddd002af48092b3dc8baa6221c5db6b3a8caf6c545a8883b879d04a0043b4f",500,"48e881ee753893bfaecd7101fc16fbcb552dd30a2a791fedfc7204d7b322a32e",TRUE,0,0.145153141846565,TRUE,"34c40bb9d30376dc29ac657395a66b8b7c14df097854e505776f5200475dd434","485ef5d16a237a313df02a56ae377c289d538c8bade2782562f9772de3615112",600.982,836,"1f0ebe7383f6998116af92c3ccb0b6f66400c79cd62cc552284ecbfe1d89ea16",3.29699999999991,605.611,FALSE,FALSE,FALSE,FALSE,"closed",FALSE
"mv08o_residual_source_sentinel_v1","primary","SRA779509_SRS3805248","internal124",20260809,"sct_pearson_residual_all_qc_fit_selected384","exact500",4536,384,"cfddd002af48092b3dc8baa6221c5db6b3a8caf6c545a8883b879d04a0043b4f",500,"48e881ee753893bfaecd7101fc16fbcb552dd30a2a791fedfc7204d7b322a32e",TRUE,0,0.67020295133883,TRUE,"749f151fb0858a57c009e3162a9c316af630f346dd185bf1a100ee5a8681fc32","96e4c71790af924fa282642f77e755db04d30f7793634e22166b5171d849b607",600.982,836,"1f0ebe7383f6998116af92c3ccb0b6f66400c79cd62cc552284ecbfe1d89ea16",3.29699999999991,606.359,FALSE,FALSE,FALSE,FALSE,"closed",FALSE
"mv08o_residual_source_sentinel_v1","primary","SRA779509_SRS3805256","internal124",20260805,"sct_data_all_qc_fit_selected384","exact500",4564,384,"12afc0259822d5e75509a8f7d1659e91447619e6dc32b27c072e3a517d9d7019",500,"48e881ee753893bfaecd7101fc16fbcb552dd30a2a791fedfc7204d7b322a32e",TRUE,0,0.241276104133743,TRUE,"bdf7d565bf5fb212bbd781ee12418d918090ed736ec4fe0c6a3bff10aac5dbc7","56cd5f0eb361629f27980139c174132b6fd4f08d7f0daae9aac10eb63d1ab395",470.765,296,"1f0ebe7383f6998116af92c3ccb0b6f66400c79cd62cc552284ecbfe1d89ea16",2.49599999999998,473.493,FALSE,FALSE,FALSE,FALSE,"closed",FALSE
"mv08o_residual_source_sentinel_v1","primary","SRA779509_SRS3805256","internal124",20260805,"sct_pearson_residual_all_qc_fit_selected384","exact500",4564,384,"12afc0259822d5e75509a8f7d1659e91447619e6dc32b27c072e3a517d9d7019",500,"48e881ee753893bfaecd7101fc16fbcb552dd30a2a791fedfc7204d7b322a32e",TRUE,0,0.671672406799019,TRUE,"911a5982afde6ec19b81c7a71b02708500c8c08244ec7b32e85c2db3caf11e90","c4f8ea4108b5b3d41eb2c6c86bcb4a6c467d16d9e53f0994d1ee6c03f05b6e25",470.765,296,"1f0ebe7383f6998116af92c3ccb0b6f66400c79cd62cc552284ecbfe1d89ea16",2.49599999999998,473.618,FALSE,FALSE,FALSE,FALSE,"closed",FALSE
"mv08o_residual_source_sentinel_v1","primary","SRA779509_SRS3805256","internal124",20260806,"sct_data_all_qc_fit_selected384","exact500",4564,384,"a320edb44975a44d1e7184d623cd84c362e1f5af40298ca4956c0d05d5ab80c2",500,"48e881ee753893bfaecd7101fc16fbcb552dd30a2a791fedfc7204d7b322a32e",TRUE,0,0.241028679228426,TRUE,"b172d78e1f288f3623a380fffbeea420c5b11bd5046152562a5fa7491f56e721","c80fcfc3c389321870745088d6c05a8ca3b8f63709babc7714d925cf69eecbe5",470.765,296,"1f0ebe7383f6998116af92c3ccb0b6f66400c79cd62cc552284ecbfe1d89ea16",2.49599999999998,473.736,FALSE,FALSE,FALSE,FALSE,"closed",FALSE
"mv08o_residual_source_sentinel_v1","primary","SRA779509_SRS3805256","internal124",20260806,"sct_pearson_residual_all_qc_fit_selected384","exact500",4564,384,"a320edb44975a44d1e7184d623cd84c362e1f5af40298ca4956c0d05d5ab80c2",500,"48e881ee753893bfaecd7101fc16fbcb552dd30a2a791fedfc7204d7b322a32e",TRUE,0,0.639319239493917,TRUE,"a38ea0647dba75955b70fbfc644d8bbfc42672db5e37929dfa55741615db1db5","9494c9a87957be7ba0d95205f7994b619777b343953c857044e4473385127798",470.765,296,"1f0ebe7383f6998116af92c3ccb0b6f66400c79cd62cc552284ecbfe1d89ea16",2.49599999999998,473.873,FALSE,FALSE,FALSE,FALSE,"closed",FALSE
"mv08o_residual_source_sentinel_v1","primary","SRA779509_SRS3805256","internal124",20260807,"sct_data_all_qc_fit_selected384","exact500",4564,384,"2dc084652233232a9074c4c6e89c5a59087459c0a6886466d2abe870db41f4a6",500,"48e881ee753893bfaecd7101fc16fbcb552dd30a2a791fedfc7204d7b322a32e",TRUE,0,0.250905684572841,TRUE,"7df957ad65bdb047375db0d650f256998ec56fc035368dd992c0429e4e501174","d4856f438bda0c4f815bb472dcae2b027f479d9d0d45ab2c3422c6db3ff8e0bc",470.765,296,"1f0ebe7383f6998116af92c3ccb0b6f66400c79cd62cc552284ecbfe1d89ea16",2.49599999999998,473.993,FALSE,FALSE,FALSE,FALSE,"closed",FALSE
"mv08o_residual_source_sentinel_v1","primary","SRA779509_SRS3805256","internal124",20260807,"sct_pearson_residual_all_qc_fit_selected384","exact500",4564,384,"2dc084652233232a9074c4c6e89c5a59087459c0a6886466d2abe870db41f4a6",500,"48e881ee753893bfaecd7101fc16fbcb552dd30a2a791fedfc7204d7b322a32e",TRUE,0,0.678482738870458,TRUE,"cd083610c95d3c65fac8d5ee3067c51fa162f79364a6b78090f2d78551ad6e74","bd0af8609be59c35474414c0df8b53d11af9834b5ec0f232a939e7c4b235ad54",470.765,296,"1f0ebe7383f6998116af92c3ccb0b6f66400c79cd62cc552284ecbfe1d89ea16",2.49599999999998,474.123,FALSE,FALSE,FALSE,FALSE,"closed",FALSE
"mv08o_residual_source_sentinel_v1","primary","SRA779509_SRS3805256","internal124",20260808,"sct_data_all_qc_fit_selected384","exact500",4564,384,"7136031591cdc83a043ef98d042c9ab3ca1721dc5d593a36a8b9f11fc3da2713",500,"48e881ee753893bfaecd7101fc16fbcb552dd30a2a791fedfc7204d7b322a32e",TRUE,0,0.244024404332262,TRUE,"241f1ef297354c81ea962ca081a758b06e288932561dc516113fa0bf5d5089d6","9419bf906412aecf4c4c87f8a5f491eee302cecdabe33873ee89816bdb6e6442",470.765,296,"1f0ebe7383f6998116af92c3ccb0b6f66400c79cd62cc552284ecbfe1d89ea16",2.49599999999998,474.242,FALSE,FALSE,FALSE,FALSE,"closed",FALSE
"mv08o_residual_source_sentinel_v1","primary","SRA779509_SRS3805256","internal124",20260808,"sct_pearson_residual_all_qc_fit_selected384","exact500",4564,384,"7136031591cdc83a043ef98d042c9ab3ca1721dc5d593a36a8b9f11fc3da2713",500,"48e881ee753893bfaecd7101fc16fbcb552dd30a2a791fedfc7204d7b322a32e",TRUE,0,0.666318704802846,TRUE,"7a060a42aaec59354acb997cfe7bc2ed3bb54352a3aad73ec8282a8745db4a98","c9d9b963c59e8ca7710086dd8572f1244eb25d1a44a02bc5d04639e550095d1a",470.765,296,"1f0ebe7383f6998116af92c3ccb0b6f66400c79cd62cc552284ecbfe1d89ea16",2.49599999999998,474.936,FALSE,FALSE,FALSE,FALSE,"closed",FALSE
"mv08o_residual_source_sentinel_v1","primary","SRA779509_SRS3805256","internal124",20260809,"sct_data_all_qc_fit_selected384","exact500",4564,384,"a4ccefa740b8a4d997ec6b0e37c615a69c228d9290b57bfe9f7d47ef91d5c525",500,"48e881ee753893bfaecd7101fc16fbcb552dd30a2a791fedfc7204d7b322a32e",TRUE,0,0.259050480302594,TRUE,"14c09228f0a84110e77db8e7826cf595809d31845dbdb2b11c3d11790c9a2405","4c749348798d11d4591dd33b25e6870481010ac1b8bb4aa76f367282b249f0c3",470.765,296,"1f0ebe7383f6998116af92c3ccb0b6f66400c79cd62cc552284ecbfe1d89ea16",2.49599999999998,475.055,FALSE,FALSE,FALSE,FALSE,"closed",FALSE
"mv08o_residual_source_sentinel_v1","primary","SRA779509_SRS3805256","internal124",20260809,"sct_pearson_residual_all_qc_fit_selected384","exact500",4564,384,"a4ccefa740b8a4d997ec6b0e37c615a69c228d9290b57bfe9f7d47ef91d5c525",500,"48e881ee753893bfaecd7101fc16fbcb552dd30a2a791fedfc7204d7b322a32e",TRUE,0,0.652585669917211,TRUE,"caaba298a0a915640ec2329d6808bd3ceee85e517727850531ed07e6465c5920","a4efbacdb078f03115713516cc31ddbbbec919683f4c0c3540f6b99771e0db7a",470.765,296,"1f0ebe7383f6998116af92c3ccb0b6f66400c79cd62cc552284ecbfe1d89ea16",2.49599999999998,475.183,FALSE,FALSE,FALSE,FALSE,"closed",FALSE
"mv08o_residual_source_sentinel_v1","primary","SRA826293_SRS4181128","internal124",20260805,"sct_data_all_qc_fit_selected384","exact500",4681,384,"8dad89d1a6cef9fe9cb13512aae1f8cfa0b88a5b3af16ed1d106b09f5b674e2f",500,"48e881ee753893bfaecd7101fc16fbcb552dd30a2a791fedfc7204d7b322a32e",TRUE,0,0.277083296087879,TRUE,"766bdba4f8be414a87d6b188777862e5472d41f77386a09df0ceaae659cacc9b","c1b743f64848a882828b555c0da396b81d70286853aad34e0ed1623f1cc8a17b",411.593,240,"1f0ebe7383f6998116af92c3ccb0b6f66400c79cd62cc552284ecbfe1d89ea16",4.43900000000002,416.313,FALSE,FALSE,FALSE,FALSE,"closed",FALSE
"mv08o_residual_source_sentinel_v1","primary","SRA826293_SRS4181128","internal124",20260805,"sct_pearson_residual_all_qc_fit_selected384","exact500",4681,384,"8dad89d1a6cef9fe9cb13512aae1f8cfa0b88a5b3af16ed1d106b09f5b674e2f",500,"48e881ee753893bfaecd7101fc16fbcb552dd30a2a791fedfc7204d7b322a32e",TRUE,0,0.691165710727627,TRUE,"c88abaee6f8d2b52f1970b963c366a28a0f9187bbb9148fac2a0e2ea8e540648","6d1e737de09b757ffe44c704347edb74b904bb65e20d232e48956369902ce572",411.593,240,"1f0ebe7383f6998116af92c3ccb0b6f66400c79cd62cc552284ecbfe1d89ea16",4.43900000000002,416.436,FALSE,FALSE,FALSE,FALSE,"closed",FALSE
"mv08o_residual_source_sentinel_v1","primary","SRA826293_SRS4181128","internal124",20260806,"sct_data_all_qc_fit_selected384","exact500",4681,384,"3a2e5a7f61ba9d036f2367e1e1aa34d856a02cab46fe0fd27a73d9671aa47792",500,"48e881ee753893bfaecd7101fc16fbcb552dd30a2a791fedfc7204d7b322a32e",TRUE,0,0.217725030852991,TRUE,"f1a66307ac0cd0ce21fbd62a4ae12847c7eea807435105a5619cf39acfd5e354","aa4a7c646f598f1e40977b018a4b22a34bee60f4a98ea8abe3f0d7fbe427bbe4",411.593,240,"1f0ebe7383f6998116af92c3ccb0b6f66400c79cd62cc552284ecbfe1d89ea16",4.43900000000002,416.554,FALSE,FALSE,FALSE,FALSE,"closed",FALSE
"mv08o_residual_source_sentinel_v1","primary","SRA826293_SRS4181128","internal124",20260806,"sct_pearson_residual_all_qc_fit_selected384","exact500",4681,384,"3a2e5a7f61ba9d036f2367e1e1aa34d856a02cab46fe0fd27a73d9671aa47792",500,"48e881ee753893bfaecd7101fc16fbcb552dd30a2a791fedfc7204d7b322a32e",TRUE,0,0.720668205078746,TRUE,"af74a6748d87bb134177b91df6333df3c79e58cbd423845ac17c6e816ba92820","59c2941ea6e7a049e1667bbbddf1c14875bd8665bdafaf15977fd5ab5ea358af",411.593,240,"1f0ebe7383f6998116af92c3ccb0b6f66400c79cd62cc552284ecbfe1d89ea16",4.43900000000002,416.677,FALSE,FALSE,FALSE,FALSE,"closed",FALSE
"mv08o_residual_source_sentinel_v1","primary","SRA826293_SRS4181128","internal124",20260807,"sct_data_all_qc_fit_selected384","exact500",4681,384,"c8f81192c7a669e20eee014ad24a8aea28c70dbb5faab043f8bfcc81936f9bf5",500,"48e881ee753893bfaecd7101fc16fbcb552dd30a2a791fedfc7204d7b322a32e",TRUE,0,0.246294603190578,TRUE,"4ac03b9c92c103755093167c5e543637c61f619dd4fec682f6fcad6f5f67ed03","2ed56a515a2811051b4c8b4fb01fda41b5e3d6af5437892331d01b41fd8bd452",411.593,240,"1f0ebe7383f6998116af92c3ccb0b6f66400c79cd62cc552284ecbfe1d89ea16",4.43900000000002,416.802,FALSE,FALSE,FALSE,FALSE,"closed",FALSE
"mv08o_residual_source_sentinel_v1","primary","SRA826293_SRS4181128","internal124",20260807,"sct_pearson_residual_all_qc_fit_selected384","exact500",4681,384,"c8f81192c7a669e20eee014ad24a8aea28c70dbb5faab043f8bfcc81936f9bf5",500,"48e881ee753893bfaecd7101fc16fbcb552dd30a2a791fedfc7204d7b322a32e",TRUE,0,0.690336177776608,TRUE,"5dccfced8adba8630ed14949d239cc387c55970f217d2aeae4ececb0e74100ba","21b91848baebab90fa1effbf0130869cc4d5701db59a11f02b0a2430bd5779fb",411.593,240,"1f0ebe7383f6998116af92c3ccb0b6f66400c79cd62cc552284ecbfe1d89ea16",4.43900000000002,417.013,FALSE,FALSE,FALSE,FALSE,"closed",FALSE
"mv08o_residual_source_sentinel_v1","primary","SRA826293_SRS4181128","internal124",20260808,"sct_data_all_qc_fit_selected384","exact500",4681,384,"207dafe2121e89f8d8cdf2d3c461b67d1d389c92a59c808a45c6fdaaacf9cdfe",500,"48e881ee753893bfaecd7101fc16fbcb552dd30a2a791fedfc7204d7b322a32e",TRUE,0,0.253373989729809,TRUE,"0988754c59e9deeca678b9d4d80e0329ce24cac7e67023ea28f7491bd3e80d65","af3fa587523f5267854e1662d1c63a0e625df262622be8f18eab3f6e0e9217d7",411.593,240,"1f0ebe7383f6998116af92c3ccb0b6f66400c79cd62cc552284ecbfe1d89ea16",4.43900000000002,417.149,FALSE,FALSE,FALSE,FALSE,"closed",FALSE
"mv08o_residual_source_sentinel_v1","primary","SRA826293_SRS4181128","internal124",20260808,"sct_pearson_residual_all_qc_fit_selected384","exact500",4681,384,"207dafe2121e89f8d8cdf2d3c461b67d1d389c92a59c808a45c6fdaaacf9cdfe",500,"48e881ee753893bfaecd7101fc16fbcb552dd30a2a791fedfc7204d7b322a32e",TRUE,0,0.718677122900164,TRUE,"628e4947c8be91c13158afe2ab82b8d96c2ebd6b32141a62936954fa573a4016","c56c32769c0e1a4266b3e779c759362b2efdbe5557156c2de8a8011ca2badbec",411.593,240,"1f0ebe7383f6998116af92c3ccb0b6f66400c79cd62cc552284ecbfe1d89ea16",4.43900000000002,417.298,FALSE,FALSE,FALSE,FALSE,"closed",FALSE
"mv08o_residual_source_sentinel_v1","primary","SRA826293_SRS4181128","internal124",20260809,"sct_data_all_qc_fit_selected384","exact500",4681,384,"7b6a4c9961f51aa611bc6c694e519d3bf265f2ca4558f3e8957d7766a2d66326",500,"48e881ee753893bfaecd7101fc16fbcb552dd30a2a791fedfc7204d7b322a32e",TRUE,0,0.268496396432727,TRUE,"48a06cad957eb492e534db73cdfc3712a118e4388360dc0c30553ba1d28ade42","2e7b624e2b535e598f6cf5a5d6f2f482a7f255fe925cbd28adb9fad78bc6f491",411.593,240,"1f0ebe7383f6998116af92c3ccb0b6f66400c79cd62cc552284ecbfe1d89ea16",4.43900000000002,417.437,FALSE,FALSE,FALSE,FALSE,"closed",FALSE
"mv08o_residual_source_sentinel_v1","primary","SRA826293_SRS4181128","internal124",20260809,"sct_pearson_residual_all_qc_fit_selected384","exact500",4681,384,"7b6a4c9961f51aa611bc6c694e519d3bf265f2ca4558f3e8957d7766a2d66326",500,"48e881ee753893bfaecd7101fc16fbcb552dd30a2a791fedfc7204d7b322a32e",TRUE,0,0.709997785836664,TRUE,"aa434ce2185555aa816761a1a327cddafbf994d7917ac38463b4e9529c33eacc","f6a7376e2be203148c6524721f6141790181073574aedf611c5c55fb71de94f8",411.593,240,"1f0ebe7383f6998116af92c3ccb0b6f66400c79cd62cc552284ecbfe1d89ea16",4.43900000000002,417.579,FALSE,FALSE,FALSE,FALSE,"closed",FALSE
"mv08o_residual_source_sentinel_v1","primary","SRA742961_SRS3565205","internal124",20260805,"sct_data_all_qc_fit_selected384","exact500",4751,384,"9650da222d60f1e0fd50f3947b62485357914a7da61444809ce8e7bd3ec5b931",500,"48e881ee753893bfaecd7101fc16fbcb552dd30a2a791fedfc7204d7b322a32e",TRUE,0,0.209615946768921,TRUE,"a1402a7c10772eab7fe0bcb62e444632067ac8e6ee28483d0deca79176143ac6","0fa6da233ee075e17655c66e2e13d3d994797159698813eba0d101f112dbff7c",378.534,379,"1f0ebe7383f6998116af92c3ccb0b6f66400c79cd62cc552284ecbfe1d89ea16",3.45500000000004,382.241,FALSE,FALSE,FALSE,FALSE,"closed",FALSE
"mv08o_residual_source_sentinel_v1","primary","SRA742961_SRS3565205","internal124",20260805,"sct_pearson_residual_all_qc_fit_selected384","exact500",4751,384,"9650da222d60f1e0fd50f3947b62485357914a7da61444809ce8e7bd3ec5b931",500,"48e881ee753893bfaecd7101fc16fbcb552dd30a2a791fedfc7204d7b322a32e",TRUE,0,0.725462416432987,TRUE,"b33a4d084662c8547c39051c321b9b7921875976381cdb68b690b7f0bb3459df","5df16e0789f3ae15fadc79d16636c115652ecadf1c26d5ae54947d8d9356c64d",378.534,379,"1f0ebe7383f6998116af92c3ccb0b6f66400c79cd62cc552284ecbfe1d89ea16",3.45500000000004,382.367,FALSE,FALSE,FALSE,FALSE,"closed",FALSE
"mv08o_residual_source_sentinel_v1","primary","SRA742961_SRS3565205","internal124",20260806,"sct_data_all_qc_fit_selected384","exact500",4751,384,"5407062b931c0ea8ab02708c8f56224aa36d3d30b3f05f83839f02cbf29e8f0e",500,"48e881ee753893bfaecd7101fc16fbcb552dd30a2a791fedfc7204d7b322a32e",TRUE,0,0.189904684319845,TRUE,"97e73e86179a9163240702e81db4c6a16ec6f327ce31204e3a1e4407ff6f79fd","07ac479e12f109c105eb1b7f8d781fe0b2db9122a83dde27dd2bcf2b9dc90ea3",378.534,379,"1f0ebe7383f6998116af92c3ccb0b6f66400c79cd62cc552284ecbfe1d89ea16",3.45500000000004,382.493,FALSE,FALSE,FALSE,FALSE,"closed",FALSE
"mv08o_residual_source_sentinel_v1","primary","SRA742961_SRS3565205","internal124",20260806,"sct_pearson_residual_all_qc_fit_selected384","exact500",4751,384,"5407062b931c0ea8ab02708c8f56224aa36d3d30b3f05f83839f02cbf29e8f0e",500,"48e881ee753893bfaecd7101fc16fbcb552dd30a2a791fedfc7204d7b322a32e",TRUE,0,0.705045721919274,TRUE,"e4c4146ea394596c375aaa5ca793dc351d5d25401a6c4f2d8caff2833fc2ea93","1290429ae3327baed00dde02b754beee7c0d31ee1b295cb36e1119fa16c92fc9",378.534,379,"1f0ebe7383f6998116af92c3ccb0b6f66400c79cd62cc552284ecbfe1d89ea16",3.45500000000004,382.618,FALSE,FALSE,FALSE,FALSE,"closed",FALSE
"mv08o_residual_source_sentinel_v1","primary","SRA742961_SRS3565205","internal124",20260807,"sct_data_all_qc_fit_selected384","exact500",4751,384,"b078971d89b36c835071b075aa3aa73f00879d079a447bb74b686f6173f19892",500,"48e881ee753893bfaecd7101fc16fbcb552dd30a2a791fedfc7204d7b322a32e",TRUE,0,0.197907321762971,TRUE,"11facf14909e0413efc2eb9102e8314af2437125aa46d2eda36c955e4c365515","69b2b92de0082fbefd916c057db181f7ad1d718d4f0d12d3bedfee6b070e27ff",378.534,379,"1f0ebe7383f6998116af92c3ccb0b6f66400c79cd62cc552284ecbfe1d89ea16",3.45500000000004,382.739,FALSE,FALSE,FALSE,FALSE,"closed",FALSE
"mv08o_residual_source_sentinel_v1","primary","SRA742961_SRS3565205","internal124",20260807,"sct_pearson_residual_all_qc_fit_selected384","exact500",4751,384,"b078971d89b36c835071b075aa3aa73f00879d079a447bb74b686f6173f19892",500,"48e881ee753893bfaecd7101fc16fbcb552dd30a2a791fedfc7204d7b322a32e",TRUE,0,0.706808939774318,TRUE,"3b7163dae1998f85e33e41524dcac007efbce553b00527fd9717a221f1c4fd16","2eb0cd7d5fea6b124ff647aae94cbce6e72c98453eb185ec84c3868052147b9c",378.534,379,"1f0ebe7383f6998116af92c3ccb0b6f66400c79cd62cc552284ecbfe1d89ea16",3.45500000000004,382.866,FALSE,FALSE,FALSE,FALSE,"closed",FALSE
"mv08o_residual_source_sentinel_v1","primary","SRA742961_SRS3565205","internal124",20260808,"sct_data_all_qc_fit_selected384","exact500",4751,384,"2eb2ee9e7ec60a9ec140ccecb2fb2d6bce9d036bd15100daa2531a6ee6acd74e",500,"48e881ee753893bfaecd7101fc16fbcb552dd30a2a791fedfc7204d7b322a32e",TRUE,0,0.199618934981459,TRUE,"7855ffd7ae43fbcfa8c37d89327231dffeb9eeef0276421c1dd0efe8bf72fe58","a2adfed22355ca69811f9bd7d2e26e7b4f830b469cd8adee4969384191fb159f",378.534,379,"1f0ebe7383f6998116af92c3ccb0b6f66400c79cd62cc552284ecbfe1d89ea16",3.45500000000004,382.985,FALSE,FALSE,FALSE,FALSE,"closed",FALSE
"mv08o_residual_source_sentinel_v1","primary","SRA742961_SRS3565205","internal124",20260808,"sct_pearson_residual_all_qc_fit_selected384","exact500",4751,384,"2eb2ee9e7ec60a9ec140ccecb2fb2d6bce9d036bd15100daa2531a6ee6acd74e",500,"48e881ee753893bfaecd7101fc16fbcb552dd30a2a791fedfc7204d7b322a32e",TRUE,0,0.728338836329026,TRUE,"b672d4c4a180a9a230fb289238814caf750c9e2e20c5b1f8aeae20e03737eb38","440bc0f11ecdf392026d0ec5e5ba9b16f9b3d749180cbd2cde94c9f130810268",378.534,379,"1f0ebe7383f6998116af92c3ccb0b6f66400c79cd62cc552284ecbfe1d89ea16",3.45500000000004,383.112,FALSE,FALSE,FALSE,FALSE,"closed",FALSE
"mv08o_residual_source_sentinel_v1","primary","SRA742961_SRS3565205","internal124",20260809,"sct_data_all_qc_fit_selected384","exact500",4751,384,"5ee8b9c66b7ef76d3124dbeb6e3201867e340a8ea17b3784bae01406d0642e85",500,"48e881ee753893bfaecd7101fc16fbcb552dd30a2a791fedfc7204d7b322a32e",TRUE,0,0.168451695129422,TRUE,"b377bcafd061370d742e46230b2fd2109162ae961a419176b1c3bb7d85e74c0e","0f4631d0a2756ec538080ffc3935ee603606b2eadbbeb50f333438d4d8761ee3",378.534,379,"1f0ebe7383f6998116af92c3ccb0b6f66400c79cd62cc552284ecbfe1d89ea16",3.45500000000004,383.234,FALSE,FALSE,FALSE,FALSE,"closed",FALSE
"mv08o_residual_source_sentinel_v1","primary","SRA742961_SRS3565205","internal124",20260809,"sct_pearson_residual_all_qc_fit_selected384","exact500",4751,384,"5ee8b9c66b7ef76d3124dbeb6e3201867e340a8ea17b3784bae01406d0642e85",500,"48e881ee753893bfaecd7101fc16fbcb552dd30a2a791fedfc7204d7b322a32e",TRUE,0,0.766215642411523,TRUE,"9d41cc3e7f7981943a1ff8d431b57282980010cc66e5c271a5f6a0bc272e57bd","2ab1b4355986b7ef9386dceb48b6026dba6ae45d8fd89627777b8ba360f77b12",378.534,379,"1f0ebe7383f6998116af92c3ccb0b6f66400c79cd62cc552284ecbfe1d89ea16",3.45500000000004,383.359,FALSE,FALSE,FALSE,FALSE,"closed",FALSE
"mv08o_residual_source_sentinel_v1","primary","SRA742961_SRS3565204","internal124",20260805,"sct_data_all_qc_fit_selected384","exact500",4900,384,"81eb33d052a08bc97c424d0f9c4a5960ca9de2a2b09a08c9698e17b7b54f8fea",500,"48e881ee753893bfaecd7101fc16fbcb552dd30a2a791fedfc7204d7b322a32e",TRUE,0,0.240589969379207,TRUE,"c2df4fe8c585c70527fe520659d90ba6aba4b0d83c883fee89b3f260b0c94125","9fed4ede005b29e814028055ff125fec80a7dcc644d84554c868c788fea476d5",373.582,207,"1f0ebe7383f6998116af92c3ccb0b6f66400c79cd62cc552284ecbfe1d89ea16",3.12899999999996,376.968,FALSE,FALSE,FALSE,FALSE,"closed",FALSE
"mv08o_residual_source_sentinel_v1","primary","SRA742961_SRS3565204","internal124",20260805,"sct_pearson_residual_all_qc_fit_selected384","exact500",4900,384,"81eb33d052a08bc97c424d0f9c4a5960ca9de2a2b09a08c9698e17b7b54f8fea",500,"48e881ee753893bfaecd7101fc16fbcb552dd30a2a791fedfc7204d7b322a32e",TRUE,0,0.623623769121904,TRUE,"82fe370fd0dd89a165e07730b4468fa04007b8b064160946f35655ed76ca2786","10a8acc2bee096ef31d4024d7aca54e9fd3159859fae5daeeaa43115328f5c92",373.582,207,"1f0ebe7383f6998116af92c3ccb0b6f66400c79cd62cc552284ecbfe1d89ea16",3.12899999999996,377.093,FALSE,FALSE,FALSE,FALSE,"closed",FALSE
"mv08o_residual_source_sentinel_v1","primary","SRA742961_SRS3565204","internal124",20260806,"sct_data_all_qc_fit_selected384","exact500",4900,384,"7cdd68c7989ae3275417b1aa0151fda6ccf18a3086d1d77d964968d15ae4496f",500,"48e881ee753893bfaecd7101fc16fbcb552dd30a2a791fedfc7204d7b322a32e",TRUE,0,0.234121940108277,TRUE,"46f358d1ba8aa90bbb5d72453734f20b07d9057231df7c6a89c1e45795c56a5c","cb29eb26906f5cd8f67ee327eb62b859243155280d16c9d375febb62e2e0c2a5",373.582,207,"1f0ebe7383f6998116af92c3ccb0b6f66400c79cd62cc552284ecbfe1d89ea16",3.12899999999996,377.214,FALSE,FALSE,FALSE,FALSE,"closed",FALSE
"mv08o_residual_source_sentinel_v1","primary","SRA742961_SRS3565204","internal124",20260806,"sct_pearson_residual_all_qc_fit_selected384","exact500",4900,384,"7cdd68c7989ae3275417b1aa0151fda6ccf18a3086d1d77d964968d15ae4496f",500,"48e881ee753893bfaecd7101fc16fbcb552dd30a2a791fedfc7204d7b322a32e",TRUE,0,0.639425099540617,TRUE,"f693dbf65e297b4f5a85c07b673ceebeb034b0a1174816ea078bca7d0ab83145","91007adbce6c5f69748f60056c520e73413cfdca70d84810d9be33452f99e516",373.582,207,"1f0ebe7383f6998116af92c3ccb0b6f66400c79cd62cc552284ecbfe1d89ea16",3.12899999999996,377.337,FALSE,FALSE,FALSE,FALSE,"closed",FALSE
"mv08o_residual_source_sentinel_v1","primary","SRA742961_SRS3565204","internal124",20260807,"sct_data_all_qc_fit_selected384","exact500",4900,384,"f6ed1ff03a8b4ab3f5ad0cdb3df743eee5de569967361c19dd7e25c453e9ae73",500,"48e881ee753893bfaecd7101fc16fbcb552dd30a2a791fedfc7204d7b322a32e",TRUE,0,0.219016069453273,TRUE,"4b759470bb8b261acb56b1935d29d8ea2df1dcecb16d6f2145f453e6e76408ed","60b131b61e8cf3479221c9e5397d174da77d1b6ab187c442545e243162c38a77",373.582,207,"1f0ebe7383f6998116af92c3ccb0b6f66400c79cd62cc552284ecbfe1d89ea16",3.12899999999996,377.456,FALSE,FALSE,FALSE,FALSE,"closed",FALSE
"mv08o_residual_source_sentinel_v1","primary","SRA742961_SRS3565204","internal124",20260807,"sct_pearson_residual_all_qc_fit_selected384","exact500",4900,384,"f6ed1ff03a8b4ab3f5ad0cdb3df743eee5de569967361c19dd7e25c453e9ae73",500,"48e881ee753893bfaecd7101fc16fbcb552dd30a2a791fedfc7204d7b322a32e",TRUE,0,0.613373399773304,TRUE,"5a731e6692aa881ddf2d98c18cd3c5253cc9b34db7bf66ec825ad07e5b3f5341","c34c310da061e97176d30a9bd051313d9d815a6247a4e0fb28c7e4fced575f24",373.582,207,"1f0ebe7383f6998116af92c3ccb0b6f66400c79cd62cc552284ecbfe1d89ea16",3.12899999999996,377.579,FALSE,FALSE,FALSE,FALSE,"closed",FALSE
"mv08o_residual_source_sentinel_v1","primary","SRA742961_SRS3565204","internal124",20260808,"sct_data_all_qc_fit_selected384","exact500",4900,384,"8f97d56043f9c45fc214069b7180efb1aeea6b9dead16879dcdf0de6eba4d6d6",500,"48e881ee753893bfaecd7101fc16fbcb552dd30a2a791fedfc7204d7b322a32e",TRUE,0,0.211770154822472,TRUE,"8c926e855ebf322061af1b0cc220aabe314aad056db374df152b4ca2d7cb305a","b6af06b41b76399d309fd43574bc402d75bd1ae78c01aeb77b85ab26c2572f6a",373.582,207,"1f0ebe7383f6998116af92c3ccb0b6f66400c79cd62cc552284ecbfe1d89ea16",3.12899999999996,377.714,FALSE,FALSE,FALSE,FALSE,"closed",FALSE
"mv08o_residual_source_sentinel_v1","primary","SRA742961_SRS3565204","internal124",20260808,"sct_pearson_residual_all_qc_fit_selected384","exact500",4900,384,"8f97d56043f9c45fc214069b7180efb1aeea6b9dead16879dcdf0de6eba4d6d6",500,"48e881ee753893bfaecd7101fc16fbcb552dd30a2a791fedfc7204d7b322a32e",TRUE,0,0.656585051838453,TRUE,"5e42627ac2263f946d6043247ae75492d3ce0ac31068686c3462e058ae12671a","4be0cf61481824d8df6767cb285b6faefd1293176193b9f5d76378691884d408",373.582,207,"1f0ebe7383f6998116af92c3ccb0b6f66400c79cd62cc552284ecbfe1d89ea16",3.12899999999996,377.861,FALSE,FALSE,FALSE,FALSE,"closed",FALSE
"mv08o_residual_source_sentinel_v1","primary","SRA742961_SRS3565204","internal124",20260809,"sct_data_all_qc_fit_selected384","exact500",4900,384,"7e7df782a9188411197c890d8c9657ff70d085005474f0de25809c66e7a6b8c5",500,"48e881ee753893bfaecd7101fc16fbcb552dd30a2a791fedfc7204d7b322a32e",TRUE,0,0.195584288008875,TRUE,"187db219aff60ea7429cafefbcb1bab18442f63117f9ae21376229ebd7adc8ce","922969e69e21ea906d9d436ecf0dfebe49c1cca3663ea55e4710bd03dfeb1746",373.582,207,"1f0ebe7383f6998116af92c3ccb0b6f66400c79cd62cc552284ecbfe1d89ea16",3.12899999999996,378,FALSE,FALSE,FALSE,FALSE,"closed",FALSE
"mv08o_residual_source_sentinel_v1","primary","SRA742961_SRS3565204","internal124",20260809,"sct_pearson_residual_all_qc_fit_selected384","exact500",4900,384,"7e7df782a9188411197c890d8c9657ff70d085005474f0de25809c66e7a6b8c5",500,"48e881ee753893bfaecd7101fc16fbcb552dd30a2a791fedfc7204d7b322a32e",TRUE,0,0.566286108114919,TRUE,"35d4c831f21cb340442cd960dd8eb3f6129c891b13a419984078aa652d4ed406","a7f708ce0b36617899fc4e173a98a3b9e00673255782940245294cfbd193663f",373.582,207,"1f0ebe7383f6998116af92c3ccb0b6f66400c79cd62cc552284ecbfe1d89ea16",3.12899999999996,378.143,FALSE,FALSE,FALSE,FALSE,"closed",FALSE
"mv08o_residual_source_sentinel_v1","primary","SRA779509_SRS3805268","internal124",20260805,"sct_data_all_qc_fit_selected384","exact500",5042,384,"8f26cf1184416ce830e8271cf5ed95888b5141cc0bd5a97ac3b3de420f1bae95",500,"48e881ee753893bfaecd7101fc16fbcb552dd30a2a791fedfc7204d7b322a32e",TRUE,0,0.281587573027638,TRUE,"6d3fc4d02345ca16855f7144c9f2409c1e03f81579a655d7012689e82dd39b0b","64b07d2d8d10294c7f444361add60686306ab24c24629a0d40902968e1991151",590.534,569,"1f0ebe7383f6998116af92c3ccb0b6f66400c79cd62cc552284ecbfe1d89ea16",3.18900000000008,593.971,FALSE,FALSE,FALSE,FALSE,"closed",FALSE
"mv08o_residual_source_sentinel_v1","primary","SRA779509_SRS3805268","internal124",20260805,"sct_pearson_residual_all_qc_fit_selected384","exact500",5042,384,"8f26cf1184416ce830e8271cf5ed95888b5141cc0bd5a97ac3b3de420f1bae95",500,"48e881ee753893bfaecd7101fc16fbcb552dd30a2a791fedfc7204d7b322a32e",TRUE,0,0.697731067222198,TRUE,"9ce9aafb964dfc44643cd09f6137fff57b821010b09c39c68f09206675de8199","7e359d24d6468e0ae2b878e4d8e85f0fac4a4bd569346d3dd9ea4d64df069506",590.534,569,"1f0ebe7383f6998116af92c3ccb0b6f66400c79cd62cc552284ecbfe1d89ea16",3.18900000000008,594.098,FALSE,FALSE,FALSE,FALSE,"closed",FALSE
"mv08o_residual_source_sentinel_v1","primary","SRA779509_SRS3805268","internal124",20260806,"sct_data_all_qc_fit_selected384","exact500",5042,384,"61b208d987365576985b57c3a6e58f491b8c9abe413de3d3714df48200525836",500,"48e881ee753893bfaecd7101fc16fbcb552dd30a2a791fedfc7204d7b322a32e",TRUE,0,0.295646008952479,TRUE,"ffbbf1f9ac44340b13bddef02a64d45a65f5c07ea8ec1f92b067623c09006560","aa3f071faf6999a72e2c9bf106fb77674e71d9a54e509da72fc355dec44facb8",590.534,569,"1f0ebe7383f6998116af92c3ccb0b6f66400c79cd62cc552284ecbfe1d89ea16",3.18900000000008,594.219,FALSE,FALSE,FALSE,FALSE,"closed",FALSE
"mv08o_residual_source_sentinel_v1","primary","SRA779509_SRS3805268","internal124",20260806,"sct_pearson_residual_all_qc_fit_selected384","exact500",5042,384,"61b208d987365576985b57c3a6e58f491b8c9abe413de3d3714df48200525836",500,"48e881ee753893bfaecd7101fc16fbcb552dd30a2a791fedfc7204d7b322a32e",TRUE,0,0.67167032242142,TRUE,"346b8ea0dd5d9d3d55a1979ffec5c301887060007ebb09dbb7b0e42aaec5ccdc","0d629c1414fdc68eb8bd1c0730bceb5bf51984b8aa1105b27283a857a1fdffc6",590.534,569,"1f0ebe7383f6998116af92c3ccb0b6f66400c79cd62cc552284ecbfe1d89ea16",3.18900000000008,594.347,FALSE,FALSE,FALSE,FALSE,"closed",FALSE
"mv08o_residual_source_sentinel_v1","primary","SRA779509_SRS3805268","internal124",20260807,"sct_data_all_qc_fit_selected384","exact500",5042,384,"941b7c72f53c0649ce7d81e838931a6654e67ecac72581b1177e86ef10ad4380",500,"48e881ee753893bfaecd7101fc16fbcb552dd30a2a791fedfc7204d7b322a32e",TRUE,0,0.280370669816972,TRUE,"162779ca10d945e019aab3fcba5db63a3e62332cb15a5a45d6ebc1c56c1808fe","fb14dbfa941d8c3f8d075d2bad4fffa5d0efb8fa5901ccfc78102dd62348ca9b",590.534,569,"1f0ebe7383f6998116af92c3ccb0b6f66400c79cd62cc552284ecbfe1d89ea16",3.18900000000008,594.468,FALSE,FALSE,FALSE,FALSE,"closed",FALSE
"mv08o_residual_source_sentinel_v1","primary","SRA779509_SRS3805268","internal124",20260807,"sct_pearson_residual_all_qc_fit_selected384","exact500",5042,384,"941b7c72f53c0649ce7d81e838931a6654e67ecac72581b1177e86ef10ad4380",500,"48e881ee753893bfaecd7101fc16fbcb552dd30a2a791fedfc7204d7b322a32e",TRUE,0,0.700232001304028,TRUE,"e1f636abc785ee156c04217c1fd329f6da6e5e79e6cdff3a7937d19c73c5fec7","aed90269baeaeb6ff89c9566560455209bb89a7c2b9018668564fa1a4a77614c",590.534,569,"1f0ebe7383f6998116af92c3ccb0b6f66400c79cd62cc552284ecbfe1d89ea16",3.18900000000008,595.312,FALSE,FALSE,FALSE,FALSE,"closed",FALSE
"mv08o_residual_source_sentinel_v1","primary","SRA779509_SRS3805268","internal124",20260808,"sct_data_all_qc_fit_selected384","exact500",5042,384,"5c5b3391cf57adaf95fa1823e0d25445dd860ce466e6b0eb946a0bb30193b183",500,"48e881ee753893bfaecd7101fc16fbcb552dd30a2a791fedfc7204d7b322a32e",TRUE,0,0.283010839496336,TRUE,"22979f8c83f1dd70d5c7f2e9d00788907d2de466980fdb2d91d9b4e208337986","cdeb10894be18d656fa9b7b4f7637fd4e0b12858a642928dc5d7e5046d0889c0",590.534,569,"1f0ebe7383f6998116af92c3ccb0b6f66400c79cd62cc552284ecbfe1d89ea16",3.18900000000008,595.438,FALSE,FALSE,FALSE,FALSE,"closed",FALSE
"mv08o_residual_source_sentinel_v1","primary","SRA779509_SRS3805268","internal124",20260808,"sct_pearson_residual_all_qc_fit_selected384","exact500",5042,384,"5c5b3391cf57adaf95fa1823e0d25445dd860ce466e6b0eb946a0bb30193b183",500,"48e881ee753893bfaecd7101fc16fbcb552dd30a2a791fedfc7204d7b322a32e",TRUE,0,0.691798023655229,TRUE,"4ace0f5a184408f8f9eb1bf21c7040e698c98c1120af36e2b784ff163669324e","f30d108538d5506972907eb6483599e568a398a7e8fb6cb7f6a0029a9380149c",590.534,569,"1f0ebe7383f6998116af92c3ccb0b6f66400c79cd62cc552284ecbfe1d89ea16",3.18900000000008,595.565,FALSE,FALSE,FALSE,FALSE,"closed",FALSE
"mv08o_residual_source_sentinel_v1","primary","SRA779509_SRS3805268","internal124",20260809,"sct_data_all_qc_fit_selected384","exact500",5042,384,"29504fe7de2a6e98cd8ef2ea024ea32adbf30f15b420d84a1a33a605d8cf5a86",500,"48e881ee753893bfaecd7101fc16fbcb552dd30a2a791fedfc7204d7b322a32e",TRUE,0,0.276575490713596,TRUE,"876808407cdb572e91282a7d65eaabcb11c03748ac95d81740611982f8a010af","81bf15d217ff7d1d0175d8ad09fe921b56881071b7542c1d4d631c56ae350d0e",590.534,569,"1f0ebe7383f6998116af92c3ccb0b6f66400c79cd62cc552284ecbfe1d89ea16",3.18900000000008,595.687,FALSE,FALSE,FALSE,FALSE,"closed",FALSE
"mv08o_residual_source_sentinel_v1","primary","SRA779509_SRS3805268","internal124",20260809,"sct_pearson_residual_all_qc_fit_selected384","exact500",5042,384,"29504fe7de2a6e98cd8ef2ea024ea32adbf30f15b420d84a1a33a605d8cf5a86",500,"48e881ee753893bfaecd7101fc16fbcb552dd30a2a791fedfc7204d7b322a32e",TRUE,0,0.671216270412629,TRUE,"d8e7379f5bd48cbc67791b8d2892a6d1418fa88754f9bfeded903246ec914efd","27dbf98936f44d4bd50fc7c81c2083ee4067ebed1a7f184af5a517d9dc10ae20",590.534,569,"1f0ebe7383f6998116af92c3ccb0b6f66400c79cd62cc552284ecbfe1d89ea16",3.18900000000008,595.811,FALSE,FALSE,FALSE,FALSE,"closed",FALSE
"mv08o_residual_source_sentinel_v1","primary","SRA779509_SRS3805252","internal124",20260805,"sct_data_all_qc_fit_selected384","exact500",5071,384,"f9415bcb477a507a8b7238eb4c7c3c1b9eb88735f4a88f7f784f1e22f6ce09af",500,"48e881ee753893bfaecd7101fc16fbcb552dd30a2a791fedfc7204d7b322a32e",TRUE,0,0.125521781031731,TRUE,"6954367ffea8c8462bf1bc45843b7d85b78ce636a2a04178ab285a163ab00ea1","95f75c4b3a903b822f55bd2050d258b68eec4583d36b88222b9183fb2712e5a6",604.284,555,"1f0ebe7383f6998116af92c3ccb0b6f66400c79cd62cc552284ecbfe1d89ea16",2.72000000000003,607.242,FALSE,FALSE,FALSE,FALSE,"closed",FALSE
"mv08o_residual_source_sentinel_v1","primary","SRA779509_SRS3805252","internal124",20260805,"sct_pearson_residual_all_qc_fit_selected384","exact500",5071,384,"f9415bcb477a507a8b7238eb4c7c3c1b9eb88735f4a88f7f784f1e22f6ce09af",500,"48e881ee753893bfaecd7101fc16fbcb552dd30a2a791fedfc7204d7b322a32e",TRUE,0,0.680195821724531,TRUE,"5636157671b73a1b4e136de577450630857bdb73533ab6bf42a67154cf71d4b8","2f09d97f56f319355fc290933c718c10e1e5157f7800ef1fb057ed6755f2be96",604.284,555,"1f0ebe7383f6998116af92c3ccb0b6f66400c79cd62cc552284ecbfe1d89ea16",2.72000000000003,607.368,FALSE,FALSE,FALSE,FALSE,"closed",FALSE
"mv08o_residual_source_sentinel_v1","primary","SRA779509_SRS3805252","internal124",20260806,"sct_data_all_qc_fit_selected384","exact500",5071,384,"3a3d9b2efe2d699b89f8a76a5430038d10bc396b57d99e5a4a6982bb54210dc1",500,"48e881ee753893bfaecd7101fc16fbcb552dd30a2a791fedfc7204d7b322a32e",TRUE,0,0.14113851492278,TRUE,"691c0fd6fc5d4793ceba2c9534bd62a2f8cccbab692c106d5714a8dcde86c3e6","2e71ed399ec4b157f673a92a57bc151621bef6cb090e8b7dfc6156f5e8486924",604.284,555,"1f0ebe7383f6998116af92c3ccb0b6f66400c79cd62cc552284ecbfe1d89ea16",2.72000000000003,607.503,FALSE,FALSE,FALSE,FALSE,"closed",FALSE
"mv08o_residual_source_sentinel_v1","primary","SRA779509_SRS3805252","internal124",20260806,"sct_pearson_residual_all_qc_fit_selected384","exact500",5071,384,"3a3d9b2efe2d699b89f8a76a5430038d10bc396b57d99e5a4a6982bb54210dc1",500,"48e881ee753893bfaecd7101fc16fbcb552dd30a2a791fedfc7204d7b322a32e",TRUE,0,0.664707447076441,TRUE,"8f27a201a1be13f5bb0198560ca28e12ac7d4c43a11a293a94811617a701b014","c8f52c6cd10a7ab64aa15de3ca275b788bcb0b0bf4c7b2cf127a03f5706de6c1",604.284,555,"1f0ebe7383f6998116af92c3ccb0b6f66400c79cd62cc552284ecbfe1d89ea16",2.72000000000003,607.648,FALSE,FALSE,FALSE,FALSE,"closed",FALSE
"mv08o_residual_source_sentinel_v1","primary","SRA779509_SRS3805252","internal124",20260807,"sct_data_all_qc_fit_selected384","exact500",5071,384,"906501a98cc15406544c4272681bdf051a38615c396641e6c69dd6605926979a",500,"48e881ee753893bfaecd7101fc16fbcb552dd30a2a791fedfc7204d7b322a32e",TRUE,0,0.13008443701908,TRUE,"3141ed032cb8b2e9b869c6b3ca8d697688c324858bba1c506956f2ddbc138a03","1aa1dd82f37f3b5b86bccbff0efa43c47a4a34f17ff3345be15764485de9d0f6",604.284,555,"1f0ebe7383f6998116af92c3ccb0b6f66400c79cd62cc552284ecbfe1d89ea16",2.72000000000003,607.788,FALSE,FALSE,FALSE,FALSE,"closed",FALSE
"mv08o_residual_source_sentinel_v1","primary","SRA779509_SRS3805252","internal124",20260807,"sct_pearson_residual_all_qc_fit_selected384","exact500",5071,384,"906501a98cc15406544c4272681bdf051a38615c396641e6c69dd6605926979a",500,"48e881ee753893bfaecd7101fc16fbcb552dd30a2a791fedfc7204d7b322a32e",TRUE,0,0.727947816656148,TRUE,"06b7820e4b645b6610d6380093ac00fcc1e026cd86988db47107bc05997944f7","a6beda6cde21eacdc5bf88e840bff8239943a984add7ce4b7e85afae655c6156",604.284,555,"1f0ebe7383f6998116af92c3ccb0b6f66400c79cd62cc552284ecbfe1d89ea16",2.72000000000003,607.933,FALSE,FALSE,FALSE,FALSE,"closed",FALSE
"mv08o_residual_source_sentinel_v1","primary","SRA779509_SRS3805252","internal124",20260808,"sct_data_all_qc_fit_selected384","exact500",5071,384,"2f41a8da6fafd283990aade9bde24f2a57b61e2a6957b93cdb1c34dc8abef558",500,"48e881ee753893bfaecd7101fc16fbcb552dd30a2a791fedfc7204d7b322a32e",TRUE,0,0.16083246117903,TRUE,"3ab2928ca02291d6e5faae815ac94d160007393accf8cd20e58216b9704fb793","86ae970a8c84a5ff9f09ad0283c235b1350e07b940a477765e788ee61fba9488",604.284,555,"1f0ebe7383f6998116af92c3ccb0b6f66400c79cd62cc552284ecbfe1d89ea16",2.72000000000003,608.075,FALSE,FALSE,FALSE,FALSE,"closed",FALSE
"mv08o_residual_source_sentinel_v1","primary","SRA779509_SRS3805252","internal124",20260808,"sct_pearson_residual_all_qc_fit_selected384","exact500",5071,384,"2f41a8da6fafd283990aade9bde24f2a57b61e2a6957b93cdb1c34dc8abef558",500,"48e881ee753893bfaecd7101fc16fbcb552dd30a2a791fedfc7204d7b322a32e",TRUE,0,0.731257856812273,TRUE,"7ae34c411a3cb14aa0aa275f3e9710f444c0ce769350d24fdcb3c95737022521","3ab28310dd73e461d18b51597be9961139130f2b4bf942f676fc6ecc7af78812",604.284,555,"1f0ebe7383f6998116af92c3ccb0b6f66400c79cd62cc552284ecbfe1d89ea16",2.72000000000003,608.222,FALSE,FALSE,FALSE,FALSE,"closed",FALSE
"mv08o_residual_source_sentinel_v1","primary","SRA779509_SRS3805252","internal124",20260809,"sct_data_all_qc_fit_selected384","exact500",5071,384,"cfe691cd9171bba1b844cce4422ab333d500ad92d32eb26cad53f1e29fff2be7",500,"48e881ee753893bfaecd7101fc16fbcb552dd30a2a791fedfc7204d7b322a32e",TRUE,0,0.151333363801198,TRUE,"b591739e6161767fc55e901bd0a3d84221f863989f6544fffa000f9a5172ee65","8089e3ac3b5f5526695ffa1580cb3461395153e24ac9717c6b951560c9abad30",604.284,555,"1f0ebe7383f6998116af92c3ccb0b6f66400c79cd62cc552284ecbfe1d89ea16",2.72000000000003,608.365,FALSE,FALSE,FALSE,FALSE,"closed",FALSE
"mv08o_residual_source_sentinel_v1","primary","SRA779509_SRS3805252","internal124",20260809,"sct_pearson_residual_all_qc_fit_selected384","exact500",5071,384,"cfe691cd9171bba1b844cce4422ab333d500ad92d32eb26cad53f1e29fff2be7",500,"48e881ee753893bfaecd7101fc16fbcb552dd30a2a791fedfc7204d7b322a32e",TRUE,0,0.720518060675456,TRUE,"df7a8c59637c2b05f837915bcb16426b7cd2fd1e87f91d53ec9614da19315573","534ca58ba5c44c38a5c64e13c90f74017f594fa86da3db090479119e8285a702",604.284,555,"1f0ebe7383f6998116af92c3ccb0b6f66400c79cd62cc552284ecbfe1d89ea16",2.72000000000003,608.513,FALSE,FALSE,FALSE,FALSE,"closed",FALSE
"mv08o_residual_source_sentinel_v1","primary","SRA779509_SRS3805263","internal124",20260805,"sct_data_all_qc_fit_selected384","exact500",5200,384,"3a8e21a3d7e602c50dfd5316bcb7fbc061cbb9a6400ab03f077f280c4b46d05e",500,"48e881ee753893bfaecd7101fc16fbcb552dd30a2a791fedfc7204d7b322a32e",TRUE,0,0.1680031145829,TRUE,"10271e2cb48f9ae6cc832d4ea62437a26abffa86e0ae030a08f6e48017909784","1d054911e7fd59c10c68ae2025b1019654638700e29821e4b7c7e842779390fe",648.125,984,"85b3c8df07c7859d19f3ad0590bbe2f6007bcf12c39054ff3e0932f1a2c92afc",2.971,651.332,FALSE,FALSE,FALSE,FALSE,"closed",FALSE
"mv08o_residual_source_sentinel_v1","primary","SRA779509_SRS3805263","internal124",20260805,"sct_pearson_residual_all_qc_fit_selected384","exact500",5200,384,"3a8e21a3d7e602c50dfd5316bcb7fbc061cbb9a6400ab03f077f280c4b46d05e",500,"48e881ee753893bfaecd7101fc16fbcb552dd30a2a791fedfc7204d7b322a32e",TRUE,0,0.74258172706196,TRUE,"e47193999cb8201350d1f40b3b328550af0e3afc4048dfad3e27c5753432eea3","d6c2a668e0cccd02a264993c3ec0f50b1867e52c9dc2c9cd19212400e84affac",648.125,984,"85b3c8df07c7859d19f3ad0590bbe2f6007bcf12c39054ff3e0932f1a2c92afc",2.971,651.459,FALSE,FALSE,FALSE,FALSE,"closed",FALSE
"mv08o_residual_source_sentinel_v1","primary","SRA779509_SRS3805263","internal124",20260806,"sct_data_all_qc_fit_selected384","exact500",5200,384,"43db774487f2f1406c8327e64cb6ede110b600187b718247e486f64345c6b81b",500,"48e881ee753893bfaecd7101fc16fbcb552dd30a2a791fedfc7204d7b322a32e",TRUE,0,0.161296924841131,TRUE,"6c79dd5ffe55af595d8bb3c2aeedd37ed9aae5fb8dc3612104daf9e30c3184fe","e44b73c99bb74668303f8314ab49470fea2d9a8658d9325755dfdb49fec97a7f",648.125,984,"85b3c8df07c7859d19f3ad0590bbe2f6007bcf12c39054ff3e0932f1a2c92afc",2.971,651.58,FALSE,FALSE,FALSE,FALSE,"closed",FALSE
"mv08o_residual_source_sentinel_v1","primary","SRA779509_SRS3805263","internal124",20260806,"sct_pearson_residual_all_qc_fit_selected384","exact500",5200,384,"43db774487f2f1406c8327e64cb6ede110b600187b718247e486f64345c6b81b",500,"48e881ee753893bfaecd7101fc16fbcb552dd30a2a791fedfc7204d7b322a32e",TRUE,0,0.755067250395102,TRUE,"8b08f16f8bcca6abf6cef4a079855d01478e498da7d688f037b39fe8f066e871","ffd44645d400ed9d936fd29a07b5b2e50e367335cea7f6209c78d3052a4fc7a6",648.125,984,"85b3c8df07c7859d19f3ad0590bbe2f6007bcf12c39054ff3e0932f1a2c92afc",2.971,651.712,FALSE,FALSE,FALSE,FALSE,"closed",FALSE
"mv08o_residual_source_sentinel_v1","primary","SRA779509_SRS3805263","internal124",20260807,"sct_data_all_qc_fit_selected384","exact500",5200,384,"5499aca3dbbbc60267c1575e65bbbe42a5505e8b564a193352f1c802916468b3",500,"48e881ee753893bfaecd7101fc16fbcb552dd30a2a791fedfc7204d7b322a32e",TRUE,0,0.191825696067331,TRUE,"c0a3299e2ff840c345ce93a3f818b5b55e857e4febc972d58b7d7bfe83c96956","3a2936c018306071cc596789f4660c52cca1419ab6073b198f4b12f3c9c6b572",648.125,984,"85b3c8df07c7859d19f3ad0590bbe2f6007bcf12c39054ff3e0932f1a2c92afc",2.971,651.853,FALSE,FALSE,FALSE,FALSE,"closed",FALSE
"mv08o_residual_source_sentinel_v1","primary","SRA779509_SRS3805263","internal124",20260807,"sct_pearson_residual_all_qc_fit_selected384","exact500",5200,384,"5499aca3dbbbc60267c1575e65bbbe42a5505e8b564a193352f1c802916468b3",500,"48e881ee753893bfaecd7101fc16fbcb552dd30a2a791fedfc7204d7b322a32e",TRUE,0,0.687566946850291,TRUE,"0ab27310a268fdf44a49d1ba48cce57c68f7edea7db97601f6018ae895172e83","a2b281c103cc1d2719090a72fa1f5c02c216f4ce7c080455529d5fcb3ffc1bd0",648.125,984,"85b3c8df07c7859d19f3ad0590bbe2f6007bcf12c39054ff3e0932f1a2c92afc",2.971,652.001,FALSE,FALSE,FALSE,FALSE,"closed",FALSE
"mv08o_residual_source_sentinel_v1","primary","SRA779509_SRS3805263","internal124",20260808,"sct_data_all_qc_fit_selected384","exact500",5200,384,"ba6005bd1f4d4699c4d47b63c24dd590a25cc4986d44a8e4524557782dd339ec",500,"48e881ee753893bfaecd7101fc16fbcb552dd30a2a791fedfc7204d7b322a32e",TRUE,0,0.1680031145829,TRUE,"23126a10436703c045afb72316cfc846562fb87c4c267534b04f7ea00d8e8d0f","36de16b31c595fbc8b772efac77369cf14fb607e49e8e1deee878b39eefec494",648.125,984,"85b3c8df07c7859d19f3ad0590bbe2f6007bcf12c39054ff3e0932f1a2c92afc",2.971,652.142,FALSE,FALSE,FALSE,FALSE,"closed",FALSE
"mv08o_residual_source_sentinel_v1","primary","SRA779509_SRS3805263","internal124",20260808,"sct_pearson_residual_all_qc_fit_selected384","exact500",5200,384,"ba6005bd1f4d4699c4d47b63c24dd590a25cc4986d44a8e4524557782dd339ec",500,"48e881ee753893bfaecd7101fc16fbcb552dd30a2a791fedfc7204d7b322a32e",TRUE,0,0.744952425473106,TRUE,"50f18453d082e9098dff8ca66d597b8e7bbf6edf26cb1edceb25a24443ffeb6a","2c325e228e78f0704eada7557200e065e9d1edee6ecbd79ca90f38ae5b4ccc92",648.125,984,"85b3c8df07c7859d19f3ad0590bbe2f6007bcf12c39054ff3e0932f1a2c92afc",2.971,652.286,FALSE,FALSE,FALSE,FALSE,"closed",FALSE
"mv08o_residual_source_sentinel_v1","primary","SRA779509_SRS3805263","internal124",20260809,"sct_data_all_qc_fit_selected384","exact500",5200,384,"52d4acf8b8993e7bd835355a051b5a8b61d8682ae2ff874ccdd6ba840fcba46c",500,"48e881ee753893bfaecd7101fc16fbcb552dd30a2a791fedfc7204d7b322a32e",TRUE,0,0.197432478496888,TRUE,"a90fb13708f8f162bf3b7b860d898c851ed66dc0e0d970657b3739c3468cb8e5","0c9c3908dd8eb68b9f42ba1c547ac1c5d6272652074e7d81fb08fc0a3d5eba36",648.125,984,"85b3c8df07c7859d19f3ad0590bbe2f6007bcf12c39054ff3e0932f1a2c92afc",2.971,652.426,FALSE,FALSE,FALSE,FALSE,"closed",FALSE
"mv08o_residual_source_sentinel_v1","primary","SRA779509_SRS3805263","internal124",20260809,"sct_pearson_residual_all_qc_fit_selected384","exact500",5200,384,"52d4acf8b8993e7bd835355a051b5a8b61d8682ae2ff874ccdd6ba840fcba46c",500,"48e881ee753893bfaecd7101fc16fbcb552dd30a2a791fedfc7204d7b322a32e",TRUE,0,0.731132874508848,TRUE,"d73a993c54a4da871af0246b182908a36a4c4b413aabfa36e0ee6ef7aaf30011","322260c2d51fd7746e65da4abbe2f062b2fc9224590b13ad5d4c179d180ab7e8",648.125,984,"85b3c8df07c7859d19f3ad0590bbe2f6007bcf12c39054ff3e0932f1a2c92afc",2.971,652.572,FALSE,FALSE,FALSE,FALSE,"closed",FALSE
"mv08o_residual_source_sentinel_v1","primary","SRA779509_SRS3805269","internal124",20260805,"sct_data_all_qc_fit_selected384","exact500",5226,384,"06341f465437799e6ef80e1ebff189ec92997f4c1681ba34370e4643de74d11c",500,"48e881ee753893bfaecd7101fc16fbcb552dd30a2a791fedfc7204d7b322a32e",TRUE,0,0.217820483336848,TRUE,"288af7e9d51830bf0f9f7a11ad9b342da95e8e0c0d764a66b9bef70869652f50","5b3b2e61d5461c0ca2f393d07e634a8673ba3ac70f6ceb005d06828754008ab5",640.899,1074,"85b3c8df07c7859d19f3ad0590bbe2f6007bcf12c39054ff3e0932f1a2c92afc",2.91600000000005,644.055,FALSE,FALSE,FALSE,FALSE,"closed",FALSE
"mv08o_residual_source_sentinel_v1","primary","SRA779509_SRS3805269","internal124",20260805,"sct_pearson_residual_all_qc_fit_selected384","exact500",5226,384,"06341f465437799e6ef80e1ebff189ec92997f4c1681ba34370e4643de74d11c",500,"48e881ee753893bfaecd7101fc16fbcb552dd30a2a791fedfc7204d7b322a32e",TRUE,0,0.726730592159559,TRUE,"45df14544cac104285f3c8c8a211a18e4cac705619593a74cb028f4104a6d2ec","8f37e8be6cf53f07655caf4d4bf5de5270b0b9a093a6c413a8273cc69c09401c",640.899,1074,"85b3c8df07c7859d19f3ad0590bbe2f6007bcf12c39054ff3e0932f1a2c92afc",2.91600000000005,644.18,FALSE,FALSE,FALSE,FALSE,"closed",FALSE
"mv08o_residual_source_sentinel_v1","primary","SRA779509_SRS3805269","internal124",20260806,"sct_data_all_qc_fit_selected384","exact500",5226,384,"59766251003a988978f6a5f1946656caf36c00a81a833f5fd97e9fd764b970af",500,"48e881ee753893bfaecd7101fc16fbcb552dd30a2a791fedfc7204d7b322a32e",TRUE,0,0.208411157239545,TRUE,"628037394b166618baf16801a6219965c86fceade0ed1cb619a70048058c6fe5","096c4f985b6123999d830710c8c7801deee922bfb989abf91915015e565ca62f",640.899,1074,"85b3c8df07c7859d19f3ad0590bbe2f6007bcf12c39054ff3e0932f1a2c92afc",2.91600000000005,644.299,FALSE,FALSE,FALSE,FALSE,"closed",FALSE
"mv08o_residual_source_sentinel_v1","primary","SRA779509_SRS3805269","internal124",20260806,"sct_pearson_residual_all_qc_fit_selected384","exact500",5226,384,"59766251003a988978f6a5f1946656caf36c00a81a833f5fd97e9fd764b970af",500,"48e881ee753893bfaecd7101fc16fbcb552dd30a2a791fedfc7204d7b322a32e",TRUE,0,0.739891099974494,TRUE,"3da5a6bed3c9132699fbe7ce9317d1d56cf13ebca0d7eab9aa8006cc0e8c1d5a","39d4722a292ff85240aca64e9ca3b539d14cd2d440cc58bbaf05dbcb4a91b2dc",640.899,1074,"85b3c8df07c7859d19f3ad0590bbe2f6007bcf12c39054ff3e0932f1a2c92afc",2.91600000000005,644.425,FALSE,FALSE,FALSE,FALSE,"closed",FALSE
"mv08o_residual_source_sentinel_v1","primary","SRA779509_SRS3805269","internal124",20260807,"sct_data_all_qc_fit_selected384","exact500",5226,384,"838cc3a1f711857c703cde39853f3c0b7cc40c22d4584683f859a8970b0850a9",500,"48e881ee753893bfaecd7101fc16fbcb552dd30a2a791fedfc7204d7b322a32e",TRUE,0,0.200852526661109,TRUE,"f56065e5b95df7d6301029589c9dea7df2971db1944a1ad76d279999228d4487","87a0bb42a23afdbdfd1532ade16d611007a017fac2e7f9555c6752d6b4a88a87",640.899,1074,"85b3c8df07c7859d19f3ad0590bbe2f6007bcf12c39054ff3e0932f1a2c92afc",2.91600000000005,644.568,FALSE,FALSE,FALSE,FALSE,"closed",FALSE
"mv08o_residual_source_sentinel_v1","primary","SRA779509_SRS3805269","internal124",20260807,"sct_pearson_residual_all_qc_fit_selected384","exact500",5226,384,"838cc3a1f711857c703cde39853f3c0b7cc40c22d4584683f859a8970b0850a9",500,"48e881ee753893bfaecd7101fc16fbcb552dd30a2a791fedfc7204d7b322a32e",TRUE,0,0.762210454124285,TRUE,"1b7d54cc439a9f9bc2c8bb2da07ee3ce2d3331b70cb1cb49761f4d86f7ef76d6","b92b2144656ef5338419e222b8ad1b413158dcd67d65c33885cc8c6516dfef30",640.899,1074,"85b3c8df07c7859d19f3ad0590bbe2f6007bcf12c39054ff3e0932f1a2c92afc",2.91600000000005,644.713,FALSE,FALSE,FALSE,FALSE,"closed",FALSE
"mv08o_residual_source_sentinel_v1","primary","SRA779509_SRS3805269","internal124",20260808,"sct_data_all_qc_fit_selected384","exact500",5226,384,"7e71ff6405396982cdb4c9b07b22d9dec70f3a318c442e0ca546cd1874a1c580",500,"48e881ee753893bfaecd7101fc16fbcb552dd30a2a791fedfc7204d7b322a32e",TRUE,0,0.209755499597906,TRUE,"22cfaf9da85bd21a6ebc353a6fce5d9189c5a51d059e5c7fb06d5ade60186b2f","b6f3624ed61524006e0c83f0d80c5955b21c45e2bdb26411ed50d07eba84f581",640.899,1074,"85b3c8df07c7859d19f3ad0590bbe2f6007bcf12c39054ff3e0932f1a2c92afc",2.91600000000005,644.853,FALSE,FALSE,FALSE,FALSE,"closed",FALSE
"mv08o_residual_source_sentinel_v1","primary","SRA779509_SRS3805269","internal124",20260808,"sct_pearson_residual_all_qc_fit_selected384","exact500",5226,384,"7e71ff6405396982cdb4c9b07b22d9dec70f3a318c442e0ca546cd1874a1c580",500,"48e881ee753893bfaecd7101fc16fbcb552dd30a2a791fedfc7204d7b322a32e",TRUE,0,0.717025597559544,TRUE,"0e8642f7e83cffc02aeeac1a5778814a132b6e2a31124b62413b2dd45dc4b6ac","ac3c9f1ed82255369847e1c8e2df060aef0771470ad57f5942dfa57b7d1f4f1c",640.899,1074,"85b3c8df07c7859d19f3ad0590bbe2f6007bcf12c39054ff3e0932f1a2c92afc",2.91600000000005,645,FALSE,FALSE,FALSE,FALSE,"closed",FALSE
"mv08o_residual_source_sentinel_v1","primary","SRA779509_SRS3805269","internal124",20260809,"sct_data_all_qc_fit_selected384","exact500",5226,384,"61c0c4326a18e17b150e7425f26dab808ba559628bc9fca999bd620eca488d95",500,"48e881ee753893bfaecd7101fc16fbcb552dd30a2a791fedfc7204d7b322a32e",TRUE,0,0.213778656965522,TRUE,"de71413833a2134dda5cb6f99abad7f29b7ef938bfe595b63a5c80f2b41f4311","b567c001bb210c2fbdd9de2ddb0227f28af5b1e1b7800b5dd2c386d5068915b2",640.899,1074,"85b3c8df07c7859d19f3ad0590bbe2f6007bcf12c39054ff3e0932f1a2c92afc",2.91600000000005,645.142,FALSE,FALSE,FALSE,FALSE,"closed",FALSE
"mv08o_residual_source_sentinel_v1","primary","SRA779509_SRS3805269","internal124",20260809,"sct_pearson_residual_all_qc_fit_selected384","exact500",5226,384,"61c0c4326a18e17b150e7425f26dab808ba559628bc9fca999bd620eca488d95",500,"48e881ee753893bfaecd7101fc16fbcb552dd30a2a791fedfc7204d7b322a32e",TRUE,0,0.724173366493216,TRUE,"0a924dcb81308c59c3348192a990a87ab93e607a8f55b209f68f5f05bdfac338","052b261e12ec021de36835dc67719339bccfb27bea3071b7996bda622849d430",640.899,1074,"85b3c8df07c7859d19f3ad0590bbe2f6007bcf12c39054ff3e0932f1a2c92afc",2.91600000000005,645.288,FALSE,FALSE,FALSE,FALSE,"closed",FALSE
"mv08o_residual_source_sentinel_v1","primary","SRA826293_SRS4181127","internal124",20260805,"sct_data_all_qc_fit_selected384","exact500",5276,384,"de96011aacf410978c4c63c5ff2c0aeb6805db5e3c493a6680210911f3b659aa",500,"48e881ee753893bfaecd7101fc16fbcb552dd30a2a791fedfc7204d7b322a32e",TRUE,0,0.210834488319057,TRUE,"6e10a30c296aa35d257751363aa1f22073739b7ab0067bed7eab55dcfb10d2e8","437fe299fa872ee406a27f3fad9d5c3350ea22b32636da1be344ac23f1a159a9",502.261,471,"1f0ebe7383f6998116af92c3ccb0b6f66400c79cd62cc552284ecbfe1d89ea16",4.29300000000001,506.829,FALSE,FALSE,FALSE,FALSE,"closed",FALSE
"mv08o_residual_source_sentinel_v1","primary","SRA826293_SRS4181127","internal124",20260805,"sct_pearson_residual_all_qc_fit_selected384","exact500",5276,384,"de96011aacf410978c4c63c5ff2c0aeb6805db5e3c493a6680210911f3b659aa",500,"48e881ee753893bfaecd7101fc16fbcb552dd30a2a791fedfc7204d7b322a32e",TRUE,0,0.652805231725583,TRUE,"e9264c6d7f6f344e6bb3b464e585ee268a343d4789be160a0d1d55f15434cb17","c9546d5654b6bcf4f7f1cf0e97c6dc9cc6429a987602dbe706353bb4fea411ad",502.261,471,"1f0ebe7383f6998116af92c3ccb0b6f66400c79cd62cc552284ecbfe1d89ea16",4.29300000000001,506.954,FALSE,FALSE,FALSE,FALSE,"closed",FALSE
"mv08o_residual_source_sentinel_v1","primary","SRA826293_SRS4181127","internal124",20260806,"sct_data_all_qc_fit_selected384","exact500",5276,384,"6de3461f2943f8c73c59d96ba7cd173bb3cccde73fb02a45fbe47981592d8008",500,"48e881ee753893bfaecd7101fc16fbcb552dd30a2a791fedfc7204d7b322a32e",TRUE,0,0.242369575319176,TRUE,"7e202c11a10a5732a61949bb843a0507a143acbfe06f7e87224fd03b9e495062","9b247dc358e28256cb4f0cc8d29e01280fe9e3cc7e9f7e045997b13ad5f954eb",502.261,471,"1f0ebe7383f6998116af92c3ccb0b6f66400c79cd62cc552284ecbfe1d89ea16",4.29300000000001,507.075,FALSE,FALSE,FALSE,FALSE,"closed",FALSE
"mv08o_residual_source_sentinel_v1","primary","SRA826293_SRS4181127","internal124",20260806,"sct_pearson_residual_all_qc_fit_selected384","exact500",5276,384,"6de3461f2943f8c73c59d96ba7cd173bb3cccde73fb02a45fbe47981592d8008",500,"48e881ee753893bfaecd7101fc16fbcb552dd30a2a791fedfc7204d7b322a32e",TRUE,0,0.658501378805891,TRUE,"6c3c4301dfa1f0270cbf420eac8d3370a8b3f2162763b93cc84fb37b85712646","29e3a7c4145e4f83c96ff2122f7294dd0dc1aa8fe7f88c631635b176b67a1d8f",502.261,471,"1f0ebe7383f6998116af92c3ccb0b6f66400c79cd62cc552284ecbfe1d89ea16",4.29300000000001,507.199,FALSE,FALSE,FALSE,FALSE,"closed",FALSE
"mv08o_residual_source_sentinel_v1","primary","SRA826293_SRS4181127","internal124",20260807,"sct_data_all_qc_fit_selected384","exact500",5276,384,"49159adc68e9008f9e7bd4cc0838d310c8f5027d15620175279c967a63b90025",500,"48e881ee753893bfaecd7101fc16fbcb552dd30a2a791fedfc7204d7b322a32e",TRUE,0,0.230409185954693,TRUE,"e8ea2a0ea78ac4f8493a418bb949114af3f61e24289859783f8778525ab97d2c","ea51ca5f003b8c9692910f6474afe3bc762c2e41739cb842f878c36953a5f6b6",502.261,471,"1f0ebe7383f6998116af92c3ccb0b6f66400c79cd62cc552284ecbfe1d89ea16",4.29300000000001,507.334,FALSE,FALSE,FALSE,FALSE,"closed",FALSE
"mv08o_residual_source_sentinel_v1","primary","SRA826293_SRS4181127","internal124",20260807,"sct_pearson_residual_all_qc_fit_selected384","exact500",5276,384,"49159adc68e9008f9e7bd4cc0838d310c8f5027d15620175279c967a63b90025",500,"48e881ee753893bfaecd7101fc16fbcb552dd30a2a791fedfc7204d7b322a32e",TRUE,0,0.652854010961201,TRUE,"d3c812e3d6360ef648ccc44ac155aefcb7905295a6ddd6d5e3786534c812a1d8","b80f12c3f8f6f23e419ef742135b958da6f03cbfc76ef94d78da44330780e509",502.261,471,"1f0ebe7383f6998116af92c3ccb0b6f66400c79cd62cc552284ecbfe1d89ea16",4.29300000000001,507.477,FALSE,FALSE,FALSE,FALSE,"closed",FALSE
"mv08o_residual_source_sentinel_v1","primary","SRA826293_SRS4181127","internal124",20260808,"sct_data_all_qc_fit_selected384","exact500",5276,384,"882c93c659ac46f1995e91a6360b7ab7f25d84268d9931597800e2b9a480d799",500,"48e881ee753893bfaecd7101fc16fbcb552dd30a2a791fedfc7204d7b322a32e",TRUE,0,0.21886276378471,TRUE,"0da25f2c0bdc0b9218cd1188bfbd10123ae989858732a18da5e41d6f08d8c62c","c0109efda9b20fec93d0355febf4dd23d1d9eb59d564660d7a70e543e618f169",502.261,471,"1f0ebe7383f6998116af92c3ccb0b6f66400c79cd62cc552284ecbfe1d89ea16",4.29300000000001,507.615,FALSE,FALSE,FALSE,FALSE,"closed",FALSE
"mv08o_residual_source_sentinel_v1","primary","SRA826293_SRS4181127","internal124",20260808,"sct_pearson_residual_all_qc_fit_selected384","exact500",5276,384,"882c93c659ac46f1995e91a6360b7ab7f25d84268d9931597800e2b9a480d799",500,"48e881ee753893bfaecd7101fc16fbcb552dd30a2a791fedfc7204d7b322a32e",TRUE,0,0.646937473151402,TRUE,"40edf726a01ee33f51c48c0c14daf7d147c4f850edb29b03242e8421cf935624","a1d4be1573d04a92c1c8a9021257b54e8ddd95d0eeb82747b06d805ac316b193",502.261,471,"1f0ebe7383f6998116af92c3ccb0b6f66400c79cd62cc552284ecbfe1d89ea16",4.29300000000001,507.758,FALSE,FALSE,FALSE,FALSE,"closed",FALSE
"mv08o_residual_source_sentinel_v1","primary","SRA826293_SRS4181127","internal124",20260809,"sct_data_all_qc_fit_selected384","exact500",5276,384,"995871f4454608233fcabcafa6a12675df6e261785924537f6863167a5b041a9",500,"48e881ee753893bfaecd7101fc16fbcb552dd30a2a791fedfc7204d7b322a32e",TRUE,0,0.230409185954693,TRUE,"93a69a6afb101684ad33fb9b0d34060204b5decfa3ff40974290be0bd2bf0959","3e06cb48d65c8b4add47255d7237770c855a4efa4fdc54d4031f37abef7cb3cf",502.261,471,"1f0ebe7383f6998116af92c3ccb0b6f66400c79cd62cc552284ecbfe1d89ea16",4.29300000000001,507.896,FALSE,FALSE,FALSE,FALSE,"closed",FALSE
"mv08o_residual_source_sentinel_v1","primary","SRA826293_SRS4181127","internal124",20260809,"sct_pearson_residual_all_qc_fit_selected384","exact500",5276,384,"995871f4454608233fcabcafa6a12675df6e261785924537f6863167a5b041a9",500,"48e881ee753893bfaecd7101fc16fbcb552dd30a2a791fedfc7204d7b322a32e",TRUE,0,0.668001496725081,TRUE,"29e1ae029a1b97e10bda02110b9b0b74e910ac6120301f533a7c8b299c13ae65","efe734c43a509e1d96b183970749ab819b5792a87fe287ee6e94480399077d0e",502.261,471,"1f0ebe7383f6998116af92c3ccb0b6f66400c79cd62cc552284ecbfe1d89ea16",4.29300000000001,508.063,FALSE,FALSE,FALSE,FALSE,"closed",FALSE
"mv08o_residual_source_sentinel_v1","primary","SRA779509_SRS3805258","internal124",20260805,"sct_data_all_qc_fit_selected384","exact500",5403,384,"b6ecadf7a893be3219a19995049d32019f06b94c0ed05a78646ecea7add77b58",500,"48e881ee753893bfaecd7101fc16fbcb552dd30a2a791fedfc7204d7b322a32e",TRUE,0,0.207003938342301,TRUE,"4490db88834ee77d0d6dd6e85fcabbb010167d958b3639c45aedb76920de8853","18ffd7f57fff1cf4b31aa4469acec7350446884aa85f1dff645c031264344549",563.918,571,"1f0ebe7383f6998116af92c3ccb0b6f66400c79cd62cc552284ecbfe1d89ea16",3.00400000000002,567.162,FALSE,FALSE,FALSE,FALSE,"closed",FALSE
"mv08o_residual_source_sentinel_v1","primary","SRA779509_SRS3805258","internal124",20260805,"sct_pearson_residual_all_qc_fit_selected384","exact500",5403,384,"b6ecadf7a893be3219a19995049d32019f06b94c0ed05a78646ecea7add77b58",500,"48e881ee753893bfaecd7101fc16fbcb552dd30a2a791fedfc7204d7b322a32e",TRUE,0,0.740941492664339,TRUE,"8abc9daa84ed0e3d805a8dbd748d50b9ed044466b38060f07d3cc3a9d25083e8","7d69903fec4f6d80e01f28b2fe0fed87311979732011dd44aa9ea511efb76e95",563.918,571,"1f0ebe7383f6998116af92c3ccb0b6f66400c79cd62cc552284ecbfe1d89ea16",3.00400000000002,567.287,FALSE,FALSE,FALSE,FALSE,"closed",FALSE
"mv08o_residual_source_sentinel_v1","primary","SRA779509_SRS3805258","internal124",20260806,"sct_data_all_qc_fit_selected384","exact500",5403,384,"2be886b801c6cb0bfdc2189999e7b7559ce7ebedfb5dabdc8a0df9d03eecc1d2",500,"48e881ee753893bfaecd7101fc16fbcb552dd30a2a791fedfc7204d7b322a32e",TRUE,0,0.180382794181309,TRUE,"35d8019b5c3f2bfc1e0638af04cb0ee0b7c9c7cc004647a89203a01b63e4b01f","73be091b026dc2324673421fd122c1e6a81be19b56748df12f5a52d1e7d50e64",563.918,571,"1f0ebe7383f6998116af92c3ccb0b6f66400c79cd62cc552284ecbfe1d89ea16",3.00400000000002,567.406,FALSE,FALSE,FALSE,FALSE,"closed",FALSE
"mv08o_residual_source_sentinel_v1","primary","SRA779509_SRS3805258","internal124",20260806,"sct_pearson_residual_all_qc_fit_selected384","exact500",5403,384,"2be886b801c6cb0bfdc2189999e7b7559ce7ebedfb5dabdc8a0df9d03eecc1d2",500,"48e881ee753893bfaecd7101fc16fbcb552dd30a2a791fedfc7204d7b322a32e",TRUE,0,0.651699295053277,TRUE,"0c744a7f92e39c06a0c924af06ad18ec1b84a591f21514e7eb39e0ccff332e17","4869454ed64eeb93674c7a2a738d8d45c3c71aa8f0218f5c9081708bf482ed6d",563.918,571,"1f0ebe7383f6998116af92c3ccb0b6f66400c79cd62cc552284ecbfe1d89ea16",3.00400000000002,567.546,FALSE,FALSE,FALSE,FALSE,"closed",FALSE
"mv08o_residual_source_sentinel_v1","primary","SRA779509_SRS3805258","internal124",20260807,"sct_data_all_qc_fit_selected384","exact500",5403,384,"aa4a8294a2773d7afc335fed6779932c303f9d0be93e8f4bcb05501b5a4f3a08",500,"48e881ee753893bfaecd7101fc16fbcb552dd30a2a791fedfc7204d7b322a32e",TRUE,0,0.189181555883856,TRUE,"cf076c066cd30a61a927b1e20cc6fffea3e8fbce3b8c7269d5fc73eaeb7b16f3","a6b0b8a77b51b1cbbe0f73bb1d84940e0e2189b2f3c14a6c98f65f6c1692efb7",563.918,571,"1f0ebe7383f6998116af92c3ccb0b6f66400c79cd62cc552284ecbfe1d89ea16",3.00400000000002,567.688,FALSE,FALSE,FALSE,FALSE,"closed",FALSE
"mv08o_residual_source_sentinel_v1","primary","SRA779509_SRS3805258","internal124",20260807,"sct_pearson_residual_all_qc_fit_selected384","exact500",5403,384,"aa4a8294a2773d7afc335fed6779932c303f9d0be93e8f4bcb05501b5a4f3a08",500,"48e881ee753893bfaecd7101fc16fbcb552dd30a2a791fedfc7204d7b322a32e",TRUE,0,0.682586995251085,TRUE,"27870c32d78e90ac5916736fdd41f01ff64b3c7b958a3251e221d08ff084c66b","60e256f1bc4c4bfb3e46800373bb8d632b9f059782d32583aa1adf62cdf8bcf4",563.918,571,"1f0ebe7383f6998116af92c3ccb0b6f66400c79cd62cc552284ecbfe1d89ea16",3.00400000000002,567.834,FALSE,FALSE,FALSE,FALSE,"closed",FALSE
"mv08o_residual_source_sentinel_v1","primary","SRA779509_SRS3805258","internal124",20260808,"sct_data_all_qc_fit_selected384","exact500",5403,384,"a6d8c7227d8a9031705b086921772cac9f7edb8c5baec354ec2df5503d23ddd0",500,"48e881ee753893bfaecd7101fc16fbcb552dd30a2a791fedfc7204d7b322a32e",TRUE,0,0.146702412943808,TRUE,"5f39bc9ac36922e343caa7da943e46a4bb2f1a0a99b9708d86a0627f861d35e0","3feb77279750450b0d178dd08c96e30975c45e5d17ca25cb44e73618cf90dcba",563.918,571,"1f0ebe7383f6998116af92c3ccb0b6f66400c79cd62cc552284ecbfe1d89ea16",3.00400000000002,567.976,FALSE,FALSE,FALSE,FALSE,"closed",FALSE
"mv08o_residual_source_sentinel_v1","primary","SRA779509_SRS3805258","internal124",20260808,"sct_pearson_residual_all_qc_fit_selected384","exact500",5403,384,"a6d8c7227d8a9031705b086921772cac9f7edb8c5baec354ec2df5503d23ddd0",500,"48e881ee753893bfaecd7101fc16fbcb552dd30a2a791fedfc7204d7b322a32e",TRUE,0,0.660462188998742,TRUE,"3f2c7f8be42e1c05da87d61cf8fc8d76ef2c382b269672bf4a07de085bc15389","d8c24f488ecfa43b62858ba77d1ec84ce7818654b461bfad93855524eeb3aad0",563.918,571,"1f0ebe7383f6998116af92c3ccb0b6f66400c79cd62cc552284ecbfe1d89ea16",3.00400000000002,568.121,FALSE,FALSE,FALSE,FALSE,"closed",FALSE
"mv08o_residual_source_sentinel_v1","primary","SRA779509_SRS3805258","internal124",20260809,"sct_data_all_qc_fit_selected384","exact500",5403,384,"58c974de1b751aa5a8d11d056f49cb47eee2a87565f9f115323f1bc779facef0",500,"48e881ee753893bfaecd7101fc16fbcb552dd30a2a791fedfc7204d7b322a32e",TRUE,0,0.166818328311539,TRUE,"19286805426627f58907902a646550507bd933face10abf587030cc2d5edcec6","22e03facfca98df5fae9bd0a2dbe0569b97d1373cd830a76d20a4150366eee32",563.918,571,"1f0ebe7383f6998116af92c3ccb0b6f66400c79cd62cc552284ecbfe1d89ea16",3.00400000000002,568.264,FALSE,FALSE,FALSE,FALSE,"closed",FALSE
"mv08o_residual_source_sentinel_v1","primary","SRA779509_SRS3805258","internal124",20260809,"sct_pearson_residual_all_qc_fit_selected384","exact500",5403,384,"58c974de1b751aa5a8d11d056f49cb47eee2a87565f9f115323f1bc779facef0",500,"48e881ee753893bfaecd7101fc16fbcb552dd30a2a791fedfc7204d7b322a32e",TRUE,0,0.689693749564995,TRUE,"368bf2fc1a7579c1dfd491e6bcc31273363ffd6ceca8fee29abfffd5bd945ae1","43905906b8d759e67017628a1e32f9b3cbd42f4fca305b961393f450acc9747b",563.918,571,"1f0ebe7383f6998116af92c3ccb0b6f66400c79cd62cc552284ecbfe1d89ea16",3.00400000000002,568.411,FALSE,FALSE,FALSE,FALSE,"closed",FALSE
"mv08o_residual_source_sentinel_v1","primary","SRA779509_SRS3805246","internal124",20260805,"sct_data_all_qc_fit_selected384","exact500",5413,384,"95fb16a05e58176af861aacf3a08d9e0d18c816cc867338426e44da87eda77d0",500,"48e881ee753893bfaecd7101fc16fbcb552dd30a2a791fedfc7204d7b322a32e",TRUE,0,0.181249400367129,TRUE,"749ee25a922606c15daff75a105e7d94f350d796ede7adcc9b863ba5d88eb2f5","6e7ba28672b4e766fb39a0cfd0451ec4d48517350ef920a6ce6a99e4ff03915e",661.022,1023,"1f0ebe7383f6998116af92c3ccb0b6f66400c79cd62cc552284ecbfe1d89ea16",3.08100000000002,664.34,FALSE,FALSE,FALSE,FALSE,"closed",FALSE
"mv08o_residual_source_sentinel_v1","primary","SRA779509_SRS3805246","internal124",20260805,"sct_pearson_residual_all_qc_fit_selected384","exact500",5413,384,"95fb16a05e58176af861aacf3a08d9e0d18c816cc867338426e44da87eda77d0",500,"48e881ee753893bfaecd7101fc16fbcb552dd30a2a791fedfc7204d7b322a32e",TRUE,0,0.706896797400917,TRUE,"009338822ab364de36910e54459221e108540274c51f01e718516eb77f9d887d","2f85b8cbbeac53e5096ddae1e77da7dacedbe70fbf2ba184e4f4f6c43ad268c5",661.022,1023,"1f0ebe7383f6998116af92c3ccb0b6f66400c79cd62cc552284ecbfe1d89ea16",3.08100000000002,664.465,FALSE,FALSE,FALSE,FALSE,"closed",FALSE
"mv08o_residual_source_sentinel_v1","primary","SRA779509_SRS3805246","internal124",20260806,"sct_data_all_qc_fit_selected384","exact500",5413,384,"ee78b9064a3e4b6a5352e294fd2f13d70d7f3947b0f26892b2da7cf86d59b28e",500,"48e881ee753893bfaecd7101fc16fbcb552dd30a2a791fedfc7204d7b322a32e",TRUE,0,0.212587301138687,TRUE,"1235059b639beaafa1963943566b80b23842d4128ebf05f8d8221bc92051ab8c","a1809a49c88fcff55da560b084dc56e9c53e8e9475aa7acb94f3afa4753dfa0e",661.022,1023,"1f0ebe7383f6998116af92c3ccb0b6f66400c79cd62cc552284ecbfe1d89ea16",3.08100000000002,664.584,FALSE,FALSE,FALSE,FALSE,"closed",FALSE
"mv08o_residual_source_sentinel_v1","primary","SRA779509_SRS3805246","internal124",20260806,"sct_pearson_residual_all_qc_fit_selected384","exact500",5413,384,"ee78b9064a3e4b6a5352e294fd2f13d70d7f3947b0f26892b2da7cf86d59b28e",500,"48e881ee753893bfaecd7101fc16fbcb552dd30a2a791fedfc7204d7b322a32e",TRUE,0,0.728286430733479,TRUE,"651304c7107bf53f8a370223c5a4314f254d98e1e2450245a2f17eec7687673d","1bd7f0eb12e2d6a9b4ef7ff558ac37a8a2c1d1477b1e15eab6586e7a57461a9b",661.022,1023,"1f0ebe7383f6998116af92c3ccb0b6f66400c79cd62cc552284ecbfe1d89ea16",3.08100000000002,664.722,FALSE,FALSE,FALSE,FALSE,"closed",FALSE
"mv08o_residual_source_sentinel_v1","primary","SRA779509_SRS3805246","internal124",20260807,"sct_data_all_qc_fit_selected384","exact500",5413,384,"d35d98b1591979e270943ef5cb5d61a2ff2cf532d76b9412679538fa9688856c",500,"48e881ee753893bfaecd7101fc16fbcb552dd30a2a791fedfc7204d7b322a32e",TRUE,0,0.196586597955946,TRUE,"7967b75cba7ec5d3c6b18c94cb79b046c73ccf5cbb5ff873eecae006136be577","17e44298c395659a65ac95b37e993d4781618877aa3eab0c747c5fd900ba6324",661.022,1023,"1f0ebe7383f6998116af92c3ccb0b6f66400c79cd62cc552284ecbfe1d89ea16",3.08100000000002,664.868,FALSE,FALSE,FALSE,FALSE,"closed",FALSE
"mv08o_residual_source_sentinel_v1","primary","SRA779509_SRS3805246","internal124",20260807,"sct_pearson_residual_all_qc_fit_selected384","exact500",5413,384,"d35d98b1591979e270943ef5cb5d61a2ff2cf532d76b9412679538fa9688856c",500,"48e881ee753893bfaecd7101fc16fbcb552dd30a2a791fedfc7204d7b322a32e",TRUE,0,0.721663377770871,TRUE,"aedeff869a04254910f056c26e11f325744fdecfb816e754c68532304c5aad40","4ab1cbee92338215a6873e536a4dda545c12f19fd3005c040c98e6ac410757a0",661.022,1023,"1f0ebe7383f6998116af92c3ccb0b6f66400c79cd62cc552284ecbfe1d89ea16",3.08100000000002,665.012,FALSE,FALSE,FALSE,FALSE,"closed",FALSE
"mv08o_residual_source_sentinel_v1","primary","SRA779509_SRS3805246","internal124",20260808,"sct_data_all_qc_fit_selected384","exact500",5413,384,"8b93956d307d9ffb57e982bb37f8fbe461cd1ed2bdceb29595e0a7aa0e8ed60c",500,"48e881ee753893bfaecd7101fc16fbcb552dd30a2a791fedfc7204d7b322a32e",TRUE,0,0.166818328311539,TRUE,"95dbd3b68e74b1c10707e399c7420ff89b490d40e9c0d66e5e9137c16abc8db6","2c3eb7b28c88764a77fe882b428c2e481ecdb435c75bc5d8618cc56eb6488825",661.022,1023,"1f0ebe7383f6998116af92c3ccb0b6f66400c79cd62cc552284ecbfe1d89ea16",3.08100000000002,665.154,FALSE,FALSE,FALSE,FALSE,"closed",FALSE
"mv08o_residual_source_sentinel_v1","primary","SRA779509_SRS3805246","internal124",20260808,"sct_pearson_residual_all_qc_fit_selected384","exact500",5413,384,"8b93956d307d9ffb57e982bb37f8fbe461cd1ed2bdceb29595e0a7aa0e8ed60c",500,"48e881ee753893bfaecd7101fc16fbcb552dd30a2a791fedfc7204d7b322a32e",TRUE,0,0.693853793627236,TRUE,"6d8ebfe817bfb31f2f42a44c7d2ae85c5a8d91b9b97dd34d4a10b324bf3461e4","b0d8e34a6133683ebd7c464ebf258ba48f92128871cbf8561b7742af9b800cd3",661.022,1023,"1f0ebe7383f6998116af92c3ccb0b6f66400c79cd62cc552284ecbfe1d89ea16",3.08100000000002,665.304,FALSE,FALSE,FALSE,FALSE,"closed",FALSE
"mv08o_residual_source_sentinel_v1","primary","SRA779509_SRS3805246","internal124",20260809,"sct_data_all_qc_fit_selected384","exact500",5413,384,"77abc5d4ce6abceb9cf8757ff5ca18d5097df74fbb2935d7a14313d14f421821",500,"48e881ee753893bfaecd7101fc16fbcb552dd30a2a791fedfc7204d7b322a32e",TRUE,0,0.213187028847953,TRUE,"8ac04b7d438d553ee0e4e119bbb467c405c4e43c87decd3cc78422b7c5f34cec","2e8948305a2d872e9479d0d42616ce120985c621e0b8f2cc419a5fd357f8e7d6",661.022,1023,"1f0ebe7383f6998116af92c3ccb0b6f66400c79cd62cc552284ecbfe1d89ea16",3.08100000000002,665.449,FALSE,FALSE,FALSE,FALSE,"closed",FALSE
"mv08o_residual_source_sentinel_v1","primary","SRA779509_SRS3805246","internal124",20260809,"sct_pearson_residual_all_qc_fit_selected384","exact500",5413,384,"77abc5d4ce6abceb9cf8757ff5ca18d5097df74fbb2935d7a14313d14f421821",500,"48e881ee753893bfaecd7101fc16fbcb552dd30a2a791fedfc7204d7b322a32e",TRUE,0,0.70978732563575,TRUE,"4923f324a7547f182acc266931518b83b327c1df14591de6f3999b665b7999d9","c3096227fc9f55737b079812ec023650536b9414c1782f4b3fb8e50603adcda1",661.022,1023,"1f0ebe7383f6998116af92c3ccb0b6f66400c79cd62cc552284ecbfe1d89ea16",3.08100000000002,665.596,FALSE,FALSE,FALSE,FALSE,"closed",FALSE
"mv08o_residual_source_sentinel_v1","primary","SRA779509_SRS3805247","internal124",20260805,"sct_data_all_qc_fit_selected384","exact500",5416,384,"db3a54b2620aa0ecf645ce7e138954bcf64a87fda04abacdd35d64b218abf08e",500,"48e881ee753893bfaecd7101fc16fbcb552dd30a2a791fedfc7204d7b322a32e",TRUE,0,0.182431123238665,TRUE,"f5f6d5eb58723f09ff2495c62ec7b3e9aedcc1cf2b9924e1b8c4ba603228a375","e55e57165740914789a3ad11134845300d886d1b7f47832c40a84ced5be6e18b",637.013,635,"1f0ebe7383f6998116af92c3ccb0b6f66400c79cd62cc552284ecbfe1d89ea16",3.68100000000004,640.926,FALSE,FALSE,FALSE,FALSE,"closed",FALSE
"mv08o_residual_source_sentinel_v1","primary","SRA779509_SRS3805247","internal124",20260805,"sct_pearson_residual_all_qc_fit_selected384","exact500",5416,384,"db3a54b2620aa0ecf645ce7e138954bcf64a87fda04abacdd35d64b218abf08e",500,"48e881ee753893bfaecd7101fc16fbcb552dd30a2a791fedfc7204d7b322a32e",TRUE,0,0.747148001357661,TRUE,"2121f771b368d77627c761d72233270d3f1d3e2946fa97db00406dece0373f9e","9baa7d5849d82bec8c0022f9b5c2a7afc9b912099a8251c7deb698e84db427b7",637.013,635,"1f0ebe7383f6998116af92c3ccb0b6f66400c79cd62cc552284ecbfe1d89ea16",3.68100000000004,641.051,FALSE,FALSE,FALSE,FALSE,"closed",FALSE
"mv08o_residual_source_sentinel_v1","primary","SRA779509_SRS3805247","internal124",20260806,"sct_data_all_qc_fit_selected384","exact500",5416,384,"1c8b4cae6287769c8d2d7da5487e7422990f248c1f5fea3b040baa2736e27112",500,"48e881ee753893bfaecd7101fc16fbcb552dd30a2a791fedfc7204d7b322a32e",TRUE,0,0.174190849674638,TRUE,"44afa737fbb4b4731ab963807ad1c435b38f3d0474b137e1fe0aaba7e2a19b46","cd62b9c3b869e3039011ce51caa0f66bf10648c7160ef21eb99b6c26c9d97994",637.013,635,"1f0ebe7383f6998116af92c3ccb0b6f66400c79cd62cc552284ecbfe1d89ea16",3.68100000000004,641.17,FALSE,FALSE,FALSE,FALSE,"closed",FALSE
"mv08o_residual_source_sentinel_v1","primary","SRA779509_SRS3805247","internal124",20260806,"sct_pearson_residual_all_qc_fit_selected384","exact500",5416,384,"1c8b4cae6287769c8d2d7da5487e7422990f248c1f5fea3b040baa2736e27112",500,"48e881ee753893bfaecd7101fc16fbcb552dd30a2a791fedfc7204d7b322a32e",TRUE,0,0.720757043293872,TRUE,"3921da357c131096eb8d335c9bd4cff2b2f01429a6b276bcd7c4b61c1cf734fc","89509e239171289091b79be987c97867cc959a4c41966a2ea44193ea246ad88c",637.013,635,"1f0ebe7383f6998116af92c3ccb0b6f66400c79cd62cc552284ecbfe1d89ea16",3.68100000000004,641.301,FALSE,FALSE,FALSE,FALSE,"closed",FALSE
"mv08o_residual_source_sentinel_v1","primary","SRA779509_SRS3805247","internal124",20260807,"sct_data_all_qc_fit_selected384","exact500",5416,384,"50213c08d49140efa75be18de4d44d5775ab14126aad345b987ece4beedcd511",500,"48e881ee753893bfaecd7101fc16fbcb552dd30a2a791fedfc7204d7b322a32e",TRUE,0,0.192870815515103,TRUE,"c76f469fb2986229f55c67bc530e81500f8f81c4528c1a339aea10fd45270f2a","6d7bffe26f1ab41d012a771b14b23082d4c0feb3afed644ed74164495dc7b74d",637.013,635,"1f0ebe7383f6998116af92c3ccb0b6f66400c79cd62cc552284ecbfe1d89ea16",3.68100000000004,641.436,FALSE,FALSE,FALSE,FALSE,"closed",FALSE
"mv08o_residual_source_sentinel_v1","primary","SRA779509_SRS3805247","internal124",20260807,"sct_pearson_residual_all_qc_fit_selected384","exact500",5416,384,"50213c08d49140efa75be18de4d44d5775ab14126aad345b987ece4beedcd511",500,"48e881ee753893bfaecd7101fc16fbcb552dd30a2a791fedfc7204d7b322a32e",TRUE,0,0.753842349807926,TRUE,"8644f2a6e8f05d88212e8cbd8947234daf952fc3a76ff8e53c39e14b5fc84cdf","8c804e5bd7fff79182bd6dff77ba2aa45edba592a8aad982342a85219f1c54da",637.013,635,"1f0ebe7383f6998116af92c3ccb0b6f66400c79cd62cc552284ecbfe1d89ea16",3.68100000000004,641.576,FALSE,FALSE,FALSE,FALSE,"closed",FALSE
"mv08o_residual_source_sentinel_v1","primary","SRA779509_SRS3805247","internal124",20260808,"sct_data_all_qc_fit_selected384","exact500",5416,384,"8e79b9928bbfdcfd9d0ed818e643928a34d03a99aa493a2e66d18d40b203d0dc",500,"48e881ee753893bfaecd7101fc16fbcb552dd30a2a791fedfc7204d7b322a32e",TRUE,0,0.177327271046466,TRUE,"ef225d596e393c887ee7d741c82c4606bc2c07f8441d7431169731ddd0fa2511","5ded26b4ccc2e48bddc254920f9164e2925b9225bcdf2c29bbe8133e4786376c",637.013,635,"1f0ebe7383f6998116af92c3ccb0b6f66400c79cd62cc552284ecbfe1d89ea16",3.68100000000004,641.709,FALSE,FALSE,FALSE,FALSE,"closed",FALSE
"mv08o_residual_source_sentinel_v1","primary","SRA779509_SRS3805247","internal124",20260808,"sct_pearson_residual_all_qc_fit_selected384","exact500",5416,384,"8e79b9928bbfdcfd9d0ed818e643928a34d03a99aa493a2e66d18d40b203d0dc",500,"48e881ee753893bfaecd7101fc16fbcb552dd30a2a791fedfc7204d7b322a32e",TRUE,0,0.742755430709867,TRUE,"c2e7dec781e7bb81fee3ce8c5f50a83b36de87a483c6e3a62356ae9028a8b792","5ed997c0e62fa32b7d25e69329034b74f71bdc480b87eaf0e483f6f52bb20727",637.013,635,"1f0ebe7383f6998116af92c3ccb0b6f66400c79cd62cc552284ecbfe1d89ea16",3.68100000000004,641.848,FALSE,FALSE,FALSE,FALSE,"closed",FALSE
"mv08o_residual_source_sentinel_v1","primary","SRA779509_SRS3805247","internal124",20260809,"sct_data_all_qc_fit_selected384","exact500",5416,384,"907e7689297c4d2b3a2371d99f37ec487d246d8feefb117066b28080955679a3",500,"48e881ee753893bfaecd7101fc16fbcb552dd30a2a791fedfc7204d7b322a32e",TRUE,0,0.186172277014687,TRUE,"bba4c53f09804087a64f1ade373d0812b45692b5d7ac2fc5d44a3498a7d21453","abf5c0d7b133c3bb8d20ba893b8e609248d0aa895d99e01ce1feb8d4edfa5b3f",637.013,635,"1f0ebe7383f6998116af92c3ccb0b6f66400c79cd62cc552284ecbfe1d89ea16",3.68100000000004,641.969,FALSE,FALSE,FALSE,FALSE,"closed",FALSE
"mv08o_residual_source_sentinel_v1","primary","SRA779509_SRS3805247","internal124",20260809,"sct_pearson_residual_all_qc_fit_selected384","exact500",5416,384,"907e7689297c4d2b3a2371d99f37ec487d246d8feefb117066b28080955679a3",500,"48e881ee753893bfaecd7101fc16fbcb552dd30a2a791fedfc7204d7b322a32e",TRUE,0,0.780604490523477,TRUE,"21f4447b47cd6350767707075a2338cbfdfac760343a3accc56c0f21e4c900ae","96b173e47aeb71f4207cec1539debeb9e5d684c777c77e7694f2494835b965b3",637.013,635,"1f0ebe7383f6998116af92c3ccb0b6f66400c79cd62cc552284ecbfe1d89ea16",3.68100000000004,642.093,FALSE,FALSE,FALSE,FALSE,"closed",FALSE
"mv08o_residual_source_sentinel_v1","primary","SRA742961_SRS3565210","internal124",20260805,"sct_data_all_qc_fit_selected384","exact500",5566,384,"80eb5c236f79ccd9a73364034120ccdfc887fa767aa6bf8a4c0eeb9b37686065",500,"48e881ee753893bfaecd7101fc16fbcb552dd30a2a791fedfc7204d7b322a32e",TRUE,0,0.113519822707235,TRUE,"5741db73fab36be10581c19c4ef83f98c278136199e63a1f9a1a0eababa0b7b7","00cee212514334186eac356b98da2902457b0db73ad5870e0daffdee63fd5192",418.331,335,"1f0ebe7383f6998116af92c3ccb0b6f66400c79cd62cc552284ecbfe1d89ea16",3.93099999999998,422.53,FALSE,FALSE,FALSE,FALSE,"closed",FALSE
"mv08o_residual_source_sentinel_v1","primary","SRA742961_SRS3565210","internal124",20260805,"sct_pearson_residual_all_qc_fit_selected384","exact500",5566,384,"80eb5c236f79ccd9a73364034120ccdfc887fa767aa6bf8a4c0eeb9b37686065",500,"48e881ee753893bfaecd7101fc16fbcb552dd30a2a791fedfc7204d7b322a32e",TRUE,0,0.59499752802174,TRUE,"30b76304b5118117078b809e3e8a2ae9c4dd8d980785e759f95d4c5d93c66047","f086e6a45006ed2db9ccff214e1d389ebba13dc632ba9e2517b9db4be4f182a0",418.331,335,"1f0ebe7383f6998116af92c3ccb0b6f66400c79cd62cc552284ecbfe1d89ea16",3.93099999999998,422.655,FALSE,FALSE,FALSE,FALSE,"closed",FALSE
"mv08o_residual_source_sentinel_v1","primary","SRA742961_SRS3565210","internal124",20260806,"sct_data_all_qc_fit_selected384","exact500",5566,384,"f6470219717a3c6a1a94b3e8fc5bb18287a178a576476aea6b2719423ba9966c",500,"48e881ee753893bfaecd7101fc16fbcb552dd30a2a791fedfc7204d7b322a32e",TRUE,0,0.0991286924845521,TRUE,"f510739a6f2397247913b7f96a205e7359a06c1700512460e19b0e0b357790ce","de593173205294aff45d07ab582b013dd312832ff1b5a0a9f668865283a327ad",418.331,335,"1f0ebe7383f6998116af92c3ccb0b6f66400c79cd62cc552284ecbfe1d89ea16",3.93099999999998,422.774,FALSE,FALSE,FALSE,FALSE,"closed",FALSE
"mv08o_residual_source_sentinel_v1","primary","SRA742961_SRS3565210","internal124",20260806,"sct_pearson_residual_all_qc_fit_selected384","exact500",5566,384,"f6470219717a3c6a1a94b3e8fc5bb18287a178a576476aea6b2719423ba9966c",500,"48e881ee753893bfaecd7101fc16fbcb552dd30a2a791fedfc7204d7b322a32e",TRUE,0,0.602383787556942,TRUE,"a4fb804f105c5576a94cf35411e69c0d5d558fa5f873f5c5ba4cfc30b32f0e03","332b11824dec58c4631c6e7377fa34263dcfbf0d9a8fa85bdfde27478214f125",418.331,335,"1f0ebe7383f6998116af92c3ccb0b6f66400c79cd62cc552284ecbfe1d89ea16",3.93099999999998,422.9,FALSE,FALSE,FALSE,FALSE,"closed",FALSE
"mv08o_residual_source_sentinel_v1","primary","SRA742961_SRS3565210","internal124",20260807,"sct_data_all_qc_fit_selected384","exact500",5566,384,"d3fd53ed35a3375ed6cff13cd537ab1e981780c604097e08e37f7361a61d0489",500,"48e881ee753893bfaecd7101fc16fbcb552dd30a2a791fedfc7204d7b322a32e",TRUE,0,0.0860759821829421,TRUE,"42938d01ec26fb96c15c6763f358c12394ae50807a441d62e09412e105c77dc1","b148bce2ac12ca0c967b66264e97c47ba3147e5ecc5952ddf14a4a607190d032",418.331,335,"1f0ebe7383f6998116af92c3ccb0b6f66400c79cd62cc552284ecbfe1d89ea16",3.93099999999998,423.018,FALSE,FALSE,FALSE,FALSE,"closed",FALSE
"mv08o_residual_source_sentinel_v1","primary","SRA742961_SRS3565210","internal124",20260807,"sct_pearson_residual_all_qc_fit_selected384","exact500",5566,384,"d3fd53ed35a3375ed6cff13cd537ab1e981780c604097e08e37f7361a61d0489",500,"48e881ee753893bfaecd7101fc16fbcb552dd30a2a791fedfc7204d7b322a32e",TRUE,0,0.617021195622239,TRUE,"79e33d137115e4b1ab9b543b55f958fd97225a28c598a97f29443f7572a49090","749ce4cb662ea89c818a5975edc47fb8f75bb4d6fc6fea67356a689033d174d9",418.331,335,"1f0ebe7383f6998116af92c3ccb0b6f66400c79cd62cc552284ecbfe1d89ea16",3.93099999999998,423.141,FALSE,FALSE,FALSE,FALSE,"closed",FALSE
"mv08o_residual_source_sentinel_v1","primary","SRA742961_SRS3565210","internal124",20260808,"sct_data_all_qc_fit_selected384","exact500",5566,384,"27293fa2f733c4551d4499df3b3337669f899190663c23bdb6c189f54932d42a",500,"48e881ee753893bfaecd7101fc16fbcb552dd30a2a791fedfc7204d7b322a32e",TRUE,0,0.110534095808994,TRUE,"afff74dd1c5a4972426159f78a496169302b792e499ba2b69a51ffdfc6f2c158","160f990cabef848edef13770a346b5bb8eb48c078b65c8f7b084a53d8efd79ad",418.331,335,"1f0ebe7383f6998116af92c3ccb0b6f66400c79cd62cc552284ecbfe1d89ea16",3.93099999999998,423.272,FALSE,FALSE,FALSE,FALSE,"closed",FALSE
"mv08o_residual_source_sentinel_v1","primary","SRA742961_SRS3565210","internal124",20260808,"sct_pearson_residual_all_qc_fit_selected384","exact500",5566,384,"27293fa2f733c4551d4499df3b3337669f899190663c23bdb6c189f54932d42a",500,"48e881ee753893bfaecd7101fc16fbcb552dd30a2a791fedfc7204d7b322a32e",TRUE,0,0.611952745849276,TRUE,"2490ec8999de06ee5885f6e33f8fa03d4fd799501721ddecf89a26f7b4ea0630","f0b58721222e24cccf674e94f7289182fc780b11e98e8d62e0840d564c6723d2",418.331,335,"1f0ebe7383f6998116af92c3ccb0b6f66400c79cd62cc552284ecbfe1d89ea16",3.93099999999998,423.423,FALSE,FALSE,FALSE,FALSE,"closed",FALSE
"mv08o_residual_source_sentinel_v1","primary","SRA742961_SRS3565210","internal124",20260809,"sct_data_all_qc_fit_selected384","exact500",5566,384,"6e71b7a8119390b6d64b170cfa2de962684d3e631abc4969299f91485d9141d7",500,"48e881ee753893bfaecd7101fc16fbcb552dd30a2a791fedfc7204d7b322a32e",TRUE,0,0.120759847203462,TRUE,"9faa18323097f35d48149121ec3d766e80b9eee89a214e1c1e88c1463437c228","e78d447fd074766f56aeb59499ab83307d20f5501f007932d6ed73de7ca96d2c",418.331,335,"1f0ebe7383f6998116af92c3ccb0b6f66400c79cd62cc552284ecbfe1d89ea16",3.93099999999998,423.564,FALSE,FALSE,FALSE,FALSE,"closed",FALSE
"mv08o_residual_source_sentinel_v1","primary","SRA742961_SRS3565210","internal124",20260809,"sct_pearson_residual_all_qc_fit_selected384","exact500",5566,384,"6e71b7a8119390b6d64b170cfa2de962684d3e631abc4969299f91485d9141d7",500,"48e881ee753893bfaecd7101fc16fbcb552dd30a2a791fedfc7204d7b322a32e",TRUE,0,0.609933927796067,TRUE,"699481eb84cd59d625909df0e4106cda92e1c0c7e93964f38ef6712adbb080ff","ed055eec9e9e99c29d47b7a034fc95267829c0d18317faf566b4b89b5c367746",418.331,335,"1f0ebe7383f6998116af92c3ccb0b6f66400c79cd62cc552284ecbfe1d89ea16",3.93099999999998,423.708,FALSE,FALSE,FALSE,FALSE,"closed",FALSE
"mv08o_residual_source_sentinel_v1","primary","SRA779509_SRS3805266","internal124",20260805,"sct_data_all_qc_fit_selected384","exact500",5590,384,"21acf4aad543713c1848096aaa6f4b213eaec09017456337ea66ac22ce35dd92",500,"48e881ee753893bfaecd7101fc16fbcb552dd30a2a791fedfc7204d7b322a32e",TRUE,0,0.216652456768341,TRUE,"68ba2770b536e959af9123faf3e961ba7548b017558ee807cd6bf69c6fa2eb4c","c66ebfda38a4d4f341b40c8f7edfc8c09d32910367ab02caffb67cff3c9daa0a",594.342,434,"1f0ebe7383f6998116af92c3ccb0b6f66400c79cd62cc552284ecbfe1d89ea16",3.9799999999999,598.573,FALSE,FALSE,FALSE,FALSE,"closed",FALSE
"mv08o_residual_source_sentinel_v1","primary","SRA779509_SRS3805266","internal124",20260805,"sct_pearson_residual_all_qc_fit_selected384","exact500",5590,384,"21acf4aad543713c1848096aaa6f4b213eaec09017456337ea66ac22ce35dd92",500,"48e881ee753893bfaecd7101fc16fbcb552dd30a2a791fedfc7204d7b322a32e",TRUE,0,0.681043692628378,TRUE,"38a0ebf36fed2e4195674b080425a4cddff11533557d5a9ddb6ffc98745473de","ff668dd1b89506ca9d032a7f07cb505399b6ef2d6771bb12e047b87ba030ce76",594.342,434,"1f0ebe7383f6998116af92c3ccb0b6f66400c79cd62cc552284ecbfe1d89ea16",3.9799999999999,598.698,FALSE,FALSE,FALSE,FALSE,"closed",FALSE
"mv08o_residual_source_sentinel_v1","primary","SRA779509_SRS3805266","internal124",20260806,"sct_data_all_qc_fit_selected384","exact500",5590,384,"e873f66df0e61717265f0d59bcba60a25558a6e74c11d8d948af02baaab2f792",500,"48e881ee753893bfaecd7101fc16fbcb552dd30a2a791fedfc7204d7b322a32e",TRUE,0,0.235749606523047,TRUE,"1eca4dc7aad39f768a5061c1c2fa3eb2ed70a17462e886b4097c89697e4e1d7b","e7d4c8b9af2f979d14e9f53c0c2ebf396efe234413dfa6b97299932f73250bf0",594.342,434,"1f0ebe7383f6998116af92c3ccb0b6f66400c79cd62cc552284ecbfe1d89ea16",3.9799999999999,598.82,FALSE,FALSE,FALSE,FALSE,"closed",FALSE
"mv08o_residual_source_sentinel_v1","primary","SRA779509_SRS3805266","internal124",20260806,"sct_pearson_residual_all_qc_fit_selected384","exact500",5590,384,"e873f66df0e61717265f0d59bcba60a25558a6e74c11d8d948af02baaab2f792",500,"48e881ee753893bfaecd7101fc16fbcb552dd30a2a791fedfc7204d7b322a32e",TRUE,0,0.671664009064618,TRUE,"aa24a533d8fda17a9712fdc0a77b5463bfa1feff627b685afbca23d39ef72ee7","7d489621a0ccb389339676e655c7d6c26d0042d61b0fb2014893fd0d881dce42",594.342,434,"1f0ebe7383f6998116af92c3ccb0b6f66400c79cd62cc552284ecbfe1d89ea16",3.9799999999999,598.944,FALSE,FALSE,FALSE,FALSE,"closed",FALSE
"mv08o_residual_source_sentinel_v1","primary","SRA779509_SRS3805266","internal124",20260807,"sct_data_all_qc_fit_selected384","exact500",5590,384,"7da571a340ecbbb5eba2ef035bca68e2e5978ccee0b3d8575fbb0e928499939e",500,"48e881ee753893bfaecd7101fc16fbcb552dd30a2a791fedfc7204d7b322a32e",TRUE,0,0.228868685523475,TRUE,"689974eaa61afe11dcb166651b00b2ba5952195afd303501ee25cf18abf3cc4c","e504679a7344894488d2f7e01f6c0f33e6986dec682ba45709c6ff0ea2c5709a",594.342,434,"1f0ebe7383f6998116af92c3ccb0b6f66400c79cd62cc552284ecbfe1d89ea16",3.9799999999999,599.063,FALSE,FALSE,FALSE,FALSE,"closed",FALSE
"mv08o_residual_source_sentinel_v1","primary","SRA779509_SRS3805266","internal124",20260807,"sct_pearson_residual_all_qc_fit_selected384","exact500",5590,384,"7da571a340ecbbb5eba2ef035bca68e2e5978ccee0b3d8575fbb0e928499939e",500,"48e881ee753893bfaecd7101fc16fbcb552dd30a2a791fedfc7204d7b322a32e",TRUE,0,0.679682269800315,TRUE,"96a60cd326d6cc081e46d75ec9a94cf1370eb68c82a8cc67e6f4f8a3b694ad9d","aae8250c5b7d7d81a7300971260c0a3826d6de80435af48ba186a40595d624a8",594.342,434,"1f0ebe7383f6998116af92c3ccb0b6f66400c79cd62cc552284ecbfe1d89ea16",3.9799999999999,599.204,FALSE,FALSE,FALSE,FALSE,"closed",FALSE
"mv08o_residual_source_sentinel_v1","primary","SRA779509_SRS3805266","internal124",20260808,"sct_data_all_qc_fit_selected384","exact500",5590,384,"af3e66085f1d59e734d3e4f7048e30c50d899ba475299bc0c6f30f08c1cc8f0b",500,"48e881ee753893bfaecd7101fc16fbcb552dd30a2a791fedfc7204d7b322a32e",TRUE,0,0.252609709674867,TRUE,"1768fa5d15fb5a16303ebd2e6b2025e8ac8977ce05a3d268bb85e142c25a3435","a4e3bddb9df1e55d12fe1f564a4584d2ebc310b3866695437e64014499378e13",594.342,434,"1f0ebe7383f6998116af92c3ccb0b6f66400c79cd62cc552284ecbfe1d89ea16",3.9799999999999,599.346,FALSE,FALSE,FALSE,FALSE,"closed",FALSE
"mv08o_residual_source_sentinel_v1","primary","SRA779509_SRS3805266","internal124",20260808,"sct_pearson_residual_all_qc_fit_selected384","exact500",5590,384,"af3e66085f1d59e734d3e4f7048e30c50d899ba475299bc0c6f30f08c1cc8f0b",500,"48e881ee753893bfaecd7101fc16fbcb552dd30a2a791fedfc7204d7b322a32e",TRUE,0,0.67733721954215,TRUE,"82636012f5ae363c01ea6c55e25d1276fec5a06b7a189ef46545e13a965f3ac4","00ef45a1730e34ec0031c0f69edd19742a2bff5ee1e08b0f101f0ac860a4c755",594.342,434,"1f0ebe7383f6998116af92c3ccb0b6f66400c79cd62cc552284ecbfe1d89ea16",3.9799999999999,599.492,FALSE,FALSE,FALSE,FALSE,"closed",FALSE
"mv08o_residual_source_sentinel_v1","primary","SRA779509_SRS3805266","internal124",20260809,"sct_data_all_qc_fit_selected384","exact500",5590,384,"5680e2eb80ea8129fc122bd4c015e1c1020ea596eb76629171f6b11f8b88c626",500,"48e881ee753893bfaecd7101fc16fbcb552dd30a2a791fedfc7204d7b322a32e",TRUE,0,0.248322129908235,TRUE,"03ad4743d6d7e7f5aca9661f545f6881ded386d51deef3734e1bac2d39f244c0","20b755e06cd2e9125102e99970128e1460bc9e851da22785487054e21d95a6f7",594.342,434,"1f0ebe7383f6998116af92c3ccb0b6f66400c79cd62cc552284ecbfe1d89ea16",3.9799999999999,599.632,FALSE,FALSE,FALSE,FALSE,"closed",FALSE
"mv08o_residual_source_sentinel_v1","primary","SRA779509_SRS3805266","internal124",20260809,"sct_pearson_residual_all_qc_fit_selected384","exact500",5590,384,"5680e2eb80ea8129fc122bd4c015e1c1020ea596eb76629171f6b11f8b88c626",500,"48e881ee753893bfaecd7101fc16fbcb552dd30a2a791fedfc7204d7b322a32e",TRUE,0,0.67096259902084,TRUE,"dc6e0e8bb51f3a0053265bcc6dccdca468a33a67c17f781e6c5b9bdd48e5cb0f","23f4f6feab8455b4185f021aa7981b0ad865f9d331a28729ba4d5b047b8b3edc",594.342,434,"1f0ebe7383f6998116af92c3ccb0b6f66400c79cd62cc552284ecbfe1d89ea16",3.9799999999999,599.777,FALSE,FALSE,FALSE,FALSE,"closed",FALSE
"mv08o_residual_source_sentinel_v1","primary","SRA779509_SRS3805265","internal124",20260805,"sct_data_all_qc_fit_selected384","exact500",5646,384,"1f28772ea576d6128ba3085b5303aed66282bdae7ac7e2ab757a0aad42fa4cd1",500,"48e881ee753893bfaecd7101fc16fbcb552dd30a2a791fedfc7204d7b322a32e",TRUE,0,0.176407515221654,TRUE,"2943aa6014652c64278d04843cf49a239f7b125cf6c216d6e6c1dd4c6ec76c4a","611bf1eac6c667dc021b895e286c20b2f096239be85629fd13e8a958f35343f9",528.055,751,"1f0ebe7383f6998116af92c3ccb0b6f66400c79cd62cc552284ecbfe1d89ea16",3.31700000000001,531.609,FALSE,FALSE,FALSE,FALSE,"closed",FALSE
"mv08o_residual_source_sentinel_v1","primary","SRA779509_SRS3805265","internal124",20260805,"sct_pearson_residual_all_qc_fit_selected384","exact500",5646,384,"1f28772ea576d6128ba3085b5303aed66282bdae7ac7e2ab757a0aad42fa4cd1",500,"48e881ee753893bfaecd7101fc16fbcb552dd30a2a791fedfc7204d7b322a32e",TRUE,0,0.787319369290756,TRUE,"6633e7f81569c85f64841dcc08036eb7e553172d4df881642d239a12408fd984","45c393d32b63f784880d3814fd8d84d38ed485e09ea8375c70bfb60674f964b6",528.055,751,"1f0ebe7383f6998116af92c3ccb0b6f66400c79cd62cc552284ecbfe1d89ea16",3.31700000000001,531.737,FALSE,FALSE,FALSE,FALSE,"closed",FALSE
"mv08o_residual_source_sentinel_v1","primary","SRA779509_SRS3805265","internal124",20260806,"sct_data_all_qc_fit_selected384","exact500",5646,384,"232c0dab3834f7f1579a23f4354c241cad588fb35146b8eadffb0d9fe40fadc0",500,"48e881ee753893bfaecd7101fc16fbcb552dd30a2a791fedfc7204d7b322a32e",TRUE,0,0.136982453714722,TRUE,"60bc8a661c95f4908a85ff5494f37a181c8459a78d74d467c4dc904b96532045","68d514b4a6df035168ba348a686ceb6023c84ed64c4656af8606e30179129b34",528.055,751,"1f0ebe7383f6998116af92c3ccb0b6f66400c79cd62cc552284ecbfe1d89ea16",3.31700000000001,531.856,FALSE,FALSE,FALSE,FALSE,"closed",FALSE
"mv08o_residual_source_sentinel_v1","primary","SRA779509_SRS3805265","internal124",20260806,"sct_pearson_residual_all_qc_fit_selected384","exact500",5646,384,"232c0dab3834f7f1579a23f4354c241cad588fb35146b8eadffb0d9fe40fadc0",500,"48e881ee753893bfaecd7101fc16fbcb552dd30a2a791fedfc7204d7b322a32e",TRUE,0,0.804992365232042,TRUE,"48c8c324dc795de09ca164c2a62378f990d418394b3dc09ddec22bc51de644cb","2befb32c89e63f042fbf73e087178c6d31c2f9c91bc2f1de7c5f802b1a30403f",528.055,751,"1f0ebe7383f6998116af92c3ccb0b6f66400c79cd62cc552284ecbfe1d89ea16",3.31700000000001,531.997,FALSE,FALSE,FALSE,FALSE,"closed",FALSE
"mv08o_residual_source_sentinel_v1","primary","SRA779509_SRS3805265","internal124",20260807,"sct_data_all_qc_fit_selected384","exact500",5646,384,"99e2073d4e64c7926208ac3f06a599cecf10934077104c39f56029d4929cdc3a",500,"48e881ee753893bfaecd7101fc16fbcb552dd30a2a791fedfc7204d7b322a32e",TRUE,0,0.164303754727768,TRUE,"ba296c137be25aa178ad36c3bbb038812f54ef02fa1a1f6c31a5af1ecd07720b","c1cd6b9f34f8d81b82ea934d8ae9994b97c13a690fb77c49848d9b0129b6aeec",528.055,751,"1f0ebe7383f6998116af92c3ccb0b6f66400c79cd62cc552284ecbfe1d89ea16",3.31700000000001,532.135,FALSE,FALSE,FALSE,FALSE,"closed",FALSE
"mv08o_residual_source_sentinel_v1","primary","SRA779509_SRS3805265","internal124",20260807,"sct_pearson_residual_all_qc_fit_selected384","exact500",5646,384,"99e2073d4e64c7926208ac3f06a599cecf10934077104c39f56029d4929cdc3a",500,"48e881ee753893bfaecd7101fc16fbcb552dd30a2a791fedfc7204d7b322a32e",TRUE,0,0.785312238415575,TRUE,"84712b33f25bd34ef7b36c28a988c2afff2265d1170ece058736aa18687f8378","c2bc5357c67b2eb857d16a1fb406191c7a186f883fe3b3f960f9b3d332e7b2ab",528.055,751,"1f0ebe7383f6998116af92c3ccb0b6f66400c79cd62cc552284ecbfe1d89ea16",3.31700000000001,532.28,FALSE,FALSE,FALSE,FALSE,"closed",FALSE
"mv08o_residual_source_sentinel_v1","primary","SRA779509_SRS3805265","internal124",20260808,"sct_data_all_qc_fit_selected384","exact500",5646,384,"bc37534a8036e25564b942f45e4bbe6efeed4d98dc8b2ba4d040440c1dd1e635",500,"48e881ee753893bfaecd7101fc16fbcb552dd30a2a791fedfc7204d7b322a32e",TRUE,0,0.161296924841131,TRUE,"a36016218e0ed68bb002e5412d46eb49229ae94489e7e85b659c068b785ad58c","919bf593013928536a23d42f3fc310e02fb2fbb35041a185063dfc77b43ba042",528.055,751,"1f0ebe7383f6998116af92c3ccb0b6f66400c79cd62cc552284ecbfe1d89ea16",3.31700000000001,532.418,FALSE,FALSE,FALSE,FALSE,"closed",FALSE
"mv08o_residual_source_sentinel_v1","primary","SRA779509_SRS3805265","internal124",20260808,"sct_pearson_residual_all_qc_fit_selected384","exact500",5646,384,"bc37534a8036e25564b942f45e4bbe6efeed4d98dc8b2ba4d040440c1dd1e635",500,"48e881ee753893bfaecd7101fc16fbcb552dd30a2a791fedfc7204d7b322a32e",TRUE,0,0.752288611861258,TRUE,"864432be6b0aea90ae667fc5b919950bf560e009ed88f8eed4d5f22f7d46f76f","ca35e2aef660442adbf7d5949a6c034e8c3f5271d5ada7cafc18781d39a10c25",528.055,751,"1f0ebe7383f6998116af92c3ccb0b6f66400c79cd62cc552284ecbfe1d89ea16",3.31700000000001,532.562,FALSE,FALSE,FALSE,FALSE,"closed",FALSE
"mv08o_residual_source_sentinel_v1","primary","SRA779509_SRS3805265","internal124",20260809,"sct_data_all_qc_fit_selected384","exact500",5646,384,"38bd470127a1b0ba31ec585929d2de50c396dd9e0962d95d0959e03e9f2e084b",500,"48e881ee753893bfaecd7101fc16fbcb552dd30a2a791fedfc7204d7b322a32e",TRUE,0,0.170094014665159,TRUE,"45d5498ca60b77f0c4116d249307e755e6249dbe127fc0f721a8b28c10ea003b","916637142096587adbf7060338b9bd681d0975a7f15ff2dcb8f102fddd9f596c",528.055,751,"1f0ebe7383f6998116af92c3ccb0b6f66400c79cd62cc552284ecbfe1d89ea16",3.31700000000001,532.704,FALSE,FALSE,FALSE,FALSE,"closed",FALSE
"mv08o_residual_source_sentinel_v1","primary","SRA779509_SRS3805265","internal124",20260809,"sct_pearson_residual_all_qc_fit_selected384","exact500",5646,384,"38bd470127a1b0ba31ec585929d2de50c396dd9e0962d95d0959e03e9f2e084b",500,"48e881ee753893bfaecd7101fc16fbcb552dd30a2a791fedfc7204d7b322a32e",TRUE,0,0.813042680772732,TRUE,"1ab3cdfc5bceee0d62c7efe86253de1053ce5dc392497d5f5d42a26a599a1db1","0e66e4d63f08d80758f773a419397169a0478e22f101952b0c376e51b5f677b7",528.055,751,"1f0ebe7383f6998116af92c3ccb0b6f66400c79cd62cc552284ecbfe1d89ea16",3.31700000000001,532.847,FALSE,FALSE,FALSE,FALSE,"closed",FALSE
"mv08o_residual_source_sentinel_v1","primary","SRA779509_SRS3805245","internal124",20260805,"sct_data_all_qc_fit_selected384","exact500",5651,384,"af52304f0b263dc54b6057c960924abf7fb79ae224a50699de06e0ab4862fd39",500,"48e881ee753893bfaecd7101fc16fbcb552dd30a2a791fedfc7204d7b322a32e",TRUE,0,0.263900743121531,TRUE,"ee215dbe6077ed6c88a883bee37f84e93e51dba1d51043e108ec118e745c8dd3","3f87fd0f8c1720437d7773fd528ebcd6cd5fedb2de1e88e9f7ace01649c43f58",626.424,612,"1f0ebe7383f6998116af92c3ccb0b6f66400c79cd62cc552284ecbfe1d89ea16",3.596,630.275,FALSE,FALSE,FALSE,FALSE,"closed",FALSE
"mv08o_residual_source_sentinel_v1","primary","SRA779509_SRS3805245","internal124",20260805,"sct_pearson_residual_all_qc_fit_selected384","exact500",5651,384,"af52304f0b263dc54b6057c960924abf7fb79ae224a50699de06e0ab4862fd39",500,"48e881ee753893bfaecd7101fc16fbcb552dd30a2a791fedfc7204d7b322a32e",TRUE,0,0.657003317673062,TRUE,"2e519acc63e69f51359e3998a0c874b6f658a1c442fa30d35f62e4270bb4d3fa","5f448bf88351f2b4c0002b510583f622e79a99404fe1046c3a3919d65b20b7d3",626.424,612,"1f0ebe7383f6998116af92c3ccb0b6f66400c79cd62cc552284ecbfe1d89ea16",3.596,630.401,FALSE,FALSE,FALSE,FALSE,"closed",FALSE
"mv08o_residual_source_sentinel_v1","primary","SRA779509_SRS3805245","internal124",20260806,"sct_data_all_qc_fit_selected384","exact500",5651,384,"a143c86026ac79c272cf58ac3d98054745bff7c050f937a1ddea25a719b71853",500,"48e881ee753893bfaecd7101fc16fbcb552dd30a2a791fedfc7204d7b322a32e",TRUE,0,0.290833432277453,TRUE,"cfe9ea2518bd6a90ff97dd4d831eafdd1a4e22ac88cdd35b330595d84fe815ed","d72bfd792c6f07b59f78652614b6c89e8f43663ee4e985aad9587452edf12191",626.424,612,"1f0ebe7383f6998116af92c3ccb0b6f66400c79cd62cc552284ecbfe1d89ea16",3.596,630.527,FALSE,FALSE,FALSE,FALSE,"closed",FALSE
"mv08o_residual_source_sentinel_v1","primary","SRA779509_SRS3805245","internal124",20260806,"sct_pearson_residual_all_qc_fit_selected384","exact500",5651,384,"a143c86026ac79c272cf58ac3d98054745bff7c050f937a1ddea25a719b71853",500,"48e881ee753893bfaecd7101fc16fbcb552dd30a2a791fedfc7204d7b322a32e",TRUE,0,0.64969071213344,TRUE,"d706cfc56d4fb5b14a4d78c12ab7f4f35ad52ee77da19a2f124db32079ea4386","d400a4004427c503dcc6c128e9ea5fb353962de81dcfad1c69e9fae166f7c8b8",626.424,612,"1f0ebe7383f6998116af92c3ccb0b6f66400c79cd62cc552284ecbfe1d89ea16",3.596,630.674,FALSE,FALSE,FALSE,FALSE,"closed",FALSE
"mv08o_residual_source_sentinel_v1","primary","SRA779509_SRS3805245","internal124",20260807,"sct_data_all_qc_fit_selected384","exact500",5651,384,"981b2c00432287aa1bb97193692486b97691d7ac902638e64f5a6200e887004b",500,"48e881ee753893bfaecd7101fc16fbcb552dd30a2a791fedfc7204d7b322a32e",TRUE,0,0.26962321851075,TRUE,"cde9483ef6a0227f83bb96ad5d61e1456bfec812b28a4d7142c0924ad4175049","905864330c4951a50d13b3b4adaa4c44cc6bba749a87ca575b38ce3da970cba4",626.424,612,"1f0ebe7383f6998116af92c3ccb0b6f66400c79cd62cc552284ecbfe1d89ea16",3.596,630.816,FALSE,FALSE,FALSE,FALSE,"closed",FALSE
"mv08o_residual_source_sentinel_v1","primary","SRA779509_SRS3805245","internal124",20260807,"sct_pearson_residual_all_qc_fit_selected384","exact500",5651,384,"981b2c00432287aa1bb97193692486b97691d7ac902638e64f5a6200e887004b",500,"48e881ee753893bfaecd7101fc16fbcb552dd30a2a791fedfc7204d7b322a32e",TRUE,0,0.629764473470623,TRUE,"ba0d2aaa1b64979afb9a14927c71bf62d4566bb36a0b1fc96728a7a6926d4b9c","d609ede21ce381138c24a65ca15110f40d18bc573b8e47f89b69c3231a3da3d0",626.424,612,"1f0ebe7383f6998116af92c3ccb0b6f66400c79cd62cc552284ecbfe1d89ea16",3.596,630.961,FALSE,FALSE,FALSE,FALSE,"closed",FALSE
"mv08o_residual_source_sentinel_v1","primary","SRA779509_SRS3805245","internal124",20260808,"sct_data_all_qc_fit_selected384","exact500",5651,384,"8cb3e8858a0231f9f790e624d6fcda22b09853e771592d27a9517e07be78ccbb",500,"48e881ee753893bfaecd7101fc16fbcb552dd30a2a791fedfc7204d7b322a32e",TRUE,0,0.280023647573612,TRUE,"9c954c8e7e6d575d9e08adaec75499607d54602bbe3e2ca990aa7c36c117db56","c46913efd97e52f74e6b417ed8d5f0ee95f27e0602d172604b1ca51bf1141328",626.424,612,"1f0ebe7383f6998116af92c3ccb0b6f66400c79cd62cc552284ecbfe1d89ea16",3.596,631.852,FALSE,FALSE,FALSE,FALSE,"closed",FALSE
"mv08o_residual_source_sentinel_v1","primary","SRA779509_SRS3805245","internal124",20260808,"sct_pearson_residual_all_qc_fit_selected384","exact500",5651,384,"8cb3e8858a0231f9f790e624d6fcda22b09853e771592d27a9517e07be78ccbb",500,"48e881ee753893bfaecd7101fc16fbcb552dd30a2a791fedfc7204d7b322a32e",TRUE,0,0.675458712387891,TRUE,"793cde9212424bc2af40be24889ad44ff59678e36ae46f0d516e91ec72158e9c","39ffe620f8a3496e2b03537332d0f87dbd9fc2310e67cae2c16bdaf9f1d91a77",626.424,612,"1f0ebe7383f6998116af92c3ccb0b6f66400c79cd62cc552284ecbfe1d89ea16",3.596,631.976,FALSE,FALSE,FALSE,FALSE,"closed",FALSE
"mv08o_residual_source_sentinel_v1","primary","SRA779509_SRS3805245","internal124",20260809,"sct_data_all_qc_fit_selected384","exact500",5651,384,"3591e464e842a3ee7ed8d7e44b9f1c3432226fe15ce718e3fe9d63e792a5cc29",500,"48e881ee753893bfaecd7101fc16fbcb552dd30a2a791fedfc7204d7b322a32e",TRUE,0,0.284391272531463,TRUE,"2b876c604a857b4a1b9409ae13e2c79c3774172282ea1a0004a7a0918a0e4955","7b8d38b15262ed6ab95f6d23b9f85c004781eb1ec79fd867707bcd162cacbf56",626.424,612,"1f0ebe7383f6998116af92c3ccb0b6f66400c79cd62cc552284ecbfe1d89ea16",3.596,632.098,FALSE,FALSE,FALSE,FALSE,"closed",FALSE
"mv08o_residual_source_sentinel_v1","primary","SRA779509_SRS3805245","internal124",20260809,"sct_pearson_residual_all_qc_fit_selected384","exact500",5651,384,"3591e464e842a3ee7ed8d7e44b9f1c3432226fe15ce718e3fe9d63e792a5cc29",500,"48e881ee753893bfaecd7101fc16fbcb552dd30a2a791fedfc7204d7b322a32e",TRUE,0,0.688650084051751,TRUE,"ae713570f53504d1600309ed332d2ec45482688aeacff962b20f8cd2c62fdb2b","3e0521e0b907d8c8c29c5e0403d91339eb69c389a7d5084dd0fc268ae8a929d3",626.424,612,"1f0ebe7383f6998116af92c3ccb0b6f66400c79cd62cc552284ecbfe1d89ea16",3.596,632.223,FALSE,FALSE,FALSE,FALSE,"closed",FALSE
"mv08o_residual_source_sentinel_v1","primary","SRA703206_SRS3296612","internal124",20260805,"sct_data_all_qc_fit_selected384","exact500",5705,384,"63315eb94901e0963ba306cf441d7e803843e4d7c71817be10e02b9b71b39e7e",500,"48e881ee753893bfaecd7101fc16fbcb552dd30a2a791fedfc7204d7b322a32e",TRUE,0,0.222923106684357,TRUE,"e27511a36dab4457eb8e98d0bbb881628312caeb75e365349acffb2a347494a3","5f9e56c182d8aa6bde6dbd62a299b2fffa9ecb33fe7ea5670abc516bea4ff404",531.582,447,"85b3c8df07c7859d19f3ad0590bbe2f6007bcf12c39054ff3e0932f1a2c92afc",3.69999999999993,535.548,FALSE,FALSE,FALSE,FALSE,"closed",FALSE
"mv08o_residual_source_sentinel_v1","primary","SRA703206_SRS3296612","internal124",20260805,"sct_pearson_residual_all_qc_fit_selected384","exact500",5705,384,"63315eb94901e0963ba306cf441d7e803843e4d7c71817be10e02b9b71b39e7e",500,"48e881ee753893bfaecd7101fc16fbcb552dd30a2a791fedfc7204d7b322a32e",TRUE,0,0.674154324134727,TRUE,"05447cd026cc8c048a1cdb92f769feadb2bcba462aa660e95250a8bde7f89839","4abf752bd45a261f3c55810a53c0d6e21613c1673062563cdc57f17ef63a89dc",531.582,447,"85b3c8df07c7859d19f3ad0590bbe2f6007bcf12c39054ff3e0932f1a2c92afc",3.69999999999993,535.673,FALSE,FALSE,FALSE,FALSE,"closed",FALSE
"mv08o_residual_source_sentinel_v1","primary","SRA703206_SRS3296612","internal124",20260806,"sct_data_all_qc_fit_selected384","exact500",5705,384,"2a81b1a46233106be334f7b55ff4c52307165f82db14ace952f33045a8eab86a",500,"48e881ee753893bfaecd7101fc16fbcb552dd30a2a791fedfc7204d7b322a32e",TRUE,0,0.262357288666054,TRUE,"f83f529276d9098dec6fd88c331b2cbf551bab9c32920ed15e40a785749872ae","21a69ee938b1166375a4f864dd8367f99881235763d7aea97d1ea7c1e27e73e8",531.582,447,"85b3c8df07c7859d19f3ad0590bbe2f6007bcf12c39054ff3e0932f1a2c92afc",3.69999999999993,535.797,FALSE,FALSE,FALSE,FALSE,"closed",FALSE
"mv08o_residual_source_sentinel_v1","primary","SRA703206_SRS3296612","internal124",20260806,"sct_pearson_residual_all_qc_fit_selected384","exact500",5705,384,"2a81b1a46233106be334f7b55ff4c52307165f82db14ace952f33045a8eab86a",500,"48e881ee753893bfaecd7101fc16fbcb552dd30a2a791fedfc7204d7b322a32e",TRUE,0,0.650401021746007,TRUE,"d3e377053da6a60a7213cc20a7e5dcf06954ea12ce0725b364ceee36d0a391e4","28f90161ac3db469a96410caaba3422c13446acb609b3c05143d65361d6cabaa",531.582,447,"85b3c8df07c7859d19f3ad0590bbe2f6007bcf12c39054ff3e0932f1a2c92afc",3.69999999999993,535.945,FALSE,FALSE,FALSE,FALSE,"closed",FALSE
"mv08o_residual_source_sentinel_v1","primary","SRA703206_SRS3296612","internal124",20260807,"sct_data_all_qc_fit_selected384","exact500",5705,384,"38cecec9168a7d8083ff29838eadecb53fd6099e3bd511e329651f2f5d546413",500,"48e881ee753893bfaecd7101fc16fbcb552dd30a2a791fedfc7204d7b322a32e",TRUE,0,0.219413598459565,TRUE,"4dd86d4788457f7d7971f22909d3d33f9e76083d5560211ef1e588f4ac136697","c6570d4f7b22834c12696cae1b4a53bd07120e8df2fec422f4004ec52baf1691",531.582,447,"85b3c8df07c7859d19f3ad0590bbe2f6007bcf12c39054ff3e0932f1a2c92afc",3.69999999999993,536.084,FALSE,FALSE,FALSE,FALSE,"closed",FALSE
"mv08o_residual_source_sentinel_v1","primary","SRA703206_SRS3296612","internal124",20260807,"sct_pearson_residual_all_qc_fit_selected384","exact500",5705,384,"38cecec9168a7d8083ff29838eadecb53fd6099e3bd511e329651f2f5d546413",500,"48e881ee753893bfaecd7101fc16fbcb552dd30a2a791fedfc7204d7b322a32e",TRUE,0,0.619130959787183,TRUE,"9756ca4e7f5b8b9487d27015aa3d920aef9c55da938e82436e342510ba048b63","d32755b0d00d53efb67137296bed7a5409b5bd4720a7ba19d71e4c2d5bc00554",531.582,447,"85b3c8df07c7859d19f3ad0590bbe2f6007bcf12c39054ff3e0932f1a2c92afc",3.69999999999993,536.226,FALSE,FALSE,FALSE,FALSE,"closed",FALSE
"mv08o_residual_source_sentinel_v1","primary","SRA703206_SRS3296612","internal124",20260808,"sct_data_all_qc_fit_selected384","exact500",5705,384,"7d488a380fbf8a5868e365974d1099ec1363de8b34cad83e8987d9933f567106",500,"48e881ee753893bfaecd7101fc16fbcb552dd30a2a791fedfc7204d7b322a32e",TRUE,0,0.236495501011442,TRUE,"d8e16a247a83fe4bc2d032ef3837029b64316cc7ec187878fb7c13202f7d2faa","ae7df8fa0be5358b84a248f31e1e8662c2d1f4aec20ebc1a43bfe0d44a7e0f1f",531.582,447,"85b3c8df07c7859d19f3ad0590bbe2f6007bcf12c39054ff3e0932f1a2c92afc",3.69999999999993,536.369,FALSE,FALSE,FALSE,FALSE,"closed",FALSE
"mv08o_residual_source_sentinel_v1","primary","SRA703206_SRS3296612","internal124",20260808,"sct_pearson_residual_all_qc_fit_selected384","exact500",5705,384,"7d488a380fbf8a5868e365974d1099ec1363de8b34cad83e8987d9933f567106",500,"48e881ee753893bfaecd7101fc16fbcb552dd30a2a791fedfc7204d7b322a32e",TRUE,0,0.693627461458796,TRUE,"acf22295090482d86e0001d3a1608bccf685395ec799a5a65b5a5b6074ecaa35","b46f273b1b52945d9cf020d46f3706ab2f5561144cc6c80353d283e6e4c4d7bc",531.582,447,"85b3c8df07c7859d19f3ad0590bbe2f6007bcf12c39054ff3e0932f1a2c92afc",3.69999999999993,536.513,FALSE,FALSE,FALSE,FALSE,"closed",FALSE
"mv08o_residual_source_sentinel_v1","primary","SRA703206_SRS3296612","internal124",20260809,"sct_data_all_qc_fit_selected384","exact500",5705,384,"166cf7d2f96d3950453b7e8f986a0d82a19e1059d6d2350f3ea358b022d4a643",500,"48e881ee753893bfaecd7101fc16fbcb552dd30a2a791fedfc7204d7b322a32e",TRUE,0,0.233695706709379,TRUE,"ebb71a83539eac4e8ed3f6a33c31f092d7cc88ff38a2a25eb51fdad8491476f3","e8e9c633f0684080108b27e2d51f87a774d61f8372c395c202c8e12cc4f916b9",531.582,447,"85b3c8df07c7859d19f3ad0590bbe2f6007bcf12c39054ff3e0932f1a2c92afc",3.69999999999993,536.665,FALSE,FALSE,FALSE,FALSE,"closed",FALSE
"mv08o_residual_source_sentinel_v1","primary","SRA703206_SRS3296612","internal124",20260809,"sct_pearson_residual_all_qc_fit_selected384","exact500",5705,384,"166cf7d2f96d3950453b7e8f986a0d82a19e1059d6d2350f3ea358b022d4a643",500,"48e881ee753893bfaecd7101fc16fbcb552dd30a2a791fedfc7204d7b322a32e",TRUE,0,0.660926304867604,TRUE,"1eb35d0029cd582d6b215729934da3a477b5d46804a56e38c0bc4f4a46615c4e","f1a3e80812385bf34c081c10e4b622cade62182cbc295d159c4e1a30a4f36b80",531.582,447,"85b3c8df07c7859d19f3ad0590bbe2f6007bcf12c39054ff3e0932f1a2c92afc",3.69999999999993,536.791,FALSE,FALSE,FALSE,FALSE,"closed",FALSE
"mv08o_residual_source_sentinel_v1","primary","SRA742961_SRS3565195","internal124",20260805,"sct_data_all_qc_fit_selected384","exact500",5718,384,"bae9249d3c30e4f30b58349e4238ed89d6b9db1be1557139af721fb37562d893",500,"48e881ee753893bfaecd7101fc16fbcb552dd30a2a791fedfc7204d7b322a32e",TRUE,0,0.172995587958452,TRUE,"9cb1fcdc42147906c87051cee5fb62e74c6ce4f54ca65d02296eda58263758e7","5e39320ca4686d99454e0e30b2017976c52971c02588fdbf9d94ed52041aa953",365.005,167,"bc41ec910b108600bc17c7f4d8f5a571728d33a09ac3e727a62ae603e623e37a",3.32499999999999,368.583,FALSE,FALSE,FALSE,FALSE,"closed",FALSE
"mv08o_residual_source_sentinel_v1","primary","SRA742961_SRS3565195","internal124",20260805,"sct_pearson_residual_all_qc_fit_selected384","exact500",5718,384,"bae9249d3c30e4f30b58349e4238ed89d6b9db1be1557139af721fb37562d893",500,"48e881ee753893bfaecd7101fc16fbcb552dd30a2a791fedfc7204d7b322a32e",TRUE,0,0.580565053391072,TRUE,"57a7421b88babe58d82d4e28b7bb7712ef0506a2f0dcdea66078770bcae38f61","80f6eee3740528a2ad5f173c391d42c8bb94908498f4aedc8a10190ef64788ff",365.005,167,"bc41ec910b108600bc17c7f4d8f5a571728d33a09ac3e727a62ae603e623e37a",3.32499999999999,368.711,FALSE,FALSE,FALSE,FALSE,"closed",FALSE
"mv08o_residual_source_sentinel_v1","primary","SRA742961_SRS3565195","internal124",20260806,"sct_data_all_qc_fit_selected384","exact500",5718,384,"93a54e159107c9f3465dda70a91ca08a17cddc9fe6b60647061a921cf374cbec",500,"48e881ee753893bfaecd7101fc16fbcb552dd30a2a791fedfc7204d7b322a32e",TRUE,0,0.197550830953913,TRUE,"03d076ea80b42d4dfc6da8bef21776b0d20df350b589341e2370a760018ec766","1ac8a933a69bf4db0231304c196ac8a7ee8267f197956d752ad32c82549f551c",365.005,167,"bc41ec910b108600bc17c7f4d8f5a571728d33a09ac3e727a62ae603e623e37a",3.32499999999999,368.831,FALSE,FALSE,FALSE,FALSE,"closed",FALSE
"mv08o_residual_source_sentinel_v1","primary","SRA742961_SRS3565195","internal124",20260806,"sct_pearson_residual_all_qc_fit_selected384","exact500",5718,384,"93a54e159107c9f3465dda70a91ca08a17cddc9fe6b60647061a921cf374cbec",500,"48e881ee753893bfaecd7101fc16fbcb552dd30a2a791fedfc7204d7b322a32e",TRUE,0,0.621270942033723,TRUE,"12166469051011139e678fb0b6d012efdb0ae231d8fe28a2d6049d1af48ed437","fbaf4e4b041d42ca6573281c7a6a9f0a578610388e0771a7310fc5f6583e649d",365.005,167,"bc41ec910b108600bc17c7f4d8f5a571728d33a09ac3e727a62ae603e623e37a",3.32499999999999,368.954,FALSE,FALSE,FALSE,FALSE,"closed",FALSE
"mv08o_residual_source_sentinel_v1","primary","SRA742961_SRS3565195","internal124",20260807,"sct_data_all_qc_fit_selected384","exact500",5718,384,"cd15dc27172f1f86a01d0ecf239a233613960f733bf5767a344ba53f32477c24",500,"48e881ee753893bfaecd7101fc16fbcb552dd30a2a791fedfc7204d7b322a32e",TRUE,0,0.194767196916688,TRUE,"6a5e7f8f2e33e9485c920a3613338446aa357b29d071218f75db61cbcbd8773d","2dbbc2d5e32ce1d03cf8b25f3d1458c9411290ebb91e7fa859960d4d642067fa",365.005,167,"bc41ec910b108600bc17c7f4d8f5a571728d33a09ac3e727a62ae603e623e37a",3.32499999999999,369.083,FALSE,FALSE,FALSE,FALSE,"closed",FALSE
"mv08o_residual_source_sentinel_v1","primary","SRA742961_SRS3565195","internal124",20260807,"sct_pearson_residual_all_qc_fit_selected384","exact500",5718,384,"cd15dc27172f1f86a01d0ecf239a233613960f733bf5767a344ba53f32477c24",500,"48e881ee753893bfaecd7101fc16fbcb552dd30a2a791fedfc7204d7b322a32e",TRUE,0,0.570444944332027,TRUE,"9ba0a44a6bb244c4e645179be246ce0cc430d9f48c72a0cf112107c95a7e45ea","3221a11532b79f21401aeca13c71aa80b07e2393b9dc44cc521acc6c52219082",365.005,167,"bc41ec910b108600bc17c7f4d8f5a571728d33a09ac3e727a62ae603e623e37a",3.32499999999999,369.23,FALSE,FALSE,FALSE,FALSE,"closed",FALSE
"mv08o_residual_source_sentinel_v1","primary","SRA742961_SRS3565195","internal124",20260808,"sct_data_all_qc_fit_selected384","exact500",5718,384,"50c0f0cb7c394a0d4e03bcec9dff5463cb71197d06fcbfc5ed4a2319aa858dc1",500,"48e881ee753893bfaecd7101fc16fbcb552dd30a2a791fedfc7204d7b322a32e",TRUE,0,0.186312970260423,TRUE,"e8728b978f1625e20a276af3b225170b916c4b7ed7c8e4b1a76cc2bf0860b6cb","78bd1f7eab04b038ebb94fe45ecce21f045d9500f26d7881c009a9386b62d74a",365.005,167,"bc41ec910b108600bc17c7f4d8f5a571728d33a09ac3e727a62ae603e623e37a",3.32499999999999,369.37,FALSE,FALSE,FALSE,FALSE,"closed",FALSE
"mv08o_residual_source_sentinel_v1","primary","SRA742961_SRS3565195","internal124",20260808,"sct_pearson_residual_all_qc_fit_selected384","exact500",5718,384,"50c0f0cb7c394a0d4e03bcec9dff5463cb71197d06fcbfc5ed4a2319aa858dc1",500,"48e881ee753893bfaecd7101fc16fbcb552dd30a2a791fedfc7204d7b322a32e",TRUE,0,0.567912547335837,TRUE,"48e9d6a691f8bb4334b0358e38a310a641b652264098deb9b0769482b83f4a28","84cafe15252b8f553402f7d00d5e7c53faa2d64135a773cefce724d1df1c4082",365.005,167,"bc41ec910b108600bc17c7f4d8f5a571728d33a09ac3e727a62ae603e623e37a",3.32499999999999,369.51,FALSE,FALSE,FALSE,FALSE,"closed",FALSE
"mv08o_residual_source_sentinel_v1","primary","SRA742961_SRS3565195","internal124",20260809,"sct_data_all_qc_fit_selected384","exact500",5718,384,"239c3e64fc90da586154ae2264a8a346881badab68c2b8586711aa0f94d7a74d",500,"48e881ee753893bfaecd7101fc16fbcb552dd30a2a791fedfc7204d7b322a32e",TRUE,0,0.202619751773285,TRUE,"6f8d45260a1f7fb9d00d2910bfbbcc726796624ab68a58ca9596b320bb4bb599","193fff97eb2044cdc11b4c2376b6524ea05c2e922feb087f3701da390f329b52",365.005,167,"bc41ec910b108600bc17c7f4d8f5a571728d33a09ac3e727a62ae603e623e37a",3.32499999999999,369.658,FALSE,FALSE,FALSE,FALSE,"closed",FALSE
"mv08o_residual_source_sentinel_v1","primary","SRA742961_SRS3565195","internal124",20260809,"sct_pearson_residual_all_qc_fit_selected384","exact500",5718,384,"239c3e64fc90da586154ae2264a8a346881badab68c2b8586711aa0f94d7a74d",500,"48e881ee753893bfaecd7101fc16fbcb552dd30a2a791fedfc7204d7b322a32e",TRUE,0,0.605020529804914,TRUE,"c1e520b0a6c341ac0917413d7413dfd871c4d762cd02e4cf8f33b4e7155fd416","273b14ca3070d9b833a4d50b312857e362c9d62047633befd4724d00cd98de8e",365.005,167,"bc41ec910b108600bc17c7f4d8f5a571728d33a09ac3e727a62ae603e623e37a",3.32499999999999,369.806,FALSE,FALSE,FALSE,FALSE,"closed",FALSE
"mv08o_residual_source_sentinel_v1","primary","SRA742961_SRS3565202","internal124",20260805,"sct_data_all_qc_fit_selected384","exact500",5748,384,"f5f4b6982a4b9973b81e60e0dbe6af56ac9efdff64548bb26a28ada979de9029",500,"48e881ee753893bfaecd7101fc16fbcb552dd30a2a791fedfc7204d7b322a32e",TRUE,0,0.220078371140298,TRUE,"e41fc44a4ef15a60a956294c0c8d88122a1f2b3518514f7e0599b4a42fa04a51","11ade1bd991c40619bf4ca3e188d3c7d475671b8b6984c48367267820407df0f",475.17,316,"ca6942c97dd850b48cc06efc622330e36c7e5325ae6e5499d209bb4e9339e9a9",3.63900000000001,479.062,FALSE,FALSE,FALSE,FALSE,"closed",FALSE
"mv08o_residual_source_sentinel_v1","primary","SRA742961_SRS3565202","internal124",20260805,"sct_pearson_residual_all_qc_fit_selected384","exact500",5748,384,"f5f4b6982a4b9973b81e60e0dbe6af56ac9efdff64548bb26a28ada979de9029",500,"48e881ee753893bfaecd7101fc16fbcb552dd30a2a791fedfc7204d7b322a32e",TRUE,0,0.629677090778447,TRUE,"966173dac9b5a3ce7b4b8ff77e59763dc0b936b3527e65d6a34c733fe679d73b","d6b752d787f6eb39b0dfffbb0bc43f749aa1ce0517adee51252acded6c6b52f2",475.17,316,"ca6942c97dd850b48cc06efc622330e36c7e5325ae6e5499d209bb4e9339e9a9",3.63900000000001,479.194,FALSE,FALSE,FALSE,FALSE,"closed",FALSE
"mv08o_residual_source_sentinel_v1","primary","SRA742961_SRS3565202","internal124",20260806,"sct_data_all_qc_fit_selected384","exact500",5748,384,"2d31453a215376242d64f68a8e9fa61fb9745930eb83e62915446991f0160c7c",500,"48e881ee753893bfaecd7101fc16fbcb552dd30a2a791fedfc7204d7b322a32e",TRUE,0,0.222923106684357,TRUE,"701a17f39b6e8d33f99238f4bc165dda4734b12d476db219e00c218940a37bbb","cb6b1c72193a2b1ee192dc792745bfa9471f2b1054976483a436d303678667db",475.17,316,"ca6942c97dd850b48cc06efc622330e36c7e5325ae6e5499d209bb4e9339e9a9",3.63900000000001,479.313,FALSE,FALSE,FALSE,FALSE,"closed",FALSE
"mv08o_residual_source_sentinel_v1","primary","SRA742961_SRS3565202","internal124",20260806,"sct_pearson_residual_all_qc_fit_selected384","exact500",5748,384,"2d31453a215376242d64f68a8e9fa61fb9745930eb83e62915446991f0160c7c",500,"48e881ee753893bfaecd7101fc16fbcb552dd30a2a791fedfc7204d7b322a32e",TRUE,0,0.643167885172004,TRUE,"6c12c9683d17b1a1e533738142aad4a6ed4831b1e303a36efc262379dc89c8cb","fc90edee759d34d3416b069094f20d3546957dc03a551dbf7c776298eb70a6d6",475.17,316,"ca6942c97dd850b48cc06efc622330e36c7e5325ae6e5499d209bb4e9339e9a9",3.63900000000001,479.436,FALSE,FALSE,FALSE,FALSE,"closed",FALSE
"mv08o_residual_source_sentinel_v1","primary","SRA742961_SRS3565202","internal124",20260807,"sct_data_all_qc_fit_selected384","exact500",5748,384,"44015b01cabf4b852315f7c6028c8014c916d4281683dba2cac4c7516c4b43e4",500,"48e881ee753893bfaecd7101fc16fbcb552dd30a2a791fedfc7204d7b322a32e",TRUE,0,0.220078371140298,TRUE,"6a15a5a3760f1909a815dd1e61d35cfa5af6737e494442a68dab6567a60bd0c3","70cf96c43946a6b3073bb5f8e4ac0d27e10cf04abb91c74cebe0e5dff63e5990",475.17,316,"ca6942c97dd850b48cc06efc622330e36c7e5325ae6e5499d209bb4e9339e9a9",3.63900000000001,479.554,FALSE,FALSE,FALSE,FALSE,"closed",FALSE
"mv08o_residual_source_sentinel_v1","primary","SRA742961_SRS3565202","internal124",20260807,"sct_pearson_residual_all_qc_fit_selected384","exact500",5748,384,"44015b01cabf4b852315f7c6028c8014c916d4281683dba2cac4c7516c4b43e4",500,"48e881ee753893bfaecd7101fc16fbcb552dd30a2a791fedfc7204d7b322a32e",TRUE,0,0.669472303697884,TRUE,"4e89a4784b440b4e6b3bf664841c899d6f83acdb90a59d26e52c750625e50c91","21dbd383b1998813924522f60d89037521817709d3759fbdbd3bc758cb86d21d",475.17,316,"ca6942c97dd850b48cc06efc622330e36c7e5325ae6e5499d209bb4e9339e9a9",3.63900000000001,479.681,FALSE,FALSE,FALSE,FALSE,"closed",FALSE
"mv08o_residual_source_sentinel_v1","primary","SRA742961_SRS3565202","internal124",20260808,"sct_data_all_qc_fit_selected384","exact500",5748,384,"a03c96b8ea03ed84192c7a9931e0913d0fde100a7bf8fb03c6dc0fa926db5eb8",500,"48e881ee753893bfaecd7101fc16fbcb552dd30a2a791fedfc7204d7b322a32e",TRUE,0,0.205922623609066,TRUE,"4ded5b76cfae92961e64d78d9bc210b94323381b2860aecc330b69a4f2db7ee8","f8b32743bfc7e9170b203364cf2d33b9fa2759882666709d1d48ddece9fd22dc",475.17,316,"ca6942c97dd850b48cc06efc622330e36c7e5325ae6e5499d209bb4e9339e9a9",3.63900000000001,479.83,FALSE,FALSE,FALSE,FALSE,"closed",FALSE
"mv08o_residual_source_sentinel_v1","primary","SRA742961_SRS3565202","internal124",20260808,"sct_pearson_residual_all_qc_fit_selected384","exact500",5748,384,"a03c96b8ea03ed84192c7a9931e0913d0fde100a7bf8fb03c6dc0fa926db5eb8",500,"48e881ee753893bfaecd7101fc16fbcb552dd30a2a791fedfc7204d7b322a32e",TRUE,0,0.640095618693062,TRUE,"97576d13eda4c1771a735a92284e76cbf42420eef9eccc6bd8b1b2a5d508f13c","5fae59369fd278c5e00b09ee024b212594bee4bdf95f2117ae3d56a9ebdfa474",475.17,316,"ca6942c97dd850b48cc06efc622330e36c7e5325ae6e5499d209bb4e9339e9a9",3.63900000000001,479.981,FALSE,FALSE,FALSE,FALSE,"closed",FALSE
"mv08o_residual_source_sentinel_v1","primary","SRA742961_SRS3565202","internal124",20260809,"sct_data_all_qc_fit_selected384","exact500",5748,384,"3b61df30c6cabe420d66c1ffe738cc2256f74406e914221b8e2a113f6a388cbc",500,"48e881ee753893bfaecd7101fc16fbcb552dd30a2a791fedfc7204d7b322a32e",TRUE,0,0.208764038321856,TRUE,"6b7a8c0cb581afa55c3d2d671250624ae18516f643b0527c4221c3439b5e891d","b1b81cba3118aa1738c153049b15ac4dc6d26433764a72855eff2c94a5f363e8",475.17,316,"ca6942c97dd850b48cc06efc622330e36c7e5325ae6e5499d209bb4e9339e9a9",3.63900000000001,480.103,FALSE,FALSE,FALSE,FALSE,"closed",FALSE
"mv08o_residual_source_sentinel_v1","primary","SRA742961_SRS3565202","internal124",20260809,"sct_pearson_residual_all_qc_fit_selected384","exact500",5748,384,"3b61df30c6cabe420d66c1ffe738cc2256f74406e914221b8e2a113f6a388cbc",500,"48e881ee753893bfaecd7101fc16fbcb552dd30a2a791fedfc7204d7b322a32e",TRUE,0,0.647790681863522,TRUE,"c748772a18c24347169746a58255ec723a194f4c89dc8654203df6b82dd31e65","faacc71effd8949ba172169282e144ce488262903d3fc24f3affc4c679353990",475.17,316,"ca6942c97dd850b48cc06efc622330e36c7e5325ae6e5499d209bb4e9339e9a9",3.63900000000001,480.227,FALSE,FALSE,FALSE,FALSE,"closed",FALSE
"mv08o_residual_source_sentinel_v1","primary","SRA779509_SRS3805259","internal124",20260805,"sct_data_all_qc_fit_selected384","exact500",5868,384,"6d22b450ccfe9e8dc209d018daa9f8c4d905faf2e310266b30e8f2da45b805f4",500,"48e881ee753893bfaecd7101fc16fbcb552dd30a2a791fedfc7204d7b322a32e",TRUE,0,0.210155774411392,TRUE,"98457e34a1c6cb796cd9c75ffaf049d5b9d00edb71ca648a6e3f69cc7e35f1e0","dc0c0c88458470c8a946394e9ae4f7fc18f945fd59a7757adf406a4105b7fd3c",554.442,608,"1f0ebe7383f6998116af92c3ccb0b6f66400c79cd62cc552284ecbfe1d89ea16",3.27499999999998,557.963,FALSE,FALSE,FALSE,FALSE,"closed",FALSE
"mv08o_residual_source_sentinel_v1","primary","SRA779509_SRS3805259","internal124",20260805,"sct_pearson_residual_all_qc_fit_selected384","exact500",5868,384,"6d22b450ccfe9e8dc209d018daa9f8c4d905faf2e310266b30e8f2da45b805f4",500,"48e881ee753893bfaecd7101fc16fbcb552dd30a2a791fedfc7204d7b322a32e",TRUE,0,0.711897650726654,TRUE,"ad00302a97d89b57c51bc3d5090f3841e341e2caaf520af6554e46a01d68dbf5","c8087793ae46a0ca4fe4b46205d49acc70138f3448ee45fe59df08afb93d8aa4",554.442,608,"1f0ebe7383f6998116af92c3ccb0b6f66400c79cd62cc552284ecbfe1d89ea16",3.27499999999998,558.088,FALSE,FALSE,FALSE,FALSE,"closed",FALSE
"mv08o_residual_source_sentinel_v1","primary","SRA779509_SRS3805259","internal124",20260806,"sct_data_all_qc_fit_selected384","exact500",5868,384,"b0d69085f225e8b494e1632f841e210443540f0d3ce4d12b43748d5ea7742e73",500,"48e881ee753893bfaecd7101fc16fbcb552dd30a2a791fedfc7204d7b322a32e",TRUE,0,0.186261338808302,TRUE,"c23c107459f13c21c8936df880ee5666ade6dcc0b14beb1a8dbc528a48f65456","99145dfa0b2004958d91ba493289f468097786a07992ae3ca25fe0a6e11957be",554.442,608,"1f0ebe7383f6998116af92c3ccb0b6f66400c79cd62cc552284ecbfe1d89ea16",3.27499999999998,558.21,FALSE,FALSE,FALSE,FALSE,"closed",FALSE
"mv08o_residual_source_sentinel_v1","primary","SRA779509_SRS3805259","internal124",20260806,"sct_pearson_residual_all_qc_fit_selected384","exact500",5868,384,"b0d69085f225e8b494e1632f841e210443540f0d3ce4d12b43748d5ea7742e73",500,"48e881ee753893bfaecd7101fc16fbcb552dd30a2a791fedfc7204d7b322a32e",TRUE,0,0.683711633460277,TRUE,"168aecfc16f098843a5a8334696dfd7ba83bcbfc16cc3a9b0d442c29ba5023b4","6899ee615d8e1463fee7ba51787ee33b7c681d1d1becb331a8fe3ef571ae73e7",554.442,608,"1f0ebe7383f6998116af92c3ccb0b6f66400c79cd62cc552284ecbfe1d89ea16",3.27499999999998,558.357,FALSE,FALSE,FALSE,FALSE,"closed",FALSE
"mv08o_residual_source_sentinel_v1","primary","SRA779509_SRS3805259","internal124",20260807,"sct_data_all_qc_fit_selected384","exact500",5868,384,"1d494c88c9b44724c5fb94a8658f172b338eb5c3aa3f3985d7b1877dd9707ed9",500,"48e881ee753893bfaecd7101fc16fbcb552dd30a2a791fedfc7204d7b322a32e",TRUE,0,0.223993037096949,TRUE,"dd7380d2fef412bc92cad8ccfd5bf499406888db966544d3dbbe022ce1fdc733","d0ef3efa625ef48d4958dddad889ba602e93d0757791ba45ca2b374318dffd32",554.442,608,"1f0ebe7383f6998116af92c3ccb0b6f66400c79cd62cc552284ecbfe1d89ea16",3.27499999999998,558.494,FALSE,FALSE,FALSE,FALSE,"closed",FALSE
"mv08o_residual_source_sentinel_v1","primary","SRA779509_SRS3805259","internal124",20260807,"sct_pearson_residual_all_qc_fit_selected384","exact500",5868,384,"1d494c88c9b44724c5fb94a8658f172b338eb5c3aa3f3985d7b1877dd9707ed9",500,"48e881ee753893bfaecd7101fc16fbcb552dd30a2a791fedfc7204d7b322a32e",TRUE,0,0.713155043110087,TRUE,"e122799173ec7a13c83d0c7295d791cbac445f1877e3a6ed7c8e76f7bf61beb0","e62a5cd65c53b381fd76edd2e126270addb35ea635d1a66bf48228617a78d25f",554.442,608,"1f0ebe7383f6998116af92c3ccb0b6f66400c79cd62cc552284ecbfe1d89ea16",3.27499999999998,558.636,FALSE,FALSE,FALSE,FALSE,"closed",FALSE
"mv08o_residual_source_sentinel_v1","primary","SRA779509_SRS3805259","internal124",20260808,"sct_data_all_qc_fit_selected384","exact500",5868,384,"f32628909192a7a97e9bb6b3b9ac92138d53ea43c5fafc26a4f14693a5d066c8",500,"48e881ee753893bfaecd7101fc16fbcb552dd30a2a791fedfc7204d7b322a32e",TRUE,0,0.240451468356232,TRUE,"bfe694af3857c9dc8c69448085c7631406715ae63c39be49715dba83f5ccdb20","2acc60bd8328290942f3d4c6aef53b17062ff8fa94b012d7e681a8b9eeccc285",554.442,608,"1f0ebe7383f6998116af92c3ccb0b6f66400c79cd62cc552284ecbfe1d89ea16",3.27499999999998,558.776,FALSE,FALSE,FALSE,FALSE,"closed",FALSE
"mv08o_residual_source_sentinel_v1","primary","SRA779509_SRS3805259","internal124",20260808,"sct_pearson_residual_all_qc_fit_selected384","exact500",5868,384,"f32628909192a7a97e9bb6b3b9ac92138d53ea43c5fafc26a4f14693a5d066c8",500,"48e881ee753893bfaecd7101fc16fbcb552dd30a2a791fedfc7204d7b322a32e",TRUE,0,0.694648371181774,TRUE,"ced40aa4e029da5458b2bbd12e86bfc8faa145e3f41650285dbe497373c23c62","c881d4d837b2aecf19d59b4f4ad97751da6256d0ece05c945e543d48066fa36e",554.442,608,"1f0ebe7383f6998116af92c3ccb0b6f66400c79cd62cc552284ecbfe1d89ea16",3.27499999999998,558.926,FALSE,FALSE,FALSE,FALSE,"closed",FALSE
"mv08o_residual_source_sentinel_v1","primary","SRA779509_SRS3805259","internal124",20260809,"sct_data_all_qc_fit_selected384","exact500",5868,384,"673a61ee6226c1faf5e0935e037f6e5fd8552fdeadbee2985c614ed5d3baa9c8",500,"48e881ee753893bfaecd7101fc16fbcb552dd30a2a791fedfc7204d7b322a32e",TRUE,0,0.215523787324853,TRUE,"1e55a91066474db63f1a6d2e41117e68c804c6b988d4856254787dc3c120391d","e602c62e27d76e3b1061e40616ef515394c0076935450b45364009c88979c41f",554.442,608,"1f0ebe7383f6998116af92c3ccb0b6f66400c79cd62cc552284ecbfe1d89ea16",3.27499999999998,559.068,FALSE,FALSE,FALSE,FALSE,"closed",FALSE
"mv08o_residual_source_sentinel_v1","primary","SRA779509_SRS3805259","internal124",20260809,"sct_pearson_residual_all_qc_fit_selected384","exact500",5868,384,"673a61ee6226c1faf5e0935e037f6e5fd8552fdeadbee2985c614ed5d3baa9c8",500,"48e881ee753893bfaecd7101fc16fbcb552dd30a2a791fedfc7204d7b322a32e",TRUE,0,0.690796141967566,TRUE,"2736c9589c81ae5513929e819fd5eeeed287f593043b633106df900dc7e0e472","805a9e056deeaae1d216c0c44544dec08cfcb36721f66fc480ef017887c94506",554.442,608,"1f0ebe7383f6998116af92c3ccb0b6f66400c79cd62cc552284ecbfe1d89ea16",3.27499999999998,559.215,FALSE,FALSE,FALSE,FALSE,"closed",FALSE
"mv08o_residual_source_sentinel_v1","primary","SRA742961_SRS3565211","internal124",20260805,"sct_data_all_qc_fit_selected384","exact500",5981,384,"5cfa1afb31332ba4f4425c273af69db4d0b5e67d808caf87dd7b139e98c33c9c",500,"48e881ee753893bfaecd7101fc16fbcb552dd30a2a791fedfc7204d7b322a32e",TRUE,0,0.0786801300387679,TRUE,"97d2c6ec9a17b654fad2581104e37af01eac3f44259f5bf1b30cf3b607522702","70321b62449ec2228859fefb959aed9ab8ab58b42d009d62a7d990f9bd8a31cd",418.531,589,"1f0ebe7383f6998116af92c3ccb0b6f66400c79cd62cc552284ecbfe1d89ea16",4.471,423.281,FALSE,FALSE,FALSE,FALSE,"closed",FALSE
"mv08o_residual_source_sentinel_v1","primary","SRA742961_SRS3565211","internal124",20260805,"sct_pearson_residual_all_qc_fit_selected384","exact500",5981,384,"5cfa1afb31332ba4f4425c273af69db4d0b5e67d808caf87dd7b139e98c33c9c",500,"48e881ee753893bfaecd7101fc16fbcb552dd30a2a791fedfc7204d7b322a32e",TRUE,0,0.521894411175273,TRUE,"da144d96e0ee365ef67a4dd7a0b5ab009aa03055546596892670e698eac950c1","8e92eac74e0c54a2a4206c1b0ff085cb16b73c64a6eac25b7124045bd46f1dff",418.531,589,"1f0ebe7383f6998116af92c3ccb0b6f66400c79cd62cc552284ecbfe1d89ea16",4.471,423.409,FALSE,FALSE,FALSE,FALSE,"closed",FALSE
"mv08o_residual_source_sentinel_v1","primary","SRA742961_SRS3565211","internal124",20260806,"sct_data_all_qc_fit_selected384","exact500",5981,384,"3f64ff7656fff909b02d0c020e8d2327d759319bdeeaa714815ffb82d4aeee5c",500,"48e881ee753893bfaecd7101fc16fbcb552dd30a2a791fedfc7204d7b322a32e",TRUE,0,0.110534095808994,TRUE,"6a3206fb11424067cffbdd70dc00bba3ab9fc0d7d4ffebc471066343885cacb4","3c04ea861fb3537d239473b43c716c303549b2c2f995b1b78d75e7c9a2d755c0",418.531,589,"1f0ebe7383f6998116af92c3ccb0b6f66400c79cd62cc552284ecbfe1d89ea16",4.471,423.531,FALSE,FALSE,FALSE,FALSE,"closed",FALSE
"mv08o_residual_source_sentinel_v1","primary","SRA742961_SRS3565211","internal124",20260806,"sct_pearson_residual_all_qc_fit_selected384","exact500",5981,384,"3f64ff7656fff909b02d0c020e8d2327d759319bdeeaa714815ffb82d4aeee5c",500,"48e881ee753893bfaecd7101fc16fbcb552dd30a2a791fedfc7204d7b322a32e",TRUE,0,0.653068884624973,TRUE,"4aa7d766fffcc532c7093af5e41edf432440809928b69a761461c4a6f8223333","bfc1f59da9086091bbd24f0cf77dd728e77781cb38eb094a5d6b39701928ad2f",418.531,589,"1f0ebe7383f6998116af92c3ccb0b6f66400c79cd62cc552284ecbfe1d89ea16",4.471,423.671,FALSE,FALSE,FALSE,FALSE,"closed",FALSE
"mv08o_residual_source_sentinel_v1","primary","SRA742961_SRS3565211","internal124",20260807,"sct_data_all_qc_fit_selected384","exact500",5981,384,"a7de28d57abad9fd78fddfd7be4315d371a0d28a96a806f780999962f0a162b3",500,"48e881ee753893bfaecd7101fc16fbcb552dd30a2a791fedfc7204d7b322a32e",TRUE,0,0.125521781031731,TRUE,"b47efcc83c190c6660b37d5ea520dbb44ba37b11ce6228ce06d433923f61bf7a","4c82611cd2a72c1260ea3eb375df59230fb5e067bb42048568dacd16bfcb1fc5",418.531,589,"1f0ebe7383f6998116af92c3ccb0b6f66400c79cd62cc552284ecbfe1d89ea16",4.471,423.813,FALSE,FALSE,FALSE,FALSE,"closed",FALSE
"mv08o_residual_source_sentinel_v1","primary","SRA742961_SRS3565211","internal124",20260807,"sct_pearson_residual_all_qc_fit_selected384","exact500",5981,384,"a7de28d57abad9fd78fddfd7be4315d371a0d28a96a806f780999962f0a162b3",500,"48e881ee753893bfaecd7101fc16fbcb552dd30a2a791fedfc7204d7b322a32e",TRUE,0,0.613863145844705,TRUE,"7f301b01a27447a58787c67be09801a6badf879093cd3ec541e2e707d1c6d62f","a10db809c796469630665c148f2aa2052238e83f167dc9ea661fb44ca9b7d9b2",418.531,589,"1f0ebe7383f6998116af92c3ccb0b6f66400c79cd62cc552284ecbfe1d89ea16",4.471,423.959,FALSE,FALSE,FALSE,FALSE,"closed",FALSE
"mv08o_residual_source_sentinel_v1","primary","SRA742961_SRS3565211","internal124",20260808,"sct_data_all_qc_fit_selected384","exact500",5981,384,"3b26fd152fdf8640eb0eaa20afef840bd3c134a4fc014c73c3e5ef144e8076a5",500,"48e881ee753893bfaecd7101fc16fbcb552dd30a2a791fedfc7204d7b322a32e",TRUE,0,0.125521781031731,TRUE,"d97b0b81a74b09c94d1c3328e2ac28090e6d31aa378c9b000409b3b33f4b8a53","e2f708dedc827e82662e21562c980816de7ca658a1b44ca2afbeaf7f5f71c39e",418.531,589,"1f0ebe7383f6998116af92c3ccb0b6f66400c79cd62cc552284ecbfe1d89ea16",4.471,424.102,FALSE,FALSE,FALSE,FALSE,"closed",FALSE
"mv08o_residual_source_sentinel_v1","primary","SRA742961_SRS3565211","internal124",20260808,"sct_pearson_residual_all_qc_fit_selected384","exact500",5981,384,"3b26fd152fdf8640eb0eaa20afef840bd3c134a4fc014c73c3e5ef144e8076a5",500,"48e881ee753893bfaecd7101fc16fbcb552dd30a2a791fedfc7204d7b322a32e",TRUE,0,0.623877094257636,TRUE,"d9c539c0492963cba96753ad878ab4a9ad1f255c25ec47f4973ccad2cceb336d","79f6afd491e5374449912394501d2aea77535ae9ee21ba3ef98a83a209ae6828",418.531,589,"1f0ebe7383f6998116af92c3ccb0b6f66400c79cd62cc552284ecbfe1d89ea16",4.471,424.25,FALSE,FALSE,FALSE,FALSE,"closed",FALSE
"mv08o_residual_source_sentinel_v1","primary","SRA742961_SRS3565211","internal124",20260809,"sct_data_all_qc_fit_selected384","exact500",5981,384,"b0f5fab70d298f64a2d9ff7a5b6e5b078dbd6610f1b1000be42501445831b829",500,"48e881ee753893bfaecd7101fc16fbcb552dd30a2a791fedfc7204d7b322a32e",TRUE,0,0.125521781031731,TRUE,"7e574d65252f08409aa1f677d83eb143b6d1603bbde4726db715e026506e29b5","17a1e286ae34a583db62bb0df643c54f2ff092cf0270a40805f83ca80feb74be",418.531,589,"1f0ebe7383f6998116af92c3ccb0b6f66400c79cd62cc552284ecbfe1d89ea16",4.471,424.391,FALSE,FALSE,FALSE,FALSE,"closed",FALSE
"mv08o_residual_source_sentinel_v1","primary","SRA742961_SRS3565211","internal124",20260809,"sct_pearson_residual_all_qc_fit_selected384","exact500",5981,384,"b0f5fab70d298f64a2d9ff7a5b6e5b078dbd6610f1b1000be42501445831b829",500,"48e881ee753893bfaecd7101fc16fbcb552dd30a2a791fedfc7204d7b322a32e",TRUE,0,0.608952790287862,TRUE,"bd7070f40680edb48edce6dbf78a59c7431d62a969cb435bd3353253814c0afe","e1c6f2bef47363be9681426f0354cf8f937873d100509afa3336845bc68cd758",418.531,589,"1f0ebe7383f6998116af92c3ccb0b6f66400c79cd62cc552284ecbfe1d89ea16",4.471,424.535,FALSE,FALSE,FALSE,FALSE,"closed",FALSE
"mv08o_residual_source_sentinel_v1","primary","SRA779509_SRS3805262","internal124",20260805,"sct_data_all_qc_fit_selected384","exact500",6124,384,"d361f64e5ee2e09ca5e0c951d9e08688cc21db2d28e321e4fcef496a2984ae81",500,"48e881ee753893bfaecd7101fc16fbcb552dd30a2a791fedfc7204d7b322a32e",TRUE,0,0.263621403538872,TRUE,"f525f6a6e483f9c6b7557c45e7de42fe122452471700b762376ff2edd264a6c8","30adc8a35cfde9b7d9b2a4e87a51052ac848b156df23ab7520adc4b811b0a7f8",641.483,556,"1f0ebe7383f6998116af92c3ccb0b6f66400c79cd62cc552284ecbfe1d89ea16",4.09799999999996,645.843,FALSE,FALSE,FALSE,FALSE,"closed",FALSE
"mv08o_residual_source_sentinel_v1","primary","SRA779509_SRS3805262","internal124",20260805,"sct_pearson_residual_all_qc_fit_selected384","exact500",6124,384,"d361f64e5ee2e09ca5e0c951d9e08688cc21db2d28e321e4fcef496a2984ae81",500,"48e881ee753893bfaecd7101fc16fbcb552dd30a2a791fedfc7204d7b322a32e",TRUE,0,0.629454963125348,TRUE,"b4ad83a7e7b3964a9ec5a9e6b932f563cc721e09e13ff0a49c6779ae1290f05c","24834dbbfba6a23eb8100a130f092fbbc5f65ad1ef99ac33a460f70187c315f0",641.483,556,"1f0ebe7383f6998116af92c3ccb0b6f66400c79cd62cc552284ecbfe1d89ea16",4.09799999999996,645.976,FALSE,FALSE,FALSE,FALSE,"closed",FALSE
"mv08o_residual_source_sentinel_v1","primary","SRA779509_SRS3805262","internal124",20260806,"sct_data_all_qc_fit_selected384","exact500",6124,384,"29ee0a2e6406a1142f013f0d9508669352bdbfa813295bb74ca79f5fe0183b16",500,"48e881ee753893bfaecd7101fc16fbcb552dd30a2a791fedfc7204d7b322a32e",TRUE,0,0.257833104092176,TRUE,"cebfe164b32f061cbe36b35e90d1b1bf5036bfead3b72278f1db6cd58995980b","bda5a3671286032af1166ecac79633404d1573c1ca0a7019952968c885a37a43",641.483,556,"1f0ebe7383f6998116af92c3ccb0b6f66400c79cd62cc552284ecbfe1d89ea16",4.09799999999996,646.097,FALSE,FALSE,FALSE,FALSE,"closed",FALSE
"mv08o_residual_source_sentinel_v1","primary","SRA779509_SRS3805262","internal124",20260806,"sct_pearson_residual_all_qc_fit_selected384","exact500",6124,384,"29ee0a2e6406a1142f013f0d9508669352bdbfa813295bb74ca79f5fe0183b16",500,"48e881ee753893bfaecd7101fc16fbcb552dd30a2a791fedfc7204d7b322a32e",TRUE,0,0.591624722470003,TRUE,"cb949092e6493dcf44cfc15684ea89a5d158c19cdfc7597d4e24281a8f3a8b81","999b06484cb89a0d17147658819dffe321832714a7a5acce03da254ab4243463",641.483,556,"1f0ebe7383f6998116af92c3ccb0b6f66400c79cd62cc552284ecbfe1d89ea16",4.09799999999996,646.224,FALSE,FALSE,FALSE,FALSE,"closed",FALSE
"mv08o_residual_source_sentinel_v1","primary","SRA779509_SRS3805262","internal124",20260807,"sct_data_all_qc_fit_selected384","exact500",6124,384,"f78c5e47e362615d79f33812ed223491b1b9765e19f4e2561e0f0cf7de393af8",500,"48e881ee753893bfaecd7101fc16fbcb552dd30a2a791fedfc7204d7b322a32e",TRUE,0,0.264590318574399,TRUE,"beb8a4e3c635b1fbe16cade9e06de96fd02d1749aaaf9c8c9a4ee656fd156df4","1b03bd8856815716e660ec132b9a3b6d8fa51c610cf2c612ff27b1476d93b84b",641.483,556,"1f0ebe7383f6998116af92c3ccb0b6f66400c79cd62cc552284ecbfe1d89ea16",4.09799999999996,646.349,FALSE,FALSE,FALSE,FALSE,"closed",FALSE
"mv08o_residual_source_sentinel_v1","primary","SRA779509_SRS3805262","internal124",20260807,"sct_pearson_residual_all_qc_fit_selected384","exact500",6124,384,"f78c5e47e362615d79f33812ed223491b1b9765e19f4e2561e0f0cf7de393af8",500,"48e881ee753893bfaecd7101fc16fbcb552dd30a2a791fedfc7204d7b322a32e",TRUE,0,0.626423584014756,TRUE,"6247df6aab075ae4d56f942e0aa0ae2baa77256efd50bb03563e0ca251704913","0c0a7b1e791d7e91b25722d1d2b98740d8b5a90a3c1e719f48247168d25f3b6a",641.483,556,"1f0ebe7383f6998116af92c3ccb0b6f66400c79cd62cc552284ecbfe1d89ea16",4.09799999999996,646.48,FALSE,FALSE,FALSE,FALSE,"closed",FALSE
"mv08o_residual_source_sentinel_v1","primary","SRA779509_SRS3805262","internal124",20260808,"sct_data_all_qc_fit_selected384","exact500",6124,384,"cd921993e97edd711af653a6b7fef56b605ff7944c6cd4478f040b129ed7df6d",500,"48e881ee753893bfaecd7101fc16fbcb552dd30a2a791fedfc7204d7b322a32e",TRUE,0,0.262347150869547,TRUE,"4bdc60a9d52f4a831cd5f207c0afac74cccfeeb0d4dadc417e173495a36aef70","396b324fe380333e77080b02886cf04ce70f9cf456d330526729df5d22f0378e",641.483,556,"1f0ebe7383f6998116af92c3ccb0b6f66400c79cd62cc552284ecbfe1d89ea16",4.09799999999996,646.616,FALSE,FALSE,FALSE,FALSE,"closed",FALSE
"mv08o_residual_source_sentinel_v1","primary","SRA779509_SRS3805262","internal124",20260808,"sct_pearson_residual_all_qc_fit_selected384","exact500",6124,384,"cd921993e97edd711af653a6b7fef56b605ff7944c6cd4478f040b129ed7df6d",500,"48e881ee753893bfaecd7101fc16fbcb552dd30a2a791fedfc7204d7b322a32e",TRUE,0,0.61877041286697,TRUE,"d862b8f605a59648ce9a2242eed7ca99f627b8cf529b44ea00f9d8c3bfbb8d9d","3fe47336fe495d6702899c4d606ae3a75bbc90201999e9101b13d76133e06d9e",641.483,556,"1f0ebe7383f6998116af92c3ccb0b6f66400c79cd62cc552284ecbfe1d89ea16",4.09799999999996,646.761,FALSE,FALSE,FALSE,FALSE,"closed",FALSE
"mv08o_residual_source_sentinel_v1","primary","SRA779509_SRS3805262","internal124",20260809,"sct_data_all_qc_fit_selected384","exact500",6124,384,"2982e7012f193e7376496c128886bde64a52c6cb24310c77f96a288c06dd052d",500,"48e881ee753893bfaecd7101fc16fbcb552dd30a2a791fedfc7204d7b322a32e",TRUE,0,0.290016191345546,TRUE,"53e161fdca9e4685e5a57b1917f2275840059eb832b5d93251db1bfc315965cc","7e88f9da05ab90ae4908a55b4bd3ecf397bd67e826f8ab0e02770d01098708b4",641.483,556,"1f0ebe7383f6998116af92c3ccb0b6f66400c79cd62cc552284ecbfe1d89ea16",4.09799999999996,646.901,FALSE,FALSE,FALSE,FALSE,"closed",FALSE
"mv08o_residual_source_sentinel_v1","primary","SRA779509_SRS3805262","internal124",20260809,"sct_pearson_residual_all_qc_fit_selected384","exact500",6124,384,"2982e7012f193e7376496c128886bde64a52c6cb24310c77f96a288c06dd052d",500,"48e881ee753893bfaecd7101fc16fbcb552dd30a2a791fedfc7204d7b322a32e",TRUE,0,0.619700720986428,TRUE,"c34d6fffdfb8a6efcffca1deaffb51deab55194bbec04d8fc4cf5f4740ca008e","e9d1863504821ef888f899af0a0e2695f53d106ef1e8c51828bbd07241dd2f64",641.483,556,"1f0ebe7383f6998116af92c3ccb0b6f66400c79cd62cc552284ecbfe1d89ea16",4.09799999999996,647.866,FALSE,FALSE,FALSE,FALSE,"closed",FALSE
"mv08o_residual_source_sentinel_v1","primary","SRA742961_SRS3565207","internal124",20260805,"sct_data_all_qc_fit_selected384","exact500",6257,384,"62f5b488c8c92e5a441af1092a89f0fac683ef7793d3d34e1c7689c70d6cc55a",500,"48e881ee753893bfaecd7101fc16fbcb552dd30a2a791fedfc7204d7b322a32e",TRUE,0,0.226630685120721,TRUE,"1945f3634fffb5d8cf20d90ffd56acd8942ad4ade5202629d6c52064e0e40021","cdc8ebd52a62761153fea0e1ebac7ab9a599dcf7b370295172705ca64d36886f",426.855,399,"1f0ebe7383f6998116af92c3ccb0b6f66400c79cd62cc552284ecbfe1d89ea16",4.137,431.256,FALSE,FALSE,FALSE,FALSE,"closed",FALSE
"mv08o_residual_source_sentinel_v1","primary","SRA742961_SRS3565207","internal124",20260805,"sct_pearson_residual_all_qc_fit_selected384","exact500",6257,384,"62f5b488c8c92e5a441af1092a89f0fac683ef7793d3d34e1c7689c70d6cc55a",500,"48e881ee753893bfaecd7101fc16fbcb552dd30a2a791fedfc7204d7b322a32e",TRUE,0,0.688465615119094,TRUE,"677697285d8d825d8b012f29277c1fbb7dc061507eeef2cb42dff35103bd8287","b97b0f577185bf36336eb28494ce4078a7780461af892fd7dd2b43898c89e77d",426.855,399,"1f0ebe7383f6998116af92c3ccb0b6f66400c79cd62cc552284ecbfe1d89ea16",4.137,431.379,FALSE,FALSE,FALSE,FALSE,"closed",FALSE
"mv08o_residual_source_sentinel_v1","primary","SRA742961_SRS3565207","internal124",20260806,"sct_data_all_qc_fit_selected384","exact500",6257,384,"780639e4a9489614ee7ab7cc492762b636e17be32fcd61eb65a39e58f7749b55",500,"48e881ee753893bfaecd7101fc16fbcb552dd30a2a791fedfc7204d7b322a32e",TRUE,0,0.251109970701807,TRUE,"91f9c8c59dd0ec446cc1b3698fd7ac1861ce44a575fe703cc98e6e6714a2d7e7","5f651e13881ba17ba6024811cf4efbb6fd549c74a6b0dac52e7c9b048d636337",426.855,399,"1f0ebe7383f6998116af92c3ccb0b6f66400c79cd62cc552284ecbfe1d89ea16",4.137,431.499,FALSE,FALSE,FALSE,FALSE,"closed",FALSE
"mv08o_residual_source_sentinel_v1","primary","SRA742961_SRS3565207","internal124",20260806,"sct_pearson_residual_all_qc_fit_selected384","exact500",6257,384,"780639e4a9489614ee7ab7cc492762b636e17be32fcd61eb65a39e58f7749b55",500,"48e881ee753893bfaecd7101fc16fbcb552dd30a2a791fedfc7204d7b322a32e",TRUE,0,0.63814340406728,TRUE,"3f3f6abc824c7e84f3f3972e5fafab207be2c0566fefe5f4198321d5f9489626","fb432531bbd4fb0eb40a37343f6048b9e8e28288e0f0b48be68af89e6b2ef40b",426.855,399,"1f0ebe7383f6998116af92c3ccb0b6f66400c79cd62cc552284ecbfe1d89ea16",4.137,431.622,FALSE,FALSE,FALSE,FALSE,"closed",FALSE
"mv08o_residual_source_sentinel_v1","primary","SRA742961_SRS3565207","internal124",20260807,"sct_data_all_qc_fit_selected384","exact500",6257,384,"ca40e4b9da939fb751e4b950e3976d49a61b2933e60dd6e1babfcb9dddfd2137",500,"48e881ee753893bfaecd7101fc16fbcb552dd30a2a791fedfc7204d7b322a32e",TRUE,0,0.230409185954693,TRUE,"67026b23175e4ab9422199dd593f155f55367328e43e484f0e9945970fa6b713","57c160e815515a42ea5279d23970fabfc604853af5cccf3880a13cab8affa1e9",426.855,399,"1f0ebe7383f6998116af92c3ccb0b6f66400c79cd62cc552284ecbfe1d89ea16",4.137,431.742,FALSE,FALSE,FALSE,FALSE,"closed",FALSE
"mv08o_residual_source_sentinel_v1","primary","SRA742961_SRS3565207","internal124",20260807,"sct_pearson_residual_all_qc_fit_selected384","exact500",6257,384,"ca40e4b9da939fb751e4b950e3976d49a61b2933e60dd6e1babfcb9dddfd2137",500,"48e881ee753893bfaecd7101fc16fbcb552dd30a2a791fedfc7204d7b322a32e",TRUE,0,0.630309661033748,TRUE,"932af213c171c15ea0afb5fc26c1ced227fcb3107dc410a3f9a8df6fc4930cde","143309fe7f69b3df3548e57eede2b3e38e7f8e9f3d30ed78d0ccfd33db015e94",426.855,399,"1f0ebe7383f6998116af92c3ccb0b6f66400c79cd62cc552284ecbfe1d89ea16",4.137,431.87,FALSE,FALSE,FALSE,FALSE,"closed",FALSE
"mv08o_residual_source_sentinel_v1","primary","SRA742961_SRS3565207","internal124",20260808,"sct_data_all_qc_fit_selected384","exact500",6257,384,"813b871a42a2bc85e41bccbffea71c7ccee5771abca23aced3c70825b292e1f9",500,"48e881ee753893bfaecd7101fc16fbcb552dd30a2a791fedfc7204d7b322a32e",TRUE,0,0.228744529155633,TRUE,"8779e8d766a52ab6632db2cf6f7a2d972a8ffc88a4f7f8640c8057f1f72ef591","04f85f60e504dcdb7966f45746ba3166d5151c4bbc7bc99c96305b73c9abdc37",426.855,399,"1f0ebe7383f6998116af92c3ccb0b6f66400c79cd62cc552284ecbfe1d89ea16",4.137,432.01,FALSE,FALSE,FALSE,FALSE,"closed",FALSE
"mv08o_residual_source_sentinel_v1","primary","SRA742961_SRS3565207","internal124",20260808,"sct_pearson_residual_all_qc_fit_selected384","exact500",6257,384,"813b871a42a2bc85e41bccbffea71c7ccee5771abca23aced3c70825b292e1f9",500,"48e881ee753893bfaecd7101fc16fbcb552dd30a2a791fedfc7204d7b322a32e",TRUE,0,0.67986822841736,TRUE,"a20c4ea8aa8b76e0ac90fe6765289796423b5a781928e8baefb561f423acb0ef","6be09824d3666f06a0273206d22134028685ab1489ff9d59cda47a002cf86063",426.855,399,"1f0ebe7383f6998116af92c3ccb0b6f66400c79cd62cc552284ecbfe1d89ea16",4.137,432.155,FALSE,FALSE,FALSE,FALSE,"closed",FALSE
"mv08o_residual_source_sentinel_v1","primary","SRA742961_SRS3565207","internal124",20260809,"sct_data_all_qc_fit_selected384","exact500",6257,384,"fd7ac098e846b03e6a5c1359f2bb2f17ddc93a3054121af18c215c2e2b13febc",500,"48e881ee753893bfaecd7101fc16fbcb552dd30a2a791fedfc7204d7b322a32e",TRUE,0,0.250618703555833,TRUE,"fe0b3caeb99ceca48fa7e493303dd1dd73b37f467194ad589727b6020be2427d","784d8bd88256a6fe4a47e73ea776d3fad26084a104040c72eb19b8800591acdb",426.855,399,"1f0ebe7383f6998116af92c3ccb0b6f66400c79cd62cc552284ecbfe1d89ea16",4.137,432.275,FALSE,FALSE,FALSE,FALSE,"closed",FALSE
"mv08o_residual_source_sentinel_v1","primary","SRA742961_SRS3565207","internal124",20260809,"sct_pearson_residual_all_qc_fit_selected384","exact500",6257,384,"fd7ac098e846b03e6a5c1359f2bb2f17ddc93a3054121af18c215c2e2b13febc",500,"48e881ee753893bfaecd7101fc16fbcb552dd30a2a791fedfc7204d7b322a32e",TRUE,0,0.679845661926518,TRUE,"39f7d81054a814c92a069e767403ce8ac0c583f09d7be8520a38185270471b69","4c8c2669e098cd44e4d63b241f63446d2156790fb848444537e9a060a89e4928",426.855,399,"1f0ebe7383f6998116af92c3ccb0b6f66400c79cd62cc552284ecbfe1d89ea16",4.137,432.398,FALSE,FALSE,FALSE,FALSE,"closed",FALSE
"mv08o_residual_source_sentinel_v1","primary","SRA742961_SRS3565203","internal124",20260805,"sct_data_all_qc_fit_selected384","exact500",6335,384,"1a7c7291e870ca067b31fb4fdcd9ff07a91fe90fbb42c015b766d6745e5409b5",500,"48e881ee753893bfaecd7101fc16fbcb552dd30a2a791fedfc7204d7b322a32e",TRUE,0,0.172480983852505,TRUE,"bb153fc8ad6f66f9a20d4d57c5a77fd5ba149c8fd347dcb9b8776b88bf472e15","575973f13b24ccc74a697b533707d16309c2c3518219a914cfedac02c660c43e",367.319,462,"1f0ebe7383f6998116af92c3ccb0b6f66400c79cd62cc552284ecbfe1d89ea16",4.35599999999999,371.945,FALSE,FALSE,FALSE,FALSE,"closed",FALSE
"mv08o_residual_source_sentinel_v1","primary","SRA742961_SRS3565203","internal124",20260805,"sct_pearson_residual_all_qc_fit_selected384","exact500",6335,384,"1a7c7291e870ca067b31fb4fdcd9ff07a91fe90fbb42c015b766d6745e5409b5",500,"48e881ee753893bfaecd7101fc16fbcb552dd30a2a791fedfc7204d7b322a32e",TRUE,0,0.742517310853064,TRUE,"802373dfbb6b57233e4af7664a85011316e4f1fdcf9ada1940227e8dc102aeb7","caaeb60f4ac115e4afe4fce5c47349014de620e72bb516c0e48a4109b28aa7c4",367.319,462,"1f0ebe7383f6998116af92c3ccb0b6f66400c79cd62cc552284ecbfe1d89ea16",4.35599999999999,372.074,FALSE,FALSE,FALSE,FALSE,"closed",FALSE
"mv08o_residual_source_sentinel_v1","primary","SRA742961_SRS3565203","internal124",20260806,"sct_data_all_qc_fit_selected384","exact500",6335,384,"f095f8520c5fb720cc074650b353e945096507e56c4b189432ff6bf791187a6d",500,"48e881ee753893bfaecd7101fc16fbcb552dd30a2a791fedfc7204d7b322a32e",TRUE,0,0.143494123375333,TRUE,"dd7baa2b8170667da476604d51ae62048730209958c2e3d22a8466c6be084dd5","3f3092eafde7d4154d631de23094e8230af86af97312410bc1cbaa985107a3bc",367.319,462,"1f0ebe7383f6998116af92c3ccb0b6f66400c79cd62cc552284ecbfe1d89ea16",4.35599999999999,372.195,FALSE,FALSE,FALSE,FALSE,"closed",FALSE
"mv08o_residual_source_sentinel_v1","primary","SRA742961_SRS3565203","internal124",20260806,"sct_pearson_residual_all_qc_fit_selected384","exact500",6335,384,"f095f8520c5fb720cc074650b353e945096507e56c4b189432ff6bf791187a6d",500,"48e881ee753893bfaecd7101fc16fbcb552dd30a2a791fedfc7204d7b322a32e",TRUE,0,0.749297334765503,TRUE,"4e5f2be6513d7f35836ec82106271e022fba47fdc14299e404cc16f6a4e44659","308a42d17b133527071028f3eaf2744c1afd2234af250d2072bef65dd2f79581",367.319,462,"1f0ebe7383f6998116af92c3ccb0b6f66400c79cd62cc552284ecbfe1d89ea16",4.35599999999999,372.318,FALSE,FALSE,FALSE,FALSE,"closed",FALSE
"mv08o_residual_source_sentinel_v1","primary","SRA742961_SRS3565203","internal124",20260807,"sct_data_all_qc_fit_selected384","exact500",6335,384,"527727bd4ca9d12965cb6848df9c8e845aa862af6fd0fd14bcfe0c1b7e34c7fd",500,"48e881ee753893bfaecd7101fc16fbcb552dd30a2a791fedfc7204d7b322a32e",TRUE,0,0.110534095808994,TRUE,"0b317489184c9c0d36d455485317af81d5c45892dee828d3fb71ad2c5e3431c2","5b90eeea3e6065c078b8830ec4b7825e608fa79e0c16fec21f293d0ab876c836",367.319,462,"1f0ebe7383f6998116af92c3ccb0b6f66400c79cd62cc552284ecbfe1d89ea16",4.35599999999999,372.438,FALSE,FALSE,FALSE,FALSE,"closed",FALSE
"mv08o_residual_source_sentinel_v1","primary","SRA742961_SRS3565203","internal124",20260807,"sct_pearson_residual_all_qc_fit_selected384","exact500",6335,384,"527727bd4ca9d12965cb6848df9c8e845aa862af6fd0fd14bcfe0c1b7e34c7fd",500,"48e881ee753893bfaecd7101fc16fbcb552dd30a2a791fedfc7204d7b322a32e",TRUE,0,0.658603313836969,TRUE,"90a3651fbacb3606de09c19eff17912b1132130a772647bb23152d73dfb2c20e","fe9b40671414f0c54168d8d9e9fafb924964116c8c75e2195be57ec5543ad5e7",367.319,462,"1f0ebe7383f6998116af92c3ccb0b6f66400c79cd62cc552284ecbfe1d89ea16",4.35599999999999,372.562,FALSE,FALSE,FALSE,FALSE,"closed",FALSE
"mv08o_residual_source_sentinel_v1","primary","SRA742961_SRS3565203","internal124",20260808,"sct_data_all_qc_fit_selected384","exact500",6335,384,"d28b0decf2146b553c31b289d37765852bbb1d67b0437edc07c4ac10b12503d4",500,"48e881ee753893bfaecd7101fc16fbcb552dd30a2a791fedfc7204d7b322a32e",TRUE,0,0.149763057586574,TRUE,"70c98b1ce1bc345d7dfb7b8a683ce4292f24552375ded07cc34f89787e9526ec","65bfa4d47764b6a91bb44e52716b090d40c7c91b3c805ef143b96f8324d47339",367.319,462,"1f0ebe7383f6998116af92c3ccb0b6f66400c79cd62cc552284ecbfe1d89ea16",4.35599999999999,372.691,FALSE,FALSE,FALSE,FALSE,"closed",FALSE
"mv08o_residual_source_sentinel_v1","primary","SRA742961_SRS3565203","internal124",20260808,"sct_pearson_residual_all_qc_fit_selected384","exact500",6335,384,"d28b0decf2146b553c31b289d37765852bbb1d67b0437edc07c4ac10b12503d4",500,"48e881ee753893bfaecd7101fc16fbcb552dd30a2a791fedfc7204d7b322a32e",TRUE,0,0.763394576064897,TRUE,"b216eb0d5f10d7d55bd43652c77e8ef8834231300d3f921c18e008ebac898803","67fd6b5207d5673b7aa077c0739f19003b5113956e2b298d76af6a9294fb386b",367.319,462,"1f0ebe7383f6998116af92c3ccb0b6f66400c79cd62cc552284ecbfe1d89ea16",4.35599999999999,372.84,FALSE,FALSE,FALSE,FALSE,"closed",FALSE
"mv08o_residual_source_sentinel_v1","primary","SRA742961_SRS3565203","internal124",20260809,"sct_data_all_qc_fit_selected384","exact500",6335,384,"236b47e6b0af7b17eb6227ebf8f5f1c01c6eaa14f13fd3834172c25a62b1977f",500,"48e881ee753893bfaecd7101fc16fbcb552dd30a2a791fedfc7204d7b322a32e",TRUE,0,0.124079181052075,TRUE,"52725c4a81ee6732f3f651ab64d2357b40e6a12176dc83f673a2447635170e31","38f22ad3475a3b5ac195ee7564a660f9da1834b3354d6bffc87f99f5bc4c3f39",367.319,462,"1f0ebe7383f6998116af92c3ccb0b6f66400c79cd62cc552284ecbfe1d89ea16",4.35599999999999,372.984,FALSE,FALSE,FALSE,FALSE,"closed",FALSE
"mv08o_residual_source_sentinel_v1","primary","SRA742961_SRS3565203","internal124",20260809,"sct_pearson_residual_all_qc_fit_selected384","exact500",6335,384,"236b47e6b0af7b17eb6227ebf8f5f1c01c6eaa14f13fd3834172c25a62b1977f",500,"48e881ee753893bfaecd7101fc16fbcb552dd30a2a791fedfc7204d7b322a32e",TRUE,0,0.754480849055973,TRUE,"8e36be4027defca8c2f579fede4d9da5e604810c7809dcbf474a93dbacbcee0b","d2e1e88865187127daf2877c4aca1078c690a48ce075c87d9633af67ae08f2e4",367.319,462,"1f0ebe7383f6998116af92c3ccb0b6f66400c79cd62cc552284ecbfe1d89ea16",4.35599999999999,373.13,FALSE,FALSE,FALSE,FALSE,"closed",FALSE
"mv08o_residual_source_sentinel_v1","primary","SRA742961_SRS3565206","internal124",20260805,"sct_data_all_qc_fit_selected384","exact500",6956,384,"42c491a0f8492341510bc150eaf54268352bdc7e0a6479892ca4211129b5b0f1",500,"48e881ee753893bfaecd7101fc16fbcb552dd30a2a791fedfc7204d7b322a32e",TRUE,0,0.15645541126598,TRUE,"36d814f786ae109a9897a48ae8191a58ab0239747399d4fda77ec8ad03240e34","09c4003f860ac94a55755ec17253321912a27f48c2646f9dfed17b96ec0d57e3",403.959,562,"1f0ebe7383f6998116af92c3ccb0b6f66400c79cd62cc552284ecbfe1d89ea16",4.57900000000001,408.789,FALSE,FALSE,FALSE,FALSE,"closed",FALSE
"mv08o_residual_source_sentinel_v1","primary","SRA742961_SRS3565206","internal124",20260805,"sct_pearson_residual_all_qc_fit_selected384","exact500",6956,384,"42c491a0f8492341510bc150eaf54268352bdc7e0a6479892ca4211129b5b0f1",500,"48e881ee753893bfaecd7101fc16fbcb552dd30a2a791fedfc7204d7b322a32e",TRUE,0,0.686775111600882,TRUE,"c1bd93c94afaf4d1d638e7ade9cdb62bbe2c472dbee8980e3467075f693d6b45","55bf5c58d373668a81435a2113018d939d34e49f3a0044b10d70b1f76ed2cb8b",403.959,562,"1f0ebe7383f6998116af92c3ccb0b6f66400c79cd62cc552284ecbfe1d89ea16",4.57900000000001,408.913,FALSE,FALSE,FALSE,FALSE,"closed",FALSE
"mv08o_residual_source_sentinel_v1","primary","SRA742961_SRS3565206","internal124",20260806,"sct_data_all_qc_fit_selected384","exact500",6956,384,"c2c6796b18d44bc957fb48132df00d8ddb69f510b9bb8ee3ecfc83783ac1ac7e",500,"48e881ee753893bfaecd7101fc16fbcb552dd30a2a791fedfc7204d7b322a32e",TRUE,0,0.170094014665159,TRUE,"8a199fb9f21096d662c060a844ec75a5149cb14e1a86e91fef4a8d973de99e05","21b21c4255b4a0cc18b813891880cffcc59792b716103dbf0145ae980b2da3c0",403.959,562,"1f0ebe7383f6998116af92c3ccb0b6f66400c79cd62cc552284ecbfe1d89ea16",4.57900000000001,409.034,FALSE,FALSE,FALSE,FALSE,"closed",FALSE
"mv08o_residual_source_sentinel_v1","primary","SRA742961_SRS3565206","internal124",20260806,"sct_pearson_residual_all_qc_fit_selected384","exact500",6956,384,"c2c6796b18d44bc957fb48132df00d8ddb69f510b9bb8ee3ecfc83783ac1ac7e",500,"48e881ee753893bfaecd7101fc16fbcb552dd30a2a791fedfc7204d7b322a32e",TRUE,0,0.677685997203809,TRUE,"b07a0d99bea7c1c26e200d2862c39d04ed8a8308a134df0732a048bca93a14bd","60a0633b8574e5350697122b4bd94c13cd6572a8b1a7c20c3192c8bcd9e91e9f",403.959,562,"1f0ebe7383f6998116af92c3ccb0b6f66400c79cd62cc552284ecbfe1d89ea16",4.57900000000001,409.158,FALSE,FALSE,FALSE,FALSE,"closed",FALSE
"mv08o_residual_source_sentinel_v1","primary","SRA742961_SRS3565206","internal124",20260807,"sct_data_all_qc_fit_selected384","exact500",6956,384,"878d6dd2096ba04fd154bad77e1f421bebcfc2e2b2808d7a1626adfdca1a3217",500,"48e881ee753893bfaecd7101fc16fbcb552dd30a2a791fedfc7204d7b322a32e",TRUE,0,0.164303754727768,TRUE,"1d224d95f918ced0c124aa367f716f5638c06172d3019f33cd5c9f1c40b3c7e8","6f7e6df6fecaacca9cc74125d171c2b6de6c92d74e71aca425c8740ba3068345",403.959,562,"1f0ebe7383f6998116af92c3ccb0b6f66400c79cd62cc552284ecbfe1d89ea16",4.57900000000001,409.293,FALSE,FALSE,FALSE,FALSE,"closed",FALSE
"mv08o_residual_source_sentinel_v1","primary","SRA742961_SRS3565206","internal124",20260807,"sct_pearson_residual_all_qc_fit_selected384","exact500",6956,384,"878d6dd2096ba04fd154bad77e1f421bebcfc2e2b2808d7a1626adfdca1a3217",500,"48e881ee753893bfaecd7101fc16fbcb552dd30a2a791fedfc7204d7b322a32e",TRUE,0,0.669627535008145,TRUE,"cce91a876a45863e717489d487fa1ea2bf7a54ca5e439cbaacd8d8e8c1099305","bde4aacc8c33be7698ccf7ba0071ac40a08bd91bf12514565fe70db3f61779a8",403.959,562,"1f0ebe7383f6998116af92c3ccb0b6f66400c79cd62cc552284ecbfe1d89ea16",4.57900000000001,409.443,FALSE,FALSE,FALSE,FALSE,"closed",FALSE
"mv08o_residual_source_sentinel_v1","primary","SRA742961_SRS3565206","internal124",20260808,"sct_data_all_qc_fit_selected384","exact500",6956,384,"6371e8f237e824a8c8316ef2f8e3f5196ca8ff77e05790737c040f173d5e65ac",500,"48e881ee753893bfaecd7101fc16fbcb552dd30a2a791fedfc7204d7b322a32e",TRUE,0,0.142763752488739,TRUE,"6ca8ec1a53d5c2558ae8d3630482f76ced52fb525288bbef17e3db3e485dfb53","be93ef29bfbf6a71d61f6755e820aeedb001d5c4224e868d69dd9d4d79fad7bd",403.959,562,"1f0ebe7383f6998116af92c3ccb0b6f66400c79cd62cc552284ecbfe1d89ea16",4.57900000000001,409.591,FALSE,FALSE,FALSE,FALSE,"closed",FALSE
"mv08o_residual_source_sentinel_v1","primary","SRA742961_SRS3565206","internal124",20260808,"sct_pearson_residual_all_qc_fit_selected384","exact500",6956,384,"6371e8f237e824a8c8316ef2f8e3f5196ca8ff77e05790737c040f173d5e65ac",500,"48e881ee753893bfaecd7101fc16fbcb552dd30a2a791fedfc7204d7b322a32e",TRUE,0,0.697099276903135,TRUE,"e32fd65bf1d76c9fd1ea7d0a90004b8baa8730cbedb581449bf811cc9e4bdd23","44226fca75030eb40e3c05ddf8e95002a19801d445de9dafe64048f011065b6c",403.959,562,"1f0ebe7383f6998116af92c3ccb0b6f66400c79cd62cc552284ecbfe1d89ea16",4.57900000000001,409.738,FALSE,FALSE,FALSE,FALSE,"closed",FALSE
"mv08o_residual_source_sentinel_v1","primary","SRA742961_SRS3565206","internal124",20260809,"sct_data_all_qc_fit_selected384","exact500",6956,384,"367fe65f172b26a066b7a118d6a8a49c09e3ea746bf006133ee6ba40548a33d8",500,"48e881ee753893bfaecd7101fc16fbcb552dd30a2a791fedfc7204d7b322a32e",TRUE,0,0.142763752488739,TRUE,"e4b7706d1f49aa6c9ba4e3d89c3dacb6bc31cc0dfca31d5aa3180e60d921c82f","5e27398444218fd4f017241aaf61a2a33a8b54de4c1403765675c8a72dfabcc2",403.959,562,"1f0ebe7383f6998116af92c3ccb0b6f66400c79cd62cc552284ecbfe1d89ea16",4.57900000000001,409.882,FALSE,FALSE,FALSE,FALSE,"closed",FALSE
"mv08o_residual_source_sentinel_v1","primary","SRA742961_SRS3565206","internal124",20260809,"sct_pearson_residual_all_qc_fit_selected384","exact500",6956,384,"367fe65f172b26a066b7a118d6a8a49c09e3ea746bf006133ee6ba40548a33d8",500,"48e881ee753893bfaecd7101fc16fbcb552dd30a2a791fedfc7204d7b322a32e",TRUE,0,0.692260480960942,TRUE,"9f7869c92710248679e8ce49a1180037598483bb4a2a11908de1444b7170a9a2","48e13436590d5fefb293b88bd22103febb4d24c23b8a1763776a019116fd169c",403.959,562,"1f0ebe7383f6998116af92c3ccb0b6f66400c79cd62cc552284ecbfe1d89ea16",4.57900000000001,410.027,FALSE,FALSE,FALSE,FALSE,"closed",FALSE
"mv08o_residual_source_sentinel_v1","primary","SRA742961_SRS3565209","internal124",20260805,"sct_data_all_qc_fit_selected384","exact500",7044,384,"9517fca40ec80e1c3d37b75de8b8385a53b6a345c4dcf31eef5bae6148fe2512",500,"48e881ee753893bfaecd7101fc16fbcb552dd30a2a791fedfc7204d7b322a32e",TRUE,0,0.228304816228411,TRUE,"b62c6175f1bc972fa9a0d941f0db829061f06ddeabde07227e92d82c8c15f080","7b0f266fadfb979356497031e5e372dab8fb9c37165ab15c2590abfadfd49dda",386.816,525,"1f0ebe7383f6998116af92c3ccb0b6f66400c79cd62cc552284ecbfe1d89ea16",4.29199999999997,391.37,FALSE,FALSE,FALSE,FALSE,"closed",FALSE
"mv08o_residual_source_sentinel_v1","primary","SRA742961_SRS3565209","internal124",20260805,"sct_pearson_residual_all_qc_fit_selected384","exact500",7044,384,"9517fca40ec80e1c3d37b75de8b8385a53b6a345c4dcf31eef5bae6148fe2512",500,"48e881ee753893bfaecd7101fc16fbcb552dd30a2a791fedfc7204d7b322a32e",TRUE,0,0.650583169213992,TRUE,"2b6d5b8a66033a2e593ea76638eba716f4b44cd28f2775ca109d60673cc642b4","da70442bdfd83226d18c81d2b46a374856523bfbf2f15939176fac553778a48f",386.816,525,"1f0ebe7383f6998116af92c3ccb0b6f66400c79cd62cc552284ecbfe1d89ea16",4.29199999999997,391.498,FALSE,FALSE,FALSE,FALSE,"closed",FALSE
"mv08o_residual_source_sentinel_v1","primary","SRA742961_SRS3565209","internal124",20260806,"sct_data_all_qc_fit_selected384","exact500",7044,384,"bf561396e964de67335b3888849c1d25b20d5cd82c6eeafdbdd49d88f1a516b7",500,"48e881ee753893bfaecd7101fc16fbcb552dd30a2a791fedfc7204d7b322a32e",TRUE,0,0.216087627025152,TRUE,"e70df9657459f6ef375d0464916a3e06fd41d1dff04d7530caba5d05581a7276","11d30c8829cded1c73f46fc7cc039a6b752e087bc54361eb51cb258407d217ae",386.816,525,"1f0ebe7383f6998116af92c3ccb0b6f66400c79cd62cc552284ecbfe1d89ea16",4.29199999999997,391.619,FALSE,FALSE,FALSE,FALSE,"closed",FALSE
"mv08o_residual_source_sentinel_v1","primary","SRA742961_SRS3565209","internal124",20260806,"sct_pearson_residual_all_qc_fit_selected384","exact500",7044,384,"bf561396e964de67335b3888849c1d25b20d5cd82c6eeafdbdd49d88f1a516b7",500,"48e881ee753893bfaecd7101fc16fbcb552dd30a2a791fedfc7204d7b322a32e",TRUE,0,0.674170782317115,TRUE,"196737bfd86aa6b49a7f9a6d36f21a3ed431da56ce20dfdbb2cfa33cc4262b8b","5a58fa26dfcf0e1937f36fff9b973aa8316d3369141366447ce3f835d7b179c1",386.816,525,"1f0ebe7383f6998116af92c3ccb0b6f66400c79cd62cc552284ecbfe1d89ea16",4.29199999999997,391.75,FALSE,FALSE,FALSE,FALSE,"closed",FALSE
"mv08o_residual_source_sentinel_v1","primary","SRA742961_SRS3565209","internal124",20260807,"sct_data_all_qc_fit_selected384","exact500",7044,384,"8e9493534c137dbca09cf8375e5a7b62fbefad25e37c9638ad66da4294bbfdd1",500,"48e881ee753893bfaecd7101fc16fbcb552dd30a2a791fedfc7204d7b322a32e",TRUE,0,0.22278309235221,TRUE,"901a8ed1bc4c42287193c81e609a2781c972b031df6c6129c9d81d67fd01069a","352698ccc6d136da6d76054f37d05571c4de99c4e95a6f625e2ccea89752d55c",386.816,525,"1f0ebe7383f6998116af92c3ccb0b6f66400c79cd62cc552284ecbfe1d89ea16",4.29199999999997,391.888,FALSE,FALSE,FALSE,FALSE,"closed",FALSE
"mv08o_residual_source_sentinel_v1","primary","SRA742961_SRS3565209","internal124",20260807,"sct_pearson_residual_all_qc_fit_selected384","exact500",7044,384,"8e9493534c137dbca09cf8375e5a7b62fbefad25e37c9638ad66da4294bbfdd1",500,"48e881ee753893bfaecd7101fc16fbcb552dd30a2a791fedfc7204d7b322a32e",TRUE,0,0.700304452003414,TRUE,"ed40972571dda81df0513db8c5c9118a703123258c9446aead8289ea5bc8a7ee","5e5781f7be1487d61230ec884ded40ce943d8dd0bd3e33035050e55c8e288168",386.816,525,"1f0ebe7383f6998116af92c3ccb0b6f66400c79cd62cc552284ecbfe1d89ea16",4.29199999999997,392.037,FALSE,FALSE,FALSE,FALSE,"closed",FALSE
"mv08o_residual_source_sentinel_v1","primary","SRA742961_SRS3565209","internal124",20260808,"sct_data_all_qc_fit_selected384","exact500",7044,384,"a2b95f8127e04add8fded557bb81554b6a35a3040fe161e07708cd50d25ff161",500,"48e881ee753893bfaecd7101fc16fbcb552dd30a2a791fedfc7204d7b322a32e",TRUE,0,0.190982637583704,TRUE,"3b0d3da5b65837fe9aff93f699a000595a3646ef4505198a8b18989f33c2517e","066c3426a1e92883e69105fef859d9014f2816ed6c601f681aadba4fb6ebb2a3",386.816,525,"1f0ebe7383f6998116af92c3ccb0b6f66400c79cd62cc552284ecbfe1d89ea16",4.29199999999997,392.18,FALSE,FALSE,FALSE,FALSE,"closed",FALSE
"mv08o_residual_source_sentinel_v1","primary","SRA742961_SRS3565209","internal124",20260808,"sct_pearson_residual_all_qc_fit_selected384","exact500",7044,384,"a2b95f8127e04add8fded557bb81554b6a35a3040fe161e07708cd50d25ff161",500,"48e881ee753893bfaecd7101fc16fbcb552dd30a2a791fedfc7204d7b322a32e",TRUE,0,0.701920373024924,TRUE,"67e3118eb6608158b69967ad4de8ff09db62a15abee94b3085d7126443ae9d2f","699e25e6d9704e17a2db3ca80e49e7df54ee4874b8e5cb74590f9d52ef7b5006",386.816,525,"1f0ebe7383f6998116af92c3ccb0b6f66400c79cd62cc552284ecbfe1d89ea16",4.29199999999997,392.327,FALSE,FALSE,FALSE,FALSE,"closed",FALSE
"mv08o_residual_source_sentinel_v1","primary","SRA742961_SRS3565209","internal124",20260809,"sct_data_all_qc_fit_selected384","exact500",7044,384,"b008aaf32c0e240148ee96337ebb784a0d4f21dff01ef65d3a054ffea31a3785",500,"48e881ee753893bfaecd7101fc16fbcb552dd30a2a791fedfc7204d7b322a32e",TRUE,0,0.19901964428294,TRUE,"27a710715e3e200883c2468148fcf928a90f0e83b594b48058488bfd07f9fa25","d44816f4f0ff5868542fa20936e753c98d00c1fa0cfda33feb6591438ce936c5",386.816,525,"1f0ebe7383f6998116af92c3ccb0b6f66400c79cd62cc552284ecbfe1d89ea16",4.29199999999997,392.472,FALSE,FALSE,FALSE,FALSE,"closed",FALSE
"mv08o_residual_source_sentinel_v1","primary","SRA742961_SRS3565209","internal124",20260809,"sct_pearson_residual_all_qc_fit_selected384","exact500",7044,384,"b008aaf32c0e240148ee96337ebb784a0d4f21dff01ef65d3a054ffea31a3785",500,"48e881ee753893bfaecd7101fc16fbcb552dd30a2a791fedfc7204d7b322a32e",TRUE,0,0.667002002380578,TRUE,"709a8aae1b5e7c469e7e8c5d627c05578fdf08d605f6fac66706134842f22fdf","c43df361a2f994cda38984287fa3f48ec9ac37558965b45a29c4803a841fb423",386.816,525,"1f0ebe7383f6998116af92c3ccb0b6f66400c79cd62cc552284ecbfe1d89ea16",4.29199999999997,392.619,FALSE,FALSE,FALSE,FALSE,"closed",FALSE
"mv08o_residual_source_sentinel_v1","primary","SRA779509_SRS3805255","internal124",20260805,"sct_data_all_qc_fit_selected384","exact500",7261,384,"f0fe871b640fee41e7b24a01d8d20dce83450d86534d5f204a29b494e5976ea7",500,"48e881ee753893bfaecd7101fc16fbcb552dd30a2a791fedfc7204d7b322a32e",TRUE,0,0.175321341996331,TRUE,"88cd36a9894d5edcd284db2178c588739983b873f71ee1480cd316197c1fa900","e33bd22057b7cbe221bbd46becf4c46046d3b69d40eeec86789b3d11a35648b4",502.265,870,"1f0ebe7383f6998116af92c3ccb0b6f66400c79cd62cc552284ecbfe1d89ea16",4.14100000000002,506.661,FALSE,FALSE,FALSE,FALSE,"closed",FALSE
"mv08o_residual_source_sentinel_v1","primary","SRA779509_SRS3805255","internal124",20260805,"sct_pearson_residual_all_qc_fit_selected384","exact500",7261,384,"f0fe871b640fee41e7b24a01d8d20dce83450d86534d5f204a29b494e5976ea7",500,"48e881ee753893bfaecd7101fc16fbcb552dd30a2a791fedfc7204d7b322a32e",TRUE,0,0.74385818598093,TRUE,"2f809ec1c5681566d02215f157c43fa9cce9d20051945681158f53377e9e7f53","0c75bbad2ac4526f1c6c40559b26c19bd88723543d6aad6a7b2219ecf9cabac2",502.265,870,"1f0ebe7383f6998116af92c3ccb0b6f66400c79cd62cc552284ecbfe1d89ea16",4.14100000000002,506.786,FALSE,FALSE,FALSE,FALSE,"closed",FALSE
"mv08o_residual_source_sentinel_v1","primary","SRA779509_SRS3805255","internal124",20260806,"sct_data_all_qc_fit_selected384","exact500",7261,384,"3be956fdccf27b2bac4d1562d8d2be9771fe7b277b87cfc6de6e046c51a967ea",500,"48e881ee753893bfaecd7101fc16fbcb552dd30a2a791fedfc7204d7b322a32e",TRUE,0,0.203687202809837,TRUE,"f290517d2fba78f876ea5cc341d1c0eb244ead78a1a28066bb7db151fbabf966","3986dd647cd7a1f0f1883647bdd3c5a81a9d5297044e7855ef6b8e67ef8fd3d0",502.265,870,"1f0ebe7383f6998116af92c3ccb0b6f66400c79cd62cc552284ecbfe1d89ea16",4.14100000000002,506.905,FALSE,FALSE,FALSE,FALSE,"closed",FALSE
"mv08o_residual_source_sentinel_v1","primary","SRA779509_SRS3805255","internal124",20260806,"sct_pearson_residual_all_qc_fit_selected384","exact500",7261,384,"3be956fdccf27b2bac4d1562d8d2be9771fe7b277b87cfc6de6e046c51a967ea",500,"48e881ee753893bfaecd7101fc16fbcb552dd30a2a791fedfc7204d7b322a32e",TRUE,0,0.721684669755287,TRUE,"88d2f119ffc8bc2b00263a9ba6cdb56eea5eeb3b2da3a1e78ec0b3604c6e54e1","040a271dd38698ce1517296592d2672d2a4d993db1bf9d3dad0362d1e566440c",502.265,870,"1f0ebe7383f6998116af92c3ccb0b6f66400c79cd62cc552284ecbfe1d89ea16",4.14100000000002,507.029,FALSE,FALSE,FALSE,FALSE,"closed",FALSE
"mv08o_residual_source_sentinel_v1","primary","SRA779509_SRS3805255","internal124",20260807,"sct_data_all_qc_fit_selected384","exact500",7261,384,"96a73248a10e17edda55aae46f1644d9f57feab689b01e66f43468fbe71cd9b2",500,"48e881ee753893bfaecd7101fc16fbcb552dd30a2a791fedfc7204d7b322a32e",TRUE,0,0.188192677124378,TRUE,"fc7414fe473253f271823636b728b6d5024ae72daf0b644001eec38a552aa40f","a873b24c479deb534ef47e79b30fed84675a96b715ace21c70da3acd66cf96d2",502.265,870,"1f0ebe7383f6998116af92c3ccb0b6f66400c79cd62cc552284ecbfe1d89ea16",4.14100000000002,507.149,FALSE,FALSE,FALSE,FALSE,"closed",FALSE
"mv08o_residual_source_sentinel_v1","primary","SRA779509_SRS3805255","internal124",20260807,"sct_pearson_residual_all_qc_fit_selected384","exact500",7261,384,"96a73248a10e17edda55aae46f1644d9f57feab689b01e66f43468fbe71cd9b2",500,"48e881ee753893bfaecd7101fc16fbcb552dd30a2a791fedfc7204d7b322a32e",TRUE,0,0.752345115234963,TRUE,"93b9a4a97db79321fa937d90d3cfe07e2eeb191c04e4fd5852b7f02e3d39fdbe","11abbce6cad1170b6269dfa0618945c06697cd203197e6c96f5d00269fefdc17",502.265,870,"1f0ebe7383f6998116af92c3ccb0b6f66400c79cd62cc552284ecbfe1d89ea16",4.14100000000002,507.274,FALSE,FALSE,FALSE,FALSE,"closed",FALSE
"mv08o_residual_source_sentinel_v1","primary","SRA779509_SRS3805255","internal124",20260808,"sct_data_all_qc_fit_selected384","exact500",7261,384,"ed02acc038fcc7a1854821df9fdb13367038516bc1c55f220369c976bb5c0ebe",500,"48e881ee753893bfaecd7101fc16fbcb552dd30a2a791fedfc7204d7b322a32e",TRUE,0,0.197523541267073,TRUE,"a4611b45c77379d39d70dd3da18a7a15939f5af296e9d1e31fcc5daa9e3601f3","8ab4d6a846bc1bacd21b134ba88de9d5e8d72dbd8ac113e80787fdc481d10022",502.265,870,"1f0ebe7383f6998116af92c3ccb0b6f66400c79cd62cc552284ecbfe1d89ea16",4.14100000000002,507.398,FALSE,FALSE,FALSE,FALSE,"closed",FALSE
"mv08o_residual_source_sentinel_v1","primary","SRA779509_SRS3805255","internal124",20260808,"sct_pearson_residual_all_qc_fit_selected384","exact500",7261,384,"ed02acc038fcc7a1854821df9fdb13367038516bc1c55f220369c976bb5c0ebe",500,"48e881ee753893bfaecd7101fc16fbcb552dd30a2a791fedfc7204d7b322a32e",TRUE,0,0.7468708081816,TRUE,"610c56018e87f8ce1c7ebe3a864c959702bb463618de5587e2c922af2bc018cb","3956d3a03488cc4c9276482a4f93d3f543f48b547ce81958ac6f24b8b8c37fb4",502.265,870,"1f0ebe7383f6998116af92c3ccb0b6f66400c79cd62cc552284ecbfe1d89ea16",4.14100000000002,507.543,FALSE,FALSE,FALSE,FALSE,"closed",FALSE
"mv08o_residual_source_sentinel_v1","primary","SRA779509_SRS3805255","internal124",20260809,"sct_data_all_qc_fit_selected384","exact500",7261,384,"b6edde68590ca4df03808f70086988c97c8834a579b004f339679b639667d656",500,"48e881ee753893bfaecd7101fc16fbcb552dd30a2a791fedfc7204d7b322a32e",TRUE,0,0.157229603538077,TRUE,"93341161423de1b8aaf9f61221676bcd15acd8142e3fe083e1a22120df9348f4","c5b1d292b7a779c94f7c78a106b2966fa4c3e059e42fdf72bbada2f6f1a7adb2",502.265,870,"1f0ebe7383f6998116af92c3ccb0b6f66400c79cd62cc552284ecbfe1d89ea16",4.14100000000002,507.685,FALSE,FALSE,FALSE,FALSE,"closed",FALSE
"mv08o_residual_source_sentinel_v1","primary","SRA779509_SRS3805255","internal124",20260809,"sct_pearson_residual_all_qc_fit_selected384","exact500",7261,384,"b6edde68590ca4df03808f70086988c97c8834a579b004f339679b639667d656",500,"48e881ee753893bfaecd7101fc16fbcb552dd30a2a791fedfc7204d7b322a32e",TRUE,0,0.717074445729846,TRUE,"2f3aeb9be18812839ffdf865efa96a8ac1c833f81552c6f57d1ace4fd635491c","3fd75cb065825dd4a54d50a402124f81b0c06890d78decc09c54f66d501866ae",502.265,870,"1f0ebe7383f6998116af92c3ccb0b6f66400c79cd62cc552284ecbfe1d89ea16",4.14100000000002,507.833,FALSE,FALSE,FALSE,FALSE,"closed",FALSE
"mv08o_residual_source_sentinel_v1","primary","SRA742961_SRS3565198","internal124",20260805,"sct_data_all_qc_fit_selected384","exact500",7396,384,"fa1040dac23d4727b6f6876a31ed34b9c9bec88113352832b84a1322c9b2fc35",500,"48e881ee753893bfaecd7101fc16fbcb552dd30a2a791fedfc7204d7b322a32e",TRUE,0,0.150516355678791,TRUE,"3176068e64b49c88ab75aeb3c89b611f9f2c2cdb9f22a2b726763beb0ec0a14f","903253ec17c682ec0536067e724928f3653ee0f1127179f58a1123525be5a25f",361.995,444,"1f0ebe7383f6998116af92c3ccb0b6f66400c79cd62cc552284ecbfe1d89ea16",4.90899999999999,367.167,FALSE,FALSE,FALSE,FALSE,"closed",FALSE
"mv08o_residual_source_sentinel_v1","primary","SRA742961_SRS3565198","internal124",20260805,"sct_pearson_residual_all_qc_fit_selected384","exact500",7396,384,"fa1040dac23d4727b6f6876a31ed34b9c9bec88113352832b84a1322c9b2fc35",500,"48e881ee753893bfaecd7101fc16fbcb552dd30a2a791fedfc7204d7b322a32e",TRUE,0,0.653687711497856,TRUE,"e91827e4f7376365097bc68dba30eb0e2f6918f50b7e9b4c4dc3e30375b8917f","bd3effb746b6322a6b9b1131ea708ffdda6541421584cf26b86973cbc01791d2",361.995,444,"1f0ebe7383f6998116af92c3ccb0b6f66400c79cd62cc552284ecbfe1d89ea16",4.90899999999999,367.295,FALSE,FALSE,FALSE,FALSE,"closed",FALSE
"mv08o_residual_source_sentinel_v1","primary","SRA742961_SRS3565198","internal124",20260806,"sct_data_all_qc_fit_selected384","exact500",7396,384,"3fced4768c3fb1fa845bccac1d153423f0da89f6fa7bd58c45acf0746d60a07b",500,"48e881ee753893bfaecd7101fc16fbcb552dd30a2a791fedfc7204d7b322a32e",TRUE,0,0.1680031145829,TRUE,"71c60e77bd090305784bcd52c2596cf37309815c54d9788868ac0aa22422a3a4","d3aa34b98396f2504f9680ae103d4f5c79d0c8a1d18dc1a220c1517cd45393de",361.995,444,"1f0ebe7383f6998116af92c3ccb0b6f66400c79cd62cc552284ecbfe1d89ea16",4.90899999999999,367.414,FALSE,FALSE,FALSE,FALSE,"closed",FALSE
"mv08o_residual_source_sentinel_v1","primary","SRA742961_SRS3565198","internal124",20260806,"sct_pearson_residual_all_qc_fit_selected384","exact500",7396,384,"3fced4768c3fb1fa845bccac1d153423f0da89f6fa7bd58c45acf0746d60a07b",500,"48e881ee753893bfaecd7101fc16fbcb552dd30a2a791fedfc7204d7b322a32e",TRUE,0,0.682591700356915,TRUE,"85e1fd224102df2a2b9ab8586d853ec015586e6e7a6ef503cf0142b8f49043e9","86c9e92342923342169948badb0ce85f905e10ce340af7c34b9c8603ffd31fa5",361.995,444,"1f0ebe7383f6998116af92c3ccb0b6f66400c79cd62cc552284ecbfe1d89ea16",4.90899999999999,367.538,FALSE,FALSE,FALSE,FALSE,"closed",FALSE
"mv08o_residual_source_sentinel_v1","primary","SRA742961_SRS3565198","internal124",20260807,"sct_data_all_qc_fit_selected384","exact500",7396,384,"ea23db2709075fe7053863c3a238a7d479a52850103758962328494eeb327442",500,"48e881ee753893bfaecd7101fc16fbcb552dd30a2a791fedfc7204d7b322a32e",TRUE,0,0.15645541126598,TRUE,"ce1bd4c46606f09f81f784487ef801b977349cc747069f36cb9c9aaf3453283d","2fd2c7af4ac30194440d7c3bbf1e243e93e4eb8065c68e0817eb9fbd3f838d1e",361.995,444,"1f0ebe7383f6998116af92c3ccb0b6f66400c79cd62cc552284ecbfe1d89ea16",4.90899999999999,367.66,FALSE,FALSE,FALSE,FALSE,"closed",FALSE
"mv08o_residual_source_sentinel_v1","primary","SRA742961_SRS3565198","internal124",20260807,"sct_pearson_residual_all_qc_fit_selected384","exact500",7396,384,"ea23db2709075fe7053863c3a238a7d479a52850103758962328494eeb327442",500,"48e881ee753893bfaecd7101fc16fbcb552dd30a2a791fedfc7204d7b322a32e",TRUE,0,0.65940245129055,TRUE,"5ecef67b5af85be949d8a4f0303e6ad8fcb1b63044e858e86dab0c9fd3d09e7a","c336109533d05ba9edf9b9a9034bdb4fa598b6814ac7e1913e0e2e2624d37d0b",361.995,444,"1f0ebe7383f6998116af92c3ccb0b6f66400c79cd62cc552284ecbfe1d89ea16",4.90899999999999,367.805,FALSE,FALSE,FALSE,FALSE,"closed",FALSE
"mv08o_residual_source_sentinel_v1","primary","SRA742961_SRS3565198","internal124",20260808,"sct_data_all_qc_fit_selected384","exact500",7396,384,"15096f28906a40ecf8fa1bacd97d3821aa2e2eea9145846c952530c2ae9131db",500,"48e881ee753893bfaecd7101fc16fbcb552dd30a2a791fedfc7204d7b322a32e",TRUE,0,0.1680031145829,TRUE,"4ad1ae717414bee085ce0c55ac522fc6ef01a3e3415e30710b852a01e1fed1d1","904a9b35daeaffaa0def3d15f702859a8708d6b849b41aa01da055854137f385",361.995,444,"1f0ebe7383f6998116af92c3ccb0b6f66400c79cd62cc552284ecbfe1d89ea16",4.90899999999999,367.948,FALSE,FALSE,FALSE,FALSE,"closed",FALSE
"mv08o_residual_source_sentinel_v1","primary","SRA742961_SRS3565198","internal124",20260808,"sct_pearson_residual_all_qc_fit_selected384","exact500",7396,384,"15096f28906a40ecf8fa1bacd97d3821aa2e2eea9145846c952530c2ae9131db",500,"48e881ee753893bfaecd7101fc16fbcb552dd30a2a791fedfc7204d7b322a32e",TRUE,0,0.662340908550408,TRUE,"9bd2c5ecb50ce26d1834112caf1a98d544dc25b5184eb5ced8df22077ce9afbc","417b21b2002a5f014470746f0dce3311db92562624a78259630d14f3aa3cfe04",361.995,444,"1f0ebe7383f6998116af92c3ccb0b6f66400c79cd62cc552284ecbfe1d89ea16",4.90899999999999,368.091,FALSE,FALSE,FALSE,FALSE,"closed",FALSE
"mv08o_residual_source_sentinel_v1","primary","SRA742961_SRS3565198","internal124",20260809,"sct_data_all_qc_fit_selected384","exact500",7396,384,"66b4d67b4fb84514bb78286b60eb0fc8305ac01d024716588f81c8e869e80083",500,"48e881ee753893bfaecd7101fc16fbcb552dd30a2a791fedfc7204d7b322a32e",TRUE,0,0.166818328311539,TRUE,"64d0ceb61100d981f2af376f786012aed09f921d6c93f81f9c61af90d9caa5f4","a71afb4640209393062e941955c69ae7f834ebc8541e87d23517967d9306bd3d",361.995,444,"1f0ebe7383f6998116af92c3ccb0b6f66400c79cd62cc552284ecbfe1d89ea16",4.90899999999999,368.23,FALSE,FALSE,FALSE,FALSE,"closed",FALSE
"mv08o_residual_source_sentinel_v1","primary","SRA742961_SRS3565198","internal124",20260809,"sct_pearson_residual_all_qc_fit_selected384","exact500",7396,384,"66b4d67b4fb84514bb78286b60eb0fc8305ac01d024716588f81c8e869e80083",500,"48e881ee753893bfaecd7101fc16fbcb552dd30a2a791fedfc7204d7b322a32e",TRUE,0,0.650854355368613,TRUE,"fcee6928a4273f77f5aed6720989da050e240b5760b40a9f8f25a5c899eb199b","9a677db8f2dfe41270816c165b11e80fb4c082a46d1e2a68303017a2437d9125",361.995,444,"1f0ebe7383f6998116af92c3ccb0b6f66400c79cd62cc552284ecbfe1d89ea16",4.90899999999999,368.375,FALSE,FALSE,FALSE,FALSE,"closed",FALSE
"mv08o_residual_source_sentinel_v1","primary","SRA742961_SRS3565201","internal124",20260805,"sct_data_all_qc_fit_selected384","exact500",7482,384,"fcc72b9342e1bc044665e887f3261d981e1092ca92082b98e9b0c04cdb2996d4",500,"48e881ee753893bfaecd7101fc16fbcb552dd30a2a791fedfc7204d7b322a32e",TRUE,0,0.179453698385377,TRUE,"1267153536701be5e4ff228ab93057f85e3f7c6cc6cab5e4567e6311ec511624","9391357ba413034d55eb430dd981f99c8f129303f20e1d5b11394432173ce60b",429.664,926,"1f0ebe7383f6998116af92c3ccb0b6f66400c79cd62cc552284ecbfe1d89ea16",5.04500000000002,434.971,FALSE,FALSE,FALSE,FALSE,"closed",FALSE
"mv08o_residual_source_sentinel_v1","primary","SRA742961_SRS3565201","internal124",20260805,"sct_pearson_residual_all_qc_fit_selected384","exact500",7482,384,"fcc72b9342e1bc044665e887f3261d981e1092ca92082b98e9b0c04cdb2996d4",500,"48e881ee753893bfaecd7101fc16fbcb552dd30a2a791fedfc7204d7b322a32e",TRUE,0,0.755935042024022,TRUE,"5b5c0338fbff4a520c1cbef6e135c025af2390f5cc10d896ec2a1f72bd8442f9","eeeb7a6c68342507c43ccbaa068a285396d6c0b0370413bee864f9937620d7b3",429.664,926,"1f0ebe7383f6998116af92c3ccb0b6f66400c79cd62cc552284ecbfe1d89ea16",5.04500000000002,435.096,FALSE,FALSE,FALSE,FALSE,"closed",FALSE
"mv08o_residual_source_sentinel_v1","primary","SRA742961_SRS3565201","internal124",20260806,"sct_data_all_qc_fit_selected384","exact500",7482,384,"98d28d5e57525d84ade4ce35814e43cc95a12618982936206e8d69b6edeb9d61",500,"48e881ee753893bfaecd7101fc16fbcb552dd30a2a791fedfc7204d7b322a32e",TRUE,0,0.179453698385377,TRUE,"b4e77fadadf165b26a8de4492178fee118b928ad1e4dbd3fd526447bc010abc5","65f37f6e2568a05d289cc0fcfc008bd3e5358b099aaa8b4a80e5ad76b53b8ab5",429.664,926,"1f0ebe7383f6998116af92c3ccb0b6f66400c79cd62cc552284ecbfe1d89ea16",5.04500000000002,435.218,FALSE,FALSE,FALSE,FALSE,"closed",FALSE
"mv08o_residual_source_sentinel_v1","primary","SRA742961_SRS3565201","internal124",20260806,"sct_pearson_residual_all_qc_fit_selected384","exact500",7482,384,"98d28d5e57525d84ade4ce35814e43cc95a12618982936206e8d69b6edeb9d61",500,"48e881ee753893bfaecd7101fc16fbcb552dd30a2a791fedfc7204d7b322a32e",TRUE,0,0.737207313663807,TRUE,"79811f6507418d8e7459e8f4f3fb2f0fe8b597d6235fb489380adfebc347abca","641af677714e42e209a4c7bd390bd83d0d51d1cecdae0ada9acfc30a29c9d261",429.664,926,"1f0ebe7383f6998116af92c3ccb0b6f66400c79cd62cc552284ecbfe1d89ea16",5.04500000000002,435.343,FALSE,FALSE,FALSE,FALSE,"closed",FALSE
"mv08o_residual_source_sentinel_v1","primary","SRA742961_SRS3565201","internal124",20260807,"sct_data_all_qc_fit_selected384","exact500",7482,384,"b0dc79f42a471b5b3abb5d287c9ddf0591454f7c3164d1a36d1ed351fd3d5882",500,"48e881ee753893bfaecd7101fc16fbcb552dd30a2a791fedfc7204d7b322a32e",TRUE,0,0.136982453714722,TRUE,"9a32b1c61dabe38d2b2b25dbbbf76450cdec6afb119ec0411134fe12739e871d","3dd8fdc79c3eeb05551c6a185665d71016ddb558c12ea8404737a538e4473864",429.664,926,"1f0ebe7383f6998116af92c3ccb0b6f66400c79cd62cc552284ecbfe1d89ea16",5.04500000000002,435.464,FALSE,FALSE,FALSE,FALSE,"closed",FALSE
"mv08o_residual_source_sentinel_v1","primary","SRA742961_SRS3565201","internal124",20260807,"sct_pearson_residual_all_qc_fit_selected384","exact500",7482,384,"b0dc79f42a471b5b3abb5d287c9ddf0591454f7c3164d1a36d1ed351fd3d5882",500,"48e881ee753893bfaecd7101fc16fbcb552dd30a2a791fedfc7204d7b322a32e",TRUE,0,0.746382157866905,TRUE,"2b38fceb48674e7359a0032c996cd82295f22c4f913113d9413da033891a433d","5f11d49596df1d6ccfe020a111e7e28601c00d6524ab937ad47eb1b97a615119",429.664,926,"1f0ebe7383f6998116af92c3ccb0b6f66400c79cd62cc552284ecbfe1d89ea16",5.04500000000002,435.6,FALSE,FALSE,FALSE,FALSE,"closed",FALSE
"mv08o_residual_source_sentinel_v1","primary","SRA742961_SRS3565201","internal124",20260808,"sct_data_all_qc_fit_selected384","exact500",7482,384,"6bb4f2325937cb638eb2da58822503ee6bb1200a0a4b8a155f9c49fc7a831593",500,"48e881ee753893bfaecd7101fc16fbcb552dd30a2a791fedfc7204d7b322a32e",TRUE,0,0.175321341996331,TRUE,"ddfdd9c3a424d1fa1569d93c0d9b2d30a3183c6935c96a3b5ad16436fd44ffc0","9d8fe0d8fddbacbdd28299becb6593b99da095eac8ebbca91eb3abd17094cb5f",429.664,926,"1f0ebe7383f6998116af92c3ccb0b6f66400c79cd62cc552284ecbfe1d89ea16",5.04500000000002,435.739,FALSE,FALSE,FALSE,FALSE,"closed",FALSE
"mv08o_residual_source_sentinel_v1","primary","SRA742961_SRS3565201","internal124",20260808,"sct_pearson_residual_all_qc_fit_selected384","exact500",7482,384,"6bb4f2325937cb638eb2da58822503ee6bb1200a0a4b8a155f9c49fc7a831593",500,"48e881ee753893bfaecd7101fc16fbcb552dd30a2a791fedfc7204d7b322a32e",TRUE,0,0.763093134124575,TRUE,"e2fb133c3137a2b0e4f0ab6ca43b3b9ec2494d2c38e7e2ef87a52ae59de790fa","4ae4da95ea51598d905201ae95c5a9ce1f3c017e7fbb4645b3330d83ab9d25dd",429.664,926,"1f0ebe7383f6998116af92c3ccb0b6f66400c79cd62cc552284ecbfe1d89ea16",5.04500000000002,435.882,FALSE,FALSE,FALSE,FALSE,"closed",FALSE
"mv08o_residual_source_sentinel_v1","primary","SRA742961_SRS3565201","internal124",20260809,"sct_data_all_qc_fit_selected384","exact500",7482,384,"3f22973abe02325ae464c497bba5580f9a59116dd9969eec8537abd756a5c06b",500,"48e881ee753893bfaecd7101fc16fbcb552dd30a2a791fedfc7204d7b322a32e",TRUE,0,0.120759847203462,TRUE,"823a41358c26706c2ba2a3533f901ba9563b120d2224972753eba23b5e7f9bf3","1cde0a87bdc3b1d138a338c9c5b94f1b31582ee912143182a71e001c287a475e",429.664,926,"1f0ebe7383f6998116af92c3ccb0b6f66400c79cd62cc552284ecbfe1d89ea16",5.04500000000002,436.024,FALSE,FALSE,FALSE,FALSE,"closed",FALSE
"mv08o_residual_source_sentinel_v1","primary","SRA742961_SRS3565201","internal124",20260809,"sct_pearson_residual_all_qc_fit_selected384","exact500",7482,384,"3f22973abe02325ae464c497bba5580f9a59116dd9969eec8537abd756a5c06b",500,"48e881ee753893bfaecd7101fc16fbcb552dd30a2a791fedfc7204d7b322a32e",TRUE,0,0.656640424193153,TRUE,"74f6c3561763b84e167acc855b3001f9a06a5f680e404327dd26b68d85d56850","90b2e33f0d5f8220c186b4a60f9e44b73731eb30e4978f0d399cc45ac7eecfa9",429.664,926,"1f0ebe7383f6998116af92c3ccb0b6f66400c79cd62cc552284ecbfe1d89ea16",5.04500000000002,436.169,FALSE,FALSE,FALSE,FALSE,"closed",FALSE
"mv08o_residual_source_sentinel_v1","primary","SRA742961_SRS3565196","internal124",20260805,"sct_data_all_qc_fit_selected384","exact500",7791,384,"989a908c74ba6f3a31d23f95e515bfe00d90481fb45b8ababbdb167ba84b9bf4",500,"48e881ee753893bfaecd7101fc16fbcb552dd30a2a791fedfc7204d7b322a32e",TRUE,0,0.206185762260689,TRUE,"c5d54bd7340328de68f53ac5318a3365773f5e125128c2fe9b7b87c31ec3d74d","2befb10f9f7f12fde787ced8c2b431eb76df28ee4587c7b7e35e576b9913bad8",373.781,624,"1f0ebe7383f6998116af92c3ccb0b6f66400c79cd62cc552284ecbfe1d89ea16",4.78900000000004,378.847,FALSE,FALSE,FALSE,FALSE,"closed",FALSE
"mv08o_residual_source_sentinel_v1","primary","SRA742961_SRS3565196","internal124",20260805,"sct_pearson_residual_all_qc_fit_selected384","exact500",7791,384,"989a908c74ba6f3a31d23f95e515bfe00d90481fb45b8ababbdb167ba84b9bf4",500,"48e881ee753893bfaecd7101fc16fbcb552dd30a2a791fedfc7204d7b322a32e",TRUE,0,0.78292259372702,TRUE,"a3e5f0a1439071384409ec508792c2806e68ecff498ffa6050035dae1dd831e4","b1ed8c57036c753e804e338d694c71ce312a9df663a358a6c5660697d89c2136",373.781,624,"1f0ebe7383f6998116af92c3ccb0b6f66400c79cd62cc552284ecbfe1d89ea16",4.78900000000004,378.972,FALSE,FALSE,FALSE,FALSE,"closed",FALSE
"mv08o_residual_source_sentinel_v1","primary","SRA742961_SRS3565196","internal124",20260806,"sct_data_all_qc_fit_selected384","exact500",7791,384,"7b4738c26f51b206d1df4d80fb492d0e87b93751a23954e09186ccf483ace529",500,"48e881ee753893bfaecd7101fc16fbcb552dd30a2a791fedfc7204d7b322a32e",TRUE,0,0.179307623111127,TRUE,"36aa7c435f038f600711afc6370ab77c6e0bd63a71ceb9a5c8958db6920d3628","75ea2f4719d774aaa2195f89e1b952d6901e019058c49e6a20c8931b74a6b0a0",373.781,624,"1f0ebe7383f6998116af92c3ccb0b6f66400c79cd62cc552284ecbfe1d89ea16",4.78900000000004,379.091,FALSE,FALSE,FALSE,FALSE,"closed",FALSE
"mv08o_residual_source_sentinel_v1","primary","SRA742961_SRS3565196","internal124",20260806,"sct_pearson_residual_all_qc_fit_selected384","exact500",7791,384,"7b4738c26f51b206d1df4d80fb492d0e87b93751a23954e09186ccf483ace529",500,"48e881ee753893bfaecd7101fc16fbcb552dd30a2a791fedfc7204d7b322a32e",TRUE,0,0.759655997123681,TRUE,"8d1fe2efcf5ae3267d3754bb552acc767a9e52459c6e63c745347aca78d8bbbb","5ed0d7baabf13eb5134b44cb86d034b8ff155af5b27017426b8243d3a64238e1",373.781,624,"1f0ebe7383f6998116af92c3ccb0b6f66400c79cd62cc552284ecbfe1d89ea16",4.78900000000004,379.216,FALSE,FALSE,FALSE,FALSE,"closed",FALSE
"mv08o_residual_source_sentinel_v1","primary","SRA742961_SRS3565196","internal124",20260807,"sct_data_all_qc_fit_selected384","exact500",7791,384,"231ba1b07e6adb2e2b37b802953e2bcb3ea833c3b8c200b5745c987045b87b7a",500,"48e881ee753893bfaecd7101fc16fbcb552dd30a2a791fedfc7204d7b322a32e",TRUE,0,0.191790081350592,TRUE,"6a05d4259816464320e84b048dceef34be7fe7d81406a050b4c7a2916baac17f","c2d8d93192447c41a7fd0012075364e29b894c26b55b8964cfa624a8d90d670c",373.781,624,"1f0ebe7383f6998116af92c3ccb0b6f66400c79cd62cc552284ecbfe1d89ea16",4.78900000000004,379.335,FALSE,FALSE,FALSE,FALSE,"closed",FALSE
"mv08o_residual_source_sentinel_v1","primary","SRA742961_SRS3565196","internal124",20260807,"sct_pearson_residual_all_qc_fit_selected384","exact500",7791,384,"231ba1b07e6adb2e2b37b802953e2bcb3ea833c3b8c200b5745c987045b87b7a",500,"48e881ee753893bfaecd7101fc16fbcb552dd30a2a791fedfc7204d7b322a32e",TRUE,0,0.788567712057638,TRUE,"3ddf7fee84ee0afa1ea40e316c17e7f603e7cd7854c331f57294c373f0be8fae","d7fe5b3a816407e7e21715752f502daea45e8a63ab212713e6d46a3b768e946a",373.781,624,"1f0ebe7383f6998116af92c3ccb0b6f66400c79cd62cc552284ecbfe1d89ea16",4.78900000000004,379.467,FALSE,FALSE,FALSE,FALSE,"closed",FALSE
"mv08o_residual_source_sentinel_v1","primary","SRA742961_SRS3565196","internal124",20260808,"sct_data_all_qc_fit_selected384","exact500",7791,384,"6c8272b6e5a79b506c08b913d7bf17b69bef2cfa880a14faf8e3ce9413ed9527",500,"48e881ee753893bfaecd7101fc16fbcb552dd30a2a791fedfc7204d7b322a32e",TRUE,0,0.201409693167124,TRUE,"14366df335cf2d578f3d737f450891bca0ff9ef2925422f4252035e5698810a4","933d024fbc9a72fee578f2ea3a1b3bf89fab3e26ea2c0eb48a5399cb1440540e",373.781,624,"1f0ebe7383f6998116af92c3ccb0b6f66400c79cd62cc552284ecbfe1d89ea16",4.78900000000004,379.606,FALSE,FALSE,FALSE,FALSE,"closed",FALSE
"mv08o_residual_source_sentinel_v1","primary","SRA742961_SRS3565196","internal124",20260808,"sct_pearson_residual_all_qc_fit_selected384","exact500",7791,384,"6c8272b6e5a79b506c08b913d7bf17b69bef2cfa880a14faf8e3ce9413ed9527",500,"48e881ee753893bfaecd7101fc16fbcb552dd30a2a791fedfc7204d7b322a32e",TRUE,0,0.726356773021256,TRUE,"83454fdc9ced8756e3009755dd386f1d057eada547078dfde42960ec32dd24da","1a9f91474676d5bce3527869b2c932b1d26c9faed0967ca6a90b7696ae2c6d37",373.781,624,"1f0ebe7383f6998116af92c3ccb0b6f66400c79cd62cc552284ecbfe1d89ea16",4.78900000000004,380.643,FALSE,FALSE,FALSE,FALSE,"closed",FALSE
"mv08o_residual_source_sentinel_v1","primary","SRA742961_SRS3565196","internal124",20260809,"sct_data_all_qc_fit_selected384","exact500",7791,384,"bcc1893b68aeb5ee475c49e21c2de1c07c889880493d3a6d1c6470c3aa446327",500,"48e881ee753893bfaecd7101fc16fbcb552dd30a2a791fedfc7204d7b322a32e",TRUE,0,0.211419321253666,TRUE,"ea35ae4305771de045d7f717afd98d161affca8714319f74101818915c1e16d5","80ea1bb96fd4979dd19bf25d218a93b7ad9153b029cc513d1f7ee12b488f6567",373.781,624,"1f0ebe7383f6998116af92c3ccb0b6f66400c79cd62cc552284ecbfe1d89ea16",4.78900000000004,380.763,FALSE,FALSE,FALSE,FALSE,"closed",FALSE
"mv08o_residual_source_sentinel_v1","primary","SRA742961_SRS3565196","internal124",20260809,"sct_pearson_residual_all_qc_fit_selected384","exact500",7791,384,"bcc1893b68aeb5ee475c49e21c2de1c07c889880493d3a6d1c6470c3aa446327",500,"48e881ee753893bfaecd7101fc16fbcb552dd30a2a791fedfc7204d7b322a32e",TRUE,0,0.756284352876816,TRUE,"194c3833c2708e6ba7913c18a7f1f5ac211fadd15b1fba32581ce5fc621201a6","dd3a993790a318de6efbc6a694db20dd7d8ce3ac0696a25a894ba87958304617",373.781,624,"1f0ebe7383f6998116af92c3ccb0b6f66400c79cd62cc552284ecbfe1d89ea16",4.78900000000004,380.886,FALSE,FALSE,FALSE,FALSE,"closed",FALSE
"mv08o_residual_source_sentinel_v1","primary","SRA760933_SRS3693061","internal124",20260805,"sct_data_all_qc_fit_selected384","exact500",7942,384,"5b23f78bcc4836a3095e244a353f6e62196690f755a7526aa67e904bf964445c",500,"48e881ee753893bfaecd7101fc16fbcb552dd30a2a791fedfc7204d7b322a32e",TRUE,0,0.205860590764187,TRUE,"e9854b78f6a6cf288b3f680f83bf2cc05a1527f9f05f9f8e51ab151968d7e5a8","5742aba4607f25b908527f9c5a1fb434b50b26b3c165aee81664da520a83b181",394.958,734,"ca6942c97dd850b48cc06efc622330e36c7e5325ae6e5499d209bb4e9339e9a9",6.06700000000001,401.4,FALSE,FALSE,FALSE,FALSE,"closed",FALSE
"mv08o_residual_source_sentinel_v1","primary","SRA760933_SRS3693061","internal124",20260805,"sct_pearson_residual_all_qc_fit_selected384","exact500",7942,384,"5b23f78bcc4836a3095e244a353f6e62196690f755a7526aa67e904bf964445c",500,"48e881ee753893bfaecd7101fc16fbcb552dd30a2a791fedfc7204d7b322a32e",TRUE,0,0.735370243560572,TRUE,"d0475b161a9fb3d985cc0d0aeed374cff8646de7fd3f2b2dac0537b7cb4e9fb7","ebf586c7a71642ce00b35d6a8b799a857c24467575c416615b246206fe0ee796",394.958,734,"ca6942c97dd850b48cc06efc622330e36c7e5325ae6e5499d209bb4e9339e9a9",6.06700000000001,401.526,FALSE,FALSE,FALSE,FALSE,"closed",FALSE
"mv08o_residual_source_sentinel_v1","primary","SRA760933_SRS3693061","internal124",20260806,"sct_data_all_qc_fit_selected384","exact500",7942,384,"eeffb3120f2bc2739e0b05061ab35d29b92e16edbf6998dd63d485af8a0db522",500,"48e881ee753893bfaecd7101fc16fbcb552dd30a2a791fedfc7204d7b322a32e",TRUE,0,0.23275660501443,TRUE,"17733e84224ff0fda355e2e92ffa9dd17405577f5ac6f1172921b9039fc161f9","0b30aaa424ff35d1c1c67325fa604eac7781b0b32f1fe13cfcf882306d153d94",394.958,734,"ca6942c97dd850b48cc06efc622330e36c7e5325ae6e5499d209bb4e9339e9a9",6.06700000000001,401.646,FALSE,FALSE,FALSE,FALSE,"closed",FALSE
"mv08o_residual_source_sentinel_v1","primary","SRA760933_SRS3693061","internal124",20260806,"sct_pearson_residual_all_qc_fit_selected384","exact500",7942,384,"eeffb3120f2bc2739e0b05061ab35d29b92e16edbf6998dd63d485af8a0db522",500,"48e881ee753893bfaecd7101fc16fbcb552dd30a2a791fedfc7204d7b322a32e",TRUE,0,0.794369558480756,TRUE,"871829faa292a3d71016c73a50934455e9375b7b3bcdf41c068fb6145f06f8eb","217941e6c9a0d917adfcb83edce8d7a2d75ebaf15c1dff227ece461a15409c4f",394.958,734,"ca6942c97dd850b48cc06efc622330e36c7e5325ae6e5499d209bb4e9339e9a9",6.06700000000001,401.773,FALSE,FALSE,FALSE,FALSE,"closed",FALSE
"mv08o_residual_source_sentinel_v1","primary","SRA760933_SRS3693061","internal124",20260807,"sct_data_all_qc_fit_selected384","exact500",7942,384,"dc5b28742edafa97189fb1a662fc3c9bdab01fde44b809b3347f114f3a895bc5",500,"48e881ee753893bfaecd7101fc16fbcb552dd30a2a791fedfc7204d7b322a32e",TRUE,0,0.226846736949929,TRUE,"56f09a552d99344770692055464440ffc3114db90a91a5d2a2e8cb79f9cefbb0","3aaf04a5cb5bdccd22c7f7aaa1caa906f8828d1c647e2fbe018241381b6e3f50",394.958,734,"ca6942c97dd850b48cc06efc622330e36c7e5325ae6e5499d209bb4e9339e9a9",6.06700000000001,401.897,FALSE,FALSE,FALSE,FALSE,"closed",FALSE
"mv08o_residual_source_sentinel_v1","primary","SRA760933_SRS3693061","internal124",20260807,"sct_pearson_residual_all_qc_fit_selected384","exact500",7942,384,"dc5b28742edafa97189fb1a662fc3c9bdab01fde44b809b3347f114f3a895bc5",500,"48e881ee753893bfaecd7101fc16fbcb552dd30a2a791fedfc7204d7b322a32e",TRUE,0,0.770433889188893,TRUE,"30650b2e4c5f41e857be26af9c555f7936442e603e0ac6f088a777df08be02fa","93bbade217dfe2dc50763158afdd201b978bdcfe1519cbcab1b33f49637810d2",394.958,734,"ca6942c97dd850b48cc06efc622330e36c7e5325ae6e5499d209bb4e9339e9a9",6.06700000000001,402.021,FALSE,FALSE,FALSE,FALSE,"closed",FALSE
"mv08o_residual_source_sentinel_v1","primary","SRA760933_SRS3693061","internal124",20260808,"sct_data_all_qc_fit_selected384","exact500",7942,384,"b35b7e83cbe78b81edeb80afea3068eecfc3dc25deff7927385881cc9630ad97",500,"48e881ee753893bfaecd7101fc16fbcb552dd30a2a791fedfc7204d7b322a32e",TRUE,0,0.225030181696664,TRUE,"a414ae32acda4ccd4b64de1668b5bc7971236051f8f3ca751025a74ee51d7b0d","2618b505b4c22cf01b058c6f7d139c8a7cb7cae85a4896b0cb063d2668a62630",394.958,734,"ca6942c97dd850b48cc06efc622330e36c7e5325ae6e5499d209bb4e9339e9a9",6.06700000000001,402.142,FALSE,FALSE,FALSE,FALSE,"closed",FALSE
"mv08o_residual_source_sentinel_v1","primary","SRA760933_SRS3693061","internal124",20260808,"sct_pearson_residual_all_qc_fit_selected384","exact500",7942,384,"b35b7e83cbe78b81edeb80afea3068eecfc3dc25deff7927385881cc9630ad97",500,"48e881ee753893bfaecd7101fc16fbcb552dd30a2a791fedfc7204d7b322a32e",TRUE,0,0.73621917735501,TRUE,"5f9ca59a0765297b6b5fadccb2880dc940d4ba9977c5057f27431d1547be44c7","0a71e74e0aec565d2502ec95cf79698b7e67fec6b01675b3ed76d5b9353cc398",394.958,734,"ca6942c97dd850b48cc06efc622330e36c7e5325ae6e5499d209bb4e9339e9a9",6.06700000000001,402.27,FALSE,FALSE,FALSE,FALSE,"closed",FALSE
"mv08o_residual_source_sentinel_v1","primary","SRA760933_SRS3693061","internal124",20260809,"sct_data_all_qc_fit_selected384","exact500",7942,384,"7520d9c2d26dd34402b08ad89b8a56b0175e76e1423d73104a83cf016b81e124",500,"48e881ee753893bfaecd7101fc16fbcb552dd30a2a791fedfc7204d7b322a32e",TRUE,0,0.207704943318661,TRUE,"e476c5c7093b85fdcb36720b8cd9c1cb036d3c9ae315f48cdafa53d4f94a5d87","08eaaa616e0c415dd0131c6e12bae688b4a89323e7f427e7953b926a2deceabc",394.958,734,"ca6942c97dd850b48cc06efc622330e36c7e5325ae6e5499d209bb4e9339e9a9",6.06700000000001,402.396,FALSE,FALSE,FALSE,FALSE,"closed",FALSE
"mv08o_residual_source_sentinel_v1","primary","SRA760933_SRS3693061","internal124",20260809,"sct_pearson_residual_all_qc_fit_selected384","exact500",7942,384,"7520d9c2d26dd34402b08ad89b8a56b0175e76e1423d73104a83cf016b81e124",500,"48e881ee753893bfaecd7101fc16fbcb552dd30a2a791fedfc7204d7b322a32e",TRUE,0,0.757678411863474,TRUE,"6fba0d7643b95ee72e7c203433fa82321857361cf4e41138b1fe733ff7307318","6a8a7c931433e836b7d4688575336e0f05da3efc9b1aa66df03e44e4547cbbda",394.958,734,"ca6942c97dd850b48cc06efc622330e36c7e5325ae6e5499d209bb4e9339e9a9",6.06700000000001,402.522,FALSE,FALSE,FALSE,FALSE,"closed",FALSE
"mv08o_residual_source_sentinel_v1","primary","SRA826293_SRS4181130","internal124",20260805,"sct_data_all_qc_fit_selected384","exact500",7965,384,"2a31da8d1c99158a212d7e664200b8d31144e3ca39c75f84e10a830eb2b4c89e",500,"48e881ee753893bfaecd7101fc16fbcb552dd30a2a791fedfc7204d7b322a32e",TRUE,0,0.15645541126598,TRUE,"894ae8e42615efad715a1bb2cd63028a3a257d938f67f8491f4f11982c80749f","2d124b006cbabcb8f4ffcb3717631826ada79d7b2544360f77718cbc6cf24863",585.253,682,"1f0ebe7383f6998116af92c3ccb0b6f66400c79cd62cc552284ecbfe1d89ea16",8.69500000000005,594.244,FALSE,FALSE,FALSE,FALSE,"closed",FALSE
"mv08o_residual_source_sentinel_v1","primary","SRA826293_SRS4181130","internal124",20260805,"sct_pearson_residual_all_qc_fit_selected384","exact500",7965,384,"2a31da8d1c99158a212d7e664200b8d31144e3ca39c75f84e10a830eb2b4c89e",500,"48e881ee753893bfaecd7101fc16fbcb552dd30a2a791fedfc7204d7b322a32e",TRUE,0,0.693416639091792,TRUE,"066290132d556b2aea8f04eca67904867ffe1ea7e7da45222134ceec2e112cc1","326b22fc5ddd325c9ed1a5c6f1fcd1ca906c7927674cb38c8c8e16568f2cda5b",585.253,682,"1f0ebe7383f6998116af92c3ccb0b6f66400c79cd62cc552284ecbfe1d89ea16",8.69500000000005,594.367,FALSE,FALSE,FALSE,FALSE,"closed",FALSE
"mv08o_residual_source_sentinel_v1","primary","SRA826293_SRS4181130","internal124",20260806,"sct_data_all_qc_fit_selected384","exact500",7965,384,"38ae4e0dc8d801b149d2db1f0bd97c2bd558c7b23b508107783ce764e653afc4",500,"48e881ee753893bfaecd7101fc16fbcb552dd30a2a791fedfc7204d7b322a32e",TRUE,0,0.190101435195535,TRUE,"3a66d4d5b21f0953c840c28a47080de8ab7e5c6f69e6ea0b8246ec1c1cfce6ba","561da65314c5b7edb125c3ae096838b44066c6f6dc406c750a660788b8c92e98",585.253,682,"1f0ebe7383f6998116af92c3ccb0b6f66400c79cd62cc552284ecbfe1d89ea16",8.69500000000005,594.484,FALSE,FALSE,FALSE,FALSE,"closed",FALSE
"mv08o_residual_source_sentinel_v1","primary","SRA826293_SRS4181130","internal124",20260806,"sct_pearson_residual_all_qc_fit_selected384","exact500",7965,384,"38ae4e0dc8d801b149d2db1f0bd97c2bd558c7b23b508107783ce764e653afc4",500,"48e881ee753893bfaecd7101fc16fbcb552dd30a2a791fedfc7204d7b322a32e",TRUE,0,0.718635031848702,TRUE,"9be636131f66dd2af146fae359c2d1d5aae42ea1d37cb4f354454af0988d6d27","4d7cacfe56c25063afe084ae70550511f70ec27919c2b7847890300e5a0cf6da",585.253,682,"1f0ebe7383f6998116af92c3ccb0b6f66400c79cd62cc552284ecbfe1d89ea16",8.69500000000005,594.606,FALSE,FALSE,FALSE,FALSE,"closed",FALSE
"mv08o_residual_source_sentinel_v1","primary","SRA826293_SRS4181130","internal124",20260807,"sct_data_all_qc_fit_selected384","exact500",7965,384,"46299d9a55270fb3cbad5b8922e4209f3110f21e7a01678caeb2f43373a1e6dc",500,"48e881ee753893bfaecd7101fc16fbcb552dd30a2a791fedfc7204d7b322a32e",TRUE,0,0.174190849674638,TRUE,"1030c534cde13766143bf76e7aed843d5d9917b6e93af87ae893a4ab785ca135","ca6b3288863999af3a4d83b8889173fdd2332c0419426f200ef349a8464b65d6",585.253,682,"1f0ebe7383f6998116af92c3ccb0b6f66400c79cd62cc552284ecbfe1d89ea16",8.69500000000005,594.726,FALSE,FALSE,FALSE,FALSE,"closed",FALSE
"mv08o_residual_source_sentinel_v1","primary","SRA826293_SRS4181130","internal124",20260807,"sct_pearson_residual_all_qc_fit_selected384","exact500",7965,384,"46299d9a55270fb3cbad5b8922e4209f3110f21e7a01678caeb2f43373a1e6dc",500,"48e881ee753893bfaecd7101fc16fbcb552dd30a2a791fedfc7204d7b322a32e",TRUE,0,0.725479079780582,TRUE,"b8f6f74ba500b9acd64eb8fcd57659d690930cc4171fb8d868a166d41d447085","443ce0b25f91ca52f851fca56f8696ae84fdcd0bdb120143fe1dad0df9495e77",585.253,682,"1f0ebe7383f6998116af92c3ccb0b6f66400c79cd62cc552284ecbfe1d89ea16",8.69500000000005,594.868,FALSE,FALSE,FALSE,FALSE,"closed",FALSE
"mv08o_residual_source_sentinel_v1","primary","SRA826293_SRS4181130","internal124",20260808,"sct_data_all_qc_fit_selected384","exact500",7965,384,"bf8040ae15eb23a9f015b6b3f9523da08b40cbaecc40430c31e9e14bda39868e",500,"48e881ee753893bfaecd7101fc16fbcb552dd30a2a791fedfc7204d7b322a32e",TRUE,0,0.198244148410074,TRUE,"d54ec17f21bb0d9f56234f100fd5c4cc501ef952923013701ca8fb2c9c070d39","259bff389266a7225bcc76d4c4659f7d0f83de3a8f17c4bc3fedcacf90740a2f",585.253,682,"1f0ebe7383f6998116af92c3ccb0b6f66400c79cd62cc552284ecbfe1d89ea16",8.69500000000005,595.005,FALSE,FALSE,FALSE,FALSE,"closed",FALSE
"mv08o_residual_source_sentinel_v1","primary","SRA826293_SRS4181130","internal124",20260808,"sct_pearson_residual_all_qc_fit_selected384","exact500",7965,384,"bf8040ae15eb23a9f015b6b3f9523da08b40cbaecc40430c31e9e14bda39868e",500,"48e881ee753893bfaecd7101fc16fbcb552dd30a2a791fedfc7204d7b322a32e",TRUE,0,0.725027414306687,TRUE,"40d014b0d97d629110ec0b5e01a6978ce131c56486ff3be05df2cd3f312a73a4","e2810cb4f7d22d873edc9be2e723c7da5e1583038dc0fd05bcd4a3228866d842",585.253,682,"1f0ebe7383f6998116af92c3ccb0b6f66400c79cd62cc552284ecbfe1d89ea16",8.69500000000005,595.146,FALSE,FALSE,FALSE,FALSE,"closed",FALSE
"mv08o_residual_source_sentinel_v1","primary","SRA826293_SRS4181130","internal124",20260809,"sct_data_all_qc_fit_selected384","exact500",7965,384,"fb8c35e21fd1d1ba8d73997aed739660aeab19e65326c1fc8855e99f0e1f7361",500,"48e881ee753893bfaecd7101fc16fbcb552dd30a2a791fedfc7204d7b322a32e",TRUE,0,0.196589543685501,TRUE,"c2928f8b19cfad48ae834b84f3f9730d5d0709ab31ff5d7c84d6d336e358ecbd","dafd4c6a01996463ab00ff6b9d3f2a5cedcc7f6ad261cb9f666fc41eeed78bdb",585.253,682,"1f0ebe7383f6998116af92c3ccb0b6f66400c79cd62cc552284ecbfe1d89ea16",8.69500000000005,595.289,FALSE,FALSE,FALSE,FALSE,"closed",FALSE
"mv08o_residual_source_sentinel_v1","primary","SRA826293_SRS4181130","internal124",20260809,"sct_pearson_residual_all_qc_fit_selected384","exact500",7965,384,"fb8c35e21fd1d1ba8d73997aed739660aeab19e65326c1fc8855e99f0e1f7361",500,"48e881ee753893bfaecd7101fc16fbcb552dd30a2a791fedfc7204d7b322a32e",TRUE,0,0.752737371451774,TRUE,"d7812644312c5025c731f1061e480f85578d2e3489107c0a21630d5333b02261","5741ce2aa571dce8827d49780027cbeff1b4add8206293756cbc645663358a3c",585.253,682,"1f0ebe7383f6998116af92c3ccb0b6f66400c79cd62cc552284ecbfe1d89ea16",8.69500000000005,595.433,FALSE,FALSE,FALSE,FALSE,"closed",FALSE
"mv08o_residual_source_sentinel_v1","primary","SRA742961_SRS3565199","internal124",20260805,"sct_data_all_qc_fit_selected384","exact500",8050,384,"899b6f206a0721eac85e9b02b7aaf8f283324939796b693212501734dd256cd3",500,"48e881ee753893bfaecd7101fc16fbcb552dd30a2a791fedfc7204d7b322a32e",TRUE,0,0.190982637583704,TRUE,"83735412377b538da75b773f3900b87dad5ce3ab60ef59b6b2d317e2657a598a","d6f7e4f787be7ce5891bff3cf20f43f75d03118bf28ec211517e8250edd867c1",473.877,645,"1f0ebe7383f6998116af92c3ccb0b6f66400c79cd62cc552284ecbfe1d89ea16",5.69200000000001,479.827,FALSE,FALSE,FALSE,FALSE,"closed",FALSE
"mv08o_residual_source_sentinel_v1","primary","SRA742961_SRS3565199","internal124",20260805,"sct_pearson_residual_all_qc_fit_selected384","exact500",8050,384,"899b6f206a0721eac85e9b02b7aaf8f283324939796b693212501734dd256cd3",500,"48e881ee753893bfaecd7101fc16fbcb552dd30a2a791fedfc7204d7b322a32e",TRUE,0,0.710420140609846,TRUE,"77fd27e5a740d93c8ac4b0cc64950b3adaaaa477842e347aa15df3861db3b260","6dbda953e9a3968702c7465610c9753ad841a8ebda8ef38557363ec92cec02f7",473.877,645,"1f0ebe7383f6998116af92c3ccb0b6f66400c79cd62cc552284ecbfe1d89ea16",5.69200000000001,479.95,FALSE,FALSE,FALSE,FALSE,"closed",FALSE
"mv08o_residual_source_sentinel_v1","primary","SRA742961_SRS3565199","internal124",20260806,"sct_data_all_qc_fit_selected384","exact500",8050,384,"7a7e376444fc7f00da74355d05af11e0b0c213fc388ede06ac549603a3a655af",500,"48e881ee753893bfaecd7101fc16fbcb552dd30a2a791fedfc7204d7b322a32e",TRUE,0,0.177327271046466,TRUE,"5287fada3a0f90ba927ca33e9c302e8d60f7ca6729310f760df2cd3931faea67","d4d28984cc8843c27b372365a825125d4e4cc0ea20097de843fc1fec72ecbaf1",473.877,645,"1f0ebe7383f6998116af92c3ccb0b6f66400c79cd62cc552284ecbfe1d89ea16",5.69200000000001,480.069,FALSE,FALSE,FALSE,FALSE,"closed",FALSE
"mv08o_residual_source_sentinel_v1","primary","SRA742961_SRS3565199","internal124",20260806,"sct_pearson_residual_all_qc_fit_selected384","exact500",8050,384,"7a7e376444fc7f00da74355d05af11e0b0c213fc388ede06ac549603a3a655af",500,"48e881ee753893bfaecd7101fc16fbcb552dd30a2a791fedfc7204d7b322a32e",TRUE,0,0.749433950890346,TRUE,"c0f1c7c06cee53dd1bdee827931b399a67f4aad162e2c6b6417c4d839721268a","642b6e7b7e727f4794b93dbea7bfa692785af28150bd9a2d49766c6ef9270274",473.877,645,"1f0ebe7383f6998116af92c3ccb0b6f66400c79cd62cc552284ecbfe1d89ea16",5.69200000000001,480.193,FALSE,FALSE,FALSE,FALSE,"closed",FALSE
"mv08o_residual_source_sentinel_v1","primary","SRA742961_SRS3565199","internal124",20260807,"sct_data_all_qc_fit_selected384","exact500",8050,384,"c6a3c859aa5521a7ee43de7ac8c0383d0bf03bfc4a2f829eb146bb7bcf8f2585",500,"48e881ee753893bfaecd7101fc16fbcb552dd30a2a791fedfc7204d7b322a32e",TRUE,0,0.203687202809837,TRUE,"d66df9e35592188901f58016ab6077ef3cef6befece4b82e0c8878b5f40634f1","89fa6d4d39896c153c6d592f5aa8fb0ac4216fce67f7f7c09b097dd188520126",473.877,645,"1f0ebe7383f6998116af92c3ccb0b6f66400c79cd62cc552284ecbfe1d89ea16",5.69200000000001,480.31,FALSE,FALSE,FALSE,FALSE,"closed",FALSE
"mv08o_residual_source_sentinel_v1","primary","SRA742961_SRS3565199","internal124",20260807,"sct_pearson_residual_all_qc_fit_selected384","exact500",8050,384,"c6a3c859aa5521a7ee43de7ac8c0383d0bf03bfc4a2f829eb146bb7bcf8f2585",500,"48e881ee753893bfaecd7101fc16fbcb552dd30a2a791fedfc7204d7b322a32e",TRUE,0,0.722751440721064,TRUE,"862a80f8e58e455fe6f96a6fd47a24fff65f9abbeb4a0fbd6d598577b1e4bf6e","00304e4badd5eafa4f2bc5cdc91e46570c764608bceda72fb47f45c9b5ddba5a",473.877,645,"1f0ebe7383f6998116af92c3ccb0b6f66400c79cd62cc552284ecbfe1d89ea16",5.69200000000001,480.437,FALSE,FALSE,FALSE,FALSE,"closed",FALSE
"mv08o_residual_source_sentinel_v1","primary","SRA742961_SRS3565199","internal124",20260808,"sct_data_all_qc_fit_selected384","exact500",8050,384,"13cf98d34b4f9341063b081a2b6b9b40370d0b2a4badfd972a76a7d0a6e25e9a",500,"48e881ee753893bfaecd7101fc16fbcb552dd30a2a791fedfc7204d7b322a32e",TRUE,0,0.187275822567555,TRUE,"290beb609f6cdd53f7c546a336c891b4f89efd84b7c2b1d00fb3a47cc41687ca","a6c2a7b6fde29428ab377fca855d022e9e168ed69acd782cda52e85332e91a3d",473.877,645,"1f0ebe7383f6998116af92c3ccb0b6f66400c79cd62cc552284ecbfe1d89ea16",5.69200000000001,480.555,FALSE,FALSE,FALSE,FALSE,"closed",FALSE
"mv08o_residual_source_sentinel_v1","primary","SRA742961_SRS3565199","internal124",20260808,"sct_pearson_residual_all_qc_fit_selected384","exact500",8050,384,"13cf98d34b4f9341063b081a2b6b9b40370d0b2a4badfd972a76a7d0a6e25e9a",500,"48e881ee753893bfaecd7101fc16fbcb552dd30a2a791fedfc7204d7b322a32e",TRUE,0,0.709592312036167,TRUE,"3b0ebb7df20b2b7d9eff5cb743e39360a12db988f882fcbce596b5487fc20871","78ee4a8b3dc46d3c8695da53b66c077bf353c017946662ac3e993e37e0795836",473.877,645,"1f0ebe7383f6998116af92c3ccb0b6f66400c79cd62cc552284ecbfe1d89ea16",5.69200000000001,480.706,FALSE,FALSE,FALSE,FALSE,"closed",FALSE
"mv08o_residual_source_sentinel_v1","primary","SRA742961_SRS3565199","internal124",20260809,"sct_data_all_qc_fit_selected384","exact500",8050,384,"3246b7c7c9384c63a502c7f52e600c5bf2066585ad40e253f8fc4c377b0349ed",500,"48e881ee753893bfaecd7101fc16fbcb552dd30a2a791fedfc7204d7b322a32e",TRUE,0,0.157805967335394,TRUE,"af5d20790dbeb41bb9019327eefa22b5df4d2d6e8897d9d7b45493561aa28448","db7e35ca84dcfdf989e026c5d9d7a1ac2469b25240407fc54ef162786f4bb834",473.877,645,"1f0ebe7383f6998116af92c3ccb0b6f66400c79cd62cc552284ecbfe1d89ea16",5.69200000000001,480.866,FALSE,FALSE,FALSE,FALSE,"closed",FALSE
"mv08o_residual_source_sentinel_v1","primary","SRA742961_SRS3565199","internal124",20260809,"sct_pearson_residual_all_qc_fit_selected384","exact500",8050,384,"3246b7c7c9384c63a502c7f52e600c5bf2066585ad40e253f8fc4c377b0349ed",500,"48e881ee753893bfaecd7101fc16fbcb552dd30a2a791fedfc7204d7b322a32e",TRUE,0,0.723379091507327,TRUE,"d3b7f4f35692657c49c312d2f3915d3dff6817aa2e270e0d43fdcf28c7976a0f","23aa290df4718b88e85690a8f4743ff5c076bf5a8443aafdc7bfac71a0be3213",473.877,645,"1f0ebe7383f6998116af92c3ccb0b6f66400c79cd62cc552284ecbfe1d89ea16",5.69200000000001,481.03,FALSE,FALSE,FALSE,FALSE,"closed",FALSE
"mv08o_residual_source_sentinel_v1","primary","SRA742961_SRS3565208","internal124",20260805,"sct_data_all_qc_fit_selected384","exact500",8118,384,"dca663aeebf1d4c27d902c83822d6e20059aaec1ee2c8af40ab52308c8f0c77c",500,"48e881ee753893bfaecd7101fc16fbcb552dd30a2a791fedfc7204d7b322a32e",TRUE,0,0.115774048492087,TRUE,"6fbf9f6705da8c9a84ed61a0ddd729ce4b969af833418d65237be79bbd080dc9","cef634c6c876315b77743a826aaa498e79897676066eca1eaff765dbcf8baaef",383.339,592,"1f0ebe7383f6998116af92c3ccb0b6f66400c79cd62cc552284ecbfe1d89ea16",5.601,389.195,FALSE,FALSE,FALSE,FALSE,"closed",FALSE
"mv08o_residual_source_sentinel_v1","primary","SRA742961_SRS3565208","internal124",20260805,"sct_pearson_residual_all_qc_fit_selected384","exact500",8118,384,"dca663aeebf1d4c27d902c83822d6e20059aaec1ee2c8af40ab52308c8f0c77c",500,"48e881ee753893bfaecd7101fc16fbcb552dd30a2a791fedfc7204d7b322a32e",TRUE,0,0.671650617090217,TRUE,"bda29d67aaf3848d4d9b5353c8c351e8e1a545fba3208493fdbd887aa5fcdbaf","89417a759394ecaddfebca1870b0b810457cafb23748db6ac6c1ca5a26035d83",383.339,592,"1f0ebe7383f6998116af92c3ccb0b6f66400c79cd62cc552284ecbfe1d89ea16",5.601,389.322,FALSE,FALSE,FALSE,FALSE,"closed",FALSE
"mv08o_residual_source_sentinel_v1","primary","SRA742961_SRS3565208","internal124",20260806,"sct_data_all_qc_fit_selected384","exact500",8118,384,"6b68896017033d48efd668cadb2ca581d9a80e19bca4ffb04a24b3998f483f4e",500,"48e881ee753893bfaecd7101fc16fbcb552dd30a2a791fedfc7204d7b322a32e",TRUE,0,0.134468101868747,TRUE,"36973a7de98ef7735f107b5eca93f434021adb14588942b31f593681c24cd5f7","d257ad4a9783fe5da20cdb71151cdc47e436a63b93133d8ac4891b1c6c636ab6",383.339,592,"1f0ebe7383f6998116af92c3ccb0b6f66400c79cd62cc552284ecbfe1d89ea16",5.601,389.448,FALSE,FALSE,FALSE,FALSE,"closed",FALSE
"mv08o_residual_source_sentinel_v1","primary","SRA742961_SRS3565208","internal124",20260806,"sct_pearson_residual_all_qc_fit_selected384","exact500",8118,384,"6b68896017033d48efd668cadb2ca581d9a80e19bca4ffb04a24b3998f483f4e",500,"48e881ee753893bfaecd7101fc16fbcb552dd30a2a791fedfc7204d7b322a32e",TRUE,0,0.717714526875168,TRUE,"2d09aafda728739f4f6141bc93091e88039685b649aa198c6ace7e7155cd4283","339164ce66c690cb20192bb30e5c81b2c507b9fe2b74aa50476d777933e88305",383.339,592,"1f0ebe7383f6998116af92c3ccb0b6f66400c79cd62cc552284ecbfe1d89ea16",5.601,389.578,FALSE,FALSE,FALSE,FALSE,"closed",FALSE
"mv08o_residual_source_sentinel_v1","primary","SRA742961_SRS3565208","internal124",20260807,"sct_data_all_qc_fit_selected384","exact500",8118,384,"b1c895d3d3686bb8ed807275de11ae19dddde5ec854cc46eb15620b57404f7c1",500,"48e881ee753893bfaecd7101fc16fbcb552dd30a2a791fedfc7204d7b322a32e",TRUE,0,0.142763752488739,TRUE,"9b0b0bb9d49e9a417dcd42c7c5244283db233dab0544e650c218099a3058ce21","58d4d59fafd7ce7dcc7ea4ca7de740a5e579dd82c08892499687d4ee6cdc6e13",383.339,592,"1f0ebe7383f6998116af92c3ccb0b6f66400c79cd62cc552284ecbfe1d89ea16",5.601,389.701,FALSE,FALSE,FALSE,FALSE,"closed",FALSE
"mv08o_residual_source_sentinel_v1","primary","SRA742961_SRS3565208","internal124",20260807,"sct_pearson_residual_all_qc_fit_selected384","exact500",8118,384,"b1c895d3d3686bb8ed807275de11ae19dddde5ec854cc46eb15620b57404f7c1",500,"48e881ee753893bfaecd7101fc16fbcb552dd30a2a791fedfc7204d7b322a32e",TRUE,0,0.677284190545475,TRUE,"d33ab25a7ae39b8454936aab32efa00bcf6173bae651a4be8ff86a6918888829","416c15add8cf55438a9ebadb0bb178b24b840340ee7fa31455d6416a1583c5bf",383.339,592,"1f0ebe7383f6998116af92c3ccb0b6f66400c79cd62cc552284ecbfe1d89ea16",5.601,389.826,FALSE,FALSE,FALSE,FALSE,"closed",FALSE
"mv08o_residual_source_sentinel_v1","primary","SRA742961_SRS3565208","internal124",20260808,"sct_data_all_qc_fit_selected384","exact500",8118,384,"67de1b437255cc20383ff92079c672860b7739333396b827c5f3a457b810c81c",500,"48e881ee753893bfaecd7101fc16fbcb552dd30a2a791fedfc7204d7b322a32e",TRUE,0,0.13008443701908,TRUE,"4713892a90e0a1aa6dcc141c04169a838392d732abf432367244bc2016602aec","52e819207c28fa891d140f143debbd12b7925e9b83f562898c2dca64113a7709",383.339,592,"1f0ebe7383f6998116af92c3ccb0b6f66400c79cd62cc552284ecbfe1d89ea16",5.601,389.96,FALSE,FALSE,FALSE,FALSE,"closed",FALSE
"mv08o_residual_source_sentinel_v1","primary","SRA742961_SRS3565208","internal124",20260808,"sct_pearson_residual_all_qc_fit_selected384","exact500",8118,384,"67de1b437255cc20383ff92079c672860b7739333396b827c5f3a457b810c81c",500,"48e881ee753893bfaecd7101fc16fbcb552dd30a2a791fedfc7204d7b322a32e",TRUE,0,0.66771862080174,TRUE,"d0d3e4f39c01311fd8b3e6f3f15dc41c6a35acdec770e291eb30d696bea740dc","048db550acbcd54ec62935955929374b9a1f4ecf00c9e7bffdca4ac8addce260",383.339,592,"1f0ebe7383f6998116af92c3ccb0b6f66400c79cd62cc552284ecbfe1d89ea16",5.601,390.115,FALSE,FALSE,FALSE,FALSE,"closed",FALSE
"mv08o_residual_source_sentinel_v1","primary","SRA742961_SRS3565208","internal124",20260809,"sct_data_all_qc_fit_selected384","exact500",8118,384,"176ac67eae96ff637353cfb27833040aa81861bbf5c304acd78fceac678a7032",500,"48e881ee753893bfaecd7101fc16fbcb552dd30a2a791fedfc7204d7b322a32e",TRUE,0,0.120759847203462,TRUE,"de37623f01d647e7c22c2a121f686b2d6f84b6b277624d389b2722aef24b316b","f9b17d008ec18dcc069db31130b2b11f2414ceac39874785dd4acbf4d4ea5a93",383.339,592,"1f0ebe7383f6998116af92c3ccb0b6f66400c79cd62cc552284ecbfe1d89ea16",5.601,390.274,FALSE,FALSE,FALSE,FALSE,"closed",FALSE
"mv08o_residual_source_sentinel_v1","primary","SRA742961_SRS3565208","internal124",20260809,"sct_pearson_residual_all_qc_fit_selected384","exact500",8118,384,"176ac67eae96ff637353cfb27833040aa81861bbf5c304acd78fceac678a7032",500,"48e881ee753893bfaecd7101fc16fbcb552dd30a2a791fedfc7204d7b322a32e",TRUE,0,0.706709297008787,TRUE,"f1f2ee887c287c29dce930a34c3c72c46189072e9f562e76fc2186abc3400b44","3e747f5ca657855e0b122afb46f671d435d9c0d935adb86c23aac81e26b8ab7e",383.339,592,"1f0ebe7383f6998116af92c3ccb0b6f66400c79cd62cc552284ecbfe1d89ea16",5.601,390.436,FALSE,FALSE,FALSE,FALSE,"closed",FALSE
"mv08o_residual_source_sentinel_v1","primary","SRA550660_SRS2089639","internal124",20260805,"sct_data_all_qc_fit_selected384","exact500",8839,384,"13a18a67d220eaf6cda9845ed4bc00b1b29c0d887a7f002be6d6e4431220f9cb",500,"48e881ee753893bfaecd7101fc16fbcb552dd30a2a791fedfc7204d7b322a32e",TRUE,0,0.0860759821829421,TRUE,"6ec622a111e31fb404dfec81397da1e33273af6b376c4b32d7f258051cf41aea","503cb5e482514c2a4472ff1e9e33c68df3f118b829715352d77adfa604102569",451.467,846,"1f0ebe7383f6998116af92c3ccb0b6f66400c79cd62cc552284ecbfe1d89ea16",4.50200000000001,456.206,FALSE,FALSE,FALSE,FALSE,"closed",FALSE
"mv08o_residual_source_sentinel_v1","primary","SRA550660_SRS2089639","internal124",20260805,"sct_pearson_residual_all_qc_fit_selected384","exact500",8839,384,"13a18a67d220eaf6cda9845ed4bc00b1b29c0d887a7f002be6d6e4431220f9cb",500,"48e881ee753893bfaecd7101fc16fbcb552dd30a2a791fedfc7204d7b322a32e",TRUE,0,0.562172488132739,TRUE,"572dc8fa884e56c0cb598e6fd8847bb710ca24b08445ca50cd02939c71b9773a","130f3e7a59d6e3892b8a4699576fa592e55194bc59ec0637f2366a223f08be25",451.467,846,"1f0ebe7383f6998116af92c3ccb0b6f66400c79cd62cc552284ecbfe1d89ea16",4.50200000000001,456.335,FALSE,FALSE,FALSE,FALSE,"closed",FALSE
"mv08o_residual_source_sentinel_v1","primary","SRA550660_SRS2089639","internal124",20260806,"sct_data_all_qc_fit_selected384","exact500",8839,384,"655dba387cb12d63ed10362669b5548b7395a27c2029af760dc9d92b96faa298",500,"48e881ee753893bfaecd7101fc16fbcb552dd30a2a791fedfc7204d7b322a32e",TRUE,0,0.105001946614312,TRUE,"f4ac21e62b528af9bc8b03c392b1e46a3f5e25b3cece5877f2e5b7fdda0f561d","2ed2bec7323f2c127ab6c02a21e2a7383296f0e56c66978558bbd823fe66bec4",451.467,846,"1f0ebe7383f6998116af92c3ccb0b6f66400c79cd62cc552284ecbfe1d89ea16",4.50200000000001,456.455,FALSE,FALSE,FALSE,FALSE,"closed",FALSE
"mv08o_residual_source_sentinel_v1","primary","SRA550660_SRS2089639","internal124",20260806,"sct_pearson_residual_all_qc_fit_selected384","exact500",8839,384,"655dba387cb12d63ed10362669b5548b7395a27c2029af760dc9d92b96faa298",500,"48e881ee753893bfaecd7101fc16fbcb552dd30a2a791fedfc7204d7b322a32e",TRUE,0,0.620603165242808,TRUE,"e7d0e989c3e48baefe2daf80ed9064cd1cb4a38ea77581d0688dd6e3d63fbe9b","4bba08bf5da1d4d0060a4df9fe5b29eef61174deb85d67efc584b79c0ebd99bd",451.467,846,"1f0ebe7383f6998116af92c3ccb0b6f66400c79cd62cc552284ecbfe1d89ea16",4.50200000000001,456.577,FALSE,FALSE,FALSE,FALSE,"closed",FALSE
"mv08o_residual_source_sentinel_v1","primary","SRA550660_SRS2089639","internal124",20260807,"sct_data_all_qc_fit_selected384","exact500",8839,384,"70af179f971139f6d59e4fca72ed592c0f986423b8df64794066bcae2aee8e7d",500,"48e881ee753893bfaecd7101fc16fbcb552dd30a2a791fedfc7204d7b322a32e",TRUE,0,0.120759847203462,TRUE,"a12dfeb5e5ee771fc66de4b163d1aedf50f6687f6e61d88a6e23b91a0b1cf68a","ce281f4984d928b1b086ae4d0dfdee3b709643c2ac9f197697cb435d1f910c02",451.467,846,"1f0ebe7383f6998116af92c3ccb0b6f66400c79cd62cc552284ecbfe1d89ea16",4.50200000000001,456.695,FALSE,FALSE,FALSE,FALSE,"closed",FALSE
"mv08o_residual_source_sentinel_v1","primary","SRA550660_SRS2089639","internal124",20260807,"sct_pearson_residual_all_qc_fit_selected384","exact500",8839,384,"70af179f971139f6d59e4fca72ed592c0f986423b8df64794066bcae2aee8e7d",500,"48e881ee753893bfaecd7101fc16fbcb552dd30a2a791fedfc7204d7b322a32e",TRUE,0,0.702561023455389,TRUE,"dcd4a2ed273c441f7578b4111753063b47bcf85efb4a82ae1c7ff04106b6c208","e2fdb7cefd2e302e922b4eb681d0c401e2e60b46d12aa0048c7f584b6f509330",451.467,846,"1f0ebe7383f6998116af92c3ccb0b6f66400c79cd62cc552284ecbfe1d89ea16",4.50200000000001,456.821,FALSE,FALSE,FALSE,FALSE,"closed",FALSE
"mv08o_residual_source_sentinel_v1","primary","SRA550660_SRS2089639","internal124",20260808,"sct_data_all_qc_fit_selected384","exact500",8839,384,"93a76af325a835e80723ac8ea991d54c9f8d5c6d413e107531332762b6a2af4f",500,"48e881ee753893bfaecd7101fc16fbcb552dd30a2a791fedfc7204d7b322a32e",TRUE,0,0.125521781031731,TRUE,"6418add09fe68c8c1fec8225c213170a38f8da5c5beea4f411d9a687a6d83516","f8cee81155e24a72c31133788430a7d25496e7275ed8006362948a3d780fed7e",451.467,846,"1f0ebe7383f6998116af92c3ccb0b6f66400c79cd62cc552284ecbfe1d89ea16",4.50200000000001,456.954,FALSE,FALSE,FALSE,FALSE,"closed",FALSE
"mv08o_residual_source_sentinel_v1","primary","SRA550660_SRS2089639","internal124",20260808,"sct_pearson_residual_all_qc_fit_selected384","exact500",8839,384,"93a76af325a835e80723ac8ea991d54c9f8d5c6d413e107531332762b6a2af4f",500,"48e881ee753893bfaecd7101fc16fbcb552dd30a2a791fedfc7204d7b322a32e",TRUE,0,0.723033141557599,TRUE,"7170cc27a7fd04c2aaeca359fcd4cd2a10e280d8bb890cd43f207c0a4452e29d","aa3fac7c0dd822f8463058963e278044afce1236308a6af90ff551195beec42b",451.467,846,"1f0ebe7383f6998116af92c3ccb0b6f66400c79cd62cc552284ecbfe1d89ea16",4.50200000000001,457.096,FALSE,FALSE,FALSE,FALSE,"closed",FALSE
"mv08o_residual_source_sentinel_v1","primary","SRA550660_SRS2089639","internal124",20260809,"sct_data_all_qc_fit_selected384","exact500",8839,384,"a5abe670b70cb3943a201d1184316eabb5724240a4fdee6eb79aae0913601d1d",500,"48e881ee753893bfaecd7101fc16fbcb552dd30a2a791fedfc7204d7b322a32e",TRUE,0,0.115774048492087,TRUE,"43008fc67b9840406ff633ced81696a4ff11b0b52b4205b9c3ab10d611db225c","7191fb9498560a2840185e11be190c423a3d8c131bdab8dff3f911117619b112",451.467,846,"1f0ebe7383f6998116af92c3ccb0b6f66400c79cd62cc552284ecbfe1d89ea16",4.50200000000001,457.245,FALSE,FALSE,FALSE,FALSE,"closed",FALSE
"mv08o_residual_source_sentinel_v1","primary","SRA550660_SRS2089639","internal124",20260809,"sct_pearson_residual_all_qc_fit_selected384","exact500",8839,384,"a5abe670b70cb3943a201d1184316eabb5724240a4fdee6eb79aae0913601d1d",500,"48e881ee753893bfaecd7101fc16fbcb552dd30a2a791fedfc7204d7b322a32e",TRUE,0,0.703291207948572,TRUE,"ed314b3b776bcb62bbe7c214284404b4ce7c5028dd4715341dc909e7538dfc17","f5e83ab1b2f5479a8a8b2cd443884585d858c0c7382c43d1d6b07e99dd8058d2",451.467,846,"1f0ebe7383f6998116af92c3ccb0b6f66400c79cd62cc552284ecbfe1d89ea16",4.50200000000001,457.409,FALSE,FALSE,FALSE,FALSE,"closed",FALSE
"mv08o_residual_source_sentinel_v1","primary","SRA550660_SRS2089637","internal124",20260805,"sct_data_all_qc_fit_selected384","exact500",9071,384,"e0ba22bc8620e2f6126d106366900c12295528d98fb083d7194865809329a344",500,"48e881ee753893bfaecd7101fc16fbcb552dd30a2a791fedfc7204d7b322a32e",TRUE,0,0.13008443701908,TRUE,"afe76e29e68d57cbc32f9a6072362a4323e12833792137e7d2556914bfcce932","e752313b80d19ce062dfb00ab3dc33da0fec2f03db54964f2625ea5d847ae65f",409.061,582,"1f0ebe7383f6998116af92c3ccb0b6f66400c79cd62cc552284ecbfe1d89ea16",4.983,414.291,FALSE,FALSE,FALSE,FALSE,"closed",FALSE
"mv08o_residual_source_sentinel_v1","primary","SRA550660_SRS2089637","internal124",20260805,"sct_pearson_residual_all_qc_fit_selected384","exact500",9071,384,"e0ba22bc8620e2f6126d106366900c12295528d98fb083d7194865809329a344",500,"48e881ee753893bfaecd7101fc16fbcb552dd30a2a791fedfc7204d7b322a32e",TRUE,0,0.728543899358031,TRUE,"c456b0f9754399d1ade7cfdf52a7412aaef7e7a9a557d586d9157500c22d053d","a4de9e9aab58d59243128d1cb7988b67f1f038de25bf0c6b4d8414e0d3a01436",409.061,582,"1f0ebe7383f6998116af92c3ccb0b6f66400c79cd62cc552284ecbfe1d89ea16",4.983,414.423,FALSE,FALSE,FALSE,FALSE,"closed",FALSE
"mv08o_residual_source_sentinel_v1","primary","SRA550660_SRS2089637","internal124",20260806,"sct_data_all_qc_fit_selected384","exact500",9071,384,"62875e2cc7aac940b87161fc62717752526c601ed058e1bc820e03fb105d3c4a",500,"48e881ee753893bfaecd7101fc16fbcb552dd30a2a791fedfc7204d7b322a32e",TRUE,0,0.150516355678791,TRUE,"3f32e0ee3395078813f13d38794648f6a3cb843ecf4ff8339f5a3fa1f3a0ca24","24a93efed9fd87ad1fda88c69a5237653494b2fe10e7c93a28217db696800c2d",409.061,582,"1f0ebe7383f6998116af92c3ccb0b6f66400c79cd62cc552284ecbfe1d89ea16",4.983,414.56,FALSE,FALSE,FALSE,FALSE,"closed",FALSE
"mv08o_residual_source_sentinel_v1","primary","SRA550660_SRS2089637","internal124",20260806,"sct_pearson_residual_all_qc_fit_selected384","exact500",9071,384,"62875e2cc7aac940b87161fc62717752526c601ed058e1bc820e03fb105d3c4a",500,"48e881ee753893bfaecd7101fc16fbcb552dd30a2a791fedfc7204d7b322a32e",TRUE,0,0.689389560327414,TRUE,"fbdd07beaf14be064f31e81bd206afb06724a34bce0ae7807c3945e4c7f53ea1","4f7c58a9ea653f275747e8098c6eb5831ee39d01e06bee8c5ef2dae393b33f13",409.061,582,"1f0ebe7383f6998116af92c3ccb0b6f66400c79cd62cc552284ecbfe1d89ea16",4.983,414.702,FALSE,FALSE,FALSE,FALSE,"closed",FALSE
"mv08o_residual_source_sentinel_v1","primary","SRA550660_SRS2089637","internal124",20260807,"sct_data_all_qc_fit_selected384","exact500",9071,384,"a1b2134b7ee4063f7996b0e0db992938276042f9019035075b849a0675f8b447",500,"48e881ee753893bfaecd7101fc16fbcb552dd30a2a791fedfc7204d7b322a32e",TRUE,0,0.142763752488739,TRUE,"272f98987c3fe590bb94f3649bca8f81b0bc11eff6b9a302669d16d2d4709e7a","1705c7718bdce4b1eeefcfdb7f0a66851da71b516f2036570ff344de39b576e3",409.061,582,"1f0ebe7383f6998116af92c3ccb0b6f66400c79cd62cc552284ecbfe1d89ea16",4.983,414.831,FALSE,FALSE,FALSE,FALSE,"closed",FALSE
"mv08o_residual_source_sentinel_v1","primary","SRA550660_SRS2089637","internal124",20260807,"sct_pearson_residual_all_qc_fit_selected384","exact500",9071,384,"a1b2134b7ee4063f7996b0e0db992938276042f9019035075b849a0675f8b447",500,"48e881ee753893bfaecd7101fc16fbcb552dd30a2a791fedfc7204d7b322a32e",TRUE,0,0.718366082454198,TRUE,"727f3d7caaa41050f550435db5b12c8d871682249691686c8d7927d83f914642","56b004578d78b8455ac7ba98b80ed9c4311f0401182a81d44cf4d12f41ef8e3b",409.061,582,"1f0ebe7383f6998116af92c3ccb0b6f66400c79cd62cc552284ecbfe1d89ea16",4.983,414.96,FALSE,FALSE,FALSE,FALSE,"closed",FALSE
"mv08o_residual_source_sentinel_v1","primary","SRA550660_SRS2089637","internal124",20260808,"sct_data_all_qc_fit_selected384","exact500",9071,384,"514f4a79292dae53e05e84a82b992df5b86fc4e9dfa0758557b5bb446179fcd2",500,"48e881ee753893bfaecd7101fc16fbcb552dd30a2a791fedfc7204d7b322a32e",TRUE,0,0.125521781031731,TRUE,"c3ac2b5a40e7887df5ca8d49c5437530d6fd1b694d9f60cbbe60798f7fa5a0fe","aeda845afba6d5817e60c8f3b984b168e69fb8c0794f6a87ef0135564eabfa18",409.061,582,"1f0ebe7383f6998116af92c3ccb0b6f66400c79cd62cc552284ecbfe1d89ea16",4.983,415.098,FALSE,FALSE,FALSE,FALSE,"closed",FALSE
"mv08o_residual_source_sentinel_v1","primary","SRA550660_SRS2089637","internal124",20260808,"sct_pearson_residual_all_qc_fit_selected384","exact500",9071,384,"514f4a79292dae53e05e84a82b992df5b86fc4e9dfa0758557b5bb446179fcd2",500,"48e881ee753893bfaecd7101fc16fbcb552dd30a2a791fedfc7204d7b322a32e",TRUE,0,0.712019198202931,TRUE,"6d68e7f34b9ac54fd26a4ed83056098e20b6f8d6ebc714b6e1d0d19552a1c30f","f3bfb67d257a34e094f1628638e17162a1100d70569d0fa595bf043ec5686ec3",409.061,582,"1f0ebe7383f6998116af92c3ccb0b6f66400c79cd62cc552284ecbfe1d89ea16",4.983,415.252,FALSE,FALSE,FALSE,FALSE,"closed",FALSE
"mv08o_residual_source_sentinel_v1","primary","SRA550660_SRS2089637","internal124",20260809,"sct_data_all_qc_fit_selected384","exact500",9071,384,"f9a260f0f80b19c2ee960b70a77907c282938cffb874bcc03bbbe4a62bf3c3ea",500,"48e881ee753893bfaecd7101fc16fbcb552dd30a2a791fedfc7204d7b322a32e",TRUE,0,0.123520556449177,TRUE,"40581fcef7e87b41c64cbba90bed99baa512493d05a47dfceb475ddc410cec13","d1d283073391ef1b0c8ac6069f57a15e448ebaad414db9a893cfa033515773af",409.061,582,"1f0ebe7383f6998116af92c3ccb0b6f66400c79cd62cc552284ecbfe1d89ea16",4.983,415.391,FALSE,FALSE,FALSE,FALSE,"closed",FALSE
"mv08o_residual_source_sentinel_v1","primary","SRA550660_SRS2089637","internal124",20260809,"sct_pearson_residual_all_qc_fit_selected384","exact500",9071,384,"f9a260f0f80b19c2ee960b70a77907c282938cffb874bcc03bbbe4a62bf3c3ea",500,"48e881ee753893bfaecd7101fc16fbcb552dd30a2a791fedfc7204d7b322a32e",TRUE,0,0.690139684713196,TRUE,"b06f618dd05328699f6b160aa5077bbd368e9ff977f8af7f991d512fe60d9da3","e39e9202d6b267901df3db719e7a5741c9af4479803d74d65964161917f0e87c",409.061,582,"1f0ebe7383f6998116af92c3ccb0b6f66400c79cd62cc552284ecbfe1d89ea16",4.983,415.534,FALSE,FALSE,FALSE,FALSE,"closed",FALSE
