"evaluation_unit_id","execution_order","endpoint_id","population_id","label_axis","stack_id","homology_dimension","method_id","method_role","selected_k","metric_id","seed_mean","seed_median","seed_minimum","seed_maximum","seed_jackknife_se","completed_seeds","expected_seeds","status","representation_label","method_label","metric_label","endpoint_label","inference_performed","ranking_performed","biological_claim"
"mv10p_outcome_v1:63294ecb69e97b7a6b207ad42c431414ad3387ed195ee561386c455423b42983",1,"full124_descriptive__tissue","full124_descriptive","tissue","allqc_data_exact500","H0","pam_dissimilarity_v1","primary",2,"adjusted_rand_index",0.0478598085285876,0.0491936318741316,0.0453982293440786,0.0497991043287124,0.000948182298768986,5,5,"completed","All-QC SCT data","PAM (primary)","Adjusted Rand index","Full 124: tissue",FALSE,FALSE,FALSE
"mv10p_outcome_v1:7d71e3d4b37a139c2e53018d44499c4f68d5bc4aa4dc86bd674f1070bcf36a96",2,"full124_descriptive__tissue","full124_descriptive","tissue","allqc_data_exact500","H0","pam_dissimilarity_v1","primary",2,"normalized_mutual_information_max",0.110494256352488,0.110445334047402,0.109262218878589,0.112264299924117,0.000492417480475529,5,5,"completed","All-QC SCT data","PAM (primary)","Normalized mutual information","Full 124: tissue",FALSE,FALSE,FALSE
"mv10p_outcome_v1:cd2ab6b0323c9aaa14027c248ed8cdd637c415d42accd5e30888ce95901fe559",3,"full124_descriptive__tissue","full124_descriptive","tissue","allqc_data_exact500","H0","hclust_average_v1","sensitivity",2,"adjusted_rand_index",0.0457144452218839,0.0457144452218839,0.0457144452218839,0.0457144452218839,0,5,5,"completed","All-QC SCT data","Average linkage","Adjusted Rand index","Full 124: tissue",FALSE,FALSE,FALSE
"mv10p_outcome_v1:7ed7bf41bcda2533a1d4dae936ee196ce3692cded79a7243cdffbf674a3aa123",4,"full124_descriptive__tissue","full124_descriptive","tissue","allqc_data_exact500","H0","hclust_average_v1","sensitivity",2,"normalized_mutual_information_max",0.109262218878589,0.109262218878589,0.109262218878589,0.109262218878589,0,5,5,"completed","All-QC SCT data","Average linkage","Normalized mutual information","Full 124: tissue",FALSE,FALSE,FALSE
"mv10p_outcome_v1:777f6d98b638f5ec22fe16469fdea1433e405ad4f0ee6a976118c56eb12b0504",5,"full124_descriptive__tissue","full124_descriptive","tissue","allqc_data_exact500","H0","hclust_complete_v1","sensitivity",2,"adjusted_rand_index",0.06726127835884,0.0457144452218839,0.0446548084349558,0.106530043802393,0.0135650982640971,5,5,"completed","All-QC SCT data","Complete linkage","Adjusted Rand index","Full 124: tissue",FALSE,FALSE,FALSE
"mv10p_outcome_v1:59ed8c8e2cea0022d2db90ea1cb302ddf77b2048133df2ba3c9e45e52f07f293",6,"full124_descriptive__tissue","full124_descriptive","tissue","allqc_data_exact500","H0","hclust_complete_v1","sensitivity",2,"normalized_mutual_information_max",0.124164571125672,0.109345975279686,0.109262218878589,0.154225973890865,0.00943262366744722,5,5,"completed","All-QC SCT data","Complete linkage","Normalized mutual information","Full 124: tissue",FALSE,FALSE,FALSE
"mv10p_outcome_v1:84004cc135a6acde125f51b197c57bc83b7d260569542e86d3a7160508dd73ef",7,"full124_descriptive__tissue","full124_descriptive","tissue","allqc_data_exact500","H0","diana_dissimilarity_v1","sensitivity",2,"adjusted_rand_index",0.0478788326729611,0.0457144452218839,0.0436526718205935,0.055435185104118,0.00209195555004136,5,5,"completed","All-QC SCT data","DIANA","Adjusted Rand index","Full 124: tissue",FALSE,FALSE,FALSE
"mv10p_outcome_v1:35c32cf99f0c5d65d225d0fb10c2ca648df1a99882008d7ab7e1cdc273e6ee3e",8,"full124_descriptive__tissue","full124_descriptive","tissue","allqc_data_exact500","H0","diana_dissimilarity_v1","sensitivity",2,"normalized_mutual_information_max",0.110088879041323,0.110054094864928,0.105089088743533,0.115593658672164,0.00167499461105006,5,5,"completed","All-QC SCT data","DIANA","Normalized mutual information","Full 124: tissue",FALSE,FALSE,FALSE
"mv10p_outcome_v1:eec74d92baa77d2a84d7e1d0d6ce4f1ec33f73ae88ae9353eda17170be6fcb66",9,"full124_descriptive__tissue","full124_descriptive","tissue","allqc_data_exact500","H0","hclust_single_diagnostic_v1","diagnostic",2,"adjusted_rand_index",-0.00702787332904092,-0.00702787332904092,-0.00702787332904092,-0.00702787332904092,0,5,5,"completed","All-QC SCT data","Single linkage (diagnostic)","Adjusted Rand index","Full 124: tissue",FALSE,FALSE,FALSE
"mv10p_outcome_v1:f5b2e3272f049da0d231b9be0f4d61a3cd94b3fad97a3e97b6156a128e8734ce",10,"full124_descriptive__tissue","full124_descriptive","tissue","allqc_data_exact500","H0","hclust_single_diagnostic_v1","diagnostic",2,"normalized_mutual_information_max",0.0326782542602136,0.0326782542602136,0.0326782542602136,0.0326782542602136,0,5,5,"completed","All-QC SCT data","Single linkage (diagnostic)","Normalized mutual information","Full 124: tissue",FALSE,FALSE,FALSE
"mv10p_outcome_v1:d38f4db0b1db8d0f10e328029b6311e271e6936b017934bfd29d8eed13417e19",11,"full124_descriptive__tissue","full124_descriptive","tissue","allqc_data_exact500","H1","pam_dissimilarity_v1","primary",3,"adjusted_rand_index",0.119379457565692,0.123006307572782,0.108273563292249,0.125884522893014,0.00315498497714402,5,5,"completed","All-QC SCT data","PAM (primary)","Adjusted Rand index","Full 124: tissue",FALSE,FALSE,FALSE
"mv10p_outcome_v1:63be0367d10959a3fdd452c8a6cdcb00822fe77c132c2dccdef1a9931dcc4feb",12,"full124_descriptive__tissue","full124_descriptive","tissue","allqc_data_exact500","H1","pam_dissimilarity_v1","primary",3,"normalized_mutual_information_max",0.216084023337859,0.219569441874879,0.207480986118512,0.221058292101582,0.00276528217953349,5,5,"completed","All-QC SCT data","PAM (primary)","Normalized mutual information","Full 124: tissue",FALSE,FALSE,FALSE
"mv10p_outcome_v1:7ab37a37b085a587a17713176e54f6cf43fbb5bddf5284dc240b8081a53973a1",13,"full124_descriptive__tissue","full124_descriptive","tissue","allqc_data_exact500","H1","hclust_average_v1","sensitivity",3,"adjusted_rand_index",0.0606939347404916,0.0578781154428306,0.0541649730697292,0.0779146079775996,0.00440372697719344,5,5,"completed","All-QC SCT data","Average linkage","Adjusted Rand index","Full 124: tissue",FALSE,FALSE,FALSE
"mv10p_outcome_v1:b40e2877922db69e1fb582af8cf567b7ff6f4efaf91fa49a42081e184dde4dd8",14,"full124_descriptive__tissue","full124_descriptive","tissue","allqc_data_exact500","H1","hclust_average_v1","sensitivity",3,"normalized_mutual_information_max",0.14933841527766,0.149591702316235,0.140561968742077,0.160938642018541,0.00341397843407401,5,5,"completed","All-QC SCT data","Average linkage","Normalized mutual information","Full 124: tissue",FALSE,FALSE,FALSE
"mv10p_outcome_v1:05d633df7286164b9b3f17795236971a02ea112a8c776e8473a259d28db1c33e",15,"full124_descriptive__tissue","full124_descriptive","tissue","allqc_data_exact500","H1","hclust_complete_v1","sensitivity",3,"adjusted_rand_index",0.0724173665492163,0.068790432616022,0.0523547227289633,0.0913786671610707,0.00657587052093919,5,5,"completed","All-QC SCT data","Complete linkage","Adjusted Rand index","Full 124: tissue",FALSE,FALSE,FALSE
"mv10p_outcome_v1:174f3e2d98ca200eb43342e7cefadc7a06f0b94f88ae78f6a3169bee106bfe13",16,"full124_descriptive__tissue","full124_descriptive","tissue","allqc_data_exact500","H1","hclust_complete_v1","sensitivity",3,"normalized_mutual_information_max",0.158309559569673,0.154245540972291,0.147578408315455,0.177216825437723,0.00541174302501413,5,5,"completed","All-QC SCT data","Complete linkage","Normalized mutual information","Full 124: tissue",FALSE,FALSE,FALSE
"mv10p_outcome_v1:52f1406483be4ad35a39910c065ffec3ec67a7471333f7d43b6ce8890e78b72f",17,"full124_descriptive__tissue","full124_descriptive","tissue","allqc_data_exact500","H1","diana_dissimilarity_v1","sensitivity",3,"adjusted_rand_index",0.0794253152137414,0.0811455769535124,0.0698542454528345,0.0886468224505369,0.00313605084464348,5,5,"completed","All-QC SCT data","DIANA","Adjusted Rand index","Full 124: tissue",FALSE,FALSE,FALSE
"mv10p_outcome_v1:a7797d55bbac1f99d5252c9dfad8ac10cea154f7517f3349eabb91bfa497f308",18,"full124_descriptive__tissue","full124_descriptive","tissue","allqc_data_exact500","H1","diana_dissimilarity_v1","sensitivity",3,"normalized_mutual_information_max",0.162267847568736,0.165580053039474,0.153589049549123,0.170549436864447,0.00328034002165848,5,5,"completed","All-QC SCT data","DIANA","Normalized mutual information","Full 124: tissue",FALSE,FALSE,FALSE
"mv10p_outcome_v1:53fc29b90a7b102122b3b2d4d291c74787fc10ccc91281a9d93574474c71c1ee",19,"full124_descriptive__tissue","full124_descriptive","tissue","allqc_data_exact500","H1","hclust_single_diagnostic_v1","diagnostic",3,"adjusted_rand_index",0.00577069342831124,0.00724144684039954,0.00212578279835329,0.00724144684039954,0.00100904771235527,5,5,"completed","All-QC SCT data","Single linkage (diagnostic)","Adjusted Rand index","Full 124: tissue",FALSE,FALSE,FALSE
"mv10p_outcome_v1:e973609c994c1426edacb745b93d2550a227b2e8c8f9da0ed5288093cf00dc02",20,"full124_descriptive__tissue","full124_descriptive","tissue","allqc_data_exact500","H1","hclust_single_diagnostic_v1","diagnostic",3,"normalized_mutual_information_max",0.0214963927827507,0.0229134465486285,0.0192662504790659,0.0229134465486285,0.000868394397573767,5,5,"completed","All-QC SCT data","Single linkage (diagnostic)","Normalized mutual information","Full 124: tissue",FALSE,FALSE,FALSE
"mv10p_outcome_v1:268c101057f2d0df24c3f0a0f703a6abf1541d441b9523fc86b63ab13431ac2b",21,"full124_descriptive__tissue","full124_descriptive","tissue","allqc_residual_exact500","H0","pam_dissimilarity_v1","primary",2,"adjusted_rand_index",0.035908361284491,0.0337650983434996,0.0291230205061584,0.0446879931101588,0.0026792755047898,5,5,"completed","All-QC Pearson residual (primary)","PAM (primary)","Adjusted Rand index","Full 124: tissue",FALSE,FALSE,FALSE
"mv10p_outcome_v1:6ce56073bdca5d2c1740790c87b456318612c43dbd88a03d9f05db65e610ab22",22,"full124_descriptive__tissue","full124_descriptive","tissue","allqc_residual_exact500","H0","pam_dissimilarity_v1","primary",2,"normalized_mutual_information_max",0.0914774289889864,0.0901635450807586,0.0855355500909036,0.0972212651312447,0.00210955968900752,5,5,"completed","All-QC Pearson residual (primary)","PAM (primary)","Normalized mutual information","Full 124: tissue",FALSE,FALSE,FALSE
"mv10p_outcome_v1:ba077d7529e81a29e97fd5d932d976728949568c8e8965db3b50efc6fdb10fed",23,"full124_descriptive__tissue","full124_descriptive","tissue","allqc_residual_exact500","H0","hclust_average_v1","sensitivity",2,"adjusted_rand_index",0.0387489092083584,0.0398016823155007,0.0337222475419434,0.0457144452218839,0.00228366986484209,5,5,"completed","All-QC Pearson residual (primary)","Average linkage","Adjusted Rand index","Full 124: tissue",FALSE,FALSE,FALSE
"mv10p_outcome_v1:fec252add577cd04d0a0c4eaba0e8d4cc191f047202cce0fd05871979a50b926",24,"full124_descriptive__tissue","full124_descriptive","tissue","allqc_residual_exact500","H0","hclust_average_v1","sensitivity",2,"normalized_mutual_information_max",0.101688082667733,0.103909360548289,0.0953819703272994,0.109262218878589,0.00273651367948756,5,5,"completed","All-QC Pearson residual (primary)","Average linkage","Normalized mutual information","Full 124: tissue",FALSE,FALSE,FALSE
"mv10p_outcome_v1:41bec84ceb827883183c4e250b02845a0e7744c729c9a1dde7d01b442e525930",25,"full124_descriptive__tissue","full124_descriptive","tissue","allqc_residual_exact500","H0","hclust_complete_v1","sensitivity",2,"adjusted_rand_index",0.0576274494844278,0.0457144452218839,0.0337222475419434,0.100989423404981,0.0121733910812906,5,5,"completed","All-QC Pearson residual (primary)","Complete linkage","Adjusted Rand index","Full 124: tissue",FALSE,FALSE,FALSE
"mv10p_outcome_v1:1ca096f269b6ea15bbc0319a5c6adc3383b62180ac1c969dad21cd004f5ca0ba",26,"full124_descriptive__tissue","full124_descriptive","tissue","allqc_residual_exact500","H0","hclust_complete_v1","sensitivity",2,"normalized_mutual_information_max",0.11271133751803,0.109262218878589,0.0953819703272994,0.13291041795815,0.00665466517115275,5,5,"completed","All-QC Pearson residual (primary)","Complete linkage","Normalized mutual information","Full 124: tissue",FALSE,FALSE,FALSE
"mv10p_outcome_v1:777d7ecbf048dced4e71257ee91537dcbc4714d294e03cc09cb6423b0dcd76e9",27,"full124_descriptive__tissue","full124_descriptive","tissue","allqc_residual_exact500","H0","diana_dissimilarity_v1","sensitivity",2,"adjusted_rand_index",0.03870196450748,0.038302477548273,0.0291230205061584,0.0493485992603104,0.00320597329839671,5,5,"completed","All-QC Pearson residual (primary)","DIANA","Adjusted Rand index","Full 124: tissue",FALSE,FALSE,FALSE
"mv10p_outcome_v1:cf6f21d6dc0632df4046cb6adea7086fcb6b6809050f01e1395e620c2579b4d0",28,"full124_descriptive__tissue","full124_descriptive","tissue","allqc_residual_exact500","H0","diana_dissimilarity_v1","sensitivity",2,"normalized_mutual_information_max",0.0995287627704833,0.100919459536114,0.0940510868372439,0.103940780357736,0.00174154471987084,5,5,"completed","All-QC Pearson residual (primary)","DIANA","Normalized mutual information","Full 124: tissue",FALSE,FALSE,FALSE
"mv10p_outcome_v1:4d4a66ddbffdee9159989362c570647e317f7304ad74ffcad6cd12541f9667eb",29,"full124_descriptive__tissue","full124_descriptive","tissue","allqc_residual_exact500","H0","hclust_single_diagnostic_v1","diagnostic",2,"adjusted_rand_index",-0.00177162655023204,-0.00239690997084011,-0.00431876185097052,0.00265135901233063,0.00116669699569271,5,5,"completed","All-QC Pearson residual (primary)","Single linkage (diagnostic)","Adjusted Rand index","Full 124: tissue",FALSE,FALSE,FALSE
"mv10p_outcome_v1:44594176843f03796d9ec05d5d1ddc8a8ba32a8b7fd97ddd2b844e34e741e2ca",30,"full124_descriptive__tissue","full124_descriptive","tissue","allqc_residual_exact500","H0","hclust_single_diagnostic_v1","diagnostic",2,"normalized_mutual_information_max",0.00829196130950766,0.00628194732662914,0.00628194732662914,0.0126848211714592,0.00130571918086941,5,5,"completed","All-QC Pearson residual (primary)","Single linkage (diagnostic)","Normalized mutual information","Full 124: tissue",FALSE,FALSE,FALSE
"mv10p_outcome_v1:be5407ca0c148493a4ec0c5e68e58c467cb3e94610b71fad720772def265923d",31,"full124_descriptive__tissue","full124_descriptive","tissue","allqc_residual_exact500","H1","pam_dissimilarity_v1","primary",3,"adjusted_rand_index",0.122137408492959,0.121882125874561,0.114308098902148,0.133301945840539,0.00336969135648906,5,5,"completed","All-QC Pearson residual (primary)","PAM (primary)","Adjusted Rand index","Full 124: tissue",FALSE,FALSE,FALSE
"mv10p_outcome_v1:fc4f10000944a8e9baf8b88b8e26a6399a17067a0f08e7c2fa4083b6e8d9c395",32,"full124_descriptive__tissue","full124_descriptive","tissue","allqc_residual_exact500","H1","pam_dissimilarity_v1","primary",3,"normalized_mutual_information_max",0.207370470123486,0.202558270248449,0.195504177696407,0.224042523187274,0.00529010767498968,5,5,"completed","All-QC Pearson residual (primary)","PAM (primary)","Normalized mutual information","Full 124: tissue",FALSE,FALSE,FALSE
"mv10p_outcome_v1:cad6a2fc326a44f976b5c338afd33a72edc01a10f2a204c5b8a0af563dfa4cfd",33,"full124_descriptive__tissue","full124_descriptive","tissue","allqc_residual_exact500","H1","hclust_average_v1","sensitivity",3,"adjusted_rand_index",0.0898988719369717,0.0850346521085778,0.0673156297990116,0.113661133065335,0.0084071366235003,5,5,"completed","All-QC Pearson residual (primary)","Average linkage","Adjusted Rand index","Full 124: tissue",FALSE,FALSE,FALSE
"mv10p_outcome_v1:8a9fe8999c64dbc7c994c9b656c5d26884bdfd493810d87e908be92ec9f51ef2",34,"full124_descriptive__tissue","full124_descriptive","tissue","allqc_residual_exact500","H1","hclust_average_v1","sensitivity",3,"normalized_mutual_information_max",0.155148724227679,0.153739258729671,0.126162569009994,0.202249659794619,0.01349654389107,5,5,"completed","All-QC Pearson residual (primary)","Average linkage","Normalized mutual information","Full 124: tissue",FALSE,FALSE,FALSE
"mv10p_outcome_v1:eb8bb9d8a551e5bfb144fcae80776ddecfd50d825f0dc26560fcba8a3fe6d8e0",35,"full124_descriptive__tissue","full124_descriptive","tissue","allqc_residual_exact500","H1","hclust_complete_v1","sensitivity",3,"adjusted_rand_index",0.0986902949333168,0.09633283356149,0.067480218660567,0.138781842541925,0.0115025920780561,5,5,"completed","All-QC Pearson residual (primary)","Complete linkage","Adjusted Rand index","Full 124: tissue",FALSE,FALSE,FALSE
"mv10p_outcome_v1:3880a0b419e5b2dbc51f24839eda1a043ad9e96dfa786bad2d91045936dc779d",36,"full124_descriptive__tissue","full124_descriptive","tissue","allqc_residual_exact500","H1","hclust_complete_v1","sensitivity",3,"normalized_mutual_information_max",0.180360703104726,0.190848604578785,0.131363635467267,0.217537386361414,0.0143134986850853,5,5,"completed","All-QC Pearson residual (primary)","Complete linkage","Normalized mutual information","Full 124: tissue",FALSE,FALSE,FALSE
"mv10p_outcome_v1:ad79c68796eb32cec30c097601bcf44df512328424b6369679c18cfc528323b8",37,"full124_descriptive__tissue","full124_descriptive","tissue","allqc_residual_exact500","H1","diana_dissimilarity_v1","sensitivity",3,"adjusted_rand_index",0.106770322099755,0.104175812472095,0.0941273267345004,0.123196416427934,0.00477151150243647,5,5,"completed","All-QC Pearson residual (primary)","DIANA","Adjusted Rand index","Full 124: tissue",FALSE,FALSE,FALSE
"mv10p_outcome_v1:211fd5f7580aac75d349db7732e634df17cc36e9a5f5c631f9f21c12756e9b1d",38,"full124_descriptive__tissue","full124_descriptive","tissue","allqc_residual_exact500","H1","diana_dissimilarity_v1","sensitivity",3,"normalized_mutual_information_max",0.199367081614608,0.194970513329935,0.186515970772624,0.222498884960577,0.00621373460602559,5,5,"completed","All-QC Pearson residual (primary)","DIANA","Normalized mutual information","Full 124: tissue",FALSE,FALSE,FALSE
"mv10p_outcome_v1:81a3005a080065788cafa8d6deae3ce9f83cbef7b884988dd9834fb43cb9e68a",39,"full124_descriptive__tissue","full124_descriptive","tissue","allqc_residual_exact500","H1","hclust_single_diagnostic_v1","diagnostic",3,"adjusted_rand_index",0.000126148796188739,0.000207408782585943,-0.00629218426570305,0.00630070189888892,0.00250341667199297,5,5,"completed","All-QC Pearson residual (primary)","Single linkage (diagnostic)","Adjusted Rand index","Full 124: tissue",FALSE,FALSE,FALSE
"mv10p_outcome_v1:eb55a97c4c1a4d949a3dd494e31caf069563784417a5ec6f41753be3c3d45725",40,"full124_descriptive__tissue","full124_descriptive","tissue","allqc_residual_exact500","H1","hclust_single_diagnostic_v1","diagnostic",3,"normalized_mutual_information_max",0.0206895287961531,0.0192143044716829,0.012684821171459,0.0358960549240684,0.00399578745368654,5,5,"completed","All-QC Pearson residual (primary)","Single linkage (diagnostic)","Normalized mutual information","Full 124: tissue",FALSE,FALSE,FALSE
"mv10p_outcome_v1:4ad27e3a7dc99f244157edd25a2b6293c64ae7a620e30bf96ed2a86710e372da",41,"full124_descriptive__tissue","full124_descriptive","tissue","existing_selectedfit_data_exact500","H0","pam_dissimilarity_v1","primary",2,"adjusted_rand_index",0.0475559790339262,0.0491936318741316,0.0436526718205935,0.0497991043287124,0.00127198318278681,5,5,"completed","Historical selected-fit data","PAM (primary)","Adjusted Rand index","Full 124: tissue",FALSE,FALSE,FALSE
"mv10p_outcome_v1:4056dce7bf6f667e91ecb4d7839c810e23de91a9ceff0c825557ab566399bc7c",42,"full124_descriptive__tissue","full124_descriptive","tissue","existing_selectedfit_data_exact500","H0","pam_dissimilarity_v1","primary",2,"normalized_mutual_information_max",0.109579454928881,0.110054094864928,0.105089088743533,0.112264299924117,0.0011950530914943,5,5,"completed","Historical selected-fit data","PAM (primary)","Normalized mutual information","Full 124: tissue",FALSE,FALSE,FALSE
"mv10p_outcome_v1:7bf6a3e627ecb4e362942935512c987f216c1dd1e2ac13880881bcfd059b1b45",43,"full124_descriptive__tissue","full124_descriptive","tissue","existing_selectedfit_data_exact500","H0","hclust_average_v1","sensitivity",2,"adjusted_rand_index",0.0457144452218839,0.0457144452218839,0.0457144452218839,0.0457144452218839,0,5,5,"completed","Historical selected-fit data","Average linkage","Adjusted Rand index","Full 124: tissue",FALSE,FALSE,FALSE
"mv10p_outcome_v1:398f40bf9fa8e793f01db5ff2de256fbdc5b23252bd94ef0db12205b27881d59",44,"full124_descriptive__tissue","full124_descriptive","tissue","existing_selectedfit_data_exact500","H0","hclust_average_v1","sensitivity",2,"normalized_mutual_information_max",0.109262218878589,0.109262218878589,0.109262218878589,0.109262218878589,0,5,5,"completed","Historical selected-fit data","Average linkage","Normalized mutual information","Full 124: tissue",FALSE,FALSE,FALSE
"mv10p_outcome_v1:c7cd38f96bc2d5a7da460fe0712862359ae455169c69be6085d8757504db6e43",45,"full124_descriptive__tissue","full124_descriptive","tissue","existing_selectedfit_data_exact500","H0","hclust_complete_v1","sensitivity",2,"adjusted_rand_index",0.0444926196531506,0.0457144452218839,0.0396053173782176,0.0457144452218839,0.00122182556873326,5,5,"completed","Historical selected-fit data","Complete linkage","Adjusted Rand index","Full 124: tissue",FALSE,FALSE,FALSE
"mv10p_outcome_v1:af2fed9259224138e84f734de8de5309ed84a2fb271b3dcc82a9d7999cdaf3bd",46,"full124_descriptive__tissue","full124_descriptive","tissue","existing_selectedfit_data_exact500","H0","hclust_complete_v1","sensitivity",2,"normalized_mutual_information_max",0.106812951954692,0.109262218878589,0.0970158842591047,0.109262218878589,0.00244926692389686,5,5,"completed","Historical selected-fit data","Complete linkage","Normalized mutual information","Full 124: tissue",FALSE,FALSE,FALSE
"mv10p_outcome_v1:ebff6c005ddf76ef781a8744be268930beb20b7e11d6fed5cbc7707c401a2605",47,"full124_descriptive__tissue","full124_descriptive","tissue","existing_selectedfit_data_exact500","H0","diana_dissimilarity_v1","sensitivity",2,"adjusted_rand_index",0.0478788326729611,0.0457144452218839,0.0436526718205935,0.055435185104118,0.00209195555004136,5,5,"completed","Historical selected-fit data","DIANA","Adjusted Rand index","Full 124: tissue",FALSE,FALSE,FALSE
"mv10p_outcome_v1:360693d9982113d1d9c462dd3ddeaedf20bad3dde7ee9d730fcfbe366f2e1984",48,"full124_descriptive__tissue","full124_descriptive","tissue","existing_selectedfit_data_exact500","H0","diana_dissimilarity_v1","sensitivity",2,"normalized_mutual_information_max",0.110088879041323,0.110054094864928,0.105089088743533,0.115593658672164,0.00167499461105006,5,5,"completed","Historical selected-fit data","DIANA","Normalized mutual information","Full 124: tissue",FALSE,FALSE,FALSE
"mv10p_outcome_v1:e041e2745453751e50e9e76ebfb3ec9c57361a4c7ed13a4ca1476d852fad151f",49,"full124_descriptive__tissue","full124_descriptive","tissue","existing_selectedfit_data_exact500","H0","hclust_single_diagnostic_v1","diagnostic",2,"adjusted_rand_index",-0.00648605103342684,-0.00702787332904092,-0.00702787332904092,-0.00431876185097052,0.00054182229561408,5,5,"completed","Historical selected-fit data","Single linkage (diagnostic)","Adjusted Rand index","Full 124: tissue",FALSE,FALSE,FALSE
"mv10p_outcome_v1:6b20e03aac0e2dc8326327b4ec768b1834bcb34bb9c695b27489cb2e615252ce",50,"full124_descriptive__tissue","full124_descriptive","tissue","existing_selectedfit_data_exact500","H0","hclust_single_diagnostic_v1","diagnostic",2,"normalized_mutual_information_max",0.0286795676424627,0.0326782542602136,0.0126848211714592,0.0326782542602136,0.00399868661775088,5,5,"completed","Historical selected-fit data","Single linkage (diagnostic)","Normalized mutual information","Full 124: tissue",FALSE,FALSE,FALSE
"mv10p_outcome_v1:d55ee69c2fb3c529ac5da6811c722ccb65ce9c31ffb049f4e0c365e9d8426d65",51,"full124_descriptive__tissue","full124_descriptive","tissue","existing_selectedfit_data_exact500","H1","pam_dissimilarity_v1","primary",3,"adjusted_rand_index",0.111747706502212,0.111584056723524,0.0857540599029383,0.131429851781036,0.00752771498671719,5,5,"completed","Historical selected-fit data","PAM (primary)","Adjusted Rand index","Full 124: tissue",FALSE,FALSE,FALSE
"mv10p_outcome_v1:ea46a7b5bedcf08439b34a0a1ff69c170b8be65eda6438551d5cb364b01be581",52,"full124_descriptive__tissue","full124_descriptive","tissue","existing_selectedfit_data_exact500","H1","pam_dissimilarity_v1","primary",3,"normalized_mutual_information_max",0.206849702486827,0.207805773897519,0.187876856695038,0.223336474995704,0.00575696747418095,5,5,"completed","Historical selected-fit data","PAM (primary)","Normalized mutual information","Full 124: tissue",FALSE,FALSE,FALSE
"mv10p_outcome_v1:c17451a9fbfe48885523d7b95a2fe843f2dd39c7fed8f838e22316db4981de40",53,"full124_descriptive__tissue","full124_descriptive","tissue","existing_selectedfit_data_exact500","H1","hclust_average_v1","sensitivity",3,"adjusted_rand_index",0.0729634874385531,0.0653897206246488,0.0545499037568463,0.0986864565057081,0.00820564474827946,5,5,"completed","Historical selected-fit data","Average linkage","Adjusted Rand index","Full 124: tissue",FALSE,FALSE,FALSE
"mv10p_outcome_v1:a2aa0c3506046312b187dbf31f9fd7e8cb007bce4799eac0c388af764a00b192",54,"full124_descriptive__tissue","full124_descriptive","tissue","existing_selectedfit_data_exact500","H1","hclust_average_v1","sensitivity",3,"normalized_mutual_information_max",0.152333544533591,0.151156123165945,0.130473537251906,0.182512518635947,0.00880347628739258,5,5,"completed","Historical selected-fit data","Average linkage","Normalized mutual information","Full 124: tissue",FALSE,FALSE,FALSE
"mv10p_outcome_v1:02a46966ed9b643deeed72f2da9951ab477f14b505f35ef1e59cd9c39fa53440",55,"full124_descriptive__tissue","full124_descriptive","tissue","existing_selectedfit_data_exact500","H1","hclust_complete_v1","sensitivity",3,"adjusted_rand_index",0.0833264410436149,0.0710726462103331,0.0685178036547416,0.136925662377634,0.0134120133365269,5,5,"completed","Historical selected-fit data","Complete linkage","Adjusted Rand index","Full 124: tissue",FALSE,FALSE,FALSE
"mv10p_outcome_v1:80b9972951de4472af896139f891873366cf7383dc43ec12f05a08f40cf310ef",56,"full124_descriptive__tissue","full124_descriptive","tissue","existing_selectedfit_data_exact500","H1","hclust_complete_v1","sensitivity",3,"normalized_mutual_information_max",0.175216987216771,0.162891509284619,0.142411639271792,0.258185452336334,0.0211893680177929,5,5,"completed","Historical selected-fit data","Complete linkage","Normalized mutual information","Full 124: tissue",FALSE,FALSE,FALSE
"mv10p_outcome_v1:ea9a785cb24552af3064fe8210ef87821329406a3191f661e1c3edb5fa767200",57,"full124_descriptive__tissue","full124_descriptive","tissue","existing_selectedfit_data_exact500","H1","diana_dissimilarity_v1","sensitivity",3,"adjusted_rand_index",0.0800929808569317,0.081436302760567,0.0698542454528345,0.0861894021534305,0.00271786524688077,5,5,"completed","Historical selected-fit data","DIANA","Adjusted Rand index","Full 124: tissue",FALSE,FALSE,FALSE
"mv10p_outcome_v1:4d0fbc1479ae56629586df8b313cefd122f8d5d88bf586aabfcf39c27f3cd6ad",58,"full124_descriptive__tissue","full124_descriptive","tissue","existing_selectedfit_data_exact500","H1","diana_dissimilarity_v1","sensitivity",3,"normalized_mutual_information_max",0.163156788750375,0.162928937379578,0.153589049549123,0.170887339933081,0.0028357917200755,5,5,"completed","Historical selected-fit data","DIANA","Normalized mutual information","Full 124: tissue",FALSE,FALSE,FALSE
"mv10p_outcome_v1:65fb8fabecc15ae8fb57fb117a3419ff3c82c5edeba81c7d5a68867d75213750",59,"full124_descriptive__tissue","full124_descriptive","tissue","existing_selectedfit_data_exact500","H1","hclust_single_diagnostic_v1","diagnostic",3,"adjusted_rand_index",0.00557885602673451,0.00692171783777165,0.00212578279835329,0.00692171783777165,0.000939807494888777,5,5,"completed","Historical selected-fit data","Single linkage (diagnostic)","Adjusted Rand index","Full 124: tissue",FALSE,FALSE,FALSE
"mv10p_outcome_v1:023ba4bf6945ca032431695cb185ee8c976e99330588908b75664b7372328936",60,"full124_descriptive__tissue","full124_descriptive","tissue","existing_selectedfit_data_exact500","H1","hclust_single_diagnostic_v1","diagnostic",3,"normalized_mutual_information_max",0.0212870456394428,0.0225645346431152,0.0192662504790659,0.0225645346431152,0.000782997523563057,5,5,"completed","Historical selected-fit data","Single linkage (diagnostic)","Normalized mutual information","Full 124: tissue",FALSE,FALSE,FALSE
"mv10p_outcome_v1:6f5a9d6e27225ed4ef8837687ea2aa74e787d09ff3fef99078f1ddd36a95560a",61,"full124_descriptive__study","full124_descriptive","study","allqc_data_exact500","H0","pam_dissimilarity_v1","primary",2,"adjusted_rand_index",0.0626396275856312,0.0631840769521659,0.0595149078790732,0.0667723961069696,0.00129903342691709,5,5,"completed","All-QC SCT data","PAM (primary)","Adjusted Rand index","Full 124: study",FALSE,FALSE,FALSE
"mv10p_outcome_v1:68640406345ca91e4fd20b8108bebb274c11a1c4910ca060c8121791cbf18d53",62,"full124_descriptive__study","full124_descriptive","study","allqc_data_exact500","H0","pam_dissimilarity_v1","primary",2,"normalized_mutual_information_max",0.139327728970972,0.140413256058742,0.136751554048893,0.140659392167136,0.000776786553408763,5,5,"completed","All-QC SCT data","PAM (primary)","Normalized mutual information","Full 124: study",FALSE,FALSE,FALSE
"mv10p_outcome_v1:7c7804bddf412fe0cdb29f390d952ace31e006b91c878accb42123b2e21c3e17",63,"full124_descriptive__study","full124_descriptive","study","allqc_data_exact500","H0","hclust_average_v1","sensitivity",2,"adjusted_rand_index",0.0602195175557168,0.0602195175557168,0.0602195175557168,0.0602195175557168,0,5,5,"completed","All-QC SCT data","Average linkage","Adjusted Rand index","Full 124: study",FALSE,FALSE,FALSE
"mv10p_outcome_v1:9806b6712e42489a7f72efae28a33052100517e121fa45a8d703ac7b556c4d8e",64,"full124_descriptive__study","full124_descriptive","study","allqc_data_exact500","H0","hclust_average_v1","sensitivity",2,"normalized_mutual_information_max",0.140413256058742,0.140413256058742,0.140413256058742,0.140413256058742,0,5,5,"completed","All-QC SCT data","Average linkage","Normalized mutual information","Full 124: study",FALSE,FALSE,FALSE
"mv10p_outcome_v1:412d39e54cf78f2cbfff1a4ae2499850c25354fe8bea32f79999104cb70fa881",65,"full124_descriptive__study","full124_descriptive","study","allqc_data_exact500","H0","hclust_complete_v1","sensitivity",2,"adjusted_rand_index",0.0647509737460308,0.0658138772544472,0.0602195175557168,0.0695775983827465,0.00194376731075919,5,5,"completed","All-QC SCT data","Complete linkage","Adjusted Rand index","Full 124: study",FALSE,FALSE,FALSE
"mv10p_outcome_v1:15babaaf46483db32a74594642f2b9069e69eccedb4aecf48dd491c916d27de9",66,"full124_descriptive__study","full124_descriptive","study","allqc_data_exact500","H0","hclust_complete_v1","sensitivity",2,"normalized_mutual_information_max",0.144055627192732,0.140413256058742,0.140022076683943,0.155050976926706,0.00286186366415044,5,5,"completed","All-QC SCT data","Complete linkage","Normalized mutual information","Full 124: study",FALSE,FALSE,FALSE
"mv10p_outcome_v1:85ffefae07f64dcd8affdfb7b24083197f3a11f244d3b20b1d719d00c306ab1e",67,"full124_descriptive__study","full124_descriptive","study","allqc_data_exact500","H0","diana_dissimilarity_v1","sensitivity",2,"adjusted_rand_index",0.0627432368823666,0.0635072394342304,0.0584439760295045,0.0667723961069696,0.00151312243104214,5,5,"completed","All-QC SCT data","DIANA","Adjusted Rand index","Full 124: study",FALSE,FALSE,FALSE
"mv10p_outcome_v1:61bf7c74c5a9bfbc7bb50c0d948b797310d53fcc53405a21b451247d097bb134",68,"full124_descriptive__study","full124_descriptive","study","allqc_data_exact500","H0","diana_dissimilarity_v1","sensitivity",2,"normalized_mutual_information_max",0.140591293173062,0.14051783728536,0.136751554048893,0.143757153675856,0.00113268872351863,5,5,"completed","All-QC SCT data","DIANA","Normalized mutual information","Full 124: study",FALSE,FALSE,FALSE
"mv10p_outcome_v1:16f79907d3a36dd216bec147c8245940bd26283cea23e3ead07240a2c4066fe6",69,"full124_descriptive__study","full124_descriptive","study","allqc_data_exact500","H0","hclust_single_diagnostic_v1","diagnostic",2,"adjusted_rand_index",0.00846229755262948,0.00846229755262948,0.00846229755262948,0.00846229755262948,0,5,5,"completed","All-QC SCT data","Single linkage (diagnostic)","Adjusted Rand index","Full 124: study",FALSE,FALSE,FALSE
"mv10p_outcome_v1:757a3e3cf6b8808391fa55cff8e1541245566260887133875c5ab4d1bef264b9",70,"full124_descriptive__study","full124_descriptive","study","allqc_data_exact500","H0","hclust_single_diagnostic_v1","diagnostic",2,"normalized_mutual_information_max",0.0436672020405922,0.0436672020405922,0.0436672020405922,0.0436672020405922,0,5,5,"completed","All-QC SCT data","Single linkage (diagnostic)","Normalized mutual information","Full 124: study",FALSE,FALSE,FALSE
"mv10p_outcome_v1:c5d2ccc019d99aac8b8b5e4293d3ee0ed74fbe66f04ba66e1c913669020eea3b",71,"full124_descriptive__study","full124_descriptive","study","allqc_data_exact500","H1","pam_dissimilarity_v1","primary",3,"adjusted_rand_index",0.124031200779912,0.124994199474268,0.110531704034004,0.140425576177964,0.00521944865924312,5,5,"completed","All-QC SCT data","PAM (primary)","Adjusted Rand index","Full 124: study",FALSE,FALSE,FALSE
"mv10p_outcome_v1:c1887dc78ceb4a62bfa17908202f7c1aa0ee7625d1f6becd33d12fa7aaba30e3",72,"full124_descriptive__study","full124_descriptive","study","allqc_data_exact500","H1","pam_dissimilarity_v1","primary",3,"normalized_mutual_information_max",0.240544016238027,0.242169044811493,0.23058600507985,0.247227438462938,0.00276575632378118,5,5,"completed","All-QC SCT data","PAM (primary)","Normalized mutual information","Full 124: study",FALSE,FALSE,FALSE
"mv10p_outcome_v1:a9452b2ae2c801ce8f1044a7ddac658d6f3d995492bde63678f545a5b63e897a",73,"full124_descriptive__study","full124_descriptive","study","allqc_data_exact500","H1","hclust_average_v1","sensitivity",3,"adjusted_rand_index",0.0862359407200656,0.0889519772163942,0.058351217245103,0.105140908929884,0.00762645059924057,5,5,"completed","All-QC SCT data","Average linkage","Adjusted Rand index","Full 124: study",FALSE,FALSE,FALSE
"mv10p_outcome_v1:d93bf6d546f0229030770001005e37455e924d60a8fd2062ad32da55fd4c27c9",74,"full124_descriptive__study","full124_descriptive","study","allqc_data_exact500","H1","hclust_average_v1","sensitivity",3,"normalized_mutual_information_max",0.193869596201158,0.195242605817189,0.175326628739136,0.211606398040752,0.00581635247881003,5,5,"completed","All-QC SCT data","Average linkage","Normalized mutual information","Full 124: study",FALSE,FALSE,FALSE
"mv10p_outcome_v1:eb201ae84f21b93dd3d2cb2aca835d88deb68ef8a0d3972b7a4050733d448b01",75,"full124_descriptive__study","full124_descriptive","study","allqc_data_exact500","H1","hclust_complete_v1","sensitivity",3,"adjusted_rand_index",0.0641968280381966,0.0553722900361514,0.0472297099294291,0.0998936312433519,0.00937213207433241,5,5,"completed","All-QC SCT data","Complete linkage","Adjusted Rand index","Full 124: study",FALSE,FALSE,FALSE
"mv10p_outcome_v1:913d9249717ba7092e5baaf07d24973f699038f16132440563a24ef5861018b6",76,"full124_descriptive__study","full124_descriptive","study","allqc_data_exact500","H1","hclust_complete_v1","sensitivity",3,"normalized_mutual_information_max",0.174578561517474,0.176618785340547,0.153569210618347,0.208750646502156,0.00980072583186269,5,5,"completed","All-QC SCT data","Complete linkage","Normalized mutual information","Full 124: study",FALSE,FALSE,FALSE
"mv10p_outcome_v1:9f650b2aed6a24126eabf43ef6bc975ca1d5321b27e701a214da1e4c5315b8d1",77,"full124_descriptive__study","full124_descriptive","study","allqc_data_exact500","H1","diana_dissimilarity_v1","sensitivity",3,"adjusted_rand_index",0.0627985971641261,0.0616966357987012,0.0579602865954569,0.0718332891118589,0.00241393466105445,5,5,"completed","All-QC SCT data","DIANA","Adjusted Rand index","Full 124: study",FALSE,FALSE,FALSE
"mv10p_outcome_v1:ec932f156444a205bf27427baf58ac1c706a595c435388bfb6917c3d0967c8e0",78,"full124_descriptive__study","full124_descriptive","study","allqc_data_exact500","H1","diana_dissimilarity_v1","sensitivity",3,"normalized_mutual_information_max",0.180876265433695,0.17965268144347,0.175530681079969,0.190795287352403,0.00266374702445065,5,5,"completed","All-QC SCT data","DIANA","Normalized mutual information","Full 124: study",FALSE,FALSE,FALSE
"mv10p_outcome_v1:dcf271bf34c13924e53027bad2d4d4101533ce743054c79e03133edc53cc188e",79,"full124_descriptive__study","full124_descriptive","study","allqc_data_exact500","H1","hclust_single_diagnostic_v1","diagnostic",3,"adjusted_rand_index",0.0036004640844284,0.00460740690398402,0.00194197002868972,0.00460740690398402,0.000618399510182784,5,5,"completed","All-QC SCT data","Single linkage (diagnostic)","Adjusted Rand index","Full 124: study",FALSE,FALSE,FALSE
"mv10p_outcome_v1:4cffb259b3808ee430410927c4c244db6c39837d8bc7b595882df19f51639e91",80,"full124_descriptive__study","full124_descriptive","study","allqc_data_exact500","H1","hclust_single_diagnostic_v1","diagnostic",3,"normalized_mutual_information_max",0.0210197842832632,0.0234668717461039,0.0170385533880542,0.0234668717461039,0.00150174435623043,5,5,"completed","All-QC SCT data","Single linkage (diagnostic)","Normalized mutual information","Full 124: study",FALSE,FALSE,FALSE
"mv10p_outcome_v1:4b4df675ca873c8e7f48a335130563ce3f6d3f2c64df107a58eac70478e324c3",81,"full124_descriptive__study","full124_descriptive","study","allqc_residual_exact500","H0","pam_dissimilarity_v1","primary",2,"adjusted_rand_index",0.0608807096572773,0.0612568294208103,0.0583798927314078,0.0628149420626393,0.000727333476724604,5,5,"completed","All-QC Pearson residual (primary)","PAM (primary)","Adjusted Rand index","Full 124: study",FALSE,FALSE,FALSE
"mv10p_outcome_v1:71d56eb14712e0019baa43b2a487dcee8073fca3722c05dc5a353bd9e384e0f3",82,"full124_descriptive__study","full124_descriptive","study","allqc_residual_exact500","H0","pam_dissimilarity_v1","primary",2,"normalized_mutual_information_max",0.131960215444627,0.130278666875578,0.128879046916507,0.138098753601199,0.00169141000948013,5,5,"completed","All-QC Pearson residual (primary)","PAM (primary)","Normalized mutual information","Full 124: study",FALSE,FALSE,FALSE
"mv10p_outcome_v1:810d8cb3ff3b435b873bec9d43349e023624ce4cbc466cc309287be27e3b5ba7",83,"full124_descriptive__study","full124_descriptive","study","allqc_residual_exact500","H0","hclust_average_v1","sensitivity",2,"adjusted_rand_index",0.0576927592712801,0.0597172859256793,0.0531095656874856,0.062307861500033,0.0019208554219052,5,5,"completed","All-QC Pearson residual (primary)","Average linkage","Adjusted Rand index","Full 124: study",FALSE,FALSE,FALSE
"mv10p_outcome_v1:9ccf6c463456065f55e174a5058e25360b6d734db46d5019ae2881b9f10f571b",84,"full124_descriptive__study","full124_descriptive","study","allqc_residual_exact500","H0","hclust_average_v1","sensitivity",2,"normalized_mutual_information_max",0.137273525240713,0.137465126999479,0.131448707028544,0.145591829088254,0.00271058862752439,5,5,"completed","All-QC Pearson residual (primary)","Average linkage","Normalized mutual information","Full 124: study",FALSE,FALSE,FALSE
"mv10p_outcome_v1:ba2a746f483f05e6349cffb3913dd6ebaffc299ce02671e5e1b3acb2bae9bd0e",85,"full124_descriptive__study","full124_descriptive","study","allqc_residual_exact500","H0","hclust_complete_v1","sensitivity",2,"adjusted_rand_index",0.063893475629926,0.0602195175557168,0.0531095656874856,0.0754810188531125,0.00406912623630193,5,5,"completed","All-QC Pearson residual (primary)","Complete linkage","Adjusted Rand index","Full 124: study",FALSE,FALSE,FALSE
"mv10p_outcome_v1:db6c42b5e5218f8440a9e3091060cd95d0acb9429cafdb7dbec3206387ef8a04",86,"full124_descriptive__study","full124_descriptive","study","allqc_residual_exact500","H0","hclust_complete_v1","sensitivity",2,"normalized_mutual_information_max",0.144116277369033,0.140413256058742,0.131448707028544,0.169675860506662,0.00686797542946705,5,5,"completed","All-QC Pearson residual (primary)","Complete linkage","Normalized mutual information","Full 124: study",FALSE,FALSE,FALSE
"mv10p_outcome_v1:006b55367f6a075ba81b5e68acfb7d90e64dd2a96cf798042d464d3c4991ef25",87,"full124_descriptive__study","full124_descriptive","study","allqc_residual_exact500","H0","diana_dissimilarity_v1","sensitivity",2,"adjusted_rand_index",0.0620702972028545,0.062281147884575,0.0583798927314078,0.0652641503824543,0.00123912883588485,5,5,"completed","All-QC Pearson residual (primary)","DIANA","Adjusted Rand index","Full 124: study",FALSE,FALSE,FALSE
"mv10p_outcome_v1:524a80239383effc7238af0e8e08df10e5e0449c17891aa9a09bb06343186ad9",88,"full124_descriptive__study","full124_descriptive","study","allqc_residual_exact500","H0","diana_dissimilarity_v1","sensitivity",2,"normalized_mutual_information_max",0.13614265795272,0.138098753601199,0.131774202401298,0.13913931954531,0.00148053227583032,5,5,"completed","All-QC Pearson residual (primary)","DIANA","Normalized mutual information","Full 124: study",FALSE,FALSE,FALSE
"mv10p_outcome_v1:3027287debfb03bb2d78a607907c6e1bb9e3b7b9b0cb6eef309ab9e4163bf8b5",89,"full124_descriptive__study","full124_descriptive","study","allqc_residual_exact500","H0","hclust_single_diagnostic_v1","diagnostic",2,"adjusted_rand_index",0.001216301499888,0.000531857311626038,0.000531857311626038,0.00286638144053319,0.000463182902854408,5,5,"completed","All-QC Pearson residual (primary)","Single linkage (diagnostic)","Adjusted Rand index","Full 124: study",FALSE,FALSE,FALSE
"mv10p_outcome_v1:b704c8ac211f3c70ad3a133c69058e3a5caa011dff863e2e3869c1f0c96739c0",90,"full124_descriptive__study","full124_descriptive","study","allqc_residual_exact500","H0","hclust_single_diagnostic_v1","diagnostic",2,"normalized_mutual_information_max",0.0108137112986197,0.00798999775124115,0.00798999775124115,0.01630144653198,0.00177392249573539,5,5,"completed","All-QC Pearson residual (primary)","Single linkage (diagnostic)","Normalized mutual information","Full 124: study",FALSE,FALSE,FALSE
"mv10p_outcome_v1:d5e1eb0f43b72078fb3319e2a119e9060935b162a62e8850a7ab923839978814",91,"full124_descriptive__study","full124_descriptive","study","allqc_residual_exact500","H1","pam_dissimilarity_v1","primary",3,"adjusted_rand_index",0.145932251172501,0.149506382602972,0.129032883351144,0.15475159788848,0.00443140939547457,5,5,"completed","All-QC Pearson residual (primary)","PAM (primary)","Adjusted Rand index","Full 124: study",FALSE,FALSE,FALSE
"mv10p_outcome_v1:08cc560212a06d5e50c79a85eec86eb7e3c9b91144e7cf6f26a9f2da5789a90d",92,"full124_descriptive__study","full124_descriptive","study","allqc_residual_exact500","H1","pam_dissimilarity_v1","primary",3,"normalized_mutual_information_max",0.253745921274996,0.252783119521685,0.245485981852784,0.259574624770046,0.00258310575184933,5,5,"completed","All-QC Pearson residual (primary)","PAM (primary)","Normalized mutual information","Full 124: study",FALSE,FALSE,FALSE
"mv10p_outcome_v1:47819f5aef1cddb12023e4ed4f0476f696b12c72ee3059398efdb4b0099b8d8a",93,"full124_descriptive__study","full124_descriptive","study","allqc_residual_exact500","H1","hclust_average_v1","sensitivity",3,"adjusted_rand_index",0.0773949819356245,0.0594282669069559,0.0415192067660939,0.157496454656524,0.0205646198243092,5,5,"completed","All-QC Pearson residual (primary)","Average linkage","Adjusted Rand index","Full 124: study",FALSE,FALSE,FALSE
"mv10p_outcome_v1:b2308652bf006d07cb9edda68c31f3abf41628a608c0ca395d43dde57eed1348",94,"full124_descriptive__study","full124_descriptive","study","allqc_residual_exact500","H1","hclust_average_v1","sensitivity",3,"normalized_mutual_information_max",0.166028954830767,0.151513556253783,0.12738216804898,0.258907602912658,0.0238344126841174,5,5,"completed","All-QC Pearson residual (primary)","Average linkage","Normalized mutual information","Full 124: study",FALSE,FALSE,FALSE
"mv10p_outcome_v1:cb60909c020e9f7b297d2a105049d752c5b2deb3888089892bc63e39039b2f8c",95,"full124_descriptive__study","full124_descriptive","study","allqc_residual_exact500","H1","hclust_complete_v1","sensitivity",3,"adjusted_rand_index",0.123569437014346,0.129897067709761,0.105464533754159,0.141694252539491,0.00681438642921165,5,5,"completed","All-QC Pearson residual (primary)","Complete linkage","Adjusted Rand index","Full 124: study",FALSE,FALSE,FALSE
"mv10p_outcome_v1:8f8c0a6f9036ddaff6b55a9dd13b14742cb7f082d70e41a42dcd12e0e2cd60f7",96,"full124_descriptive__study","full124_descriptive","study","allqc_residual_exact500","H1","hclust_complete_v1","sensitivity",3,"normalized_mutual_information_max",0.238728980907829,0.252451065119496,0.210690956614934,0.253582573812424,0.00907586912825973,5,5,"completed","All-QC Pearson residual (primary)","Complete linkage","Normalized mutual information","Full 124: study",FALSE,FALSE,FALSE
"mv10p_outcome_v1:d84dbabeec30c4a5aa4042ae66b7b900a7f312f23a0ff2206ac0fc858ed79fac",97,"full124_descriptive__study","full124_descriptive","study","allqc_residual_exact500","H1","diana_dissimilarity_v1","sensitivity",3,"adjusted_rand_index",0.0759163816077085,0.0718283386029113,0.0674963630300189,0.0892626499392756,0.00413424239783201,5,5,"completed","All-QC Pearson residual (primary)","DIANA","Adjusted Rand index","Full 124: study",FALSE,FALSE,FALSE
"mv10p_outcome_v1:d1724e4990c6628b7a6a0e8ef63252307e6c35ba458c62d23820251eea4b7b8b",98,"full124_descriptive__study","full124_descriptive","study","allqc_residual_exact500","H1","diana_dissimilarity_v1","sensitivity",3,"normalized_mutual_information_max",0.206863076427505,0.20316033976317,0.197635963675706,0.21856251014614,0.0043301688767521,5,5,"completed","All-QC Pearson residual (primary)","DIANA","Normalized mutual information","Full 124: study",FALSE,FALSE,FALSE
"mv10p_outcome_v1:2dcf4eaacca7db7b5257fa46a21eca635b00fc9e27a602aab57795f38269d801",99,"full124_descriptive__study","full124_descriptive","study","allqc_residual_exact500","H1","hclust_single_diagnostic_v1","diagnostic",3,"adjusted_rand_index",0.0031916976154538,0.00342276829274211,0.00134965072306877,0.0047272941511599,0.000560657112843576,5,5,"completed","All-QC Pearson residual (primary)","Single linkage (diagnostic)","Adjusted Rand index","Full 124: study",FALSE,FALSE,FALSE
"mv10p_outcome_v1:e8b8a3506a5de10856446f36d3bf95fe7f2f659df1f3c99c84d8aa9f41e65433",100,"full124_descriptive__study","full124_descriptive","study","allqc_residual_exact500","H1","hclust_single_diagnostic_v1","diagnostic",3,"normalized_mutual_information_max",0.0238448352438736,0.0221085654881337,0.0163014465319798,0.0340746707187925,0.00291709897667836,5,5,"completed","All-QC Pearson residual (primary)","Single linkage (diagnostic)","Normalized mutual information","Full 124: study",FALSE,FALSE,FALSE
"mv10p_outcome_v1:37e2d7732ee5b78c855befc39f48028767fae2d43fa1b683057649acf28cf78b",101,"full124_descriptive__study","full124_descriptive","study","existing_selectedfit_data_exact500","H0","pam_dissimilarity_v1","primary",2,"adjusted_rand_index",0.0630932724248119,0.0635072394342304,0.0584439760295045,0.0667723961069696,0.0013331939176669,5,5,"completed","Historical selected-fit data","PAM (primary)","Adjusted Rand index","Full 124: study",FALSE,FALSE,FALSE
"mv10p_outcome_v1:5f1f15842a67373380e23e11108945d6017848c0984c135ec9dc3e8fee524a3f",102,"full124_descriptive__study","full124_descriptive","study","existing_selectedfit_data_exact500","H0","pam_dissimilarity_v1","primary",2,"normalized_mutual_information_max",0.140310677610376,0.14051783728536,0.136751554048893,0.144470726626442,0.00133280110779073,5,5,"completed","Historical selected-fit data","PAM (primary)","Normalized mutual information","Full 124: study",FALSE,FALSE,FALSE
"mv10p_outcome_v1:65a3a1bd4a03309329a7a103903fb89858224d5f1413f946f7c0dcc688182340",103,"full124_descriptive__study","full124_descriptive","study","existing_selectedfit_data_exact500","H0","hclust_average_v1","sensitivity",2,"adjusted_rand_index",0.0602195175557168,0.0602195175557168,0.0602195175557168,0.0602195175557168,0,5,5,"completed","Historical selected-fit data","Average linkage","Adjusted Rand index","Full 124: study",FALSE,FALSE,FALSE
"mv10p_outcome_v1:1b506d02cdb0180db8cc87c02c3596143b294c337b5edb2a1ae631fee04547ff",104,"full124_descriptive__study","full124_descriptive","study","existing_selectedfit_data_exact500","H0","hclust_average_v1","sensitivity",2,"normalized_mutual_information_max",0.140413256058742,0.140413256058742,0.140413256058742,0.140413256058742,0,5,5,"completed","Historical selected-fit data","Average linkage","Normalized mutual information","Full 124: study",FALSE,FALSE,FALSE
"mv10p_outcome_v1:02eafbf6a522ddf43c7ad64d150dfda30d713c83851adef06caf566adc145814",105,"full124_descriptive__study","full124_descriptive","study","existing_selectedfit_data_exact500","H0","hclust_complete_v1","sensitivity",2,"adjusted_rand_index",0.0599266009628595,0.0602195175557168,0.0587549345914305,0.0602195175557168,0.000292916592857262,5,5,"completed","Historical selected-fit data","Complete linkage","Adjusted Rand index","Full 124: study",FALSE,FALSE,FALSE
"mv10p_outcome_v1:d49d7b66af2be19de28dea4268144f674c1067ba6ff6a2691b9ea251bbbffc92",106,"full124_descriptive__study","full124_descriptive","study","existing_selectedfit_data_exact500","H0","hclust_complete_v1","sensitivity",2,"normalized_mutual_information_max",0.138321995943541,0.140413256058742,0.129956955482739,0.140413256058742,0.0020912601152006,5,5,"completed","Historical selected-fit data","Complete linkage","Normalized mutual information","Full 124: study",FALSE,FALSE,FALSE
"mv10p_outcome_v1:5b55fc4874268d2e81f152c35d56d95379ca41deab5a81417569b839da3daaa8",107,"full124_descriptive__study","full124_descriptive","study","existing_selectedfit_data_exact500","H0","diana_dissimilarity_v1","sensitivity",2,"adjusted_rand_index",0.0627432368823666,0.0635072394342304,0.0584439760295045,0.0667723961069696,0.00151312243104214,5,5,"completed","Historical selected-fit data","DIANA","Adjusted Rand index","Full 124: study",FALSE,FALSE,FALSE
"mv10p_outcome_v1:3ab9ce6e7c15851418a740a40220f2d7430742d0c6070930891d9ef5e9574eed",108,"full124_descriptive__study","full124_descriptive","study","existing_selectedfit_data_exact500","H0","diana_dissimilarity_v1","sensitivity",2,"normalized_mutual_information_max",0.140591293173062,0.14051783728536,0.136751554048893,0.143757153675856,0.00113268872351863,5,5,"completed","Historical selected-fit data","DIANA","Normalized mutual information","Full 124: study",FALSE,FALSE,FALSE
"mv10p_outcome_v1:af0320b9270eacfdad05c0c5d342e4f232a82d65d7461d177b0112b063392c38",109,"full124_descriptive__study","full124_descriptive","study","existing_selectedfit_data_exact500","H0","hclust_single_diagnostic_v1","diagnostic",2,"adjusted_rand_index",0.00709374886690932,0.00846229755262948,0.0016195541240287,0.00846229755262948,0.00136854868572016,5,5,"completed","Historical selected-fit data","Single linkage (diagnostic)","Adjusted Rand index","Full 124: study",FALSE,FALSE,FALSE
"mv10p_outcome_v1:b4974809c16638845c0ff19a7ae14791f002792eb1511099c56972c228c54f3e",110,"full124_descriptive__study","full124_descriptive","study","existing_selectedfit_data_exact500","H0","hclust_single_diagnostic_v1","diagnostic",2,"normalized_mutual_information_max",0.0381940509388698,0.0436672020405922,0.01630144653198,0.0436672020405922,0.00547315110172244,5,5,"completed","Historical selected-fit data","Single linkage (diagnostic)","Normalized mutual information","Full 124: study",FALSE,FALSE,FALSE
"mv10p_outcome_v1:79940dda7c16a99e70c0f941bd65e37fa0016a6435ef389915a7c4a1638c9bfa",111,"full124_descriptive__study","full124_descriptive","study","existing_selectedfit_data_exact500","H1","pam_dissimilarity_v1","primary",3,"adjusted_rand_index",0.119982932879832,0.12021105558935,0.099406251645151,0.149290447298399,0.00837430924630195,5,5,"completed","Historical selected-fit data","PAM (primary)","Adjusted Rand index","Full 124: study",FALSE,FALSE,FALSE
"mv10p_outcome_v1:3328a2b0954b687ff065f091c09a77c1def9ee4ee504b15a09ca19157ab27a3e",112,"full124_descriptive__study","full124_descriptive","study","existing_selectedfit_data_exact500","H1","pam_dissimilarity_v1","primary",3,"normalized_mutual_information_max",0.237305064260409,0.236155804350378,0.225421802393054,0.251762164040497,0.00445770635585907,5,5,"completed","Historical selected-fit data","PAM (primary)","Normalized mutual information","Full 124: study",FALSE,FALSE,FALSE
"mv10p_outcome_v1:8e50989fe269ddb327a3de5ec45abe2c6471a326425002726ee58f86cfa89c1b",113,"full124_descriptive__study","full124_descriptive","study","existing_selectedfit_data_exact500","H1","hclust_average_v1","sensitivity",3,"adjusted_rand_index",0.0753913131610832,0.0811072410236471,0.0454806855342867,0.0944523716202581,0.00895085599619856,5,5,"completed","Historical selected-fit data","Average linkage","Adjusted Rand index","Full 124: study",FALSE,FALSE,FALSE
"mv10p_outcome_v1:e0661693292cac562a63ec8234679843959e118e80ad18e11213c1af37e23d73",114,"full124_descriptive__study","full124_descriptive","study","existing_selectedfit_data_exact500","H1","hclust_average_v1","sensitivity",3,"normalized_mutual_information_max",0.182692281476933,0.194191166531854,0.155838804950078,0.195242605817189,0.00788231743675451,5,5,"completed","Historical selected-fit data","Average linkage","Normalized mutual information","Full 124: study",FALSE,FALSE,FALSE
"mv10p_outcome_v1:a43bd1611530939b705cb4356091219438555be606515f3b2c76a8c4565491f1",115,"full124_descriptive__study","full124_descriptive","study","existing_selectedfit_data_exact500","H1","hclust_complete_v1","sensitivity",3,"adjusted_rand_index",0.0728829697499244,0.053427730788661,0.0472297099294291,0.153902425354733,0.0203230604564582,5,5,"completed","Historical selected-fit data","Complete linkage","Adjusted Rand index","Full 124: study",FALSE,FALSE,FALSE
"mv10p_outcome_v1:bf599aced4b0d75505413301035a7e67ed739d0b604764c55c5d124a5b7cb1ab",116,"full124_descriptive__study","full124_descriptive","study","existing_selectedfit_data_exact500","H1","hclust_complete_v1","sensitivity",3,"normalized_mutual_information_max",0.189624934510895,0.176780980802886,0.157173184323433,0.272554776490994,0.0210925024655036,5,5,"completed","Historical selected-fit data","Complete linkage","Normalized mutual information","Full 124: study",FALSE,FALSE,FALSE
"mv10p_outcome_v1:e7b73a7b465efc25b8d74213d44c522f8e185a56d5b9e802ec903ecb2a04e241",117,"full124_descriptive__study","full124_descriptive","study","existing_selectedfit_data_exact500","H1","diana_dissimilarity_v1","sensitivity",3,"adjusted_rand_index",0.0627215127296199,0.063002426007078,0.0595923713728453,0.0661892227641049,0.00107494577987195,5,5,"completed","Historical selected-fit data","DIANA","Adjusted Rand index","Full 124: study",FALSE,FALSE,FALSE
"mv10p_outcome_v1:cd91930ac0b75d294f00b057e34429a98f24e420ae80d51317f0100838d807cc",118,"full124_descriptive__study","full124_descriptive","study","existing_selectedfit_data_exact500","H1","diana_dissimilarity_v1","sensitivity",3,"normalized_mutual_information_max",0.179120052603235,0.179505176888255,0.177221341293857,0.181704698819176,0.000815148152107824,5,5,"completed","Historical selected-fit data","DIANA","Normalized mutual information","Full 124: study",FALSE,FALSE,FALSE
"mv10p_outcome_v1:1547d31c611ca8feb02246c3f5d4de484632bd865173754b5f1a1880536bdb1e",119,"full124_descriptive__study","full124_descriptive","study","existing_selectedfit_data_exact500","H1","hclust_single_diagnostic_v1","diagnostic",3,"adjusted_rand_index",0.00235659354262439,0.00253428933431068,0.00194197002868972,0.00253428933431068,0.000118463861124192,5,5,"completed","Historical selected-fit data","Single linkage (diagnostic)","Adjusted Rand index","Full 124: study",FALSE,FALSE,FALSE
"mv10p_outcome_v1:1c0f2b9118a9994a394b19e85f1d647b05ffd3fb3e6ec9dec11015e78445231f",120,"full124_descriptive__study","full124_descriptive","study","existing_selectedfit_data_exact500","H1","hclust_single_diagnostic_v1","diagnostic",3,"normalized_mutual_information_max",0.0177435764391493,0.0180065253392474,0.0170385533880542,0.0180065253392474,0.000188614723567505,5,5,"completed","Historical selected-fit data","Single linkage (diagnostic)","Normalized mutual information","Full 124: study",FALSE,FALSE,FALSE
"mv10p_outcome_v1:18f1b685ee868551df6db8128aae9d0cb185f75a33ce7ca48b0462de944557c0",121,"full124_descriptive__canonical_approach","full124_descriptive","canonical_approach","allqc_data_exact500","H0","pam_dissimilarity_v1","primary",2,"adjusted_rand_index",-0.0556946866314231,-0.0554134267837784,-0.0578946058973475,-0.0534469960010538,0.000721887364061074,5,5,"completed","All-QC SCT data","PAM (primary)","Adjusted Rand index","Full 124: approach (confounded diagnostic)",FALSE,FALSE,FALSE
"mv10p_outcome_v1:cf4f1ccf7e15be971b11997e3da3c9897312524ff147aa4695183b21c60c5f54",122,"full124_descriptive__canonical_approach","full124_descriptive","canonical_approach","allqc_data_exact500","H0","pam_dissimilarity_v1","primary",2,"normalized_mutual_information_max",0.0241775502137527,0.0243822360717391,0.022800244146702,0.0254753071787115,0.000434380058242795,5,5,"completed","All-QC SCT data","PAM (primary)","Normalized mutual information","Full 124: approach (confounded diagnostic)",FALSE,FALSE,FALSE
"mv10p_outcome_v1:0a62e761b6bf3c2c93fec559d83f8a180453841904699bfbd8d39af72a88e1e9",123,"full124_descriptive__canonical_approach","full124_descriptive","canonical_approach","allqc_data_exact500","H0","hclust_average_v1","sensitivity",2,"adjusted_rand_index",-0.0578946058973475,-0.0578946058973475,-0.0578946058973475,-0.0578946058973475,0,5,5,"completed","All-QC SCT data","Average linkage","Adjusted Rand index","Full 124: approach (confounded diagnostic)",FALSE,FALSE,FALSE
"mv10p_outcome_v1:361d0370f69d3ba6c635b109ef4582ae8d56b20661e293b110f7b597a144731a",124,"full124_descriptive__canonical_approach","full124_descriptive","canonical_approach","allqc_data_exact500","H0","hclust_average_v1","sensitivity",2,"normalized_mutual_information_max",0.022800244146702,0.022800244146702,0.022800244146702,0.022800244146702,0,5,5,"completed","All-QC SCT data","Average linkage","Normalized mutual information","Full 124: approach (confounded diagnostic)",FALSE,FALSE,FALSE
"mv10p_outcome_v1:1ae6a9709f0b2a5e351697c65902a37005cde20dfd596afb8d69d4980bd738eb",125,"full124_descriptive__canonical_approach","full124_descriptive","canonical_approach","allqc_data_exact500","H0","hclust_complete_v1","sensitivity",2,"adjusted_rand_index",-0.0217782674796129,-0.052375175707161,-0.0578946058973475,0.0449348971749823,0.0215638502543524,5,5,"completed","All-QC SCT data","Complete linkage","Adjusted Rand index","Full 124: approach (confounded diagnostic)",FALSE,FALSE,FALSE
"mv10p_outcome_v1:f10fef8233907f894b5453c109720ca58da419f47f2d01f32116d894d145df9c",126,"full124_descriptive__canonical_approach","full124_descriptive","canonical_approach","allqc_data_exact500","H0","hclust_complete_v1","sensitivity",2,"normalized_mutual_information_max",0.0377201369725248,0.0260348782422394,0.022800244146702,0.0643536260936532,0.00869727783939488,5,5,"completed","All-QC SCT data","Complete linkage","Normalized mutual information","Full 124: approach (confounded diagnostic)",FALSE,FALSE,FALSE
"mv10p_outcome_v1:5540499f3d6dac7494ac0775a36d0009e710e58922ef7835cce574bafb4a8bb6",127,"full124_descriptive__canonical_approach","full124_descriptive","canonical_approach","allqc_data_exact500","H0","diana_dissimilarity_v1","sensitivity",2,"adjusted_rand_index",-0.0564445931509196,-0.0563049776911573,-0.0578946058973475,-0.0554134267837784,0.000401517027742315,5,5,"completed","All-QC SCT data","DIANA","Adjusted Rand index","Full 124: approach (confounded diagnostic)",FALSE,FALSE,FALSE
"mv10p_outcome_v1:26e80f10746d18cfb167c6149bb8c9d8a29d1f076fee87395580ea6f355a9d50",128,"full124_descriptive__canonical_approach","full124_descriptive","canonical_approach","allqc_data_exact500","H0","diana_dissimilarity_v1","sensitivity",2,"normalized_mutual_information_max",0.0237451326036112,0.0238477275998717,0.022800244146702,0.0243822360717391,0.000257904267594966,5,5,"completed","All-QC SCT data","DIANA","Normalized mutual information","Full 124: approach (confounded diagnostic)",FALSE,FALSE,FALSE
"mv10p_outcome_v1:1d224d8ea54f8426dae69437cdd385ffd35a713206a1f81c3c981f89cf1f5467",129,"full124_descriptive__canonical_approach","full124_descriptive","canonical_approach","allqc_data_exact500","H0","hclust_single_diagnostic_v1","diagnostic",2,"adjusted_rand_index",-0.0423304719359392,-0.0423304719359392,-0.0423304719359392,-0.0423304719359392,0,5,5,"completed","All-QC SCT data","Single linkage (diagnostic)","Adjusted Rand index","Full 124: approach (confounded diagnostic)",FALSE,FALSE,FALSE
"mv10p_outcome_v1:8663a5ee9792cdde462d28a2304cd9939b5917fa717f9036aa4cbb485b24e60b",130,"full124_descriptive__canonical_approach","full124_descriptive","canonical_approach","allqc_data_exact500","H0","hclust_single_diagnostic_v1","diagnostic",2,"normalized_mutual_information_max",0.0105419912646886,0.0105419912646886,0.0105419912646886,0.0105419912646886,0,5,5,"completed","All-QC SCT data","Single linkage (diagnostic)","Normalized mutual information","Full 124: approach (confounded diagnostic)",FALSE,FALSE,FALSE
"mv10p_outcome_v1:60781da600c8112571dedf8aa402e59d8be3de005bbf2048ac3744142bcf61f7",131,"full124_descriptive__canonical_approach","full124_descriptive","canonical_approach","allqc_data_exact500","H1","pam_dissimilarity_v1","primary",3,"adjusted_rand_index",0.0151835653196138,0.00665082494036307,0.00179011081118396,0.0417487063600408,0.00741466223164663,5,5,"completed","All-QC SCT data","PAM (primary)","Adjusted Rand index","Full 124: approach (confounded diagnostic)",FALSE,FALSE,FALSE
"mv10p_outcome_v1:4065192140c45017bf41ed0c17c4ea495f9a757855d8466059519b7be7312559",132,"full124_descriptive__canonical_approach","full124_descriptive","canonical_approach","allqc_data_exact500","H1","pam_dissimilarity_v1","primary",3,"normalized_mutual_information_max",0.053056606101841,0.0488444052430303,0.0472166678472813,0.065578635992582,0.00347997354856791,5,5,"completed","All-QC SCT data","PAM (primary)","Normalized mutual information","Full 124: approach (confounded diagnostic)",FALSE,FALSE,FALSE
"mv10p_outcome_v1:a2b8cac969fcd6bf76f3806c6ae58872933644d018902332c7461f8389bbc286",133,"full124_descriptive__canonical_approach","full124_descriptive","canonical_approach","allqc_data_exact500","H1","hclust_average_v1","sensitivity",3,"adjusted_rand_index",0.0127311423867764,-0.0126864293714765,-0.0146929690284036,0.0802930413615841,0.0183658570979115,5,5,"completed","All-QC SCT data","Average linkage","Adjusted Rand index","Full 124: approach (confounded diagnostic)",FALSE,FALSE,FALSE
"mv10p_outcome_v1:7838790b561ad41227e53590d78fa94ff10de66588b569da4a2ac68204a302a7",134,"full124_descriptive__canonical_approach","full124_descriptive","canonical_approach","allqc_data_exact500","H1","hclust_average_v1","sensitivity",3,"normalized_mutual_information_max",0.0319397082242883,0.0226644771890955,0.0204435255916541,0.0593895947990696,0.00732390390320716,5,5,"completed","All-QC SCT data","Average linkage","Normalized mutual information","Full 124: approach (confounded diagnostic)",FALSE,FALSE,FALSE
"mv10p_outcome_v1:a352bc09fc9d6f575b8890cfc6f726a98a8c9855d2102f5c765e27fba4fd3ce7",135,"full124_descriptive__canonical_approach","full124_descriptive","canonical_approach","allqc_data_exact500","H1","hclust_complete_v1","sensitivity",3,"adjusted_rand_index",0.0870197021332776,0.09554778063098,-0.0132946991648203,0.165346189504148,0.0286956526346763,5,5,"completed","All-QC SCT data","Complete linkage","Adjusted Rand index","Full 124: approach (confounded diagnostic)",FALSE,FALSE,FALSE
"mv10p_outcome_v1:9c4c43c15165fcbd4cde5ff06564202097eaf63439e2b034a5e339f5b6f2fb26",136,"full124_descriptive__canonical_approach","full124_descriptive","canonical_approach","allqc_data_exact500","H1","hclust_complete_v1","sensitivity",3,"normalized_mutual_information_max",0.0615268435791978,0.0664521416926452,0.023377247551217,0.0766713490702507,0.00986065534933007,5,5,"completed","All-QC SCT data","Complete linkage","Normalized mutual information","Full 124: approach (confounded diagnostic)",FALSE,FALSE,FALSE
"mv10p_outcome_v1:6501d0f09c9b135507d7d73e22d39619f76a4ecd5921e214e6ea598bf7c2abf4",137,"full124_descriptive__canonical_approach","full124_descriptive","canonical_approach","allqc_data_exact500","H1","diana_dissimilarity_v1","sensitivity",3,"adjusted_rand_index",0.0510576368056878,0.0476717353359546,0.0410078136572359,0.0711292989576637,0.00529795511289022,5,5,"completed","All-QC SCT data","DIANA","Adjusted Rand index","Full 124: approach (confounded diagnostic)",FALSE,FALSE,FALSE
"mv10p_outcome_v1:e660486b5fccdbcfd277be550f6c3084b67f985eccd090600dd5af15f690324c",138,"full124_descriptive__canonical_approach","full124_descriptive","canonical_approach","allqc_data_exact500","H1","diana_dissimilarity_v1","sensitivity",3,"normalized_mutual_information_max",0.0496351514373248,0.0485083934087366,0.0462901835941708,0.0563161974960794,0.00176337632464457,5,5,"completed","All-QC SCT data","DIANA","Normalized mutual information","Full 124: approach (confounded diagnostic)",FALSE,FALSE,FALSE
"mv10p_outcome_v1:94ea9d1507b3d12506adc38cece0f79e8a1646ae75da8236efc670bf0bddbc2d",139,"full124_descriptive__canonical_approach","full124_descriptive","canonical_approach","allqc_data_exact500","H1","hclust_single_diagnostic_v1","diagnostic",3,"adjusted_rand_index",0.172018556617015,0.22094373107297,-0.0236821412068048,0.22094373107297,0.048925174455955,5,5,"completed","All-QC SCT data","Single linkage (diagnostic)","Adjusted Rand index","Full 124: approach (confounded diagnostic)",FALSE,FALSE,FALSE
"mv10p_outcome_v1:c41f1e60771939b397a82f95d4920abd0856c5b9da79eb6392d62dee34aefaa9",140,"full124_descriptive__canonical_approach","full124_descriptive","canonical_approach","allqc_data_exact500","H1","hclust_single_diagnostic_v1","diagnostic",3,"normalized_mutual_information_max",0.105881005442799,0.131310371204904,0.00416354239437732,0.131310371204904,0.0254293657621053,5,5,"completed","All-QC SCT data","Single linkage (diagnostic)","Normalized mutual information","Full 124: approach (confounded diagnostic)",FALSE,FALSE,FALSE
"mv10p_outcome_v1:63a9b6f560a25b54304b8f05bc38cc9cfc6b0bb57c91b4ff3591054919b582c6",141,"full124_descriptive__canonical_approach","full124_descriptive","canonical_approach","allqc_residual_exact500","H0","pam_dissimilarity_v1","primary",2,"adjusted_rand_index",-0.0521149838222884,-0.052375175707161,-0.0534469960010538,-0.0500598972010598,0.000655552439735682,5,5,"completed","All-QC Pearson residual (primary)","PAM (primary)","Adjusted Rand index","Full 124: approach (confounded diagnostic)",FALSE,FALSE,FALSE
"mv10p_outcome_v1:cba492122a9badd9dddce5df32579f2452abbce70117c99e23332c84d0a0beeb",142,"full124_descriptive__canonical_approach","full124_descriptive","canonical_approach","allqc_residual_exact500","H0","pam_dissimilarity_v1","primary",2,"normalized_mutual_information_max",0.0261543908868324,0.0260348782422394,0.0254753071787115,0.0271826437357445,0.00033135188075523,5,5,"completed","All-QC Pearson residual (primary)","PAM (primary)","Normalized mutual information","Full 124: approach (confounded diagnostic)",FALSE,FALSE,FALSE
"mv10p_outcome_v1:47c8945d0fcac2e6f40beca0c3490d0a77e852d7655883f0ad721ee44a274a95",143,"full124_descriptive__canonical_approach","full124_descriptive","canonical_approach","allqc_residual_exact500","H0","hclust_average_v1","sensitivity",2,"adjusted_rand_index",-0.0584061694856611,-0.0585874361149945,-0.0592079832901285,-0.0571328388357064,0.000400108522402438,5,5,"completed","All-QC Pearson residual (primary)","Average linkage","Adjusted Rand index","Full 124: approach (confounded diagnostic)",FALSE,FALSE,FALSE
"mv10p_outcome_v1:58ca5409fdb0a0377ad8fe7850b6530f6fba814f5be930d280b8ee3928c7a899",144,"full124_descriptive__canonical_approach","full124_descriptive","canonical_approach","allqc_residual_exact500","H0","hclust_average_v1","sensitivity",2,"normalized_mutual_information_max",0.0223926338319292,0.0222862486026443,0.0217780552367203,0.0233205659368589,0.000299494213337781,5,5,"completed","All-QC Pearson residual (primary)","Average linkage","Normalized mutual information","Full 124: approach (confounded diagnostic)",FALSE,FALSE,FALSE
"mv10p_outcome_v1:5ef99e6d8d86d2b01f0838da18a2fbc3ebfaf0273298d7ee5892992de69cb5ba",145,"full124_descriptive__canonical_approach","full124_descriptive","canonical_approach","allqc_residual_exact500","H0","hclust_complete_v1","sensitivity",2,"adjusted_rand_index",-0.0173630650697633,-0.0578946058973475,-0.0592079832901285,0.0980824333259864,0.0304034737207282,5,5,"completed","All-QC Pearson residual (primary)","Complete linkage","Adjusted Rand index","Full 124: approach (confounded diagnostic)",FALSE,FALSE,FALSE
"mv10p_outcome_v1:d76564226e6504305d7756f841493f26ef2b9eb0e8f7c9dda07c450600a47d1f",146,"full124_descriptive__canonical_approach","full124_descriptive","canonical_approach","allqc_residual_exact500","H0","hclust_complete_v1","sensitivity",2,"normalized_mutual_information_max",0.039240404824259,0.022800244146702,0.0217780552367203,0.0856453903306095,0.0123205034247869,5,5,"completed","All-QC Pearson residual (primary)","Complete linkage","Normalized mutual information","Full 124: approach (confounded diagnostic)",FALSE,FALSE,FALSE
"mv10p_outcome_v1:c9d3f4057115ebdf1054a67944e96c9748023673e0d169754a26d083f8008b50",147,"full124_descriptive__canonical_approach","full124_descriptive","canonical_approach","allqc_residual_exact500","H0","diana_dissimilarity_v1","sensitivity",2,"adjusted_rand_index",-0.0538285601035847,-0.0534469960010538,-0.0554134267837784,-0.052375175707161,0.000515474902217415,5,5,"completed","All-QC Pearson residual (primary)","DIANA","Adjusted Rand index","Full 124: approach (confounded diagnostic)",FALSE,FALSE,FALSE
"mv10p_outcome_v1:09c84edf962bbdd14a67cfb8258c9d13bbbed50924db844ac74f719905fc9ef7",148,"full124_descriptive__canonical_approach","full124_descriptive","canonical_approach","allqc_residual_exact500","H0","diana_dissimilarity_v1","sensitivity",2,"normalized_mutual_information_max",0.0252584647138151,0.0254753071787115,0.0243822360717391,0.0260348782422394,0.00028072272473112,5,5,"completed","All-QC Pearson residual (primary)","DIANA","Normalized mutual information","Full 124: approach (confounded diagnostic)",FALSE,FALSE,FALSE
"mv10p_outcome_v1:56a19b09cdd3f9b58ecc62adb578f4372526262fb062422367cfc4af3eb1bc03",149,"full124_descriptive__canonical_approach","full124_descriptive","canonical_approach","allqc_residual_exact500","H0","hclust_single_diagnostic_v1","diagnostic",2,"adjusted_rand_index",-0.0154289783847212,-0.0134115674769479,-0.0234986220158146,-0.0134115674769479,0.00201741090777334,5,5,"completed","All-QC Pearson residual (primary)","Single linkage (diagnostic)","Adjusted Rand index","Full 124: approach (confounded diagnostic)",FALSE,FALSE,FALSE
"mv10p_outcome_v1:fd9f5cb1cc99509d66b35ff903ffb3eb5ccbd653de91be94675da7af24052332",150,"full124_descriptive__canonical_approach","full124_descriptive","canonical_approach","allqc_residual_exact500","H0","hclust_single_diagnostic_v1","diagnostic",2,"normalized_mutual_information_max",0.00249118322585064,0.0020730934337189,0.0020730934337189,0.00416354239437761,0.000418089792131742,5,5,"completed","All-QC Pearson residual (primary)","Single linkage (diagnostic)","Normalized mutual information","Full 124: approach (confounded diagnostic)",FALSE,FALSE,FALSE
"mv10p_outcome_v1:d09a35685f88df44c843cc6dc6025113d1bd7b7b0a1dc2f3f021513db08e5b72",151,"full124_descriptive__canonical_approach","full124_descriptive","canonical_approach","allqc_residual_exact500","H1","pam_dissimilarity_v1","primary",3,"adjusted_rand_index",0.0417998850207866,0.0484341762864669,0.0165176359274871,0.0642822477896036,0.0102305227025122,5,5,"completed","All-QC Pearson residual (primary)","PAM (primary)","Adjusted Rand index","Full 124: approach (confounded diagnostic)",FALSE,FALSE,FALSE
"mv10p_outcome_v1:68c2f4ec5730e5eb9d85f12f8ef6b6abd0d273906d3d31da97266798f80c0fd1",152,"full124_descriptive__canonical_approach","full124_descriptive","canonical_approach","allqc_residual_exact500","H1","pam_dissimilarity_v1","primary",3,"normalized_mutual_information_max",0.0656860488065701,0.0681977515357539,0.0527869143935793,0.0768567638832241,0.00514580047283265,5,5,"completed","All-QC Pearson residual (primary)","PAM (primary)","Normalized mutual information","Full 124: approach (confounded diagnostic)",FALSE,FALSE,FALSE
"mv10p_outcome_v1:f75c21b71e501e53d0887475b17270bcfa89a705023eecf5bd2e5064469b697d",153,"full124_descriptive__canonical_approach","full124_descriptive","canonical_approach","allqc_residual_exact500","H1","hclust_average_v1","sensitivity",3,"adjusted_rand_index",0.143666526115189,0.127143790993691,0.084290180094546,0.253365003958828,0.0287419365275233,5,5,"completed","All-QC Pearson residual (primary)","Average linkage","Adjusted Rand index","Full 124: approach (confounded diagnostic)",FALSE,FALSE,FALSE
"mv10p_outcome_v1:1be4a50d278636c7f8f6a333ac6a6865d8877ef4bed6d04bb60eea58d268d0c4",154,"full124_descriptive__canonical_approach","full124_descriptive","canonical_approach","allqc_residual_exact500","H1","hclust_average_v1","sensitivity",3,"normalized_mutual_information_max",0.104028195086249,0.0926237012447509,0.0883160001370021,0.15087081705268,0.0118020257759742,5,5,"completed","All-QC Pearson residual (primary)","Average linkage","Normalized mutual information","Full 124: approach (confounded diagnostic)",FALSE,FALSE,FALSE
"mv10p_outcome_v1:af76a8acc5bacd7f51a58d60238ec5267d239548275d631dfd23fd303047034f",155,"full124_descriptive__canonical_approach","full124_descriptive","canonical_approach","allqc_residual_exact500","H1","hclust_complete_v1","sensitivity",3,"adjusted_rand_index",0.0547854061293272,0.0419083422751827,-0.00636503854438852,0.142841385917393,0.0243553227075812,5,5,"completed","All-QC Pearson residual (primary)","Complete linkage","Adjusted Rand index","Full 124: approach (confounded diagnostic)",FALSE,FALSE,FALSE
"mv10p_outcome_v1:cd6b30340dc5df3a24f34297f58bd9fa438874958aad06284158b7d311e17e8e",156,"full124_descriptive__canonical_approach","full124_descriptive","canonical_approach","allqc_residual_exact500","H1","hclust_complete_v1","sensitivity",3,"normalized_mutual_information_max",0.0695520483117767,0.0646716102517019,0.0356438290005829,0.131431213231081,0.0164416012768845,5,5,"completed","All-QC Pearson residual (primary)","Complete linkage","Normalized mutual information","Full 124: approach (confounded diagnostic)",FALSE,FALSE,FALSE
"mv10p_outcome_v1:0533d8bd4a1682a77b562e65930958de4857c671013410978c961d2373a36487",157,"full124_descriptive__canonical_approach","full124_descriptive","canonical_approach","allqc_residual_exact500","H1","diana_dissimilarity_v1","sensitivity",3,"adjusted_rand_index",0.109574624197986,0.125543232520794,0.0720538766486759,0.131050595544432,0.0118074914014596,5,5,"completed","All-QC Pearson residual (primary)","DIANA","Adjusted Rand index","Full 124: approach (confounded diagnostic)",FALSE,FALSE,FALSE
"mv10p_outcome_v1:aa7629451b930ad02b6c464f45de045f3e72be8696bb49e7b8538817b72bb250",158,"full124_descriptive__canonical_approach","full124_descriptive","canonical_approach","allqc_residual_exact500","H1","diana_dissimilarity_v1","sensitivity",3,"normalized_mutual_information_max",0.107244795761477,0.118595537182909,0.0817495380732984,0.126181065277486,0.00888839199876106,5,5,"completed","All-QC Pearson residual (primary)","DIANA","Normalized mutual information","Full 124: approach (confounded diagnostic)",FALSE,FALSE,FALSE
"mv10p_outcome_v1:f0146775b95bb8cced639e3ab70c81309e940963aff7474ec7d421e36bb1b9d0",159,"full124_descriptive__canonical_approach","full124_descriptive","canonical_approach","allqc_residual_exact500","H1","hclust_single_diagnostic_v1","diagnostic",3,"adjusted_rand_index",-0.0281007242501739,-0.0236821412068048,-0.0378489940868986,-0.0236821412068048,0.00288012850526284,5,5,"completed","All-QC Pearson residual (primary)","Single linkage (diagnostic)","Adjusted Rand index","Full 124: approach (confounded diagnostic)",FALSE,FALSE,FALSE
"mv10p_outcome_v1:a3dd837f9ead39fb61a35d6fc7d054505b60d8d67b62541c15677713b6fb9d33",160,"full124_descriptive__canonical_approach","full124_descriptive","canonical_approach","allqc_residual_exact500","H1","hclust_single_diagnostic_v1","diagnostic",3,"normalized_mutual_information_max",0.00543199080215378,0.00416354239437732,0.00416354239437732,0.00839768683389442,0.000846381941182281,5,5,"completed","All-QC Pearson residual (primary)","Single linkage (diagnostic)","Normalized mutual information","Full 124: approach (confounded diagnostic)",FALSE,FALSE,FALSE
"mv10p_outcome_v1:8037b90e23aa7356f31fc045f999dd412c822d53682539a429ecf4f33265ea3c",161,"full124_descriptive__canonical_approach","full124_descriptive","canonical_approach","existing_selectedfit_data_exact500","H0","pam_dissimilarity_v1","primary",2,"adjusted_rand_index",-0.0557206434005706,-0.0563049776911573,-0.0571328388357064,-0.0534469960010538,0.000630120767007881,5,5,"completed","Historical selected-fit data","PAM (primary)","Adjusted Rand index","Full 124: approach (confounded diagnostic)",FALSE,FALSE,FALSE
"mv10p_outcome_v1:eda509ed1fc2c6f43e13941e4ff35321c57fe04b52fea679bb68d0c190ab9bd5",162,"full124_descriptive__canonical_approach","full124_descriptive","canonical_approach","existing_selectedfit_data_exact500","H0","pam_dissimilarity_v1","primary",2,"normalized_mutual_information_max",0.0241747128774106,0.0238477275998717,0.0233205659368589,0.0254753071787115,0.000365924661116799,5,5,"completed","Historical selected-fit data","PAM (primary)","Normalized mutual information","Full 124: approach (confounded diagnostic)",FALSE,FALSE,FALSE
"mv10p_outcome_v1:79d920ae24e432163b78278064c5921a3e5c2e97121f4756309759cef01787c2",163,"full124_descriptive__canonical_approach","full124_descriptive","canonical_approach","existing_selectedfit_data_exact500","H0","hclust_average_v1","sensitivity",2,"adjusted_rand_index",-0.0578946058973475,-0.0578946058973475,-0.0578946058973475,-0.0578946058973475,0,5,5,"completed","Historical selected-fit data","Average linkage","Adjusted Rand index","Full 124: approach (confounded diagnostic)",FALSE,FALSE,FALSE
"mv10p_outcome_v1:87042caef2b09bbc1be8a1c1632611c11b6937c3bc851274fdbc894937a8bf9a",164,"full124_descriptive__canonical_approach","full124_descriptive","canonical_approach","existing_selectedfit_data_exact500","H0","hclust_average_v1","sensitivity",2,"normalized_mutual_information_max",0.022800244146702,0.022800244146702,0.022800244146702,0.022800244146702,0,5,5,"completed","Historical selected-fit data","Average linkage","Normalized mutual information","Full 124: approach (confounded diagnostic)",FALSE,FALSE,FALSE
"mv10p_outcome_v1:6f59023bb07d6b46544c21131c50561ff2800ff70843683c59e3666239845dea",165,"full124_descriptive__canonical_approach","full124_descriptive","canonical_approach","existing_selectedfit_data_exact500","H0","hclust_complete_v1","sensitivity",2,"adjusted_rand_index",-0.05632766415809,-0.0578946058973475,-0.0578946058973475,-0.0500598972010598,0.00156694173925754,5,5,"completed","Historical selected-fit data","Complete linkage","Adjusted Rand index","Full 124: approach (confounded diagnostic)",FALSE,FALSE,FALSE
"mv10p_outcome_v1:c506cf925910a3cef55aaf1504b144feff27bdd413f16c8e72e17af06baf4447",166,"full124_descriptive__canonical_approach","full124_descriptive","canonical_approach","existing_selectedfit_data_exact500","H0","hclust_complete_v1","sensitivity",2,"normalized_mutual_information_max",0.0236767240645105,0.022800244146702,0.022800244146702,0.0271826437357445,0.000876479917808501,5,5,"completed","Historical selected-fit data","Complete linkage","Normalized mutual information","Full 124: approach (confounded diagnostic)",FALSE,FALSE,FALSE
"mv10p_outcome_v1:2309de5170effbe63c46278ba410a9cda88585dee284b8a163f4eaac9cb1e02a",167,"full124_descriptive__canonical_approach","full124_descriptive","canonical_approach","existing_selectedfit_data_exact500","H0","diana_dissimilarity_v1","sensitivity",2,"adjusted_rand_index",-0.0564445931509196,-0.0563049776911573,-0.0578946058973475,-0.0554134267837784,0.000401517027742315,5,5,"completed","Historical selected-fit data","DIANA","Adjusted Rand index","Full 124: approach (confounded diagnostic)",FALSE,FALSE,FALSE
"mv10p_outcome_v1:7f967d442c2bcd86ec96f52e6c59ed21ddfaa95b2ff915c10bfe2a4e7df0a245",168,"full124_descriptive__canonical_approach","full124_descriptive","canonical_approach","existing_selectedfit_data_exact500","H0","diana_dissimilarity_v1","sensitivity",2,"normalized_mutual_information_max",0.0237451326036112,0.0238477275998717,0.022800244146702,0.0243822360717391,0.000257904267594966,5,5,"completed","Historical selected-fit data","DIANA","Normalized mutual information","Full 124: approach (confounded diagnostic)",FALSE,FALSE,FALSE
"mv10p_outcome_v1:9687d08905600a8753f7851bd72fa0745661a2b4c2aa068a655e6d9b00638d6b",169,"full124_descriptive__canonical_approach","full124_descriptive","canonical_approach","existing_selectedfit_data_exact500","H0","hclust_single_diagnostic_v1","diagnostic",2,"adjusted_rand_index",-0.0385641019519143,-0.0423304719359392,-0.0423304719359392,-0.0234986220158146,0.00376636998402492,5,5,"completed","Historical selected-fit data","Single linkage (diagnostic)","Adjusted Rand index","Full 124: approach (confounded diagnostic)",FALSE,FALSE,FALSE
"mv10p_outcome_v1:94ba942ab1c95da0e401a002f4befabef8bb1c8ce608c3acea64554980ea6b8b",170,"full124_descriptive__canonical_approach","full124_descriptive","canonical_approach","existing_selectedfit_data_exact500","H0","hclust_single_diagnostic_v1","diagnostic",2,"normalized_mutual_information_max",0.0092663014906264,0.0105419912646886,0.00416354239437761,0.0105419912646886,0.0012756897740622,5,5,"completed","Historical selected-fit data","Single linkage (diagnostic)","Normalized mutual information","Full 124: approach (confounded diagnostic)",FALSE,FALSE,FALSE
"mv10p_outcome_v1:40f96499deb68c0b56d54b7f7f5cc9ac2f7fb3f70ff191c318dbba56779730bf",171,"full124_descriptive__canonical_approach","full124_descriptive","canonical_approach","existing_selectedfit_data_exact500","H1","pam_dissimilarity_v1","primary",3,"adjusted_rand_index",0.014802347619028,0.00757417982197767,0.000786649927638951,0.0430191024497701,0.00803402880214934,5,5,"completed","Historical selected-fit data","PAM (primary)","Adjusted Rand index","Full 124: approach (confounded diagnostic)",FALSE,FALSE,FALSE
"mv10p_outcome_v1:bca783e6c16fe6d0cbef4e34e2d305f5f9ce33aa42748f7380503386815e45ad",172,"full124_descriptive__canonical_approach","full124_descriptive","canonical_approach","existing_selectedfit_data_exact500","H1","pam_dissimilarity_v1","primary",3,"normalized_mutual_information_max",0.0529701580440456,0.0490626246233086,0.0469846626116228,0.0658831309022512,0.00362257154437603,5,5,"completed","Historical selected-fit data","PAM (primary)","Normalized mutual information","Full 124: approach (confounded diagnostic)",FALSE,FALSE,FALSE
"mv10p_outcome_v1:1dd38480f47584093929625a51d9bb33767f5622cfa8ee8d3e858796b493354c",173,"full124_descriptive__canonical_approach","full124_descriptive","canonical_approach","existing_selectedfit_data_exact500","H1","hclust_average_v1","sensitivity",3,"adjusted_rand_index",0.0492462567928747,0.0626799205148514,-0.0146929690284036,0.107906008525001,0.020590026207582,5,5,"completed","Historical selected-fit data","Average linkage","Adjusted Rand index","Full 124: approach (confounded diagnostic)",FALSE,FALSE,FALSE
"mv10p_outcome_v1:baac343d40749c1d98a724d6a9a4799b6c300b3ef4355c461a1ff1c9de6bb909",174,"full124_descriptive__canonical_approach","full124_descriptive","canonical_approach","existing_selectedfit_data_exact500","H1","hclust_average_v1","sensitivity",3,"normalized_mutual_information_max",0.0508617668577664,0.0534976263605417,0.0204435255916541,0.0774716770988254,0.0104942606667362,5,5,"completed","Historical selected-fit data","Average linkage","Normalized mutual information","Full 124: approach (confounded diagnostic)",FALSE,FALSE,FALSE
"mv10p_outcome_v1:d2b3a27a6db97160b56cdfeaebc6aab9725933750b625e22fbd805ace4172c65",175,"full124_descriptive__canonical_approach","full124_descriptive","canonical_approach","existing_selectedfit_data_exact500","H1","hclust_complete_v1","sensitivity",3,"adjusted_rand_index",0.0882450951596019,0.0864188571596421,0.0771046420141621,0.101050649253858,0.00444835917002879,5,5,"completed","Historical selected-fit data","Complete linkage","Adjusted Rand index","Full 124: approach (confounded diagnostic)",FALSE,FALSE,FALSE
"mv10p_outcome_v1:710a1c4d141a72296a16dec74e98f4f9b63843a666ee24447a62b68f71b3627d",176,"full124_descriptive__canonical_approach","full124_descriptive","canonical_approach","existing_selectedfit_data_exact500","H1","hclust_complete_v1","sensitivity",3,"normalized_mutual_information_max",0.0748014871634291,0.0765752648243541,0.0645582147575218,0.085704859690956,0.00403351698517071,5,5,"completed","Historical selected-fit data","Complete linkage","Normalized mutual information","Full 124: approach (confounded diagnostic)",FALSE,FALSE,FALSE
"mv10p_outcome_v1:6736ea0e2fd0ed71d41a67324450d58ada586b7fa6eed53c9fc2980af2360eb5",177,"full124_descriptive__canonical_approach","full124_descriptive","canonical_approach","existing_selectedfit_data_exact500","H1","diana_dissimilarity_v1","sensitivity",3,"adjusted_rand_index",0.054124298592024,0.0476717353359546,0.0410078136572359,0.0711292989576637,0.00613989772111313,5,5,"completed","Historical selected-fit data","DIANA","Adjusted Rand index","Full 124: approach (confounded diagnostic)",FALSE,FALSE,FALSE
"mv10p_outcome_v1:b36f3111f111c8ab4a5f506f9c423462f0aa0d85ca7034bc264c7dc1ebc8ac94",178,"full124_descriptive__canonical_approach","full124_descriptive","canonical_approach","existing_selectedfit_data_exact500","H1","diana_dissimilarity_v1","sensitivity",3,"normalized_mutual_information_max",0.0503792357624231,0.0485083934087366,0.0462901835941708,0.0563161974960794,0.00191854161070656,5,5,"completed","Historical selected-fit data","DIANA","Normalized mutual information","Full 124: approach (confounded diagnostic)",FALSE,FALSE,FALSE
"mv10p_outcome_v1:a9f8767e3018f89dc95932334fa2dfc1ab545f70f3c70e5bb607507b27f73b55",179,"full124_descriptive__canonical_approach","full124_descriptive","canonical_approach","existing_selectedfit_data_exact500","H1","hclust_single_diagnostic_v1","diagnostic",3,"adjusted_rand_index",0.172018556617015,0.22094373107297,-0.0236821412068048,0.22094373107297,0.048925174455955,5,5,"completed","Historical selected-fit data","Single linkage (diagnostic)","Adjusted Rand index","Full 124: approach (confounded diagnostic)",FALSE,FALSE,FALSE
"mv10p_outcome_v1:ee33bbde2222e59162d1a8f46a779f791833d183b56134120ef0032a965df3e1",180,"full124_descriptive__canonical_approach","full124_descriptive","canonical_approach","existing_selectedfit_data_exact500","H1","hclust_single_diagnostic_v1","diagnostic",3,"normalized_mutual_information_max",0.105881005442799,0.131310371204904,0.00416354239437732,0.131310371204904,0.0254293657621053,5,5,"completed","Historical selected-fit data","Single linkage (diagnostic)","Normalized mutual information","Full 124: approach (confounded diagnostic)",FALSE,FALSE,FALSE
"mv10p_outcome_v1:acbaba707bf30a698dd3150de8906982ed123374f627199427cb29fdf8520884",181,"primary90_context_restriction__tissue","primary90_context_restriction","tissue","allqc_data_exact500","H0","pam_dissimilarity_v1","primary",2,"adjusted_rand_index",0.110649088231321,0.111724362969828,0.107063501611487,0.112857103470313,0.00117036475366618,5,5,"completed","All-QC SCT data","PAM (primary)","Adjusted Rand index","Primary 90: tissue",FALSE,FALSE,FALSE
"mv10p_outcome_v1:f80357fbae689be0f85e80f339b166cee389f1b85ee39db9bfe9a4a279475da6",182,"primary90_context_restriction__tissue","primary90_context_restriction","tissue","allqc_data_exact500","H0","pam_dissimilarity_v1","primary",2,"normalized_mutual_information_max",0.119658981970168,0.118282238133047,0.114756230110529,0.126052909262091,0.0018748808147971,5,5,"completed","All-QC SCT data","PAM (primary)","Normalized mutual information","Primary 90: tissue",FALSE,FALSE,FALSE
"mv10p_outcome_v1:2db87aea55d1f21fe62ca6e9b98165afcea79f5a5cdef7bff7784245c8b3549d",183,"primary90_context_restriction__tissue","primary90_context_restriction","tissue","allqc_data_exact500","H0","hclust_average_v1","sensitivity",2,"adjusted_rand_index",0.111724362969828,0.111724362969828,0.111724362969828,0.111724362969828,0,5,5,"completed","All-QC SCT data","Average linkage","Adjusted Rand index","Primary 90: tissue",FALSE,FALSE,FALSE
"mv10p_outcome_v1:157a60e043044968f29b062b111155779946769e9256082ea052d77934c03ca9",184,"primary90_context_restriction__tissue","primary90_context_restriction","tissue","allqc_data_exact500","H0","hclust_average_v1","sensitivity",2,"normalized_mutual_information_max",0.126052909262091,0.126052909262091,0.126052909262091,0.126052909262091,0,5,5,"completed","All-QC SCT data","Average linkage","Normalized mutual information","Primary 90: tissue",FALSE,FALSE,FALSE
"mv10p_outcome_v1:a26c23c9f37538c026f261daf57d6de1937ffeca90fa9220a16d59e38354174b",185,"primary90_context_restriction__tissue","primary90_context_restriction","tissue","allqc_data_exact500","H0","hclust_complete_v1","sensitivity",2,"adjusted_rand_index",0.0968056395738693,0.0947610890156197,0.0789826167051372,0.111724362969828,0.00658169933074921,5,5,"completed","All-QC SCT data","Complete linkage","Adjusted Rand index","Primary 90: tissue",FALSE,FALSE,FALSE
"mv10p_outcome_v1:e051d349828e250af75bdc77774bf0c0307b69458dc69c34d30882a04347e89b",186,"primary90_context_restriction__tissue","primary90_context_restriction","tissue","allqc_data_exact500","H0","hclust_complete_v1","sensitivity",2,"normalized_mutual_information_max",0.119120332596731,0.126052909262091,0.105952855459302,0.129586031305997,0.00501824412167791,5,5,"completed","All-QC SCT data","Complete linkage","Normalized mutual information","Primary 90: tissue",FALSE,FALSE,FALSE
"mv10p_outcome_v1:c44ed3f57975c8c10c34cc99b8f581e9f10c161e41c537392cf04979f8bb4175",187,"primary90_context_restriction__tissue","primary90_context_restriction","tissue","allqc_data_exact500","H0","diana_dissimilarity_v1","sensitivity",2,"adjusted_rand_index",0.112713029487093,0.111724362969828,0.103317569788148,0.128602609595688,0.00432243451653237,5,5,"completed","All-QC SCT data","DIANA","Adjusted Rand index","Primary 90: tissue",FALSE,FALSE,FALSE
"mv10p_outcome_v1:8cd809a32707e98346228d4dc5134daab5b2a4c696c529c2568d7873f25a7799",188,"primary90_context_restriction__tissue","primary90_context_restriction","tissue","allqc_data_exact500","H0","diana_dissimilarity_v1","sensitivity",2,"normalized_mutual_information_max",0.121629053429893,0.120921294212124,0.111880298289358,0.131008527252847,0.00327326558769067,5,5,"completed","All-QC SCT data","DIANA","Normalized mutual information","Primary 90: tissue",FALSE,FALSE,FALSE
"mv10p_outcome_v1:24196cf6f38ce7e041bdd62f904fd3ef3d326ed91be5c8767377f568d626f146",189,"primary90_context_restriction__tissue","primary90_context_restriction","tissue","allqc_data_exact500","H0","hclust_single_diagnostic_v1","diagnostic",2,"adjusted_rand_index",-0.00621388097800851,-0.00621388097800851,-0.00621388097800851,-0.00621388097800851,0,5,5,"completed","All-QC SCT data","Single linkage (diagnostic)","Adjusted Rand index","Primary 90: tissue",FALSE,FALSE,FALSE
"mv10p_outcome_v1:3167bf29f91d5c7033dfe8ff935bec9122b3e8f4f50d09affd710f685d52b7a0",190,"primary90_context_restriction__tissue","primary90_context_restriction","tissue","allqc_data_exact500","H0","hclust_single_diagnostic_v1","diagnostic",2,"normalized_mutual_information_max",0.0470031022989841,0.0470031022989841,0.0470031022989841,0.0470031022989841,0,5,5,"completed","All-QC SCT data","Single linkage (diagnostic)","Normalized mutual information","Primary 90: tissue",FALSE,FALSE,FALSE
"mv10p_outcome_v1:2cce55bc8d02a53029d21e0e2eef71bd9c761f877590f41ec30fa94b3f6cd82a",191,"primary90_context_restriction__tissue","primary90_context_restriction","tissue","allqc_data_exact500","H1","pam_dissimilarity_v1","primary",3,"adjusted_rand_index",0.14862403153477,0.152413080764529,0.137082368927068,0.158769147282117,0.00458446834274327,5,5,"completed","All-QC SCT data","PAM (primary)","Adjusted Rand index","Primary 90: tissue",FALSE,FALSE,FALSE
"mv10p_outcome_v1:5ec6707dcf73bcb8017da65a59814438f8571b314c03c71080e09b32cc0537a2",192,"primary90_context_restriction__tissue","primary90_context_restriction","tissue","allqc_data_exact500","H1","pam_dissimilarity_v1","primary",3,"normalized_mutual_information_max",0.213075557023049,0.214461930107444,0.202772165007333,0.220662687175092,0.00301342644856727,5,5,"completed","All-QC SCT data","PAM (primary)","Normalized mutual information","Primary 90: tissue",FALSE,FALSE,FALSE
"mv10p_outcome_v1:2e1bf2e928f1a19232262919180fdf99df2c80058b9f0d312cefb0334bde93a0",193,"primary90_context_restriction__tissue","primary90_context_restriction","tissue","allqc_data_exact500","H1","hclust_average_v1","sensitivity",3,"adjusted_rand_index",0.11025315973626,0.118633737758336,0.0819220338858655,0.126053458138638,0.00782719839922637,5,5,"completed","All-QC SCT data","Average linkage","Adjusted Rand index","Primary 90: tissue",FALSE,FALSE,FALSE
"mv10p_outcome_v1:a4f0fdff879884574ceb63086ecc8c756d06de31a60ddd446a49c5d4f97d3981",194,"primary90_context_restriction__tissue","primary90_context_restriction","tissue","allqc_data_exact500","H1","hclust_average_v1","sensitivity",3,"normalized_mutual_information_max",0.169757245293218,0.169876323492894,0.157433462750098,0.186745302709616,0.00532423783230729,5,5,"completed","All-QC SCT data","Average linkage","Normalized mutual information","Primary 90: tissue",FALSE,FALSE,FALSE
"mv10p_outcome_v1:be31cc152832d80948d753f6efd74e6c5945804426e36c7f31dae979d36b9a78",195,"primary90_context_restriction__tissue","primary90_context_restriction","tissue","allqc_data_exact500","H1","hclust_complete_v1","sensitivity",3,"adjusted_rand_index",0.0990347001333286,0.0934993366815801,0.0819220338858655,0.131529363542004,0.00923842465984053,5,5,"completed","All-QC SCT data","Complete linkage","Adjusted Rand index","Primary 90: tissue",FALSE,FALSE,FALSE
"mv10p_outcome_v1:eb7e170f19832816aeb188af97211fd89b4e81820dc3198c533c090643aa6e5f",196,"primary90_context_restriction__tissue","primary90_context_restriction","tissue","allqc_data_exact500","H1","hclust_complete_v1","sensitivity",3,"normalized_mutual_information_max",0.181814310594992,0.186745302709616,0.162317646656701,0.203537517807886,0.0074636037156417,5,5,"completed","All-QC SCT data","Complete linkage","Normalized mutual information","Primary 90: tissue",FALSE,FALSE,FALSE
"mv10p_outcome_v1:184eba7c55987b7001977262b01184360a53157756fd4852be5672baeeeb2263",197,"primary90_context_restriction__tissue","primary90_context_restriction","tissue","allqc_data_exact500","H1","diana_dissimilarity_v1","sensitivity",3,"adjusted_rand_index",0.0829700045724477,0.0809421276969724,0.0791577115046448,0.0891814860412453,0.00199292071732711,5,5,"completed","All-QC SCT data","DIANA","Adjusted Rand index","Primary 90: tissue",FALSE,FALSE,FALSE
"mv10p_outcome_v1:fb6ecfd0ef35f09a4db3d58a6753eea0f252b34b4745b1180a68a3271080a6f8",198,"primary90_context_restriction__tissue","primary90_context_restriction","tissue","allqc_data_exact500","H1","diana_dissimilarity_v1","sensitivity",3,"normalized_mutual_information_max",0.18945340310632,0.189878179134128,0.186975416657276,0.191728586344843,0.000841151920885953,5,5,"completed","All-QC SCT data","DIANA","Normalized mutual information","Primary 90: tissue",FALSE,FALSE,FALSE
"mv10p_outcome_v1:8dfb61f2aac266583c184a738c942cccf949f85755d4e2c4441c8bc273d81632",199,"primary90_context_restriction__tissue","primary90_context_restriction","tissue","allqc_data_exact500","H1","hclust_single_diagnostic_v1","diagnostic",3,"adjusted_rand_index",0.00685081007225771,0.00761638649781422,-0.00319978367659652,0.0146046745444424,0.00285390233494087,5,5,"completed","All-QC SCT data","Single linkage (diagnostic)","Adjusted Rand index","Primary 90: tissue",FALSE,FALSE,FALSE
"mv10p_outcome_v1:3a6717a2e4b85d77cbd6ea77b07f76032994ab7bb63c4848c24c0f99a83333f0",200,"primary90_context_restriction__tissue","primary90_context_restriction","tissue","allqc_data_exact500","H1","hclust_single_diagnostic_v1","diagnostic",3,"normalized_mutual_information_max",0.0172814245811238,0.0156282295828217,0.00898689138741485,0.0305355427697391,0.00355436415527838,5,5,"completed","All-QC SCT data","Single linkage (diagnostic)","Normalized mutual information","Primary 90: tissue",FALSE,FALSE,FALSE
"mv10p_outcome_v1:0e3c9357749c72df49520e85d0479c37c927ff7e231918114c0c80a12e4cbd3a",201,"primary90_context_restriction__tissue","primary90_context_restriction","tissue","allqc_residual_exact500","H0","pam_dissimilarity_v1","primary",2,"adjusted_rand_index",0.0794068972337671,0.0763778728495356,0.0647070592191927,0.0947610890156197,0.00499693075815048,5,5,"completed","All-QC Pearson residual (primary)","PAM (primary)","Adjusted Rand index","Primary 90: tissue",FALSE,FALSE,FALSE
"mv10p_outcome_v1:e989f48ec5268af36c20923bc3a398329e0c244ac27d375c98cab20e98814f35",202,"primary90_context_restriction__tissue","primary90_context_restriction","tissue","allqc_residual_exact500","H0","pam_dissimilarity_v1","primary",2,"normalized_mutual_information_max",0.0961696073424781,0.0939659488574878,0.0873637127796146,0.105952855459302,0.00312035729716795,5,5,"completed","All-QC Pearson residual (primary)","PAM (primary)","Normalized mutual information","Primary 90: tissue",FALSE,FALSE,FALSE
"mv10p_outcome_v1:5bac54932f85245f24e2b22eeff17a981cf4a07fa099c8777501fec9e4d8a851",203,"primary90_context_restriction__tissue","primary90_context_restriction","tissue","allqc_residual_exact500","H0","hclust_average_v1","sensitivity",2,"adjusted_rand_index",0.0978754585782773,0.0971313348905073,0.0888921403960132,0.111724362969828,0.0043438665063659,5,5,"completed","All-QC Pearson residual (primary)","Average linkage","Adjusted Rand index","Primary 90: tissue",FALSE,FALSE,FALSE
"mv10p_outcome_v1:87af44737a2f3c77659f7141263f89d8dbeffc3357a99a6a6d58587b9c716629",204,"primary90_context_restriction__tissue","primary90_context_restriction","tissue","allqc_residual_exact500","H0","hclust_average_v1","sensitivity",2,"normalized_mutual_information_max",0.114815934326865,0.114124486286105,0.107186151940082,0.126052909262091,0.00364278065324345,5,5,"completed","All-QC Pearson residual (primary)","Average linkage","Normalized mutual information","Primary 90: tissue",FALSE,FALSE,FALSE
"mv10p_outcome_v1:a0cde1b29cbef85eebf80a8de1564f0c7b5401495f2e0b283185a5e56f362fd4",205,"primary90_context_restriction__tissue","primary90_context_restriction","tissue","allqc_residual_exact500","H0","hclust_complete_v1","sensitivity",2,"adjusted_rand_index",0.0868919702211082,0.0888921403960132,0.0535999100412674,0.111724362969828,0.0101690184576823,5,5,"completed","All-QC Pearson residual (primary)","Complete linkage","Adjusted Rand index","Primary 90: tissue",FALSE,FALSE,FALSE
"mv10p_outcome_v1:ba5f3af85e7a7bb2840739ec95763694a5d92094f6822815d5529a2fe3260f5e",206,"primary90_context_restriction__tissue","primary90_context_restriction","tissue","allqc_residual_exact500","H0","hclust_complete_v1","sensitivity",2,"normalized_mutual_information_max",0.105379784351468,0.107186151940082,0.0858432106512504,0.126052909262091,0.00807688331216192,5,5,"completed","All-QC Pearson residual (primary)","Complete linkage","Normalized mutual information","Primary 90: tissue",FALSE,FALSE,FALSE
"mv10p_outcome_v1:042597a0781a8954c711eaf6d369ec5fe0dd7306408d22c33f8e199a478338ad",207,"primary90_context_restriction__tissue","primary90_context_restriction","tissue","allqc_residual_exact500","H0","diana_dissimilarity_v1","sensitivity",2,"adjusted_rand_index",0.0872896449316377,0.0848105922349521,0.0647070592191927,0.112857103470313,0.00768066782544566,5,5,"completed","All-QC Pearson residual (primary)","DIANA","Adjusted Rand index","Primary 90: tissue",FALSE,FALSE,FALSE
"mv10p_outcome_v1:dc63be30203db8311e5cd46ab26298c6fe944f56baaeb41e391cd20bc6ee713d",208,"primary90_context_restriction__tissue","primary90_context_restriction","tissue","allqc_residual_exact500","H0","diana_dissimilarity_v1","sensitivity",2,"normalized_mutual_information_max",0.101371763349286,0.0995995707584985,0.0873637127796146,0.118282238133047,0.0049441029783781,5,5,"completed","All-QC Pearson residual (primary)","DIANA","Normalized mutual information","Primary 90: tissue",FALSE,FALSE,FALSE
"mv10p_outcome_v1:0cfd253effe471bc345efb58b0dd54c5027daef593133ad6578815ed4bc12589",209,"primary90_context_restriction__tissue","primary90_context_restriction","tissue","allqc_residual_exact500","H0","hclust_single_diagnostic_v1","diagnostic",2,"adjusted_rand_index",-0.00148981569088058,-0.00319978367659652,-0.00546611392242754,0.00761638649781422,0.0023184675700138,5,5,"completed","All-QC Pearson residual (primary)","Single linkage (diagnostic)","Adjusted Rand index","Primary 90: tissue",FALSE,FALSE,FALSE
"mv10p_outcome_v1:f8b31922a24a565ee6239de6dd1d86fe0e922a8d0ab3e686e9e1531d0fb313ad",210,"primary90_context_restriction__tissue","primary90_context_restriction","tissue","allqc_residual_exact500","H0","hclust_single_diagnostic_v1","diagnostic",2,"normalized_mutual_information_max",0.012151846691304,0.00898689138741485,0.00898689138741485,0.0181703297114539,0.00197937113875996,5,5,"completed","All-QC Pearson residual (primary)","Single linkage (diagnostic)","Normalized mutual information","Primary 90: tissue",FALSE,FALSE,FALSE
"mv10p_outcome_v1:64a76e04196334602a92ba415aef1cf7efdeb4caa23dceb025c2ba8385037b87",211,"primary90_context_restriction__tissue","primary90_context_restriction","tissue","allqc_residual_exact500","H1","pam_dissimilarity_v1","primary",3,"adjusted_rand_index",0.15390229685706,0.150591072098178,0.14127339370122,0.169736124293829,0.00528303826970563,5,5,"completed","All-QC Pearson residual (primary)","PAM (primary)","Adjusted Rand index","Primary 90: tissue",FALSE,FALSE,FALSE
"mv10p_outcome_v1:44aa01dfc3344350e80690b665daf89d86b0e2f6d501949290301f0a7f3bf138",212,"primary90_context_restriction__tissue","primary90_context_restriction","tissue","allqc_residual_exact500","H1","pam_dissimilarity_v1","primary",3,"normalized_mutual_information_max",0.195086823188318,0.199276816094272,0.178317593234086,0.212148460512605,0.00690870354194173,5,5,"completed","All-QC Pearson residual (primary)","PAM (primary)","Normalized mutual information","Primary 90: tissue",FALSE,FALSE,FALSE
"mv10p_outcome_v1:bf590d8e823eab136618b79d33ac3684d89e5e4ccb025d4fba13bf13bdd851e0",213,"primary90_context_restriction__tissue","primary90_context_restriction","tissue","allqc_residual_exact500","H1","hclust_average_v1","sensitivity",3,"adjusted_rand_index",0.105601046087873,0.0879967033828616,0.0794439009433087,0.145677744465871,0.0137071165121946,5,5,"completed","All-QC Pearson residual (primary)","Average linkage","Adjusted Rand index","Primary 90: tissue",FALSE,FALSE,FALSE
"mv10p_outcome_v1:519e5f90ebda209b43734e0bfc7c09b79ba9388c9ce1b2fff5c9581905aa19cc",214,"primary90_context_restriction__tissue","primary90_context_restriction","tissue","allqc_residual_exact500","H1","hclust_average_v1","sensitivity",3,"normalized_mutual_information_max",0.153045857145032,0.15119285786549,0.127285557205618,0.179528432008352,0.0116407576380123,5,5,"completed","All-QC Pearson residual (primary)","Average linkage","Normalized mutual information","Primary 90: tissue",FALSE,FALSE,FALSE
"mv10p_outcome_v1:dafbf740d6a78df897dd8cfe2ca30e5daf0f794dbb8adc8c82a9303dec13e2e0",215,"primary90_context_restriction__tissue","primary90_context_restriction","tissue","allqc_residual_exact500","H1","hclust_complete_v1","sensitivity",3,"adjusted_rand_index",0.109797306494746,0.118583164742646,0.0613368411579035,0.14063811922754,0.0137523955655723,5,5,"completed","All-QC Pearson residual (primary)","Complete linkage","Adjusted Rand index","Primary 90: tissue",FALSE,FALSE,FALSE
"mv10p_outcome_v1:49714dc1cd6fcbe98a371144267168828e892d51ce8b4e9780d3843be8b48549",216,"primary90_context_restriction__tissue","primary90_context_restriction","tissue","allqc_residual_exact500","H1","hclust_complete_v1","sensitivity",3,"normalized_mutual_information_max",0.154749622881639,0.137496064925644,0.128093063101916,0.20108219725837,0.014104430658236,5,5,"completed","All-QC Pearson residual (primary)","Complete linkage","Normalized mutual information","Primary 90: tissue",FALSE,FALSE,FALSE
"mv10p_outcome_v1:10b7c7a7846ef699ad6e83aa060145e1afdf8f1cb108e5363a2efe7056df681b",217,"primary90_context_restriction__tissue","primary90_context_restriction","tissue","allqc_residual_exact500","H1","diana_dissimilarity_v1","sensitivity",3,"adjusted_rand_index",0.0863805982508932,0.0893171191999511,0.0711028309236247,0.0952387410692239,0.00408517259508845,5,5,"completed","All-QC Pearson residual (primary)","DIANA","Adjusted Rand index","Primary 90: tissue",FALSE,FALSE,FALSE
"mv10p_outcome_v1:950e9bcdf47ec6f05121bc80ff8d1da747012be10c766b34fe88f70475e595fc",218,"primary90_context_restriction__tissue","primary90_context_restriction","tissue","allqc_residual_exact500","H1","diana_dissimilarity_v1","sensitivity",3,"normalized_mutual_information_max",0.17781123890334,0.172949452683357,0.159551657385586,0.201555055829346,0.00703043300636007,5,5,"completed","All-QC Pearson residual (primary)","DIANA","Normalized mutual information","Primary 90: tissue",FALSE,FALSE,FALSE
"mv10p_outcome_v1:865488a342d7865083d3393bc89ec56e3bb87a51148e0c1170693938e84b03a4",219,"primary90_context_restriction__tissue","primary90_context_restriction","tissue","allqc_residual_exact500","H1","hclust_single_diagnostic_v1","diagnostic",3,"adjusted_rand_index",0.00524140043301139,0.00431154788578406,-0.00780105509622326,0.021073413603928,0.0056358188286054,5,5,"completed","All-QC Pearson residual (primary)","Single linkage (diagnostic)","Adjusted Rand index","Primary 90: tissue",FALSE,FALSE,FALSE
"mv10p_outcome_v1:fd9c6b4acbd6b58dea1cef0b1df29080481c552bbd8e9405fc6286ce5642f1a7",220,"primary90_context_restriction__tissue","primary90_context_restriction","tissue","allqc_residual_exact500","H1","hclust_single_diagnostic_v1","diagnostic",3,"normalized_mutual_information_max",0.0312415599377679,0.02756019838411,0.0181703297114539,0.0554121753618068,0.00638035118026731,5,5,"completed","All-QC Pearson residual (primary)","Single linkage (diagnostic)","Normalized mutual information","Primary 90: tissue",FALSE,FALSE,FALSE
"mv10p_outcome_v1:1445f52e8bba96e7d402dcb3d2a978316e759958d57c81fd028a8847430ab718",221,"primary90_context_restriction__tissue","primary90_context_restriction","tissue","existing_selectedfit_data_exact500","H0","pam_dissimilarity_v1","primary",2,"adjusted_rand_index",0.110095411125427,0.108743369634666,0.103317569788148,0.118495511122522,0.00259950234906399,5,5,"completed","Historical selected-fit data","PAM (primary)","Adjusted Rand index","Primary 90: tissue",FALSE,FALSE,FALSE
"mv10p_outcome_v1:7507e33092ace24b12faf1da42c4866b481236e7c82646b9664b22e59d0ebb3b",222,"primary90_context_restriction__tissue","primary90_context_restriction","tissue","existing_selectedfit_data_exact500","H0","pam_dissimilarity_v1","primary",2,"normalized_mutual_information_max",0.118010356014377,0.118282238133047,0.111880298289358,0.124211719326829,0.0021814138892097,5,5,"completed","Historical selected-fit data","PAM (primary)","Normalized mutual information","Primary 90: tissue",FALSE,FALSE,FALSE
"mv10p_outcome_v1:fcfe7ca956889edae79c230e953e7d581a8da909823f57727988c43ade126c3c",223,"primary90_context_restriction__tissue","primary90_context_restriction","tissue","existing_selectedfit_data_exact500","H0","hclust_average_v1","sensitivity",2,"adjusted_rand_index",0.111724362969828,0.111724362969828,0.111724362969828,0.111724362969828,0,5,5,"completed","Historical selected-fit data","Average linkage","Adjusted Rand index","Primary 90: tissue",FALSE,FALSE,FALSE
"mv10p_outcome_v1:17dbe6d83dbbc97842766bbadfc91111f4ce27f946c199f0af04a495f22aec79",224,"primary90_context_restriction__tissue","primary90_context_restriction","tissue","existing_selectedfit_data_exact500","H0","hclust_average_v1","sensitivity",2,"normalized_mutual_information_max",0.126052909262091,0.126052909262091,0.126052909262091,0.126052909262091,0,5,5,"completed","Historical selected-fit data","Average linkage","Normalized mutual information","Primary 90: tissue",FALSE,FALSE,FALSE
"mv10p_outcome_v1:1e912e822cebe22ed54eda3b0169653b795277892df4a76ca8d6146f5c565233",225,"primary90_context_restriction__tissue","primary90_context_restriction","tissue","existing_selectedfit_data_exact500","H0","hclust_complete_v1","sensitivity",2,"adjusted_rand_index",0.105781596404882,0.111724362969828,0.0820105301450999,0.111724362969828,0.00594276656494562,5,5,"completed","Historical selected-fit data","Complete linkage","Adjusted Rand index","Primary 90: tissue",FALSE,FALSE,FALSE
"mv10p_outcome_v1:9c6f4bebd9f8ea1deef0b68b753b3e77398361943badfe24ab666239e3acf309",226,"primary90_context_restriction__tissue","primary90_context_restriction","tissue","existing_selectedfit_data_exact500","H0","hclust_complete_v1","sensitivity",2,"normalized_mutual_information_max",0.120563630712131,0.126052909262091,0.09860651651229,0.126052909262091,0.0054892785499602,5,5,"completed","Historical selected-fit data","Complete linkage","Normalized mutual information","Primary 90: tissue",FALSE,FALSE,FALSE
"mv10p_outcome_v1:5b25e84a0288dd80aa3fbd858069d1d303f98f38a0c2f3c63274055ed0a1be38",227,"primary90_context_restriction__tissue","primary90_context_restriction","tissue","existing_selectedfit_data_exact500","H0","diana_dissimilarity_v1","sensitivity",2,"adjusted_rand_index",0.112713029487093,0.111724362969828,0.103317569788148,0.128602609595688,0.00432243451653237,5,5,"completed","Historical selected-fit data","DIANA","Adjusted Rand index","Primary 90: tissue",FALSE,FALSE,FALSE
"mv10p_outcome_v1:d54a266ac3344fec8b4d2e7af75e77563f86260ef668ce22cc81a8d4196832f0",228,"primary90_context_restriction__tissue","primary90_context_restriction","tissue","existing_selectedfit_data_exact500","H0","diana_dissimilarity_v1","sensitivity",2,"normalized_mutual_information_max",0.121629053429893,0.120921294212124,0.111880298289358,0.131008527252847,0.00327326558769067,5,5,"completed","Historical selected-fit data","DIANA","Normalized mutual information","Primary 90: tissue",FALSE,FALSE,FALSE
"mv10p_outcome_v1:e9f8d9b2798e6cf89d11663fc25d7de88fe144594042288945f313e37a80fa4f",229,"primary90_context_restriction__tissue","primary90_context_restriction","tissue","existing_selectedfit_data_exact500","H0","hclust_single_diagnostic_v1","diagnostic",2,"adjusted_rand_index",-0.00606432756689232,-0.00621388097800851,-0.00621388097800851,-0.00546611392242754,0.000149553411116194,5,5,"completed","Historical selected-fit data","Single linkage (diagnostic)","Adjusted Rand index","Primary 90: tissue",FALSE,FALSE,FALSE
"mv10p_outcome_v1:3a90af10f722ad8124b80a40d0093f2bb499ed21bb7c9c0f2f2bfb25d1ab6121",230,"primary90_context_restriction__tissue","primary90_context_restriction","tissue","existing_selectedfit_data_exact500","H0","hclust_single_diagnostic_v1","diagnostic",2,"normalized_mutual_information_max",0.0412365477814781,0.0470031022989841,0.0181703297114539,0.0470031022989841,0.00576655451750604,5,5,"completed","Historical selected-fit data","Single linkage (diagnostic)","Normalized mutual information","Primary 90: tissue",FALSE,FALSE,FALSE
"mv10p_outcome_v1:a73edb22bb47299b9054963762e3eca8d84835190ba76f4d2b7af51bee340768",231,"primary90_context_restriction__tissue","primary90_context_restriction","tissue","existing_selectedfit_data_exact500","H1","pam_dissimilarity_v1","primary",3,"adjusted_rand_index",0.136714179496693,0.136750493770839,0.0859253478150117,0.174400712684073,0.0156891144077444,5,5,"completed","Historical selected-fit data","PAM (primary)","Adjusted Rand index","Primary 90: tissue",FALSE,FALSE,FALSE
"mv10p_outcome_v1:f7aec8e17303e658957a86be8bb2861b89e952153ed873e4976161bc525c93b4",232,"primary90_context_restriction__tissue","primary90_context_restriction","tissue","existing_selectedfit_data_exact500","H1","pam_dissimilarity_v1","primary",3,"normalized_mutual_information_max",0.203643933908352,0.206970613448667,0.172767847416949,0.222543432608311,0.00928058812043344,5,5,"completed","Historical selected-fit data","PAM (primary)","Normalized mutual information","Primary 90: tissue",FALSE,FALSE,FALSE
"mv10p_outcome_v1:ac0aede6f2a1ebe64fc273d3870c3f07702dcbdfb18dea080ba76b0a4b2eb9b0",233,"primary90_context_restriction__tissue","primary90_context_restriction","tissue","existing_selectedfit_data_exact500","H1","hclust_average_v1","sensitivity",3,"adjusted_rand_index",0.100637561800059,0.0968706354748603,0.0795405987404766,0.127441348072179,0.0098534340308435,5,5,"completed","Historical selected-fit data","Average linkage","Adjusted Rand index","Primary 90: tissue",FALSE,FALSE,FALSE
"mv10p_outcome_v1:c70432daefcf57e8c4bbb072c519ba456c2ce6a21d3a60dd3c76ed2fa773c5f0",234,"primary90_context_restriction__tissue","primary90_context_restriction","tissue","existing_selectedfit_data_exact500","H1","hclust_average_v1","sensitivity",3,"normalized_mutual_information_max",0.167265284337559,0.165265621491027,0.156760497225569,0.186871216181265,0.00526730332268881,5,5,"completed","Historical selected-fit data","Average linkage","Normalized mutual information","Primary 90: tissue",FALSE,FALSE,FALSE
"mv10p_outcome_v1:3d18107d17dc0e0074a604919032786d5e00846d4f8cd46a520b6a13c621c8ae",235,"primary90_context_restriction__tissue","primary90_context_restriction","tissue","existing_selectedfit_data_exact500","H1","hclust_complete_v1","sensitivity",3,"adjusted_rand_index",0.101743267063093,0.0822981499886863,0.0748501295822826,0.178127459927134,0.0192786465043378,5,5,"completed","Historical selected-fit data","Complete linkage","Adjusted Rand index","Primary 90: tissue",FALSE,FALSE,FALSE
"mv10p_outcome_v1:37ec3471758ea31b522790fefab909236f3a83a13ec33d574c8cf35fc70dedc5",236,"primary90_context_restriction__tissue","primary90_context_restriction","tissue","existing_selectedfit_data_exact500","H1","hclust_complete_v1","sensitivity",3,"normalized_mutual_information_max",0.190037787183361,0.186745302709616,0.160043059160082,0.252429383586891,0.0166936481715857,5,5,"completed","Historical selected-fit data","Complete linkage","Normalized mutual information","Primary 90: tissue",FALSE,FALSE,FALSE
"mv10p_outcome_v1:4fd33528921fb68c294ec13530b20c0d1fc4d0f2dd178f38ea39824c0aed5e7c",237,"primary90_context_restriction__tissue","primary90_context_restriction","tissue","existing_selectedfit_data_exact500","H1","diana_dissimilarity_v1","sensitivity",3,"adjusted_rand_index",0.084665834647067,0.0835473032175483,0.0791577115046448,0.0902047490303736,0.00222807229096675,5,5,"completed","Historical selected-fit data","DIANA","Adjusted Rand index","Primary 90: tissue",FALSE,FALSE,FALSE
"mv10p_outcome_v1:5fe657b045de3a351e6ef01a4d8e5424088208573c94d4cd3e1851600cf0894f",238,"primary90_context_restriction__tissue","primary90_context_restriction","tissue","existing_selectedfit_data_exact500","H1","diana_dissimilarity_v1","sensitivity",3,"normalized_mutual_information_max",0.190394787971595,0.188195947153796,0.186975416657276,0.195218898330423,0.00166137500553332,5,5,"completed","Historical selected-fit data","DIANA","Normalized mutual information","Primary 90: tissue",FALSE,FALSE,FALSE
"mv10p_outcome_v1:04241390637882f4293b82da4fe59680c83b270c83cbba8a844004391201ea35",239,"primary90_context_restriction__tissue","primary90_context_restriction","tissue","existing_selectedfit_data_exact500","H1","hclust_single_diagnostic_v1","diagnostic",3,"adjusted_rand_index",0.00644520369071731,0.00694037586191355,-0.00319978367659652,0.0146046745444424,0.00283141600940072,5,5,"completed","Historical selected-fit data","Single linkage (diagnostic)","Adjusted Rand index","Primary 90: tissue",FALSE,FALSE,FALSE
"mv10p_outcome_v1:a41d279a462b64580dad174045720e89a91e74e758fdc8b0db2871eb8bcf68a4",240,"primary90_context_restriction__tissue","primary90_context_restriction","tissue","existing_selectedfit_data_exact500","H1","hclust_single_diagnostic_v1","diagnostic",3,"normalized_mutual_information_max",0.0169002152486851,0.0149928806954238,0.00898689138741485,0.0305355427697391,0.00360178168712344,5,5,"completed","Historical selected-fit data","Single linkage (diagnostic)","Normalized mutual information","Primary 90: tissue",FALSE,FALSE,FALSE
"mv10p_outcome_v1:32d2b8b50a0c3a996f44c3a2343e1bbee677071de894da9bb68f138a5044a605",241,"primary90_context_restriction__study","primary90_context_restriction","study","allqc_data_exact500","H0","pam_dissimilarity_v1","primary",2,"adjusted_rand_index",0.103354988707374,0.10371277331586,0.0959088520769395,0.111496630489406,0.00276180067946309,5,5,"completed","All-QC SCT data","PAM (primary)","Adjusted Rand index","Primary 90: study",FALSE,FALSE,FALSE
"mv10p_outcome_v1:38166b0d434b58b28b3a4c387441b27158f92bda520940ecc8e908f46ae94276",242,"primary90_context_restriction__study","primary90_context_restriction","study","allqc_data_exact500","H0","pam_dissimilarity_v1","primary",2,"normalized_mutual_information_max",0.159544398477475,0.160543241929889,0.152988990891656,0.166496635217342,0.00224246687107375,5,5,"completed","All-QC SCT data","PAM (primary)","Normalized mutual information","Primary 90: study",FALSE,FALSE,FALSE
"mv10p_outcome_v1:09a1235c15afd0917e335aa946c2d5338943190db13fede9cb2a41e39d34677e",243,"primary90_context_restriction__study","primary90_context_restriction","study","allqc_data_exact500","H0","hclust_average_v1","sensitivity",2,"adjusted_rand_index",0.10371277331586,0.10371277331586,0.10371277331586,0.10371277331586,0,5,5,"completed","All-QC SCT data","Average linkage","Adjusted Rand index","Primary 90: study",FALSE,FALSE,FALSE
"mv10p_outcome_v1:19ff747a97c12409f8fcbccd1d6bedc955e26fab8212b5f6a5a04d5c9f337ff4",244,"primary90_context_restriction__study","primary90_context_restriction","study","allqc_data_exact500","H0","hclust_average_v1","sensitivity",2,"normalized_mutual_information_max",0.166496635217342,0.166496635217342,0.166496635217342,0.166496635217342,0,5,5,"completed","All-QC SCT data","Average linkage","Normalized mutual information","Primary 90: study",FALSE,FALSE,FALSE
"mv10p_outcome_v1:e7f9637feedb2928fa9e1d5db80049da4beaee199ed188f734319dc62ee89c93",245,"primary90_context_restriction__study","primary90_context_restriction","study","allqc_data_exact500","H0","hclust_complete_v1","sensitivity",2,"adjusted_rand_index",0.0782522128249887,0.101964391456642,0.036372158425123,0.10371277331586,0.0153059820413971,5,5,"completed","All-QC SCT data","Complete linkage","Adjusted Rand index","Primary 90: study",FALSE,FALSE,FALSE
"mv10p_outcome_v1:e17bb008bec9b4675b29afc59265a86f4777d7eb04e5910da9d3a6fd70ea5aaf",246,"primary90_context_restriction__study","primary90_context_restriction","study","allqc_data_exact500","H0","hclust_complete_v1","sensitivity",2,"normalized_mutual_information_max",0.151003897012947,0.153438271324319,0.124230411931142,0.166496635217342,0.00789610578719682,5,5,"completed","All-QC SCT data","Complete linkage","Normalized mutual information","Primary 90: study",FALSE,FALSE,FALSE
"mv10p_outcome_v1:b75f4c092c52045eda3c2b4e35c20c3edf975655a04926c6b4e8924ece061134",247,"primary90_context_restriction__study","primary90_context_restriction","study","allqc_data_exact500","H0","diana_dissimilarity_v1","sensitivity",2,"adjusted_rand_index",0.105436391918045,0.106710151315488,0.0958329537668181,0.111496630489406,0.00273395645916294,5,5,"completed","All-QC SCT data","DIANA","Adjusted Rand index","Primary 90: study",FALSE,FALSE,FALSE
"mv10p_outcome_v1:e7686ca5624431f242c27aef80818b0d0bce12d82ddeafc16bfe80a360278542",248,"primary90_context_restriction__study","primary90_context_restriction","study","allqc_data_exact500","H0","diana_dissimilarity_v1","sensitivity",2,"normalized_mutual_information_max",0.163114092850843,0.164110428984958,0.156936778181321,0.167483379940704,0.00195311852188993,5,5,"completed","All-QC SCT data","DIANA","Normalized mutual information","Primary 90: study",FALSE,FALSE,FALSE
"mv10p_outcome_v1:65e07e3cd2ad70772b9c800bdb6007fc551d9c799dc0117f6b3c6f38fb73bfc6",249,"primary90_context_restriction__study","primary90_context_restriction","study","allqc_data_exact500","H0","hclust_single_diagnostic_v1","diagnostic",2,"adjusted_rand_index",0.0154997452363079,0.0154997452363079,0.0154997452363079,0.0154997452363079,0,5,5,"completed","All-QC SCT data","Single linkage (diagnostic)","Adjusted Rand index","Primary 90: study",FALSE,FALSE,FALSE
"mv10p_outcome_v1:3616663b5691a772358bf2c45270633ac00626c910e62170caa5dcab61c9f34c",250,"primary90_context_restriction__study","primary90_context_restriction","study","allqc_data_exact500","H0","hclust_single_diagnostic_v1","diagnostic",2,"normalized_mutual_information_max",0.0580413767581679,0.0580413767581679,0.0580413767581679,0.0580413767581679,0,5,5,"completed","All-QC SCT data","Single linkage (diagnostic)","Normalized mutual information","Primary 90: study",FALSE,FALSE,FALSE
"mv10p_outcome_v1:0b54550b9319052c5144f193dc5153fb98d3bee28d1712e509cd8ff8cb5da444",251,"primary90_context_restriction__study","primary90_context_restriction","study","allqc_data_exact500","H1","pam_dissimilarity_v1","primary",3,"adjusted_rand_index",0.151003318519666,0.136413413668995,0.133695595930738,0.178067953504101,0.00970291444251136,5,5,"completed","All-QC SCT data","PAM (primary)","Adjusted Rand index","Primary 90: study",FALSE,FALSE,FALSE
"mv10p_outcome_v1:de63ead24b00eca45a20a5e66f6c3e76d0e92c5ad91e5716955c06268bc9647f",252,"primary90_context_restriction__study","primary90_context_restriction","study","allqc_data_exact500","H1","pam_dissimilarity_v1","primary",3,"normalized_mutual_information_max",0.251055089793054,0.253656650497935,0.235515706020561,0.265247074876404,0.00510690733417103,5,5,"completed","All-QC SCT data","PAM (primary)","Normalized mutual information","Primary 90: study",FALSE,FALSE,FALSE
"mv10p_outcome_v1:9fc68115ef3e5882ea7c1309f6e8bed2ba0b3b7b9521a1055c4a1cd1ca67f8e9",253,"primary90_context_restriction__study","primary90_context_restriction","study","allqc_data_exact500","H1","hclust_average_v1","sensitivity",3,"adjusted_rand_index",0.137350181569011,0.151792741637141,0.0610193096015162,0.169947101155066,0.019408952001485,5,5,"completed","All-QC SCT data","Average linkage","Adjusted Rand index","Primary 90: study",FALSE,FALSE,FALSE
"mv10p_outcome_v1:365faa901154f820595f8ca1eb641e094a4e5970c5616d55a932ea2ed2c4c79e",254,"primary90_context_restriction__study","primary90_context_restriction","study","allqc_data_exact500","H1","hclust_average_v1","sensitivity",3,"normalized_mutual_information_max",0.228949848101265,0.234714732396599,0.198488184609644,0.246547764966975,0.0082249558818905,5,5,"completed","All-QC SCT data","Average linkage","Normalized mutual information","Primary 90: study",FALSE,FALSE,FALSE
"mv10p_outcome_v1:3784c9491fd69749c4eef10a2b9d8c9e47d9ff7bc91faf969b630949cfdcbc5e",255,"primary90_context_restriction__study","primary90_context_restriction","study","allqc_data_exact500","H1","hclust_complete_v1","sensitivity",3,"adjusted_rand_index",0.085271872734217,0.0637739689739467,0.0504096763428539,0.167957629074867,0.0213388746637058,5,5,"completed","All-QC SCT data","Complete linkage","Adjusted Rand index","Primary 90: study",FALSE,FALSE,FALSE
"mv10p_outcome_v1:6abedfeca4ff3708091473c975f4befdc63cebc10e402fd1b93c550588ac44ff",256,"primary90_context_restriction__study","primary90_context_restriction","study","allqc_data_exact500","H1","hclust_complete_v1","sensitivity",3,"normalized_mutual_information_max",0.197273601760786,0.183576317112478,0.171097809761519,0.249920581117471,0.0138593742077539,5,5,"completed","All-QC SCT data","Complete linkage","Normalized mutual information","Primary 90: study",FALSE,FALSE,FALSE
"mv10p_outcome_v1:cd2fe4162babcdc13aef97c9a7930459587496d6ef34ade67fe426f918c6cbed",257,"primary90_context_restriction__study","primary90_context_restriction","study","allqc_data_exact500","H1","diana_dissimilarity_v1","sensitivity",3,"adjusted_rand_index",0.0624814226776734,0.0635933114455273,0.0578597237451155,0.0679003396976025,0.00191109983343648,5,5,"completed","All-QC SCT data","DIANA","Adjusted Rand index","Primary 90: study",FALSE,FALSE,FALSE
"mv10p_outcome_v1:7e851f1c58218ee2f319d51d4cdbe166ba56195c58863da71b11a5575ef86a66",258,"primary90_context_restriction__study","primary90_context_restriction","study","allqc_data_exact500","H1","diana_dissimilarity_v1","sensitivity",3,"normalized_mutual_information_max",0.207020033829571,0.206805298364907,0.199349188456165,0.213305289823702,0.00238490666553817,5,5,"completed","All-QC SCT data","DIANA","Normalized mutual information","Primary 90: study",FALSE,FALSE,FALSE
"mv10p_outcome_v1:ae9b359b8f2186ce65e6d288dfea01c78b34053ba8df8bab5ed8f3110dd61f53",259,"primary90_context_restriction__study","primary90_context_restriction","study","allqc_data_exact500","H1","hclust_single_diagnostic_v1","diagnostic",3,"adjusted_rand_index",0.0041147726503281,0.00544836869431447,0.000833279917953985,0.00544836869431447,0.000911619867326742,5,5,"completed","All-QC SCT data","Single linkage (diagnostic)","Adjusted Rand index","Primary 90: study",FALSE,FALSE,FALSE
"mv10p_outcome_v1:83d1e54e104e4bf4b25d14e062788d0b836659fecee6446082d457a892675f7e",260,"primary90_context_restriction__study","primary90_context_restriction","study","allqc_data_exact500","H1","hclust_single_diagnostic_v1","diagnostic",3,"normalized_mutual_information_max",0.0181837345493135,0.0192611104596587,0.01051876515574,0.0226165762118512,0.00202341366959558,5,5,"completed","All-QC SCT data","Single linkage (diagnostic)","Normalized mutual information","Primary 90: study",FALSE,FALSE,FALSE
"mv10p_outcome_v1:33f40783093255d84f601bd5907f7b4e4e6ea4873ab3cac2d8c7e5e59a458863",261,"primary90_context_restriction__study","primary90_context_restriction","study","allqc_residual_exact500","H0","pam_dissimilarity_v1","primary",2,"adjusted_rand_index",0.0987906988721958,0.101262922167539,0.0886434302058399,0.101964391456642,0.00254342808571429,5,5,"completed","All-QC Pearson residual (primary)","PAM (primary)","Adjusted Rand index","Primary 90: study",FALSE,FALSE,FALSE
"mv10p_outcome_v1:4cc377a6dc3f605192f5d4145907bb1cb50f7f7617ac6f41cd4d2f690191d74e",262,"primary90_context_restriction__study","primary90_context_restriction","study","allqc_residual_exact500","H0","pam_dissimilarity_v1","primary",2,"normalized_mutual_information_max",0.155311329545203,0.154257657682666,0.15269113444393,0.158084792137551,0.00115905529125587,5,5,"completed","All-QC Pearson residual (primary)","PAM (primary)","Normalized mutual information","Primary 90: study",FALSE,FALSE,FALSE
"mv10p_outcome_v1:7bdacd915a710faa4fbfe4c362bc5910621077ef379398e0ec24f9e63f48e129",263,"primary90_context_restriction__study","primary90_context_restriction","study","allqc_residual_exact500","H0","hclust_average_v1","sensitivity",2,"adjusted_rand_index",0.0996976465893379,0.10371277331586,0.0920344222090003,0.106229686352247,0.00315499873953451,5,5,"completed","All-QC Pearson residual (primary)","Average linkage","Adjusted Rand index","Primary 90: study",FALSE,FALSE,FALSE
"mv10p_outcome_v1:24b043674002c3095d33f334b4bc048a63b2a00580df3e6dd821e7fbbd56bec8",264,"primary90_context_restriction__study","primary90_context_restriction","study","allqc_residual_exact500","H0","hclust_average_v1","sensitivity",2,"normalized_mutual_information_max",0.163343086802956,0.160047741604905,0.156946559521746,0.176277938149039,0.00367386492293869,5,5,"completed","All-QC Pearson residual (primary)","Average linkage","Normalized mutual information","Primary 90: study",FALSE,FALSE,FALSE
"mv10p_outcome_v1:d026287c3f04a4721141356a632e7b5dcc6b71bdc818230da1099121b01dc358",265,"primary90_context_restriction__study","primary90_context_restriction","study","allqc_residual_exact500","H0","hclust_complete_v1","sensitivity",2,"adjusted_rand_index",0.0841135337983199,0.0920344222090003,0.0533530623212016,0.104476928860582,0.0102492536800639,5,5,"completed","All-QC Pearson residual (primary)","Complete linkage","Adjusted Rand index","Primary 90: study",FALSE,FALSE,FALSE
"mv10p_outcome_v1:612cf9b3b48d5500bea72ab8046b955620c34f0dd4a53602e451f631484c7fa3",266,"primary90_context_restriction__study","primary90_context_restriction","study","allqc_residual_exact500","H0","hclust_complete_v1","sensitivity",2,"normalized_mutual_information_max",0.155475981077062,0.166496635217342,0.10474616996471,0.176277938149039,0.0131032216266464,5,5,"completed","All-QC Pearson residual (primary)","Complete linkage","Normalized mutual information","Primary 90: study",FALSE,FALSE,FALSE
"mv10p_outcome_v1:4fe6c53b510a911bc61ef57f6972878bf4345f7fd5ca1ee8e7f0b7066198ba98",267,"primary90_context_restriction__study","primary90_context_restriction","study","allqc_residual_exact500","H0","diana_dissimilarity_v1","sensitivity",2,"adjusted_rand_index",0.0999044851565686,0.100819828363419,0.0886434302058399,0.111496630489406,0.0036574456749794,5,5,"completed","All-QC Pearson residual (primary)","DIANA","Adjusted Rand index","Primary 90: study",FALSE,FALSE,FALSE
"mv10p_outcome_v1:0823b99953c7cb2814326858e317cd98a50c711af8500f98c2c09a9f912df9b8",268,"primary90_context_restriction__study","primary90_context_restriction","study","allqc_residual_exact500","H0","diana_dissimilarity_v1","sensitivity",2,"normalized_mutual_information_max",0.155783996542659,0.154257657682666,0.15269113444393,0.160543241929889,0.00139279297635071,5,5,"completed","All-QC Pearson residual (primary)","DIANA","Normalized mutual information","Primary 90: study",FALSE,FALSE,FALSE
"mv10p_outcome_v1:4837f6db41c9270ccaa7aaa8e4a7fd9e4223da22f17474bc1dd949b3e965fb5f",269,"primary90_context_restriction__study","primary90_context_restriction","study","allqc_residual_exact500","H0","hclust_single_diagnostic_v1","diagnostic",2,"adjusted_rand_index",0.00213714288931351,0.000833279917953985,0.000833279917953985,0.00544836869431447,0.000906223706892869,5,5,"completed","All-QC Pearson residual (primary)","Single linkage (diagnostic)","Adjusted Rand index","Primary 90: study",FALSE,FALSE,FALSE
"mv10p_outcome_v1:76be0c9614eb35676796431a63b61d1e66c4bb098b5964d411340e3a25ec61df",270,"primary90_context_restriction__study","primary90_context_restriction","study","allqc_residual_exact500","H0","hclust_single_diagnostic_v1","diagnostic",2,"normalized_mutual_information_max",0.0144648604656848,0.01051876515574,0.01051876515574,0.0215068964015454,0.00244243002675769,5,5,"completed","All-QC Pearson residual (primary)","Single linkage (diagnostic)","Normalized mutual information","Primary 90: study",FALSE,FALSE,FALSE
"mv10p_outcome_v1:aa71e92f0402438ff90ec18e1e60128a50fb84385a5ddc664fb2dffe622aa864",271,"primary90_context_restriction__study","primary90_context_restriction","study","allqc_residual_exact500","H1","pam_dissimilarity_v1","primary",3,"adjusted_rand_index",0.197064739281094,0.197374839597697,0.164528109488796,0.231748539385012,0.011590657465732,5,5,"completed","All-QC Pearson residual (primary)","PAM (primary)","Adjusted Rand index","Primary 90: study",FALSE,FALSE,FALSE
"mv10p_outcome_v1:aab95891c05370e0a3870dfd351764b03b2592624e9a94616bcd09c389233410",272,"primary90_context_restriction__study","primary90_context_restriction","study","allqc_residual_exact500","H1","pam_dissimilarity_v1","primary",3,"normalized_mutual_information_max",0.269623523461203,0.265923462007207,0.259086037007642,0.293337683742002,0.00607197456127031,5,5,"completed","All-QC Pearson residual (primary)","PAM (primary)","Normalized mutual information","Primary 90: study",FALSE,FALSE,FALSE
"mv10p_outcome_v1:39164d27285441ef8caa7dd9a820f24bbc9b5077dbf828226183f2af37122547",273,"primary90_context_restriction__study","primary90_context_restriction","study","allqc_residual_exact500","H1","hclust_average_v1","sensitivity",3,"adjusted_rand_index",0.0968764457365093,0.0733291147285493,0.0435679063743685,0.217767413059853,0.0311437715051185,5,5,"completed","All-QC Pearson residual (primary)","Average linkage","Adjusted Rand index","Primary 90: study",FALSE,FALSE,FALSE
"mv10p_outcome_v1:8f9bbed6beaeb839826e9e5085ff38a1cec7350fee3bb23573d0af2fc4709495",274,"primary90_context_restriction__study","primary90_context_restriction","study","allqc_residual_exact500","H1","hclust_average_v1","sensitivity",3,"normalized_mutual_information_max",0.170233670693062,0.15734322698172,0.128954899883054,0.27355612750082,0.0264832628060238,5,5,"completed","All-QC Pearson residual (primary)","Average linkage","Normalized mutual information","Primary 90: study",FALSE,FALSE,FALSE
"mv10p_outcome_v1:0064b837d51266483b4e083dabc9b9e253b6a4caad3dacafd294a71640558a60",275,"primary90_context_restriction__study","primary90_context_restriction","study","allqc_residual_exact500","H1","hclust_complete_v1","sensitivity",3,"adjusted_rand_index",0.154307965940892,0.178151976040871,0.085374218895956,0.184406122571546,0.0186365833712198,5,5,"completed","All-QC Pearson residual (primary)","Complete linkage","Adjusted Rand index","Primary 90: study",FALSE,FALSE,FALSE
"mv10p_outcome_v1:a49886a11e16a9c6d7dac102434887f5b9a67f61a068cb2f632a45c0153c3d27",276,"primary90_context_restriction__study","primary90_context_restriction","study","allqc_residual_exact500","H1","hclust_complete_v1","sensitivity",3,"normalized_mutual_information_max",0.252462723809844,0.254562921037918,0.223579196128537,0.273089419019707,0.00824080495411367,5,5,"completed","All-QC Pearson residual (primary)","Complete linkage","Normalized mutual information","Primary 90: study",FALSE,FALSE,FALSE
"mv10p_outcome_v1:a48004774ee24a4d4a6dcc04751fbeb22d79409221c59bf6c801fe36c91d4ba0",277,"primary90_context_restriction__study","primary90_context_restriction","study","allqc_residual_exact500","H1","diana_dissimilarity_v1","sensitivity",3,"adjusted_rand_index",0.059075420900397,0.0562485764010276,0.0451262127251008,0.0831103352792684,0.00644000574708466,5,5,"completed","All-QC Pearson residual (primary)","DIANA","Adjusted Rand index","Primary 90: study",FALSE,FALSE,FALSE
"mv10p_outcome_v1:5cdc79efdb3cae03f3fa04f038af4679a6a24a3c6b7df1aaad72e6b693b31a40",278,"primary90_context_restriction__study","primary90_context_restriction","study","allqc_residual_exact500","H1","diana_dissimilarity_v1","sensitivity",3,"normalized_mutual_information_max",0.197380066237499,0.194971420484536,0.179081528697619,0.234541246428189,0.00996404397131842,5,5,"completed","All-QC Pearson residual (primary)","DIANA","Normalized mutual information","Primary 90: study",FALSE,FALSE,FALSE
"mv10p_outcome_v1:01627c9682e672709daefa866f89117d0f881dedca653fa5ef9f6a8520a5810f",279,"primary90_context_restriction__study","primary90_context_restriction","study","allqc_residual_exact500","H1","hclust_single_diagnostic_v1","diagnostic",3,"adjusted_rand_index",0.00571857972590334,0.00633704904162049,0.00221884853439216,0.00839384395438563,0.00105464593362157,5,5,"completed","All-QC Pearson residual (primary)","Single linkage (diagnostic)","Adjusted Rand index","Primary 90: study",FALSE,FALSE,FALSE
"mv10p_outcome_v1:2dce7cd8d1957a189090aef22f187a1ad5e0a2e4e08de617683e99e4b570fc0c",280,"primary90_context_restriction__study","primary90_context_restriction","study","allqc_residual_exact500","H1","hclust_single_diagnostic_v1","diagnostic",3,"normalized_mutual_information_max",0.0319365566555808,0.030249241705464,0.0215068964015452,0.0451700780624297,0.00382639829765963,5,5,"completed","All-QC Pearson residual (primary)","Single linkage (diagnostic)","Normalized mutual information","Primary 90: study",FALSE,FALSE,FALSE
"mv10p_outcome_v1:60f29fc2c7a699fe5ce57e15c1fb9dd93c53120cc46f3d1c02000ce4f7400301",281,"primary90_context_restriction__study","primary90_context_restriction","study","existing_selectedfit_data_exact500","H0","pam_dissimilarity_v1","primary",2,"adjusted_rand_index",0.10438052851454,0.106710151315488,0.0958329537668181,0.111496630489406,0.002993569931755,5,5,"completed","Historical selected-fit data","PAM (primary)","Adjusted Rand index","Primary 90: study",FALSE,FALSE,FALSE
"mv10p_outcome_v1:6de4d338ca5c57f747346b06cc835f00630fdf76e8cf7d73a9208a27bc56f48b",282,"primary90_context_restriction__study","primary90_context_restriction","study","existing_selectedfit_data_exact500","H0","pam_dissimilarity_v1","primary",2,"normalized_mutual_information_max",0.161034756670422,0.160543241929889,0.152988990891656,0.170594343364287,0.00302171159566877,5,5,"completed","Historical selected-fit data","PAM (primary)","Normalized mutual information","Primary 90: study",FALSE,FALSE,FALSE
"mv10p_outcome_v1:237bb4928105c33f615042c9b98f75108b334a1c9da2df798f8229f5d2bcb75d",283,"primary90_context_restriction__study","primary90_context_restriction","study","existing_selectedfit_data_exact500","H0","hclust_average_v1","sensitivity",2,"adjusted_rand_index",0.10371277331586,0.10371277331586,0.10371277331586,0.10371277331586,0,5,5,"completed","Historical selected-fit data","Average linkage","Adjusted Rand index","Primary 90: study",FALSE,FALSE,FALSE
"mv10p_outcome_v1:7a37af8d4f3dd5792cab87eaa8b6a3c54e255782961589c4c99d28f05276f97c",284,"primary90_context_restriction__study","primary90_context_restriction","study","existing_selectedfit_data_exact500","H0","hclust_average_v1","sensitivity",2,"normalized_mutual_information_max",0.166496635217342,0.166496635217342,0.166496635217342,0.166496635217342,0,5,5,"completed","Historical selected-fit data","Average linkage","Normalized mutual information","Primary 90: study",FALSE,FALSE,FALSE
"mv10p_outcome_v1:f08c7b97a3fa977cd29d17680e0879036ed8f5ec278ba45584599d9abbb2d6b0",285,"primary90_context_restriction__study","primary90_context_restriction","study","existing_selectedfit_data_exact500","H0","hclust_complete_v1","sensitivity",2,"adjusted_rand_index",0.100673357560344,0.10371277331586,0.0885156945382792,0.10371277331586,0.00303941575551616,5,5,"completed","Historical selected-fit data","Complete linkage","Adjusted Rand index","Primary 90: study",FALSE,FALSE,FALSE
"mv10p_outcome_v1:baad0ccdf5e8715ee6f799208ac535941916acab3cf89a987dd82d4b7ab3e811",286,"primary90_context_restriction__study","primary90_context_restriction","study","existing_selectedfit_data_exact500","H0","hclust_complete_v1","sensitivity",2,"normalized_mutual_information_max",0.162714602405907,0.166496635217342,0.147586471160167,0.166496635217342,0.00378203281143501,5,5,"completed","Historical selected-fit data","Complete linkage","Normalized mutual information","Primary 90: study",FALSE,FALSE,FALSE
"mv10p_outcome_v1:a30bc6a989686ffac2ec5ca43295fef3e117490762e3df3dbd1b5bd011895e29",287,"primary90_context_restriction__study","primary90_context_restriction","study","existing_selectedfit_data_exact500","H0","diana_dissimilarity_v1","sensitivity",2,"adjusted_rand_index",0.105436391918045,0.106710151315488,0.0958329537668181,0.111496630489406,0.00273395645916294,5,5,"completed","Historical selected-fit data","DIANA","Adjusted Rand index","Primary 90: study",FALSE,FALSE,FALSE
"mv10p_outcome_v1:bda6a97fd96169bd9bbbe760f141e3e9ad8415addd639591f6cb2b5354aea08c",288,"primary90_context_restriction__study","primary90_context_restriction","study","existing_selectedfit_data_exact500","H0","diana_dissimilarity_v1","sensitivity",2,"normalized_mutual_information_max",0.163114092850843,0.164110428984958,0.156936778181321,0.167483379940704,0.00195311852188993,5,5,"completed","Historical selected-fit data","DIANA","Normalized mutual information","Primary 90: study",FALSE,FALSE,FALSE
"mv10p_outcome_v1:1f050f95be45e4234254761b9a4c89fcdb3e3b0e309dd32f93dfaf920ba40965",289,"primary90_context_restriction__study","primary90_context_restriction","study","existing_selectedfit_data_exact500","H0","hclust_single_diagnostic_v1","diagnostic",2,"adjusted_rand_index",0.0129472973887245,0.0154997452363079,0.00273750599839113,0.0154997452363079,0.00255244784758335,5,5,"completed","Historical selected-fit data","Single linkage (diagnostic)","Adjusted Rand index","Primary 90: study",FALSE,FALSE,FALSE
"mv10p_outcome_v1:ba6e5ccdfbe9d18fbfa5910922cce92a30f06d80e4cc4b0344fab61be102d170",290,"primary90_context_restriction__study","primary90_context_restriction","study","existing_selectedfit_data_exact500","H0","hclust_single_diagnostic_v1","diagnostic",2,"normalized_mutual_information_max",0.0507344806868434,0.0580413767581679,0.0215068964015454,0.0580413767581679,0.0073068960713245,5,5,"completed","Historical selected-fit data","Single linkage (diagnostic)","Normalized mutual information","Primary 90: study",FALSE,FALSE,FALSE
"mv10p_outcome_v1:3589afe53dd9035c11be37897ad68bf74b6a43b77c768d154862adff1901e5fb",291,"primary90_context_restriction__study","primary90_context_restriction","study","existing_selectedfit_data_exact500","H1","pam_dissimilarity_v1","primary",3,"adjusted_rand_index",0.147019084569322,0.139793652379976,0.108156676413255,0.199869073442185,0.0157619393485882,5,5,"completed","Historical selected-fit data","PAM (primary)","Adjusted Rand index","Primary 90: study",FALSE,FALSE,FALSE
"mv10p_outcome_v1:85195b93eb9c4a30f718a70c832ed5b63f38aa7dc082fa42d74076866cb2ba7f",292,"primary90_context_restriction__study","primary90_context_restriction","study","existing_selectedfit_data_exact500","H1","pam_dissimilarity_v1","primary",3,"normalized_mutual_information_max",0.250725037107709,0.251255965499264,0.239444560379521,0.265641742604737,0.0046296039333719,5,5,"completed","Historical selected-fit data","PAM (primary)","Normalized mutual information","Primary 90: study",FALSE,FALSE,FALSE
"mv10p_outcome_v1:31f84a50259458ad3945dbdf83322a3beb2a6808ff301c53cea2d66d0391caf9",293,"primary90_context_restriction__study","primary90_context_restriction","study","existing_selectedfit_data_exact500","H1","hclust_average_v1","sensitivity",3,"adjusted_rand_index",0.101318225852271,0.0769810917248142,0.0559278756471681,0.153946108603474,0.0215582587814256,5,5,"completed","Historical selected-fit data","Average linkage","Adjusted Rand index","Primary 90: study",FALSE,FALSE,FALSE
"mv10p_outcome_v1:1b1eb85319aeb5edb2b1ce527f13f58916b62506b2cd51d7b0a12552b0e52927",294,"primary90_context_restriction__study","primary90_context_restriction","study","existing_selectedfit_data_exact500","H1","hclust_average_v1","sensitivity",3,"normalized_mutual_information_max",0.207230638305496,0.203645914420969,0.184844580844219,0.234714732396599,0.00982300412909682,5,5,"completed","Historical selected-fit data","Average linkage","Normalized mutual information","Primary 90: study",FALSE,FALSE,FALSE
"mv10p_outcome_v1:108f078b39267fadaa645ca29b7eefc49439f3617945b3131ec601a09d780322",295,"primary90_context_restriction__study","primary90_context_restriction","study","existing_selectedfit_data_exact500","H1","hclust_complete_v1","sensitivity",3,"adjusted_rand_index",0.0854886224784415,0.0610193096015162,0.0504096763428539,0.190062672699696,0.0264008406356263,5,5,"completed","Historical selected-fit data","Complete linkage","Adjusted Rand index","Primary 90: study",FALSE,FALSE,FALSE
"mv10p_outcome_v1:39394d885a3273b4e78cd3d930c6afba6a6bf75c255f538f3f9d8579840d0a4a",296,"primary90_context_restriction__study","primary90_context_restriction","study","existing_selectedfit_data_exact500","H1","hclust_complete_v1","sensitivity",3,"normalized_mutual_information_max",0.206032609663953,0.198488184609644,0.171097809761519,0.276273797459793,0.0182760583188644,5,5,"completed","Historical selected-fit data","Complete linkage","Normalized mutual information","Primary 90: study",FALSE,FALSE,FALSE
"mv10p_outcome_v1:f3018ee1d090aac93da050e14867c69f778f5248e2bf2fe311b801e132d36663",297,"primary90_context_restriction__study","primary90_context_restriction","study","existing_selectedfit_data_exact500","H1","diana_dissimilarity_v1","sensitivity",3,"adjusted_rand_index",0.0630130794398574,0.0602585817984093,0.0578597237451155,0.0689464672624761,0.00225520630182134,5,5,"completed","Historical selected-fit data","DIANA","Adjusted Rand index","Primary 90: study",FALSE,FALSE,FALSE
"mv10p_outcome_v1:4326695a5e0f21c6565a808bf1d1376027a43b3ba6d3354ed2d4ca1b49962c9d",298,"primary90_context_restriction__study","primary90_context_restriction","study","existing_selectedfit_data_exact500","H1","diana_dissimilarity_v1","sensitivity",3,"normalized_mutual_information_max",0.203959109130745,0.204083454978303,0.195847911732465,0.210473746071051,0.00288523151444187,5,5,"completed","Historical selected-fit data","DIANA","Normalized mutual information","Primary 90: study",FALSE,FALSE,FALSE
"mv10p_outcome_v1:6d772a06b276332d1d0de9a33837748e60d21a04c56655b6cdf62d6e23896cc0",299,"primary90_context_restriction__study","primary90_context_restriction","study","existing_selectedfit_data_exact500","H1","hclust_single_diagnostic_v1","diagnostic",3,"adjusted_rand_index",0.00169185104273885,0.00141016601499905,0.000833279917953985,0.00339547725074311,0.00044031386518435,5,5,"completed","Historical selected-fit data","Single linkage (diagnostic)","Adjusted Rand index","Primary 90: study",FALSE,FALSE,FALSE
"mv10p_outcome_v1:45b2ae8075a1368016113bcf197cbf6439150290c5509e419684bb7556f9c2fb",300,"primary90_context_restriction__study","primary90_context_restriction","study","existing_selectedfit_data_exact500","H1","hclust_single_diagnostic_v1","diagnostic",3,"normalized_mutual_information_max",0.013251557255046,0.011040814969213,0.01051876515574,0.0226165762118512,0.00234343633455723,5,5,"completed","Historical selected-fit data","Single linkage (diagnostic)","Normalized mutual information","Primary 90: study",FALSE,FALSE,FALSE
