"contract_id","path","before_sha256","after_sha256","before_bytes","after_bytes","before_modified_epoch_seconds","after_modified_epoch_seconds","sha256_unchanged","bytes_unchanged","mtime_unchanged","outcome_label_state","biological_outcomes_computed"
"mv06g_complete_resume_v1","groups/mv06f_group_v1_1fdd87ee5e65ad31c7f286b5b15dc9e13314d98d6ca81e353781a52bde5bbac7/training-distances.csv","e8d80946243559d43a07b5b10de742717624e7f002581e9217cdde83b506b2eb","e8d80946243559d43a07b5b10de742717624e7f002581e9217cdde83b506b2eb",3479243,3479243,1786779753.55067,1786779753.55067,TRUE,TRUE,TRUE,"closed",FALSE
"mv06g_complete_resume_v1","groups/mv06f_group_v1_1fdd87ee5e65ad31c7f286b5b15dc9e13314d98d6ca81e353781a52bde5bbac7/scales.csv","06616775392e632a4ff592d335597aef1af8204c84454bda37f1ef19f9265b1a","06616775392e632a4ff592d335597aef1af8204c84454bda37f1ef19f9265b1a",1095,1095,1786779753.55067,1786779753.55067,TRUE,TRUE,TRUE,"closed",FALSE
"mv06g_complete_resume_v1","groups/mv06f_group_v1_1fdd87ee5e65ad31c7f286b5b15dc9e13314d98d6ca81e353781a52bde5bbac7/rankings.csv","7e6514bf0bbf16761fff32cd624fd535da6275b9e58b00b673de24639be47fb2","7e6514bf0bbf16761fff32cd624fd535da6275b9e58b00b673de24639be47fb2",4582551,4582551,1786779754.24641,1786779754.24641,TRUE,TRUE,TRUE,"closed",FALSE
"mv06g_complete_resume_v1","groups/mv06f_group_v1_1fdd87ee5e65ad31c7f286b5b15dc9e13314d98d6ca81e353781a52bde5bbac7/metrics.csv","c97090a264ce6f2b0389298e15f67319363e3c6b597739b81d149a99a168717f","c97090a264ce6f2b0389298e15f67319363e3c6b597739b81d149a99a168717f",451,451,1786779754.2529,1786779754.2529,TRUE,TRUE,TRUE,"closed",FALSE
"mv06g_complete_resume_v1","groups/mv06f_group_v1_1fdd87ee5e65ad31c7f286b5b15dc9e13314d98d6ca81e353781a52bde5bbac7/status.csv","0c3213b7f4cffc8eed4673804f1543cfbc2d45772a004aecbe8eab0486dc6958","0c3213b7f4cffc8eed4673804f1543cfbc2d45772a004aecbe8eab0486dc6958",1342,1342,1786779755.78168,1786779755.78168,TRUE,TRUE,TRUE,"closed",FALSE
"mv06g_complete_resume_v1","groups/mv06f_group_v1_dd313858dc9ffd6ea3fc525acd499918846e034806bcae3cf04bca1a95132065/training-distances.csv","fa04f11145d3782453e7708ae054c60d51a1721f9f3ca870133fd340b945875e","fa04f11145d3782453e7708ae054c60d51a1721f9f3ca870133fd340b945875e",3478928,3478928,1786779954.63868,1786779954.63868,TRUE,TRUE,TRUE,"closed",FALSE
"mv06g_complete_resume_v1","groups/mv06f_group_v1_dd313858dc9ffd6ea3fc525acd499918846e034806bcae3cf04bca1a95132065/scales.csv","84537e2375a1be9407565ee005e1188d6322fca5aa197633161a5dd88cacf552","84537e2375a1be9407565ee005e1188d6322fca5aa197633161a5dd88cacf552",1095,1095,1786779954.63968,1786779954.63968,TRUE,TRUE,TRUE,"closed",FALSE
"mv06g_complete_resume_v1","groups/mv06f_group_v1_dd313858dc9ffd6ea3fc525acd499918846e034806bcae3cf04bca1a95132065/rankings.csv","7bcea1d1acb5c2002ced14400bc43efdfabd06bcc0aa095f2b326af45d623f6b","7bcea1d1acb5c2002ced14400bc43efdfabd06bcc0aa095f2b326af45d623f6b",4582518,4582518,1786779955.63886,1786779955.63886,TRUE,TRUE,TRUE,"closed",FALSE
"mv06g_complete_resume_v1","groups/mv06f_group_v1_dd313858dc9ffd6ea3fc525acd499918846e034806bcae3cf04bca1a95132065/metrics.csv","d8108fd7f452cd1c3559673c88cfc23610a5fdccb9dd18bcce8c8b3da8755a3e","d8108fd7f452cd1c3559673c88cfc23610a5fdccb9dd18bcce8c8b3da8755a3e",451,451,1786779955.64566,1786779955.64566,TRUE,TRUE,TRUE,"closed",FALSE
"mv06g_complete_resume_v1","groups/mv06f_group_v1_dd313858dc9ffd6ea3fc525acd499918846e034806bcae3cf04bca1a95132065/status.csv","72492610cd1fde1a42983f4294dd89a6895d5a785b6481d4aa48dbfc89c2ce08","72492610cd1fde1a42983f4294dd89a6895d5a785b6481d4aa48dbfc89c2ce08",1342,1342,1786779956.28096,1786779956.28096,TRUE,TRUE,TRUE,"closed",FALSE
"mv06g_complete_resume_v1","groups/mv06f_group_v1_9b2d1f39b561e50dc627020719820107f43f2cdc3fead74850072e711dbdb665/training-distances.csv","04aa02fed4e4bee332555dce40e8727786250832b969af198c267a18d767bf5a","04aa02fed4e4bee332555dce40e8727786250832b969af198c267a18d767bf5a",3479110,3479110,1786780149.70924,1786780149.70924,TRUE,TRUE,TRUE,"closed",FALSE
"mv06g_complete_resume_v1","groups/mv06f_group_v1_9b2d1f39b561e50dc627020719820107f43f2cdc3fead74850072e711dbdb665/scales.csv","df642639d5fe176c1351742ef1e2a262aa9e2ec93be90bb7afcb0ce5b1589f33","df642639d5fe176c1351742ef1e2a262aa9e2ec93be90bb7afcb0ce5b1589f33",1093,1093,1786780149.71424,1786780149.71424,TRUE,TRUE,TRUE,"closed",FALSE
"mv06g_complete_resume_v1","groups/mv06f_group_v1_9b2d1f39b561e50dc627020719820107f43f2cdc3fead74850072e711dbdb665/rankings.csv","178bcc3810708e571b45eb52f6eb5d9d41da3351374af3448551bdb57b283ef0","178bcc3810708e571b45eb52f6eb5d9d41da3351374af3448551bdb57b283ef0",4582753,4582753,1786780151.18652,1786780151.18652,TRUE,TRUE,TRUE,"closed",FALSE
"mv06g_complete_resume_v1","groups/mv06f_group_v1_9b2d1f39b561e50dc627020719820107f43f2cdc3fead74850072e711dbdb665/metrics.csv","9ff1acd2a373b332ba0e12d3010c247f6b50dd0ad12385c5195e1674e32c7fd0","9ff1acd2a373b332ba0e12d3010c247f6b50dd0ad12385c5195e1674e32c7fd0",451,451,1786780151.18652,1786780151.18652,TRUE,TRUE,TRUE,"closed",FALSE
"mv06g_complete_resume_v1","groups/mv06f_group_v1_9b2d1f39b561e50dc627020719820107f43f2cdc3fead74850072e711dbdb665/status.csv","a533aca55d77aad3f10582eaa568e56b6a173b67f656b27d4dcd3e3d059a9193","a533aca55d77aad3f10582eaa568e56b6a173b67f656b27d4dcd3e3d059a9193",1342,1342,1786780152.01692,1786780152.01692,TRUE,TRUE,TRUE,"closed",FALSE
"mv06g_complete_resume_v1","groups/mv06f_group_v1_93330cf105cfdf4e425ea228174eeb758ac21ca417d1e649f537e74682c1de67/training-distances.csv","a460ec9669b2b43738c47c42e7673d876f4d1f8e0342896cd8e0b474871cf78a","a460ec9669b2b43738c47c42e7673d876f4d1f8e0342896cd8e0b474871cf78a",3479227,3479227,1786780342.30819,1786780342.30819,TRUE,TRUE,TRUE,"closed",FALSE
"mv06g_complete_resume_v1","groups/mv06f_group_v1_93330cf105cfdf4e425ea228174eeb758ac21ca417d1e649f537e74682c1de67/scales.csv","2915b5c4dfcc69375e186ec22fad45eec55c38b2b75c1a2656da34b6da97ad23","2915b5c4dfcc69375e186ec22fad45eec55c38b2b75c1a2656da34b6da97ad23",1095,1095,1786780342.31233,1786780342.31233,TRUE,TRUE,TRUE,"closed",FALSE
"mv06g_complete_resume_v1","groups/mv06f_group_v1_93330cf105cfdf4e425ea228174eeb758ac21ca417d1e649f537e74682c1de67/rankings.csv","32c50fa6ef6a11650c4970fa66d90c9c8f682d81e12fb5d90f31a640c71664ca","32c50fa6ef6a11650c4970fa66d90c9c8f682d81e12fb5d90f31a640c71664ca",4582625,4582625,1786780343.45312,1786780343.45312,TRUE,TRUE,TRUE,"closed",FALSE
"mv06g_complete_resume_v1","groups/mv06f_group_v1_93330cf105cfdf4e425ea228174eeb758ac21ca417d1e649f537e74682c1de67/metrics.csv","4705f8edcd494afb1b4396704df34fcf32941b62bca80a98f0ad23ae5ee8431f","4705f8edcd494afb1b4396704df34fcf32941b62bca80a98f0ad23ae5ee8431f",450,450,1786780343.46929,1786780343.46929,TRUE,TRUE,TRUE,"closed",FALSE
"mv06g_complete_resume_v1","groups/mv06f_group_v1_93330cf105cfdf4e425ea228174eeb758ac21ca417d1e649f537e74682c1de67/status.csv","8b35c0573d24b02e2a8d0e27b0758cac950ab3fcd40417078f580fd904d227ab","8b35c0573d24b02e2a8d0e27b0758cac950ab3fcd40417078f580fd904d227ab",1342,1342,1786780344.31573,1786780344.31573,TRUE,TRUE,TRUE,"closed",FALSE
"mv06g_complete_resume_v1","groups/mv06f_group_v1_2519b46581f7f2c91691fbe8e7b5d3dee98d00bdf38dace46a96d025dd694b26/training-distances.csv","2619867b590ed139cc2e1907ce7e04be4bd7680c1f4b09c8d6cb44fb15b1d3d2","2619867b590ed139cc2e1907ce7e04be4bd7680c1f4b09c8d6cb44fb15b1d3d2",5287641,5287641,1786780626.01515,1786780626.01515,TRUE,TRUE,TRUE,"closed",FALSE
"mv06g_complete_resume_v1","groups/mv06f_group_v1_2519b46581f7f2c91691fbe8e7b5d3dee98d00bdf38dace46a96d025dd694b26/scales.csv","5685924b068a043476c8067584fc71772a99a1a8ca16f07a6bdb9ecf6669c9c4","5685924b068a043476c8067584fc71772a99a1a8ca16f07a6bdb9ecf6669c9c4",1094,1094,1786780626.02385,1786780626.02385,TRUE,TRUE,TRUE,"closed",FALSE
"mv06g_complete_resume_v1","groups/mv06f_group_v1_2519b46581f7f2c91691fbe8e7b5d3dee98d00bdf38dace46a96d025dd694b26/rankings.csv","3ebc20f86fc336811f876644a6f3713119c3244864bdce22011625c0a448ff34","3ebc20f86fc336811f876644a6f3713119c3244864bdce22011625c0a448ff34",2254841,2254841,1786780627.06078,1786780627.06078,TRUE,TRUE,TRUE,"closed",FALSE
"mv06g_complete_resume_v1","groups/mv06f_group_v1_2519b46581f7f2c91691fbe8e7b5d3dee98d00bdf38dace46a96d025dd694b26/metrics.csv","bdaa23fc7533d0f4c8ce2dc0b5f7c066474d5cab6c81f057ded957b07df8d9b8","bdaa23fc7533d0f4c8ce2dc0b5f7c066474d5cab6c81f057ded957b07df8d9b8",450,450,1786780627.06834,1786780627.06834,TRUE,TRUE,TRUE,"closed",FALSE
"mv06g_complete_resume_v1","groups/mv06f_group_v1_2519b46581f7f2c91691fbe8e7b5d3dee98d00bdf38dace46a96d025dd694b26/status.csv","635b7f7342e8f9891c911d9aba339c4b250d3b57b1815c7835b583ba88eadc45","635b7f7342e8f9891c911d9aba339c4b250d3b57b1815c7835b583ba88eadc45",1341,1341,1786780627.65531,1786780627.65531,TRUE,TRUE,TRUE,"closed",FALSE
"mv06g_complete_resume_v1","groups/mv06f_group_v1_46fb2e2ee24ce2b14b9bc31f5f076ac7240b86ef871227f8e2593e9eb8444f66/training-distances.csv","322d30a5cec4cbe7fed18e53e2915640411ace5be50e4f049f7bbb8f6be903be","322d30a5cec4cbe7fed18e53e2915640411ace5be50e4f049f7bbb8f6be903be",5287445,5287445,1786780920.64886,1786780920.64886,TRUE,TRUE,TRUE,"closed",FALSE
"mv06g_complete_resume_v1","groups/mv06f_group_v1_46fb2e2ee24ce2b14b9bc31f5f076ac7240b86ef871227f8e2593e9eb8444f66/scales.csv","7095faa9c218296dc11857868a3461140852a8dbd8f5149260d4570f53faef1e","7095faa9c218296dc11857868a3461140852a8dbd8f5149260d4570f53faef1e",1095,1095,1786780920.65647,1786780920.65647,TRUE,TRUE,TRUE,"closed",FALSE
"mv06g_complete_resume_v1","groups/mv06f_group_v1_46fb2e2ee24ce2b14b9bc31f5f076ac7240b86ef871227f8e2593e9eb8444f66/rankings.csv","f689d59258486a223bb0864499fcc26fd567012cbc20e30fd88212afe8920021","f689d59258486a223bb0864499fcc26fd567012cbc20e30fd88212afe8920021",2255049,2255049,1786780921.00283,1786780921.00283,TRUE,TRUE,TRUE,"closed",FALSE
"mv06g_complete_resume_v1","groups/mv06f_group_v1_46fb2e2ee24ce2b14b9bc31f5f076ac7240b86ef871227f8e2593e9eb8444f66/metrics.csv","370b5afed0fb32a4931bd9121131cb948749098ba27d42be509887002ef910cd","370b5afed0fb32a4931bd9121131cb948749098ba27d42be509887002ef910cd",450,450,1786780921.0118,1786780921.0118,TRUE,TRUE,TRUE,"closed",FALSE
"mv06g_complete_resume_v1","groups/mv06f_group_v1_46fb2e2ee24ce2b14b9bc31f5f076ac7240b86ef871227f8e2593e9eb8444f66/status.csv","6c7f40b9cd5ffbef260cdcb96718e8b99ddc396b38de889bda206d1519658bed","6c7f40b9cd5ffbef260cdcb96718e8b99ddc396b38de889bda206d1519658bed",1341,1341,1786780921.53769,1786780921.53769,TRUE,TRUE,TRUE,"closed",FALSE
"mv06g_complete_resume_v1","groups/mv06f_group_v1_92c24466932dbbdc2c20c1f18664eb2ed4b07f5c013dfdeee20ed9381a6fcdd3/training-distances.csv","9588bbb8e98765552b9446684009fb79f92c935785a337c5df142bc58b5523f7","9588bbb8e98765552b9446684009fb79f92c935785a337c5df142bc58b5523f7",5287366,5287366,1786781208.1257,1786781208.1257,TRUE,TRUE,TRUE,"closed",FALSE
"mv06g_complete_resume_v1","groups/mv06f_group_v1_92c24466932dbbdc2c20c1f18664eb2ed4b07f5c013dfdeee20ed9381a6fcdd3/scales.csv","c7c85196f77e44d29a19da3e7c80553c91a69e8810e6bd0c6051f6fd44a6b741","c7c85196f77e44d29a19da3e7c80553c91a69e8810e6bd0c6051f6fd44a6b741",1095,1095,1786781208.14497,1786781208.14497,TRUE,TRUE,TRUE,"closed",FALSE
"mv06g_complete_resume_v1","groups/mv06f_group_v1_92c24466932dbbdc2c20c1f18664eb2ed4b07f5c013dfdeee20ed9381a6fcdd3/rankings.csv","3a75b344fa3c4a944ece961be0fff3dbcdeabc21942ffba31eb6e31ba37b94b8","3a75b344fa3c4a944ece961be0fff3dbcdeabc21942ffba31eb6e31ba37b94b8",2254811,2254811,1786781208.48469,1786781208.48469,TRUE,TRUE,TRUE,"closed",FALSE
"mv06g_complete_resume_v1","groups/mv06f_group_v1_92c24466932dbbdc2c20c1f18664eb2ed4b07f5c013dfdeee20ed9381a6fcdd3/metrics.csv","da35ae6304a7ad11b7dfdf8d70b1ea95ba4baafd65c5f9618e439e4585eb1c4c","da35ae6304a7ad11b7dfdf8d70b1ea95ba4baafd65c5f9618e439e4585eb1c4c",450,450,1786781208.5006,1786781208.5006,TRUE,TRUE,TRUE,"closed",FALSE
"mv06g_complete_resume_v1","groups/mv06f_group_v1_92c24466932dbbdc2c20c1f18664eb2ed4b07f5c013dfdeee20ed9381a6fcdd3/status.csv","51deab835672b5cbe3ce48f1459607e0d3c541e23f65e6fabb3511f3b43922d0","51deab835672b5cbe3ce48f1459607e0d3c541e23f65e6fabb3511f3b43922d0",1341,1341,1786781209.07312,1786781209.07312,TRUE,TRUE,TRUE,"closed",FALSE
"mv06g_complete_resume_v1","groups/mv06f_group_v1_394be69720fe1c8d1f1079746d7f8b512262c954632e11fbbc488f93697ebc15/training-distances.csv","a8375910dd97ca7a772f14e1ba292bef1e99e0a0c415c47ba689115081a72261","a8375910dd97ca7a772f14e1ba292bef1e99e0a0c415c47ba689115081a72261",5286853,5286853,1786781485.9691,1786781485.9691,TRUE,TRUE,TRUE,"closed",FALSE
"mv06g_complete_resume_v1","groups/mv06f_group_v1_394be69720fe1c8d1f1079746d7f8b512262c954632e11fbbc488f93697ebc15/scales.csv","db964d3d2e621252697cab0d725ef37d46f47ec2e8612e323e186bb784dc990b","db964d3d2e621252697cab0d725ef37d46f47ec2e8612e323e186bb784dc990b",1093,1093,1786781485.9744,1786781485.9744,TRUE,TRUE,TRUE,"closed",FALSE
"mv06g_complete_resume_v1","groups/mv06f_group_v1_394be69720fe1c8d1f1079746d7f8b512262c954632e11fbbc488f93697ebc15/rankings.csv","94eb83c1f9e7bb2546284c7c7a7bccdd2a1ea7b8b401557dd75a783869d59a9d","94eb83c1f9e7bb2546284c7c7a7bccdd2a1ea7b8b401557dd75a783869d59a9d",2254701,2254701,1786781486.31733,1786781486.31733,TRUE,TRUE,TRUE,"closed",FALSE
"mv06g_complete_resume_v1","groups/mv06f_group_v1_394be69720fe1c8d1f1079746d7f8b512262c954632e11fbbc488f93697ebc15/metrics.csv","33f3d738069dd880e2c117b5d51710a9fea7d89e0b4216d48233240698e3b14a","33f3d738069dd880e2c117b5d51710a9fea7d89e0b4216d48233240698e3b14a",450,450,1786781486.32284,1786781486.32284,TRUE,TRUE,TRUE,"closed",FALSE
"mv06g_complete_resume_v1","groups/mv06f_group_v1_394be69720fe1c8d1f1079746d7f8b512262c954632e11fbbc488f93697ebc15/status.csv","dc7e8e290f295b3f417810d04ae2cea3da4ac0709aaaaefe209a944020af3ad8","dc7e8e290f295b3f417810d04ae2cea3da4ac0709aaaaefe209a944020af3ad8",1341,1341,1786781486.98427,1786781486.98427,TRUE,TRUE,TRUE,"closed",FALSE
"mv06g_complete_resume_v1","groups/mv06f_group_v1_028dc0fb6bf19467f7d7f98b72c2b356b558ae4647763fd9f96ad1022346d34d/training-distances.csv","15e5d68dda4cc9a5cc3f90ad3ec4314f42b08f2c4e40b91a87f4549557bb6eaa","15e5d68dda4cc9a5cc3f90ad3ec4314f42b08f2c4e40b91a87f4549557bb6eaa",5287754,5287754,1786781769.27144,1786781769.27144,TRUE,TRUE,TRUE,"closed",FALSE
"mv06g_complete_resume_v1","groups/mv06f_group_v1_028dc0fb6bf19467f7d7f98b72c2b356b558ae4647763fd9f96ad1022346d34d/scales.csv","d96925ab5a68c14e383ad6fe50f8f1a5991b3b8fda1d70c9d8c51061c53adaa9","d96925ab5a68c14e383ad6fe50f8f1a5991b3b8fda1d70c9d8c51061c53adaa9",1096,1096,1786781769.27743,1786781769.27743,TRUE,TRUE,TRUE,"closed",FALSE
"mv06g_complete_resume_v1","groups/mv06f_group_v1_028dc0fb6bf19467f7d7f98b72c2b356b558ae4647763fd9f96ad1022346d34d/rankings.csv","481a3fe8fdaf80fd5a15dbc04d39dee06ec75cecc1bc1cd6f3365398dcc8156e","481a3fe8fdaf80fd5a15dbc04d39dee06ec75cecc1bc1cd6f3365398dcc8156e",2254979,2254979,1786781769.60816,1786781769.60816,TRUE,TRUE,TRUE,"closed",FALSE
"mv06g_complete_resume_v1","groups/mv06f_group_v1_028dc0fb6bf19467f7d7f98b72c2b356b558ae4647763fd9f96ad1022346d34d/metrics.csv","b5dab77a917c80a7d4b273d236b0cc01755fcc1001b88d221cef545981b8c726","b5dab77a917c80a7d4b273d236b0cc01755fcc1001b88d221cef545981b8c726",450,450,1786781769.61242,1786781769.61242,TRUE,TRUE,TRUE,"closed",FALSE
"mv06g_complete_resume_v1","groups/mv06f_group_v1_028dc0fb6bf19467f7d7f98b72c2b356b558ae4647763fd9f96ad1022346d34d/status.csv","4abdadf35a214776b12dabc8d65154d5dd6db6ca11ef8cf8b57dd40987bdda75","4abdadf35a214776b12dabc8d65154d5dd6db6ca11ef8cf8b57dd40987bdda75",1341,1341,1786781770.15635,1786781770.15635,TRUE,TRUE,TRUE,"closed",FALSE
"mv06g_complete_resume_v1","groups/mv06f_group_v1_202da4b3725f8981b02bd1b53a07055ab079a4f3995ae4e5cb4fb7f60dacc4b0/training-distances.csv","b247d7a9801815b77810407f4df3b1bd27ae5c45a92b108888f5fa44d59cb55b","b247d7a9801815b77810407f4df3b1bd27ae5c45a92b108888f5fa44d59cb55b",5421290,5421290,1786782048.84365,1786782048.84365,TRUE,TRUE,TRUE,"closed",FALSE
"mv06g_complete_resume_v1","groups/mv06f_group_v1_202da4b3725f8981b02bd1b53a07055ab079a4f3995ae4e5cb4fb7f60dacc4b0/scales.csv","078255a96aae6f3b10f69efa73cb07cd40e73cc8a1ad76fe7d1dbc9addc5dc7c","078255a96aae6f3b10f69efa73cb07cd40e73cc8a1ad76fe7d1dbc9addc5dc7c",1093,1093,1786782048.85934,1786782048.85934,TRUE,TRUE,TRUE,"closed",FALSE
"mv06g_complete_resume_v1","groups/mv06f_group_v1_202da4b3725f8981b02bd1b53a07055ab079a4f3995ae4e5cb4fb7f60dacc4b0/rankings.csv","965aca19c4540b5d02cc2c4e962b5d0e8df9095e1d7bacec8f5e79039bf817be","965aca19c4540b5d02cc2c4e962b5d0e8df9095e1d7bacec8f5e79039bf817be",2054119,2054119,1786782049.17258,1786782049.17258,TRUE,TRUE,TRUE,"closed",FALSE
"mv06g_complete_resume_v1","groups/mv06f_group_v1_202da4b3725f8981b02bd1b53a07055ab079a4f3995ae4e5cb4fb7f60dacc4b0/metrics.csv","a8a32bcd18c284a3640e25f31a73739950a54420c7e0bb67774ab44e7c4a933a","a8a32bcd18c284a3640e25f31a73739950a54420c7e0bb67774ab44e7c4a933a",450,450,1786782049.17258,1786782049.17258,TRUE,TRUE,TRUE,"closed",FALSE
"mv06g_complete_resume_v1","groups/mv06f_group_v1_202da4b3725f8981b02bd1b53a07055ab079a4f3995ae4e5cb4fb7f60dacc4b0/status.csv","fac3640960a801830b303939121de62bee7da2daa910060fbb96bc0a329c1db5","fac3640960a801830b303939121de62bee7da2daa910060fbb96bc0a329c1db5",1341,1341,1786782049.8285,1786782049.8285,TRUE,TRUE,TRUE,"closed",FALSE
"mv06g_complete_resume_v1","groups/mv06f_group_v1_19131b37e2c9b21894c06d7dc933e65aabe3b75b6453cf2e3b9dee1c9a75c621/training-distances.csv","4276bd7d04c3c02acebfaa003178bf787a7556f24d38a4d95b5a6bb79bea701d","4276bd7d04c3c02acebfaa003178bf787a7556f24d38a4d95b5a6bb79bea701d",5421437,5421437,1786782338.26603,1786782338.26603,TRUE,TRUE,TRUE,"closed",FALSE
"mv06g_complete_resume_v1","groups/mv06f_group_v1_19131b37e2c9b21894c06d7dc933e65aabe3b75b6453cf2e3b9dee1c9a75c621/scales.csv","f6a55d3fcf806c4e88f637d09cf4a598294c57a481a70a5b49e6953dd332baae","f6a55d3fcf806c4e88f637d09cf4a598294c57a481a70a5b49e6953dd332baae",1095,1095,1786782338.28177,1786782338.28177,TRUE,TRUE,TRUE,"closed",FALSE
"mv06g_complete_resume_v1","groups/mv06f_group_v1_19131b37e2c9b21894c06d7dc933e65aabe3b75b6453cf2e3b9dee1c9a75c621/rankings.csv","c5bd3122747e3c167e1711ac33d59f0bb13967524462910cb0101560e72c6a9b","c5bd3122747e3c167e1711ac33d59f0bb13967524462910cb0101560e72c6a9b",2054051,2054051,1786782338.57748,1786782338.57748,TRUE,TRUE,TRUE,"closed",FALSE
"mv06g_complete_resume_v1","groups/mv06f_group_v1_19131b37e2c9b21894c06d7dc933e65aabe3b75b6453cf2e3b9dee1c9a75c621/metrics.csv","a448127b487e2c695ae5b7181967cce869ab108120eb05cf89dc4a32e7de416b","a448127b487e2c695ae5b7181967cce869ab108120eb05cf89dc4a32e7de416b",450,450,1786782338.5933,1786782338.5933,TRUE,TRUE,TRUE,"closed",FALSE
"mv06g_complete_resume_v1","groups/mv06f_group_v1_19131b37e2c9b21894c06d7dc933e65aabe3b75b6453cf2e3b9dee1c9a75c621/status.csv","b88804aeeefd7af002ba8cd2e38d34104d4dbeb11cdbc82a9a2575bc1883c96b","b88804aeeefd7af002ba8cd2e38d34104d4dbeb11cdbc82a9a2575bc1883c96b",1341,1341,1786782339.31831,1786782339.31831,TRUE,TRUE,TRUE,"closed",FALSE
"mv06g_complete_resume_v1","groups/mv06f_group_v1_adc0117d4c99bc1eb26bbec46d2d7790b200f9d4b3f46b85da022e89cae1fdad/training-distances.csv","334e5b879bb6a2192b014fb01112e2b05ee599be9d9e663c62948d1545bc1a45","334e5b879bb6a2192b014fb01112e2b05ee599be9d9e663c62948d1545bc1a45",5421276,5421276,1786782624.36527,1786782624.36527,TRUE,TRUE,TRUE,"closed",FALSE
"mv06g_complete_resume_v1","groups/mv06f_group_v1_adc0117d4c99bc1eb26bbec46d2d7790b200f9d4b3f46b85da022e89cae1fdad/scales.csv","4c259af70c05833c04a1bb9deaa0daf2de48f5c18390a62fd066c3ec180646ec","4c259af70c05833c04a1bb9deaa0daf2de48f5c18390a62fd066c3ec180646ec",1095,1095,1786782624.37127,1786782624.37127,TRUE,TRUE,TRUE,"closed",FALSE
"mv06g_complete_resume_v1","groups/mv06f_group_v1_adc0117d4c99bc1eb26bbec46d2d7790b200f9d4b3f46b85da022e89cae1fdad/rankings.csv","4bfc53ebab4f3eb10027d90b2f83f15c5ffd731dec40dd15065b27e468923667","4bfc53ebab4f3eb10027d90b2f83f15c5ffd731dec40dd15065b27e468923667",2053992,2053992,1786782624.69015,1786782624.69015,TRUE,TRUE,TRUE,"closed",FALSE
"mv06g_complete_resume_v1","groups/mv06f_group_v1_adc0117d4c99bc1eb26bbec46d2d7790b200f9d4b3f46b85da022e89cae1fdad/metrics.csv","c61a129225230008c389b30ad4da2f1de1751b6b1ebc51f9e8f45fe765742698","c61a129225230008c389b30ad4da2f1de1751b6b1ebc51f9e8f45fe765742698",450,450,1786782624.69716,1786782624.69716,TRUE,TRUE,TRUE,"closed",FALSE
"mv06g_complete_resume_v1","groups/mv06f_group_v1_adc0117d4c99bc1eb26bbec46d2d7790b200f9d4b3f46b85da022e89cae1fdad/status.csv","6ee964b0cc088d7a21dfd3cd844faf18e1937ec094808990c0b5d1f348f91bc6","6ee964b0cc088d7a21dfd3cd844faf18e1937ec094808990c0b5d1f348f91bc6",1341,1341,1786782625.25117,1786782625.25117,TRUE,TRUE,TRUE,"closed",FALSE
"mv06g_complete_resume_v1","groups/mv06f_group_v1_2dbd4707322a9b93d461f93a522f7dd079fc0403847d8fbbccc4697db12de23d/training-distances.csv","10cffb32d6e9821719b01a23ee03a336d630af7def2ced9e42d1912cb5a1eaa2","10cffb32d6e9821719b01a23ee03a336d630af7def2ced9e42d1912cb5a1eaa2",5420937,5420937,1786782909.86376,1786782909.86376,TRUE,TRUE,TRUE,"closed",FALSE
"mv06g_complete_resume_v1","groups/mv06f_group_v1_2dbd4707322a9b93d461f93a522f7dd079fc0403847d8fbbccc4697db12de23d/scales.csv","5c7aff265cef84023e06f486091f3c46a9e3a63277d4aae29b6f36271338fd4e","5c7aff265cef84023e06f486091f3c46a9e3a63277d4aae29b6f36271338fd4e",1094,1094,1786782909.88085,1786782909.88085,TRUE,TRUE,TRUE,"closed",FALSE
"mv06g_complete_resume_v1","groups/mv06f_group_v1_2dbd4707322a9b93d461f93a522f7dd079fc0403847d8fbbccc4697db12de23d/rankings.csv","bcfb87f46fdf723cb3b25b99e844fbc0bf893b9516c64be9debcfb08eb12d896","bcfb87f46fdf723cb3b25b99e844fbc0bf893b9516c64be9debcfb08eb12d896",2053861,2053861,1786782910.19217,1786782910.19217,TRUE,TRUE,TRUE,"closed",FALSE
"mv06g_complete_resume_v1","groups/mv06f_group_v1_2dbd4707322a9b93d461f93a522f7dd079fc0403847d8fbbccc4697db12de23d/metrics.csv","179cdff45f585a8774f16eaea8419b81cbecec6419347beed082627c48aff7ce","179cdff45f585a8774f16eaea8419b81cbecec6419347beed082627c48aff7ce",450,450,1786782910.1972,1786782910.1972,TRUE,TRUE,TRUE,"closed",FALSE
"mv06g_complete_resume_v1","groups/mv06f_group_v1_2dbd4707322a9b93d461f93a522f7dd079fc0403847d8fbbccc4697db12de23d/status.csv","6311ea43e9dc223d286f38437d920df24b3b8364f27c6737dc2422bce9995fdf","6311ea43e9dc223d286f38437d920df24b3b8364f27c6737dc2422bce9995fdf",1341,1341,1786782910.83292,1786782910.83292,TRUE,TRUE,TRUE,"closed",FALSE
"mv06g_complete_resume_v1","groups/mv06f_group_v1_edecded5b1ae4d084e6e5d13df954c48b837df89a4a4f667c7487242425bf2a0/training-distances.csv","3d58d9cdabc8a4884d67ca408d7c19f41c4276a916df83e71043afaa5a5491ed","3d58d9cdabc8a4884d67ca408d7c19f41c4276a916df83e71043afaa5a5491ed",5421644,5421644,1786783196.62639,1786783196.62639,TRUE,TRUE,TRUE,"closed",FALSE
"mv06g_complete_resume_v1","groups/mv06f_group_v1_edecded5b1ae4d084e6e5d13df954c48b837df89a4a4f667c7487242425bf2a0/scales.csv","95b9ed6d287da0fd4e13131525a3964ee6960afeb929dcc03d1c1d16de6a6209","95b9ed6d287da0fd4e13131525a3964ee6960afeb929dcc03d1c1d16de6a6209",1095,1095,1786783196.62639,1786783196.62639,TRUE,TRUE,TRUE,"closed",FALSE
"mv06g_complete_resume_v1","groups/mv06f_group_v1_edecded5b1ae4d084e6e5d13df954c48b837df89a4a4f667c7487242425bf2a0/rankings.csv","92972d5df89e0136579b910e758c0b787c6282aa4ba38288d8082eacea7c1faa","92972d5df89e0136579b910e758c0b787c6282aa4ba38288d8082eacea7c1faa",2053923,2053923,1786783196.93767,1786783196.93767,TRUE,TRUE,TRUE,"closed",FALSE
"mv06g_complete_resume_v1","groups/mv06f_group_v1_edecded5b1ae4d084e6e5d13df954c48b837df89a4a4f667c7487242425bf2a0/metrics.csv","db920591ffe2dfc88b97ede96de4a4972d448ba732c0bbe71cd9823e0055ffad","db920591ffe2dfc88b97ede96de4a4972d448ba732c0bbe71cd9823e0055ffad",450,450,1786783196.93767,1786783196.93767,TRUE,TRUE,TRUE,"closed",FALSE
"mv06g_complete_resume_v1","groups/mv06f_group_v1_edecded5b1ae4d084e6e5d13df954c48b837df89a4a4f667c7487242425bf2a0/status.csv","865ac879f01d5f4ad2b938b1d6459ab3372c182ef040cb9bc4e9409c87261ea7","865ac879f01d5f4ad2b938b1d6459ab3372c182ef040cb9bc4e9409c87261ea7",1341,1341,1786783197.53118,1786783197.53118,TRUE,TRUE,TRUE,"closed",FALSE
"mv06g_complete_resume_v1","groups/mv06f_group_v1_6a6c02b897dc8af3a16c5599cb993b923d68d2c2bf3e7784cb65c01aaea7bf78/training-distances.csv","d79caffe4d4f63eef2d66043dd9ceb73ff588bf859f4e8344bc1083f06a3493f","d79caffe4d4f63eef2d66043dd9ceb73ff588bf859f4e8344bc1083f06a3493f",5554955,5554955,1786783437.34056,1786783437.34056,TRUE,TRUE,TRUE,"closed",FALSE
"mv06g_complete_resume_v1","groups/mv06f_group_v1_6a6c02b897dc8af3a16c5599cb993b923d68d2c2bf3e7784cb65c01aaea7bf78/scales.csv","94ebd423e8860f384a2faed11f027040ba5c6ea4ae519dbb21ae9258120dd52e","94ebd423e8860f384a2faed11f027040ba5c6ea4ae519dbb21ae9258120dd52e",1095,1095,1786783437.34341,1786783437.34341,TRUE,TRUE,TRUE,"closed",FALSE
"mv06g_complete_resume_v1","groups/mv06f_group_v1_6a6c02b897dc8af3a16c5599cb993b923d68d2c2bf3e7784cb65c01aaea7bf78/rankings.csv","1513f3313ade139ada282c3cffe2c8ca4a0f001864226623306dddad20e2dd7d","1513f3313ade139ada282c3cffe2c8ca4a0f001864226623306dddad20e2dd7d",1850013,1850013,1786783437.62536,1786783437.62536,TRUE,TRUE,TRUE,"closed",FALSE
"mv06g_complete_resume_v1","groups/mv06f_group_v1_6a6c02b897dc8af3a16c5599cb993b923d68d2c2bf3e7784cb65c01aaea7bf78/metrics.csv","1ba32fe9c699fa48965e3e6601cf585a6b142d67481a3efb3481083a4a53c202","1ba32fe9c699fa48965e3e6601cf585a6b142d67481a3efb3481083a4a53c202",450,450,1786783437.62536,1786783437.62536,TRUE,TRUE,TRUE,"closed",FALSE
"mv06g_complete_resume_v1","groups/mv06f_group_v1_6a6c02b897dc8af3a16c5599cb993b923d68d2c2bf3e7784cb65c01aaea7bf78/status.csv","12c48f7ec6e4aa390f7aedc8619fa557bb2e14f64b4b54f7d3664f0419586bdc","12c48f7ec6e4aa390f7aedc8619fa557bb2e14f64b4b54f7d3664f0419586bdc",1341,1341,1786783438.29684,1786783438.29684,TRUE,TRUE,TRUE,"closed",FALSE
"mv06g_complete_resume_v1","groups/mv06f_group_v1_43f741b24882a216e9dea3995eff9193f316a6de993f9d242ea71e63ef10688e/training-distances.csv","6f8ede2ded73c8064d2a5eaef4d6e7233f52d7eecff9ab8d002e0f0228f2bc8a","6f8ede2ded73c8064d2a5eaef4d6e7233f52d7eecff9ab8d002e0f0228f2bc8a",5555097,5555097,1786783689.56275,1786783689.56275,TRUE,TRUE,TRUE,"closed",FALSE
"mv06g_complete_resume_v1","groups/mv06f_group_v1_43f741b24882a216e9dea3995eff9193f316a6de993f9d242ea71e63ef10688e/scales.csv","bf0324349e381937a8adb5114ad1c8c756391d87ae43268f3e74e596769def54","bf0324349e381937a8adb5114ad1c8c756391d87ae43268f3e74e596769def54",1093,1093,1786783689.56275,1786783689.56275,TRUE,TRUE,TRUE,"closed",FALSE
"mv06g_complete_resume_v1","groups/mv06f_group_v1_43f741b24882a216e9dea3995eff9193f316a6de993f9d242ea71e63ef10688e/rankings.csv","f52031e798a37f61d621ad3900782c9b6239f1365b483783714b830f490bebdd","f52031e798a37f61d621ad3900782c9b6239f1365b483783714b830f490bebdd",1850032,1850032,1786783689.84315,1786783689.84315,TRUE,TRUE,TRUE,"closed",FALSE
"mv06g_complete_resume_v1","groups/mv06f_group_v1_43f741b24882a216e9dea3995eff9193f316a6de993f9d242ea71e63ef10688e/metrics.csv","f58d74f9864dd0aa5f57fd9de29646a4791bb7f57e368eedb25b621c0d60bc80","f58d74f9864dd0aa5f57fd9de29646a4791bb7f57e368eedb25b621c0d60bc80",450,450,1786783689.8589,1786783689.8589,TRUE,TRUE,TRUE,"closed",FALSE
"mv06g_complete_resume_v1","groups/mv06f_group_v1_43f741b24882a216e9dea3995eff9193f316a6de993f9d242ea71e63ef10688e/status.csv","a80d9ae21bc22f6fa1903f2b92e19856e37899307e383da7451699adad44ac0d","a80d9ae21bc22f6fa1903f2b92e19856e37899307e383da7451699adad44ac0d",1341,1341,1786783690.45104,1786783690.45104,TRUE,TRUE,TRUE,"closed",FALSE
"mv06g_complete_resume_v1","groups/mv06f_group_v1_6173ccea6d63851b2e9b82720bd8ede9dc2c3a7eac0ee941069a06c0bba1f6ef/training-distances.csv","9d558599e675f4601edc77ea77e9c551f0d9036d0797e8ccacae892a74df810c","9d558599e675f4601edc77ea77e9c551f0d9036d0797e8ccacae892a74df810c",5555060,5555060,1786783938.92151,1786783938.92151,TRUE,TRUE,TRUE,"closed",FALSE
"mv06g_complete_resume_v1","groups/mv06f_group_v1_6173ccea6d63851b2e9b82720bd8ede9dc2c3a7eac0ee941069a06c0bba1f6ef/scales.csv","b36bf7598de24f60c23539c92aa6ea7690b28288a16f8e52c57eb5fa52a83802","b36bf7598de24f60c23539c92aa6ea7690b28288a16f8e52c57eb5fa52a83802",1094,1094,1786783938.93734,1786783938.93734,TRUE,TRUE,TRUE,"closed",FALSE
"mv06g_complete_resume_v1","groups/mv06f_group_v1_6173ccea6d63851b2e9b82720bd8ede9dc2c3a7eac0ee941069a06c0bba1f6ef/rankings.csv","aa988294d37e18658ed792722b98eacf758206df67354bc72905280ca3a59c2a","aa988294d37e18658ed792722b98eacf758206df67354bc72905280ca3a59c2a",1850082,1850082,1786783939.21965,1786783939.21965,TRUE,TRUE,TRUE,"closed",FALSE
"mv06g_complete_resume_v1","groups/mv06f_group_v1_6173ccea6d63851b2e9b82720bd8ede9dc2c3a7eac0ee941069a06c0bba1f6ef/metrics.csv","fe27d3c1dfb72700af0cbcc841b1512372c8748ad2d8a4d525d54c735abfaef8","fe27d3c1dfb72700af0cbcc841b1512372c8748ad2d8a4d525d54c735abfaef8",450,450,1786783939.21965,1786783939.21965,TRUE,TRUE,TRUE,"closed",FALSE
"mv06g_complete_resume_v1","groups/mv06f_group_v1_6173ccea6d63851b2e9b82720bd8ede9dc2c3a7eac0ee941069a06c0bba1f6ef/status.csv","a29f49f3d6a33062c48d929ddac98151e61606c27902aa9aacb0f9dbc27465db","a29f49f3d6a33062c48d929ddac98151e61606c27902aa9aacb0f9dbc27465db",1341,1341,1786783939.84355,1786783939.84355,TRUE,TRUE,TRUE,"closed",FALSE
"mv06g_complete_resume_v1","groups/mv06f_group_v1_83857e729b5c915d1730fa26a699f3c51f7b46c4e5c022a9d6a0b39dfd18b7a4/training-distances.csv","d985d4b1ddb4ed08cde0bea6d540901634df3a4b174508d03d3372376c503198","d985d4b1ddb4ed08cde0bea6d540901634df3a4b174508d03d3372376c503198",5554864,5554864,1786784188.56215,1786784188.56215,TRUE,TRUE,TRUE,"closed",FALSE
"mv06g_complete_resume_v1","groups/mv06f_group_v1_83857e729b5c915d1730fa26a699f3c51f7b46c4e5c022a9d6a0b39dfd18b7a4/scales.csv","87010952cbecdbdd55c3bb8434793da5afe920a847783baa737c47c18882da95","87010952cbecdbdd55c3bb8434793da5afe920a847783baa737c47c18882da95",1095,1095,1786784188.56215,1786784188.56215,TRUE,TRUE,TRUE,"closed",FALSE
"mv06g_complete_resume_v1","groups/mv06f_group_v1_83857e729b5c915d1730fa26a699f3c51f7b46c4e5c022a9d6a0b39dfd18b7a4/rankings.csv","3e2606bc87ca46c9e0d306d86a01673953a7043eeaf770e071c23f1f98f21a5c","3e2606bc87ca46c9e0d306d86a01673953a7043eeaf770e071c23f1f98f21a5c",1850071,1850071,1786784188.85585,1786784188.85585,TRUE,TRUE,TRUE,"closed",FALSE
"mv06g_complete_resume_v1","groups/mv06f_group_v1_83857e729b5c915d1730fa26a699f3c51f7b46c4e5c022a9d6a0b39dfd18b7a4/metrics.csv","55efa16f0bbf7daf56164a47be9ada40c236bef2766e52fbea314e6cec61a1fb","55efa16f0bbf7daf56164a47be9ada40c236bef2766e52fbea314e6cec61a1fb",450,450,1786784188.85885,1786784188.85885,TRUE,TRUE,TRUE,"closed",FALSE
"mv06g_complete_resume_v1","groups/mv06f_group_v1_83857e729b5c915d1730fa26a699f3c51f7b46c4e5c022a9d6a0b39dfd18b7a4/status.csv","fb774f2d71381d5c559364391876630b52fc4ef490df6f4a2b9e764b5e0bfb71","fb774f2d71381d5c559364391876630b52fc4ef490df6f4a2b9e764b5e0bfb71",1341,1341,1786784189.45245,1786784189.45245,TRUE,TRUE,TRUE,"closed",FALSE
"mv06g_complete_resume_v1","groups/mv06f_group_v1_217c8c9c0c930f18f2771bf0196d626a14dfd0c03b58ff35e9c3f6305c982c6c/training-distances.csv","cc0f80bc79e05acf1a37fd0c389132526e5a88e22b7d636a6ec9a37400494b86","cc0f80bc79e05acf1a37fd0c389132526e5a88e22b7d636a6ec9a37400494b86",5555499,5555499,1786784440.56324,1786784440.56324,TRUE,TRUE,TRUE,"closed",FALSE
"mv06g_complete_resume_v1","groups/mv06f_group_v1_217c8c9c0c930f18f2771bf0196d626a14dfd0c03b58ff35e9c3f6305c982c6c/scales.csv","93a4ccf60561b56b307f8a34c1c2179d66452684e3269e5ba43e6c6bfd7d5a4d","93a4ccf60561b56b307f8a34c1c2179d66452684e3269e5ba43e6c6bfd7d5a4d",1095,1095,1786784440.56324,1786784440.56324,TRUE,TRUE,TRUE,"closed",FALSE
"mv06g_complete_resume_v1","groups/mv06f_group_v1_217c8c9c0c930f18f2771bf0196d626a14dfd0c03b58ff35e9c3f6305c982c6c/rankings.csv","c4dce137d00c1567b9dc70521532471141a55672691a61a939808b915c2743ef","c4dce137d00c1567b9dc70521532471141a55672691a61a939808b915c2743ef",1850031,1850031,1786784440.8593,1786784440.8593,TRUE,TRUE,TRUE,"closed",FALSE
"mv06g_complete_resume_v1","groups/mv06f_group_v1_217c8c9c0c930f18f2771bf0196d626a14dfd0c03b58ff35e9c3f6305c982c6c/metrics.csv","e7608c418864d7ea9e24cc0411b524f5c9ea00fd869692aeb83681993bf6f695","e7608c418864d7ea9e24cc0411b524f5c9ea00fd869692aeb83681993bf6f695",450,450,1786784440.8593,1786784440.8593,TRUE,TRUE,TRUE,"closed",FALSE
"mv06g_complete_resume_v1","groups/mv06f_group_v1_217c8c9c0c930f18f2771bf0196d626a14dfd0c03b58ff35e9c3f6305c982c6c/status.csv","aa01bc5552caa8758643e5aca99d7804bfdacb1027122b42e42f6ba4e6dc7a74","aa01bc5552caa8758643e5aca99d7804bfdacb1027122b42e42f6ba4e6dc7a74",1341,1341,1786784441.50006,1786784441.50006,TRUE,TRUE,TRUE,"closed",FALSE
"mv06g_complete_resume_v1","groups/mv06f_group_v1_fc5d677c53b007825795a532217a7a0b304d1ba194ed55ac2b9453bb46528caf/training-distances.csv","efb64a5a3f5f9999263fbef0a58a82b7281bd288c265ef8b3ac8aee902fe7c33","efb64a5a3f5f9999263fbef0a58a82b7281bd288c265ef8b3ac8aee902fe7c33",5832252,5832252,1786784729.32865,1786784729.32865,TRUE,TRUE,TRUE,"closed",FALSE
"mv06g_complete_resume_v1","groups/mv06f_group_v1_fc5d677c53b007825795a532217a7a0b304d1ba194ed55ac2b9453bb46528caf/scales.csv","cf421045b82075aa5ca4829c42a3095447339192526fbbcdc92773653d65c533","cf421045b82075aa5ca4829c42a3095447339192526fbbcdc92773653d65c533",1095,1095,1786784729.34443,1786784729.34443,TRUE,TRUE,TRUE,"closed",FALSE
"mv06g_complete_resume_v1","groups/mv06f_group_v1_fc5d677c53b007825795a532217a7a0b304d1ba194ed55ac2b9453bb46528caf/rankings.csv","f4f9b505dd55edfa9a092088ee47a4336bb69e32683b96f65fe2684d68047e27","f4f9b505dd55edfa9a092088ee47a4336bb69e32683b96f65fe2684d68047e27",1421125,1421125,1786784729.56296,1786784729.56296,TRUE,TRUE,TRUE,"closed",FALSE
"mv06g_complete_resume_v1","groups/mv06f_group_v1_fc5d677c53b007825795a532217a7a0b304d1ba194ed55ac2b9453bb46528caf/metrics.csv","0deed79b53d8395d5f7e7dcbfb64e1d0dbbe58f68a180ceb758c5bb001be440f","0deed79b53d8395d5f7e7dcbfb64e1d0dbbe58f68a180ceb758c5bb001be440f",450,450,1786784729.56296,1786784729.56296,TRUE,TRUE,TRUE,"closed",FALSE
"mv06g_complete_resume_v1","groups/mv06f_group_v1_fc5d677c53b007825795a532217a7a0b304d1ba194ed55ac2b9453bb46528caf/status.csv","4173962543dfdfe919d11935660bb53b7c49e5b0b6749454a074c73fbbfb536a","4173962543dfdfe919d11935660bb53b7c49e5b0b6749454a074c73fbbfb536a",1341,1341,1786784730.13527,1786784730.13527,TRUE,TRUE,TRUE,"closed",FALSE
"mv06g_complete_resume_v1","groups/mv06f_group_v1_d3489bd29f963998a866f656c34b28ad83f39f428edb2044db6ba7d6c74b497e/training-distances.csv","dde74dcbcb98ad0e4e6eeb61ddbf9f3eba439c06360cb1a10aa4945f805297ec","dde74dcbcb98ad0e4e6eeb61ddbf9f3eba439c06360cb1a10aa4945f805297ec",5832560,5832560,1786785030.83712,1786785030.83712,TRUE,TRUE,TRUE,"closed",FALSE
"mv06g_complete_resume_v1","groups/mv06f_group_v1_d3489bd29f963998a866f656c34b28ad83f39f428edb2044db6ba7d6c74b497e/scales.csv","25bc7560a2f8ff2698d3cb3845745d8d1060673866b95c4056c7fb6e16af4f52","25bc7560a2f8ff2698d3cb3845745d8d1060673866b95c4056c7fb6e16af4f52",1094,1094,1786785030.84213,1786785030.84213,TRUE,TRUE,TRUE,"closed",FALSE
"mv06g_complete_resume_v1","groups/mv06f_group_v1_d3489bd29f963998a866f656c34b28ad83f39f428edb2044db6ba7d6c74b497e/rankings.csv","5ec41c39e90b73f6f821aed948b0ada51324d00e26bb94b4ffb3b6f35c6e6c57","5ec41c39e90b73f6f821aed948b0ada51324d00e26bb94b4ffb3b6f35c6e6c57",1421101,1421101,1786785031.0617,1786785031.0617,TRUE,TRUE,TRUE,"closed",FALSE
"mv06g_complete_resume_v1","groups/mv06f_group_v1_d3489bd29f963998a866f656c34b28ad83f39f428edb2044db6ba7d6c74b497e/metrics.csv","4474325b2609e338d6d647f5c3d637d92cb7fb5d7a847cc3bccb95dad6f84089","4474325b2609e338d6d647f5c3d637d92cb7fb5d7a847cc3bccb95dad6f84089",450,450,1786785031.0617,1786785031.0617,TRUE,TRUE,TRUE,"closed",FALSE
"mv06g_complete_resume_v1","groups/mv06f_group_v1_d3489bd29f963998a866f656c34b28ad83f39f428edb2044db6ba7d6c74b497e/status.csv","02a9d7680b9f1f44edea06eb693c4c03899dd73f0ee534f4effa0f48fd17fc7f","02a9d7680b9f1f44edea06eb693c4c03899dd73f0ee534f4effa0f48fd17fc7f",1341,1341,1786785031.62419,1786785031.62419,TRUE,TRUE,TRUE,"closed",FALSE
"mv06g_complete_resume_v1","groups/mv06f_group_v1_f626f7a23c0da9442869073a8d1578ff762ca365755279f9d24c91fa42f02744/training-distances.csv","adba62936a33979648217e9f5b91c8e540ce25a49e13d809e259f80f616d3dad","adba62936a33979648217e9f5b91c8e540ce25a49e13d809e259f80f616d3dad",5832390,5832390,1786785331.67178,1786785331.67178,TRUE,TRUE,TRUE,"closed",FALSE
"mv06g_complete_resume_v1","groups/mv06f_group_v1_f626f7a23c0da9442869073a8d1578ff762ca365755279f9d24c91fa42f02744/scales.csv","2a83dd5a57ef86ce99f5455651f6d804e0f7c7d9158815b278042eb46ae93762","2a83dd5a57ef86ce99f5455651f6d804e0f7c7d9158815b278042eb46ae93762",1094,1094,1786785331.67178,1786785331.67178,TRUE,TRUE,TRUE,"closed",FALSE
"mv06g_complete_resume_v1","groups/mv06f_group_v1_f626f7a23c0da9442869073a8d1578ff762ca365755279f9d24c91fa42f02744/rankings.csv","27a3e1b7361cd256558b49b03de8c9d578b6efb4b81b736813fbeeec113eab37","27a3e1b7361cd256558b49b03de8c9d578b6efb4b81b736813fbeeec113eab37",1421170,1421170,1786785331.88951,1786785331.88951,TRUE,TRUE,TRUE,"closed",FALSE
"mv06g_complete_resume_v1","groups/mv06f_group_v1_f626f7a23c0da9442869073a8d1578ff762ca365755279f9d24c91fa42f02744/metrics.csv","73ccd1b31ddf6f1451b5723938f1feb8f98045bc190b306866d415479c68f4c8","73ccd1b31ddf6f1451b5723938f1feb8f98045bc190b306866d415479c68f4c8",450,450,1786785331.88951,1786785331.88951,TRUE,TRUE,TRUE,"closed",FALSE
"mv06g_complete_resume_v1","groups/mv06f_group_v1_f626f7a23c0da9442869073a8d1578ff762ca365755279f9d24c91fa42f02744/status.csv","f79fb8993e48968afac22164c5efaa1339da91f5e308b5899bf07f9da777e077","f79fb8993e48968afac22164c5efaa1339da91f5e308b5899bf07f9da777e077",1341,1341,1786785332.5196,1786785332.5196,TRUE,TRUE,TRUE,"closed",FALSE
"mv06g_complete_resume_v1","groups/mv06f_group_v1_4098ac5af058ba0e221a63270e46cf59c3d75ced53824e13d228750b93a14176/training-distances.csv","9d9aceb3f53f521f5566caebf3bab5f11ea4c8974d01f2f1c4d58844e235100d","9d9aceb3f53f521f5566caebf3bab5f11ea4c8974d01f2f1c4d58844e235100d",5832216,5832216,1786785632.42015,1786785632.42015,TRUE,TRUE,TRUE,"closed",FALSE
"mv06g_complete_resume_v1","groups/mv06f_group_v1_4098ac5af058ba0e221a63270e46cf59c3d75ced53824e13d228750b93a14176/scales.csv","e10b21da047f1e3b44db1f10c497a99aab685f1cb274afa7c858c003976fb992","e10b21da047f1e3b44db1f10c497a99aab685f1cb274afa7c858c003976fb992",1095,1095,1786785632.42115,1786785632.42115,TRUE,TRUE,TRUE,"closed",FALSE
"mv06g_complete_resume_v1","groups/mv06f_group_v1_4098ac5af058ba0e221a63270e46cf59c3d75ced53824e13d228750b93a14176/rankings.csv","62602f47fe0bc5740914342fa1a089abbd7bec28222f0f995aba3af28a43451f","62602f47fe0bc5740914342fa1a089abbd7bec28222f0f995aba3af28a43451f",1421021,1421021,1786785632.65368,1786785632.65368,TRUE,TRUE,TRUE,"closed",FALSE
"mv06g_complete_resume_v1","groups/mv06f_group_v1_4098ac5af058ba0e221a63270e46cf59c3d75ced53824e13d228750b93a14176/metrics.csv","129af12e91067ed37e65d347fc69e36c5656f8a90a0d2e8834fd035548fedc7b","129af12e91067ed37e65d347fc69e36c5656f8a90a0d2e8834fd035548fedc7b",450,450,1786785632.65568,1786785632.65568,TRUE,TRUE,TRUE,"closed",FALSE
"mv06g_complete_resume_v1","groups/mv06f_group_v1_4098ac5af058ba0e221a63270e46cf59c3d75ced53824e13d228750b93a14176/status.csv","e40881839ea4a05ad8ae9b16969deeb8d831b0b2144d60de2b4b12994d36e0aa","e40881839ea4a05ad8ae9b16969deeb8d831b0b2144d60de2b4b12994d36e0aa",1341,1341,1786785633.20334,1786785633.20334,TRUE,TRUE,TRUE,"closed",FALSE
"mv06g_complete_resume_v1","groups/mv06f_group_v1_5a583b2218848b65208a9a6bb9aa69dedba69c7379bc71dbcb10d07756fb8843/training-distances.csv","7da6a3f2d4f3d11855e36385c24664c2eaabab8b9eb30a91c7bf17f95a6eff61","7da6a3f2d4f3d11855e36385c24664c2eaabab8b9eb30a91c7bf17f95a6eff61",5832641,5832641,1786785938.28202,1786785938.28202,TRUE,TRUE,TRUE,"closed",FALSE
"mv06g_complete_resume_v1","groups/mv06f_group_v1_5a583b2218848b65208a9a6bb9aa69dedba69c7379bc71dbcb10d07756fb8843/scales.csv","a65e2df61184181be74c3685963caed8fbd9730bbec9887f2568ff65c3851d29","a65e2df61184181be74c3685963caed8fbd9730bbec9887f2568ff65c3851d29",1095,1095,1786785938.28202,1786785938.28202,TRUE,TRUE,TRUE,"closed",FALSE
"mv06g_complete_resume_v1","groups/mv06f_group_v1_5a583b2218848b65208a9a6bb9aa69dedba69c7379bc71dbcb10d07756fb8843/rankings.csv","168b7c264f5e51e8a42df25e4d3540abcaf7ba65f9f8128108bf0c915e3366c4","168b7c264f5e51e8a42df25e4d3540abcaf7ba65f9f8128108bf0c915e3366c4",1421134,1421134,1786785938.51391,1786785938.51391,TRUE,TRUE,TRUE,"closed",FALSE
"mv06g_complete_resume_v1","groups/mv06f_group_v1_5a583b2218848b65208a9a6bb9aa69dedba69c7379bc71dbcb10d07756fb8843/metrics.csv","098208e543a2ce682a8d05e49815d7d6c5740f225a9c2d63914480006dded940","098208e543a2ce682a8d05e49815d7d6c5740f225a9c2d63914480006dded940",450,450,1786785938.51927,1786785938.51927,TRUE,TRUE,TRUE,"closed",FALSE
"mv06g_complete_resume_v1","groups/mv06f_group_v1_5a583b2218848b65208a9a6bb9aa69dedba69c7379bc71dbcb10d07756fb8843/status.csv","ce43cdfa1984b073c5c0fd96d6d6966b6a760469a693bf1eb134088842dd55b5","ce43cdfa1984b073c5c0fd96d6d6966b6a760469a693bf1eb134088842dd55b5",1341,1341,1786785939.15716,1786785939.15716,TRUE,TRUE,TRUE,"closed",FALSE
"mv06g_complete_resume_v1","groups/mv06f_group_v1_4a29e4b73f9837e3269f46e4075ba7ff92d136a44fb18445e29ea5b5f700bfa2/training-distances.csv","5021f56588fe839ac78dba947388314b2fd224a4a24c8058634252b8e4ff1a0a","5021f56588fe839ac78dba947388314b2fd224a4a24c8058634252b8e4ff1a0a",5971355,5971355,1786786195.95681,1786786195.95681,TRUE,TRUE,TRUE,"closed",FALSE
"mv06g_complete_resume_v1","groups/mv06f_group_v1_4a29e4b73f9837e3269f46e4075ba7ff92d136a44fb18445e29ea5b5f700bfa2/scales.csv","672a1df037f4da53426fc9b5afb78e84a02baf6848f235271fb9be79d46f30d6","672a1df037f4da53426fc9b5afb78e84a02baf6848f235271fb9be79d46f30d6",1096,1096,1786786195.95681,1786786195.95681,TRUE,TRUE,TRUE,"closed",FALSE
"mv06g_complete_resume_v1","groups/mv06f_group_v1_4a29e4b73f9837e3269f46e4075ba7ff92d136a44fb18445e29ea5b5f700bfa2/rankings.csv","190eda9342cd2e0eec624c1d552f301426d1af7a08ee1422ee7e92f591e23259","190eda9342cd2e0eec624c1d552f301426d1af7a08ee1422ee7e92f591e23259",1198266,1198266,1786786196.1458,1786786196.1458,TRUE,TRUE,TRUE,"closed",FALSE
"mv06g_complete_resume_v1","groups/mv06f_group_v1_4a29e4b73f9837e3269f46e4075ba7ff92d136a44fb18445e29ea5b5f700bfa2/metrics.csv","cd50d97704c325232cdcac579c37d5e1775aa497d91c18eab15719854e29681e","cd50d97704c325232cdcac579c37d5e1775aa497d91c18eab15719854e29681e",450,450,1786786196.1458,1786786196.1458,TRUE,TRUE,TRUE,"closed",FALSE
"mv06g_complete_resume_v1","groups/mv06f_group_v1_4a29e4b73f9837e3269f46e4075ba7ff92d136a44fb18445e29ea5b5f700bfa2/status.csv","ed25ff19b646d41bb7aeb4e9a3d8da3390bd9f8e6129b93442c7011831d2dcd4","ed25ff19b646d41bb7aeb4e9a3d8da3390bd9f8e6129b93442c7011831d2dcd4",1341,1341,1786786196.72418,1786786196.72418,TRUE,TRUE,TRUE,"closed",FALSE
"mv06g_complete_resume_v1","groups/mv06f_group_v1_ec04a019520b47f2e06bf36357157ac681485db225c863b875fd8e2d310da587/training-distances.csv","4b012cbbfafcfca9ea808fff2b44aa7d12cf82a7f19121fce8adc86c80ceb489","4b012cbbfafcfca9ea808fff2b44aa7d12cf82a7f19121fce8adc86c80ceb489",5971452,5971452,1786786465.82857,1786786465.82857,TRUE,TRUE,TRUE,"closed",FALSE
"mv06g_complete_resume_v1","groups/mv06f_group_v1_ec04a019520b47f2e06bf36357157ac681485db225c863b875fd8e2d310da587/scales.csv","40984b00af9ae6e851cdff02d59247ef6a5952189732d77ef3559ab2c2e8395c","40984b00af9ae6e851cdff02d59247ef6a5952189732d77ef3559ab2c2e8395c",1095,1095,1786786465.82857,1786786465.82857,TRUE,TRUE,TRUE,"closed",FALSE
"mv06g_complete_resume_v1","groups/mv06f_group_v1_ec04a019520b47f2e06bf36357157ac681485db225c863b875fd8e2d310da587/rankings.csv","e56762727b92f7b54bad6d20c87e642c7f5241d318e92206e695ca9ff59b9d8b","e56762727b92f7b54bad6d20c87e642c7f5241d318e92206e695ca9ff59b9d8b",1198289,1198289,1786786466.02851,1786786466.02851,TRUE,TRUE,TRUE,"closed",FALSE
"mv06g_complete_resume_v1","groups/mv06f_group_v1_ec04a019520b47f2e06bf36357157ac681485db225c863b875fd8e2d310da587/metrics.csv","0295ed318b9b0b4b5131131b64e230aff6f2b7b28874ed41fd9eae9df162c1c1","0295ed318b9b0b4b5131131b64e230aff6f2b7b28874ed41fd9eae9df162c1c1",450,450,1786786466.03158,1786786466.03158,TRUE,TRUE,TRUE,"closed",FALSE
"mv06g_complete_resume_v1","groups/mv06f_group_v1_ec04a019520b47f2e06bf36357157ac681485db225c863b875fd8e2d310da587/status.csv","ad05f92e27041cb1a1620b84e2665de7c8e3ec0b186371747ddb96924ba383b1","ad05f92e27041cb1a1620b84e2665de7c8e3ec0b186371747ddb96924ba383b1",1341,1341,1786786466.64037,1786786466.64037,TRUE,TRUE,TRUE,"closed",FALSE
"mv06g_complete_resume_v1","groups/mv06f_group_v1_14fb892565d0e046e4f9b8d2c6d6b9d9c24776387fbb25b43a88653832bd6895/training-distances.csv","a21d59ad0fd126bb10e2a58db66f9d655ab066b104dbcb71b6e8dd8d0e67e0a0","a21d59ad0fd126bb10e2a58db66f9d655ab066b104dbcb71b6e8dd8d0e67e0a0",5971444,5971444,1786786733.76592,1786786733.76592,TRUE,TRUE,TRUE,"closed",FALSE
"mv06g_complete_resume_v1","groups/mv06f_group_v1_14fb892565d0e046e4f9b8d2c6d6b9d9c24776387fbb25b43a88653832bd6895/scales.csv","6c508678d275790227c4dbfc1e65955b75fdd7978fe99972a8a91e8b647e5348","6c508678d275790227c4dbfc1e65955b75fdd7978fe99972a8a91e8b647e5348",1095,1095,1786786733.78164,1786786733.78164,TRUE,TRUE,TRUE,"closed",FALSE
"mv06g_complete_resume_v1","groups/mv06f_group_v1_14fb892565d0e046e4f9b8d2c6d6b9d9c24776387fbb25b43a88653832bd6895/rankings.csv","0f87b36d8eda53549fe8b96f42754599937f97990a6b14b76f2c3dc9d863e766","0f87b36d8eda53549fe8b96f42754599937f97990a6b14b76f2c3dc9d863e766",1198275,1198275,1786786733.95244,1786786733.95244,TRUE,TRUE,TRUE,"closed",FALSE
"mv06g_complete_resume_v1","groups/mv06f_group_v1_14fb892565d0e046e4f9b8d2c6d6b9d9c24776387fbb25b43a88653832bd6895/metrics.csv","3347707e2253a85206d86f5505d7bc2690c460bcef62b31d9b0259a7a8139a2a","3347707e2253a85206d86f5505d7bc2690c460bcef62b31d9b0259a7a8139a2a",450,450,1786786733.96841,1786786733.96841,TRUE,TRUE,TRUE,"closed",FALSE
"mv06g_complete_resume_v1","groups/mv06f_group_v1_14fb892565d0e046e4f9b8d2c6d6b9d9c24776387fbb25b43a88653832bd6895/status.csv","84afdb23d96a293f821f2db6e2620d852255f755d631a1f3ce9e7274a8c0d137","84afdb23d96a293f821f2db6e2620d852255f755d631a1f3ce9e7274a8c0d137",1341,1341,1786786734.5731,1786786734.5731,TRUE,TRUE,TRUE,"closed",FALSE
"mv06g_complete_resume_v1","groups/mv06f_group_v1_b9a686861c0049811aba93c5669c920ee9e142f21c8983a3eda62f8ad8c2fe35/training-distances.csv","059ad8bbb1e457f681ecb551ffeb04ae66b777c7a4cf0089b8f2f9fd6a54b9c7","059ad8bbb1e457f681ecb551ffeb04ae66b777c7a4cf0089b8f2f9fd6a54b9c7",5971104,5971104,1786786996.14014,1786786996.14014,TRUE,TRUE,TRUE,"closed",FALSE
"mv06g_complete_resume_v1","groups/mv06f_group_v1_b9a686861c0049811aba93c5669c920ee9e142f21c8983a3eda62f8ad8c2fe35/scales.csv","d252f39b6bf3bdc55a796fac27aedd9245d9458e6605496b57562170b50b6e64","d252f39b6bf3bdc55a796fac27aedd9245d9458e6605496b57562170b50b6e64",1093,1093,1786786996.14014,1786786996.14014,TRUE,TRUE,TRUE,"closed",FALSE
"mv06g_complete_resume_v1","groups/mv06f_group_v1_b9a686861c0049811aba93c5669c920ee9e142f21c8983a3eda62f8ad8c2fe35/rankings.csv","241cb4185b0471a88f942d8f46bd8d318b25ce3d78bfaa7bc792105d1da3a398","241cb4185b0471a88f942d8f46bd8d318b25ce3d78bfaa7bc792105d1da3a398",1198280,1198280,1786786996.33472,1786786996.33472,TRUE,TRUE,TRUE,"closed",FALSE
"mv06g_complete_resume_v1","groups/mv06f_group_v1_b9a686861c0049811aba93c5669c920ee9e142f21c8983a3eda62f8ad8c2fe35/metrics.csv","d404be0a4122a94ad978fc2e48870e102911ab761fe8e4d88faaacff9e036f0a","d404be0a4122a94ad978fc2e48870e102911ab761fe8e4d88faaacff9e036f0a",450,450,1786786996.34072,1786786996.34072,TRUE,TRUE,TRUE,"closed",FALSE
"mv06g_complete_resume_v1","groups/mv06f_group_v1_b9a686861c0049811aba93c5669c920ee9e142f21c8983a3eda62f8ad8c2fe35/status.csv","cd7ba4712c21fdf9f61b59c312c6844211534ac6791bc1815f21b58e69b530d9","cd7ba4712c21fdf9f61b59c312c6844211534ac6791bc1815f21b58e69b530d9",1341,1341,1786786996.88566,1786786996.88566,TRUE,TRUE,TRUE,"closed",FALSE
"mv06g_complete_resume_v1","groups/mv06f_group_v1_1e66635d25e45e7b660e0e417cd56eb8bb7b90dd253e8ea2933a93d071a3246e/training-distances.csv","bd3a8f1c65f3cdc4e982e0e48c283bfe969f5be413bc76ef3e65c9e38f91cc4a","bd3a8f1c65f3cdc4e982e0e48c283bfe969f5be413bc76ef3e65c9e38f91cc4a",5971691,5971691,1786787265.74968,1786787265.74968,TRUE,TRUE,TRUE,"closed",FALSE
"mv06g_complete_resume_v1","groups/mv06f_group_v1_1e66635d25e45e7b660e0e417cd56eb8bb7b90dd253e8ea2933a93d071a3246e/scales.csv","a3283f822bdbd2ff93afb8d340798283641f7a17061bf796da91ea2de87fca07","a3283f822bdbd2ff93afb8d340798283641f7a17061bf796da91ea2de87fca07",1096,1096,1786787265.74968,1786787265.74968,TRUE,TRUE,TRUE,"closed",FALSE
"mv06g_complete_resume_v1","groups/mv06f_group_v1_1e66635d25e45e7b660e0e417cd56eb8bb7b90dd253e8ea2933a93d071a3246e/rankings.csv","c9df5c86bd7f01e7bfb3ea9b9f731f74733c849d2029bbbe6b2212c35dda2e73","c9df5c86bd7f01e7bfb3ea9b9f731f74733c849d2029bbbe6b2212c35dda2e73",1198267,1198267,1786787265.92256,1786787265.92256,TRUE,TRUE,TRUE,"closed",FALSE
"mv06g_complete_resume_v1","groups/mv06f_group_v1_1e66635d25e45e7b660e0e417cd56eb8bb7b90dd253e8ea2933a93d071a3246e/metrics.csv","176648385a672d33d7f681106d1a6d881b860438d954be6852b0f771d8ab27c3","176648385a672d33d7f681106d1a6d881b860438d954be6852b0f771d8ab27c3",449,449,1786787265.94061,1786787265.94061,TRUE,TRUE,TRUE,"closed",FALSE
"mv06g_complete_resume_v1","groups/mv06f_group_v1_1e66635d25e45e7b660e0e417cd56eb8bb7b90dd253e8ea2933a93d071a3246e/status.csv","3eb5d24e9560b28bf69fc0321d877edee127feff2ba852ed6d72fd5bab586efe","3eb5d24e9560b28bf69fc0321d877edee127feff2ba852ed6d72fd5bab586efe",1341,1341,1786787266.56374,1786787266.56374,TRUE,TRUE,TRUE,"closed",FALSE
"mv06g_complete_resume_v1","groups/mv06f_group_v1_d304d55fbbeecada17b0184224dbc522eb17057a70285626d680398bca6c7311/training-distances.csv","c60b89e724d250ae66ffb52d599c36d7d93b5fa38424f74d46e8caca100dae03","c60b89e724d250ae66ffb52d599c36d7d93b5fa38424f74d46e8caca100dae03",5971778,5971778,1786787551.846,1786787551.846,TRUE,TRUE,TRUE,"closed",FALSE
"mv06g_complete_resume_v1","groups/mv06f_group_v1_d304d55fbbeecada17b0184224dbc522eb17057a70285626d680398bca6c7311/scales.csv","02c8e97fbbcfa63047dbfda32ae2f80748b5f416d5ec79df43d6cf09f959df8a","02c8e97fbbcfa63047dbfda32ae2f80748b5f416d5ec79df43d6cf09f959df8a",1096,1096,1786787551.85101,1786787551.85101,TRUE,TRUE,TRUE,"closed",FALSE
"mv06g_complete_resume_v1","groups/mv06f_group_v1_d304d55fbbeecada17b0184224dbc522eb17057a70285626d680398bca6c7311/rankings.csv","d3980469bafbb8446310820fae51a264fe2b5b0be97923171c3b60264b68d2b8","d3980469bafbb8446310820fae51a264fe2b5b0be97923171c3b60264b68d2b8",1198823,1198823,1786787552.01658,1786787552.01658,TRUE,TRUE,TRUE,"closed",FALSE
"mv06g_complete_resume_v1","groups/mv06f_group_v1_d304d55fbbeecada17b0184224dbc522eb17057a70285626d680398bca6c7311/metrics.csv","48bfd9f51bc9f810b83b8e9082d22eed49e5b03f74dc100a26f5ff11f04e2d0c","48bfd9f51bc9f810b83b8e9082d22eed49e5b03f74dc100a26f5ff11f04e2d0c",450,450,1786787552.03264,1786787552.03264,TRUE,TRUE,TRUE,"closed",FALSE
"mv06g_complete_resume_v1","groups/mv06f_group_v1_d304d55fbbeecada17b0184224dbc522eb17057a70285626d680398bca6c7311/status.csv","c3cbb0636945c6bf5f0aa5513ab9e00cb83d71f9dcefa37ac816eefabb6c08f6","c3cbb0636945c6bf5f0aa5513ab9e00cb83d71f9dcefa37ac816eefabb6c08f6",1341,1341,1786787552.65629,1786787552.65629,TRUE,TRUE,TRUE,"closed",FALSE
"mv06g_complete_resume_v1","groups/mv06f_group_v1_8b800627d811646f9472d9260770ed37b83dc236ffed9e1813ac7260311bd47f/training-distances.csv","357de1f7f8567b394e22f6946e67b7a3490296498785128e2479304d62eb3c0f","357de1f7f8567b394e22f6946e67b7a3490296498785128e2479304d62eb3c0f",5971830,5971830,1786787848.6405,1786787848.6405,TRUE,TRUE,TRUE,"closed",FALSE
"mv06g_complete_resume_v1","groups/mv06f_group_v1_8b800627d811646f9472d9260770ed37b83dc236ffed9e1813ac7260311bd47f/scales.csv","bc320d6343a68edf7c7005104040c3ff7b3cc9b75ea57ec2e965fcf2c6cded6f","bc320d6343a68edf7c7005104040c3ff7b3cc9b75ea57ec2e965fcf2c6cded6f",1095,1095,1786787848.64681,1786787848.64681,TRUE,TRUE,TRUE,"closed",FALSE
"mv06g_complete_resume_v1","groups/mv06f_group_v1_8b800627d811646f9472d9260770ed37b83dc236ffed9e1813ac7260311bd47f/rankings.csv","685b0e98dde5c046fe591869ccff5cce7a951383effbf7cf2331e098e2de4dd1","685b0e98dde5c046fe591869ccff5cce7a951383effbf7cf2331e098e2de4dd1",1198800,1198800,1786787848.82818,1786787848.82818,TRUE,TRUE,TRUE,"closed",FALSE
"mv06g_complete_resume_v1","groups/mv06f_group_v1_8b800627d811646f9472d9260770ed37b83dc236ffed9e1813ac7260311bd47f/metrics.csv","63d303979a8ab840c2b9596c4b103dc2e35744e1cd58feb581f2043fa3f3de5d","63d303979a8ab840c2b9596c4b103dc2e35744e1cd58feb581f2043fa3f3de5d",450,450,1786787848.84393,1786787848.84393,TRUE,TRUE,TRUE,"closed",FALSE
"mv06g_complete_resume_v1","groups/mv06f_group_v1_8b800627d811646f9472d9260770ed37b83dc236ffed9e1813ac7260311bd47f/status.csv","21cf3befd6ca7d0ff5016f7bd50ebcf211a5cdb9bef7dc262a4cc600fffd1e3b","21cf3befd6ca7d0ff5016f7bd50ebcf211a5cdb9bef7dc262a4cc600fffd1e3b",1341,1341,1786787849.43851,1786787849.43851,TRUE,TRUE,TRUE,"closed",FALSE
"mv06g_complete_resume_v1","groups/mv06f_group_v1_bc2aeeeec6ce6575b33720400a79676dfa60324239fa9519cbb499dfbbb17d19/training-distances.csv","5c7c9bc2bf7ee7a843d5f485cb5cb6bed6f8f87099f93b7bedf40798acc90d5e","5c7c9bc2bf7ee7a843d5f485cb5cb6bed6f8f87099f93b7bedf40798acc90d5e",5971713,5971713,1786788145.06672,1786788145.06672,TRUE,TRUE,TRUE,"closed",FALSE
"mv06g_complete_resume_v1","groups/mv06f_group_v1_bc2aeeeec6ce6575b33720400a79676dfa60324239fa9519cbb499dfbbb17d19/scales.csv","9d06d1996f8fbd6aae18a4c56f8dc6135e8045f759a91400c06e262e0651d033","9d06d1996f8fbd6aae18a4c56f8dc6135e8045f759a91400c06e262e0651d033",1096,1096,1786788145.06672,1786788145.06672,TRUE,TRUE,TRUE,"closed",FALSE
"mv06g_complete_resume_v1","groups/mv06f_group_v1_bc2aeeeec6ce6575b33720400a79676dfa60324239fa9519cbb499dfbbb17d19/rankings.csv","f773f80b214920520a0d51e126dfe54776351f0eedd94e66b5c41e47ab8ef5e1","f773f80b214920520a0d51e126dfe54776351f0eedd94e66b5c41e47ab8ef5e1",1198844,1198844,1786788145.26511,1786788145.26511,TRUE,TRUE,TRUE,"closed",FALSE
"mv06g_complete_resume_v1","groups/mv06f_group_v1_bc2aeeeec6ce6575b33720400a79676dfa60324239fa9519cbb499dfbbb17d19/metrics.csv","1a7abb50c0ff88ea2fadc46ef4a59a2ae7ec1692bffe88893f92cb3c03734ef0","1a7abb50c0ff88ea2fadc46ef4a59a2ae7ec1692bffe88893f92cb3c03734ef0",450,450,1786788145.26511,1786788145.26511,TRUE,TRUE,TRUE,"closed",FALSE
"mv06g_complete_resume_v1","groups/mv06f_group_v1_bc2aeeeec6ce6575b33720400a79676dfa60324239fa9519cbb499dfbbb17d19/status.csv","225225cf82b7b5cfb463782971f5409762499cb601056c4a5e30244a98b56b25","225225cf82b7b5cfb463782971f5409762499cb601056c4a5e30244a98b56b25",1341,1341,1786788145.92146,1786788145.92146,TRUE,TRUE,TRUE,"closed",FALSE
"mv06g_complete_resume_v1","groups/mv06f_group_v1_0abaf23bf5f9aceb799f79a130c507eb63193b7b91fea50dcea035bb293f6e8b/training-distances.csv","eb8db7913ca5c738c7765f9cf89d00b7437ca7eb4efcf58e81773144f4897726","eb8db7913ca5c738c7765f9cf89d00b7437ca7eb4efcf58e81773144f4897726",5971443,5971443,1786788447.09648,1786788447.09648,TRUE,TRUE,TRUE,"closed",FALSE
"mv06g_complete_resume_v1","groups/mv06f_group_v1_0abaf23bf5f9aceb799f79a130c507eb63193b7b91fea50dcea035bb293f6e8b/scales.csv","4590a6501754f31e238eb49e76bb5e8231b5db9c421eeb6dde348d7714d323b1","4590a6501754f31e238eb49e76bb5e8231b5db9c421eeb6dde348d7714d323b1",1095,1095,1786788447.10148,1786788447.10148,TRUE,TRUE,TRUE,"closed",FALSE
"mv06g_complete_resume_v1","groups/mv06f_group_v1_0abaf23bf5f9aceb799f79a130c507eb63193b7b91fea50dcea035bb293f6e8b/rankings.csv","5afc4af68bcf5b9697f3d55a4bbc02ab39bc106f540d9fbcf858bf41bca54d3f","5afc4af68bcf5b9697f3d55a4bbc02ab39bc106f540d9fbcf858bf41bca54d3f",1198794,1198794,1786788447.29788,1786788447.29788,TRUE,TRUE,TRUE,"closed",FALSE
"mv06g_complete_resume_v1","groups/mv06f_group_v1_0abaf23bf5f9aceb799f79a130c507eb63193b7b91fea50dcea035bb293f6e8b/metrics.csv","6e09d8f610abe82542b679a8979192d4e6c1350a6c2ebda8329009d6797a9261","6e09d8f610abe82542b679a8979192d4e6c1350a6c2ebda8329009d6797a9261",450,450,1786788447.29788,1786788447.29788,TRUE,TRUE,TRUE,"closed",FALSE
"mv06g_complete_resume_v1","groups/mv06f_group_v1_0abaf23bf5f9aceb799f79a130c507eb63193b7b91fea50dcea035bb293f6e8b/status.csv","2587f9ea26c53a4af01ecd6f9bd6a2dd2e601d1861115028b76741c6c62d0d4e","2587f9ea26c53a4af01ecd6f9bd6a2dd2e601d1861115028b76741c6c62d0d4e",1341,1341,1786788447.87486,1786788447.87486,TRUE,TRUE,TRUE,"closed",FALSE
"mv06g_complete_resume_v1","groups/mv06f_group_v1_b78f7ac00ffefcaac391af0c8d588f9cc57926b694039c636d2ad434be3f160f/training-distances.csv","e6594ded734a293650e43bbeaca52f910cace8449c4d94ba75855559c46cbd77","e6594ded734a293650e43bbeaca52f910cace8449c4d94ba75855559c46cbd77",5972166,5972166,1786788743.62525,1786788743.62525,TRUE,TRUE,TRUE,"closed",FALSE
"mv06g_complete_resume_v1","groups/mv06f_group_v1_b78f7ac00ffefcaac391af0c8d588f9cc57926b694039c636d2ad434be3f160f/scales.csv","c4821d879e04030cf04940b3557acb23727fcd3673aefdc62e5b92864979df67","c4821d879e04030cf04940b3557acb23727fcd3673aefdc62e5b92864979df67",1095,1095,1786788743.64113,1786788743.64113,TRUE,TRUE,TRUE,"closed",FALSE
"mv06g_complete_resume_v1","groups/mv06f_group_v1_b78f7ac00ffefcaac391af0c8d588f9cc57926b694039c636d2ad434be3f160f/rankings.csv","4ad0629d4cb52cb640c41ae0a00de2c3b4601f03131fd18c6516afefdd01fbb0","4ad0629d4cb52cb640c41ae0a00de2c3b4601f03131fd18c6516afefdd01fbb0",1198782,1198782,1786788743.81372,1786788743.81372,TRUE,TRUE,TRUE,"closed",FALSE
"mv06g_complete_resume_v1","groups/mv06f_group_v1_b78f7ac00ffefcaac391af0c8d588f9cc57926b694039c636d2ad434be3f160f/metrics.csv","967686f52c78eeb44b222b6bb07cd47d449b16f306f6810f1d605eb061af03ec","967686f52c78eeb44b222b6bb07cd47d449b16f306f6810f1d605eb061af03ec",450,450,1786788743.82959,1786788743.82959,TRUE,TRUE,TRUE,"closed",FALSE
"mv06g_complete_resume_v1","groups/mv06f_group_v1_b78f7ac00ffefcaac391af0c8d588f9cc57926b694039c636d2ad434be3f160f/status.csv","962ff80f6e585350c0187ba782edf33528ffd79a9206467e2e4b54c1c6d578c4","962ff80f6e585350c0187ba782edf33528ffd79a9206467e2e4b54c1c6d578c4",1341,1341,1786788744.39099,1786788744.39099,TRUE,TRUE,TRUE,"closed",FALSE
"mv06g_complete_resume_v1","groups/mv06f_group_v1_08aeeee1d79b188b7a96f0c88bc767f2822336c2522b90bf8ac3d4d0afa42f7a/training-distances.csv","32229762642b46c0ae21693556d34033f4fa50fc0e1fbf4ac727a095203814af","32229762642b46c0ae21693556d34033f4fa50fc0e1fbf4ac727a095203814af",6113798,6113798,1786789037.58315,1786789037.58315,TRUE,TRUE,TRUE,"closed",FALSE
"mv06g_complete_resume_v1","groups/mv06f_group_v1_08aeeee1d79b188b7a96f0c88bc767f2822336c2522b90bf8ac3d4d0afa42f7a/scales.csv","b2813fdb6e83e4cf29a9005b838d398fa62f51e4065071f6fbe7b96f4d29234e","b2813fdb6e83e4cf29a9005b838d398fa62f51e4065071f6fbe7b96f4d29234e",1095,1095,1786789037.58931,1786789037.58931,TRUE,TRUE,TRUE,"closed",FALSE
"mv06g_complete_resume_v1","groups/mv06f_group_v1_08aeeee1d79b188b7a96f0c88bc767f2822336c2522b90bf8ac3d4d0afa42f7a/rankings.csv","ac8715a41d8aa215b5f9771f4185fc7a57a09442e21373226eeafd39c10ffeb7","ac8715a41d8aa215b5f9771f4185fc7a57a09442e21373226eeafd39c10ffeb7",970032,970032,1786789037.73575,1786789037.73575,TRUE,TRUE,TRUE,"closed",FALSE
"mv06g_complete_resume_v1","groups/mv06f_group_v1_08aeeee1d79b188b7a96f0c88bc767f2822336c2522b90bf8ac3d4d0afa42f7a/metrics.csv","46c89f0f3ae4aec512cc58c565db2200409902be5a2da2c8abf6a15f2a854cc1","46c89f0f3ae4aec512cc58c565db2200409902be5a2da2c8abf6a15f2a854cc1",450,450,1786789037.73575,1786789037.73575,TRUE,TRUE,TRUE,"closed",FALSE
"mv06g_complete_resume_v1","groups/mv06f_group_v1_08aeeee1d79b188b7a96f0c88bc767f2822336c2522b90bf8ac3d4d0afa42f7a/status.csv","beb47019e4ca2fbf8e3addb04d98f095c231a70783de6bf325dfa682dd989152","beb47019e4ca2fbf8e3addb04d98f095c231a70783de6bf325dfa682dd989152",1340,1340,1786789038.25024,1786789038.25024,TRUE,TRUE,TRUE,"closed",FALSE
"mv06g_complete_resume_v1","groups/mv06f_group_v1_628f707eace53f1d02d05a05644916cc933549085f579059062942a87fcd9eca/training-distances.csv","b84dfeb2a2161633ec414b01aa8ccfb654eeed5dfd821a297cef7a1d37409173","b84dfeb2a2161633ec414b01aa8ccfb654eeed5dfd821a297cef7a1d37409173",6113916,6113916,1786789346.74705,1786789346.74705,TRUE,TRUE,TRUE,"closed",FALSE
"mv06g_complete_resume_v1","groups/mv06f_group_v1_628f707eace53f1d02d05a05644916cc933549085f579059062942a87fcd9eca/scales.csv","f47533b2f9b4b9bc949210312bc3356f1f25ef0456befd3b69892d94de4f272f","f47533b2f9b4b9bc949210312bc3356f1f25ef0456befd3b69892d94de4f272f",1093,1093,1786789346.74905,1786789346.74905,TRUE,TRUE,TRUE,"closed",FALSE
"mv06g_complete_resume_v1","groups/mv06f_group_v1_628f707eace53f1d02d05a05644916cc933549085f579059062942a87fcd9eca/rankings.csv","5c29b21a5af38317f9d4941fbaa70f341675a7efad324cb4fb1fc0fc54664179","5c29b21a5af38317f9d4941fbaa70f341675a7efad324cb4fb1fc0fc54664179",970054,970054,1786789346.89107,1786789346.89107,TRUE,TRUE,TRUE,"closed",FALSE
"mv06g_complete_resume_v1","groups/mv06f_group_v1_628f707eace53f1d02d05a05644916cc933549085f579059062942a87fcd9eca/metrics.csv","e92813994c7db07917580eff3b4f8f2bb35cdf75b5250a74943dc5fc2d360416","e92813994c7db07917580eff3b4f8f2bb35cdf75b5250a74943dc5fc2d360416",450,450,1786789346.90696,1786789346.90696,TRUE,TRUE,TRUE,"closed",FALSE
"mv06g_complete_resume_v1","groups/mv06f_group_v1_628f707eace53f1d02d05a05644916cc933549085f579059062942a87fcd9eca/status.csv","92ccd5b30fd24fbfbf146d92cee490f7d983a02f66a5769a5cc783f38003fe65","92ccd5b30fd24fbfbf146d92cee490f7d983a02f66a5769a5cc783f38003fe65",1340,1340,1786789347.44037,1786789347.44037,TRUE,TRUE,TRUE,"closed",FALSE
"mv06g_complete_resume_v1","groups/mv06f_group_v1_2b10e2be129d09113bb6c23c209180089b1bd0f3ac7e6ffc536079bc415a339a/training-distances.csv","04e553cacf8114000d066f66f7690add4d15f4bc9b0bfb40de9502f4e7cacce1","04e553cacf8114000d066f66f7690add4d15f4bc9b0bfb40de9502f4e7cacce1",6114010,6114010,1786789651.62556,1786789651.62556,TRUE,TRUE,TRUE,"closed",FALSE
"mv06g_complete_resume_v1","groups/mv06f_group_v1_2b10e2be129d09113bb6c23c209180089b1bd0f3ac7e6ffc536079bc415a339a/scales.csv","7756895c3c4875166534d3f4f4117d774114f23a9d5088d7afd184cd2ac6d6a1","7756895c3c4875166534d3f4f4117d774114f23a9d5088d7afd184cd2ac6d6a1",1095,1095,1786789651.6355,1786789651.6355,TRUE,TRUE,TRUE,"closed",FALSE
"mv06g_complete_resume_v1","groups/mv06f_group_v1_2b10e2be129d09113bb6c23c209180089b1bd0f3ac7e6ffc536079bc415a339a/rankings.csv","f1c50f2ffd7a8904dcbbaa62d3106f6bdc1fb0665ccde68a0adc8ea3244861ec","f1c50f2ffd7a8904dcbbaa62d3106f6bdc1fb0665ccde68a0adc8ea3244861ec",970000,970000,1786789651.78708,1786789651.78708,TRUE,TRUE,TRUE,"closed",FALSE
"mv06g_complete_resume_v1","groups/mv06f_group_v1_2b10e2be129d09113bb6c23c209180089b1bd0f3ac7e6ffc536079bc415a339a/metrics.csv","59d61de54104d1b36178f110c4e451cf3f6effcab0065ecdee269ff2ee96ebc1","59d61de54104d1b36178f110c4e451cf3f6effcab0065ecdee269ff2ee96ebc1",449,449,1786789651.79408,1786789651.79408,TRUE,TRUE,TRUE,"closed",FALSE
"mv06g_complete_resume_v1","groups/mv06f_group_v1_2b10e2be129d09113bb6c23c209180089b1bd0f3ac7e6ffc536079bc415a339a/status.csv","9310b1222df804d01ce7ecce273da86f9df50b9bd91571a056f37dd1b61bdf23","9310b1222df804d01ce7ecce273da86f9df50b9bd91571a056f37dd1b61bdf23",1340,1340,1786789652.42269,1786789652.42269,TRUE,TRUE,TRUE,"closed",FALSE
"mv06g_complete_resume_v1","groups/mv06f_group_v1_b2ec6de7ae421895363f86584f6524280ade79aad6163f33a880d2d726cb3d41/training-distances.csv","fbd0efc32577713ef218b2d1dfcae196d5fcbcb5b7bc2266de0cd6a3c62199b1","fbd0efc32577713ef218b2d1dfcae196d5fcbcb5b7bc2266de0cd6a3c62199b1",6113540,6113540,1786789954.76662,1786789954.76662,TRUE,TRUE,TRUE,"closed",FALSE
"mv06g_complete_resume_v1","groups/mv06f_group_v1_b2ec6de7ae421895363f86584f6524280ade79aad6163f33a880d2d726cb3d41/scales.csv","d8d2d304872eff81c1818a8bd610f9d646c9751d4df4588e24fe09bde37a8ed1","d8d2d304872eff81c1818a8bd610f9d646c9751d4df4588e24fe09bde37a8ed1",1093,1093,1786789954.76662,1786789954.76662,TRUE,TRUE,TRUE,"closed",FALSE
"mv06g_complete_resume_v1","groups/mv06f_group_v1_b2ec6de7ae421895363f86584f6524280ade79aad6163f33a880d2d726cb3d41/rankings.csv","fcd82ccc176de276e8ab8eff87cf259c43749da75936159c024eb630c3b04905","fcd82ccc176de276e8ab8eff87cf259c43749da75936159c024eb630c3b04905",970004,970004,1786789954.92226,1786789954.92226,TRUE,TRUE,TRUE,"closed",FALSE
"mv06g_complete_resume_v1","groups/mv06f_group_v1_b2ec6de7ae421895363f86584f6524280ade79aad6163f33a880d2d726cb3d41/metrics.csv","083e8216fa4b95795b26fd2c20feabdfbe155bed622f5383ff8f59e1b9e8b35d","083e8216fa4b95795b26fd2c20feabdfbe155bed622f5383ff8f59e1b9e8b35d",450,450,1786789954.92226,1786789954.92226,TRUE,TRUE,TRUE,"closed",FALSE
"mv06g_complete_resume_v1","groups/mv06f_group_v1_b2ec6de7ae421895363f86584f6524280ade79aad6163f33a880d2d726cb3d41/status.csv","77d63a354e9bf74dd44ca47d5696277522a1a6e2d331fa68321bd65dbb24b1b3","77d63a354e9bf74dd44ca47d5696277522a1a6e2d331fa68321bd65dbb24b1b3",1340,1340,1786789955.53189,1786789955.53189,TRUE,TRUE,TRUE,"closed",FALSE
"mv06g_complete_resume_v1","groups/mv06f_group_v1_68df8117e967bda08f592eb2b4f3b8c96d1ca88c8a15b69375c613e716797ff5/training-distances.csv","cbb35a03aac3cfafdb3d90bee152af1d929d1d901242d2a475dc52a2d5bdbe93","cbb35a03aac3cfafdb3d90bee152af1d929d1d901242d2a475dc52a2d5bdbe93",6114112,6114112,1786790261.28475,1786790261.28475,TRUE,TRUE,TRUE,"closed",FALSE
"mv06g_complete_resume_v1","groups/mv06f_group_v1_68df8117e967bda08f592eb2b4f3b8c96d1ca88c8a15b69375c613e716797ff5/scales.csv","82a4bef8f7ca05b3558e17d7ac56bb201740346cee8ad41b6bea102276ebc828","82a4bef8f7ca05b3558e17d7ac56bb201740346cee8ad41b6bea102276ebc828",1094,1094,1786790261.28862,1786790261.28862,TRUE,TRUE,TRUE,"closed",FALSE
"mv06g_complete_resume_v1","groups/mv06f_group_v1_68df8117e967bda08f592eb2b4f3b8c96d1ca88c8a15b69375c613e716797ff5/rankings.csv","31c9b7624b7748f10011977a22d68066e972071c8584e6e25fd717f20f441bf3","31c9b7624b7748f10011977a22d68066e972071c8584e6e25fd717f20f441bf3",969997,969997,1786790261.43762,1786790261.43762,TRUE,TRUE,TRUE,"closed",FALSE
"mv06g_complete_resume_v1","groups/mv06f_group_v1_68df8117e967bda08f592eb2b4f3b8c96d1ca88c8a15b69375c613e716797ff5/metrics.csv","b474ce00b16409beb00cd3d74999d415527f0f5a95d5576e68475fbfecf1286f","b474ce00b16409beb00cd3d74999d415527f0f5a95d5576e68475fbfecf1286f",450,450,1786790261.43762,1786790261.43762,TRUE,TRUE,TRUE,"closed",FALSE
"mv06g_complete_resume_v1","groups/mv06f_group_v1_68df8117e967bda08f592eb2b4f3b8c96d1ca88c8a15b69375c613e716797ff5/status.csv","4fb2426271a932d3ac3cd8f8fb12a24d3d395767392011d660cac87e077f1864","4fb2426271a932d3ac3cd8f8fb12a24d3d395767392011d660cac87e077f1864",1340,1340,1786790261.98851,1786790261.98851,TRUE,TRUE,TRUE,"closed",FALSE
"mv06g_complete_resume_v1","groups/mv06f_group_v1_67858282214382f3e8fecbe28b794feda7d00799e52ae46575d632bd59d1a89d/training-distances.csv","ceb8d3e8c9a451ad1f9ff9a8558e98fa2cc988c7f1fc3842b62a19c17982509a","ceb8d3e8c9a451ad1f9ff9a8558e98fa2cc988c7f1fc3842b62a19c17982509a",6114543,6114543,1786790560.17018,1786790560.17018,TRUE,TRUE,TRUE,"closed",FALSE
"mv06g_complete_resume_v1","groups/mv06f_group_v1_67858282214382f3e8fecbe28b794feda7d00799e52ae46575d632bd59d1a89d/scales.csv","5894cb48fdb8689f7c9b42d4645095042128b947b44b4e8d79470b75b65e7ba3","5894cb48fdb8689f7c9b42d4645095042128b947b44b4e8d79470b75b65e7ba3",1096,1096,1786790560.17631,1786790560.17631,TRUE,TRUE,TRUE,"closed",FALSE
"mv06g_complete_resume_v1","groups/mv06f_group_v1_67858282214382f3e8fecbe28b794feda7d00799e52ae46575d632bd59d1a89d/rankings.csv","a6b6a8e73b224d2b8cefe445f5df660738ae54e4ce385a5a5873b12e249b16c0","a6b6a8e73b224d2b8cefe445f5df660738ae54e4ce385a5a5873b12e249b16c0",970123,970123,1786790560.31631,1786790560.31631,TRUE,TRUE,TRUE,"closed",FALSE
"mv06g_complete_resume_v1","groups/mv06f_group_v1_67858282214382f3e8fecbe28b794feda7d00799e52ae46575d632bd59d1a89d/metrics.csv","3b45fd1196572619e9d157d327644631fc527fa4c7f298295982d5b68a276499","3b45fd1196572619e9d157d327644631fc527fa4c7f298295982d5b68a276499",450,450,1786790560.31631,1786790560.31631,TRUE,TRUE,TRUE,"closed",FALSE
"mv06g_complete_resume_v1","groups/mv06f_group_v1_67858282214382f3e8fecbe28b794feda7d00799e52ae46575d632bd59d1a89d/status.csv","bd32cbff4cf1fb6de6447e06034ab2f3dcb3ccfb4de07c826d849b3e406bab53","bd32cbff4cf1fb6de6447e06034ab2f3dcb3ccfb4de07c826d849b3e406bab53",1340,1340,1786790560.92515,1786790560.92515,TRUE,TRUE,TRUE,"closed",FALSE
"mv06g_complete_resume_v1","groups/mv06f_group_v1_72b53f6e0ccff94d9f8001599e1f0b63e3899733f72abd2a0ae993a4aa728f92/training-distances.csv","ce1493caaadc663c338718d9235f9e0c7667baa83adb444f38cd79b3242b80fc","ce1493caaadc663c338718d9235f9e0c7667baa83adb444f38cd79b3242b80fc",6114549,6114549,1786790872.90538,1786790872.90538,TRUE,TRUE,TRUE,"closed",FALSE
"mv06g_complete_resume_v1","groups/mv06f_group_v1_72b53f6e0ccff94d9f8001599e1f0b63e3899733f72abd2a0ae993a4aa728f92/scales.csv","34bc009d045761885ebc855682c42f62fa8253f22a2c9009a223d10332bc83eb","34bc009d045761885ebc855682c42f62fa8253f22a2c9009a223d10332bc83eb",1093,1093,1786790872.91105,1786790872.91105,TRUE,TRUE,TRUE,"closed",FALSE
"mv06g_complete_resume_v1","groups/mv06f_group_v1_72b53f6e0ccff94d9f8001599e1f0b63e3899733f72abd2a0ae993a4aa728f92/rankings.csv","0f6458090ccb50c9b8e53a3ec47b87ca341c2554f0682ba4cbd8379f9045f973","0f6458090ccb50c9b8e53a3ec47b87ca341c2554f0682ba4cbd8379f9045f973",970162,970162,1786790873.05081,1786790873.05081,TRUE,TRUE,TRUE,"closed",FALSE
"mv06g_complete_resume_v1","groups/mv06f_group_v1_72b53f6e0ccff94d9f8001599e1f0b63e3899733f72abd2a0ae993a4aa728f92/metrics.csv","e480f751070ab7a41b28f7e94fdc2b79733f29ab669a5a9b9fb2c281295603ef","e480f751070ab7a41b28f7e94fdc2b79733f29ab669a5a9b9fb2c281295603ef",450,450,1786790873.06606,1786790873.06606,TRUE,TRUE,TRUE,"closed",FALSE
"mv06g_complete_resume_v1","groups/mv06f_group_v1_72b53f6e0ccff94d9f8001599e1f0b63e3899733f72abd2a0ae993a4aa728f92/status.csv","cf8e45a8337e61fca5bfd3d6fabf419ac74866d53c76eabc3fc7b669ed3528b2","cf8e45a8337e61fca5bfd3d6fabf419ac74866d53c76eabc3fc7b669ed3528b2",1340,1340,1786790873.60915,1786790873.60915,TRUE,TRUE,TRUE,"closed",FALSE
"mv06g_complete_resume_v1","groups/mv06f_group_v1_d3aca232b73eac7590da85aca6ed36bbaa8cb555c51a2af05b1b6b2711f016fb/training-distances.csv","d0680aa4c9c3bbff3575d912255dacf92d81bf7bc90f7b88b185a7fbf5e2ec3c","d0680aa4c9c3bbff3575d912255dacf92d81bf7bc90f7b88b185a7fbf5e2ec3c",6114678,6114678,1786791191.28052,1786791191.28052,TRUE,TRUE,TRUE,"closed",FALSE
"mv06g_complete_resume_v1","groups/mv06f_group_v1_d3aca232b73eac7590da85aca6ed36bbaa8cb555c51a2af05b1b6b2711f016fb/scales.csv","d306f1710c9a939e335d2565c3b04e0ac69120ed3dd633b3d3086ce083ae227f","d306f1710c9a939e335d2565c3b04e0ac69120ed3dd633b3d3086ce083ae227f",1096,1096,1786791191.28561,1786791191.28561,TRUE,TRUE,TRUE,"closed",FALSE
"mv06g_complete_resume_v1","groups/mv06f_group_v1_d3aca232b73eac7590da85aca6ed36bbaa8cb555c51a2af05b1b6b2711f016fb/rankings.csv","b296e59586ea31bfd591635f70072d16024462ad9789d1088459924dbed1c3a4","b296e59586ea31bfd591635f70072d16024462ad9789d1088459924dbed1c3a4",970049,970049,1786791191.43345,1786791191.43345,TRUE,TRUE,TRUE,"closed",FALSE
"mv06g_complete_resume_v1","groups/mv06f_group_v1_d3aca232b73eac7590da85aca6ed36bbaa8cb555c51a2af05b1b6b2711f016fb/metrics.csv","dff1842d94af8be7db36673d171e81966a74f61655195c217b6473342acc4f9f","dff1842d94af8be7db36673d171e81966a74f61655195c217b6473342acc4f9f",450,450,1786791191.43845,1786791191.43845,TRUE,TRUE,TRUE,"closed",FALSE
"mv06g_complete_resume_v1","groups/mv06f_group_v1_d3aca232b73eac7590da85aca6ed36bbaa8cb555c51a2af05b1b6b2711f016fb/status.csv","a5f948fe50573cc006e351e4b982dc38bfcd9e5e91d9ece5729a9c8d8b8d5cdc","a5f948fe50573cc006e351e4b982dc38bfcd9e5e91d9ece5729a9c8d8b8d5cdc",1340,1340,1786791191.96933,1786791191.96933,TRUE,TRUE,TRUE,"closed",FALSE
"mv06g_complete_resume_v1","groups/mv06f_group_v1_0c65f3e6ca263a121de390bfa47bfaedc051687a0b4d8632d1f5de0bf24b0c27/training-distances.csv","8edb538731c75a5ab22a959996ff71bc99412acbda7ecbc61dc26f670f79472b","8edb538731c75a5ab22a959996ff71bc99412acbda7ecbc61dc26f670f79472b",6114099,6114099,1786791498.52271,1786791498.52271,TRUE,TRUE,TRUE,"closed",FALSE
"mv06g_complete_resume_v1","groups/mv06f_group_v1_0c65f3e6ca263a121de390bfa47bfaedc051687a0b4d8632d1f5de0bf24b0c27/scales.csv","9d7dd39a4c13d550075f68d28a9bffd62782b2b10a422f766e604d667d796b35","9d7dd39a4c13d550075f68d28a9bffd62782b2b10a422f766e604d667d796b35",1095,1095,1786791498.52871,1786791498.52871,TRUE,TRUE,TRUE,"closed",FALSE
"mv06g_complete_resume_v1","groups/mv06f_group_v1_0c65f3e6ca263a121de390bfa47bfaedc051687a0b4d8632d1f5de0bf24b0c27/rankings.csv","c53eea38707a2bbe8b8314525b674407723a02184a3b35adb466857972a0cae1","c53eea38707a2bbe8b8314525b674407723a02184a3b35adb466857972a0cae1",970125,970125,1786791498.6723,1786791498.6723,TRUE,TRUE,TRUE,"closed",FALSE
"mv06g_complete_resume_v1","groups/mv06f_group_v1_0c65f3e6ca263a121de390bfa47bfaedc051687a0b4d8632d1f5de0bf24b0c27/metrics.csv","7f8b3cf542c02dbbcd7d92f322ef53646b9963ab9a65a6a7beac6ba22e332493","7f8b3cf542c02dbbcd7d92f322ef53646b9963ab9a65a6a7beac6ba22e332493",450,450,1786791498.6723,1786791498.6723,TRUE,TRUE,TRUE,"closed",FALSE
"mv06g_complete_resume_v1","groups/mv06f_group_v1_0c65f3e6ca263a121de390bfa47bfaedc051687a0b4d8632d1f5de0bf24b0c27/status.csv","4384eacbb4053fc6326fa49b71ddc8478e7855380fee80913ead41544194b0cb","4384eacbb4053fc6326fa49b71ddc8478e7855380fee80913ead41544194b0cb",1340,1340,1786791499.23454,1786791499.23454,TRUE,TRUE,TRUE,"closed",FALSE
"mv06g_complete_resume_v1","groups/mv06f_group_v1_9722d70aa65c60ce06d827661afae22ca2c6afd162f76211a329575a4538d33a/training-distances.csv","a630db3f48106c953203c0aa136cf03d75844f6f2f5542a269aa51cd518a78e2","a630db3f48106c953203c0aa136cf03d75844f6f2f5542a269aa51cd518a78e2",6114663,6114663,1786791819.88963,1786791819.88963,TRUE,TRUE,TRUE,"closed",FALSE
"mv06g_complete_resume_v1","groups/mv06f_group_v1_9722d70aa65c60ce06d827661afae22ca2c6afd162f76211a329575a4538d33a/scales.csv","68558941ce12948c6333cdff0da767ba65cbc828acddd0b6428c557b2c00c73d","68558941ce12948c6333cdff0da767ba65cbc828acddd0b6428c557b2c00c73d",1094,1094,1786791819.9055,1786791819.9055,TRUE,TRUE,TRUE,"closed",FALSE
"mv06g_complete_resume_v1","groups/mv06f_group_v1_9722d70aa65c60ce06d827661afae22ca2c6afd162f76211a329575a4538d33a/rankings.csv","78029aaa3c45b657304449f8e717767346f6b7ee01cbf9d03bfaafc48f6e2841","78029aaa3c45b657304449f8e717767346f6b7ee01cbf9d03bfaafc48f6e2841",970065,970065,1786791820.0468,1786791820.0468,TRUE,TRUE,TRUE,"closed",FALSE
"mv06g_complete_resume_v1","groups/mv06f_group_v1_9722d70aa65c60ce06d827661afae22ca2c6afd162f76211a329575a4538d33a/metrics.csv","a8e904c4f0937b7091c3d6bbacf147ad1dc9673168c2b3d5894fc9526157080b","a8e904c4f0937b7091c3d6bbacf147ad1dc9673168c2b3d5894fc9526157080b",450,450,1786791820.06742,1786791820.06742,TRUE,TRUE,TRUE,"closed",FALSE
"mv06g_complete_resume_v1","groups/mv06f_group_v1_9722d70aa65c60ce06d827661afae22ca2c6afd162f76211a329575a4538d33a/status.csv","ec94914dcb6d2798e0d101660a4fc65bfa10a4ac913b109f9fe8cd3f4b2d1218","ec94914dcb6d2798e0d101660a4fc65bfa10a4ac913b109f9fe8cd3f4b2d1218",1340,1340,1786791820.67214,1786791820.67214,TRUE,TRUE,TRUE,"closed",FALSE
"mv06g_complete_resume_v1","groups/mv06f_group_v1_6890cbf2d67487dad1516f5ef4d3e8620e6da73cfdb37bbad27e7fa0f7f2b64d/training-distances.csv","622c0bff87b4b212c66e7233077ddf001dd15e549146cd686d6dd657b5cba0d8","622c0bff87b4b212c66e7233077ddf001dd15e549146cd686d6dd657b5cba0d8",6113725,6113725,1786792111.7814,1786792111.7814,TRUE,TRUE,TRUE,"closed",FALSE
"mv06g_complete_resume_v1","groups/mv06f_group_v1_6890cbf2d67487dad1516f5ef4d3e8620e6da73cfdb37bbad27e7fa0f7f2b64d/scales.csv","60e2e5967ce19fb503480689e49fbae6eb9e4f82c621feaf98b6d415d9e46bd4","60e2e5967ce19fb503480689e49fbae6eb9e4f82c621feaf98b6d415d9e46bd4",1095,1095,1786792111.7814,1786792111.7814,TRUE,TRUE,TRUE,"closed",FALSE
"mv06g_complete_resume_v1","groups/mv06f_group_v1_6890cbf2d67487dad1516f5ef4d3e8620e6da73cfdb37bbad27e7fa0f7f2b64d/rankings.csv","6b56942d2a2bbbe7f723922e63c48ad4514164e2d77a6186bbda3e347b29ab41","6b56942d2a2bbbe7f723922e63c48ad4514164e2d77a6186bbda3e347b29ab41",970250,970250,1786792111.94211,1786792111.94211,TRUE,TRUE,TRUE,"closed",FALSE
"mv06g_complete_resume_v1","groups/mv06f_group_v1_6890cbf2d67487dad1516f5ef4d3e8620e6da73cfdb37bbad27e7fa0f7f2b64d/metrics.csv","d162a851a4c069b79da1d6aeac40ca75a579c403d63ae5597b7798979a1accdc","d162a851a4c069b79da1d6aeac40ca75a579c403d63ae5597b7798979a1accdc",449,449,1786792111.94711,1786792111.94711,TRUE,TRUE,TRUE,"closed",FALSE
"mv06g_complete_resume_v1","groups/mv06f_group_v1_6890cbf2d67487dad1516f5ef4d3e8620e6da73cfdb37bbad27e7fa0f7f2b64d/status.csv","636c49f2d7df47b09405517e62f9b161bdb4bf0e0d5098b5e5ff4e7aa3deb938","636c49f2d7df47b09405517e62f9b161bdb4bf0e0d5098b5e5ff4e7aa3deb938",1340,1340,1786792112.54641,1786792112.54641,TRUE,TRUE,TRUE,"closed",FALSE
"mv06g_complete_resume_v1","groups/mv06f_group_v1_feb1d3ce88f5a474c58f20177f96e7f850b252d2098154e139f88ce674094444/training-distances.csv","bdd8f5c2c8b9695b3d13538b5dcb639678eec9eeb30ceadf5ceabac0b2250a76","bdd8f5c2c8b9695b3d13538b5dcb639678eec9eeb30ceadf5ceabac0b2250a76",6113879,6113879,1786792400.62546,1786792400.62546,TRUE,TRUE,TRUE,"closed",FALSE
"mv06g_complete_resume_v1","groups/mv06f_group_v1_feb1d3ce88f5a474c58f20177f96e7f850b252d2098154e139f88ce674094444/scales.csv","e538f509b000609346cdb5fd6b427fd92724a2db1e3891c341e91bc7d1af5486","e538f509b000609346cdb5fd6b427fd92724a2db1e3891c341e91bc7d1af5486",1095,1095,1786792400.62546,1786792400.62546,TRUE,TRUE,TRUE,"closed",FALSE
"mv06g_complete_resume_v1","groups/mv06f_group_v1_feb1d3ce88f5a474c58f20177f96e7f850b252d2098154e139f88ce674094444/rankings.csv","a7365249c2f47901d278232149cc74eb088aaadd22175e768b369d18328e43be","a7365249c2f47901d278232149cc74eb088aaadd22175e768b369d18328e43be",970290,970290,1786792400.78098,1786792400.78098,TRUE,TRUE,TRUE,"closed",FALSE
"mv06g_complete_resume_v1","groups/mv06f_group_v1_feb1d3ce88f5a474c58f20177f96e7f850b252d2098154e139f88ce674094444/metrics.csv","5fefd11c169eb84a5f9474a7852f549e017b0920817f0e197677e6163232038a","5fefd11c169eb84a5f9474a7852f549e017b0920817f0e197677e6163232038a",450,450,1786792400.78098,1786792400.78098,TRUE,TRUE,TRUE,"closed",FALSE
"mv06g_complete_resume_v1","groups/mv06f_group_v1_feb1d3ce88f5a474c58f20177f96e7f850b252d2098154e139f88ce674094444/status.csv","b54f7bd0f98f5b61755a46f1f82246c695b9949920eacd85cb5bb6383ea78214","b54f7bd0f98f5b61755a46f1f82246c695b9949920eacd85cb5bb6383ea78214",1340,1340,1786792401.31123,1786792401.31123,TRUE,TRUE,TRUE,"closed",FALSE
"mv06g_complete_resume_v1","groups/mv06f_group_v1_2734ab2f32b3459bc66508c10d7583fac02ce0425b342d73efe7f3f4f4b4aa68/training-distances.csv","c4bed9d66aad0bc6acc65052e3794841554590d5b54efe06ea93b8b78842257d","c4bed9d66aad0bc6acc65052e3794841554590d5b54efe06ea93b8b78842257d",6113744,6113744,1786792691.20079,1786792691.20079,TRUE,TRUE,TRUE,"closed",FALSE
"mv06g_complete_resume_v1","groups/mv06f_group_v1_2734ab2f32b3459bc66508c10d7583fac02ce0425b342d73efe7f3f4f4b4aa68/scales.csv","3fc2c84fa3f4e8dce76316ddd9d41ce67230996ed5306f30e68fe044ec279eb6","3fc2c84fa3f4e8dce76316ddd9d41ce67230996ed5306f30e68fe044ec279eb6",1096,1096,1786792691.2078,1786792691.2078,TRUE,TRUE,TRUE,"closed",FALSE
"mv06g_complete_resume_v1","groups/mv06f_group_v1_2734ab2f32b3459bc66508c10d7583fac02ce0425b342d73efe7f3f4f4b4aa68/rankings.csv","8dba95a1d29fb06e720239388b137b8162e69fa8a3097772b905b553b101ffe9","8dba95a1d29fb06e720239388b137b8162e69fa8a3097772b905b553b101ffe9",970282,970282,1786792691.3558,1786792691.3558,TRUE,TRUE,TRUE,"closed",FALSE
"mv06g_complete_resume_v1","groups/mv06f_group_v1_2734ab2f32b3459bc66508c10d7583fac02ce0425b342d73efe7f3f4f4b4aa68/metrics.csv","1ca5aa88c8b4c0bc7d3c50e3ad07d6a18e84ffed6a8ee3fef684ea7a5b5229ec","1ca5aa88c8b4c0bc7d3c50e3ad07d6a18e84ffed6a8ee3fef684ea7a5b5229ec",450,450,1786792691.36275,1786792691.36275,TRUE,TRUE,TRUE,"closed",FALSE
"mv06g_complete_resume_v1","groups/mv06f_group_v1_2734ab2f32b3459bc66508c10d7583fac02ce0425b342d73efe7f3f4f4b4aa68/status.csv","e3a24913e5958f4bdd56dfabb0f4b74c9fb037ed6c553b233e975802a692659c","e3a24913e5958f4bdd56dfabb0f4b74c9fb037ed6c553b233e975802a692659c",1340,1340,1786792691.93737,1786792691.93737,TRUE,TRUE,TRUE,"closed",FALSE
"mv06g_complete_resume_v1","groups/mv06f_group_v1_2c78a35b51ec2615beb82313010a9d9489057c3a225aa923f16e3228468dd8ae/training-distances.csv","814288982710156f4eee311e552c0264b7c7250ba2e6028325840aca517fa5a0","814288982710156f4eee311e552c0264b7c7250ba2e6028325840aca517fa5a0",6113528,6113528,1786792981.34398,1786792981.34398,TRUE,TRUE,TRUE,"closed",FALSE
"mv06g_complete_resume_v1","groups/mv06f_group_v1_2c78a35b51ec2615beb82313010a9d9489057c3a225aa923f16e3228468dd8ae/scales.csv","491e356ada4d8b8ed51d549447d70853b8749c42f92df423802ab4b8c1186362","491e356ada4d8b8ed51d549447d70853b8749c42f92df423802ab4b8c1186362",1095,1095,1786792981.34398,1786792981.34398,TRUE,TRUE,TRUE,"closed",FALSE
"mv06g_complete_resume_v1","groups/mv06f_group_v1_2c78a35b51ec2615beb82313010a9d9489057c3a225aa923f16e3228468dd8ae/rankings.csv","38335f5a2996c5f383f1d9cde9ec062c8efd61b6b594fce80d3eebb8fbdc57f1","38335f5a2996c5f383f1d9cde9ec062c8efd61b6b594fce80d3eebb8fbdc57f1",970270,970270,1786792981.49926,1786792981.49926,TRUE,TRUE,TRUE,"closed",FALSE
"mv06g_complete_resume_v1","groups/mv06f_group_v1_2c78a35b51ec2615beb82313010a9d9489057c3a225aa923f16e3228468dd8ae/metrics.csv","0d9babab10842fab80644fb400ab1429a1de3ef82dce59798ba5f9973d5e94d1","0d9babab10842fab80644fb400ab1429a1de3ef82dce59798ba5f9973d5e94d1",450,450,1786792981.49926,1786792981.49926,TRUE,TRUE,TRUE,"closed",FALSE
"mv06g_complete_resume_v1","groups/mv06f_group_v1_2c78a35b51ec2615beb82313010a9d9489057c3a225aa923f16e3228468dd8ae/status.csv","eca0744be24fd8baaf5314cae1d0f7b76caee5c26478865dfb3b67c95d22f14f","eca0744be24fd8baaf5314cae1d0f7b76caee5c26478865dfb3b67c95d22f14f",1340,1340,1786792982.18716,1786792982.18716,TRUE,TRUE,TRUE,"closed",FALSE
"mv06g_complete_resume_v1","groups/mv06f_group_v1_fbca3ade46a2dd671380df8e7fb07714bab96d9c8c8a9e0c9a579422ee8ec53c/training-distances.csv","536611c39000fac19c9adb66fd1dfe295d7b40fb3985b268663b963946497ba5","536611c39000fac19c9adb66fd1dfe295d7b40fb3985b268663b963946497ba5",6114246,6114246,1786793273.14036,1786793273.14036,TRUE,TRUE,TRUE,"closed",FALSE
"mv06g_complete_resume_v1","groups/mv06f_group_v1_fbca3ade46a2dd671380df8e7fb07714bab96d9c8c8a9e0c9a579422ee8ec53c/scales.csv","a10e5460117ad5c77693b018c97f58b6c22489d9170c069d3e9343ab4be0e1af","a10e5460117ad5c77693b018c97f58b6c22489d9170c069d3e9343ab4be0e1af",1094,1094,1786793273.15606,1786793273.15606,TRUE,TRUE,TRUE,"closed",FALSE
"mv06g_complete_resume_v1","groups/mv06f_group_v1_fbca3ade46a2dd671380df8e7fb07714bab96d9c8c8a9e0c9a579422ee8ec53c/rankings.csv","90d6ef3cc6bf0a15fbabc545d01e8664165f9c158cd9a587d8552658f492d643","90d6ef3cc6bf0a15fbabc545d01e8664165f9c158cd9a587d8552658f492d643",970258,970258,1786793273.29678,1786793273.29678,TRUE,TRUE,TRUE,"closed",FALSE
"mv06g_complete_resume_v1","groups/mv06f_group_v1_fbca3ade46a2dd671380df8e7fb07714bab96d9c8c8a9e0c9a579422ee8ec53c/metrics.csv","ed79453e355050ede26f38752f817bb23ac9e86f4e85ef97a9e908c89ca57393","ed79453e355050ede26f38752f817bb23ac9e86f4e85ef97a9e908c89ca57393",450,450,1786793273.31586,1786793273.31586,TRUE,TRUE,TRUE,"closed",FALSE
"mv06g_complete_resume_v1","groups/mv06f_group_v1_fbca3ade46a2dd671380df8e7fb07714bab96d9c8c8a9e0c9a579422ee8ec53c/status.csv","dab84254b2be3840ec99943edfe20def2c9bdfccfb3f809aa58eeaad3b174e50","dab84254b2be3840ec99943edfe20def2c9bdfccfb3f809aa58eeaad3b174e50",1340,1340,1786793273.9526,1786793273.9526,TRUE,TRUE,TRUE,"closed",FALSE
"mv06g_complete_resume_v1","groups/mv06f_group_v1_e1a65ad83356a04ea2dd1bff442eff5fc682ce4897045040aac220e3ec0dcbe0/training-distances.csv","678de9e98db29dccab52be3fc1590122dda85cc8ac6e2f7e25e3bbe4708c6886","678de9e98db29dccab52be3fc1590122dda85cc8ac6e2f7e25e3bbe4708c6886",6113619,6113619,1786793566.15709,1786793566.15709,TRUE,TRUE,TRUE,"closed",FALSE
"mv06g_complete_resume_v1","groups/mv06f_group_v1_e1a65ad83356a04ea2dd1bff442eff5fc682ce4897045040aac220e3ec0dcbe0/scales.csv","20052222009d53240f0a4a5384b93c064fe162367c34d89a304cf2a25ad9c196","20052222009d53240f0a4a5384b93c064fe162367c34d89a304cf2a25ad9c196",1096,1096,1786793566.15709,1786793566.15709,TRUE,TRUE,TRUE,"closed",FALSE
"mv06g_complete_resume_v1","groups/mv06f_group_v1_e1a65ad83356a04ea2dd1bff442eff5fc682ce4897045040aac220e3ec0dcbe0/rankings.csv","05b30bfc9063a2209225f8dbe22cefb62e38f66f98cba631b6f87e1d0a22d658","05b30bfc9063a2209225f8dbe22cefb62e38f66f98cba631b6f87e1d0a22d658",970536,970536,1786793566.31237,1786793566.31237,TRUE,TRUE,TRUE,"closed",FALSE
"mv06g_complete_resume_v1","groups/mv06f_group_v1_e1a65ad83356a04ea2dd1bff442eff5fc682ce4897045040aac220e3ec0dcbe0/metrics.csv","1f050e1d0c5f2084ac83aa824d19effbbf83d343c365925e10590dd270b5d708","1f050e1d0c5f2084ac83aa824d19effbbf83d343c365925e10590dd270b5d708",450,450,1786793566.31237,1786793566.31237,TRUE,TRUE,TRUE,"closed",FALSE
"mv06g_complete_resume_v1","groups/mv06f_group_v1_e1a65ad83356a04ea2dd1bff442eff5fc682ce4897045040aac220e3ec0dcbe0/status.csv","033fd69ff10454bf13c37032426ff8f002ef7048948ad1af28c6d8ed81fcb2a1","033fd69ff10454bf13c37032426ff8f002ef7048948ad1af28c6d8ed81fcb2a1",1340,1340,1786793567.00078,1786793567.00078,TRUE,TRUE,TRUE,"closed",FALSE
"mv06g_complete_resume_v1","groups/mv06f_group_v1_decdd91d6aa94de71f4716651259b472a2a02d1143c6d51510d1e1803ca7cfc8/training-distances.csv","34a5686f405b097f723824456c3d104adb9b70dfcfb96652e41ee15c233358e6","34a5686f405b097f723824456c3d104adb9b70dfcfb96652e41ee15c233358e6",6113739,6113739,1786793871.96787,1786793871.96787,TRUE,TRUE,TRUE,"closed",FALSE
"mv06g_complete_resume_v1","groups/mv06f_group_v1_decdd91d6aa94de71f4716651259b472a2a02d1143c6d51510d1e1803ca7cfc8/scales.csv","bbefc1c47df4328926bc6540934c1c23dfca262e6c1ec2a6d9e11b2085ee2de7","bbefc1c47df4328926bc6540934c1c23dfca262e6c1ec2a6d9e11b2085ee2de7",1094,1094,1786793871.96787,1786793871.96787,TRUE,TRUE,TRUE,"closed",FALSE
"mv06g_complete_resume_v1","groups/mv06f_group_v1_decdd91d6aa94de71f4716651259b472a2a02d1143c6d51510d1e1803ca7cfc8/rankings.csv","97048e51873de823ea8dc0c0d4e111a40510f220771abdf28f386c47b9ffe253","97048e51873de823ea8dc0c0d4e111a40510f220771abdf28f386c47b9ffe253",970589,970589,1786793872.14946,1786793872.14946,TRUE,TRUE,TRUE,"closed",FALSE
"mv06g_complete_resume_v1","groups/mv06f_group_v1_decdd91d6aa94de71f4716651259b472a2a02d1143c6d51510d1e1803ca7cfc8/metrics.csv","45646d88735590a6da8c07bd14434d4da9bb604b3a02eb2e1e56d2ce86120f4f","45646d88735590a6da8c07bd14434d4da9bb604b3a02eb2e1e56d2ce86120f4f",450,450,1786793872.15546,1786793872.15546,TRUE,TRUE,TRUE,"closed",FALSE
"mv06g_complete_resume_v1","groups/mv06f_group_v1_decdd91d6aa94de71f4716651259b472a2a02d1143c6d51510d1e1803ca7cfc8/status.csv","ec68bed6390c4050cbb8ff8ed8f76997bf93269c7480b798223a1d33543b0cd2","ec68bed6390c4050cbb8ff8ed8f76997bf93269c7480b798223a1d33543b0cd2",1340,1340,1786793872.74919,1786793872.74919,TRUE,TRUE,TRUE,"closed",FALSE
"mv06g_complete_resume_v1","groups/mv06f_group_v1_fd89439b152e8788780776a6f491f20ad5cc8e695711224d8309ad92615d4f61/training-distances.csv","cfa266a5df207919a23bb2254d83ca33345ebc12ce7d769a549f163e6e792620","cfa266a5df207919a23bb2254d83ca33345ebc12ce7d769a549f163e6e792620",6113560,6113560,1786794175.11367,1786794175.11367,TRUE,TRUE,TRUE,"closed",FALSE
"mv06g_complete_resume_v1","groups/mv06f_group_v1_fd89439b152e8788780776a6f491f20ad5cc8e695711224d8309ad92615d4f61/scales.csv","8580bf7811df8a0740e80fcf700c79b5fee0d115f044fb09817832df960ae3fc","8580bf7811df8a0740e80fcf700c79b5fee0d115f044fb09817832df960ae3fc",1094,1094,1786794175.12068,1786794175.12068,TRUE,TRUE,TRUE,"closed",FALSE
"mv06g_complete_resume_v1","groups/mv06f_group_v1_fd89439b152e8788780776a6f491f20ad5cc8e695711224d8309ad92615d4f61/rankings.csv","aa56e0dfc9411781f434d9fb7de1e653356fa48280b2cd7b3ac312f9ece23e2b","aa56e0dfc9411781f434d9fb7de1e653356fa48280b2cd7b3ac312f9ece23e2b",970585,970585,1786794175.26931,1786794175.26931,TRUE,TRUE,TRUE,"closed",FALSE
"mv06g_complete_resume_v1","groups/mv06f_group_v1_fd89439b152e8788780776a6f491f20ad5cc8e695711224d8309ad92615d4f61/metrics.csv","b8644f8ecc9073d08d6a2e8cc2f94cab7f0df68e19c08e325a9ccb7a2d67227e","b8644f8ecc9073d08d6a2e8cc2f94cab7f0df68e19c08e325a9ccb7a2d67227e",450,450,1786794175.28274,1786794175.28274,TRUE,TRUE,TRUE,"closed",FALSE
"mv06g_complete_resume_v1","groups/mv06f_group_v1_fd89439b152e8788780776a6f491f20ad5cc8e695711224d8309ad92615d4f61/status.csv","41330b09e58bf230d651ef4e09a02fb8185600453fed357145ce76c54529cfd3","41330b09e58bf230d651ef4e09a02fb8185600453fed357145ce76c54529cfd3",1340,1340,1786794175.89034,1786794175.89034,TRUE,TRUE,TRUE,"closed",FALSE
"mv06g_complete_resume_v1","groups/mv06f_group_v1_17bbb301c021120de90a2c3d676bcfeae639ab4348df09976064649e75aa25f1/training-distances.csv","0dbca0913a020590dfda6fdf85041d0dfd118eb2a446118808430ff938dba24d","0dbca0913a020590dfda6fdf85041d0dfd118eb2a446118808430ff938dba24d",6113424,6113424,1786794476.87877,1786794476.87877,TRUE,TRUE,TRUE,"closed",FALSE
"mv06g_complete_resume_v1","groups/mv06f_group_v1_17bbb301c021120de90a2c3d676bcfeae639ab4348df09976064649e75aa25f1/scales.csv","543f219b64b93aca2d26c77a87d7afc19e5b735d639b1ea5caed7075a38af35e","543f219b64b93aca2d26c77a87d7afc19e5b735d639b1ea5caed7075a38af35e",1095,1095,1786794476.88477,1786794476.88477,TRUE,TRUE,TRUE,"closed",FALSE
"mv06g_complete_resume_v1","groups/mv06f_group_v1_17bbb301c021120de90a2c3d676bcfeae639ab4348df09976064649e75aa25f1/rankings.csv","a38ad04b1e62a8bc5f81a7e085c0ee5cf902bbf0d78e723c8e735af8ad71a4c0","a38ad04b1e62a8bc5f81a7e085c0ee5cf902bbf0d78e723c8e735af8ad71a4c0",970644,970644,1786794477.04683,1786794477.04683,TRUE,TRUE,TRUE,"closed",FALSE
"mv06g_complete_resume_v1","groups/mv06f_group_v1_17bbb301c021120de90a2c3d676bcfeae639ab4348df09976064649e75aa25f1/metrics.csv","d377d98d0601c30b44d09a494421da8bc3c2af49e214ff7f4191f5ad2244fd1a","d377d98d0601c30b44d09a494421da8bc3c2af49e214ff7f4191f5ad2244fd1a",450,450,1786794477.04683,1786794477.04683,TRUE,TRUE,TRUE,"closed",FALSE
"mv06g_complete_resume_v1","groups/mv06f_group_v1_17bbb301c021120de90a2c3d676bcfeae639ab4348df09976064649e75aa25f1/status.csv","c3b85332e82a531fb10952a80c4f2fa433237977b6c6a91ad7b20fb0ae98e341","c3b85332e82a531fb10952a80c4f2fa433237977b6c6a91ad7b20fb0ae98e341",1340,1340,1786794477.64894,1786794477.64894,TRUE,TRUE,TRUE,"closed",FALSE
"mv06g_complete_resume_v1","groups/mv06f_group_v1_8a1c1fd1ec6c38fff930224001e8780cb6a3f77aa66359987eeb8b7e7b8dc7a6/training-distances.csv","059790e2dcf6bf4a93452e836be453739018c337ec6dab1edf8508b0dcbcc74c","059790e2dcf6bf4a93452e836be453739018c337ec6dab1edf8508b0dcbcc74c",6114022,6114022,1786794780.95378,1786794780.95378,TRUE,TRUE,TRUE,"closed",FALSE
"mv06g_complete_resume_v1","groups/mv06f_group_v1_8a1c1fd1ec6c38fff930224001e8780cb6a3f77aa66359987eeb8b7e7b8dc7a6/scales.csv","33d8058741f79995e077c3d3f148828f04a6c873eb09574f442a2658c36ff5d7","33d8058741f79995e077c3d3f148828f04a6c873eb09574f442a2658c36ff5d7",1094,1094,1786794780.96444,1786794780.96444,TRUE,TRUE,TRUE,"closed",FALSE
"mv06g_complete_resume_v1","groups/mv06f_group_v1_8a1c1fd1ec6c38fff930224001e8780cb6a3f77aa66359987eeb8b7e7b8dc7a6/rankings.csv","74cd29bf74fcbf00c55dace9b5f625fc5573da97de513d83480f60c6d810e5f9","74cd29bf74fcbf00c55dace9b5f625fc5573da97de513d83480f60c6d810e5f9",970497,970497,1786794781.10933,1786794781.10933,TRUE,TRUE,TRUE,"closed",FALSE
"mv06g_complete_resume_v1","groups/mv06f_group_v1_8a1c1fd1ec6c38fff930224001e8780cb6a3f77aa66359987eeb8b7e7b8dc7a6/metrics.csv","df2d0465a32b4bed64965ed890cc204a04d8b4a4da346cec0d6f5116ee80b4f0","df2d0465a32b4bed64965ed890cc204a04d8b4a4da346cec0d6f5116ee80b4f0",450,450,1786794781.12506,1786794781.12506,TRUE,TRUE,TRUE,"closed",FALSE
"mv06g_complete_resume_v1","groups/mv06f_group_v1_8a1c1fd1ec6c38fff930224001e8780cb6a3f77aa66359987eeb8b7e7b8dc7a6/status.csv","9310bb47f2e90e68133e703abe9704016c9dd5600975a99686c2027f2dfc242e","9310bb47f2e90e68133e703abe9704016c9dd5600975a99686c2027f2dfc242e",1340,1340,1786794781.70989,1786794781.70989,TRUE,TRUE,TRUE,"closed",FALSE
"mv06g_complete_resume_v1","groups/mv06f_group_v1_7c19ff1e3d0cc1f6840e8dc812b71fe9aa67efc7dcfe7452f3b7d9e5ee2002d2/training-distances.csv","cfb517fea43c55076a8f656ac70ca196087073ca57b5c5cf45af10c351d49e42","cfb517fea43c55076a8f656ac70ca196087073ca57b5c5cf45af10c351d49e42",6403424,6403424,1786795091.00104,1786795091.00104,TRUE,TRUE,TRUE,"closed",FALSE
"mv06g_complete_resume_v1","groups/mv06f_group_v1_7c19ff1e3d0cc1f6840e8dc812b71fe9aa67efc7dcfe7452f3b7d9e5ee2002d2/scales.csv","72d25a96b3bbf6bfc9304e93a611817e86007a11ad6b1239a19a3ba90dc814f3","72d25a96b3bbf6bfc9304e93a611817e86007a11ad6b1239a19a3ba90dc814f3",1095,1095,1786795091.00704,1786795091.00704,TRUE,TRUE,TRUE,"closed",FALSE
"mv06g_complete_resume_v1","groups/mv06f_group_v1_7c19ff1e3d0cc1f6840e8dc812b71fe9aa67efc7dcfe7452f3b7d9e5ee2002d2/rankings.csv","08632c4f1bc23d32797d2f34d40fd93a9e9fa8737cfc2997329a4759d8535948","08632c4f1bc23d32797d2f34d40fd93a9e9fa8737cfc2997329a4759d8535948",496528,496528,1786795091.08718,1786795091.08718,TRUE,TRUE,TRUE,"closed",FALSE
"mv06g_complete_resume_v1","groups/mv06f_group_v1_7c19ff1e3d0cc1f6840e8dc812b71fe9aa67efc7dcfe7452f3b7d9e5ee2002d2/metrics.csv","38ff998e945279a85cb220002b443ffe3056e0dd5b20e75f7d65a81d5f278821","38ff998e945279a85cb220002b443ffe3056e0dd5b20e75f7d65a81d5f278821",450,450,1786795091.09218,1786795091.09218,TRUE,TRUE,TRUE,"closed",FALSE
"mv06g_complete_resume_v1","groups/mv06f_group_v1_7c19ff1e3d0cc1f6840e8dc812b71fe9aa67efc7dcfe7452f3b7d9e5ee2002d2/status.csv","352cb12bd941bae295e6dbea9b005a7a90f4ab54fa5b780419a478a59444dc2b","352cb12bd941bae295e6dbea9b005a7a90f4ab54fa5b780419a478a59444dc2b",1340,1340,1786795091.68708,1786795091.68708,TRUE,TRUE,TRUE,"closed",FALSE
"mv06g_complete_resume_v1","groups/mv06f_group_v1_7dbadc56fbd61636fcb998ad170213953cc29b6852148b25b739630b0a399b4e/training-distances.csv","8f975478936cb5ff33709416742a36d520483b2b1138a18ba5e39a0b5ac3b000","8f975478936cb5ff33709416742a36d520483b2b1138a18ba5e39a0b5ac3b000",6403384,6403384,1786795402.15627,1786795402.15627,TRUE,TRUE,TRUE,"closed",FALSE
"mv06g_complete_resume_v1","groups/mv06f_group_v1_7dbadc56fbd61636fcb998ad170213953cc29b6852148b25b739630b0a399b4e/scales.csv","9059c50f08eb496b666ee3fd4a45c1f9678f74246db3d704ea74af5fdc49bb9a","9059c50f08eb496b666ee3fd4a45c1f9678f74246db3d704ea74af5fdc49bb9a",1091,1091,1786795402.15627,1786795402.15627,TRUE,TRUE,TRUE,"closed",FALSE
"mv06g_complete_resume_v1","groups/mv06f_group_v1_7dbadc56fbd61636fcb998ad170213953cc29b6852148b25b739630b0a399b4e/rankings.csv","41cd7b55897c4a6eedd915e294c9f6fb46e46ef95248a02b7c880b5dbfcf6f75","41cd7b55897c4a6eedd915e294c9f6fb46e46ef95248a02b7c880b5dbfcf6f75",496626,496626,1786795402.23484,1786795402.23484,TRUE,TRUE,TRUE,"closed",FALSE
"mv06g_complete_resume_v1","groups/mv06f_group_v1_7dbadc56fbd61636fcb998ad170213953cc29b6852148b25b739630b0a399b4e/metrics.csv","efc34f432b083424d1b1dcfccd7703648eb157b7e8be2a038a621917caf8236b","efc34f432b083424d1b1dcfccd7703648eb157b7e8be2a038a621917caf8236b",450,450,1786795402.23484,1786795402.23484,TRUE,TRUE,TRUE,"closed",FALSE
"mv06g_complete_resume_v1","groups/mv06f_group_v1_7dbadc56fbd61636fcb998ad170213953cc29b6852148b25b739630b0a399b4e/status.csv","04854feabde16e3f7c437f530e346fafc6b7f06b6bd99d4176b11c66a281c88b","04854feabde16e3f7c437f530e346fafc6b7f06b6bd99d4176b11c66a281c88b",1340,1340,1786795402.81368,1786795402.81368,TRUE,TRUE,TRUE,"closed",FALSE
"mv06g_complete_resume_v1","groups/mv06f_group_v1_7f98730bc851a3c4b5877a38a69e20b88ee8343ccb135f89bd6440d8b77ba948/training-distances.csv","a71aa0bea7bb31507f732ea7b2f2e83794fd38a5abe909759b9a834d5ed7fa95","a71aa0bea7bb31507f732ea7b2f2e83794fd38a5abe909759b9a834d5ed7fa95",6403273,6403273,1786795709.6272,1786795709.6272,TRUE,TRUE,TRUE,"closed",FALSE
"mv06g_complete_resume_v1","groups/mv06f_group_v1_7f98730bc851a3c4b5877a38a69e20b88ee8343ccb135f89bd6440d8b77ba948/scales.csv","08d6c6a5138967c91d25ca466cad2999e3af53156e08ccdd0d756833d0f0351d","08d6c6a5138967c91d25ca466cad2999e3af53156e08ccdd0d756833d0f0351d",1096,1096,1786795709.63307,1786795709.63307,TRUE,TRUE,TRUE,"closed",FALSE
"mv06g_complete_resume_v1","groups/mv06f_group_v1_7f98730bc851a3c4b5877a38a69e20b88ee8343ccb135f89bd6440d8b77ba948/rankings.csv","d79d92f9f9032399c24e1cfd5837c72626563a41b57da33d384025be30ec8369","d79d92f9f9032399c24e1cfd5837c72626563a41b57da33d384025be30ec8369",496598,496598,1786795709.70292,1786795709.70292,TRUE,TRUE,TRUE,"closed",FALSE
"mv06g_complete_resume_v1","groups/mv06f_group_v1_7f98730bc851a3c4b5877a38a69e20b88ee8343ccb135f89bd6440d8b77ba948/metrics.csv","6fb365055aa3a4e33047a9086f2ead998f4953d62f1c2b7a77fce3d9ec13ad4a","6fb365055aa3a4e33047a9086f2ead998f4953d62f1c2b7a77fce3d9ec13ad4a",450,450,1786795709.71872,1786795709.71872,TRUE,TRUE,TRUE,"closed",FALSE
"mv06g_complete_resume_v1","groups/mv06f_group_v1_7f98730bc851a3c4b5877a38a69e20b88ee8343ccb135f89bd6440d8b77ba948/status.csv","322121b69f1433091b8cd9771ddba0e6af22ea5db459b97c2dadd15f3d033791","322121b69f1433091b8cd9771ddba0e6af22ea5db459b97c2dadd15f3d033791",1340,1340,1786795710.25531,1786795710.25531,TRUE,TRUE,TRUE,"closed",FALSE
"mv06g_complete_resume_v1","groups/mv06f_group_v1_858156269cc82adfd2a08d7f02843c6f20bd323c45d04d191db5b0daa8b2e98d/training-distances.csv","1a84ceca07b62c5808fe8d2fdfa1c788409c38e514601036dbc15de8cd9266be","1a84ceca07b62c5808fe8d2fdfa1c788409c38e514601036dbc15de8cd9266be",6403323,6403323,1786796016.4213,1786796016.4213,TRUE,TRUE,TRUE,"closed",FALSE
"mv06g_complete_resume_v1","groups/mv06f_group_v1_858156269cc82adfd2a08d7f02843c6f20bd323c45d04d191db5b0daa8b2e98d/scales.csv","7be03e9132932cb3c3f5547e87d7051b65193e58529f7e5c4c7ed00defa14c0f","7be03e9132932cb3c3f5547e87d7051b65193e58529f7e5c4c7ed00defa14c0f",1094,1094,1786796016.43283,1786796016.43283,TRUE,TRUE,TRUE,"closed",FALSE
"mv06g_complete_resume_v1","groups/mv06f_group_v1_858156269cc82adfd2a08d7f02843c6f20bd323c45d04d191db5b0daa8b2e98d/rankings.csv","7f5f3875535353916f7a64d5c5db17e071ca3a42158f62c6bbd5d517d9102c57","7f5f3875535353916f7a64d5c5db17e071ca3a42158f62c6bbd5d517d9102c57",496551,496551,1786796016.5147,1786796016.5147,TRUE,TRUE,TRUE,"closed",FALSE
"mv06g_complete_resume_v1","groups/mv06f_group_v1_858156269cc82adfd2a08d7f02843c6f20bd323c45d04d191db5b0daa8b2e98d/metrics.csv","3ba25b66234f0ebfaae1b770262b8082d4a10590ea037c4bef1205ef27692a8e","3ba25b66234f0ebfaae1b770262b8082d4a10590ea037c4bef1205ef27692a8e",450,450,1786796016.5147,1786796016.5147,TRUE,TRUE,TRUE,"closed",FALSE
"mv06g_complete_resume_v1","groups/mv06f_group_v1_858156269cc82adfd2a08d7f02843c6f20bd323c45d04d191db5b0daa8b2e98d/status.csv","1b612cea0bb036c673c062db303e006e0fa28402ab2d6cc10841849d55d12d66","1b612cea0bb036c673c062db303e006e0fa28402ab2d6cc10841849d55d12d66",1340,1340,1786796017.17243,1786796017.17243,TRUE,TRUE,TRUE,"closed",FALSE
"mv06g_complete_resume_v1","groups/mv06f_group_v1_26e9fae36393a93186d31abc4b743802345db6aeb2b3edea2a4bf19706d081fc/training-distances.csv","e792b8b7007353c54b3cceba33deda8d658c54b45236c6bf8d675c6a3b8e5fde","e792b8b7007353c54b3cceba33deda8d658c54b45236c6bf8d675c6a3b8e5fde",6403676,6403676,1786796333.20899,1786796333.20899,TRUE,TRUE,TRUE,"closed",FALSE
"mv06g_complete_resume_v1","groups/mv06f_group_v1_26e9fae36393a93186d31abc4b743802345db6aeb2b3edea2a4bf19706d081fc/scales.csv","005ce29a8ba5029ff7dbd23530c8984920085a4fe949793166e9d7cc84f964e3","005ce29a8ba5029ff7dbd23530c8984920085a4fe949793166e9d7cc84f964e3",1096,1096,1786796333.21411,1786796333.21411,TRUE,TRUE,TRUE,"closed",FALSE
"mv06g_complete_resume_v1","groups/mv06f_group_v1_26e9fae36393a93186d31abc4b743802345db6aeb2b3edea2a4bf19706d081fc/rankings.csv","ba2d360e91cddc4a0dd6f91edfbd124ffcf68c2d4dae4c088fedafa05650b52b","ba2d360e91cddc4a0dd6f91edfbd124ffcf68c2d4dae4c088fedafa05650b52b",496633,496633,1786796333.28162,1786796333.28162,TRUE,TRUE,TRUE,"closed",FALSE
"mv06g_complete_resume_v1","groups/mv06f_group_v1_26e9fae36393a93186d31abc4b743802345db6aeb2b3edea2a4bf19706d081fc/metrics.csv","1ea5463408ea90078b4bedd7ed23687eeab4a86522b62110523fd5d27432c6e9","1ea5463408ea90078b4bedd7ed23687eeab4a86522b62110523fd5d27432c6e9",450,450,1786796333.29763,1786796333.29763,TRUE,TRUE,TRUE,"closed",FALSE
"mv06g_complete_resume_v1","groups/mv06f_group_v1_26e9fae36393a93186d31abc4b743802345db6aeb2b3edea2a4bf19706d081fc/status.csv","fd82873aa9bd6d7156bfce390c8773d7fbea237ebf94315d005005bfa0021e3d","fd82873aa9bd6d7156bfce390c8773d7fbea237ebf94315d005005bfa0021e3d",1340,1340,1786796333.81246,1786796333.81246,TRUE,TRUE,TRUE,"closed",FALSE
"mv06g_complete_resume_v1","groups/mv06f_group_v1_21f527973cb03b4cf648798023bdf209b74e75c8e2f9c8b07f7591fec4e2ed05/training-distances.csv","c83c9d6fb2c7a45947cbc9b4383cdc6549f810b1c18bda8120eb0b8e7be4c914","c83c9d6fb2c7a45947cbc9b4383cdc6549f810b1c18bda8120eb0b8e7be4c914",6403173,6403173,1786796598.01568,1786796598.01568,TRUE,TRUE,TRUE,"closed",FALSE
"mv06g_complete_resume_v1","groups/mv06f_group_v1_21f527973cb03b4cf648798023bdf209b74e75c8e2f9c8b07f7591fec4e2ed05/scales.csv","a781ad5509211b2e33d00c7fc728762e4375c9279655ff5332af176e718f6c8c","a781ad5509211b2e33d00c7fc728762e4375c9279655ff5332af176e718f6c8c",1095,1095,1786796598.01568,1786796598.01568,TRUE,TRUE,TRUE,"closed",FALSE
"mv06g_complete_resume_v1","groups/mv06f_group_v1_21f527973cb03b4cf648798023bdf209b74e75c8e2f9c8b07f7591fec4e2ed05/rankings.csv","471d17ca77a4af3dc8bf46eb14451f04ab07686b73f4af4e1603fe0a789d037d","471d17ca77a4af3dc8bf46eb14451f04ab07686b73f4af4e1603fe0a789d037d",496087,496087,1786796598.09343,1786796598.09343,TRUE,TRUE,TRUE,"closed",FALSE
"mv06g_complete_resume_v1","groups/mv06f_group_v1_21f527973cb03b4cf648798023bdf209b74e75c8e2f9c8b07f7591fec4e2ed05/metrics.csv","70737155f972de345b36aca7c5177adcfd30805ab22eb616e10ad9bc0193daa0","70737155f972de345b36aca7c5177adcfd30805ab22eb616e10ad9bc0193daa0",450,450,1786796598.11158,1786796598.11158,TRUE,TRUE,TRUE,"closed",FALSE
"mv06g_complete_resume_v1","groups/mv06f_group_v1_21f527973cb03b4cf648798023bdf209b74e75c8e2f9c8b07f7591fec4e2ed05/status.csv","e8f258d854852b584153b18631dfd2a17126556fa55c0ca2b22b67a7ad85f9b4","e8f258d854852b584153b18631dfd2a17126556fa55c0ca2b22b67a7ad85f9b4",1340,1340,1786796598.68743,1786796598.68743,TRUE,TRUE,TRUE,"closed",FALSE
"mv06g_complete_resume_v1","groups/mv06f_group_v1_65db552c558c49ec5d0c47f6d7ec2a61a5fd041f16e959cb8fa76c0b8544aabe/training-distances.csv","4def8fbde86f67e505ec1b3f0543f52095d5f827f8ad219256adb647708ee5e7","4def8fbde86f67e505ec1b3f0543f52095d5f827f8ad219256adb647708ee5e7",6403345,6403345,1786796876.12509,1786796876.12509,TRUE,TRUE,TRUE,"closed",FALSE
"mv06g_complete_resume_v1","groups/mv06f_group_v1_65db552c558c49ec5d0c47f6d7ec2a61a5fd041f16e959cb8fa76c0b8544aabe/scales.csv","6490f6a13add85850615cd16e3b2b9812e1acde3966b7bdb908a93893f68e4f1","6490f6a13add85850615cd16e3b2b9812e1acde3966b7bdb908a93893f68e4f1",1095,1095,1786796876.12509,1786796876.12509,TRUE,TRUE,TRUE,"closed",FALSE
"mv06g_complete_resume_v1","groups/mv06f_group_v1_65db552c558c49ec5d0c47f6d7ec2a61a5fd041f16e959cb8fa76c0b8544aabe/rankings.csv","8b45427f4d565c4dd0ec0e85e47973471b34610df308a1f56ab1129941315134","8b45427f4d565c4dd0ec0e85e47973471b34610df308a1f56ab1129941315134",496073,496073,1786796876.21897,1786796876.21897,TRUE,TRUE,TRUE,"closed",FALSE
"mv06g_complete_resume_v1","groups/mv06f_group_v1_65db552c558c49ec5d0c47f6d7ec2a61a5fd041f16e959cb8fa76c0b8544aabe/metrics.csv","87d004e02c0acab39d89770d5f454431156a7e95ab4c7d8af982098bfa940f5d","87d004e02c0acab39d89770d5f454431156a7e95ab4c7d8af982098bfa940f5d",450,450,1786796876.21897,1786796876.21897,TRUE,TRUE,TRUE,"closed",FALSE
"mv06g_complete_resume_v1","groups/mv06f_group_v1_65db552c558c49ec5d0c47f6d7ec2a61a5fd041f16e959cb8fa76c0b8544aabe/status.csv","3f3ec7753db77057de84d6a1ff1ecef2b7cc592e8acd66b4bdb8734f642fec01","3f3ec7753db77057de84d6a1ff1ecef2b7cc592e8acd66b4bdb8734f642fec01",1340,1340,1786796876.82858,1786796876.82858,TRUE,TRUE,TRUE,"closed",FALSE
"mv06g_complete_resume_v1","groups/mv06f_group_v1_4f83938581758419ed8209945da5f962fafc84b0bf214808921e5c05521082b0/training-distances.csv","b58253d2f25a0e9eb377985436fd9543084f3f3adcbafc4689727abbcc082376","b58253d2f25a0e9eb377985436fd9543084f3f3adcbafc4689727abbcc082376",6403242,6403242,1786797150.45802,1786797150.45802,TRUE,TRUE,TRUE,"closed",FALSE
"mv06g_complete_resume_v1","groups/mv06f_group_v1_4f83938581758419ed8209945da5f962fafc84b0bf214808921e5c05521082b0/scales.csv","d2e1eb37b87a19b0638374ada4f47666daefd1e72714a984ca142376a0e397fb","d2e1eb37b87a19b0638374ada4f47666daefd1e72714a984ca142376a0e397fb",1095,1095,1786797150.45802,1786797150.45802,TRUE,TRUE,TRUE,"closed",FALSE
"mv06g_complete_resume_v1","groups/mv06f_group_v1_4f83938581758419ed8209945da5f962fafc84b0bf214808921e5c05521082b0/rankings.csv","916ac93173e2cd3106af0eb250bc55a6dc1c3898ecf59cff8eb4daa7f4a9217f","916ac93173e2cd3106af0eb250bc55a6dc1c3898ecf59cff8eb4daa7f4a9217f",496111,496111,1786797150.54717,1786797150.54717,TRUE,TRUE,TRUE,"closed",FALSE
"mv06g_complete_resume_v1","groups/mv06f_group_v1_4f83938581758419ed8209945da5f962fafc84b0bf214808921e5c05521082b0/metrics.csv","8078a57982d987a5edb97d7f8b866d142ffa6198523578cda2af476fb48335ae","8078a57982d987a5edb97d7f8b866d142ffa6198523578cda2af476fb48335ae",450,450,1786797150.54717,1786797150.54717,TRUE,TRUE,TRUE,"closed",FALSE
"mv06g_complete_resume_v1","groups/mv06f_group_v1_4f83938581758419ed8209945da5f962fafc84b0bf214808921e5c05521082b0/status.csv","a44a4edf310fc24037f25f39b6c64913c10cffdc509035d1452ab586d82bccdc","a44a4edf310fc24037f25f39b6c64913c10cffdc509035d1452ab586d82bccdc",1340,1340,1786797151.12601,1786797151.12601,TRUE,TRUE,TRUE,"closed",FALSE
"mv06g_complete_resume_v1","groups/mv06f_group_v1_17fd1f24ff364a54fccff2d22f96838374f3fe5948fd1034f5456890e4aab47c/training-distances.csv","b8d1b64bc801e947cfd8f17968ddc1e4acc28c5ceb13e128dfdb266a15483d55","b8d1b64bc801e947cfd8f17968ddc1e4acc28c5ceb13e128dfdb266a15483d55",6402852,6402852,1786797426.78776,1786797426.78776,TRUE,TRUE,TRUE,"closed",FALSE
"mv06g_complete_resume_v1","groups/mv06f_group_v1_17fd1f24ff364a54fccff2d22f96838374f3fe5948fd1034f5456890e4aab47c/scales.csv","d3f60e485e29fd3c38414e5842530518c293d725dc81d75a3ba4175c94416b1d","d3f60e485e29fd3c38414e5842530518c293d725dc81d75a3ba4175c94416b1d",1095,1095,1786797426.79276,1786797426.79276,TRUE,TRUE,TRUE,"closed",FALSE
"mv06g_complete_resume_v1","groups/mv06f_group_v1_17fd1f24ff364a54fccff2d22f96838374f3fe5948fd1034f5456890e4aab47c/rankings.csv","8ee4d590ef83731217500e145b0021f51603618bf15689fb8752feefbbd71c81","8ee4d590ef83731217500e145b0021f51603618bf15689fb8752feefbbd71c81",496062,496062,1786797426.86414,1786797426.86414,TRUE,TRUE,TRUE,"closed",FALSE
"mv06g_complete_resume_v1","groups/mv06f_group_v1_17fd1f24ff364a54fccff2d22f96838374f3fe5948fd1034f5456890e4aab47c/metrics.csv","1dbc8eb5a29f76ac451cb3ca81fdfccdd6f8ed96aea456fa192aa511b1738050","1dbc8eb5a29f76ac451cb3ca81fdfccdd6f8ed96aea456fa192aa511b1738050",449,449,1786797426.87727,1786797426.87727,TRUE,TRUE,TRUE,"closed",FALSE
"mv06g_complete_resume_v1","groups/mv06f_group_v1_17fd1f24ff364a54fccff2d22f96838374f3fe5948fd1034f5456890e4aab47c/status.csv","c9c371bc541d5d8d07c035b9b625de9c51a518a59b859d0ad981f0770ea3c845","c9c371bc541d5d8d07c035b9b625de9c51a518a59b859d0ad981f0770ea3c845",1340,1340,1786797427.46796,1786797427.46796,TRUE,TRUE,TRUE,"closed",FALSE
"mv06g_complete_resume_v1","groups/mv06f_group_v1_fdb4ac3c3aac4ab29b4c4ce6867e7142eed606f1fd9eaad9721efb5e9321faea/training-distances.csv","24c5b9a480f62295f524dca7ad7447ccc530fef86ec547f94a05873376713560","24c5b9a480f62295f524dca7ad7447ccc530fef86ec547f94a05873376713560",6403510,6403510,1786797702.51652,1786797702.51652,TRUE,TRUE,TRUE,"closed",FALSE
"mv06g_complete_resume_v1","groups/mv06f_group_v1_fdb4ac3c3aac4ab29b4c4ce6867e7142eed606f1fd9eaad9721efb5e9321faea/scales.csv","1697a46dbdc330e5aa9f68aacd18c43f7253bccae35fd320615fee97cb341565","1697a46dbdc330e5aa9f68aacd18c43f7253bccae35fd320615fee97cb341565",1093,1093,1786797702.51652,1786797702.51652,TRUE,TRUE,TRUE,"closed",FALSE
"mv06g_complete_resume_v1","groups/mv06f_group_v1_fdb4ac3c3aac4ab29b4c4ce6867e7142eed606f1fd9eaad9721efb5e9321faea/rankings.csv","9f06866b84a9674852d531947d441cc25cd3b8546ae67e667ce612290df913bb","9f06866b84a9674852d531947d441cc25cd3b8546ae67e667ce612290df913bb",496084,496084,1786797702.59347,1786797702.59347,TRUE,TRUE,TRUE,"closed",FALSE
"mv06g_complete_resume_v1","groups/mv06f_group_v1_fdb4ac3c3aac4ab29b4c4ce6867e7142eed606f1fd9eaad9721efb5e9321faea/metrics.csv","d7f517a89a9f7f7926c423fbe8502467399965354964b45f5a149019c2ac557c","d7f517a89a9f7f7926c423fbe8502467399965354964b45f5a149019c2ac557c",450,450,1786797702.59347,1786797702.59347,TRUE,TRUE,TRUE,"closed",FALSE
"mv06g_complete_resume_v1","groups/mv06f_group_v1_fdb4ac3c3aac4ab29b4c4ce6867e7142eed606f1fd9eaad9721efb5e9321faea/status.csv","e3c12b83ac52d5194cb624f7e16dfc9a7e0669ef50a56a5fabcfdc4f55f14f76","e3c12b83ac52d5194cb624f7e16dfc9a7e0669ef50a56a5fabcfdc4f55f14f76",1340,1340,1786797703.18847,1786797703.18847,TRUE,TRUE,TRUE,"closed",FALSE
"mv06g_complete_resume_v1","groups/mv06f_group_v1_40c94c4ae479a65d2ecc5fd5a87eebfce74dfc028dcb55b30b9e1fd409a01566/training-distances.csv","5e272c15bfc912c3184bb42ce8a65d03db2962efb1f4afa0282949aec1c8e1c6","5e272c15bfc912c3184bb42ce8a65d03db2962efb1f4afa0282949aec1c8e1c6",6550595,6550595,1786798013.98342,1786798013.98342,TRUE,TRUE,TRUE,"closed",FALSE
"mv06g_complete_resume_v1","groups/mv06f_group_v1_40c94c4ae479a65d2ecc5fd5a87eebfce74dfc028dcb55b30b9e1fd409a01566/scales.csv","6d9b97efd6b60a668f27a5b566d7856d0db82582a70ad8205f974243d8c2c8b8","6d9b97efd6b60a668f27a5b566d7856d0db82582a70ad8205f974243d8c2c8b8",1096,1096,1786798014.00067,1786798014.00067,TRUE,TRUE,TRUE,"closed",FALSE
"mv06g_complete_resume_v1","groups/mv06f_group_v1_40c94c4ae479a65d2ecc5fd5a87eebfce74dfc028dcb55b30b9e1fd409a01566/rankings.csv","1c9d5789dc0c63270918f8e1020b929f83f4446052453e6ea921768cd021df69","1c9d5789dc0c63270918f8e1020b929f83f4446052453e6ea921768cd021df69",251267,251267,1786798014.04213,1786798014.04213,TRUE,TRUE,TRUE,"closed",FALSE
"mv06g_complete_resume_v1","groups/mv06f_group_v1_40c94c4ae479a65d2ecc5fd5a87eebfce74dfc028dcb55b30b9e1fd409a01566/metrics.csv","feb6d53555b34822c7c5c157ff551da8888f69b72c2c84162ed19d5eb363a269","feb6d53555b34822c7c5c157ff551da8888f69b72c2c84162ed19d5eb363a269",448,448,1786798014.0464,1786798014.0464,TRUE,TRUE,TRUE,"closed",FALSE
"mv06g_complete_resume_v1","groups/mv06f_group_v1_40c94c4ae479a65d2ecc5fd5a87eebfce74dfc028dcb55b30b9e1fd409a01566/status.csv","4a7c8b9073bfe1c427a15ce1d4b2f9e3e0c081dbd43efe973412671c7d28b835","4a7c8b9073bfe1c427a15ce1d4b2f9e3e0c081dbd43efe973412671c7d28b835",1338,1338,1786798014.5947,1786798014.5947,TRUE,TRUE,TRUE,"closed",FALSE
"mv06g_complete_resume_v1","groups/mv06f_group_v1_c53b623686d3bd75d3d8788cf2ebb7b4ca18cb151fab35453c350aef230a6d22/training-distances.csv","b58284cb72dd3ffc0be21d9cb7b4c251b74ad351de5dc39fb9ac4eba3f13014f","b58284cb72dd3ffc0be21d9cb7b4c251b74ad351de5dc39fb9ac4eba3f13014f",6550745,6550745,1786798339.50785,1786798339.50785,TRUE,TRUE,TRUE,"closed",FALSE
"mv06g_complete_resume_v1","groups/mv06f_group_v1_c53b623686d3bd75d3d8788cf2ebb7b4ca18cb151fab35453c350aef230a6d22/scales.csv","2b352f0528dbc8a530880a7735826a43b34d8205e58c9ded8291b674baf843a7","2b352f0528dbc8a530880a7735826a43b34d8205e58c9ded8291b674baf843a7",1092,1092,1786798339.51386,1786798339.51386,TRUE,TRUE,TRUE,"closed",FALSE
"mv06g_complete_resume_v1","groups/mv06f_group_v1_c53b623686d3bd75d3d8788cf2ebb7b4ca18cb151fab35453c350aef230a6d22/rankings.csv","df5c6b92c077ffc2bf0d370cbfaaf3202aa43ba294fccf3060dfb19ca3905134","df5c6b92c077ffc2bf0d370cbfaaf3202aa43ba294fccf3060dfb19ca3905134",251278,251278,1786798339.54649,1786798339.54649,TRUE,TRUE,TRUE,"closed",FALSE
"mv06g_complete_resume_v1","groups/mv06f_group_v1_c53b623686d3bd75d3d8788cf2ebb7b4ca18cb151fab35453c350aef230a6d22/metrics.csv","013fb386d7b07ad0995bac1f41c62f78b6632020a2f037cba94c582870b65422","013fb386d7b07ad0995bac1f41c62f78b6632020a2f037cba94c582870b65422",448,448,1786798339.5625,1786798339.5625,TRUE,TRUE,TRUE,"closed",FALSE
"mv06g_complete_resume_v1","groups/mv06f_group_v1_c53b623686d3bd75d3d8788cf2ebb7b4ca18cb151fab35453c350aef230a6d22/status.csv","2f1e061f7275474b528a0dcf2d064177d1ecba96721dde5414e87e5f19d45e49","2f1e061f7275474b528a0dcf2d064177d1ecba96721dde5414e87e5f19d45e49",1338,1338,1786798340.09324,1786798340.09324,TRUE,TRUE,TRUE,"closed",FALSE
"mv06g_complete_resume_v1","groups/mv06f_group_v1_69e42b6be65a64765dce79348978f0d1ec6514d290d628388ebf976e93e46e18/training-distances.csv","aa611881fb9e8869648f5c1e166aee7dec49f2f56165809c31b371a5f91f51af","aa611881fb9e8869648f5c1e166aee7dec49f2f56165809c31b371a5f91f51af",6550741,6550741,1786798658.7497,1786798658.7497,TRUE,TRUE,TRUE,"closed",FALSE
"mv06g_complete_resume_v1","groups/mv06f_group_v1_69e42b6be65a64765dce79348978f0d1ec6514d290d628388ebf976e93e46e18/scales.csv","290366f8f96fcd5add08fe83a74956ad83a659b20652642bea4948e0afb9fda5","290366f8f96fcd5add08fe83a74956ad83a659b20652642bea4948e0afb9fda5",1096,1096,1786798658.7497,1786798658.7497,TRUE,TRUE,TRUE,"closed",FALSE
"mv06g_complete_resume_v1","groups/mv06f_group_v1_69e42b6be65a64765dce79348978f0d1ec6514d290d628388ebf976e93e46e18/rankings.csv","e25fd346d79c1e01a48a0782e14d1c71a5a11365e69357cac195ac8166e0a839","e25fd346d79c1e01a48a0782e14d1c71a5a11365e69357cac195ac8166e0a839",251294,251294,1786798658.79733,1786798658.79733,TRUE,TRUE,TRUE,"closed",FALSE
"mv06g_complete_resume_v1","groups/mv06f_group_v1_69e42b6be65a64765dce79348978f0d1ec6514d290d628388ebf976e93e46e18/metrics.csv","8f34e273fe0b8c0c75a99454cae991ce8a8a5fb86e3d72f551d71030145cbf5c","8f34e273fe0b8c0c75a99454cae991ce8a8a5fb86e3d72f551d71030145cbf5c",448,448,1786798658.79733,1786798658.79733,TRUE,TRUE,TRUE,"closed",FALSE
"mv06g_complete_resume_v1","groups/mv06f_group_v1_69e42b6be65a64765dce79348978f0d1ec6514d290d628388ebf976e93e46e18/status.csv","4a9c9cd105fd37406091e137b1784b44419a58de75cb9e8b34c92ce236364b44","4a9c9cd105fd37406091e137b1784b44419a58de75cb9e8b34c92ce236364b44",1338,1338,1786798659.37505,1786798659.37505,TRUE,TRUE,TRUE,"closed",FALSE
"mv06g_complete_resume_v1","groups/mv06f_group_v1_95e27080059f3b24238eed94f876764d5acd34995a5c3bb8c4058c60339e956f/training-distances.csv","7af311ec305ba1c10ba54529180ac8ad148552e684783bf66c85772e077aac1b","7af311ec305ba1c10ba54529180ac8ad148552e684783bf66c85772e077aac1b",6550293,6550293,1786798981.37398,1786798981.37398,TRUE,TRUE,TRUE,"closed",FALSE
"mv06g_complete_resume_v1","groups/mv06f_group_v1_95e27080059f3b24238eed94f876764d5acd34995a5c3bb8c4058c60339e956f/scales.csv","bdc389d58dec0525ecbb670eba6b25fa2980b982fb9878386dac31fb3e47abec","bdc389d58dec0525ecbb670eba6b25fa2980b982fb9878386dac31fb3e47abec",1095,1095,1786798981.37549,1786798981.37549,TRUE,TRUE,TRUE,"closed",FALSE
"mv06g_complete_resume_v1","groups/mv06f_group_v1_95e27080059f3b24238eed94f876764d5acd34995a5c3bb8c4058c60339e956f/rankings.csv","f527f129656e3911fb0cfa5eb938caaf59d9cf5e7cb179a89f3aa291724c65f1","f527f129656e3911fb0cfa5eb938caaf59d9cf5e7cb179a89f3aa291724c65f1",251304,251304,1786798981.40771,1786798981.40771,TRUE,TRUE,TRUE,"closed",FALSE
"mv06g_complete_resume_v1","groups/mv06f_group_v1_95e27080059f3b24238eed94f876764d5acd34995a5c3bb8c4058c60339e956f/metrics.csv","6dc3478caf872905886b8902e15894a9c11cd7e0abe41774b70e02fd1dec6645","6dc3478caf872905886b8902e15894a9c11cd7e0abe41774b70e02fd1dec6645",448,448,1786798981.4267,1786798981.4267,TRUE,TRUE,TRUE,"closed",FALSE
"mv06g_complete_resume_v1","groups/mv06f_group_v1_95e27080059f3b24238eed94f876764d5acd34995a5c3bb8c4058c60339e956f/status.csv","fb0a83c70b20c7a324d087ea5f9a0d7005dbc7f735554186f9eb43ef740e3078","fb0a83c70b20c7a324d087ea5f9a0d7005dbc7f735554186f9eb43ef740e3078",1338,1338,1786798981.92142,1786798981.92142,TRUE,TRUE,TRUE,"closed",FALSE
"mv06g_complete_resume_v1","groups/mv06f_group_v1_8b1db99677219a935760a8ea535e14facbd8c567b91e0802411a584a13a3d949/training-distances.csv","aee1a2d16c8a8ae1a64bcdfebb4b0c6a8ca1a51c61d8e599760b24bc10599b0c","aee1a2d16c8a8ae1a64bcdfebb4b0c6a8ca1a51c61d8e599760b24bc10599b0c",6550716,6550716,1786799306.51403,1786799306.51403,TRUE,TRUE,TRUE,"closed",FALSE
"mv06g_complete_resume_v1","groups/mv06f_group_v1_8b1db99677219a935760a8ea535e14facbd8c567b91e0802411a584a13a3d949/scales.csv","6a719c0dacc6299de77d4e5ff67daad77f686476b4670ea7bbe651c97d8b3f3c","6a719c0dacc6299de77d4e5ff67daad77f686476b4670ea7bbe651c97d8b3f3c",1093,1093,1786799306.51903,1786799306.51903,TRUE,TRUE,TRUE,"closed",FALSE
"mv06g_complete_resume_v1","groups/mv06f_group_v1_8b1db99677219a935760a8ea535e14facbd8c567b91e0802411a584a13a3d949/rankings.csv","86287dc69e05a5b8b5cc2e9cf4c63592ded89b08d515fe337f932fe33a0d8d80","86287dc69e05a5b8b5cc2e9cf4c63592ded89b08d515fe337f932fe33a0d8d80",251295,251295,1786799306.54593,1786799306.54593,TRUE,TRUE,TRUE,"closed",FALSE
"mv06g_complete_resume_v1","groups/mv06f_group_v1_8b1db99677219a935760a8ea535e14facbd8c567b91e0802411a584a13a3d949/metrics.csv","822031d46d52f0c31a808c6cb5c19bb1df03e18f8835ecace1985908f713c352","822031d46d52f0c31a808c6cb5c19bb1df03e18f8835ecace1985908f713c352",448,448,1786799306.56161,1786799306.56161,TRUE,TRUE,TRUE,"closed",FALSE
"mv06g_complete_resume_v1","groups/mv06f_group_v1_8b1db99677219a935760a8ea535e14facbd8c567b91e0802411a584a13a3d949/status.csv","b7a97c053e51289bff0cb894ac59c524cc0747f46cd8a0720c1b2b28267e54db","b7a97c053e51289bff0cb894ac59c524cc0747f46cd8a0720c1b2b28267e54db",1338,1338,1786799307.07734,1786799307.07734,TRUE,TRUE,TRUE,"closed",FALSE
"mv06g_complete_resume_v1","groups/mv06f_group_v1_c793b7010ab87434b5072064211deddcde07c9be1b7a80fd93c1e9015b866f02/training-distances.csv","79d6367f36f5054a9ffd597e5ed76bce3a3373bba57f0a5c1ca886a2657fe285","79d6367f36f5054a9ffd597e5ed76bce3a3373bba57f0a5c1ca886a2657fe285",6550717,6550717,1786799622.03922,1786799622.03922,TRUE,TRUE,TRUE,"closed",FALSE
"mv06g_complete_resume_v1","groups/mv06f_group_v1_c793b7010ab87434b5072064211deddcde07c9be1b7a80fd93c1e9015b866f02/scales.csv","c3e1bfb0e8420450bb4971788583764a461bca2b736c33e85802c594fbaf32cb","c3e1bfb0e8420450bb4971788583764a461bca2b736c33e85802c594fbaf32cb",1093,1093,1786799622.04749,1786799622.04749,TRUE,TRUE,TRUE,"closed",FALSE
"mv06g_complete_resume_v1","groups/mv06f_group_v1_c793b7010ab87434b5072064211deddcde07c9be1b7a80fd93c1e9015b866f02/rankings.csv","61f96c5ed23034d469243716dd2cdc9a67befe4ddff6d5a8a90efe083a9e7dbb","61f96c5ed23034d469243716dd2cdc9a67befe4ddff6d5a8a90efe083a9e7dbb",251260,251260,1786799622.08291,1786799622.08291,TRUE,TRUE,TRUE,"closed",FALSE
"mv06g_complete_resume_v1","groups/mv06f_group_v1_c793b7010ab87434b5072064211deddcde07c9be1b7a80fd93c1e9015b866f02/metrics.csv","50a89247b873fc9ab1597fb872349868606f3a4dec78a6722ad68f751287a1d7","50a89247b873fc9ab1597fb872349868606f3a4dec78a6722ad68f751287a1d7",448,448,1786799622.09496,1786799622.09496,TRUE,TRUE,TRUE,"closed",FALSE
"mv06g_complete_resume_v1","groups/mv06f_group_v1_c793b7010ab87434b5072064211deddcde07c9be1b7a80fd93c1e9015b866f02/status.csv","be2c8faef6fd1bdfe4f9ce0ca8e7bef99a90242b00b7b3b8ca3c477c48eb197a","be2c8faef6fd1bdfe4f9ce0ca8e7bef99a90242b00b7b3b8ca3c477c48eb197a",1338,1338,1786799622.59401,1786799622.59401,TRUE,TRUE,TRUE,"closed",FALSE
"mv06g_complete_resume_v1","groups/mv06f_group_v1_e9d8f80bb66d3fb206f6aeb8c36f29957eedafe40e451e2ac72d3714f65a8acf/training-distances.csv","01c686f8413be9a83f36198acf64a0ebb85e5b77b0832f7df0700f50d148c146","01c686f8413be9a83f36198acf64a0ebb85e5b77b0832f7df0700f50d148c146",6550766,6550766,1786799955.37501,1786799955.37501,TRUE,TRUE,TRUE,"closed",FALSE
"mv06g_complete_resume_v1","groups/mv06f_group_v1_e9d8f80bb66d3fb206f6aeb8c36f29957eedafe40e451e2ac72d3714f65a8acf/scales.csv","ad20c48f7fd60560271584459574fc7c38a2e6e43ef844e04f1186373c2d747c","ad20c48f7fd60560271584459574fc7c38a2e6e43ef844e04f1186373c2d747c",1095,1095,1786799955.37501,1786799955.37501,TRUE,TRUE,TRUE,"closed",FALSE
"mv06g_complete_resume_v1","groups/mv06f_group_v1_e9d8f80bb66d3fb206f6aeb8c36f29957eedafe40e451e2ac72d3714f65a8acf/rankings.csv","6dd024fcb916d45884648b2715d5b56bd1d10e24337fdddc8891a8002657bacc","6dd024fcb916d45884648b2715d5b56bd1d10e24337fdddc8891a8002657bacc",251259,251259,1786799955.42234,1786799955.42234,TRUE,TRUE,TRUE,"closed",FALSE
"mv06g_complete_resume_v1","groups/mv06f_group_v1_e9d8f80bb66d3fb206f6aeb8c36f29957eedafe40e451e2ac72d3714f65a8acf/metrics.csv","b768e501b59d3197c4c998b4913b6edc3a739a446661f1023449dbb0febe9815","b768e501b59d3197c4c998b4913b6edc3a739a446661f1023449dbb0febe9815",448,448,1786799955.43806,1786799955.43806,TRUE,TRUE,TRUE,"closed",FALSE
"mv06g_complete_resume_v1","groups/mv06f_group_v1_e9d8f80bb66d3fb206f6aeb8c36f29957eedafe40e451e2ac72d3714f65a8acf/status.csv","c870a498efe5124ca4f932c8a26710288453de73ddb5104fd04f02a70d61cb0e","c870a498efe5124ca4f932c8a26710288453de73ddb5104fd04f02a70d61cb0e",1338,1338,1786799955.98795,1786799955.98795,TRUE,TRUE,TRUE,"closed",FALSE
"mv06g_complete_resume_v1","groups/mv06f_group_v1_2c7ae95143a51c4c9f8893b45cff8f90ddf1ce6b61589a80a9d1638fe6c7ba56/training-distances.csv","cf9a4bb2e0e8a661daf290a73936441121bf04b1d38b14b9b897259bf416e46f","cf9a4bb2e0e8a661daf290a73936441121bf04b1d38b14b9b897259bf416e46f",6550755,6550755,1786800281.79801,1786800281.79801,TRUE,TRUE,TRUE,"closed",FALSE
"mv06g_complete_resume_v1","groups/mv06f_group_v1_2c7ae95143a51c4c9f8893b45cff8f90ddf1ce6b61589a80a9d1638fe6c7ba56/scales.csv","00241c613f1189faab15ace19ec3ac68783a9a29084ad7eaa092ca58c236f9b9","00241c613f1189faab15ace19ec3ac68783a9a29084ad7eaa092ca58c236f9b9",1094,1094,1786800281.79801,1786800281.79801,TRUE,TRUE,TRUE,"closed",FALSE
"mv06g_complete_resume_v1","groups/mv06f_group_v1_2c7ae95143a51c4c9f8893b45cff8f90ddf1ce6b61589a80a9d1638fe6c7ba56/rankings.csv","6f40ce060a3f140e80014929a84d9f14af5bdfe9bc0317c0d54bc0446ca35c83","6f40ce060a3f140e80014929a84d9f14af5bdfe9bc0317c0d54bc0446ca35c83",251235,251235,1786800281.84733,1786800281.84733,TRUE,TRUE,TRUE,"closed",FALSE
"mv06g_complete_resume_v1","groups/mv06f_group_v1_2c7ae95143a51c4c9f8893b45cff8f90ddf1ce6b61589a80a9d1638fe6c7ba56/metrics.csv","62e96459d466b4e44a82c7cd6d45883a6bef4e2b1bcbade0d075f81e58576cf9","62e96459d466b4e44a82c7cd6d45883a6bef4e2b1bcbade0d075f81e58576cf9",447,447,1786800281.84733,1786800281.84733,TRUE,TRUE,TRUE,"closed",FALSE
"mv06g_complete_resume_v1","groups/mv06f_group_v1_2c7ae95143a51c4c9f8893b45cff8f90ddf1ce6b61589a80a9d1638fe6c7ba56/status.csv","f5245c288ae60039b51b64d305975f4f07594d84356ce5bb4d8ecdc1eb608252","f5245c288ae60039b51b64d305975f4f07594d84356ce5bb4d8ecdc1eb608252",1338,1338,1786800282.3672,1786800282.3672,TRUE,TRUE,TRUE,"closed",FALSE
"mv06g_complete_resume_v1","groups/mv06f_group_v1_749214f11cc0677c3ba94b334137c000b303f5bf9daedb43f851a72879ea092f/training-distances.csv","0b7766df3d1ed9bbd39b382892afb0986a90b023d288a93a03aa7f8b7a79cb77","0b7766df3d1ed9bbd39b382892afb0986a90b023d288a93a03aa7f8b7a79cb77",6550494,6550494,1786800610.64523,1786800610.64523,TRUE,TRUE,TRUE,"closed",FALSE
"mv06g_complete_resume_v1","groups/mv06f_group_v1_749214f11cc0677c3ba94b334137c000b303f5bf9daedb43f851a72879ea092f/scales.csv","3a1fa5a5b682a634bfff589e20dbdf87ae0efa7ba36d8dc3d6ac9b52a513aa40","3a1fa5a5b682a634bfff589e20dbdf87ae0efa7ba36d8dc3d6ac9b52a513aa40",1095,1095,1786800610.66038,1786800610.66038,TRUE,TRUE,TRUE,"closed",FALSE
"mv06g_complete_resume_v1","groups/mv06f_group_v1_749214f11cc0677c3ba94b334137c000b303f5bf9daedb43f851a72879ea092f/rankings.csv","263c38aeb1072a7d5457bd235fa71a48888e18491d8d7d7e5ea25733f7fdbdf3","263c38aeb1072a7d5457bd235fa71a48888e18491d8d7d7e5ea25733f7fdbdf3",251265,251265,1786800610.70336,1786800610.70336,TRUE,TRUE,TRUE,"closed",FALSE
"mv06g_complete_resume_v1","groups/mv06f_group_v1_749214f11cc0677c3ba94b334137c000b303f5bf9daedb43f851a72879ea092f/metrics.csv","ca0b1db81460b692305f69bc305281829d5eeb1978c0930274baf9d77c2b4a1b","ca0b1db81460b692305f69bc305281829d5eeb1978c0930274baf9d77c2b4a1b",446,446,1786800610.70836,1786800610.70836,TRUE,TRUE,TRUE,"closed",FALSE
"mv06g_complete_resume_v1","groups/mv06f_group_v1_749214f11cc0677c3ba94b334137c000b303f5bf9daedb43f851a72879ea092f/status.csv","fe980a1de7e1aa5566f0fbdde1beabcff290f39c2e23bb98f29ccdee1836b0ed","fe980a1de7e1aa5566f0fbdde1beabcff290f39c2e23bb98f29ccdee1836b0ed",1338,1338,1786800611.23372,1786800611.23372,TRUE,TRUE,TRUE,"closed",FALSE
"mv06g_complete_resume_v1","groups/mv06f_group_v1_b8729188472e8be912368e20d0030e2712552ceec52882c79ddf627da7dac6a0/training-distances.csv","93ca8c8872159fabb38c29c6138fdd5e736bc2717b67003d32f6b4dad5b86de8","93ca8c8872159fabb38c29c6138fdd5e736bc2717b67003d32f6b4dad5b86de8",6550954,6550954,1786800940.21866,1786800940.21866,TRUE,TRUE,TRUE,"closed",FALSE
"mv06g_complete_resume_v1","groups/mv06f_group_v1_b8729188472e8be912368e20d0030e2712552ceec52882c79ddf627da7dac6a0/scales.csv","9c127533e68ea5d6a0e5afd346f7726fc79594925188a2062cbd32af4944843c","9c127533e68ea5d6a0e5afd346f7726fc79594925188a2062cbd32af4944843c",1094,1094,1786800940.23443,1786800940.23443,TRUE,TRUE,TRUE,"closed",FALSE
"mv06g_complete_resume_v1","groups/mv06f_group_v1_b8729188472e8be912368e20d0030e2712552ceec52882c79ddf627da7dac6a0/rankings.csv","67a0f3da3f1dc778d0b5079c785e453f22bc556fe5f5e526da0fb5fcab3a8393","67a0f3da3f1dc778d0b5079c785e453f22bc556fe5f5e526da0fb5fcab3a8393",251245,251245,1786800940.28027,1786800940.28027,TRUE,TRUE,TRUE,"closed",FALSE
"mv06g_complete_resume_v1","groups/mv06f_group_v1_b8729188472e8be912368e20d0030e2712552ceec52882c79ddf627da7dac6a0/metrics.csv","3718170b6cafc3c754ca769cf8aae761ca33a28271efe92e786dc82b96a52166","3718170b6cafc3c754ca769cf8aae761ca33a28271efe92e786dc82b96a52166",448,448,1786800940.28027,1786800940.28027,TRUE,TRUE,TRUE,"closed",FALSE
"mv06g_complete_resume_v1","groups/mv06f_group_v1_b8729188472e8be912368e20d0030e2712552ceec52882c79ddf627da7dac6a0/status.csv","d4556a53a836ab03087cfbd2d94d896bdd30736dbfa2f38ada3be02926c518c4","d4556a53a836ab03087cfbd2d94d896bdd30736dbfa2f38ada3be02926c518c4",1338,1338,1786800940.8226,1786800940.8226,TRUE,TRUE,TRUE,"closed",FALSE
"mv06g_complete_resume_v1","metrics/mv06f_group_v1_1fdd87ee5e65ad31c7f286b5b15dc9e13314d98d6ca81e353781a52bde5bbac7__resource.csv","ef6a2069ec22220b4d4dbc6e25534ac8df200280dc329c556d825897afbe2f40","ef6a2069ec22220b4d4dbc6e25534ac8df200280dc329c556d825897afbe2f40",1163,1163,1786779764.25696,1786779764.25696,TRUE,TRUE,TRUE,"closed",FALSE
"mv06g_complete_resume_v1","metrics/mv06f_group_v1_dd313858dc9ffd6ea3fc525acd499918846e034806bcae3cf04bca1a95132065__resource.csv","23a31412e7e1bbbd173cc5706b469bdfacdae3b4db9d1f65b5c898658d6474d9","23a31412e7e1bbbd173cc5706b469bdfacdae3b4db9d1f65b5c898658d6474d9",1164,1164,1786779960.00001,1786779960.00001,TRUE,TRUE,TRUE,"closed",FALSE
"mv06g_complete_resume_v1","metrics/mv06f_group_v1_9b2d1f39b561e50dc627020719820107f43f2cdc3fead74850072e711dbdb665__resource.csv","80b495a6c1fbad45bfdf7213c0df47c1248d94138d0bf395090f00d9f00e76df","80b495a6c1fbad45bfdf7213c0df47c1248d94138d0bf395090f00d9f00e76df",1164,1164,1786780155.64068,1786780155.64068,TRUE,TRUE,TRUE,"closed",FALSE
"mv06g_complete_resume_v1","metrics/mv06f_group_v1_93330cf105cfdf4e425ea228174eeb758ac21ca417d1e649f537e74682c1de67__resource.csv","5c028b98a64c289c581b6cbb427efb159d83c467e5e0740c6fc6531dce109a5e","5c028b98a64c289c581b6cbb427efb159d83c467e5e0740c6fc6531dce109a5e",1164,1164,1786780349.42188,1786780349.42188,TRUE,TRUE,TRUE,"closed",FALSE
"mv06g_complete_resume_v1","metrics/mv06f_group_v1_2519b46581f7f2c91691fbe8e7b5d3dee98d00bdf38dace46a96d025dd694b26__resource.csv","558bddff1810a3df0f3b8da5de1eddfed17906182e09d2927cd9a98159f0bc93","558bddff1810a3df0f3b8da5de1eddfed17906182e09d2927cd9a98159f0bc93",1164,1164,1786780631.90735,1786780631.90735,TRUE,TRUE,TRUE,"closed",FALSE
"mv06g_complete_resume_v1","metrics/mv06f_group_v1_46fb2e2ee24ce2b14b9bc31f5f076ac7240b86ef871227f8e2593e9eb8444f66__resource.csv","f9c1cf678502bcd6194286eb003f9772e3f939612bb3cc303a3c8c90fd093be7","f9c1cf678502bcd6194286eb003f9772e3f939612bb3cc303a3c8c90fd093be7",1164,1164,1786780925.36001,1786780925.36001,TRUE,TRUE,TRUE,"closed",FALSE
"mv06g_complete_resume_v1","metrics/mv06f_group_v1_92c24466932dbbdc2c20c1f18664eb2ed4b07f5c013dfdeee20ed9381a6fcdd3__resource.csv","9c7eea1dc0dd4916e62b0e66ccfd0858954e8a82e35c2d089097368abbe8f79d","9c7eea1dc0dd4916e62b0e66ccfd0858954e8a82e35c2d089097368abbe8f79d",1164,1164,1786781212.76526,1786781212.76526,TRUE,TRUE,TRUE,"closed",FALSE
"mv06g_complete_resume_v1","metrics/mv06f_group_v1_394be69720fe1c8d1f1079746d7f8b512262c954632e11fbbc488f93697ebc15__resource.csv","ba140d0a2c5036a2a56164cfdd26f5dec69c25edb8abf30e9a491dd37288c5ff","ba140d0a2c5036a2a56164cfdd26f5dec69c25edb8abf30e9a491dd37288c5ff",1164,1164,1786781491.21369,1786781491.21369,TRUE,TRUE,TRUE,"closed",FALSE
"mv06g_complete_resume_v1","metrics/mv06f_group_v1_028dc0fb6bf19467f7d7f98b72c2b356b558ae4647763fd9f96ad1022346d34d__resource.csv","34269b0d232d2a012385b909532ffa059b82e60de069fcda4fd788ca9d1a19c0","34269b0d232d2a012385b909532ffa059b82e60de069fcda4fd788ca9d1a19c0",1165,1165,1786781773.82232,1786781773.82232,TRUE,TRUE,TRUE,"closed",FALSE
"mv06g_complete_resume_v1","metrics/mv06f_group_v1_202da4b3725f8981b02bd1b53a07055ab079a4f3995ae4e5cb4fb7f60dacc4b0__resource.csv","46c96f96f08c47e1699941b07078b5e894618aa745dda0c5d747a54d4b9d1085","46c96f96f08c47e1699941b07078b5e894618aa745dda0c5d747a54d4b9d1085",1165,1165,1786782053.54905,1786782053.54905,TRUE,TRUE,TRUE,"closed",FALSE
"mv06g_complete_resume_v1","metrics/mv06f_group_v1_19131b37e2c9b21894c06d7dc933e65aabe3b75b6453cf2e3b9dee1c9a75c621__resource.csv","1a0bca7accb72ce0d23d586bea976b656913d80a1594caf58c7e3b6261fa8839","1a0bca7accb72ce0d23d586bea976b656913d80a1594caf58c7e3b6261fa8839",1165,1165,1786782343.48322,1786782343.48322,TRUE,TRUE,TRUE,"closed",FALSE
"mv06g_complete_resume_v1","metrics/mv06f_group_v1_adc0117d4c99bc1eb26bbec46d2d7790b200f9d4b3f46b85da022e89cae1fdad__resource.csv","07584d36dc1ddc621a7eaf7e316a7ed90e74e07807c9392d756aa8bf52e41ac4","07584d36dc1ddc621a7eaf7e316a7ed90e74e07807c9392d756aa8bf52e41ac4",1165,1165,1786782629.65632,1786782629.65632,TRUE,TRUE,TRUE,"closed",FALSE
"mv06g_complete_resume_v1","metrics/mv06f_group_v1_2dbd4707322a9b93d461f93a522f7dd079fc0403847d8fbbccc4697db12de23d__resource.csv","53ce753c83a00f4494224cc36a2054a28ca0db3d615f4b6ffc0b194897dc219b","53ce753c83a00f4494224cc36a2054a28ca0db3d615f4b6ffc0b194897dc219b",1165,1165,1786782914.62587,1786782914.62587,TRUE,TRUE,TRUE,"closed",FALSE
"mv06g_complete_resume_v1","metrics/mv06f_group_v1_edecded5b1ae4d084e6e5d13df954c48b837df89a4a4f667c7487242425bf2a0__resource.csv","cc22a0e9f0a0c8af6d107096492c3b0c4deedca7157cec7cb57061ac156d24f1","cc22a0e9f0a0c8af6d107096492c3b0c4deedca7157cec7cb57061ac156d24f1",1166,1166,1786783202.41445,1786783202.41445,TRUE,TRUE,TRUE,"closed",FALSE
"mv06g_complete_resume_v1","metrics/mv06f_group_v1_6a6c02b897dc8af3a16c5599cb993b923d68d2c2bf3e7784cb65c01aaea7bf78__resource.csv","639aa839718ce92ef472259ec4d2fd587d54a429742b877adbef16a4b1a50c74","639aa839718ce92ef472259ec4d2fd587d54a429742b877adbef16a4b1a50c74",1166,1166,1786783443.03171,1786783443.03171,TRUE,TRUE,TRUE,"closed",FALSE
"mv06g_complete_resume_v1","metrics/mv06f_group_v1_43f741b24882a216e9dea3995eff9193f316a6de993f9d242ea71e63ef10688e__resource.csv","c8014eccb4f040ce4c28d0540375e8c6958654629778d29d817150d27082bbf7","c8014eccb4f040ce4c28d0540375e8c6958654629778d29d817150d27082bbf7",1166,1166,1786783694.35949,1786783694.35949,TRUE,TRUE,TRUE,"closed",FALSE
"mv06g_complete_resume_v1","metrics/mv06f_group_v1_6173ccea6d63851b2e9b82720bd8ede9dc2c3a7eac0ee941069a06c0bba1f6ef__resource.csv","b73ded66869d728a8f5022cb55ec0e1ba3899399ac07efb3116654c63dd54978","b73ded66869d728a8f5022cb55ec0e1ba3899399ac07efb3116654c63dd54978",1166,1166,1786783944.53216,1786783944.53216,TRUE,TRUE,TRUE,"closed",FALSE
"mv06g_complete_resume_v1","metrics/mv06f_group_v1_83857e729b5c915d1730fa26a699f3c51f7b46c4e5c022a9d6a0b39dfd18b7a4__resource.csv","9a15f14119b0251afbca5f3bd487710a1d6c57d6365909f43f39a0d4f9cd910d","9a15f14119b0251afbca5f3bd487710a1d6c57d6365909f43f39a0d4f9cd910d",1166,1166,1786784194.03231,1786784194.03231,TRUE,TRUE,TRUE,"closed",FALSE
"mv06g_complete_resume_v1","metrics/mv06f_group_v1_217c8c9c0c930f18f2771bf0196d626a14dfd0c03b58ff35e9c3f6305c982c6c__resource.csv","b328b51bcba6e6059faf8cad0419adf0bbb278750f6a3cda7fb4c80b801439fa","b328b51bcba6e6059faf8cad0419adf0bbb278750f6a3cda7fb4c80b801439fa",1164,1164,1786784445.76626,1786784445.76626,TRUE,TRUE,TRUE,"closed",FALSE
"mv06g_complete_resume_v1","metrics/mv06f_group_v1_fc5d677c53b007825795a532217a7a0b304d1ba194ed55ac2b9453bb46528caf__resource.csv","0957b10ad9ba5690801a6f6fe342c81530359f029e86dcad62eef81e0eb1e176","0957b10ad9ba5690801a6f6fe342c81530359f029e86dcad62eef81e0eb1e176",1166,1166,1786784734.86265,1786784734.86265,TRUE,TRUE,TRUE,"closed",FALSE
"mv06g_complete_resume_v1","metrics/mv06f_group_v1_d3489bd29f963998a866f656c34b28ad83f39f428edb2044db6ba7d6c74b497e__resource.csv","3fc67d8ddb73dd215756374ea8a483f8e758e538d15804ea4f78a8da81d0f061","3fc67d8ddb73dd215756374ea8a483f8e758e538d15804ea4f78a8da81d0f061",1166,1166,1786785037.09366,1786785037.09366,TRUE,TRUE,TRUE,"closed",FALSE
"mv06g_complete_resume_v1","metrics/mv06f_group_v1_f626f7a23c0da9442869073a8d1578ff762ca365755279f9d24c91fa42f02744__resource.csv","e0d54bc8c44ec88f8f54061dc7ab8af168e7b473f8170a886364057b89835924","e0d54bc8c44ec88f8f54061dc7ab8af168e7b473f8170a886364057b89835924",1166,1166,1786785338.04768,1786785338.04768,TRUE,TRUE,TRUE,"closed",FALSE
"mv06g_complete_resume_v1","metrics/mv06f_group_v1_4098ac5af058ba0e221a63270e46cf59c3d75ced53824e13d228750b93a14176__resource.csv","b8e950f3ef874ca267a76997a4cc9332abffe09c74b8baec7dfba3c7c97c24af","b8e950f3ef874ca267a76997a4cc9332abffe09c74b8baec7dfba3c7c97c24af",1166,1166,1786785639.00046,1786785639.00046,TRUE,TRUE,TRUE,"closed",FALSE
"mv06g_complete_resume_v1","metrics/mv06f_group_v1_5a583b2218848b65208a9a6bb9aa69dedba69c7379bc71dbcb10d07756fb8843__resource.csv","049c9743b1dba53f8def7b424072234b68847d62607be30208174879007c943e","049c9743b1dba53f8def7b424072234b68847d62607be30208174879007c943e",1166,1166,1786785943.78731,1786785943.78731,TRUE,TRUE,TRUE,"closed",FALSE
"mv06g_complete_resume_v1","metrics/mv06f_group_v1_4a29e4b73f9837e3269f46e4075ba7ff92d136a44fb18445e29ea5b5f700bfa2__resource.csv","72f79aa8d08edfc0f751aaa9a4f14d6e203560b68f648a02ea92bf1f986455bb","72f79aa8d08edfc0f751aaa9a4f14d6e203560b68f648a02ea92bf1f986455bb",1166,1166,1786786203.29713,1786786203.29713,TRUE,TRUE,TRUE,"closed",FALSE
"mv06g_complete_resume_v1","metrics/mv06f_group_v1_ec04a019520b47f2e06bf36357157ac681485db225c863b875fd8e2d310da587__resource.csv","e990efcdc2b073bd1b2c0e174d39d7997f60dd8621919270f2b5fd61790f8d33","e990efcdc2b073bd1b2c0e174d39d7997f60dd8621919270f2b5fd61790f8d33",1166,1166,1786786472.46912,1786786472.46912,TRUE,TRUE,TRUE,"closed",FALSE
"mv06g_complete_resume_v1","metrics/mv06f_group_v1_14fb892565d0e046e4f9b8d2c6d6b9d9c24776387fbb25b43a88653832bd6895__resource.csv","49fcf03492344e68344f8b6c10e10c8f78008b6db5fd0bdc51d3d2512ed14e9e","49fcf03492344e68344f8b6c10e10c8f78008b6db5fd0bdc51d3d2512ed14e9e",1166,1166,1786786741.23986,1786786741.23986,TRUE,TRUE,TRUE,"closed",FALSE
"mv06g_complete_resume_v1","metrics/mv06f_group_v1_b9a686861c0049811aba93c5669c920ee9e142f21c8983a3eda62f8ad8c2fe35__resource.csv","a1dcb5a2bb8d709c1645a5f4712489936dc36551a76c1cee588f0302609d19f6","a1dcb5a2bb8d709c1645a5f4712489936dc36551a76c1cee588f0302609d19f6",1166,1166,1786787003.04722,1786787003.04722,TRUE,TRUE,TRUE,"closed",FALSE
"mv06g_complete_resume_v1","metrics/mv06f_group_v1_1e66635d25e45e7b660e0e417cd56eb8bb7b90dd253e8ea2933a93d071a3246e__resource.csv","7ef5a24002f679f9182edcff21f8cb9828fc66ef074d0c7511d96ba11f036822","7ef5a24002f679f9182edcff21f8cb9828fc66ef074d0c7511d96ba11f036822",1166,1166,1786787272.79778,1786787272.79778,TRUE,TRUE,TRUE,"closed",FALSE
"mv06g_complete_resume_v1","metrics/mv06f_group_v1_d304d55fbbeecada17b0184224dbc522eb17057a70285626d680398bca6c7311__resource.csv","ca39b9cd43a45bb1272c64a6bae34e79fd51a5133274a7b69cd775f2f64d4b6b","ca39b9cd43a45bb1272c64a6bae34e79fd51a5133274a7b69cd775f2f64d4b6b",1166,1166,1786787558.19299,1786787558.19299,TRUE,TRUE,TRUE,"closed",FALSE
"mv06g_complete_resume_v1","metrics/mv06f_group_v1_8b800627d811646f9472d9260770ed37b83dc236ffed9e1813ac7260311bd47f__resource.csv","7ae111cf12b5ec20662d8486f58cea326f1f88d9ab4327d095b2eaddd564aa61","7ae111cf12b5ec20662d8486f58cea326f1f88d9ab4327d095b2eaddd564aa61",1166,1166,1786787855.70026,1786787855.70026,TRUE,TRUE,TRUE,"closed",FALSE
"mv06g_complete_resume_v1","metrics/mv06f_group_v1_bc2aeeeec6ce6575b33720400a79676dfa60324239fa9519cbb499dfbbb17d19__resource.csv","b9432334a4f133485f305595e416cf1a1a0d342cd84b3cf4b0660a0d95ddcc3d","b9432334a4f133485f305595e416cf1a1a0d342cd84b3cf4b0660a0d95ddcc3d",1166,1166,1786788151.88942,1786788151.88942,TRUE,TRUE,TRUE,"closed",FALSE
"mv06g_complete_resume_v1","metrics/mv06f_group_v1_0abaf23bf5f9aceb799f79a130c507eb63193b7b91fea50dcea035bb293f6e8b__resource.csv","50d170a07665f4bafa4fe33f469dc21b5eb2ef98786af0edd55bbe16e2bc4937","50d170a07665f4bafa4fe33f469dc21b5eb2ef98786af0edd55bbe16e2bc4937",1166,1166,1786788454.90546,1786788454.90546,TRUE,TRUE,TRUE,"closed",FALSE
"mv06g_complete_resume_v1","metrics/mv06f_group_v1_b78f7ac00ffefcaac391af0c8d588f9cc57926b694039c636d2ad434be3f160f__resource.csv","6c94a423daf7ac8fbe437743741967b36ed391e3e6297e081d7e87e23c5332a8","6c94a423daf7ac8fbe437743741967b36ed391e3e6297e081d7e87e23c5332a8",1165,1165,1786788751.67106,1786788751.67106,TRUE,TRUE,TRUE,"closed",FALSE
"mv06g_complete_resume_v1","metrics/mv06f_group_v1_08aeeee1d79b188b7a96f0c88bc767f2822336c2522b90bf8ac3d4d0afa42f7a__resource.csv","3093830fd910d20b5d569a7fd8043232b830344db75f40e1ad8390fd8bb94bb0","3093830fd910d20b5d569a7fd8043232b830344db75f40e1ad8390fd8bb94bb0",1166,1166,1786789044.20761,1786789044.20761,TRUE,TRUE,TRUE,"closed",FALSE
"mv06g_complete_resume_v1","metrics/mv06f_group_v1_628f707eace53f1d02d05a05644916cc933549085f579059062942a87fcd9eca__resource.csv","db4a0079637f7dc13d760e6d25e6ff34426d8a8cb727397e52e4eebe0ee676f2","db4a0079637f7dc13d760e6d25e6ff34426d8a8cb727397e52e4eebe0ee676f2",1166,1166,1786789353.61922,1786789353.61922,TRUE,TRUE,TRUE,"closed",FALSE
"mv06g_complete_resume_v1","metrics/mv06f_group_v1_2b10e2be129d09113bb6c23c209180089b1bd0f3ac7e6ffc536079bc415a339a__resource.csv","62600b5dcdea51adac779bb6cdc059baf1c874b8da2fc232e971c0214b82c7be","62600b5dcdea51adac779bb6cdc059baf1c874b8da2fc232e971c0214b82c7be",1166,1166,1786789660.34338,1786789660.34338,TRUE,TRUE,TRUE,"closed",FALSE
"mv06g_complete_resume_v1","metrics/mv06f_group_v1_b2ec6de7ae421895363f86584f6524280ade79aad6163f33a880d2d726cb3d41__resource.csv","03934b4d718963bb6609603508570cbb88f191787f0af516b6d051a424359e70","03934b4d718963bb6609603508570cbb88f191787f0af516b6d051a424359e70",1166,1166,1786789961.76727,1786789961.76727,TRUE,TRUE,TRUE,"closed",FALSE
"mv06g_complete_resume_v1","metrics/mv06f_group_v1_68df8117e967bda08f592eb2b4f3b8c96d1ca88c8a15b69375c613e716797ff5__resource.csv","4853389760c5cab4526bbfdafaa746094e7e3cf2e2f918dc7a18e945b85d30bd","4853389760c5cab4526bbfdafaa746094e7e3cf2e2f918dc7a18e945b85d30bd",1166,1166,1786790269.11034,1786790269.11034,TRUE,TRUE,TRUE,"closed",FALSE
"mv06g_complete_resume_v1","metrics/mv06f_group_v1_67858282214382f3e8fecbe28b794feda7d00799e52ae46575d632bd59d1a89d__resource.csv","b2a82932eaa0aa86b330c0b3c3f6fbaf3b296cc0e87c218bf188112c3650e039","b2a82932eaa0aa86b330c0b3c3f6fbaf3b296cc0e87c218bf188112c3650e039",1166,1166,1786790567.8604,1786790567.8604,TRUE,TRUE,TRUE,"closed",FALSE
"mv06g_complete_resume_v1","metrics/mv06f_group_v1_72b53f6e0ccff94d9f8001599e1f0b63e3899733f72abd2a0ae993a4aa728f92__resource.csv","c8487f0f842a0bbc13c89675d4ad9161ad40f1ba0374f9da75dfebbd32882dfc","c8487f0f842a0bbc13c89675d4ad9161ad40f1ba0374f9da75dfebbd32882dfc",1166,1166,1786790879.90607,1786790879.90607,TRUE,TRUE,TRUE,"closed",FALSE
"mv06g_complete_resume_v1","metrics/mv06f_group_v1_d3aca232b73eac7590da85aca6ed36bbaa8cb555c51a2af05b1b6b2711f016fb__resource.csv","1add415ff9d85100a447d41bf694248b3efe5cc83616091175cf4d600ce337c1","1add415ff9d85100a447d41bf694248b3efe5cc83616091175cf4d600ce337c1",1166,1166,1786791198.19455,1786791198.19455,TRUE,TRUE,TRUE,"closed",FALSE
"mv06g_complete_resume_v1","metrics/mv06f_group_v1_0c65f3e6ca263a121de390bfa47bfaedc051687a0b4d8632d1f5de0bf24b0c27__resource.csv","249accad8cb6608dc9114113c76d03b8789518adecdb2e4b287a1e8a57322464","249accad8cb6608dc9114113c76d03b8789518adecdb2e4b287a1e8a57322464",1166,1166,1786791505.30359,1786791505.30359,TRUE,TRUE,TRUE,"closed",FALSE
"mv06g_complete_resume_v1","metrics/mv06f_group_v1_9722d70aa65c60ce06d827661afae22ca2c6afd162f76211a329575a4538d33a__resource.csv","4ce2f813fad90b1cf30f2717f5fbf7fd3396cf4d2aea404ff25c1035a463bf11","4ce2f813fad90b1cf30f2717f5fbf7fd3396cf4d2aea404ff25c1035a463bf11",1165,1165,1786791828.57859,1786791828.57859,TRUE,TRUE,TRUE,"closed",FALSE
"mv06g_complete_resume_v1","metrics/mv06f_group_v1_6890cbf2d67487dad1516f5ef4d3e8620e6da73cfdb37bbad27e7fa0f7f2b64d__resource.csv","1894b106ad5dcab3a7a0b72d620cdd142d4382bd88b14e45070e9eb1f99cd2d1","1894b106ad5dcab3a7a0b72d620cdd142d4382bd88b14e45070e9eb1f99cd2d1",1166,1166,1786792118.8215,1786792118.8215,TRUE,TRUE,TRUE,"closed",FALSE
"mv06g_complete_resume_v1","metrics/mv06f_group_v1_feb1d3ce88f5a474c58f20177f96e7f850b252d2098154e139f88ce674094444__resource.csv","ac8087d8f9a16b6b73d764c865a2df1e3d037722d5cf950faf160152f986cfbb","ac8087d8f9a16b6b73d764c865a2df1e3d037722d5cf950faf160152f986cfbb",1166,1166,1786792410.42182,1786792410.42182,TRUE,TRUE,TRUE,"closed",FALSE
"mv06g_complete_resume_v1","metrics/mv06f_group_v1_2734ab2f32b3459bc66508c10d7583fac02ce0425b342d73efe7f3f4f4b4aa68__resource.csv","4cbfed43dabdf865404baeda1a7c1b39d27a50939bb26b10edd1cb033b7b3bbf","4cbfed43dabdf865404baeda1a7c1b39d27a50939bb26b10edd1cb033b7b3bbf",1166,1166,1786792700.5222,1786792700.5222,TRUE,TRUE,TRUE,"closed",FALSE
"mv06g_complete_resume_v1","metrics/mv06f_group_v1_2c78a35b51ec2615beb82313010a9d9489057c3a225aa923f16e3228468dd8ae__resource.csv","197f4a438f9ee5a2f0adfaac7723b0486463b863801f8bd40db47e597d2636f2","197f4a438f9ee5a2f0adfaac7723b0486463b863801f8bd40db47e597d2636f2",1166,1166,1786792991.20278,1786792991.20278,TRUE,TRUE,TRUE,"closed",FALSE
"mv06g_complete_resume_v1","metrics/mv06f_group_v1_fbca3ade46a2dd671380df8e7fb07714bab96d9c8c8a9e0c9a579422ee8ec53c__resource.csv","7e89f24cf8391ac4ac5d1d86b12ab1a55c9630c71b0c8cdd149f082a751611cb","7e89f24cf8391ac4ac5d1d86b12ab1a55c9630c71b0c8cdd149f082a751611cb",1166,1166,1786793283.10935,1786793283.10935,TRUE,TRUE,TRUE,"closed",FALSE
"mv06g_complete_resume_v1","metrics/mv06f_group_v1_e1a65ad83356a04ea2dd1bff442eff5fc682ce4897045040aac220e3ec0dcbe0__resource.csv","e19a3d351531e2e435f550479965b747e11ec8b1c7ffe6c1f3523f3909f5accf","e19a3d351531e2e435f550479965b747e11ec8b1c7ffe6c1f3523f3909f5accf",1166,1166,1786793576.17903,1786793576.17903,TRUE,TRUE,TRUE,"closed",FALSE
"mv06g_complete_resume_v1","metrics/mv06f_group_v1_decdd91d6aa94de71f4716651259b472a2a02d1143c6d51510d1e1803ca7cfc8__resource.csv","9cfedca162191a813b00ce45cdf82101247b67b060f86f309af364edc613b252","9cfedca162191a813b00ce45cdf82101247b67b060f86f309af364edc613b252",1166,1166,1786793881.93887,1786793881.93887,TRUE,TRUE,TRUE,"closed",FALSE
"mv06g_complete_resume_v1","metrics/mv06f_group_v1_fd89439b152e8788780776a6f491f20ad5cc8e695711224d8309ad92615d4f61__resource.csv","d2a4788340c36b45efe0c4287a24dcba5812904f00f468226249025c6c1a2ca9","d2a4788340c36b45efe0c4287a24dcba5812904f00f468226249025c6c1a2ca9",1166,1166,1786794184.74944,1786794184.74944,TRUE,TRUE,TRUE,"closed",FALSE
"mv06g_complete_resume_v1","metrics/mv06f_group_v1_17bbb301c021120de90a2c3d676bcfeae639ab4348df09976064649e75aa25f1__resource.csv","e9bc29d1eefa7f35f6fc4bc76e488181b3e0c45691424e5ed35e08552028f09d","e9bc29d1eefa7f35f6fc4bc76e488181b3e0c45691424e5ed35e08552028f09d",1166,1166,1786794485.6567,1786794485.6567,TRUE,TRUE,TRUE,"closed",FALSE
"mv06g_complete_resume_v1","metrics/mv06f_group_v1_8a1c1fd1ec6c38fff930224001e8780cb6a3f77aa66359987eeb8b7e7b8dc7a6__resource.csv","bbd99f5dee55cbb4d9f9b78a3a02e118147ef408289fd4447e069678d9e76edc","bbd99f5dee55cbb4d9f9b78a3a02e118147ef408289fd4447e069678d9e76edc",1166,1166,1786794792.09416,1786794792.09416,TRUE,TRUE,TRUE,"closed",FALSE
"mv06g_complete_resume_v1","metrics/mv06f_group_v1_7c19ff1e3d0cc1f6840e8dc812b71fe9aa67efc7dcfe7452f3b7d9e5ee2002d2__resource.csv","6c955b56ec1bddac88b3d03a75d19ed9e6ec4e977d957e0e0749d1e568bb1801","6c955b56ec1bddac88b3d03a75d19ed9e6ec4e977d957e0e0749d1e568bb1801",1166,1166,1786795100.66181,1786795100.66181,TRUE,TRUE,TRUE,"closed",FALSE
"mv06g_complete_resume_v1","metrics/mv06f_group_v1_7dbadc56fbd61636fcb998ad170213953cc29b6852148b25b739630b0a399b4e__resource.csv","0fc09284e41c73a9bc4a9a6ebd8f4d7cf9b1c7c6a5f969bdf161539d4ce6f132","0fc09284e41c73a9bc4a9a6ebd8f4d7cf9b1c7c6a5f969bdf161539d4ce6f132",1164,1164,1786795412.23481,1786795412.23481,TRUE,TRUE,TRUE,"closed",FALSE
"mv06g_complete_resume_v1","metrics/mv06f_group_v1_7f98730bc851a3c4b5877a38a69e20b88ee8343ccb135f89bd6440d8b77ba948__resource.csv","28dd1e42cebc86798f8b8cdf59ee6e3e49145baba85ceac24e323a82fa944c33","28dd1e42cebc86798f8b8cdf59ee6e3e49145baba85ceac24e323a82fa944c33",1166,1166,1786795716.88945,1786795716.88945,TRUE,TRUE,TRUE,"closed",FALSE
"mv06g_complete_resume_v1","metrics/mv06f_group_v1_858156269cc82adfd2a08d7f02843c6f20bd323c45d04d191db5b0daa8b2e98d__resource.csv","e751f16caf6adae7c8b6f2bdc4c33159caaa1fed127409536e52395f8c14c18c","e751f16caf6adae7c8b6f2bdc4c33159caaa1fed127409536e52395f8c14c18c",1166,1166,1786796025.87104,1786796025.87104,TRUE,TRUE,TRUE,"closed",FALSE
"mv06g_complete_resume_v1","metrics/mv06f_group_v1_26e9fae36393a93186d31abc4b743802345db6aeb2b3edea2a4bf19706d081fc__resource.csv","fe96fcf99733bda10cd41b45bed05d6f95e486368ace34276dcd478bb9cf5526","fe96fcf99733bda10cd41b45bed05d6f95e486368ace34276dcd478bb9cf5526",1165,1165,1786796343.95809,1786796343.95809,TRUE,TRUE,TRUE,"closed",FALSE
"mv06g_complete_resume_v1","metrics/mv06f_group_v1_21f527973cb03b4cf648798023bdf209b74e75c8e2f9c8b07f7591fec4e2ed05__resource.csv","af21be855585c52c7d4f91435e16eab7b57477854153027ac7cd4a0bb010b0c8","af21be855585c52c7d4f91435e16eab7b57477854153027ac7cd4a0bb010b0c8",1164,1164,1786796609.75139,1786796609.75139,TRUE,TRUE,TRUE,"closed",FALSE
"mv06g_complete_resume_v1","metrics/mv06f_group_v1_65db552c558c49ec5d0c47f6d7ec2a61a5fd041f16e959cb8fa76c0b8544aabe__resource.csv","d67b506e675690d06a307ef16685305d46cbcbdd4ad683a82afe7b9cca0a0732","d67b506e675690d06a307ef16685305d46cbcbdd4ad683a82afe7b9cca0a0732",1166,1166,1786796886.95345,1786796886.95345,TRUE,TRUE,TRUE,"closed",FALSE
"mv06g_complete_resume_v1","metrics/mv06f_group_v1_4f83938581758419ed8209945da5f962fafc84b0bf214808921e5c05521082b0__resource.csv","ded65be740fec917367efb884a2266c17c8c814e8a0c82b2f4773e48bf146e46","ded65be740fec917367efb884a2266c17c8c814e8a0c82b2f4773e48bf146e46",1166,1166,1786797161.34323,1786797161.34323,TRUE,TRUE,TRUE,"closed",FALSE
"mv06g_complete_resume_v1","metrics/mv06f_group_v1_17fd1f24ff364a54fccff2d22f96838374f3fe5948fd1034f5456890e4aab47c__resource.csv","369a7156ac32d8af880515d1aad130c14bdb4e355f847ef49fe878c93b3c92d5","369a7156ac32d8af880515d1aad130c14bdb4e355f847ef49fe878c93b3c92d5",1166,1166,1786797435.82806,1786797435.82806,TRUE,TRUE,TRUE,"closed",FALSE
"mv06g_complete_resume_v1","metrics/mv06f_group_v1_fdb4ac3c3aac4ab29b4c4ce6867e7142eed606f1fd9eaad9721efb5e9321faea__resource.csv","d69601665e133608e52332991ec457684179b0c34710a35c8e95e79969b9cbf9","d69601665e133608e52332991ec457684179b0c34710a35c8e95e79969b9cbf9",1166,1166,1786797714.18738,1786797714.18738,TRUE,TRUE,TRUE,"closed",FALSE
"mv06g_complete_resume_v1","metrics/mv06f_group_v1_40c94c4ae479a65d2ecc5fd5a87eebfce74dfc028dcb55b30b9e1fd409a01566__resource.csv","051212d970c0bfd726d8efe872e5bbe7c76fde808ed2c5857de2b151e96337e5","051212d970c0bfd726d8efe872e5bbe7c76fde808ed2c5857de2b151e96337e5",1165,1165,1786798025.56205,1786798025.56205,TRUE,TRUE,TRUE,"closed",FALSE
"mv06g_complete_resume_v1","metrics/mv06f_group_v1_c53b623686d3bd75d3d8788cf2ebb7b4ca18cb151fab35453c350aef230a6d22__resource.csv","7ceadd1787cd954607cbe9c5d7158dfb5b3f827701d4db8bfd21af22ae72989b","7ceadd1787cd954607cbe9c5d7158dfb5b3f827701d4db8bfd21af22ae72989b",1166,1166,1786798347.89131,1786798347.89131,TRUE,TRUE,TRUE,"closed",FALSE
"mv06g_complete_resume_v1","metrics/mv06f_group_v1_69e42b6be65a64765dce79348978f0d1ec6514d290d628388ebf976e93e46e18__resource.csv","55e18389110b00f553030b1379e6f515ff5806985e2a60dd3f0bbeb60320c0c3","55e18389110b00f553030b1379e6f515ff5806985e2a60dd3f0bbeb60320c0c3",1166,1166,1786798670.5277,1786798670.5277,TRUE,TRUE,TRUE,"closed",FALSE
"mv06g_complete_resume_v1","metrics/mv06f_group_v1_95e27080059f3b24238eed94f876764d5acd34995a5c3bb8c4058c60339e956f__resource.csv","77a03727476ab45a883ac24c83ed6f20d40440b5513a72ceb70a7d9862195e00","77a03727476ab45a883ac24c83ed6f20d40440b5513a72ceb70a7d9862195e00",1166,1166,1786798993.49942,1786798993.49942,TRUE,TRUE,TRUE,"closed",FALSE
"mv06g_complete_resume_v1","metrics/mv06f_group_v1_8b1db99677219a935760a8ea535e14facbd8c567b91e0802411a584a13a3d949__resource.csv","f849a7cc6dbee9a722b9c21dbadc8c36d0050baf9fc271dc2e91579b2582ddb6","f849a7cc6dbee9a722b9c21dbadc8c36d0050baf9fc271dc2e91579b2582ddb6",1166,1166,1786799316.21901,1786799316.21901,TRUE,TRUE,TRUE,"closed",FALSE
"mv06g_complete_resume_v1","metrics/mv06f_group_v1_c793b7010ab87434b5072064211deddcde07c9be1b7a80fd93c1e9015b866f02__resource.csv","5812e73bd8da29fd6c3ac6f0d081b3714d6a041171255184105b0f1a0e712371","5812e73bd8da29fd6c3ac6f0d081b3714d6a041171255184105b0f1a0e712371",1166,1166,1786799630.57752,1786799630.57752,TRUE,TRUE,TRUE,"closed",FALSE
"mv06g_complete_resume_v1","metrics/mv06f_group_v1_e9d8f80bb66d3fb206f6aeb8c36f29957eedafe40e451e2ac72d3714f65a8acf__resource.csv","67d1e771b938be7ae415d4a23643e450a889dc59ccdf70736297d2b715c44420","67d1e771b938be7ae415d4a23643e450a889dc59ccdf70736297d2b715c44420",1166,1166,1786799965.89012,1786799965.89012,TRUE,TRUE,TRUE,"closed",FALSE
"mv06g_complete_resume_v1","metrics/mv06f_group_v1_2c7ae95143a51c4c9f8893b45cff8f90ddf1ce6b61589a80a9d1638fe6c7ba56__resource.csv","c234d4c638982b47cb22f1cdc212451fe59193cc618513dd0801490216b20c59","c234d4c638982b47cb22f1cdc212451fe59193cc618513dd0801490216b20c59",1166,1166,1786800294.46863,1786800294.46863,TRUE,TRUE,TRUE,"closed",FALSE
"mv06g_complete_resume_v1","metrics/mv06f_group_v1_749214f11cc0677c3ba94b334137c000b303f5bf9daedb43f851a72879ea092f__resource.csv","c62523dfbe1ead8a8003538682cff7531e6336bd3df2096a4ef81a16b8dc7425","c62523dfbe1ead8a8003538682cff7531e6336bd3df2096a4ef81a16b8dc7425",1166,1166,1786800622.46899,1786800622.46899,TRUE,TRUE,TRUE,"closed",FALSE
"mv06g_complete_resume_v1","metrics/mv06f_group_v1_b8729188472e8be912368e20d0030e2712552ceec52882c79ddf627da7dac6a0__resource.csv","34dfdd044e3dd30cf86a6792991e3769c38062df8dd6b2c559967f852e9e7365","34dfdd044e3dd30cf86a6792991e3769c38062df8dd6b2c559967f852e9e7365",1165,1165,1786800948.78165,1786800948.78165,TRUE,TRUE,TRUE,"closed",FALSE
"mv06g_complete_resume_v1","canonical-metrics.csv","49e2d05f157c2a0d9fdbaf3247a6aeef35f2100331acd9df9b261a3fb28beddf","49e2d05f157c2a0d9fdbaf3247a6aeef35f2100331acd9df9b261a3fb28beddf",50919,50919,1786801137.4219,1786801137.4219,TRUE,TRUE,TRUE,"closed",FALSE
