"contract_id","artifact_origin","job_id","bytes","sha256","independently_validated","h0_mst_passed","outcome_label_state","biological_outcomes_computed"
"mv08w_full_ph_inventory_v1","mv08t","mv08r_ph:external8:HCA_BM_001:20260805:sct_data_selected384_fit_same_axis:common475:cell_topology_v1",27463,"f77cd256a7b5e0864a3636ef2b51709c00802698194bb4d7dbe9f50c4d66d6e2",TRUE,TRUE,"closed",FALSE
"mv08w_full_ph_inventory_v1","mv08t","mv08r_ph:external8:HCA_BM_001:20260805:sct_data_selected384_fit_same_axis:common475:gene_topology_v1",41341,"0694e8047a4f392ae1c9c470c7a01f802b31da95282e65e8054fcc5ad1b8e550",TRUE,TRUE,"closed",FALSE
"mv08w_full_ph_inventory_v1","mv08t","mv08r_ph:external8:HCA_BM_002:20260805:sct_data_selected384_fit_same_axis:common475:cell_topology_v1",28443,"f6b0400322458c9c80e0486aeb29af1ec5ee114cd302842bb53ca42ff26267c5",TRUE,TRUE,"closed",FALSE
"mv08w_full_ph_inventory_v1","mv08t","mv08r_ph:external8:HCA_BM_002:20260805:sct_data_selected384_fit_same_axis:common475:gene_topology_v1",58729,"54be350cc223bacd0973b1f1fa0100880777c617a3248d0d9a5c2a5fcfa499b7",TRUE,TRUE,"closed",FALSE
"mv08w_full_ph_inventory_v1","mv08t","mv08r_ph:external8:HCA_BM_003:20260805:sct_data_selected384_fit_same_axis:common475:cell_topology_v1",29283,"280ad43943f59a797a4f30cd284b1d4d42727593e08e49a8cb892d2f591ac7f0",TRUE,TRUE,"closed",FALSE
"mv08w_full_ph_inventory_v1","mv08t","mv08r_ph:external8:HCA_BM_003:20260805:sct_data_selected384_fit_same_axis:common475:gene_topology_v1",43429,"28e2f5972f616226912bd293caf4ab9a536ab53940899b327a478f11e8b29f07",TRUE,TRUE,"closed",FALSE
"mv08w_full_ph_inventory_v1","mv08t","mv08r_ph:external8:HCA_BM_004:20260805:sct_data_selected384_fit_same_axis:common475:cell_topology_v1",27918,"33a08d898ccbc3b67bc79e3417c316f65a782f5def9c89b57b56a8c7cb6e01cb",TRUE,TRUE,"closed",FALSE
"mv08w_full_ph_inventory_v1","mv08t","mv08r_ph:external8:HCA_BM_004:20260805:sct_data_selected384_fit_same_axis:common475:gene_topology_v1",43861,"cc6555ac6ac3383cc78af4f2ca57f837a8266827c842f59a9713570bb8624ecb",TRUE,TRUE,"closed",FALSE
"mv08w_full_ph_inventory_v1","mv08t","mv08r_ph:external8:HCA_BM_005:20260805:sct_data_selected384_fit_same_axis:common475:cell_topology_v1",26973,"128f631f2d4a8861a0459ab037929d43bce268b7a1a453bb0a78ca4f64a4570e",TRUE,TRUE,"closed",FALSE
"mv08w_full_ph_inventory_v1","mv08t","mv08r_ph:external8:HCA_BM_005:20260805:sct_data_selected384_fit_same_axis:common475:gene_topology_v1",37039,"2d2e539746a1195eb3d1b9a0d5a17e884dc9fb638052527847a7f75d9099d3a1",TRUE,TRUE,"closed",FALSE
"mv08w_full_ph_inventory_v1","mv08t","mv08r_ph:external8:HCA_BM_006:20260805:sct_data_selected384_fit_same_axis:common475:cell_topology_v1",28863,"6f370869d848713cb44ae5b1af2b40a1f0ab6b450301d10760ffdfb9492fa85b",TRUE,TRUE,"closed",FALSE
"mv08w_full_ph_inventory_v1","mv08t","mv08r_ph:external8:HCA_BM_006:20260805:sct_data_selected384_fit_same_axis:common475:gene_topology_v1",50017,"f8732d5dc14250d7a46591b6f5f1e18fddd536b18d3c8e169b1c85d3c8193c76",TRUE,TRUE,"closed",FALSE
"mv08w_full_ph_inventory_v1","mv08t","mv08r_ph:external8:HCA_BM_007:20260805:sct_data_selected384_fit_same_axis:common475:cell_topology_v1",30263,"298096ca19a751b386122d44758ed2152e2f05c45dedd8f43490c82df91c81ab",TRUE,TRUE,"closed",FALSE
"mv08w_full_ph_inventory_v1","mv08t","mv08r_ph:external8:HCA_BM_007:20260805:sct_data_selected384_fit_same_axis:common475:gene_topology_v1",55237,"21ff6525c3afe5e38df30652100c01f87d012e1ab62b388ed7f5b5f883ae29c9",TRUE,TRUE,"closed",FALSE
"mv08w_full_ph_inventory_v1","mv08t","mv08r_ph:external8:HCA_BM_008:20260805:sct_data_selected384_fit_same_axis:common475:cell_topology_v1",28373,"27cb3da49223a37b85c93c2a5f19cc16694b9873e8cc4165988630946994eaf3",TRUE,TRUE,"closed",FALSE
"mv08w_full_ph_inventory_v1","mv08t","mv08r_ph:external8:HCA_BM_008:20260805:sct_data_selected384_fit_same_axis:common475:gene_topology_v1",40981,"63819e6715112d1b4c64f510bf376ec023dd23fb42bae1f141528848608934dc",TRUE,TRUE,"closed",FALSE
"mv08w_full_ph_inventory_v1","mv08t","mv08r_ph:external8:HCA_BM_002:20260805:sct_data_all_qc_fit_selected384:common475:gene_topology_v1",59634,"88cfd6bf982255efd75fd7493c4ea3246d410606054662313496ea26da36d6f1",TRUE,TRUE,"closed",FALSE
"mv08w_full_ph_inventory_v1","mv08t","mv08r_ph:external8:HCA_BM_002:20260805:sct_pearson_residual_all_qc_fit_selected384:common475:gene_topology_v1",51162,"32c1f43fc69257bad64bb3f9665009b5283239254764bdd8f271ca921a232137",TRUE,TRUE,"closed",FALSE
"mv08w_full_ph_inventory_v1","mv08t","mv08r_ph:external8:HCA_BM_002:20260805:sct_pearson_residual_all_qc_fit_selected384:exact500:gene_topology_v1",55830,"7b513ac163e70c4e757bdec4753319874f1338a0e21bcdaafd30b3ff0a8782eb",TRUE,TRUE,"closed",FALSE
"mv08w_full_ph_inventory_v1","mv08t","mv08r_ph:internal124:SRA628554_SRS2664364:20260805:sct_data_all_qc_fit_selected384:exact500:gene_topology_v1",137956,"3361c8e894610f665ad0550f645cba5a2b38576427d927afa6bf312995a308c8",TRUE,TRUE,"closed",FALSE
"mv08w_full_ph_inventory_v1","mv08t","mv08r_ph:internal124:SRA628554_SRS2664364:20260805:sct_pearson_residual_all_qc_fit_selected384:exact500:gene_topology_v1",136504,"fc661bad600340f2657529983a21c6f7d89eb5b713705a0af59ddea3b15e0309",TRUE,TRUE,"closed",FALSE
"mv08w_full_ph_inventory_v1","mv08t","mv08r_ph:internal124:SRA628554_SRS2664364:20260806:sct_data_all_qc_fit_selected384:exact500:gene_topology_v1",134572,"a87002543189d48e1b5453fe695b9eafecacac8207604decc73256f563709c22",TRUE,TRUE,"closed",FALSE
"mv08w_full_ph_inventory_v1","mv08t","mv08r_ph:internal124:SRA628554_SRS2664364:20260806:sct_pearson_residual_all_qc_fit_selected384:exact500:gene_topology_v1",137548,"cb446a7f47ed49488c3a6b40cb4efc28cee25306982a1abed5487e49dff66796",TRUE,TRUE,"closed",FALSE
"mv08w_full_ph_inventory_v1","mv08v","mv08r_ph:external8:HCA_BM_001:20260805:sct_data_all_qc_fit_selected384:common475:gene_topology_v1",40518,"50398bd6ca42e974f9dd22f38faa5efc3949a523eaa33f5e276d0bc0666491c5",TRUE,TRUE,"closed",FALSE
"mv08w_full_ph_inventory_v1","mv08v","mv08r_ph:external8:HCA_BM_001:20260805:sct_pearson_residual_all_qc_fit_selected384:common475:gene_topology_v1",39102,"778caa497f0e1f319f6e5bd24460538678cd6fea203278cfa9723a9cc58d26d0",TRUE,TRUE,"closed",FALSE
"mv08w_full_ph_inventory_v1","mv08v","mv08r_ph:external8:HCA_BM_003:20260805:sct_data_all_qc_fit_selected384:common475:gene_topology_v1",42822,"606da9c1a9bf3e68a99c5c966c25cc957387ff30f088cfba4f68459428363988",TRUE,TRUE,"closed",FALSE
"mv08w_full_ph_inventory_v1","mv08v","mv08r_ph:external8:HCA_BM_003:20260805:sct_pearson_residual_all_qc_fit_selected384:common475:gene_topology_v1",42630,"916535bd03c445c8beb0afeaf8d3661d69dc9ebc412113e1bcd4f7cfc4749b14",TRUE,TRUE,"closed",FALSE
"mv08w_full_ph_inventory_v1","mv08v","mv08r_ph:external8:HCA_BM_004:20260805:sct_data_all_qc_fit_selected384:common475:gene_topology_v1",43758,"aafb5d9ebb872df1322b5c4c5ea404b1be9c72e3abcb4c6efd0760a472ff2a95",TRUE,TRUE,"closed",FALSE
"mv08w_full_ph_inventory_v1","mv08v","mv08r_ph:external8:HCA_BM_004:20260805:sct_pearson_residual_all_qc_fit_selected384:common475:gene_topology_v1",41910,"6d79756d9efe73e1d77780e6a6b17bd00a97136c5d09125e07dfd55f75d73b45",TRUE,TRUE,"closed",FALSE
"mv08w_full_ph_inventory_v1","mv08v","mv08r_ph:external8:HCA_BM_005:20260805:sct_data_all_qc_fit_selected384:common475:gene_topology_v1",34663,"cafdc5ad7b8d32dc84d59fdf0532eae1a499c40ca6f572e3274ffcb7c3c06afe",TRUE,TRUE,"closed",FALSE
"mv08w_full_ph_inventory_v1","mv08v","mv08r_ph:external8:HCA_BM_005:20260805:sct_pearson_residual_all_qc_fit_selected384:common475:gene_topology_v1",37242,"f1e2f2801f258c4e551c294bd231f66913d79dc369eadd951d4dcb72dd15c870",TRUE,TRUE,"closed",FALSE
"mv08w_full_ph_inventory_v1","mv08v","mv08r_ph:external8:HCA_BM_006:20260805:sct_data_all_qc_fit_selected384:common475:gene_topology_v1",50418,"d692f12f14c0ce09081b0df73316eebf669e8504ec3c604d113295baaf0223f1",TRUE,TRUE,"closed",FALSE
"mv08w_full_ph_inventory_v1","mv08v","mv08r_ph:external8:HCA_BM_006:20260805:sct_pearson_residual_all_qc_fit_selected384:common475:gene_topology_v1",47166,"d3dde64c231b1fbcff7c232d95746809f42878bdc273534e9a6dae8f6a4ffb28",TRUE,TRUE,"closed",FALSE
"mv08w_full_ph_inventory_v1","mv08v","mv08r_ph:external8:HCA_BM_007:20260805:sct_data_all_qc_fit_selected384:common475:gene_topology_v1",55530,"521998651b149ca66790d482d2496626d9701eb397ebb7f627673def7afc0df8",TRUE,TRUE,"closed",FALSE
"mv08w_full_ph_inventory_v1","mv08v","mv08r_ph:external8:HCA_BM_007:20260805:sct_pearson_residual_all_qc_fit_selected384:common475:gene_topology_v1",48246,"a22e4a68436c6c3952d42f3a57dced366abbbad6683774e2e400136b3c608229",TRUE,TRUE,"closed",FALSE
"mv08w_full_ph_inventory_v1","mv08v","mv08r_ph:external8:HCA_BM_008:20260805:sct_data_all_qc_fit_selected384:common475:gene_topology_v1",41490,"ead3bc5d3e7106fcd60d62ff578d561240ad1be28dd543cab0e21b52d2a5c635",TRUE,TRUE,"closed",FALSE
"mv08w_full_ph_inventory_v1","mv08v","mv08r_ph:external8:HCA_BM_008:20260805:sct_pearson_residual_all_qc_fit_selected384:common475:gene_topology_v1",39210,"7b0c8532cb8fe5c3b53004285d0e0682ebcd7972540cb0d5ee8ad8005665ba4d",TRUE,TRUE,"closed",FALSE
"mv08w_full_ph_inventory_v1","mv08v","mv08r_ph:external8:HCA_BM_001:20260805:sct_pearson_residual_all_qc_fit_selected384:exact500:gene_topology_v1",43050,"c7508672749a6e9668053ecc41543d90c85bbc5ff25edbfbaa329c954549770a",TRUE,TRUE,"closed",FALSE
"mv08w_full_ph_inventory_v1","mv08v","mv08r_ph:external8:HCA_BM_003:20260805:sct_pearson_residual_all_qc_fit_selected384:exact500:gene_topology_v1",47262,"8a7029ca7b2c10e621d9e26255a2604f67c1b3383df5283182b273bb1fbc6597",TRUE,TRUE,"closed",FALSE
"mv08w_full_ph_inventory_v1","mv08v","mv08r_ph:external8:HCA_BM_004:20260805:sct_pearson_residual_all_qc_fit_selected384:exact500:gene_topology_v1",45426,"5fa0b08fc08a574e4a979616666bfd05b9d5b182957b2ff4bfc651985a11ecbe",TRUE,TRUE,"closed",FALSE
"mv08w_full_ph_inventory_v1","mv08v","mv08r_ph:external8:HCA_BM_005:20260805:sct_pearson_residual_all_qc_fit_selected384:exact500:gene_topology_v1",40998,"056bb40e96f30cb2abf5d01e006726026ec335d8c8536874e6fb7ab900ce131d",TRUE,TRUE,"closed",FALSE
"mv08w_full_ph_inventory_v1","mv08v","mv08r_ph:external8:HCA_BM_006:20260805:sct_pearson_residual_all_qc_fit_selected384:exact500:gene_topology_v1",51366,"93dbdb00b60f78f7cd46b7e617e24848ee4caf697f1c266d1f78170e9c01fe6d",TRUE,TRUE,"closed",FALSE
"mv08w_full_ph_inventory_v1","mv08v","mv08r_ph:external8:HCA_BM_007:20260805:sct_pearson_residual_all_qc_fit_selected384:exact500:gene_topology_v1",52662,"3801590287503b6d49ee69a2cbc0a1f421b910704b224c865ba31e0d021ace1c",TRUE,TRUE,"closed",FALSE
"mv08w_full_ph_inventory_v1","mv08v","mv08r_ph:external8:HCA_BM_008:20260805:sct_pearson_residual_all_qc_fit_selected384:exact500:gene_topology_v1",44382,"64d81aff6d511414383525401e67cf2c4b169efe440e1e955a9242357cb224bb",TRUE,TRUE,"closed",FALSE
"mv08w_full_ph_inventory_v1","mv08v","mv08r_ph:internal124:SRA550660_SRS2089635:20260805:sct_pearson_residual_all_qc_fit_selected384:exact500:gene_topology_v1",94852,"392e554f2b7a42ae0795d4f962c7913ea45d10c0e1452cef441a3317b19c4233",TRUE,TRUE,"closed",FALSE
"mv08w_full_ph_inventory_v1","mv08v","mv08r_ph:internal124:SRA550660_SRS2089635:20260806:sct_pearson_residual_all_qc_fit_selected384:exact500:gene_topology_v1",93088,"986e6dced9dbc9d874632c6c49e2fb759669938d6f824d97c6d35b1c45354fa1",TRUE,TRUE,"closed",FALSE
"mv08w_full_ph_inventory_v1","mv08v","mv08r_ph:internal124:SRA550660_SRS2089635:20260807:sct_pearson_residual_all_qc_fit_selected384:exact500:gene_topology_v1",95464,"0f0c1675b7eb6d2429b657fce5fbb1dce0e7331a9cc08723c2e48f11c0820c7c",TRUE,TRUE,"closed",FALSE
"mv08w_full_ph_inventory_v1","mv08v","mv08r_ph:internal124:SRA550660_SRS2089635:20260808:sct_pearson_residual_all_qc_fit_selected384:exact500:gene_topology_v1",97048,"4ff1cd863a8ec5c5fc8cfe89308acbe289fa498a3beff5d5363a421df8389675",TRUE,TRUE,"closed",FALSE
"mv08w_full_ph_inventory_v1","mv08v","mv08r_ph:internal124:SRA550660_SRS2089635:20260809:sct_pearson_residual_all_qc_fit_selected384:exact500:gene_topology_v1",94420,"e350ae8f9eff1020b3faab362a096e9c86622548ab1cdf75d47939b87ba6239c",TRUE,TRUE,"closed",FALSE
"mv08w_full_ph_inventory_v1","mv08v","mv08r_ph:internal124:SRA550660_SRS2089636:20260805:sct_pearson_residual_all_qc_fit_selected384:exact500:gene_topology_v1",92728,"c2f63a0ca7272e484919e63c42ccce0e1bc874eb232a407a1639056f89c940f9",TRUE,TRUE,"closed",FALSE
"mv08w_full_ph_inventory_v1","mv08v","mv08r_ph:internal124:SRA550660_SRS2089636:20260806:sct_pearson_residual_all_qc_fit_selected384:exact500:gene_topology_v1",95896,"a33386ace4e137340ce7e2da3af46b32efc1e2d16e22ca2c1a7c2d340b0e5f50",TRUE,TRUE,"closed",FALSE
"mv08w_full_ph_inventory_v1","mv08v","mv08r_ph:internal124:SRA550660_SRS2089636:20260807:sct_pearson_residual_all_qc_fit_selected384:exact500:gene_topology_v1",95284,"604031e1ae4593a9841dbd3a6ead42fff2775f659f79c8be68682122263b60fb",TRUE,TRUE,"closed",FALSE
"mv08w_full_ph_inventory_v1","mv08v","mv08r_ph:internal124:SRA550660_SRS2089636:20260808:sct_pearson_residual_all_qc_fit_selected384:exact500:gene_topology_v1",97876,"01a0ed06996a8ac799a09bd4d2bf6d592a5cda00bff101be0ae0b3281624ecbd",TRUE,TRUE,"closed",FALSE
"mv08w_full_ph_inventory_v1","mv08v","mv08r_ph:internal124:SRA550660_SRS2089636:20260809:sct_pearson_residual_all_qc_fit_selected384:exact500:gene_topology_v1",94960,"e779c7a1576e97fc0ed2874979646685759f9d81faf60a452607c81fcd93dce2",TRUE,TRUE,"closed",FALSE
"mv08w_full_ph_inventory_v1","mv08v","mv08r_ph:internal124:SRA550660_SRS2089637:20260805:sct_pearson_residual_all_qc_fit_selected384:exact500:gene_topology_v1",79588,"cd8dcff6f1e9180d907cce36d59d62499e6356d3c96443c68c4d8fb755340cbe",TRUE,TRUE,"closed",FALSE
"mv08w_full_ph_inventory_v1","mv08v","mv08r_ph:internal124:SRA550660_SRS2089637:20260806:sct_pearson_residual_all_qc_fit_selected384:exact500:gene_topology_v1",79300,"916430792bb7864bba93d1bc9dad19b1a2bffc99e7d3464ebb4e54d5e870bdcd",TRUE,TRUE,"closed",FALSE
"mv08w_full_ph_inventory_v1","mv08v","mv08r_ph:internal124:SRA550660_SRS2089637:20260807:sct_pearson_residual_all_qc_fit_selected384:exact500:gene_topology_v1",75772,"38d68e1a60d3e4399ecac8c7f98a720bdc296a906ccb494a4722c21c021e61c6",TRUE,TRUE,"closed",FALSE
"mv08w_full_ph_inventory_v1","mv08v","mv08r_ph:internal124:SRA550660_SRS2089637:20260808:sct_pearson_residual_all_qc_fit_selected384:exact500:gene_topology_v1",80560,"57050883273d77940d86f2248fdf7d11290e05adc5352af0c9f10988259ea7e9",TRUE,TRUE,"closed",FALSE
"mv08w_full_ph_inventory_v1","mv08v","mv08r_ph:internal124:SRA550660_SRS2089637:20260809:sct_pearson_residual_all_qc_fit_selected384:exact500:gene_topology_v1",73072,"7116fb4b1e0a5ee9a8c455e04feadf899a109bdee27bde27ae2081d9f09f004a",TRUE,TRUE,"closed",FALSE
"mv08w_full_ph_inventory_v1","mv08v","mv08r_ph:internal124:SRA550660_SRS2089638:20260805:sct_pearson_residual_all_qc_fit_selected384:exact500:gene_topology_v1",96652,"c3cacf832b70dd1a57e506e80c47c31f60a0c95e9b1414a98c72237ec4bf5cdd",TRUE,TRUE,"closed",FALSE
"mv08w_full_ph_inventory_v1","mv08v","mv08r_ph:internal124:SRA550660_SRS2089638:20260806:sct_pearson_residual_all_qc_fit_selected384:exact500:gene_topology_v1",93916,"4813c2af59be071d326cfca5ee966fb8b110debcb46423997c630ba9563a7703",TRUE,TRUE,"closed",FALSE
"mv08w_full_ph_inventory_v1","mv08v","mv08r_ph:internal124:SRA550660_SRS2089638:20260807:sct_pearson_residual_all_qc_fit_selected384:exact500:gene_topology_v1",95032,"72500e2a603cc53f34b4574455f11a33b88fda677410e17e1590cd1a6fde2901",TRUE,TRUE,"closed",FALSE
"mv08w_full_ph_inventory_v1","mv08v","mv08r_ph:internal124:SRA550660_SRS2089638:20260808:sct_pearson_residual_all_qc_fit_selected384:exact500:gene_topology_v1",100468,"7370d6c07bc9b1fdb521e1345ab0b72324a1e3c6f7bca009105557933b09fa87",TRUE,TRUE,"closed",FALSE
"mv08w_full_ph_inventory_v1","mv08v","mv08r_ph:internal124:SRA550660_SRS2089638:20260809:sct_pearson_residual_all_qc_fit_selected384:exact500:gene_topology_v1",97588,"8a4a41553d6f08cc5e5ac0a6a36bdf9f99a80a8ce17ad7089b5ce8be6efb1895",TRUE,TRUE,"closed",FALSE
"mv08w_full_ph_inventory_v1","mv08v","mv08r_ph:internal124:SRA550660_SRS2089639:20260805:sct_pearson_residual_all_qc_fit_selected384:exact500:gene_topology_v1",72028,"9473cd33c3d63bcbb22186ba34aa87e88b7351541c29f2eb7d790421c245e18a",TRUE,TRUE,"closed",FALSE
"mv08w_full_ph_inventory_v1","mv08v","mv08r_ph:internal124:SRA550660_SRS2089639:20260806:sct_pearson_residual_all_qc_fit_selected384:exact500:gene_topology_v1",75880,"2253241519f76824b9c360bfcf801316f01ac994957229306d371ae31b9e0efe",TRUE,TRUE,"closed",FALSE
"mv08w_full_ph_inventory_v1","mv08v","mv08r_ph:internal124:SRA550660_SRS2089639:20260807:sct_pearson_residual_all_qc_fit_selected384:exact500:gene_topology_v1",73720,"f1b78a418325b00daf019a884581ff982f9f25bdb304f5b98713962421936361",TRUE,TRUE,"closed",FALSE
"mv08w_full_ph_inventory_v1","mv08v","mv08r_ph:internal124:SRA550660_SRS2089639:20260808:sct_pearson_residual_all_qc_fit_selected384:exact500:gene_topology_v1",74152,"b7abf9404955844bd66faee915f8e88485a3f47507f35564906b4fc7295d06a7",TRUE,TRUE,"closed",FALSE
"mv08w_full_ph_inventory_v1","mv08v","mv08r_ph:internal124:SRA550660_SRS2089639:20260809:sct_pearson_residual_all_qc_fit_selected384:exact500:gene_topology_v1",76744,"21ab799aa50ec748ec1b9a7f6d93fbbdc25cacca3f11e46941172f71b0842b39",TRUE,TRUE,"closed",FALSE
"mv08w_full_ph_inventory_v1","mv08v","mv08r_ph:internal124:SRA621638_SRS2610283:20260805:sct_pearson_residual_all_qc_fit_selected384:exact500:gene_topology_v1",57916,"a15832623463adb5b2756df4bf9f372ef6a04a7bdcd657b852922e7458aeff7c",TRUE,TRUE,"closed",FALSE
"mv08w_full_ph_inventory_v1","mv08v","mv08r_ph:internal124:SRA621638_SRS2610283:20260806:sct_pearson_residual_all_qc_fit_selected384:exact500:gene_topology_v1",55288,"d04484e3a259c72e054c9507815f294afe18364cfe1f6555d185a9b921bc3436",TRUE,TRUE,"closed",FALSE
"mv08w_full_ph_inventory_v1","mv08v","mv08r_ph:internal124:SRA621638_SRS2610283:20260807:sct_pearson_residual_all_qc_fit_selected384:exact500:gene_topology_v1",58564,"437084f9fefcfb21acedd3c6ea191cbc83eb7727d8038c7ef9ece9d876ada061",TRUE,TRUE,"closed",FALSE
"mv08w_full_ph_inventory_v1","mv08v","mv08r_ph:internal124:SRA621638_SRS2610283:20260808:sct_pearson_residual_all_qc_fit_selected384:exact500:gene_topology_v1",55756,"3810fbcf46cf659fe3a014e73f06abd46b4570dd4a6dceecc7e57ead4312cc1d",TRUE,TRUE,"closed",FALSE
"mv08w_full_ph_inventory_v1","mv08v","mv08r_ph:internal124:SRA621638_SRS2610283:20260809:sct_pearson_residual_all_qc_fit_selected384:exact500:gene_topology_v1",56908,"f378591cfd0b64bbb77a4e8654622e9b345a2659f133d9117b0092438c5ec1d3",TRUE,TRUE,"closed",FALSE
"mv08w_full_ph_inventory_v1","mv08v","mv08r_ph:internal124:SRA621638_SRS2610285:20260805:sct_pearson_residual_all_qc_fit_selected384:exact500:gene_topology_v1",100252,"fca988419efe0de55c7d73b763ee7bb1f51481cbf85a1fbaaabea60e97d46afd",TRUE,TRUE,"closed",FALSE
"mv08w_full_ph_inventory_v1","mv08v","mv08r_ph:internal124:SRA621638_SRS2610285:20260806:sct_pearson_residual_all_qc_fit_selected384:exact500:gene_topology_v1",97444,"9bd5b30bc3a1fd6312b29dd1098816d8b78cdc45c6d1fb61ec74ada8f60c544c",TRUE,TRUE,"closed",FALSE
"mv08w_full_ph_inventory_v1","mv08v","mv08r_ph:internal124:SRA621638_SRS2610285:20260807:sct_pearson_residual_all_qc_fit_selected384:exact500:gene_topology_v1",1e+05,"a4cad96b9deac0a0f9d56c76ab33e0f575ba1919f342c270e3ae3118021e474c",TRUE,TRUE,"closed",FALSE
"mv08w_full_ph_inventory_v1","mv08v","mv08r_ph:internal124:SRA621638_SRS2610285:20260808:sct_pearson_residual_all_qc_fit_selected384:exact500:gene_topology_v1",89668,"05e4eb3c75459d6ab6e1bc4275bb1e0ca057bd14780be43a6f98f48346532285",TRUE,TRUE,"closed",FALSE
"mv08w_full_ph_inventory_v1","mv08v","mv08r_ph:internal124:SRA621638_SRS2610285:20260809:sct_pearson_residual_all_qc_fit_selected384:exact500:gene_topology_v1",91936,"5199456380b8572417d11071e8e0a6c0e72a6bfb851b690ca73329967b739fa3",TRUE,TRUE,"closed",FALSE
"mv08w_full_ph_inventory_v1","mv08v","mv08r_ph:internal124:SRA628554_SRS2664364:20260807:sct_pearson_residual_all_qc_fit_selected384:exact500:gene_topology_v1",134632,"6e921ad7e42fb9a28bd83d87b542ce505924c37f31b937c3c983cd7cd4642589",TRUE,TRUE,"closed",FALSE
"mv08w_full_ph_inventory_v1","mv08v","mv08r_ph:internal124:SRA628554_SRS2664364:20260808:sct_pearson_residual_all_qc_fit_selected384:exact500:gene_topology_v1",136648,"54bd276b9d9cd714f44b6a9b97cb335bf7204190ef9f49f411646d0b59619fe8",TRUE,TRUE,"closed",FALSE
"mv08w_full_ph_inventory_v1","mv08v","mv08r_ph:internal124:SRA628554_SRS2664364:20260809:sct_pearson_residual_all_qc_fit_selected384:exact500:gene_topology_v1",137800,"687cd203aebd3f6fb042cdb1010fee376b74ed9be46c580755af750fb45ad426",TRUE,TRUE,"closed",FALSE
"mv08w_full_ph_inventory_v1","mv08v","mv08r_ph:internal124:SRA628554_SRS2664365:20260805:sct_pearson_residual_all_qc_fit_selected384:exact500:gene_topology_v1",112672,"02984b5599a69a9c6bc70d392ac6e65029c24100c8faaad3d43476e4892304de",TRUE,TRUE,"closed",FALSE
"mv08w_full_ph_inventory_v1","mv08v","mv08r_ph:internal124:SRA628554_SRS2664365:20260806:sct_pearson_residual_all_qc_fit_selected384:exact500:gene_topology_v1",112852,"ef948389c84f3e68d74c9e3775fe99d72844ffc3f1765e57d027e211612dcb34",TRUE,TRUE,"closed",FALSE
"mv08w_full_ph_inventory_v1","mv08v","mv08r_ph:internal124:SRA628554_SRS2664365:20260807:sct_pearson_residual_all_qc_fit_selected384:exact500:gene_topology_v1",105256,"f8c59689e8f8f1eb3a56bf226fefda26fdf1717b44d722691c5ff38580b60435",TRUE,TRUE,"closed",FALSE
"mv08w_full_ph_inventory_v1","mv08v","mv08r_ph:internal124:SRA628554_SRS2664365:20260808:sct_pearson_residual_all_qc_fit_selected384:exact500:gene_topology_v1",108028,"5dba86031df674f0c4ad598f9c0f5516aa7408751df9e7da6fc7d76652edc43e",TRUE,TRUE,"closed",FALSE
"mv08w_full_ph_inventory_v1","mv08v","mv08r_ph:internal124:SRA628554_SRS2664365:20260809:sct_pearson_residual_all_qc_fit_selected384:exact500:gene_topology_v1",107344,"098959d3cc8898a75eb07f58da078b60c53ef2d84c81aea18336423cbde984ef",TRUE,TRUE,"closed",FALSE
"mv08w_full_ph_inventory_v1","mv08v","mv08r_ph:internal124:SRA645804_SRS2823404:20260805:sct_pearson_residual_all_qc_fit_selected384:exact500:gene_topology_v1",40240,"d69c2cb7709a96a3330031ba9e1424e7615b98ed37647f6d54c3ca7e7db51ecb",TRUE,TRUE,"closed",FALSE
"mv08w_full_ph_inventory_v1","mv08v","mv08r_ph:internal124:SRA645804_SRS2823404:20260806:sct_pearson_residual_all_qc_fit_selected384:exact500:gene_topology_v1",38804,"2c0a74f71289dd6c3e7e70fbcbb3bf868399fc8d1c0c047e749db63e7fe0073d",TRUE,TRUE,"closed",FALSE
"mv08w_full_ph_inventory_v1","mv08v","mv08r_ph:internal124:SRA645804_SRS2823404:20260807:sct_pearson_residual_all_qc_fit_selected384:exact500:gene_topology_v1",41392,"c786aace52d4f0dbab33e4b0ff1b600db0693724d4f0cf67adf7b7d4ba703a84",TRUE,TRUE,"closed",FALSE
"mv08w_full_ph_inventory_v1","mv08v","mv08r_ph:internal124:SRA645804_SRS2823404:20260808:sct_pearson_residual_all_qc_fit_selected384:exact500:gene_topology_v1",40132,"3c1d26703928b02a57e60a447180bb1ddfb2fe20bcd5962074490b0aebfd8469",TRUE,TRUE,"closed",FALSE
"mv08w_full_ph_inventory_v1","mv08v","mv08r_ph:internal124:SRA645804_SRS2823404:20260809:sct_pearson_residual_all_qc_fit_selected384:exact500:gene_topology_v1",40996,"509626e60d0ce5f0c609407d932dffee35c6ed971888c0bbf1cfd4ea0659d327",TRUE,TRUE,"closed",FALSE
"mv08w_full_ph_inventory_v1","mv08v","mv08r_ph:internal124:SRA645804_SRS2823405:20260805:sct_pearson_residual_all_qc_fit_selected384:exact500:gene_topology_v1",37754,"f6cac5738d9886202eb99c917eb6cd2c3ae25ff6fdfbd7a98021574c966d9597",TRUE,TRUE,"closed",FALSE
"mv08w_full_ph_inventory_v1","mv08v","mv08r_ph:internal124:SRA645804_SRS2823405:20260806:sct_pearson_residual_all_qc_fit_selected384:exact500:gene_topology_v1",39304,"72fd3aeb939cfd314cf80bcdbb309419b71e5214c9c2cea109bd8ed5ec69278a",TRUE,TRUE,"closed",FALSE
"mv08w_full_ph_inventory_v1","mv08v","mv08r_ph:internal124:SRA645804_SRS2823405:20260807:sct_pearson_residual_all_qc_fit_selected384:exact500:gene_topology_v1",38909,"22899cb52ba5ca847a031ffd9aac34ff500e9498f7762480c82a56d59a295612",TRUE,TRUE,"closed",FALSE
"mv08w_full_ph_inventory_v1","mv08v","mv08r_ph:internal124:SRA645804_SRS2823405:20260808:sct_pearson_residual_all_qc_fit_selected384:exact500:gene_topology_v1",35899,"2baf63e9b6c23c75d436bf4a7b877931c6510efa83ef4532b0cdc9a6a869aeeb",TRUE,TRUE,"closed",FALSE
"mv08w_full_ph_inventory_v1","mv08v","mv08r_ph:internal124:SRA645804_SRS2823405:20260809:sct_pearson_residual_all_qc_fit_selected384:exact500:gene_topology_v1",40960,"d2289070f61b5faee6ee7aa2b9f5aa06bec250a3ea10d4df02b141eed2e8dc7f",TRUE,TRUE,"closed",FALSE
"mv08w_full_ph_inventory_v1","mv08v","mv08r_ph:internal124:SRA645804_SRS2823406:20260805:sct_pearson_residual_all_qc_fit_selected384:exact500:gene_topology_v1",39304,"aa1d48107143460b11e4c407fc97e49066a0521b1cd290633d4a7b8de3a4cacf",TRUE,TRUE,"closed",FALSE
"mv08w_full_ph_inventory_v1","mv08v","mv08r_ph:internal124:SRA645804_SRS2823406:20260806:sct_pearson_residual_all_qc_fit_selected384:exact500:gene_topology_v1",42400,"d9ee2bbfb057621183862e531bc0a5e9db5fdf00d5303851561ea79abb708893",TRUE,TRUE,"closed",FALSE
"mv08w_full_ph_inventory_v1","mv08v","mv08r_ph:internal124:SRA645804_SRS2823406:20260807:sct_pearson_residual_all_qc_fit_selected384:exact500:gene_topology_v1",40708,"8dc4ef8948ba5f5b61ce610e6b41881f18ca390dd64199272b4b52ae6956bef0",TRUE,TRUE,"closed",FALSE
"mv08w_full_ph_inventory_v1","mv08v","mv08r_ph:internal124:SRA645804_SRS2823406:20260808:sct_pearson_residual_all_qc_fit_selected384:exact500:gene_topology_v1",42184,"65083a630073ab54802d3c084a4b4e968165150840c63d658c81764324e2b919",TRUE,TRUE,"closed",FALSE
"mv08w_full_ph_inventory_v1","mv08v","mv08r_ph:internal124:SRA645804_SRS2823406:20260809:sct_pearson_residual_all_qc_fit_selected384:exact500:gene_topology_v1",39124,"95f456d0342c1664e1cf55b9d958c82cb3ea450155199e2ab909502af983eac7",TRUE,TRUE,"closed",FALSE
"mv08w_full_ph_inventory_v1","mv08v","mv08r_ph:internal124:SRA645804_SRS2823407:20260805:sct_pearson_residual_all_qc_fit_selected384:exact500:gene_topology_v1",36249,"56f502701ff9dfb9a942aef79778da12abbba08f40d84e3e829157d93dc76dd7",TRUE,TRUE,"closed",FALSE
"mv08w_full_ph_inventory_v1","mv08v","mv08r_ph:internal124:SRA645804_SRS2823407:20260806:sct_pearson_residual_all_qc_fit_selected384:exact500:gene_topology_v1",35549,"914d7d694e3dc8fc8a519ed05aee54fcb8a7deea6d649ad4afce5ee1114867c8",TRUE,TRUE,"closed",FALSE
"mv08w_full_ph_inventory_v1","mv08v","mv08r_ph:internal124:SRA645804_SRS2823407:20260807:sct_pearson_residual_all_qc_fit_selected384:exact500:gene_topology_v1",36984,"2558ad9cabec47c7c0e689ddc67f47804a70ef2abbe8f9ea6d2c8df55682c6b0",TRUE,TRUE,"closed",FALSE
"mv08w_full_ph_inventory_v1","mv08v","mv08r_ph:internal124:SRA645804_SRS2823407:20260808:sct_pearson_residual_all_qc_fit_selected384:exact500:gene_topology_v1",34709,"dbf06a0e41799369b21559996928c19d4bc3bb43025485084245fbde4ec4ed49",TRUE,TRUE,"closed",FALSE
"mv08w_full_ph_inventory_v1","mv08v","mv08r_ph:internal124:SRA645804_SRS2823407:20260809:sct_pearson_residual_all_qc_fit_selected384:exact500:gene_topology_v1",35619,"fbeeac2f968149cbc048e56f495c632740c70ee86ec6ac958b1d422c25d122c8",TRUE,TRUE,"closed",FALSE
"mv08w_full_ph_inventory_v1","mv08v","mv08r_ph:internal124:SRA645804_SRS2823408:20260805:sct_pearson_residual_all_qc_fit_selected384:exact500:gene_topology_v1",29669,"e26c7035a3d9973591e8e17f308bfba3e350ea15adeea405cf1e4846d38240f4",TRUE,TRUE,"closed",FALSE
"mv08w_full_ph_inventory_v1","mv08v","mv08r_ph:internal124:SRA645804_SRS2823408:20260806:sct_pearson_residual_all_qc_fit_selected384:exact500:gene_topology_v1",31454,"6cd6925e32ecaddc1de0fd0b3dee6bd130b4574ecb631e5d905f310a2182d87a",TRUE,TRUE,"closed",FALSE
"mv08w_full_ph_inventory_v1","mv08v","mv08r_ph:internal124:SRA645804_SRS2823408:20260807:sct_pearson_residual_all_qc_fit_selected384:exact500:gene_topology_v1",29739,"c5ff5c8beec7d0c388b0c5404ef30165db579be1fcf95c4b0ba8cb97a8e1f54d",TRUE,TRUE,"closed",FALSE
"mv08w_full_ph_inventory_v1","mv08v","mv08r_ph:internal124:SRA645804_SRS2823408:20260808:sct_pearson_residual_all_qc_fit_selected384:exact500:gene_topology_v1",31139,"acec83589b1ff21e5e39d2381f8c3b4ce5adf3cbf3735bd232097a2e6cabf746",TRUE,TRUE,"closed",FALSE
"mv08w_full_ph_inventory_v1","mv08v","mv08r_ph:internal124:SRA645804_SRS2823408:20260809:sct_pearson_residual_all_qc_fit_selected384:exact500:gene_topology_v1",30299,"9bce541d33e8b52b6901870ea2360c77da9e6a191fbf93621713dee41ce57758",TRUE,TRUE,"closed",FALSE
"mv08w_full_ph_inventory_v1","mv08v","mv08r_ph:internal124:SRA645804_SRS2823409:20260805:sct_pearson_residual_all_qc_fit_selected384:exact500:gene_topology_v1",34324,"9c7e47599ef3f33d6593c62e658935fa2bf6c090f5457fccf18519db1ec84715",TRUE,TRUE,"closed",FALSE
"mv08w_full_ph_inventory_v1","mv08v","mv08r_ph:internal124:SRA645804_SRS2823409:20260806:sct_pearson_residual_all_qc_fit_selected384:exact500:gene_topology_v1",36039,"c6462d0b6785fa471e69a40c537358934badb53e88b2c97b9b09db3982c22068",TRUE,TRUE,"closed",FALSE
"mv08w_full_ph_inventory_v1","mv08v","mv08r_ph:internal124:SRA645804_SRS2823409:20260807:sct_pearson_residual_all_qc_fit_selected384:exact500:gene_topology_v1",35689,"85171e6bea78954447f5029e5f5b7d45f08516223f36f8464b9267b5a0c432cf",TRUE,TRUE,"closed",FALSE
"mv08w_full_ph_inventory_v1","mv08v","mv08r_ph:internal124:SRA645804_SRS2823409:20260808:sct_pearson_residual_all_qc_fit_selected384:exact500:gene_topology_v1",34919,"903d8410fa233e622ff341cc383c937843d314e57d51287491f845fbbea35e91",TRUE,TRUE,"closed",FALSE
"mv08w_full_ph_inventory_v1","mv08v","mv08r_ph:internal124:SRA645804_SRS2823409:20260809:sct_pearson_residual_all_qc_fit_selected384:exact500:gene_topology_v1",34779,"cfb9f910882003c594aea8b6f7a47f867563f86ce685db8ef74b912d054cc2fe",TRUE,TRUE,"closed",FALSE
"mv08w_full_ph_inventory_v1","mv08v","mv08r_ph:internal124:SRA645804_SRS2823410:20260805:sct_pearson_residual_all_qc_fit_selected384:exact500:gene_topology_v1",26344,"891aa590f37029eba4448009c92f68207a1c25712d66297f8cbcf12b2d04a175",TRUE,TRUE,"closed",FALSE
"mv08w_full_ph_inventory_v1","mv08v","mv08r_ph:internal124:SRA645804_SRS2823410:20260806:sct_pearson_residual_all_qc_fit_selected384:exact500:gene_topology_v1",26239,"1e165af142ef8bc612583f383a36b043ec5dace7d85b391a64f1b4152961bc04",TRUE,TRUE,"closed",FALSE
"mv08w_full_ph_inventory_v1","mv08v","mv08r_ph:internal124:SRA645804_SRS2823410:20260807:sct_pearson_residual_all_qc_fit_selected384:exact500:gene_topology_v1",27534,"8c078e5825f877cf61259625dc6185cadaabbdaf207efd117990c566cff161db",TRUE,TRUE,"closed",FALSE
"mv08w_full_ph_inventory_v1","mv08v","mv08r_ph:internal124:SRA645804_SRS2823410:20260808:sct_pearson_residual_all_qc_fit_selected384:exact500:gene_topology_v1",26729,"4dfb5716c201e2d49daf98097c31ff26e8305cc6f8754ac3f1ac41273888861d",TRUE,TRUE,"closed",FALSE
"mv08w_full_ph_inventory_v1","mv08v","mv08r_ph:internal124:SRA645804_SRS2823410:20260809:sct_pearson_residual_all_qc_fit_selected384:exact500:gene_topology_v1",26554,"4fbd7002838be01790f6188a3353022c648a1394608392a1f54e3c0d7f35cad5",TRUE,TRUE,"closed",FALSE
"mv08w_full_ph_inventory_v1","mv08v","mv08r_ph:internal124:SRA645804_SRS2823411:20260805:sct_pearson_residual_all_qc_fit_selected384:exact500:gene_topology_v1",31699,"0a7951ff487c56738cc6f2100c336691113ba9f66a50154b9d3683e0b302d9cd",TRUE,TRUE,"closed",FALSE
"mv08w_full_ph_inventory_v1","mv08v","mv08r_ph:internal124:SRA645804_SRS2823411:20260806:sct_pearson_residual_all_qc_fit_selected384:exact500:gene_topology_v1",32049,"94f20cc6a8609124a94738d053660b3b9e69d1fbecfe2232178bedfde375f997",TRUE,TRUE,"closed",FALSE
"mv08w_full_ph_inventory_v1","mv08v","mv08r_ph:internal124:SRA645804_SRS2823411:20260807:sct_pearson_residual_all_qc_fit_selected384:exact500:gene_topology_v1",31594,"d04052a907e6dbf24d91da982fd0efb145534c6569e3d63936fb9fa392d14242",TRUE,TRUE,"closed",FALSE
"mv08w_full_ph_inventory_v1","mv08v","mv08r_ph:internal124:SRA645804_SRS2823411:20260808:sct_pearson_residual_all_qc_fit_selected384:exact500:gene_topology_v1",31139,"eee07efde61fd0033275df7deca2dda64ab9e022f6d4806f6bef4f273b22153b",TRUE,TRUE,"closed",FALSE
"mv08w_full_ph_inventory_v1","mv08v","mv08r_ph:internal124:SRA645804_SRS2823411:20260809:sct_pearson_residual_all_qc_fit_selected384:exact500:gene_topology_v1",31804,"3244df4e885238a730244beb9b4b159fb817e5ccb06ceeb50ab57e99659531ef",TRUE,TRUE,"closed",FALSE
"mv08w_full_ph_inventory_v1","mv08v","mv08r_ph:internal124:SRA645804_SRS2823412:20260805:sct_pearson_residual_all_qc_fit_selected384:exact500:gene_topology_v1",28304,"acbaeeb412a3561a11cbcef9a347425452a7ecfafa89d1c8f693acb25290e31f",TRUE,TRUE,"closed",FALSE
"mv08w_full_ph_inventory_v1","mv08v","mv08r_ph:internal124:SRA645804_SRS2823412:20260806:sct_pearson_residual_all_qc_fit_selected384:exact500:gene_topology_v1",29284,"4687af6c17acb4e33be94eb92f059fa814b526f34ae6d2133d6909608ec757b6",TRUE,TRUE,"closed",FALSE
"mv08w_full_ph_inventory_v1","mv08v","mv08r_ph:internal124:SRA645804_SRS2823412:20260807:sct_pearson_residual_all_qc_fit_selected384:exact500:gene_topology_v1",27499,"46544ffb8c0bc7734efcf3440450a16d82f8ca9602ea2e7d6b4c20d5caa6ffb2",TRUE,TRUE,"closed",FALSE
"mv08w_full_ph_inventory_v1","mv08v","mv08r_ph:internal124:SRA645804_SRS2823412:20260808:sct_pearson_residual_all_qc_fit_selected384:exact500:gene_topology_v1",27919,"bb7ef97f041337c637dbe4eeed4975e5b04b4ed00258938daa56a891f9795771",TRUE,TRUE,"closed",FALSE
"mv08w_full_ph_inventory_v1","mv08v","mv08r_ph:internal124:SRA645804_SRS2823412:20260809:sct_pearson_residual_all_qc_fit_selected384:exact500:gene_topology_v1",27674,"437db05aab4f8baa975b65bc4096cd21e2b04b72b85e97a89c90c6b5b4325150",TRUE,TRUE,"closed",FALSE
"mv08w_full_ph_inventory_v1","mv08v","mv08r_ph:internal124:SRA645804_SRS3572594:20260805:sct_pearson_residual_all_qc_fit_selected384:exact500:gene_topology_v1",29354,"e33ef52b8ca5439da97c758b7e3717f9d59eefad5eee9844415a9bd3778b0570",TRUE,TRUE,"closed",FALSE
"mv08w_full_ph_inventory_v1","mv08v","mv08r_ph:internal124:SRA645804_SRS3572594:20260806:sct_pearson_residual_all_qc_fit_selected384:exact500:gene_topology_v1",27779,"f4797d11c00b1dea71002d104f5d8992d57806d5dcc5e1533990b121b2714562",TRUE,TRUE,"closed",FALSE
"mv08w_full_ph_inventory_v1","mv08v","mv08r_ph:internal124:SRA645804_SRS3572594:20260807:sct_pearson_residual_all_qc_fit_selected384:exact500:gene_topology_v1",28304,"c8b4bc84a4d8dc25c205db66868c76fee4f129bb09e3e7e9b430571242cca84d",TRUE,TRUE,"closed",FALSE
"mv08w_full_ph_inventory_v1","mv08v","mv08r_ph:internal124:SRA645804_SRS3572594:20260808:sct_pearson_residual_all_qc_fit_selected384:exact500:gene_topology_v1",28479,"53577d963e58f1568abb8a21bc8677a1590a62e644c9eeb463bab5b31efecaea",TRUE,TRUE,"closed",FALSE
"mv08w_full_ph_inventory_v1","mv08v","mv08r_ph:internal124:SRA645804_SRS3572594:20260809:sct_pearson_residual_all_qc_fit_selected384:exact500:gene_topology_v1",27814,"75f40a1b1578fc6ef1820c8bcf7f2c959ae58d4c73c7f8778932432283c83169",TRUE,TRUE,"closed",FALSE
"mv08w_full_ph_inventory_v1","mv08v","mv08r_ph:internal124:SRA667709_SRS3065426:20260805:sct_pearson_residual_all_qc_fit_selected384:exact500:gene_topology_v1",33869,"e3555e955ee62bb33b4ca9284d6c9ec0bff0d121f43138b05cd9c7c0fa3e27c7",TRUE,TRUE,"closed",FALSE
"mv08w_full_ph_inventory_v1","mv08v","mv08r_ph:internal124:SRA667709_SRS3065426:20260806:sct_pearson_residual_all_qc_fit_selected384:exact500:gene_topology_v1",34464,"59b327b8bd885083c6ece7f973c8b92b3d99680b1ce8e64e0708bd0c9f35a352",TRUE,TRUE,"closed",FALSE
"mv08w_full_ph_inventory_v1","mv08v","mv08r_ph:internal124:SRA667709_SRS3065426:20260807:sct_pearson_residual_all_qc_fit_selected384:exact500:gene_topology_v1",35829,"4753667f255f13467ae117354ada21bd579ce18ce193309c790717ae773a5cb6",TRUE,TRUE,"closed",FALSE
"mv08w_full_ph_inventory_v1","mv08v","mv08r_ph:internal124:SRA667709_SRS3065426:20260808:sct_pearson_residual_all_qc_fit_selected384:exact500:gene_topology_v1",36179,"46e31169d90c823c235f712806bc9624c2e374bcde552ad36e089099a64f8556",TRUE,TRUE,"closed",FALSE
"mv08w_full_ph_inventory_v1","mv08v","mv08r_ph:internal124:SRA667709_SRS3065426:20260809:sct_pearson_residual_all_qc_fit_selected384:exact500:gene_topology_v1",33554,"8dd840cfde07947af7597d3866b8fcc8b7932522b9b30a76885069027bc3489c",TRUE,TRUE,"closed",FALSE
"mv08w_full_ph_inventory_v1","mv08v","mv08r_ph:internal124:SRA667709_SRS3065427:20260805:sct_pearson_residual_all_qc_fit_selected384:exact500:gene_topology_v1",39700,"ed250ca964071d7d371afa3a47908bc53bb3b3f6f77a3ec2822b0008414e5765",TRUE,TRUE,"closed",FALSE
"mv08w_full_ph_inventory_v1","mv08v","mv08r_ph:internal124:SRA667709_SRS3065427:20260806:sct_pearson_residual_all_qc_fit_selected384:exact500:gene_topology_v1",37684,"b67d377d966ce85bd4c3e03f8283a718e5e1e6130c6e1ae1631819fffb932a41",TRUE,TRUE,"closed",FALSE
"mv08w_full_ph_inventory_v1","mv08v","mv08r_ph:internal124:SRA667709_SRS3065427:20260807:sct_pearson_residual_all_qc_fit_selected384:exact500:gene_topology_v1",41140,"625f2224cd683d37412de395141954f3a7ce348151e055f7dac79d8d7f2b7de8",TRUE,TRUE,"closed",FALSE
"mv08w_full_ph_inventory_v1","mv08v","mv08r_ph:internal124:SRA667709_SRS3065427:20260808:sct_pearson_residual_all_qc_fit_selected384:exact500:gene_topology_v1",39520,"bd2100c82860e9625e364ee626eb3490acf602249d33f41b81d557cd7ca19709",TRUE,TRUE,"closed",FALSE
"mv08w_full_ph_inventory_v1","mv08v","mv08r_ph:internal124:SRA667709_SRS3065427:20260809:sct_pearson_residual_all_qc_fit_selected384:exact500:gene_topology_v1",38559,"5dcab403329a34bd1d5b4dafaef43ceb6faf8f42db6d35ffe76daf7d90aad139",TRUE,TRUE,"closed",FALSE
"mv08w_full_ph_inventory_v1","mv08v","mv08r_ph:internal124:SRA667709_SRS3065428:20260805:sct_pearson_residual_all_qc_fit_selected384:exact500:gene_topology_v1",34709,"13aecc5d03ce2a726ac03afeab046f5048e93150f1938b31ad50c25230baaaf7",TRUE,TRUE,"closed",FALSE
"mv08w_full_ph_inventory_v1","mv08v","mv08r_ph:internal124:SRA667709_SRS3065428:20260806:sct_pearson_residual_all_qc_fit_selected384:exact500:gene_topology_v1",34674,"d86047e594ac382a39ad5578bc6d4810439aae0f5df4c99d55683e5ef16235ee",TRUE,TRUE,"closed",FALSE
"mv08w_full_ph_inventory_v1","mv08v","mv08r_ph:internal124:SRA667709_SRS3065428:20260807:sct_pearson_residual_all_qc_fit_selected384:exact500:gene_topology_v1",36739,"463a3f231f6810872dbd138626aaa73a10f48e37819c1ecdc638a419a9c88a40",TRUE,TRUE,"closed",FALSE
"mv08w_full_ph_inventory_v1","mv08v","mv08r_ph:internal124:SRA667709_SRS3065428:20260808:sct_pearson_residual_all_qc_fit_selected384:exact500:gene_topology_v1",36809,"8ef97df130c831f377870c8a726fbe4238806a6489aad5ed887fa4608dd26013",TRUE,TRUE,"closed",FALSE
"mv08w_full_ph_inventory_v1","mv08v","mv08r_ph:internal124:SRA667709_SRS3065428:20260809:sct_pearson_residual_all_qc_fit_selected384:exact500:gene_topology_v1",35619,"6c3768a0a261820085a09ccd3c03872caedceb46b413c5ceb39937ad58d09f11",TRUE,TRUE,"closed",FALSE
"mv08w_full_ph_inventory_v1","mv08v","mv08r_ph:internal124:SRA667709_SRS3065429:20260805:sct_pearson_residual_all_qc_fit_selected384:exact500:gene_topology_v1",37404,"34224341eae760cf51cf565f94470a073641b3c4ac8dd3dba87852fc4641aa19",TRUE,TRUE,"closed",FALSE
"mv08w_full_ph_inventory_v1","mv08v","mv08r_ph:internal124:SRA667709_SRS3065429:20260806:sct_pearson_residual_all_qc_fit_selected384:exact500:gene_topology_v1",33589,"08235e2a94aa299b1bb06351d0313b5b781c416475b26e320f7302e56e74f495",TRUE,TRUE,"closed",FALSE
"mv08w_full_ph_inventory_v1","mv08v","mv08r_ph:internal124:SRA667709_SRS3065429:20260807:sct_pearson_residual_all_qc_fit_selected384:exact500:gene_topology_v1",38454,"d36de93357bdc98feb94cfaed851a886a7f540ae4b44d66d08a85c6b04023a9f",TRUE,TRUE,"closed",FALSE
"mv08w_full_ph_inventory_v1","mv08v","mv08r_ph:internal124:SRA667709_SRS3065429:20260808:sct_pearson_residual_all_qc_fit_selected384:exact500:gene_topology_v1",35969,"f514fc503be61159d9d6b75f8716212adeec1b4205ebcce56368a225b2cfcca2",TRUE,TRUE,"closed",FALSE
"mv08w_full_ph_inventory_v1","mv08v","mv08r_ph:internal124:SRA667709_SRS3065429:20260809:sct_pearson_residual_all_qc_fit_selected384:exact500:gene_topology_v1",36879,"5c7c6e513f269bf4d5dde166cb1274180ad5ebb9893842b97521869d0f238549",TRUE,TRUE,"closed",FALSE
"mv08w_full_ph_inventory_v1","mv08v","mv08r_ph:internal124:SRA667709_SRS3065430:20260805:sct_pearson_residual_all_qc_fit_selected384:exact500:gene_topology_v1",35934,"48ff99cb06898e66e39906b52a8eef832ddd8d628e9c6fdb37b3fd7048d5adb6",TRUE,TRUE,"closed",FALSE
"mv08w_full_ph_inventory_v1","mv08v","mv08r_ph:internal124:SRA667709_SRS3065430:20260806:sct_pearson_residual_all_qc_fit_selected384:exact500:gene_topology_v1",37229,"db295af206e5ee1c423ba66bb19436564bb16ac7333a15b6577793c397d504af",TRUE,TRUE,"closed",FALSE
"mv08w_full_ph_inventory_v1","mv08v","mv08r_ph:internal124:SRA667709_SRS3065430:20260807:sct_pearson_residual_all_qc_fit_selected384:exact500:gene_topology_v1",39268,"58ffff7c141aa38399de2647212c4ead32b17fea9fbec604260e56dae9f32e03",TRUE,TRUE,"closed",FALSE
"mv08w_full_ph_inventory_v1","mv08v","mv08r_ph:internal124:SRA667709_SRS3065430:20260808:sct_pearson_residual_all_qc_fit_selected384:exact500:gene_topology_v1",36669,"1a5f038b0db3a5217149468a1e22c2545891659481caa837f33e890686234850",TRUE,TRUE,"closed",FALSE
"mv08w_full_ph_inventory_v1","mv08v","mv08r_ph:internal124:SRA667709_SRS3065430:20260809:sct_pearson_residual_all_qc_fit_selected384:exact500:gene_topology_v1",39412,"586768adbd58f35fe1397f1f4188221ac0aad379c56a18b2de2a24a66197c245",TRUE,TRUE,"closed",FALSE
"mv08w_full_ph_inventory_v1","mv08v","mv08r_ph:internal124:SRA667709_SRS3065431:20260805:sct_pearson_residual_all_qc_fit_selected384:exact500:gene_topology_v1",36389,"71d91d7e8ad1b929774d9dd9d0f6e710a1c579d4a314b7f31f223180875e9a2b",TRUE,TRUE,"closed",FALSE
"mv08w_full_ph_inventory_v1","mv08v","mv08r_ph:internal124:SRA667709_SRS3065431:20260806:sct_pearson_residual_all_qc_fit_selected384:exact500:gene_topology_v1",36214,"8a2b354ecf7348229d78e42ae836580798aa117abcfdd7acb29132fdae214b17",TRUE,TRUE,"closed",FALSE
"mv08w_full_ph_inventory_v1","mv08v","mv08r_ph:internal124:SRA667709_SRS3065431:20260807:sct_pearson_residual_all_qc_fit_selected384:exact500:gene_topology_v1",38804,"31852f76e600c5576b1128bfe8101e0b4e8549901d171456e54467d3a489cb61",TRUE,TRUE,"closed",FALSE
"mv08w_full_ph_inventory_v1","mv08v","mv08r_ph:internal124:SRA667709_SRS3065431:20260808:sct_pearson_residual_all_qc_fit_selected384:exact500:gene_topology_v1",36284,"6e3796c3d97c9049640d0b13cdb7c8c105c20495306526776b36f67bc8b00e1a",TRUE,TRUE,"closed",FALSE
"mv08w_full_ph_inventory_v1","mv08v","mv08r_ph:internal124:SRA667709_SRS3065431:20260809:sct_pearson_residual_all_qc_fit_selected384:exact500:gene_topology_v1",36564,"1f23e49949729a86f1c9c6f7acadacc63a513bf7908397b90203155f8bd9b95f",TRUE,TRUE,"closed",FALSE
"mv08w_full_ph_inventory_v1","mv08v","mv08r_ph:internal124:SRA701877_SRS3279684:20260805:sct_pearson_residual_all_qc_fit_selected384:exact500:gene_topology_v1",49564,"9cefb1f70251a6d8680ef82f1b1ecc11d9f96ff2935e5111fcd7a582088c7c4e",TRUE,TRUE,"closed",FALSE
"mv08w_full_ph_inventory_v1","mv08v","mv08r_ph:internal124:SRA701877_SRS3279684:20260806:sct_pearson_residual_all_qc_fit_selected384:exact500:gene_topology_v1",41536,"4c7b3ac82ece2a4bc52d38e12e24a3d771424447cfa0166bbbc723019fc07e50",TRUE,TRUE,"closed",FALSE
"mv08w_full_ph_inventory_v1","mv08v","mv08r_ph:internal124:SRA701877_SRS3279684:20260807:sct_pearson_residual_all_qc_fit_selected384:exact500:gene_topology_v1",46756,"e21d8298915e35afdf07e8485dc3c3eba9f7cb67303940ed85934bb088742127",TRUE,TRUE,"closed",FALSE
"mv08w_full_ph_inventory_v1","mv08v","mv08r_ph:internal124:SRA701877_SRS3279684:20260808:sct_pearson_residual_all_qc_fit_selected384:exact500:gene_topology_v1",44344,"fa8c3f2109c5e5c8769220d41e888a6a447eb04a93ae58e395098c9de8dd479b",TRUE,TRUE,"closed",FALSE
"mv08w_full_ph_inventory_v1","mv08v","mv08r_ph:internal124:SRA701877_SRS3279684:20260809:sct_pearson_residual_all_qc_fit_selected384:exact500:gene_topology_v1",44956,"40a03b61d537442f131f7868c5f710e19a89568c07515b2fab0a5209f8fe0e4c",TRUE,TRUE,"closed",FALSE
"mv08w_full_ph_inventory_v1","mv08v","mv08r_ph:internal124:SRA701877_SRS3279685:20260805:sct_pearson_residual_all_qc_fit_selected384:exact500:gene_topology_v1",43084,"4231977b264a240ce0153cdf318eb93b5665c00fb33e6d1af530ea89b9504e99",TRUE,TRUE,"closed",FALSE
"mv08w_full_ph_inventory_v1","mv08v","mv08r_ph:internal124:SRA701877_SRS3279685:20260806:sct_pearson_residual_all_qc_fit_selected384:exact500:gene_topology_v1",42292,"dc85355816dcdf1a1f901f79bfaee814dfae6fbb5a686ac7b5fb1571fd093a36",TRUE,TRUE,"closed",FALSE
"mv08w_full_ph_inventory_v1","mv08v","mv08r_ph:internal124:SRA701877_SRS3279685:20260807:sct_pearson_residual_all_qc_fit_selected384:exact500:gene_topology_v1",41608,"0207db0006ad3a533b3524d69fadd6ed0db91bc3dc4a3c35dc867d51604b79c9",TRUE,TRUE,"closed",FALSE
"mv08w_full_ph_inventory_v1","mv08v","mv08r_ph:internal124:SRA701877_SRS3279685:20260808:sct_pearson_residual_all_qc_fit_selected384:exact500:gene_topology_v1",42292,"355d219457d6934667b8e1dfda866577b3d011188b95826da4e2602c587d0dc4",TRUE,TRUE,"closed",FALSE
"mv08w_full_ph_inventory_v1","mv08v","mv08r_ph:internal124:SRA701877_SRS3279685:20260809:sct_pearson_residual_all_qc_fit_selected384:exact500:gene_topology_v1",43732,"861c864a7759d8d9f755de20e17846f8988364a0168520f5d60999e2fcace44a",TRUE,TRUE,"closed",FALSE
"mv08w_full_ph_inventory_v1","mv08v","mv08r_ph:internal124:SRA701877_SRS3279686:20260805:sct_pearson_residual_all_qc_fit_selected384:exact500:gene_topology_v1",51400,"af1d5dcff784cfcc8a31c846aa4ea2a8b819ad7558a7e56dfd35e5924530b152",TRUE,TRUE,"closed",FALSE
"mv08w_full_ph_inventory_v1","mv08v","mv08r_ph:internal124:SRA701877_SRS3279686:20260806:sct_pearson_residual_all_qc_fit_selected384:exact500:gene_topology_v1",53308,"20b8aa68b7708f08b873557cb8f1083010a1010c65e4619c5127d220f8bc104c",TRUE,TRUE,"closed",FALSE
"mv08w_full_ph_inventory_v1","mv08v","mv08r_ph:internal124:SRA701877_SRS3279686:20260807:sct_pearson_residual_all_qc_fit_selected384:exact500:gene_topology_v1",51112,"bce234e9bd49fbe9699173ace6bd94303bf3948ffefb98fb2dd171c1576f4127",TRUE,TRUE,"closed",FALSE
"mv08w_full_ph_inventory_v1","mv08v","mv08r_ph:internal124:SRA701877_SRS3279686:20260808:sct_pearson_residual_all_qc_fit_selected384:exact500:gene_topology_v1",50464,"954e86ef2030a3a833ba6787450be259eaa7e7257a58c3fb60bf19fb5635ac22",TRUE,TRUE,"closed",FALSE
"mv08w_full_ph_inventory_v1","mv08v","mv08r_ph:internal124:SRA701877_SRS3279686:20260809:sct_pearson_residual_all_qc_fit_selected384:exact500:gene_topology_v1",54928,"1199d82b79530befa62fa68fbf118e3744cafcf8b9bcd4054f801a6445655a7e",TRUE,TRUE,"closed",FALSE
"mv08w_full_ph_inventory_v1","mv08v","mv08r_ph:internal124:SRA701877_SRS3279687:20260805:sct_pearson_residual_all_qc_fit_selected384:exact500:gene_topology_v1",53488,"dda4d4a31a116025d929df7c01b2dd5b4728404972c3de14c0daa37f3cabc699",TRUE,TRUE,"closed",FALSE
"mv08w_full_ph_inventory_v1","mv08v","mv08r_ph:internal124:SRA701877_SRS3279687:20260806:sct_pearson_residual_all_qc_fit_selected384:exact500:gene_topology_v1",47188,"2c19eab6eca6cf15d57586bd737bad7da2a8094bb5f333e67c3b6610c14fb770",TRUE,TRUE,"closed",FALSE
"mv08w_full_ph_inventory_v1","mv08v","mv08r_ph:internal124:SRA701877_SRS3279687:20260807:sct_pearson_residual_all_qc_fit_selected384:exact500:gene_topology_v1",45532,"8767f59f7a2fab7e3ca80ef7fda49481926f8e69038830cc2e7e309754b17f57",TRUE,TRUE,"closed",FALSE
"mv08w_full_ph_inventory_v1","mv08v","mv08r_ph:internal124:SRA701877_SRS3279687:20260808:sct_pearson_residual_all_qc_fit_selected384:exact500:gene_topology_v1",46576,"42fcf109c15d7cf5d68a58946483e91afcb2f95528b33a74fb7bf76ac60bf1bd",TRUE,TRUE,"closed",FALSE
"mv08w_full_ph_inventory_v1","mv08v","mv08r_ph:internal124:SRA701877_SRS3279687:20260809:sct_pearson_residual_all_qc_fit_selected384:exact500:gene_topology_v1",49312,"045f0119a443bfc2cfd7362d31c0f7b4d6cc1d6cad41db03d993ed6dbd8153af",TRUE,TRUE,"closed",FALSE
"mv08w_full_ph_inventory_v1","mv08v","mv08r_ph:internal124:SRA701877_SRS3279688:20260805:sct_pearson_residual_all_qc_fit_selected384:exact500:gene_topology_v1",54316,"93cc68a9f7c942e829569a371ca695d580b4a041dc2b30522840afa2c08f9499",TRUE,TRUE,"closed",FALSE
"mv08w_full_ph_inventory_v1","mv08v","mv08r_ph:internal124:SRA701877_SRS3279688:20260806:sct_pearson_residual_all_qc_fit_selected384:exact500:gene_topology_v1",55216,"e66547aa557e08cd97769f0786e44ed2555badf02bc80e853f0d27884c5e0c9a",TRUE,TRUE,"closed",FALSE
"mv08w_full_ph_inventory_v1","mv08v","mv08r_ph:internal124:SRA701877_SRS3279688:20260807:sct_pearson_residual_all_qc_fit_selected384:exact500:gene_topology_v1",55504,"a37444b774dd65134afdcf950d47409bd852a993519c1f867f4a38aff54f6ba2",TRUE,TRUE,"closed",FALSE
"mv08w_full_ph_inventory_v1","mv08v","mv08r_ph:internal124:SRA701877_SRS3279688:20260808:sct_pearson_residual_all_qc_fit_selected384:exact500:gene_topology_v1",55036,"08ba6abb9d94918bf25d2d5eb244528394c1e241bc42e09c277eca7c91bc5963",TRUE,TRUE,"closed",FALSE
"mv08w_full_ph_inventory_v1","mv08v","mv08r_ph:internal124:SRA701877_SRS3279688:20260809:sct_pearson_residual_all_qc_fit_selected384:exact500:gene_topology_v1",55288,"f6a8ad1a635ffe0e817e86db75f49be43bd2b7f007b87a9d0d444a059d38493d",TRUE,TRUE,"closed",FALSE
"mv08w_full_ph_inventory_v1","mv08v","mv08r_ph:internal124:SRA701877_SRS3279689:20260805:sct_pearson_residual_all_qc_fit_selected384:exact500:gene_topology_v1",45100,"26e6025ee1cf98ab308fc96888bed997cd8312f9ab19de8473a1e75bc368ed55",TRUE,TRUE,"closed",FALSE
"mv08w_full_ph_inventory_v1","mv08v","mv08r_ph:internal124:SRA701877_SRS3279689:20260806:sct_pearson_residual_all_qc_fit_selected384:exact500:gene_topology_v1",44344,"8c76558997f1d834af5cafe43f99a132a3bb508fb857f375ca675184e176bcd9",TRUE,TRUE,"closed",FALSE
"mv08w_full_ph_inventory_v1","mv08v","mv08r_ph:internal124:SRA701877_SRS3279689:20260807:sct_pearson_residual_all_qc_fit_selected384:exact500:gene_topology_v1",46576,"6795a62035c641d7493abf0010bdde46bd3c66db2b8fe2e536f1e91d4a91370f",TRUE,TRUE,"closed",FALSE
"mv08w_full_ph_inventory_v1","mv08v","mv08r_ph:internal124:SRA701877_SRS3279689:20260808:sct_pearson_residual_all_qc_fit_selected384:exact500:gene_topology_v1",46324,"979da4ed1c216d31ffb30590db9c1f6dd2ae4d5d824561b6e01a5767eb51fb4b",TRUE,TRUE,"closed",FALSE
"mv08w_full_ph_inventory_v1","mv08v","mv08r_ph:internal124:SRA701877_SRS3279689:20260809:sct_pearson_residual_all_qc_fit_selected384:exact500:gene_topology_v1",46432,"4d4cc64028225b85d6c37384d9c02a4d89ad3f24280961be3b931165a2dd7f36",TRUE,TRUE,"closed",FALSE
"mv08w_full_ph_inventory_v1","mv08v","mv08r_ph:internal124:SRA701877_SRS3279690:20260805:sct_pearson_residual_all_qc_fit_selected384:exact500:gene_topology_v1",47440,"d03e220c774008a715dce9ee3e31efcfd5fabf056b2c49bd59b5e01920a89259",TRUE,TRUE,"closed",FALSE
"mv08w_full_ph_inventory_v1","mv08v","mv08r_ph:internal124:SRA701877_SRS3279690:20260806:sct_pearson_residual_all_qc_fit_selected384:exact500:gene_topology_v1",49852,"13b0cb0f8e607369a4ef84b4f35e85be3fc922a166c9bfa7a7d93b74c3812a02",TRUE,TRUE,"closed",FALSE
"mv08w_full_ph_inventory_v1","mv08v","mv08r_ph:internal124:SRA701877_SRS3279690:20260807:sct_pearson_residual_all_qc_fit_selected384:exact500:gene_topology_v1",51148,"942371678d4249944032929f0662eecc6b6676c83d39e4843d8c0e6d43424c3e",TRUE,TRUE,"closed",FALSE
"mv08w_full_ph_inventory_v1","mv08v","mv08r_ph:internal124:SRA701877_SRS3279690:20260808:sct_pearson_residual_all_qc_fit_selected384:exact500:gene_topology_v1",47080,"5a22338537398825e2e6151ae8c3c9f4af76429fd7a2c437876e2a7f4732b2b4",TRUE,TRUE,"closed",FALSE
"mv08w_full_ph_inventory_v1","mv08v","mv08r_ph:internal124:SRA701877_SRS3279690:20260809:sct_pearson_residual_all_qc_fit_selected384:exact500:gene_topology_v1",49528,"52694dbbf919974a21fee1fe2ad64930db56223e3d067256d0979d7451e8e2b3",TRUE,TRUE,"closed",FALSE
"mv08w_full_ph_inventory_v1","mv08v","mv08r_ph:internal124:SRA701877_SRS3279691:20260805:sct_pearson_residual_all_qc_fit_selected384:exact500:gene_topology_v1",42436,"474a2eb828690fde6bdd171de19cc0d92c8067c05847994f093bdb31e9efbdc2",TRUE,TRUE,"closed",FALSE
"mv08w_full_ph_inventory_v1","mv08v","mv08r_ph:internal124:SRA701877_SRS3279691:20260806:sct_pearson_residual_all_qc_fit_selected384:exact500:gene_topology_v1",36914,"f4d7611b1de56608aef33b82e4c729ebbd39e272c32ee2abd47b0713abd1ee07",TRUE,TRUE,"closed",FALSE
"mv08w_full_ph_inventory_v1","mv08v","mv08r_ph:internal124:SRA701877_SRS3279691:20260807:sct_pearson_residual_all_qc_fit_selected384:exact500:gene_topology_v1",42940,"0820fc573f93811b8f1cdd4f20aeec4a7e1d9576300c9ec45865d1fe83863b89",TRUE,TRUE,"closed",FALSE
"mv08w_full_ph_inventory_v1","mv08v","mv08r_ph:internal124:SRA701877_SRS3279691:20260808:sct_pearson_residual_all_qc_fit_selected384:exact500:gene_topology_v1",39412,"81c3fe9f4a3e5d0618e6a89aebda09a983c66a8d92b5b23a40f46c5220418e1f",TRUE,TRUE,"closed",FALSE
"mv08w_full_ph_inventory_v1","mv08v","mv08r_ph:internal124:SRA701877_SRS3279691:20260809:sct_pearson_residual_all_qc_fit_selected384:exact500:gene_topology_v1",40060,"66656da64611e654ac4ee1b792bf735548d2554c7f79c0746c0bbf451f87a715",TRUE,TRUE,"closed",FALSE
"mv08w_full_ph_inventory_v1","mv08v","mv08r_ph:internal124:SRA701877_SRS3279692:20260805:sct_pearson_residual_all_qc_fit_selected384:exact500:gene_topology_v1",47476,"8141c8483535a9cdba094311ac02feb24c6b1dda60964ab8b4ea33c35286342c",TRUE,TRUE,"closed",FALSE
"mv08w_full_ph_inventory_v1","mv08v","mv08r_ph:internal124:SRA701877_SRS3279692:20260806:sct_pearson_residual_all_qc_fit_selected384:exact500:gene_topology_v1",44200,"0d6e5e0965b8b70d8191f6451b928ab00cd2350bcd9c6a6ab9dc5d75db3121df",TRUE,TRUE,"closed",FALSE
"mv08w_full_ph_inventory_v1","mv08v","mv08r_ph:internal124:SRA701877_SRS3279692:20260807:sct_pearson_residual_all_qc_fit_selected384:exact500:gene_topology_v1",45460,"0c610460c6285d3af67d40a867e069b7c78c32f63ff1c28cc0abd6acec527493",TRUE,TRUE,"closed",FALSE
"mv08w_full_ph_inventory_v1","mv08v","mv08r_ph:internal124:SRA701877_SRS3279692:20260808:sct_pearson_residual_all_qc_fit_selected384:exact500:gene_topology_v1",44344,"e90d7f35728ad4ce4538c7e5c554e8d4815fff81d71f25fe6d5af372bc82bcbd",TRUE,TRUE,"closed",FALSE
"mv08w_full_ph_inventory_v1","mv08v","mv08r_ph:internal124:SRA701877_SRS3279692:20260809:sct_pearson_residual_all_qc_fit_selected384:exact500:gene_topology_v1",42040,"bf4837aabe39189ba95f3c0f8538e8e5c01dd8e31ec663fa6ab638a44ca996c3",TRUE,TRUE,"closed",FALSE
"mv08w_full_ph_inventory_v1","mv08v","mv08r_ph:internal124:SRA701877_SRS3279693:20260805:sct_pearson_residual_all_qc_fit_selected384:exact500:gene_topology_v1",48916,"f26831a4b79e3487542a11891400eaac63f9d1fe8230788348459bc2bc17c22b",TRUE,TRUE,"closed",FALSE
"mv08w_full_ph_inventory_v1","mv08v","mv08r_ph:internal124:SRA701877_SRS3279693:20260806:sct_pearson_residual_all_qc_fit_selected384:exact500:gene_topology_v1",52804,"785adce45a1a1db23de2a8dc97ec8a1c52f49dd23e64ba2af375974e72f6c8c2",TRUE,TRUE,"closed",FALSE
"mv08w_full_ph_inventory_v1","mv08v","mv08r_ph:internal124:SRA701877_SRS3279693:20260807:sct_pearson_residual_all_qc_fit_selected384:exact500:gene_topology_v1",50968,"e7886aee8462046faf374b82224bbae749fca53c6374155bbd088d8cb5535a60",TRUE,TRUE,"closed",FALSE
"mv08w_full_ph_inventory_v1","mv08v","mv08r_ph:internal124:SRA701877_SRS3279693:20260808:sct_pearson_residual_all_qc_fit_selected384:exact500:gene_topology_v1",54208,"054b3c7b0fbb572c4883edb91cd52b73efacfbdb8bcda1935257b9c189f0fb0d",TRUE,TRUE,"closed",FALSE
"mv08w_full_ph_inventory_v1","mv08v","mv08r_ph:internal124:SRA701877_SRS3279693:20260809:sct_pearson_residual_all_qc_fit_selected384:exact500:gene_topology_v1",54064,"a56796426b5a17ea25d2b4552d877248799b3b83ca246ea0fc7c5acbb65ee68e",TRUE,TRUE,"closed",FALSE
"mv08w_full_ph_inventory_v1","mv08v","mv08r_ph:internal124:SRA701877_SRS3279694:20260805:sct_pearson_residual_all_qc_fit_selected384:exact500:gene_topology_v1",63136,"d125ce8e0ded528652d9c0bdaca52dc7982f597ba8ce93236aa9e0b0181d5b36",TRUE,TRUE,"closed",FALSE
"mv08w_full_ph_inventory_v1","mv08v","mv08r_ph:internal124:SRA701877_SRS3279694:20260806:sct_pearson_residual_all_qc_fit_selected384:exact500:gene_topology_v1",65404,"7c9cf4f207adb8152b507ffa1a6859a8f000240f1a645640c50c8637757a63c7",TRUE,TRUE,"closed",FALSE
"mv08w_full_ph_inventory_v1","mv08v","mv08r_ph:internal124:SRA701877_SRS3279694:20260807:sct_pearson_residual_all_qc_fit_selected384:exact500:gene_topology_v1",65656,"cb3d8eb0e4c592fc1e38201be0155a637881348e51de95e0762e04759822f730",TRUE,TRUE,"closed",FALSE
"mv08w_full_ph_inventory_v1","mv08v","mv08r_ph:internal124:SRA701877_SRS3279694:20260808:sct_pearson_residual_all_qc_fit_selected384:exact500:gene_topology_v1",67708,"d78a9c63e9608d51d928d7772bad69600ef72fa5066414ce123075199c292bac",TRUE,TRUE,"closed",FALSE
"mv08w_full_ph_inventory_v1","mv08v","mv08r_ph:internal124:SRA701877_SRS3279694:20260809:sct_pearson_residual_all_qc_fit_selected384:exact500:gene_topology_v1",66448,"a3a111df72dba36f0b52df9841787f4ee23eca31cc32792a4b36c5614e3bbb99",TRUE,TRUE,"closed",FALSE
"mv08w_full_ph_inventory_v1","mv08v","mv08r_ph:internal124:SRA701877_SRS3279695:20260805:sct_pearson_residual_all_qc_fit_selected384:exact500:gene_topology_v1",53848,"da60f3f31a18da31aaf49a5a62dc8be57ef0fb5b8ca571046ef05cb8302b9dae",TRUE,TRUE,"closed",FALSE
"mv08w_full_ph_inventory_v1","mv08v","mv08r_ph:internal124:SRA701877_SRS3279695:20260806:sct_pearson_residual_all_qc_fit_selected384:exact500:gene_topology_v1",55828,"d8827ed748d7f6249670fe9d39456637e7f1e872e7d9aecf0f81a5f698fa6486",TRUE,TRUE,"closed",FALSE
"mv08w_full_ph_inventory_v1","mv08v","mv08r_ph:internal124:SRA701877_SRS3279695:20260807:sct_pearson_residual_all_qc_fit_selected384:exact500:gene_topology_v1",60328,"a6c773f5505e4b94187bd8302e35075a8d1faaf042aaf17935f69930660004fb",TRUE,TRUE,"closed",FALSE
"mv08w_full_ph_inventory_v1","mv08v","mv08r_ph:internal124:SRA701877_SRS3279695:20260808:sct_pearson_residual_all_qc_fit_selected384:exact500:gene_topology_v1",52264,"93b383891ac346e0b8105bb03855da139e7a2a058a0b6c688b772679ecdc3247",TRUE,TRUE,"closed",FALSE
"mv08w_full_ph_inventory_v1","mv08v","mv08r_ph:internal124:SRA701877_SRS3279695:20260809:sct_pearson_residual_all_qc_fit_selected384:exact500:gene_topology_v1",54460,"1158b2334fc2ac08dd7f05dcaf8a6723cbcb5077fc8dc40629237cc41de2c28f",TRUE,TRUE,"closed",FALSE
"mv08w_full_ph_inventory_v1","mv08v","mv08r_ph:internal124:SRA703206_SRS3296611:20260805:sct_pearson_residual_all_qc_fit_selected384:exact500:gene_topology_v1",59176,"eb45715baae5e2fe828817ca6a7d3b849b19c74b3efd4e02b4cf3eb0ca9a1871",TRUE,TRUE,"closed",FALSE
"mv08w_full_ph_inventory_v1","mv08v","mv08r_ph:internal124:SRA703206_SRS3296611:20260806:sct_pearson_residual_all_qc_fit_selected384:exact500:gene_topology_v1",63928,"08b2df3e80ffe48033480f65a141677d4c139186fd37aec398f4ff3fe43773f8",TRUE,TRUE,"closed",FALSE
"mv08w_full_ph_inventory_v1","mv08v","mv08r_ph:internal124:SRA703206_SRS3296611:20260807:sct_pearson_residual_all_qc_fit_selected384:exact500:gene_topology_v1",59608,"60730a5b52f671b59c5ac4044dcb854179be1e74bb42981be81d0edcd7937ca6",TRUE,TRUE,"closed",FALSE
"mv08w_full_ph_inventory_v1","mv08v","mv08r_ph:internal124:SRA703206_SRS3296611:20260808:sct_pearson_residual_all_qc_fit_selected384:exact500:gene_topology_v1",60616,"b45536d3c15e23c149b8db0c4f1872db14696bd62e2e5e0e3be527ca394a2d26",TRUE,TRUE,"closed",FALSE
"mv08w_full_ph_inventory_v1","mv08v","mv08r_ph:internal124:SRA703206_SRS3296611:20260809:sct_pearson_residual_all_qc_fit_selected384:exact500:gene_topology_v1",61408,"6de1a0a1d0283009f122416622a633c3b0a54c48206933133621613ddbd8a8a9",TRUE,TRUE,"closed",FALSE
"mv08w_full_ph_inventory_v1","mv08v","mv08r_ph:internal124:SRA703206_SRS3296612:20260805:sct_pearson_residual_all_qc_fit_selected384:exact500:gene_topology_v1",73000,"ebaa3e6ba58a8784890ef350c690c1df58f0aa3832fc82458b6c468a9fb56d49",TRUE,TRUE,"closed",FALSE
"mv08w_full_ph_inventory_v1","mv08v","mv08r_ph:internal124:SRA703206_SRS3296612:20260806:sct_pearson_residual_all_qc_fit_selected384:exact500:gene_topology_v1",66556,"cd8227584189e2608d35cd0dfcfc3ac7662519ce750606635ed78e260045adb6",TRUE,TRUE,"closed",FALSE
"mv08w_full_ph_inventory_v1","mv08v","mv08r_ph:internal124:SRA703206_SRS3296612:20260807:sct_pearson_residual_all_qc_fit_selected384:exact500:gene_topology_v1",72316,"55cde8e37bfa4b6d707a2eb9f337202aa68616d7e3e967e37bb87fd78994a7f2",TRUE,TRUE,"closed",FALSE
"mv08w_full_ph_inventory_v1","mv08v","mv08r_ph:internal124:SRA703206_SRS3296612:20260808:sct_pearson_residual_all_qc_fit_selected384:exact500:gene_topology_v1",74044,"69a50cdc0d436b06d4064ce6f97a237a177668af2f8b27fcf6917b767b789135",TRUE,TRUE,"closed",FALSE
"mv08w_full_ph_inventory_v1","mv08v","mv08r_ph:internal124:SRA703206_SRS3296612:20260809:sct_pearson_residual_all_qc_fit_selected384:exact500:gene_topology_v1",74116,"b19c7def1648d55574b9f8fe265142b1f59c456e198864cb3f04f9f43370c49c",TRUE,TRUE,"closed",FALSE
"mv08w_full_ph_inventory_v1","mv08v","mv08r_ph:internal124:SRA703206_SRS3296613:20260805:sct_pearson_residual_all_qc_fit_selected384:exact500:gene_topology_v1",61696,"2a32cdc13d9ecc1b8b6c8dd8d7ebded80dad5825a99737e335efb43c5d0dbc2e",TRUE,TRUE,"closed",FALSE
"mv08w_full_ph_inventory_v1","mv08v","mv08r_ph:internal124:SRA703206_SRS3296613:20260806:sct_pearson_residual_all_qc_fit_selected384:exact500:gene_topology_v1",63028,"bddb57f2cfcf3c80ec6df593c85964efdcb07e2cecf9117043e15bbc7c2fb5a8",TRUE,TRUE,"closed",FALSE
"mv08w_full_ph_inventory_v1","mv08v","mv08r_ph:internal124:SRA703206_SRS3296613:20260807:sct_pearson_residual_all_qc_fit_selected384:exact500:gene_topology_v1",61120,"935520ea71ec397d476d16707cb5d089ca59344c1cc69be632d1c708385a21a5",TRUE,TRUE,"closed",FALSE
"mv08w_full_ph_inventory_v1","mv08v","mv08r_ph:internal124:SRA703206_SRS3296613:20260808:sct_pearson_residual_all_qc_fit_selected384:exact500:gene_topology_v1",63280,"d1c375bfaa0c2650c70694c19224208042a383ebb1b34bf0139973c51479b075",TRUE,TRUE,"closed",FALSE
"mv08w_full_ph_inventory_v1","mv08v","mv08r_ph:internal124:SRA703206_SRS3296613:20260809:sct_pearson_residual_all_qc_fit_selected384:exact500:gene_topology_v1",57988,"eb3436a8d88f43fc48d90e559cd2c8a39c287ecaf3fd110148fb6708f5864eb7",TRUE,TRUE,"closed",FALSE
"mv08w_full_ph_inventory_v1","mv08v","mv08r_ph:internal124:SRA703206_SRS3296614:20260805:sct_pearson_residual_all_qc_fit_selected384:exact500:gene_topology_v1",60328,"f611219586b9c82219b8991ff8e186616f3439ed2a755d124ff8e1bf09796b98",TRUE,TRUE,"closed",FALSE
"mv08w_full_ph_inventory_v1","mv08v","mv08r_ph:internal124:SRA703206_SRS3296614:20260806:sct_pearson_residual_all_qc_fit_selected384:exact500:gene_topology_v1",61768,"3cdc97b0d19885cd3f01acd24841a9bd644006a4efaaf97927b3e8e9108f695b",TRUE,TRUE,"closed",FALSE
"mv08w_full_ph_inventory_v1","mv08v","mv08r_ph:internal124:SRA703206_SRS3296614:20260807:sct_pearson_residual_all_qc_fit_selected384:exact500:gene_topology_v1",60256,"6f8f7c2898b55da59ed6033ac5561cdce67c2d937bcb75eb3c48d10be883afbe",TRUE,TRUE,"closed",FALSE
"mv08w_full_ph_inventory_v1","mv08v","mv08r_ph:internal124:SRA703206_SRS3296614:20260808:sct_pearson_residual_all_qc_fit_selected384:exact500:gene_topology_v1",62920,"3d1ab9b5dfcb205d6c22441eeda7c6a1bfc2ab441b65c07e583861cb69f59dde",TRUE,TRUE,"closed",FALSE
"mv08w_full_ph_inventory_v1","mv08v","mv08r_ph:internal124:SRA703206_SRS3296614:20260809:sct_pearson_residual_all_qc_fit_selected384:exact500:gene_topology_v1",59032,"969652e9206aeccc206f82f95689e782d37e1b19635c0f8218220e9cdb9936fe",TRUE,TRUE,"closed",FALSE
"mv08w_full_ph_inventory_v1","mv08v","mv08r_ph:internal124:SRA713577_SRS3363004:20260805:sct_pearson_residual_all_qc_fit_selected384:exact500:gene_topology_v1",68680,"9288bfa038c4f7f1155b69f37bd9779da7930eb699ae914a6f8bf75a795e0c8b",TRUE,TRUE,"closed",FALSE
"mv08w_full_ph_inventory_v1","mv08v","mv08r_ph:internal124:SRA713577_SRS3363004:20260806:sct_pearson_residual_all_qc_fit_selected384:exact500:gene_topology_v1",71308,"8cac96ec25143389d533e1f070343de0eed1617df63b6596a20b18aadb111ae4",TRUE,TRUE,"closed",FALSE
"mv08w_full_ph_inventory_v1","mv08v","mv08r_ph:internal124:SRA713577_SRS3363004:20260807:sct_pearson_residual_all_qc_fit_selected384:exact500:gene_topology_v1",70768,"d00ed35155271c21adbbc90fbb06399883b5eb27dc4f8ea29e06edd17c1f2005",TRUE,TRUE,"closed",FALSE
"mv08w_full_ph_inventory_v1","mv08v","mv08r_ph:internal124:SRA713577_SRS3363004:20260808:sct_pearson_residual_all_qc_fit_selected384:exact500:gene_topology_v1",68356,"5a0920d1ed61562acf34f448350b66d7758fca1d08186b8ba0f1ba87d22b18a9",TRUE,TRUE,"closed",FALSE
"mv08w_full_ph_inventory_v1","mv08v","mv08r_ph:internal124:SRA713577_SRS3363004:20260809:sct_pearson_residual_all_qc_fit_selected384:exact500:gene_topology_v1",68896,"81096a92e81e9b15f8b30b48db669aa27b744dbfac0beb4cbe5c25831b042892",TRUE,TRUE,"closed",FALSE
"mv08w_full_ph_inventory_v1","mv08v","mv08r_ph:internal124:SRA716608_SRS3391629:20260805:sct_pearson_residual_all_qc_fit_selected384:exact500:gene_topology_v1",56800,"31da879aef4bc885d5ca678fd898be2cce3d7e616af9556eb4ea730e73b5dd18",TRUE,TRUE,"closed",FALSE
"mv08w_full_ph_inventory_v1","mv08v","mv08r_ph:internal124:SRA716608_SRS3391629:20260806:sct_pearson_residual_all_qc_fit_selected384:exact500:gene_topology_v1",54244,"aee78bce0455244eee8ca790d7c6469721a3aea4076ccccccfd261bd6ac93d90",TRUE,TRUE,"closed",FALSE
"mv08w_full_ph_inventory_v1","mv08v","mv08r_ph:internal124:SRA716608_SRS3391629:20260807:sct_pearson_residual_all_qc_fit_selected384:exact500:gene_topology_v1",52768,"7b30bd7483fd947552eeff55ed5d5442b0d9548ad77e810691f788ad3165271a",TRUE,TRUE,"closed",FALSE
"mv08w_full_ph_inventory_v1","mv08v","mv08r_ph:internal124:SRA716608_SRS3391629:20260808:sct_pearson_residual_all_qc_fit_selected384:exact500:gene_topology_v1",56224,"88b8da7501f6c2249f4da4d9955511d70153e2d07b0d8f56d855cf1cfc0e552b",TRUE,TRUE,"closed",FALSE
"mv08w_full_ph_inventory_v1","mv08v","mv08r_ph:internal124:SRA716608_SRS3391629:20260809:sct_pearson_residual_all_qc_fit_selected384:exact500:gene_topology_v1",58852,"84b516fc570f19de9f165ef74d39a87f8ddbb7ef4f6bbb343dda0833d3b6ade4",TRUE,TRUE,"closed",FALSE
"mv08w_full_ph_inventory_v1","mv08v","mv08r_ph:internal124:SRA716608_SRS3391630:20260805:sct_pearson_residual_all_qc_fit_selected384:exact500:gene_topology_v1",45208,"296d36aafeb87e0017b9085be1e512a5654fb1a86ef9fe577f58ec79b3474b1c",TRUE,TRUE,"closed",FALSE
"mv08w_full_ph_inventory_v1","mv08v","mv08r_ph:internal124:SRA716608_SRS3391630:20260806:sct_pearson_residual_all_qc_fit_selected384:exact500:gene_topology_v1",45028,"863c2a47fb09b88645f6dfa1f3a9714496ddec8407fb120a5b7f8b96eebd5b2e",TRUE,TRUE,"closed",FALSE
"mv08w_full_ph_inventory_v1","mv08v","mv08r_ph:internal124:SRA716608_SRS3391630:20260807:sct_pearson_residual_all_qc_fit_selected384:exact500:gene_topology_v1",49312,"59706c3150cabc6395b935efc81c0fd149af1dc28c9c5652944e5036aca9e2ea",TRUE,TRUE,"closed",FALSE
"mv08w_full_ph_inventory_v1","mv08v","mv08r_ph:internal124:SRA716608_SRS3391630:20260808:sct_pearson_residual_all_qc_fit_selected384:exact500:gene_topology_v1",48916,"59e4de3d494b961df09cf779edde92f359e5f9ed94f7eaa2047fc786ea67745a",TRUE,TRUE,"closed",FALSE
"mv08w_full_ph_inventory_v1","mv08v","mv08r_ph:internal124:SRA716608_SRS3391630:20260809:sct_pearson_residual_all_qc_fit_selected384:exact500:gene_topology_v1",48448,"daab29d8dfdf02f7f23d667516305f2422232b133a75fd6df74a0660cc82c90f",TRUE,TRUE,"closed",FALSE
"mv08w_full_ph_inventory_v1","mv08v","mv08r_ph:internal124:SRA716608_SRS3391631:20260805:sct_pearson_residual_all_qc_fit_selected384:exact500:gene_topology_v1",39592,"09e1451bc4345275b0a4f25b91410f79e0947aa5fa606738bc4661cfbb15dc25",TRUE,TRUE,"closed",FALSE
"mv08w_full_ph_inventory_v1","mv08v","mv08r_ph:internal124:SRA716608_SRS3391631:20260806:sct_pearson_residual_all_qc_fit_selected384:exact500:gene_topology_v1",37089,"518fc0b3b8be5471c49e1222292a926f092ef940a60d50f5e9148e4e7049fd82",TRUE,TRUE,"closed",FALSE
"mv08w_full_ph_inventory_v1","mv08v","mv08r_ph:internal124:SRA716608_SRS3391631:20260807:sct_pearson_residual_all_qc_fit_selected384:exact500:gene_topology_v1",38034,"e581a8c750f22a6089072fdb6585f5c5cee6b2397da94ea491c76782e073c974",TRUE,TRUE,"closed",FALSE
"mv08w_full_ph_inventory_v1","mv08v","mv08r_ph:internal124:SRA716608_SRS3391631:20260808:sct_pearson_residual_all_qc_fit_selected384:exact500:gene_topology_v1",37649,"880176785895ea643b8b6ba3e687170713a453a032c071e1db1d11efd417adf5",TRUE,TRUE,"closed",FALSE
"mv08w_full_ph_inventory_v1","mv08v","mv08r_ph:internal124:SRA716608_SRS3391631:20260809:sct_pearson_residual_all_qc_fit_selected384:exact500:gene_topology_v1",37824,"af70f3d4d79427258fd4b4dcb0e0b0faf3e095af384f18828623e616db4a9708",TRUE,TRUE,"closed",FALSE
"mv08w_full_ph_inventory_v1","mv08v","mv08r_ph:internal124:SRA716608_SRS3391632:20260805:sct_pearson_residual_all_qc_fit_selected384:exact500:gene_topology_v1",35444,"e6263f8767e34aba61511316ca80a1dc587edc4648685a1f2353255c3e4e4c8e",TRUE,TRUE,"closed",FALSE
"mv08w_full_ph_inventory_v1","mv08v","mv08r_ph:internal124:SRA716608_SRS3391632:20260806:sct_pearson_residual_all_qc_fit_selected384:exact500:gene_topology_v1",36214,"02756ec057b51ca7121669fa7c21dcec19687fb49c6763521b3fdaaf4bd99bc1",TRUE,TRUE,"closed",FALSE
"mv08w_full_ph_inventory_v1","mv08v","mv08r_ph:internal124:SRA716608_SRS3391632:20260807:sct_pearson_residual_all_qc_fit_selected384:exact500:gene_topology_v1",35934,"cde0a8e394a52053e2fbf1a2c71978b4c133327974c04d37ae95cce6c6f3722c",TRUE,TRUE,"closed",FALSE
"mv08w_full_ph_inventory_v1","mv08v","mv08r_ph:internal124:SRA716608_SRS3391632:20260808:sct_pearson_residual_all_qc_fit_selected384:exact500:gene_topology_v1",35899,"93b677b324eb0232d1766b42da2c3358e2e91434c17bf30af8fc66fbe7002ac9",TRUE,TRUE,"closed",FALSE
"mv08w_full_ph_inventory_v1","mv08v","mv08r_ph:internal124:SRA716608_SRS3391632:20260809:sct_pearson_residual_all_qc_fit_selected384:exact500:gene_topology_v1",36284,"fb5f5ae3a3d84f0f1fa0681df209027c11b1ed91d2990f05e54ebc14d0402410",TRUE,TRUE,"closed",FALSE
"mv08w_full_ph_inventory_v1","mv08v","mv08r_ph:internal124:SRA716608_SRS3391633:20260805:sct_pearson_residual_all_qc_fit_selected384:exact500:gene_topology_v1",77032,"c73a392227f3e35b1728f0a801016eaed3d866b7425f2b00874b382bace297b2",TRUE,TRUE,"closed",FALSE
"mv08w_full_ph_inventory_v1","mv08v","mv08r_ph:internal124:SRA716608_SRS3391633:20260806:sct_pearson_residual_all_qc_fit_selected384:exact500:gene_topology_v1",85888,"9e75ee0ea2b6c7d73ed249741fa4f10a8f42a86d2caac66f9f0e38e98e481f22",TRUE,TRUE,"closed",FALSE
"mv08w_full_ph_inventory_v1","mv08v","mv08r_ph:internal124:SRA716608_SRS3391633:20260807:sct_pearson_residual_all_qc_fit_selected384:exact500:gene_topology_v1",82288,"441580f37715654a8db45795eb7d595a554775724a2c2921b5f113f2da56fce4",TRUE,TRUE,"closed",FALSE
"mv08w_full_ph_inventory_v1","mv08v","mv08r_ph:internal124:SRA716608_SRS3391633:20260808:sct_pearson_residual_all_qc_fit_selected384:exact500:gene_topology_v1",87760,"0c7438a35f5ca5daf6e0b96c40e5727d1b16db86fcacecb4c148641d8226d28b",TRUE,TRUE,"closed",FALSE
"mv08w_full_ph_inventory_v1","mv08v","mv08r_ph:internal124:SRA716608_SRS3391633:20260809:sct_pearson_residual_all_qc_fit_selected384:exact500:gene_topology_v1",80272,"e8f9aefda039e88db833dea6e2e85c4b1e6e79eea1b0b0c598ba9e9407cda94c",TRUE,TRUE,"closed",FALSE
"mv08w_full_ph_inventory_v1","mv08v","mv08r_ph:internal124:SRA728025_SRS3454421:20260805:sct_pearson_residual_all_qc_fit_selected384:exact500:gene_topology_v1",35969,"cee22ac01e176f1568c6d037116dd156f38492f59a9248fcea9a13f0aadd8476",TRUE,TRUE,"closed",FALSE
"mv08w_full_ph_inventory_v1","mv08v","mv08r_ph:internal124:SRA728025_SRS3454421:20260806:sct_pearson_residual_all_qc_fit_selected384:exact500:gene_topology_v1",35794,"1efaa5cb29c0c6530d469b1c6c6dfaca439680b5b3fc64597c71e78b000bc264",TRUE,TRUE,"closed",FALSE
"mv08w_full_ph_inventory_v1","mv08v","mv08r_ph:internal124:SRA728025_SRS3454421:20260807:sct_pearson_residual_all_qc_fit_selected384:exact500:gene_topology_v1",35899,"6ccdbe7f6b3903713982181cf1bd01b4b2fea0cec522dfc6f4545087425a2b94",TRUE,TRUE,"closed",FALSE
"mv08w_full_ph_inventory_v1","mv08v","mv08r_ph:internal124:SRA728025_SRS3454421:20260808:sct_pearson_residual_all_qc_fit_selected384:exact500:gene_topology_v1",34289,"2f3dbf948dcfc3b05de7b69721a88fc7226b83307f5f8d8c52affb93f7167401",TRUE,TRUE,"closed",FALSE
"mv08w_full_ph_inventory_v1","mv08v","mv08r_ph:internal124:SRA728025_SRS3454421:20260809:sct_pearson_residual_all_qc_fit_selected384:exact500:gene_topology_v1",35129,"461e0e118fb1adce49d64879b0d3952ee2622cf7e41fb1a0579501456e266eb0",TRUE,TRUE,"closed",FALSE
"mv08w_full_ph_inventory_v1","mv08v","mv08r_ph:internal124:SRA728025_SRS3454422:20260805:sct_pearson_residual_all_qc_fit_selected384:exact500:gene_topology_v1",31209,"2a9a269e21fa8305273b49a55206ed0f41594d75098b84aeb2f35eb686f86e3b",TRUE,TRUE,"closed",FALSE
"mv08w_full_ph_inventory_v1","mv08v","mv08r_ph:internal124:SRA728025_SRS3454422:20260806:sct_pearson_residual_all_qc_fit_selected384:exact500:gene_topology_v1",31209,"56fb49d3347661f710d26dcfb3100bed0600ad76f4a27389678fdb00dbd4b481",TRUE,TRUE,"closed",FALSE
"mv08w_full_ph_inventory_v1","mv08v","mv08r_ph:internal124:SRA728025_SRS3454422:20260807:sct_pearson_residual_all_qc_fit_selected384:exact500:gene_topology_v1",30439,"4fb9ecf09ca49e5bbdc867ea0b05ff78d32cb1396c600c07ab7b92dfad0e20ea",TRUE,TRUE,"closed",FALSE
"mv08w_full_ph_inventory_v1","mv08v","mv08r_ph:internal124:SRA728025_SRS3454422:20260808:sct_pearson_residual_all_qc_fit_selected384:exact500:gene_topology_v1",30929,"5e7531193bb074f21ede32f3caa7567d98397787505e27e51ef107d7a5f4ccba",TRUE,TRUE,"closed",FALSE
"mv08w_full_ph_inventory_v1","mv08v","mv08r_ph:internal124:SRA728025_SRS3454422:20260809:sct_pearson_residual_all_qc_fit_selected384:exact500:gene_topology_v1",31524,"6ab14dd291dc9f026412e668ab33860a2125250e3d795de0cfd02c9dac240eb2",TRUE,TRUE,"closed",FALSE
"mv08w_full_ph_inventory_v1","mv08v","mv08r_ph:internal124:SRA728025_SRS3454423:20260805:sct_pearson_residual_all_qc_fit_selected384:exact500:gene_topology_v1",30439,"60cf41d84dbed306e005469ed1756ccfe939b78c0e152cbac53025d9af8c065c",TRUE,TRUE,"closed",FALSE
"mv08w_full_ph_inventory_v1","mv08v","mv08r_ph:internal124:SRA728025_SRS3454423:20260806:sct_pearson_residual_all_qc_fit_selected384:exact500:gene_topology_v1",30754,"c89e5966dc596fee0a244af6ad9c532d35644a2afb85083d3f485e4a1272deb0",TRUE,TRUE,"closed",FALSE
"mv08w_full_ph_inventory_v1","mv08v","mv08r_ph:internal124:SRA728025_SRS3454423:20260807:sct_pearson_residual_all_qc_fit_selected384:exact500:gene_topology_v1",30649,"a6e6401b7dc4d1cbf671bcbf0cc81f6d88b37e589c770716f8a0d520e914c1d7",TRUE,TRUE,"closed",FALSE
"mv08w_full_ph_inventory_v1","mv08v","mv08r_ph:internal124:SRA728025_SRS3454423:20260808:sct_pearson_residual_all_qc_fit_selected384:exact500:gene_topology_v1",30474,"d511a140bd2fe0d7774742b6f2abc025f48dd6c5531a3e44a67bdcdb95937177",TRUE,TRUE,"closed",FALSE
"mv08w_full_ph_inventory_v1","mv08v","mv08r_ph:internal124:SRA728025_SRS3454423:20260809:sct_pearson_residual_all_qc_fit_selected384:exact500:gene_topology_v1",30964,"25af9c0ab531de9dcd0fe875923cb96784e261f406943eca6d9e5f22035b648f",TRUE,TRUE,"closed",FALSE
"mv08w_full_ph_inventory_v1","mv08v","mv08r_ph:internal124:SRA728025_SRS3454424:20260805:sct_pearson_residual_all_qc_fit_selected384:exact500:gene_topology_v1",33624,"8be8a43f11c25ae8aa5140130ce55d3084da72e0c79ce43283b823f1abc15254",TRUE,TRUE,"closed",FALSE
"mv08w_full_ph_inventory_v1","mv08v","mv08r_ph:internal124:SRA728025_SRS3454424:20260806:sct_pearson_residual_all_qc_fit_selected384:exact500:gene_topology_v1",33449,"e7fe440ac3505fb73cae4a09c8b6d4393e684df65ddcc8e0836718c9c2cc4554",TRUE,TRUE,"closed",FALSE
"mv08w_full_ph_inventory_v1","mv08v","mv08r_ph:internal124:SRA728025_SRS3454424:20260807:sct_pearson_residual_all_qc_fit_selected384:exact500:gene_topology_v1",33729,"36f66a3493a94613c0b998cafe0feb5d91c3feaf31ee8562e199162112e75f21",TRUE,TRUE,"closed",FALSE
"mv08w_full_ph_inventory_v1","mv08v","mv08r_ph:internal124:SRA728025_SRS3454424:20260808:sct_pearson_residual_all_qc_fit_selected384:exact500:gene_topology_v1",33134,"3f761521960bf9464550ea296ee948b00e8d170062b45ca21d9ec93c352aca6c",TRUE,TRUE,"closed",FALSE
"mv08w_full_ph_inventory_v1","mv08v","mv08r_ph:internal124:SRA728025_SRS3454424:20260809:sct_pearson_residual_all_qc_fit_selected384:exact500:gene_topology_v1",33414,"d4f64d346c3327246b88a7998fdc5a5dbf009ec346937744f2a2e064c7ac2403",TRUE,TRUE,"closed",FALSE
"mv08w_full_ph_inventory_v1","mv08v","mv08r_ph:internal124:SRA728025_SRS3454425:20260805:sct_pearson_residual_all_qc_fit_selected384:exact500:gene_topology_v1",35829,"a808f673d6eca5da0193400d8485d055bdd0acdfb6eff6a9c7e8fd424a858163",TRUE,TRUE,"closed",FALSE
"mv08w_full_ph_inventory_v1","mv08v","mv08r_ph:internal124:SRA728025_SRS3454425:20260806:sct_pearson_residual_all_qc_fit_selected384:exact500:gene_topology_v1",34884,"951b39d95a84e7babdd56eaf19c65cb7738b0d3de8452b1d81c5e23ebfe6ca7f",TRUE,TRUE,"closed",FALSE
"mv08w_full_ph_inventory_v1","mv08v","mv08r_ph:internal124:SRA728025_SRS3454425:20260807:sct_pearson_residual_all_qc_fit_selected384:exact500:gene_topology_v1",33974,"75ddb6a6811ff314e114324c358af40d9dc48e10e82ca3e633f1a74dffd2165c",TRUE,TRUE,"closed",FALSE
"mv08w_full_ph_inventory_v1","mv08v","mv08r_ph:internal124:SRA728025_SRS3454425:20260808:sct_pearson_residual_all_qc_fit_selected384:exact500:gene_topology_v1",34394,"b76940ead3295392242fcbaf9c40a244f25d2f91ddc385ba51d88de52db705a6",TRUE,TRUE,"closed",FALSE
"mv08w_full_ph_inventory_v1","mv08v","mv08r_ph:internal124:SRA728025_SRS3454425:20260809:sct_pearson_residual_all_qc_fit_selected384:exact500:gene_topology_v1",34674,"c964df474b947290985feaf3f8530dd670d79e9e3d5fef8424396ad6f3f4cf23",TRUE,TRUE,"closed",FALSE
"mv08w_full_ph_inventory_v1","mv08v","mv08r_ph:internal124:SRA728025_SRS3454426:20260805:sct_pearson_residual_all_qc_fit_selected384:exact500:gene_topology_v1",34674,"fa709d6f19611bd150c84a56a4df14656f65da76477bb63841f1487b81d348c7",TRUE,TRUE,"closed",FALSE
"mv08w_full_ph_inventory_v1","mv08v","mv08r_ph:internal124:SRA728025_SRS3454426:20260806:sct_pearson_residual_all_qc_fit_selected384:exact500:gene_topology_v1",34254,"344f7af7a21277547e18babe568b26020409023f33698a0d3980752c6134f650",TRUE,TRUE,"closed",FALSE
"mv08w_full_ph_inventory_v1","mv08v","mv08r_ph:internal124:SRA728025_SRS3454426:20260807:sct_pearson_residual_all_qc_fit_selected384:exact500:gene_topology_v1",36109,"6082c1cbc819c63eaa67cd3564329445e03845d4bfcafabd6328d6c40a36c3c0",TRUE,TRUE,"closed",FALSE
"mv08w_full_ph_inventory_v1","mv08v","mv08r_ph:internal124:SRA728025_SRS3454426:20260808:sct_pearson_residual_all_qc_fit_selected384:exact500:gene_topology_v1",37299,"00b4e940edef9651937425e82cfef6e06a53c7db30fc0a60527c6ce8a4ffe7a4",TRUE,TRUE,"closed",FALSE
"mv08w_full_ph_inventory_v1","mv08v","mv08r_ph:internal124:SRA728025_SRS3454426:20260809:sct_pearson_residual_all_qc_fit_selected384:exact500:gene_topology_v1",36564,"550e6e43edb9c71837f1a1bb6672ba8a7e9b0168b901b60e6fb8a78887ece836",TRUE,TRUE,"closed",FALSE
"mv08w_full_ph_inventory_v1","mv08v","mv08r_ph:internal124:SRA728025_SRS3454427:20260805:sct_pearson_residual_all_qc_fit_selected384:exact500:gene_topology_v1",36249,"c1b78882fcce7958a881c42011d5ca0d3dc660f1e30aafbb29ede7e5f54b9b97",TRUE,TRUE,"closed",FALSE
"mv08w_full_ph_inventory_v1","mv08v","mv08r_ph:internal124:SRA728025_SRS3454427:20260806:sct_pearson_residual_all_qc_fit_selected384:exact500:gene_topology_v1",36074,"49968253738567127472a06053e7d4d645b1b2477a0cdc315122e0d05227f8b6",TRUE,TRUE,"closed",FALSE
"mv08w_full_ph_inventory_v1","mv08v","mv08r_ph:internal124:SRA728025_SRS3454427:20260807:sct_pearson_residual_all_qc_fit_selected384:exact500:gene_topology_v1",35444,"e9165d44418614721a05799dea6a490bcc931e1f5af2847b1dec597204221580",TRUE,TRUE,"closed",FALSE
"mv08w_full_ph_inventory_v1","mv08v","mv08r_ph:internal124:SRA728025_SRS3454427:20260808:sct_pearson_residual_all_qc_fit_selected384:exact500:gene_topology_v1",35094,"482de358ba47db75ca1b355394757d8ad220eeb3cb5d498a9bfeae79b1e4dafd",TRUE,TRUE,"closed",FALSE
"mv08w_full_ph_inventory_v1","mv08v","mv08r_ph:internal124:SRA728025_SRS3454427:20260809:sct_pearson_residual_all_qc_fit_selected384:exact500:gene_topology_v1",36214,"8bdf75be25810ae7445beee9fcb193bf504f89b30f5110fa85f0a9233e8c5d5c",TRUE,TRUE,"closed",FALSE
"mv08w_full_ph_inventory_v1","mv08v","mv08r_ph:internal124:SRA728025_SRS3454428:20260805:sct_pearson_residual_all_qc_fit_selected384:exact500:gene_topology_v1",37159,"b3f18a620a460c5310e70a8f02519818e9ab8d449d1083c803cf9a0ee631747a",TRUE,TRUE,"closed",FALSE
"mv08w_full_ph_inventory_v1","mv08v","mv08r_ph:internal124:SRA728025_SRS3454428:20260806:sct_pearson_residual_all_qc_fit_selected384:exact500:gene_topology_v1",35269,"cd92384ed91c580c1228b44dab9deb8f6142598fa211ebac73789dba2265917a",TRUE,TRUE,"closed",FALSE
"mv08w_full_ph_inventory_v1","mv08v","mv08r_ph:internal124:SRA728025_SRS3454428:20260807:sct_pearson_residual_all_qc_fit_selected384:exact500:gene_topology_v1",38699,"dcfe4cf5818f5adab92a4157766e5287ad315719b0a7040a0ad9af170c4c69c7",TRUE,TRUE,"closed",FALSE
"mv08w_full_ph_inventory_v1","mv08v","mv08r_ph:internal124:SRA728025_SRS3454428:20260808:sct_pearson_residual_all_qc_fit_selected384:exact500:gene_topology_v1",35759,"e2ec92b2af7dcb02784a56f16366ca5d7a290ea3928b43edd9bacc75be931b60",TRUE,TRUE,"closed",FALSE
"mv08w_full_ph_inventory_v1","mv08v","mv08r_ph:internal124:SRA728025_SRS3454428:20260809:sct_pearson_residual_all_qc_fit_selected384:exact500:gene_topology_v1",35759,"78dc0003647d39377e799a4374b20087578fa525f4e128b15f80958094cae2e8",TRUE,TRUE,"closed",FALSE
"mv08w_full_ph_inventory_v1","mv08v","mv08r_ph:internal124:SRA728025_SRS3454430:20260805:sct_pearson_residual_all_qc_fit_selected384:exact500:gene_topology_v1",31349,"e7b5b06fd08ecf544e1a093669332f02a0f897decaf8d9cbb41ea241d4a65eb2",TRUE,TRUE,"closed",FALSE
"mv08w_full_ph_inventory_v1","mv08v","mv08r_ph:internal124:SRA728025_SRS3454430:20260806:sct_pearson_residual_all_qc_fit_selected384:exact500:gene_topology_v1",30719,"91f5a9a7a1fe9389ef12996463e37c9307e8acff526689b71bb59574b67f1cf2",TRUE,TRUE,"closed",FALSE
"mv08w_full_ph_inventory_v1","mv08v","mv08r_ph:internal124:SRA728025_SRS3454430:20260807:sct_pearson_residual_all_qc_fit_selected384:exact500:gene_topology_v1",30229,"4f9dffc2a9ffc6499a3248c3a77c08a1aa3b98ce6315fa514416abeb41a960b5",TRUE,TRUE,"closed",FALSE
"mv08w_full_ph_inventory_v1","mv08v","mv08r_ph:internal124:SRA728025_SRS3454430:20260808:sct_pearson_residual_all_qc_fit_selected384:exact500:gene_topology_v1",31419,"82c47b770173463d91198286eafab3c42df98f6d504fa7f2e7c7c9b0872b0d04",TRUE,TRUE,"closed",FALSE
"mv08w_full_ph_inventory_v1","mv08v","mv08r_ph:internal124:SRA728025_SRS3454430:20260809:sct_pearson_residual_all_qc_fit_selected384:exact500:gene_topology_v1",31559,"cf54d5ce3b36468e2ed8a5b8b137241a5452699b497a363c0bb73efa3baecda2",TRUE,TRUE,"closed",FALSE
"mv08w_full_ph_inventory_v1","mv08v","mv08r_ph:internal124:SRA740174_SRS3548780:20260805:sct_pearson_residual_all_qc_fit_selected384:exact500:gene_topology_v1",42832,"5bb8e0e55ac58389ce6f07d7bff70dcd686d6d7aca02e4d1851cd99b2ec2b28d",TRUE,TRUE,"closed",FALSE
"mv08w_full_ph_inventory_v1","mv08v","mv08r_ph:internal124:SRA740174_SRS3548780:20260806:sct_pearson_residual_all_qc_fit_selected384:exact500:gene_topology_v1",44812,"1cb97ad4b765ca279fbce5a3b5751aacb31cb71862e963f47a522f251df468c9",TRUE,TRUE,"closed",FALSE
"mv08w_full_ph_inventory_v1","mv08v","mv08r_ph:internal124:SRA740174_SRS3548780:20260807:sct_pearson_residual_all_qc_fit_selected384:exact500:gene_topology_v1",42364,"d31b0c096c9f010bf71615dd00fb46039c49a843e2f75604a3cb6290ed12cd8a",TRUE,TRUE,"closed",FALSE
"mv08w_full_ph_inventory_v1","mv08v","mv08r_ph:internal124:SRA740174_SRS3548780:20260808:sct_pearson_residual_all_qc_fit_selected384:exact500:gene_topology_v1",43444,"a276a7a4afe980ad2eb4d9849f5dea9fa087dab629b6b0331b82bcf53341be58",TRUE,TRUE,"closed",FALSE
"mv08w_full_ph_inventory_v1","mv08v","mv08r_ph:internal124:SRA740174_SRS3548780:20260809:sct_pearson_residual_all_qc_fit_selected384:exact500:gene_topology_v1",43480,"879dd2f0b19d36c3527ea05a8a7b0c592e6bc3ddc651dd061cc0f008a51171ef",TRUE,TRUE,"closed",FALSE
"mv08w_full_ph_inventory_v1","mv08v","mv08r_ph:internal124:SRA740174_SRS3548781:20260805:sct_pearson_residual_all_qc_fit_selected384:exact500:gene_topology_v1",37824,"c760d2aa521ce5cce17f29e0bbc47c237a60cc83edd0a23a7d44ca1e527d9808",TRUE,TRUE,"closed",FALSE
"mv08w_full_ph_inventory_v1","mv08v","mv08r_ph:internal124:SRA740174_SRS3548781:20260806:sct_pearson_residual_all_qc_fit_selected384:exact500:gene_topology_v1",33484,"f4a2b8faa01d215f3b16896119b18e5b8420d8fe3baf73a1107bec619b995a13",TRUE,TRUE,"closed",FALSE
"mv08w_full_ph_inventory_v1","mv08v","mv08r_ph:internal124:SRA740174_SRS3548781:20260807:sct_pearson_residual_all_qc_fit_selected384:exact500:gene_topology_v1",36459,"c9df798cae6a4bb172afb965e391de8ec80072237ea6c348ca41776224c35adc",TRUE,TRUE,"closed",FALSE
"mv08w_full_ph_inventory_v1","mv08v","mv08r_ph:internal124:SRA740174_SRS3548781:20260808:sct_pearson_residual_all_qc_fit_selected384:exact500:gene_topology_v1",36634,"b5eb0530608758b4826ece59fd2d0981a14f11e99e5ec696a512bf7954489cb5",TRUE,TRUE,"closed",FALSE
"mv08w_full_ph_inventory_v1","mv08v","mv08r_ph:internal124:SRA740174_SRS3548781:20260809:sct_pearson_residual_all_qc_fit_selected384:exact500:gene_topology_v1",36284,"a1e18b42d8d09443d57ca35514ca3857d3f892a4a5dfe0ca9a333bc8e1cf1e8b",TRUE,TRUE,"closed",FALSE
"mv08w_full_ph_inventory_v1","mv08v","mv08r_ph:internal124:SRA740174_SRS3548782:20260805:sct_pearson_residual_all_qc_fit_selected384:exact500:gene_topology_v1",41500,"eb083ab2b604accc0bc066938fc46b53e6df8b1397c99fe46d78bd2831efa203",TRUE,TRUE,"closed",FALSE
"mv08w_full_ph_inventory_v1","mv08v","mv08r_ph:internal124:SRA740174_SRS3548782:20260806:sct_pearson_residual_all_qc_fit_selected384:exact500:gene_topology_v1",42472,"767aacb50cebd32081a628c7bd0474b6693d09381b0c8162f11af6d060a6ae9f",TRUE,TRUE,"closed",FALSE
"mv08w_full_ph_inventory_v1","mv08v","mv08r_ph:internal124:SRA740174_SRS3548782:20260807:sct_pearson_residual_all_qc_fit_selected384:exact500:gene_topology_v1",40744,"b0a0d99ff1465e738b0799eb7d43bcd4e7b4b8b168cfee486d9dc973844a1113",TRUE,TRUE,"closed",FALSE
"mv08w_full_ph_inventory_v1","mv08v","mv08r_ph:internal124:SRA740174_SRS3548782:20260808:sct_pearson_residual_all_qc_fit_selected384:exact500:gene_topology_v1",41176,"c047e1572502c2af54bce51fc15c5f83dfc24978ff4435b577e5e4d93f1ca2b1",TRUE,TRUE,"closed",FALSE
"mv08w_full_ph_inventory_v1","mv08v","mv08r_ph:internal124:SRA740174_SRS3548782:20260809:sct_pearson_residual_all_qc_fit_selected384:exact500:gene_topology_v1",42652,"50efc1b9a375d8a93fb3755dc0a7d8fbabfd116014eb987f0fc7e97f7e37b2e2",TRUE,TRUE,"closed",FALSE
"mv08w_full_ph_inventory_v1","mv08v","mv08r_ph:internal124:SRA740174_SRS3548783:20260805:sct_pearson_residual_all_qc_fit_selected384:exact500:gene_topology_v1",36494,"d0aacecacb75be8132705182d786ca42b09c3b1c632562d66ec641d54fd7e881",TRUE,TRUE,"closed",FALSE
"mv08w_full_ph_inventory_v1","mv08v","mv08r_ph:internal124:SRA740174_SRS3548783:20260806:sct_pearson_residual_all_qc_fit_selected384:exact500:gene_topology_v1",39160,"424bb109670c3d6de2bcc5259e71b05da5c145e6617ec5716dc48d5c2ca23ca0",TRUE,TRUE,"closed",FALSE
"mv08w_full_ph_inventory_v1","mv08v","mv08r_ph:internal124:SRA740174_SRS3548783:20260807:sct_pearson_residual_all_qc_fit_selected384:exact500:gene_topology_v1",37159,"cdcee1a8f4d15d096943ba066d534faff1319475b986ca7baa5dda8967299b9c",TRUE,TRUE,"closed",FALSE
"mv08w_full_ph_inventory_v1","mv08v","mv08r_ph:internal124:SRA740174_SRS3548783:20260808:sct_pearson_residual_all_qc_fit_selected384:exact500:gene_topology_v1",37579,"98b3868d0f493835ffe8535ffe301ffbf98a36251ea2d9486444ad5b43182a79",TRUE,TRUE,"closed",FALSE
"mv08w_full_ph_inventory_v1","mv08v","mv08r_ph:internal124:SRA740174_SRS3548783:20260809:sct_pearson_residual_all_qc_fit_selected384:exact500:gene_topology_v1",37019,"576edb6896693c9627f2c6f706a5cf850db276c29daf07f88109feff391d957d",TRUE,TRUE,"closed",FALSE
"mv08w_full_ph_inventory_v1","mv08v","mv08r_ph:internal124:SRA742961_SRS3565195:20260805:sct_pearson_residual_all_qc_fit_selected384:exact500:gene_topology_v1",69796,"65e5b2962691e61178c62278c8e357e40c89ddc98a27866df6f442262d5ab07e",TRUE,TRUE,"closed",FALSE
"mv08w_full_ph_inventory_v1","mv08v","mv08r_ph:internal124:SRA742961_SRS3565195:20260806:sct_pearson_residual_all_qc_fit_selected384:exact500:gene_topology_v1",66448,"149a60f90abcb406aa36c58f6ab2f931c8a9b3349e1ffd95fe58f37cbd8ee4ab",TRUE,TRUE,"closed",FALSE
"mv08w_full_ph_inventory_v1","mv08v","mv08r_ph:internal124:SRA742961_SRS3565195:20260807:sct_pearson_residual_all_qc_fit_selected384:exact500:gene_topology_v1",66484,"4cd591e2352b0a29334a98a4780bb51a7b9ffb4ebafe4f4fbf112c15a7a6113c",TRUE,TRUE,"closed",FALSE
"mv08w_full_ph_inventory_v1","mv08v","mv08r_ph:internal124:SRA742961_SRS3565195:20260808:sct_pearson_residual_all_qc_fit_selected384:exact500:gene_topology_v1",69400,"dbf936bace13209da233c5dc2dd5fb0f21657de27014b4874499b0550f850b0f",TRUE,TRUE,"closed",FALSE
"mv08w_full_ph_inventory_v1","mv08v","mv08r_ph:internal124:SRA742961_SRS3565195:20260809:sct_pearson_residual_all_qc_fit_selected384:exact500:gene_topology_v1",66088,"8030fcd0a3bb18182c5216dd4bb9e1d74d3187aabca3f625f7602c0bc6d3f196",TRUE,TRUE,"closed",FALSE
"mv08w_full_ph_inventory_v1","mv08v","mv08r_ph:internal124:SRA742961_SRS3565196:20260805:sct_pearson_residual_all_qc_fit_selected384:exact500:gene_topology_v1",89092,"81f4e3da041843bbf7304e2683fbb296953fdb833643f58bd019b1ece554e658",TRUE,TRUE,"closed",FALSE
"mv08w_full_ph_inventory_v1","mv08v","mv08r_ph:internal124:SRA742961_SRS3565196:20260806:sct_pearson_residual_all_qc_fit_selected384:exact500:gene_topology_v1",85240,"b7ce5a0d0475c6fcfd9f34e8ac72a6067bc9b191d63645becdc2d2216c1603b5",TRUE,TRUE,"closed",FALSE
"mv08w_full_ph_inventory_v1","mv08v","mv08r_ph:internal124:SRA742961_SRS3565196:20260807:sct_pearson_residual_all_qc_fit_selected384:exact500:gene_topology_v1",84448,"611b6135731140b05c50898a275782b8ae07088b4775241a876e299dff17eeb3",TRUE,TRUE,"closed",FALSE
"mv08w_full_ph_inventory_v1","mv08v","mv08r_ph:internal124:SRA742961_SRS3565196:20260808:sct_pearson_residual_all_qc_fit_selected384:exact500:gene_topology_v1",89380,"249fd6d2b16d14c9512b31c62c48a6b00f120e5fbcc504c9864cfea0e9a0dc0a",TRUE,TRUE,"closed",FALSE
"mv08w_full_ph_inventory_v1","mv08v","mv08r_ph:internal124:SRA742961_SRS3565196:20260809:sct_pearson_residual_all_qc_fit_selected384:exact500:gene_topology_v1",84700,"e2c53de12ab903a01018296bc0ae0384136c88c05718661168359f48c043aa84",TRUE,TRUE,"closed",FALSE
"mv08w_full_ph_inventory_v1","mv08v","mv08r_ph:internal124:SRA742961_SRS3565197:20260805:sct_pearson_residual_all_qc_fit_selected384:exact500:gene_topology_v1",77464,"b46102119bd631d2f83eee4365541e0be2d64f7971ecb43c0b57705cc2947874",TRUE,TRUE,"closed",FALSE
"mv08w_full_ph_inventory_v1","mv08v","mv08r_ph:internal124:SRA742961_SRS3565197:20260806:sct_pearson_residual_all_qc_fit_selected384:exact500:gene_topology_v1",79192,"72f3afbf552eb469df24ed2c06f28a3db93ed773954447b9f4a3c4705e3c3501",TRUE,TRUE,"closed",FALSE
"mv08w_full_ph_inventory_v1","mv08v","mv08r_ph:internal124:SRA742961_SRS3565197:20260807:sct_pearson_residual_all_qc_fit_selected384:exact500:gene_topology_v1",74080,"8d6feebf9560d76ca11b836c29c9856651195667ca0496865fad0ff6947db088",TRUE,TRUE,"closed",FALSE
"mv08w_full_ph_inventory_v1","mv08v","mv08r_ph:internal124:SRA742961_SRS3565197:20260808:sct_pearson_residual_all_qc_fit_selected384:exact500:gene_topology_v1",82000,"9e30237b6a7f0aa0539dd4c5f5e14853fd88c39cd6c0dcf42ce191f9055e3e2c",TRUE,TRUE,"closed",FALSE
"mv08w_full_ph_inventory_v1","mv08v","mv08r_ph:internal124:SRA742961_SRS3565197:20260809:sct_pearson_residual_all_qc_fit_selected384:exact500:gene_topology_v1",79876,"629b643f5b54d22ff850e0ce84226d7fbbcbcf5e88cf8796756dbb52e6ab0514",TRUE,TRUE,"closed",FALSE
"mv08w_full_ph_inventory_v1","mv08v","mv08r_ph:internal124:SRA742961_SRS3565198:20260805:sct_pearson_residual_all_qc_fit_selected384:exact500:gene_topology_v1",86212,"fc0ef31b18bed391c37850637546d75b4ba2a83af010a9b435dd4ac999e4f743",TRUE,TRUE,"closed",FALSE
"mv08w_full_ph_inventory_v1","mv08v","mv08r_ph:internal124:SRA742961_SRS3565198:20260806:sct_pearson_residual_all_qc_fit_selected384:exact500:gene_topology_v1",79048,"c254fab59e9b307a954816f046fc570b48e9fd096a5bdc161da3517a002638f5",TRUE,TRUE,"closed",FALSE
"mv08w_full_ph_inventory_v1","mv08v","mv08r_ph:internal124:SRA742961_SRS3565198:20260807:sct_pearson_residual_all_qc_fit_selected384:exact500:gene_topology_v1",81352,"7780fdf48c8312fb286bfeef26eb7518cdb32f7d7ea7ac563389f40c85c61860",TRUE,TRUE,"closed",FALSE
"mv08w_full_ph_inventory_v1","mv08v","mv08r_ph:internal124:SRA742961_SRS3565198:20260808:sct_pearson_residual_all_qc_fit_selected384:exact500:gene_topology_v1",79264,"d172ded4164763e40588ccdb2b15f0a5b4901a92ccbbaa6be2665bb9418c55d9",TRUE,TRUE,"closed",FALSE
"mv08w_full_ph_inventory_v1","mv08v","mv08r_ph:internal124:SRA742961_SRS3565198:20260809:sct_pearson_residual_all_qc_fit_selected384:exact500:gene_topology_v1",80956,"ae9f341afb7ea668f7c15f6a186de94875515bee44a07b8a544870d5a0e5e9e7",TRUE,TRUE,"closed",FALSE
"mv08w_full_ph_inventory_v1","mv08v","mv08r_ph:internal124:SRA742961_SRS3565199:20260805:sct_pearson_residual_all_qc_fit_selected384:exact500:gene_topology_v1",75664,"2bf680c6bdb1a80849d4e88ab499d42f795474a57b94dedc208ea2dd3648b9fd",TRUE,TRUE,"closed",FALSE
"mv08w_full_ph_inventory_v1","mv08v","mv08r_ph:internal124:SRA742961_SRS3565199:20260806:sct_pearson_residual_all_qc_fit_selected384:exact500:gene_topology_v1",77860,"5006f261f94ca29a64f08d2bd51652d1523e061c6577dc5430b199343125bf63",TRUE,TRUE,"closed",FALSE
"mv08w_full_ph_inventory_v1","mv08v","mv08r_ph:internal124:SRA742961_SRS3565199:20260807:sct_pearson_residual_all_qc_fit_selected384:exact500:gene_topology_v1",72964,"397ee7573b9382e73c3a7815e013fbb34e25461d9260e0cc484b3abeadefc344",TRUE,TRUE,"closed",FALSE
"mv08w_full_ph_inventory_v1","mv08v","mv08r_ph:internal124:SRA742961_SRS3565199:20260808:sct_pearson_residual_all_qc_fit_selected384:exact500:gene_topology_v1",75196,"4baa04061df2ce082e382024f0e4ceabb85fde7e7ca883664b4db48c898914fd",TRUE,TRUE,"closed",FALSE
"mv08w_full_ph_inventory_v1","mv08v","mv08r_ph:internal124:SRA742961_SRS3565199:20260809:sct_pearson_residual_all_qc_fit_selected384:exact500:gene_topology_v1",73396,"7dc7dd6b4317a9eb3442b5457a7d52d86a3a65b72a05982c8e8bb65b0e6e6d5c",TRUE,TRUE,"closed",FALSE
"mv08w_full_ph_inventory_v1","mv08v","mv08r_ph:internal124:SRA742961_SRS3565201:20260805:sct_pearson_residual_all_qc_fit_selected384:exact500:gene_topology_v1",94420,"3846e5bf8fb06312aa59c6ffbf5ac9c7288f7a53731f2bac50ebfa63c2a87448",TRUE,TRUE,"closed",FALSE
"mv08w_full_ph_inventory_v1","mv08v","mv08r_ph:internal124:SRA742961_SRS3565201:20260806:sct_pearson_residual_all_qc_fit_selected384:exact500:gene_topology_v1",94852,"5599651fa8283965235f73fe827bd1956dfbb4d6c7d43e3979f0db3612ed50da",TRUE,TRUE,"closed",FALSE
"mv08w_full_ph_inventory_v1","mv08v","mv08r_ph:internal124:SRA742961_SRS3565201:20260807:sct_pearson_residual_all_qc_fit_selected384:exact500:gene_topology_v1",93484,"409e20eda72049216deb8d582a66e5e1b52db2f1d1b6b1d2903151b5c3bfafcd",TRUE,TRUE,"closed",FALSE
"mv08w_full_ph_inventory_v1","mv08v","mv08r_ph:internal124:SRA742961_SRS3565201:20260808:sct_pearson_residual_all_qc_fit_selected384:exact500:gene_topology_v1",98416,"6dc621ea7ff9d49f4e3893f76b74d649cfbd6c95b0fa2167faddf714a447e8ae",TRUE,TRUE,"closed",FALSE
"mv08w_full_ph_inventory_v1","mv08v","mv08r_ph:internal124:SRA742961_SRS3565201:20260809:sct_pearson_residual_all_qc_fit_selected384:exact500:gene_topology_v1",97984,"2c488cf234333bcfd2627e8dec0e337a24756eb4357875a6a6cf386b29184c54",TRUE,TRUE,"closed",FALSE
"mv08w_full_ph_inventory_v1","mv08v","mv08r_ph:internal124:SRA742961_SRS3565202:20260805:sct_pearson_residual_all_qc_fit_selected384:exact500:gene_topology_v1",61912,"d3d5935f90644c0c9981bd9ce6e961854a42e36a22bcb2be3731d5bd3edadf6b",TRUE,TRUE,"closed",FALSE
"mv08w_full_ph_inventory_v1","mv08v","mv08r_ph:internal124:SRA742961_SRS3565202:20260806:sct_pearson_residual_all_qc_fit_selected384:exact500:gene_topology_v1",63640,"247b8df5e4edf3eda39ab634c29ce56c6fc40b42bc0446332b99814ab82e688d",TRUE,TRUE,"closed",FALSE
"mv08w_full_ph_inventory_v1","mv08v","mv08r_ph:internal124:SRA742961_SRS3565202:20260807:sct_pearson_residual_all_qc_fit_selected384:exact500:gene_topology_v1",66016,"73ea4fe28d9413f80a75075de72db100c7471d9077858868789557d38bc47ed9",TRUE,TRUE,"closed",FALSE
"mv08w_full_ph_inventory_v1","mv08v","mv08r_ph:internal124:SRA742961_SRS3565202:20260808:sct_pearson_residual_all_qc_fit_selected384:exact500:gene_topology_v1",63388,"92cb75215df0fca55d18b35aed92fb5dde7053f49b1092d7473e72060c7ad83e",TRUE,TRUE,"closed",FALSE
"mv08w_full_ph_inventory_v1","mv08v","mv08r_ph:internal124:SRA742961_SRS3565202:20260809:sct_pearson_residual_all_qc_fit_selected384:exact500:gene_topology_v1",64252,"f7c083309733f288d1f504a1d7c4229dd55ad448372ba47dea7d6c9f9f44ae41",TRUE,TRUE,"closed",FALSE
"mv08w_full_ph_inventory_v1","mv08v","mv08r_ph:internal124:SRA742961_SRS3565203:20260805:sct_pearson_residual_all_qc_fit_selected384:exact500:gene_topology_v1",91072,"a25549b75ea24778877b366842730a16234a2cc111b1e98aed4014864eb5072f",TRUE,TRUE,"closed",FALSE
"mv08w_full_ph_inventory_v1","mv08v","mv08r_ph:internal124:SRA742961_SRS3565203:20260806:sct_pearson_residual_all_qc_fit_selected384:exact500:gene_topology_v1",90964,"ff004f07de3bdc8406c2d05c2de37c77e3a7c6de4ded11b789231112cbee71c9",TRUE,TRUE,"closed",FALSE
"mv08w_full_ph_inventory_v1","mv08v","mv08r_ph:internal124:SRA742961_SRS3565203:20260807:sct_pearson_residual_all_qc_fit_selected384:exact500:gene_topology_v1",91108,"b2ff60d09c96a014cee8d69103f52da252de1f18fd4ea0b57f35d8f0c89faa10",TRUE,TRUE,"closed",FALSE
"mv08w_full_ph_inventory_v1","mv08v","mv08r_ph:internal124:SRA742961_SRS3565203:20260808:sct_pearson_residual_all_qc_fit_selected384:exact500:gene_topology_v1",91396,"fa4e6aa8273b2f592228ed22b7ff0919e58951e8768c998d7661d1572c999b5d",TRUE,TRUE,"closed",FALSE
"mv08w_full_ph_inventory_v1","mv08v","mv08r_ph:internal124:SRA742961_SRS3565203:20260809:sct_pearson_residual_all_qc_fit_selected384:exact500:gene_topology_v1",91936,"1bb55ab5354dd7b806a4085d7aa6e43f4ecf9a480b49004269fee5576c8542f1",TRUE,TRUE,"closed",FALSE
"mv08w_full_ph_inventory_v1","mv08v","mv08r_ph:internal124:SRA742961_SRS3565204:20260805:sct_pearson_residual_all_qc_fit_selected384:exact500:gene_topology_v1",70804,"ad1d43b50436e665f886fdd56af227baf637216e5b3da74046ec1fa003a07588",TRUE,TRUE,"closed",FALSE
"mv08w_full_ph_inventory_v1","mv08v","mv08r_ph:internal124:SRA742961_SRS3565204:20260806:sct_pearson_residual_all_qc_fit_selected384:exact500:gene_topology_v1",71380,"f75f5f50b2f288bdb1e623f7298df40d501e9e364b3b11f707912ba32f096ece",TRUE,TRUE,"closed",FALSE
"mv08w_full_ph_inventory_v1","mv08v","mv08r_ph:internal124:SRA742961_SRS3565204:20260807:sct_pearson_residual_all_qc_fit_selected384:exact500:gene_topology_v1",72604,"cda248f5d217d5457f848196408557cfad109c61b5cdd30d343cdfa6bc7fb9b7",TRUE,TRUE,"closed",FALSE
"mv08w_full_ph_inventory_v1","mv08v","mv08r_ph:internal124:SRA742961_SRS3565204:20260808:sct_pearson_residual_all_qc_fit_selected384:exact500:gene_topology_v1",69904,"af4f659563d34df4631588ea0205e0a30e854ae2a7dfef4647def7d2c3f9ee23",TRUE,TRUE,"closed",FALSE
"mv08w_full_ph_inventory_v1","mv08v","mv08r_ph:internal124:SRA742961_SRS3565204:20260809:sct_pearson_residual_all_qc_fit_selected384:exact500:gene_topology_v1",72568,"69302fd4cbb0dfc9530b9f4bfef8594062e0a664be8b1eba4db1398f92117863",TRUE,TRUE,"closed",FALSE
"mv08w_full_ph_inventory_v1","mv08v","mv08r_ph:internal124:SRA742961_SRS3565205:20260805:sct_pearson_residual_all_qc_fit_selected384:exact500:gene_topology_v1",90280,"008491bacbfa7aa9227b079b0008a246043905612d6a750ca041b65ee0a96af9",TRUE,TRUE,"closed",FALSE
"mv08w_full_ph_inventory_v1","mv08v","mv08r_ph:internal124:SRA742961_SRS3565205:20260806:sct_pearson_residual_all_qc_fit_selected384:exact500:gene_topology_v1",97048,"2d7df14a71b1c7cdfd2570ecbf91708ee7926fe7ea6671e006f3835a09eb69db",TRUE,TRUE,"closed",FALSE
"mv08w_full_ph_inventory_v1","mv08v","mv08r_ph:internal124:SRA742961_SRS3565205:20260807:sct_pearson_residual_all_qc_fit_selected384:exact500:gene_topology_v1",94924,"5d6791895f2dc0fea34678c62e8e24eef767c94f020b3ac0e22865c83fae3271",TRUE,TRUE,"closed",FALSE
"mv08w_full_ph_inventory_v1","mv08v","mv08r_ph:internal124:SRA742961_SRS3565205:20260808:sct_pearson_residual_all_qc_fit_selected384:exact500:gene_topology_v1",95968,"0af913be44cdd6d20eeb3a9c6ac448246cd9b12abecc56c5485b4cb8d7576085",TRUE,TRUE,"closed",FALSE
"mv08w_full_ph_inventory_v1","mv08v","mv08r_ph:internal124:SRA742961_SRS3565205:20260809:sct_pearson_residual_all_qc_fit_selected384:exact500:gene_topology_v1",98164,"2bd98b46654f7396a9d72add1c337c928cb73565f678ffaccbc71730ea08f882",TRUE,TRUE,"closed",FALSE
"mv08w_full_ph_inventory_v1","mv08v","mv08r_ph:internal124:SRA742961_SRS3565206:20260805:sct_pearson_residual_all_qc_fit_selected384:exact500:gene_topology_v1",97660,"6f445ecea623eb825b17017f076a325f3bf78449bac2cc96c33cf6c1a229589a",TRUE,TRUE,"closed",FALSE
"mv08w_full_ph_inventory_v1","mv08v","mv08r_ph:internal124:SRA742961_SRS3565206:20260806:sct_pearson_residual_all_qc_fit_selected384:exact500:gene_topology_v1",100936,"6471b0890e922d4c375d620ea3057202be1e1eb2f9de0728349da5e075386b25",TRUE,TRUE,"closed",FALSE
"mv08w_full_ph_inventory_v1","mv08v","mv08r_ph:internal124:SRA742961_SRS3565206:20260807:sct_pearson_residual_all_qc_fit_selected384:exact500:gene_topology_v1",100252,"1c195352976ca98826ec05da549b85a8c9dcb274b9a9220444d0472bb876f097",TRUE,TRUE,"closed",FALSE
"mv08w_full_ph_inventory_v1","mv08v","mv08r_ph:internal124:SRA742961_SRS3565206:20260808:sct_pearson_residual_all_qc_fit_selected384:exact500:gene_topology_v1",100360,"ea3684d7fcfe81d97c5715ba08c091d6a48ffe0bdee6cceb9f1d9e37e0ad2eb7",TRUE,TRUE,"closed",FALSE
"mv08w_full_ph_inventory_v1","mv08v","mv08r_ph:internal124:SRA742961_SRS3565206:20260809:sct_pearson_residual_all_qc_fit_selected384:exact500:gene_topology_v1",93916,"39b690b434c691b1b1bcb80df621010d6d1f68ec004991b33288c6e729c85b30",TRUE,TRUE,"closed",FALSE
"mv08w_full_ph_inventory_v1","mv08v","mv08r_ph:internal124:SRA742961_SRS3565207:20260805:sct_pearson_residual_all_qc_fit_selected384:exact500:gene_topology_v1",82396,"a7cd17304d1dad18e4e86c474d3b67ca05543bb746b1c4cea83276e20f7aeb90",TRUE,TRUE,"closed",FALSE
"mv08w_full_ph_inventory_v1","mv08v","mv08r_ph:internal124:SRA742961_SRS3565207:20260806:sct_pearson_residual_all_qc_fit_selected384:exact500:gene_topology_v1",79300,"d14cfe076488f0e7f38a11c8430a8c4bd3b82838c5e661b3ea40b20c7599169a",TRUE,TRUE,"closed",FALSE
"mv08w_full_ph_inventory_v1","mv08v","mv08r_ph:internal124:SRA742961_SRS3565207:20260807:sct_pearson_residual_all_qc_fit_selected384:exact500:gene_topology_v1",82684,"55f47431aa12e9e99a237ef1a6ace913c3d94ac7239bf1f93c0f4d79c91b7981",TRUE,TRUE,"closed",FALSE
"mv08w_full_ph_inventory_v1","mv08v","mv08r_ph:internal124:SRA742961_SRS3565207:20260808:sct_pearson_residual_all_qc_fit_selected384:exact500:gene_topology_v1",80920,"5d6a40e78543b24700673638ce7e4e72532b25e4c8214cc6b940001a6ed78b51",TRUE,TRUE,"closed",FALSE
"mv08w_full_ph_inventory_v1","mv08v","mv08r_ph:internal124:SRA742961_SRS3565207:20260809:sct_pearson_residual_all_qc_fit_selected384:exact500:gene_topology_v1",83656,"f492241b41bc1c18d391e0e08dce4c9676315847d69d6ac6e17a24acdc12a669",TRUE,TRUE,"closed",FALSE
"mv08w_full_ph_inventory_v1","mv08v","mv08r_ph:internal124:SRA742961_SRS3565208:20260805:sct_pearson_residual_all_qc_fit_selected384:exact500:gene_topology_v1",102808,"9a0eb7a2937fb497dc650a708d0b79e7fca65a0ea5dec47a7e7102a1c96b2a20",TRUE,TRUE,"closed",FALSE
"mv08w_full_ph_inventory_v1","mv08v","mv08r_ph:internal124:SRA742961_SRS3565208:20260806:sct_pearson_residual_all_qc_fit_selected384:exact500:gene_topology_v1",98596,"3701a988df7d7069740b6401f908e103a6a0c1a95be6c6613e269d76906abc8c",TRUE,TRUE,"closed",FALSE
"mv08w_full_ph_inventory_v1","mv08v","mv08r_ph:internal124:SRA742961_SRS3565208:20260807:sct_pearson_residual_all_qc_fit_selected384:exact500:gene_topology_v1",98308,"2f35bf03b23c7af4b514779af0f3360111ad901aaad52425a93883615aabd547",TRUE,TRUE,"closed",FALSE
"mv08w_full_ph_inventory_v1","mv08v","mv08r_ph:internal124:SRA742961_SRS3565208:20260808:sct_pearson_residual_all_qc_fit_selected384:exact500:gene_topology_v1",99100,"e7f9a3123a50254dca1a55ad4ce85b80f4b6773b2898a981b2cb8b6b2c855251",TRUE,TRUE,"closed",FALSE
"mv08w_full_ph_inventory_v1","mv08v","mv08r_ph:internal124:SRA742961_SRS3565208:20260809:sct_pearson_residual_all_qc_fit_selected384:exact500:gene_topology_v1",93412,"c7dddf4870cae80e3da35b0435e887fe643e3f437bd1a20f8c0e6634515210e6",TRUE,TRUE,"closed",FALSE
"mv08w_full_ph_inventory_v1","mv08v","mv08r_ph:internal124:SRA742961_SRS3565209:20260805:sct_pearson_residual_all_qc_fit_selected384:exact500:gene_topology_v1",95968,"217920a74db938e468f9100f228bb6f31ccef2acefb0a570cc1e0974fe470f7b",TRUE,TRUE,"closed",FALSE
"mv08w_full_ph_inventory_v1","mv08v","mv08r_ph:internal124:SRA742961_SRS3565209:20260806:sct_pearson_residual_all_qc_fit_selected384:exact500:gene_topology_v1",90676,"61936405966035badd1ca936c1be5b16de239fd65c073fcf78a9bc91166985ab",TRUE,TRUE,"closed",FALSE
"mv08w_full_ph_inventory_v1","mv08v","mv08r_ph:internal124:SRA742961_SRS3565209:20260807:sct_pearson_residual_all_qc_fit_selected384:exact500:gene_topology_v1",89236,"eaed790c11bc134843ff8e2a533f969bfc0d1ff4a6fe426db679338efefe1584",TRUE,TRUE,"closed",FALSE
"mv08w_full_ph_inventory_v1","mv08v","mv08r_ph:internal124:SRA742961_SRS3565209:20260808:sct_pearson_residual_all_qc_fit_selected384:exact500:gene_topology_v1",97696,"d3f15c6d7ddf6a9c9cf4c64aaecaf7edb9fee74c6ddb8812001d80d72e018aac",TRUE,TRUE,"closed",FALSE
"mv08w_full_ph_inventory_v1","mv08v","mv08r_ph:internal124:SRA742961_SRS3565209:20260809:sct_pearson_residual_all_qc_fit_selected384:exact500:gene_topology_v1",95464,"3462abfed0bd11d1fa8bf484b6824fdf47d089984ec672bcbe4aa75cd4723cd8",TRUE,TRUE,"closed",FALSE
"mv08w_full_ph_inventory_v1","mv08v","mv08r_ph:internal124:SRA742961_SRS3565210:20260805:sct_pearson_residual_all_qc_fit_selected384:exact500:gene_topology_v1",62992,"5aac780147ab723b8e0e29cec0db513a791cb9fcd2d37f18430978e276819852",TRUE,TRUE,"closed",FALSE
"mv08w_full_ph_inventory_v1","mv08v","mv08r_ph:internal124:SRA742961_SRS3565210:20260806:sct_pearson_residual_all_qc_fit_selected384:exact500:gene_topology_v1",58600,"7dd187e58bc6d791999a6e0708469e278fe076fc047147d64dfbfe3c7fac15c6",TRUE,TRUE,"closed",FALSE
"mv08w_full_ph_inventory_v1","mv08v","mv08r_ph:internal124:SRA742961_SRS3565210:20260807:sct_pearson_residual_all_qc_fit_selected384:exact500:gene_topology_v1",61156,"f710e6a3d2d12adfc2f25d99921313de0b192d1e211f27ff6a054ac79f2af61f",TRUE,TRUE,"closed",FALSE
"mv08w_full_ph_inventory_v1","mv08v","mv08r_ph:internal124:SRA742961_SRS3565210:20260808:sct_pearson_residual_all_qc_fit_selected384:exact500:gene_topology_v1",57124,"1229c7ea703c1fbe9d56a8adb38a63de1421199d1fedd8ab5a92934415f20f8c",TRUE,TRUE,"closed",FALSE
"mv08w_full_ph_inventory_v1","mv08v","mv08r_ph:internal124:SRA742961_SRS3565210:20260809:sct_pearson_residual_all_qc_fit_selected384:exact500:gene_topology_v1",52372,"2d414581b02fcf8b8807c858eb18e8c316df21df998fb477751e38c466ea2019",TRUE,TRUE,"closed",FALSE
"mv08w_full_ph_inventory_v1","mv08v","mv08r_ph:internal124:SRA742961_SRS3565211:20260805:sct_pearson_residual_all_qc_fit_selected384:exact500:gene_topology_v1",75628,"76ab2072cefc4b1643466e5462a8bdb4e2a12d26b3f67611a10d4db0c5ee230d",TRUE,TRUE,"closed",FALSE
"mv08w_full_ph_inventory_v1","mv08v","mv08r_ph:internal124:SRA742961_SRS3565211:20260806:sct_pearson_residual_all_qc_fit_selected384:exact500:gene_topology_v1",75880,"ff25e71afc168fc75e175dc70afd82cbf447cf970469406970a5fcbd8dea75f4",TRUE,TRUE,"closed",FALSE
"mv08w_full_ph_inventory_v1","mv08v","mv08r_ph:internal124:SRA742961_SRS3565211:20260807:sct_pearson_residual_all_qc_fit_selected384:exact500:gene_topology_v1",75664,"d988c155c31a4813457992916bd48f96db89b16d0bdbd298fae003221c4e09cd",TRUE,TRUE,"closed",FALSE
"mv08w_full_ph_inventory_v1","mv08v","mv08r_ph:internal124:SRA742961_SRS3565211:20260808:sct_pearson_residual_all_qc_fit_selected384:exact500:gene_topology_v1",70984,"5dfb321f2bad06fddeb63550c958acd0ca2e04076c4655e86c4b13c2d715d615",TRUE,TRUE,"closed",FALSE
"mv08w_full_ph_inventory_v1","mv08v","mv08r_ph:internal124:SRA742961_SRS3565211:20260809:sct_pearson_residual_all_qc_fit_selected384:exact500:gene_topology_v1",75520,"eed6ed769a156b421218fdd7ecd011247d48d189526478d49ad66dbabe82bf28",TRUE,TRUE,"closed",FALSE
"mv08w_full_ph_inventory_v1","mv08v","mv08r_ph:internal124:SRA749327_SRS3693910:20260805:sct_pearson_residual_all_qc_fit_selected384:exact500:gene_topology_v1",69292,"f5b2f280da471d311e3f071781f15367b9b7b8dd7ad3eb486ca8460e0304d3f6",TRUE,TRUE,"closed",FALSE
"mv08w_full_ph_inventory_v1","mv08v","mv08r_ph:internal124:SRA749327_SRS3693910:20260806:sct_pearson_residual_all_qc_fit_selected384:exact500:gene_topology_v1",71416,"f9d763e9e5ba995103c0dadd50e283b2b9efe0380d712e1c2f67600a73485819",TRUE,TRUE,"closed",FALSE
"mv08w_full_ph_inventory_v1","mv08v","mv08r_ph:internal124:SRA749327_SRS3693910:20260807:sct_pearson_residual_all_qc_fit_selected384:exact500:gene_topology_v1",71020,"bbee24798d7c28979bd5815db39e85ad39d2008190776b4e278e3f8582fb59d3",TRUE,TRUE,"closed",FALSE
"mv08w_full_ph_inventory_v1","mv08v","mv08r_ph:internal124:SRA749327_SRS3693910:20260808:sct_pearson_residual_all_qc_fit_selected384:exact500:gene_topology_v1",67924,"c4ba1b9af88cb0b124d0b19ae6df05a1fb9d6c1f4687108268055d8a40f05c17",TRUE,TRUE,"closed",FALSE
"mv08w_full_ph_inventory_v1","mv08v","mv08r_ph:internal124:SRA749327_SRS3693910:20260809:sct_pearson_residual_all_qc_fit_selected384:exact500:gene_topology_v1",69220,"7eaa2066c008dcab54c4741e157d3db3c66627b99b054bfdbdd6258b54351d6f",TRUE,TRUE,"closed",FALSE
"mv08w_full_ph_inventory_v1","mv08v","mv08r_ph:internal124:SRA749327_SRS3693911:20260805:sct_pearson_residual_all_qc_fit_selected384:exact500:gene_topology_v1",67708,"9f442c8108bbc686ca938c4e2e6354eb8106fe169a4f73b81e966a05a5e2010a",TRUE,TRUE,"closed",FALSE
"mv08w_full_ph_inventory_v1","mv08v","mv08r_ph:internal124:SRA749327_SRS3693911:20260806:sct_pearson_residual_all_qc_fit_selected384:exact500:gene_topology_v1",65944,"f805729bd06ee6e28ea9d88b91db4d835e42219585c90ac0b7e0705a80e3b7ef",TRUE,TRUE,"closed",FALSE
"mv08w_full_ph_inventory_v1","mv08v","mv08r_ph:internal124:SRA749327_SRS3693911:20260807:sct_pearson_residual_all_qc_fit_selected384:exact500:gene_topology_v1",68932,"da1b9c14b9619e9ee23a8e1b2bfaea0a02feb3469856a72775193201c06f9f02",TRUE,TRUE,"closed",FALSE
"mv08w_full_ph_inventory_v1","mv08v","mv08r_ph:internal124:SRA749327_SRS3693911:20260808:sct_pearson_residual_all_qc_fit_selected384:exact500:gene_topology_v1",70444,"514cff30cc867bbe8b9a00cbea943b95270d8efe21e15e055491b1b350e6f213",TRUE,TRUE,"closed",FALSE
"mv08w_full_ph_inventory_v1","mv08v","mv08r_ph:internal124:SRA749327_SRS3693911:20260809:sct_pearson_residual_all_qc_fit_selected384:exact500:gene_topology_v1",65584,"3c7c11164a11f86907cf688eddde4f00d23a6b032b0b8392eee4ac4cf66bd3b3",TRUE,TRUE,"closed",FALSE
"mv08w_full_ph_inventory_v1","mv08v","mv08r_ph:internal124:SRA749327_SRS3693912:20260805:sct_pearson_residual_all_qc_fit_selected384:exact500:gene_topology_v1",73684,"96f9291ac56c5f77c54b9ab3a081f6ca370570933b0c0ca06bb93d45ce7694db",TRUE,TRUE,"closed",FALSE
"mv08w_full_ph_inventory_v1","mv08v","mv08r_ph:internal124:SRA749327_SRS3693912:20260806:sct_pearson_residual_all_qc_fit_selected384:exact500:gene_topology_v1",73972,"dcf56be91f697f36ce8d4f69d9888e30f64c7c96a851e211cf1e4913d1e059d2",TRUE,TRUE,"closed",FALSE
"mv08w_full_ph_inventory_v1","mv08v","mv08r_ph:internal124:SRA749327_SRS3693912:20260807:sct_pearson_residual_all_qc_fit_selected384:exact500:gene_topology_v1",76816,"0573549972c587e9bf81c693dcde7a8abe8ba78647724742de5b39e07f41cce8",TRUE,TRUE,"closed",FALSE
"mv08w_full_ph_inventory_v1","mv08v","mv08r_ph:internal124:SRA749327_SRS3693912:20260808:sct_pearson_residual_all_qc_fit_selected384:exact500:gene_topology_v1",75412,"3a0e81ea3aa43599e9303d797b24ee44a850b1884aee8bbd06bad44bfc25c286",TRUE,TRUE,"closed",FALSE
"mv08w_full_ph_inventory_v1","mv08v","mv08r_ph:internal124:SRA749327_SRS3693912:20260809:sct_pearson_residual_all_qc_fit_selected384:exact500:gene_topology_v1",76672,"6c45bc0834232f1a6b4a19ac4b0a831fb8fc817ba4c3f79379ac145b9aa13312",TRUE,TRUE,"closed",FALSE
"mv08w_full_ph_inventory_v1","mv08v","mv08r_ph:internal124:SRA749327_SRS3693913:20260805:sct_pearson_residual_all_qc_fit_selected384:exact500:gene_topology_v1",77284,"7b42a260716215e0791639ad3aa741b3e34e776afc736f5d28051d1ca64cb09e",TRUE,TRUE,"closed",FALSE
"mv08w_full_ph_inventory_v1","mv08v","mv08r_ph:internal124:SRA749327_SRS3693913:20260806:sct_pearson_residual_all_qc_fit_selected384:exact500:gene_topology_v1",79768,"a6dffd3d288a35481f5a522b8ebcb2f63af22ada3261791800918234907d231e",TRUE,TRUE,"closed",FALSE
"mv08w_full_ph_inventory_v1","mv08v","mv08r_ph:internal124:SRA749327_SRS3693913:20260807:sct_pearson_residual_all_qc_fit_selected384:exact500:gene_topology_v1",77140,"e07ea0e65f5fe111c8a7d68b329f6bbd1ee6d6eca9568d5dbbbf993fbda0fb94",TRUE,TRUE,"closed",FALSE
"mv08w_full_ph_inventory_v1","mv08v","mv08r_ph:internal124:SRA749327_SRS3693913:20260808:sct_pearson_residual_all_qc_fit_selected384:exact500:gene_topology_v1",76780,"df3fb70364cc627c2c4ec126b4cac80f847dcb3534f8f78660b96421db5ff174",TRUE,TRUE,"closed",FALSE
"mv08w_full_ph_inventory_v1","mv08v","mv08r_ph:internal124:SRA749327_SRS3693913:20260809:sct_pearson_residual_all_qc_fit_selected384:exact500:gene_topology_v1",79156,"85f6a6d46aee0f9756807651df8d02f0a615fd65f61cb0b2d27e966205fb8dc5",TRUE,TRUE,"closed",FALSE
"mv08w_full_ph_inventory_v1","mv08v","mv08r_ph:internal124:SRA760933_SRS3693061:20260805:sct_pearson_residual_all_qc_fit_selected384:exact500:gene_topology_v1",37229,"f9812901487b7401a779407a279b7fd58e266e8caa8989be7db0f3014c960a48",TRUE,TRUE,"closed",FALSE
"mv08w_full_ph_inventory_v1","mv08v","mv08r_ph:internal124:SRA760933_SRS3693061:20260806:sct_pearson_residual_all_qc_fit_selected384:exact500:gene_topology_v1",39844,"debfa6e744bdaa49d761658fdbb394d0e8a0804bbb157daf636a5b22f4e2add0",TRUE,TRUE,"closed",FALSE
"mv08w_full_ph_inventory_v1","mv08v","mv08r_ph:internal124:SRA760933_SRS3693061:20260807:sct_pearson_residual_all_qc_fit_selected384:exact500:gene_topology_v1",38419,"4bb644c0161bb5cff26566292f859734ec5d2df098fea31d24c8c2a88b24f68a",TRUE,TRUE,"closed",FALSE
"mv08w_full_ph_inventory_v1","mv08v","mv08r_ph:internal124:SRA760933_SRS3693061:20260808:sct_pearson_residual_all_qc_fit_selected384:exact500:gene_topology_v1",36914,"135b9d3801889035ce054250b30d875f86e4e1e4029b1fae7ad77b4b6edf6a90",TRUE,TRUE,"closed",FALSE
"mv08w_full_ph_inventory_v1","mv08v","mv08r_ph:internal124:SRA760933_SRS3693061:20260809:sct_pearson_residual_all_qc_fit_selected384:exact500:gene_topology_v1",38384,"b92462d6f1be65def8ae140f29c26911ed4dccfc174c45d593e680b694fe42a2",TRUE,TRUE,"closed",FALSE
"mv08w_full_ph_inventory_v1","mv08v","mv08r_ph:internal124:SRA779509_SRS3805245:20260805:sct_pearson_residual_all_qc_fit_selected384:exact500:gene_topology_v1",45784,"d74d38d2987f95db5372d259965cce6e091da03c6621a53d52436e68f5b7fad9",TRUE,TRUE,"closed",FALSE
"mv08w_full_ph_inventory_v1","mv08v","mv08r_ph:internal124:SRA779509_SRS3805245:20260806:sct_pearson_residual_all_qc_fit_selected384:exact500:gene_topology_v1",45028,"631eef4fa7cc330a19f74d1bbfadeb79f154c56378a49297849b13eff0abd463",TRUE,TRUE,"closed",FALSE
"mv08w_full_ph_inventory_v1","mv08v","mv08r_ph:internal124:SRA779509_SRS3805245:20260807:sct_pearson_residual_all_qc_fit_selected384:exact500:gene_topology_v1",46540,"6e4c9b0fd00fb5fa4e2475aaba100cffc7c9eca0d2a2df92a2ede04eaa5ce1fc",TRUE,TRUE,"closed",FALSE
"mv08w_full_ph_inventory_v1","mv08v","mv08r_ph:internal124:SRA779509_SRS3805245:20260808:sct_pearson_residual_all_qc_fit_selected384:exact500:gene_topology_v1",43840,"3fb94e5b7224e5608b86d5a0cbdc99f08af67b985e8fa38c5453b5412110891b",TRUE,TRUE,"closed",FALSE
"mv08w_full_ph_inventory_v1","mv08v","mv08r_ph:internal124:SRA779509_SRS3805245:20260809:sct_pearson_residual_all_qc_fit_selected384:exact500:gene_topology_v1",41608,"695ed94ef318e7bc18cba9aa72a320aba67ae7a7cb4e15bdbe920402a0aaa901",TRUE,TRUE,"closed",FALSE
"mv08w_full_ph_inventory_v1","mv08v","mv08r_ph:internal124:SRA779509_SRS3805246:20260805:sct_pearson_residual_all_qc_fit_selected384:exact500:gene_topology_v1",50680,"cbdac6bfa484720595afa5dacaba1832f8306459f111aa942928a63f9239e434",TRUE,TRUE,"closed",FALSE
"mv08w_full_ph_inventory_v1","mv08v","mv08r_ph:internal124:SRA779509_SRS3805246:20260806:sct_pearson_residual_all_qc_fit_selected384:exact500:gene_topology_v1",55360,"b478d1379dc794b630006c3fad3d172ad3ea6ebfc03c7938fd08b43b66e630a3",TRUE,TRUE,"closed",FALSE
"mv08w_full_ph_inventory_v1","mv08v","mv08r_ph:internal124:SRA779509_SRS3805246:20260807:sct_pearson_residual_all_qc_fit_selected384:exact500:gene_topology_v1",54676,"fa3d27cd67c355c800a1ca5e83f207df50d53392f7a5747936ef516297e0b949",TRUE,TRUE,"closed",FALSE
"mv08w_full_ph_inventory_v1","mv08v","mv08r_ph:internal124:SRA779509_SRS3805246:20260808:sct_pearson_residual_all_qc_fit_selected384:exact500:gene_topology_v1",53020,"2a85e1c2825268043e634a1778f894289f873a12ebc48f567c01f708cc633144",TRUE,TRUE,"closed",FALSE
"mv08w_full_ph_inventory_v1","mv08v","mv08r_ph:internal124:SRA779509_SRS3805246:20260809:sct_pearson_residual_all_qc_fit_selected384:exact500:gene_topology_v1",54460,"45f66dd2ff90ed5fbd6a0496690f8e3b5c50dfdd24e7f84f3fa901fa3cdcba4e",TRUE,TRUE,"closed",FALSE
"mv08w_full_ph_inventory_v1","mv08v","mv08r_ph:internal124:SRA779509_SRS3805247:20260805:sct_pearson_residual_all_qc_fit_selected384:exact500:gene_topology_v1",55792,"d741645628813820c3497910c0cf3d98a34d7ace2d6fa3c21e5ec9c879f63d62",TRUE,TRUE,"closed",FALSE
"mv08w_full_ph_inventory_v1","mv08v","mv08r_ph:internal124:SRA779509_SRS3805247:20260806:sct_pearson_residual_all_qc_fit_selected384:exact500:gene_topology_v1",62020,"8ce55db9dae8f79d360450824f7bc4127c469796f1f047b9f589ab0ff39b98b0",TRUE,TRUE,"closed",FALSE
"mv08w_full_ph_inventory_v1","mv08v","mv08r_ph:internal124:SRA779509_SRS3805247:20260807:sct_pearson_residual_all_qc_fit_selected384:exact500:gene_topology_v1",57700,"c13eb1c6e63b6ee629c8085cde1bb99ea9499e4810c46fbee5892090f5ebee10",TRUE,TRUE,"closed",FALSE
"mv08w_full_ph_inventory_v1","mv08v","mv08r_ph:internal124:SRA779509_SRS3805247:20260808:sct_pearson_residual_all_qc_fit_selected384:exact500:gene_topology_v1",51472,"e0b7ea614de7410acf147cb9ba08c87e346e211fbc8e6f2785d48ba1186e1bee",TRUE,TRUE,"closed",FALSE
"mv08w_full_ph_inventory_v1","mv08v","mv08r_ph:internal124:SRA779509_SRS3805247:20260809:sct_pearson_residual_all_qc_fit_selected384:exact500:gene_topology_v1",57232,"5b3ec0f33e1de85f3254a8a119e02e2a35a63d4b795ad74523eacf1861a39629",TRUE,TRUE,"closed",FALSE
"mv08w_full_ph_inventory_v1","mv08v","mv08r_ph:internal124:SRA779509_SRS3805248:20260805:sct_pearson_residual_all_qc_fit_selected384:exact500:gene_topology_v1",61840,"667cee3207e8bf7a0b464c93a003fa0d6594bc8b33c289f5ebcc1a0b8a1c5fe1",TRUE,TRUE,"closed",FALSE
"mv08w_full_ph_inventory_v1","mv08v","mv08r_ph:internal124:SRA779509_SRS3805248:20260806:sct_pearson_residual_all_qc_fit_selected384:exact500:gene_topology_v1",59068,"227265dfb5097a65ad6035db8c9f7f3be9c8d476596e3df285eaba89c0a54621",TRUE,TRUE,"closed",FALSE
"mv08w_full_ph_inventory_v1","mv08v","mv08r_ph:internal124:SRA779509_SRS3805248:20260807:sct_pearson_residual_all_qc_fit_selected384:exact500:gene_topology_v1",59680,"77ed008df9b907d35fe1574f238ed00e6ea6a42817f08710b0de7e1eba0249f3",TRUE,TRUE,"closed",FALSE
"mv08w_full_ph_inventory_v1","mv08v","mv08r_ph:internal124:SRA779509_SRS3805248:20260808:sct_pearson_residual_all_qc_fit_selected384:exact500:gene_topology_v1",57124,"2fee47cb18655f6f26187d98ecf4eb511aa6b1de7ccd01703312a43214b9e6be",TRUE,TRUE,"closed",FALSE
"mv08w_full_ph_inventory_v1","mv08v","mv08r_ph:internal124:SRA779509_SRS3805248:20260809:sct_pearson_residual_all_qc_fit_selected384:exact500:gene_topology_v1",54532,"90efa21594f91d0a9d768acc53be0d899ed65e22a3bd091a66ee18f532b16719",TRUE,TRUE,"closed",FALSE
"mv08w_full_ph_inventory_v1","mv08v","mv08r_ph:internal124:SRA779509_SRS3805249:20260805:sct_pearson_residual_all_qc_fit_selected384:exact500:gene_topology_v1",71488,"ce0090360b7f3a4a138717588f68c44e501c948d5960dea68e5b93b2678a29bc",TRUE,TRUE,"closed",FALSE
"mv08w_full_ph_inventory_v1","mv08v","mv08r_ph:internal124:SRA779509_SRS3805249:20260806:sct_pearson_residual_all_qc_fit_selected384:exact500:gene_topology_v1",73360,"95a210cd6067c0b77b67712a281a58d3a5012cd65bb3e2f43b536acd9c7ed281",TRUE,TRUE,"closed",FALSE
"mv08w_full_ph_inventory_v1","mv08v","mv08r_ph:internal124:SRA779509_SRS3805249:20260807:sct_pearson_residual_all_qc_fit_selected384:exact500:gene_topology_v1",63568,"6718bb26bbce53ed905fe76fdf23855af40613490a5d6c0b8ec40ab621aedc13",TRUE,TRUE,"closed",FALSE
"mv08w_full_ph_inventory_v1","mv08v","mv08r_ph:internal124:SRA779509_SRS3805249:20260808:sct_pearson_residual_all_qc_fit_selected384:exact500:gene_topology_v1",70120,"1331e66ef911c9bd133038aaffbda1366de07ffeb3dbdc56d0274b329f8d20ff",TRUE,TRUE,"closed",FALSE
"mv08w_full_ph_inventory_v1","mv08v","mv08r_ph:internal124:SRA779509_SRS3805249:20260809:sct_pearson_residual_all_qc_fit_selected384:exact500:gene_topology_v1",68140,"d3e6897515aefebd32f21656605f23559a3cd2474163fa7b64ae0ba84b03e41a",TRUE,TRUE,"closed",FALSE
"mv08w_full_ph_inventory_v1","mv08v","mv08r_ph:internal124:SRA779509_SRS3805250:20260805:sct_pearson_residual_all_qc_fit_selected384:exact500:gene_topology_v1",55972,"a1ff5b68963c4cca6c307465e2506ec6462f449d122ae90d602997d670a6bef4",TRUE,TRUE,"closed",FALSE
"mv08w_full_ph_inventory_v1","mv08v","mv08r_ph:internal124:SRA779509_SRS3805250:20260806:sct_pearson_residual_all_qc_fit_selected384:exact500:gene_topology_v1",54388,"6d7442abbac4ac21a0ea0e6e606a81cb830deb84600e1fe0cbdfab924f51e8f1",TRUE,TRUE,"closed",FALSE
"mv08w_full_ph_inventory_v1","mv08v","mv08r_ph:internal124:SRA779509_SRS3805250:20260807:sct_pearson_residual_all_qc_fit_selected384:exact500:gene_topology_v1",54028,"906698988c574222372706f891ec21edb2c4a4c56ca59ffb4084dd1ac1b724fd",TRUE,TRUE,"closed",FALSE
"mv08w_full_ph_inventory_v1","mv08v","mv08r_ph:internal124:SRA779509_SRS3805250:20260808:sct_pearson_residual_all_qc_fit_selected384:exact500:gene_topology_v1",54964,"513e2bdc703c2b603ccd1c71bf084abbd29d952c4ed81d07bc29aa12f2e7e991",TRUE,TRUE,"closed",FALSE
"mv08w_full_ph_inventory_v1","mv08v","mv08r_ph:internal124:SRA779509_SRS3805250:20260809:sct_pearson_residual_all_qc_fit_selected384:exact500:gene_topology_v1",51256,"8be3ba395d431159fd9ddc1d678ee74018e5d67433342642faeb8afe7b3233cc",TRUE,TRUE,"closed",FALSE
"mv08w_full_ph_inventory_v1","mv08v","mv08r_ph:internal124:SRA779509_SRS3805251:20260805:sct_pearson_residual_all_qc_fit_selected384:exact500:gene_topology_v1",33204,"a869071380fb49b0fd69d56887990683a16154533a6f92d4b74a6d93fca2b0ea",TRUE,TRUE,"closed",FALSE
"mv08w_full_ph_inventory_v1","mv08v","mv08r_ph:internal124:SRA779509_SRS3805251:20260806:sct_pearson_residual_all_qc_fit_selected384:exact500:gene_topology_v1",32644,"a9aee300261a73146d3e5de8095558506f0d8453d0ec3f7164699a6b98f02b51",TRUE,TRUE,"closed",FALSE
"mv08w_full_ph_inventory_v1","mv08v","mv08r_ph:internal124:SRA779509_SRS3805251:20260807:sct_pearson_residual_all_qc_fit_selected384:exact500:gene_topology_v1",32574,"9734f458acb8352911af5133eebd7487c80d1293751747b70770bee1d02c6b0a",TRUE,TRUE,"closed",FALSE
"mv08w_full_ph_inventory_v1","mv08v","mv08r_ph:internal124:SRA779509_SRS3805251:20260808:sct_pearson_residual_all_qc_fit_selected384:exact500:gene_topology_v1",33589,"6d657b0cd53aaf40a044c2bd2da225d8aa2dda4092082254df9ac9abf7395079",TRUE,TRUE,"closed",FALSE
"mv08w_full_ph_inventory_v1","mv08v","mv08r_ph:internal124:SRA779509_SRS3805251:20260809:sct_pearson_residual_all_qc_fit_selected384:exact500:gene_topology_v1",33414,"62aed323145235e8354e93d96e30fd5e1953cbf2e1cdd801b880ec01dec2f657",TRUE,TRUE,"closed",FALSE
"mv08w_full_ph_inventory_v1","mv08v","mv08r_ph:internal124:SRA779509_SRS3805252:20260805:sct_pearson_residual_all_qc_fit_selected384:exact500:gene_topology_v1",63064,"bd1e6674c3cee3f49de67abee51daec63d4511b9eb5961ec4bcae04239356211",TRUE,TRUE,"closed",FALSE
"mv08w_full_ph_inventory_v1","mv08v","mv08r_ph:internal124:SRA779509_SRS3805252:20260806:sct_pearson_residual_all_qc_fit_selected384:exact500:gene_topology_v1",67960,"48bccdef1f8c2d8eb9b04bf3d03161ceab9273987fe70b56740500c168981cd2",TRUE,TRUE,"closed",FALSE
"mv08w_full_ph_inventory_v1","mv08v","mv08r_ph:internal124:SRA779509_SRS3805252:20260807:sct_pearson_residual_all_qc_fit_selected384:exact500:gene_topology_v1",62776,"75f2fdd84c3978fd90cf9a8036e23972ab53e8e98c02020feee78cfc735361c1",TRUE,TRUE,"closed",FALSE
"mv08w_full_ph_inventory_v1","mv08v","mv08r_ph:internal124:SRA779509_SRS3805252:20260808:sct_pearson_residual_all_qc_fit_selected384:exact500:gene_topology_v1",64756,"eb5ec7ec01c147f7f548133156d82998c6994d39a3747c8d3442b5267985a5b7",TRUE,TRUE,"closed",FALSE
"mv08w_full_ph_inventory_v1","mv08v","mv08r_ph:internal124:SRA779509_SRS3805252:20260809:sct_pearson_residual_all_qc_fit_selected384:exact500:gene_topology_v1",61048,"56295fff40eef8157860fe36bcb8bcaba115fcc8752b886e2ffbe5cc19bed0ee",TRUE,TRUE,"closed",FALSE
"mv08w_full_ph_inventory_v1","mv08v","mv08r_ph:internal124:SRA779509_SRS3805253:20260805:sct_pearson_residual_all_qc_fit_selected384:exact500:gene_topology_v1",54964,"3389ab8f6224caeac7484082120b8e2c38b6cd0f8a8b46ca6e458b552ff29db4",TRUE,TRUE,"closed",FALSE
"mv08w_full_ph_inventory_v1","mv08v","mv08r_ph:internal124:SRA779509_SRS3805253:20260806:sct_pearson_residual_all_qc_fit_selected384:exact500:gene_topology_v1",54568,"5ed08e75b6f11b6c696c10e080978e8d33b5d023bdc31478dd6c5a4600385e2b",TRUE,TRUE,"closed",FALSE
"mv08w_full_ph_inventory_v1","mv08v","mv08r_ph:internal124:SRA779509_SRS3805253:20260807:sct_pearson_residual_all_qc_fit_selected384:exact500:gene_topology_v1",53308,"c0cb9e7988f12c1e6a7a1c537ac40a8446075f4a125c3d7ba46185dc0b90f274",TRUE,TRUE,"closed",FALSE
"mv08w_full_ph_inventory_v1","mv08v","mv08r_ph:internal124:SRA779509_SRS3805253:20260808:sct_pearson_residual_all_qc_fit_selected384:exact500:gene_topology_v1",54784,"19bcfb190bbeb4b4b9b2bc0d6339294c83a728ff77deb2bd3a42759e9f97d50e",TRUE,TRUE,"closed",FALSE
"mv08w_full_ph_inventory_v1","mv08v","mv08r_ph:internal124:SRA779509_SRS3805253:20260809:sct_pearson_residual_all_qc_fit_selected384:exact500:gene_topology_v1",55252,"d5eac388e4a2b88f443a78715be5f501cb43d680696d1dc0ac8fcde777ea31b5",TRUE,TRUE,"closed",FALSE
"mv08w_full_ph_inventory_v1","mv08v","mv08r_ph:internal124:SRA779509_SRS3805254:20260805:sct_pearson_residual_all_qc_fit_selected384:exact500:gene_topology_v1",42652,"9dbc4ab2cb85eec4f4c0746d4d5a9664b6c1c4f9f66e932bf3dbb0d39c93ed77",TRUE,TRUE,"closed",FALSE
"mv08w_full_ph_inventory_v1","mv08v","mv08r_ph:internal124:SRA779509_SRS3805254:20260806:sct_pearson_residual_all_qc_fit_selected384:exact500:gene_topology_v1",44380,"cb5883556e3247ed639ca792f7fee9babb3d4e30c8f2e56945a45078f222753c",TRUE,TRUE,"closed",FALSE
"mv08w_full_ph_inventory_v1","mv08v","mv08r_ph:internal124:SRA779509_SRS3805254:20260807:sct_pearson_residual_all_qc_fit_selected384:exact500:gene_topology_v1",48232,"c49e875a317403791ed603181925bf4e600339cd05b42f5f2375b2fa32a45e2a",TRUE,TRUE,"closed",FALSE
"mv08w_full_ph_inventory_v1","mv08v","mv08r_ph:internal124:SRA779509_SRS3805254:20260808:sct_pearson_residual_all_qc_fit_selected384:exact500:gene_topology_v1",41716,"709a2e2f0b04ecc7a1ef5b9a1586efe89c6bdef382548f4f934780dc519d7536",TRUE,TRUE,"closed",FALSE
"mv08w_full_ph_inventory_v1","mv08v","mv08r_ph:internal124:SRA779509_SRS3805254:20260809:sct_pearson_residual_all_qc_fit_selected384:exact500:gene_topology_v1",46360,"95b7b5df44b4b95212eec6b95b6622cfc30e8ee983706c3b21be78a4b8f7efe1",TRUE,TRUE,"closed",FALSE
"mv08w_full_ph_inventory_v1","mv08v","mv08r_ph:internal124:SRA779509_SRS3805255:20260805:sct_pearson_residual_all_qc_fit_selected384:exact500:gene_topology_v1",68896,"0ee36386706365a6489bdcacd486486d61df722589927d131540c2660599625a",TRUE,TRUE,"closed",FALSE
"mv08w_full_ph_inventory_v1","mv08v","mv08r_ph:internal124:SRA779509_SRS3805255:20260806:sct_pearson_residual_all_qc_fit_selected384:exact500:gene_topology_v1",63820,"72e9c27b9c133edd3063cd49cb42cc06c7703238996efa5fb68e835a839628c6",TRUE,TRUE,"closed",FALSE
"mv08w_full_ph_inventory_v1","mv08v","mv08r_ph:internal124:SRA779509_SRS3805255:20260807:sct_pearson_residual_all_qc_fit_selected384:exact500:gene_topology_v1",70732,"5b638721cada83a218198185566be0260599e7f040eb1ee0adbe1866ed109f16",TRUE,TRUE,"closed",FALSE
"mv08w_full_ph_inventory_v1","mv08v","mv08r_ph:internal124:SRA779509_SRS3805255:20260808:sct_pearson_residual_all_qc_fit_selected384:exact500:gene_topology_v1",61516,"3acfba45ca0d29c29559a8becad3de77a5d044d9c97f6e8dbfe13b3fc728c6d3",TRUE,TRUE,"closed",FALSE
"mv08w_full_ph_inventory_v1","mv08v","mv08r_ph:internal124:SRA779509_SRS3805255:20260809:sct_pearson_residual_all_qc_fit_selected384:exact500:gene_topology_v1",69472,"569027a740c08dcd02db62bd47f4148df1bfdb9f3116fd85c54cb93465a4d372",TRUE,TRUE,"closed",FALSE
"mv08w_full_ph_inventory_v1","mv08v","mv08r_ph:internal124:SRA779509_SRS3805256:20260805:sct_pearson_residual_all_qc_fit_selected384:exact500:gene_topology_v1",44200,"6d998c4ec2ab1625507cd5b1b20b3ea9bfeddeda2adf8c41434eb40ac7ec212e",TRUE,TRUE,"closed",FALSE
"mv08w_full_ph_inventory_v1","mv08v","mv08r_ph:internal124:SRA779509_SRS3805256:20260806:sct_pearson_residual_all_qc_fit_selected384:exact500:gene_topology_v1",50176,"f4b74164b3dca4d99f5c7cef11ba1fa9fbcba25654828d1f1b5723b4a59b3d3e",TRUE,TRUE,"closed",FALSE
"mv08w_full_ph_inventory_v1","mv08v","mv08r_ph:internal124:SRA779509_SRS3805256:20260807:sct_pearson_residual_all_qc_fit_selected384:exact500:gene_topology_v1",46792,"6faec36133dadaf0eba38ea61df7925eef892cb372468688fd7b78563299e643",TRUE,TRUE,"closed",FALSE
"mv08w_full_ph_inventory_v1","mv08v","mv08r_ph:internal124:SRA779509_SRS3805256:20260808:sct_pearson_residual_all_qc_fit_selected384:exact500:gene_topology_v1",51400,"c31ea9a247eb79d79c0c4da29ff24dc54d666df1ea45d51f7deaa2ab1e5c8426",TRUE,TRUE,"closed",FALSE
"mv08w_full_ph_inventory_v1","mv08v","mv08r_ph:internal124:SRA779509_SRS3805256:20260809:sct_pearson_residual_all_qc_fit_selected384:exact500:gene_topology_v1",54532,"73582630a9a3589044b9df5992c207526413dd9e17d03c98c997f49f5c71f2ad",TRUE,TRUE,"closed",FALSE
"mv08w_full_ph_inventory_v1","mv08v","mv08r_ph:internal124:SRA779509_SRS3805257:20260805:sct_pearson_residual_all_qc_fit_selected384:exact500:gene_topology_v1",41572,"776c1136adf1d0fb99e65df7e47e2861837b58896c0fc0e0b18dd2450c8bc434",TRUE,TRUE,"closed",FALSE
"mv08w_full_ph_inventory_v1","mv08v","mv08r_ph:internal124:SRA779509_SRS3805257:20260806:sct_pearson_residual_all_qc_fit_selected384:exact500:gene_topology_v1",44200,"399afee91ff1df5f8284b053454ab2262c107bc9decf3797efe65464626b7384",TRUE,TRUE,"closed",FALSE
"mv08w_full_ph_inventory_v1","mv08v","mv08r_ph:internal124:SRA779509_SRS3805257:20260807:sct_pearson_residual_all_qc_fit_selected384:exact500:gene_topology_v1",43588,"ff101c47b4caafa39c8eb534ff55a7cc54719f08d1fb68472994d608c367542b",TRUE,TRUE,"closed",FALSE
"mv08w_full_ph_inventory_v1","mv08v","mv08r_ph:internal124:SRA779509_SRS3805257:20260808:sct_pearson_residual_all_qc_fit_selected384:exact500:gene_topology_v1",45064,"856462f45b9ca8454019e8398b447786cdbc0beb35a543b42f58e88bfd5cf289",TRUE,TRUE,"closed",FALSE
"mv08w_full_ph_inventory_v1","mv08v","mv08r_ph:internal124:SRA779509_SRS3805257:20260809:sct_pearson_residual_all_qc_fit_selected384:exact500:gene_topology_v1",47152,"b81ef5a9eb0c1be858a4873ca5a1bdbe4f258408b4a5308f6d912ca66940670a",TRUE,TRUE,"closed",FALSE
"mv08w_full_ph_inventory_v1","mv08v","mv08r_ph:internal124:SRA779509_SRS3805258:20260805:sct_pearson_residual_all_qc_fit_selected384:exact500:gene_topology_v1",65008,"9f7aadb51c33c0a415f95d9683d2966e4293d469aeabb01a03b9fa9f610a73a2",TRUE,TRUE,"closed",FALSE
"mv08w_full_ph_inventory_v1","mv08v","mv08r_ph:internal124:SRA779509_SRS3805258:20260806:sct_pearson_residual_all_qc_fit_selected384:exact500:gene_topology_v1",66088,"171c23c7f04fe007d891244d32fdbf3abec2f893d8e42ade3c78916b71694978",TRUE,TRUE,"closed",FALSE
"mv08w_full_ph_inventory_v1","mv08v","mv08r_ph:internal124:SRA779509_SRS3805258:20260807:sct_pearson_residual_all_qc_fit_selected384:exact500:gene_topology_v1",64360,"68cacde921ac12a9a8f19c87c29990695e464481ce76111b7316ef7ab2f0e8f8",TRUE,TRUE,"closed",FALSE
"mv08w_full_ph_inventory_v1","mv08v","mv08r_ph:internal124:SRA779509_SRS3805258:20260808:sct_pearson_residual_all_qc_fit_selected384:exact500:gene_topology_v1",65152,"6d3c8ea47003c2cd29a4549689334aecb9e41d5a611708713a1e8885aa8739bd",TRUE,TRUE,"closed",FALSE
"mv08w_full_ph_inventory_v1","mv08v","mv08r_ph:internal124:SRA779509_SRS3805258:20260809:sct_pearson_residual_all_qc_fit_selected384:exact500:gene_topology_v1",64720,"70f2d2ea249820d30f3416c036a7949bfd68733cd5233629b73b4ce81d61e1f2",TRUE,TRUE,"closed",FALSE
"mv08w_full_ph_inventory_v1","mv08v","mv08r_ph:internal124:SRA779509_SRS3805259:20260805:sct_pearson_residual_all_qc_fit_selected384:exact500:gene_topology_v1",64612,"51be5730387f1e8f59392991f10b125650191f4c69ed9dcfcde2d4611822f265",TRUE,TRUE,"closed",FALSE
"mv08w_full_ph_inventory_v1","mv08v","mv08r_ph:internal124:SRA779509_SRS3805259:20260806:sct_pearson_residual_all_qc_fit_selected384:exact500:gene_topology_v1",60148,"fcd90fc497880f13e8dac781b41e94a026bd690800c7998e0386882ce7283183",TRUE,TRUE,"closed",FALSE
"mv08w_full_ph_inventory_v1","mv08v","mv08r_ph:internal124:SRA779509_SRS3805259:20260807:sct_pearson_residual_all_qc_fit_selected384:exact500:gene_topology_v1",65044,"2f70e6dc528acbd9aed47d4d3533fac839284ab09c3c1b715334a23ae50638e8",TRUE,TRUE,"closed",FALSE
"mv08w_full_ph_inventory_v1","mv08v","mv08r_ph:internal124:SRA779509_SRS3805259:20260808:sct_pearson_residual_all_qc_fit_selected384:exact500:gene_topology_v1",62704,"26d996465930874ec600688f1b94b7be8daab0d76a2ccf9ae582c3982633a30a",TRUE,TRUE,"closed",FALSE
"mv08w_full_ph_inventory_v1","mv08v","mv08r_ph:internal124:SRA779509_SRS3805259:20260809:sct_pearson_residual_all_qc_fit_selected384:exact500:gene_topology_v1",63244,"6456b513cd2267bf62799ffc8cf22c988b1a58d5208445d47b4ab138509baed3",TRUE,TRUE,"closed",FALSE
"mv08w_full_ph_inventory_v1","mv08v","mv08r_ph:internal124:SRA779509_SRS3805260:20260805:sct_pearson_residual_all_qc_fit_selected384:exact500:gene_topology_v1",52228,"b4d1354f74dc41b390921eed23a4d77411719ca4cb8055dae700f0e8ff791966",TRUE,TRUE,"closed",FALSE
"mv08w_full_ph_inventory_v1","mv08v","mv08r_ph:internal124:SRA779509_SRS3805260:20260806:sct_pearson_residual_all_qc_fit_selected384:exact500:gene_topology_v1",54568,"7616335f7e938680a7f4f66a71c808107d023bd4efdfc9b2f61670074925d5a1",TRUE,TRUE,"closed",FALSE
"mv08w_full_ph_inventory_v1","mv08v","mv08r_ph:internal124:SRA779509_SRS3805260:20260807:sct_pearson_residual_all_qc_fit_selected384:exact500:gene_topology_v1",53848,"e04e781d4834e980fae1591793544e6224751da120ca7094aa099afe1251a10b",TRUE,TRUE,"closed",FALSE
"mv08w_full_ph_inventory_v1","mv08v","mv08r_ph:internal124:SRA779509_SRS3805260:20260808:sct_pearson_residual_all_qc_fit_selected384:exact500:gene_topology_v1",53344,"58d0b1ca187ee160f941a1b93404f5666a1fde7befa1ec8c8130c3a151fbca13",TRUE,TRUE,"closed",FALSE
"mv08w_full_ph_inventory_v1","mv08v","mv08r_ph:internal124:SRA779509_SRS3805260:20260809:sct_pearson_residual_all_qc_fit_selected384:exact500:gene_topology_v1",56764,"5190ce5649faec790a77220845e941ac7094d6fb2eed2b0b10a13d8426271388",TRUE,TRUE,"closed",FALSE
"mv08w_full_ph_inventory_v1","mv08v","mv08r_ph:internal124:SRA779509_SRS3805261:20260805:sct_pearson_residual_all_qc_fit_selected384:exact500:gene_topology_v1",52516,"3d193f59e33ff8cef897ef47d26150d280b42a635d7ea04cc341b6d5e79f6024",TRUE,TRUE,"closed",FALSE
"mv08w_full_ph_inventory_v1","mv08v","mv08r_ph:internal124:SRA779509_SRS3805261:20260806:sct_pearson_residual_all_qc_fit_selected384:exact500:gene_topology_v1",50716,"f187c4a152b0cda5fbe97f6841b358920afa77a1116a3a0b9e2b27c61f875f15",TRUE,TRUE,"closed",FALSE
"mv08w_full_ph_inventory_v1","mv08v","mv08r_ph:internal124:SRA779509_SRS3805261:20260807:sct_pearson_residual_all_qc_fit_selected384:exact500:gene_topology_v1",46936,"e41a49d5c9593f12b463f08c73081e8474aa42358e766b8f0e05ae566a014c4d",TRUE,TRUE,"closed",FALSE
"mv08w_full_ph_inventory_v1","mv08v","mv08r_ph:internal124:SRA779509_SRS3805261:20260808:sct_pearson_residual_all_qc_fit_selected384:exact500:gene_topology_v1",52012,"b74c11d03512b6d1c52e593955ee2262e62e9e2a2426031aaeee8bb541986e30",TRUE,TRUE,"closed",FALSE
"mv08w_full_ph_inventory_v1","mv08v","mv08r_ph:internal124:SRA779509_SRS3805261:20260809:sct_pearson_residual_all_qc_fit_selected384:exact500:gene_topology_v1",50392,"603d3d5ed4e669e9d4a8c4550a41ac55fc8141a785fd2978662bb3e70e4ca5d6",TRUE,TRUE,"closed",FALSE
"mv08w_full_ph_inventory_v1","mv08v","mv08r_ph:internal124:SRA779509_SRS3805262:20260805:sct_pearson_residual_all_qc_fit_selected384:exact500:gene_topology_v1",31909,"13d6247dba3156d0e4f0d43db2de0d6ded32df1cd3a567eb33b70e75c64d2ae6",TRUE,TRUE,"closed",FALSE
"mv08w_full_ph_inventory_v1","mv08v","mv08r_ph:internal124:SRA779509_SRS3805262:20260806:sct_pearson_residual_all_qc_fit_selected384:exact500:gene_topology_v1",31979,"72747608886e8a1d471bdec838b4353da0b75226e001dadc835d3297d7ccfc7e",TRUE,TRUE,"closed",FALSE
"mv08w_full_ph_inventory_v1","mv08v","mv08r_ph:internal124:SRA779509_SRS3805262:20260807:sct_pearson_residual_all_qc_fit_selected384:exact500:gene_topology_v1",31454,"7f4b347bb4e3cc9d0b2e8bba88be71c47b4bea566f964d87338fcace6a3d8b84",TRUE,TRUE,"closed",FALSE
"mv08w_full_ph_inventory_v1","mv08v","mv08r_ph:internal124:SRA779509_SRS3805262:20260808:sct_pearson_residual_all_qc_fit_selected384:exact500:gene_topology_v1",33064,"372a0dc1d370ca69881edd062d1851de9fc44a21f770d1e83a511d9358dda106",TRUE,TRUE,"closed",FALSE
"mv08w_full_ph_inventory_v1","mv08v","mv08r_ph:internal124:SRA779509_SRS3805262:20260809:sct_pearson_residual_all_qc_fit_selected384:exact500:gene_topology_v1",34674,"01b4ada07e22dbd2dc7e54ba4ae5011f52fab130ed6f1eaa49b43da796e9a146",TRUE,TRUE,"closed",FALSE
"mv08w_full_ph_inventory_v1","mv08v","mv08r_ph:internal124:SRA779509_SRS3805263:20260805:sct_pearson_residual_all_qc_fit_selected384:exact500:gene_topology_v1",56908,"9119ff45323937d92f005fc348fdb772de866201c0865d3a56ef442223eec59b",TRUE,TRUE,"closed",FALSE
"mv08w_full_ph_inventory_v1","mv08v","mv08r_ph:internal124:SRA779509_SRS3805263:20260806:sct_pearson_residual_all_qc_fit_selected384:exact500:gene_topology_v1",63568,"aef52c6fafb642346633cd2a51f109e910575751842c4d1c8807265b7d75a741",TRUE,TRUE,"closed",FALSE
"mv08w_full_ph_inventory_v1","mv08v","mv08r_ph:internal124:SRA779509_SRS3805263:20260807:sct_pearson_residual_all_qc_fit_selected384:exact500:gene_topology_v1",64000,"f78003c53a2bb848f0dc2b2e9aa48503be47b2f83a602f53c170f2ab84aff8f1",TRUE,TRUE,"closed",FALSE
"mv08w_full_ph_inventory_v1","mv08v","mv08r_ph:internal124:SRA779509_SRS3805263:20260808:sct_pearson_residual_all_qc_fit_selected384:exact500:gene_topology_v1",62020,"7f88a9f18d9beee93a207971105f8154795b1ffa2decbb8ac4a2463e9fc32e30",TRUE,TRUE,"closed",FALSE
"mv08w_full_ph_inventory_v1","mv08v","mv08r_ph:internal124:SRA779509_SRS3805263:20260809:sct_pearson_residual_all_qc_fit_selected384:exact500:gene_topology_v1",60976,"1dabc90355b367e1745774c7eb20e5c76c44a4b6cd93e1a8e9f6597cb28c3a71",TRUE,TRUE,"closed",FALSE
"mv08w_full_ph_inventory_v1","mv08v","mv08r_ph:internal124:SRA779509_SRS3805264:20260805:sct_pearson_residual_all_qc_fit_selected384:exact500:gene_topology_v1",67780,"3354143a042392c9327e4aa4d51978f769c0062e26c93c2e0cc68e9d9dbc3f20",TRUE,TRUE,"closed",FALSE
"mv08w_full_ph_inventory_v1","mv08v","mv08r_ph:internal124:SRA779509_SRS3805264:20260806:sct_pearson_residual_all_qc_fit_selected384:exact500:gene_topology_v1",70624,"475645d4ee1d3b6dea069aa5c5c215b571b994f5b58ad408eb2d83140aa1d297",TRUE,TRUE,"closed",FALSE
"mv08w_full_ph_inventory_v1","mv08v","mv08r_ph:internal124:SRA779509_SRS3805264:20260807:sct_pearson_residual_all_qc_fit_selected384:exact500:gene_topology_v1",67276,"8ebe13643600b7d6c5acb32c67a0949a73e18514b5ad81f5808b5fdc2a1de3ba",TRUE,TRUE,"closed",FALSE
"mv08w_full_ph_inventory_v1","mv08v","mv08r_ph:internal124:SRA779509_SRS3805264:20260808:sct_pearson_residual_all_qc_fit_selected384:exact500:gene_topology_v1",68788,"7ca9483989f24e13a593e90dca47e69daf18768825f7052a53c7c9cb5d602e52",TRUE,TRUE,"closed",FALSE
"mv08w_full_ph_inventory_v1","mv08v","mv08r_ph:internal124:SRA779509_SRS3805264:20260809:sct_pearson_residual_all_qc_fit_selected384:exact500:gene_topology_v1",73180,"05f7cf4b8da54fc56e6a6038c78c8f81eadf0f960f8cf7f466b62e04c6684742",TRUE,TRUE,"closed",FALSE
"mv08w_full_ph_inventory_v1","mv08v","mv08r_ph:internal124:SRA779509_SRS3805265:20260805:sct_pearson_residual_all_qc_fit_selected384:exact500:gene_topology_v1",72532,"1699e4d2ebe01129ae9ec9c2c26fcd6935097eb5d03cb6fad1e12bf476fd1d84",TRUE,TRUE,"closed",FALSE
"mv08w_full_ph_inventory_v1","mv08v","mv08r_ph:internal124:SRA779509_SRS3805265:20260806:sct_pearson_residual_all_qc_fit_selected384:exact500:gene_topology_v1",84448,"3662653afd7ef9036ad3bbe9e95b3b9da92312ea0b6d9ffed3396c540ba3b34f",TRUE,TRUE,"closed",FALSE
"mv08w_full_ph_inventory_v1","mv08v","mv08r_ph:internal124:SRA779509_SRS3805265:20260807:sct_pearson_residual_all_qc_fit_selected384:exact500:gene_topology_v1",73828,"5e54718acabf031a565979e388028005897eb85a08426efc6400d37d058ee048",TRUE,TRUE,"closed",FALSE
"mv08w_full_ph_inventory_v1","mv08v","mv08r_ph:internal124:SRA779509_SRS3805265:20260808:sct_pearson_residual_all_qc_fit_selected384:exact500:gene_topology_v1",80992,"a9b370684aface97235cdcd064bdf880fd0ea031d0036e0764f06ba03584d20a",TRUE,TRUE,"closed",FALSE
"mv08w_full_ph_inventory_v1","mv08v","mv08r_ph:internal124:SRA779509_SRS3805265:20260809:sct_pearson_residual_all_qc_fit_selected384:exact500:gene_topology_v1",81208,"4806d63381f9530cc0776b67e133ed1c362c393e681d7a81c4ea4f9e7ba440ff",TRUE,TRUE,"closed",FALSE
"mv08w_full_ph_inventory_v1","mv08v","mv08r_ph:internal124:SRA779509_SRS3805266:20260805:sct_pearson_residual_all_qc_fit_selected384:exact500:gene_topology_v1",46684,"b56b957ffc19c57d51c090824488b3d657ab35697b412f1e9228f5582f9c1b89",TRUE,TRUE,"closed",FALSE
"mv08w_full_ph_inventory_v1","mv08v","mv08r_ph:internal124:SRA779509_SRS3805266:20260806:sct_pearson_residual_all_qc_fit_selected384:exact500:gene_topology_v1",53452,"cb914ae67191add7749bfdad736d94871ea249831927c1e4248ace60012f5d10",TRUE,TRUE,"closed",FALSE
"mv08w_full_ph_inventory_v1","mv08v","mv08r_ph:internal124:SRA779509_SRS3805266:20260807:sct_pearson_residual_all_qc_fit_selected384:exact500:gene_topology_v1",45892,"a182209c0e79c38c6b3a4122ec1cfec282332a5b5a63a8cccd0fa9d6e8131cc3",TRUE,TRUE,"closed",FALSE
"mv08w_full_ph_inventory_v1","mv08v","mv08r_ph:internal124:SRA779509_SRS3805266:20260808:sct_pearson_residual_all_qc_fit_selected384:exact500:gene_topology_v1",48988,"a0bd95bdf5afb7de4fa30831b2cc638d1b98c409dca899d69cd3b25ab8793ff2",TRUE,TRUE,"closed",FALSE
"mv08w_full_ph_inventory_v1","mv08v","mv08r_ph:internal124:SRA779509_SRS3805266:20260809:sct_pearson_residual_all_qc_fit_selected384:exact500:gene_topology_v1",47548,"2303fd3a528d241770ad09f678aada35f74f25f7f9ee1fd39ff63d831e86457b",TRUE,TRUE,"closed",FALSE
"mv08w_full_ph_inventory_v1","mv08v","mv08r_ph:internal124:SRA779509_SRS3805267:20260805:sct_pearson_residual_all_qc_fit_selected384:exact500:gene_topology_v1",61516,"5a2174de321a8573034d0f525ab35db3e6ad9d0f608be65594c11f81f6214209",TRUE,TRUE,"closed",FALSE
"mv08w_full_ph_inventory_v1","mv08v","mv08r_ph:internal124:SRA779509_SRS3805267:20260806:sct_pearson_residual_all_qc_fit_selected384:exact500:gene_topology_v1",57484,"3c880c7cde94e30fd0a573202feb53f34157c80757f41cd41d58afb469c1fb9b",TRUE,TRUE,"closed",FALSE
"mv08w_full_ph_inventory_v1","mv08v","mv08r_ph:internal124:SRA779509_SRS3805267:20260807:sct_pearson_residual_all_qc_fit_selected384:exact500:gene_topology_v1",55432,"38da6d07c4ea6aab6bbea7c6aa834312eb608fd3ae73eaaa10ff19b24cd6a584",TRUE,TRUE,"closed",FALSE
"mv08w_full_ph_inventory_v1","mv08v","mv08r_ph:internal124:SRA779509_SRS3805267:20260808:sct_pearson_residual_all_qc_fit_selected384:exact500:gene_topology_v1",56692,"11ac25ae1e4e06b9bf95e690b4955e7b9df573be662d055d9eb25fc2b107c54a",TRUE,TRUE,"closed",FALSE
"mv08w_full_ph_inventory_v1","mv08v","mv08r_ph:internal124:SRA779509_SRS3805267:20260809:sct_pearson_residual_all_qc_fit_selected384:exact500:gene_topology_v1",53416,"5b4e056f121635b2930b1a5dcfeb71323068c93b9fe73955bec5d478d235a957",TRUE,TRUE,"closed",FALSE
"mv08w_full_ph_inventory_v1","mv08v","mv08r_ph:internal124:SRA779509_SRS3805268:20260805:sct_pearson_residual_all_qc_fit_selected384:exact500:gene_topology_v1",50212,"33b55710958354506d7413404d11d0d0343c88ca9e4be968817218d6ca458906",TRUE,TRUE,"closed",FALSE
"mv08w_full_ph_inventory_v1","mv08v","mv08r_ph:internal124:SRA779509_SRS3805268:20260806:sct_pearson_residual_all_qc_fit_selected384:exact500:gene_topology_v1",46360,"739e6984f8d1bb6bbfcc5c2b0168436c834814077d19cf65368ed4f0f2b88969",TRUE,TRUE,"closed",FALSE
"mv08w_full_ph_inventory_v1","mv08v","mv08r_ph:internal124:SRA779509_SRS3805268:20260807:sct_pearson_residual_all_qc_fit_selected384:exact500:gene_topology_v1",46216,"bc363a98407e962e50b4bb25214f0d5c9d484daad95ab51e60bd0420084966f9",TRUE,TRUE,"closed",FALSE
"mv08w_full_ph_inventory_v1","mv08v","mv08r_ph:internal124:SRA779509_SRS3805268:20260808:sct_pearson_residual_all_qc_fit_selected384:exact500:gene_topology_v1",48556,"11a96491b56f91552e25fa161580ddfdf4612f1fd6325228ca2ff88077bf3f8a",TRUE,TRUE,"closed",FALSE
"mv08w_full_ph_inventory_v1","mv08v","mv08r_ph:internal124:SRA779509_SRS3805268:20260809:sct_pearson_residual_all_qc_fit_selected384:exact500:gene_topology_v1",48412,"b427a4472f653264e6f79e63c8f9dc0d91c65d46efcf8a4d376acf3a98a63d93",TRUE,TRUE,"closed",FALSE
"mv08w_full_ph_inventory_v1","mv08v","mv08r_ph:internal124:SRA779509_SRS3805269:20260805:sct_pearson_residual_all_qc_fit_selected384:exact500:gene_topology_v1",59716,"dc71e80d61d7f1d9e71c5512d638c309729358dbba806f132f4128da4a29d532",TRUE,TRUE,"closed",FALSE
"mv08w_full_ph_inventory_v1","mv08v","mv08r_ph:internal124:SRA779509_SRS3805269:20260806:sct_pearson_residual_all_qc_fit_selected384:exact500:gene_topology_v1",65440,"7602809356a5a3d8a80dcc98b7f57ccac1f4f2e0bb01cfadcc2fecac84ac3331",TRUE,TRUE,"closed",FALSE
"mv08w_full_ph_inventory_v1","mv08v","mv08r_ph:internal124:SRA779509_SRS3805269:20260807:sct_pearson_residual_all_qc_fit_selected384:exact500:gene_topology_v1",61372,"7ac9a50c985f739845d862818f1cbd57a6006b941d27f678e5704af4ae7f3c13",TRUE,TRUE,"closed",FALSE
"mv08w_full_ph_inventory_v1","mv08v","mv08r_ph:internal124:SRA779509_SRS3805269:20260808:sct_pearson_residual_all_qc_fit_selected384:exact500:gene_topology_v1",68860,"25c2b07044a6f4352738ed87eb226c6f342d2005c575333cf2bccae18d0a4c0f",TRUE,TRUE,"closed",FALSE
"mv08w_full_ph_inventory_v1","mv08v","mv08r_ph:internal124:SRA779509_SRS3805269:20260809:sct_pearson_residual_all_qc_fit_selected384:exact500:gene_topology_v1",63676,"be3242de4cbbec5a774cd1bc7d5875ea8ebec8f402e6cb8ef9e370fa0b603cb3",TRUE,TRUE,"closed",FALSE
"mv08w_full_ph_inventory_v1","mv08v","mv08r_ph:internal124:SRA784242_SRS3822680:20260805:sct_pearson_residual_all_qc_fit_selected384:exact500:gene_topology_v1",52048,"a8410b192e3069eb88a0c83281f4db0d4e451135178d7d6cc1d9258798c81271",TRUE,TRUE,"closed",FALSE
"mv08w_full_ph_inventory_v1","mv08v","mv08r_ph:internal124:SRA784242_SRS3822680:20260806:sct_pearson_residual_all_qc_fit_selected384:exact500:gene_topology_v1",52156,"e2331c6bf9af26c202ec57be22f2aab9d188feb45969e738afd0073ffcae5c01",TRUE,TRUE,"closed",FALSE
"mv08w_full_ph_inventory_v1","mv08v","mv08r_ph:internal124:SRA784242_SRS3822680:20260807:sct_pearson_residual_all_qc_fit_selected384:exact500:gene_topology_v1",51976,"abe6bbb62cb2d71a918f2d5c2f5b760e3df205a0898c90c2ae48f4d6804e3119",TRUE,TRUE,"closed",FALSE
"mv08w_full_ph_inventory_v1","mv08v","mv08r_ph:internal124:SRA784242_SRS3822680:20260808:sct_pearson_residual_all_qc_fit_selected384:exact500:gene_topology_v1",51652,"6fa403f447e3ec2baa0191c25a04571b7cc7747a20660e8deae3d025d6a2db89",TRUE,TRUE,"closed",FALSE
"mv08w_full_ph_inventory_v1","mv08v","mv08r_ph:internal124:SRA784242_SRS3822680:20260809:sct_pearson_residual_all_qc_fit_selected384:exact500:gene_topology_v1",52012,"2c9f6f475060de81b35bb9c173d9496108bb00b84deca6bb001410ca0a4587c0",TRUE,TRUE,"closed",FALSE
"mv08w_full_ph_inventory_v1","mv08v","mv08r_ph:internal124:SRA784242_SRS3822682:20260805:sct_pearson_residual_all_qc_fit_selected384:exact500:gene_topology_v1",48844,"6fd7cb0d994cf5462661ada271823dc5816fe34dfe2910f1ae7b3d4beb7d6b4d",TRUE,TRUE,"closed",FALSE
"mv08w_full_ph_inventory_v1","mv08v","mv08r_ph:internal124:SRA784242_SRS3822682:20260806:sct_pearson_residual_all_qc_fit_selected384:exact500:gene_topology_v1",49312,"190ce9bb287ce8f51bed358c051991abd1fd29b9e5c24be3229cd7d06481848e",TRUE,TRUE,"closed",FALSE
"mv08w_full_ph_inventory_v1","mv08v","mv08r_ph:internal124:SRA784242_SRS3822682:20260807:sct_pearson_residual_all_qc_fit_selected384:exact500:gene_topology_v1",48376,"4d35eae4e9abd252e712d439725cb6ca477de7ee9cb9df31d386b47ada147734",TRUE,TRUE,"closed",FALSE
"mv08w_full_ph_inventory_v1","mv08v","mv08r_ph:internal124:SRA784242_SRS3822682:20260808:sct_pearson_residual_all_qc_fit_selected384:exact500:gene_topology_v1",48520,"ab845a083b3cbb131b9d7a83b14bd2e8eb4473946ba6387898e4424660641e0e",TRUE,TRUE,"closed",FALSE
"mv08w_full_ph_inventory_v1","mv08v","mv08r_ph:internal124:SRA784242_SRS3822682:20260809:sct_pearson_residual_all_qc_fit_selected384:exact500:gene_topology_v1",49060,"81b82605f07112948db1b0904a9579ac370c47d6166066e9fc82f4647bc840db",TRUE,TRUE,"closed",FALSE
"mv08w_full_ph_inventory_v1","mv08v","mv08r_ph:internal124:SRA784242_SRS3822683:20260805:sct_pearson_residual_all_qc_fit_selected384:exact500:gene_topology_v1",63244,"e7f7ab94dad1d8c7853fa9c61a6006c6db6f6fe3bfb63352cef553e0545004aa",TRUE,TRUE,"closed",FALSE
"mv08w_full_ph_inventory_v1","mv08v","mv08r_ph:internal124:SRA784242_SRS3822683:20260806:sct_pearson_residual_all_qc_fit_selected384:exact500:gene_topology_v1",61372,"a2a5148e2b1dc9accf30ffb5acd9fe763a1b300320c6c5db14561b443263d084",TRUE,TRUE,"closed",FALSE
"mv08w_full_ph_inventory_v1","mv08v","mv08r_ph:internal124:SRA784242_SRS3822683:20260807:sct_pearson_residual_all_qc_fit_selected384:exact500:gene_topology_v1",60220,"c8ba419e8d389002e2e19d9a9e1e1588b83356adaf306bef1850f44bfcbe114c",TRUE,TRUE,"closed",FALSE
"mv08w_full_ph_inventory_v1","mv08v","mv08r_ph:internal124:SRA784242_SRS3822683:20260808:sct_pearson_residual_all_qc_fit_selected384:exact500:gene_topology_v1",61444,"aeafccc0c2a40e5a394fbf0888eaf5355715178b9579a8daaa1c821a78d31baf",TRUE,TRUE,"closed",FALSE
"mv08w_full_ph_inventory_v1","mv08v","mv08r_ph:internal124:SRA784242_SRS3822683:20260809:sct_pearson_residual_all_qc_fit_selected384:exact500:gene_topology_v1",61984,"d36b320fe7ec87aa5f2d09481bff74e6bc89eca8b9aa98c84b2652dda1fae127",TRUE,TRUE,"closed",FALSE
"mv08w_full_ph_inventory_v1","mv08v","mv08r_ph:internal124:SRA784242_SRS3822686:20260805:sct_pearson_residual_all_qc_fit_selected384:exact500:gene_topology_v1",58852,"9e85dbda07b77f40c7d9b47094dc6e1ea76e6f9ebdd9ca4128c4b01b02b7844c",TRUE,TRUE,"closed",FALSE
"mv08w_full_ph_inventory_v1","mv08v","mv08r_ph:internal124:SRA784242_SRS3822686:20260806:sct_pearson_residual_all_qc_fit_selected384:exact500:gene_topology_v1",60544,"c719e24f5130b1597803e1c43b2713e4b171f24f2499c229b7e58160c69c4f8d",TRUE,TRUE,"closed",FALSE
"mv08w_full_ph_inventory_v1","mv08v","mv08r_ph:internal124:SRA784242_SRS3822686:20260807:sct_pearson_residual_all_qc_fit_selected384:exact500:gene_topology_v1",59644,"fade09784108b5b161bfa08ad29b68ba3523f919fd13b51249bb9e1138745457",TRUE,TRUE,"closed",FALSE
"mv08w_full_ph_inventory_v1","mv08v","mv08r_ph:internal124:SRA784242_SRS3822686:20260808:sct_pearson_residual_all_qc_fit_selected384:exact500:gene_topology_v1",62920,"6f430d74713045941eb6ac3188d9d172a675fb6628483c223ad9e5cc099c7213",TRUE,TRUE,"closed",FALSE
"mv08w_full_ph_inventory_v1","mv08v","mv08r_ph:internal124:SRA784242_SRS3822686:20260809:sct_pearson_residual_all_qc_fit_selected384:exact500:gene_topology_v1",58456,"96aa1206ff763247d39c1541435c288b70bc1d47f6a303f5db7b8c4668f7b359",TRUE,TRUE,"closed",FALSE
"mv08w_full_ph_inventory_v1","mv08v","mv08r_ph:internal124:SRA826293_SRS4181123:20260805:sct_pearson_residual_all_qc_fit_selected384:exact500:gene_topology_v1",88588,"05c7397ed4e7fc1247664f759c8c00fd45d6846388484ef2ae815cc1b164e425",TRUE,TRUE,"closed",FALSE
"mv08w_full_ph_inventory_v1","mv08v","mv08r_ph:internal124:SRA826293_SRS4181123:20260806:sct_pearson_residual_all_qc_fit_selected384:exact500:gene_topology_v1",93412,"adff3c7ff58f5cb54f6c713e39dfdfe3bf2b8a5aeae89bb22ee8f9acdf6f53d3",TRUE,TRUE,"closed",FALSE
"mv08w_full_ph_inventory_v1","mv08v","mv08r_ph:internal124:SRA826293_SRS4181123:20260807:sct_pearson_residual_all_qc_fit_selected384:exact500:gene_topology_v1",95356,"4e4c00042c356378bc77359fb4a637c34de423fb9f2a0bb06d092c311bbc642f",TRUE,TRUE,"closed",FALSE
"mv08w_full_ph_inventory_v1","mv08v","mv08r_ph:internal124:SRA826293_SRS4181123:20260808:sct_pearson_residual_all_qc_fit_selected384:exact500:gene_topology_v1",89596,"e72e50df329ade6661d266f121453af520713b027b23a667214b59478369083c",TRUE,TRUE,"closed",FALSE
"mv08w_full_ph_inventory_v1","mv08v","mv08r_ph:internal124:SRA826293_SRS4181123:20260809:sct_pearson_residual_all_qc_fit_selected384:exact500:gene_topology_v1",90460,"af8015735cd315ec63456df83ec20ab1f205cdd11ac888a3d913ef0ddc6d2d29",TRUE,TRUE,"closed",FALSE
"mv08w_full_ph_inventory_v1","mv08v","mv08r_ph:internal124:SRA826293_SRS4181124:20260805:sct_pearson_residual_all_qc_fit_selected384:exact500:gene_topology_v1",77752,"a5d90469fd0c067abac94599255b6abc22ab7eb40121587e1293e7b726f5ee1b",TRUE,TRUE,"closed",FALSE
"mv08w_full_ph_inventory_v1","mv08v","mv08r_ph:internal124:SRA826293_SRS4181124:20260806:sct_pearson_residual_all_qc_fit_selected384:exact500:gene_topology_v1",79156,"6b3be5cf708965956efc33713bb65b49b4a08ba4f3972ce4670ce9fbde4d6c8e",TRUE,TRUE,"closed",FALSE
"mv08w_full_ph_inventory_v1","mv08v","mv08r_ph:internal124:SRA826293_SRS4181124:20260807:sct_pearson_residual_all_qc_fit_selected384:exact500:gene_topology_v1",82360,"ea5851604f85aad5fdcafab67cb72fd8500d2021ea0f16503f2257bee6aa42d6",TRUE,TRUE,"closed",FALSE
"mv08w_full_ph_inventory_v1","mv08v","mv08r_ph:internal124:SRA826293_SRS4181124:20260808:sct_pearson_residual_all_qc_fit_selected384:exact500:gene_topology_v1",80488,"f321add77b233f18b371878e31c1e6df0a3d2aa6e36e178c0fb91ac0e63c30e9",TRUE,TRUE,"closed",FALSE
"mv08w_full_ph_inventory_v1","mv08v","mv08r_ph:internal124:SRA826293_SRS4181124:20260809:sct_pearson_residual_all_qc_fit_selected384:exact500:gene_topology_v1",79408,"c99fe841618ca2dc672674992d816a8a3dfa5c490f7c770ec881ce1b796189a9",TRUE,TRUE,"closed",FALSE
"mv08w_full_ph_inventory_v1","mv08v","mv08r_ph:internal124:SRA826293_SRS4181125:20260805:sct_pearson_residual_all_qc_fit_selected384:exact500:gene_topology_v1",112384,"8107f57da25614149bdf78199e604269bcf401e3f004a9de4dcaed5be0135410",TRUE,TRUE,"closed",FALSE
"mv08w_full_ph_inventory_v1","mv08v","mv08r_ph:internal124:SRA826293_SRS4181125:20260806:sct_pearson_residual_all_qc_fit_selected384:exact500:gene_topology_v1",113320,"83b365c276daf6b56bc6fb353d8abb64d6e0ff42085b48001e2810568f3cb4a9",TRUE,TRUE,"closed",FALSE
"mv08w_full_ph_inventory_v1","mv08v","mv08r_ph:internal124:SRA826293_SRS4181125:20260807:sct_pearson_residual_all_qc_fit_selected384:exact500:gene_topology_v1",106840,"541037c94cc6ce05cfd44d1260549cdab0ec3dbce43070efa81a647fc67b72be",TRUE,TRUE,"closed",FALSE
"mv08w_full_ph_inventory_v1","mv08v","mv08r_ph:internal124:SRA826293_SRS4181125:20260808:sct_pearson_residual_all_qc_fit_selected384:exact500:gene_topology_v1",106552,"167bba562ec82f2a90e1af45f5f80fdcd24e210e3bb5abbc5be6e1faee73e3bf",TRUE,TRUE,"closed",FALSE
"mv08w_full_ph_inventory_v1","mv08v","mv08r_ph:internal124:SRA826293_SRS4181125:20260809:sct_pearson_residual_all_qc_fit_selected384:exact500:gene_topology_v1",110584,"41d2e507bbdc7c5f1956685ec11e123e4b1d4563fe48b801dce1053e6f261cdd",TRUE,TRUE,"closed",FALSE
"mv08w_full_ph_inventory_v1","mv08v","mv08r_ph:internal124:SRA826293_SRS4181126:20260805:sct_pearson_residual_all_qc_fit_selected384:exact500:gene_topology_v1",92476,"99bc5c546230414ec73272fc80860272ed4d40929d187abfc35d277190581a46",TRUE,TRUE,"closed",FALSE
"mv08w_full_ph_inventory_v1","mv08v","mv08r_ph:internal124:SRA826293_SRS4181126:20260806:sct_pearson_residual_all_qc_fit_selected384:exact500:gene_topology_v1",98344,"a3bd2328998c468b489ba6cca9fc67cf842051f87407504ae30400fb0cc65074",TRUE,TRUE,"closed",FALSE
"mv08w_full_ph_inventory_v1","mv08v","mv08r_ph:internal124:SRA826293_SRS4181126:20260807:sct_pearson_residual_all_qc_fit_selected384:exact500:gene_topology_v1",97732,"9137a4e68a69c5a1d9abe06c6a776e7542ac3c1bcc72780093dc77b427e0db6f",TRUE,TRUE,"closed",FALSE
"mv08w_full_ph_inventory_v1","mv08v","mv08r_ph:internal124:SRA826293_SRS4181126:20260808:sct_pearson_residual_all_qc_fit_selected384:exact500:gene_topology_v1",96328,"c656a942c31d3ef95de0004364063257f30388fea6ab4f9a2654640b6b2de075",TRUE,TRUE,"closed",FALSE
"mv08w_full_ph_inventory_v1","mv08v","mv08r_ph:internal124:SRA826293_SRS4181126:20260809:sct_pearson_residual_all_qc_fit_selected384:exact500:gene_topology_v1",102052,"2467ba3c3f8c5938814117337ae2bcda266475ec40eba299f6bb12fdafadb83c",TRUE,TRUE,"closed",FALSE
"mv08w_full_ph_inventory_v1","mv08v","mv08r_ph:internal124:SRA826293_SRS4181127:20260805:sct_pearson_residual_all_qc_fit_selected384:exact500:gene_topology_v1",43444,"30eaf9bdd1dd655fce303e57924f2774489e31b9ef5642f14f387aace290d3af",TRUE,TRUE,"closed",FALSE
"mv08w_full_ph_inventory_v1","mv08v","mv08r_ph:internal124:SRA826293_SRS4181127:20260806:sct_pearson_residual_all_qc_fit_selected384:exact500:gene_topology_v1",43624,"6e60f4c1db1e034cd63db169ca0b81d447f896d43dedb97e54b1fd452ce334e6",TRUE,TRUE,"closed",FALSE
"mv08w_full_ph_inventory_v1","mv08v","mv08r_ph:internal124:SRA826293_SRS4181127:20260807:sct_pearson_residual_all_qc_fit_selected384:exact500:gene_topology_v1",41680,"cddae6c786daa1de7511ca05d9e7fb70c8d70e68ae37548a8427ee4fb5fbe9f8",TRUE,TRUE,"closed",FALSE
"mv08w_full_ph_inventory_v1","mv08v","mv08r_ph:internal124:SRA826293_SRS4181127:20260808:sct_pearson_residual_all_qc_fit_selected384:exact500:gene_topology_v1",42760,"6cf555d2f27120747838f0e323aa00a77c24774bd0d818587897411b1f8e15be",TRUE,TRUE,"closed",FALSE
"mv08w_full_ph_inventory_v1","mv08v","mv08r_ph:internal124:SRA826293_SRS4181127:20260809:sct_pearson_residual_all_qc_fit_selected384:exact500:gene_topology_v1",43948,"74fd96400a67a029e31fbd9b33d8dc07311ead8c19362203dc1fae3ea9827edc",TRUE,TRUE,"closed",FALSE
"mv08w_full_ph_inventory_v1","mv08v","mv08r_ph:internal124:SRA826293_SRS4181128:20260805:sct_pearson_residual_all_qc_fit_selected384:exact500:gene_topology_v1",34009,"a64a77d5a1ff131db08afb3d4053bf670869a14e307bfc3ab240026b0118c731",TRUE,TRUE,"closed",FALSE
"mv08w_full_ph_inventory_v1","mv08v","mv08r_ph:internal124:SRA826293_SRS4181128:20260806:sct_pearson_residual_all_qc_fit_selected384:exact500:gene_topology_v1",35654,"c3b535efa16fb6a43a3b4b441ec22e4acb04948fb6c7b40335d718d7bc56063b",TRUE,TRUE,"closed",FALSE
"mv08w_full_ph_inventory_v1","mv08v","mv08r_ph:internal124:SRA826293_SRS4181128:20260807:sct_pearson_residual_all_qc_fit_selected384:exact500:gene_topology_v1",35164,"685e03e23618d16b0409ce0cacadf83348da65369dfeed8c4e0d4b324154e481",TRUE,TRUE,"closed",FALSE
"mv08w_full_ph_inventory_v1","mv08v","mv08r_ph:internal124:SRA826293_SRS4181128:20260808:sct_pearson_residual_all_qc_fit_selected384:exact500:gene_topology_v1",36214,"abee191df034488ba02b18cd1a4fab3cc7510a5f901bf3fe8fc5d799f2da7a62",TRUE,TRUE,"closed",FALSE
"mv08w_full_ph_inventory_v1","mv08v","mv08r_ph:internal124:SRA826293_SRS4181128:20260809:sct_pearson_residual_all_qc_fit_selected384:exact500:gene_topology_v1",36179,"3d194b4d83dbb1d239c6f8386ace603d2d98b03e35686a145ae21ec5ab3de9db",TRUE,TRUE,"closed",FALSE
"mv08w_full_ph_inventory_v1","mv08v","mv08r_ph:internal124:SRA826293_SRS4181129:20260805:sct_pearson_residual_all_qc_fit_selected384:exact500:gene_topology_v1",55288,"ab8ec544c31605d8f3b192426ef63f4c776c7c6430adde856ddbba4eb2b8ba86",TRUE,TRUE,"closed",FALSE
"mv08w_full_ph_inventory_v1","mv08v","mv08r_ph:internal124:SRA826293_SRS4181129:20260806:sct_pearson_residual_all_qc_fit_selected384:exact500:gene_topology_v1",51076,"5fedd9afc9d04dfd97c5be49af90f1b58f81d6c0ace1bb50e4e4f6d5e3b5b94b",TRUE,TRUE,"closed",FALSE
"mv08w_full_ph_inventory_v1","mv08v","mv08r_ph:internal124:SRA826293_SRS4181129:20260807:sct_pearson_residual_all_qc_fit_selected384:exact500:gene_topology_v1",59320,"f2ac7427626c74ff4da3a2ff4ab10fd9dd12b7d9537ce4fa4b8ebcc66dee6079",TRUE,TRUE,"closed",FALSE
"mv08w_full_ph_inventory_v1","mv08v","mv08r_ph:internal124:SRA826293_SRS4181129:20260808:sct_pearson_residual_all_qc_fit_selected384:exact500:gene_topology_v1",57916,"83281c873379e3353619ef90283a95739ea8b5d7abed5c3e882a1b93f4ac6459",TRUE,TRUE,"closed",FALSE
"mv08w_full_ph_inventory_v1","mv08v","mv08r_ph:internal124:SRA826293_SRS4181129:20260809:sct_pearson_residual_all_qc_fit_selected384:exact500:gene_topology_v1",54352,"09b4a3b45212afeb3ec96d1bb44e55af1f908e062f5cb048645d6432d1bc62f6",TRUE,TRUE,"closed",FALSE
"mv08w_full_ph_inventory_v1","mv08v","mv08r_ph:internal124:SRA826293_SRS4181130:20260805:sct_pearson_residual_all_qc_fit_selected384:exact500:gene_topology_v1",40348,"a6e0b4af12a59a8619c381fbc1de7ba51c68a90b0022ab33b5c72067f3cc1d68",TRUE,TRUE,"closed",FALSE
"mv08w_full_ph_inventory_v1","mv08v","mv08r_ph:internal124:SRA826293_SRS4181130:20260806:sct_pearson_residual_all_qc_fit_selected384:exact500:gene_topology_v1",38244,"ea43592736ab59446425c8f1002ed55d35ddd1e4bfbb82699a2602e0899a210a",TRUE,TRUE,"closed",FALSE
"mv08w_full_ph_inventory_v1","mv08v","mv08r_ph:internal124:SRA826293_SRS4181130:20260807:sct_pearson_residual_all_qc_fit_selected384:exact500:gene_topology_v1",38489,"8d83a2aac84e3c28cf65711203800dc79d0584bb2e6865525cb928d11940031f",TRUE,TRUE,"closed",FALSE
"mv08w_full_ph_inventory_v1","mv08v","mv08r_ph:internal124:SRA826293_SRS4181130:20260808:sct_pearson_residual_all_qc_fit_selected384:exact500:gene_topology_v1",39664,"7e718c7df4667419bc77753f49dd504144cf3050f472b0915d27fd84e0378417",TRUE,TRUE,"closed",FALSE
"mv08w_full_ph_inventory_v1","mv08v","mv08r_ph:internal124:SRA826293_SRS4181130:20260809:sct_pearson_residual_all_qc_fit_selected384:exact500:gene_topology_v1",39952,"e6c55a6abf58f2bb83570219a74d10ef4f3d2720d27975693bc4e2ee49c749ab",TRUE,TRUE,"closed",FALSE
"mv08w_full_ph_inventory_v1","mv08v","mv08r_ph:internal124:SRA850958_SRS4386101:20260805:sct_pearson_residual_all_qc_fit_selected384:exact500:gene_topology_v1",117064,"88e43db9efed7ef0589238406bfdf3ef9f0e87c9102485a7049e47caca628442",TRUE,TRUE,"closed",FALSE
"mv08w_full_ph_inventory_v1","mv08v","mv08r_ph:internal124:SRA850958_SRS4386101:20260806:sct_pearson_residual_all_qc_fit_selected384:exact500:gene_topology_v1",114760,"57c30967945d6fa36506fec41ca14ed9db1ade0f50aa80392f8adaff880e5e31",TRUE,TRUE,"closed",FALSE
"mv08w_full_ph_inventory_v1","mv08v","mv08r_ph:internal124:SRA850958_SRS4386101:20260807:sct_pearson_residual_all_qc_fit_selected384:exact500:gene_topology_v1",118000,"2db2a726c80166120c41957362672ffb2ca2f3271353583a6eeca99a8aa9fa52",TRUE,TRUE,"closed",FALSE
"mv08w_full_ph_inventory_v1","mv08v","mv08r_ph:internal124:SRA850958_SRS4386101:20260808:sct_pearson_residual_all_qc_fit_selected384:exact500:gene_topology_v1",118216,"4861ed2b3b6f259c9d55cab0023ed842808294499c8bc087dc6ae4b80b6c861e",TRUE,TRUE,"closed",FALSE
"mv08w_full_ph_inventory_v1","mv08v","mv08r_ph:internal124:SRA850958_SRS4386101:20260809:sct_pearson_residual_all_qc_fit_selected384:exact500:gene_topology_v1",115984,"8c24ae3b5f7b2811db21c2993503f070d1b8bcd4894955190b3428b9c713342a",TRUE,TRUE,"closed",FALSE
"mv08w_full_ph_inventory_v1","mv08v","mv08r_ph:internal124:SRA850958_SRS4386109:20260805:sct_pearson_residual_all_qc_fit_selected384:exact500:gene_topology_v1",76852,"dfadf13b939d2a3170bf9207939572db86445049bf22f696afa5060c1bbd6b11",TRUE,TRUE,"closed",FALSE
"mv08w_full_ph_inventory_v1","mv08v","mv08r_ph:internal124:SRA850958_SRS4386109:20260806:sct_pearson_residual_all_qc_fit_selected384:exact500:gene_topology_v1",76456,"dea1113732523b9ec4eca1665cf74e6b1e3cf5f0c895ead50b666d4900b41b41",TRUE,TRUE,"closed",FALSE
"mv08w_full_ph_inventory_v1","mv08v","mv08r_ph:internal124:SRA850958_SRS4386109:20260807:sct_pearson_residual_all_qc_fit_selected384:exact500:gene_topology_v1",78868,"9e7b36e5520fe3f472a5fd579209ad06e8ab42a6f7ba3ae615e7ce7eed77b49b",TRUE,TRUE,"closed",FALSE
"mv08w_full_ph_inventory_v1","mv08v","mv08r_ph:internal124:SRA850958_SRS4386109:20260808:sct_pearson_residual_all_qc_fit_selected384:exact500:gene_topology_v1",78508,"f0a234731b32486be633023dc96a58288f458bb5e078ebe7d28f5a495e9b8133",TRUE,TRUE,"closed",FALSE
"mv08w_full_ph_inventory_v1","mv08v","mv08r_ph:internal124:SRA850958_SRS4386109:20260809:sct_pearson_residual_all_qc_fit_selected384:exact500:gene_topology_v1",77356,"75c24905f3c90d4841699978e8086ed27bf254bed033b53bdd2b84eed6434fe8",TRUE,TRUE,"closed",FALSE
"mv08w_full_ph_inventory_v1","mv08v","mv08r_ph:internal124:SRA850958_SRS4386110:20260805:sct_pearson_residual_all_qc_fit_selected384:exact500:gene_topology_v1",83152,"259ad00335958e5750c257c32cd137661ae6fc1d9f1016c66832a9738ed6b9a9",TRUE,TRUE,"closed",FALSE
"mv08w_full_ph_inventory_v1","mv08v","mv08r_ph:internal124:SRA850958_SRS4386110:20260806:sct_pearson_residual_all_qc_fit_selected384:exact500:gene_topology_v1",81856,"75181842665e1d75c88510794e7e708bd155b21497dc48add6bc848db3a7ada1",TRUE,TRUE,"closed",FALSE
"mv08w_full_ph_inventory_v1","mv08v","mv08r_ph:internal124:SRA850958_SRS4386110:20260807:sct_pearson_residual_all_qc_fit_selected384:exact500:gene_topology_v1",82576,"78bb7018abbfa8accec0091ce41601c9bcbb3257da91fc927cb765266520df8e",TRUE,TRUE,"closed",FALSE
"mv08w_full_ph_inventory_v1","mv08v","mv08r_ph:internal124:SRA850958_SRS4386110:20260808:sct_pearson_residual_all_qc_fit_selected384:exact500:gene_topology_v1",80992,"33da3984f2fbfc60824b50f4d2dfce36da91329e847aa9d21ce334e12b99da02",TRUE,TRUE,"closed",FALSE
"mv08w_full_ph_inventory_v1","mv08v","mv08r_ph:internal124:SRA850958_SRS4386110:20260809:sct_pearson_residual_all_qc_fit_selected384:exact500:gene_topology_v1",81676,"a298db5787ce81c434964e99420ac29885dcbce69d73819c5555605d7f857b0c",TRUE,TRUE,"closed",FALSE
"mv08w_full_ph_inventory_v1","mv08v","mv08r_ph:internal124:SRA850958_SRS4386111:20260805:sct_pearson_residual_all_qc_fit_selected384:exact500:gene_topology_v1",94600,"9a8c08a7f6c372b6d13725b4708982b2fbcc8e6448d0b71d8039fe48d9e1840f",TRUE,TRUE,"closed",FALSE
"mv08w_full_ph_inventory_v1","mv08v","mv08r_ph:internal124:SRA850958_SRS4386111:20260806:sct_pearson_residual_all_qc_fit_selected384:exact500:gene_topology_v1",96940,"b519f374c7aca89730d065ff5d880bf3e28f8e51d78b4d777f4f6ac38500eb0e",TRUE,TRUE,"closed",FALSE
"mv08w_full_ph_inventory_v1","mv08v","mv08r_ph:internal124:SRA850958_SRS4386111:20260807:sct_pearson_residual_all_qc_fit_selected384:exact500:gene_topology_v1",95032,"b1ff0f3057fb39af5168426b97b752a75d0e28451c473f8fdbf631b88276a447",TRUE,TRUE,"closed",FALSE
"mv08w_full_ph_inventory_v1","mv08v","mv08r_ph:internal124:SRA850958_SRS4386111:20260808:sct_pearson_residual_all_qc_fit_selected384:exact500:gene_topology_v1",95824,"c004909f0c8849d4cf18b04ac1cbe144970bba96ccda734483f85a81fc5c8e1b",TRUE,TRUE,"closed",FALSE
"mv08w_full_ph_inventory_v1","mv08v","mv08r_ph:internal124:SRA850958_SRS4386111:20260809:sct_pearson_residual_all_qc_fit_selected384:exact500:gene_topology_v1",94672,"c14db87d6d2670c76aa42f5e1a32db02da3c76a05c3a9470efef6c515227c575",TRUE,TRUE,"closed",FALSE
"mv08w_full_ph_inventory_v1","mv08v","mv08r_ph:internal124:SRA850958_SRS4386112:20260805:sct_pearson_residual_all_qc_fit_selected384:exact500:gene_topology_v1",95284,"ab93fed29a45c1d92ed06861f70d7c094a341c9b618cff0c8ce2af39021b167a",TRUE,TRUE,"closed",FALSE
"mv08w_full_ph_inventory_v1","mv08v","mv08r_ph:internal124:SRA850958_SRS4386112:20260806:sct_pearson_residual_all_qc_fit_selected384:exact500:gene_topology_v1",92728,"a5c4bc3a0fbaf2d18fe5fca394b39197673809127d9ee021f4d1736f84d017b3",TRUE,TRUE,"closed",FALSE
"mv08w_full_ph_inventory_v1","mv08v","mv08r_ph:internal124:SRA850958_SRS4386112:20260807:sct_pearson_residual_all_qc_fit_selected384:exact500:gene_topology_v1",94528,"c4164446a9123647d7c62ad13e697b420f62be5248c804c84c140a39ccca9f6b",TRUE,TRUE,"closed",FALSE
"mv08w_full_ph_inventory_v1","mv08v","mv08r_ph:internal124:SRA850958_SRS4386112:20260808:sct_pearson_residual_all_qc_fit_selected384:exact500:gene_topology_v1",94564,"fbb2c59ee06d0ddac912858e846e481923941e3fa080506abbbe21676e91e63e",TRUE,TRUE,"closed",FALSE
"mv08w_full_ph_inventory_v1","mv08v","mv08r_ph:internal124:SRA850958_SRS4386112:20260809:sct_pearson_residual_all_qc_fit_selected384:exact500:gene_topology_v1",96652,"ff29fe3a97b93bdc56aaafe55c3dcc171def75c623e0c7c51b0978830a4c94ec",TRUE,TRUE,"closed",FALSE
"mv08w_full_ph_inventory_v1","mv08v","mv08r_ph:internal124:SRA850958_SRS4386113:20260805:sct_pearson_residual_all_qc_fit_selected384:exact500:gene_topology_v1",87832,"4ce8ed368fc1546ade6f0cd341742e7d611d3d88074bf4f0018a225093730861",TRUE,TRUE,"closed",FALSE
"mv08w_full_ph_inventory_v1","mv08v","mv08r_ph:internal124:SRA850958_SRS4386113:20260806:sct_pearson_residual_all_qc_fit_selected384:exact500:gene_topology_v1",88264,"80b044c8ab6c5ef8d7caddb26f85388b2def399a8d1f05befeb46fd3e09e1581",TRUE,TRUE,"closed",FALSE
"mv08w_full_ph_inventory_v1","mv08v","mv08r_ph:internal124:SRA850958_SRS4386113:20260807:sct_pearson_residual_all_qc_fit_selected384:exact500:gene_topology_v1",84772,"719af86b7802b3760df429e53fca6be1058994b88d7d6386888e86695803bfd1",TRUE,TRUE,"closed",FALSE
"mv08w_full_ph_inventory_v1","mv08v","mv08r_ph:internal124:SRA850958_SRS4386113:20260808:sct_pearson_residual_all_qc_fit_selected384:exact500:gene_topology_v1",87832,"f0a92d4bcdaec5430b6fbfbc077d8dfd8e1e56b55dc2cb412d1061352a5846f1",TRUE,TRUE,"closed",FALSE
"mv08w_full_ph_inventory_v1","mv08v","mv08r_ph:internal124:SRA850958_SRS4386113:20260809:sct_pearson_residual_all_qc_fit_selected384:exact500:gene_topology_v1",88660,"264756a39cd0ce522b2b3c7f7a46efd0f0bdccfbfe05e17e7c16f8c82d091c51",TRUE,TRUE,"closed",FALSE
"mv08w_full_ph_inventory_v1","mv08v","mv08r_ph:internal124:SRA550660_SRS2089635:20260805:sct_data_all_qc_fit_selected384:exact500:gene_topology_v1",89824,"058e45907b14445cd8fa3cc1b5aaf227516bb2f79ca2edf514c103f9e83533b6",TRUE,TRUE,"closed",FALSE
"mv08w_full_ph_inventory_v1","mv08v","mv08r_ph:internal124:SRA550660_SRS2089635:20260806:sct_data_all_qc_fit_selected384:exact500:gene_topology_v1",86656,"825f09296a7279c88eabae84cb190f3302f498d168d58e683973377ca91da267",TRUE,TRUE,"closed",FALSE
"mv08w_full_ph_inventory_v1","mv08v","mv08r_ph:internal124:SRA550660_SRS2089635:20260807:sct_data_all_qc_fit_selected384:exact500:gene_topology_v1",90688,"1d086eb6a44bff4410d1ef7630f04f776aa367236ff17b4bd8db09fc424dceab",TRUE,TRUE,"closed",FALSE
"mv08w_full_ph_inventory_v1","mv08v","mv08r_ph:internal124:SRA550660_SRS2089635:20260808:sct_data_all_qc_fit_selected384:exact500:gene_topology_v1",90508,"d8d8c5af2dc01cd9effbab19019db553df1809908a37d3dc4179df69e6049d4e",TRUE,TRUE,"closed",FALSE
"mv08w_full_ph_inventory_v1","mv08v","mv08r_ph:internal124:SRA550660_SRS2089635:20260809:sct_data_all_qc_fit_selected384:exact500:gene_topology_v1",86440,"a5f5f7ce9c77977c34b1da0060ad1ccee65df56a475b812c1cd0a6e16fbfa8e8",TRUE,TRUE,"closed",FALSE
"mv08w_full_ph_inventory_v1","mv08v","mv08r_ph:internal124:SRA550660_SRS2089636:20260805:sct_data_all_qc_fit_selected384:exact500:gene_topology_v1",89644,"f5735a8a549571fc69cfe453d0101dba1978a2d330ba3a53385fb5764a202529",TRUE,TRUE,"closed",FALSE
"mv08w_full_ph_inventory_v1","mv08v","mv08r_ph:internal124:SRA550660_SRS2089636:20260806:sct_data_all_qc_fit_selected384:exact500:gene_topology_v1",91408,"18523bae8a3ee648778a676d596e9aa720d53441b16efcd341ea048694170de7",TRUE,TRUE,"closed",FALSE
"mv08w_full_ph_inventory_v1","mv08v","mv08r_ph:internal124:SRA550660_SRS2089636:20260807:sct_data_all_qc_fit_selected384:exact500:gene_topology_v1",92920,"f3c6081004fe1335dcf38330a912a2cb74330b7d2555490e9df1d6a415ba7a83",TRUE,TRUE,"closed",FALSE
"mv08w_full_ph_inventory_v1","mv08v","mv08r_ph:internal124:SRA550660_SRS2089636:20260808:sct_data_all_qc_fit_selected384:exact500:gene_topology_v1",95296,"074bc23064330661986e19e37298ebe9ad412990028e11428ee67efeb60ca18d",TRUE,TRUE,"closed",FALSE
"mv08w_full_ph_inventory_v1","mv08v","mv08r_ph:internal124:SRA550660_SRS2089636:20260809:sct_data_all_qc_fit_selected384:exact500:gene_topology_v1",90076,"42f0e99028395ccf13bacae5793d7abae096475382aa40b997a55de19860164d",TRUE,TRUE,"closed",FALSE
"mv08w_full_ph_inventory_v1","mv08v","mv08r_ph:internal124:SRA550660_SRS2089637:20260805:sct_data_all_qc_fit_selected384:exact500:gene_topology_v1",78952,"9cb28ee026c9d00af02d9c871d90cc724dd7c57b83b0cd92faaa9d3ad2944b60",TRUE,TRUE,"closed",FALSE
"mv08w_full_ph_inventory_v1","mv08v","mv08r_ph:internal124:SRA550660_SRS2089637:20260806:sct_data_all_qc_fit_selected384:exact500:gene_topology_v1",76972,"a7d74e87ea2d09d74a476ee02818f99b0a8077bb8cbdc962b80564031ccc7ecc",TRUE,TRUE,"closed",FALSE
"mv08w_full_ph_inventory_v1","mv08v","mv08r_ph:internal124:SRA550660_SRS2089637:20260807:sct_data_all_qc_fit_selected384:exact500:gene_topology_v1",76648,"8ab4813a360ece53dbc1f0f910e17820e6b975a9acd83b79b061ad9c854fe0fd",TRUE,TRUE,"closed",FALSE
"mv08w_full_ph_inventory_v1","mv08v","mv08r_ph:internal124:SRA550660_SRS2089637:20260808:sct_data_all_qc_fit_selected384:exact500:gene_topology_v1",80788,"12431e15ac04dd8cc36e26a7130836b4e61b25c79f989e34115b7f57aec63298",TRUE,TRUE,"closed",FALSE
"mv08w_full_ph_inventory_v1","mv08v","mv08r_ph:internal124:SRA550660_SRS2089637:20260809:sct_data_all_qc_fit_selected384:exact500:gene_topology_v1",74272,"e226ad42163ac3a8d2076b2831d995443ed4db78290880d51f96f2b2d2cb152b",TRUE,TRUE,"closed",FALSE
"mv08w_full_ph_inventory_v1","mv08v","mv08r_ph:internal124:SRA550660_SRS2089638:20260805:sct_data_all_qc_fit_selected384:exact500:gene_topology_v1",94864,"5bf86f02d4c40516994434edaa9f4117574109d24acab646852d639412ea8aa9",TRUE,TRUE,"closed",FALSE
"mv08w_full_ph_inventory_v1","mv08v","mv08r_ph:internal124:SRA550660_SRS2089638:20260806:sct_data_all_qc_fit_selected384:exact500:gene_topology_v1",94468,"e207d71fc27b752b405d0407f06161e239aa3c693ab6a4c254735242dc9613c8",TRUE,TRUE,"closed",FALSE
"mv08w_full_ph_inventory_v1","mv08v","mv08r_ph:internal124:SRA550660_SRS2089638:20260807:sct_data_all_qc_fit_selected384:exact500:gene_topology_v1",95332,"79f9316e30bd8f18141fe1da8292ca8cf5fe7c5f6d04605829b06200e18a0794",TRUE,TRUE,"closed",FALSE
"mv08w_full_ph_inventory_v1","mv08v","mv08r_ph:internal124:SRA550660_SRS2089638:20260808:sct_data_all_qc_fit_selected384:exact500:gene_topology_v1",97816,"f16b4c24815f20a5657df778fd480ec44bbf00204c6c66bdeacfc22cb04db1b5",TRUE,TRUE,"closed",FALSE
"mv08w_full_ph_inventory_v1","mv08v","mv08r_ph:internal124:SRA550660_SRS2089638:20260809:sct_data_all_qc_fit_selected384:exact500:gene_topology_v1",96664,"624ec3f9c1cbfe42e924ed39eacd95b28d2a180633272e283c34b860c28f84fb",TRUE,TRUE,"closed",FALSE
"mv08w_full_ph_inventory_v1","mv08v","mv08r_ph:internal124:SRA550660_SRS2089639:20260805:sct_data_all_qc_fit_selected384:exact500:gene_topology_v1",74236,"d9ab4f7ef012e7681c8be512443e841e85887d81999bd84638b8e0dcfcff1925",TRUE,TRUE,"closed",FALSE
"mv08w_full_ph_inventory_v1","mv08v","mv08r_ph:internal124:SRA550660_SRS2089639:20260806:sct_data_all_qc_fit_selected384:exact500:gene_topology_v1",81184,"77d544c53672b8ca371459c14ef3cdefd976ad62a85fb71a591441b4f60fb6be",TRUE,TRUE,"closed",FALSE
"mv08w_full_ph_inventory_v1","mv08v","mv08r_ph:internal124:SRA550660_SRS2089639:20260807:sct_data_all_qc_fit_selected384:exact500:gene_topology_v1",77980,"446d64f71ce7a344be136f49c1ca3fbe3cc3c012f818007de95834e51432a297",TRUE,TRUE,"closed",FALSE
"mv08w_full_ph_inventory_v1","mv08v","mv08r_ph:internal124:SRA550660_SRS2089639:20260808:sct_data_all_qc_fit_selected384:exact500:gene_topology_v1",78808,"7dd58445451453cc13639efc34b972d5323ac688f6d23f67459e7fac5ba7d456",TRUE,TRUE,"closed",FALSE
"mv08w_full_ph_inventory_v1","mv08v","mv08r_ph:internal124:SRA550660_SRS2089639:20260809:sct_data_all_qc_fit_selected384:exact500:gene_topology_v1",83812,"c704c169e4c9e79baa75dcc5e59a749462a1ff18551ed11b53a061e3fe2590c3",TRUE,TRUE,"closed",FALSE
"mv08w_full_ph_inventory_v1","mv08v","mv08r_ph:internal124:SRA621638_SRS2610283:20260805:sct_data_all_qc_fit_selected384:exact500:gene_topology_v1",62716,"cc1c25c528262bad7d8fd199d54dfa28275be75e2111034c5ecdf12d7b170c7b",TRUE,TRUE,"closed",FALSE
"mv08w_full_ph_inventory_v1","mv08v","mv08r_ph:internal124:SRA621638_SRS2610283:20260806:sct_data_all_qc_fit_selected384:exact500:gene_topology_v1",57640,"a41e745cccdb15d6f1c20e6ab89989465c1a0d97bfcaa4f55c1a0f5bc728d423",TRUE,TRUE,"closed",FALSE
"mv08w_full_ph_inventory_v1","mv08v","mv08r_ph:internal124:SRA621638_SRS2610283:20260807:sct_data_all_qc_fit_selected384:exact500:gene_topology_v1",64336,"c5514e1c69794c1a67a3252e7b151ad2ed531b5fca34f1f6734f562f3a64d61e",TRUE,TRUE,"closed",FALSE
"mv08w_full_ph_inventory_v1","mv08v","mv08r_ph:internal124:SRA621638_SRS2610283:20260808:sct_data_all_qc_fit_selected384:exact500:gene_topology_v1",63076,"300a65249635997c03733305dcf96c2d1d37b34961a7f1c404b28c14560c4724",TRUE,TRUE,"closed",FALSE
"mv08w_full_ph_inventory_v1","mv08v","mv08r_ph:internal124:SRA621638_SRS2610283:20260809:sct_data_all_qc_fit_selected384:exact500:gene_topology_v1",63040,"e56e99b7754359bf22cf914b3f64f7b6491cf005783e3306a082cf61e7122ba0",TRUE,TRUE,"closed",FALSE
"mv08w_full_ph_inventory_v1","mv08v","mv08r_ph:internal124:SRA621638_SRS2610285:20260805:sct_data_all_qc_fit_selected384:exact500:gene_topology_v1",100120,"6948d3a2228cf84be6ff818159c61df53399533a5e9d25f2ccb1aa24e336b8db",TRUE,TRUE,"closed",FALSE
"mv08w_full_ph_inventory_v1","mv08v","mv08r_ph:internal124:SRA621638_SRS2610285:20260806:sct_data_all_qc_fit_selected384:exact500:gene_topology_v1",98068,"0a4e874b4aefe2dd133ee2851eb090a0ceba45693ed475a1ba0a4e767ef8490c",TRUE,TRUE,"closed",FALSE
"mv08w_full_ph_inventory_v1","mv08v","mv08r_ph:internal124:SRA621638_SRS2610285:20260807:sct_data_all_qc_fit_selected384:exact500:gene_topology_v1",104332,"40b32f8ddb4d30a84810e459c9cc89564647f7b874976e03eb4dc9bf42251b93",TRUE,TRUE,"closed",FALSE
"mv08w_full_ph_inventory_v1","mv08v","mv08r_ph:internal124:SRA621638_SRS2610285:20260808:sct_data_all_qc_fit_selected384:exact500:gene_topology_v1",93928,"985c0d9c95a928f7596ddf7eab0c47ebc00f390435c82b49ef45869c884d1f90",TRUE,TRUE,"closed",FALSE
"mv08w_full_ph_inventory_v1","mv08v","mv08r_ph:internal124:SRA621638_SRS2610285:20260809:sct_data_all_qc_fit_selected384:exact500:gene_topology_v1",97240,"cb7b887bfae623d1baa488c07761526257988e6cc862faf5c95696d23cda41f0",TRUE,TRUE,"closed",FALSE
"mv08w_full_ph_inventory_v1","mv08v","mv08r_ph:internal124:SRA628554_SRS2664364:20260807:sct_data_all_qc_fit_selected384:exact500:gene_topology_v1",135220,"cc6b9a204adebe6248d928c6d05389403a8208241831c353cc3c215aa1e96d96",TRUE,TRUE,"closed",FALSE
"mv08w_full_ph_inventory_v1","mv08v","mv08r_ph:internal124:SRA628554_SRS2664364:20260808:sct_data_all_qc_fit_selected384:exact500:gene_topology_v1",133132,"cf8898a0487bdaad38aa11a3a99eaddebaf17f4e181c0eddc103c58acdc16ee8",TRUE,TRUE,"closed",FALSE
"mv08w_full_ph_inventory_v1","mv08v","mv08r_ph:internal124:SRA628554_SRS2664364:20260809:sct_data_all_qc_fit_selected384:exact500:gene_topology_v1",135112,"bcaeb99ffd6e666533c7ba809d57a545a6b9eb5db5d182fd84c5fd6eb5608b44",TRUE,TRUE,"closed",FALSE
"mv08w_full_ph_inventory_v1","mv08v","mv08r_ph:internal124:SRA628554_SRS2664365:20260805:sct_data_all_qc_fit_selected384:exact500:gene_topology_v1",111928,"ebe1333f2a3afb544b11a03107a09e556297c94a2d8a38714b20736b2dda0093",TRUE,TRUE,"closed",FALSE
"mv08w_full_ph_inventory_v1","mv08v","mv08r_ph:internal124:SRA628554_SRS2664365:20260806:sct_data_all_qc_fit_selected384:exact500:gene_topology_v1",114880,"ec2fd984d0077f14f2a452e29b60a56b504767b1d4c3fec334176a69023574ca",TRUE,TRUE,"closed",FALSE
"mv08w_full_ph_inventory_v1","mv08v","mv08r_ph:internal124:SRA628554_SRS2664365:20260807:sct_data_all_qc_fit_selected384:exact500:gene_topology_v1",113044,"5d874dcd668dbf8840006c39a166dea9563355edcb0da1dae7304ff00434f573",TRUE,TRUE,"closed",FALSE
"mv08w_full_ph_inventory_v1","mv08v","mv08r_ph:internal124:SRA628554_SRS2664365:20260808:sct_data_all_qc_fit_selected384:exact500:gene_topology_v1",112612,"6c02a0897d7fd874d1d0fb4155c97b843b6e08efde12015daafdaa2c1e72b4e5",TRUE,TRUE,"closed",FALSE
"mv08w_full_ph_inventory_v1","mv08v","mv08r_ph:internal124:SRA628554_SRS2664365:20260809:sct_data_all_qc_fit_selected384:exact500:gene_topology_v1",113332,"1b547fe6c0ba54f05e47c9804397b667e564ef512802d19302ed2302333b0549",TRUE,TRUE,"closed",FALSE
"mv08w_full_ph_inventory_v1","mv08v","mv08r_ph:internal124:SRA645804_SRS2823404:20260805:sct_data_all_qc_fit_selected384:exact500:gene_topology_v1",40684,"a09e28a93b4be78128cb5b9a517baf5b5f8faaed285e580f43d2b84ed56b686c",TRUE,TRUE,"closed",FALSE
"mv08w_full_ph_inventory_v1","mv08v","mv08r_ph:internal124:SRA645804_SRS2823404:20260806:sct_data_all_qc_fit_selected384:exact500:gene_topology_v1",40000,"9e8fadbe352ce1325e50585754b2deea7dba641cea8fcc4a5dc6c12635e75f5a",TRUE,TRUE,"closed",FALSE
"mv08w_full_ph_inventory_v1","mv08v","mv08r_ph:internal124:SRA645804_SRS2823404:20260807:sct_data_all_qc_fit_selected384:exact500:gene_topology_v1",43528,"37e8863bc3fd414d8fa58133b9d8abe0a29e85e7a854b2449210556cd4e0df4e",TRUE,TRUE,"closed",FALSE
"mv08w_full_ph_inventory_v1","mv08v","mv08r_ph:internal124:SRA645804_SRS2823404:20260808:sct_data_all_qc_fit_selected384:exact500:gene_topology_v1",41116,"fead5138061c463953119b7698f95b4712a07ce7de1a86b41fd228c61736d5e9",TRUE,TRUE,"closed",FALSE
"mv08w_full_ph_inventory_v1","mv08v","mv08r_ph:internal124:SRA645804_SRS2823404:20260809:sct_data_all_qc_fit_selected384:exact500:gene_topology_v1",42160,"3c36b4e5ab7ac31f7e80a59fef4437448f6fec5b39929937e0f95a3f28e46e3b",TRUE,TRUE,"closed",FALSE
"mv08w_full_ph_inventory_v1","mv08v","mv08r_ph:internal124:SRA645804_SRS2823405:20260805:sct_data_all_qc_fit_selected384:exact500:gene_topology_v1",40504,"702b8fb10e1765b1b7bc1339a3482e1692ea9af0b60bbe9a3151d62f37b0889b",TRUE,TRUE,"closed",FALSE
"mv08w_full_ph_inventory_v1","mv08v","mv08r_ph:internal124:SRA645804_SRS2823405:20260806:sct_data_all_qc_fit_selected384:exact500:gene_topology_v1",42556,"ba0e0bddd1959bd433d13faa55db69aa50e4dd12304ba9581d8956fe28c6b26c",TRUE,TRUE,"closed",FALSE
"mv08w_full_ph_inventory_v1","mv08v","mv08r_ph:internal124:SRA645804_SRS2823405:20260807:sct_data_all_qc_fit_selected384:exact500:gene_topology_v1",41440,"74319f2a69ed270cbbc0150bef0dae93f53374a35eadf618e3b304237f94301f",TRUE,TRUE,"closed",FALSE
"mv08w_full_ph_inventory_v1","mv08v","mv08r_ph:internal124:SRA645804_SRS2823405:20260808:sct_data_all_qc_fit_selected384:exact500:gene_topology_v1",38675,"e6a48cc62c1e8a25c69324993731db9656a1016391ed6617775d7b22bc6cac32",TRUE,TRUE,"closed",FALSE
"mv08w_full_ph_inventory_v1","mv08v","mv08r_ph:internal124:SRA645804_SRS2823405:20260809:sct_data_all_qc_fit_selected384:exact500:gene_topology_v1",41836,"9c8bd3e9418c6c1f83c97b5e0c8950e094ac87858accc53b86848510de9be8f1",TRUE,TRUE,"closed",FALSE
"mv08w_full_ph_inventory_v1","mv08v","mv08r_ph:internal124:SRA645804_SRS2823406:20260805:sct_data_all_qc_fit_selected384:exact500:gene_topology_v1",39424,"e3fc878860c36b5be58eb72482ffa89b8be96ec30ec72c61308be4f0a2b62628",TRUE,TRUE,"closed",FALSE
"mv08w_full_ph_inventory_v1","mv08v","mv08r_ph:internal124:SRA645804_SRS2823406:20260806:sct_data_all_qc_fit_selected384:exact500:gene_topology_v1",41440,"eb32cd815deaeec21e84886f210e9319b523a167ea2373cc5ccc8e60d1cca4c8",TRUE,TRUE,"closed",FALSE
"mv08w_full_ph_inventory_v1","mv08v","mv08r_ph:internal124:SRA645804_SRS2823406:20260807:sct_data_all_qc_fit_selected384:exact500:gene_topology_v1",39496,"dd8d92bb069daa45f7d4ffad74458fb1a5f347e37142aea1033e76a93218d362",TRUE,TRUE,"closed",FALSE
"mv08w_full_ph_inventory_v1","mv08v","mv08r_ph:internal124:SRA645804_SRS2823406:20260808:sct_data_all_qc_fit_selected384:exact500:gene_topology_v1",39424,"290d000e9a9ae8f4a078ed46bef404b3bd70ae40f6830309dccdd2cea5480a9d",TRUE,TRUE,"closed",FALSE
"mv08w_full_ph_inventory_v1","mv08v","mv08r_ph:internal124:SRA645804_SRS2823406:20260809:sct_data_all_qc_fit_selected384:exact500:gene_topology_v1",38815,"6001bde8e529479c5fe796fee4eedafedaba86d5046fdbb54920ca8566c3f3fd",TRUE,TRUE,"closed",FALSE
"mv08w_full_ph_inventory_v1","mv08v","mv08r_ph:internal124:SRA645804_SRS2823407:20260805:sct_data_all_qc_fit_selected384:exact500:gene_topology_v1",35140,"bdb891bcd950c8b644eb81d25a05b58ccfb04af92a35df4fef3ecf87fd758144",TRUE,TRUE,"closed",FALSE
"mv08w_full_ph_inventory_v1","mv08v","mv08r_ph:internal124:SRA645804_SRS2823407:20260806:sct_data_all_qc_fit_selected384:exact500:gene_topology_v1",33775,"e37bd0757d62c38549bbd3062643f4635eaef115aaaa02e76daf742353442350",TRUE,TRUE,"closed",FALSE
"mv08w_full_ph_inventory_v1","mv08v","mv08r_ph:internal124:SRA645804_SRS2823407:20260807:sct_data_all_qc_fit_selected384:exact500:gene_topology_v1",34055,"ec199ffa8cf7d33069b698b43aed68078d7b116631a8dfbfcad5441515821874",TRUE,TRUE,"closed",FALSE
"mv08w_full_ph_inventory_v1","mv08v","mv08r_ph:internal124:SRA645804_SRS2823407:20260808:sct_data_all_qc_fit_selected384:exact500:gene_topology_v1",33495,"adef3700c85ab32c2a88a5019b299f51dd7a999442165a946ede04eebf0ac5eb",TRUE,TRUE,"closed",FALSE
"mv08w_full_ph_inventory_v1","mv08v","mv08r_ph:internal124:SRA645804_SRS2823407:20260809:sct_data_all_qc_fit_selected384:exact500:gene_topology_v1",32725,"fac8b6be3d6893d376ffc1146df119a08cb3791a98dbe31375a15601f655bde9",TRUE,TRUE,"closed",FALSE
"mv08w_full_ph_inventory_v1","mv08v","mv08r_ph:internal124:SRA645804_SRS2823408:20260805:sct_data_all_qc_fit_selected384:exact500:gene_topology_v1",27720,"df6bf9e0514d43e8aa61a9826a061263b8a9e44c98597e02baa035863575f370",TRUE,TRUE,"closed",FALSE
"mv08w_full_ph_inventory_v1","mv08v","mv08r_ph:internal124:SRA645804_SRS2823408:20260806:sct_data_all_qc_fit_selected384:exact500:gene_topology_v1",28280,"123cd85d8b4cd7b869890f1cbce5b57a097ae54add81fa349848b010a185862b",TRUE,TRUE,"closed",FALSE
"mv08w_full_ph_inventory_v1","mv08v","mv08r_ph:internal124:SRA645804_SRS2823408:20260807:sct_data_all_qc_fit_selected384:exact500:gene_topology_v1",27055,"5207864bd79a9ce6b4b0e9c684b07fcf16afd54e865ebd7af5175240542debdd",TRUE,TRUE,"closed",FALSE
"mv08w_full_ph_inventory_v1","mv08v","mv08r_ph:internal124:SRA645804_SRS2823408:20260808:sct_data_all_qc_fit_selected384:exact500:gene_topology_v1",27615,"385f36487406b050896e72631560154664e228038964419d683bccc32aeb73c5",TRUE,TRUE,"closed",FALSE
"mv08w_full_ph_inventory_v1","mv08v","mv08r_ph:internal124:SRA645804_SRS2823408:20260809:sct_data_all_qc_fit_selected384:exact500:gene_topology_v1",26950,"7024195738b488f5fa2f8f48927c8967d3cae76e0b404a1aa1cd383446281ddb",TRUE,TRUE,"closed",FALSE
"mv08w_full_ph_inventory_v1","mv08v","mv08r_ph:internal124:SRA645804_SRS2823409:20260805:sct_data_all_qc_fit_selected384:exact500:gene_topology_v1",31640,"e5e56914987833bed51e93385d4e6cbe40ee5c5d3e391a2dfe509bd2cd1de4ed",TRUE,TRUE,"closed",FALSE
"mv08w_full_ph_inventory_v1","mv08v","mv08r_ph:internal124:SRA645804_SRS2823409:20260806:sct_data_all_qc_fit_selected384:exact500:gene_topology_v1",33215,"322373946e740b2ebdb389bb882da16b44f7fea804453e8990526952c9ff67f3",TRUE,TRUE,"closed",FALSE
"mv08w_full_ph_inventory_v1","mv08v","mv08r_ph:internal124:SRA645804_SRS2823409:20260807:sct_data_all_qc_fit_selected384:exact500:gene_topology_v1",32550,"128b9aae2985b538b33c853f0ade6aab1a69c95879014cd15f9e87e6a7755db9",TRUE,TRUE,"closed",FALSE
"mv08w_full_ph_inventory_v1","mv08v","mv08r_ph:internal124:SRA645804_SRS2823409:20260808:sct_data_all_qc_fit_selected384:exact500:gene_topology_v1",31710,"b151f8c889c0cbadf909e8205c53bbb7f7e9dddabe38b0aac657bde76d5b0169",TRUE,TRUE,"closed",FALSE
"mv08w_full_ph_inventory_v1","mv08v","mv08r_ph:internal124:SRA645804_SRS2823409:20260809:sct_data_all_qc_fit_selected384:exact500:gene_topology_v1",32865,"14265fe9f9329e383176f3af162392f95783367f767140d167827c3280259798",TRUE,TRUE,"closed",FALSE
"mv08w_full_ph_inventory_v1","mv08v","mv08r_ph:internal124:SRA645804_SRS2823410:20260805:sct_data_all_qc_fit_selected384:exact500:gene_topology_v1",25165,"6aed74989b57c296b8cab143fbf9d9e5431ad8f1f278ca1b543c31429ae4be1c",TRUE,TRUE,"closed",FALSE
"mv08w_full_ph_inventory_v1","mv08v","mv08r_ph:internal124:SRA645804_SRS2823410:20260806:sct_data_all_qc_fit_selected384:exact500:gene_topology_v1",24920,"3e012e1e00166ab4e0f911d0a7594263c13ae0c88c0ffe1b1984c55a6e8d0cd0",TRUE,TRUE,"closed",FALSE
"mv08w_full_ph_inventory_v1","mv08v","mv08r_ph:internal124:SRA645804_SRS2823410:20260807:sct_data_all_qc_fit_selected384:exact500:gene_topology_v1",25305,"19ad6b5ee4424fdb2f2a7b7697ce3e0b534ce3764317346a91fe16a8f1e03a9e",TRUE,TRUE,"closed",FALSE
"mv08w_full_ph_inventory_v1","mv08v","mv08r_ph:internal124:SRA645804_SRS2823410:20260808:sct_data_all_qc_fit_selected384:exact500:gene_topology_v1",25095,"f03cdff5d259c621ab3a3717707ff17698bfc8e3082b24e49ef692c7a1a5db0a",TRUE,TRUE,"closed",FALSE
"mv08w_full_ph_inventory_v1","mv08v","mv08r_ph:internal124:SRA645804_SRS2823410:20260809:sct_data_all_qc_fit_selected384:exact500:gene_topology_v1",24885,"e19a227a06d12243286ea510ed9252103f5e2af37f1d0a35a69180b89c25e690",TRUE,TRUE,"closed",FALSE
"mv08w_full_ph_inventory_v1","mv08v","mv08r_ph:internal124:SRA645804_SRS2823411:20260805:sct_data_all_qc_fit_selected384:exact500:gene_topology_v1",29855,"3c5142192b3b964890cab18d51cf2e24eac73b57376fd7b1387984dd0a2e7eb4",TRUE,TRUE,"closed",FALSE
"mv08w_full_ph_inventory_v1","mv08v","mv08r_ph:internal124:SRA645804_SRS2823411:20260806:sct_data_all_qc_fit_selected384:exact500:gene_topology_v1",29820,"c108c37ce331dcb54794be49a67069d60c19c3bddac7aa67e61647540751b4f3",TRUE,TRUE,"closed",FALSE
"mv08w_full_ph_inventory_v1","mv08v","mv08r_ph:internal124:SRA645804_SRS2823411:20260807:sct_data_all_qc_fit_selected384:exact500:gene_topology_v1",30205,"10e7a2185f07c2b384218b9fa9f7cd4258965c54510c52e1e31fef0bad83c3ea",TRUE,TRUE,"closed",FALSE
"mv08w_full_ph_inventory_v1","mv08v","mv08r_ph:internal124:SRA645804_SRS2823411:20260808:sct_data_all_qc_fit_selected384:exact500:gene_topology_v1",28770,"f6e8dab3effe5d47431dc337399bad4e03937d67de241f956aa3c636ef127564",TRUE,TRUE,"closed",FALSE
"mv08w_full_ph_inventory_v1","mv08v","mv08r_ph:internal124:SRA645804_SRS2823411:20260809:sct_data_all_qc_fit_selected384:exact500:gene_topology_v1",29750,"6420d6115536a933f54f41be6b7bc296b0e371146e7f7c529cd04341862c53f9",TRUE,TRUE,"closed",FALSE
"mv08w_full_ph_inventory_v1","mv08v","mv08r_ph:internal124:SRA645804_SRS2823412:20260805:sct_data_all_qc_fit_selected384:exact500:gene_topology_v1",25445,"3e0eea256cee17b9f4e02daff5354d7bc85b079fa7b5fb16527591c2a49da495",TRUE,TRUE,"closed",FALSE
"mv08w_full_ph_inventory_v1","mv08v","mv08r_ph:internal124:SRA645804_SRS2823412:20260806:sct_data_all_qc_fit_selected384:exact500:gene_topology_v1",26320,"014b492e519b255f66735594c784cc404bbc86766481d6e6bc55a27cc2fbc853",TRUE,TRUE,"closed",FALSE
"mv08w_full_ph_inventory_v1","mv08v","mv08r_ph:internal124:SRA645804_SRS2823412:20260807:sct_data_all_qc_fit_selected384:exact500:gene_topology_v1",26285,"a5500953df57c1482d6a9254c0faa088470fef1c8d07de83b1503907dd1ee270",TRUE,TRUE,"closed",FALSE
"mv08w_full_ph_inventory_v1","mv08v","mv08r_ph:internal124:SRA645804_SRS2823412:20260808:sct_data_all_qc_fit_selected384:exact500:gene_topology_v1",26040,"22e12f77d5e8a25732028a05071d409a35fb0d43e1c709df282fd26baad8dc19",TRUE,TRUE,"closed",FALSE
"mv08w_full_ph_inventory_v1","mv08v","mv08r_ph:internal124:SRA645804_SRS2823412:20260809:sct_data_all_qc_fit_selected384:exact500:gene_topology_v1",25410,"6795aadfa98887e7a5c2c272720977682ad3db497b73fb9befbd41792b3228fe",TRUE,TRUE,"closed",FALSE
"mv08w_full_ph_inventory_v1","mv08v","mv08r_ph:internal124:SRA645804_SRS3572594:20260805:sct_data_all_qc_fit_selected384:exact500:gene_topology_v1",27230,"afc3ad4fc8c8b6aba3e1ba53965d4de027aa0108e28031b2583c5da10091a610",TRUE,TRUE,"closed",FALSE
"mv08w_full_ph_inventory_v1","mv08v","mv08r_ph:internal124:SRA645804_SRS3572594:20260806:sct_data_all_qc_fit_selected384:exact500:gene_topology_v1",26250,"6588a2f1bae6b953d4a34b449a34ce15b564d528e68cf93977f272354e88d36a",TRUE,TRUE,"closed",FALSE
"mv08w_full_ph_inventory_v1","mv08v","mv08r_ph:internal124:SRA645804_SRS3572594:20260807:sct_data_all_qc_fit_selected384:exact500:gene_topology_v1",26075,"52bb1901a92db2eddf1848bf560425a71c3a32a91cbfacb78fd23bc3f28374e9",TRUE,TRUE,"closed",FALSE
"mv08w_full_ph_inventory_v1","mv08v","mv08r_ph:internal124:SRA645804_SRS3572594:20260808:sct_data_all_qc_fit_selected384:exact500:gene_topology_v1",25900,"dc748d41b797d606b583deee15935828598f7e131bfa9499c1ec9d65a66e181b",TRUE,TRUE,"closed",FALSE
"mv08w_full_ph_inventory_v1","mv08v","mv08r_ph:internal124:SRA645804_SRS3572594:20260809:sct_data_all_qc_fit_selected384:exact500:gene_topology_v1",25865,"27eb170a6dccd0bfd61aacc499181586dbbba3df4fb23700bc54c0ea33dfde71",TRUE,TRUE,"closed",FALSE
"mv08w_full_ph_inventory_v1","mv08v","mv08r_ph:internal124:SRA667709_SRS3065426:20260805:sct_data_all_qc_fit_selected384:exact500:gene_topology_v1",31815,"54e55c8645cb9dc1b25a71085f359092fbf3f450280cdcccb936911ec042e8ac",TRUE,TRUE,"closed",FALSE
"mv08w_full_ph_inventory_v1","mv08v","mv08r_ph:internal124:SRA667709_SRS3065426:20260806:sct_data_all_qc_fit_selected384:exact500:gene_topology_v1",32375,"3bcda15eb90e16c84f99f0658df20b9f02723696461fd625d16cf16743e44dda",TRUE,TRUE,"closed",FALSE
"mv08w_full_ph_inventory_v1","mv08v","mv08r_ph:internal124:SRA667709_SRS3065426:20260807:sct_data_all_qc_fit_selected384:exact500:gene_topology_v1",32620,"40c2e6a40d89b0d2dfeee35431114f65ff9db5069b02d25a9a1d28e61f1f7ac0",TRUE,TRUE,"closed",FALSE
"mv08w_full_ph_inventory_v1","mv08v","mv08r_ph:internal124:SRA667709_SRS3065426:20260808:sct_data_all_qc_fit_selected384:exact500:gene_topology_v1",32900,"85896b9b100dc86d5c71d31cf74644bb565c03b2db7c13713dd7860ee0957daf",TRUE,TRUE,"closed",FALSE
"mv08w_full_ph_inventory_v1","mv08v","mv08r_ph:internal124:SRA667709_SRS3065426:20260809:sct_data_all_qc_fit_selected384:exact500:gene_topology_v1",30870,"f78c4317a83a97a30c41954d5d9e1799dc5d2a72978a94ef9af8a9baff2442ad",TRUE,TRUE,"closed",FALSE
"mv08w_full_ph_inventory_v1","mv08v","mv08r_ph:internal124:SRA667709_SRS3065427:20260805:sct_data_all_qc_fit_selected384:exact500:gene_topology_v1",36715,"a3b3b836ad530cf3d857c190fd20ed2eb19b9f7f4c7f8640c59b8c6ff0d97615",TRUE,TRUE,"closed",FALSE
"mv08w_full_ph_inventory_v1","mv08v","mv08r_ph:internal124:SRA667709_SRS3065427:20260806:sct_data_all_qc_fit_selected384:exact500:gene_topology_v1",34335,"6e31b2d843d6268aeb807cd88b117a4aa47b2cb096d86b5127c4cfe83075545a",TRUE,TRUE,"closed",FALSE
"mv08w_full_ph_inventory_v1","mv08v","mv08r_ph:internal124:SRA667709_SRS3065427:20260807:sct_data_all_qc_fit_selected384:exact500:gene_topology_v1",38710,"6d36545d63dc5835cef42c56e154e28d8cf9565521de9283a65c81e665cd54fe",TRUE,TRUE,"closed",FALSE
"mv08w_full_ph_inventory_v1","mv08v","mv08r_ph:internal124:SRA667709_SRS3065427:20260808:sct_data_all_qc_fit_selected384:exact500:gene_topology_v1",38220,"a146fefac7ce389d56e1ef9c320e28478d9c71d000b5e91142510ffaec9271bd",TRUE,TRUE,"closed",FALSE
"mv08w_full_ph_inventory_v1","mv08v","mv08r_ph:internal124:SRA667709_SRS3065427:20260809:sct_data_all_qc_fit_selected384:exact500:gene_topology_v1",38360,"f6d926c048887e1e2e538bfae30b1b29222483c89f177672ca94ecd3a4f7fc6f",TRUE,TRUE,"closed",FALSE
"mv08w_full_ph_inventory_v1","mv08v","mv08r_ph:internal124:SRA667709_SRS3065428:20260805:sct_data_all_qc_fit_selected384:exact500:gene_topology_v1",28910,"bee0941b80d1d8e625f1d8f1691f143d279522440da2d189843500be0bd4e965",TRUE,TRUE,"closed",FALSE
"mv08w_full_ph_inventory_v1","mv08v","mv08r_ph:internal124:SRA667709_SRS3065428:20260806:sct_data_all_qc_fit_selected384:exact500:gene_topology_v1",30345,"3e638f43fad4bd020e237e1abafe8c4b271f11b902d08935077f3ee52880c133",TRUE,TRUE,"closed",FALSE
"mv08w_full_ph_inventory_v1","mv08v","mv08r_ph:internal124:SRA667709_SRS3065428:20260807:sct_data_all_qc_fit_selected384:exact500:gene_topology_v1",31395,"7eab276b17525467cfc3b918c26db3407aef238a25b6038879871b87b73e879a",TRUE,TRUE,"closed",FALSE
"mv08w_full_ph_inventory_v1","mv08v","mv08r_ph:internal124:SRA667709_SRS3065428:20260808:sct_data_all_qc_fit_selected384:exact500:gene_topology_v1",31395,"846ae213af6a81001d8c74c88b6887944e174fcb6994088e113f2f7c242d9ad9",TRUE,TRUE,"closed",FALSE
"mv08w_full_ph_inventory_v1","mv08v","mv08r_ph:internal124:SRA667709_SRS3065428:20260809:sct_data_all_qc_fit_selected384:exact500:gene_topology_v1",31255,"cd8373271eff5e2a3c3813675d3081ca656dce398c0a5567c6441faac4a79839",TRUE,TRUE,"closed",FALSE
"mv08w_full_ph_inventory_v1","mv08v","mv08r_ph:internal124:SRA667709_SRS3065429:20260805:sct_data_all_qc_fit_selected384:exact500:gene_topology_v1",33775,"1f96f9b53418324f4675b294dc789868b42e09f455c2df810bafc37d23741bf8",TRUE,TRUE,"closed",FALSE
"mv08w_full_ph_inventory_v1","mv08v","mv08r_ph:internal124:SRA667709_SRS3065429:20260806:sct_data_all_qc_fit_selected384:exact500:gene_topology_v1",31745,"db97ba2a03c81f408fe5f0dae822a0220aa0d9fe4b47442cd6a0e0edf4f4a9a1",TRUE,TRUE,"closed",FALSE
"mv08w_full_ph_inventory_v1","mv08v","mv08r_ph:internal124:SRA667709_SRS3065429:20260807:sct_data_all_qc_fit_selected384:exact500:gene_topology_v1",33950,"a29dea16467eb35b6e577fab191a9214945eae0ebfedd0b639744166ddb12c45",TRUE,TRUE,"closed",FALSE
"mv08w_full_ph_inventory_v1","mv08v","mv08r_ph:internal124:SRA667709_SRS3065429:20260808:sct_data_all_qc_fit_selected384:exact500:gene_topology_v1",32690,"c1d7f09bebcd46f69ae137640041b6f651b7d333489e4a4d054c8ec08dcdbe61",TRUE,TRUE,"closed",FALSE
"mv08w_full_ph_inventory_v1","mv08v","mv08r_ph:internal124:SRA667709_SRS3065429:20260809:sct_data_all_qc_fit_selected384:exact500:gene_topology_v1",34055,"57a5406a8804c396e5974d349a971edfdcda92cb4c599d275c53a9578ef99573",TRUE,TRUE,"closed",FALSE
"mv08w_full_ph_inventory_v1","mv08v","mv08r_ph:internal124:SRA667709_SRS3065430:20260805:sct_data_all_qc_fit_selected384:exact500:gene_topology_v1",32480,"e8de050b49a4f9d3cba97a12ea4a6a76d66b53182cbe37ef6deabb879fdb1439",TRUE,TRUE,"closed",FALSE
"mv08w_full_ph_inventory_v1","mv08v","mv08r_ph:internal124:SRA667709_SRS3065430:20260806:sct_data_all_qc_fit_selected384:exact500:gene_topology_v1",34475,"a1d3c622c3974b5f1e10f0f10d4b05716eaa5a666d35a4531be3dc0548552a87",TRUE,TRUE,"closed",FALSE
"mv08w_full_ph_inventory_v1","mv08v","mv08r_ph:internal124:SRA667709_SRS3065430:20260807:sct_data_all_qc_fit_selected384:exact500:gene_topology_v1",36260,"bd7886232be2eaaee6d142ade15ee7ef830e3adc12ceda4902564ccc2981e8ea",TRUE,TRUE,"closed",FALSE
"mv08w_full_ph_inventory_v1","mv08v","mv08r_ph:internal124:SRA667709_SRS3065430:20260808:sct_data_all_qc_fit_selected384:exact500:gene_topology_v1",33145,"fb41a666518ebd73bb2a1fbbf2fee7dff2c871fdd91fb960232e7680bdf7230b",TRUE,TRUE,"closed",FALSE
"mv08w_full_ph_inventory_v1","mv08v","mv08r_ph:internal124:SRA667709_SRS3065430:20260809:sct_data_all_qc_fit_selected384:exact500:gene_topology_v1",34370,"a9094eb7dfded533479a7e1f6241be8e0e0ee315ac1c85bbad86ff11be57544d",TRUE,TRUE,"closed",FALSE
"mv08w_full_ph_inventory_v1","mv08v","mv08r_ph:internal124:SRA667709_SRS3065431:20260805:sct_data_all_qc_fit_selected384:exact500:gene_topology_v1",34615,"0eb486b8ad156e3bd1cdb245a2eea982f8b6938580148ffcf8cc584e26f6fce0",TRUE,TRUE,"closed",FALSE
"mv08w_full_ph_inventory_v1","mv08v","mv08r_ph:internal124:SRA667709_SRS3065431:20260806:sct_data_all_qc_fit_selected384:exact500:gene_topology_v1",32935,"6b1f66b0fbeaa84cbce0b68283134f2e2c9ed966e12ebb7dfbf6194c75973d0b",TRUE,TRUE,"closed",FALSE
"mv08w_full_ph_inventory_v1","mv08v","mv08r_ph:internal124:SRA667709_SRS3065431:20260807:sct_data_all_qc_fit_selected384:exact500:gene_topology_v1",35945,"0ee7e42dc4fab992a45dbdc18b199d213453f967cfad000b67ee441261328866",TRUE,TRUE,"closed",FALSE
"mv08w_full_ph_inventory_v1","mv08v","mv08r_ph:internal124:SRA667709_SRS3065431:20260808:sct_data_all_qc_fit_selected384:exact500:gene_topology_v1",33075,"8341288299ecbbd088dab76ecdad1c502dee69aa08d5676f870e79e0261235b2",TRUE,TRUE,"closed",FALSE
"mv08w_full_ph_inventory_v1","mv08v","mv08r_ph:internal124:SRA667709_SRS3065431:20260809:sct_data_all_qc_fit_selected384:exact500:gene_topology_v1",35490,"a3e20876930a91bfd5c4888d5331620d9b484582be392498d46acd3f6bb943aa",TRUE,TRUE,"closed",FALSE
"mv08w_full_ph_inventory_v1","mv08v","mv08r_ph:internal124:SRA701877_SRS3279684:20260805:sct_data_all_qc_fit_selected384:exact500:gene_topology_v1",54832,"57eef263d46326dc499f465e2187a429260930456a8eb165389d77356ad5a8c0",TRUE,TRUE,"closed",FALSE
"mv08w_full_ph_inventory_v1","mv08v","mv08r_ph:internal124:SRA701877_SRS3279684:20260806:sct_data_all_qc_fit_selected384:exact500:gene_topology_v1",46264,"2abfd82010929a5dbde92c91dc3c9d008f2bf8edf3043d69c8766ee559997b45",TRUE,TRUE,"closed",FALSE
"mv08w_full_ph_inventory_v1","mv08v","mv08r_ph:internal124:SRA701877_SRS3279684:20260807:sct_data_all_qc_fit_selected384:exact500:gene_topology_v1",51052,"b573d67f6cb281bb6d9248fc0d006336339adc6ac4a47c0e2388230f3f51e376",TRUE,TRUE,"closed",FALSE
"mv08w_full_ph_inventory_v1","mv08v","mv08r_ph:internal124:SRA701877_SRS3279684:20260808:sct_data_all_qc_fit_selected384:exact500:gene_topology_v1",47524,"a0cc400b37c9cf3216aa01e515598ea57c8624415d653652e80f0f2462e8c831",TRUE,TRUE,"closed",FALSE
"mv08w_full_ph_inventory_v1","mv08v","mv08r_ph:internal124:SRA701877_SRS3279684:20260809:sct_data_all_qc_fit_selected384:exact500:gene_topology_v1",53248,"ca8421f879d1964f79138a589d2045872176d7ffb82edbb91f3abcca18b8d252",TRUE,TRUE,"closed",FALSE
"mv08w_full_ph_inventory_v1","mv08v","mv08r_ph:internal124:SRA701877_SRS3279685:20260805:sct_data_all_qc_fit_selected384:exact500:gene_topology_v1",52564,"944bf247060b4fa0c13648205239a43c36b891507a82f0b6f0737ab6d37d29a2",TRUE,TRUE,"closed",FALSE
"mv08w_full_ph_inventory_v1","mv08v","mv08r_ph:internal124:SRA701877_SRS3279685:20260806:sct_data_all_qc_fit_selected384:exact500:gene_topology_v1",53608,"281619d5abfe8ddbd1f4b9fb3cd5799440cdd5876045b3a597df93da2c5185f6",TRUE,TRUE,"closed",FALSE
"mv08w_full_ph_inventory_v1","mv08v","mv08r_ph:internal124:SRA701877_SRS3279685:20260807:sct_data_all_qc_fit_selected384:exact500:gene_topology_v1",49828,"a57e7d12ee1d6472a46730eaf99f3ea82470616dfc6a27b9758c291d27d347a0",TRUE,TRUE,"closed",FALSE
"mv08w_full_ph_inventory_v1","mv08v","mv08r_ph:internal124:SRA701877_SRS3279685:20260808:sct_data_all_qc_fit_selected384:exact500:gene_topology_v1",50836,"caa0b8fbf4dcbb0618abf8047ccc878dd4a329490520dbf15df9c0694e260b86",TRUE,TRUE,"closed",FALSE
"mv08w_full_ph_inventory_v1","mv08v","mv08r_ph:internal124:SRA701877_SRS3279685:20260809:sct_data_all_qc_fit_selected384:exact500:gene_topology_v1",54112,"5ef67c7e02cbf873033e38bc6341668c7945d66e5a3f164fc25898de48e8f532",TRUE,TRUE,"closed",FALSE
"mv08w_full_ph_inventory_v1","mv08v","mv08r_ph:internal124:SRA701877_SRS3279686:20260805:sct_data_all_qc_fit_selected384:exact500:gene_topology_v1",53536,"c1a5047172735c818474c55d7d606172077a48a4bf56891542bbb42f2883764c",TRUE,TRUE,"closed",FALSE
"mv08w_full_ph_inventory_v1","mv08v","mv08r_ph:internal124:SRA701877_SRS3279686:20260806:sct_data_all_qc_fit_selected384:exact500:gene_topology_v1",56776,"2e55d681e9b83b886ec658647f6d5064346d0602867d5715bce9c81d56938f8e",TRUE,TRUE,"closed",FALSE
"mv08w_full_ph_inventory_v1","mv08v","mv08r_ph:internal124:SRA701877_SRS3279686:20260807:sct_data_all_qc_fit_selected384:exact500:gene_topology_v1",54004,"1778e561a491a617bd52df2fa2ae7d867ee75694d644755744fcafed19f7f052",TRUE,TRUE,"closed",FALSE
"mv08w_full_ph_inventory_v1","mv08v","mv08r_ph:internal124:SRA701877_SRS3279686:20260808:sct_data_all_qc_fit_selected384:exact500:gene_topology_v1",51304,"190bd4fc2934c1c170fcffed22cc70615a826da811a734376dceee6d149ff2d0",TRUE,TRUE,"closed",FALSE
"mv08w_full_ph_inventory_v1","mv08v","mv08r_ph:internal124:SRA701877_SRS3279686:20260809:sct_data_all_qc_fit_selected384:exact500:gene_topology_v1",55444,"2dd0c297773b680d83867bfd4989f00fee9dba100a696368a6151e8c923a7b0d",TRUE,TRUE,"closed",FALSE
"mv08w_full_ph_inventory_v1","mv08v","mv08r_ph:internal124:SRA701877_SRS3279687:20260805:sct_data_all_qc_fit_selected384:exact500:gene_topology_v1",52384,"d5060a99c1bf01a97fbdbc87664dd1b2322c2188b39ae899c3834b70490820b1",TRUE,TRUE,"closed",FALSE
"mv08w_full_ph_inventory_v1","mv08v","mv08r_ph:internal124:SRA701877_SRS3279687:20260806:sct_data_all_qc_fit_selected384:exact500:gene_topology_v1",52204,"f22cae6487a8a452c60c785fa7f92a81a2ffc66c90f253a3fd6027d2f1c4aace",TRUE,TRUE,"closed",FALSE
"mv08w_full_ph_inventory_v1","mv08v","mv08r_ph:internal124:SRA701877_SRS3279687:20260807:sct_data_all_qc_fit_selected384:exact500:gene_topology_v1",49612,"082bfb4f035c56a06874001907bf9f39a92059a96c164001f8f02b100f5283e0",TRUE,TRUE,"closed",FALSE
"mv08w_full_ph_inventory_v1","mv08v","mv08r_ph:internal124:SRA701877_SRS3279687:20260808:sct_data_all_qc_fit_selected384:exact500:gene_topology_v1",48712,"c98c46edeb56d0c010d76b305cb2feb9467aeeb8877048def214c84fde7547bf",TRUE,TRUE,"closed",FALSE
"mv08w_full_ph_inventory_v1","mv08v","mv08r_ph:internal124:SRA701877_SRS3279687:20260809:sct_data_all_qc_fit_selected384:exact500:gene_topology_v1",51088,"2e66124aaba2f252005f992676885b253c78a05e35c89380a700a2a4da33f1b7",TRUE,TRUE,"closed",FALSE
"mv08w_full_ph_inventory_v1","mv08v","mv08r_ph:internal124:SRA701877_SRS3279688:20260805:sct_data_all_qc_fit_selected384:exact500:gene_topology_v1",57892,"1ab9bf6c34eeb4a0d1610d750bb5e7bf05768a0193b2ad0c68aefc90491dbd4e",TRUE,TRUE,"closed",FALSE
"mv08w_full_ph_inventory_v1","mv08v","mv08r_ph:internal124:SRA701877_SRS3279688:20260806:sct_data_all_qc_fit_selected384:exact500:gene_topology_v1",58252,"f7b9f62f8e97ed2e5ee5bff16f659512bdf467c5b01fb0745fda292231f47976",TRUE,TRUE,"closed",FALSE
"mv08w_full_ph_inventory_v1","mv08v","mv08r_ph:internal124:SRA701877_SRS3279688:20260807:sct_data_all_qc_fit_selected384:exact500:gene_topology_v1",58612,"c0496d69e0f0c9e628b30e8eb90d6e7f5761802310c483dc0da4404ff41b88ee",TRUE,TRUE,"closed",FALSE
"mv08w_full_ph_inventory_v1","mv08v","mv08r_ph:internal124:SRA701877_SRS3279688:20260808:sct_data_all_qc_fit_selected384:exact500:gene_topology_v1",58864,"140d6be37583fbb57a0ca599cc5c490319dc2dd67420a653a7f2f2179873546e",TRUE,TRUE,"closed",FALSE
"mv08w_full_ph_inventory_v1","mv08v","mv08r_ph:internal124:SRA701877_SRS3279688:20260809:sct_data_all_qc_fit_selected384:exact500:gene_topology_v1",59044,"3d0b65622fb66776c0d355b69bf0305832bfc2d97d22f8e1c3529fb0a36ddee0",TRUE,TRUE,"closed",FALSE
"mv08w_full_ph_inventory_v1","mv08v","mv08r_ph:internal124:SRA701877_SRS3279689:20260805:sct_data_all_qc_fit_selected384:exact500:gene_topology_v1",55660,"87212b2c6cb9a66f000862354c7304f07dc7974febd9f3a4f2aa4d2ad83d4157",TRUE,TRUE,"closed",FALSE
"mv08w_full_ph_inventory_v1","mv08v","mv08r_ph:internal124:SRA701877_SRS3279689:20260806:sct_data_all_qc_fit_selected384:exact500:gene_topology_v1",54040,"f2fca5d4d2dfbd25f5396a581cd4fd08d66e9701a444ede19d9d5aa7d8672fce",TRUE,TRUE,"closed",FALSE
"mv08w_full_ph_inventory_v1","mv08v","mv08r_ph:internal124:SRA701877_SRS3279689:20260807:sct_data_all_qc_fit_selected384:exact500:gene_topology_v1",55444,"b6c45bc2f25198f8eb7e37606829fc71b2850c3dfdb49c6561e9fcb5876955f5",TRUE,TRUE,"closed",FALSE
"mv08w_full_ph_inventory_v1","mv08v","mv08r_ph:internal124:SRA701877_SRS3279689:20260808:sct_data_all_qc_fit_selected384:exact500:gene_topology_v1",54220,"798dcd97dcbc921af007f1aff85bee899c4dda0344dc7dfeb27db7d68a74c631",TRUE,TRUE,"closed",FALSE
"mv08w_full_ph_inventory_v1","mv08v","mv08r_ph:internal124:SRA701877_SRS3279689:20260809:sct_data_all_qc_fit_selected384:exact500:gene_topology_v1",52888,"9595eec55bb4907301558fe5c3fc15ea15544661a1366fa97a6a27724348d12e",TRUE,TRUE,"closed",FALSE
"mv08w_full_ph_inventory_v1","mv08v","mv08r_ph:internal124:SRA701877_SRS3279690:20260805:sct_data_all_qc_fit_selected384:exact500:gene_topology_v1",50656,"56079d3d01775266eb3dd5ea78980871f0cd48098559631150fd356f93983688",TRUE,TRUE,"closed",FALSE
"mv08w_full_ph_inventory_v1","mv08v","mv08r_ph:internal124:SRA701877_SRS3279690:20260806:sct_data_all_qc_fit_selected384:exact500:gene_topology_v1",49396,"055ad561fdbe4307e3e0c6410528108e32ca1cb41e2f7a4a90d53754824cd47b",TRUE,TRUE,"closed",FALSE
"mv08w_full_ph_inventory_v1","mv08v","mv08r_ph:internal124:SRA701877_SRS3279690:20260807:sct_data_all_qc_fit_selected384:exact500:gene_topology_v1",46624,"633a044e25b6739db155c7b0de901162e785ed55b6f090d1b5c8cb5819b792cb",TRUE,TRUE,"closed",FALSE
"mv08w_full_ph_inventory_v1","mv08v","mv08r_ph:internal124:SRA701877_SRS3279690:20260808:sct_data_all_qc_fit_selected384:exact500:gene_topology_v1",48604,"1c43bd2595693a83e86e77cf6f47733aafde116095e6d046e7ee859cc1169190",TRUE,TRUE,"closed",FALSE
"mv08w_full_ph_inventory_v1","mv08v","mv08r_ph:internal124:SRA701877_SRS3279690:20260809:sct_data_all_qc_fit_selected384:exact500:gene_topology_v1",50548,"b5abe506e353bc3f6e98d6f07cee384c68b6871ffc5475891879e70df344cdb5",TRUE,TRUE,"closed",FALSE
"mv08w_full_ph_inventory_v1","mv08v","mv08r_ph:internal124:SRA701877_SRS3279691:20260805:sct_data_all_qc_fit_selected384:exact500:gene_topology_v1",49792,"784ee3de30e0c3b12d78bb752cce108cd5d43e8c76e20ffbb62f590c807430ba",TRUE,TRUE,"closed",FALSE
"mv08w_full_ph_inventory_v1","mv08v","mv08r_ph:internal124:SRA701877_SRS3279691:20260806:sct_data_all_qc_fit_selected384:exact500:gene_topology_v1",41116,"e782127d280f1af6d4d4e3a23f8ab8147ad7d57e1d2ad08460472d08e1ac378a",TRUE,TRUE,"closed",FALSE
"mv08w_full_ph_inventory_v1","mv08v","mv08r_ph:internal124:SRA701877_SRS3279691:20260807:sct_data_all_qc_fit_selected384:exact500:gene_topology_v1",47632,"ff0eb30181976b12e2c4e3cd64185fbe278d629648b835e4500adb786697e189",TRUE,TRUE,"closed",FALSE
"mv08w_full_ph_inventory_v1","mv08v","mv08r_ph:internal124:SRA701877_SRS3279691:20260808:sct_data_all_qc_fit_selected384:exact500:gene_topology_v1",43420,"5cebc2991299675d73e098163ca6bbefc4908ad2e004a702c402f26274d5b8df",TRUE,TRUE,"closed",FALSE
"mv08w_full_ph_inventory_v1","mv08v","mv08r_ph:internal124:SRA701877_SRS3279691:20260809:sct_data_all_qc_fit_selected384:exact500:gene_topology_v1",47812,"eed164343044bbdfebe0e48071ab26b457a8f41d544738cf94128cfe289183cc",TRUE,TRUE,"closed",FALSE
"mv08w_full_ph_inventory_v1","mv08v","mv08r_ph:internal124:SRA701877_SRS3279692:20260805:sct_data_all_qc_fit_selected384:exact500:gene_topology_v1",47272,"78c7057f546113288771603a2551adf9e5052d8f836074125914d3ea844a615b",TRUE,TRUE,"closed",FALSE
"mv08w_full_ph_inventory_v1","mv08v","mv08r_ph:internal124:SRA701877_SRS3279692:20260806:sct_data_all_qc_fit_selected384:exact500:gene_topology_v1",46552,"bf7437ca265e93752c28de19f9f6342afd9857c571d092246667fd2da821cbe0",TRUE,TRUE,"closed",FALSE
"mv08w_full_ph_inventory_v1","mv08v","mv08r_ph:internal124:SRA701877_SRS3279692:20260807:sct_data_all_qc_fit_selected384:exact500:gene_topology_v1",46912,"6a6f40c1fa79fe385abf4241396efa6e85b8dce1086233013883c0a6fa15aa36",TRUE,TRUE,"closed",FALSE
"mv08w_full_ph_inventory_v1","mv08v","mv08r_ph:internal124:SRA701877_SRS3279692:20260808:sct_data_all_qc_fit_selected384:exact500:gene_topology_v1",45112,"9bbcb7ae12fdad9e142861c50aa327db6c16bff8903dcc848477d597d929c9ea",TRUE,TRUE,"closed",FALSE
"mv08w_full_ph_inventory_v1","mv08v","mv08r_ph:internal124:SRA701877_SRS3279692:20260809:sct_data_all_qc_fit_selected384:exact500:gene_topology_v1",43384,"92b6975754ed0e05101d624af15891c6118dbb68c5a304d7444d0d96b198736d",TRUE,TRUE,"closed",FALSE
"mv08w_full_ph_inventory_v1","mv08v","mv08r_ph:internal124:SRA701877_SRS3279693:20260805:sct_data_all_qc_fit_selected384:exact500:gene_topology_v1",55264,"401b93335bbe1f4649c3658916baf610f2f2b5f776812541bdeb1471467352b3",TRUE,TRUE,"closed",FALSE
"mv08w_full_ph_inventory_v1","mv08v","mv08r_ph:internal124:SRA701877_SRS3279693:20260806:sct_data_all_qc_fit_selected384:exact500:gene_topology_v1",56092,"55be0314560b3019aae982aab53bf8b83bc22b1dde96a97d9b6987f6bbc253ca",TRUE,TRUE,"closed",FALSE
"mv08w_full_ph_inventory_v1","mv08v","mv08r_ph:internal124:SRA701877_SRS3279693:20260807:sct_data_all_qc_fit_selected384:exact500:gene_topology_v1",53104,"142ae2e3b4235deb8764555a2007171c28d25d48423dfb11f4b8b2cb20bb6f55",TRUE,TRUE,"closed",FALSE
"mv08w_full_ph_inventory_v1","mv08v","mv08r_ph:internal124:SRA701877_SRS3279693:20260808:sct_data_all_qc_fit_selected384:exact500:gene_topology_v1",55984,"ca998beba56e3abfbea30ba4908616de81d3370a2164b04be78ca21dd5b25022",TRUE,TRUE,"closed",FALSE
"mv08w_full_ph_inventory_v1","mv08v","mv08r_ph:internal124:SRA701877_SRS3279693:20260809:sct_data_all_qc_fit_selected384:exact500:gene_topology_v1",57136,"67b4e04a6f5554875ef7dec4907d1a7a42cfad087c11379c7be2ef3cd4b93a91",TRUE,TRUE,"closed",FALSE
"mv08w_full_ph_inventory_v1","mv08v","mv08r_ph:internal124:SRA701877_SRS3279694:20260805:sct_data_all_qc_fit_selected384:exact500:gene_topology_v1",66604,"095af4fd13af131dee09ee2f2fb2246e56fc44389aa5737ad83bff7a8405f6f1",TRUE,TRUE,"closed",FALSE
"mv08w_full_ph_inventory_v1","mv08v","mv08r_ph:internal124:SRA701877_SRS3279694:20260806:sct_data_all_qc_fit_selected384:exact500:gene_topology_v1",70276,"3de3ec72ecc0b4e11db70c7347ae7756271eeccd0f4f50d6ea6c5b4633a854cb",TRUE,TRUE,"closed",FALSE
"mv08w_full_ph_inventory_v1","mv08v","mv08r_ph:internal124:SRA701877_SRS3279694:20260807:sct_data_all_qc_fit_selected384:exact500:gene_topology_v1",70636,"7bfd347a138bd5302d8474fc9baa6345fa480b8b5e9b835d2b47d5f2634f96dd",TRUE,TRUE,"closed",FALSE
"mv08w_full_ph_inventory_v1","mv08v","mv08r_ph:internal124:SRA701877_SRS3279694:20260808:sct_data_all_qc_fit_selected384:exact500:gene_topology_v1",71680,"0f49063c05f63b5596d53c7374ffbd2c6fe5383cc18140e8807198adb5447690",TRUE,TRUE,"closed",FALSE
"mv08w_full_ph_inventory_v1","mv08v","mv08r_ph:internal124:SRA701877_SRS3279694:20260809:sct_data_all_qc_fit_selected384:exact500:gene_topology_v1",72796,"0ec8d1a08c5a9bd30ac4156144c2c1536336a4dd3a9cc5ba1ae6893b3f2cbd14",TRUE,TRUE,"closed",FALSE
"mv08w_full_ph_inventory_v1","mv08v","mv08r_ph:internal124:SRA701877_SRS3279695:20260805:sct_data_all_qc_fit_selected384:exact500:gene_topology_v1",60052,"ca291fdfe4e613da797f24e3f22b66d1117bce25b5e7fdfea65e3cd8f148be4b",TRUE,TRUE,"closed",FALSE
"mv08w_full_ph_inventory_v1","mv08v","mv08r_ph:internal124:SRA701877_SRS3279695:20260806:sct_data_all_qc_fit_selected384:exact500:gene_topology_v1",55912,"5aa672454f759b5a0cc8e2883cd29e5554db2d8b146c74e7f19b0ec46d795fa9",TRUE,TRUE,"closed",FALSE
"mv08w_full_ph_inventory_v1","mv08v","mv08r_ph:internal124:SRA701877_SRS3279695:20260807:sct_data_all_qc_fit_selected384:exact500:gene_topology_v1",64660,"c34e5efac1c501c34d5be1bde30f70e8487fe2e60477b4d0f6bb13401e4c20c3",TRUE,TRUE,"closed",FALSE
"mv08w_full_ph_inventory_v1","mv08v","mv08r_ph:internal124:SRA701877_SRS3279695:20260808:sct_data_all_qc_fit_selected384:exact500:gene_topology_v1",58288,"dadb0a63da99d3db14f1b700a3fc1c723d74e41735cdc71edf347feb40f44569",TRUE,TRUE,"closed",FALSE
"mv08w_full_ph_inventory_v1","mv08v","mv08r_ph:internal124:SRA701877_SRS3279695:20260809:sct_data_all_qc_fit_selected384:exact500:gene_topology_v1",56740,"ec3b6e604d10ec56183959c9043057b034a291d45b7e21055e39d44ba1b14955",TRUE,TRUE,"closed",FALSE
"mv08w_full_ph_inventory_v1","mv08v","mv08r_ph:internal124:SRA703206_SRS3296611:20260805:sct_data_all_qc_fit_selected384:exact500:gene_topology_v1",51340,"22a6738e293afad5d154d40c8106eac129cef3bb0047dee1a68f81073f206d3f",TRUE,TRUE,"closed",FALSE
"mv08w_full_ph_inventory_v1","mv08v","mv08r_ph:internal124:SRA703206_SRS3296611:20260806:sct_data_all_qc_fit_selected384:exact500:gene_topology_v1",52096,"f20998439430c455ef2b56d603222d7f2e0d7832f3d9c992ba9c0cf12eec8022",TRUE,TRUE,"closed",FALSE
"mv08w_full_ph_inventory_v1","mv08v","mv08r_ph:internal124:SRA703206_SRS3296611:20260807:sct_data_all_qc_fit_selected384:exact500:gene_topology_v1",46336,"3ae46773e5ece9a829079bed5ab6bf473f747c26320ba16824d9d1f3bf91fc9a",TRUE,TRUE,"closed",FALSE
"mv08w_full_ph_inventory_v1","mv08v","mv08r_ph:internal124:SRA703206_SRS3296611:20260808:sct_data_all_qc_fit_selected384:exact500:gene_topology_v1",47848,"4b123aa2fed3f11fdca77c3a76bf12a70e44ca386e24bac0433ce1e943954821",TRUE,TRUE,"closed",FALSE
"mv08w_full_ph_inventory_v1","mv08v","mv08r_ph:internal124:SRA703206_SRS3296611:20260809:sct_data_all_qc_fit_selected384:exact500:gene_topology_v1",51016,"92e097f96703a72bab5cca15017baa42eb43363c8949265c3f5092381087f8a7",TRUE,TRUE,"closed",FALSE
"mv08w_full_ph_inventory_v1","mv08v","mv08r_ph:internal124:SRA703206_SRS3296612:20260805:sct_data_all_qc_fit_selected384:exact500:gene_topology_v1",62824,"823e299f28646aedf654dd6b70f195d5270df98a280e56cdbe56922b511e34a9",TRUE,TRUE,"closed",FALSE
"mv08w_full_ph_inventory_v1","mv08v","mv08r_ph:internal124:SRA703206_SRS3296612:20260806:sct_data_all_qc_fit_selected384:exact500:gene_topology_v1",55444,"46f31380c952dd435d179977a383c9ab49e440317a92b49ba8d98cdce0c76711",TRUE,TRUE,"closed",FALSE
"mv08w_full_ph_inventory_v1","mv08v","mv08r_ph:internal124:SRA703206_SRS3296612:20260807:sct_data_all_qc_fit_selected384:exact500:gene_topology_v1",62464,"c049214fa1ed8209f91d6d3ae8864b27ddd26aab3b808206aeead4b5a11a7526",TRUE,TRUE,"closed",FALSE
"mv08w_full_ph_inventory_v1","mv08v","mv08r_ph:internal124:SRA703206_SRS3296612:20260808:sct_data_all_qc_fit_selected384:exact500:gene_topology_v1",67468,"906a96e89e2691bcf73e9bdf43af74a70bafd3e1ccb7645351497c43a72e79ef",TRUE,TRUE,"closed",FALSE
"mv08w_full_ph_inventory_v1","mv08v","mv08r_ph:internal124:SRA703206_SRS3296612:20260809:sct_data_all_qc_fit_selected384:exact500:gene_topology_v1",65632,"2b0ea9fd1043299b9fea8d3376846490a29bf96aa4c7aa7ef0f2ec59ac210748",TRUE,TRUE,"closed",FALSE
"mv08w_full_ph_inventory_v1","mv08v","mv08r_ph:internal124:SRA703206_SRS3296613:20260805:sct_data_all_qc_fit_selected384:exact500:gene_topology_v1",61744,"f18ae6523aa606a75a809fc98b4e925790219931fb7d764b9a5f1c66fd67efa4",TRUE,TRUE,"closed",FALSE
"mv08w_full_ph_inventory_v1","mv08v","mv08r_ph:internal124:SRA703206_SRS3296613:20260806:sct_data_all_qc_fit_selected384:exact500:gene_topology_v1",66028,"9d0441c64b38dea9eebd569c0247004d9192d15f753a7c2daa12e576c3bb2aaa",TRUE,TRUE,"closed",FALSE
"mv08w_full_ph_inventory_v1","mv08v","mv08r_ph:internal124:SRA703206_SRS3296613:20260807:sct_data_all_qc_fit_selected384:exact500:gene_topology_v1",64840,"13794bc86d91d0120122a9e91135f58b79453c2ddadc7ed0f42e04c600379a59",TRUE,TRUE,"closed",FALSE
"mv08w_full_ph_inventory_v1","mv08v","mv08r_ph:internal124:SRA703206_SRS3296613:20260808:sct_data_all_qc_fit_selected384:exact500:gene_topology_v1",69124,"5caaac86b49674baf57a25dfea5eab1dbc83b8b6181e5f69e280d44c7ab21cc3",TRUE,TRUE,"closed",FALSE
"mv08w_full_ph_inventory_v1","mv08v","mv08r_ph:internal124:SRA703206_SRS3296613:20260809:sct_data_all_qc_fit_selected384:exact500:gene_topology_v1",58936,"17b1b08fd8d84057620692147957d34d0795cae659cd47a09937371efad6ded3",TRUE,TRUE,"closed",FALSE
"mv08w_full_ph_inventory_v1","mv08v","mv08r_ph:internal124:SRA703206_SRS3296614:20260805:sct_data_all_qc_fit_selected384:exact500:gene_topology_v1",66028,"28c3749a38de6fd1562d5edb352b853f3e6186b7d188e37c889744da61f4984f",TRUE,TRUE,"closed",FALSE
"mv08w_full_ph_inventory_v1","mv08v","mv08r_ph:internal124:SRA703206_SRS3296614:20260806:sct_data_all_qc_fit_selected384:exact500:gene_topology_v1",63292,"f5f384931ad9ebcb2f169fed8923bb632b7a0d81453656e08949b71859ecd4d3",TRUE,TRUE,"closed",FALSE
"mv08w_full_ph_inventory_v1","mv08v","mv08r_ph:internal124:SRA703206_SRS3296614:20260807:sct_data_all_qc_fit_selected384:exact500:gene_topology_v1",64732,"848f5a5bfb8adf846bcdd27ed5542b4524bc5b95d43284bb7b106dd098c65635",TRUE,TRUE,"closed",FALSE
"mv08w_full_ph_inventory_v1","mv08v","mv08r_ph:internal124:SRA703206_SRS3296614:20260808:sct_data_all_qc_fit_selected384:exact500:gene_topology_v1",63364,"af38622a972afe6ae7352135c677e741d22e9aaf88e6d3d7d7f69e1b98c0a6eb",TRUE,TRUE,"closed",FALSE
"mv08w_full_ph_inventory_v1","mv08v","mv08r_ph:internal124:SRA703206_SRS3296614:20260809:sct_data_all_qc_fit_selected384:exact500:gene_topology_v1",63400,"8548d1852d77b11c66fb4448649a792734b69188f346c23a715946ac51607dbf",TRUE,TRUE,"closed",FALSE
"mv08w_full_ph_inventory_v1","mv08v","mv08r_ph:internal124:SRA713577_SRS3363004:20260805:sct_data_all_qc_fit_selected384:exact500:gene_topology_v1",81688,"b740b87ca4a326e3b4a344094b3ff5e4f8c60f3ddc7526ba78b1b20050ceb4ab",TRUE,TRUE,"closed",FALSE
"mv08w_full_ph_inventory_v1","mv08v","mv08r_ph:internal124:SRA713577_SRS3363004:20260806:sct_data_all_qc_fit_selected384:exact500:gene_topology_v1",79780,"37fb9a893a94e5d9cd6332ed1bb168ffa91704b2893009e60c8732cb58c97b1a",TRUE,TRUE,"closed",FALSE
"mv08w_full_ph_inventory_v1","mv08v","mv08r_ph:internal124:SRA713577_SRS3363004:20260807:sct_data_all_qc_fit_selected384:exact500:gene_topology_v1",82372,"17463b277d60469f20ea1a089aa6e971f45b92ce72e182b57b99e5452591d080",TRUE,TRUE,"closed",FALSE
"mv08w_full_ph_inventory_v1","mv08v","mv08r_ph:internal124:SRA713577_SRS3363004:20260808:sct_data_all_qc_fit_selected384:exact500:gene_topology_v1",77800,"ba1e60bc354afeece942ce31b4f5f5df1130643145eca66ffb0edcf9def3ebe3",TRUE,TRUE,"closed",FALSE
"mv08w_full_ph_inventory_v1","mv08v","mv08r_ph:internal124:SRA713577_SRS3363004:20260809:sct_data_all_qc_fit_selected384:exact500:gene_topology_v1",78988,"b7d136e33b60d1490b8b4d37433974140c0e752b9f35b74e1021fdd4712133fc",TRUE,TRUE,"closed",FALSE
"mv08w_full_ph_inventory_v1","mv08v","mv08r_ph:internal124:SRA716608_SRS3391629:20260805:sct_data_all_qc_fit_selected384:exact500:gene_topology_v1",57856,"bf0d18041a5d5fbaba75f3423ddd1b8f321cf251e34d701b177d4af1029f2fff",TRUE,TRUE,"closed",FALSE
"mv08w_full_ph_inventory_v1","mv08v","mv08r_ph:internal124:SRA716608_SRS3391629:20260806:sct_data_all_qc_fit_selected384:exact500:gene_topology_v1",50368,"289c93c13537d223e60ec44af488c62ae713fa11d9075565b6d146a891d5469d",TRUE,TRUE,"closed",FALSE
"mv08w_full_ph_inventory_v1","mv08v","mv08r_ph:internal124:SRA716608_SRS3391629:20260807:sct_data_all_qc_fit_selected384:exact500:gene_topology_v1",51016,"189c689c3c9a4f1a8aa5030b7919393b5c7aa684f653c7d2b9c62ab5fd6ffcb5",TRUE,TRUE,"closed",FALSE
"mv08w_full_ph_inventory_v1","mv08v","mv08r_ph:internal124:SRA716608_SRS3391629:20260808:sct_data_all_qc_fit_selected384:exact500:gene_topology_v1",55876,"82bece5d68e44ef9076d4c91d5999ddef427ec8136f63cd61dedf6e8fc3ece94",TRUE,TRUE,"closed",FALSE
"mv08w_full_ph_inventory_v1","mv08v","mv08r_ph:internal124:SRA716608_SRS3391629:20260809:sct_data_all_qc_fit_selected384:exact500:gene_topology_v1",58432,"0d1e0f51f9ea479e2f317da134af886395f9a731a46a4f728289bd6fb04eaaf6",TRUE,TRUE,"closed",FALSE
"mv08w_full_ph_inventory_v1","mv08v","mv08r_ph:internal124:SRA716608_SRS3391630:20260805:sct_data_all_qc_fit_selected384:exact500:gene_topology_v1",59584,"26ddaa4768a455f2f6f04c10f7ca561c8efa15e87bbc3c80c532546784e31c03",TRUE,TRUE,"closed",FALSE
"mv08w_full_ph_inventory_v1","mv08v","mv08r_ph:internal124:SRA716608_SRS3391630:20260806:sct_data_all_qc_fit_selected384:exact500:gene_topology_v1",61852,"40c4fa34286668fcfda409a669956583b1c759a40ccc262bda73057417457699",TRUE,TRUE,"closed",FALSE
"mv08w_full_ph_inventory_v1","mv08v","mv08r_ph:internal124:SRA716608_SRS3391630:20260807:sct_data_all_qc_fit_selected384:exact500:gene_topology_v1",69232,"99f384be538592be72315b404b4db7514c430a6ab8041818717b7c42da86d831",TRUE,TRUE,"closed",FALSE
"mv08w_full_ph_inventory_v1","mv08v","mv08r_ph:internal124:SRA716608_SRS3391630:20260808:sct_data_all_qc_fit_selected384:exact500:gene_topology_v1",69016,"eb2550c5a3454a4bcf89c090451337191cc07e7c685253d4c44c56d1f1483b20",TRUE,TRUE,"closed",FALSE
"mv08w_full_ph_inventory_v1","mv08v","mv08r_ph:internal124:SRA716608_SRS3391630:20260809:sct_data_all_qc_fit_selected384:exact500:gene_topology_v1",68008,"01e108e439596020ceec4e3a4dbf74e9e983821c1b3977347b58df1a842f837a",TRUE,TRUE,"closed",FALSE
"mv08w_full_ph_inventory_v1","mv08v","mv08r_ph:internal124:SRA716608_SRS3391631:20260805:sct_data_all_qc_fit_selected384:exact500:gene_topology_v1",41548,"80754c7666de7d1b80887d844eba935e5e302dc62079d74468672cb1a5c83eaa",TRUE,TRUE,"closed",FALSE
"mv08w_full_ph_inventory_v1","mv08v","mv08r_ph:internal124:SRA716608_SRS3391631:20260806:sct_data_all_qc_fit_selected384:exact500:gene_topology_v1",41188,"f39c3131d01ba7ace16a806c77a725aad3d01507e3b162703f8e5a6751ba425f",TRUE,TRUE,"closed",FALSE
"mv08w_full_ph_inventory_v1","mv08v","mv08r_ph:internal124:SRA716608_SRS3391631:20260807:sct_data_all_qc_fit_selected384:exact500:gene_topology_v1",41980,"421e8c2705da779e1c1ab60300cbff195c73bc70aa36d1247b863a7f830445dd",TRUE,TRUE,"closed",FALSE
"mv08w_full_ph_inventory_v1","mv08v","mv08r_ph:internal124:SRA716608_SRS3391631:20260808:sct_data_all_qc_fit_selected384:exact500:gene_topology_v1",43204,"edca6594f7c697cb8d8c4875bdb04606e853b08f436ecb66ac82a88ae4031fc1",TRUE,TRUE,"closed",FALSE
"mv08w_full_ph_inventory_v1","mv08v","mv08r_ph:internal124:SRA716608_SRS3391631:20260809:sct_data_all_qc_fit_selected384:exact500:gene_topology_v1",40432,"badbc81484b620a1f71da531ed52ebf5f6048a9153b4232ce5ab443f16141b5f",TRUE,TRUE,"closed",FALSE
"mv08w_full_ph_inventory_v1","mv08v","mv08r_ph:internal124:SRA716608_SRS3391632:20260805:sct_data_all_qc_fit_selected384:exact500:gene_topology_v1",38220,"033166b8d009a8f5acc4f1c018aa2461f8d2fa5aa00501fb71ef33c1630510fc",TRUE,TRUE,"closed",FALSE
"mv08w_full_ph_inventory_v1","mv08v","mv08r_ph:internal124:SRA716608_SRS3391632:20260806:sct_data_all_qc_fit_selected384:exact500:gene_topology_v1",37695,"f70f375e746a325d8042c522c79e295c25d62a8b692560e13c2d60013e579981",TRUE,TRUE,"closed",FALSE
"mv08w_full_ph_inventory_v1","mv08v","mv08r_ph:internal124:SRA716608_SRS3391632:20260807:sct_data_all_qc_fit_selected384:exact500:gene_topology_v1",37835,"a2be610b178213954a866ff4a2b664a8cce3dcc577ac457ea6ec6f6f717d445b",TRUE,TRUE,"closed",FALSE
"mv08w_full_ph_inventory_v1","mv08v","mv08r_ph:internal124:SRA716608_SRS3391632:20260808:sct_data_all_qc_fit_selected384:exact500:gene_topology_v1",38080,"eef3dfabe1355cd4330c69fac92e734e5078e544bbe81a97b0096df4d14ea3d7",TRUE,TRUE,"closed",FALSE
"mv08w_full_ph_inventory_v1","mv08v","mv08r_ph:internal124:SRA716608_SRS3391632:20260809:sct_data_all_qc_fit_selected384:exact500:gene_topology_v1",38710,"47364e19dccaef1b6703ad839ea10230f807b67df88ca630b167423a553ee424",TRUE,TRUE,"closed",FALSE
"mv08w_full_ph_inventory_v1","mv08v","mv08r_ph:internal124:SRA716608_SRS3391633:20260805:sct_data_all_qc_fit_selected384:exact500:gene_topology_v1",81832,"0a2d99ec4e8a94377a9825faea729bd8f2dd5eb76e652891ce9082d8f4358e52",TRUE,TRUE,"closed",FALSE
"mv08w_full_ph_inventory_v1","mv08v","mv08r_ph:internal124:SRA716608_SRS3391633:20260806:sct_data_all_qc_fit_selected384:exact500:gene_topology_v1",85972,"d62e2f00f0f7e3b7628d3619cc983cd88eb170c2895fb46b49a6f78ca96a3ccc",TRUE,TRUE,"closed",FALSE
"mv08w_full_ph_inventory_v1","mv08v","mv08r_ph:internal124:SRA716608_SRS3391633:20260807:sct_data_all_qc_fit_selected384:exact500:gene_topology_v1",86296,"0ad7bb9e41ab1cdf1b35c00f0eb676d5852fe208830624340ca18353b91ab1df",TRUE,TRUE,"closed",FALSE
"mv08w_full_ph_inventory_v1","mv08v","mv08r_ph:internal124:SRA716608_SRS3391633:20260808:sct_data_all_qc_fit_selected384:exact500:gene_topology_v1",87052,"94dea3394619c22d85f826d40353fea7ab4e76c46282cc5a5004fe579db49a95",TRUE,TRUE,"closed",FALSE
"mv08w_full_ph_inventory_v1","mv08v","mv08r_ph:internal124:SRA716608_SRS3391633:20260809:sct_data_all_qc_fit_selected384:exact500:gene_topology_v1",86764,"572bb928d46d84c1c34229da94124330466068f53442ad374e8627648ebb7c07",TRUE,TRUE,"closed",FALSE
"mv08w_full_ph_inventory_v1","mv08v","mv08r_ph:internal124:SRA728025_SRS3454421:20260805:sct_data_all_qc_fit_selected384:exact500:gene_topology_v1",33845,"99a4c9fc30b1e8bb3d002611baf1d8a9acd2ab1d5434556545390cbf557beea5",TRUE,TRUE,"closed",FALSE
"mv08w_full_ph_inventory_v1","mv08v","mv08r_ph:internal124:SRA728025_SRS3454421:20260806:sct_data_all_qc_fit_selected384:exact500:gene_topology_v1",34020,"c22a5f7e14f9a0df73bc4e65dfee1d27c2bf2cabb494696ff573c03abad6895d",TRUE,TRUE,"closed",FALSE
"mv08w_full_ph_inventory_v1","mv08v","mv08r_ph:internal124:SRA728025_SRS3454421:20260807:sct_data_all_qc_fit_selected384:exact500:gene_topology_v1",34370,"c3c72e26c8200bb32a1de47b363eb6fbc0671e7907f855f6083597dffb9a7a6e",TRUE,TRUE,"closed",FALSE
"mv08w_full_ph_inventory_v1","mv08v","mv08r_ph:internal124:SRA728025_SRS3454421:20260808:sct_data_all_qc_fit_selected384:exact500:gene_topology_v1",33180,"8945191ce5fabaa5f5055bf3f4bda1265c6ee1fbfc52f4164a2e87299bd0852e",TRUE,TRUE,"closed",FALSE
"mv08w_full_ph_inventory_v1","mv08v","mv08r_ph:internal124:SRA728025_SRS3454421:20260809:sct_data_all_qc_fit_selected384:exact500:gene_topology_v1",33215,"cb3064cc7d54674a55a97f34220041ce100ddabaf70788d1898f6962318996ec",TRUE,TRUE,"closed",FALSE
"mv08w_full_ph_inventory_v1","mv08v","mv08r_ph:internal124:SRA728025_SRS3454422:20260805:sct_data_all_qc_fit_selected384:exact500:gene_topology_v1",31080,"3c90873bca3c65f6a278cf3f37957f3d9069ae50b9aa8b3f769d82061fc92aa6",TRUE,TRUE,"closed",FALSE
"mv08w_full_ph_inventory_v1","mv08v","mv08r_ph:internal124:SRA728025_SRS3454422:20260806:sct_data_all_qc_fit_selected384:exact500:gene_topology_v1",30275,"41d30756949c1f046e24949a6804aa2b251da00702757eccd716ecd7bd635d1b",TRUE,TRUE,"closed",FALSE
"mv08w_full_ph_inventory_v1","mv08v","mv08r_ph:internal124:SRA728025_SRS3454422:20260807:sct_data_all_qc_fit_selected384:exact500:gene_topology_v1",30905,"02a95067056a4956e5d809545586d4a23660306eafd7f17a70494de635f99221",TRUE,TRUE,"closed",FALSE
"mv08w_full_ph_inventory_v1","mv08v","mv08r_ph:internal124:SRA728025_SRS3454422:20260808:sct_data_all_qc_fit_selected384:exact500:gene_topology_v1",30625,"dddea70bd5bce3f2b21605f45f079722e7b5235d63c8d88ecc991b499a397a96",TRUE,TRUE,"closed",FALSE
"mv08w_full_ph_inventory_v1","mv08v","mv08r_ph:internal124:SRA728025_SRS3454422:20260809:sct_data_all_qc_fit_selected384:exact500:gene_topology_v1",30940,"5cca265e1a4ca8c260b5f28045157feed19b593b2b4fee912e65f866c4dd0a42",TRUE,TRUE,"closed",FALSE
"mv08w_full_ph_inventory_v1","mv08v","mv08r_ph:internal124:SRA728025_SRS3454423:20260805:sct_data_all_qc_fit_selected384:exact500:gene_topology_v1",31535,"0ed806114848772fedef8be74178ca89970b3f73d3572900eb95065136d21c8d",TRUE,TRUE,"closed",FALSE
"mv08w_full_ph_inventory_v1","mv08v","mv08r_ph:internal124:SRA728025_SRS3454423:20260806:sct_data_all_qc_fit_selected384:exact500:gene_topology_v1",31535,"df7e96c1edf045465d0175d378d82cbdbc35e47092fb485ca3c76a6c8c6ebd9a",TRUE,TRUE,"closed",FALSE
"mv08w_full_ph_inventory_v1","mv08v","mv08r_ph:internal124:SRA728025_SRS3454423:20260807:sct_data_all_qc_fit_selected384:exact500:gene_topology_v1",31185,"1e3b107fe148d3b4d14708965fd18a1e51a552bf7540063d03aa1fb718f6a7b3",TRUE,TRUE,"closed",FALSE
"mv08w_full_ph_inventory_v1","mv08v","mv08r_ph:internal124:SRA728025_SRS3454423:20260808:sct_data_all_qc_fit_selected384:exact500:gene_topology_v1",30660,"8fccfe71a6d12820a289198f62bbabc9ba2448f3f67115cdb7711c694b69e3a1",TRUE,TRUE,"closed",FALSE
"mv08w_full_ph_inventory_v1","mv08v","mv08r_ph:internal124:SRA728025_SRS3454423:20260809:sct_data_all_qc_fit_selected384:exact500:gene_topology_v1",31430,"c322d458e6bd8b1363c449ed230b90bd722dd44a476313a3fda84a732d6c2024",TRUE,TRUE,"closed",FALSE
"mv08w_full_ph_inventory_v1","mv08v","mv08r_ph:internal124:SRA728025_SRS3454424:20260805:sct_data_all_qc_fit_selected384:exact500:gene_topology_v1",30485,"928ddf22384e44058c40b9ae15e3fc42236b6718c50c498e3644eea1ad4db366",TRUE,TRUE,"closed",FALSE
"mv08w_full_ph_inventory_v1","mv08v","mv08r_ph:internal124:SRA728025_SRS3454424:20260806:sct_data_all_qc_fit_selected384:exact500:gene_topology_v1",30765,"f97aba303602d423db0dd70e551e69387237de24dc69a0a56f8063eb11946256",TRUE,TRUE,"closed",FALSE
"mv08w_full_ph_inventory_v1","mv08v","mv08r_ph:internal124:SRA728025_SRS3454424:20260807:sct_data_all_qc_fit_selected384:exact500:gene_topology_v1",30975,"8aedb2f34aa0617c45e767386e87f24e32c1373f616a19921704a5148677b720",TRUE,TRUE,"closed",FALSE
"mv08w_full_ph_inventory_v1","mv08v","mv08r_ph:internal124:SRA728025_SRS3454424:20260808:sct_data_all_qc_fit_selected384:exact500:gene_topology_v1",30660,"62a0b487aaf8a75c7d5ee36bdd1e7b1a0505a802585adfc39c0fc3183f07c341",TRUE,TRUE,"closed",FALSE
"mv08w_full_ph_inventory_v1","mv08v","mv08r_ph:internal124:SRA728025_SRS3454424:20260809:sct_data_all_qc_fit_selected384:exact500:gene_topology_v1",30695,"7e627cc8f3dd30e22b9d90e829e51ab89e4ce038d069851840838c5410d9f657",TRUE,TRUE,"closed",FALSE
"mv08w_full_ph_inventory_v1","mv08v","mv08r_ph:internal124:SRA728025_SRS3454425:20260805:sct_data_all_qc_fit_selected384:exact500:gene_topology_v1",35420,"d7a73d7a23e5eb7d593aea26667c24dedd4c72ff02c1ffd71c466894c73a06b8",TRUE,TRUE,"closed",FALSE
"mv08w_full_ph_inventory_v1","mv08v","mv08r_ph:internal124:SRA728025_SRS3454425:20260806:sct_data_all_qc_fit_selected384:exact500:gene_topology_v1",33740,"c96783dcbcffc9d0f1371a112da3d028f07593dd67511921c64496da29590c59",TRUE,TRUE,"closed",FALSE
"mv08w_full_ph_inventory_v1","mv08v","mv08r_ph:internal124:SRA728025_SRS3454425:20260807:sct_data_all_qc_fit_selected384:exact500:gene_topology_v1",33740,"9f8f5648ed12ab1b816da4f59371a1e5276b0ef2690f01562447b3e9cb049b37",TRUE,TRUE,"closed",FALSE
"mv08w_full_ph_inventory_v1","mv08v","mv08r_ph:internal124:SRA728025_SRS3454425:20260808:sct_data_all_qc_fit_selected384:exact500:gene_topology_v1",33040,"eebea55d5babda60ea0e97e14a059d1f6c2f9bd8f4af84084fbb1a70129081af",TRUE,TRUE,"closed",FALSE
"mv08w_full_ph_inventory_v1","mv08v","mv08r_ph:internal124:SRA728025_SRS3454425:20260809:sct_data_all_qc_fit_selected384:exact500:gene_topology_v1",34825,"21c9b6a6f1354c3c86a021ffeb21924e53dd7cf948192135a55460f17db39e1e",TRUE,TRUE,"closed",FALSE
"mv08w_full_ph_inventory_v1","mv08v","mv08r_ph:internal124:SRA728025_SRS3454426:20260805:sct_data_all_qc_fit_selected384:exact500:gene_topology_v1",34370,"31d750cd2b22948cdd73db5378301d4d142911a66c0c18beb1384f9e98d3b41e",TRUE,TRUE,"closed",FALSE
"mv08w_full_ph_inventory_v1","mv08v","mv08r_ph:internal124:SRA728025_SRS3454426:20260806:sct_data_all_qc_fit_selected384:exact500:gene_topology_v1",34860,"f2f9afbacf99c57c59cfbaf6618387bb9f9969adddc83dffcfedaa0e73711e62",TRUE,TRUE,"closed",FALSE
"mv08w_full_ph_inventory_v1","mv08v","mv08r_ph:internal124:SRA728025_SRS3454426:20260807:sct_data_all_qc_fit_selected384:exact500:gene_topology_v1",35490,"580608514f353b606af4ddda9fe73aa7f97f03dac408a3d75038c9d4cb75a3cf",TRUE,TRUE,"closed",FALSE
"mv08w_full_ph_inventory_v1","mv08v","mv08r_ph:internal124:SRA728025_SRS3454426:20260808:sct_data_all_qc_fit_selected384:exact500:gene_topology_v1",35105,"4a1831bc6248389de47a97b151f4ee975cb56c43100fda77d2b785aa75bea2fc",TRUE,TRUE,"closed",FALSE
"mv08w_full_ph_inventory_v1","mv08v","mv08r_ph:internal124:SRA728025_SRS3454426:20260809:sct_data_all_qc_fit_selected384:exact500:gene_topology_v1",36785,"4f35c931a3e23503720c55a29f60bd022d20d87407a651517517fb2a1b38a180",TRUE,TRUE,"closed",FALSE
"mv08w_full_ph_inventory_v1","mv08v","mv08r_ph:internal124:SRA728025_SRS3454427:20260805:sct_data_all_qc_fit_selected384:exact500:gene_topology_v1",35455,"0068a8115b4e79d2bf41972d3925583d53a49bdfefaca69cac16a1bc65bc119f",TRUE,TRUE,"closed",FALSE
"mv08w_full_ph_inventory_v1","mv08v","mv08r_ph:internal124:SRA728025_SRS3454427:20260806:sct_data_all_qc_fit_selected384:exact500:gene_topology_v1",35000,"1d3fe2caa13eb1109127b0ca6db6f460f24b49c6eece38abe88e65b11b778a86",TRUE,TRUE,"closed",FALSE
"mv08w_full_ph_inventory_v1","mv08v","mv08r_ph:internal124:SRA728025_SRS3454427:20260807:sct_data_all_qc_fit_selected384:exact500:gene_topology_v1",35595,"a77ea17cfa3818c0cfe5b63f33524d2bf300dd623ddaec0feed83eead3ef6bb9",TRUE,TRUE,"closed",FALSE
"mv08w_full_ph_inventory_v1","mv08v","mv08r_ph:internal124:SRA728025_SRS3454427:20260808:sct_data_all_qc_fit_selected384:exact500:gene_topology_v1",34580,"e0c67036e88f42bc79d7e6e4727651e76bb15b065e960f92b6984ac0a999f9d9",TRUE,TRUE,"closed",FALSE
"mv08w_full_ph_inventory_v1","mv08v","mv08r_ph:internal124:SRA728025_SRS3454427:20260809:sct_data_all_qc_fit_selected384:exact500:gene_topology_v1",34790,"1f44b5eec8fa9c3417e8655cac6f93cd9e44620c44b5c8dde0267055006a8e6e",TRUE,TRUE,"closed",FALSE
"mv08w_full_ph_inventory_v1","mv08v","mv08r_ph:internal124:SRA728025_SRS3454428:20260805:sct_data_all_qc_fit_selected384:exact500:gene_topology_v1",35035,"188b3ba83745fc4275be91cd884810175f2a2806d1d5e6d84518020fec037fbd",TRUE,TRUE,"closed",FALSE
"mv08w_full_ph_inventory_v1","mv08v","mv08r_ph:internal124:SRA728025_SRS3454428:20260806:sct_data_all_qc_fit_selected384:exact500:gene_topology_v1",32760,"a962203050d3035b4c23eda9dbac92426ebe37bfe34506dae6e4ef343a2ee624",TRUE,TRUE,"closed",FALSE
"mv08w_full_ph_inventory_v1","mv08v","mv08r_ph:internal124:SRA728025_SRS3454428:20260807:sct_data_all_qc_fit_selected384:exact500:gene_topology_v1",35980,"4f595d1f33940295fe3d27ae6fd29b8160c2dec9b5544e31e5f0bf0fe0f0c88f",TRUE,TRUE,"closed",FALSE
"mv08w_full_ph_inventory_v1","mv08v","mv08r_ph:internal124:SRA728025_SRS3454428:20260808:sct_data_all_qc_fit_selected384:exact500:gene_topology_v1",33425,"58da5b2944f5aa83ae5da68c065f502b091146ceaac5fc1a0edb6dc5802d90b1",TRUE,TRUE,"closed",FALSE
"mv08w_full_ph_inventory_v1","mv08v","mv08r_ph:internal124:SRA728025_SRS3454428:20260809:sct_data_all_qc_fit_selected384:exact500:gene_topology_v1",33845,"72a1a76fdb29a88f3239d31f3b354ebd07d9ad90ea319ccfc2e95054e730c262",TRUE,TRUE,"closed",FALSE
"mv08w_full_ph_inventory_v1","mv08v","mv08r_ph:internal124:SRA728025_SRS3454430:20260805:sct_data_all_qc_fit_selected384:exact500:gene_topology_v1",29960,"ba115cd0a6f07c45b2582022fc8454d9ff683a6a1385bf0603bad759544c76be",TRUE,TRUE,"closed",FALSE
"mv08w_full_ph_inventory_v1","mv08v","mv08r_ph:internal124:SRA728025_SRS3454430:20260806:sct_data_all_qc_fit_selected384:exact500:gene_topology_v1",30240,"37e4b2f0693f2bc76c5bfb80f92e51056880ba3f4c3770a57132bed77379905d",TRUE,TRUE,"closed",FALSE
"mv08w_full_ph_inventory_v1","mv08v","mv08r_ph:internal124:SRA728025_SRS3454430:20260807:sct_data_all_qc_fit_selected384:exact500:gene_topology_v1",29715,"43faad5c85db111a11d2e5db74d49f7ee0f47bd7895910353c0f986bd26c9585",TRUE,TRUE,"closed",FALSE
"mv08w_full_ph_inventory_v1","mv08v","mv08r_ph:internal124:SRA728025_SRS3454430:20260808:sct_data_all_qc_fit_selected384:exact500:gene_topology_v1",29995,"bb9e9b9ea25be543a978dcabe87ded069cc359ef3a4fc9306a572a6c1e4f64ca",TRUE,TRUE,"closed",FALSE
"mv08w_full_ph_inventory_v1","mv08v","mv08r_ph:internal124:SRA728025_SRS3454430:20260809:sct_data_all_qc_fit_selected384:exact500:gene_topology_v1",30625,"e0f8b580bbd0612d07218005fdde02f2a9e078a422a3e0c527e51f848defd1c0",TRUE,TRUE,"closed",FALSE
"mv08w_full_ph_inventory_v1","mv08v","mv08r_ph:internal124:SRA740174_SRS3548780:20260805:sct_data_all_qc_fit_selected384:exact500:gene_topology_v1",47452,"a63d0f4e603a6fd0d20121411aef06070769342fd4678006e231be3933b6dd36",TRUE,TRUE,"closed",FALSE
"mv08w_full_ph_inventory_v1","mv08v","mv08r_ph:internal124:SRA740174_SRS3548780:20260806:sct_data_all_qc_fit_selected384:exact500:gene_topology_v1",48064,"7512f470f575411632d855eb2a8ab40cc56925dddebea0600341b93ab1b399a1",TRUE,TRUE,"closed",FALSE
"mv08w_full_ph_inventory_v1","mv08v","mv08r_ph:internal124:SRA740174_SRS3548780:20260807:sct_data_all_qc_fit_selected384:exact500:gene_topology_v1",45868,"56d8c83cfffa42d011dbf3dbba106475d8d0780f788199c03f95aceefab6917d",TRUE,TRUE,"closed",FALSE
"mv08w_full_ph_inventory_v1","mv08v","mv08r_ph:internal124:SRA740174_SRS3548780:20260808:sct_data_all_qc_fit_selected384:exact500:gene_topology_v1",47200,"78f86adf16fd42c2a4dab7a172bc5fa021928c036b1d36457868ec6fac53df20",TRUE,TRUE,"closed",FALSE
"mv08w_full_ph_inventory_v1","mv08v","mv08r_ph:internal124:SRA740174_SRS3548780:20260809:sct_data_all_qc_fit_selected384:exact500:gene_topology_v1",48388,"597b41c5a6c8580604cd0eefb317984bdbe66d77f388af58ef40dbc5c3ba97bf",TRUE,TRUE,"closed",FALSE
"mv08w_full_ph_inventory_v1","mv08v","mv08r_ph:internal124:SRA740174_SRS3548781:20260805:sct_data_all_qc_fit_selected384:exact500:gene_topology_v1",39244,"34e56dc814b20ea7799889cd9a3ff52b20dcda8458ff617054ac13df6ff9f543",TRUE,TRUE,"closed",FALSE
"mv08w_full_ph_inventory_v1","mv08v","mv08r_ph:internal124:SRA740174_SRS3548781:20260806:sct_data_all_qc_fit_selected384:exact500:gene_topology_v1",35910,"073748125ff215ab31347152e95af2212b33f5042b2c09a2d731397e99644762",TRUE,TRUE,"closed",FALSE
"mv08w_full_ph_inventory_v1","mv08v","mv08r_ph:internal124:SRA740174_SRS3548781:20260807:sct_data_all_qc_fit_selected384:exact500:gene_topology_v1",36680,"05b516db54edd29ed13108cec02ba262aab7f70b80b51d149441656c5fde0dad",TRUE,TRUE,"closed",FALSE
"mv08w_full_ph_inventory_v1","mv08v","mv08r_ph:internal124:SRA740174_SRS3548781:20260808:sct_data_all_qc_fit_selected384:exact500:gene_topology_v1",38395,"aa04031871a6a567f54312c3ad26d278d6736e5e1b1d18203b98c86d0e30036c",TRUE,TRUE,"closed",FALSE
"mv08w_full_ph_inventory_v1","mv08v","mv08r_ph:internal124:SRA740174_SRS3548781:20260809:sct_data_all_qc_fit_selected384:exact500:gene_topology_v1",37555,"5becacb8342f86d1a6f8f4e34328fbad27b4d1794d36587bff4a56306e3a738b",TRUE,TRUE,"closed",FALSE
"mv08w_full_ph_inventory_v1","mv08v","mv08r_ph:internal124:SRA740174_SRS3548782:20260805:sct_data_all_qc_fit_selected384:exact500:gene_topology_v1",45796,"98543b1483efbfd6f5911bb6cbac67161335ea708160d17ef73580b37ca309e1",TRUE,TRUE,"closed",FALSE
"mv08w_full_ph_inventory_v1","mv08v","mv08r_ph:internal124:SRA740174_SRS3548782:20260806:sct_data_all_qc_fit_selected384:exact500:gene_topology_v1",46048,"af5bc7b2acd4d99d182b5541580fb3c90d9bd61477eba3d9b6415db6bbf17574",TRUE,TRUE,"closed",FALSE
"mv08w_full_ph_inventory_v1","mv08v","mv08r_ph:internal124:SRA740174_SRS3548782:20260807:sct_data_all_qc_fit_selected384:exact500:gene_topology_v1",46156,"d8af11eb959a452a22b8b473153fe099b52393271e3a9a6ab7615594078f2d74",TRUE,TRUE,"closed",FALSE
"mv08w_full_ph_inventory_v1","mv08v","mv08r_ph:internal124:SRA740174_SRS3548782:20260808:sct_data_all_qc_fit_selected384:exact500:gene_topology_v1",46336,"34d3dcde46edc1eda4a9e50e4225407f1575f1bbaf42328b5a173f767eaddc08",TRUE,TRUE,"closed",FALSE
"mv08w_full_ph_inventory_v1","mv08v","mv08r_ph:internal124:SRA740174_SRS3548782:20260809:sct_data_all_qc_fit_selected384:exact500:gene_topology_v1",44968,"8c5795a12dd37e2f6d51045bd92591f52e66f6a91fcb3227110604c04c52ea86",TRUE,TRUE,"closed",FALSE
"mv08w_full_ph_inventory_v1","mv08v","mv08r_ph:internal124:SRA740174_SRS3548783:20260805:sct_data_all_qc_fit_selected384:exact500:gene_topology_v1",39712,"52f17b56688e2994c8772aa88e3b8f211e9afcab2257898138aff64eee39f454",TRUE,TRUE,"closed",FALSE
"mv08w_full_ph_inventory_v1","mv08v","mv08r_ph:internal124:SRA740174_SRS3548783:20260806:sct_data_all_qc_fit_selected384:exact500:gene_topology_v1",41116,"b4ec14e74e6e7466b78d97925e2c19a9ca1af759b0178ff3d842c8e62df7ef4a",TRUE,TRUE,"closed",FALSE
"mv08w_full_ph_inventory_v1","mv08v","mv08r_ph:internal124:SRA740174_SRS3548783:20260807:sct_data_all_qc_fit_selected384:exact500:gene_topology_v1",39172,"a32c885ef67fe70b45c6a419f77a81fdca5491982eb0ddaae01e98b6da110c59",TRUE,TRUE,"closed",FALSE
"mv08w_full_ph_inventory_v1","mv08v","mv08r_ph:internal124:SRA740174_SRS3548783:20260808:sct_data_all_qc_fit_selected384:exact500:gene_topology_v1",42160,"73ae05031066700ae024d80bec45c6b3c41a2b7563a2f82ed58ec2ba7a65d7f7",TRUE,TRUE,"closed",FALSE
"mv08w_full_ph_inventory_v1","mv08v","mv08r_ph:internal124:SRA740174_SRS3548783:20260809:sct_data_all_qc_fit_selected384:exact500:gene_topology_v1",39496,"fc999596d51ec41ae98b1beab86f9a571947c84ab57589d19580070ca6acae25",TRUE,TRUE,"closed",FALSE
"mv08w_full_ph_inventory_v1","mv08v","mv08r_ph:internal124:SRA742961_SRS3565195:20260805:sct_data_all_qc_fit_selected384:exact500:gene_topology_v1",68224,"b64b428f66e3dc0c44977105efd69910f1ece9380844a200cb39af31a18d0cd3",TRUE,TRUE,"closed",FALSE
"mv08w_full_ph_inventory_v1","mv08v","mv08r_ph:internal124:SRA742961_SRS3565195:20260806:sct_data_all_qc_fit_selected384:exact500:gene_topology_v1",65956,"22853579a0c32e40c516fc6a28f83d86daacb35b0ad03b410ed857fa44b017e3",TRUE,TRUE,"closed",FALSE
"mv08w_full_ph_inventory_v1","mv08v","mv08r_ph:internal124:SRA742961_SRS3565195:20260807:sct_data_all_qc_fit_selected384:exact500:gene_topology_v1",66424,"d71bfb585e6343f14c8a36880ffe855ff7b265898e08bd4b437dd7bf96a2fdec",TRUE,TRUE,"closed",FALSE
"mv08w_full_ph_inventory_v1","mv08v","mv08r_ph:internal124:SRA742961_SRS3565195:20260808:sct_data_all_qc_fit_selected384:exact500:gene_topology_v1",68656,"1bc233af8e8223648d1b74f08adb185417e7410fbd4fba908bd87e3f0380593a",TRUE,TRUE,"closed",FALSE
"mv08w_full_ph_inventory_v1","mv08v","mv08r_ph:internal124:SRA742961_SRS3565195:20260809:sct_data_all_qc_fit_selected384:exact500:gene_topology_v1",68008,"5387f889f86636eccf74ae0480ab51489b766272e6bc23fd0ff0ed91e34a9ce1",TRUE,TRUE,"closed",FALSE
"mv08w_full_ph_inventory_v1","mv08v","mv08r_ph:internal124:SRA742961_SRS3565196:20260805:sct_data_all_qc_fit_selected384:exact500:gene_topology_v1",89248,"7024bddeba430c5e06edd6d249cd6bc940dc8930dbc234693b44c507ba9596fc",TRUE,TRUE,"closed",FALSE
"mv08w_full_ph_inventory_v1","mv08v","mv08r_ph:internal124:SRA742961_SRS3565196:20260806:sct_data_all_qc_fit_selected384:exact500:gene_topology_v1",85684,"e8c5ea9acbfae038fcff11bffc51620e8802a28f7b5449cb1cd5f903b3748ca7",TRUE,TRUE,"closed",FALSE
"mv08w_full_ph_inventory_v1","mv08v","mv08r_ph:internal124:SRA742961_SRS3565196:20260807:sct_data_all_qc_fit_selected384:exact500:gene_topology_v1",83740,"2d197e591858236ce33c4609ef514add792f3fc3d05d70784e60c8b07a4b2067",TRUE,TRUE,"closed",FALSE
"mv08w_full_ph_inventory_v1","mv08v","mv08r_ph:internal124:SRA742961_SRS3565196:20260808:sct_data_all_qc_fit_selected384:exact500:gene_topology_v1",86260,"159b6aaf2cc0afdd540dde6d7e60085d42b11de9a13087072becca674093733f",TRUE,TRUE,"closed",FALSE
"mv08w_full_ph_inventory_v1","mv08v","mv08r_ph:internal124:SRA742961_SRS3565196:20260809:sct_data_all_qc_fit_selected384:exact500:gene_topology_v1",79600,"be492b93e4b5f32e74ee6949723b0c13bf3e207a2e97cdabaa4c1e1e740cfe21",TRUE,TRUE,"closed",FALSE
"mv08w_full_ph_inventory_v1","mv08v","mv08r_ph:internal124:SRA742961_SRS3565197:20260805:sct_data_all_qc_fit_selected384:exact500:gene_topology_v1",77764,"f490dc8a7f19e152eac6ed38485932ebfa3f74f25c8d7f2e23e56af677ed7e4c",TRUE,TRUE,"closed",FALSE
"mv08w_full_ph_inventory_v1","mv08v","mv08r_ph:internal124:SRA742961_SRS3565197:20260806:sct_data_all_qc_fit_selected384:exact500:gene_topology_v1",80464,"e9a083a330f5fc4624653ed2da05ff95dca3c0be271674bb754ce5ac6d4de503",TRUE,TRUE,"closed",FALSE
"mv08w_full_ph_inventory_v1","mv08v","mv08r_ph:internal124:SRA742961_SRS3565197:20260807:sct_data_all_qc_fit_selected384:exact500:gene_topology_v1",77728,"4484f5629f050b486fb2c585be6e6805d40986a0f1105bf57426137e3df651b5",TRUE,TRUE,"closed",FALSE
"mv08w_full_ph_inventory_v1","mv08v","mv08r_ph:internal124:SRA742961_SRS3565197:20260808:sct_data_all_qc_fit_selected384:exact500:gene_topology_v1",79996,"73afa262dc2340dd81c306366dd262c34a0bd1da0056a9940a9b0b20a323a1dc",TRUE,TRUE,"closed",FALSE
"mv08w_full_ph_inventory_v1","mv08v","mv08r_ph:internal124:SRA742961_SRS3565197:20260809:sct_data_all_qc_fit_selected384:exact500:gene_topology_v1",79492,"f2c702645d2dbdd0b5b52b1f9fde9eebd6ad0f685146ea9809b9ec983fa42dc2",TRUE,TRUE,"closed",FALSE
"mv08w_full_ph_inventory_v1","mv08v","mv08r_ph:internal124:SRA742961_SRS3565198:20260805:sct_data_all_qc_fit_selected384:exact500:gene_topology_v1",86980,"d528d22e7cee87865a79f76d61e8fdb7ffe26f4ca344f246f57a5e6aff095976",TRUE,TRUE,"closed",FALSE
"mv08w_full_ph_inventory_v1","mv08v","mv08r_ph:internal124:SRA742961_SRS3565198:20260806:sct_data_all_qc_fit_selected384:exact500:gene_topology_v1",77764,"4eef7a38e9848e6947ee7424c8e7f0527890760614bd7dcb59a0722e3d1b6cc4",TRUE,TRUE,"closed",FALSE
"mv08w_full_ph_inventory_v1","mv08v","mv08r_ph:internal124:SRA742961_SRS3565198:20260807:sct_data_all_qc_fit_selected384:exact500:gene_topology_v1",79384,"34f128060c50fdc76da49f801a715d69e6fb949f9fa851b1a9f2510e5e81a22a",TRUE,TRUE,"closed",FALSE
"mv08w_full_ph_inventory_v1","mv08v","mv08r_ph:internal124:SRA742961_SRS3565198:20260808:sct_data_all_qc_fit_selected384:exact500:gene_topology_v1",79816,"c02a3a7a2788092906206256578e244fde4627dcc99a0ac532b9fcd966d7a742",TRUE,TRUE,"closed",FALSE
"mv08w_full_ph_inventory_v1","mv08v","mv08r_ph:internal124:SRA742961_SRS3565198:20260809:sct_data_all_qc_fit_selected384:exact500:gene_topology_v1",76792,"0ce4a947882c2b7864af166ef97b793b4a6d380bdfc27af8d1f1faf785c67279",TRUE,TRUE,"closed",FALSE
"mv08w_full_ph_inventory_v1","mv08v","mv08r_ph:internal124:SRA742961_SRS3565199:20260805:sct_data_all_qc_fit_selected384:exact500:gene_topology_v1",76540,"6c271a518c334ac27dc75f8e252e29b3d598a9811985053485a0b43f1a687712",TRUE,TRUE,"closed",FALSE
"mv08w_full_ph_inventory_v1","mv08v","mv08r_ph:internal124:SRA742961_SRS3565199:20260806:sct_data_all_qc_fit_selected384:exact500:gene_topology_v1",79564,"ee72c3ef0eeee5bd5d2eb5e9b9828f35c48dbf0d7deeef84644cd4d12da03936",TRUE,TRUE,"closed",FALSE
"mv08w_full_ph_inventory_v1","mv08v","mv08r_ph:internal124:SRA742961_SRS3565199:20260807:sct_data_all_qc_fit_selected384:exact500:gene_topology_v1",75568,"5ac4c34016ac95aa9bb986269b6f5bc5f9831d940f104e6f9a27df802e707679",TRUE,TRUE,"closed",FALSE
"mv08w_full_ph_inventory_v1","mv08v","mv08r_ph:internal124:SRA742961_SRS3565199:20260808:sct_data_all_qc_fit_selected384:exact500:gene_topology_v1",77476,"4eac4c6a9df17b355467c55fb28e43cebe4c5446d747f1cb01d5af6f1370f0d7",TRUE,TRUE,"closed",FALSE
"mv08w_full_ph_inventory_v1","mv08v","mv08r_ph:internal124:SRA742961_SRS3565199:20260809:sct_data_all_qc_fit_selected384:exact500:gene_topology_v1",74308,"b1edc07f1e5f38454fff19fbfb1c2dc7b3217a084ba3335899db37fa2bf8f6c1",TRUE,TRUE,"closed",FALSE
"mv08w_full_ph_inventory_v1","mv08v","mv08r_ph:internal124:SRA742961_SRS3565201:20260805:sct_data_all_qc_fit_selected384:exact500:gene_topology_v1",89104,"88315bd75343375b11a89efa98011b01c24b0e92cedd373db2295b81d5bffddd",TRUE,TRUE,"closed",FALSE
"mv08w_full_ph_inventory_v1","mv08v","mv08r_ph:internal124:SRA742961_SRS3565201:20260806:sct_data_all_qc_fit_selected384:exact500:gene_topology_v1",93028,"163c6d8c554b17bb2a4d331d0674e507f72d495b55ee8e4a7a6f00e2caa3faf3",TRUE,TRUE,"closed",FALSE
"mv08w_full_ph_inventory_v1","mv08v","mv08r_ph:internal124:SRA742961_SRS3565201:20260807:sct_data_all_qc_fit_selected384:exact500:gene_topology_v1",87232,"87aa998fb24f77c02fb3d01e5d61720a3a1b206e38ac3eb1868831e4b09609f0",TRUE,TRUE,"closed",FALSE
"mv08w_full_ph_inventory_v1","mv08v","mv08r_ph:internal124:SRA742961_SRS3565201:20260808:sct_data_all_qc_fit_selected384:exact500:gene_topology_v1",91444,"b38e11f62c81145af322d50dcdbb9f16bef32c5100ff11fba71ce63d49b46f1a",TRUE,TRUE,"closed",FALSE
"mv08w_full_ph_inventory_v1","mv08v","mv08r_ph:internal124:SRA742961_SRS3565201:20260809:sct_data_all_qc_fit_selected384:exact500:gene_topology_v1",89392,"62b61c21a9a0e6bcef355d74a9d8ffe1b70e27ae3dae4e50f305dc3d3d5fd931",TRUE,TRUE,"closed",FALSE
"mv08w_full_ph_inventory_v1","mv08v","mv08r_ph:internal124:SRA742961_SRS3565202:20260805:sct_data_all_qc_fit_selected384:exact500:gene_topology_v1",63760,"c277e8d75a803ffc3a919bb1c5eaad97c9b40dfa2f0f0e943e076bfadc247b5f",TRUE,TRUE,"closed",FALSE
"mv08w_full_ph_inventory_v1","mv08v","mv08r_ph:internal124:SRA742961_SRS3565202:20260806:sct_data_all_qc_fit_selected384:exact500:gene_topology_v1",60844,"44b2275c8e5ba6fe148f6537cc8420dcd1c74f5f41a4edec08b739ac10c311dd",TRUE,TRUE,"closed",FALSE
"mv08w_full_ph_inventory_v1","mv08v","mv08r_ph:internal124:SRA742961_SRS3565202:20260807:sct_data_all_qc_fit_selected384:exact500:gene_topology_v1",68044,"253a4dbcd107baa3cfa9152b647edc3a61755edc39f41fc4fc375cf2d5ee8ecf",TRUE,TRUE,"closed",FALSE
"mv08w_full_ph_inventory_v1","mv08v","mv08r_ph:internal124:SRA742961_SRS3565202:20260808:sct_data_all_qc_fit_selected384:exact500:gene_topology_v1",64264,"e52de8512fd08428e46f4385015d7cc901c73cf17314873485e6a2e0d6605706",TRUE,TRUE,"closed",FALSE
"mv08w_full_ph_inventory_v1","mv08v","mv08r_ph:internal124:SRA742961_SRS3565202:20260809:sct_data_all_qc_fit_selected384:exact500:gene_topology_v1",64372,"ca078aadf0de1b2fecabb9342100dfba5e426e773469fb287e6f5905029335b8",TRUE,TRUE,"closed",FALSE
"mv08w_full_ph_inventory_v1","mv08v","mv08r_ph:internal124:SRA742961_SRS3565203:20260805:sct_data_all_qc_fit_selected384:exact500:gene_topology_v1",94648,"5ae1ce4bfa74020f9be3967712bc50aa6688dee2aee2c1ceda7312773a7529d9",TRUE,TRUE,"closed",FALSE
"mv08w_full_ph_inventory_v1","mv08v","mv08r_ph:internal124:SRA742961_SRS3565203:20260806:sct_data_all_qc_fit_selected384:exact500:gene_topology_v1",92596,"ebe19bb1b39a495c2a557339a59ae469f6a448007fc6354e44da30df5cf66928",TRUE,TRUE,"closed",FALSE
"mv08w_full_ph_inventory_v1","mv08v","mv08r_ph:internal124:SRA742961_SRS3565203:20260807:sct_data_all_qc_fit_selected384:exact500:gene_topology_v1",95368,"d8402e5c0e6961db629200648a461db76fe5c05b272858aaa6c4c72dcaf5221c",TRUE,TRUE,"closed",FALSE
"mv08w_full_ph_inventory_v1","mv08v","mv08r_ph:internal124:SRA742961_SRS3565203:20260808:sct_data_all_qc_fit_selected384:exact500:gene_topology_v1",89644,"4ebb16688f85b5d7025d458f7fec5d13464bcdaebdd1518108b5484b947ce00f",TRUE,TRUE,"closed",FALSE
"mv08w_full_ph_inventory_v1","mv08v","mv08r_ph:internal124:SRA742961_SRS3565203:20260809:sct_data_all_qc_fit_selected384:exact500:gene_topology_v1",97744,"786c2ea75eda282347488941397548494738c1f2b3ae174017abe52d91dab44f",TRUE,TRUE,"closed",FALSE
"mv08w_full_ph_inventory_v1","mv08v","mv08r_ph:internal124:SRA742961_SRS3565204:20260805:sct_data_all_qc_fit_selected384:exact500:gene_topology_v1",71896,"7d6251193c14838cbd36244bfeb9f28c2dfea95e1a9f487ba4315d53ee3b8302",TRUE,TRUE,"closed",FALSE
"mv08w_full_ph_inventory_v1","mv08v","mv08r_ph:internal124:SRA742961_SRS3565204:20260806:sct_data_all_qc_fit_selected384:exact500:gene_topology_v1",76036,"ecd7cc4b1c4c50bb69a73a3ad1e9d05982a75cc93c39306edc3290163718c639",TRUE,TRUE,"closed",FALSE
"mv08w_full_ph_inventory_v1","mv08v","mv08r_ph:internal124:SRA742961_SRS3565204:20260807:sct_data_all_qc_fit_selected384:exact500:gene_topology_v1",73480,"fcfc1f35e0b2ce16950c219bcc484c3d4dfe4c2923f0daecd6b09f1dd75adb2a",TRUE,TRUE,"closed",FALSE
"mv08w_full_ph_inventory_v1","mv08v","mv08r_ph:internal124:SRA742961_SRS3565204:20260808:sct_data_all_qc_fit_selected384:exact500:gene_topology_v1",71788,"64949f6fc3669ea47fab3dc27e1d6023eb9b4624227db7c23d59a67c3ffd3361",TRUE,TRUE,"closed",FALSE
"mv08w_full_ph_inventory_v1","mv08v","mv08r_ph:internal124:SRA742961_SRS3565204:20260809:sct_data_all_qc_fit_selected384:exact500:gene_topology_v1",73552,"122643fa0e3395e7a1e57a245d70fe4f791578707942318cf9bfa31b71eee113",TRUE,TRUE,"closed",FALSE
"mv08w_full_ph_inventory_v1","mv08v","mv08r_ph:internal124:SRA742961_SRS3565205:20260805:sct_data_all_qc_fit_selected384:exact500:gene_topology_v1",93064,"b3958f614794f6eb7c943486efbde142c6625a8ae84c04dd0770de22e419ac79",TRUE,TRUE,"closed",FALSE
"mv08w_full_ph_inventory_v1","mv08v","mv08r_ph:internal124:SRA742961_SRS3565205:20260806:sct_data_all_qc_fit_selected384:exact500:gene_topology_v1",97528,"6a65bf3eac9161cfd23ce86987226859c1ad93fedfa233494ea9630432bdc7d9",TRUE,TRUE,"closed",FALSE
"mv08w_full_ph_inventory_v1","mv08v","mv08r_ph:internal124:SRA742961_SRS3565205:20260807:sct_data_all_qc_fit_selected384:exact500:gene_topology_v1",95944,"6dd5c05e36d4b0debf752cc7886031cfaed6cf09e97f83e62cb60843777104a4",TRUE,TRUE,"closed",FALSE
"mv08w_full_ph_inventory_v1","mv08v","mv08r_ph:internal124:SRA742961_SRS3565205:20260808:sct_data_all_qc_fit_selected384:exact500:gene_topology_v1",92848,"1d111bd7a836f65fa97acd4de7b523b40a1dd7ac644c5c90a7eb315920105b8a",TRUE,TRUE,"closed",FALSE
"mv08w_full_ph_inventory_v1","mv08v","mv08r_ph:internal124:SRA742961_SRS3565205:20260809:sct_data_all_qc_fit_selected384:exact500:gene_topology_v1",97672,"1d38043d1b336289983c06ae9dc10855eb38574541f0949fdd55671436909080",TRUE,TRUE,"closed",FALSE
"mv08w_full_ph_inventory_v1","mv08v","mv08r_ph:internal124:SRA742961_SRS3565206:20260805:sct_data_all_qc_fit_selected384:exact500:gene_topology_v1",100696,"1c4983c7a6cd09ad03a346beee7b75e5f53d5daf449b0ec17a4bebe8272885de",TRUE,TRUE,"closed",FALSE
"mv08w_full_ph_inventory_v1","mv08v","mv08r_ph:internal124:SRA742961_SRS3565206:20260806:sct_data_all_qc_fit_selected384:exact500:gene_topology_v1",100084,"6d547716f26f1bbead869117f9a9dfdd914a979fd64152347baa3eaab639b5e3",TRUE,TRUE,"closed",FALSE
"mv08w_full_ph_inventory_v1","mv08v","mv08r_ph:internal124:SRA742961_SRS3565206:20260807:sct_data_all_qc_fit_selected384:exact500:gene_topology_v1",101092,"b8398cb834300060c1b999d663bbb6d2ada21c426ef8b58821fea6a0597ce77e",TRUE,TRUE,"closed",FALSE
"mv08w_full_ph_inventory_v1","mv08v","mv08r_ph:internal124:SRA742961_SRS3565206:20260808:sct_data_all_qc_fit_selected384:exact500:gene_topology_v1",103108,"d3cf6d40aa7d5cf9380b62bfb8ee5d55024ba45bb6a66d8c3287ccb49b84fc46",TRUE,TRUE,"closed",FALSE
"mv08w_full_ph_inventory_v1","mv08v","mv08r_ph:internal124:SRA742961_SRS3565206:20260809:sct_data_all_qc_fit_selected384:exact500:gene_topology_v1",98140,"85ded1de5382f26c69b29d7a482e08dc1c7338fee2370524547401648c50689c",TRUE,TRUE,"closed",FALSE
"mv08w_full_ph_inventory_v1","mv08v","mv08r_ph:internal124:SRA742961_SRS3565207:20260805:sct_data_all_qc_fit_selected384:exact500:gene_topology_v1",83200,"a10b994f3f83808526aeb56b0b829a0d6af17ef863e310979dacfceb7ab643b0",TRUE,TRUE,"closed",FALSE
"mv08w_full_ph_inventory_v1","mv08v","mv08r_ph:internal124:SRA742961_SRS3565207:20260806:sct_data_all_qc_fit_selected384:exact500:gene_topology_v1",85036,"c6ebfd56e40209beff09ed3141f6ddb0ffa79c896bdd50e885244c1c6f54c446",TRUE,TRUE,"closed",FALSE
"mv08w_full_ph_inventory_v1","mv08v","mv08r_ph:internal124:SRA742961_SRS3565207:20260807:sct_data_all_qc_fit_selected384:exact500:gene_topology_v1",82876,"ca787a3a99f8bd47fe194239e031e32fb065edcf99f7c7078f1ab72b374d805c",TRUE,TRUE,"closed",FALSE
"mv08w_full_ph_inventory_v1","mv08v","mv08r_ph:internal124:SRA742961_SRS3565207:20260808:sct_data_all_qc_fit_selected384:exact500:gene_topology_v1",80716,"355754c8157a36587ab4c724a497a6e5ae7c9a70a28cfff33c2c48ce990a1f03",TRUE,TRUE,"closed",FALSE
"mv08w_full_ph_inventory_v1","mv08v","mv08r_ph:internal124:SRA742961_SRS3565207:20260809:sct_data_all_qc_fit_selected384:exact500:gene_topology_v1",86656,"93e0465fdd0126b0ea916bc8b7a1a1a293207e2c36be4d04f875ca4519f89237",TRUE,TRUE,"closed",FALSE
"mv08w_full_ph_inventory_v1","mv08v","mv08r_ph:internal124:SRA742961_SRS3565208:20260805:sct_data_all_qc_fit_selected384:exact500:gene_topology_v1",103360,"e53150750df9ed837322222a8c0f9f35917de8018c23ce7e5132a97f79c6a90e",TRUE,TRUE,"closed",FALSE
"mv08w_full_ph_inventory_v1","mv08v","mv08r_ph:internal124:SRA742961_SRS3565208:20260806:sct_data_all_qc_fit_selected384:exact500:gene_topology_v1",94684,"d8203e686384056851d046814ab74048177dacdce0b2464b25b90a2ff9a7f455",TRUE,TRUE,"closed",FALSE
"mv08w_full_ph_inventory_v1","mv08v","mv08r_ph:internal124:SRA742961_SRS3565208:20260807:sct_data_all_qc_fit_selected384:exact500:gene_topology_v1",101560,"350c5f3ae33909662c5dc58fdf580f0bdf629ba7c2a3ba2ce520aa4e55d5883e",TRUE,TRUE,"closed",FALSE
"mv08w_full_ph_inventory_v1","mv08v","mv08r_ph:internal124:SRA742961_SRS3565208:20260808:sct_data_all_qc_fit_selected384:exact500:gene_topology_v1",100048,"b7cb092251285fbc0e99ddf2b252b5680398648861cec79a8870f4475328aa50",TRUE,TRUE,"closed",FALSE
"mv08w_full_ph_inventory_v1","mv08v","mv08r_ph:internal124:SRA742961_SRS3565208:20260809:sct_data_all_qc_fit_selected384:exact500:gene_topology_v1",95404,"cd669de4dfe434e69e9d1f4c8a2ace071aec134ec5b2c6f94fdcfe13bdd904af",TRUE,TRUE,"closed",FALSE
"mv08w_full_ph_inventory_v1","mv08v","mv08r_ph:internal124:SRA742961_SRS3565209:20260805:sct_data_all_qc_fit_selected384:exact500:gene_topology_v1",100660,"18d8d545f6ed95bfaadae5f52d35f1237107629b6586fd7109d9cf27cae92c64",TRUE,TRUE,"closed",FALSE
"mv08w_full_ph_inventory_v1","mv08v","mv08r_ph:internal124:SRA742961_SRS3565209:20260806:sct_data_all_qc_fit_selected384:exact500:gene_topology_v1",89104,"9486a75fdc2c34be05dba9a77c3070ed264214896c366f514f1e5f6e6698127d",TRUE,TRUE,"closed",FALSE
"mv08w_full_ph_inventory_v1","mv08v","mv08r_ph:internal124:SRA742961_SRS3565209:20260807:sct_data_all_qc_fit_selected384:exact500:gene_topology_v1",86116,"93515a736d846cb5c90851eb3f91df76041fbc2439cd32c82a244e96bd647928",TRUE,TRUE,"closed",FALSE
"mv08w_full_ph_inventory_v1","mv08v","mv08r_ph:internal124:SRA742961_SRS3565209:20260808:sct_data_all_qc_fit_selected384:exact500:gene_topology_v1",98320,"41a3464f755496d3ab0e57a792bccb2ae6159a895f7987c18419fce85de1d16d",TRUE,TRUE,"closed",FALSE
"mv08w_full_ph_inventory_v1","mv08v","mv08r_ph:internal124:SRA742961_SRS3565209:20260809:sct_data_all_qc_fit_selected384:exact500:gene_topology_v1",99796,"53cf6950633087b565bbc467562084a6bd05e63dfc441ea05c5da212c4084a52",TRUE,TRUE,"closed",FALSE
"mv08w_full_ph_inventory_v1","mv08v","mv08r_ph:internal124:SRA742961_SRS3565210:20260805:sct_data_all_qc_fit_selected384:exact500:gene_topology_v1",70024,"65a6a477364e97680d7ce099961de65627223038f51b75e07f61dcafd85c1c92",TRUE,TRUE,"closed",FALSE
"mv08w_full_ph_inventory_v1","mv08v","mv08r_ph:internal124:SRA742961_SRS3565210:20260806:sct_data_all_qc_fit_selected384:exact500:gene_topology_v1",67684,"61a9ec9c01184114bda90909dce1ed231ca3b517d9f8a0745c7828fa8db0932c",TRUE,TRUE,"closed",FALSE
"mv08w_full_ph_inventory_v1","mv08v","mv08r_ph:internal124:SRA742961_SRS3565210:20260807:sct_data_all_qc_fit_selected384:exact500:gene_topology_v1",67288,"ed01e30d829ce6b6f52e1cf337de10c03f4663eaea0cfcc764d0a83d881dea54",TRUE,TRUE,"closed",FALSE
"mv08w_full_ph_inventory_v1","mv08v","mv08r_ph:internal124:SRA742961_SRS3565210:20260808:sct_data_all_qc_fit_selected384:exact500:gene_topology_v1",65920,"458734a40179600fdc1b6740eb30ee47d2b3c761b6d33ec23312274b93a17119",TRUE,TRUE,"closed",FALSE
"mv08w_full_ph_inventory_v1","mv08v","mv08r_ph:internal124:SRA742961_SRS3565210:20260809:sct_data_all_qc_fit_selected384:exact500:gene_topology_v1",60088,"20c61a35aafb747880a65c9a2ef5a13b4aa17653f51f33171e256b81107e0451",TRUE,TRUE,"closed",FALSE
"mv08w_full_ph_inventory_v1","mv08v","mv08r_ph:internal124:SRA742961_SRS3565211:20260805:sct_data_all_qc_fit_selected384:exact500:gene_topology_v1",79384,"38dcfdbb32bd14e7d1c60aa963644c6e650c45aa611560e79eda2fd4ead4d17b",TRUE,TRUE,"closed",FALSE
"mv08w_full_ph_inventory_v1","mv08v","mv08r_ph:internal124:SRA742961_SRS3565211:20260806:sct_data_all_qc_fit_selected384:exact500:gene_topology_v1",80752,"022d9306dfc15e6d7c83351bdfc183c346e5518361fcf35446494c60977c65ac",TRUE,TRUE,"closed",FALSE
"mv08w_full_ph_inventory_v1","mv08v","mv08r_ph:internal124:SRA742961_SRS3565211:20260807:sct_data_all_qc_fit_selected384:exact500:gene_topology_v1",82192,"8e7d32075db387700394c16f24ef2004e2b6eba9502a6894755d6b1377268224",TRUE,TRUE,"closed",FALSE
"mv08w_full_ph_inventory_v1","mv08v","mv08r_ph:internal124:SRA742961_SRS3565211:20260808:sct_data_all_qc_fit_selected384:exact500:gene_topology_v1",80716,"c21291e853f896923b5e27491db414d8da743334af9d6543a82a1752da52eeec",TRUE,TRUE,"closed",FALSE
"mv08w_full_ph_inventory_v1","mv08v","mv08r_ph:internal124:SRA742961_SRS3565211:20260809:sct_data_all_qc_fit_selected384:exact500:gene_topology_v1",82048,"c91179ebdf60094c53964970d0e55c07065e5ba3fe4459fb935188a8a12f4bc8",TRUE,TRUE,"closed",FALSE
"mv08w_full_ph_inventory_v1","mv08v","mv08r_ph:internal124:SRA749327_SRS3693910:20260805:sct_data_all_qc_fit_selected384:exact500:gene_topology_v1",77872,"680f78217ea31825f48d9339b0888ec8dfbbe4788e8323a313b052d68801acb9",TRUE,TRUE,"closed",FALSE
"mv08w_full_ph_inventory_v1","mv08v","mv08r_ph:internal124:SRA749327_SRS3693910:20260806:sct_data_all_qc_fit_selected384:exact500:gene_topology_v1",81148,"e1aa19369333806c9ccc4fab6750075682bb06667ace6f828b5b8744672c9a34",TRUE,TRUE,"closed",FALSE
"mv08w_full_ph_inventory_v1","mv08v","mv08r_ph:internal124:SRA749327_SRS3693910:20260807:sct_data_all_qc_fit_selected384:exact500:gene_topology_v1",82480,"b4ea13a9bcf03c4bec4e1e7d12fa4e5c886d56539c04e1b115be01449175fa6d",TRUE,TRUE,"closed",FALSE
"mv08w_full_ph_inventory_v1","mv08v","mv08r_ph:internal124:SRA749327_SRS3693910:20260808:sct_data_all_qc_fit_selected384:exact500:gene_topology_v1",78844,"82c352058a4517e0ce921a6131d31597b19f0ea2f6eae3a809c3fbdf7f455bef",TRUE,TRUE,"closed",FALSE
"mv08w_full_ph_inventory_v1","mv08v","mv08r_ph:internal124:SRA749327_SRS3693910:20260809:sct_data_all_qc_fit_selected384:exact500:gene_topology_v1",77404,"06e00c05a3b211c478373df6b0b64104e0bde544c3e65041a08aeff4538132e0",TRUE,TRUE,"closed",FALSE
"mv08w_full_ph_inventory_v1","mv08v","mv08r_ph:internal124:SRA749327_SRS3693911:20260805:sct_data_all_qc_fit_selected384:exact500:gene_topology_v1",74272,"46ff6550e5b9f806a1c7860cb99c8e1d7cb7f573a1363f3569b0dee80b5bd350",TRUE,TRUE,"closed",FALSE
"mv08w_full_ph_inventory_v1","mv08v","mv08r_ph:internal124:SRA749327_SRS3693911:20260806:sct_data_all_qc_fit_selected384:exact500:gene_topology_v1",72724,"a4ea7e42bbcf247f94cc29db16ab5b986958632535ee1b8eeaeba68399d9c41b",TRUE,TRUE,"closed",FALSE
"mv08w_full_ph_inventory_v1","mv08v","mv08r_ph:internal124:SRA749327_SRS3693911:20260807:sct_data_all_qc_fit_selected384:exact500:gene_topology_v1",75928,"9352038fc7256c0832171ddb18498a8dea1d521cffb1d179290ef80c6fbf7a18",TRUE,TRUE,"closed",FALSE
"mv08w_full_ph_inventory_v1","mv08v","mv08r_ph:internal124:SRA749327_SRS3693911:20260808:sct_data_all_qc_fit_selected384:exact500:gene_topology_v1",76828,"ab2ae5e65287eb14de3c50888f0b5464ce041515a43cd52e92a61ade3332d98c",TRUE,TRUE,"closed",FALSE
"mv08w_full_ph_inventory_v1","mv08v","mv08r_ph:internal124:SRA749327_SRS3693911:20260809:sct_data_all_qc_fit_selected384:exact500:gene_topology_v1",72832,"b09722c641a7b5848ee20a1e88a13ed6d1d1f1c7631ed9b3e1918b0c248b781d",TRUE,TRUE,"closed",FALSE
"mv08w_full_ph_inventory_v1","mv08v","mv08r_ph:internal124:SRA749327_SRS3693912:20260805:sct_data_all_qc_fit_selected384:exact500:gene_topology_v1",77152,"aeac8bad52003c6a57f517b6e1f32f49716885d6dbc99feeee96f28756cd79b2",TRUE,TRUE,"closed",FALSE
"mv08w_full_ph_inventory_v1","mv08v","mv08r_ph:internal124:SRA749327_SRS3693912:20260806:sct_data_all_qc_fit_selected384:exact500:gene_topology_v1",78628,"f85ee9569a7319edb1c5b934b9b6bf6c600d87fc9bf6b79ebec1322a04c70170",TRUE,TRUE,"closed",FALSE
"mv08w_full_ph_inventory_v1","mv08v","mv08r_ph:internal124:SRA749327_SRS3693912:20260807:sct_data_all_qc_fit_selected384:exact500:gene_topology_v1",79420,"1a0afb281f2112b12931ee49a6ce60e21060750ee71ac8da345d3cef6c56a806",TRUE,TRUE,"closed",FALSE
"mv08w_full_ph_inventory_v1","mv08v","mv08r_ph:internal124:SRA749327_SRS3693912:20260808:sct_data_all_qc_fit_selected384:exact500:gene_topology_v1",79096,"a8bee2d56b4fd9094f8b460638199affd011ff4c5e92dbd2043b3ae44a9525ae",TRUE,TRUE,"closed",FALSE
"mv08w_full_ph_inventory_v1","mv08v","mv08r_ph:internal124:SRA749327_SRS3693912:20260809:sct_data_all_qc_fit_selected384:exact500:gene_topology_v1",79276,"6e1da951081ac949392373eaba6b9caedfe3d619d87ee363917f69fe850bf2af",TRUE,TRUE,"closed",FALSE
"mv08w_full_ph_inventory_v1","mv08v","mv08r_ph:internal124:SRA749327_SRS3693913:20260805:sct_data_all_qc_fit_selected384:exact500:gene_topology_v1",75280,"6f7e930d136eb366694862c6e9559c8ea2bc7e6156dfebfd8e65247814ffd9c2",TRUE,TRUE,"closed",FALSE
"mv08w_full_ph_inventory_v1","mv08v","mv08r_ph:internal124:SRA749327_SRS3693913:20260806:sct_data_all_qc_fit_selected384:exact500:gene_topology_v1",79132,"d61560276c89918980e8ad1bfc88e8127fc3944a5261deff17a777a9abd9f21f",TRUE,TRUE,"closed",FALSE
"mv08w_full_ph_inventory_v1","mv08v","mv08r_ph:internal124:SRA749327_SRS3693913:20260807:sct_data_all_qc_fit_selected384:exact500:gene_topology_v1",74236,"8a0a6e7e5cb9f469f64a31163c6f0cd77ea8dfc8c51613df786952c897dbc42b",TRUE,TRUE,"closed",FALSE
"mv08w_full_ph_inventory_v1","mv08v","mv08r_ph:internal124:SRA749327_SRS3693913:20260808:sct_data_all_qc_fit_selected384:exact500:gene_topology_v1",79204,"bf94a434c280da3ed10b227e0dcff08d46ff538395048615c22b247dadb7e4ce",TRUE,TRUE,"closed",FALSE
"mv08w_full_ph_inventory_v1","mv08v","mv08r_ph:internal124:SRA749327_SRS3693913:20260809:sct_data_all_qc_fit_selected384:exact500:gene_topology_v1",81976,"4deba6f15d1ded8505f0fd30244aec909c8bd9c144820f1bc08c19b63561af96",TRUE,TRUE,"closed",FALSE
"mv08w_full_ph_inventory_v1","mv08v","mv08r_ph:internal124:SRA760933_SRS3693061:20260805:sct_data_all_qc_fit_selected384:exact500:gene_topology_v1",39100,"badfdad3ccfa086eb4e69e38a08458fd5cda01f6c9614b6245b190827ce12f21",TRUE,TRUE,"closed",FALSE
"mv08w_full_ph_inventory_v1","mv08v","mv08r_ph:internal124:SRA760933_SRS3693061:20260806:sct_data_all_qc_fit_selected384:exact500:gene_topology_v1",40612,"c1d2af6e153d41cf2bdd2ff22aead6f7496845bee64732d3f82bb9db62d4cced",TRUE,TRUE,"closed",FALSE
"mv08w_full_ph_inventory_v1","mv08v","mv08r_ph:internal124:SRA760933_SRS3693061:20260807:sct_data_all_qc_fit_selected384:exact500:gene_topology_v1",38956,"4628ba49ebbd373f768c892a9a3da48867144f41e95d6f2deaabbcc154582b1e",TRUE,TRUE,"closed",FALSE
"mv08w_full_ph_inventory_v1","mv08v","mv08r_ph:internal124:SRA760933_SRS3693061:20260808:sct_data_all_qc_fit_selected384:exact500:gene_topology_v1",38850,"5364b93c4b5e0345f89dcc350a048e20a1e3998a6f787f4dc154daee4c936a46",TRUE,TRUE,"closed",FALSE
"mv08w_full_ph_inventory_v1","mv08v","mv08r_ph:internal124:SRA760933_SRS3693061:20260809:sct_data_all_qc_fit_selected384:exact500:gene_topology_v1",39280,"d5f09a00945f6724cca1aab3b4a96f198dcbeb46529e09d4fb3757da5a018071",TRUE,TRUE,"closed",FALSE
"mv08w_full_ph_inventory_v1","mv08v","mv08r_ph:internal124:SRA779509_SRS3805245:20260805:sct_data_all_qc_fit_selected384:exact500:gene_topology_v1",49468,"a266abaf34cb0541b4b16949af3fcaaaac5f51ced5dc3c4c5d83ce312323c07d",TRUE,TRUE,"closed",FALSE
"mv08w_full_ph_inventory_v1","mv08v","mv08r_ph:internal124:SRA779509_SRS3805245:20260806:sct_data_all_qc_fit_selected384:exact500:gene_topology_v1",47560,"365cb3092471aaf2df791204dac3d0528f32791dc64c82047f2cfd2ead1c7da3",TRUE,TRUE,"closed",FALSE
"mv08w_full_ph_inventory_v1","mv08v","mv08r_ph:internal124:SRA779509_SRS3805245:20260807:sct_data_all_qc_fit_selected384:exact500:gene_topology_v1",53176,"dfa18b24acf093400c78a91ea10e8a95948b6cb6faaaa28201e0e30ac12823f5",TRUE,TRUE,"closed",FALSE
"mv08w_full_ph_inventory_v1","mv08v","mv08r_ph:internal124:SRA779509_SRS3805245:20260808:sct_data_all_qc_fit_selected384:exact500:gene_topology_v1",49360,"d15c3afde6eeb35aa7c5e28f23dce6aa51564ca6d29b2f4a1c3b6ae4c180ab2a",TRUE,TRUE,"closed",FALSE
"mv08w_full_ph_inventory_v1","mv08v","mv08r_ph:internal124:SRA779509_SRS3805245:20260809:sct_data_all_qc_fit_selected384:exact500:gene_topology_v1",43240,"341965f0a65373274d6a3a09c4c04f25aef0a4f0eb697deabb5b131f52d4af0d",TRUE,TRUE,"closed",FALSE
"mv08w_full_ph_inventory_v1","mv08v","mv08r_ph:internal124:SRA779509_SRS3805246:20260805:sct_data_all_qc_fit_selected384:exact500:gene_topology_v1",51880,"9187d82ec116e60ab30433bd6d2e2caea8dc14a5c5f15c2afc7bb45d89129714",TRUE,TRUE,"closed",FALSE
"mv08w_full_ph_inventory_v1","mv08v","mv08r_ph:internal124:SRA779509_SRS3805246:20260806:sct_data_all_qc_fit_selected384:exact500:gene_topology_v1",56452,"0a81eb6598843f97cd54d74f0a136d3785a63d1704e9d6e9eb22edbd5934ff32",TRUE,TRUE,"closed",FALSE
"mv08w_full_ph_inventory_v1","mv08v","mv08r_ph:internal124:SRA779509_SRS3805246:20260807:sct_data_all_qc_fit_selected384:exact500:gene_topology_v1",59296,"becd31292785eb9ffadb75e65a8c1d7a1e87965612afee4983f64ee521fe5329",TRUE,TRUE,"closed",FALSE
"mv08w_full_ph_inventory_v1","mv08v","mv08r_ph:internal124:SRA779509_SRS3805246:20260808:sct_data_all_qc_fit_selected384:exact500:gene_topology_v1",53860,"4644ea10fc7193bff17047168c291cfb222973aa307f7672b1653ef355db6445",TRUE,TRUE,"closed",FALSE
"mv08w_full_ph_inventory_v1","mv08v","mv08r_ph:internal124:SRA779509_SRS3805246:20260809:sct_data_all_qc_fit_selected384:exact500:gene_topology_v1",55804,"4682709c139309e60d49cb1c16bd650c1740bfe56f6b595956af523888ca327e",TRUE,TRUE,"closed",FALSE
"mv08w_full_ph_inventory_v1","mv08v","mv08r_ph:internal124:SRA779509_SRS3805247:20260805:sct_data_all_qc_fit_selected384:exact500:gene_topology_v1",55516,"2b5470e5ccaca03cdbf251cc681a1a04460cc27ced9a0597d2d1e4737db81556",TRUE,TRUE,"closed",FALSE
"mv08w_full_ph_inventory_v1","mv08v","mv08r_ph:internal124:SRA779509_SRS3805247:20260806:sct_data_all_qc_fit_selected384:exact500:gene_topology_v1",66064,"55c7e8ce06576884d409433adfe8def7efe6203f621be70b21439f42747f30ab",TRUE,TRUE,"closed",FALSE
"mv08w_full_ph_inventory_v1","mv08v","mv08r_ph:internal124:SRA779509_SRS3805247:20260807:sct_data_all_qc_fit_selected384:exact500:gene_topology_v1",60844,"92470d445f80e830f0282cb97574e455c54a943bcb9a971b234c107ed417f5ef",TRUE,TRUE,"closed",FALSE
"mv08w_full_ph_inventory_v1","mv08v","mv08r_ph:internal124:SRA779509_SRS3805247:20260808:sct_data_all_qc_fit_selected384:exact500:gene_topology_v1",51556,"d4efed0f1d9cfbd4ac8fafe58fd025b907fd6a4c0bba7275bbaed4e0ae01f6f4",TRUE,TRUE,"closed",FALSE
"mv08w_full_ph_inventory_v1","mv08v","mv08r_ph:internal124:SRA779509_SRS3805247:20260809:sct_data_all_qc_fit_selected384:exact500:gene_topology_v1",58792,"a051a2419ca1030dceb947f71e45972907c4d9a7a1fed2af223202da6cbe8889",TRUE,TRUE,"closed",FALSE
"mv08w_full_ph_inventory_v1","mv08v","mv08r_ph:internal124:SRA779509_SRS3805248:20260805:sct_data_all_qc_fit_selected384:exact500:gene_topology_v1",59260,"f088949e941bc8cc79885786e0135b4ec06fe32e42750785a24668ccc5684d94",TRUE,TRUE,"closed",FALSE
"mv08w_full_ph_inventory_v1","mv08v","mv08r_ph:internal124:SRA779509_SRS3805248:20260806:sct_data_all_qc_fit_selected384:exact500:gene_topology_v1",61780,"7a756ad5e15539e6c71d0ddabff245b664d40ab973464947d3cc681461e5e7d6",TRUE,TRUE,"closed",FALSE
"mv08w_full_ph_inventory_v1","mv08v","mv08r_ph:internal124:SRA779509_SRS3805248:20260807:sct_data_all_qc_fit_selected384:exact500:gene_topology_v1",60016,"dbdc22836fe45679ca607b29228c92eca29e98e87c7d7928130f41b1c2dba856",TRUE,TRUE,"closed",FALSE
"mv08w_full_ph_inventory_v1","mv08v","mv08r_ph:internal124:SRA779509_SRS3805248:20260808:sct_data_all_qc_fit_selected384:exact500:gene_topology_v1",57532,"f0ea3c7866074318c58b919fee4adca2b0c524c55c5aea578d0b797a9357c88d",TRUE,TRUE,"closed",FALSE
"mv08w_full_ph_inventory_v1","mv08v","mv08r_ph:internal124:SRA779509_SRS3805248:20260809:sct_data_all_qc_fit_selected384:exact500:gene_topology_v1",57136,"f22aaf406ed3a434b843a68d444f5fcd7d27ec9fcdc4ea10e255ac03f4b6dc70",TRUE,TRUE,"closed",FALSE
"mv08w_full_ph_inventory_v1","mv08v","mv08r_ph:internal124:SRA779509_SRS3805249:20260805:sct_data_all_qc_fit_selected384:exact500:gene_topology_v1",76432,"efc90ecead7645c7a06242d5e4c0f9474124d7b44fcbb51a78ac5b99e7469749",TRUE,TRUE,"closed",FALSE
"mv08w_full_ph_inventory_v1","mv08v","mv08r_ph:internal124:SRA779509_SRS3805249:20260806:sct_data_all_qc_fit_selected384:exact500:gene_topology_v1",79456,"b0cbbe7c792f813141929808253e54edef1bb07af7244af1a8c5a8620f8be943",TRUE,TRUE,"closed",FALSE
"mv08w_full_ph_inventory_v1","mv08v","mv08r_ph:internal124:SRA779509_SRS3805249:20260807:sct_data_all_qc_fit_selected384:exact500:gene_topology_v1",70492,"f36cd06dfb510cddbbe4f5b6bf75b5ae7a3798edee0886ee6184c4b6ad7d899b",TRUE,TRUE,"closed",FALSE
"mv08w_full_ph_inventory_v1","mv08v","mv08r_ph:internal124:SRA779509_SRS3805249:20260808:sct_data_all_qc_fit_selected384:exact500:gene_topology_v1",77836,"9c8df3fa78a3f9575ee0ef9832dbe81948ef5b89827024a42732115798de69ad",TRUE,TRUE,"closed",FALSE
"mv08w_full_ph_inventory_v1","mv08v","mv08r_ph:internal124:SRA779509_SRS3805249:20260809:sct_data_all_qc_fit_selected384:exact500:gene_topology_v1",76252,"b3e2dcc429bd72723126ae6e3b572b060a34cbb297f9907d7a90ea3f99927c62",TRUE,TRUE,"closed",FALSE
"mv08w_full_ph_inventory_v1","mv08v","mv08r_ph:internal124:SRA779509_SRS3805250:20260805:sct_data_all_qc_fit_selected384:exact500:gene_topology_v1",58072,"2c4695f0308f03103e881049f00d1341b4ea556d8c7d7f62b0dbd0cfc990b4e0",TRUE,TRUE,"closed",FALSE
"mv08w_full_ph_inventory_v1","mv08v","mv08r_ph:internal124:SRA779509_SRS3805250:20260806:sct_data_all_qc_fit_selected384:exact500:gene_topology_v1",53176,"a7d730239f2028b777593da9fcc0bad40d4b1dfbc27c412ddb93db376114c7f1",TRUE,TRUE,"closed",FALSE
"mv08w_full_ph_inventory_v1","mv08v","mv08r_ph:internal124:SRA779509_SRS3805250:20260807:sct_data_all_qc_fit_selected384:exact500:gene_topology_v1",55660,"8448b35e4f77387f30c106bb29e17275b1df00a2b8b55e3c433d44d3c4e765d9",TRUE,TRUE,"closed",FALSE
"mv08w_full_ph_inventory_v1","mv08v","mv08r_ph:internal124:SRA779509_SRS3805250:20260808:sct_data_all_qc_fit_selected384:exact500:gene_topology_v1",52816,"0993e33804a423245e3f19898f8d0e1ca6a9ba8f2b94be2618793f57f947cd5e",TRUE,TRUE,"closed",FALSE
"mv08w_full_ph_inventory_v1","mv08v","mv08r_ph:internal124:SRA779509_SRS3805250:20260809:sct_data_all_qc_fit_selected384:exact500:gene_topology_v1",53752,"a1f425fae6f611a3b960281074c68e371b85c533a7a346c20b82e9886d47c5b2",TRUE,TRUE,"closed",FALSE
"mv08w_full_ph_inventory_v1","mv08v","mv08r_ph:internal124:SRA779509_SRS3805251:20260805:sct_data_all_qc_fit_selected384:exact500:gene_topology_v1",31290,"9806307c658acfad3c976ca267934909129834f4ddab4462800c5c4cf1e96a1b",TRUE,TRUE,"closed",FALSE
"mv08w_full_ph_inventory_v1","mv08v","mv08r_ph:internal124:SRA779509_SRS3805251:20260806:sct_data_all_qc_fit_selected384:exact500:gene_topology_v1",31010,"b900e74e894a92d6e87ee5efce272b291c01ced4a83018c0ac5865df4370b413",TRUE,TRUE,"closed",FALSE
"mv08w_full_ph_inventory_v1","mv08v","mv08r_ph:internal124:SRA779509_SRS3805251:20260807:sct_data_all_qc_fit_selected384:exact500:gene_topology_v1",32900,"7b62ee4df18cbb3208e7d19287dfeb3c3358ffabcbdfb6e3b6de2398e5348a96",TRUE,TRUE,"closed",FALSE
"mv08w_full_ph_inventory_v1","mv08v","mv08r_ph:internal124:SRA779509_SRS3805251:20260808:sct_data_all_qc_fit_selected384:exact500:gene_topology_v1",34090,"0e9414dc8f422a1ae90f9db06a54a0cda219490fbaba6456c603befa0a7377ef",TRUE,TRUE,"closed",FALSE
"mv08w_full_ph_inventory_v1","mv08v","mv08r_ph:internal124:SRA779509_SRS3805251:20260809:sct_data_all_qc_fit_selected384:exact500:gene_topology_v1",33530,"5fc4e4691e6efcd972b39378090e553abf4d35dad389d23afc6996dfcb67d5db",TRUE,TRUE,"closed",FALSE
"mv08w_full_ph_inventory_v1","mv08v","mv08r_ph:internal124:SRA779509_SRS3805252:20260805:sct_data_all_qc_fit_selected384:exact500:gene_topology_v1",70276,"9c012f20ddb2319fbcee91bae7adf17e0fb772b3b4e4a79c6e72b0a03d503d31",TRUE,TRUE,"closed",FALSE
"mv08w_full_ph_inventory_v1","mv08v","mv08r_ph:internal124:SRA779509_SRS3805252:20260806:sct_data_all_qc_fit_selected384:exact500:gene_topology_v1",73516,"59ba06e9ab1666ab927aee81b6c3d32a9b22d4f3df19c21e40dbb29e1a49a659",TRUE,TRUE,"closed",FALSE
"mv08w_full_ph_inventory_v1","mv08v","mv08r_ph:internal124:SRA779509_SRS3805252:20260807:sct_data_all_qc_fit_selected384:exact500:gene_topology_v1",65200,"7848021bc28d09e2ffc8ab66b3743841b5157263fc665d2495ea014cf36defb3",TRUE,TRUE,"closed",FALSE
"mv08w_full_ph_inventory_v1","mv08v","mv08r_ph:internal124:SRA779509_SRS3805252:20260808:sct_data_all_qc_fit_selected384:exact500:gene_topology_v1",69304,"b002671a6cdd538cf6c7f1566c1ac05ea2c131ac90c14688abad926281d3e10b",TRUE,TRUE,"closed",FALSE
"mv08w_full_ph_inventory_v1","mv08v","mv08r_ph:internal124:SRA779509_SRS3805252:20260809:sct_data_all_qc_fit_selected384:exact500:gene_topology_v1",65308,"e8db6e06f1d1665110a2d2271e7bb3aa2c5eb2c18e465963805ea7dbd0efd774",TRUE,TRUE,"closed",FALSE
"mv08w_full_ph_inventory_v1","mv08v","mv08r_ph:internal124:SRA779509_SRS3805253:20260805:sct_data_all_qc_fit_selected384:exact500:gene_topology_v1",57676,"97e1c93a84c6629ae8ea08420ca77e55f1169a43be77ce9d265c9e178d7a2d80",TRUE,TRUE,"closed",FALSE
"mv08w_full_ph_inventory_v1","mv08v","mv08r_ph:internal124:SRA779509_SRS3805253:20260806:sct_data_all_qc_fit_selected384:exact500:gene_topology_v1",62536,"fe47d3c730f2b8a6718edc7c8ea528eec760735fc3aa2b744ea23d86b359fbc5",TRUE,TRUE,"closed",FALSE
"mv08w_full_ph_inventory_v1","mv08v","mv08r_ph:internal124:SRA779509_SRS3805253:20260807:sct_data_all_qc_fit_selected384:exact500:gene_topology_v1",65560,"74c3401b797b7824cf60fad9f889503abdcccd898aa40b437fd87d79823bcdea",TRUE,TRUE,"closed",FALSE
"mv08w_full_ph_inventory_v1","mv08v","mv08r_ph:internal124:SRA779509_SRS3805253:20260808:sct_data_all_qc_fit_selected384:exact500:gene_topology_v1",60772,"c9d848b734a11c87ef9b290e4d4341818a4a7805c6e927ccca527dcf177c10fc",TRUE,TRUE,"closed",FALSE
"mv08w_full_ph_inventory_v1","mv08v","mv08r_ph:internal124:SRA779509_SRS3805253:20260809:sct_data_all_qc_fit_selected384:exact500:gene_topology_v1",67252,"4a4f6aeeb32e5c8282c1b6d134b9a4c287088a54e5edd6fbd7363d8fd2e799f4",TRUE,TRUE,"closed",FALSE
"mv08w_full_ph_inventory_v1","mv08v","mv08r_ph:internal124:SRA779509_SRS3805254:20260805:sct_data_all_qc_fit_selected384:exact500:gene_topology_v1",44680,"edd5de089c98575d33e0aed66e83fe00b4197ce33859e5fd166aa1ddbe99d8f7",TRUE,TRUE,"closed",FALSE
"mv08w_full_ph_inventory_v1","mv08v","mv08r_ph:internal124:SRA779509_SRS3805254:20260806:sct_data_all_qc_fit_selected384:exact500:gene_topology_v1",46480,"ccc61c9f0797a785a976257e14d88a2bb4b5068fe77783470d28779aa15ab865",TRUE,TRUE,"closed",FALSE
"mv08w_full_ph_inventory_v1","mv08v","mv08r_ph:internal124:SRA779509_SRS3805254:20260807:sct_data_all_qc_fit_selected384:exact500:gene_topology_v1",49360,"e089d91cdb359edd61418b2c51496385cd6596325d2c14c4d5774d956c34d3a1",TRUE,TRUE,"closed",FALSE
"mv08w_full_ph_inventory_v1","mv08v","mv08r_ph:internal124:SRA779509_SRS3805254:20260808:sct_data_all_qc_fit_selected384:exact500:gene_topology_v1",41728,"d6096c543cd98099a53ff0aca32da174aa7d4c86f30fc9985131160bca02739a",TRUE,TRUE,"closed",FALSE
"mv08w_full_ph_inventory_v1","mv08v","mv08r_ph:internal124:SRA779509_SRS3805254:20260809:sct_data_all_qc_fit_selected384:exact500:gene_topology_v1",51376,"75ffc4ed5639bd00d7c3827a3adfdddc92fc09177e2739558aa8ed320cad6319",TRUE,TRUE,"closed",FALSE
"mv08w_full_ph_inventory_v1","mv08v","mv08r_ph:internal124:SRA779509_SRS3805255:20260805:sct_data_all_qc_fit_selected384:exact500:gene_topology_v1",81724,"7fa1b66251ff9e3b1a6323f18a9ce319e27dde4bb409fa3ad1d652579e0bdb27",TRUE,TRUE,"closed",FALSE
"mv08w_full_ph_inventory_v1","mv08v","mv08r_ph:internal124:SRA779509_SRS3805255:20260806:sct_data_all_qc_fit_selected384:exact500:gene_topology_v1",75064,"fb10d33af3564daec2a91b270675aadddb7a249278426f4ea54a5dd86c6350fe",TRUE,TRUE,"closed",FALSE
"mv08w_full_ph_inventory_v1","mv08v","mv08r_ph:internal124:SRA779509_SRS3805255:20260807:sct_data_all_qc_fit_selected384:exact500:gene_topology_v1",84136,"290665a87f2a308dfe9bb104d2695283c1123fdc19ab39ddbed4a0ea05aaa765",TRUE,TRUE,"closed",FALSE
"mv08w_full_ph_inventory_v1","mv08v","mv08r_ph:internal124:SRA779509_SRS3805255:20260808:sct_data_all_qc_fit_selected384:exact500:gene_topology_v1",74668,"28f176efd4a1cf9677456726878ce1dd7997cf9112665fa6c6f558048171bb34",TRUE,TRUE,"closed",FALSE
"mv08w_full_ph_inventory_v1","mv08v","mv08r_ph:internal124:SRA779509_SRS3805255:20260809:sct_data_all_qc_fit_selected384:exact500:gene_topology_v1",83740,"02a528c292c77d03f973cf777451a3e2610567af4609ee571f1fb109787b68ad",TRUE,TRUE,"closed",FALSE
"mv08w_full_ph_inventory_v1","mv08v","mv08r_ph:internal124:SRA779509_SRS3805256:20260805:sct_data_all_qc_fit_selected384:exact500:gene_topology_v1",45292,"1fdb7992128b6273cba644caa68855d4b0b2e7c3e309a02fd5cf1411593883d5",TRUE,TRUE,"closed",FALSE
"mv08w_full_ph_inventory_v1","mv08v","mv08r_ph:internal124:SRA779509_SRS3805256:20260806:sct_data_all_qc_fit_selected384:exact500:gene_topology_v1",51700,"f3428495b17bf91f2e52d8bccc406068d25d5b9de82ffdae927644206b36078b",TRUE,TRUE,"closed",FALSE
"mv08w_full_ph_inventory_v1","mv08v","mv08r_ph:internal124:SRA779509_SRS3805256:20260807:sct_data_all_qc_fit_selected384:exact500:gene_topology_v1",53536,"553c0c04ce6b7c40ccb8783748e56f59f59ec56bfe73e308270f33877655125e",TRUE,TRUE,"closed",FALSE
"mv08w_full_ph_inventory_v1","mv08v","mv08r_ph:internal124:SRA779509_SRS3805256:20260808:sct_data_all_qc_fit_selected384:exact500:gene_topology_v1",56128,"45ea7851a530481186823155f76af5c36d4b5be8acf3e022e8e3d36bc287f721",TRUE,TRUE,"closed",FALSE
"mv08w_full_ph_inventory_v1","mv08v","mv08r_ph:internal124:SRA779509_SRS3805256:20260809:sct_data_all_qc_fit_selected384:exact500:gene_topology_v1",58972,"6143e8b0ec54e147245bdd68e6410d73e830f5717b14053829e4f36aa2c571a0",TRUE,TRUE,"closed",FALSE
"mv08w_full_ph_inventory_v1","mv08v","mv08r_ph:internal124:SRA779509_SRS3805257:20260805:sct_data_all_qc_fit_selected384:exact500:gene_topology_v1",40324,"6dbb765668c296ebb15dcf64ab7eb37dc4d87f3376a71b576cc6227e3543a0ec",TRUE,TRUE,"closed",FALSE
"mv08w_full_ph_inventory_v1","mv08v","mv08r_ph:internal124:SRA779509_SRS3805257:20260806:sct_data_all_qc_fit_selected384:exact500:gene_topology_v1",47128,"c9e821df94f110775f90b097c3a97ca2fae8687a44d13178e14ee9a6004a90ec",TRUE,TRUE,"closed",FALSE
"mv08w_full_ph_inventory_v1","mv08v","mv08r_ph:internal124:SRA779509_SRS3805257:20260807:sct_data_all_qc_fit_selected384:exact500:gene_topology_v1",43708,"9f3c1d6093808988e6ab047667afce0113f5130bd29c987fe2fef564870a427a",TRUE,TRUE,"closed",FALSE
"mv08w_full_ph_inventory_v1","mv08v","mv08r_ph:internal124:SRA779509_SRS3805257:20260808:sct_data_all_qc_fit_selected384:exact500:gene_topology_v1",44176,"05af85673075281c1ba6b35c79f8dde10250f12181720a0b0bd96afaee1f97f7",TRUE,TRUE,"closed",FALSE
"mv08w_full_ph_inventory_v1","mv08v","mv08r_ph:internal124:SRA779509_SRS3805257:20260809:sct_data_all_qc_fit_selected384:exact500:gene_topology_v1",46876,"9a0c9c7414dbacab39966f291475c007a8d7ead663088cbe0c2e1e66af254fa7",TRUE,TRUE,"closed",FALSE
"mv08w_full_ph_inventory_v1","mv08v","mv08r_ph:internal124:SRA779509_SRS3805258:20260805:sct_data_all_qc_fit_selected384:exact500:gene_topology_v1",72976,"0a682e92cd3d8f404cbcf3ccb38dd8951b56f77ffd9ea723c89a978e5a363892",TRUE,TRUE,"closed",FALSE
"mv08w_full_ph_inventory_v1","mv08v","mv08r_ph:internal124:SRA779509_SRS3805258:20260806:sct_data_all_qc_fit_selected384:exact500:gene_topology_v1",73228,"f1ca8df4d4b716222a4507e6ead9dd080c636dcc14a8d616f794282bf4d52d29",TRUE,TRUE,"closed",FALSE
"mv08w_full_ph_inventory_v1","mv08v","mv08r_ph:internal124:SRA779509_SRS3805258:20260807:sct_data_all_qc_fit_selected384:exact500:gene_topology_v1",71932,"954c2a0eb92c4f84640e3b99a3cebe1376efcbb75d09228047dbbbfc6f8e68da",TRUE,TRUE,"closed",FALSE
"mv08w_full_ph_inventory_v1","mv08v","mv08r_ph:internal124:SRA779509_SRS3805258:20260808:sct_data_all_qc_fit_selected384:exact500:gene_topology_v1",71320,"906f113f8c8849cf73fe563dfdf21deb8bc4b833f3e3fb31915ad67b70dafd0c",TRUE,TRUE,"closed",FALSE
"mv08w_full_ph_inventory_v1","mv08v","mv08r_ph:internal124:SRA779509_SRS3805258:20260809:sct_data_all_qc_fit_selected384:exact500:gene_topology_v1",72580,"fcb6b3638150a283c853927aa3dbefdd45ca7d6273ccef4365f0af3d30040140",TRUE,TRUE,"closed",FALSE
"mv08w_full_ph_inventory_v1","mv08v","mv08r_ph:internal124:SRA779509_SRS3805259:20260805:sct_data_all_qc_fit_selected384:exact500:gene_topology_v1",71932,"e50a773fa2ff0e4c472b449a17ee11df91d49d4d6ed6ddef805e86a496606247",TRUE,TRUE,"closed",FALSE
"mv08w_full_ph_inventory_v1","mv08v","mv08r_ph:internal124:SRA779509_SRS3805259:20260806:sct_data_all_qc_fit_selected384:exact500:gene_topology_v1",69808,"34100f3473cf59390ed7d86007275457eadbb1ddf45d9ebea522ace3af44c5ad",TRUE,TRUE,"closed",FALSE
"mv08w_full_ph_inventory_v1","mv08v","mv08r_ph:internal124:SRA779509_SRS3805259:20260807:sct_data_all_qc_fit_selected384:exact500:gene_topology_v1",72688,"3bc632e684ddf847d55ba456f402a50ae33688d588fb3acc7ed91f7e37e054fa",TRUE,TRUE,"closed",FALSE
"mv08w_full_ph_inventory_v1","mv08v","mv08r_ph:internal124:SRA779509_SRS3805259:20260808:sct_data_all_qc_fit_selected384:exact500:gene_topology_v1",69340,"546147d787844ea9a51f0f30ee185b449bf8aea00622a66a50cdfc6ade16ee9f",TRUE,TRUE,"closed",FALSE
"mv08w_full_ph_inventory_v1","mv08v","mv08r_ph:internal124:SRA779509_SRS3805259:20260809:sct_data_all_qc_fit_selected384:exact500:gene_topology_v1",71032,"c91c0a0453cde2a45f020fab5a20416866ae80262014d83ccd61cdbce83e6248",TRUE,TRUE,"closed",FALSE
"mv08w_full_ph_inventory_v1","mv08v","mv08r_ph:internal124:SRA779509_SRS3805260:20260805:sct_data_all_qc_fit_selected384:exact500:gene_topology_v1",56596,"46f961c2e02f600d8787b0f19e4a8a36ab1c534bdf1aab65798c281a652c6501",TRUE,TRUE,"closed",FALSE
"mv08w_full_ph_inventory_v1","mv08v","mv08r_ph:internal124:SRA779509_SRS3805260:20260806:sct_data_all_qc_fit_selected384:exact500:gene_topology_v1",57784,"ab821b545a4063f9b0d941908be4b48e64ae96480797404f3b07ae2ee341fd70",TRUE,TRUE,"closed",FALSE
"mv08w_full_ph_inventory_v1","mv08v","mv08r_ph:internal124:SRA779509_SRS3805260:20260807:sct_data_all_qc_fit_selected384:exact500:gene_topology_v1",57100,"fce997a49fa14109ba2562cd26a61f64eda6bb0e080d2b9e354eef5db25cabbe",TRUE,TRUE,"closed",FALSE
"mv08w_full_ph_inventory_v1","mv08v","mv08r_ph:internal124:SRA779509_SRS3805260:20260808:sct_data_all_qc_fit_selected384:exact500:gene_topology_v1",58000,"8102f2ca98cfcde156e1b6a17f075865d45fcfa63953ba005fefe274d6bc5e6c",TRUE,TRUE,"closed",FALSE
"mv08w_full_ph_inventory_v1","mv08v","mv08r_ph:internal124:SRA779509_SRS3805260:20260809:sct_data_all_qc_fit_selected384:exact500:gene_topology_v1",60916,"1569d303a8b22885688dfa0cc3a769c8cbf57782fe284ea0214ae0b9b663f311",TRUE,TRUE,"closed",FALSE
"mv08w_full_ph_inventory_v1","mv08v","mv08r_ph:internal124:SRA779509_SRS3805261:20260805:sct_data_all_qc_fit_selected384:exact500:gene_topology_v1",52708,"8c742a27c864a7e1c8256ad65f58dacd8fa33e6a60ed1e49f4abbb996246dc52",TRUE,TRUE,"closed",FALSE
"mv08w_full_ph_inventory_v1","mv08v","mv08r_ph:internal124:SRA779509_SRS3805261:20260806:sct_data_all_qc_fit_selected384:exact500:gene_topology_v1",49432,"edb3acdd03daae08a6d10a0e5865d3cdbf965db6a7c919832b77b46ab615def0",TRUE,TRUE,"closed",FALSE
"mv08w_full_ph_inventory_v1","mv08v","mv08r_ph:internal124:SRA779509_SRS3805261:20260807:sct_data_all_qc_fit_selected384:exact500:gene_topology_v1",48388,"97c47ccd18716b7de16682fa9df69ed29a0561bc119e2f1861363eda56f652be",TRUE,TRUE,"closed",FALSE
"mv08w_full_ph_inventory_v1","mv08v","mv08r_ph:internal124:SRA779509_SRS3805261:20260808:sct_data_all_qc_fit_selected384:exact500:gene_topology_v1",52060,"36d690f46b0071d5c51983b64302e1a41cdbd89513d4177da498114cc8bf062c",TRUE,TRUE,"closed",FALSE
"mv08w_full_ph_inventory_v1","mv08v","mv08r_ph:internal124:SRA779509_SRS3805261:20260809:sct_data_all_qc_fit_selected384:exact500:gene_topology_v1",51520,"59b3401d40b0bec1554b09e164d271fa150db4a5dd37dd8faa0614863ad27297",TRUE,TRUE,"closed",FALSE
"mv08w_full_ph_inventory_v1","mv08v","mv08r_ph:internal124:SRA779509_SRS3805262:20260805:sct_data_all_qc_fit_selected384:exact500:gene_topology_v1",31780,"8eb59f6a47d2f37e36cb5787d1c17f18244bbfab0e17255382a7ccf1b6d484fe",TRUE,TRUE,"closed",FALSE
"mv08w_full_ph_inventory_v1","mv08v","mv08r_ph:internal124:SRA779509_SRS3805262:20260806:sct_data_all_qc_fit_selected384:exact500:gene_topology_v1",29190,"c0e79b11d4b7474120f22c3371f7a6db93f83e0795225a951671ffbd35304100",TRUE,TRUE,"closed",FALSE
"mv08w_full_ph_inventory_v1","mv08v","mv08r_ph:internal124:SRA779509_SRS3805262:20260807:sct_data_all_qc_fit_selected384:exact500:gene_topology_v1",29680,"9c5b1fe436f685beb2fb861a09801256fae2b7f1c0731a0fda4051e00de3cb19",TRUE,TRUE,"closed",FALSE
"mv08w_full_ph_inventory_v1","mv08v","mv08r_ph:internal124:SRA779509_SRS3805262:20260808:sct_data_all_qc_fit_selected384:exact500:gene_topology_v1",31535,"c278200ed29460a440807f1e71df248fa477d4eca32d130a40d9a36e1b681015",TRUE,TRUE,"closed",FALSE
"mv08w_full_ph_inventory_v1","mv08v","mv08r_ph:internal124:SRA779509_SRS3805262:20260809:sct_data_all_qc_fit_selected384:exact500:gene_topology_v1",33110,"4e148c95ff788efcc36dd17621b66a002af16c50c6fa8607b22428dbf129fb11",TRUE,TRUE,"closed",FALSE
"mv08w_full_ph_inventory_v1","mv08v","mv08r_ph:internal124:SRA779509_SRS3805263:20260805:sct_data_all_qc_fit_selected384:exact500:gene_topology_v1",55912,"8f18d1f7638e69bc15a6f4b92cfbdaf7192905675b3d21f7074cb2024249cede",TRUE,TRUE,"closed",FALSE
"mv08w_full_ph_inventory_v1","mv08v","mv08r_ph:internal124:SRA779509_SRS3805263:20260806:sct_data_all_qc_fit_selected384:exact500:gene_topology_v1",64804,"a3319642a4cb2e62fc9ab110d38b11a684fb99b47f1aa38d4140b8ad2ab4da6e",TRUE,TRUE,"closed",FALSE
"mv08w_full_ph_inventory_v1","mv08v","mv08r_ph:internal124:SRA779509_SRS3805263:20260807:sct_data_all_qc_fit_selected384:exact500:gene_topology_v1",67360,"816f3a20872fc9390cd70030eb5bd8a46fdba531f40e6a3f7aff012b2914413c",TRUE,TRUE,"closed",FALSE
"mv08w_full_ph_inventory_v1","mv08v","mv08r_ph:internal124:SRA779509_SRS3805263:20260808:sct_data_all_qc_fit_selected384:exact500:gene_topology_v1",67684,"2b33dff93732331fc2a389ccef35333dd31f7dc9dd93a5d12ef8db7580e7afaf",TRUE,TRUE,"closed",FALSE
"mv08w_full_ph_inventory_v1","mv08v","mv08r_ph:internal124:SRA779509_SRS3805263:20260809:sct_data_all_qc_fit_selected384:exact500:gene_topology_v1",64876,"e39515d7dd9427088997be06b2c73bb3ce4a09c5ed4683c39f7a906793863473",TRUE,TRUE,"closed",FALSE
"mv08w_full_ph_inventory_v1","mv08v","mv08r_ph:internal124:SRA779509_SRS3805264:20260805:sct_data_all_qc_fit_selected384:exact500:gene_topology_v1",74920,"c3fac0932b130bad973753bdf818f125d17937fb14f0aa22107d975315bea092",TRUE,TRUE,"closed",FALSE
"mv08w_full_ph_inventory_v1","mv08v","mv08r_ph:internal124:SRA779509_SRS3805264:20260806:sct_data_all_qc_fit_selected384:exact500:gene_topology_v1",82408,"f2f8d2aa033309f4fa13c421469ac96e48c82af49b3c144cb1809d23c89dcbe4",TRUE,TRUE,"closed",FALSE
"mv08w_full_ph_inventory_v1","mv08v","mv08r_ph:internal124:SRA779509_SRS3805264:20260807:sct_data_all_qc_fit_selected384:exact500:gene_topology_v1",75136,"0bff29c2c33c9e15cc96fc05d26564c8f630630f91c632f2db34d24a7ffc0da6",TRUE,TRUE,"closed",FALSE
"mv08w_full_ph_inventory_v1","mv08v","mv08r_ph:internal124:SRA779509_SRS3805264:20260808:sct_data_all_qc_fit_selected384:exact500:gene_topology_v1",72868,"5809e5a32d7512162272d27d2a6e567117f8298ae652e39fd8c22d09e7ed6f20",TRUE,TRUE,"closed",FALSE
"mv08w_full_ph_inventory_v1","mv08v","mv08r_ph:internal124:SRA779509_SRS3805264:20260809:sct_data_all_qc_fit_selected384:exact500:gene_topology_v1",81760,"225266ab2bf890a77b1dd645f360be7f0dd5c33926fbd5c2582ba631adcce253",TRUE,TRUE,"closed",FALSE
"mv08w_full_ph_inventory_v1","mv08v","mv08r_ph:internal124:SRA779509_SRS3805265:20260805:sct_data_all_qc_fit_selected384:exact500:gene_topology_v1",82444,"673d52887e9fd2e99b818e29d699669040ad7552dcfb819bbcca90152e823fee",TRUE,TRUE,"closed",FALSE
"mv08w_full_ph_inventory_v1","mv08v","mv08r_ph:internal124:SRA779509_SRS3805265:20260806:sct_data_all_qc_fit_selected384:exact500:gene_topology_v1",87772,"a36934f3f40500545c9392326c134e4740b492f8f63a618b9a3533bc8e36971d",TRUE,TRUE,"closed",FALSE
"mv08w_full_ph_inventory_v1","mv08v","mv08r_ph:internal124:SRA779509_SRS3805265:20260807:sct_data_all_qc_fit_selected384:exact500:gene_topology_v1",83848,"af7fa7747e1f49a039a475d14af1455748e2e22a792022a6cc3e30a7fae85d76",TRUE,TRUE,"closed",FALSE
"mv08w_full_ph_inventory_v1","mv08v","mv08r_ph:internal124:SRA779509_SRS3805265:20260808:sct_data_all_qc_fit_selected384:exact500:gene_topology_v1",88816,"f3ea2a5127a1274c5a28daacf5e5eee84ce3389b3df6081da83c1c6d9a1f2ea9",TRUE,TRUE,"closed",FALSE
"mv08w_full_ph_inventory_v1","mv08v","mv08r_ph:internal124:SRA779509_SRS3805265:20260809:sct_data_all_qc_fit_selected384:exact500:gene_topology_v1",88456,"a4e19aa61005d2997bfa3d325c90d8de8f1459cd67a113aaa036e0f54cc2bfc1",TRUE,TRUE,"closed",FALSE
"mv08w_full_ph_inventory_v1","mv08v","mv08r_ph:internal124:SRA779509_SRS3805266:20260805:sct_data_all_qc_fit_selected384:exact500:gene_topology_v1",48280,"2cbec6d1522d0b9cfbb91adf33123a58df660dda73dfd0d0681a041929f0db09",TRUE,TRUE,"closed",FALSE
"mv08w_full_ph_inventory_v1","mv08v","mv08r_ph:internal124:SRA779509_SRS3805266:20260806:sct_data_all_qc_fit_selected384:exact500:gene_topology_v1",55264,"bee8da643a91033833a7eb536527c1acd79a1626145d247701ab4611ad4b09b5",TRUE,TRUE,"closed",FALSE
"mv08w_full_ph_inventory_v1","mv08v","mv08r_ph:internal124:SRA779509_SRS3805266:20260807:sct_data_all_qc_fit_selected384:exact500:gene_topology_v1",46588,"c152bb79fac1a122cf39a54998940f72e2790f1cf2cfa5a0d817fce8990e5170",TRUE,TRUE,"closed",FALSE
"mv08w_full_ph_inventory_v1","mv08v","mv08r_ph:internal124:SRA779509_SRS3805266:20260808:sct_data_all_qc_fit_selected384:exact500:gene_topology_v1",51556,"aa76cd76d819431c7dc231cc6de42c824f9aa89b62429d39ee01f3fde33d2f2f",TRUE,TRUE,"closed",FALSE
"mv08w_full_ph_inventory_v1","mv08v","mv08r_ph:internal124:SRA779509_SRS3805266:20260809:sct_data_all_qc_fit_selected384:exact500:gene_topology_v1",50692,"b2758e904bae798ad82b577ca338948707e75fa2b21c9f155e6e7c006b05d80d",TRUE,TRUE,"closed",FALSE
"mv08w_full_ph_inventory_v1","mv08v","mv08r_ph:internal124:SRA779509_SRS3805267:20260805:sct_data_all_qc_fit_selected384:exact500:gene_topology_v1",64336,"da8c03751fff7b5ce2c5eca2759a683ad46a8adae0dd997455ba50f09fae3f8c",TRUE,TRUE,"closed",FALSE
"mv08w_full_ph_inventory_v1","mv08v","mv08r_ph:internal124:SRA779509_SRS3805267:20260806:sct_data_all_qc_fit_selected384:exact500:gene_topology_v1",58828,"54cb86dec75a3baab6f9b72b3853e65dcc7ff430ece06541692c82a24fda87e3",TRUE,TRUE,"closed",FALSE
"mv08w_full_ph_inventory_v1","mv08v","mv08r_ph:internal124:SRA779509_SRS3805267:20260807:sct_data_all_qc_fit_selected384:exact500:gene_topology_v1",60520,"9049f6dff49673d924430580b561e38cdeb8e6f5a665d619bbd1ef91ed834d6a",TRUE,TRUE,"closed",FALSE
"mv08w_full_ph_inventory_v1","mv08v","mv08r_ph:internal124:SRA779509_SRS3805267:20260808:sct_data_all_qc_fit_selected384:exact500:gene_topology_v1",56128,"4fd8d5dbf79346bf3377a10453fca2086073e688f9f89eae59f0bb3d1b3e4125",TRUE,TRUE,"closed",FALSE
"mv08w_full_ph_inventory_v1","mv08v","mv08r_ph:internal124:SRA779509_SRS3805267:20260809:sct_data_all_qc_fit_selected384:exact500:gene_topology_v1",54256,"22086a7efda03ff45230d7cef6b52eb701f57a69dedf5576267e67c8fc375fb7",TRUE,TRUE,"closed",FALSE
"mv08w_full_ph_inventory_v1","mv08v","mv08r_ph:internal124:SRA779509_SRS3805268:20260805:sct_data_all_qc_fit_selected384:exact500:gene_topology_v1",51772,"354d6149d8536b6a187dacb4cc1781f25d85d81d65b9654b0717b13b834328c8",TRUE,TRUE,"closed",FALSE
"mv08w_full_ph_inventory_v1","mv08v","mv08r_ph:internal124:SRA779509_SRS3805268:20260806:sct_data_all_qc_fit_selected384:exact500:gene_topology_v1",46552,"155b48f82643a6804a540a2d205fa81e623c633ffb794edcebdb38bdd80748d6",TRUE,TRUE,"closed",FALSE
"mv08w_full_ph_inventory_v1","mv08v","mv08r_ph:internal124:SRA779509_SRS3805268:20260807:sct_data_all_qc_fit_selected384:exact500:gene_topology_v1",50620,"584e6e2db093bfabf07c997985869262d1a59280e53c1c693409a906444145ff",TRUE,TRUE,"closed",FALSE
"mv08w_full_ph_inventory_v1","mv08v","mv08r_ph:internal124:SRA779509_SRS3805268:20260808:sct_data_all_qc_fit_selected384:exact500:gene_topology_v1",52312,"dace51dc6ba91a4d57c19cc1c5fbf6039c375d1bd6cbc91378abf0aa04f00e3c",TRUE,TRUE,"closed",FALSE
"mv08w_full_ph_inventory_v1","mv08v","mv08r_ph:internal124:SRA779509_SRS3805268:20260809:sct_data_all_qc_fit_selected384:exact500:gene_topology_v1",52492,"923ab97f7160cd35c8f14a66f439f150d4691a6e04f39f9e02c4e98beb2565b9",TRUE,TRUE,"closed",FALSE
"mv08w_full_ph_inventory_v1","mv08v","mv08r_ph:internal124:SRA779509_SRS3805269:20260805:sct_data_all_qc_fit_selected384:exact500:gene_topology_v1",63220,"aeb4082d3d81ec53b29758ba2bbf32f6c994186149826350305afa2775a6f52f",TRUE,TRUE,"closed",FALSE
"mv08w_full_ph_inventory_v1","mv08v","mv08r_ph:internal124:SRA779509_SRS3805269:20260806:sct_data_all_qc_fit_selected384:exact500:gene_topology_v1",72112,"ee44eedefd44a78ffbe73c05f0fbe8dbbcd0f24ea6cfd7dd4cd3c2877be7f85b",TRUE,TRUE,"closed",FALSE
"mv08w_full_ph_inventory_v1","mv08v","mv08r_ph:internal124:SRA779509_SRS3805269:20260807:sct_data_all_qc_fit_selected384:exact500:gene_topology_v1",65812,"2bde6cc9d9e30af37956c54f880ab58fc9809f00cb8d5263f4a363a085d338e1",TRUE,TRUE,"closed",FALSE
"mv08w_full_ph_inventory_v1","mv08v","mv08r_ph:internal124:SRA779509_SRS3805269:20260808:sct_data_all_qc_fit_selected384:exact500:gene_topology_v1",74416,"7528e85f0d91683c512bfc82961e2bdff1c00f6b57cf6c618d0576b25d1f4c55",TRUE,TRUE,"closed",FALSE
"mv08w_full_ph_inventory_v1","mv08v","mv08r_ph:internal124:SRA779509_SRS3805269:20260809:sct_data_all_qc_fit_selected384:exact500:gene_topology_v1",64156,"f389925dfe0699d6c6a2dbb9858199be2d85e8a46235a281289649932e80fcba",TRUE,TRUE,"closed",FALSE
"mv08w_full_ph_inventory_v1","mv08v","mv08r_ph:internal124:SRA784242_SRS3822680:20260805:sct_data_all_qc_fit_selected384:exact500:gene_topology_v1",61996,"329e6619a3cb9617774682cb5b32faed06f424e6a7c46e3b89f49e73b873c42e",TRUE,TRUE,"closed",FALSE
"mv08w_full_ph_inventory_v1","mv08v","mv08r_ph:internal124:SRA784242_SRS3822680:20260806:sct_data_all_qc_fit_selected384:exact500:gene_topology_v1",64912,"384b43faa238af9b54e036cca0675803f176d32f571348887fbaccc2dab22b44",TRUE,TRUE,"closed",FALSE
"mv08w_full_ph_inventory_v1","mv08v","mv08r_ph:internal124:SRA784242_SRS3822680:20260807:sct_data_all_qc_fit_selected384:exact500:gene_topology_v1",64120,"8d51166795ef2559c9b133a767da5b5331469998bb7b592d2ccccf4919af34d7",TRUE,TRUE,"closed",FALSE
"mv08w_full_ph_inventory_v1","mv08v","mv08r_ph:internal124:SRA784242_SRS3822680:20260808:sct_data_all_qc_fit_selected384:exact500:gene_topology_v1",61924,"68b0e2055d9bdce5ef88db8edf0535113c8f5bf576ba30893fcae4d53b1a47bc",TRUE,TRUE,"closed",FALSE
"mv08w_full_ph_inventory_v1","mv08v","mv08r_ph:internal124:SRA784242_SRS3822680:20260809:sct_data_all_qc_fit_selected384:exact500:gene_topology_v1",61132,"28eb9667a74cdf22c86db5e5b3824433441cb79b4dc15edc761fe83f57f9eafb",TRUE,TRUE,"closed",FALSE
"mv08w_full_ph_inventory_v1","mv08v","mv08r_ph:internal124:SRA784242_SRS3822682:20260805:sct_data_all_qc_fit_selected384:exact500:gene_topology_v1",59224,"bade27b565a8c20a4eb271c7bc0a32d3d2928b21644e23e21622c9f41447d38a",TRUE,TRUE,"closed",FALSE
"mv08w_full_ph_inventory_v1","mv08v","mv08r_ph:internal124:SRA784242_SRS3822682:20260806:sct_data_all_qc_fit_selected384:exact500:gene_topology_v1",58468,"626af97162edecae91563212c15beaaf835e8d57fecb089a228f7b032fd75d82",TRUE,TRUE,"closed",FALSE
"mv08w_full_ph_inventory_v1","mv08v","mv08r_ph:internal124:SRA784242_SRS3822682:20260807:sct_data_all_qc_fit_selected384:exact500:gene_topology_v1",60484,"106ecf9513d5c6253eeb1d7efa184d79b3a948d2bcbb41966d29c0d1423d197a",TRUE,TRUE,"closed",FALSE
"mv08w_full_ph_inventory_v1","mv08v","mv08r_ph:internal124:SRA784242_SRS3822682:20260808:sct_data_all_qc_fit_selected384:exact500:gene_topology_v1",58036,"d8b28b4d9375e1f89fd93e94fca3e93d4f10ee99a6b56935b3b5db802fabebed",TRUE,TRUE,"closed",FALSE
"mv08w_full_ph_inventory_v1","mv08v","mv08r_ph:internal124:SRA784242_SRS3822682:20260809:sct_data_all_qc_fit_selected384:exact500:gene_topology_v1",58144,"8e2bec35c85d9d1d5c13c7ace84c8cb4cf14257aec332b3b87ad2ac8dfe7ce19",TRUE,TRUE,"closed",FALSE
"mv08w_full_ph_inventory_v1","mv08v","mv08r_ph:internal124:SRA784242_SRS3822683:20260805:sct_data_all_qc_fit_selected384:exact500:gene_topology_v1",68872,"ccbc53f709e3ec34c15365888a986d61914757f9c6eb09d78be336cabcd4cbbf",TRUE,TRUE,"closed",FALSE
"mv08w_full_ph_inventory_v1","mv08v","mv08r_ph:internal124:SRA784242_SRS3822683:20260806:sct_data_all_qc_fit_selected384:exact500:gene_topology_v1",67144,"a37c8c9cbfccbebd57034a47532123daa4d46915cc63dc3cc7faef4d94bd89ea",TRUE,TRUE,"closed",FALSE
"mv08w_full_ph_inventory_v1","mv08v","mv08r_ph:internal124:SRA784242_SRS3822683:20260807:sct_data_all_qc_fit_selected384:exact500:gene_topology_v1",66100,"b073cc4321108e60b9303714e1d7630c4ef6a886e488a3591d051d3f1bd282eb",TRUE,TRUE,"closed",FALSE
"mv08w_full_ph_inventory_v1","mv08v","mv08r_ph:internal124:SRA784242_SRS3822683:20260808:sct_data_all_qc_fit_selected384:exact500:gene_topology_v1",66532,"40d8e52b2d61b4297f7898428af408c49c4553cc1a3b39397796fb1b2e39e9aa",TRUE,TRUE,"closed",FALSE
"mv08w_full_ph_inventory_v1","mv08v","mv08r_ph:internal124:SRA784242_SRS3822683:20260809:sct_data_all_qc_fit_selected384:exact500:gene_topology_v1",65524,"e676cbd0cedba431f3b5f13a6321f30728c9635e3dcb422c3385895823d0ab7b",TRUE,TRUE,"closed",FALSE
"mv08w_full_ph_inventory_v1","mv08v","mv08r_ph:internal124:SRA784242_SRS3822686:20260805:sct_data_all_qc_fit_selected384:exact500:gene_topology_v1",64948,"6750db2266bc3f9d999736bd73f66ab0f88dc222e5c74ba537b7f3078dee5b20",TRUE,TRUE,"closed",FALSE
"mv08w_full_ph_inventory_v1","mv08v","mv08r_ph:internal124:SRA784242_SRS3822686:20260806:sct_data_all_qc_fit_selected384:exact500:gene_topology_v1",67396,"9859d77ca9799a09d3c3c38546088882cf489b9b2144405c5e1ba292c6bfc8d8",TRUE,TRUE,"closed",FALSE
"mv08w_full_ph_inventory_v1","mv08v","mv08r_ph:internal124:SRA784242_SRS3822686:20260807:sct_data_all_qc_fit_selected384:exact500:gene_topology_v1",65020,"47375685bd018f6bc9e741e192422a503c32ad0fa8408ef9c8747ca3ae65107c",TRUE,TRUE,"closed",FALSE
"mv08w_full_ph_inventory_v1","mv08v","mv08r_ph:internal124:SRA784242_SRS3822686:20260808:sct_data_all_qc_fit_selected384:exact500:gene_topology_v1",67936,"a8a0af0e01f4a5f8ad234f67104feb20fdc285859e7bbf2dfe7c99fe097b5be4",TRUE,TRUE,"closed",FALSE
"mv08w_full_ph_inventory_v1","mv08v","mv08r_ph:internal124:SRA784242_SRS3822686:20260809:sct_data_all_qc_fit_selected384:exact500:gene_topology_v1",64192,"b75f3373b63cd0ea5739425bff5d6574d563cb44291a46197a785cef94d83170",TRUE,TRUE,"closed",FALSE
"mv08w_full_ph_inventory_v1","mv08v","mv08r_ph:internal124:SRA826293_SRS4181123:20260805:sct_data_all_qc_fit_selected384:exact500:gene_topology_v1",91840,"404b38f505d64b3d79d5e404fd303fc44178910a14698b0eab99bb6840607d39",TRUE,TRUE,"closed",FALSE
"mv08w_full_ph_inventory_v1","mv08v","mv08r_ph:internal124:SRA826293_SRS4181123:20260806:sct_data_all_qc_fit_selected384:exact500:gene_topology_v1",92164,"2ab3cfa555b3459cfad8a3c25fa6e0fe0c0796f940add3f295855469a7dda231",TRUE,TRUE,"closed",FALSE
"mv08w_full_ph_inventory_v1","mv08v","mv08r_ph:internal124:SRA826293_SRS4181123:20260807:sct_data_all_qc_fit_selected384:exact500:gene_topology_v1",91156,"7317a8324917ae6b8b1c9e20062043cd9b846639e3fbb8628d96cc46984904b0",TRUE,TRUE,"closed",FALSE
"mv08w_full_ph_inventory_v1","mv08v","mv08r_ph:internal124:SRA826293_SRS4181123:20260808:sct_data_all_qc_fit_selected384:exact500:gene_topology_v1",93820,"7efa6b989f4f7a47b1c571df62c785d4dc3fefa29be12faa66cd0b2953af9237",TRUE,TRUE,"closed",FALSE
"mv08w_full_ph_inventory_v1","mv08v","mv08r_ph:internal124:SRA826293_SRS4181123:20260809:sct_data_all_qc_fit_selected384:exact500:gene_topology_v1",94792,"c1e55978807fff8807803bb4d94dec19e78b961bdd72ddcbf38b406d3d1c3f09",TRUE,TRUE,"closed",FALSE
"mv08w_full_ph_inventory_v1","mv08v","mv08r_ph:internal124:SRA826293_SRS4181124:20260805:sct_data_all_qc_fit_selected384:exact500:gene_topology_v1",85360,"1e2dbcdb27c1810b1c31735d15d5c870d37fd5f8baf2a674a6389908ff797b65",TRUE,TRUE,"closed",FALSE
"mv08w_full_ph_inventory_v1","mv08v","mv08r_ph:internal124:SRA826293_SRS4181124:20260806:sct_data_all_qc_fit_selected384:exact500:gene_topology_v1",88240,"bab736aa21e07d230488e94bbcb89413e802b523fdf6af80533f1eb7ee3eee62",TRUE,TRUE,"closed",FALSE
"mv08w_full_ph_inventory_v1","mv08v","mv08r_ph:internal124:SRA826293_SRS4181124:20260807:sct_data_all_qc_fit_selected384:exact500:gene_topology_v1",88276,"b96309a9cfe3ff83c03cddba762c37aee7469e554d779e71791d4e05707cbd66",TRUE,TRUE,"closed",FALSE
"mv08w_full_ph_inventory_v1","mv08v","mv08r_ph:internal124:SRA826293_SRS4181124:20260808:sct_data_all_qc_fit_selected384:exact500:gene_topology_v1",88240,"9b3bff458bf25096ac41f0cbafaaf57219e4651027204879a97622eba55f0778",TRUE,TRUE,"closed",FALSE
"mv08w_full_ph_inventory_v1","mv08v","mv08r_ph:internal124:SRA826293_SRS4181124:20260809:sct_data_all_qc_fit_selected384:exact500:gene_topology_v1",89824,"19ee6ad36cae8f8d029b10158dfde7d2abfa1af2c1befba4172569882bc4520e",TRUE,TRUE,"closed",FALSE
"mv08w_full_ph_inventory_v1","mv08v","mv08r_ph:internal124:SRA826293_SRS4181125:20260805:sct_data_all_qc_fit_selected384:exact500:gene_topology_v1",113944,"564eba31e870cd60cd818a587089f5eb6771ff865529aed402c3319940711f0e",TRUE,TRUE,"closed",FALSE
"mv08w_full_ph_inventory_v1","mv08v","mv08r_ph:internal124:SRA826293_SRS4181125:20260806:sct_data_all_qc_fit_selected384:exact500:gene_topology_v1",112936,"b21d819827e39bb5bb43b3c35aa4c98a895ec07e6d3e14d57d64aa3023b8cb46",TRUE,TRUE,"closed",FALSE
"mv08w_full_ph_inventory_v1","mv08v","mv08r_ph:internal124:SRA826293_SRS4181125:20260807:sct_data_all_qc_fit_selected384:exact500:gene_topology_v1",109444,"5f701f9e3dff1c2732e675d679d1d99dd9e5dff087c2b9395e0618280afe0a8f",TRUE,TRUE,"closed",FALSE
"mv08w_full_ph_inventory_v1","mv08v","mv08r_ph:internal124:SRA826293_SRS4181125:20260808:sct_data_all_qc_fit_selected384:exact500:gene_topology_v1",111136,"fd8c48eb1761187f71779053999b7969902d7897e1057fd122033d37416a4a62",TRUE,TRUE,"closed",FALSE
"mv08w_full_ph_inventory_v1","mv08v","mv08r_ph:internal124:SRA826293_SRS4181125:20260809:sct_data_all_qc_fit_selected384:exact500:gene_topology_v1",113044,"0185b69ef8e3f964ba9df4b43c6855758100b56a05fa38df59d38b2bba2b40ff",TRUE,TRUE,"closed",FALSE
"mv08w_full_ph_inventory_v1","mv08v","mv08r_ph:internal124:SRA826293_SRS4181126:20260805:sct_data_all_qc_fit_selected384:exact500:gene_topology_v1",82804,"9bc52972ab3ae53a4717cb0c72cb0dea475725cec5340c6a7274a159bbbfd6a6",TRUE,TRUE,"closed",FALSE
"mv08w_full_ph_inventory_v1","mv08v","mv08r_ph:internal124:SRA826293_SRS4181126:20260806:sct_data_all_qc_fit_selected384:exact500:gene_topology_v1",86620,"831053c3e190a14be03d926d3202ff81ad58e5ba0d6060f543df3055befe6ec8",TRUE,TRUE,"closed",FALSE
"mv08w_full_ph_inventory_v1","mv08v","mv08r_ph:internal124:SRA826293_SRS4181126:20260807:sct_data_all_qc_fit_selected384:exact500:gene_topology_v1",86296,"0f03b5b34b57714919ec096cc2b72fbb51cc3643ccc9d3d90eda229681af346e",TRUE,TRUE,"closed",FALSE
"mv08w_full_ph_inventory_v1","mv08v","mv08r_ph:internal124:SRA826293_SRS4181126:20260808:sct_data_all_qc_fit_selected384:exact500:gene_topology_v1",85396,"ae29c311b0a5d82e77e8d10bec408fd45564f29516d0db5fa66fc45f9bdae42f",TRUE,TRUE,"closed",FALSE
"mv08w_full_ph_inventory_v1","mv08v","mv08r_ph:internal124:SRA826293_SRS4181126:20260809:sct_data_all_qc_fit_selected384:exact500:gene_topology_v1",87088,"09c610fe60ea1941cf05d4f9f4a2b4ece85ab6f36f492b48f7ca6ed5a65d98ae",TRUE,TRUE,"closed",FALSE
"mv08w_full_ph_inventory_v1","mv08v","mv08r_ph:internal124:SRA826293_SRS4181127:20260805:sct_data_all_qc_fit_selected384:exact500:gene_topology_v1",45724,"e3cfddf51e898ece40ebf61ed693c4b57d0c5292cf783c898ff84cc8b2707810",TRUE,TRUE,"closed",FALSE
"mv08w_full_ph_inventory_v1","mv08v","mv08r_ph:internal124:SRA826293_SRS4181127:20260806:sct_data_all_qc_fit_selected384:exact500:gene_topology_v1",45580,"0bd3e4eab9b17da35fe4147d571cb441ed6cac752dd35479c09573738a2b5d11",TRUE,TRUE,"closed",FALSE
"mv08w_full_ph_inventory_v1","mv08v","mv08r_ph:internal124:SRA826293_SRS4181127:20260807:sct_data_all_qc_fit_selected384:exact500:gene_topology_v1",41476,"1d2b6a6c5f5a1bed4560c6f58bee985c5a64841d3c9a34022d8a7abcf14c4fe8",TRUE,TRUE,"closed",FALSE
"mv08w_full_ph_inventory_v1","mv08v","mv08r_ph:internal124:SRA826293_SRS4181127:20260808:sct_data_all_qc_fit_selected384:exact500:gene_topology_v1",43420,"48ad8fc7eec3e6f7e09a28ac644756ffc0f787e4601e511e7d1a213a9d62e0b8",TRUE,TRUE,"closed",FALSE
"mv08w_full_ph_inventory_v1","mv08v","mv08r_ph:internal124:SRA826293_SRS4181127:20260809:sct_data_all_qc_fit_selected384:exact500:gene_topology_v1",45040,"3a96e23e0699014cd5c8d25757659f12748b2701f68c2be91be2300dbe3fc82c",TRUE,TRUE,"closed",FALSE
"mv08w_full_ph_inventory_v1","mv08v","mv08r_ph:internal124:SRA826293_SRS4181128:20260805:sct_data_all_qc_fit_selected384:exact500:gene_topology_v1",35980,"02f16ca80a40bd28a4594c345d456f72d30450b61a98f2e68879e50a2ac0a554",TRUE,TRUE,"closed",FALSE
"mv08w_full_ph_inventory_v1","mv08v","mv08r_ph:internal124:SRA826293_SRS4181128:20260806:sct_data_all_qc_fit_selected384:exact500:gene_topology_v1",37135,"fc09cd1905d0ce0a37558da28b9993900797237de5f53f9b7d7b794cc8033ff7",TRUE,TRUE,"closed",FALSE
"mv08w_full_ph_inventory_v1","mv08v","mv08r_ph:internal124:SRA826293_SRS4181128:20260807:sct_data_all_qc_fit_selected384:exact500:gene_topology_v1",35595,"7ed78f99454553c3df4b231b2b5c4052263aab2b6fe9ad922d2a025df516bf27",TRUE,TRUE,"closed",FALSE
"mv08w_full_ph_inventory_v1","mv08v","mv08r_ph:internal124:SRA826293_SRS4181128:20260808:sct_data_all_qc_fit_selected384:exact500:gene_topology_v1",38290,"57443e69c4b78e5fd7e625900a7b57edaac526bd4b378d8767c87feeb0a1f118",TRUE,TRUE,"closed",FALSE
"mv08w_full_ph_inventory_v1","mv08v","mv08r_ph:internal124:SRA826293_SRS4181128:20260809:sct_data_all_qc_fit_selected384:exact500:gene_topology_v1",37345,"eb26edb7ef5a2298fb5a6f0359c2fb439528670a5047c8c28e81e5b4da34e980",TRUE,TRUE,"closed",FALSE
"mv08w_full_ph_inventory_v1","mv08v","mv08r_ph:internal124:SRA826293_SRS4181129:20260805:sct_data_all_qc_fit_selected384:exact500:gene_topology_v1",63616,"36efa2ef5003f1f47d7c2b75bc8ed058eb3f54f8d9249544e5bd2ed4174f5306",TRUE,TRUE,"closed",FALSE
"mv08w_full_ph_inventory_v1","mv08v","mv08r_ph:internal124:SRA826293_SRS4181129:20260806:sct_data_all_qc_fit_selected384:exact500:gene_topology_v1",59440,"8a73005e486492613dd6a924f378d61a60cadc1456d3926f205611253896edcc",TRUE,TRUE,"closed",FALSE
"mv08w_full_ph_inventory_v1","mv08v","mv08r_ph:internal124:SRA826293_SRS4181129:20260807:sct_data_all_qc_fit_selected384:exact500:gene_topology_v1",67468,"6f0744d9ff67c66502f80f9cb466aacfdeff817d0e8138406d5ea23bcc9cf8da",TRUE,TRUE,"closed",FALSE
"mv08w_full_ph_inventory_v1","mv08v","mv08r_ph:internal124:SRA826293_SRS4181129:20260808:sct_data_all_qc_fit_selected384:exact500:gene_topology_v1",68584,"163c2539e9a9fc99e1996538b3ef74109c40c8a85ba9a5aa8257f9ede3e50374",TRUE,TRUE,"closed",FALSE
"mv08w_full_ph_inventory_v1","mv08v","mv08r_ph:internal124:SRA826293_SRS4181129:20260809:sct_data_all_qc_fit_selected384:exact500:gene_topology_v1",63436,"ec6851bdf12b9fda97312c2248399ee40505f361ac4f3b04e934ac4930af62c6",TRUE,TRUE,"closed",FALSE
"mv08w_full_ph_inventory_v1","mv08v","mv08r_ph:internal124:SRA826293_SRS4181130:20260805:sct_data_all_qc_fit_selected384:exact500:gene_topology_v1",42880,"edf7387d5bb38a5bafdda849a687c3800647e7e9bd27883bdc44c1696bcccb34",TRUE,TRUE,"closed",FALSE
"mv08w_full_ph_inventory_v1","mv08v","mv08r_ph:internal124:SRA826293_SRS4181130:20260806:sct_data_all_qc_fit_selected384:exact500:gene_topology_v1",39244,"0e861f0ab690f65daf8b44b755b273a351e1acbae917c78a6f12459f872fc524",TRUE,TRUE,"closed",FALSE
"mv08w_full_ph_inventory_v1","mv08v","mv08r_ph:internal124:SRA826293_SRS4181130:20260807:sct_data_all_qc_fit_selected384:exact500:gene_topology_v1",39712,"ed1be1b128f6517133112dfde1d6d3acf6ed741c31f9857f6ce2015f3763201d",TRUE,TRUE,"closed",FALSE
"mv08w_full_ph_inventory_v1","mv08v","mv08r_ph:internal124:SRA826293_SRS4181130:20260808:sct_data_all_qc_fit_selected384:exact500:gene_topology_v1",42520,"362f217b19b764bf94f59a5da9247e067fddb20c3de95b69be8e8290be1fdd18",TRUE,TRUE,"closed",FALSE
"mv08w_full_ph_inventory_v1","mv08v","mv08r_ph:internal124:SRA826293_SRS4181130:20260809:sct_data_all_qc_fit_selected384:exact500:gene_topology_v1",40900,"749b4660fa26a1e55cbd2e6264693170e8984c8d8640475e4ba94d245767020f",TRUE,TRUE,"closed",FALSE
"mv08w_full_ph_inventory_v1","mv08v","mv08r_ph:internal124:SRA850958_SRS4386101:20260805:sct_data_all_qc_fit_selected384:exact500:gene_topology_v1",115204,"9c7bbcd1bdb859ff4c9a93dd9bac3a17d52f704baf24b56feb8c614ca934ba29",TRUE,TRUE,"closed",FALSE
"mv08w_full_ph_inventory_v1","mv08v","mv08r_ph:internal124:SRA850958_SRS4386101:20260806:sct_data_all_qc_fit_selected384:exact500:gene_topology_v1",114196,"315d62c190e7bf4cd14a4a8c06dea41154683d0a7259dfee6509724846c8ec94",TRUE,TRUE,"closed",FALSE
"mv08w_full_ph_inventory_v1","mv08v","mv08r_ph:internal124:SRA850958_SRS4386101:20260807:sct_data_all_qc_fit_selected384:exact500:gene_topology_v1",116356,"1c36738fb6a570622f01662ef1cd874bedc3d91af0da086c5183cf334bde6814",TRUE,TRUE,"closed",FALSE
"mv08w_full_ph_inventory_v1","mv08v","mv08r_ph:internal124:SRA850958_SRS4386101:20260808:sct_data_all_qc_fit_selected384:exact500:gene_topology_v1",117220,"82544534638329859bee5aec7fd5d5561835e5caaabedd2d26f4af915fb76f4a",TRUE,TRUE,"closed",FALSE
"mv08w_full_ph_inventory_v1","mv08v","mv08r_ph:internal124:SRA850958_SRS4386101:20260809:sct_data_all_qc_fit_selected384:exact500:gene_topology_v1",115456,"14c4ec3e38845df2c683fddd9bb020d4d8abeeb0d772bd7e3492479dd137933e",TRUE,TRUE,"closed",FALSE
"mv08w_full_ph_inventory_v1","mv08v","mv08r_ph:internal124:SRA850958_SRS4386109:20260805:sct_data_all_qc_fit_selected384:exact500:gene_topology_v1",71716,"fb90e21b9969213d7d7cec87bbdc1d2fbbb8a77bc6c677060ab2b16770a8a869",TRUE,TRUE,"closed",FALSE
"mv08w_full_ph_inventory_v1","mv08v","mv08r_ph:internal124:SRA850958_SRS4386109:20260806:sct_data_all_qc_fit_selected384:exact500:gene_topology_v1",70348,"d4dd84a2216d04d188b5e05680c120c5705f48f6fdd97c2dc921504074358a9a",TRUE,TRUE,"closed",FALSE
"mv08w_full_ph_inventory_v1","mv08v","mv08r_ph:internal124:SRA850958_SRS4386109:20260807:sct_data_all_qc_fit_selected384:exact500:gene_topology_v1",72868,"e55bba22d028e59b489a080c6e078ba6cddcff84d7feeeddea4b53971673262b",TRUE,TRUE,"closed",FALSE
"mv08w_full_ph_inventory_v1","mv08v","mv08r_ph:internal124:SRA850958_SRS4386109:20260808:sct_data_all_qc_fit_selected384:exact500:gene_topology_v1",74524,"79173163e733de8b3eb49b017579a46f8e8497032f9fb005fa8d4707351a11d0",TRUE,TRUE,"closed",FALSE
"mv08w_full_ph_inventory_v1","mv08v","mv08r_ph:internal124:SRA850958_SRS4386109:20260809:sct_data_all_qc_fit_selected384:exact500:gene_topology_v1",71680,"1705c81730d995568168c4271945ceda3cd3836a1bf692f96118c744819760ac",TRUE,TRUE,"closed",FALSE
"mv08w_full_ph_inventory_v1","mv08v","mv08r_ph:internal124:SRA850958_SRS4386110:20260805:sct_data_all_qc_fit_selected384:exact500:gene_topology_v1",77152,"6dd1c810c4247cb2de7b6e4e3f3206e8ad969a2dc8b7db4abb4e8eee5c5d7e4d",TRUE,TRUE,"closed",FALSE
"mv08w_full_ph_inventory_v1","mv08v","mv08r_ph:internal124:SRA850958_SRS4386110:20260806:sct_data_all_qc_fit_selected384:exact500:gene_topology_v1",75172,"7d457696b601358b7b3b24b046630a626d7384fcfa6ee6466d17b3f988f26c5e",TRUE,TRUE,"closed",FALSE
"mv08w_full_ph_inventory_v1","mv08v","mv08r_ph:internal124:SRA850958_SRS4386110:20260807:sct_data_all_qc_fit_selected384:exact500:gene_topology_v1",78340,"ffdbe0502bf9574decb52a5507a779d82e9181b8d9ff79f170cee96b8d24fd7d",TRUE,TRUE,"closed",FALSE
"mv08w_full_ph_inventory_v1","mv08v","mv08r_ph:internal124:SRA850958_SRS4386110:20260808:sct_data_all_qc_fit_selected384:exact500:gene_topology_v1",76540,"f1655a1661f6ef82b4db3f0b980134dfe088572ce963a94d747b3359ce61869b",TRUE,TRUE,"closed",FALSE
"mv08w_full_ph_inventory_v1","mv08v","mv08r_ph:internal124:SRA850958_SRS4386110:20260809:sct_data_all_qc_fit_selected384:exact500:gene_topology_v1",77044,"2de4ca50650793c8068305c5ca6f4ee80bcde5142c7cef1136865e9e22694aca",TRUE,TRUE,"closed",FALSE
"mv08w_full_ph_inventory_v1","mv08v","mv08r_ph:internal124:SRA850958_SRS4386111:20260805:sct_data_all_qc_fit_selected384:exact500:gene_topology_v1",87052,"c593839295984d0d390df2e273d14193ec77168cc6eb395a7a08ce4ea833686c",TRUE,TRUE,"closed",FALSE
"mv08w_full_ph_inventory_v1","mv08v","mv08r_ph:internal124:SRA850958_SRS4386111:20260806:sct_data_all_qc_fit_selected384:exact500:gene_topology_v1",92992,"ac772df3aeb9389ee0eee19c47101a0c123a79f752d32d2fa354ddb9ae13e59e",TRUE,TRUE,"closed",FALSE
"mv08w_full_ph_inventory_v1","mv08v","mv08r_ph:internal124:SRA850958_SRS4386111:20260807:sct_data_all_qc_fit_selected384:exact500:gene_topology_v1",93964,"62bb6f52d2202fab98128065e6a5182e01b92b9b2882143463974b2dd66a34d2",TRUE,TRUE,"closed",FALSE
"mv08w_full_ph_inventory_v1","mv08v","mv08r_ph:internal124:SRA850958_SRS4386111:20260808:sct_data_all_qc_fit_selected384:exact500:gene_topology_v1",90652,"94036c3bdb18e52dbc76275bc685edcbce9358ec23e1766ecbbcf08de0885fe4",TRUE,TRUE,"closed",FALSE
"mv08w_full_ph_inventory_v1","mv08v","mv08r_ph:internal124:SRA850958_SRS4386111:20260809:sct_data_all_qc_fit_selected384:exact500:gene_topology_v1",90112,"0b089a1344fdf9d4d78b7e713f19ddb042c1fe8ad7c4f1d6cd59b1a94505c95b",TRUE,TRUE,"closed",FALSE
"mv08w_full_ph_inventory_v1","mv08v","mv08r_ph:internal124:SRA850958_SRS4386112:20260805:sct_data_all_qc_fit_selected384:exact500:gene_topology_v1",95584,"8fdf775f6491db3f1c80af63664d4365bb732b63b3fd2e678bbab2c7c1ce7fca",TRUE,TRUE,"closed",FALSE
"mv08w_full_ph_inventory_v1","mv08v","mv08r_ph:internal124:SRA850958_SRS4386112:20260806:sct_data_all_qc_fit_selected384:exact500:gene_topology_v1",92308,"6525d39690c0ed2c5e9aa0f12720c4513d7f84cd1d357e1c28f5db479ba82c34",TRUE,TRUE,"closed",FALSE
"mv08w_full_ph_inventory_v1","mv08v","mv08r_ph:internal124:SRA850958_SRS4386112:20260807:sct_data_all_qc_fit_selected384:exact500:gene_topology_v1",95116,"8470dd814cedafca6c3db00b055223ba6b4726481011f80b3f2e34d3c3f1500e",TRUE,TRUE,"closed",FALSE
"mv08w_full_ph_inventory_v1","mv08v","mv08r_ph:internal124:SRA850958_SRS4386112:20260808:sct_data_all_qc_fit_selected384:exact500:gene_topology_v1",93352,"e729c2a805fa2d0a7ea6189c09b559a878b35c334ea45d9ba639753abd33a6e8",TRUE,TRUE,"closed",FALSE
"mv08w_full_ph_inventory_v1","mv08v","mv08r_ph:internal124:SRA850958_SRS4386112:20260809:sct_data_all_qc_fit_selected384:exact500:gene_topology_v1",98428,"835b599780c9917abc51cd12e507c9442bb360953abfe61e209c92d48f9a8b59",TRUE,TRUE,"closed",FALSE
"mv08w_full_ph_inventory_v1","mv08v","mv08r_ph:internal124:SRA850958_SRS4386113:20260805:sct_data_all_qc_fit_selected384:exact500:gene_topology_v1",90256,"f1dedede1d30ef2aebcfffe86392e07b01fd25930284faf8e33d3198b2c5dd8b",TRUE,TRUE,"closed",FALSE
"mv08w_full_ph_inventory_v1","mv08v","mv08r_ph:internal124:SRA850958_SRS4386113:20260806:sct_data_all_qc_fit_selected384:exact500:gene_topology_v1",89968,"3352ee71ddd1d18bf047e8ae6c74a6eb063647fdcfa557545f10dec8dd25d766",TRUE,TRUE,"closed",FALSE
"mv08w_full_ph_inventory_v1","mv08v","mv08r_ph:internal124:SRA850958_SRS4386113:20260807:sct_data_all_qc_fit_selected384:exact500:gene_topology_v1",85792,"c75dfb46de421edcf959e721714dbe740a6d432c32e92c4c6c0772148a4e40dd",TRUE,TRUE,"closed",FALSE
"mv08w_full_ph_inventory_v1","mv08v","mv08r_ph:internal124:SRA850958_SRS4386113:20260808:sct_data_all_qc_fit_selected384:exact500:gene_topology_v1",91372,"b366bf5178e3cbd3f93bbd571e7ab9d351a48cd823881d4d7560b6bf69300558",TRUE,TRUE,"closed",FALSE
"mv08w_full_ph_inventory_v1","mv08v","mv08r_ph:internal124:SRA850958_SRS4386113:20260809:sct_data_all_qc_fit_selected384:exact500:gene_topology_v1",87952,"00d9f4964313cafb44f31fd4a2f2470cc2c5053dd2ba0323841efe45464bfaf4",TRUE,TRUE,"closed",FALSE
